idx,y_true,pred_Nearest Centroid,pred_KNN (k=1),pred_KNN (k=3),pred_KNN (k=5),pred_Linear SVM,pred_RBF SVM,pred_Random Forest,pred_Faiss KNN (k=1),pred_Faiss KNN (k=3),pred_Faiss KNN (k=5),pred_Faiss Nearest Centroid,genus,family,ivc_score,ivc_category
0,Alouatta caraya,Amazona aestiva,Alouatta caraya,Alouatta caraya,Alouatta caraya,Alouatta caraya,Amazona aestiva,Amazona aestiva,Alouatta caraya,Alouatta caraya,Alouatta caraya,Amazona aestiva,Alouatta,Atelidae,3,Medio
1,Alouatta caraya,Alouatta caraya,Alouatta caraya,Alouatta caraya,Alouatta caraya,Alouatta caraya,Alouatta caraya,Alouatta caraya,Alouatta caraya,Alouatta caraya,Alouatta caraya,Alouatta caraya,Alouatta,Atelidae,3,Medio
2,Alouatta caraya,Alouatta caraya,Tamandua tetradactyla,Alouatta guariba clamitans,Alouatta caraya,Alouatta caraya,Alouatta caraya,Alouatta caraya,Tamandua tetradactyla,Tamandua tetradactyla,Tamandua tetradactyla,Alouatta caraya,Alouatta,Atelidae,3,Medio
3,Alouatta caraya,Alouatta caraya,Alouatta caraya,Alouatta caraya,Alouatta caraya,Alouatta caraya,Alouatta caraya,Alouatta caraya,Alouatta caraya,Alouatta caraya,Alouatta caraya,Alouatta caraya,Alouatta,Atelidae,3,Medio
4,Alouatta caraya,Alouatta caraya,Alouatta caraya,Alouatta caraya,Alouatta caraya,Alouatta caraya,Alouatta caraya,Alouatta caraya,Alouatta caraya,Alouatta caraya,Alouatta caraya,Alouatta caraya,Alouatta,Atelidae,3,Medio
5,Alouatta caraya,Sapajus nigritus,Alouatta caraya,Alouatta caraya,Alouatta caraya,Alouatta caraya,Sapajus nigritus,Alouatta caraya,Alouatta caraya,Alouatta caraya,Alouatta caraya,Sapajus nigritus,Alouatta,Atelidae,3,Medio
6,Alouatta caraya,Alouatta caraya,Alouatta caraya,Alouatta caraya,Alouatta caraya,Alouatta caraya,Alouatta caraya,Alouatta caraya,Alouatta caraya,Alouatta caraya,Alouatta caraya,Alouatta caraya,Alouatta,Atelidae,3,Medio
11,Alouatta caraya,Alouatta guariba clamitans,Alouatta guariba clamitans,Alouatta guariba clamitans,Alouatta guariba clamitans,Alouatta guariba clamitans,Alouatta guariba clamitans,Alouatta caraya,Alouatta guariba clamitans,Alouatta guariba clamitans,Alouatta guariba clamitans,Alouatta guariba clamitans,Alouatta,Atelidae,3,Medio
12,Alouatta caraya,Alouatta guariba,Alouatta guariba,Alouatta guariba,Alouatta guariba,Sapajus nigritus,Sapajus nigritus,Sapajus nigritus,Alouatta guariba,Alouatta guariba,Alouatta guariba,Alouatta guariba,Alouatta,Atelidae,3,Medio
13,Alouatta caraya,Alouatta caraya,Alouatta caraya,Alouatta caraya,Alouatta caraya,Alouatta caraya,Alouatta caraya,Alouatta caraya,Alouatta caraya,Alouatta caraya,Alouatta caraya,Alouatta caraya,Alouatta,Atelidae,3,Medio
14,Alouatta caraya,Amazona aestiva,Pipile jacutinga,Alouatta caraya,Alouatta caraya,Alouatta caraya,Alouatta caraya,Amazona aestiva,Pipile jacutinga,Pipile jacutinga,Pipile jacutinga,Amazona aestiva,Alouatta,Atelidae,3,Medio
15,Alouatta caraya,Alouatta caraya,Alouatta caraya,Alouatta caraya,Sapajus nigritus,Alouatta caraya,Alouatta caraya,Alouatta caraya,Alouatta caraya,Alouatta caraya,Alouatta caraya,Alouatta caraya,Alouatta,Atelidae,3,Medio
16,Alouatta caraya,Alouatta caraya,Alouatta caraya,Alouatta caraya,Alouatta caraya,Alouatta caraya,Alouatta caraya,Alouatta caraya,Alouatta caraya,Alouatta caraya,Alouatta caraya,Alouatta caraya,Alouatta,Atelidae,3,Medio
17,Alouatta caraya,Alouatta caraya,Sapajus nigritus,Sapajus nigritus,Sapajus nigritus,Alouatta caraya,Alouatta caraya,Sapajus nigritus,Sapajus nigritus,Sapajus nigritus,Sapajus nigritus,Alouatta caraya,Alouatta,Atelidae,3,Medio
18,Alouatta caraya,Alouatta guariba clamitans,Alouatta guariba clamitans,Alouatta guariba clamitans,Alouatta guariba clamitans,Alouatta guariba clamitans,Alouatta guariba clamitans,Alouatta caraya,Alouatta guariba clamitans,Alouatta guariba clamitans,Alouatta guariba clamitans,Alouatta guariba clamitans,Alouatta,Atelidae,3,Medio
20,Alouatta caraya,Alouatta guariba clamitans,Alouatta guariba clamitans,Alouatta guariba clamitans,Alouatta guariba clamitans,Alouatta caraya,Alouatta caraya,Alouatta guariba clamitans,Alouatta guariba clamitans,Alouatta guariba clamitans,Alouatta guariba clamitans,Alouatta guariba clamitans,Alouatta,Atelidae,3,Medio
21,Alouatta caraya,Alouatta caraya,Alouatta caraya,Alouatta caraya,Alouatta caraya,Alouatta caraya,Alouatta caraya,Alouatta caraya,Alouatta caraya,Alouatta caraya,Alouatta caraya,Alouatta caraya,Alouatta,Atelidae,3,Medio
22,Alouatta caraya,Alouatta caraya,Alouatta guariba clamitans,Alouatta guariba clamitans,Alouatta caraya,Alouatta caraya,Alouatta caraya,Lontra longicaudis,Alouatta guariba clamitans,Alouatta guariba clamitans,Alouatta guariba clamitans,Alouatta caraya,Alouatta,Atelidae,3,Medio
23,Alouatta caraya,Alouatta guariba,Alouatta guariba clamitans,Alouatta guariba clamitans,Alouatta guariba clamitans,Alouatta guariba clamitans,Alouatta guariba clamitans,Alouatta guariba,Alouatta guariba clamitans,Alouatta guariba clamitans,Alouatta guariba clamitans,Alouatta guariba,Alouatta,Atelidae,3,Medio
24,Alouatta caraya,Alouatta caraya,Alouatta guariba,Alouatta caraya,Alouatta caraya,Alouatta caraya,Alouatta caraya,Alouatta caraya,Alouatta guariba,Alouatta guariba,Alouatta guariba,Alouatta caraya,Alouatta,Atelidae,3,Medio
26,Alouatta caraya,Alouatta caraya,Alouatta caraya,Alouatta caraya,Alouatta caraya,Alouatta caraya,Alouatta caraya,Alouatta caraya,Alouatta caraya,Alouatta caraya,Alouatta caraya,Alouatta caraya,Alouatta,Atelidae,3,Medio
27,Alouatta caraya,Alouatta caraya,Alouatta caraya,Alouatta caraya,Alouatta caraya,Alouatta caraya,Alouatta caraya,Alouatta guariba clamitans,Alouatta caraya,Alouatta caraya,Alouatta caraya,Alouatta caraya,Alouatta,Atelidae,3,Medio
29,Alouatta caraya,Alouatta caraya,Alouatta caraya,Alouatta caraya,Alouatta caraya,Alouatta caraya,Alouatta caraya,Alouatta caraya,Alouatta caraya,Alouatta caraya,Alouatta caraya,Alouatta caraya,Alouatta,Atelidae,3,Medio
30,Alouatta caraya,Alouatta caraya,Pipile jacutinga,Alouatta caraya,Alouatta caraya,Alouatta caraya,Alouatta caraya,Amazona aestiva,Pipile jacutinga,Pipile jacutinga,Pipile jacutinga,Alouatta caraya,Alouatta,Atelidae,3,Medio
31,Alouatta caraya,Alouatta guariba,Alouatta guariba clamitans,Alouatta guariba clamitans,Alouatta guariba clamitans,Alouatta guariba clamitans,Alouatta guariba clamitans,Alouatta guariba,Alouatta guariba clamitans,Alouatta guariba clamitans,Alouatta guariba clamitans,Alouatta guariba,Alouatta,Atelidae,3,Medio
32,Alouatta caraya,Alouatta caraya,Notharchus swainsoni,Alouatta caraya,Alouatta caraya,Alouatta caraya,Alouatta caraya,Alouatta caraya,Notharchus swainsoni,Notharchus swainsoni,Notharchus swainsoni,Alouatta caraya,Alouatta,Atelidae,3,Medio
33,Alouatta caraya,Alouatta caraya,Alouatta caraya,Alouatta caraya,Alouatta caraya,Alouatta caraya,Alouatta caraya,Alouatta caraya,Alouatta caraya,Alouatta caraya,Alouatta caraya,Alouatta caraya,Alouatta,Atelidae,3,Medio
34,Alouatta caraya,Sapajus nigritus,Alouatta caraya,Sapajus nigritus,Sapajus nigritus,Alouatta caraya,Sapajus nigritus,Sapajus nigritus,Alouatta caraya,Alouatta caraya,Alouatta caraya,Alouatta caraya,Alouatta,Atelidae,3,Medio
35,Alouatta caraya,Alouatta guariba clamitans,Alouatta caraya,Alouatta caraya,Sapajus nigritus,Sapajus nigritus,Alouatta guariba clamitans,Sapajus nigritus,Alouatta caraya,Alouatta caraya,Alouatta caraya,Alouatta guariba clamitans,Alouatta,Atelidae,3,Medio
36,Alouatta caraya,Brotogeris chiriri,Brotogeris chiriri,Alouatta guariba clamitans,Alouatta guariba clamitans,Alouatta guariba clamitans,Brotogeris chiriri,Alouatta caraya,Brotogeris chiriri,Brotogeris chiriri,Brotogeris chiriri,Brotogeris chiriri,Alouatta,Atelidae,3,Medio
38,Alouatta caraya,Alouatta caraya,Alouatta caraya,Alouatta caraya,Alouatta caraya,Alouatta caraya,Alouatta caraya,Myiothlypis leucoblephara,Alouatta caraya,Alouatta caraya,Alouatta caraya,Alouatta caraya,Alouatta,Atelidae,3,Medio
39,Alouatta caraya,Alouatta caraya,Baryphthengus ruficapillus,Alouatta caraya,Alouatta caraya,Alouatta caraya,Alouatta caraya,Alouatta caraya,Baryphthengus ruficapillus,Baryphthengus ruficapillus,Baryphthengus ruficapillus,Alouatta caraya,Alouatta,Atelidae,3,Medio
40,Alouatta caraya,Sapajus nigritus,Panthera onca,Panthera onca,Penelope superciliaris,Sapajus nigritus,Sapajus nigritus,Sapajus nigritus,Panthera onca,Panthera onca,Panthera onca,Sapajus nigritus,Alouatta,Atelidae,3,Medio
42,Alouatta caraya,Alouatta caraya,Tamandua tetradactyla,Alouatta caraya,Alouatta caraya,Alouatta caraya,Alouatta caraya,Alouatta caraya,Tamandua tetradactyla,Tamandua tetradactyla,Tamandua tetradactyla,Alouatta caraya,Alouatta,Atelidae,3,Medio
43,Alouatta caraya,Alouatta caraya,Alouatta caraya,Alouatta caraya,Alouatta caraya,Alouatta caraya,Alouatta caraya,Alouatta caraya,Alouatta caraya,Alouatta caraya,Alouatta caraya,Alouatta caraya,Alouatta,Atelidae,3,Medio
45,Alouatta caraya,Alouatta caraya,Alouatta caraya,Alouatta caraya,Alouatta caraya,Alouatta caraya,Alouatta caraya,Alouatta guariba,Alouatta caraya,Alouatta caraya,Alouatta caraya,Alouatta caraya,Alouatta,Atelidae,3,Medio
46,Alouatta caraya,Sapajus nigritus,Alouatta caraya,Sapajus nigritus,Sapajus nigritus,Sapajus nigritus,Sapajus nigritus,Alouatta caraya,Alouatta caraya,Alouatta caraya,Alouatta caraya,Sapajus nigritus,Alouatta,Atelidae,3,Medio
47,Alouatta caraya,Alouatta caraya,Tamandua tetradactyla,Leptotila verreauxi,Brotogeris chiriri,Alouatta caraya,Alouatta caraya,Alouatta guariba clamitans,Tamandua tetradactyla,Tamandua tetradactyla,Tamandua tetradactyla,Alouatta caraya,Alouatta,Atelidae,3,Medio
48,Alouatta caraya,Alouatta caraya,Sapajus nigritus,Baryphthengus ruficapillus,Alouatta caraya,Alouatta caraya,Alouatta caraya,Sapajus nigritus,Sapajus nigritus,Sapajus nigritus,Sapajus nigritus,Alouatta caraya,Alouatta,Atelidae,3,Medio
50,Alouatta caraya,Alouatta caraya,Alouatta guariba clamitans,Alouatta guariba clamitans,Alouatta caraya,Alouatta guariba clamitans,Alouatta caraya,Alouatta caraya,Alouatta guariba clamitans,Alouatta guariba clamitans,Alouatta guariba clamitans,Alouatta caraya,Alouatta,Atelidae,3,Medio
51,Alouatta caraya,Alouatta caraya,Tamandua tetradactyla,Alouatta caraya,Amazona aestiva,Alouatta caraya,Alouatta caraya,Alouatta caraya,Tamandua tetradactyla,Tamandua tetradactyla,Tamandua tetradactyla,Alouatta caraya,Alouatta,Atelidae,3,Medio
52,Alouatta caraya,Alouatta caraya,Sapajus nigritus,Leptotila verreauxi,Habia rubica,Sapajus nigritus,Sapajus nigritus,Sapajus nigritus,Sapajus nigritus,Sapajus nigritus,Sapajus nigritus,Alouatta caraya,Alouatta,Atelidae,3,Medio
53,Alouatta caraya,Alouatta guariba,Alouatta guariba clamitans,Alouatta guariba clamitans,Alouatta guariba clamitans,Alouatta guariba,Sapajus nigritus,Alouatta caraya,Alouatta guariba clamitans,Alouatta guariba clamitans,Alouatta guariba clamitans,Alouatta guariba,Alouatta,Atelidae,3,Medio
54,Alouatta caraya,Alouatta caraya,Sapajus nigritus,Alouatta guariba clamitans,Alouatta guariba clamitans,Alouatta caraya,Alouatta caraya,Alouatta caraya,Sapajus nigritus,Sapajus nigritus,Sapajus nigritus,Alouatta caraya,Alouatta,Atelidae,3,Medio
55,Alouatta caraya,Alouatta caraya,Alouatta guariba clamitans,Alouatta guariba clamitans,Alouatta guariba clamitans,Alouatta guariba clamitans,Alouatta caraya,Alouatta guariba clamitans,Alouatta guariba clamitans,Alouatta guariba clamitans,Alouatta guariba clamitans,Alouatta caraya,Alouatta,Atelidae,3,Medio
56,Alouatta caraya,Alouatta caraya,Sapajus nigritus,Alouatta caraya,Alouatta caraya,Alouatta caraya,Alouatta caraya,Alouatta caraya,Sapajus nigritus,Sapajus nigritus,Sapajus nigritus,Alouatta caraya,Alouatta,Atelidae,3,Medio
57,Alouatta caraya,Alouatta guariba,Alouatta guariba clamitans,Alouatta guariba clamitans,Alouatta guariba clamitans,Alouatta guariba clamitans,Sapajus nigritus,Sapajus nigritus,Alouatta guariba clamitans,Alouatta guariba clamitans,Alouatta guariba clamitans,Alouatta guariba,Alouatta,Atelidae,3,Medio
59,Alouatta caraya,Alouatta guariba,Alouatta caraya,Alouatta caraya,Alouatta caraya,Alouatta caraya,Alouatta caraya,Alouatta guariba,Alouatta caraya,Alouatta caraya,Alouatta caraya,Alouatta guariba,Alouatta,Atelidae,3,Medio
60,Alouatta caraya,Alouatta caraya,Alouatta caraya,Alouatta guariba clamitans,Alouatta guariba clamitans,Alouatta caraya,Alouatta caraya,Alouatta guariba clamitans,Alouatta caraya,Alouatta caraya,Alouatta caraya,Alouatta caraya,Alouatta,Atelidae,3,Medio
61,Alouatta caraya,Alouatta caraya,Alouatta guariba clamitans,Alouatta caraya,Alouatta caraya,Alouatta caraya,Alouatta caraya,Alouatta caraya,Alouatta guariba clamitans,Alouatta guariba clamitans,Alouatta guariba clamitans,Alouatta caraya,Alouatta,Atelidae,3,Medio
62,Alouatta caraya,Alouatta guariba,Sapajus nigritus,Amazona aestiva,Sapajus nigritus,Sapajus nigritus,Sapajus nigritus,Sapajus nigritus,Sapajus nigritus,Sapajus nigritus,Sapajus nigritus,Alouatta guariba,Alouatta,Atelidae,3,Medio
63,Alouatta caraya,Alouatta caraya,Alouatta caraya,Alouatta caraya,Alouatta caraya,Alouatta caraya,Alouatta caraya,Alouatta caraya,Alouatta caraya,Alouatta caraya,Alouatta caraya,Alouatta caraya,Alouatta,Atelidae,3,Medio
64,Alouatta caraya,Alouatta caraya,Alouatta caraya,Alouatta caraya,Alouatta caraya,Alouatta caraya,Alouatta caraya,Alouatta caraya,Alouatta caraya,Alouatta caraya,Alouatta caraya,Alouatta caraya,Alouatta,Atelidae,3,Medio
65,Alouatta caraya,Alouatta caraya,Alouatta caraya,Alouatta caraya,Alouatta caraya,Alouatta caraya,Alouatta caraya,Alouatta caraya,Alouatta caraya,Alouatta caraya,Alouatta caraya,Alouatta caraya,Alouatta,Atelidae,3,Medio
66,Alouatta caraya,Alouatta caraya,Alouatta caraya,Penelope superciliaris,Alouatta caraya,Alouatta caraya,Alouatta caraya,Alouatta caraya,Alouatta caraya,Alouatta caraya,Alouatta caraya,Alouatta caraya,Alouatta,Atelidae,3,Medio
68,Alouatta guariba,Alouatta guariba clamitans,Alouatta guariba clamitans,Alouatta guariba clamitans,Alouatta guariba clamitans,Alouatta guariba clamitans,Alouatta guariba clamitans,Alouatta guariba clamitans,Alouatta guariba clamitans,Alouatta guariba clamitans,Alouatta guariba clamitans,Alouatta guariba clamitans,Alouatta,Atelidae,7,Crítico
69,Alouatta guariba,Alouatta caraya,Sapajus nigritus,Alouatta caraya,Alouatta caraya,Alouatta guariba clamitans,Alouatta caraya,Selenidera maculirostris,Sapajus nigritus,Sapajus nigritus,Sapajus nigritus,Alouatta caraya,Alouatta,Atelidae,7,Crítico
71,Alouatta guariba,Alouatta guariba clamitans,Amazona vinacea,Alouatta guariba clamitans,Alouatta guariba clamitans,Alouatta guariba clamitans,Alouatta guariba clamitans,Amazona vinacea,Amazona vinacea,Amazona vinacea,Amazona vinacea,Alouatta guariba clamitans,Alouatta,Atelidae,7,Crítico
72,Alouatta guariba,Alouatta guariba clamitans,Alouatta guariba clamitans,Alouatta guariba clamitans,Alouatta guariba clamitans,Alouatta guariba clamitans,Alouatta guariba clamitans,Alouatta guariba clamitans,Alouatta guariba clamitans,Alouatta guariba clamitans,Alouatta guariba clamitans,Alouatta guariba clamitans,Alouatta,Atelidae,7,Crítico
73,Alouatta guariba,Alouatta guariba,Alouatta guariba clamitans,Alouatta guariba clamitans,Pipile jacutinga,Alouatta guariba,Sapajus nigritus,Sapajus nigritus,Alouatta guariba clamitans,Alouatta guariba clamitans,Alouatta guariba clamitans,Alouatta guariba,Alouatta,Atelidae,7,Crítico
74,Alouatta guariba,Sapajus nigritus,Sapajus nigritus,Alouatta caraya,Alouatta guariba,Alouatta guariba clamitans,Sapajus nigritus,Sapajus nigritus,Sapajus nigritus,Sapajus nigritus,Sapajus nigritus,Sapajus nigritus,Alouatta,Atelidae,7,Crítico
75,Alouatta guariba,Alouatta guariba clamitans,Alouatta guariba,Alouatta guariba,Alouatta guariba clamitans,Alouatta guariba clamitans,Alouatta guariba clamitans,Alouatta guariba clamitans,Alouatta guariba,Alouatta guariba,Alouatta guariba,Alouatta guariba clamitans,Alouatta,Atelidae,7,Crítico
77,Alouatta guariba,Sapajus nigritus,Turdus rufiventris,Pipile jacutinga,Alouatta caraya,Sapajus nigritus,Sapajus nigritus,Pipile jacutinga,Turdus rufiventris,Turdus rufiventris,Turdus rufiventris,Sapajus nigritus,Alouatta,Atelidae,7,Crítico
78,Alouatta guariba,Alouatta guariba,Alouatta guariba,Alouatta caraya,Alouatta caraya,Alouatta guariba clamitans,Alouatta guariba clamitans,Sapajus nigritus,Alouatta guariba,Alouatta guariba,Alouatta guariba,Alouatta guariba,Alouatta,Atelidae,7,Crítico
79,Alouatta guariba,Alouatta guariba clamitans,Alouatta guariba clamitans,Alouatta guariba,Amazona vinacea,Alouatta guariba clamitans,Alouatta guariba clamitans,Amazona vinacea,Alouatta guariba clamitans,Alouatta guariba clamitans,Alouatta guariba clamitans,Alouatta guariba clamitans,Alouatta,Atelidae,7,Crítico
81,Alouatta guariba,Alouatta guariba,Pipile jacutinga,Alouatta guariba,Alouatta guariba clamitans,Alouatta guariba clamitans,Sapajus nigritus,Alouatta guariba,Pipile jacutinga,Pipile jacutinga,Pipile jacutinga,Alouatta guariba,Alouatta,Atelidae,7,Crítico
82,Alouatta guariba,Alouatta guariba clamitans,Alouatta guariba clamitans,Alouatta guariba clamitans,Alouatta guariba clamitans,Alouatta guariba clamitans,Alouatta guariba clamitans,Alouatta guariba clamitans,Alouatta guariba clamitans,Alouatta guariba clamitans,Alouatta guariba clamitans,Alouatta guariba clamitans,Alouatta,Atelidae,7,Crítico
85,Alouatta guariba,Alouatta guariba clamitans,Alouatta guariba clamitans,Alouatta guariba clamitans,Alouatta guariba clamitans,Alouatta guariba clamitans,Alouatta guariba clamitans,Alouatta guariba clamitans,Alouatta guariba clamitans,Alouatta guariba clamitans,Alouatta guariba clamitans,Alouatta guariba clamitans,Alouatta,Atelidae,7,Crítico
86,Alouatta guariba,Sapajus nigritus,Alouatta guariba,Alouatta guariba,Alouatta guariba,Sapajus nigritus,Sapajus nigritus,Alouatta guariba,Alouatta guariba,Alouatta guariba,Alouatta guariba,Sapajus nigritus,Alouatta,Atelidae,7,Crítico
87,Alouatta guariba,Alouatta guariba,Alouatta guariba,Alouatta caraya,Alouatta caraya,Alouatta guariba,Alouatta caraya,Alouatta guariba,Alouatta guariba,Alouatta guariba,Alouatta guariba,Alouatta guariba,Alouatta,Atelidae,7,Crítico
88,Alouatta guariba,Alouatta guariba,Alouatta guariba clamitans,Alouatta guariba,Alouatta guariba,Alouatta guariba,Alouatta guariba clamitans,Alouatta guariba,Alouatta guariba clamitans,Alouatta guariba clamitans,Alouatta guariba clamitans,Alouatta guariba,Alouatta,Atelidae,7,Crítico
89,Alouatta guariba,Alouatta guariba clamitans,Alouatta guariba,Alouatta guariba,Amazona vinacea,Alouatta guariba clamitans,Alouatta guariba clamitans,Amazona vinacea,Alouatta guariba,Alouatta guariba,Alouatta guariba,Alouatta guariba clamitans,Alouatta,Atelidae,7,Crítico
90,Alouatta guariba,Alouatta guariba,Alouatta guariba clamitans,Alouatta caraya,Alouatta caraya,Alouatta caraya,Alouatta caraya,Alouatta caraya,Alouatta guariba clamitans,Alouatta guariba clamitans,Alouatta guariba clamitans,Alouatta guariba,Alouatta,Atelidae,7,Crítico
91,Alouatta guariba,Alouatta guariba clamitans,Alouatta guariba,Alouatta guariba,Alouatta guariba clamitans,Alouatta guariba clamitans,Alouatta guariba clamitans,Alouatta guariba clamitans,Alouatta guariba,Alouatta guariba,Alouatta guariba,Alouatta guariba clamitans,Alouatta,Atelidae,7,Crítico
92,Alouatta guariba,Alouatta guariba clamitans,Alouatta guariba clamitans,Alouatta guariba clamitans,Alouatta guariba clamitans,Alouatta guariba clamitans,Alouatta guariba clamitans,Alouatta guariba clamitans,Alouatta guariba clamitans,Alouatta guariba clamitans,Alouatta guariba clamitans,Alouatta guariba clamitans,Alouatta,Atelidae,7,Crítico
93,Alouatta guariba,Sapajus nigritus,Alouatta caraya,Alouatta caraya,Selenidera maculirostris,Alouatta caraya,Sapajus nigritus,Sapajus nigritus,Alouatta caraya,Alouatta caraya,Alouatta caraya,Sapajus nigritus,Alouatta,Atelidae,7,Crítico
94,Alouatta guariba,Alouatta caraya,Sapajus nigritus,Alouatta guariba,Alouatta guariba,Sapajus nigritus,Sapajus nigritus,Alouatta caraya,Sapajus nigritus,Sapajus nigritus,Sapajus nigritus,Alouatta caraya,Alouatta,Atelidae,7,Crítico
96,Alouatta guariba,Sapajus nigritus,Alouatta guariba clamitans,Alouatta guariba clamitans,Alouatta guariba clamitans,Alouatta guariba clamitans,Alouatta guariba clamitans,Alouatta guariba clamitans,Alouatta guariba clamitans,Alouatta guariba clamitans,Alouatta guariba clamitans,Sapajus nigritus,Alouatta,Atelidae,7,Crítico
97,Alouatta guariba,Sapajus nigritus,Alouatta guariba,Alouatta guariba,Sapajus nigritus,Alouatta guariba clamitans,Alouatta caraya,Alouatta guariba,Alouatta guariba,Alouatta guariba,Alouatta guariba,Sapajus nigritus,Alouatta,Atelidae,7,Crítico
98,Alouatta guariba,Alouatta guariba clamitans,Alouatta guariba clamitans,Alouatta guariba clamitans,Alouatta guariba clamitans,Alouatta guariba clamitans,Alouatta guariba clamitans,Alouatta caraya,Alouatta guariba clamitans,Alouatta guariba clamitans,Alouatta guariba clamitans,Alouatta guariba clamitans,Alouatta,Atelidae,7,Crítico
99,Alouatta guariba,Alouatta caraya,Alouatta guariba,Alouatta caraya,Alouatta caraya,Alouatta caraya,Alouatta caraya,Alouatta caraya,Alouatta guariba,Alouatta guariba,Alouatta guariba,Alouatta caraya,Alouatta,Atelidae,7,Crítico
100,Alouatta guariba,Alouatta guariba,Alouatta guariba clamitans,Alouatta guariba clamitans,Alouatta guariba clamitans,Alouatta guariba clamitans,Alouatta caraya,Alouatta guariba clamitans,Alouatta guariba clamitans,Alouatta guariba clamitans,Alouatta guariba clamitans,Alouatta guariba,Alouatta,Atelidae,7,Crítico
101,Alouatta guariba,Alouatta guariba,Sapajus nigritus,Alouatta guariba clamitans,Alouatta caraya,Alouatta guariba,Alouatta caraya,Alouatta guariba clamitans,Sapajus nigritus,Sapajus nigritus,Sapajus nigritus,Alouatta guariba,Alouatta,Atelidae,7,Crítico
102,Alouatta guariba,Brotogeris chiriri,Sapajus nigritus,Cyanoloxia brissonii,Sapajus nigritus,Sapajus nigritus,Brotogeris chiriri,Amazona aestiva,Sapajus nigritus,Sapajus nigritus,Sapajus nigritus,Brotogeris chiriri,Alouatta,Atelidae,7,Crítico
103,Alouatta guariba,Alouatta guariba clamitans,Alouatta guariba clamitans,Alouatta guariba clamitans,Alouatta guariba,Alouatta guariba clamitans,Alouatta guariba clamitans,Alouatta guariba clamitans,Alouatta guariba clamitans,Alouatta guariba clamitans,Alouatta guariba clamitans,Alouatta guariba clamitans,Alouatta,Atelidae,7,Crítico
104,Alouatta guariba,Amazona aestiva,Alouatta guariba,Alouatta guariba,Amazona vinacea,Gubernetes yetapa,Alouatta caraya,Alouatta guariba,Alouatta guariba,Alouatta guariba,Alouatta guariba,Amazona aestiva,Alouatta,Atelidae,7,Crítico
105,Alouatta guariba,Alouatta caraya,Alouatta caraya,Alouatta caraya,Alouatta guariba clamitans,Alouatta guariba clamitans,Alouatta caraya,Alouatta caraya,Alouatta caraya,Alouatta caraya,Alouatta caraya,Alouatta caraya,Alouatta,Atelidae,7,Crítico
106,Alouatta guariba,Alouatta guariba clamitans,Alouatta guariba clamitans,Alouatta guariba,Alouatta guariba clamitans,Alouatta guariba clamitans,Alouatta guariba clamitans,Alouatta guariba clamitans,Alouatta guariba clamitans,Alouatta guariba clamitans,Alouatta guariba clamitans,Alouatta guariba clamitans,Alouatta,Atelidae,7,Crítico
107,Alouatta guariba,Alouatta guariba,Alouatta caraya,Alouatta caraya,Alouatta caraya,Alouatta caraya,Sapajus nigritus,Hypoedaleus guttatus,Alouatta caraya,Alouatta caraya,Alouatta caraya,Alouatta guariba,Alouatta,Atelidae,7,Crítico
109,Alouatta guariba,Alouatta guariba,Alouatta guariba,Alouatta caraya,Alouatta guariba clamitans,Alouatta guariba,Alouatta caraya,Alouatta guariba clamitans,Alouatta guariba,Alouatta guariba,Alouatta guariba,Alouatta guariba,Alouatta,Atelidae,7,Crítico
111,Alouatta guariba,Alouatta guariba,Alouatta guariba,Alouatta guariba,Alouatta guariba,Alouatta guariba,Alouatta guariba clamitans,Alouatta guariba,Alouatta guariba,Alouatta guariba,Alouatta guariba,Alouatta guariba,Alouatta,Atelidae,7,Crítico
112,Alouatta guariba,Amazona vinacea,Alouatta guariba clamitans,Alouatta guariba clamitans,Alouatta guariba clamitans,Alouatta guariba clamitans,Alouatta guariba clamitans,Amazona vinacea,Alouatta guariba clamitans,Alouatta guariba clamitans,Alouatta guariba clamitans,Amazona vinacea,Alouatta,Atelidae,7,Crítico
114,Alouatta guariba,Alouatta guariba,Alouatta caraya,Alouatta caraya,Alouatta guariba,Alouatta guariba clamitans,Alouatta caraya,Sapajus nigritus,Alouatta caraya,Alouatta caraya,Alouatta caraya,Alouatta guariba,Alouatta,Atelidae,7,Crítico
115,Alouatta guariba,Alouatta caraya,Alouatta guariba clamitans,Alouatta guariba clamitans,Alouatta guariba clamitans,Alouatta guariba clamitans,Sapajus nigritus,Alouatta guariba,Alouatta guariba clamitans,Alouatta guariba clamitans,Alouatta guariba clamitans,Alouatta caraya,Alouatta,Atelidae,7,Crítico
116,Alouatta guariba,Alouatta guariba clamitans,Baryphthengus ruficapillus,Baryphthengus ruficapillus,Hypoedaleus guttatus,Alouatta guariba clamitans,Alouatta guariba clamitans,Alouatta guariba clamitans,Baryphthengus ruficapillus,Baryphthengus ruficapillus,Baryphthengus ruficapillus,Alouatta guariba clamitans,Alouatta,Atelidae,7,Crítico
118,Alouatta guariba,Alouatta caraya,Alouatta guariba clamitans,Alouatta guariba clamitans,Alouatta guariba clamitans,Alouatta guariba clamitans,Alouatta caraya,Alouatta caraya,Alouatta guariba clamitans,Alouatta guariba clamitans,Alouatta guariba clamitans,Alouatta caraya,Alouatta,Atelidae,7,Crítico
119,Alouatta guariba,Sapajus nigritus,Pipile jacutinga,Alouatta caraya,Alouatta guariba,Alouatta guariba,Sapajus nigritus,Alouatta caraya,Pipile jacutinga,Pipile jacutinga,Pipile jacutinga,Sapajus nigritus,Alouatta,Atelidae,7,Crítico
120,Alouatta guariba,Didelphis aurita,Alouatta caraya,Alouatta caraya,Alouatta caraya,Alouatta caraya,Alouatta caraya,Alouatta caraya,Alouatta caraya,Alouatta caraya,Alouatta caraya,Didelphis aurita,Alouatta,Atelidae,7,Crítico
122,Alouatta guariba clamitans,Alouatta guariba,Alouatta guariba clamitans,Alouatta caraya,Alouatta guariba clamitans,Alouatta guariba clamitans,Alouatta caraya,Amazona aestiva,Alouatta guariba clamitans,Alouatta guariba clamitans,Alouatta guariba clamitans,Alouatta guariba,Alouatta,Atelidae,7,Crítico
123,Alouatta guariba clamitans,Sapajus nigritus,Myiothlypis leucoblephara,Leptotila verreauxi,Leptotila verreauxi,Alouatta caraya,Sapajus nigritus,Alouatta guariba clamitans,Myiothlypis leucoblephara,Myiothlypis leucoblephara,Myiothlypis leucoblephara,Sapajus nigritus,Alouatta,Atelidae,7,Crítico
124,Alouatta guariba clamitans,Alouatta guariba,Alouatta guariba,Alouatta guariba,Alouatta guariba,Alouatta guariba clamitans,Alouatta guariba clamitans,Alouatta guariba,Alouatta guariba,Alouatta guariba,Alouatta guariba,Alouatta guariba,Alouatta,Atelidae,7,Crítico
125,Alouatta guariba clamitans,Alouatta guariba,Sapajus nigritus,Alouatta caraya,Alouatta guariba clamitans,Alouatta guariba clamitans,Alouatta caraya,Alouatta guariba clamitans,Sapajus nigritus,Sapajus nigritus,Sapajus nigritus,Alouatta guariba,Alouatta,Atelidae,7,Crítico
126,Alouatta guariba clamitans,Didelphis aurita,Didelphis aurita,Didelphis aurita,Didelphis aurita,Didelphis aurita,Didelphis aurita,Didelphis aurita,Didelphis aurita,Didelphis aurita,Didelphis aurita,Didelphis aurita,Alouatta,Atelidae,7,Crítico
127,Alouatta guariba clamitans,Alouatta guariba clamitans,Alouatta guariba clamitans,Alouatta guariba clamitans,Alouatta caraya,Alouatta guariba clamitans,Alouatta guariba clamitans,Alouatta guariba clamitans,Alouatta guariba clamitans,Alouatta guariba clamitans,Alouatta guariba clamitans,Alouatta guariba clamitans,Alouatta,Atelidae,7,Crítico
128,Alouatta guariba clamitans,Alouatta caraya,Alouatta caraya,Alouatta caraya,Alouatta guariba clamitans,Alouatta guariba clamitans,Alouatta caraya,Alouatta guariba clamitans,Alouatta caraya,Alouatta caraya,Alouatta caraya,Alouatta caraya,Alouatta,Atelidae,7,Crítico
131,Alouatta guariba clamitans,Sapajus nigritus,Sapajus nigritus,Alouatta guariba,Sapajus nigritus,Sapajus nigritus,Sapajus nigritus,Sapajus nigritus,Sapajus nigritus,Sapajus nigritus,Sapajus nigritus,Sapajus nigritus,Alouatta,Atelidae,7,Crítico
132,Alouatta guariba clamitans,Alouatta caraya,Sapajus nigritus,Alouatta caraya,Sapajus nigritus,Alouatta caraya,Alouatta caraya,Pyriglena leucoptera,Sapajus nigritus,Sapajus nigritus,Sapajus nigritus,Alouatta caraya,Alouatta,Atelidae,7,Crítico
133,Alouatta guariba clamitans,Alouatta guariba clamitans,Alouatta guariba clamitans,Alouatta guariba clamitans,Alouatta guariba clamitans,Alouatta guariba clamitans,Alouatta guariba clamitans,Alouatta guariba clamitans,Alouatta guariba clamitans,Alouatta guariba clamitans,Alouatta guariba clamitans,Alouatta guariba clamitans,Alouatta,Atelidae,7,Crítico
135,Alouatta guariba clamitans,Alouatta guariba clamitans,Alouatta guariba,Alouatta guariba,Alouatta guariba clamitans,Alouatta guariba clamitans,Alouatta guariba clamitans,Alouatta guariba clamitans,Alouatta guariba,Alouatta guariba,Alouatta guariba,Alouatta guariba clamitans,Alouatta,Atelidae,7,Crítico
136,Alouatta guariba clamitans,Alouatta guariba clamitans,Alouatta guariba clamitans,Alouatta caraya,Alouatta guariba clamitans,Alouatta guariba clamitans,Alouatta guariba clamitans,Alouatta caraya,Alouatta guariba clamitans,Alouatta guariba clamitans,Alouatta guariba clamitans,Alouatta guariba clamitans,Alouatta,Atelidae,7,Crítico
137,Alouatta guariba clamitans,Alouatta guariba,Alouatta guariba,Alouatta guariba,Alouatta guariba clamitans,Alouatta guariba clamitans,Alouatta guariba clamitans,Alouatta guariba clamitans,Alouatta guariba,Alouatta guariba,Alouatta guariba,Alouatta guariba,Alouatta,Atelidae,7,Crítico
138,Alouatta guariba clamitans,Alouatta caraya,Sapajus nigritus,Alouatta caraya,Alouatta caraya,Alouatta guariba clamitans,Alouatta caraya,Alouatta caraya,Sapajus nigritus,Sapajus nigritus,Sapajus nigritus,Alouatta caraya,Alouatta,Atelidae,7,Crítico
139,Alouatta guariba clamitans,Alouatta caraya,Pipile jacutinga,Alouatta caraya,Alouatta caraya,Alouatta caraya,Alouatta caraya,Pipile jacutinga,Pipile jacutinga,Pipile jacutinga,Pipile jacutinga,Alouatta caraya,Alouatta,Atelidae,7,Crítico
140,Alouatta guariba clamitans,Alouatta caraya,Sapajus nigritus,Alouatta caraya,Alouatta caraya,Alouatta caraya,Alouatta caraya,Alouatta caraya,Sapajus nigritus,Sapajus nigritus,Sapajus nigritus,Alouatta caraya,Alouatta,Atelidae,7,Crítico
141,Alouatta guariba clamitans,Amazona aestiva,Alouatta caraya,Alouatta caraya,Alouatta caraya,Alouatta caraya,Alouatta caraya,Alouatta caraya,Alouatta caraya,Alouatta caraya,Alouatta caraya,Amazona aestiva,Alouatta,Atelidae,7,Crítico
142,Alouatta guariba clamitans,Sapajus nigritus,Amazona vinacea,Alouatta caraya,Alouatta caraya,Alouatta guariba clamitans,Sapajus nigritus,Pipile jacutinga,Amazona vinacea,Amazona vinacea,Amazona vinacea,Sapajus nigritus,Alouatta,Atelidae,7,Crítico
143,Alouatta guariba clamitans,Amazona aestiva,Sapajus nigritus,Alouatta guariba,Alouatta guariba,Amazona aestiva,Amazona aestiva,Alouatta guariba,Sapajus nigritus,Sapajus nigritus,Sapajus nigritus,Alouatta caraya,Alouatta,Atelidae,7,Crítico
144,Alouatta guariba clamitans,Alouatta guariba clamitans,Alouatta guariba clamitans,Alouatta guariba,Alouatta guariba clamitans,Alouatta guariba clamitans,Alouatta guariba clamitans,Alouatta guariba clamitans,Alouatta guariba clamitans,Alouatta guariba clamitans,Alouatta guariba clamitans,Alouatta guariba clamitans,Alouatta,Atelidae,7,Crítico
145,Alouatta guariba clamitans,Alouatta guariba clamitans,Alouatta guariba clamitans,Alouatta guariba,Amazona vinacea,Alouatta guariba clamitans,Alouatta guariba clamitans,Alouatta guariba clamitans,Alouatta guariba clamitans,Alouatta guariba clamitans,Alouatta guariba clamitans,Alouatta guariba clamitans,Alouatta,Atelidae,7,Crítico
146,Alouatta guariba clamitans,Alouatta guariba clamitans,Alouatta guariba clamitans,Alouatta guariba,Alouatta guariba,Alouatta guariba clamitans,Alouatta guariba clamitans,Alouatta guariba clamitans,Alouatta guariba clamitans,Alouatta guariba clamitans,Alouatta guariba clamitans,Alouatta guariba clamitans,Alouatta,Atelidae,7,Crítico
147,Alouatta guariba clamitans,Alouatta guariba,Alouatta guariba,Alouatta guariba,Alouatta guariba,Alouatta guariba clamitans,Alouatta guariba clamitans,Sapajus nigritus,Alouatta guariba,Alouatta guariba,Alouatta guariba,Alouatta guariba,Alouatta,Atelidae,7,Crítico
148,Alouatta guariba clamitans,Alouatta guariba clamitans,Alouatta guariba clamitans,Alouatta caraya,Alouatta guariba clamitans,Alouatta guariba clamitans,Alouatta guariba clamitans,Alouatta guariba clamitans,Alouatta guariba clamitans,Alouatta guariba clamitans,Alouatta guariba clamitans,Alouatta guariba clamitans,Alouatta,Atelidae,7,Crítico
149,Alouatta guariba clamitans,Alouatta guariba,Alouatta caraya,Alouatta caraya,Alouatta caraya,Alouatta guariba clamitans,Alouatta caraya,Alouatta caraya,Alouatta caraya,Alouatta caraya,Alouatta caraya,Alouatta guariba,Alouatta,Atelidae,7,Crítico
150,Alouatta guariba clamitans,Alouatta guariba clamitans,Alouatta guariba,Alouatta guariba clamitans,Alouatta guariba clamitans,Alouatta guariba clamitans,Alouatta guariba clamitans,Alouatta guariba,Alouatta guariba,Alouatta guariba,Alouatta guariba,Alouatta guariba clamitans,Alouatta,Atelidae,7,Crítico
151,Alouatta guariba clamitans,Alouatta guariba clamitans,Alouatta guariba clamitans,Alouatta caraya,Alouatta guariba clamitans,Alouatta guariba clamitans,Alouatta guariba clamitans,Alouatta guariba,Alouatta guariba clamitans,Alouatta guariba clamitans,Alouatta guariba clamitans,Alouatta guariba clamitans,Alouatta,Atelidae,7,Crítico
152,Alouatta guariba clamitans,Alouatta caraya,Alouatta caraya,Alouatta caraya,Alouatta caraya,Alouatta caraya,Alouatta caraya,Alouatta caraya,Alouatta caraya,Alouatta caraya,Alouatta caraya,Alouatta caraya,Alouatta,Atelidae,7,Crítico
156,Alouatta guariba clamitans,Didelphis aurita,Alouatta caraya,Alouatta caraya,Alouatta caraya,Alouatta caraya,Alouatta caraya,Alouatta caraya,Alouatta caraya,Alouatta caraya,Alouatta caraya,Didelphis aurita,Alouatta,Atelidae,7,Crítico
158,Alouatta guariba clamitans,Amazona vinacea,Alouatta guariba clamitans,Amazona vinacea,Amazona vinacea,Amazona vinacea,Alouatta guariba clamitans,Amazona vinacea,Alouatta guariba clamitans,Alouatta guariba clamitans,Alouatta guariba clamitans,Amazona vinacea,Alouatta,Atelidae,7,Crítico
159,Alouatta guariba clamitans,Amazona aestiva,Alouatta guariba clamitans,Alouatta guariba clamitans,Alouatta guariba clamitans,Alouatta guariba clamitans,Alouatta guariba clamitans,Amazona aestiva,Alouatta guariba clamitans,Alouatta guariba clamitans,Alouatta guariba clamitans,Amazona vinacea,Alouatta,Atelidae,7,Crítico
160,Alouatta guariba clamitans,Nasua nasua,Didelphis aurita,Didelphis aurita,Didelphis aurita,Alouatta caraya,Didelphis aurita,Didelphis aurita,Didelphis aurita,Didelphis aurita,Didelphis aurita,Nasua nasua,Alouatta,Atelidae,7,Crítico
161,Alouatta guariba clamitans,Alouatta guariba clamitans,Alouatta caraya,Alouatta guariba clamitans,Alouatta caraya,Alouatta guariba clamitans,Alouatta guariba clamitans,Alouatta guariba clamitans,Alouatta caraya,Alouatta caraya,Alouatta caraya,Alouatta guariba clamitans,Alouatta,Atelidae,7,Crítico
162,Alouatta guariba clamitans,Sapajus nigritus,Sapajus nigritus,Alouatta guariba clamitans,Sapajus nigritus,Sapajus nigritus,Sapajus nigritus,Sapajus nigritus,Sapajus nigritus,Sapajus nigritus,Sapajus nigritus,Sapajus nigritus,Alouatta,Atelidae,7,Crítico
163,Alouatta guariba clamitans,Penelope superciliaris,Dasyprocta azarae,Dasyprocta azarae,Dasyprocta azarae,Penelope superciliaris,Dasyprocta azarae,Didelphis albiventris,Dasyprocta azarae,Dasyprocta azarae,Dasyprocta azarae,Penelope superciliaris,Alouatta,Atelidae,7,Crítico
164,Alouatta guariba clamitans,Herpailurus yagouaroundi,Herpailurus yagouaroundi,Herpailurus yagouaroundi,Herpailurus yagouaroundi,Herpailurus yagouaroundi,Cerdocyon thous,Mazama nanus,Herpailurus yagouaroundi,Herpailurus yagouaroundi,Herpailurus yagouaroundi,Herpailurus yagouaroundi,Alouatta,Atelidae,7,Crítico
166,Alouatta guariba clamitans,Alouatta guariba,Alouatta guariba clamitans,Alouatta caraya,Alouatta guariba,Alouatta guariba,Alouatta guariba clamitans,Alouatta guariba,Alouatta guariba clamitans,Alouatta guariba clamitans,Alouatta guariba clamitans,Alouatta guariba,Alouatta,Atelidae,7,Crítico
168,Alouatta guariba clamitans,Sapajus nigritus,Cyanocorax chrysops,Cerdocyon thous,Sapajus nigritus,Sapajus nigritus,Sapajus nigritus,Sapajus nigritus,Cyanocorax chrysops,Cyanocorax chrysops,Cyanocorax chrysops,Sapajus nigritus,Alouatta,Atelidae,7,Crítico
169,Alouatta guariba clamitans,Alouatta caraya,Baryphthengus ruficapillus,Alouatta guariba,Sapajus nigritus,Alouatta caraya,Alouatta caraya,Sapajus nigritus,Baryphthengus ruficapillus,Baryphthengus ruficapillus,Baryphthengus ruficapillus,Alouatta caraya,Alouatta,Atelidae,7,Crítico
170,Alouatta guariba clamitans,Alouatta guariba clamitans,Alouatta guariba clamitans,Alouatta guariba,Baryphthengus ruficapillus,Alouatta guariba clamitans,Alouatta guariba clamitans,Alouatta guariba clamitans,Alouatta guariba clamitans,Alouatta guariba clamitans,Alouatta guariba clamitans,Alouatta guariba clamitans,Alouatta,Atelidae,7,Crítico
172,Alouatta guariba clamitans,Alouatta guariba clamitans,Alouatta guariba,Alouatta guariba,Alouatta guariba clamitans,Alouatta guariba clamitans,Alouatta guariba clamitans,Alouatta guariba clamitans,Alouatta guariba,Alouatta guariba,Alouatta guariba,Alouatta guariba clamitans,Alouatta,Atelidae,7,Crítico
173,Alouatta guariba clamitans,Alouatta guariba clamitans,Alouatta guariba,Alouatta guariba clamitans,Alouatta guariba clamitans,Alouatta guariba clamitans,Alouatta guariba clamitans,Alouatta guariba clamitans,Alouatta guariba,Alouatta guariba,Alouatta guariba,Alouatta guariba clamitans,Alouatta,Atelidae,7,Crítico
174,Alouatta guariba clamitans,Amazona vinacea,Alouatta guariba clamitans,Alouatta guariba clamitans,Alouatta guariba clamitans,Alouatta guariba clamitans,Alouatta guariba clamitans,Amazona vinacea,Alouatta guariba clamitans,Alouatta guariba clamitans,Alouatta guariba clamitans,Amazona vinacea,Alouatta,Atelidae,7,Crítico
175,Alouatta guariba clamitans,Alouatta caraya,Alouatta caraya,Alouatta caraya,Alouatta guariba clamitans,Alouatta guariba clamitans,Alouatta caraya,Alouatta caraya,Alouatta caraya,Alouatta caraya,Alouatta caraya,Alouatta caraya,Alouatta,Atelidae,7,Crítico
176,Alouatta guariba clamitans,Brotogeris chiriri,Alouatta caraya,Selenidera maculirostris,Selenidera maculirostris,Alouatta caraya,Brotogeris chiriri,Alouatta caraya,Alouatta caraya,Alouatta caraya,Alouatta caraya,Sapajus nigritus,Alouatta,Atelidae,7,Crítico
177,Alouatta guariba clamitans,Alouatta caraya,Sapajus nigritus,Alouatta guariba clamitans,Alouatta caraya,Alouatta caraya,Alouatta caraya,Sapajus nigritus,Sapajus nigritus,Sapajus nigritus,Sapajus nigritus,Alouatta caraya,Alouatta,Atelidae,7,Crítico
179,Alouatta guariba clamitans,Sapajus nigritus,Alouatta caraya,Alouatta caraya,Alouatta guariba clamitans,Alouatta guariba clamitans,Sapajus nigritus,Alouatta caraya,Alouatta caraya,Alouatta caraya,Alouatta caraya,Sapajus nigritus,Alouatta,Atelidae,7,Crítico
180,Alouatta guariba clamitans,Alouatta guariba clamitans,Alouatta guariba,Alouatta guariba,Amazona vinacea,Alouatta guariba clamitans,Alouatta guariba clamitans,Alouatta guariba clamitans,Alouatta guariba,Alouatta guariba,Alouatta guariba,Alouatta guariba clamitans,Alouatta,Atelidae,7,Crítico
182,Alouatta guariba clamitans,Alouatta guariba,Alouatta guariba,Alouatta guariba clamitans,Alouatta guariba,Alouatta guariba clamitans,Alouatta guariba clamitans,Alouatta guariba clamitans,Alouatta guariba,Alouatta guariba,Alouatta guariba,Alouatta guariba,Alouatta,Atelidae,7,Crítico
184,Alouatta guariba clamitans,Alouatta guariba clamitans,Alouatta guariba clamitans,Alouatta guariba clamitans,Alouatta guariba clamitans,Alouatta guariba clamitans,Alouatta guariba clamitans,Alouatta guariba,Alouatta guariba clamitans,Alouatta guariba clamitans,Alouatta guariba clamitans,Alouatta guariba clamitans,Alouatta,Atelidae,7,Crítico
185,Alouatta guariba clamitans,Alouatta guariba clamitans,Alouatta guariba clamitans,Alouatta guariba clamitans,Alouatta guariba,Alouatta guariba clamitans,Alouatta guariba clamitans,Alouatta guariba clamitans,Alouatta guariba clamitans,Alouatta guariba clamitans,Alouatta guariba clamitans,Alouatta guariba clamitans,Alouatta,Atelidae,7,Crítico
186,Alouatta guariba clamitans,Alouatta guariba clamitans,Alouatta guariba clamitans,Alouatta caraya,Alouatta caraya,Alouatta guariba clamitans,Alouatta guariba clamitans,Alouatta guariba clamitans,Alouatta guariba clamitans,Alouatta guariba clamitans,Alouatta guariba clamitans,Alouatta guariba clamitans,Alouatta,Atelidae,7,Crítico
187,Alouatta guariba clamitans,Alouatta guariba clamitans,Alouatta guariba,Alouatta guariba,Alouatta guariba clamitans,Alouatta guariba clamitans,Alouatta guariba clamitans,Alouatta guariba clamitans,Alouatta guariba,Alouatta guariba,Alouatta guariba,Alouatta guariba clamitans,Alouatta,Atelidae,7,Crítico
188,Alouatta guariba clamitans,Alouatta guariba clamitans,Sapajus nigritus,Alouatta caraya,Alouatta caraya,Alouatta guariba clamitans,Alouatta caraya,Alouatta caraya,Sapajus nigritus,Sapajus nigritus,Sapajus nigritus,Alouatta guariba clamitans,Alouatta,Atelidae,7,Crítico
189,Alouatta guariba clamitans,Alouatta caraya,Alouatta caraya,Alouatta caraya,Alouatta guariba clamitans,Alouatta caraya,Alouatta caraya,Alouatta caraya,Alouatta caraya,Alouatta caraya,Alouatta caraya,Alouatta caraya,Alouatta,Atelidae,7,Crítico
190,Alouatta guariba clamitans,Alouatta guariba clamitans,Alouatta caraya,Alouatta caraya,Alouatta caraya,Alouatta guariba clamitans,Alouatta guariba clamitans,Alouatta guariba clamitans,Alouatta caraya,Alouatta caraya,Alouatta caraya,Alouatta guariba clamitans,Alouatta,Atelidae,7,Crítico
191,Notharchus swainsoni,Notharchus swainsoni,Notharchus swainsoni,Notharchus swainsoni,Notharchus swainsoni,Notharchus swainsoni,Notharchus swainsoni,Notharchus swainsoni,Notharchus swainsoni,Notharchus swainsoni,Notharchus swainsoni,Notharchus swainsoni,Notharchus,Bucconidae,5,Crítico
194,Notharchus swainsoni,Notharchus swainsoni,Manacus manacus,Cyanocorax chrysops,Cyanocorax chrysops,Notharchus swainsoni,Cyanocorax chrysops,Notharchus swainsoni,Manacus manacus,Manacus manacus,Manacus manacus,Notharchus swainsoni,Notharchus,Bucconidae,5,Crítico
196,Notharchus swainsoni,Hypoedaleus guttatus,Notharchus swainsoni,Notharchus swainsoni,Notharchus swainsoni,Notharchus swainsoni,Hypoedaleus guttatus,Notharchus swainsoni,Notharchus swainsoni,Notharchus swainsoni,Notharchus swainsoni,Hypoedaleus guttatus,Notharchus,Bucconidae,5,Crítico
197,Notharchus swainsoni,Notharchus swainsoni,Notharchus swainsoni,Notharchus swainsoni,Alouatta guariba,Notharchus swainsoni,Notharchus swainsoni,Amazona aestiva,Notharchus swainsoni,Notharchus swainsoni,Notharchus swainsoni,Notharchus swainsoni,Notharchus,Bucconidae,5,Crítico
198,Notharchus swainsoni,Notharchus swainsoni,Notharchus swainsoni,Notharchus swainsoni,Notharchus swainsoni,Notharchus swainsoni,Notharchus swainsoni,Notharchus swainsoni,Notharchus swainsoni,Notharchus swainsoni,Notharchus swainsoni,Notharchus swainsoni,Notharchus,Bucconidae,5,Crítico
199,Notharchus swainsoni,Notharchus swainsoni,Notharchus swainsoni,Notharchus swainsoni,Notharchus swainsoni,Notharchus swainsoni,Notharchus swainsoni,Notharchus swainsoni,Notharchus swainsoni,Notharchus swainsoni,Notharchus swainsoni,Notharchus swainsoni,Notharchus,Bucconidae,5,Crítico
202,Notharchus swainsoni,Notharchus swainsoni,Notharchus swainsoni,Notharchus swainsoni,Notharchus swainsoni,Notharchus swainsoni,Notharchus swainsoni,Notharchus swainsoni,Notharchus swainsoni,Notharchus swainsoni,Notharchus swainsoni,Notharchus swainsoni,Notharchus,Bucconidae,5,Crítico
203,Notharchus swainsoni,Notharchus swainsoni,Hypoedaleus guttatus,Cyanocorax chrysops,Cyanocorax chrysops,Notharchus swainsoni,Notharchus swainsoni,Notharchus swainsoni,Hypoedaleus guttatus,Hypoedaleus guttatus,Hypoedaleus guttatus,Notharchus swainsoni,Notharchus,Bucconidae,5,Crítico
204,Notharchus swainsoni,Amazona aestiva,Baryphthengus ruficapillus,Alouatta caraya,Alouatta caraya,Cyanoloxia brissonii,Pipile jacutinga,Hypoedaleus guttatus,Baryphthengus ruficapillus,Baryphthengus ruficapillus,Baryphthengus ruficapillus,Amazona aestiva,Notharchus,Bucconidae,5,Crítico
207,Notharchus swainsoni,Notharchus swainsoni,Notharchus swainsoni,Notharchus swainsoni,Notharchus swainsoni,Notharchus swainsoni,Notharchus swainsoni,Notharchus swainsoni,Notharchus swainsoni,Notharchus swainsoni,Notharchus swainsoni,Notharchus swainsoni,Notharchus,Bucconidae,5,Crítico
208,Notharchus swainsoni,Notharchus swainsoni,Notharchus swainsoni,Notharchus swainsoni,Notharchus swainsoni,Notharchus swainsoni,Notharchus swainsoni,Notharchus swainsoni,Notharchus swainsoni,Notharchus swainsoni,Notharchus swainsoni,Notharchus swainsoni,Notharchus,Bucconidae,5,Crítico
209,Notharchus swainsoni,Notharchus swainsoni,Notharchus swainsoni,Cyanocorax chrysops,Notharchus swainsoni,Notharchus swainsoni,Notharchus swainsoni,Notharchus swainsoni,Notharchus swainsoni,Notharchus swainsoni,Notharchus swainsoni,Notharchus swainsoni,Notharchus,Bucconidae,5,Crítico
210,Notharchus swainsoni,Notharchus swainsoni,Notharchus swainsoni,Notharchus swainsoni,Notharchus swainsoni,Notharchus swainsoni,Notharchus swainsoni,Notharchus swainsoni,Notharchus swainsoni,Notharchus swainsoni,Notharchus swainsoni,Notharchus swainsoni,Notharchus,Bucconidae,5,Crítico
211,Notharchus swainsoni,Notharchus swainsoni,Notharchus swainsoni,Notharchus swainsoni,Notharchus swainsoni,Notharchus swainsoni,Notharchus swainsoni,Notharchus swainsoni,Notharchus swainsoni,Notharchus swainsoni,Notharchus swainsoni,Notharchus swainsoni,Notharchus,Bucconidae,5,Crítico
212,Notharchus swainsoni,Notharchus swainsoni,Notharchus swainsoni,Notharchus swainsoni,Notharchus swainsoni,Notharchus swainsoni,Notharchus swainsoni,Notharchus swainsoni,Notharchus swainsoni,Notharchus swainsoni,Notharchus swainsoni,Notharchus swainsoni,Notharchus,Bucconidae,5,Crítico
213,Notharchus swainsoni,Notharchus swainsoni,Notharchus swainsoni,Notharchus swainsoni,Notharchus swainsoni,Notharchus swainsoni,Notharchus swainsoni,Gubernetes yetapa,Notharchus swainsoni,Notharchus swainsoni,Notharchus swainsoni,Notharchus swainsoni,Notharchus,Bucconidae,5,Crítico
214,Notharchus swainsoni,Amazona aestiva,Sapajus nigritus,Brotogeris chiriri,Baryphthengus ruficapillus,Notharchus swainsoni,Brotogeris chiriri,Amazona aestiva,Sapajus nigritus,Sapajus nigritus,Sapajus nigritus,Amazona aestiva,Notharchus,Bucconidae,5,Crítico
215,Notharchus swainsoni,Notharchus swainsoni,Notharchus swainsoni,Notharchus swainsoni,Notharchus swainsoni,Notharchus swainsoni,Notharchus swainsoni,Notharchus swainsoni,Notharchus swainsoni,Notharchus swainsoni,Notharchus swainsoni,Notharchus swainsoni,Notharchus,Bucconidae,5,Crítico
216,Notharchus swainsoni,Cyanocorax chrysops,Cyanocorax chrysops,Baryphthengus ruficapillus,Cyanocorax chrysops,Notharchus swainsoni,Cyanocorax chrysops,Cyanocorax chrysops,Cyanocorax chrysops,Cyanocorax chrysops,Cyanocorax chrysops,Selenidera maculirostris,Notharchus,Bucconidae,5,Crítico
217,Notharchus swainsoni,Notharchus swainsoni,Notharchus swainsoni,Cyanoloxia brissonii,Cyanoloxia brissonii,Notharchus swainsoni,Notharchus swainsoni,Selenidera maculirostris,Notharchus swainsoni,Notharchus swainsoni,Notharchus swainsoni,Notharchus swainsoni,Notharchus,Bucconidae,5,Crítico
218,Notharchus swainsoni,Notharchus swainsoni,Notharchus swainsoni,Notharchus swainsoni,Notharchus swainsoni,Notharchus swainsoni,Notharchus swainsoni,Notharchus swainsoni,Notharchus swainsoni,Notharchus swainsoni,Notharchus swainsoni,Notharchus swainsoni,Notharchus,Bucconidae,5,Crítico
219,Notharchus swainsoni,Notharchus swainsoni,Manacus manacus,Cyanocorax chrysops,Manacus manacus,Notharchus swainsoni,Notharchus swainsoni,Notharchus swainsoni,Manacus manacus,Manacus manacus,Manacus manacus,Notharchus swainsoni,Notharchus,Bucconidae,5,Crítico
220,Notharchus swainsoni,Notharchus swainsoni,Notharchus swainsoni,Notharchus swainsoni,Notharchus swainsoni,Notharchus swainsoni,Notharchus swainsoni,Notharchus swainsoni,Notharchus swainsoni,Notharchus swainsoni,Notharchus swainsoni,Notharchus swainsoni,Notharchus,Bucconidae,5,Crítico
221,Notharchus swainsoni,Notharchus swainsoni,Notharchus swainsoni,Cyanoloxia brissonii,Notharchus swainsoni,Notharchus swainsoni,Notharchus swainsoni,Notharchus swainsoni,Notharchus swainsoni,Notharchus swainsoni,Notharchus swainsoni,Notharchus swainsoni,Notharchus,Bucconidae,5,Crítico
222,Notharchus swainsoni,Notharchus swainsoni,Manacus manacus,Mackenziaena severa,Notharchus swainsoni,Notharchus swainsoni,Notharchus swainsoni,Notharchus swainsoni,Manacus manacus,Manacus manacus,Manacus manacus,Notharchus swainsoni,Notharchus,Bucconidae,5,Crítico
223,Notharchus swainsoni,Notharchus swainsoni,Notharchus swainsoni,Celeus galeatus,Notharchus swainsoni,Notharchus swainsoni,Notharchus swainsoni,Notharchus swainsoni,Notharchus swainsoni,Notharchus swainsoni,Notharchus swainsoni,Notharchus swainsoni,Notharchus,Bucconidae,5,Crítico
224,Notharchus swainsoni,Amazona aestiva,Notharchus swainsoni,Notharchus swainsoni,Notharchus swainsoni,Notharchus swainsoni,Amazona aestiva,Amazona aestiva,Notharchus swainsoni,Notharchus swainsoni,Notharchus swainsoni,Amazona aestiva,Notharchus,Bucconidae,5,Crítico
226,Notharchus swainsoni,Notharchus swainsoni,Amazona vinacea,Amazona vinacea,Amazona vinacea,Notharchus swainsoni,Amazona vinacea,Amazona vinacea,Amazona vinacea,Amazona vinacea,Amazona vinacea,Notharchus swainsoni,Notharchus,Bucconidae,5,Crítico
227,Notharchus swainsoni,Notharchus swainsoni,Notharchus swainsoni,Notharchus swainsoni,Notharchus swainsoni,Notharchus swainsoni,Notharchus swainsoni,Notharchus swainsoni,Notharchus swainsoni,Notharchus swainsoni,Notharchus swainsoni,Notharchus swainsoni,Notharchus,Bucconidae,5,Crítico
228,Notharchus swainsoni,Notharchus swainsoni,Notharchus swainsoni,Baryphthengus ruficapillus,Penelope superciliaris,Notharchus swainsoni,Notharchus swainsoni,Notharchus swainsoni,Notharchus swainsoni,Notharchus swainsoni,Notharchus swainsoni,Notharchus swainsoni,Notharchus,Bucconidae,5,Crítico
229,Notharchus swainsoni,Notharchus swainsoni,Notharchus swainsoni,Notharchus swainsoni,Notharchus swainsoni,Notharchus swainsoni,Notharchus swainsoni,Notharchus swainsoni,Notharchus swainsoni,Notharchus swainsoni,Notharchus swainsoni,Notharchus swainsoni,Notharchus,Bucconidae,5,Crítico
230,Notharchus swainsoni,Cyanocorax chrysops,Manacus manacus,Cyanocorax chrysops,Manacus manacus,Manacus manacus,Cyanocorax chrysops,Cyanocorax chrysops,Manacus manacus,Manacus manacus,Manacus manacus,Cyanocorax chrysops,Notharchus,Bucconidae,5,Crítico
231,Notharchus swainsoni,Notharchus swainsoni,Notharchus swainsoni,Gubernetes yetapa,Amazona vinacea,Notharchus swainsoni,Notharchus swainsoni,Notharchus swainsoni,Notharchus swainsoni,Notharchus swainsoni,Notharchus swainsoni,Notharchus swainsoni,Notharchus,Bucconidae,5,Crítico
232,Notharchus swainsoni,Notharchus swainsoni,Notharchus swainsoni,Notharchus swainsoni,Notharchus swainsoni,Notharchus swainsoni,Notharchus swainsoni,Notharchus swainsoni,Notharchus swainsoni,Notharchus swainsoni,Notharchus swainsoni,Notharchus swainsoni,Notharchus,Bucconidae,5,Crítico
233,Notharchus swainsoni,Notharchus swainsoni,Notharchus swainsoni,Notharchus swainsoni,Notharchus swainsoni,Notharchus swainsoni,Notharchus swainsoni,Notharchus swainsoni,Notharchus swainsoni,Notharchus swainsoni,Notharchus swainsoni,Notharchus swainsoni,Notharchus,Bucconidae,5,Crítico
234,Notharchus swainsoni,Notharchus swainsoni,Notharchus swainsoni,Notharchus swainsoni,Notharchus swainsoni,Notharchus swainsoni,Notharchus swainsoni,Notharchus swainsoni,Notharchus swainsoni,Notharchus swainsoni,Notharchus swainsoni,Notharchus swainsoni,Notharchus,Bucconidae,5,Crítico
235,Notharchus swainsoni,Notharchus swainsoni,Notharchus swainsoni,Notharchus swainsoni,Notharchus swainsoni,Notharchus swainsoni,Notharchus swainsoni,Notharchus swainsoni,Notharchus swainsoni,Notharchus swainsoni,Notharchus swainsoni,Notharchus swainsoni,Notharchus,Bucconidae,5,Crítico
236,Notharchus swainsoni,Gubernetes yetapa,Gubernetes yetapa,Amazona vinacea,Gubernetes yetapa,Gubernetes yetapa,Gubernetes yetapa,Amazona vinacea,Gubernetes yetapa,Gubernetes yetapa,Gubernetes yetapa,Gubernetes yetapa,Notharchus,Bucconidae,5,Crítico
237,Notharchus swainsoni,Notharchus swainsoni,Notharchus swainsoni,Notharchus swainsoni,Notharchus swainsoni,Notharchus swainsoni,Notharchus swainsoni,Notharchus swainsoni,Notharchus swainsoni,Notharchus swainsoni,Notharchus swainsoni,Notharchus swainsoni,Notharchus,Bucconidae,5,Crítico
238,Notharchus swainsoni,Notharchus swainsoni,Notharchus swainsoni,Notharchus swainsoni,Notharchus swainsoni,Notharchus swainsoni,Notharchus swainsoni,Notharchus swainsoni,Notharchus swainsoni,Notharchus swainsoni,Notharchus swainsoni,Notharchus swainsoni,Notharchus,Bucconidae,5,Crítico
239,Notharchus swainsoni,Notharchus swainsoni,Notharchus swainsoni,Notharchus swainsoni,Notharchus swainsoni,Notharchus swainsoni,Notharchus swainsoni,Notharchus swainsoni,Notharchus swainsoni,Notharchus swainsoni,Notharchus swainsoni,Notharchus swainsoni,Notharchus,Bucconidae,5,Crítico
240,Notharchus swainsoni,Notharchus swainsoni,Notharchus swainsoni,Notharchus swainsoni,Notharchus swainsoni,Notharchus swainsoni,Notharchus swainsoni,Notharchus swainsoni,Notharchus swainsoni,Notharchus swainsoni,Notharchus swainsoni,Notharchus swainsoni,Notharchus,Bucconidae,5,Crítico
241,Notharchus swainsoni,Notharchus swainsoni,Amazona vinacea,Amazona vinacea,Amazona vinacea,Notharchus swainsoni,Amazona vinacea,Notharchus swainsoni,Amazona vinacea,Amazona vinacea,Amazona vinacea,Notharchus swainsoni,Notharchus,Bucconidae,5,Crítico
244,Notharchus swainsoni,Notharchus swainsoni,Sporophila pileata,Amazona vinacea,Amazona vinacea,Notharchus swainsoni,Notharchus swainsoni,Notharchus swainsoni,Sporophila pileata,Sporophila pileata,Sporophila pileata,Notharchus swainsoni,Notharchus,Bucconidae,5,Crítico
245,Notharchus swainsoni,Notharchus swainsoni,Notharchus swainsoni,Notharchus swainsoni,Notharchus swainsoni,Notharchus swainsoni,Notharchus swainsoni,Notharchus swainsoni,Notharchus swainsoni,Notharchus swainsoni,Notharchus swainsoni,Notharchus swainsoni,Notharchus,Bucconidae,5,Crítico
246,Notharchus swainsoni,Notharchus swainsoni,Notharchus swainsoni,Notharchus swainsoni,Notharchus swainsoni,Notharchus swainsoni,Notharchus swainsoni,Notharchus swainsoni,Notharchus swainsoni,Notharchus swainsoni,Notharchus swainsoni,Notharchus swainsoni,Notharchus,Bucconidae,5,Crítico
250,Notharchus swainsoni,Gubernetes yetapa,Gubernetes yetapa,Gubernetes yetapa,Gubernetes yetapa,Gubernetes yetapa,Gubernetes yetapa,Amazona vinacea,Gubernetes yetapa,Gubernetes yetapa,Gubernetes yetapa,Gubernetes yetapa,Notharchus,Bucconidae,5,Crítico
251,Notharchus swainsoni,Notharchus swainsoni,Penelope superciliaris,Notharchus swainsoni,Notharchus swainsoni,Notharchus swainsoni,Notharchus swainsoni,Notharchus swainsoni,Penelope superciliaris,Penelope superciliaris,Penelope superciliaris,Notharchus swainsoni,Notharchus,Bucconidae,5,Crítico
252,Notharchus swainsoni,Notharchus swainsoni,Notharchus swainsoni,Notharchus swainsoni,Notharchus swainsoni,Notharchus swainsoni,Notharchus swainsoni,Notharchus swainsoni,Notharchus swainsoni,Notharchus swainsoni,Notharchus swainsoni,Notharchus swainsoni,Notharchus,Bucconidae,5,Crítico
253,Notharchus swainsoni,Notharchus swainsoni,Notharchus swainsoni,Brotogeris chiriri,Notharchus swainsoni,Notharchus swainsoni,Notharchus swainsoni,Notharchus swainsoni,Notharchus swainsoni,Notharchus swainsoni,Notharchus swainsoni,Notharchus swainsoni,Notharchus,Bucconidae,5,Crítico
254,Notharchus swainsoni,Notharchus swainsoni,Notharchus swainsoni,Notharchus swainsoni,Notharchus swainsoni,Notharchus swainsoni,Notharchus swainsoni,Notharchus swainsoni,Notharchus swainsoni,Notharchus swainsoni,Notharchus swainsoni,Notharchus swainsoni,Notharchus,Bucconidae,5,Crítico
255,Notharchus swainsoni,Amazona aestiva,Notharchus swainsoni,Brotogeris chiriri,Brotogeris chiriri,Amazona aestiva,Amazona aestiva,Notharchus swainsoni,Notharchus swainsoni,Notharchus swainsoni,Notharchus swainsoni,Amazona aestiva,Notharchus,Bucconidae,5,Crítico
256,Notharchus swainsoni,Notharchus swainsoni,Notharchus swainsoni,Cyanocorax chrysops,Notharchus swainsoni,Notharchus swainsoni,Notharchus swainsoni,Notharchus swainsoni,Notharchus swainsoni,Notharchus swainsoni,Notharchus swainsoni,Notharchus swainsoni,Notharchus,Bucconidae,5,Crítico
257,Notharchus swainsoni,Notharchus swainsoni,Notharchus swainsoni,Notharchus swainsoni,Notharchus swainsoni,Notharchus swainsoni,Notharchus swainsoni,Notharchus swainsoni,Notharchus swainsoni,Notharchus swainsoni,Notharchus swainsoni,Notharchus swainsoni,Notharchus,Bucconidae,5,Crítico
258,Notharchus swainsoni,Notharchus swainsoni,Notharchus swainsoni,Celeus galeatus,Celeus galeatus,Notharchus swainsoni,Notharchus swainsoni,Notharchus swainsoni,Notharchus swainsoni,Notharchus swainsoni,Notharchus swainsoni,Notharchus swainsoni,Notharchus,Bucconidae,5,Crítico
260,Notharchus swainsoni,Hypoedaleus guttatus,Hypoedaleus guttatus,Cyanocorax chrysops,Notharchus swainsoni,Notharchus swainsoni,Hypoedaleus guttatus,Notharchus swainsoni,Hypoedaleus guttatus,Hypoedaleus guttatus,Hypoedaleus guttatus,Hypoedaleus guttatus,Notharchus,Bucconidae,5,Crítico
262,Canis familiaris,Pecari tajacu,Pecari tajacu,Hydrochoerus hydrochaeris,Hydrochoerus hydrochaeris,Pecari tajacu,Pecari tajacu,Pecari tajacu,Pecari tajacu,Pecari tajacu,Pecari tajacu,Pecari tajacu,Canis,Canidae,0,Doméstica
264,Canis familiaris,Canis familiaris,Canis familiaris,Canis familiaris,Canis familiaris,Canis familiaris,Nasua nasua,Didelphis albiventris,Canis familiaris,Canis familiaris,Canis familiaris,Canis familiaris,Canis,Canidae,0,Doméstica
265,Canis familiaris,Canis familiaris,Nasua nasua,Didelphis aurita,Nasua nasua,Canis familiaris,Nasua nasua,Nasua nasua,Nasua nasua,Nasua nasua,Nasua nasua,Canis familiaris,Canis,Canidae,0,Doméstica
266,Canis familiaris,Procyon cancrivorus,Procyon cancrivorus,Dasypus novemcinctus,Cerdocyon thous,Cerdocyon thous,Cerdocyon thous,Cerdocyon thous,Procyon cancrivorus,Procyon cancrivorus,Procyon cancrivorus,Procyon cancrivorus,Canis,Canidae,0,Doméstica
267,Canis familiaris,Canis familiaris,Canis familiaris,Canis familiaris,Canis familiaris,Canis familiaris,Nasua nasua,Nasua nasua,Canis familiaris,Canis familiaris,Canis familiaris,Canis familiaris,Canis,Canidae,0,Doméstica
268,Canis familiaris,Nasua nasua,Nasua nasua,Nasua nasua,Nasua nasua,Nasua nasua,Nasua nasua,Nasua nasua,Nasua nasua,Nasua nasua,Nasua nasua,Nasua nasua,Canis,Canidae,0,Doméstica
269,Canis familiaris,Nasua nasua,Salvator merianae,Didelphis aurita,Nasua nasua,Nasua nasua,Nasua nasua,Nasua nasua,Salvator merianae,Salvator merianae,Salvator merianae,Nasua nasua,Canis,Canidae,0,Doméstica
270,Canis familiaris,Canis familiaris,Canis familiaris,Canis familiaris,Lycalopex gymnocerca,Canis familiaris,Didelphis aurita,Cyanoloxia brissonii,Canis familiaris,Canis familiaris,Canis familiaris,Canis familiaris,Canis,Canidae,0,Doméstica
271,Canis familiaris,Canis familiaris,Lontra longicaudis,Didelphis aurita,Nasua nasua,Canis familiaris,Nasua nasua,Didelphis albiventris,Lontra longicaudis,Lontra longicaudis,Lontra longicaudis,Canis familiaris,Canis,Canidae,0,Doméstica
272,Canis familiaris,Canis familiaris,Canis familiaris,Lycalopex gymnocerca,Canis familiaris,Canis familiaris,Lycalopex gymnocerca,Galictis cuja,Canis familiaris,Canis familiaris,Canis familiaris,Canis familiaris,Canis,Canidae,0,Doméstica
273,Canis familiaris,Canis familiaris,Nasua nasua,Didelphis albiventris,Nasua nasua,Canis familiaris,Didelphis albiventris,Didelphis albiventris,Nasua nasua,Nasua nasua,Nasua nasua,Canis familiaris,Canis,Canidae,0,Doméstica
274,Canis familiaris,Aramides saracura,Didelphis aurita,Didelphis aurita,Aramides saracura,Didelphis aurita,Didelphis aurita,Didelphis aurita,Didelphis aurita,Didelphis aurita,Didelphis aurita,Aramides saracura,Canis,Canidae,0,Doméstica
276,Canis familiaris,Hydrochoerus hydrochaeris,Aramides saracura,Aramides saracura,Salvator merianae,Hydrochoerus hydrochaeris,Salvator merianae,Hydrochoerus hydrochaeris,Aramides saracura,Aramides saracura,Aramides saracura,Hydrochoerus hydrochaeris,Canis,Canidae,0,Doméstica
277,Canis familiaris,Lycalopex gymnocerca,Lycalopex gymnocerca,Lycalopex gymnocerca,Lycalopex gymnocerca,Lycalopex gymnocerca,Lycalopex gymnocerca,Lycalopex gymnocerca,Lycalopex gymnocerca,Lycalopex gymnocerca,Lycalopex gymnocerca,Lycalopex gymnocerca,Canis,Canidae,0,Doméstica
278,Canis familiaris,Didelphis aurita,Didelphis aurita,Didelphis aurita,Didelphis aurita,Didelphis aurita,Didelphis aurita,Salvator merianae,Didelphis aurita,Didelphis aurita,Didelphis aurita,Didelphis aurita,Canis,Canidae,0,Doméstica
279,Canis familiaris,Hydrochoerus hydrochaeris,Salvator merianae,Aramides saracura,Salvator merianae,Hydrochoerus hydrochaeris,Salvator merianae,Aramides saracura,Salvator merianae,Salvator merianae,Salvator merianae,Hydrochoerus hydrochaeris,Canis,Canidae,0,Doméstica
280,Canis familiaris,Canis familiaris,Canis familiaris,Canis familiaris,Canis familiaris,Canis familiaris,Dasyprocta azarae,Hydrochoerus hydrochaeris,Canis familiaris,Canis familiaris,Canis familiaris,Canis familiaris,Canis,Canidae,0,Doméstica
281,Canis familiaris,Canis familiaris,Canis familiaris,Canis familiaris,Nasua nasua,Canis familiaris,Nasua nasua,Tinamus solitarius,Canis familiaris,Canis familiaris,Canis familiaris,Canis familiaris,Canis,Canidae,0,Doméstica
283,Canis familiaris,Hydrochoerus hydrochaeris,Lycalopex gymnocerca,Galictis cuja,Cerdocyon thous,Hydrochoerus hydrochaeris,Hydrochoerus hydrochaeris,Hydrochoerus hydrochaeris,Lycalopex gymnocerca,Lycalopex gymnocerca,Lycalopex gymnocerca,Hydrochoerus hydrochaeris,Canis,Canidae,0,Doméstica
284,Canis familiaris,Canis familiaris,Canis familiaris,Nasua nasua,Nasua nasua,Canis familiaris,Nasua nasua,Nasua nasua,Canis familiaris,Canis familiaris,Canis familiaris,Canis familiaris,Canis,Canidae,0,Doméstica
285,Canis familiaris,Canis familiaris,Nasua nasua,Nasua nasua,Nasua nasua,Lycalopex gymnocerca,Lycalopex gymnocerca,Nasua nasua,Nasua nasua,Nasua nasua,Nasua nasua,Canis familiaris,Canis,Canidae,0,Doméstica
286,Canis familiaris,Tayassu pecari,Dasyprocta azarae,Dasyprocta azarae,Dasyprocta azarae,Eira barbara,Dasyprocta azarae,Dasyprocta azarae,Dasyprocta azarae,Dasyprocta azarae,Dasyprocta azarae,Tayassu pecari,Canis,Canidae,0,Doméstica
288,Canis familiaris,Tayassu pecari,Tayassu pecari,Mazama nanus,Aramides saracura,Tamandua tetradactyla,Leopardus guttulus,Leopardus pardalis,Tayassu pecari,Tayassu pecari,Tayassu pecari,Tayassu pecari,Canis,Canidae,0,Doméstica
290,Cerdocyon thous,Cuniculus paca,Cuniculus paca,Cuniculus paca,Leopardus wiedii,Leopardus wiedii,Cerdocyon thous,Leopardus guttulus,Cuniculus paca,Cuniculus paca,Cuniculus paca,Cuniculus paca,Cerdocyon,Canidae,1,Bajo
291,Cerdocyon thous,Tamandua tetradactyla,Leopardus guttulus,Cerdocyon thous,Cerdocyon thous,Cerdocyon thous,Cerdocyon thous,Didelphis aurita,Leopardus guttulus,Leopardus guttulus,Leopardus guttulus,Tamandua tetradactyla,Cerdocyon,Canidae,1,Bajo
292,Cerdocyon thous,Galictis cuja,Procyon cancrivorus,Cerdocyon thous,Cerdocyon thous,Cerdocyon thous,Galictis cuja,Pecari tajacu,Procyon cancrivorus,Procyon cancrivorus,Procyon cancrivorus,Galictis cuja,Cerdocyon,Canidae,1,Bajo
293,Cerdocyon thous,Lepus europaeus,Lycalopex gymnocerca,Eira barbara,Lycalopex gymnocerca,Subulo gouazoubira,Lepus europaeus,Lepus europaeus,Lycalopex gymnocerca,Lycalopex gymnocerca,Lycalopex gymnocerca,Lepus europaeus,Cerdocyon,Canidae,1,Bajo
294,Cerdocyon thous,Cuniculus paca,Leopardus guttulus,Cuniculus paca,Cuniculus paca,Cerdocyon thous,Cerdocyon thous,Cerdocyon thous,Leopardus guttulus,Leopardus guttulus,Leopardus guttulus,Cuniculus paca,Cerdocyon,Canidae,1,Bajo
296,Cerdocyon thous,Procyon cancrivorus,Cerdocyon thous,Cerdocyon thous,Cerdocyon thous,Cerdocyon thous,Cerdocyon thous,Subulo gouazoubira,Cerdocyon thous,Cerdocyon thous,Cerdocyon thous,Procyon cancrivorus,Cerdocyon,Canidae,1,Bajo
297,Cerdocyon thous,Galictis cuja,Procyon cancrivorus,Cerdocyon thous,Galictis cuja,Lycalopex gymnocerca,Galictis cuja,Galictis cuja,Procyon cancrivorus,Procyon cancrivorus,Procyon cancrivorus,Galictis cuja,Cerdocyon,Canidae,1,Bajo
298,Cerdocyon thous,Cerdocyon thous,Leopardus wiedii,Dasyprocta azarae,Crax fasciolata,Cerdocyon thous,Cerdocyon thous,Eira barbara,Leopardus wiedii,Leopardus wiedii,Leopardus wiedii,Cerdocyon thous,Cerdocyon,Canidae,1,Bajo
299,Cerdocyon thous,Galictis cuja,Leopardus wiedii,Cerdocyon thous,Cerdocyon thous,Galictis cuja,Galictis cuja,Cerdocyon thous,Leopardus wiedii,Leopardus wiedii,Leopardus wiedii,Galictis cuja,Cerdocyon,Canidae,1,Bajo
300,Cerdocyon thous,Galictis cuja,Galictis cuja,Cerdocyon thous,Cerdocyon thous,Cerdocyon thous,Galictis cuja,Euphractus sexcinctus,Galictis cuja,Galictis cuja,Galictis cuja,Galictis cuja,Cerdocyon,Canidae,1,Bajo
301,Cerdocyon thous,Cerdocyon thous,Procyon cancrivorus,Herpailurus yagouaroundi,Galictis cuja,Cerdocyon thous,Cerdocyon thous,Lontra longicaudis,Procyon cancrivorus,Procyon cancrivorus,Procyon cancrivorus,Cerdocyon thous,Cerdocyon,Canidae,1,Bajo
302,Cerdocyon thous,Lycalopex gymnocerca,Pecari tajacu,Pecari tajacu,Lepus europaeus,Dasyprocta azarae,Lycalopex gymnocerca,Hydrochoerus hydrochaeris,Pecari tajacu,Pecari tajacu,Pecari tajacu,Lycalopex gymnocerca,Cerdocyon,Canidae,1,Bajo
303,Cerdocyon thous,Galictis cuja,Didelphis aurita,Cerdocyon thous,Cerdocyon thous,Cerdocyon thous,Galictis cuja,Cerdocyon thous,Didelphis aurita,Didelphis aurita,Didelphis aurita,Galictis cuja,Cerdocyon,Canidae,1,Bajo
304,Cerdocyon thous,Galictis cuja,Cerdocyon thous,Cerdocyon thous,Cerdocyon thous,Cerdocyon thous,Cerdocyon thous,Cerdocyon thous,Cerdocyon thous,Cerdocyon thous,Cerdocyon thous,Galictis cuja,Cerdocyon,Canidae,1,Bajo
305,Cerdocyon thous,Galictis cuja,Procyon cancrivorus,Cerdocyon thous,Cerdocyon thous,Galictis cuja,Galictis cuja,Galictis cuja,Procyon cancrivorus,Procyon cancrivorus,Procyon cancrivorus,Galictis cuja,Cerdocyon,Canidae,1,Bajo
306,Cerdocyon thous,Lycalopex gymnocerca,Eira barbara,Eira barbara,Cerdocyon thous,Lycalopex gymnocerca,Lycalopex gymnocerca,Cerdocyon thous,Eira barbara,Eira barbara,Eira barbara,Lycalopex gymnocerca,Cerdocyon,Canidae,1,Bajo
307,Cerdocyon thous,Tamandua tetradactyla,Herpailurus yagouaroundi,Cerdocyon thous,Cerdocyon thous,Cerdocyon thous,Cerdocyon thous,Cerdocyon thous,Herpailurus yagouaroundi,Herpailurus yagouaroundi,Herpailurus yagouaroundi,Tamandua tetradactyla,Cerdocyon,Canidae,1,Bajo
308,Cerdocyon thous,Galictis cuja,Procyon cancrivorus,Cerdocyon thous,Galictis cuja,Lycalopex gymnocerca,Galictis cuja,Galictis cuja,Procyon cancrivorus,Procyon cancrivorus,Procyon cancrivorus,Galictis cuja,Cerdocyon,Canidae,1,Bajo
309,Cerdocyon thous,Tamandua tetradactyla,Cerdocyon thous,Cerdocyon thous,Cerdocyon thous,Cerdocyon thous,Cerdocyon thous,Cerdocyon thous,Cerdocyon thous,Cerdocyon thous,Cerdocyon thous,Tamandua tetradactyla,Cerdocyon,Canidae,1,Bajo
310,Cerdocyon thous,Puma concolor,Puma concolor,Puma concolor,Penelope superciliaris,Puma concolor,Hydrochoerus hydrochaeris,Hydrochoerus hydrochaeris,Puma concolor,Puma concolor,Puma concolor,Puma concolor,Cerdocyon,Canidae,1,Bajo
312,Cerdocyon thous,Cuniculus paca,Cuniculus paca,Cerdocyon thous,Aramides saracura,Cerdocyon thous,Cerdocyon thous,Cerdocyon thous,Cuniculus paca,Cuniculus paca,Cuniculus paca,Cuniculus paca,Cerdocyon,Canidae,1,Bajo
313,Cerdocyon thous,Lycalopex gymnocerca,Lycalopex gymnocerca,Lycalopex gymnocerca,Lycalopex gymnocerca,Lycalopex gymnocerca,Lycalopex gymnocerca,Lycalopex gymnocerca,Lycalopex gymnocerca,Lycalopex gymnocerca,Lycalopex gymnocerca,Lycalopex gymnocerca,Cerdocyon,Canidae,1,Bajo
314,Cerdocyon thous,Cabassous tatouay,Puma concolor,Cabassous tatouay,Cabassous tatouay,Cabassous tatouay,Cerdocyon thous,Cabassous tatouay,Puma concolor,Puma concolor,Puma concolor,Cabassous tatouay,Cerdocyon,Canidae,1,Bajo
315,Cerdocyon thous,Sus scrofa,Lycalopex gymnocerca,Lycalopex gymnocerca,Lycalopex gymnocerca,Lycalopex gymnocerca,Sus scrofa,Sus scrofa,Lycalopex gymnocerca,Lycalopex gymnocerca,Lycalopex gymnocerca,Sus scrofa,Cerdocyon,Canidae,1,Bajo
316,Cerdocyon thous,Herpailurus yagouaroundi,Tamandua tetradactyla,Aramides saracura,Lontra longicaudis,Cerdocyon thous,Galictis cuja,Cerdocyon thous,Tamandua tetradactyla,Tamandua tetradactyla,Tamandua tetradactyla,Herpailurus yagouaroundi,Cerdocyon,Canidae,1,Bajo
320,Cerdocyon thous,Canis familiaris,Hydrochoerus hydrochaeris,Aramides saracura,Nasua nasua,Canis familiaris,Cerdocyon thous,Lontra longicaudis,Hydrochoerus hydrochaeris,Hydrochoerus hydrochaeris,Hydrochoerus hydrochaeris,Canis familiaris,Cerdocyon,Canidae,1,Bajo
322,Cerdocyon thous,Galictis cuja,Procyon cancrivorus,Galictis cuja,Didelphis aurita,Leopardus guttulus,Cerdocyon thous,Leopardus guttulus,Procyon cancrivorus,Procyon cancrivorus,Procyon cancrivorus,Galictis cuja,Cerdocyon,Canidae,1,Bajo
323,Cerdocyon thous,Procyon cancrivorus,Procyon cancrivorus,Cerdocyon thous,Procyon cancrivorus,Cerdocyon thous,Cerdocyon thous,Cerdocyon thous,Procyon cancrivorus,Procyon cancrivorus,Procyon cancrivorus,Procyon cancrivorus,Cerdocyon,Canidae,1,Bajo
327,Cerdocyon thous,Procyon cancrivorus,Leopardus wiedii,Cuniculus paca,Procyon cancrivorus,Cerdocyon thous,Cerdocyon thous,Cerdocyon thous,Leopardus wiedii,Leopardus wiedii,Leopardus wiedii,Procyon cancrivorus,Cerdocyon,Canidae,1,Bajo
329,Cerdocyon thous,Dasyprocta azarae,Dasyprocta azarae,Dasyprocta azarae,Dasyprocta azarae,Tinamus solitarius,Dasyprocta azarae,Salvator merianae,Dasyprocta azarae,Dasyprocta azarae,Dasyprocta azarae,Dasyprocta azarae,Cerdocyon,Canidae,1,Bajo
330,Cerdocyon thous,Tamandua tetradactyla,Lontra longicaudis,Lontra longicaudis,Lontra longicaudis,Cerdocyon thous,Galictis cuja,Cerdocyon thous,Lontra longicaudis,Lontra longicaudis,Lontra longicaudis,Tamandua tetradactyla,Cerdocyon,Canidae,1,Bajo
331,Cerdocyon thous,Galictis cuja,Lontra longicaudis,Cerdocyon thous,Lontra longicaudis,Cerdocyon thous,Galictis cuja,Cerdocyon thous,Lontra longicaudis,Lontra longicaudis,Lontra longicaudis,Tamandua tetradactyla,Cerdocyon,Canidae,1,Bajo
332,Cerdocyon thous,Cuniculus paca,Cuniculus paca,Cuniculus paca,Cuniculus paca,Cerdocyon thous,Cerdocyon thous,Cerdocyon thous,Cuniculus paca,Cuniculus paca,Cuniculus paca,Cuniculus paca,Cerdocyon,Canidae,1,Bajo
333,Cerdocyon thous,Didelphis aurita,Procyon cancrivorus,Cuniculus paca,Cuniculus paca,Cerdocyon thous,Cerdocyon thous,Nasua nasua,Procyon cancrivorus,Procyon cancrivorus,Procyon cancrivorus,Didelphis aurita,Cerdocyon,Canidae,1,Bajo
334,Cerdocyon thous,Procyon cancrivorus,Leopardus guttulus,Cuniculus paca,Cuniculus paca,Cerdocyon thous,Cerdocyon thous,Leopardus guttulus,Leopardus guttulus,Leopardus guttulus,Leopardus guttulus,Procyon cancrivorus,Cerdocyon,Canidae,1,Bajo
335,Cerdocyon thous,Dasyprocta azarae,Nasua nasua,Galictis cuja,Crypturellus tataupa,Didelphis aurita,Dasyprocta azarae,Eira barbara,Nasua nasua,Nasua nasua,Nasua nasua,Dasyprocta azarae,Cerdocyon,Canidae,1,Bajo
337,Cerdocyon thous,Herpailurus yagouaroundi,Pecari tajacu,Mazama nanus,Leopardus guttulus,Sus scrofa,Leopardus guttulus,Subulo gouazoubira,Pecari tajacu,Pecari tajacu,Pecari tajacu,Herpailurus yagouaroundi,Cerdocyon,Canidae,1,Bajo
338,Cerdocyon thous,Galictis cuja,Cerdocyon thous,Cerdocyon thous,Cerdocyon thous,Cerdocyon thous,Galictis cuja,Cerdocyon thous,Cerdocyon thous,Cerdocyon thous,Cerdocyon thous,Galictis cuja,Cerdocyon,Canidae,1,Bajo
339,Cerdocyon thous,Lycalopex gymnocerca,Sylvilagus brasiliensis,Herpailurus yagouaroundi,Mazama nanus,Lycalopex gymnocerca,Lycalopex gymnocerca,Lycalopex gymnocerca,Sylvilagus brasiliensis,Sylvilagus brasiliensis,Sylvilagus brasiliensis,Lycalopex gymnocerca,Cerdocyon,Canidae,1,Bajo
340,Cerdocyon thous,Lycalopex gymnocerca,Lycalopex gymnocerca,Lycalopex gymnocerca,Lycalopex gymnocerca,Lycalopex gymnocerca,Lycalopex gymnocerca,Lycalopex gymnocerca,Lycalopex gymnocerca,Lycalopex gymnocerca,Lycalopex gymnocerca,Lycalopex gymnocerca,Cerdocyon,Canidae,1,Bajo
342,Cerdocyon thous,Sus scrofa,Cerdocyon thous,Cerdocyon thous,Cerdocyon thous,Sus scrofa,Sus scrofa,Lepus europaeus,Cerdocyon thous,Cerdocyon thous,Cerdocyon thous,Sus scrofa,Cerdocyon,Canidae,1,Bajo
343,Cerdocyon thous,Eira barbara,Cerdocyon thous,Cerdocyon thous,Cerdocyon thous,Lycalopex gymnocerca,Cerdocyon thous,Cerdocyon thous,Cerdocyon thous,Cerdocyon thous,Cerdocyon thous,Eira barbara,Cerdocyon,Canidae,1,Bajo
344,Cerdocyon thous,Cerdocyon thous,Lontra longicaudis,Cerdocyon thous,Lontra longicaudis,Cerdocyon thous,Cerdocyon thous,Cerdocyon thous,Lontra longicaudis,Lontra longicaudis,Lontra longicaudis,Cerdocyon thous,Cerdocyon,Canidae,1,Bajo
345,Cerdocyon thous,Lycalopex gymnocerca,Subulo gouazoubira,Subulo gouazoubira,Subulo gouazoubira,Lycalopex gymnocerca,Lycalopex gymnocerca,Subulo gouazoubira,Subulo gouazoubira,Subulo gouazoubira,Subulo gouazoubira,Lycalopex gymnocerca,Cerdocyon,Canidae,1,Bajo
346,Cerdocyon thous,Lepus europaeus,Lepus europaeus,Herpailurus yagouaroundi,Sylvilagus brasiliensis,Lycalopex gymnocerca,Cerdocyon thous,Lepus europaeus,Lepus europaeus,Lepus europaeus,Lepus europaeus,Lepus europaeus,Cerdocyon,Canidae,1,Bajo
347,Cerdocyon thous,Dasyprocta azarae,Dasyprocta azarae,Penelope superciliaris,Dasyprocta azarae,Herpailurus yagouaroundi,Dasyprocta azarae,Herpailurus yagouaroundi,Dasyprocta azarae,Dasyprocta azarae,Dasyprocta azarae,Dasyprocta azarae,Cerdocyon,Canidae,1,Bajo
348,Cerdocyon thous,Sus scrofa,Lycalopex gymnocerca,Lycalopex gymnocerca,Lycalopex gymnocerca,Lycalopex gymnocerca,Sus scrofa,Sus scrofa,Lycalopex gymnocerca,Lycalopex gymnocerca,Lycalopex gymnocerca,Sus scrofa,Cerdocyon,Canidae,1,Bajo
349,Cerdocyon thous,Leopardus wiedii,Leopardus wiedii,Leopardus wiedii,Crypturellus tataupa,Lycalopex gymnocerca,Cerdocyon thous,Leopardus wiedii,Leopardus wiedii,Leopardus wiedii,Leopardus wiedii,Leopardus wiedii,Cerdocyon,Canidae,1,Bajo
350,Cerdocyon thous,Galictis cuja,Procyon cancrivorus,Cerdocyon thous,Cerdocyon thous,Galictis cuja,Galictis cuja,Cerdocyon thous,Procyon cancrivorus,Procyon cancrivorus,Procyon cancrivorus,Galictis cuja,Cerdocyon,Canidae,1,Bajo
351,Cerdocyon thous,Cerdocyon thous,Salvator merianae,Myrmecophaga tridactyla,Cerdocyon thous,Cerdocyon thous,Cerdocyon thous,Lycalopex gymnocerca,Salvator merianae,Salvator merianae,Salvator merianae,Cerdocyon thous,Cerdocyon,Canidae,1,Bajo
352,Cerdocyon thous,Procyon cancrivorus,Procyon cancrivorus,Cerdocyon thous,Cerdocyon thous,Cerdocyon thous,Cerdocyon thous,Cerdocyon thous,Procyon cancrivorus,Procyon cancrivorus,Procyon cancrivorus,Procyon cancrivorus,Cerdocyon,Canidae,1,Bajo
353,Cerdocyon thous,Cerdocyon thous,Procyon cancrivorus,Didelphis albiventris,Didelphis albiventris,Cerdocyon thous,Cerdocyon thous,Nasua nasua,Procyon cancrivorus,Procyon cancrivorus,Procyon cancrivorus,Cerdocyon thous,Cerdocyon,Canidae,1,Bajo
354,Lycalopex gymnocerca,Sus scrofa,Cerdocyon thous,Cerdocyon thous,Sus scrofa,Nothura maculosa,Sus scrofa,Sus scrofa,Cerdocyon thous,Cerdocyon thous,Cerdocyon thous,Sus scrofa,Lycalopex,Canidae,1,Bajo
355,Lycalopex gymnocerca,Cerdocyon thous,Cerdocyon thous,Cerdocyon thous,Cerdocyon thous,Lepus europaeus,Cerdocyon thous,Lepus europaeus,Cerdocyon thous,Cerdocyon thous,Cerdocyon thous,Lepus europaeus,Lycalopex,Canidae,1,Bajo
357,Lycalopex gymnocerca,Galictis cuja,Lycalopex gymnocerca,Lycalopex gymnocerca,Lycalopex gymnocerca,Lycalopex gymnocerca,Lycalopex gymnocerca,Lycalopex gymnocerca,Lycalopex gymnocerca,Lycalopex gymnocerca,Lycalopex gymnocerca,Galictis cuja,Lycalopex,Canidae,1,Bajo
358,Lycalopex gymnocerca,Lycalopex gymnocerca,Lycalopex gymnocerca,Leopardus guttulus,Lycalopex gymnocerca,Lycalopex gymnocerca,Lycalopex gymnocerca,Lycalopex gymnocerca,Lycalopex gymnocerca,Lycalopex gymnocerca,Lycalopex gymnocerca,Lycalopex gymnocerca,Lycalopex,Canidae,1,Bajo
359,Lycalopex gymnocerca,Lycalopex gymnocerca,Lycalopex gymnocerca,Lycalopex gymnocerca,Lycalopex gymnocerca,Lycalopex gymnocerca,Lycalopex gymnocerca,Lycalopex gymnocerca,Lycalopex gymnocerca,Lycalopex gymnocerca,Lycalopex gymnocerca,Lycalopex gymnocerca,Lycalopex,Canidae,1,Bajo
360,Lycalopex gymnocerca,Lepus europaeus,Lepus europaeus,Lycalopex gymnocerca,Lycalopex gymnocerca,Lycalopex gymnocerca,Lycalopex gymnocerca,Lycalopex gymnocerca,Lepus europaeus,Lepus europaeus,Lepus europaeus,Lepus europaeus,Lycalopex,Canidae,1,Bajo
362,Lycalopex gymnocerca,Lycalopex gymnocerca,Lycalopex gymnocerca,Lycalopex gymnocerca,Lycalopex gymnocerca,Lycalopex gymnocerca,Lycalopex gymnocerca,Lycalopex gymnocerca,Lycalopex gymnocerca,Lycalopex gymnocerca,Lycalopex gymnocerca,Lycalopex gymnocerca,Lycalopex,Canidae,1,Bajo
364,Lycalopex gymnocerca,Lepus europaeus,Lycalopex gymnocerca,Cerdocyon thous,Cerdocyon thous,Lycalopex gymnocerca,Lepus europaeus,Lepus europaeus,Lycalopex gymnocerca,Lycalopex gymnocerca,Lycalopex gymnocerca,Lepus europaeus,Lycalopex,Canidae,1,Bajo
365,Lycalopex gymnocerca,Sus scrofa,Lycalopex gymnocerca,Sus scrofa,Sus scrofa,Lycalopex gymnocerca,Sus scrofa,Sus scrofa,Lycalopex gymnocerca,Lycalopex gymnocerca,Lycalopex gymnocerca,Sus scrofa,Lycalopex,Canidae,1,Bajo
366,Lycalopex gymnocerca,Puma concolor,Puma concolor,Cerdocyon thous,Cerdocyon thous,Lycalopex gymnocerca,Sus scrofa,Sus scrofa,Puma concolor,Puma concolor,Puma concolor,Puma concolor,Lycalopex,Canidae,1,Bajo
368,Lycalopex gymnocerca,Lycalopex gymnocerca,Sylvilagus brasiliensis,Leopardus pardalis,Leopardus pardalis,Lycalopex gymnocerca,Lycalopex gymnocerca,Cerdocyon thous,Sylvilagus brasiliensis,Sylvilagus brasiliensis,Sylvilagus brasiliensis,Lycalopex gymnocerca,Lycalopex,Canidae,1,Bajo
370,Lycalopex gymnocerca,Lycalopex gymnocerca,Lycalopex gymnocerca,Lycalopex gymnocerca,Lycalopex gymnocerca,Lycalopex gymnocerca,Lycalopex gymnocerca,Lycalopex gymnocerca,Lycalopex gymnocerca,Lycalopex gymnocerca,Lycalopex gymnocerca,Lycalopex gymnocerca,Lycalopex,Canidae,1,Bajo
371,Lycalopex gymnocerca,Cerdocyon thous,Cerdocyon thous,Cerdocyon thous,Lycalopex gymnocerca,Cerdocyon thous,Cerdocyon thous,Dasyprocta azarae,Cerdocyon thous,Cerdocyon thous,Cerdocyon thous,Cerdocyon thous,Lycalopex,Canidae,1,Bajo
372,Lycalopex gymnocerca,Lycalopex gymnocerca,Lycalopex gymnocerca,Lycalopex gymnocerca,Lycalopex gymnocerca,Lycalopex gymnocerca,Lycalopex gymnocerca,Lycalopex gymnocerca,Lycalopex gymnocerca,Lycalopex gymnocerca,Lycalopex gymnocerca,Lycalopex gymnocerca,Lycalopex,Canidae,1,Bajo
373,Lycalopex gymnocerca,Didelphis albiventris,Leopardus wiedii,Dasyprocta azarae,Dasyprocta azarae,Lycalopex gymnocerca,Didelphis albiventris,Cyanocorax chrysops,Leopardus wiedii,Leopardus wiedii,Leopardus wiedii,Didelphis albiventris,Lycalopex,Canidae,1,Bajo
375,Lycalopex gymnocerca,Lycalopex gymnocerca,Lycalopex gymnocerca,Lycalopex gymnocerca,Lycalopex gymnocerca,Lycalopex gymnocerca,Lycalopex gymnocerca,Lycalopex gymnocerca,Lycalopex gymnocerca,Lycalopex gymnocerca,Lycalopex gymnocerca,Lycalopex gymnocerca,Lycalopex,Canidae,1,Bajo
376,Lycalopex gymnocerca,Sus scrofa domesticus,Lycalopex gymnocerca,Lycalopex gymnocerca,Lycalopex gymnocerca,Lycalopex gymnocerca,Lycalopex gymnocerca,Lycalopex gymnocerca,Lycalopex gymnocerca,Lycalopex gymnocerca,Lycalopex gymnocerca,Sus scrofa domesticus,Lycalopex,Canidae,1,Bajo
377,Lycalopex gymnocerca,Lycalopex gymnocerca,Cerdocyon thous,Cerdocyon thous,Lepus europaeus,Lycalopex gymnocerca,Lycalopex gymnocerca,Lycalopex gymnocerca,Cerdocyon thous,Cerdocyon thous,Cerdocyon thous,Lycalopex gymnocerca,Lycalopex,Canidae,1,Bajo
378,Lycalopex gymnocerca,Hydrochoerus hydrochaeris,Subulo gouazoubira,Lycalopex gymnocerca,Lycalopex gymnocerca,Lepus europaeus,Hydrochoerus hydrochaeris,Aramides saracura,Subulo gouazoubira,Subulo gouazoubira,Subulo gouazoubira,Hydrochoerus hydrochaeris,Lycalopex,Canidae,1,Bajo
379,Lycalopex gymnocerca,Sus scrofa,Lycalopex gymnocerca,Cerdocyon thous,Lepus europaeus,Lycalopex gymnocerca,Sus scrofa,Sus scrofa,Lycalopex gymnocerca,Lycalopex gymnocerca,Lycalopex gymnocerca,Sus scrofa,Lycalopex,Canidae,1,Bajo
380,Lycalopex gymnocerca,Lycalopex gymnocerca,Lycalopex gymnocerca,Lycalopex gymnocerca,Cerdocyon thous,Lycalopex gymnocerca,Lycalopex gymnocerca,Cerdocyon thous,Lycalopex gymnocerca,Lycalopex gymnocerca,Lycalopex gymnocerca,Lycalopex gymnocerca,Lycalopex,Canidae,1,Bajo
381,Lycalopex gymnocerca,Hydrochoerus hydrochaeris,Hydrochoerus hydrochaeris,Hydrochoerus hydrochaeris,Hydrochoerus hydrochaeris,Lycalopex gymnocerca,Hydrochoerus hydrochaeris,Hydrochoerus hydrochaeris,Hydrochoerus hydrochaeris,Hydrochoerus hydrochaeris,Hydrochoerus hydrochaeris,Hydrochoerus hydrochaeris,Lycalopex,Canidae,1,Bajo
382,Lycalopex gymnocerca,Hydrochoerus hydrochaeris,Hydrochoerus hydrochaeris,Hydrochoerus hydrochaeris,Hydrochoerus hydrochaeris,Didelphis aurita,Hydrochoerus hydrochaeris,Hydrochoerus hydrochaeris,Hydrochoerus hydrochaeris,Hydrochoerus hydrochaeris,Hydrochoerus hydrochaeris,Hydrochoerus hydrochaeris,Lycalopex,Canidae,1,Bajo
383,Lycalopex gymnocerca,Lycalopex gymnocerca,Lycalopex gymnocerca,Lycalopex gymnocerca,Cerdocyon thous,Lycalopex gymnocerca,Lycalopex gymnocerca,Lycalopex gymnocerca,Lycalopex gymnocerca,Lycalopex gymnocerca,Lycalopex gymnocerca,Lycalopex gymnocerca,Lycalopex,Canidae,1,Bajo
385,Lycalopex gymnocerca,Lycalopex gymnocerca,Lycalopex gymnocerca,Lycalopex gymnocerca,Lycalopex gymnocerca,Lycalopex gymnocerca,Lycalopex gymnocerca,Lycalopex gymnocerca,Lycalopex gymnocerca,Lycalopex gymnocerca,Lycalopex gymnocerca,Lycalopex gymnocerca,Lycalopex,Canidae,1,Bajo
386,Lycalopex gymnocerca,Tamandua tetradactyla,Cerdocyon thous,Cerdocyon thous,Cerdocyon thous,Cerdocyon thous,Cerdocyon thous,Cerdocyon thous,Cerdocyon thous,Cerdocyon thous,Cerdocyon thous,Tamandua tetradactyla,Lycalopex,Canidae,1,Bajo
387,Lycalopex gymnocerca,Lycalopex gymnocerca,Lycalopex gymnocerca,Lycalopex gymnocerca,Lycalopex gymnocerca,Lycalopex gymnocerca,Lycalopex gymnocerca,Lycalopex gymnocerca,Lycalopex gymnocerca,Lycalopex gymnocerca,Lycalopex gymnocerca,Lycalopex gymnocerca,Lycalopex,Canidae,1,Bajo
389,Lycalopex gymnocerca,Lycalopex gymnocerca,Subulo gouazoubira,Subulo gouazoubira,Subulo gouazoubira,Lycalopex gymnocerca,Lycalopex gymnocerca,Lycalopex gymnocerca,Subulo gouazoubira,Subulo gouazoubira,Subulo gouazoubira,Lycalopex gymnocerca,Lycalopex,Canidae,1,Bajo
390,Lycalopex gymnocerca,Grallaria varia,Leptotila rufaxilla,Leptotila rufaxilla,Crypturellus tataupa,Lycalopex gymnocerca,Dasyprocta azarae,Didelphis albiventris,Leptotila rufaxilla,Leptotila rufaxilla,Leptotila rufaxilla,Grallaria varia,Lycalopex,Canidae,1,Bajo
391,Lycalopex gymnocerca,Sus scrofa,Sus scrofa,Sus scrofa,Sus scrofa,Sus scrofa,Sus scrofa,Sus scrofa,Sus scrofa,Sus scrofa,Sus scrofa,Sus scrofa,Lycalopex,Canidae,1,Bajo
392,Lycalopex gymnocerca,Galictis cuja,Cerdocyon thous,Cerdocyon thous,Cerdocyon thous,Cerdocyon thous,Galictis cuja,Cerdocyon thous,Cerdocyon thous,Cerdocyon thous,Cerdocyon thous,Galictis cuja,Lycalopex,Canidae,1,Bajo
393,Lycalopex gymnocerca,Didelphis aurita,Procyon cancrivorus,Lontra longicaudis,Didelphis albiventris,Didelphis aurita,Didelphis aurita,Didelphis aurita,Procyon cancrivorus,Procyon cancrivorus,Procyon cancrivorus,Didelphis aurita,Lycalopex,Canidae,1,Bajo
394,Lycalopex gymnocerca,Lycalopex gymnocerca,Sus scrofa domesticus,Eira barbara,Lycalopex gymnocerca,Lycalopex gymnocerca,Lycalopex gymnocerca,Lycalopex gymnocerca,Sus scrofa domesticus,Sus scrofa domesticus,Sus scrofa domesticus,Lycalopex gymnocerca,Lycalopex,Canidae,1,Bajo
395,Lycalopex gymnocerca,Hydrochoerus hydrochaeris,Pecari tajacu,Dasyprocta azarae,Dasyprocta azarae,Hydrochoerus hydrochaeris,Hydrochoerus hydrochaeris,Hydrochoerus hydrochaeris,Pecari tajacu,Pecari tajacu,Pecari tajacu,Hydrochoerus hydrochaeris,Lycalopex,Canidae,1,Bajo
397,Lycalopex gymnocerca,Lepus europaeus,Lepus europaeus,Eira barbara,Lepus europaeus,Lycalopex gymnocerca,Lycalopex gymnocerca,Lepus europaeus,Lepus europaeus,Lepus europaeus,Lepus europaeus,Lepus europaeus,Lycalopex,Canidae,1,Bajo
398,Lycalopex gymnocerca,Sus scrofa,Subulo gouazoubira,Subulo gouazoubira,Subulo gouazoubira,Subulo gouazoubira,Sus scrofa,Sus scrofa,Subulo gouazoubira,Subulo gouazoubira,Subulo gouazoubira,Sus scrofa,Lycalopex,Canidae,1,Bajo
399,Lycalopex gymnocerca,Sus scrofa,Lycalopex gymnocerca,Lepus europaeus,Lepus europaeus,Lycalopex gymnocerca,Lycalopex gymnocerca,Lycalopex gymnocerca,Lycalopex gymnocerca,Lycalopex gymnocerca,Lycalopex gymnocerca,Sus scrofa,Lycalopex,Canidae,1,Bajo
400,Lycalopex gymnocerca,Sus scrofa domesticus,Lycalopex gymnocerca,Lycalopex gymnocerca,Eira barbara,Lycalopex gymnocerca,Sus scrofa,Lycalopex gymnocerca,Lycalopex gymnocerca,Lycalopex gymnocerca,Lycalopex gymnocerca,Sus scrofa domesticus,Lycalopex,Canidae,1,Bajo
402,Lycalopex gymnocerca,Lycalopex gymnocerca,Lycalopex gymnocerca,Lycalopex gymnocerca,Lycalopex gymnocerca,Lycalopex gymnocerca,Lycalopex gymnocerca,Lycalopex gymnocerca,Lycalopex gymnocerca,Lycalopex gymnocerca,Lycalopex gymnocerca,Lycalopex gymnocerca,Lycalopex,Canidae,1,Bajo
404,Lycalopex gymnocerca,Tamandua tetradactyla,Tamandua tetradactyla,Herpailurus yagouaroundi,Herpailurus yagouaroundi,Tamandua tetradactyla,Tamandua tetradactyla,Tamandua tetradactyla,Tamandua tetradactyla,Tamandua tetradactyla,Tamandua tetradactyla,Tamandua tetradactyla,Lycalopex,Canidae,1,Bajo
405,Lycalopex gymnocerca,Lycalopex gymnocerca,Lycalopex gymnocerca,Lepus europaeus,Euphractus sexcinctus,Lycalopex gymnocerca,Lycalopex gymnocerca,Nothura maculosa,Lycalopex gymnocerca,Lycalopex gymnocerca,Lycalopex gymnocerca,Lycalopex gymnocerca,Lycalopex,Canidae,1,Bajo
407,Lycalopex gymnocerca,Lepus europaeus,Lepus europaeus,Lepus europaeus,Sus scrofa,Gubernetes yetapa,Lepus europaeus,Lepus europaeus,Lepus europaeus,Lepus europaeus,Lepus europaeus,Lepus europaeus,Lycalopex,Canidae,1,Bajo
409,Lycalopex gymnocerca,Lycalopex gymnocerca,Sylvilagus brasiliensis,Lycalopex gymnocerca,Lycalopex gymnocerca,Lycalopex gymnocerca,Lycalopex gymnocerca,Subulo gouazoubira,Sylvilagus brasiliensis,Sylvilagus brasiliensis,Sylvilagus brasiliensis,Lycalopex gymnocerca,Lycalopex,Canidae,1,Bajo
410,Lycalopex gymnocerca,Dasyprocta azarae,Penelope superciliaris,Leptotila rufaxilla,Dasyprocta azarae,Lycalopex gymnocerca,Dasyprocta azarae,Salvator merianae,Penelope superciliaris,Penelope superciliaris,Penelope superciliaris,Dasyprocta azarae,Lycalopex,Canidae,1,Bajo
411,Lycalopex gymnocerca,Sus scrofa,Sus scrofa domesticus,Lontra longicaudis,Sus scrofa,Sus scrofa,Sus scrofa,Sus scrofa,Sus scrofa domesticus,Sus scrofa domesticus,Sus scrofa domesticus,Sus scrofa,Lycalopex,Canidae,1,Bajo
412,Lycalopex gymnocerca,Cerdocyon thous,Cerdocyon thous,Cerdocyon thous,Cerdocyon thous,Lycalopex gymnocerca,Cerdocyon thous,Dasyprocta azarae,Cerdocyon thous,Cerdocyon thous,Cerdocyon thous,Cerdocyon thous,Lycalopex,Canidae,1,Bajo
413,Lycalopex gymnocerca,Lycalopex gymnocerca,Eira barbara,Eira barbara,Lepus europaeus,Lycalopex gymnocerca,Lycalopex gymnocerca,Lycalopex gymnocerca,Eira barbara,Eira barbara,Eira barbara,Lycalopex gymnocerca,Lycalopex,Canidae,1,Bajo
414,Lycalopex gymnocerca,Subulo gouazoubira,Herpailurus yagouaroundi,Herpailurus yagouaroundi,Herpailurus yagouaroundi,Lycalopex gymnocerca,Lycalopex gymnocerca,Lycalopex gymnocerca,Herpailurus yagouaroundi,Herpailurus yagouaroundi,Herpailurus yagouaroundi,Subulo gouazoubira,Lycalopex,Canidae,1,Bajo
415,Lycalopex gymnocerca,Sus scrofa,Sus scrofa,Herpailurus yagouaroundi,Dasyprocta azarae,Lepus europaeus,Sus scrofa,Eira barbara,Sus scrofa,Sus scrofa,Sus scrofa,Sus scrofa,Lycalopex,Canidae,1,Bajo
416,Lycalopex gymnocerca,Lycalopex gymnocerca,Lycalopex gymnocerca,Lycalopex gymnocerca,Lycalopex gymnocerca,Lycalopex gymnocerca,Lycalopex gymnocerca,Lycalopex gymnocerca,Lycalopex gymnocerca,Lycalopex gymnocerca,Lycalopex gymnocerca,Lycalopex gymnocerca,Lycalopex,Canidae,1,Bajo
417,Lycalopex gymnocerca,Lycalopex gymnocerca,Lycalopex gymnocerca,Lycalopex gymnocerca,Lycalopex gymnocerca,Lycalopex gymnocerca,Lycalopex gymnocerca,Lycalopex gymnocerca,Lycalopex gymnocerca,Lycalopex gymnocerca,Lycalopex gymnocerca,Lycalopex gymnocerca,Lycalopex,Canidae,1,Bajo
419,Lycalopex gymnocerca,Lycalopex gymnocerca,Lycalopex gymnocerca,Lycalopex gymnocerca,Lycalopex gymnocerca,Lycalopex gymnocerca,Lycalopex gymnocerca,Nasua nasua,Lycalopex gymnocerca,Lycalopex gymnocerca,Lycalopex gymnocerca,Lycalopex gymnocerca,Lycalopex,Canidae,1,Bajo
420,Lycalopex gymnocerca,Mazama nanus,Herpailurus yagouaroundi,Herpailurus yagouaroundi,Mazama nanus,Lycalopex gymnocerca,Lycalopex gymnocerca,Mazama nanus,Herpailurus yagouaroundi,Herpailurus yagouaroundi,Herpailurus yagouaroundi,Mazama nanus,Lycalopex,Canidae,1,Bajo
421,Lycalopex gymnocerca,Sus scrofa,Cerdocyon thous,Cerdocyon thous,Lycalopex gymnocerca,Lycalopex gymnocerca,Sus scrofa,Sus scrofa,Cerdocyon thous,Cerdocyon thous,Cerdocyon thous,Sus scrofa,Lycalopex,Canidae,1,Bajo
422,Lycalopex gymnocerca,Hydrochoerus hydrochaeris,Tapirus terrestris,Lepus europaeus,Herpailurus yagouaroundi,Lepus europaeus,Hydrochoerus hydrochaeris,Aramides saracura,Tapirus terrestris,Tapirus terrestris,Tapirus terrestris,Hydrochoerus hydrochaeris,Lycalopex,Canidae,1,Bajo
423,Lycalopex gymnocerca,Lycalopex gymnocerca,Lycalopex gymnocerca,Lycalopex gymnocerca,Lycalopex gymnocerca,Lycalopex gymnocerca,Lycalopex gymnocerca,Lycalopex gymnocerca,Lycalopex gymnocerca,Lycalopex gymnocerca,Lycalopex gymnocerca,Lycalopex gymnocerca,Lycalopex,Canidae,1,Bajo
424,Hydropsalis torquata,Hydropsalis torquata,Hydropsalis torquata,Hydropsalis torquata,Hydropsalis torquata,Hydropsalis torquata,Hydropsalis torquata,Hydropsalis torquata,Hydropsalis torquata,Hydropsalis torquata,Hydropsalis torquata,Hydropsalis torquata,Hydropsalis,Caprimulgidae,1,Bajo
425,Hydropsalis torquata,Strix hylophila,Hydropsalis torquata,Hydropsalis torquata,Hydropsalis torquata,Hydropsalis torquata,Hypoedaleus guttatus,Hydropsalis torquata,Hydropsalis torquata,Hydropsalis torquata,Hydropsalis torquata,Strix hylophila,Hydropsalis,Caprimulgidae,1,Bajo
429,Hydropsalis torquata,Hydropsalis torquata,Hydropsalis torquata,Hydropsalis torquata,Nyctidromus albicollis,Hydropsalis torquata,Hydropsalis torquata,Hydropsalis torquata,Hydropsalis torquata,Hydropsalis torquata,Hydropsalis torquata,Hydropsalis torquata,Hydropsalis,Caprimulgidae,1,Bajo
430,Hydropsalis torquata,Hydropsalis torquata,Nasua nasua,Nasua nasua,Nasua nasua,Hydropsalis torquata,Hydropsalis torquata,Hydropsalis torquata,Nasua nasua,Nasua nasua,Nasua nasua,Hydropsalis torquata,Hydropsalis,Caprimulgidae,1,Bajo
431,Hydropsalis torquata,Hydropsalis torquata,Hydropsalis torquata,Nyctidromus albicollis,Nyctidromus albicollis,Hydropsalis torquata,Hydropsalis torquata,Hydropsalis torquata,Hydropsalis torquata,Hydropsalis torquata,Hydropsalis torquata,Hydropsalis torquata,Hydropsalis,Caprimulgidae,1,Bajo
432,Hydropsalis torquata,Herpailurus yagouaroundi,Galictis cuja,Galictis cuja,Galictis cuja,Lontra longicaudis,Galictis cuja,Tamandua tetradactyla,Galictis cuja,Galictis cuja,Galictis cuja,Herpailurus yagouaroundi,Hydropsalis,Caprimulgidae,1,Bajo
433,Hydropsalis torquata,Hydropsalis torquata,Hydropsalis torquata,Hydropsalis torquata,Hydropsalis torquata,Hydropsalis torquata,Hydropsalis torquata,Hydropsalis torquata,Hydropsalis torquata,Hydropsalis torquata,Hydropsalis torquata,Hydropsalis torquata,Hydropsalis,Caprimulgidae,1,Bajo
434,Hydropsalis torquata,Hydropsalis torquata,Nyctidromus albicollis,Hydropsalis torquata,Hydropsalis torquata,Hydropsalis torquata,Hydropsalis torquata,Hydropsalis torquata,Nyctidromus albicollis,Nyctidromus albicollis,Nyctidromus albicollis,Hydropsalis torquata,Hydropsalis,Caprimulgidae,1,Bajo
435,Hydropsalis torquata,Hydropsalis torquata,Hydropsalis torquata,Hydropsalis torquata,Hydropsalis torquata,Hydropsalis torquata,Hydropsalis torquata,Hydropsalis torquata,Hydropsalis torquata,Hydropsalis torquata,Hydropsalis torquata,Hydropsalis torquata,Hydropsalis,Caprimulgidae,1,Bajo
436,Hydropsalis torquata,Hydropsalis torquata,Nyctidromus albicollis,Nyctidromus albicollis,Nyctidromus albicollis,Hydropsalis torquata,Hydropsalis torquata,Hydropsalis torquata,Nyctidromus albicollis,Nyctidromus albicollis,Nyctidromus albicollis,Hydropsalis torquata,Hydropsalis,Caprimulgidae,1,Bajo
437,Hydropsalis torquata,Strix hylophila,Hydropsalis torquata,Hydropsalis torquata,Strix hylophila,Hydropsalis torquata,Hydropsalis torquata,Hydropsalis torquata,Hydropsalis torquata,Hydropsalis torquata,Hydropsalis torquata,Strix hylophila,Hydropsalis,Caprimulgidae,1,Bajo
439,Hydropsalis torquata,Nyctidromus albicollis,Nyctidromus albicollis,Nyctidromus albicollis,Nyctidromus albicollis,Hydropsalis torquata,Hydropsalis torquata,Nyctidromus albicollis,Nyctidromus albicollis,Nyctidromus albicollis,Nyctidromus albicollis,Nyctidromus albicollis,Hydropsalis,Caprimulgidae,1,Bajo
440,Hydropsalis torquata,Hydropsalis torquata,Hydropsalis torquata,Hydropsalis torquata,Hydropsalis torquata,Hydropsalis torquata,Hydropsalis torquata,Hydropsalis torquata,Hydropsalis torquata,Hydropsalis torquata,Hydropsalis torquata,Hydropsalis torquata,Hydropsalis,Caprimulgidae,1,Bajo
441,Hydropsalis torquata,Sylvilagus brasiliensis,Sylvilagus brasiliensis,Didelphis aurita,Sylvilagus brasiliensis,Sylvilagus brasiliensis,Sylvilagus brasiliensis,Lepus europaeus,Sylvilagus brasiliensis,Sylvilagus brasiliensis,Sylvilagus brasiliensis,Sylvilagus brasiliensis,Hydropsalis,Caprimulgidae,1,Bajo
442,Hydropsalis torquata,Didelphis albiventris,Didelphis albiventris,Baryphthengus ruficapillus,Baryphthengus ruficapillus,Hydropsalis torquata,Didelphis albiventris,Didelphis albiventris,Didelphis albiventris,Didelphis albiventris,Didelphis albiventris,Didelphis albiventris,Hydropsalis,Caprimulgidae,1,Bajo
445,Hydropsalis torquata,Nyctidromus albicollis,Nyctidromus albicollis,Nyctidromus albicollis,Nyctidromus albicollis,Nyctidromus albicollis,Nyctidromus albicollis,Nyctidromus albicollis,Nyctidromus albicollis,Nyctidromus albicollis,Nyctidromus albicollis,Nyctidromus albicollis,Hydropsalis,Caprimulgidae,1,Bajo
447,Hydropsalis torquata,Salvator merianae,Herpailurus yagouaroundi,Herpailurus yagouaroundi,Nothura maculosa,Nothura maculosa,Salvator merianae,Sylvilagus brasiliensis,Herpailurus yagouaroundi,Herpailurus yagouaroundi,Herpailurus yagouaroundi,Salvator merianae,Hydropsalis,Caprimulgidae,1,Bajo
448,Hydropsalis torquata,Hydropsalis torquata,Hydropsalis torquata,Nyctidromus albicollis,Nyctidromus albicollis,Hydropsalis torquata,Hydropsalis torquata,Hydropsalis torquata,Hydropsalis torquata,Hydropsalis torquata,Hydropsalis torquata,Hydropsalis torquata,Hydropsalis,Caprimulgidae,1,Bajo
449,Hydropsalis torquata,Hydropsalis torquata,Leopardus wiedii,Leopardus wiedii,Leopardus wiedii,Hydropsalis torquata,Hydropsalis torquata,Hydropsalis torquata,Leopardus wiedii,Leopardus wiedii,Leopardus wiedii,Hydropsalis torquata,Hydropsalis,Caprimulgidae,1,Bajo
450,Hydropsalis torquata,Hydropsalis torquata,Hydropsalis torquata,Hydropsalis torquata,Hydropsalis torquata,Hydropsalis torquata,Hydropsalis torquata,Strix hylophila,Hydropsalis torquata,Hydropsalis torquata,Hydropsalis torquata,Hydropsalis torquata,Hydropsalis,Caprimulgidae,1,Bajo
451,Hydropsalis torquata,Didelphis albiventris,Nasua nasua,Nasua nasua,Nasua nasua,Panthera onca,Didelphis albiventris,Galictis cuja,Nasua nasua,Nasua nasua,Nasua nasua,Nasua nasua,Hydropsalis,Caprimulgidae,1,Bajo
452,Hydropsalis torquata,Turdus albicollis,Hypoedaleus guttatus,Hypoedaleus guttatus,Hypoedaleus guttatus,Hypoedaleus guttatus,Hypoedaleus guttatus,Hypoedaleus guttatus,Hypoedaleus guttatus,Hypoedaleus guttatus,Hypoedaleus guttatus,Turdus albicollis,Hydropsalis,Caprimulgidae,1,Bajo
453,Hydropsalis torquata,Strix virgata,Strix virgata,Strix hylophila,Strix hylophila,Hydropsalis torquata,Hydropsalis torquata,Strix hylophila,Strix virgata,Strix virgata,Strix virgata,Strix virgata,Hydropsalis,Caprimulgidae,1,Bajo
454,Hydropsalis torquata,Nyctidromus albicollis,Hydropsalis torquata,Hydropsalis torquata,Hydropsalis torquata,Hydropsalis torquata,Hydropsalis torquata,Nyctidromus albicollis,Hydropsalis torquata,Hydropsalis torquata,Hydropsalis torquata,Nyctidromus albicollis,Hydropsalis,Caprimulgidae,1,Bajo
455,Hydropsalis torquata,Hydropsalis torquata,Hydropsalis torquata,Nyctidromus albicollis,Nyctidromus albicollis,Hydropsalis torquata,Hydropsalis torquata,Nyctidromus albicollis,Hydropsalis torquata,Hydropsalis torquata,Hydropsalis torquata,Hydropsalis torquata,Hydropsalis,Caprimulgidae,1,Bajo
456,Hydropsalis torquata,Hydropsalis torquata,Nyctidromus albicollis,Nyctidromus albicollis,Nyctidromus albicollis,Hydropsalis torquata,Hydropsalis torquata,Hydropsalis torquata,Nyctidromus albicollis,Nyctidromus albicollis,Nyctidromus albicollis,Hydropsalis torquata,Hydropsalis,Caprimulgidae,1,Bajo
458,Hydropsalis torquata,Salvator merianae,Leopardus pardalis,Chamaeza campanisona,Chamaeza campanisona,Hydropsalis torquata,Salvator merianae,Salvator merianae,Leopardus pardalis,Leopardus pardalis,Leopardus pardalis,Salvator merianae,Hydropsalis,Caprimulgidae,1,Bajo
459,Hydropsalis torquata,Nyctidromus albicollis,Nyctidromus albicollis,Nyctidromus albicollis,Nyctidromus albicollis,Nyctidromus albicollis,Nyctidromus albicollis,Nyctidromus albicollis,Nyctidromus albicollis,Nyctidromus albicollis,Nyctidromus albicollis,Nyctidromus albicollis,Hydropsalis,Caprimulgidae,1,Bajo
460,Hydropsalis torquata,Nyctidromus albicollis,Nyctidromus albicollis,Hydropsalis torquata,Euphractus sexcinctus,Hydropsalis torquata,Hydropsalis torquata,Nyctidromus albicollis,Nyctidromus albicollis,Nyctidromus albicollis,Nyctidromus albicollis,Nyctidromus albicollis,Hydropsalis,Caprimulgidae,1,Bajo
461,Hydropsalis torquata,Hydropsalis torquata,Hydropsalis torquata,Hydropsalis torquata,Hydropsalis torquata,Hydropsalis torquata,Hydropsalis torquata,Hydropsalis torquata,Hydropsalis torquata,Hydropsalis torquata,Hydropsalis torquata,Hydropsalis torquata,Hydropsalis,Caprimulgidae,1,Bajo
462,Hydropsalis torquata,Hydropsalis torquata,Hydropsalis torquata,Hydropsalis torquata,Hydropsalis torquata,Hydropsalis torquata,Hydropsalis torquata,Hydropsalis torquata,Hydropsalis torquata,Hydropsalis torquata,Hydropsalis torquata,Hydropsalis torquata,Hydropsalis,Caprimulgidae,1,Bajo
463,Hydropsalis torquata,Nyctidromus albicollis,Hydropsalis torquata,Hydropsalis torquata,Hydropsalis torquata,Nyctidromus albicollis,Hydropsalis torquata,Hydropsalis torquata,Hydropsalis torquata,Hydropsalis torquata,Hydropsalis torquata,Nyctidromus albicollis,Hydropsalis,Caprimulgidae,1,Bajo
464,Hydropsalis torquata,Hydropsalis torquata,Hydropsalis torquata,Hydropsalis torquata,Hydropsalis torquata,Hydropsalis torquata,Hydropsalis torquata,Euphractus sexcinctus,Hydropsalis torquata,Hydropsalis torquata,Hydropsalis torquata,Hydropsalis torquata,Hydropsalis,Caprimulgidae,1,Bajo
465,Hydropsalis torquata,Nyctidromus albicollis,Hydropsalis torquata,Hydropsalis torquata,Odontophorus capueira capueira,Hydropsalis torquata,Nyctidromus albicollis,Hydropsalis torquata,Hydropsalis torquata,Hydropsalis torquata,Hydropsalis torquata,Nyctidromus albicollis,Hydropsalis,Caprimulgidae,1,Bajo
467,Hydropsalis torquata,Herpailurus yagouaroundi,Nothura maculosa,Herpailurus yagouaroundi,Herpailurus yagouaroundi,Herpailurus yagouaroundi,Salvator merianae,Leptotila verreauxi,Nothura maculosa,Nothura maculosa,Nothura maculosa,Herpailurus yagouaroundi,Hydropsalis,Caprimulgidae,1,Bajo
468,Hydropsalis torquata,Odontophorus capueira capueira,Odontophorus capueira capueira,Odontophorus capueira capueira,Odontophorus capueira capueira,Hydropsalis torquata,Nyctidromus albicollis,Nyctidromus albicollis,Odontophorus capueira capueira,Odontophorus capueira capueira,Odontophorus capueira capueira,Odontophorus capueira capueira,Hydropsalis,Caprimulgidae,1,Bajo
469,Hydropsalis torquata,Hydropsalis torquata,Mackenziaena leachii,Hydropsalis torquata,Mackenziaena leachii,Hydropsalis torquata,Hydropsalis torquata,Mackenziaena leachii,Mackenziaena leachii,Mackenziaena leachii,Mackenziaena leachii,Hydropsalis torquata,Hydropsalis,Caprimulgidae,1,Bajo
470,Hydropsalis torquata,Nyctidromus albicollis,Hydropsalis torquata,Grallaria varia,Cuniculus paca,Nyctidromus albicollis,Nyctidromus albicollis,Hydropsalis torquata,Hydropsalis torquata,Hydropsalis torquata,Hydropsalis torquata,Nyctidromus albicollis,Hydropsalis,Caprimulgidae,1,Bajo
471,Hydropsalis torquata,Nyctidromus albicollis,Hydropsalis torquata,Hydropsalis torquata,Hydropsalis torquata,Hydropsalis torquata,Hydropsalis torquata,Hydropsalis torquata,Hydropsalis torquata,Hydropsalis torquata,Hydropsalis torquata,Nyctidromus albicollis,Hydropsalis,Caprimulgidae,1,Bajo
473,Hydropsalis torquata,Hydropsalis torquata,Chamaeza campanisona,Chamaeza campanisona,Chamaeza campanisona,Hydropsalis torquata,Hydropsalis torquata,Hydropsalis torquata,Chamaeza campanisona,Chamaeza campanisona,Chamaeza campanisona,Hydropsalis torquata,Hydropsalis,Caprimulgidae,1,Bajo
474,Hydropsalis torquata,Nyctidromus albicollis,Nyctidromus albicollis,Nyctidromus albicollis,Nyctidromus albicollis,Hydropsalis torquata,Hydropsalis torquata,Hydropsalis torquata,Nyctidromus albicollis,Nyctidromus albicollis,Nyctidromus albicollis,Nyctidromus albicollis,Hydropsalis,Caprimulgidae,1,Bajo
476,Hydropsalis torquata,Hydropsalis torquata,Strix hylophila,Chamaeza campanisona,Strix hylophila,Hydropsalis torquata,Hydropsalis torquata,Leopardus wiedii,Strix hylophila,Strix hylophila,Strix hylophila,Hydropsalis torquata,Hydropsalis,Caprimulgidae,1,Bajo
477,Hydropsalis torquata,Gubernetes yetapa,Gubernetes yetapa,Gubernetes yetapa,Gubernetes yetapa,Gubernetes yetapa,Gubernetes yetapa,Gubernetes yetapa,Gubernetes yetapa,Gubernetes yetapa,Gubernetes yetapa,Gubernetes yetapa,Hydropsalis,Caprimulgidae,1,Bajo
478,Hydropsalis torquata,Hydropsalis torquata,Hydropsalis torquata,Nyctidromus albicollis,Nyctidromus albicollis,Hydropsalis torquata,Hydropsalis torquata,Nyctidromus albicollis,Hydropsalis torquata,Hydropsalis torquata,Hydropsalis torquata,Nyctidromus albicollis,Hydropsalis,Caprimulgidae,1,Bajo
480,Hydropsalis torquata,Hydropsalis torquata,Hydropsalis torquata,Nyctidromus albicollis,Nyctidromus albicollis,Hydropsalis torquata,Hydropsalis torquata,Nyctidromus albicollis,Hydropsalis torquata,Hydropsalis torquata,Hydropsalis torquata,Hydropsalis torquata,Hydropsalis,Caprimulgidae,1,Bajo
481,Hydropsalis torquata,Nyctidromus albicollis,Nyctidromus albicollis,Nyctidromus albicollis,Nyctidromus albicollis,Nyctidromus albicollis,Nyctidromus albicollis,Nyctidromus albicollis,Nyctidromus albicollis,Nyctidromus albicollis,Nyctidromus albicollis,Nyctidromus albicollis,Hydropsalis,Caprimulgidae,1,Bajo
482,Hydropsalis torquata,Nyctidromus albicollis,Nyctidromus albicollis,Nyctidromus albicollis,Nyctidromus albicollis,Nyctidromus albicollis,Hydropsalis torquata,Nyctidromus albicollis,Nyctidromus albicollis,Nyctidromus albicollis,Nyctidromus albicollis,Nyctidromus albicollis,Hydropsalis,Caprimulgidae,1,Bajo
483,Hydropsalis torquata,Nyctidromus albicollis,Nyctidromus albicollis,Nyctidromus albicollis,Nyctidromus albicollis,Nyctidromus albicollis,Nyctidromus albicollis,Hydropsalis torquata,Nyctidromus albicollis,Nyctidromus albicollis,Nyctidromus albicollis,Nyctidromus albicollis,Hydropsalis,Caprimulgidae,1,Bajo
484,Hydropsalis torquata,Hydropsalis torquata,Hydropsalis torquata,Hydropsalis torquata,Hydropsalis torquata,Hydropsalis torquata,Hydropsalis torquata,Hydropsalis torquata,Hydropsalis torquata,Hydropsalis torquata,Hydropsalis torquata,Hydropsalis torquata,Hydropsalis,Caprimulgidae,1,Bajo
485,Hydropsalis torquata,Nyctidromus albicollis,Nyctidromus albicollis,Nyctidromus albicollis,Nyctidromus albicollis,Nyctidromus albicollis,Nyctidromus albicollis,Hydropsalis torquata,Nyctidromus albicollis,Nyctidromus albicollis,Nyctidromus albicollis,Nyctidromus albicollis,Hydropsalis,Caprimulgidae,1,Bajo
486,Hydropsalis torquata,Nyctidromus albicollis,Nyctidromus albicollis,Nyctidromus albicollis,Nyctidromus albicollis,Nyctidromus albicollis,Nyctidromus albicollis,Hydropsalis torquata,Nyctidromus albicollis,Nyctidromus albicollis,Nyctidromus albicollis,Nyctidromus albicollis,Hydropsalis,Caprimulgidae,1,Bajo
487,Hydropsalis torquata,Nyctidromus albicollis,Nyctidromus albicollis,Nyctidromus albicollis,Nyctidromus albicollis,Nyctidromus albicollis,Nyctidromus albicollis,Nyctidromus albicollis,Nyctidromus albicollis,Nyctidromus albicollis,Nyctidromus albicollis,Nyctidromus albicollis,Hydropsalis,Caprimulgidae,1,Bajo
489,Hydropsalis torquata,Nyctidromus albicollis,Nyctidromus albicollis,Nyctidromus albicollis,Nyctidromus albicollis,Nyctidromus albicollis,Nyctidromus albicollis,Hydropsalis torquata,Nyctidromus albicollis,Nyctidromus albicollis,Nyctidromus albicollis,Nyctidromus albicollis,Hydropsalis,Caprimulgidae,1,Bajo
490,Nyctidromus albicollis,Nyctidromus albicollis,Nyctidromus albicollis,Hydropsalis torquata,Nyctidromus albicollis,Nyctidromus albicollis,Nyctidromus albicollis,Nyctidromus albicollis,Nyctidromus albicollis,Nyctidromus albicollis,Nyctidromus albicollis,Nyctidromus albicollis,Nyctidromus,Caprimulgidae,1,Bajo
492,Nyctidromus albicollis,Hydropsalis torquata,Herpailurus yagouaroundi,Geotrygon montana,Geotrygon montana,Geotrygon montana,Hydropsalis torquata,Nyctidromus albicollis,Herpailurus yagouaroundi,Herpailurus yagouaroundi,Herpailurus yagouaroundi,Nyctidromus albicollis,Nyctidromus,Caprimulgidae,1,Bajo
493,Nyctidromus albicollis,Odontophorus capueira,Nyctidromus albicollis,Grallaria varia,Eira barbara,Nyctidromus albicollis,Dasyprocta azarae,Dasyprocta azarae,Nyctidromus albicollis,Nyctidromus albicollis,Nyctidromus albicollis,Odontophorus capueira,Nyctidromus,Caprimulgidae,1,Bajo
494,Nyctidromus albicollis,Nyctidromus albicollis,Hydropsalis torquata,Nyctidromus albicollis,Nyctidromus albicollis,Nyctidromus albicollis,Nyctidromus albicollis,Nyctidromus albicollis,Hydropsalis torquata,Hydropsalis torquata,Hydropsalis torquata,Nyctidromus albicollis,Nyctidromus,Caprimulgidae,1,Bajo
495,Nyctidromus albicollis,Nyctidromus albicollis,Nyctidromus albicollis,Nyctidromus albicollis,Nyctidromus albicollis,Nyctidromus albicollis,Nyctidromus albicollis,Nyctidromus albicollis,Nyctidromus albicollis,Nyctidromus albicollis,Nyctidromus albicollis,Nyctidromus albicollis,Nyctidromus,Caprimulgidae,1,Bajo
496,Nyctidromus albicollis,Galictis cuja,Cerdocyon thous,Cerdocyon thous,Cerdocyon thous,Galictis cuja,Galictis cuja,Leopardus guttulus,Cerdocyon thous,Cerdocyon thous,Cerdocyon thous,Galictis cuja,Nyctidromus,Caprimulgidae,1,Bajo
498,Nyctidromus albicollis,Hydropsalis torquata,Hydropsalis torquata,Nyctidromus albicollis,Nyctidromus albicollis,Hydropsalis torquata,Hydropsalis torquata,Nyctidromus albicollis,Hydropsalis torquata,Hydropsalis torquata,Hydropsalis torquata,Hydropsalis torquata,Nyctidromus,Caprimulgidae,1,Bajo
500,Nyctidromus albicollis,Nyctidromus albicollis,Nyctidromus albicollis,Nyctidromus albicollis,Nyctidromus albicollis,Nyctidromus albicollis,Nyctidromus albicollis,Nyctidromus albicollis,Nyctidromus albicollis,Nyctidromus albicollis,Nyctidromus albicollis,Nyctidromus albicollis,Nyctidromus,Caprimulgidae,1,Bajo
502,Nyctidromus albicollis,Nyctidromus albicollis,Myiothlypis leucoblephara,Geotrygon montana,Geotrygon montana,Nyctidromus albicollis,Nyctidromus albicollis,Nyctidromus albicollis,Myiothlypis leucoblephara,Myiothlypis leucoblephara,Myiothlypis leucoblephara,Nyctidromus albicollis,Nyctidromus,Caprimulgidae,1,Bajo
503,Nyctidromus albicollis,Nyctidromus albicollis,Nyctidromus albicollis,Nyctidromus albicollis,Nyctidromus albicollis,Nyctidromus albicollis,Nyctidromus albicollis,Nyctidromus albicollis,Nyctidromus albicollis,Nyctidromus albicollis,Nyctidromus albicollis,Nyctidromus albicollis,Nyctidromus,Caprimulgidae,1,Bajo
505,Nyctidromus albicollis,Nyctidromus albicollis,Hydropsalis torquata,Nyctidromus albicollis,Nyctidromus albicollis,Nyctidromus albicollis,Hydropsalis torquata,Nyctidromus albicollis,Hydropsalis torquata,Hydropsalis torquata,Hydropsalis torquata,Nyctidromus albicollis,Nyctidromus,Caprimulgidae,1,Bajo
506,Nyctidromus albicollis,Salvator merianae,Hydropsalis torquata,Hydropsalis torquata,Hydropsalis torquata,Nyctidromus albicollis,Salvator merianae,Sylvilagus brasiliensis,Hydropsalis torquata,Hydropsalis torquata,Hydropsalis torquata,Cabassous tatouay,Nyctidromus,Caprimulgidae,1,Bajo
507,Nyctidromus albicollis,Hydropsalis torquata,Nyctidromus albicollis,Nyctidromus albicollis,Hydropsalis torquata,Hydropsalis torquata,Hydropsalis torquata,Hydropsalis torquata,Nyctidromus albicollis,Nyctidromus albicollis,Nyctidromus albicollis,Hydropsalis torquata,Nyctidromus,Caprimulgidae,1,Bajo
508,Nyctidromus albicollis,Nyctidromus albicollis,Nyctidromus albicollis,Nyctidromus albicollis,Nyctidromus albicollis,Nyctidromus albicollis,Nyctidromus albicollis,Nyctidromus albicollis,Nyctidromus albicollis,Nyctidromus albicollis,Nyctidromus albicollis,Nyctidromus albicollis,Nyctidromus,Caprimulgidae,1,Bajo
509,Nyctidromus albicollis,Nyctidromus albicollis,Nyctidromus albicollis,Nyctidromus albicollis,Nyctidromus albicollis,Nyctidromus albicollis,Hydropsalis torquata,Nyctidromus albicollis,Nyctidromus albicollis,Nyctidromus albicollis,Nyctidromus albicollis,Nyctidromus albicollis,Nyctidromus,Caprimulgidae,1,Bajo
510,Nyctidromus albicollis,Aramides saracura,Sylvilagus brasiliensis,Sylvilagus brasiliensis,Sylvilagus brasiliensis,Nyctidromus albicollis,Aramides saracura,Hydropsalis torquata,Sylvilagus brasiliensis,Sylvilagus brasiliensis,Sylvilagus brasiliensis,Aramides saracura,Nyctidromus,Caprimulgidae,1,Bajo
511,Nyctidromus albicollis,Nyctidromus albicollis,Nyctidromus albicollis,Hydropsalis torquata,Hydropsalis torquata,Nyctidromus albicollis,Hydropsalis torquata,Lepus europaeus,Nyctidromus albicollis,Nyctidromus albicollis,Nyctidromus albicollis,Nyctidromus albicollis,Nyctidromus,Caprimulgidae,1,Bajo
513,Nyctidromus albicollis,Nyctidromus albicollis,Hydropsalis torquata,Hydropsalis torquata,Hydropsalis torquata,Nyctidromus albicollis,Hydropsalis torquata,Tamandua tetradactyla,Hydropsalis torquata,Hydropsalis torquata,Hydropsalis torquata,Nyctidromus albicollis,Nyctidromus,Caprimulgidae,1,Bajo
514,Nyctidromus albicollis,Nyctidromus albicollis,Nyctidromus albicollis,Nyctidromus albicollis,Nyctidromus albicollis,Nyctidromus albicollis,Nyctidromus albicollis,Nyctidromus albicollis,Nyctidromus albicollis,Nyctidromus albicollis,Nyctidromus albicollis,Nyctidromus albicollis,Nyctidromus,Caprimulgidae,1,Bajo
515,Nyctidromus albicollis,Hydropsalis torquata,Nyctidromus albicollis,Nyctidromus albicollis,Nyctidromus albicollis,Hydropsalis torquata,Hydropsalis torquata,Nyctidromus albicollis,Nyctidromus albicollis,Nyctidromus albicollis,Nyctidromus albicollis,Hydropsalis torquata,Nyctidromus,Caprimulgidae,1,Bajo
516,Nyctidromus albicollis,Nyctidromus albicollis,Hydropsalis torquata,Hydropsalis torquata,Hydropsalis torquata,Nyctidromus albicollis,Nyctidromus albicollis,Hydropsalis torquata,Hydropsalis torquata,Hydropsalis torquata,Hydropsalis torquata,Nyctidromus albicollis,Nyctidromus,Caprimulgidae,1,Bajo
517,Nyctidromus albicollis,Nyctidromus albicollis,Hydropsalis torquata,Hydropsalis torquata,Nyctidromus albicollis,Nyctidromus albicollis,Nyctidromus albicollis,Lepus europaeus,Hydropsalis torquata,Hydropsalis torquata,Hydropsalis torquata,Nyctidromus albicollis,Nyctidromus,Caprimulgidae,1,Bajo
518,Nyctidromus albicollis,Nyctidromus albicollis,Nyctidromus albicollis,Nyctidromus albicollis,Nyctidromus albicollis,Nyctidromus albicollis,Nyctidromus albicollis,Nyctidromus albicollis,Nyctidromus albicollis,Nyctidromus albicollis,Nyctidromus albicollis,Nyctidromus albicollis,Nyctidromus,Caprimulgidae,1,Bajo
519,Nyctidromus albicollis,Hydropsalis torquata,Nyctidromus albicollis,Nyctidromus albicollis,Nyctidromus albicollis,Hydropsalis torquata,Hydropsalis torquata,Nyctidromus albicollis,Nyctidromus albicollis,Nyctidromus albicollis,Nyctidromus albicollis,Hydropsalis torquata,Nyctidromus,Caprimulgidae,1,Bajo
520,Nyctidromus albicollis,Nyctidromus albicollis,Nyctidromus albicollis,Nyctidromus albicollis,Nyctidromus albicollis,Nyctidromus albicollis,Nyctidromus albicollis,Nyctidromus albicollis,Nyctidromus albicollis,Nyctidromus albicollis,Nyctidromus albicollis,Nyctidromus albicollis,Nyctidromus,Caprimulgidae,1,Bajo
521,Nyctidromus albicollis,Leptotila rufaxilla,Geotrygon montana,Geotrygon montana,Geotrygon montana,Geotrygon montana,Leptotila rufaxilla,Leptotila verreauxi,Geotrygon montana,Geotrygon montana,Geotrygon montana,Leptotila rufaxilla,Nyctidromus,Caprimulgidae,1,Bajo
522,Nyctidromus albicollis,Nyctidromus albicollis,Nyctidromus albicollis,Nyctidromus albicollis,Nyctidromus albicollis,Nyctidromus albicollis,Nyctidromus albicollis,Hydropsalis torquata,Nyctidromus albicollis,Nyctidromus albicollis,Nyctidromus albicollis,Nyctidromus albicollis,Nyctidromus,Caprimulgidae,1,Bajo
523,Nyctidromus albicollis,Nyctidromus albicollis,Nyctidromus albicollis,Nyctidromus albicollis,Nyctidromus albicollis,Nyctidromus albicollis,Nyctidromus albicollis,Nyctidromus albicollis,Nyctidromus albicollis,Nyctidromus albicollis,Nyctidromus albicollis,Nyctidromus albicollis,Nyctidromus,Caprimulgidae,1,Bajo
524,Nyctidromus albicollis,Nyctidromus albicollis,Nyctidromus albicollis,Hydropsalis torquata,Hydropsalis torquata,Nyctidromus albicollis,Hydropsalis torquata,Hydropsalis torquata,Nyctidromus albicollis,Nyctidromus albicollis,Nyctidromus albicollis,Nyctidromus albicollis,Nyctidromus,Caprimulgidae,1,Bajo
525,Nyctidromus albicollis,Nyctidromus albicollis,Nyctidromus albicollis,Nyctidromus albicollis,Nyctidromus albicollis,Nyctidromus albicollis,Nyctidromus albicollis,Nyctidromus albicollis,Nyctidromus albicollis,Nyctidromus albicollis,Nyctidromus albicollis,Nyctidromus albicollis,Nyctidromus,Caprimulgidae,1,Bajo
526,Nyctidromus albicollis,Hydropsalis torquata,Nyctidromus albicollis,Nyctidromus albicollis,Nyctidromus albicollis,Hydropsalis torquata,Hydropsalis torquata,Hydropsalis torquata,Nyctidromus albicollis,Nyctidromus albicollis,Nyctidromus albicollis,Hydropsalis torquata,Nyctidromus,Caprimulgidae,1,Bajo
527,Nyctidromus albicollis,Nyctidromus albicollis,Nyctidromus albicollis,Nyctidromus albicollis,Nyctidromus albicollis,Nyctidromus albicollis,Hydropsalis torquata,Nyctidromus albicollis,Nyctidromus albicollis,Nyctidromus albicollis,Nyctidromus albicollis,Nyctidromus albicollis,Nyctidromus,Caprimulgidae,1,Bajo
528,Nyctidromus albicollis,Nyctidromus albicollis,Nyctidromus albicollis,Nyctidromus albicollis,Nyctidromus albicollis,Nyctidromus albicollis,Nyctidromus albicollis,Nyctidromus albicollis,Nyctidromus albicollis,Nyctidromus albicollis,Nyctidromus albicollis,Nyctidromus albicollis,Nyctidromus,Caprimulgidae,1,Bajo
529,Nyctidromus albicollis,Nyctidromus albicollis,Hydropsalis torquata,Hydropsalis torquata,Nyctidromus albicollis,Nyctidromus albicollis,Nyctidromus albicollis,Hydropsalis torquata,Hydropsalis torquata,Hydropsalis torquata,Hydropsalis torquata,Nyctidromus albicollis,Nyctidromus,Caprimulgidae,1,Bajo
530,Nyctidromus albicollis,Nyctidromus albicollis,Hydropsalis torquata,Nyctidromus albicollis,Nyctidromus albicollis,Nyctidromus albicollis,Hydropsalis torquata,Nyctidromus albicollis,Hydropsalis torquata,Hydropsalis torquata,Hydropsalis torquata,Nyctidromus albicollis,Nyctidromus,Caprimulgidae,1,Bajo
531,Nyctidromus albicollis,Nyctidromus albicollis,Nyctidromus albicollis,Nyctidromus albicollis,Nyctidromus albicollis,Nyctidromus albicollis,Nyctidromus albicollis,Nyctidromus albicollis,Nyctidromus albicollis,Nyctidromus albicollis,Nyctidromus albicollis,Nyctidromus albicollis,Nyctidromus,Caprimulgidae,1,Bajo
532,Nyctidromus albicollis,Odontophorus capueira,Odontophorus capueira capueira,Nyctidromus albicollis,Nyctidromus albicollis,Nyctidromus albicollis,Nyctidromus albicollis,Nyctidromus albicollis,Odontophorus capueira capueira,Odontophorus capueira capueira,Odontophorus capueira capueira,Odontophorus capueira,Nyctidromus,Caprimulgidae,1,Bajo
533,Nyctidromus albicollis,Hydropsalis torquata,Nyctidromus albicollis,Nyctidromus albicollis,Hydropsalis torquata,Hydropsalis torquata,Hydropsalis torquata,Lepus europaeus,Nyctidromus albicollis,Nyctidromus albicollis,Nyctidromus albicollis,Hydropsalis torquata,Nyctidromus,Caprimulgidae,1,Bajo
534,Nyctidromus albicollis,Galictis cuja,Sylvilagus brasiliensis,Sylvilagus brasiliensis,Sylvilagus brasiliensis,Nyctidromus albicollis,Galictis cuja,Sylvilagus brasiliensis,Sylvilagus brasiliensis,Sylvilagus brasiliensis,Sylvilagus brasiliensis,Galictis cuja,Nyctidromus,Caprimulgidae,1,Bajo
535,Nyctidromus albicollis,Didelphis albiventris,Leptotila rufaxilla,Chamaeza campanisona,Chamaeza campanisona,Hydropsalis torquata,Didelphis albiventris,Baryphthengus ruficapillus,Leptotila rufaxilla,Leptotila rufaxilla,Leptotila rufaxilla,Didelphis albiventris,Nyctidromus,Caprimulgidae,1,Bajo
537,Nyctidromus albicollis,Nyctidromus albicollis,Nyctidromus albicollis,Nyctidromus albicollis,Nyctidromus albicollis,Nyctidromus albicollis,Nyctidromus albicollis,Hydropsalis torquata,Nyctidromus albicollis,Nyctidromus albicollis,Nyctidromus albicollis,Nyctidromus albicollis,Nyctidromus,Caprimulgidae,1,Bajo
540,Nyctidromus albicollis,Nyctidromus albicollis,Nyctidromus albicollis,Odontophorus capueira capueira,Odontophorus capueira capueira,Nyctidromus albicollis,Nyctidromus albicollis,Nyctidromus albicollis,Nyctidromus albicollis,Nyctidromus albicollis,Nyctidromus albicollis,Odontophorus capueira capueira,Nyctidromus,Caprimulgidae,1,Bajo
541,Nyctidromus albicollis,Nyctidromus albicollis,Nyctidromus albicollis,Nyctidromus albicollis,Nyctidromus albicollis,Nyctidromus albicollis,Hydropsalis torquata,Nyctidromus albicollis,Nyctidromus albicollis,Nyctidromus albicollis,Nyctidromus albicollis,Nyctidromus albicollis,Nyctidromus,Caprimulgidae,1,Bajo
542,Nyctidromus albicollis,Nyctidromus albicollis,Nyctidromus albicollis,Nyctidromus albicollis,Nyctidromus albicollis,Nyctidromus albicollis,Nyctidromus albicollis,Nyctidromus albicollis,Nyctidromus albicollis,Nyctidromus albicollis,Nyctidromus albicollis,Nyctidromus albicollis,Nyctidromus,Caprimulgidae,1,Bajo
543,Nyctidromus albicollis,Nyctidromus albicollis,Nyctidromus albicollis,Nyctidromus albicollis,Nyctidromus albicollis,Hydropsalis torquata,Hydropsalis torquata,Nyctidromus albicollis,Nyctidromus albicollis,Nyctidromus albicollis,Nyctidromus albicollis,Nyctidromus albicollis,Nyctidromus,Caprimulgidae,1,Bajo
544,Nyctidromus albicollis,Nyctidromus albicollis,Hydropsalis torquata,Nyctidromus albicollis,Hydropsalis torquata,Hydropsalis torquata,Hydropsalis torquata,Hydropsalis torquata,Hydropsalis torquata,Hydropsalis torquata,Hydropsalis torquata,Nyctidromus albicollis,Nyctidromus,Caprimulgidae,1,Bajo
545,Nyctidromus albicollis,Nyctidromus albicollis,Hydropsalis torquata,Nyctidromus albicollis,Nyctidromus albicollis,Nyctidromus albicollis,Nyctidromus albicollis,Hydropsalis torquata,Hydropsalis torquata,Hydropsalis torquata,Hydropsalis torquata,Nyctidromus albicollis,Nyctidromus,Caprimulgidae,1,Bajo
546,Nyctidromus albicollis,Nyctidromus albicollis,Nyctidromus albicollis,Cuniculus paca,Chamaeza campanisona,Nyctidromus albicollis,Nyctidromus albicollis,Nyctidromus albicollis,Nyctidromus albicollis,Nyctidromus albicollis,Nyctidromus albicollis,Grallaria varia,Nyctidromus,Caprimulgidae,1,Bajo
547,Nyctidromus albicollis,Nyctidromus albicollis,Nyctidromus albicollis,Nyctidromus albicollis,Hydropsalis torquata,Nyctidromus albicollis,Hydropsalis torquata,Hydropsalis torquata,Nyctidromus albicollis,Nyctidromus albicollis,Nyctidromus albicollis,Nyctidromus albicollis,Nyctidromus,Caprimulgidae,1,Bajo
549,Nyctidromus albicollis,Nyctidromus albicollis,Nyctidromus albicollis,Nyctidromus albicollis,Nyctidromus albicollis,Nyctidromus albicollis,Nyctidromus albicollis,Nyctidromus albicollis,Nyctidromus albicollis,Nyctidromus albicollis,Nyctidromus albicollis,Nyctidromus albicollis,Nyctidromus,Caprimulgidae,1,Bajo
552,Nyctidromus albicollis,Procyon cancrivorus,Procyon cancrivorus,Cuniculus paca,Cuniculus paca,Procyon cancrivorus,Leopardus guttulus,Sylvilagus brasiliensis,Procyon cancrivorus,Procyon cancrivorus,Procyon cancrivorus,Puma concolor,Nyctidromus,Caprimulgidae,1,Bajo
554,Cyanoloxia brissonii,Gubernetes yetapa,Tachyphonus coronatus,Cyanoloxia brissonii,Cyanoloxia brissonii,Cyanoloxia brissonii,Cyanoloxia brissonii,Cyanoloxia brissonii,Tachyphonus coronatus,Tachyphonus coronatus,Tachyphonus coronatus,Gubernetes yetapa,Cyanoloxia,Cardinalidae,1,Bajo
555,Cyanoloxia brissonii,Conopophaga lineata,Cyanoloxia brissonii,Cyanoloxia brissonii,Cyanoloxia brissonii,Tachyphonus coronatus,Tachyphonus coronatus,Cyanoloxia brissonii,Cyanoloxia brissonii,Cyanoloxia brissonii,Cyanoloxia brissonii,Conopophaga lineata,Cyanoloxia,Cardinalidae,1,Bajo
557,Cyanoloxia brissonii,Turdus rufiventris,Leptotila rufaxilla,Crypturellus obsoletus,Crypturellus obsoletus,Turdus rufiventris,Aramides saracura,Turdus rufiventris,Leptotila rufaxilla,Leptotila rufaxilla,Leptotila rufaxilla,Turdus rufiventris,Cyanoloxia,Cardinalidae,1,Bajo
558,Cyanoloxia brissonii,Leptotila verreauxi,Crypturellus obsoletus,Crypturellus obsoletus,Crypturellus obsoletus,Cyanoloxia brissonii,Cyanoloxia brissonii,Gubernetes yetapa,Crypturellus obsoletus,Crypturellus obsoletus,Crypturellus obsoletus,Leptotila rufaxilla,Cyanoloxia,Cardinalidae,1,Bajo
560,Cyanoloxia brissonii,Cryptopezus nattereri,Myiothlypis leucoblephara,Cryptopezus nattereri,Cryptopezus nattereri,Cyanoloxia brissonii,Leptotila rufaxilla,Leptotila rufaxilla,Myiothlypis leucoblephara,Myiothlypis leucoblephara,Myiothlypis leucoblephara,Cryptopezus nattereri,Cyanoloxia,Cardinalidae,1,Bajo
563,Cyanoloxia brissonii,Habia rubica,Conopophaga lineata,Habia rubica,Habia rubica,Habia rubica,Habia rubica,Habia rubica,Conopophaga lineata,Conopophaga lineata,Conopophaga lineata,Habia rubica,Cyanoloxia,Cardinalidae,1,Bajo
564,Cyanoloxia brissonii,Amazona aestiva,Cyanoloxia brissonii,Baryphthengus ruficapillus,Cyanoloxia brissonii,Cyanoloxia brissonii,Amazona aestiva,Cyanoloxia brissonii,Cyanoloxia brissonii,Cyanoloxia brissonii,Cyanoloxia brissonii,Amazona aestiva,Cyanoloxia,Cardinalidae,1,Bajo
565,Cyanoloxia brissonii,Pyriglena leucoptera,Turdus albicollis,Habia rubica,Habia rubica,Synallaxis ruficapilla,Habia rubica,Turdus albicollis,Turdus albicollis,Turdus albicollis,Turdus albicollis,Pyriglena leucoptera,Cyanoloxia,Cardinalidae,1,Bajo
566,Cyanoloxia brissonii,Cyanoloxia brissonii,Biatas nigropectus,Biatas nigropectus,Synallaxis ruficapilla,Cyanoloxia brissonii,Cyanoloxia brissonii,Cyanoloxia brissonii,Biatas nigropectus,Biatas nigropectus,Biatas nigropectus,Cyanoloxia brissonii,Cyanoloxia,Cardinalidae,1,Bajo
568,Cyanoloxia brissonii,Cyanoloxia brissonii,Mackenziaena leachii,Alouatta guariba clamitans,Alouatta guariba clamitans,Cyanoloxia brissonii,Cyanoloxia brissonii,Pipile jacutinga,Mackenziaena leachii,Mackenziaena leachii,Mackenziaena leachii,Cyanoloxia brissonii,Cyanoloxia,Cardinalidae,1,Bajo
569,Cyanoloxia brissonii,Cyanoloxia brissonii,Cyanoloxia brissonii,Cyanoloxia brissonii,Cyanoloxia brissonii,Cyanoloxia brissonii,Cyanoloxia brissonii,Cyanoloxia brissonii,Cyanoloxia brissonii,Cyanoloxia brissonii,Cyanoloxia brissonii,Cyanoloxia brissonii,Cyanoloxia,Cardinalidae,1,Bajo
570,Cyanoloxia brissonii,Cyanoloxia brissonii,Tachyphonus coronatus,Brotogeris chiriri,Brotogeris chiriri,Cyanoloxia brissonii,Cyanoloxia brissonii,Sporophila pileata,Tachyphonus coronatus,Tachyphonus coronatus,Tachyphonus coronatus,Cyanoloxia brissonii,Cyanoloxia,Cardinalidae,1,Bajo
571,Cyanoloxia brissonii,Cyanoloxia brissonii,Pyriglena leucoptera,Pyriglena leucoptera,Pyriglena leucoptera,Cyanoloxia brissonii,Cyanoloxia brissonii,Cyanoloxia brissonii,Pyriglena leucoptera,Pyriglena leucoptera,Pyriglena leucoptera,Cyanoloxia brissonii,Cyanoloxia,Cardinalidae,1,Bajo
573,Cyanoloxia brissonii,Mackenziaena severa,Pyriglena leucoptera,Pyriglena leucoptera,Pyriglena leucoptera,Cyanoloxia brissonii,Cyanoloxia brissonii,Cyanoloxia brissonii,Pyriglena leucoptera,Pyriglena leucoptera,Pyriglena leucoptera,Mackenziaena severa,Cyanoloxia,Cardinalidae,1,Bajo
575,Cyanoloxia brissonii,Selenidera maculirostris,Turdus albicollis,Turdus albicollis,Turdus albicollis,Turdus albicollis,Hypoedaleus guttatus,Cyanoloxia brissonii,Turdus albicollis,Turdus albicollis,Turdus albicollis,Selenidera maculirostris,Cyanoloxia,Cardinalidae,1,Bajo
576,Cyanoloxia brissonii,Hypoedaleus guttatus,Turdus albicollis,Cyanocorax chrysops,Cyanocorax chrysops,Alouatta guariba clamitans,Alouatta guariba clamitans,Cyanocorax chrysops,Turdus albicollis,Turdus albicollis,Turdus albicollis,Hypoedaleus guttatus,Cyanoloxia,Cardinalidae,1,Bajo
577,Cyanoloxia brissonii,Brotogeris chiriri,Amazona aestiva,Amazona aestiva,Amazona aestiva,Cyanoloxia brissonii,Brotogeris chiriri,Brotogeris chiriri,Amazona aestiva,Amazona aestiva,Amazona aestiva,Brotogeris chiriri,Cyanoloxia,Cardinalidae,1,Bajo
578,Cyanoloxia brissonii,Hypoedaleus guttatus,Pyriglena leucoptera,Biatas nigropectus,Biatas nigropectus,Cyanoloxia brissonii,Hypoedaleus guttatus,Brotogeris chiriri,Pyriglena leucoptera,Pyriglena leucoptera,Pyriglena leucoptera,Hypoedaleus guttatus,Cyanoloxia,Cardinalidae,1,Bajo
579,Cyanoloxia brissonii,Gubernetes yetapa,Gubernetes yetapa,Gubernetes yetapa,Gubernetes yetapa,Cyanoloxia brissonii,Gubernetes yetapa,Notharchus swainsoni,Gubernetes yetapa,Gubernetes yetapa,Gubernetes yetapa,Notharchus swainsoni,Cyanoloxia,Cardinalidae,1,Bajo
581,Cyanoloxia brissonii,Cyanoloxia brissonii,Cyanoloxia brissonii,Cyanoloxia brissonii,Cyanoloxia brissonii,Cyanoloxia brissonii,Cyanoloxia brissonii,Cyanoloxia brissonii,Cyanoloxia brissonii,Cyanoloxia brissonii,Cyanoloxia brissonii,Cyanoloxia brissonii,Cyanoloxia,Cardinalidae,1,Bajo
582,Cyanoloxia brissonii,Tachyphonus coronatus,Cyanocorax chrysops,Baryphthengus ruficapillus,Baryphthengus ruficapillus,Cyanoloxia brissonii,Tachyphonus coronatus,Tachyphonus coronatus,Cyanocorax chrysops,Cyanocorax chrysops,Cyanocorax chrysops,Tachyphonus coronatus,Cyanoloxia,Cardinalidae,1,Bajo
583,Cyanoloxia brissonii,Cyanoloxia brissonii,Habia rubica,Cyanoloxia brissonii,Cyanoloxia brissonii,Cyanoloxia brissonii,Cyanoloxia brissonii,Habia rubica,Habia rubica,Habia rubica,Habia rubica,Cyanoloxia brissonii,Cyanoloxia,Cardinalidae,1,Bajo
584,Cyanoloxia brissonii,Cyanoloxia brissonii,Cyanoloxia brissonii,Cyanoloxia brissonii,Cyanoloxia brissonii,Cyanoloxia brissonii,Cyanoloxia brissonii,Cyanoloxia brissonii,Cyanoloxia brissonii,Cyanoloxia brissonii,Cyanoloxia brissonii,Cyanoloxia brissonii,Cyanoloxia,Cardinalidae,1,Bajo
585,Cyanoloxia brissonii,Cyanoloxia brissonii,Penelope superciliaris,Cyanoloxia brissonii,Pyriglena leucoptera,Cyanoloxia brissonii,Cyanoloxia brissonii,Cyanocorax chrysops,Penelope superciliaris,Penelope superciliaris,Penelope superciliaris,Cyanoloxia brissonii,Cyanoloxia,Cardinalidae,1,Bajo
586,Cyanoloxia brissonii,Cyanoloxia brissonii,Manacus manacus,Cyanoloxia brissonii,Cyanoloxia brissonii,Cyanoloxia brissonii,Cyanoloxia brissonii,Aramides saracura,Manacus manacus,Manacus manacus,Manacus manacus,Cyanoloxia brissonii,Cyanoloxia,Cardinalidae,1,Bajo
588,Cyanoloxia brissonii,Hypoedaleus guttatus,Baryphthengus ruficapillus,Baryphthengus ruficapillus,Baryphthengus ruficapillus,Cyanoloxia brissonii,Hypoedaleus guttatus,Amazona aestiva,Baryphthengus ruficapillus,Baryphthengus ruficapillus,Baryphthengus ruficapillus,Hypoedaleus guttatus,Cyanoloxia,Cardinalidae,1,Bajo
589,Cyanoloxia brissonii,Synallaxis ruficapilla,Myiothlypis leucoblephara,Biatas nigropectus,Synallaxis ruficapilla,Habia rubica,Habia rubica,Synallaxis ruficapilla,Myiothlypis leucoblephara,Myiothlypis leucoblephara,Myiothlypis leucoblephara,Synallaxis ruficapilla,Cyanoloxia,Cardinalidae,1,Bajo
590,Cyanoloxia brissonii,Galictis cuja,Leptotila verreauxi,Cyanocorax chrysops,Cyanocorax chrysops,Tachyphonus coronatus,Leptotila verreauxi,Turdus rufiventris,Leptotila verreauxi,Leptotila verreauxi,Leptotila verreauxi,Galictis cuja,Cyanoloxia,Cardinalidae,1,Bajo
591,Cyanoloxia brissonii,Mackenziaena severa,Pyriglena leucoptera,Biatas nigropectus,Biatas nigropectus,Cyanoloxia brissonii,Cyanoloxia brissonii,Mackenziaena severa,Pyriglena leucoptera,Pyriglena leucoptera,Pyriglena leucoptera,Mackenziaena severa,Cyanoloxia,Cardinalidae,1,Bajo
593,Cyanoloxia brissonii,Conopophaga lineata,Myiothlypis leucoblephara,Manacus manacus,Habia rubica,Habia rubica,Conopophaga lineata,Conopophaga lineata,Myiothlypis leucoblephara,Myiothlypis leucoblephara,Myiothlypis leucoblephara,Conopophaga lineata,Cyanoloxia,Cardinalidae,1,Bajo
594,Cyanoloxia brissonii,Cyanoloxia brissonii,Brotogeris chiriri,Brotogeris chiriri,Brotogeris chiriri,Cyanoloxia brissonii,Cyanoloxia brissonii,Cyanoloxia brissonii,Brotogeris chiriri,Brotogeris chiriri,Brotogeris chiriri,Cyanoloxia brissonii,Cyanoloxia,Cardinalidae,1,Bajo
596,Cyanoloxia brissonii,Cyanoloxia brissonii,Selenidera maculirostris,Habia rubica,Conopophaga lineata,Cyanoloxia brissonii,Cyanoloxia brissonii,Cyanoloxia brissonii,Selenidera maculirostris,Selenidera maculirostris,Selenidera maculirostris,Cyanoloxia brissonii,Cyanoloxia,Cardinalidae,1,Bajo
597,Cyanoloxia brissonii,Conopophaga lineata,Conopophaga lineata,Conopophaga lineata,Conopophaga lineata,Habia rubica,Habia rubica,Conopophaga lineata,Conopophaga lineata,Conopophaga lineata,Conopophaga lineata,Conopophaga lineata,Cyanoloxia,Cardinalidae,1,Bajo
598,Cyanoloxia brissonii,Habia rubica,Habia rubica,Habia rubica,Habia rubica,Habia rubica,Habia rubica,Notharchus swainsoni,Habia rubica,Habia rubica,Habia rubica,Habia rubica,Cyanoloxia,Cardinalidae,1,Bajo
599,Cyanoloxia brissonii,Cyanoloxia brissonii,Baryphthengus ruficapillus,Baryphthengus ruficapillus,Baryphthengus ruficapillus,Cyanoloxia brissonii,Cyanoloxia brissonii,Habia rubica,Baryphthengus ruficapillus,Baryphthengus ruficapillus,Baryphthengus ruficapillus,Cyanoloxia brissonii,Cyanoloxia,Cardinalidae,1,Bajo
600,Cyanoloxia brissonii,Mackenziaena severa,Pyriglena leucoptera,Habia rubica,Biatas nigropectus,Conopophaga lineata,Cyanoloxia brissonii,Biatas nigropectus,Pyriglena leucoptera,Pyriglena leucoptera,Pyriglena leucoptera,Mackenziaena severa,Cyanoloxia,Cardinalidae,1,Bajo
601,Cyanoloxia brissonii,Pyriglena leucoptera,Habia rubica,Conopophaga lineata,Synallaxis ruficapilla,Tachyphonus coronatus,Cyanoloxia brissonii,Pyriglena leucoptera,Habia rubica,Habia rubica,Habia rubica,Pyriglena leucoptera,Cyanoloxia,Cardinalidae,1,Bajo
602,Cyanoloxia brissonii,Cyanoloxia brissonii,Cyanoloxia brissonii,Cyanoloxia brissonii,Cyanoloxia brissonii,Cyanoloxia brissonii,Cyanoloxia brissonii,Cyanoloxia brissonii,Cyanoloxia brissonii,Cyanoloxia brissonii,Cyanoloxia brissonii,Cyanoloxia brissonii,Cyanoloxia,Cardinalidae,1,Bajo
603,Cyanoloxia brissonii,Cyanoloxia brissonii,Cyanoloxia brissonii,Conopophaga lineata,Cyanoloxia brissonii,Cyanoloxia brissonii,Cyanoloxia brissonii,Cyanoloxia brissonii,Cyanoloxia brissonii,Cyanoloxia brissonii,Cyanoloxia brissonii,Cyanoloxia brissonii,Cyanoloxia,Cardinalidae,1,Bajo
604,Cyanoloxia brissonii,Herpailurus yagouaroundi,Aramides saracura,Aramides saracura,Aramides saracura,Herpailurus yagouaroundi,Aramides saracura,Aramides saracura,Aramides saracura,Aramides saracura,Aramides saracura,Herpailurus yagouaroundi,Cyanoloxia,Cardinalidae,1,Bajo
605,Cyanoloxia brissonii,Cyanoloxia brissonii,Manacus manacus,Cyanoloxia brissonii,Cyanoloxia brissonii,Cyanoloxia brissonii,Cyanoloxia brissonii,Cyanoloxia brissonii,Manacus manacus,Manacus manacus,Manacus manacus,Cyanoloxia brissonii,Cyanoloxia,Cardinalidae,1,Bajo
606,Cyanoloxia brissonii,Sus scrofa,Dasyprocta azarae,Dasyprocta azarae,Dasyprocta azarae,Leptotila verreauxi,Aramides saracura,Aramides saracura,Dasyprocta azarae,Dasyprocta azarae,Dasyprocta azarae,Sus scrofa,Cyanoloxia,Cardinalidae,1,Bajo
607,Cyanoloxia brissonii,Mackenziaena severa,Penelope superciliaris,Myiothlypis leucoblephara,Cyanoloxia brissonii,Tachyphonus coronatus,Tachyphonus coronatus,Aramides saracura,Penelope superciliaris,Penelope superciliaris,Penelope superciliaris,Mackenziaena severa,Cyanoloxia,Cardinalidae,1,Bajo
608,Cyanoloxia brissonii,Cyanoloxia brissonii,Leptotila verreauxi,Cyanoloxia brissonii,Alouatta guariba clamitans,Cyanoloxia brissonii,Cyanoloxia brissonii,Mackenziaena leachii,Leptotila verreauxi,Leptotila verreauxi,Leptotila verreauxi,Cyanoloxia brissonii,Cyanoloxia,Cardinalidae,1,Bajo
609,Cyanoloxia brissonii,Cyanoloxia brissonii,Selenidera maculirostris,Myiothlypis leucoblephara,Conopophaga lineata,Cyanoloxia brissonii,Cyanoloxia brissonii,Alouatta guariba,Selenidera maculirostris,Selenidera maculirostris,Selenidera maculirostris,Cyanoloxia brissonii,Cyanoloxia,Cardinalidae,1,Bajo
611,Cyanoloxia brissonii,Manacus manacus,Cyanoloxia brissonii,Cyanoloxia brissonii,Cyanoloxia brissonii,Cyanoloxia brissonii,Cyanoloxia brissonii,Cyanoloxia brissonii,Cyanoloxia brissonii,Cyanoloxia brissonii,Cyanoloxia brissonii,Manacus manacus,Cyanoloxia,Cardinalidae,1,Bajo
612,Cyanoloxia brissonii,Cyanoloxia brissonii,Cyanoloxia brissonii,Cyanoloxia brissonii,Cyanoloxia brissonii,Cyanoloxia brissonii,Cyanoloxia brissonii,Cyanoloxia brissonii,Cyanoloxia brissonii,Cyanoloxia brissonii,Cyanoloxia brissonii,Cyanoloxia brissonii,Cyanoloxia,Cardinalidae,1,Bajo
613,Cyanoloxia brissonii,Conopophaga lineata,Conopophaga lineata,Conopophaga lineata,Conopophaga lineata,Cyanoloxia brissonii,Habia rubica,Turdus albicollis,Conopophaga lineata,Conopophaga lineata,Conopophaga lineata,Conopophaga lineata,Cyanoloxia,Cardinalidae,1,Bajo
614,Cyanoloxia brissonii,Mackenziaena severa,Biatas nigropectus,Biatas nigropectus,Biatas nigropectus,Tachyphonus coronatus,Cyanoloxia brissonii,Tachyphonus coronatus,Biatas nigropectus,Biatas nigropectus,Biatas nigropectus,Mackenziaena severa,Cyanoloxia,Cardinalidae,1,Bajo
616,Cyanoloxia brissonii,Mackenziaena severa,Mackenziaena severa,Brotogeris chiriri,Biatas nigropectus,Cyanoloxia brissonii,Cyanoloxia brissonii,Brotogeris chiriri,Mackenziaena severa,Mackenziaena severa,Mackenziaena severa,Mackenziaena severa,Cyanoloxia,Cardinalidae,1,Bajo
617,Cyanoloxia brissonii,Aramides saracura,Penelope superciliaris,Crypturellus obsoletus,Crypturellus obsoletus,Cyanoloxia brissonii,Aramides saracura,Lepus europaeus,Penelope superciliaris,Penelope superciliaris,Penelope superciliaris,Aramides saracura,Cyanoloxia,Cardinalidae,1,Bajo
618,Cyanoloxia brissonii,Baryphthengus ruficapillus,Alouatta guariba clamitans,Alouatta guariba clamitans,Alouatta guariba clamitans,Baryphthengus ruficapillus,Penelope superciliaris,Baryphthengus ruficapillus,Alouatta guariba clamitans,Alouatta guariba clamitans,Alouatta guariba clamitans,Baryphthengus ruficapillus,Cyanoloxia,Cardinalidae,1,Bajo
619,Cyanoloxia brissonii,Gubernetes yetapa,Tachyphonus coronatus,Cyanoloxia brissonii,Cyanoloxia brissonii,Cyanoloxia brissonii,Cyanoloxia brissonii,Gubernetes yetapa,Tachyphonus coronatus,Tachyphonus coronatus,Tachyphonus coronatus,Gubernetes yetapa,Cyanoloxia,Cardinalidae,1,Bajo
620,Cyanoloxia brissonii,Synallaxis ruficapilla,Synallaxis ruficapilla,Biatas nigropectus,Biatas nigropectus,Habia rubica,Cyanoloxia brissonii,Synallaxis ruficapilla,Synallaxis ruficapilla,Synallaxis ruficapilla,Synallaxis ruficapilla,Synallaxis ruficapilla,Cyanoloxia,Cardinalidae,1,Bajo
621,Cyanoloxia brissonii,Tachyphonus coronatus,Synallaxis ruficapilla,Habia rubica,Habia rubica,Tachyphonus coronatus,Cyanoloxia brissonii,Mackenziaena severa,Synallaxis ruficapilla,Synallaxis ruficapilla,Synallaxis ruficapilla,Tachyphonus coronatus,Cyanoloxia,Cardinalidae,1,Bajo
622,Cyanoloxia brissonii,Gubernetes yetapa,Gubernetes yetapa,Amazona aestiva,Amazona vinacea,Gubernetes yetapa,Gubernetes yetapa,Gubernetes yetapa,Gubernetes yetapa,Gubernetes yetapa,Gubernetes yetapa,Gubernetes yetapa,Cyanoloxia,Cardinalidae,1,Bajo
624,Habia rubica,Habia rubica,Habia rubica,Habia rubica,Habia rubica,Habia rubica,Habia rubica,Habia rubica,Habia rubica,Habia rubica,Habia rubica,Habia rubica,Habia,Cardinalidae,1,Bajo
625,Habia rubica,Habia rubica,Habia rubica,Habia rubica,Cyanoloxia brissonii,Habia rubica,Habia rubica,Habia rubica,Habia rubica,Habia rubica,Habia rubica,Habia rubica,Habia,Cardinalidae,1,Bajo
626,Habia rubica,Turdus albicollis,Turdus albicollis,Turdus albicollis,Turdus albicollis,Turdus albicollis,Turdus albicollis,Turdus albicollis,Turdus albicollis,Turdus albicollis,Turdus albicollis,Turdus albicollis,Habia,Cardinalidae,1,Bajo
627,Habia rubica,Didelphis aurita,Synallaxis ruficapilla,Geotrygon montana,Nasua nasua,Geotrygon montana,Didelphis aurita,Nyctidromus albicollis,Synallaxis ruficapilla,Synallaxis ruficapilla,Synallaxis ruficapilla,Didelphis aurita,Habia,Cardinalidae,1,Bajo
629,Habia rubica,Habia rubica,Habia rubica,Habia rubica,Habia rubica,Habia rubica,Habia rubica,Conopophaga lineata,Habia rubica,Habia rubica,Habia rubica,Habia rubica,Habia,Cardinalidae,1,Bajo
630,Habia rubica,Habia rubica,Tachyphonus coronatus,Conopophaga lineata,Habia rubica,Habia rubica,Habia rubica,Habia rubica,Tachyphonus coronatus,Tachyphonus coronatus,Tachyphonus coronatus,Habia rubica,Habia,Cardinalidae,1,Bajo
632,Habia rubica,Habia rubica,Habia rubica,Habia rubica,Habia rubica,Habia rubica,Habia rubica,Habia rubica,Habia rubica,Habia rubica,Habia rubica,Habia rubica,Habia,Cardinalidae,1,Bajo
633,Habia rubica,Habia rubica,Habia rubica,Habia rubica,Habia rubica,Habia rubica,Habia rubica,Habia rubica,Habia rubica,Habia rubica,Habia rubica,Habia rubica,Habia,Cardinalidae,1,Bajo
634,Habia rubica,Habia rubica,Habia rubica,Habia rubica,Habia rubica,Habia rubica,Habia rubica,Habia rubica,Habia rubica,Habia rubica,Habia rubica,Habia rubica,Habia,Cardinalidae,1,Bajo
635,Habia rubica,Habia rubica,Habia rubica,Habia rubica,Habia rubica,Habia rubica,Habia rubica,Habia rubica,Habia rubica,Habia rubica,Habia rubica,Habia rubica,Habia,Cardinalidae,1,Bajo
636,Habia rubica,Turdus rufiventris,Cyanocorax chrysops,Cyanocorax chrysops,Cyanocorax chrysops,Tachyphonus coronatus,Tachyphonus coronatus,Lontra longicaudis,Cyanocorax chrysops,Cyanocorax chrysops,Cyanocorax chrysops,Turdus rufiventris,Habia,Cardinalidae,1,Bajo
637,Habia rubica,Habia rubica,Synallaxis ruficapilla,Habia rubica,Habia rubica,Habia rubica,Habia rubica,Habia rubica,Synallaxis ruficapilla,Synallaxis ruficapilla,Synallaxis ruficapilla,Habia rubica,Habia,Cardinalidae,1,Bajo
639,Habia rubica,Habia rubica,Habia rubica,Habia rubica,Habia rubica,Habia rubica,Habia rubica,Habia rubica,Habia rubica,Habia rubica,Habia rubica,Habia rubica,Habia,Cardinalidae,1,Bajo
640,Habia rubica,Turdus albicollis,Baryphthengus ruficapillus,Baryphthengus ruficapillus,Baryphthengus ruficapillus,Habia rubica,Habia rubica,Habia rubica,Baryphthengus ruficapillus,Baryphthengus ruficapillus,Baryphthengus ruficapillus,Turdus albicollis,Habia,Cardinalidae,1,Bajo
642,Habia rubica,Habia rubica,Habia rubica,Habia rubica,Habia rubica,Habia rubica,Habia rubica,Habia rubica,Habia rubica,Habia rubica,Habia rubica,Habia rubica,Habia,Cardinalidae,1,Bajo
643,Habia rubica,Mackenziaena severa,Hypoedaleus guttatus,Habia rubica,Habia rubica,Habia rubica,Cyanoloxia brissonii,Habia rubica,Hypoedaleus guttatus,Hypoedaleus guttatus,Hypoedaleus guttatus,Mackenziaena severa,Habia,Cardinalidae,1,Bajo
645,Habia rubica,Pyriglena leucoptera,Turdus albicollis,Cyanocorax chrysops,Pyriglena leucoptera,Habia rubica,Habia rubica,Pyriglena leucoptera,Turdus albicollis,Turdus albicollis,Turdus albicollis,Pyriglena leucoptera,Habia,Cardinalidae,1,Bajo
647,Habia rubica,Habia rubica,Habia rubica,Habia rubica,Habia rubica,Habia rubica,Habia rubica,Habia rubica,Habia rubica,Habia rubica,Habia rubica,Habia rubica,Habia,Cardinalidae,1,Bajo
648,Habia rubica,Habia rubica,Synallaxis ruficapilla,Habia rubica,Habia rubica,Habia rubica,Habia rubica,Habia rubica,Synallaxis ruficapilla,Synallaxis ruficapilla,Synallaxis ruficapilla,Habia rubica,Habia,Cardinalidae,1,Bajo
649,Habia rubica,Canis familiaris,Penelope superciliaris,Hydrochoerus hydrochaeris,Hydrochoerus hydrochaeris,Hydrochoerus hydrochaeris,Didelphis albiventris,Hydrochoerus hydrochaeris,Penelope superciliaris,Penelope superciliaris,Penelope superciliaris,Canis familiaris,Habia,Cardinalidae,1,Bajo
650,Habia rubica,Habia rubica,Tachyphonus coronatus,Habia rubica,Habia rubica,Habia rubica,Habia rubica,Habia rubica,Tachyphonus coronatus,Tachyphonus coronatus,Tachyphonus coronatus,Habia rubica,Habia,Cardinalidae,1,Bajo
651,Habia rubica,Pyriglena leucoptera,Chamaeza campanisona,Baryphthengus ruficapillus,Baryphthengus ruficapillus,Pyriglena leucoptera,Tachyphonus coronatus,Penelope superciliaris,Chamaeza campanisona,Chamaeza campanisona,Chamaeza campanisona,Pyriglena leucoptera,Habia,Cardinalidae,1,Bajo
652,Habia rubica,Habia rubica,Pyriglena leucoptera,Habia rubica,Biatas nigropectus,Habia rubica,Habia rubica,Habia rubica,Pyriglena leucoptera,Pyriglena leucoptera,Pyriglena leucoptera,Habia rubica,Habia,Cardinalidae,1,Bajo
653,Habia rubica,Pyriglena leucoptera,Habia rubica,Habia rubica,Habia rubica,Habia rubica,Habia rubica,Turdus albicollis,Habia rubica,Habia rubica,Habia rubica,Pyriglena leucoptera,Habia,Cardinalidae,1,Bajo
654,Habia rubica,Habia rubica,Habia rubica,Conopophaga lineata,Synallaxis ruficapilla,Habia rubica,Habia rubica,Habia rubica,Habia rubica,Habia rubica,Habia rubica,Habia rubica,Habia,Cardinalidae,1,Bajo
657,Habia rubica,Mackenziaena severa,Penelope superciliaris,Conopophaga lineata vulgaris,Conopophaga lineata vulgaris,Mackenziaena severa,Mackenziaena severa,Mackenziaena leachii,Penelope superciliaris,Penelope superciliaris,Penelope superciliaris,Mackenziaena severa,Habia,Cardinalidae,1,Bajo
658,Habia rubica,Habia rubica,Habia rubica,Habia rubica,Habia rubica,Habia rubica,Habia rubica,Habia rubica,Habia rubica,Habia rubica,Habia rubica,Habia rubica,Habia,Cardinalidae,1,Bajo
659,Habia rubica,Hypoedaleus guttatus,Myiothlypis leucoblephara,Alouatta guariba clamitans,Alouatta guariba clamitans,Hypoedaleus guttatus,Hypoedaleus guttatus,Baryphthengus ruficapillus,Myiothlypis leucoblephara,Myiothlypis leucoblephara,Myiothlypis leucoblephara,Hypoedaleus guttatus,Habia,Cardinalidae,1,Bajo
660,Habia rubica,Habia rubica,Mackenziaena severa,Mackenziaena severa,Mackenziaena severa,Habia rubica,Habia rubica,Cyanoloxia brissonii,Mackenziaena severa,Mackenziaena severa,Mackenziaena severa,Habia rubica,Habia,Cardinalidae,1,Bajo
661,Habia rubica,Penelope superciliaris,Selenidera maculirostris,Selenidera maculirostris,Selenidera maculirostris,Selenidera maculirostris,Penelope superciliaris,Selenidera maculirostris,Selenidera maculirostris,Selenidera maculirostris,Selenidera maculirostris,Penelope superciliaris,Habia,Cardinalidae,1,Bajo
663,Habia rubica,Habia rubica,Tachyphonus coronatus,Habia rubica,Habia rubica,Habia rubica,Habia rubica,Habia rubica,Tachyphonus coronatus,Tachyphonus coronatus,Tachyphonus coronatus,Habia rubica,Habia,Cardinalidae,1,Bajo
664,Habia rubica,Biatas nigropectus,Biatas nigropectus,Biatas nigropectus,Biatas nigropectus,Biatas nigropectus,Hypoedaleus guttatus,Biatas nigropectus,Biatas nigropectus,Biatas nigropectus,Biatas nigropectus,Biatas nigropectus,Habia,Cardinalidae,1,Bajo
665,Habia rubica,Hypoedaleus guttatus,Turdus albicollis,Turdus albicollis,Turdus albicollis,Habia rubica,Hypoedaleus guttatus,Habia rubica,Turdus albicollis,Turdus albicollis,Turdus albicollis,Hypoedaleus guttatus,Habia,Cardinalidae,1,Bajo
666,Habia rubica,Habia rubica,Turdus rufiventris,Baryphthengus ruficapillus,Habia rubica,Habia rubica,Habia rubica,Pyriglena leucoptera,Turdus rufiventris,Turdus rufiventris,Turdus rufiventris,Habia rubica,Habia,Cardinalidae,1,Bajo
669,Habia rubica,Penelope superciliaris,Synallaxis ruficapilla,Aramides saracura,Aramides saracura,Leptotila rufaxilla,Leptotila rufaxilla,Leptotila verreauxi,Synallaxis ruficapilla,Synallaxis ruficapilla,Synallaxis ruficapilla,Penelope superciliaris,Habia,Cardinalidae,1,Bajo
670,Habia rubica,Habia rubica,Synallaxis ruficapilla,Pogonotriccus eximius,Pogonotriccus eximius,Habia rubica,Habia rubica,Habia rubica,Synallaxis ruficapilla,Synallaxis ruficapilla,Synallaxis ruficapilla,Habia rubica,Habia,Cardinalidae,1,Bajo
671,Habia rubica,Hypoedaleus guttatus,Myiothlypis leucoblephara,Celeus galeatus,Celeus galeatus,Hypoedaleus guttatus,Hypoedaleus guttatus,Brotogeris chiriri,Myiothlypis leucoblephara,Myiothlypis leucoblephara,Myiothlypis leucoblephara,Hypoedaleus guttatus,Habia,Cardinalidae,1,Bajo
672,Habia rubica,Selenidera maculirostris,Habia rubica,Baryphthengus ruficapillus,Penelope superciliaris,Brotogeris chiriri,Selenidera maculirostris,Brotogeris chiriri,Habia rubica,Habia rubica,Habia rubica,Selenidera maculirostris,Habia,Cardinalidae,1,Bajo
673,Habia rubica,Habia rubica,Habia rubica,Habia rubica,Habia rubica,Habia rubica,Habia rubica,Habia rubica,Habia rubica,Habia rubica,Habia rubica,Habia rubica,Habia,Cardinalidae,1,Bajo
674,Habia rubica,Conopophaga lineata,Synallaxis ruficapilla,Synallaxis ruficapilla,Conopophaga lineata,Conopophaga lineata,Habia rubica,Conopophaga lineata,Synallaxis ruficapilla,Synallaxis ruficapilla,Synallaxis ruficapilla,Conopophaga lineata,Habia,Cardinalidae,1,Bajo
675,Habia rubica,Turdus rufiventris,Pyriglena leucoptera,Pyriglena leucoptera,Cyanocorax chrysops,Turdus rufiventris,Turdus rufiventris,Dasyprocta azarae,Pyriglena leucoptera,Pyriglena leucoptera,Pyriglena leucoptera,Turdus rufiventris,Habia,Cardinalidae,1,Bajo
676,Habia rubica,Baryphthengus ruficapillus,Cyanocorax chrysops,Alouatta guariba clamitans,Baryphthengus ruficapillus,Habia rubica,Baryphthengus ruficapillus,Baryphthengus ruficapillus,Cyanocorax chrysops,Cyanocorax chrysops,Cyanocorax chrysops,Baryphthengus ruficapillus,Habia,Cardinalidae,1,Bajo
677,Habia rubica,Geotrygon montana,Geotrygon montana,Conopophaga lineata,Synallaxis ruficapilla,Geotrygon montana,Turdus rufiventris,Conopophaga lineata,Geotrygon montana,Geotrygon montana,Geotrygon montana,Geotrygon montana,Habia,Cardinalidae,1,Bajo
678,Habia rubica,Habia rubica,Habia rubica,Habia rubica,Habia rubica,Habia rubica,Habia rubica,Habia rubica,Habia rubica,Habia rubica,Habia rubica,Habia rubica,Habia,Cardinalidae,1,Bajo
679,Habia rubica,Brotogeris chiriri,Didelphis aurita,Conopophaga lineata,Conopophaga lineata,Didelphis aurita,Brotogeris chiriri,Didelphis aurita,Didelphis aurita,Didelphis aurita,Didelphis aurita,Tachyphonus coronatus,Habia,Cardinalidae,1,Bajo
680,Habia rubica,Habia rubica,Turdus rufiventris,Synallaxis ruficapilla,Synallaxis ruficapilla,Habia rubica,Habia rubica,Habia rubica,Turdus rufiventris,Turdus rufiventris,Turdus rufiventris,Habia rubica,Habia,Cardinalidae,1,Bajo
682,Habia rubica,Habia rubica,Habia rubica,Habia rubica,Habia rubica,Habia rubica,Habia rubica,Habia rubica,Habia rubica,Habia rubica,Habia rubica,Habia rubica,Habia,Cardinalidae,1,Bajo
683,Habia rubica,Myiothlypis leucoblephara,Turdus albicollis,Myiothlypis leucoblephara,Myiothlypis leucoblephara,Myiothlypis leucoblephara,Turdus albicollis,Tinamus solitarius,Turdus albicollis,Turdus albicollis,Turdus albicollis,Myiothlypis leucoblephara,Habia,Cardinalidae,1,Bajo
684,Habia rubica,Grallaria varia,Myiothlypis leucoblephara,Chamaeza campanisona,Chamaeza campanisona,Myiothlypis leucoblephara,Myiothlypis leucoblephara,Conopophaga lineata,Myiothlypis leucoblephara,Myiothlypis leucoblephara,Myiothlypis leucoblephara,Grallaria varia,Habia,Cardinalidae,1,Bajo
685,Habia rubica,Pyriglena leucoptera,Chamaeza campanisona,Chamaeza campanisona,Chamaeza campanisona,Turdus albicollis,Turdus albicollis,Chamaeza campanisona,Chamaeza campanisona,Chamaeza campanisona,Chamaeza campanisona,Pyriglena leucoptera,Habia,Cardinalidae,1,Bajo
687,Habia rubica,Habia rubica,Synallaxis ruficapilla,Biatas nigropectus,Synallaxis ruficapilla,Habia rubica,Habia rubica,Habia rubica,Synallaxis ruficapilla,Synallaxis ruficapilla,Synallaxis ruficapilla,Habia rubica,Habia,Cardinalidae,1,Bajo
688,Habia rubica,Habia rubica,Synallaxis ruficapilla,Habia rubica,Habia rubica,Habia rubica,Habia rubica,Habia rubica,Synallaxis ruficapilla,Synallaxis ruficapilla,Synallaxis ruficapilla,Habia rubica,Habia,Cardinalidae,1,Bajo
689,Habia rubica,Habia rubica,Habia rubica,Habia rubica,Habia rubica,Habia rubica,Habia rubica,Habia rubica,Habia rubica,Habia rubica,Habia rubica,Habia rubica,Habia,Cardinalidae,1,Bajo
690,Habia rubica,Mackenziaena severa,Baryphthengus ruficapillus,Baryphthengus ruficapillus,Mackenziaena severa,Habia rubica,Habia rubica,Habia rubica,Baryphthengus ruficapillus,Baryphthengus ruficapillus,Baryphthengus ruficapillus,Mackenziaena severa,Habia,Cardinalidae,1,Bajo
691,Habia rubica,Synallaxis ruficapilla,Synallaxis ruficapilla,Synallaxis ruficapilla,Synallaxis ruficapilla,Synallaxis ruficapilla,Habia rubica,Habia rubica,Synallaxis ruficapilla,Synallaxis ruficapilla,Synallaxis ruficapilla,Synallaxis ruficapilla,Habia,Cardinalidae,1,Bajo
692,Habia rubica,Synallaxis ruficapilla,Synallaxis ruficapilla,Synallaxis ruficapilla,Synallaxis ruficapilla,Synallaxis ruficapilla,Habia rubica,Synallaxis ruficapilla,Synallaxis ruficapilla,Synallaxis ruficapilla,Synallaxis ruficapilla,Synallaxis ruficapilla,Habia,Cardinalidae,1,Bajo
694,Hydrochoerus hydrochaeris,Hydrochoerus hydrochaeris,Hydrochoerus hydrochaeris,Hydrochoerus hydrochaeris,Hydrochoerus hydrochaeris,Hydrochoerus hydrochaeris,Hydrochoerus hydrochaeris,Hydrochoerus hydrochaeris,Hydrochoerus hydrochaeris,Hydrochoerus hydrochaeris,Hydrochoerus hydrochaeris,Hydrochoerus hydrochaeris,Hydrochoerus,Caviidae,2,Bajo
695,Hydrochoerus hydrochaeris,Nasua nasua,Dasyprocta azarae,Dasyprocta azarae,Hydrochoerus hydrochaeris,Nasua nasua,Nasua nasua,Nasua nasua,Dasyprocta azarae,Dasyprocta azarae,Dasyprocta azarae,Nasua nasua,Hydrochoerus,Caviidae,2,Bajo
696,Hydrochoerus hydrochaeris,Hydrochoerus hydrochaeris,Hydrochoerus hydrochaeris,Hydrochoerus hydrochaeris,Hydrochoerus hydrochaeris,Hydrochoerus hydrochaeris,Hydrochoerus hydrochaeris,Hydrochoerus hydrochaeris,Hydrochoerus hydrochaeris,Hydrochoerus hydrochaeris,Hydrochoerus hydrochaeris,Hydrochoerus hydrochaeris,Hydrochoerus,Caviidae,2,Bajo
698,Hydrochoerus hydrochaeris,Hydrochoerus hydrochaeris,Sus scrofa,Hydrochoerus hydrochaeris,Hydrochoerus hydrochaeris,Hydrochoerus hydrochaeris,Hydrochoerus hydrochaeris,Hydrochoerus hydrochaeris,Sus scrofa,Sus scrofa,Sus scrofa,Hydrochoerus hydrochaeris,Hydrochoerus,Caviidae,2,Bajo
700,Hydrochoerus hydrochaeris,Sus scrofa domesticus,Sus scrofa domesticus,Lepus europaeus,Lepus europaeus,Lepus europaeus,Sus scrofa,Sus scrofa,Sus scrofa domesticus,Sus scrofa domesticus,Sus scrofa domesticus,Sus scrofa domesticus,Hydrochoerus,Caviidae,2,Bajo
701,Hydrochoerus hydrochaeris,Pecari tajacu,Pecari tajacu,Pecari tajacu,Hydrochoerus hydrochaeris,Hydrochoerus hydrochaeris,Hydrochoerus hydrochaeris,Pecari tajacu,Pecari tajacu,Pecari tajacu,Pecari tajacu,Pecari tajacu,Hydrochoerus,Caviidae,2,Bajo
702,Hydrochoerus hydrochaeris,Pecari tajacu,Pecari tajacu,Mazama nanus,Mazama nanus,Pecari tajacu,Pecari tajacu,Subulo gouazoubira,Pecari tajacu,Pecari tajacu,Pecari tajacu,Pecari tajacu,Hydrochoerus,Caviidae,2,Bajo
705,Hydrochoerus hydrochaeris,Hydrochoerus hydrochaeris,Hydrochoerus hydrochaeris,Hydrochoerus hydrochaeris,Hydrochoerus hydrochaeris,Hydrochoerus hydrochaeris,Hydrochoerus hydrochaeris,Hydrochoerus hydrochaeris,Hydrochoerus hydrochaeris,Hydrochoerus hydrochaeris,Hydrochoerus hydrochaeris,Hydrochoerus hydrochaeris,Hydrochoerus,Caviidae,2,Bajo
707,Hydrochoerus hydrochaeris,Lontra longicaudis,Lontra longicaudis,Lontra longicaudis,Lontra longicaudis,Lontra longicaudis,Lontra longicaudis,Lontra longicaudis,Lontra longicaudis,Lontra longicaudis,Lontra longicaudis,Lontra longicaudis,Hydrochoerus,Caviidae,2,Bajo
708,Hydrochoerus hydrochaeris,Hydrochoerus hydrochaeris,Hydrochoerus hydrochaeris,Galictis cuja,Cerdocyon thous,Hydrochoerus hydrochaeris,Hydrochoerus hydrochaeris,Hydrochoerus hydrochaeris,Hydrochoerus hydrochaeris,Hydrochoerus hydrochaeris,Hydrochoerus hydrochaeris,Hydrochoerus hydrochaeris,Hydrochoerus,Caviidae,2,Bajo
709,Hydrochoerus hydrochaeris,Sus scrofa,Hydrochoerus hydrochaeris,Sus scrofa,Sus scrofa,Sus scrofa,Sus scrofa,Sus scrofa,Hydrochoerus hydrochaeris,Hydrochoerus hydrochaeris,Hydrochoerus hydrochaeris,Sus scrofa,Hydrochoerus,Caviidae,2,Bajo
710,Hydrochoerus hydrochaeris,Sus scrofa,Subulo gouazoubira,Sus scrofa,Sus scrofa,Sus scrofa,Sus scrofa,Sus scrofa,Subulo gouazoubira,Subulo gouazoubira,Subulo gouazoubira,Sus scrofa,Hydrochoerus,Caviidae,2,Bajo
711,Hydrochoerus hydrochaeris,Hydrochoerus hydrochaeris,Hydrochoerus hydrochaeris,Hydrochoerus hydrochaeris,Hydrochoerus hydrochaeris,Hydrochoerus hydrochaeris,Hydrochoerus hydrochaeris,Hydrochoerus hydrochaeris,Hydrochoerus hydrochaeris,Hydrochoerus hydrochaeris,Hydrochoerus hydrochaeris,Hydrochoerus hydrochaeris,Hydrochoerus,Caviidae,2,Bajo
712,Hydrochoerus hydrochaeris,Hydrochoerus hydrochaeris,Mazama nanus,Pecari tajacu,Pecari tajacu,Hydrochoerus hydrochaeris,Hydrochoerus hydrochaeris,Pecari tajacu,Mazama nanus,Mazama nanus,Mazama nanus,Hydrochoerus hydrochaeris,Hydrochoerus,Caviidae,2,Bajo
713,Hydrochoerus hydrochaeris,Hydrochoerus hydrochaeris,Hydrochoerus hydrochaeris,Hydrochoerus hydrochaeris,Hydrochoerus hydrochaeris,Hydrochoerus hydrochaeris,Hydrochoerus hydrochaeris,Hydrochoerus hydrochaeris,Hydrochoerus hydrochaeris,Hydrochoerus hydrochaeris,Hydrochoerus hydrochaeris,Hydrochoerus hydrochaeris,Hydrochoerus,Caviidae,2,Bajo
714,Hydrochoerus hydrochaeris,Hydrochoerus hydrochaeris,Hydrochoerus hydrochaeris,Cerdocyon thous,Cerdocyon thous,Hydrochoerus hydrochaeris,Hydrochoerus hydrochaeris,Pecari tajacu,Hydrochoerus hydrochaeris,Hydrochoerus hydrochaeris,Hydrochoerus hydrochaeris,Hydrochoerus hydrochaeris,Hydrochoerus,Caviidae,2,Bajo
715,Hydrochoerus hydrochaeris,Hydrochoerus hydrochaeris,Hydrochoerus hydrochaeris,Hydrochoerus hydrochaeris,Hydrochoerus hydrochaeris,Hydrochoerus hydrochaeris,Hydrochoerus hydrochaeris,Hydrochoerus hydrochaeris,Hydrochoerus hydrochaeris,Hydrochoerus hydrochaeris,Hydrochoerus hydrochaeris,Hydrochoerus hydrochaeris,Hydrochoerus,Caviidae,2,Bajo
716,Hydrochoerus hydrochaeris,Hydrochoerus hydrochaeris,Hydrochoerus hydrochaeris,Pecari tajacu,Pecari tajacu,Hydrochoerus hydrochaeris,Pecari tajacu,Pecari tajacu,Hydrochoerus hydrochaeris,Hydrochoerus hydrochaeris,Hydrochoerus hydrochaeris,Hydrochoerus hydrochaeris,Hydrochoerus,Caviidae,2,Bajo
717,Hydrochoerus hydrochaeris,Pecari tajacu,Hydrochoerus hydrochaeris,Hydrochoerus hydrochaeris,Hydrochoerus hydrochaeris,Hydrochoerus hydrochaeris,Pecari tajacu,Pecari tajacu,Hydrochoerus hydrochaeris,Hydrochoerus hydrochaeris,Hydrochoerus hydrochaeris,Pecari tajacu,Hydrochoerus,Caviidae,2,Bajo
718,Hydrochoerus hydrochaeris,Hydrochoerus hydrochaeris,Hydrochoerus hydrochaeris,Hydrochoerus hydrochaeris,Hydrochoerus hydrochaeris,Hydrochoerus hydrochaeris,Hydrochoerus hydrochaeris,Hydrochoerus hydrochaeris,Hydrochoerus hydrochaeris,Hydrochoerus hydrochaeris,Hydrochoerus hydrochaeris,Hydrochoerus hydrochaeris,Hydrochoerus,Caviidae,2,Bajo
719,Hydrochoerus hydrochaeris,Hydrochoerus hydrochaeris,Sus scrofa,Hydrochoerus hydrochaeris,Hydrochoerus hydrochaeris,Hydrochoerus hydrochaeris,Hydrochoerus hydrochaeris,Hydrochoerus hydrochaeris,Sus scrofa,Sus scrofa,Sus scrofa,Hydrochoerus hydrochaeris,Hydrochoerus,Caviidae,2,Bajo
721,Hydrochoerus hydrochaeris,Hydrochoerus hydrochaeris,Hydrochoerus hydrochaeris,Hydrochoerus hydrochaeris,Hydrochoerus hydrochaeris,Hydrochoerus hydrochaeris,Hydrochoerus hydrochaeris,Hydrochoerus hydrochaeris,Hydrochoerus hydrochaeris,Hydrochoerus hydrochaeris,Hydrochoerus hydrochaeris,Hydrochoerus hydrochaeris,Hydrochoerus,Caviidae,2,Bajo
722,Hydrochoerus hydrochaeris,Hydrochoerus hydrochaeris,Pecari tajacu,Hydrochoerus hydrochaeris,Hydrochoerus hydrochaeris,Hydrochoerus hydrochaeris,Hydrochoerus hydrochaeris,Hydrochoerus hydrochaeris,Pecari tajacu,Pecari tajacu,Pecari tajacu,Hydrochoerus hydrochaeris,Hydrochoerus,Caviidae,2,Bajo
723,Hydrochoerus hydrochaeris,Euphractus sexcinctus,Hydrochoerus hydrochaeris,Hydrochoerus hydrochaeris,Hydrochoerus hydrochaeris,Hydrochoerus hydrochaeris,Hydrochoerus hydrochaeris,Hydrochoerus hydrochaeris,Hydrochoerus hydrochaeris,Hydrochoerus hydrochaeris,Hydrochoerus hydrochaeris,Euphractus sexcinctus,Hydrochoerus,Caviidae,2,Bajo
725,Hydrochoerus hydrochaeris,Hydrochoerus hydrochaeris,Salvator merianae,Hydrochoerus hydrochaeris,Hydrochoerus hydrochaeris,Hydrochoerus hydrochaeris,Hydrochoerus hydrochaeris,Hydrochoerus hydrochaeris,Salvator merianae,Salvator merianae,Salvator merianae,Hydrochoerus hydrochaeris,Hydrochoerus,Caviidae,2,Bajo
726,Hydrochoerus hydrochaeris,Hydrochoerus hydrochaeris,Hydrochoerus hydrochaeris,Hydrochoerus hydrochaeris,Hydrochoerus hydrochaeris,Hydrochoerus hydrochaeris,Hydrochoerus hydrochaeris,Hydrochoerus hydrochaeris,Hydrochoerus hydrochaeris,Hydrochoerus hydrochaeris,Hydrochoerus hydrochaeris,Hydrochoerus hydrochaeris,Hydrochoerus,Caviidae,2,Bajo
727,Hydrochoerus hydrochaeris,Hydrochoerus hydrochaeris,Tapirus terrestris terrestris,Hydrochoerus hydrochaeris,Sylvilagus brasiliensis,Hydrochoerus hydrochaeris,Hydrochoerus hydrochaeris,Subulo gouazoubira,Tapirus terrestris terrestris,Tapirus terrestris terrestris,Tapirus terrestris terrestris,Tapirus terrestris terrestris,Hydrochoerus,Caviidae,2,Bajo
728,Hydrochoerus hydrochaeris,Pecari tajacu,Pecari tajacu,Pecari tajacu,Pecari tajacu,Pecari tajacu,Pecari tajacu,Pecari tajacu,Pecari tajacu,Pecari tajacu,Pecari tajacu,Pecari tajacu,Hydrochoerus,Caviidae,2,Bajo
729,Hydrochoerus hydrochaeris,Aramides saracura,Cyanoloxia brissonii,Aramides saracura,Aramides saracura,Cerdocyon thous,Aramides saracura,Lepus europaeus,Cyanoloxia brissonii,Cyanoloxia brissonii,Cyanoloxia brissonii,Aramides saracura,Hydrochoerus,Caviidae,2,Bajo
730,Hydrochoerus hydrochaeris,Pecari tajacu,Pecari tajacu,Pecari tajacu,Pecari tajacu,Pecari tajacu,Pecari tajacu,Pecari tajacu,Pecari tajacu,Pecari tajacu,Pecari tajacu,Pecari tajacu,Hydrochoerus,Caviidae,2,Bajo
731,Hydrochoerus hydrochaeris,Tapirus terrestris terrestris,Tapirus terrestris terrestris,Hydrochoerus hydrochaeris,Aramides saracura,Hydrochoerus hydrochaeris,Hydrochoerus hydrochaeris,Lepus europaeus,Tapirus terrestris terrestris,Tapirus terrestris terrestris,Tapirus terrestris terrestris,Tapirus terrestris terrestris,Hydrochoerus,Caviidae,2,Bajo
732,Hydrochoerus hydrochaeris,Hydrochoerus hydrochaeris,Hydrochoerus hydrochaeris,Hydrochoerus hydrochaeris,Hydrochoerus hydrochaeris,Hydrochoerus hydrochaeris,Hydrochoerus hydrochaeris,Hydrochoerus hydrochaeris,Hydrochoerus hydrochaeris,Hydrochoerus hydrochaeris,Hydrochoerus hydrochaeris,Hydrochoerus hydrochaeris,Hydrochoerus,Caviidae,2,Bajo
733,Hydrochoerus hydrochaeris,Hydrochoerus hydrochaeris,Hydrochoerus hydrochaeris,Hydrochoerus hydrochaeris,Hydrochoerus hydrochaeris,Hydrochoerus hydrochaeris,Hydrochoerus hydrochaeris,Hydrochoerus hydrochaeris,Hydrochoerus hydrochaeris,Hydrochoerus hydrochaeris,Hydrochoerus hydrochaeris,Hydrochoerus hydrochaeris,Hydrochoerus,Caviidae,2,Bajo
734,Hydrochoerus hydrochaeris,Sus scrofa,Sus scrofa,Sus scrofa,Sus scrofa,Sus scrofa,Sus scrofa,Sus scrofa,Sus scrofa,Sus scrofa,Sus scrofa,Sus scrofa,Hydrochoerus,Caviidae,2,Bajo
735,Hydrochoerus hydrochaeris,Hydrochoerus hydrochaeris,Hydrochoerus hydrochaeris,Hydrochoerus hydrochaeris,Cerdocyon thous,Hydrochoerus hydrochaeris,Hydrochoerus hydrochaeris,Pecari tajacu,Hydrochoerus hydrochaeris,Hydrochoerus hydrochaeris,Hydrochoerus hydrochaeris,Hydrochoerus hydrochaeris,Hydrochoerus,Caviidae,2,Bajo
736,Hydrochoerus hydrochaeris,Hydrochoerus hydrochaeris,Hydrochoerus hydrochaeris,Hydrochoerus hydrochaeris,Hydrochoerus hydrochaeris,Hydrochoerus hydrochaeris,Hydrochoerus hydrochaeris,Hydrochoerus hydrochaeris,Hydrochoerus hydrochaeris,Hydrochoerus hydrochaeris,Hydrochoerus hydrochaeris,Hydrochoerus hydrochaeris,Hydrochoerus,Caviidae,2,Bajo
737,Hydrochoerus hydrochaeris,Hydrochoerus hydrochaeris,Hydrochoerus hydrochaeris,Cerdocyon thous,Cerdocyon thous,Hydrochoerus hydrochaeris,Hydrochoerus hydrochaeris,Hydrochoerus hydrochaeris,Hydrochoerus hydrochaeris,Hydrochoerus hydrochaeris,Hydrochoerus hydrochaeris,Hydrochoerus hydrochaeris,Hydrochoerus,Caviidae,2,Bajo
738,Hydrochoerus hydrochaeris,Hydrochoerus hydrochaeris,Hydrochoerus hydrochaeris,Hydrochoerus hydrochaeris,Hydrochoerus hydrochaeris,Hydrochoerus hydrochaeris,Hydrochoerus hydrochaeris,Hydrochoerus hydrochaeris,Hydrochoerus hydrochaeris,Hydrochoerus hydrochaeris,Hydrochoerus hydrochaeris,Hydrochoerus hydrochaeris,Hydrochoerus,Caviidae,2,Bajo
740,Hydrochoerus hydrochaeris,Hydrochoerus hydrochaeris,Hydrochoerus hydrochaeris,Hydrochoerus hydrochaeris,Hydrochoerus hydrochaeris,Hydrochoerus hydrochaeris,Hydrochoerus hydrochaeris,Hydrochoerus hydrochaeris,Hydrochoerus hydrochaeris,Hydrochoerus hydrochaeris,Hydrochoerus hydrochaeris,Hydrochoerus hydrochaeris,Hydrochoerus,Caviidae,2,Bajo
741,Hydrochoerus hydrochaeris,Hydrochoerus hydrochaeris,Hydrochoerus hydrochaeris,Aramides saracura,Aramides saracura,Hydrochoerus hydrochaeris,Hydrochoerus hydrochaeris,Sus scrofa,Hydrochoerus hydrochaeris,Hydrochoerus hydrochaeris,Hydrochoerus hydrochaeris,Hydrochoerus hydrochaeris,Hydrochoerus,Caviidae,2,Bajo
742,Hydrochoerus hydrochaeris,Dasyprocta azarae,Hydrochoerus hydrochaeris,Hydrochoerus hydrochaeris,Pecari tajacu,Hydrochoerus hydrochaeris,Dasyprocta azarae,Dasyprocta azarae,Hydrochoerus hydrochaeris,Hydrochoerus hydrochaeris,Hydrochoerus hydrochaeris,Dasyprocta azarae,Hydrochoerus,Caviidae,2,Bajo
743,Hydrochoerus hydrochaeris,Sus scrofa,Sus scrofa,Hydrochoerus hydrochaeris,Sus scrofa,Sus scrofa,Sus scrofa,Sus scrofa,Sus scrofa,Sus scrofa,Sus scrofa,Sus scrofa,Hydrochoerus,Caviidae,2,Bajo
744,Hydrochoerus hydrochaeris,Hydrochoerus hydrochaeris,Hydrochoerus hydrochaeris,Hydrochoerus hydrochaeris,Hydrochoerus hydrochaeris,Hydrochoerus hydrochaeris,Hydrochoerus hydrochaeris,Hydrochoerus hydrochaeris,Hydrochoerus hydrochaeris,Hydrochoerus hydrochaeris,Hydrochoerus hydrochaeris,Tapirus terrestris,Hydrochoerus,Caviidae,2,Bajo
745,Hydrochoerus hydrochaeris,Hydrochoerus hydrochaeris,Hydrochoerus hydrochaeris,Hydrochoerus hydrochaeris,Hydrochoerus hydrochaeris,Hydrochoerus hydrochaeris,Hydrochoerus hydrochaeris,Hydrochoerus hydrochaeris,Hydrochoerus hydrochaeris,Hydrochoerus hydrochaeris,Hydrochoerus hydrochaeris,Hydrochoerus hydrochaeris,Hydrochoerus,Caviidae,2,Bajo
746,Hydrochoerus hydrochaeris,Hydrochoerus hydrochaeris,Hydrochoerus hydrochaeris,Hydrochoerus hydrochaeris,Hydrochoerus hydrochaeris,Hydrochoerus hydrochaeris,Hydrochoerus hydrochaeris,Hydrochoerus hydrochaeris,Hydrochoerus hydrochaeris,Hydrochoerus hydrochaeris,Hydrochoerus hydrochaeris,Hydrochoerus hydrochaeris,Hydrochoerus,Caviidae,2,Bajo
747,Hydrochoerus hydrochaeris,Hydrochoerus hydrochaeris,Cerdocyon thous,Cerdocyon thous,Hydrochoerus hydrochaeris,Hydrochoerus hydrochaeris,Hydrochoerus hydrochaeris,Hydrochoerus hydrochaeris,Cerdocyon thous,Cerdocyon thous,Cerdocyon thous,Hydrochoerus hydrochaeris,Hydrochoerus,Caviidae,2,Bajo
749,Hydrochoerus hydrochaeris,Pecari tajacu,Leopardus pardalis,Dasyprocta azarae,Dasyprocta azarae,Hydrochoerus hydrochaeris,Hydrochoerus hydrochaeris,Galictis cuja,Leopardus pardalis,Leopardus pardalis,Leopardus pardalis,Pecari tajacu,Hydrochoerus,Caviidae,2,Bajo
750,Hydrochoerus hydrochaeris,Hydrochoerus hydrochaeris,Hydrochoerus hydrochaeris,Hydrochoerus hydrochaeris,Hydrochoerus hydrochaeris,Hydrochoerus hydrochaeris,Hydrochoerus hydrochaeris,Hydrochoerus hydrochaeris,Hydrochoerus hydrochaeris,Hydrochoerus hydrochaeris,Hydrochoerus hydrochaeris,Hydrochoerus hydrochaeris,Hydrochoerus,Caviidae,2,Bajo
751,Hydrochoerus hydrochaeris,Nasua nasua,Nasua nasua,Aramides saracura,Dasyprocta azarae,Lontra longicaudis,Nasua nasua,Lontra longicaudis,Nasua nasua,Nasua nasua,Nasua nasua,Nasua nasua,Hydrochoerus,Caviidae,2,Bajo
754,Hydrochoerus hydrochaeris,Herpailurus yagouaroundi,Leopardus guttulus,Leopardus guttulus,Leopardus guttulus,Salvator merianae,Salvator merianae,Tamandua tetradactyla,Leopardus guttulus,Leopardus guttulus,Leopardus guttulus,Herpailurus yagouaroundi,Hydrochoerus,Caviidae,2,Bajo
755,Hydrochoerus hydrochaeris,Lontra longicaudis,Lontra longicaudis,Lontra longicaudis,Lontra longicaudis,Lontra longicaudis,Lontra longicaudis,Lontra longicaudis,Lontra longicaudis,Lontra longicaudis,Lontra longicaudis,Lontra longicaudis,Hydrochoerus,Caviidae,2,Bajo
756,Hydrochoerus hydrochaeris,Sus scrofa,Hydrochoerus hydrochaeris,Hydrochoerus hydrochaeris,Hydrochoerus hydrochaeris,Hydrochoerus hydrochaeris,Sus scrofa,Hydrochoerus hydrochaeris,Hydrochoerus hydrochaeris,Hydrochoerus hydrochaeris,Hydrochoerus hydrochaeris,Sus scrofa,Hydrochoerus,Caviidae,2,Bajo
757,Hydrochoerus hydrochaeris,Hydrochoerus hydrochaeris,Hydrochoerus hydrochaeris,Hydrochoerus hydrochaeris,Hydrochoerus hydrochaeris,Hydrochoerus hydrochaeris,Hydrochoerus hydrochaeris,Hydrochoerus hydrochaeris,Hydrochoerus hydrochaeris,Hydrochoerus hydrochaeris,Hydrochoerus hydrochaeris,Hydrochoerus hydrochaeris,Hydrochoerus,Caviidae,2,Bajo
758,Hydrochoerus hydrochaeris,Hydrochoerus hydrochaeris,Hydrochoerus hydrochaeris,Hydrochoerus hydrochaeris,Hydrochoerus hydrochaeris,Hydrochoerus hydrochaeris,Hydrochoerus hydrochaeris,Hydrochoerus hydrochaeris,Hydrochoerus hydrochaeris,Hydrochoerus hydrochaeris,Hydrochoerus hydrochaeris,Hydrochoerus hydrochaeris,Hydrochoerus,Caviidae,2,Bajo
759,Hydrochoerus hydrochaeris,Hydrochoerus hydrochaeris,Sus scrofa,Hydrochoerus hydrochaeris,Hydrochoerus hydrochaeris,Hydrochoerus hydrochaeris,Hydrochoerus hydrochaeris,Phrynops williamsi,Sus scrofa,Sus scrofa,Sus scrofa,Hydrochoerus hydrochaeris,Hydrochoerus,Caviidae,2,Bajo
761,Sapajus nigritus,Alouatta guariba clamitans,Sapajus nigritus,Sapajus nigritus,Sapajus nigritus,Sapajus nigritus,Alouatta guariba clamitans,Sapajus nigritus,Sapajus nigritus,Sapajus nigritus,Sapajus nigritus,Alouatta guariba clamitans,Sapajus,Cebidae,3,Medio
762,Sapajus nigritus,Sapajus nigritus,Sapajus nigritus,Sapajus nigritus,Sapajus nigritus,Sapajus nigritus,Sapajus nigritus,Sapajus nigritus,Sapajus nigritus,Sapajus nigritus,Sapajus nigritus,Sapajus nigritus,Sapajus,Cebidae,3,Medio
763,Sapajus nigritus,Sapajus nigritus,Pipile jacutinga,Alouatta guariba,Alouatta guariba,Sapajus nigritus,Sapajus nigritus,Alouatta guariba,Pipile jacutinga,Pipile jacutinga,Pipile jacutinga,Sapajus nigritus,Sapajus,Cebidae,3,Medio
764,Sapajus nigritus,Alouatta guariba,Sapajus nigritus,Sapajus nigritus,Sapajus nigritus,Sapajus nigritus,Alouatta guariba clamitans,Alouatta guariba clamitans,Sapajus nigritus,Sapajus nigritus,Sapajus nigritus,Alouatta guariba,Sapajus,Cebidae,3,Medio
766,Sapajus nigritus,Alouatta guariba,Sapajus nigritus,Alouatta caraya,Sapajus nigritus,Sapajus nigritus,Alouatta guariba clamitans,Sapajus nigritus,Sapajus nigritus,Sapajus nigritus,Sapajus nigritus,Alouatta guariba,Sapajus,Cebidae,3,Medio
768,Sapajus nigritus,Sapajus nigritus,Sapajus nigritus,Sapajus nigritus,Sapajus nigritus,Sapajus nigritus,Sapajus nigritus,Sapajus nigritus,Sapajus nigritus,Sapajus nigritus,Sapajus nigritus,Sapajus nigritus,Sapajus,Cebidae,3,Medio
769,Sapajus nigritus,Alouatta caraya,Alouatta guariba clamitans,Alouatta guariba clamitans,Alouatta guariba clamitans,Alouatta caraya,Alouatta caraya,Alouatta guariba,Alouatta guariba clamitans,Alouatta guariba clamitans,Alouatta guariba clamitans,Alouatta caraya,Sapajus,Cebidae,3,Medio
770,Sapajus nigritus,Sapajus nigritus,Pipile jacutinga,Alouatta caraya,Alouatta caraya,Sapajus nigritus,Sapajus nigritus,Alouatta caraya,Pipile jacutinga,Pipile jacutinga,Pipile jacutinga,Sapajus nigritus,Sapajus,Cebidae,3,Medio
771,Sapajus nigritus,Sapajus nigritus,Alouatta caraya,Alouatta caraya,Alouatta caraya,Sapajus nigritus,Sapajus nigritus,Alouatta caraya,Alouatta caraya,Alouatta caraya,Alouatta caraya,Sapajus nigritus,Sapajus,Cebidae,3,Medio
772,Sapajus nigritus,Alouatta caraya,Sapajus nigritus,Alouatta caraya,Alouatta caraya,Alouatta caraya,Alouatta caraya,Sapajus nigritus,Sapajus nigritus,Sapajus nigritus,Sapajus nigritus,Alouatta caraya,Sapajus,Cebidae,3,Medio
774,Sapajus nigritus,Sapajus nigritus,Sapajus nigritus,Alouatta caraya,Alouatta guariba,Sapajus nigritus,Sapajus nigritus,Sapajus nigritus,Sapajus nigritus,Sapajus nigritus,Sapajus nigritus,Sapajus nigritus,Sapajus,Cebidae,3,Medio
775,Sapajus nigritus,Sapajus nigritus,Pipile jacutinga,Alouatta guariba,Alouatta caraya,Sapajus nigritus,Sapajus nigritus,Alouatta guariba,Pipile jacutinga,Pipile jacutinga,Pipile jacutinga,Sapajus nigritus,Sapajus,Cebidae,3,Medio
776,Sapajus nigritus,Alouatta guariba,Alouatta guariba clamitans,Alouatta guariba clamitans,Alouatta guariba clamitans,Pipile jacutinga,Alouatta guariba clamitans,Sapajus nigritus,Alouatta guariba clamitans,Alouatta guariba clamitans,Alouatta guariba clamitans,Alouatta guariba,Sapajus,Cebidae,3,Medio
777,Sapajus nigritus,Kannabateomys amblyonyx,Sapajus nigritus,Brotogeris chiriri,Sapajus nigritus,Sapajus nigritus,Sapajus nigritus,Sapajus nigritus,Sapajus nigritus,Sapajus nigritus,Sapajus nigritus,Kannabateomys amblyonyx,Sapajus,Cebidae,3,Medio
779,Sapajus nigritus,Sapajus nigritus,Pipile jacutinga,Alouatta guariba,Sapajus nigritus,Sapajus nigritus,Sapajus nigritus,Sapajus nigritus,Pipile jacutinga,Pipile jacutinga,Pipile jacutinga,Sapajus nigritus,Sapajus,Cebidae,3,Medio
780,Sapajus nigritus,Sapajus nigritus,Sapajus nigritus,Alouatta caraya,Alouatta guariba clamitans,Sapajus nigritus,Sapajus nigritus,Penelope superciliaris,Sapajus nigritus,Sapajus nigritus,Sapajus nigritus,Sapajus nigritus,Sapajus,Cebidae,3,Medio
781,Sapajus nigritus,Sapajus nigritus,Pipile jacutinga,Alouatta guariba,Alouatta caraya,Alouatta guariba,Sapajus nigritus,Alouatta caraya,Pipile jacutinga,Pipile jacutinga,Pipile jacutinga,Sapajus nigritus,Sapajus,Cebidae,3,Medio
783,Sapajus nigritus,Alouatta caraya,Sapajus nigritus,Sapajus nigritus,Alouatta guariba,Sapajus nigritus,Sapajus nigritus,Alouatta caraya,Sapajus nigritus,Sapajus nigritus,Sapajus nigritus,Alouatta caraya,Sapajus,Cebidae,3,Medio
784,Sapajus nigritus,Sapajus nigritus,Alouatta caraya,Alouatta caraya,Alouatta caraya,Alouatta caraya,Sapajus nigritus,Cyanoloxia brissonii,Alouatta caraya,Alouatta caraya,Alouatta caraya,Sapajus nigritus,Sapajus,Cebidae,3,Medio
785,Sapajus nigritus,Nasua nasua,Nasua nasua,Eira barbara,Sapajus nigritus,Sapajus nigritus,Sapajus nigritus,Sapajus nigritus,Nasua nasua,Nasua nasua,Nasua nasua,Nasua nasua,Sapajus,Cebidae,3,Medio
787,Sapajus nigritus,Sapajus nigritus,Pecari tajacu,Cerdocyon thous,Cerdocyon thous,Sapajus nigritus,Sapajus nigritus,Sapajus nigritus,Pecari tajacu,Pecari tajacu,Pecari tajacu,Sapajus nigritus,Sapajus,Cebidae,3,Medio
788,Sapajus nigritus,Didelphis albiventris,Didelphis albiventris,Alouatta caraya,Alouatta caraya,Alouatta caraya,Amazona aestiva,Brotogeris chiriri,Didelphis albiventris,Didelphis albiventris,Didelphis albiventris,Didelphis albiventris,Sapajus,Cebidae,3,Medio
789,Sapajus nigritus,Alouatta caraya,Alouatta caraya,Alouatta caraya,Alouatta caraya,Alouatta caraya,Alouatta caraya,Alouatta caraya,Alouatta caraya,Alouatta caraya,Alouatta caraya,Alouatta caraya,Sapajus,Cebidae,3,Medio
790,Sapajus nigritus,Sapajus nigritus,Penelope superciliaris,Cerdocyon thous,Penelope superciliaris,Sapajus nigritus,Sapajus nigritus,Sapajus nigritus,Penelope superciliaris,Penelope superciliaris,Penelope superciliaris,Sapajus nigritus,Sapajus,Cebidae,3,Medio
791,Sapajus nigritus,Sapajus nigritus,Cerdocyon thous,Alouatta guariba,Alouatta guariba,Sapajus nigritus,Sapajus nigritus,Sapajus nigritus,Cerdocyon thous,Cerdocyon thous,Cerdocyon thous,Sapajus nigritus,Sapajus,Cebidae,3,Medio
792,Sapajus nigritus,Sapajus nigritus,Alouatta caraya,Alouatta caraya,Sapajus nigritus,Sapajus nigritus,Sapajus nigritus,Alouatta guariba,Alouatta caraya,Alouatta caraya,Alouatta caraya,Sapajus nigritus,Sapajus,Cebidae,3,Medio
794,Sapajus nigritus,Sapajus nigritus,Alouatta guariba,Alouatta guariba clamitans,Alouatta guariba clamitans,Sapajus nigritus,Sapajus nigritus,Alouatta guariba,Alouatta guariba,Alouatta guariba,Alouatta guariba,Sapajus nigritus,Sapajus,Cebidae,3,Medio
795,Sapajus nigritus,Didelphis aurita,Sapajus nigritus,Alouatta caraya,Alouatta caraya,Alouatta caraya,Alouatta caraya,Sapajus nigritus,Sapajus nigritus,Sapajus nigritus,Sapajus nigritus,Didelphis aurita,Sapajus,Cebidae,3,Medio
796,Sapajus nigritus,Alouatta caraya,Alouatta guariba clamitans,Alouatta caraya,Alouatta caraya,Alouatta guariba clamitans,Alouatta caraya,Alouatta caraya,Alouatta guariba clamitans,Alouatta guariba clamitans,Alouatta guariba clamitans,Alouatta caraya,Sapajus,Cebidae,3,Medio
799,Sapajus nigritus,Sapajus nigritus,Sapajus nigritus,Sapajus nigritus,Alouatta caraya,Sapajus nigritus,Sapajus nigritus,Sapajus nigritus,Sapajus nigritus,Sapajus nigritus,Sapajus nigritus,Sapajus nigritus,Sapajus,Cebidae,3,Medio
800,Sapajus nigritus,Amazona aestiva,Alouatta caraya,Alouatta caraya,Alouatta caraya,Amazona aestiva,Amazona aestiva,Amazona vinacea,Alouatta caraya,Alouatta caraya,Alouatta caraya,Amazona aestiva,Sapajus,Cebidae,3,Medio
801,Sapajus nigritus,Didelphis albiventris,Turdus rufiventris,Didelphis albiventris,Didelphis albiventris,Nasua nasua,Didelphis albiventris,Hydrochoerus hydrochaeris,Turdus rufiventris,Turdus rufiventris,Turdus rufiventris,Didelphis albiventris,Sapajus,Cebidae,3,Medio
802,Sapajus nigritus,Sapajus nigritus,Sapajus nigritus,Sapajus nigritus,Sapajus nigritus,Sapajus nigritus,Sapajus nigritus,Alouatta guariba,Sapajus nigritus,Sapajus nigritus,Sapajus nigritus,Sapajus nigritus,Sapajus,Cebidae,3,Medio
803,Sapajus nigritus,Sapajus nigritus,Alouatta caraya,Alouatta caraya,Alouatta caraya,Sapajus nigritus,Sapajus nigritus,Alouatta guariba,Alouatta caraya,Alouatta caraya,Alouatta caraya,Sapajus nigritus,Sapajus,Cebidae,3,Medio
804,Sapajus nigritus,Tayassu pecari,Dasyprocta azarae,Dasyprocta azarae,Dasyprocta azarae,Sapajus nigritus,Eira barbara,Eira barbara,Dasyprocta azarae,Dasyprocta azarae,Dasyprocta azarae,Tayassu pecari,Sapajus,Cebidae,3,Medio
805,Sapajus nigritus,Sapajus nigritus,Alouatta guariba clamitans,Alouatta guariba,Alouatta guariba,Alouatta guariba,Sapajus nigritus,Sapajus nigritus,Alouatta guariba clamitans,Alouatta guariba clamitans,Alouatta guariba clamitans,Sapajus nigritus,Sapajus,Cebidae,3,Medio
806,Sapajus nigritus,Alouatta guariba,Sapajus nigritus,Alouatta guariba,Alouatta guariba,Alouatta guariba clamitans,Alouatta caraya,Penelope superciliaris,Sapajus nigritus,Sapajus nigritus,Sapajus nigritus,Alouatta guariba,Sapajus,Cebidae,3,Medio
807,Sapajus nigritus,Dasyprocta azarae,Sapajus nigritus,Sapajus nigritus,Sapajus nigritus,Sapajus nigritus,Dasyprocta azarae,Dasyprocta azarae,Sapajus nigritus,Sapajus nigritus,Sapajus nigritus,Dasyprocta azarae,Sapajus,Cebidae,3,Medio
808,Sapajus nigritus,Alouatta guariba,Alouatta guariba clamitans,Alouatta caraya,Alouatta guariba,Alouatta guariba clamitans,Alouatta guariba clamitans,Alouatta caraya,Alouatta guariba clamitans,Alouatta guariba clamitans,Alouatta guariba clamitans,Alouatta guariba,Sapajus,Cebidae,3,Medio
810,Sapajus nigritus,Brotogeris chiriri,Brotogeris chiriri,Alouatta caraya,Alouatta caraya,Brotogeris chiriri,Brotogeris chiriri,Amazona aestiva,Brotogeris chiriri,Brotogeris chiriri,Brotogeris chiriri,Brotogeris chiriri,Sapajus,Cebidae,3,Medio
812,Sapajus nigritus,Sapajus nigritus,Sapajus nigritus,Sapajus nigritus,Sapajus nigritus,Sapajus nigritus,Sapajus nigritus,Sapajus nigritus,Sapajus nigritus,Sapajus nigritus,Sapajus nigritus,Sapajus nigritus,Sapajus,Cebidae,3,Medio
813,Sapajus nigritus,Sapajus nigritus,Mackenziaena leachii,Cyanoloxia brissonii,Alouatta caraya,Alouatta caraya,Alouatta caraya,Cyanoloxia brissonii,Mackenziaena leachii,Mackenziaena leachii,Mackenziaena leachii,Sapajus nigritus,Sapajus,Cebidae,3,Medio
816,Sapajus nigritus,Alouatta guariba,Alouatta guariba clamitans,Alouatta guariba clamitans,Sapajus nigritus,Sapajus nigritus,Alouatta guariba clamitans,Sapajus nigritus,Alouatta guariba clamitans,Alouatta guariba clamitans,Alouatta guariba clamitans,Alouatta guariba,Sapajus,Cebidae,3,Medio
817,Sapajus nigritus,Alouatta caraya,Sapajus nigritus,Sapajus nigritus,Alouatta caraya,Alouatta caraya,Alouatta caraya,Sapajus nigritus,Sapajus nigritus,Sapajus nigritus,Sapajus nigritus,Alouatta caraya,Sapajus,Cebidae,3,Medio
818,Sapajus nigritus,Alouatta caraya,Amazona aestiva,Alouatta caraya,Alouatta caraya,Alouatta caraya,Alouatta caraya,Alouatta caraya,Amazona aestiva,Amazona aestiva,Amazona aestiva,Alouatta caraya,Sapajus,Cebidae,3,Medio
819,Sapajus nigritus,Didelphis aurita,Sapajus nigritus,Alouatta caraya,Alouatta caraya,Didelphis aurita,Sapajus nigritus,Didelphis aurita,Sapajus nigritus,Sapajus nigritus,Sapajus nigritus,Alouatta caraya,Sapajus,Cebidae,3,Medio
820,Sapajus nigritus,Sapajus nigritus,Sapajus nigritus,Sapajus nigritus,Sapajus nigritus,Sapajus nigritus,Sapajus nigritus,Sapajus nigritus,Sapajus nigritus,Sapajus nigritus,Sapajus nigritus,Sapajus nigritus,Sapajus,Cebidae,3,Medio
821,Sapajus nigritus,Sapajus nigritus,Penelope superciliaris,Penelope superciliaris,Penelope superciliaris,Sapajus nigritus,Sapajus nigritus,Penelope superciliaris,Penelope superciliaris,Penelope superciliaris,Penelope superciliaris,Sapajus nigritus,Sapajus,Cebidae,3,Medio
822,Sapajus nigritus,Pecari tajacu,Galictis cuja,Cerdocyon thous,Cerdocyon thous,Sapajus nigritus,Dasyprocta azarae,Aramides saracura,Galictis cuja,Galictis cuja,Galictis cuja,Pecari tajacu,Sapajus,Cebidae,3,Medio
823,Sapajus nigritus,Sapajus nigritus,Sapajus nigritus,Sapajus nigritus,Sapajus nigritus,Sapajus nigritus,Sapajus nigritus,Sapajus nigritus,Sapajus nigritus,Sapajus nigritus,Sapajus nigritus,Sapajus nigritus,Sapajus,Cebidae,3,Medio
824,Sapajus nigritus,Alouatta caraya,Alouatta guariba clamitans,Alouatta guariba clamitans,Alouatta guariba clamitans,Alouatta guariba clamitans,Sapajus nigritus,Alouatta guariba clamitans,Alouatta guariba clamitans,Alouatta guariba clamitans,Alouatta guariba clamitans,Alouatta caraya,Sapajus,Cebidae,3,Medio
826,Sapajus nigritus,Alouatta guariba,Alouatta guariba clamitans,Alouatta guariba,Alouatta guariba,Sapajus nigritus,Alouatta guariba clamitans,Alouatta guariba clamitans,Alouatta guariba clamitans,Alouatta guariba clamitans,Alouatta guariba clamitans,Alouatta guariba,Sapajus,Cebidae,3,Medio
827,Sapajus nigritus,Sapajus nigritus,Alouatta guariba,Sapajus nigritus,Alouatta guariba clamitans,Sapajus nigritus,Sapajus nigritus,Alouatta caraya,Alouatta guariba,Alouatta guariba,Alouatta guariba,Sapajus nigritus,Sapajus,Cebidae,3,Medio
828,Sapajus nigritus,Sapajus nigritus,Alouatta guariba clamitans,Alouatta guariba,Sapajus nigritus,Sapajus nigritus,Sapajus nigritus,Sapajus nigritus,Alouatta guariba clamitans,Alouatta guariba clamitans,Alouatta guariba clamitans,Sapajus nigritus,Sapajus,Cebidae,3,Medio
829,Sapajus nigritus,Sapajus nigritus,Sapajus nigritus,Sapajus nigritus,Sapajus nigritus,Sapajus nigritus,Sapajus nigritus,Sapajus nigritus,Sapajus nigritus,Sapajus nigritus,Sapajus nigritus,Sapajus nigritus,Sapajus,Cebidae,3,Medio
830,Sapajus nigritus,Sapajus nigritus,Sapajus nigritus,Sapajus nigritus,Sapajus nigritus,Sapajus nigritus,Sapajus nigritus,Sapajus nigritus,Sapajus nigritus,Sapajus nigritus,Sapajus nigritus,Sapajus nigritus,Sapajus,Cebidae,3,Medio
833,Axis axis,Axis axis,Sus scrofa,Axis axis,Lycalopex gymnocerca,Subulo gouazoubira,Sus scrofa,Subulo gouazoubira,Sus scrofa,Sus scrofa,Sus scrofa,Axis axis,Axis,Cervidae,0,Exótica/Invasora
834,Axis axis,Puma concolor,Cerdocyon thous,Cerdocyon thous,Cerdocyon thous,Sporophila pileata,Cerdocyon thous,Mackenziaena leachii,Cerdocyon thous,Cerdocyon thous,Cerdocyon thous,Puma concolor,Axis,Cervidae,0,Exótica/Invasora
835,Axis axis,Axis axis,Axis axis,Axis axis,Axis axis,Subulo gouazoubira,Subulo gouazoubira,Subulo gouazoubira,Axis axis,Axis axis,Axis axis,Axis axis,Axis,Cervidae,0,Exótica/Invasora
836,Axis axis,Hydrochoerus hydrochaeris,Pecari tajacu,Hydrochoerus hydrochaeris,Pecari tajacu,Lycalopex gymnocerca,Hydrochoerus hydrochaeris,Lycalopex gymnocerca,Pecari tajacu,Pecari tajacu,Pecari tajacu,Hydrochoerus hydrochaeris,Axis,Cervidae,0,Exótica/Invasora
837,Axis axis,Sus scrofa domesticus,Lycalopex gymnocerca,Lycalopex gymnocerca,Lycalopex gymnocerca,Lepus europaeus,Sus scrofa,Lycalopex gymnocerca,Lycalopex gymnocerca,Lycalopex gymnocerca,Lycalopex gymnocerca,Sus scrofa domesticus,Axis,Cervidae,0,Exótica/Invasora
838,Axis axis,Axis axis,Axis axis,Axis axis,Axis axis,Leopardus guttulus,Subulo gouazoubira,Lepus europaeus,Axis axis,Axis axis,Axis axis,Axis axis,Axis,Cervidae,0,Exótica/Invasora
839,Axis axis,Subulo gouazoubira,Subulo gouazoubira,Subulo gouazoubira,Subulo gouazoubira,Subulo gouazoubira,Subulo gouazoubira,Subulo gouazoubira,Subulo gouazoubira,Subulo gouazoubira,Subulo gouazoubira,Subulo gouazoubira,Axis,Cervidae,0,Exótica/Invasora
840,Axis axis,Subulo gouazoubira,Axis axis,Subulo gouazoubira,Lycalopex gymnocerca,Subulo gouazoubira,Subulo gouazoubira,Subulo gouazoubira,Axis axis,Axis axis,Axis axis,Subulo gouazoubira,Axis,Cervidae,0,Exótica/Invasora
841,Mazama nanus,Subulo gouazoubira,Mazama nanus,Subulo gouazoubira,Subulo gouazoubira,Subulo gouazoubira,Subulo gouazoubira,Subulo gouazoubira,Mazama nanus,Mazama nanus,Mazama nanus,Subulo gouazoubira,Mazama,Cervidae,4,Alto
842,Mazama nanus,Lepus europaeus,Sylvilagus brasiliensis,Lepus europaeus,Lepus europaeus,Lepus europaeus,Lepus europaeus,Dasypus novemcinctus,Sylvilagus brasiliensis,Sylvilagus brasiliensis,Sylvilagus brasiliensis,Lepus europaeus,Mazama,Cervidae,4,Alto
844,Mazama nanus,Tayassu pecari,Dasyprocta azarae,Dasyprocta azarae,Tayassu pecari,Eira barbara,Eira barbara,Eira barbara,Dasyprocta azarae,Dasyprocta azarae,Dasyprocta azarae,Tayassu pecari,Mazama,Cervidae,4,Alto
845,Mazama nanus,Cuniculus paca,Cuniculus paca,Cuniculus paca,Cabassous tatouay,Cerdocyon thous,Cerdocyon thous,Leopardus guttulus,Cuniculus paca,Cuniculus paca,Cuniculus paca,Cuniculus paca,Mazama,Cervidae,4,Alto
847,Mazama nanus,Cuniculus paca,Dasypus novemcinctus,Cerdocyon thous,Cuniculus paca,Subulo gouazoubira,Cerdocyon thous,Cuniculus paca,Dasypus novemcinctus,Dasypus novemcinctus,Dasypus novemcinctus,Cuniculus paca,Mazama,Cervidae,4,Alto
848,Mazama nanus,Sylvilagus brasiliensis,Mazama nanus,Mazama nanus,Cerdocyon thous,Mazama nanus,Subulo gouazoubira,Crypturellus tataupa,Mazama nanus,Mazama nanus,Mazama nanus,Mazama nanus,Mazama,Cervidae,4,Alto
849,Mazama nanus,Subulo gouazoubira,Mazama nanus,Mazama nanus,Mazama nanus,Subulo gouazoubira,Subulo gouazoubira,Lepus europaeus,Mazama nanus,Mazama nanus,Mazama nanus,Subulo gouazoubira,Mazama,Cervidae,4,Alto
850,Mazama nanus,Cuniculus paca,Cuniculus paca,Cabassous tatouay,Cabassous tatouay,Cabassous tatouay,Cerdocyon thous,Dasypus novemcinctus,Cuniculus paca,Cuniculus paca,Cuniculus paca,Cuniculus paca,Mazama,Cervidae,4,Alto
851,Mazama nanus,Cuniculus paca,Cuniculus paca,Cuniculus paca,Cuniculus paca,Subulo gouazoubira,Cerdocyon thous,Cerdocyon thous,Cuniculus paca,Cuniculus paca,Cuniculus paca,Cuniculus paca,Mazama,Cervidae,4,Alto
852,Mazama nanus,Mazama nanus,Dasyprocta azarae,Dasyprocta azarae,Dasyprocta azarae,Mazama nanus,Dasyprocta azarae,Dasyprocta azarae,Dasyprocta azarae,Dasyprocta azarae,Dasyprocta azarae,Mazama nanus,Mazama,Cervidae,4,Alto
853,Mazama nanus,Mazama nanus,Mazama nanus,Mazama nanus,Mazama nanus,Mazama nanus,Subulo gouazoubira,Mazama nanus,Mazama nanus,Mazama nanus,Mazama nanus,Mazama nanus,Mazama,Cervidae,4,Alto
854,Mazama nanus,Sus scrofa,Subulo gouazoubira,Herpailurus yagouaroundi,Herpailurus yagouaroundi,Mazama nanus,Sus scrofa,Subulo gouazoubira,Subulo gouazoubira,Subulo gouazoubira,Subulo gouazoubira,Sus scrofa,Mazama,Cervidae,4,Alto
855,Mazama nanus,Hydrochoerus hydrochaeris,Subulo gouazoubira,Subulo gouazoubira,Subulo gouazoubira,Subulo gouazoubira,Subulo gouazoubira,Lycalopex gymnocerca,Subulo gouazoubira,Subulo gouazoubira,Subulo gouazoubira,Hydrochoerus hydrochaeris,Mazama,Cervidae,4,Alto
856,Mazama nanus,Subulo gouazoubira,Pecari tajacu,Cerdocyon thous,Cerdocyon thous,Subulo gouazoubira,Subulo gouazoubira,Nasua nasua,Pecari tajacu,Pecari tajacu,Pecari tajacu,Subulo gouazoubira,Mazama,Cervidae,4,Alto
857,Mazama nanus,Mazama nanus,Mazama nanus,Mazama nanus,Mazama nanus,Subulo gouazoubira,Subulo gouazoubira,Cerdocyon thous,Mazama nanus,Mazama nanus,Mazama nanus,Mazama nanus,Mazama,Cervidae,4,Alto
858,Mazama nanus,Subulo gouazoubira,Lepus europaeus,Celeus galeatus,Brotogeris chiriri,Subulo gouazoubira,Subulo gouazoubira,Subulo gouazoubira,Lepus europaeus,Lepus europaeus,Lepus europaeus,Subulo gouazoubira,Mazama,Cervidae,4,Alto
859,Mazama nanus,Lepus europaeus,Mazama nanus,Cuniculus paca,Lepus europaeus,Lepus europaeus,Leopardus guttulus,Dasypus novemcinctus,Mazama nanus,Mazama nanus,Mazama nanus,Lepus europaeus,Mazama,Cervidae,4,Alto
861,Mazama nanus,Mackenziaena severa,Penelope superciliaris,Cerdocyon thous,Cerdocyon thous,Habia rubica,Sapajus nigritus,Didelphis albiventris,Penelope superciliaris,Penelope superciliaris,Penelope superciliaris,Mackenziaena severa,Mazama,Cervidae,4,Alto
862,Mazama nanus,Subulo gouazoubira,Subulo gouazoubira,Subulo gouazoubira,Subulo gouazoubira,Subulo gouazoubira,Subulo gouazoubira,Subulo gouazoubira,Subulo gouazoubira,Subulo gouazoubira,Subulo gouazoubira,Subulo gouazoubira,Mazama,Cervidae,4,Alto
863,Mazama nanus,Mazama nanus,Mazama nanus,Mazama nanus,Mazama nanus,Mazama nanus,Subulo gouazoubira,Subulo gouazoubira,Mazama nanus,Mazama nanus,Mazama nanus,Mazama nanus,Mazama,Cervidae,4,Alto
864,Mazama nanus,Mazama nanus,Mazama nanus,Mazama nanus,Mazama nanus,Mazama nanus,Aramides saracura,Subulo gouazoubira,Mazama nanus,Mazama nanus,Mazama nanus,Mazama nanus,Mazama,Cervidae,4,Alto
867,Mazama nanus,Subulo gouazoubira,Subulo gouazoubira,Subulo gouazoubira,Subulo gouazoubira,Subulo gouazoubira,Subulo gouazoubira,Subulo gouazoubira,Subulo gouazoubira,Subulo gouazoubira,Subulo gouazoubira,Subulo gouazoubira,Mazama,Cervidae,4,Alto
868,Mazama nanus,Mazama nanus,Mazama nanus,Mazama nanus,Mazama nanus,Mazama nanus,Subulo gouazoubira,Aramides saracura,Mazama nanus,Mazama nanus,Mazama nanus,Mazama nanus,Mazama,Cervidae,4,Alto
870,Mazama nanus,Hydrochoerus hydrochaeris,Galictis cuja,Dasyprocta azarae,Dasyprocta azarae,Hydrochoerus hydrochaeris,Hydrochoerus hydrochaeris,Hydrochoerus hydrochaeris,Galictis cuja,Galictis cuja,Galictis cuja,Hydrochoerus hydrochaeris,Mazama,Cervidae,4,Alto
871,Mazama nanus,Cuniculus paca,Didelphis albiventris,Cabassous tatouay,Cuniculus paca,Cuniculus paca,Cerdocyon thous,Cuniculus paca,Didelphis albiventris,Didelphis albiventris,Didelphis albiventris,Cuniculus paca,Mazama,Cervidae,4,Alto
872,Mazama nanus,Lontra longicaudis,Lontra longicaudis,Lontra longicaudis,Lontra longicaudis,Lontra longicaudis,Lontra longicaudis,Lontra longicaudis,Lontra longicaudis,Lontra longicaudis,Lontra longicaudis,Lontra longicaudis,Mazama,Cervidae,4,Alto
873,Subulo gouazoubira,Subulo gouazoubira,Subulo gouazoubira,Crax fasciolata,Subulo gouazoubira,Subulo gouazoubira,Subulo gouazoubira,Subulo gouazoubira,Subulo gouazoubira,Subulo gouazoubira,Subulo gouazoubira,Subulo gouazoubira,Subulo,Cervidae,1,Bajo
874,Subulo gouazoubira,Tamandua tetradactyla,Tamandua tetradactyla,Aramides saracura,Aramides saracura,Tamandua tetradactyla,Tamandua tetradactyla,Subulo gouazoubira,Tamandua tetradactyla,Tamandua tetradactyla,Tamandua tetradactyla,Tamandua tetradactyla,Subulo,Cervidae,1,Bajo
875,Subulo gouazoubira,Subulo gouazoubira,Mazama nanus,Mazama nanus,Mazama nanus,Subulo gouazoubira,Subulo gouazoubira,Mazama nanus,Mazama nanus,Mazama nanus,Mazama nanus,Mazama nanus,Subulo,Cervidae,1,Bajo
877,Subulo gouazoubira,Subulo gouazoubira,Pecari tajacu,Mazama nanus,Mazama nanus,Subulo gouazoubira,Subulo gouazoubira,Pecari tajacu,Pecari tajacu,Pecari tajacu,Pecari tajacu,Subulo gouazoubira,Subulo,Cervidae,1,Bajo
878,Subulo gouazoubira,Subulo gouazoubira,Subulo gouazoubira,Subulo gouazoubira,Subulo gouazoubira,Subulo gouazoubira,Subulo gouazoubira,Subulo gouazoubira,Subulo gouazoubira,Subulo gouazoubira,Subulo gouazoubira,Subulo gouazoubira,Subulo,Cervidae,1,Bajo
879,Subulo gouazoubira,Subulo gouazoubira,Subulo gouazoubira,Subulo gouazoubira,Subulo gouazoubira,Subulo gouazoubira,Subulo gouazoubira,Subulo gouazoubira,Subulo gouazoubira,Subulo gouazoubira,Subulo gouazoubira,Subulo gouazoubira,Subulo,Cervidae,1,Bajo
880,Subulo gouazoubira,Subulo gouazoubira,Subulo gouazoubira,Aramides saracura,Aramides saracura,Subulo gouazoubira,Subulo gouazoubira,Subulo gouazoubira,Subulo gouazoubira,Subulo gouazoubira,Subulo gouazoubira,Subulo gouazoubira,Subulo,Cervidae,1,Bajo
881,Subulo gouazoubira,Lepus europaeus,Mazama nanus,Sus scrofa,Sus scrofa,Mazama nanus,Lepus europaeus,Nothura maculosa,Mazama nanus,Mazama nanus,Mazama nanus,Lepus europaeus,Subulo,Cervidae,1,Bajo
884,Subulo gouazoubira,Mazama nanus,Mazama nanus,Mazama nanus,Aramides saracura,Mazama nanus,Aramides saracura,Lepus europaeus,Mazama nanus,Mazama nanus,Mazama nanus,Mazama nanus,Subulo,Cervidae,1,Bajo
885,Subulo gouazoubira,Subulo gouazoubira,Subulo gouazoubira,Subulo gouazoubira,Subulo gouazoubira,Subulo gouazoubira,Subulo gouazoubira,Subulo gouazoubira,Subulo gouazoubira,Subulo gouazoubira,Subulo gouazoubira,Subulo gouazoubira,Subulo,Cervidae,1,Bajo
886,Subulo gouazoubira,Sus scrofa,Sus scrofa,Leopardus guttulus,Leopardus guttulus,Tamandua tetradactyla,Tamandua tetradactyla,Sus scrofa,Sus scrofa,Sus scrofa,Sus scrofa,Sus scrofa,Subulo,Cervidae,1,Bajo
887,Subulo gouazoubira,Tamandua tetradactyla,Leopardus guttulus,Leopardus guttulus,Axis axis,Amazona vinacea,Hydrochoerus hydrochaeris,Hydrochoerus hydrochaeris,Leopardus guttulus,Leopardus guttulus,Leopardus guttulus,Axis axis,Subulo,Cervidae,1,Bajo
888,Subulo gouazoubira,Sus scrofa,Sus scrofa,Sus scrofa,Cerdocyon thous,Sus scrofa,Sus scrofa,Sus scrofa,Sus scrofa,Sus scrofa,Sus scrofa,Sus scrofa,Subulo,Cervidae,1,Bajo
889,Subulo gouazoubira,Mazama nanus,Mazama nanus,Subulo gouazoubira,Mazama nanus,Subulo gouazoubira,Subulo gouazoubira,Subulo gouazoubira,Mazama nanus,Mazama nanus,Mazama nanus,Mazama nanus,Subulo,Cervidae,1,Bajo
890,Subulo gouazoubira,Herpailurus yagouaroundi,Mazama nanus,Mazama nanus,Mazama nanus,Lepus europaeus,Lepus europaeus,Subulo gouazoubira,Mazama nanus,Mazama nanus,Mazama nanus,Mazama nanus,Subulo,Cervidae,1,Bajo
892,Subulo gouazoubira,Subulo gouazoubira,Subulo gouazoubira,Subulo gouazoubira,Subulo gouazoubira,Subulo gouazoubira,Subulo gouazoubira,Subulo gouazoubira,Subulo gouazoubira,Subulo gouazoubira,Subulo gouazoubira,Subulo gouazoubira,Subulo,Cervidae,1,Bajo
893,Subulo gouazoubira,Subulo gouazoubira,Subulo gouazoubira,Subulo gouazoubira,Subulo gouazoubira,Subulo gouazoubira,Subulo gouazoubira,Subulo gouazoubira,Subulo gouazoubira,Subulo gouazoubira,Subulo gouazoubira,Subulo gouazoubira,Subulo,Cervidae,1,Bajo
896,Subulo gouazoubira,Subulo gouazoubira,Lepus europaeus,Lepus europaeus,Herpailurus yagouaroundi,Subulo gouazoubira,Subulo gouazoubira,Lepus europaeus,Lepus europaeus,Lepus europaeus,Lepus europaeus,Subulo gouazoubira,Subulo,Cervidae,1,Bajo
897,Subulo gouazoubira,Puma concolor,Cuniculus paca,Cuniculus paca,Leopardus wiedii,Subulo gouazoubira,Cerdocyon thous,Leopardus guttulus,Cuniculus paca,Cuniculus paca,Cuniculus paca,Puma concolor,Subulo,Cervidae,1,Bajo
898,Subulo gouazoubira,Subulo gouazoubira,Subulo gouazoubira,Subulo gouazoubira,Lepus europaeus,Subulo gouazoubira,Subulo gouazoubira,Lepus europaeus,Subulo gouazoubira,Subulo gouazoubira,Subulo gouazoubira,Subulo gouazoubira,Subulo,Cervidae,1,Bajo
899,Subulo gouazoubira,Mazama nanus,Sus scrofa,Dasyprocta azarae,Cerdocyon thous,Mazama nanus,Subulo gouazoubira,Subulo gouazoubira,Sus scrofa,Sus scrofa,Sus scrofa,Mazama nanus,Subulo,Cervidae,1,Bajo
900,Subulo gouazoubira,Cerdocyon thous,Aramides saracura,Aramides saracura,Pecari tajacu,Cerdocyon thous,Cerdocyon thous,Nasua nasua,Aramides saracura,Aramides saracura,Aramides saracura,Tayassu pecari,Subulo,Cervidae,1,Bajo
902,Subulo gouazoubira,Subulo gouazoubira,Subulo gouazoubira,Dasyprocta azarae,Subulo gouazoubira,Subulo gouazoubira,Subulo gouazoubira,Mazama nanus,Subulo gouazoubira,Subulo gouazoubira,Subulo gouazoubira,Subulo gouazoubira,Subulo,Cervidae,1,Bajo
903,Subulo gouazoubira,Subulo gouazoubira,Subulo gouazoubira,Leopardus pardalis,Leopardus pardalis,Subulo gouazoubira,Subulo gouazoubira,Lycalopex gymnocerca,Subulo gouazoubira,Subulo gouazoubira,Subulo gouazoubira,Subulo gouazoubira,Subulo,Cervidae,1,Bajo
904,Subulo gouazoubira,Subulo gouazoubira,Subulo gouazoubira,Subulo gouazoubira,Subulo gouazoubira,Subulo gouazoubira,Subulo gouazoubira,Subulo gouazoubira,Subulo gouazoubira,Subulo gouazoubira,Subulo gouazoubira,Subulo gouazoubira,Subulo,Cervidae,1,Bajo
905,Subulo gouazoubira,Sus scrofa,Sus scrofa,Sus scrofa,Sus scrofa,Sus scrofa,Sus scrofa,Sus scrofa,Sus scrofa,Sus scrofa,Sus scrofa,Sus scrofa,Subulo,Cervidae,1,Bajo
906,Subulo gouazoubira,Dasyprocta azarae,Aramides saracura,Aramides saracura,Dasyprocta azarae,Pecari tajacu,Dasyprocta azarae,Dasyprocta azarae,Aramides saracura,Aramides saracura,Aramides saracura,Dasyprocta azarae,Subulo,Cervidae,1,Bajo
907,Subulo gouazoubira,Mazama nanus,Lepus europaeus,Lepus europaeus,Dasyprocta azarae,Mazama nanus,Dasyprocta azarae,Subulo gouazoubira,Lepus europaeus,Lepus europaeus,Lepus europaeus,Mazama nanus,Subulo,Cervidae,1,Bajo
908,Subulo gouazoubira,Tayassu pecari,Lepus europaeus,Herpailurus yagouaroundi,Dasyprocta azarae,Myrmecophaga tridactyla,Dasyprocta azarae,Subulo gouazoubira,Lepus europaeus,Lepus europaeus,Lepus europaeus,Tayassu pecari,Subulo,Cervidae,1,Bajo
910,Subulo gouazoubira,Cuniculus paca,Cuniculus paca,Cuniculus paca,Cuniculus paca,Cerdocyon thous,Cerdocyon thous,Leopardus wiedii,Cuniculus paca,Cuniculus paca,Cuniculus paca,Cuniculus paca,Subulo,Cervidae,1,Bajo
911,Subulo gouazoubira,Conopophaga lineata vulgaris,Subulo gouazoubira,Leopardus wiedii,Hypoedaleus guttatus,Subulo gouazoubira,Subulo gouazoubira,Subulo gouazoubira,Subulo gouazoubira,Subulo gouazoubira,Subulo gouazoubira,Conopophaga lineata vulgaris,Subulo,Cervidae,1,Bajo
912,Subulo gouazoubira,Subulo gouazoubira,Subulo gouazoubira,Subulo gouazoubira,Subulo gouazoubira,Subulo gouazoubira,Subulo gouazoubira,Lycalopex gymnocerca,Subulo gouazoubira,Subulo gouazoubira,Subulo gouazoubira,Subulo gouazoubira,Subulo,Cervidae,1,Bajo
913,Subulo gouazoubira,Subulo gouazoubira,Subulo gouazoubira,Subulo gouazoubira,Subulo gouazoubira,Subulo gouazoubira,Subulo gouazoubira,Subulo gouazoubira,Subulo gouazoubira,Subulo gouazoubira,Subulo gouazoubira,Subulo gouazoubira,Subulo,Cervidae,1,Bajo
914,Subulo gouazoubira,Leopardus wiedii,Cerdocyon thous,Cerdocyon thous,Dasyprocta azarae,Lepus europaeus,Dasyprocta azarae,Myrmecophaga tridactyla,Cerdocyon thous,Cerdocyon thous,Cerdocyon thous,Cuniculus paca,Subulo,Cervidae,1,Bajo
915,Subulo gouazoubira,Sus scrofa,Sus scrofa,Sus scrofa,Sus scrofa,Sus scrofa,Sus scrofa,Sus scrofa,Sus scrofa,Sus scrofa,Sus scrofa,Sus scrofa,Subulo,Cervidae,1,Bajo
917,Subulo gouazoubira,Subulo gouazoubira,Mazama nanus,Cerdocyon thous,Subulo gouazoubira,Subulo gouazoubira,Subulo gouazoubira,Subulo gouazoubira,Mazama nanus,Mazama nanus,Mazama nanus,Subulo gouazoubira,Subulo,Cervidae,1,Bajo
918,Subulo gouazoubira,Subulo gouazoubira,Subulo gouazoubira,Subulo gouazoubira,Subulo gouazoubira,Subulo gouazoubira,Subulo gouazoubira,Subulo gouazoubira,Subulo gouazoubira,Subulo gouazoubira,Subulo gouazoubira,Subulo gouazoubira,Subulo,Cervidae,1,Bajo
919,Subulo gouazoubira,Sus scrofa domesticus,Subulo gouazoubira,Lycalopex gymnocerca,Axis axis,Subulo gouazoubira,Sus scrofa,Sus scrofa,Subulo gouazoubira,Subulo gouazoubira,Subulo gouazoubira,Sus scrofa domesticus,Subulo,Cervidae,1,Bajo
920,Subulo gouazoubira,Subulo gouazoubira,Lycalopex gymnocerca,Lycalopex gymnocerca,Lycalopex gymnocerca,Subulo gouazoubira,Subulo gouazoubira,Subulo gouazoubira,Lycalopex gymnocerca,Lycalopex gymnocerca,Lycalopex gymnocerca,Subulo gouazoubira,Subulo,Cervidae,1,Bajo
921,Subulo gouazoubira,Sus scrofa,Subulo gouazoubira,Subulo gouazoubira,Subulo gouazoubira,Subulo gouazoubira,Sus scrofa,Subulo gouazoubira,Subulo gouazoubira,Subulo gouazoubira,Subulo gouazoubira,Sus scrofa,Subulo,Cervidae,1,Bajo
922,Subulo gouazoubira,Mazama nanus,Mazama nanus,Dasyprocta azarae,Mazama nanus,Subulo gouazoubira,Subulo gouazoubira,Lycalopex gymnocerca,Mazama nanus,Mazama nanus,Mazama nanus,Mazama nanus,Subulo,Cervidae,1,Bajo
923,Subulo gouazoubira,Sus scrofa,Subulo gouazoubira,Cerdocyon thous,Cerdocyon thous,Subulo gouazoubira,Sus scrofa,Sus scrofa,Subulo gouazoubira,Subulo gouazoubira,Subulo gouazoubira,Sus scrofa,Subulo,Cervidae,1,Bajo
924,Subulo gouazoubira,Tamandua tetradactyla,Subulo gouazoubira,Mazama nanus,Herpailurus yagouaroundi,Tamandua tetradactyla,Tamandua tetradactyla,Subulo gouazoubira,Subulo gouazoubira,Subulo gouazoubira,Subulo gouazoubira,Tamandua tetradactyla,Subulo,Cervidae,1,Bajo
925,Subulo gouazoubira,Pecari tajacu,Dasyprocta azarae,Dasyprocta azarae,Pecari tajacu,Pecari tajacu,Pecari tajacu,Pecari tajacu,Dasyprocta azarae,Dasyprocta azarae,Dasyprocta azarae,Pecari tajacu,Subulo,Cervidae,1,Bajo
927,Subulo gouazoubira,Sus scrofa,Sus scrofa,Dasyprocta azarae,Sus scrofa,Hydrochoerus hydrochaeris,Sus scrofa,Subulo gouazoubira,Sus scrofa,Sus scrofa,Sus scrofa,Sus scrofa,Subulo,Cervidae,1,Bajo
928,Subulo gouazoubira,Subulo gouazoubira,Subulo gouazoubira,Leopardus wiedii,Subulo gouazoubira,Subulo gouazoubira,Subulo gouazoubira,Sylvilagus brasiliensis,Subulo gouazoubira,Subulo gouazoubira,Subulo gouazoubira,Subulo gouazoubira,Subulo,Cervidae,1,Bajo
929,Subulo gouazoubira,Subulo gouazoubira,Subulo gouazoubira,Subulo gouazoubira,Subulo gouazoubira,Subulo gouazoubira,Subulo gouazoubira,Subulo gouazoubira,Subulo gouazoubira,Subulo gouazoubira,Subulo gouazoubira,Subulo gouazoubira,Subulo,Cervidae,1,Bajo
931,Subulo gouazoubira,Subulo gouazoubira,Subulo gouazoubira,Subulo gouazoubira,Subulo gouazoubira,Subulo gouazoubira,Subulo gouazoubira,Subulo gouazoubira,Subulo gouazoubira,Subulo gouazoubira,Subulo gouazoubira,Subulo gouazoubira,Subulo,Cervidae,1,Bajo
932,Subulo gouazoubira,Subulo gouazoubira,Subulo gouazoubira,Subulo gouazoubira,Subulo gouazoubira,Subulo gouazoubira,Subulo gouazoubira,Subulo gouazoubira,Subulo gouazoubira,Subulo gouazoubira,Subulo gouazoubira,Subulo gouazoubira,Subulo,Cervidae,1,Bajo
933,Subulo gouazoubira,Mazama nanus,Lepus europaeus,Dasyprocta azarae,Dasyprocta azarae,Mazama nanus,Dasyprocta azarae,Dasyprocta azarae,Lepus europaeus,Lepus europaeus,Lepus europaeus,Mazama nanus,Subulo,Cervidae,1,Bajo
935,Subulo gouazoubira,Subulo gouazoubira,Subulo gouazoubira,Subulo gouazoubira,Subulo gouazoubira,Subulo gouazoubira,Subulo gouazoubira,Subulo gouazoubira,Subulo gouazoubira,Subulo gouazoubira,Subulo gouazoubira,Subulo gouazoubira,Subulo,Cervidae,1,Bajo
936,Subulo gouazoubira,Aramides saracura,Pecari tajacu,Lepus europaeus,Leopardus pardalis,Mazama nanus,Aramides saracura,Dasypus novemcinctus,Pecari tajacu,Pecari tajacu,Pecari tajacu,Aramides saracura,Subulo,Cervidae,1,Bajo
937,Subulo gouazoubira,Tayassu pecari,Lepus europaeus,Lepus europaeus,Dasyprocta azarae,Subulo gouazoubira,Dasyprocta azarae,Dasyprocta azarae,Lepus europaeus,Lepus europaeus,Lepus europaeus,Tayassu pecari,Subulo,Cervidae,1,Bajo
938,Subulo gouazoubira,Lepus europaeus,Cuniculus paca,Cuniculus paca,Sylvilagus brasiliensis,Lepus europaeus,Cerdocyon thous,Tamandua tetradactyla,Cuniculus paca,Cuniculus paca,Cuniculus paca,Lepus europaeus,Subulo,Cervidae,1,Bajo
939,Subulo gouazoubira,Lepus europaeus,Cerdocyon thous,Subulo gouazoubira,Subulo gouazoubira,Subulo gouazoubira,Lepus europaeus,Lepus europaeus,Cerdocyon thous,Cerdocyon thous,Cerdocyon thous,Lepus europaeus,Subulo,Cervidae,1,Bajo
941,Phrynops williamsi,Salvator merianae,Salvator merianae,Grallaria varia,Salvator merianae,Salvator merianae,Salvator merianae,Salvator merianae,Salvator merianae,Salvator merianae,Salvator merianae,Salvator merianae,Phrynops,Chelidae,6,Crítico
942,Phrynops williamsi,Dasypus novemcinctus,Dasypus novemcinctus,Dasypus novemcinctus,Dasypus novemcinctus,Phrynops williamsi,Salvator merianae,Dasypus novemcinctus,Dasypus novemcinctus,Dasypus novemcinctus,Dasypus novemcinctus,Dasypus novemcinctus,Phrynops,Chelidae,6,Crítico
943,Phrynops williamsi,Phrynops williamsi,Phrynops williamsi,Phrynops williamsi,Phrynops williamsi,Phrynops williamsi,Phrynops williamsi,Phrynops williamsi,Phrynops williamsi,Phrynops williamsi,Phrynops williamsi,Phrynops williamsi,Phrynops,Chelidae,6,Crítico
944,Phrynops williamsi,Phrynops williamsi,Phrynops williamsi,Phrynops williamsi,Phrynops williamsi,Phrynops williamsi,Lontra longicaudis,Phrynops williamsi,Phrynops williamsi,Phrynops williamsi,Phrynops williamsi,Phrynops williamsi,Phrynops,Chelidae,6,Crítico
945,Phrynops williamsi,Phrynops williamsi,Phrynops williamsi,Phrynops williamsi,Phrynops williamsi,Phrynops williamsi,Phrynops williamsi,Phrynops williamsi,Phrynops williamsi,Phrynops williamsi,Phrynops williamsi,Phrynops williamsi,Phrynops,Chelidae,6,Crítico
946,Phrynops williamsi,Lontra longicaudis,Phrynops williamsi,Phrynops williamsi,Phrynops williamsi,Phrynops williamsi,Lontra longicaudis,Phrynops williamsi,Phrynops williamsi,Phrynops williamsi,Phrynops williamsi,Lontra longicaudis,Phrynops,Chelidae,6,Crítico
948,Phrynops williamsi,Phrynops williamsi,Phrynops williamsi,Phrynops williamsi,Phrynops williamsi,Phrynops williamsi,Phrynops williamsi,Phrynops williamsi,Phrynops williamsi,Phrynops williamsi,Phrynops williamsi,Phrynops williamsi,Phrynops,Chelidae,6,Crítico
949,Phrynops williamsi,Phrynops williamsi,Phrynops williamsi,Phrynops williamsi,Phrynops williamsi,Phrynops williamsi,Phrynops williamsi,Phrynops williamsi,Phrynops williamsi,Phrynops williamsi,Phrynops williamsi,Phrynops williamsi,Phrynops,Chelidae,6,Crítico
952,Phrynops williamsi,Phrynops williamsi,Phrynops williamsi,Phrynops williamsi,Phrynops williamsi,Phrynops williamsi,Phrynops williamsi,Phrynops williamsi,Phrynops williamsi,Phrynops williamsi,Phrynops williamsi,Phrynops williamsi,Phrynops,Chelidae,6,Crítico
953,Phrynops williamsi,Salvator merianae,Tamandua tetradactyla,Eira barbara,Salvator merianae,Phrynops williamsi,Salvator merianae,Salvator merianae,Tamandua tetradactyla,Tamandua tetradactyla,Tamandua tetradactyla,Salvator merianae,Phrynops,Chelidae,6,Crítico
955,Phrynops williamsi,Phrynops williamsi,Phrynops williamsi,Phrynops williamsi,Phrynops williamsi,Phrynops williamsi,Phrynops williamsi,Phrynops williamsi,Phrynops williamsi,Phrynops williamsi,Phrynops williamsi,Phrynops williamsi,Phrynops,Chelidae,6,Crítico
956,Phrynops williamsi,Phrynops williamsi,Phrynops williamsi,Phrynops williamsi,Phrynops williamsi,Phrynops williamsi,Phrynops williamsi,Phrynops williamsi,Phrynops williamsi,Phrynops williamsi,Phrynops williamsi,Phrynops williamsi,Phrynops,Chelidae,6,Crítico
957,Phrynops williamsi,Phrynops williamsi,Phrynops williamsi,Phrynops williamsi,Phrynops williamsi,Phrynops williamsi,Phrynops williamsi,Phrynops williamsi,Phrynops williamsi,Phrynops williamsi,Phrynops williamsi,Phrynops williamsi,Phrynops,Chelidae,6,Crítico
958,Phrynops williamsi,Phrynops williamsi,Phrynops williamsi,Phrynops williamsi,Phrynops williamsi,Phrynops williamsi,Phrynops williamsi,Phrynops williamsi,Phrynops williamsi,Phrynops williamsi,Phrynops williamsi,Phrynops williamsi,Phrynops,Chelidae,6,Crítico
959,Phrynops williamsi,Phrynops williamsi,Phrynops williamsi,Phrynops williamsi,Phrynops williamsi,Phrynops williamsi,Phrynops williamsi,Phrynops williamsi,Phrynops williamsi,Phrynops williamsi,Phrynops williamsi,Phrynops williamsi,Phrynops,Chelidae,6,Crítico
960,Phrynops williamsi,Lontra longicaudis,Lontra longicaudis,Lontra longicaudis,Lontra longicaudis,Lontra longicaudis,Lontra longicaudis,Lontra longicaudis,Lontra longicaudis,Lontra longicaudis,Lontra longicaudis,Lontra longicaudis,Phrynops,Chelidae,6,Crítico
961,Phrynops williamsi,Phrynops williamsi,Phrynops williamsi,Phrynops williamsi,Phrynops williamsi,Phrynops williamsi,Phrynops williamsi,Phrynops williamsi,Phrynops williamsi,Phrynops williamsi,Phrynops williamsi,Phrynops williamsi,Phrynops,Chelidae,6,Crítico
962,Phrynops williamsi,Phrynops williamsi,Phrynops williamsi,Phrynops williamsi,Phrynops williamsi,Phrynops williamsi,Phrynops williamsi,Phrynops williamsi,Phrynops williamsi,Phrynops williamsi,Phrynops williamsi,Phrynops williamsi,Phrynops,Chelidae,6,Crítico
964,Phrynops williamsi,Phrynops williamsi,Phrynops williamsi,Phrynops williamsi,Phrynops williamsi,Phrynops williamsi,Phrynops williamsi,Phrynops williamsi,Phrynops williamsi,Phrynops williamsi,Phrynops williamsi,Phrynops williamsi,Phrynops,Chelidae,6,Crítico
965,Phrynops williamsi,Phrynops williamsi,Phrynops williamsi,Phrynops williamsi,Phrynops williamsi,Phrynops williamsi,Phrynops williamsi,Phrynops williamsi,Phrynops williamsi,Phrynops williamsi,Phrynops williamsi,Phrynops williamsi,Phrynops,Chelidae,6,Crítico
966,Phrynops williamsi,Phrynops williamsi,Phrynops williamsi,Phrynops williamsi,Phrynops williamsi,Phrynops williamsi,Phrynops williamsi,Phrynops williamsi,Phrynops williamsi,Phrynops williamsi,Phrynops williamsi,Phrynops williamsi,Phrynops,Chelidae,6,Crítico
967,Phrynops williamsi,Phrynops williamsi,Phrynops williamsi,Phrynops williamsi,Phrynops williamsi,Phrynops williamsi,Phrynops williamsi,Phrynops williamsi,Phrynops williamsi,Phrynops williamsi,Phrynops williamsi,Phrynops williamsi,Phrynops,Chelidae,6,Crítico
968,Phrynops williamsi,Phrynops williamsi,Phrynops williamsi,Phrynops williamsi,Phrynops williamsi,Phrynops williamsi,Phrynops williamsi,Phrynops williamsi,Phrynops williamsi,Phrynops williamsi,Phrynops williamsi,Phrynops williamsi,Phrynops,Chelidae,6,Crítico
969,Phrynops williamsi,Phrynops williamsi,Phrynops williamsi,Phrynops williamsi,Phrynops williamsi,Phrynops williamsi,Phrynops williamsi,Phrynops williamsi,Phrynops williamsi,Phrynops williamsi,Phrynops williamsi,Phrynops williamsi,Phrynops,Chelidae,6,Crítico
970,Phrynops williamsi,Phrynops williamsi,Phrynops williamsi,Phrynops williamsi,Phrynops williamsi,Phrynops williamsi,Phrynops williamsi,Phrynops williamsi,Phrynops williamsi,Phrynops williamsi,Phrynops williamsi,Phrynops williamsi,Phrynops,Chelidae,6,Crítico
972,Phrynops williamsi,Phrynops williamsi,Phrynops williamsi,Phrynops williamsi,Phrynops williamsi,Phrynops williamsi,Phrynops williamsi,Phrynops williamsi,Phrynops williamsi,Phrynops williamsi,Phrynops williamsi,Phrynops williamsi,Phrynops,Chelidae,6,Crítico
973,Phrynops williamsi,Phrynops williamsi,Phrynops williamsi,Phrynops williamsi,Phrynops williamsi,Phrynops williamsi,Phrynops williamsi,Phrynops williamsi,Phrynops williamsi,Phrynops williamsi,Phrynops williamsi,Phrynops williamsi,Phrynops,Chelidae,6,Crítico
974,Phrynops williamsi,Phrynops williamsi,Phrynops williamsi,Phrynops williamsi,Phrynops williamsi,Phrynops williamsi,Phrynops williamsi,Phrynops williamsi,Phrynops williamsi,Phrynops williamsi,Phrynops williamsi,Phrynops williamsi,Phrynops,Chelidae,6,Crítico
979,Phrynops williamsi,Phrynops williamsi,Phrynops williamsi,Phrynops williamsi,Phrynops williamsi,Phrynops williamsi,Phrynops williamsi,Phrynops williamsi,Phrynops williamsi,Phrynops williamsi,Phrynops williamsi,Phrynops williamsi,Phrynops,Chelidae,6,Crítico
980,Phrynops williamsi,Nasua nasua,Nasua nasua,Nasua nasua,Nasua nasua,Phrynops williamsi,Nasua nasua,Nyctidromus albicollis,Nasua nasua,Nasua nasua,Nasua nasua,Nasua nasua,Phrynops,Chelidae,6,Crítico
981,Phrynops williamsi,Phrynops williamsi,Phrynops williamsi,Phrynops williamsi,Phrynops williamsi,Phrynops williamsi,Phrynops williamsi,Phrynops williamsi,Phrynops williamsi,Phrynops williamsi,Phrynops williamsi,Phrynops williamsi,Phrynops,Chelidae,6,Crítico
982,Phrynops williamsi,Dasypus novemcinctus,Nasua nasua,Dasypus novemcinctus,Dasypus novemcinctus,Phrynops williamsi,Salvator merianae,Phrynops williamsi,Nasua nasua,Nasua nasua,Nasua nasua,Dasypus novemcinctus,Phrynops,Chelidae,6,Crítico
983,Phrynops williamsi,Salvator merianae,Leptotila verreauxi,Aramides saracura,Salvator merianae,Salvator merianae,Salvator merianae,Salvator merianae,Leptotila verreauxi,Leptotila verreauxi,Leptotila verreauxi,Salvator merianae,Phrynops,Chelidae,6,Crítico
984,Phrynops williamsi,Phrynops williamsi,Phrynops williamsi,Phrynops williamsi,Phrynops williamsi,Phrynops williamsi,Phrynops williamsi,Phrynops williamsi,Phrynops williamsi,Phrynops williamsi,Phrynops williamsi,Phrynops williamsi,Phrynops,Chelidae,6,Crítico
985,Phrynops williamsi,Phrynops williamsi,Phrynops williamsi,Phrynops williamsi,Phrynops williamsi,Phrynops williamsi,Phrynops williamsi,Phrynops williamsi,Phrynops williamsi,Phrynops williamsi,Phrynops williamsi,Phrynops williamsi,Phrynops,Chelidae,6,Crítico
986,Phrynops williamsi,Phrynops williamsi,Phrynops williamsi,Phrynops williamsi,Phrynops williamsi,Phrynops williamsi,Phrynops williamsi,Phrynops williamsi,Phrynops williamsi,Phrynops williamsi,Phrynops williamsi,Phrynops williamsi,Phrynops,Chelidae,6,Crítico
987,Phrynops williamsi,Phrynops williamsi,Phrynops williamsi,Phrynops williamsi,Phrynops williamsi,Phrynops williamsi,Phrynops williamsi,Phrynops williamsi,Phrynops williamsi,Phrynops williamsi,Phrynops williamsi,Phrynops williamsi,Phrynops,Chelidae,6,Crítico
988,Phrynops williamsi,Euphractus sexcinctus,Hydropsalis torquata,Hydropsalis torquata,Hydropsalis torquata,Phrynops williamsi,Salvator merianae,Salvator merianae,Hydropsalis torquata,Hydropsalis torquata,Hydropsalis torquata,Euphractus sexcinctus,Phrynops,Chelidae,6,Crítico
989,Phrynops williamsi,Phrynops williamsi,Phrynops williamsi,Phrynops williamsi,Phrynops williamsi,Phrynops williamsi,Phrynops williamsi,Phrynops williamsi,Phrynops williamsi,Phrynops williamsi,Phrynops williamsi,Phrynops williamsi,Phrynops,Chelidae,6,Crítico
990,Phrynops williamsi,Phrynops williamsi,Phrynops williamsi,Phrynops williamsi,Phrynops williamsi,Phrynops williamsi,Phrynops williamsi,Phrynops williamsi,Phrynops williamsi,Phrynops williamsi,Phrynops williamsi,Phrynops williamsi,Phrynops,Chelidae,6,Crítico
991,Phrynops williamsi,Phrynops williamsi,Phrynops williamsi,Phrynops williamsi,Phrynops williamsi,Phrynops williamsi,Phrynops williamsi,Phrynops williamsi,Phrynops williamsi,Phrynops williamsi,Phrynops williamsi,Phrynops williamsi,Phrynops,Chelidae,6,Crítico
992,Phrynops williamsi,Phrynops williamsi,Phrynops williamsi,Phrynops williamsi,Phrynops williamsi,Phrynops williamsi,Phrynops williamsi,Phrynops williamsi,Phrynops williamsi,Phrynops williamsi,Phrynops williamsi,Phrynops williamsi,Phrynops,Chelidae,6,Crítico
993,Phrynops williamsi,Phrynops williamsi,Phrynops williamsi,Phrynops williamsi,Phrynops williamsi,Phrynops williamsi,Phrynops williamsi,Phrynops williamsi,Phrynops williamsi,Phrynops williamsi,Phrynops williamsi,Phrynops williamsi,Phrynops,Chelidae,6,Crítico
994,Phrynops williamsi,Phrynops williamsi,Phrynops williamsi,Phrynops williamsi,Phrynops williamsi,Phrynops williamsi,Phrynops williamsi,Phrynops williamsi,Phrynops williamsi,Phrynops williamsi,Phrynops williamsi,Phrynops williamsi,Phrynops,Chelidae,6,Crítico
995,Phrynops williamsi,Phrynops williamsi,Phrynops williamsi,Phrynops williamsi,Phrynops williamsi,Phrynops williamsi,Phrynops williamsi,Phrynops williamsi,Phrynops williamsi,Phrynops williamsi,Phrynops williamsi,Phrynops williamsi,Phrynops,Chelidae,6,Crítico
996,Phrynops williamsi,Phrynops williamsi,Phrynops williamsi,Phrynops williamsi,Phrynops williamsi,Phrynops williamsi,Phrynops williamsi,Phrynops williamsi,Phrynops williamsi,Phrynops williamsi,Phrynops williamsi,Phrynops williamsi,Phrynops,Chelidae,6,Crítico
998,Phrynops williamsi,Phrynops williamsi,Phrynops williamsi,Phrynops williamsi,Phrynops williamsi,Phrynops williamsi,Phrynops williamsi,Phrynops williamsi,Phrynops williamsi,Phrynops williamsi,Phrynops williamsi,Phrynops williamsi,Phrynops,Chelidae,6,Crítico
999,Phrynops williamsi,Phrynops williamsi,Phrynops williamsi,Phrynops williamsi,Phrynops williamsi,Phrynops williamsi,Phrynops williamsi,Phrynops williamsi,Phrynops williamsi,Phrynops williamsi,Phrynops williamsi,Phrynops williamsi,Phrynops,Chelidae,6,Crítico
1000,Phrynops williamsi,Phrynops williamsi,Phrynops williamsi,Phrynops williamsi,Phrynops williamsi,Phrynops williamsi,Phrynops williamsi,Phrynops williamsi,Phrynops williamsi,Phrynops williamsi,Phrynops williamsi,Phrynops williamsi,Phrynops,Chelidae,6,Crítico
1003,Phrynops williamsi,Phrynops williamsi,Phrynops williamsi,Phrynops williamsi,Phrynops williamsi,Phrynops williamsi,Phrynops williamsi,Phrynops williamsi,Phrynops williamsi,Phrynops williamsi,Phrynops williamsi,Phrynops williamsi,Phrynops,Chelidae,6,Crítico
1004,Phrynops williamsi,Phrynops williamsi,Phrynops williamsi,Phrynops williamsi,Phrynops williamsi,Phrynops williamsi,Phrynops williamsi,Phrynops williamsi,Phrynops williamsi,Phrynops williamsi,Phrynops williamsi,Phrynops williamsi,Phrynops,Chelidae,6,Crítico
1005,Phrynops williamsi,Phrynops williamsi,Phrynops williamsi,Phrynops williamsi,Phrynops williamsi,Phrynops williamsi,Phrynops williamsi,Phrynops williamsi,Phrynops williamsi,Phrynops williamsi,Phrynops williamsi,Phrynops williamsi,Phrynops,Chelidae,6,Crítico
1006,Phrynops williamsi,Phrynops williamsi,Phrynops williamsi,Phrynops williamsi,Phrynops williamsi,Phrynops williamsi,Phrynops williamsi,Phrynops williamsi,Phrynops williamsi,Phrynops williamsi,Phrynops williamsi,Phrynops williamsi,Phrynops,Chelidae,6,Crítico
1007,Phrynops williamsi,Lontra longicaudis,Phrynops williamsi,Phrynops williamsi,Phrynops williamsi,Phrynops williamsi,Phrynops williamsi,Phrynops williamsi,Phrynops williamsi,Phrynops williamsi,Phrynops williamsi,Lontra longicaudis,Phrynops,Chelidae,6,Crítico
1008,Phrynops williamsi,Phrynops williamsi,Phrynops williamsi,Phrynops williamsi,Phrynops williamsi,Phrynops williamsi,Phrynops williamsi,Phrynops williamsi,Phrynops williamsi,Phrynops williamsi,Phrynops williamsi,Phrynops williamsi,Phrynops,Chelidae,6,Crítico
1009,Phrynops williamsi,Phrynops williamsi,Phrynops williamsi,Phrynops williamsi,Phrynops williamsi,Phrynops williamsi,Phrynops williamsi,Phrynops williamsi,Phrynops williamsi,Phrynops williamsi,Phrynops williamsi,Phrynops williamsi,Phrynops,Chelidae,6,Crítico
1011,Cabassous tatouay,Euphractus sexcinctus,Dasypus novemcinctus,Euphractus sexcinctus,Dasypus novemcinctus,Dasypus novemcinctus,Dasypus novemcinctus,Dasypus novemcinctus,Dasypus novemcinctus,Dasypus novemcinctus,Dasypus novemcinctus,Euphractus sexcinctus,Cabassous,Chlamyphoridae,5,Crítico
1012,Cabassous tatouay,Cuniculus paca,Dasypus novemcinctus,Cerdocyon thous,Cuniculus paca,Dasypus novemcinctus,Cerdocyon thous,Dasypus novemcinctus,Dasypus novemcinctus,Dasypus novemcinctus,Dasypus novemcinctus,Cuniculus paca,Cabassous,Chlamyphoridae,5,Crítico
1013,Cabassous tatouay,Cuniculus paca,Dasypus novemcinctus,Cerdocyon thous,Cerdocyon thous,Dasypus novemcinctus,Dasypus novemcinctus,Dasypus novemcinctus,Dasypus novemcinctus,Dasypus novemcinctus,Dasypus novemcinctus,Cuniculus paca,Cabassous,Chlamyphoridae,5,Crítico
1014,Cabassous tatouay,Euphractus sexcinctus,Dasypus novemcinctus,Dasypus novemcinctus,Dasypus novemcinctus,Dasypus novemcinctus,Salvator merianae,Euphractus sexcinctus,Dasypus novemcinctus,Dasypus novemcinctus,Dasypus novemcinctus,Euphractus sexcinctus,Cabassous,Chlamyphoridae,5,Crítico
1015,Cabassous tatouay,Dasypus novemcinctus,Euphractus sexcinctus,Dasypus novemcinctus,Dasypus novemcinctus,Dasypus novemcinctus,Dasypus novemcinctus,Dasypus novemcinctus,Euphractus sexcinctus,Euphractus sexcinctus,Euphractus sexcinctus,Dasypus novemcinctus,Cabassous,Chlamyphoridae,5,Crítico
1018,Cabassous tatouay,Tamandua tetradactyla,Leopardus guttulus,Herpailurus yagouaroundi,Cerdocyon thous,Tamandua tetradactyla,Galictis cuja,Nasua nasua,Leopardus guttulus,Leopardus guttulus,Leopardus guttulus,Galictis cuja,Cabassous,Chlamyphoridae,5,Crítico
1019,Cabassous tatouay,Mackenziaena severa,Salvator merianae,Crypturellus tataupa,Crypturellus tataupa,Penelope superciliaris,Penelope superciliaris,Pyriglena leucoptera,Salvator merianae,Salvator merianae,Salvator merianae,Mackenziaena severa,Cabassous,Chlamyphoridae,5,Crítico
1020,Cabassous tatouay,Dasypus novemcinctus,Dasypus novemcinctus,Dasypus novemcinctus,Dasypus novemcinctus,Dasypus novemcinctus,Dasypus novemcinctus,Dasypus novemcinctus,Dasypus novemcinctus,Dasypus novemcinctus,Dasypus novemcinctus,Dasypus novemcinctus,Cabassous,Chlamyphoridae,5,Crítico
1021,Cabassous tatouay,Cuniculus paca,Leopardus guttulus,Cuniculus paca,Cabassous tatouay,Eira barbara,Cerdocyon thous,Dasypus novemcinctus,Leopardus guttulus,Leopardus guttulus,Leopardus guttulus,Cuniculus paca,Cabassous,Chlamyphoridae,5,Crítico
1022,Cabassous tatouay,Cuniculus paca,Leopardus wiedii,Leopardus guttulus,Cuniculus paca,Leopardus wiedii,Cerdocyon thous,Dasypus novemcinctus,Leopardus wiedii,Leopardus wiedii,Leopardus wiedii,Cuniculus paca,Cabassous,Chlamyphoridae,5,Crítico
1023,Euphractus sexcinctus,Euphractus sexcinctus,Dasypus novemcinctus,Dasypus novemcinctus,Dasypus novemcinctus,Dasypus novemcinctus,Dasypus novemcinctus,Dasypus novemcinctus,Dasypus novemcinctus,Dasypus novemcinctus,Dasypus novemcinctus,Euphractus sexcinctus,Euphractus,Chlamyphoridae,1,Bajo
1024,Euphractus sexcinctus,Euphractus sexcinctus,Procyon cancrivorus,Didelphis aurita,Didelphis aurita,Dasypus novemcinctus,Galictis cuja,Dasypus novemcinctus,Procyon cancrivorus,Procyon cancrivorus,Procyon cancrivorus,Euphractus sexcinctus,Euphractus,Chlamyphoridae,1,Bajo
1025,Euphractus sexcinctus,Euphractus sexcinctus,Dasypus novemcinctus,Dasypus novemcinctus,Dasypus novemcinctus,Dasypus novemcinctus,Dasypus novemcinctus,Dasypus novemcinctus,Dasypus novemcinctus,Dasypus novemcinctus,Dasypus novemcinctus,Euphractus sexcinctus,Euphractus,Chlamyphoridae,1,Bajo
1027,Euphractus sexcinctus,Cuniculus paca,Dasypus novemcinctus,Cuniculus paca,Cuniculus paca,Dasypus novemcinctus,Cerdocyon thous,Dasypus novemcinctus,Dasypus novemcinctus,Dasypus novemcinctus,Dasypus novemcinctus,Cuniculus paca,Euphractus,Chlamyphoridae,1,Bajo
1028,Euphractus sexcinctus,Euphractus sexcinctus,Eira barbara,Dasyprocta azarae,Euphractus sexcinctus,Dasypus novemcinctus,Galictis cuja,Dasypus novemcinctus,Eira barbara,Eira barbara,Eira barbara,Euphractus sexcinctus,Euphractus,Chlamyphoridae,1,Bajo
1029,Euphractus sexcinctus,Sus scrofa,Subulo gouazoubira,Lycalopex gymnocerca,Euphractus sexcinctus,Sus scrofa,Sus scrofa,Lepus europaeus,Subulo gouazoubira,Subulo gouazoubira,Subulo gouazoubira,Sus scrofa,Euphractus,Chlamyphoridae,1,Bajo
1030,Euphractus sexcinctus,Euphractus sexcinctus,Euphractus sexcinctus,Euphractus sexcinctus,Dasypus novemcinctus,Dasypus novemcinctus,Salvator merianae,Galictis cuja,Euphractus sexcinctus,Euphractus sexcinctus,Euphractus sexcinctus,Euphractus sexcinctus,Euphractus,Chlamyphoridae,1,Bajo
1031,Euphractus sexcinctus,Dasypus novemcinctus,Dasypus novemcinctus,Dasypus novemcinctus,Dasypus novemcinctus,Dasypus novemcinctus,Dasypus novemcinctus,Dasypus novemcinctus,Dasypus novemcinctus,Dasypus novemcinctus,Dasypus novemcinctus,Dasypus novemcinctus,Euphractus,Chlamyphoridae,1,Bajo
1032,Euphractus sexcinctus,Euphractus sexcinctus,Tamandua tetradactyla,Euphractus sexcinctus,Euphractus sexcinctus,Dasypus novemcinctus,Dasypus novemcinctus,Dasypus novemcinctus,Tamandua tetradactyla,Tamandua tetradactyla,Tamandua tetradactyla,Euphractus sexcinctus,Euphractus,Chlamyphoridae,1,Bajo
1033,Euphractus sexcinctus,Dasypus novemcinctus,Euphractus sexcinctus,Dasypus novemcinctus,Dasypus novemcinctus,Dasypus novemcinctus,Dasypus novemcinctus,Dasypus novemcinctus,Euphractus sexcinctus,Euphractus sexcinctus,Euphractus sexcinctus,Dasypus novemcinctus,Euphractus,Chlamyphoridae,1,Bajo
1034,Euphractus sexcinctus,Euphractus sexcinctus,Dasypus novemcinctus,Dasypus novemcinctus,Dasypus novemcinctus,Dasypus novemcinctus,Dasypus novemcinctus,Dasypus novemcinctus,Dasypus novemcinctus,Dasypus novemcinctus,Dasypus novemcinctus,Euphractus sexcinctus,Euphractus,Chlamyphoridae,1,Bajo
1035,Euphractus sexcinctus,Tamandua tetradactyla,Galictis cuja,Didelphis aurita,Didelphis albiventris,Phrynops williamsi,Nasua nasua,Galictis cuja,Galictis cuja,Galictis cuja,Galictis cuja,Tamandua tetradactyla,Euphractus,Chlamyphoridae,1,Bajo
1039,Euphractus sexcinctus,Dasypus novemcinctus,Dasypus novemcinctus,Dasypus novemcinctus,Dasypus novemcinctus,Dasypus novemcinctus,Dasypus novemcinctus,Pecari tajacu,Dasypus novemcinctus,Dasypus novemcinctus,Dasypus novemcinctus,Dasypus novemcinctus,Euphractus,Chlamyphoridae,1,Bajo
1040,Euphractus sexcinctus,Cuniculus paca,Dasypus novemcinctus,Cuniculus paca,Cuniculus paca,Dasypus novemcinctus,Cerdocyon thous,Dasypus novemcinctus,Dasypus novemcinctus,Dasypus novemcinctus,Dasypus novemcinctus,Cuniculus paca,Euphractus,Chlamyphoridae,1,Bajo
1041,Euphractus sexcinctus,Euphractus sexcinctus,Dasypus novemcinctus,Dasypus novemcinctus,Dasypus novemcinctus,Dasypus novemcinctus,Dasypus novemcinctus,Dasypus novemcinctus,Dasypus novemcinctus,Dasypus novemcinctus,Dasypus novemcinctus,Euphractus sexcinctus,Euphractus,Chlamyphoridae,1,Bajo
1042,Euphractus sexcinctus,Dasypus novemcinctus,Euphractus sexcinctus,Dasypus novemcinctus,Dasypus novemcinctus,Dasypus novemcinctus,Dasypus novemcinctus,Dasypus novemcinctus,Euphractus sexcinctus,Euphractus sexcinctus,Euphractus sexcinctus,Dasypus novemcinctus,Euphractus,Chlamyphoridae,1,Bajo
1044,Euphractus sexcinctus,Euphractus sexcinctus,Didelphis aurita,Didelphis aurita,Didelphis aurita,Dasypus novemcinctus,Dasypus novemcinctus,Dasypus novemcinctus,Didelphis aurita,Didelphis aurita,Didelphis aurita,Euphractus sexcinctus,Euphractus,Chlamyphoridae,1,Bajo
1046,Euphractus sexcinctus,Euphractus sexcinctus,Euphractus sexcinctus,Euphractus sexcinctus,Eira barbara,Dasypus novemcinctus,Dasypus novemcinctus,Myrmecophaga tridactyla,Euphractus sexcinctus,Euphractus sexcinctus,Euphractus sexcinctus,Euphractus sexcinctus,Euphractus,Chlamyphoridae,1,Bajo
1048,Euphractus sexcinctus,Euphractus sexcinctus,Dasypus novemcinctus,Dasypus novemcinctus,Dasypus novemcinctus,Dasypus novemcinctus,Dasypus novemcinctus,Dasypus novemcinctus,Dasypus novemcinctus,Dasypus novemcinctus,Dasypus novemcinctus,Euphractus sexcinctus,Euphractus,Chlamyphoridae,1,Bajo
1049,Euphractus sexcinctus,Tamandua tetradactyla,Herpailurus yagouaroundi,Herpailurus yagouaroundi,Herpailurus yagouaroundi,Tamandua tetradactyla,Tamandua tetradactyla,Lycalopex gymnocerca,Herpailurus yagouaroundi,Herpailurus yagouaroundi,Herpailurus yagouaroundi,Tamandua tetradactyla,Euphractus,Chlamyphoridae,1,Bajo
1050,Euphractus sexcinctus,Didelphis aurita,Didelphis aurita,Euphractus sexcinctus,Didelphis aurita,Euphractus sexcinctus,Didelphis aurita,Nasua nasua,Didelphis aurita,Didelphis aurita,Didelphis aurita,Didelphis aurita,Euphractus,Chlamyphoridae,1,Bajo
1051,Euphractus sexcinctus,Dasypus novemcinctus,Dasypus novemcinctus,Dasypus novemcinctus,Dasypus novemcinctus,Dasypus novemcinctus,Dasypus novemcinctus,Dasypus novemcinctus,Dasypus novemcinctus,Dasypus novemcinctus,Dasypus novemcinctus,Dasypus novemcinctus,Euphractus,Chlamyphoridae,1,Bajo
1052,Euphractus sexcinctus,Euphractus sexcinctus,Lepus europaeus,Didelphis aurita,Euphractus sexcinctus,Dasypus novemcinctus,Dasypus novemcinctus,Dasypus novemcinctus,Lepus europaeus,Lepus europaeus,Lepus europaeus,Euphractus sexcinctus,Euphractus,Chlamyphoridae,1,Bajo
1053,Euphractus sexcinctus,Tamandua tetradactyla,Leopardus guttulus,Cerdocyon thous,Lontra longicaudis,Cerdocyon thous,Galictis cuja,Cerdocyon thous,Leopardus guttulus,Leopardus guttulus,Leopardus guttulus,Tamandua tetradactyla,Euphractus,Chlamyphoridae,1,Bajo
1054,Euphractus sexcinctus,Cuniculus paca,Cuniculus paca,Cuniculus paca,Cuniculus paca,Cuniculus paca,Cerdocyon thous,Cuniculus paca,Cuniculus paca,Cuniculus paca,Cuniculus paca,Cuniculus paca,Euphractus,Chlamyphoridae,1,Bajo
1055,Euphractus sexcinctus,Procyon cancrivorus,Leopardus wiedii,Leopardus wiedii,Leopardus wiedii,Dasypus novemcinctus,Cerdocyon thous,Leopardus guttulus,Leopardus wiedii,Leopardus wiedii,Leopardus wiedii,Procyon cancrivorus,Euphractus,Chlamyphoridae,1,Bajo
1056,Euphractus sexcinctus,Euphractus sexcinctus,Dasypus novemcinctus,Dasypus novemcinctus,Dasypus novemcinctus,Dasypus novemcinctus,Dasypus novemcinctus,Dasypus novemcinctus,Dasypus novemcinctus,Dasypus novemcinctus,Dasypus novemcinctus,Euphractus sexcinctus,Euphractus,Chlamyphoridae,1,Bajo
1057,Euphractus sexcinctus,Euphractus sexcinctus,Dasypus novemcinctus,Dasypus novemcinctus,Dasypus novemcinctus,Dasypus novemcinctus,Dasypus novemcinctus,Dasypus novemcinctus,Dasypus novemcinctus,Dasypus novemcinctus,Dasypus novemcinctus,Euphractus sexcinctus,Euphractus,Chlamyphoridae,1,Bajo
1058,Euphractus sexcinctus,Sus scrofa,Pecari tajacu,Eira barbara,Dasyprocta azarae,Dasypus novemcinctus,Lepus europaeus,Sus scrofa,Pecari tajacu,Pecari tajacu,Pecari tajacu,Sus scrofa,Euphractus,Chlamyphoridae,1,Bajo
1059,Geotrygon montana,Geotrygon montana,Geotrygon montana,Leptotila rufaxilla,Leptotila rufaxilla,Geotrygon montana,Leptotila rufaxilla,Amazona vinacea,Geotrygon montana,Geotrygon montana,Geotrygon montana,Geotrygon montana,Geotrygon,Columbidae,1,Bajo
1060,Geotrygon montana,Myiothlypis leucoblephara,Hydropsalis torquata,Hydropsalis torquata,Hydropsalis torquata,Nyctidromus albicollis,Myiothlypis leucoblephara,Hydropsalis torquata,Hydropsalis torquata,Hydropsalis torquata,Hydropsalis torquata,Myiothlypis leucoblephara,Geotrygon,Columbidae,1,Bajo
1061,Geotrygon montana,Myiothlypis leucoblephara,Crypturellus obsoletus,Chamaeza campanisona,Chamaeza campanisona,Habia rubica,Myiothlypis leucoblephara,Odontophorus capueira capueira,Crypturellus obsoletus,Crypturellus obsoletus,Crypturellus obsoletus,Myiothlypis leucoblephara,Geotrygon,Columbidae,1,Bajo
1062,Geotrygon montana,Leptotila rufaxilla,Crypturellus obsoletus,Crypturellus obsoletus,Chamaeza campanisona,Aramides saracura,Leptotila rufaxilla,Aramides saracura,Crypturellus obsoletus,Crypturellus obsoletus,Crypturellus obsoletus,Leptotila rufaxilla,Geotrygon,Columbidae,1,Bajo
1063,Geotrygon montana,Pyriglena leucoptera,Conopophaga lineata,Baryphthengus ruficapillus,Baryphthengus ruficapillus,Amazona vinacea,Turdus albicollis,Leptotila rufaxilla,Conopophaga lineata,Conopophaga lineata,Conopophaga lineata,Pyriglena leucoptera,Geotrygon,Columbidae,1,Bajo
1065,Geotrygon montana,Crypturellus tataupa,Tinamus solitarius,Geotrygon montana,Odontophorus capueira,Geotrygon montana,Tinamus solitarius,Chamaeza campanisona,Tinamus solitarius,Tinamus solitarius,Tinamus solitarius,Crypturellus tataupa,Geotrygon,Columbidae,1,Bajo
1066,Geotrygon montana,Crypturellus tataupa,Crypturellus tataupa,Crypturellus tataupa,Aramides saracura,Crypturellus tataupa,Tinamus solitarius,Crypturellus tataupa,Crypturellus tataupa,Crypturellus tataupa,Crypturellus tataupa,Crypturellus tataupa,Geotrygon,Columbidae,1,Bajo
1067,Geotrygon montana,Crypturellus tataupa,Odontophorus capueira capueira,Crypturellus tataupa,Crypturellus tataupa,Crypturellus tataupa,Tinamus solitarius,Crypturellus tataupa,Odontophorus capueira capueira,Odontophorus capueira capueira,Odontophorus capueira capueira,Crypturellus tataupa,Geotrygon,Columbidae,1,Bajo
1068,Geotrygon montana,Geotrygon montana,Crypturellus obsoletus,Crypturellus obsoletus,Crypturellus obsoletus,Geotrygon montana,Leptotila rufaxilla,Nyctidromus albicollis,Crypturellus obsoletus,Crypturellus obsoletus,Crypturellus obsoletus,Geotrygon montana,Geotrygon,Columbidae,1,Bajo
1069,Geotrygon montana,Crypturellus tataupa,Dasyprocta azarae,Crypturellus tataupa,Crypturellus tataupa,Crypturellus tataupa,Dasyprocta azarae,Eira barbara,Dasyprocta azarae,Dasyprocta azarae,Dasyprocta azarae,Crypturellus tataupa,Geotrygon,Columbidae,1,Bajo
1070,Geotrygon montana,Geotrygon montana,Geotrygon montana,Conopophaga lineata,Chamaeza campanisona,Geotrygon montana,Leptotila rufaxilla,Aramides saracura,Geotrygon montana,Geotrygon montana,Geotrygon montana,Geotrygon montana,Geotrygon,Columbidae,1,Bajo
1071,Geotrygon montana,Hypoedaleus guttatus,Mackenziaena severa,Hydropsalis torquata,Alouatta caraya,Brotogeris chiriri,Brotogeris chiriri,Alouatta guariba clamitans,Mackenziaena severa,Mackenziaena severa,Mackenziaena severa,Mackenziaena severa,Geotrygon,Columbidae,1,Bajo
1072,Geotrygon montana,Leptotila rufaxilla,Leptotila rufaxilla,Aramides saracura,Aramides saracura,Geotrygon montana,Leptotila rufaxilla,Leptotila rufaxilla,Leptotila rufaxilla,Leptotila rufaxilla,Leptotila rufaxilla,Leptotila rufaxilla,Geotrygon,Columbidae,1,Bajo
1073,Geotrygon montana,Conopophaga lineata,Leptotila verreauxi,Conopophaga lineata,Conopophaga lineata,Manacus manacus,Conopophaga lineata,Manacus manacus,Leptotila verreauxi,Leptotila verreauxi,Leptotila verreauxi,Conopophaga lineata,Geotrygon,Columbidae,1,Bajo
1074,Geotrygon montana,Geotrygon montana,Leptotila verreauxi,Geotrygon montana,Geotrygon montana,Leptotila verreauxi,Leptotila rufaxilla,Geotrygon montana,Leptotila verreauxi,Leptotila verreauxi,Leptotila verreauxi,Geotrygon montana,Geotrygon,Columbidae,1,Bajo
1075,Geotrygon montana,Aramides saracura,Leptotila rufaxilla,Aramides saracura,Aramides saracura,Aramides saracura,Aramides saracura,Aramides saracura,Leptotila rufaxilla,Leptotila rufaxilla,Leptotila rufaxilla,Aramides saracura,Geotrygon,Columbidae,1,Bajo
1076,Geotrygon montana,Habia rubica,Turdus albicollis,Habia rubica,Habia rubica,Habia rubica,Habia rubica,Pipile jacutinga,Turdus albicollis,Turdus albicollis,Turdus albicollis,Habia rubica,Geotrygon,Columbidae,1,Bajo
1077,Geotrygon montana,Habia rubica,Leptotila rufaxilla,Geotrygon montana,Geotrygon montana,Habia rubica,Habia rubica,Turdus albicollis,Leptotila rufaxilla,Leptotila rufaxilla,Leptotila rufaxilla,Habia rubica,Geotrygon,Columbidae,1,Bajo
1079,Geotrygon montana,Leptotila rufaxilla,Leptotila rufaxilla,Chamaeza campanisona,Chamaeza campanisona,Leptotila rufaxilla,Leptotila rufaxilla,Leptotila rufaxilla,Leptotila rufaxilla,Leptotila rufaxilla,Leptotila rufaxilla,Leptotila rufaxilla,Geotrygon,Columbidae,1,Bajo
1081,Geotrygon montana,Geotrygon montana,Geotrygon montana,Geotrygon montana,Crypturellus obsoletus,Geotrygon montana,Leptotila rufaxilla,Nyctidromus albicollis,Geotrygon montana,Geotrygon montana,Geotrygon montana,Geotrygon montana,Geotrygon,Columbidae,1,Bajo
1082,Geotrygon montana,Leptotila rufaxilla,Crypturellus obsoletus,Crypturellus obsoletus,Crypturellus obsoletus,Leptotila rufaxilla,Leptotila rufaxilla,Crypturellus tataupa,Crypturellus obsoletus,Crypturellus obsoletus,Crypturellus obsoletus,Leptotila rufaxilla,Geotrygon,Columbidae,1,Bajo
1083,Geotrygon montana,Tayassu pecari,Leopardus guttulus,Dasyprocta azarae,Dasyprocta azarae,Leopardus guttulus,Dasyprocta azarae,Cerdocyon thous,Leopardus guttulus,Leopardus guttulus,Leopardus guttulus,Tayassu pecari,Geotrygon,Columbidae,1,Bajo
1085,Geotrygon montana,Geotrygon montana,Geotrygon montana,Geotrygon montana,Geotrygon montana,Geotrygon montana,Leptotila verreauxi,Leptotila rufaxilla,Geotrygon montana,Geotrygon montana,Geotrygon montana,Geotrygon montana,Geotrygon,Columbidae,1,Bajo
1087,Geotrygon montana,Geotrygon montana,Geotrygon montana,Geotrygon montana,Geotrygon montana,Geotrygon montana,Leptotila rufaxilla,Leptotila rufaxilla,Geotrygon montana,Geotrygon montana,Geotrygon montana,Geotrygon montana,Geotrygon,Columbidae,1,Bajo
1088,Geotrygon montana,Geotrygon montana,Crypturellus tataupa,Crypturellus tataupa,Crypturellus tataupa,Crypturellus tataupa,Leptotila rufaxilla,Leptotila rufaxilla,Crypturellus tataupa,Crypturellus tataupa,Crypturellus tataupa,Geotrygon montana,Geotrygon,Columbidae,1,Bajo
1090,Geotrygon montana,Didelphis albiventris,Tachyphonus coronatus,Baryphthengus ruficapillus,Baryphthengus ruficapillus,Geotrygon montana,Didelphis albiventris,Didelphis albiventris,Tachyphonus coronatus,Tachyphonus coronatus,Tachyphonus coronatus,Didelphis albiventris,Geotrygon,Columbidae,1,Bajo
1091,Leptotila rufaxilla,Leptotila rufaxilla,Leptotila rufaxilla,Leptotila rufaxilla,Leptotila rufaxilla,Leptotila rufaxilla,Leptotila rufaxilla,Leptotila rufaxilla,Leptotila rufaxilla,Leptotila rufaxilla,Leptotila rufaxilla,Leptotila rufaxilla,Leptotila,Columbidae,1,Bajo
1092,Leptotila rufaxilla,Crypturellus obsoletus,Crypturellus tataupa,Aramides saracura,Aramides saracura,Tinamus solitarius,Aramides saracura,Leptotila rufaxilla,Crypturellus tataupa,Crypturellus tataupa,Crypturellus tataupa,Crypturellus obsoletus,Leptotila,Columbidae,1,Bajo
1093,Leptotila rufaxilla,Turdus albicollis,Turdus albicollis,Geotrygon montana,Habia rubica,Turdus albicollis,Turdus albicollis,Turdus albicollis,Turdus albicollis,Turdus albicollis,Turdus albicollis,Turdus albicollis,Leptotila,Columbidae,1,Bajo
1096,Leptotila rufaxilla,Crypturellus tataupa,Geotrygon montana,Crypturellus tataupa,Tinamus solitarius,Leptotila rufaxilla,Leptotila rufaxilla,Tinamus solitarius,Geotrygon montana,Geotrygon montana,Geotrygon montana,Crypturellus tataupa,Leptotila,Columbidae,1,Bajo
1097,Leptotila rufaxilla,Leptotila rufaxilla,Tinamus solitarius,Cryptopezus nattereri,Tinamus solitarius,Leptotila rufaxilla,Leptotila rufaxilla,Crypturellus obsoletus,Tinamus solitarius,Tinamus solitarius,Tinamus solitarius,Leptotila rufaxilla,Leptotila,Columbidae,1,Bajo
1098,Leptotila rufaxilla,Pyriglena leucoptera,Geotrygon montana,Leptotila rufaxilla,Habia rubica,Leptotila rufaxilla,Habia rubica,Habia rubica,Geotrygon montana,Geotrygon montana,Geotrygon montana,Pyriglena leucoptera,Leptotila,Columbidae,1,Bajo
1099,Leptotila rufaxilla,Pyriglena leucoptera,Mackenziaena severa,Mackenziaena severa,Leptotila rufaxilla,Leptotila rufaxilla,Turdus albicollis,Tachyphonus coronatus,Mackenziaena severa,Mackenziaena severa,Mackenziaena severa,Pyriglena leucoptera,Leptotila,Columbidae,1,Bajo
1100,Leptotila rufaxilla,Turdus albicollis,Notharchus swainsoni,Cyanocorax chrysops,Cyanocorax chrysops,Turdus albicollis,Turdus albicollis,Brotogeris chiriri,Notharchus swainsoni,Notharchus swainsoni,Notharchus swainsoni,Turdus albicollis,Leptotila,Columbidae,1,Bajo
1101,Leptotila rufaxilla,Turdus albicollis,Leptotila rufaxilla,Habia rubica,Habia rubica,Leptotila rufaxilla,Turdus albicollis,Turdus albicollis,Leptotila rufaxilla,Leptotila rufaxilla,Leptotila rufaxilla,Turdus albicollis,Leptotila,Columbidae,1,Bajo
1102,Leptotila rufaxilla,Pyriglena leucoptera,Manacus manacus,Conopophaga lineata vulgaris,Conopophaga lineata vulgaris,Tinamus solitarius,Habia rubica,Manacus manacus,Manacus manacus,Manacus manacus,Manacus manacus,Pyriglena leucoptera,Leptotila,Columbidae,1,Bajo
1103,Leptotila rufaxilla,Crypturellus tataupa,Tinamus solitarius,Geotrygon montana,Tinamus solitarius,Leptotila rufaxilla,Leptotila rufaxilla,Tinamus solitarius,Tinamus solitarius,Tinamus solitarius,Tinamus solitarius,Crypturellus tataupa,Leptotila,Columbidae,1,Bajo
1104,Leptotila rufaxilla,Leptotila rufaxilla,Leptotila rufaxilla,Leptotila rufaxilla,Leptotila rufaxilla,Leptotila rufaxilla,Leptotila rufaxilla,Leptotila rufaxilla,Leptotila rufaxilla,Leptotila rufaxilla,Leptotila rufaxilla,Leptotila rufaxilla,Leptotila,Columbidae,1,Bajo
1105,Leptotila rufaxilla,Crypturellus tataupa,Crypturellus tataupa,Crypturellus obsoletus,Crypturellus tataupa,Crypturellus tataupa,Leptotila rufaxilla,Crypturellus tataupa,Crypturellus tataupa,Crypturellus tataupa,Crypturellus tataupa,Crypturellus tataupa,Leptotila,Columbidae,1,Bajo
1106,Leptotila rufaxilla,Habia rubica,Turdus albicollis,Conopophaga lineata,Conopophaga lineata,Habia rubica,Habia rubica,Habia rubica,Turdus albicollis,Turdus albicollis,Turdus albicollis,Habia rubica,Leptotila,Columbidae,1,Bajo
1107,Leptotila rufaxilla,Hypoedaleus guttatus,Pyriglena leucoptera,Turdus albicollis,Turdus albicollis,Leptotila rufaxilla,Hypoedaleus guttatus,Baryphthengus ruficapillus,Pyriglena leucoptera,Pyriglena leucoptera,Pyriglena leucoptera,Hypoedaleus guttatus,Leptotila,Columbidae,1,Bajo
1109,Leptotila rufaxilla,Aramides saracura,Pecari tajacu,Crax fasciolata,Crax fasciolata,Dasyprocta azarae,Aramides saracura,Aramides saracura,Pecari tajacu,Pecari tajacu,Pecari tajacu,Aramides saracura,Leptotila,Columbidae,1,Bajo
1110,Leptotila rufaxilla,Turdus albicollis,Leptotila rufaxilla,Leptotila rufaxilla,Leptotila rufaxilla,Leptotila rufaxilla,Habia rubica,Leptotila rufaxilla,Leptotila rufaxilla,Leptotila rufaxilla,Leptotila rufaxilla,Turdus albicollis,Leptotila,Columbidae,1,Bajo
1111,Leptotila rufaxilla,Leptotila rufaxilla,Leptotila rufaxilla,Leptotila rufaxilla,Leptotila rufaxilla,Leptotila rufaxilla,Leptotila rufaxilla,Aramides saracura,Leptotila rufaxilla,Leptotila rufaxilla,Leptotila rufaxilla,Leptotila rufaxilla,Leptotila,Columbidae,1,Bajo
1112,Leptotila rufaxilla,Crypturellus tataupa,Crypturellus tataupa,Crypturellus tataupa,Crypturellus tataupa,Lontra longicaudis,Leptotila rufaxilla,Leptotila rufaxilla,Crypturellus tataupa,Crypturellus tataupa,Crypturellus tataupa,Crypturellus tataupa,Leptotila,Columbidae,1,Bajo
1113,Leptotila rufaxilla,Turdus albicollis,Leptotila rufaxilla,Leptotila rufaxilla,Leptotila rufaxilla,Leptotila verreauxi,Turdus albicollis,Geotrygon montana,Leptotila rufaxilla,Leptotila rufaxilla,Leptotila rufaxilla,Turdus albicollis,Leptotila,Columbidae,1,Bajo
1114,Leptotila rufaxilla,Leptotila rufaxilla,Tinamus solitarius,Crypturellus obsoletus,Crypturellus obsoletus,Leptotila rufaxilla,Leptotila rufaxilla,Crypturellus tataupa,Tinamus solitarius,Tinamus solitarius,Tinamus solitarius,Leptotila rufaxilla,Leptotila,Columbidae,1,Bajo
1115,Leptotila rufaxilla,Leptotila rufaxilla,Geotrygon montana,Tinamus solitarius,Tinamus solitarius,Leptotila rufaxilla,Leptotila rufaxilla,Odontophorus capueira,Geotrygon montana,Geotrygon montana,Geotrygon montana,Leptotila rufaxilla,Leptotila,Columbidae,1,Bajo
1116,Leptotila rufaxilla,Geotrygon montana,Synallaxis ruficapilla,Geotrygon montana,Didelphis aurita,Geotrygon montana,Leptotila rufaxilla,Leopardus guttulus,Synallaxis ruficapilla,Synallaxis ruficapilla,Synallaxis ruficapilla,Geotrygon montana,Leptotila,Columbidae,1,Bajo
1117,Leptotila rufaxilla,Leptotila rufaxilla,Tinamus solitarius,Tinamus solitarius,Tinamus solitarius,Leptotila rufaxilla,Leptotila rufaxilla,Crypturellus tataupa,Tinamus solitarius,Tinamus solitarius,Tinamus solitarius,Leptotila rufaxilla,Leptotila,Columbidae,1,Bajo
1118,Leptotila rufaxilla,Turdus albicollis,Cyanocorax chrysops,Celeus galeatus,Celeus galeatus,Leptotila rufaxilla,Turdus albicollis,Turdus albicollis,Cyanocorax chrysops,Cyanocorax chrysops,Cyanocorax chrysops,Turdus albicollis,Leptotila,Columbidae,1,Bajo
1120,Leptotila rufaxilla,Turdus albicollis,Pyriglena leucoptera,Turdus albicollis,Turdus albicollis,Habia rubica,Turdus albicollis,Turdus albicollis,Pyriglena leucoptera,Pyriglena leucoptera,Pyriglena leucoptera,Turdus albicollis,Leptotila,Columbidae,1,Bajo
1121,Leptotila rufaxilla,Crypturellus tataupa,Crypturellus tataupa,Crypturellus tataupa,Tinamus solitarius,Leptotila rufaxilla,Leptotila rufaxilla,Crypturellus tataupa,Crypturellus tataupa,Crypturellus tataupa,Crypturellus tataupa,Crypturellus tataupa,Leptotila,Columbidae,1,Bajo
1122,Leptotila rufaxilla,Conopophaga lineata,Leptotila rufaxilla,Leptotila rufaxilla,Leptotila rufaxilla,Leptotila rufaxilla,Conopophaga lineata,Manacus manacus,Leptotila rufaxilla,Leptotila rufaxilla,Leptotila rufaxilla,Conopophaga lineata,Leptotila,Columbidae,1,Bajo
1125,Leptotila rufaxilla,Pyriglena leucoptera,Synallaxis ruficapilla,Cyanoloxia brissonii,Cyanoloxia brissonii,Leptotila rufaxilla,Conopophaga lineata,Conopophaga lineata,Synallaxis ruficapilla,Synallaxis ruficapilla,Synallaxis ruficapilla,Pyriglena leucoptera,Leptotila,Columbidae,1,Bajo
1127,Leptotila rufaxilla,Leptotila rufaxilla,Geotrygon montana,Tinamus solitarius,Tinamus solitarius,Leptotila rufaxilla,Leptotila rufaxilla,Tinamus solitarius,Geotrygon montana,Geotrygon montana,Geotrygon montana,Geotrygon montana,Leptotila,Columbidae,1,Bajo
1128,Leptotila rufaxilla,Pyriglena leucoptera,Geotrygon montana,Conopophaga lineata,Baryphthengus ruficapillus,Leptotila rufaxilla,Turdus albicollis,Pyriglena leucoptera,Geotrygon montana,Geotrygon montana,Geotrygon montana,Pyriglena leucoptera,Leptotila,Columbidae,1,Bajo
1129,Leptotila rufaxilla,Turdus albicollis,Pyriglena leucoptera,Habia rubica,Pyriglena leucoptera,Turdus albicollis,Turdus albicollis,Cyanoloxia brissonii,Pyriglena leucoptera,Pyriglena leucoptera,Pyriglena leucoptera,Turdus albicollis,Leptotila,Columbidae,1,Bajo
1131,Leptotila rufaxilla,Leptotila rufaxilla,Leptotila rufaxilla,Didelphis aurita,Leptotila rufaxilla,Leptotila rufaxilla,Leptotila rufaxilla,Hydropsalis torquata,Leptotila rufaxilla,Leptotila rufaxilla,Leptotila rufaxilla,Leptotila rufaxilla,Leptotila,Columbidae,1,Bajo
1132,Leptotila rufaxilla,Crypturellus tataupa,Leptotila rufaxilla,Leptotila rufaxilla,Tinamus solitarius,Leptotila rufaxilla,Leptotila rufaxilla,Leptotila rufaxilla,Leptotila rufaxilla,Leptotila rufaxilla,Leptotila rufaxilla,Crypturellus tataupa,Leptotila,Columbidae,1,Bajo
1133,Leptotila rufaxilla,Turdus albicollis,Turdus rufiventris,Habia rubica,Habia rubica,Leptotila rufaxilla,Turdus albicollis,Penelope superciliaris,Turdus rufiventris,Turdus rufiventris,Turdus rufiventris,Turdus albicollis,Leptotila,Columbidae,1,Bajo
1134,Leptotila rufaxilla,Turdus albicollis,Baryphthengus ruficapillus,Baryphthengus ruficapillus,Baryphthengus ruficapillus,Leptotila verreauxi,Turdus albicollis,Baryphthengus ruficapillus,Baryphthengus ruficapillus,Baryphthengus ruficapillus,Baryphthengus ruficapillus,Turdus albicollis,Leptotila,Columbidae,1,Bajo
1135,Leptotila rufaxilla,Mackenziaena severa,Penelope superciliaris,Habia rubica,Conopophaga lineata vulgaris,Mackenziaena severa,Mackenziaena severa,Cyanoloxia brissonii,Penelope superciliaris,Penelope superciliaris,Penelope superciliaris,Mackenziaena severa,Leptotila,Columbidae,1,Bajo
1137,Leptotila rufaxilla,Crypturellus tataupa,Odontophorus capueira,Leptotila rufaxilla,Crypturellus tataupa,Leptotila rufaxilla,Leptotila rufaxilla,Crypturellus tataupa,Odontophorus capueira,Odontophorus capueira,Odontophorus capueira,Crypturellus tataupa,Leptotila,Columbidae,1,Bajo
1138,Leptotila rufaxilla,Leptotila rufaxilla,Leptotila rufaxilla,Leptotila rufaxilla,Leptotila rufaxilla,Leptotila rufaxilla,Leptotila rufaxilla,Hydropsalis torquata,Leptotila rufaxilla,Leptotila rufaxilla,Leptotila rufaxilla,Leptotila rufaxilla,Leptotila,Columbidae,1,Bajo
1140,Leptotila rufaxilla,Crypturellus tataupa,Penelope superciliaris,Leptotila rufaxilla,Grallaria varia,Leptotila rufaxilla,Leptotila rufaxilla,Crypturellus tataupa,Penelope superciliaris,Penelope superciliaris,Penelope superciliaris,Crypturellus tataupa,Leptotila,Columbidae,1,Bajo
1142,Leptotila rufaxilla,Leptotila rufaxilla,Leptotila rufaxilla,Leptotila rufaxilla,Leptotila rufaxilla,Leptotila rufaxilla,Leptotila rufaxilla,Leptotila rufaxilla,Leptotila rufaxilla,Leptotila rufaxilla,Leptotila rufaxilla,Leptotila rufaxilla,Leptotila,Columbidae,1,Bajo
1143,Leptotila rufaxilla,Turdus albicollis,Selenidera maculirostris,Baryphthengus ruficapillus,Baryphthengus ruficapillus,Leptotila verreauxi,Habia rubica,Pyriglena leucoptera,Selenidera maculirostris,Selenidera maculirostris,Selenidera maculirostris,Turdus albicollis,Leptotila,Columbidae,1,Bajo
1144,Leptotila rufaxilla,Crypturellus tataupa,Crypturellus tataupa,Crypturellus obsoletus,Aramides saracura,Leptotila rufaxilla,Leptotila rufaxilla,Leptotila rufaxilla,Crypturellus tataupa,Crypturellus tataupa,Crypturellus tataupa,Crypturellus tataupa,Leptotila,Columbidae,1,Bajo
1145,Leptotila rufaxilla,Leptotila rufaxilla,Leptotila rufaxilla,Leptotila rufaxilla,Leptotila rufaxilla,Leptotila rufaxilla,Leptotila rufaxilla,Leptotila rufaxilla,Leptotila rufaxilla,Leptotila rufaxilla,Leptotila rufaxilla,Leptotila rufaxilla,Leptotila,Columbidae,1,Bajo
1147,Leptotila rufaxilla,Habia rubica,Turdus albicollis,Conopophaga lineata,Baryphthengus ruficapillus,Habia rubica,Habia rubica,Turdus albicollis,Turdus albicollis,Turdus albicollis,Turdus albicollis,Habia rubica,Leptotila,Columbidae,1,Bajo
1148,Leptotila rufaxilla,Pyriglena leucoptera,Baryphthengus ruficapillus,Baryphthengus ruficapillus,Baryphthengus ruficapillus,Leptotila verreauxi,Leptotila rufaxilla,Leptotila verreauxi,Baryphthengus ruficapillus,Baryphthengus ruficapillus,Baryphthengus ruficapillus,Pyriglena leucoptera,Leptotila,Columbidae,1,Bajo
1149,Leptotila rufaxilla,Leptotila verreauxi,Herpailurus yagouaroundi,Herpailurus yagouaroundi,Crypturellus obsoletus,Crypturellus tataupa,Leptotila verreauxi,Crypturellus obsoletus,Herpailurus yagouaroundi,Herpailurus yagouaroundi,Herpailurus yagouaroundi,Leptotila verreauxi,Leptotila,Columbidae,1,Bajo
1150,Leptotila rufaxilla,Habia rubica,Habia rubica,Conopophaga lineata,Habia rubica,Habia rubica,Habia rubica,Habia rubica,Habia rubica,Habia rubica,Habia rubica,Habia rubica,Leptotila,Columbidae,1,Bajo
1151,Leptotila rufaxilla,Habia rubica,Turdus albicollis,Conopophaga lineata,Conopophaga lineata,Leptotila verreauxi,Habia rubica,Turdus albicollis,Turdus albicollis,Turdus albicollis,Turdus albicollis,Habia rubica,Leptotila,Columbidae,1,Bajo
1152,Leptotila rufaxilla,Leptotila rufaxilla,Tinamus solitarius,Geotrygon montana,Geotrygon montana,Leptotila rufaxilla,Leptotila rufaxilla,Crypturellus obsoletus,Tinamus solitarius,Tinamus solitarius,Tinamus solitarius,Leptotila rufaxilla,Leptotila,Columbidae,1,Bajo
1153,Leptotila rufaxilla,Crypturellus tataupa,Crypturellus tataupa,Crypturellus tataupa,Crypturellus tataupa,Leptotila rufaxilla,Leptotila rufaxilla,Leptotila rufaxilla,Crypturellus tataupa,Crypturellus tataupa,Crypturellus tataupa,Crypturellus tataupa,Leptotila,Columbidae,1,Bajo
1155,Leptotila rufaxilla,Geotrygon montana,Synallaxis ruficapilla,Galictis cuja,Galictis cuja,Leptotila verreauxi,Leptotila verreauxi,Leptotila verreauxi,Synallaxis ruficapilla,Synallaxis ruficapilla,Synallaxis ruficapilla,Geotrygon montana,Leptotila,Columbidae,1,Bajo
1156,Leptotila rufaxilla,Hypoedaleus guttatus,Biatas nigropectus,Biatas nigropectus,Biatas nigropectus,Leptotila rufaxilla,Penelope superciliaris,Hypoedaleus guttatus,Biatas nigropectus,Biatas nigropectus,Biatas nigropectus,Hypoedaleus guttatus,Leptotila,Columbidae,1,Bajo
1157,Leptotila rufaxilla,Dasyprocta azarae,Pecari tajacu,Crypturellus tataupa,Crypturellus tataupa,Penelope superciliaris,Dasyprocta azarae,Pecari tajacu,Pecari tajacu,Pecari tajacu,Pecari tajacu,Dasyprocta azarae,Leptotila,Columbidae,1,Bajo
1158,Leptotila rufaxilla,Turdus albicollis,Leptotila verreauxi,Habia rubica,Habia rubica,Turdus albicollis,Turdus albicollis,Habia rubica,Leptotila verreauxi,Leptotila verreauxi,Leptotila verreauxi,Turdus albicollis,Leptotila,Columbidae,1,Bajo
1159,Leptotila verreauxi,Leptotila rufaxilla,Leptotila rufaxilla,Leptotila rufaxilla,Leptotila rufaxilla,Leptotila rufaxilla,Leptotila rufaxilla,Leptotila rufaxilla,Leptotila rufaxilla,Leptotila rufaxilla,Leptotila rufaxilla,Leptotila rufaxilla,Leptotila,Columbidae,1,Bajo
1161,Leptotila verreauxi,Leptotila rufaxilla,Leptotila verreauxi,Geotrygon montana,Leptotila rufaxilla,Leptotila verreauxi,Leptotila rufaxilla,Leptotila verreauxi,Leptotila verreauxi,Leptotila verreauxi,Leptotila verreauxi,Leptotila rufaxilla,Leptotila,Columbidae,1,Bajo
1162,Leptotila verreauxi,Tachyphonus coronatus,Alouatta guariba clamitans,Alouatta guariba clamitans,Alouatta guariba clamitans,Tachyphonus coronatus,Tachyphonus coronatus,Hypoedaleus guttatus,Alouatta guariba clamitans,Alouatta guariba clamitans,Alouatta guariba clamitans,Tachyphonus coronatus,Leptotila,Columbidae,1,Bajo
1163,Leptotila verreauxi,Leptotila rufaxilla,Leptotila rufaxilla,Leptotila rufaxilla,Leptotila rufaxilla,Leptotila rufaxilla,Leptotila rufaxilla,Leptotila rufaxilla,Leptotila rufaxilla,Leptotila rufaxilla,Leptotila rufaxilla,Leptotila rufaxilla,Leptotila,Columbidae,1,Bajo
1164,Leptotila verreauxi,Leptotila rufaxilla,Leptotila verreauxi,Crypturellus obsoletus,Crypturellus obsoletus,Leptotila verreauxi,Leptotila rufaxilla,Leptotila rufaxilla,Leptotila verreauxi,Leptotila verreauxi,Leptotila verreauxi,Leptotila rufaxilla,Leptotila,Columbidae,1,Bajo
1165,Leptotila verreauxi,Tachyphonus coronatus,Turdus albicollis,Cyanoloxia brissonii,Cyanocorax chrysops,Pipile jacutinga,Pipile jacutinga,Pipile jacutinga,Turdus albicollis,Turdus albicollis,Turdus albicollis,Turdus albicollis,Leptotila,Columbidae,1,Bajo
1166,Leptotila verreauxi,Geotrygon montana,Tinamus solitarius,Geotrygon montana,Crypturellus obsoletus,Geotrygon montana,Leptotila rufaxilla,Leptotila rufaxilla,Tinamus solitarius,Tinamus solitarius,Tinamus solitarius,Geotrygon montana,Leptotila,Columbidae,1,Bajo
1167,Leptotila verreauxi,Leptotila rufaxilla,Leptotila rufaxilla,Leptotila verreauxi,Leptotila verreauxi,Leptotila verreauxi,Leptotila rufaxilla,Leptotila rufaxilla,Leptotila rufaxilla,Leptotila rufaxilla,Leptotila rufaxilla,Leptotila rufaxilla,Leptotila,Columbidae,1,Bajo
1168,Leptotila verreauxi,Leptotila rufaxilla,Leptotila rufaxilla,Leptotila rufaxilla,Leptotila rufaxilla,Leptotila rufaxilla,Leptotila rufaxilla,Leptotila rufaxilla,Leptotila rufaxilla,Leptotila rufaxilla,Leptotila rufaxilla,Leptotila rufaxilla,Leptotila,Columbidae,1,Bajo
1169,Leptotila verreauxi,Herpailurus yagouaroundi,Pecari tajacu,Herpailurus yagouaroundi,Eira barbara,Leptotila verreauxi,Lepus europaeus,Lepus europaeus,Pecari tajacu,Pecari tajacu,Pecari tajacu,Herpailurus yagouaroundi,Leptotila,Columbidae,1,Bajo
1170,Leptotila verreauxi,Leptotila rufaxilla,Leptotila rufaxilla,Leptotila rufaxilla,Leptotila rufaxilla,Leptotila verreauxi,Leptotila rufaxilla,Leptotila verreauxi,Leptotila rufaxilla,Leptotila rufaxilla,Leptotila rufaxilla,Leptotila rufaxilla,Leptotila,Columbidae,1,Bajo
1171,Leptotila verreauxi,Nothura maculosa,Nothura maculosa,Didelphis aurita,Leptotila rufaxilla,Leptotila rufaxilla,Leptotila rufaxilla,Hydropsalis torquata,Nothura maculosa,Nothura maculosa,Nothura maculosa,Nothura maculosa,Leptotila,Columbidae,1,Bajo
1172,Leptotila verreauxi,Aramides saracura,Leptotila verreauxi,Leptotila verreauxi,Leptotila verreauxi,Leptotila verreauxi,Aramides saracura,Leptotila verreauxi,Leptotila verreauxi,Leptotila verreauxi,Leptotila verreauxi,Aramides saracura,Leptotila,Columbidae,1,Bajo
1173,Leptotila verreauxi,Turdus albicollis,Leptotila rufaxilla,Hypoedaleus guttatus,Habia rubica,Leptotila verreauxi,Habia rubica,Turdus albicollis,Leptotila rufaxilla,Leptotila rufaxilla,Leptotila rufaxilla,Turdus albicollis,Leptotila,Columbidae,1,Bajo
1174,Leptotila verreauxi,Leptotila rufaxilla,Leptotila rufaxilla,Leptotila rufaxilla,Leptotila rufaxilla,Leptotila rufaxilla,Leptotila rufaxilla,Leptotila rufaxilla,Leptotila rufaxilla,Leptotila rufaxilla,Leptotila rufaxilla,Leptotila rufaxilla,Leptotila,Columbidae,1,Bajo
1175,Leptotila verreauxi,Tayassu pecari,Crypturellus tataupa,Crypturellus tataupa,Crypturellus tataupa,Salvator merianae,Dasyprocta azarae,Penelope superciliaris,Crypturellus tataupa,Crypturellus tataupa,Crypturellus tataupa,Tayassu pecari,Leptotila,Columbidae,1,Bajo
1176,Leptotila verreauxi,Leptotila rufaxilla,Chamaeza campanisona,Chamaeza campanisona,Leptotila rufaxilla,Leptotila rufaxilla,Leptotila rufaxilla,Leptotila rufaxilla,Chamaeza campanisona,Chamaeza campanisona,Chamaeza campanisona,Leptotila rufaxilla,Leptotila,Columbidae,1,Bajo
1177,Leptotila verreauxi,Gubernetes yetapa,Chamaeza campanisona,Chamaeza campanisona,Chamaeza campanisona,Gubernetes yetapa,Leptotila rufaxilla,Geotrygon montana,Chamaeza campanisona,Chamaeza campanisona,Chamaeza campanisona,Gubernetes yetapa,Leptotila,Columbidae,1,Bajo
1178,Leptotila verreauxi,Leptotila rufaxilla,Crypturellus obsoletus,Leptotila rufaxilla,Leptotila rufaxilla,Leptotila verreauxi,Leptotila rufaxilla,Leptotila rufaxilla,Crypturellus obsoletus,Crypturellus obsoletus,Crypturellus obsoletus,Leptotila rufaxilla,Leptotila,Columbidae,1,Bajo
1179,Leptotila verreauxi,Leptotila rufaxilla,Leptotila rufaxilla,Leptotila rufaxilla,Leptotila rufaxilla,Leptotila verreauxi,Leptotila rufaxilla,Leptotila rufaxilla,Leptotila rufaxilla,Leptotila rufaxilla,Leptotila rufaxilla,Leptotila rufaxilla,Leptotila,Columbidae,1,Bajo
1181,Leptotila verreauxi,Leptotila rufaxilla,Baryphthengus ruficapillus,Aramides saracura,Aramides saracura,Leptotila verreauxi,Leptotila rufaxilla,Leptotila rufaxilla,Baryphthengus ruficapillus,Baryphthengus ruficapillus,Baryphthengus ruficapillus,Leptotila verreauxi,Leptotila,Columbidae,1,Bajo
1183,Leptotila verreauxi,Lepus europaeus,Eira barbara,Lycalopex gymnocerca,Lycalopex gymnocerca,Leptotila verreauxi,Aramides saracura,Sus scrofa,Eira barbara,Eira barbara,Eira barbara,Nothura maculosa,Leptotila,Columbidae,1,Bajo
1184,Leptotila verreauxi,Turdus albicollis,Mackenziaena severa,Mackenziaena severa,Mackenziaena severa,Leptotila rufaxilla,Turdus albicollis,Geotrygon montana,Mackenziaena severa,Mackenziaena severa,Mackenziaena severa,Turdus albicollis,Leptotila,Columbidae,1,Bajo
1185,Leptotila verreauxi,Crypturellus obsoletus,Dasyprocta azarae,Crypturellus tataupa,Crypturellus tataupa,Crypturellus tataupa,Dasyprocta azarae,Aramides saracura,Dasyprocta azarae,Dasyprocta azarae,Dasyprocta azarae,Crypturellus obsoletus,Leptotila,Columbidae,1,Bajo
1186,Leptotila verreauxi,Leptotila rufaxilla,Leptotila verreauxi,Leptotila rufaxilla,Crypturellus tataupa,Leptotila verreauxi,Leptotila rufaxilla,Leptotila rufaxilla,Leptotila verreauxi,Leptotila verreauxi,Leptotila verreauxi,Leptotila rufaxilla,Leptotila,Columbidae,1,Bajo
1187,Leptotila verreauxi,Baryphthengus ruficapillus,Habia rubica,Habia rubica,Habia rubica,Baryphthengus ruficapillus,Hypoedaleus guttatus,Pyriglena leucoptera,Habia rubica,Habia rubica,Habia rubica,Baryphthengus ruficapillus,Leptotila,Columbidae,1,Bajo
1188,Leptotila verreauxi,Pyriglena leucoptera,Conopophaga lineata,Conopophaga lineata,Conopophaga lineata,Turdus albicollis,Turdus albicollis,Turdus albicollis,Conopophaga lineata,Conopophaga lineata,Conopophaga lineata,Pyriglena leucoptera,Leptotila,Columbidae,1,Bajo
1189,Leptotila verreauxi,Turdus albicollis,Conopophaga lineata,Conopophaga lineata,Turdus albicollis,Turdus albicollis,Turdus albicollis,Brotogeris chiriri,Conopophaga lineata,Conopophaga lineata,Conopophaga lineata,Turdus albicollis,Leptotila,Columbidae,1,Bajo
1190,Leptotila verreauxi,Leptotila rufaxilla,Leptotila rufaxilla,Crypturellus tataupa,Tinamus solitarius,Tinamus solitarius,Leptotila rufaxilla,Dasypus novemcinctus,Leptotila rufaxilla,Leptotila rufaxilla,Leptotila rufaxilla,Crypturellus tataupa,Leptotila,Columbidae,1,Bajo
1191,Leptotila verreauxi,Leptotila rufaxilla,Geotrygon montana,Geotrygon montana,Geotrygon montana,Leptotila rufaxilla,Leptotila rufaxilla,Leptotila rufaxilla,Geotrygon montana,Geotrygon montana,Geotrygon montana,Leptotila rufaxilla,Leptotila,Columbidae,1,Bajo
1192,Leptotila verreauxi,Leptotila rufaxilla,Crypturellus obsoletus,Leptotila rufaxilla,Leptotila rufaxilla,Leptotila rufaxilla,Leptotila rufaxilla,Leptotila rufaxilla,Crypturellus obsoletus,Crypturellus obsoletus,Crypturellus obsoletus,Leptotila rufaxilla,Leptotila,Columbidae,1,Bajo
1194,Leptotila verreauxi,Leptotila rufaxilla,Leptotila rufaxilla,Leptotila verreauxi,Leptotila verreauxi,Leptotila rufaxilla,Leptotila rufaxilla,Leptotila rufaxilla,Leptotila rufaxilla,Leptotila rufaxilla,Leptotila rufaxilla,Leptotila rufaxilla,Leptotila,Columbidae,1,Bajo
1195,Leptotila verreauxi,Turdus rufiventris,Leptotila rufaxilla,Leptotila rufaxilla,Leptotila rufaxilla,Leptotila verreauxi,Leptotila rufaxilla,Aramides saracura,Leptotila rufaxilla,Leptotila rufaxilla,Leptotila rufaxilla,Turdus rufiventris,Leptotila,Columbidae,1,Bajo
1198,Leptotila verreauxi,Leptotila rufaxilla,Leptotila rufaxilla,Leptotila rufaxilla,Leptotila rufaxilla,Leptotila verreauxi,Leptotila rufaxilla,Leptotila rufaxilla,Leptotila rufaxilla,Leptotila rufaxilla,Leptotila rufaxilla,Leptotila rufaxilla,Leptotila,Columbidae,1,Bajo
1199,Leptotila verreauxi,Aramides saracura,Leptotila verreauxi,Leptotila rufaxilla,Leptotila rufaxilla,Leptotila rufaxilla,Aramides saracura,Hydrochoerus hydrochaeris,Leptotila verreauxi,Leptotila verreauxi,Leptotila verreauxi,Aramides saracura,Leptotila,Columbidae,1,Bajo
1200,Leptotila verreauxi,Notharchus swainsoni,Pogonotriccus eximius,Amazona vinacea,Notharchus swainsoni,Amazona vinacea,Amazona vinacea,Amazona vinacea,Pogonotriccus eximius,Pogonotriccus eximius,Pogonotriccus eximius,Notharchus swainsoni,Leptotila,Columbidae,1,Bajo
1201,Leptotila verreauxi,Leptotila rufaxilla,Leptotila rufaxilla,Leptotila rufaxilla,Leptotila rufaxilla,Leptotila rufaxilla,Leptotila rufaxilla,Aramides saracura,Leptotila rufaxilla,Leptotila rufaxilla,Leptotila rufaxilla,Leptotila rufaxilla,Leptotila,Columbidae,1,Bajo
1203,Leptotila verreauxi,Crypturellus obsoletus,Leptotila rufaxilla,Crypturellus obsoletus,Crypturellus obsoletus,Crypturellus obsoletus,Aramides saracura,Crypturellus obsoletus,Leptotila rufaxilla,Leptotila rufaxilla,Leptotila rufaxilla,Crypturellus obsoletus,Leptotila,Columbidae,1,Bajo
1204,Leptotila verreauxi,Leptotila verreauxi,Leptotila rufaxilla,Cyanocorax chrysops,Brotogeris chiriri,Leptotila rufaxilla,Hypoedaleus guttatus,Brotogeris chiriri,Leptotila rufaxilla,Leptotila rufaxilla,Leptotila rufaxilla,Leptotila verreauxi,Leptotila,Columbidae,1,Bajo
1205,Leptotila verreauxi,Pyriglena leucoptera,Tinamus solitarius,Leptotila rufaxilla,Celeus galeatus,Leptotila verreauxi,Turdus albicollis,Pyriglena leucoptera,Tinamus solitarius,Tinamus solitarius,Tinamus solitarius,Pyriglena leucoptera,Leptotila,Columbidae,1,Bajo
1206,Leptotila verreauxi,Leptotila verreauxi,Leptotila verreauxi,Leptotila rufaxilla,Leptotila rufaxilla,Leptotila verreauxi,Leptotila rufaxilla,Leptotila rufaxilla,Leptotila verreauxi,Leptotila verreauxi,Leptotila verreauxi,Leptotila verreauxi,Leptotila,Columbidae,1,Bajo
1207,Leptotila verreauxi,Manacus manacus,Cyanocorax chrysops,Cyanocorax chrysops,Cyanocorax chrysops,Manacus manacus,Manacus manacus,Pyriglena leucoptera,Cyanocorax chrysops,Cyanocorax chrysops,Cyanocorax chrysops,Manacus manacus,Leptotila,Columbidae,1,Bajo
1209,Leptotila verreauxi,Leptotila rufaxilla,Geotrygon montana,Geotrygon montana,Leptotila rufaxilla,Leptotila verreauxi,Leptotila rufaxilla,Aramides saracura,Geotrygon montana,Geotrygon montana,Geotrygon montana,Leptotila rufaxilla,Leptotila,Columbidae,1,Bajo
1211,Leptotila verreauxi,Leptotila rufaxilla,Leptotila verreauxi,Leptotila verreauxi,Leptotila verreauxi,Leptotila verreauxi,Leptotila verreauxi,Leptotila rufaxilla,Leptotila verreauxi,Leptotila verreauxi,Leptotila verreauxi,Leptotila rufaxilla,Leptotila,Columbidae,1,Bajo
1215,Leptotila verreauxi,Pipile jacutinga,Cyanoloxia brissonii,Cyanoloxia brissonii,Amazona vinacea,Pipile jacutinga,Pipile jacutinga,Pipile jacutinga,Cyanoloxia brissonii,Cyanoloxia brissonii,Cyanoloxia brissonii,Pipile jacutinga,Leptotila,Columbidae,1,Bajo
1216,Leptotila verreauxi,Notharchus swainsoni,Geotrygon montana,Cyanocorax chrysops,Celeus galeatus,Leptotila rufaxilla,Cyanocorax chrysops,Cyanocorax chrysops,Geotrygon montana,Geotrygon montana,Geotrygon montana,Notharchus swainsoni,Leptotila,Columbidae,1,Bajo
1217,Leptotila verreauxi,Aramides saracura,Turdus rufiventris,Leptotila rufaxilla,Leptotila rufaxilla,Aramides saracura,Aramides saracura,Aramides saracura,Turdus rufiventris,Turdus rufiventris,Turdus rufiventris,Aramides saracura,Leptotila,Columbidae,1,Bajo
1218,Leptotila verreauxi,Leptotila rufaxilla,Leptotila verreauxi,Leptotila rufaxilla,Leptotila rufaxilla,Leptotila rufaxilla,Leptotila rufaxilla,Leptotila rufaxilla,Leptotila verreauxi,Leptotila verreauxi,Leptotila verreauxi,Leptotila rufaxilla,Leptotila,Columbidae,1,Bajo
1219,Leptotila verreauxi,Leptotila verreauxi,Leptotila rufaxilla,Leptotila rufaxilla,Leptotila rufaxilla,Leptotila verreauxi,Leptotila verreauxi,Geotrygon montana,Leptotila rufaxilla,Leptotila rufaxilla,Leptotila rufaxilla,Leptotila verreauxi,Leptotila,Columbidae,1,Bajo
1220,Leptotila verreauxi,Leptotila rufaxilla,Tinamus solitarius,Geotrygon montana,Leptotila rufaxilla,Leptotila verreauxi,Leptotila rufaxilla,Nyctidromus albicollis,Tinamus solitarius,Tinamus solitarius,Tinamus solitarius,Leptotila rufaxilla,Leptotila,Columbidae,1,Bajo
1221,Leptotila verreauxi,Nyctidromus albicollis,Nyctidromus albicollis,Leptotila rufaxilla,Leptotila rufaxilla,Leptotila rufaxilla,Leptotila rufaxilla,Nyctidromus albicollis,Nyctidromus albicollis,Nyctidromus albicollis,Nyctidromus albicollis,Nyctidromus albicollis,Leptotila,Columbidae,1,Bajo
1223,Leptotila verreauxi,Leptotila rufaxilla,Crypturellus tataupa,Aramides saracura,Aramides saracura,Leptotila rufaxilla,Leptotila rufaxilla,Nothura maculosa,Crypturellus tataupa,Crypturellus tataupa,Crypturellus tataupa,Leptotila rufaxilla,Leptotila,Columbidae,1,Bajo
1224,Leptotila verreauxi,Turdus albicollis,Turdus albicollis,Celeus galeatus,Turdus albicollis,Leptotila verreauxi,Turdus albicollis,Turdus albicollis,Turdus albicollis,Turdus albicollis,Turdus albicollis,Turdus albicollis,Leptotila,Columbidae,1,Bajo
1225,Leptotila verreauxi,Aramides saracura,Aramides saracura,Aramides saracura,Crypturellus obsoletus,Leptotila verreauxi,Aramides saracura,Leptotila verreauxi,Aramides saracura,Aramides saracura,Aramides saracura,Aramides saracura,Leptotila,Columbidae,1,Bajo
1226,Leptotila verreauxi,Baryphthengus ruficapillus,Turdus rufiventris,Pipile jacutinga,Baryphthengus ruficapillus,Leptotila rufaxilla,Turdus albicollis,Turdus albicollis,Turdus rufiventris,Turdus rufiventris,Turdus rufiventris,Baryphthengus ruficapillus,Leptotila,Columbidae,1,Bajo
1227,Conopophaga lineata,Conopophaga lineata,Pyriglena leucoptera,Conopophaga lineata,Conopophaga lineata,Conopophaga lineata,Conopophaga lineata,Conopophaga lineata,Pyriglena leucoptera,Pyriglena leucoptera,Pyriglena leucoptera,Conopophaga lineata,Conopophaga,Conopophagidae,1,Bajo
1229,Conopophaga lineata,Cryptopezus nattereri,Cryptopezus nattereri,Conopophaga lineata,Conopophaga lineata,Conopophaga lineata,Conopophaga lineata,Conopophaga lineata,Cryptopezus nattereri,Cryptopezus nattereri,Cryptopezus nattereri,Cryptopezus nattereri,Conopophaga,Conopophagidae,1,Bajo
1230,Conopophaga lineata,Conopophaga lineata,Habia rubica,Conopophaga lineata,Conopophaga lineata,Conopophaga lineata,Conopophaga lineata,Conopophaga lineata,Habia rubica,Habia rubica,Habia rubica,Conopophaga lineata,Conopophaga,Conopophagidae,1,Bajo
1231,Conopophaga lineata,Turdus rufiventris,Lycalopex gymnocerca,Hydropsalis torquata,Hydropsalis torquata,Phrynops williamsi,Lontra longicaudis,Myiothlypis leucoblephara,Lycalopex gymnocerca,Lycalopex gymnocerca,Lycalopex gymnocerca,Turdus rufiventris,Conopophaga,Conopophagidae,1,Bajo
1232,Conopophaga lineata,Conopophaga lineata,Conopophaga lineata,Conopophaga lineata,Conopophaga lineata,Conopophaga lineata,Conopophaga lineata,Conopophaga lineata,Conopophaga lineata,Conopophaga lineata,Conopophaga lineata,Conopophaga lineata,Conopophaga,Conopophagidae,1,Bajo
1233,Conopophaga lineata,Conopophaga lineata,Habia rubica,Conopophaga lineata,Conopophaga lineata,Conopophaga lineata,Conopophaga lineata,Conopophaga lineata,Habia rubica,Habia rubica,Habia rubica,Conopophaga lineata,Conopophaga,Conopophagidae,1,Bajo
1234,Conopophaga lineata,Synallaxis ruficapilla,Synallaxis ruficapilla,Cyanoloxia brissonii,Habia rubica,Conopophaga lineata,Conopophaga lineata,Conopophaga lineata,Synallaxis ruficapilla,Synallaxis ruficapilla,Synallaxis ruficapilla,Synallaxis ruficapilla,Conopophaga,Conopophagidae,1,Bajo
1235,Conopophaga lineata,Conopophaga lineata vulgaris,Habia rubica,Habia rubica,Conopophaga lineata vulgaris,Sporophila pileata,Cyanoloxia brissonii,Mackenziaena severa,Habia rubica,Habia rubica,Habia rubica,Conopophaga lineata vulgaris,Conopophaga,Conopophagidae,1,Bajo
1236,Conopophaga lineata,Conopophaga lineata,Conopophaga lineata,Conopophaga lineata,Conopophaga lineata,Conopophaga lineata,Conopophaga lineata,Conopophaga lineata,Conopophaga lineata,Conopophaga lineata,Conopophaga lineata,Conopophaga lineata,Conopophaga,Conopophagidae,1,Bajo
1237,Conopophaga lineata,Turdus albicollis,Conopophaga lineata,Conopophaga lineata,Habia rubica,Turdus albicollis,Habia rubica,Turdus albicollis,Conopophaga lineata,Conopophaga lineata,Conopophaga lineata,Turdus albicollis,Conopophaga,Conopophagidae,1,Bajo
1238,Conopophaga lineata,Conopophaga lineata,Conopophaga lineata,Conopophaga lineata,Conopophaga lineata,Conopophaga lineata,Conopophaga lineata,Conopophaga lineata,Conopophaga lineata,Conopophaga lineata,Conopophaga lineata,Conopophaga lineata,Conopophaga,Conopophagidae,1,Bajo
1240,Conopophaga lineata,Conopophaga lineata,Conopophaga lineata,Conopophaga lineata,Conopophaga lineata,Conopophaga lineata,Conopophaga lineata,Conopophaga lineata,Conopophaga lineata,Conopophaga lineata,Conopophaga lineata,Conopophaga lineata,Conopophaga,Conopophagidae,1,Bajo
1241,Conopophaga lineata,Conopophaga lineata,Turdus rufiventris,Conopophaga lineata vulgaris,Conopophaga lineata vulgaris,Turdus albicollis,Habia rubica,Conopophaga lineata,Turdus rufiventris,Turdus rufiventris,Turdus rufiventris,Conopophaga lineata,Conopophaga,Conopophagidae,1,Bajo
1242,Conopophaga lineata,Conopophaga lineata,Conopophaga lineata,Conopophaga lineata,Conopophaga lineata,Conopophaga lineata,Conopophaga lineata,Conopophaga lineata,Conopophaga lineata,Conopophaga lineata,Conopophaga lineata,Conopophaga lineata,Conopophaga,Conopophagidae,1,Bajo
1244,Conopophaga lineata,Cryptopezus nattereri,Cryptopezus nattereri,Conopophaga lineata,Conopophaga lineata,Conopophaga lineata,Conopophaga lineata,Myiothlypis leucoblephara,Cryptopezus nattereri,Cryptopezus nattereri,Cryptopezus nattereri,Cryptopezus nattereri,Conopophaga,Conopophagidae,1,Bajo
1245,Conopophaga lineata,Pyriglena leucoptera,Mackenziaena severa,Mackenziaena severa,Conopophaga lineata,Baryphthengus ruficapillus,Habia rubica,Turdus albicollis,Mackenziaena severa,Mackenziaena severa,Mackenziaena severa,Pyriglena leucoptera,Conopophaga,Conopophagidae,1,Bajo
1247,Conopophaga lineata,Habia rubica,Tachyphonus coronatus,Conopophaga lineata,Conopophaga lineata,Conopophaga lineata,Habia rubica,Conopophaga lineata,Tachyphonus coronatus,Tachyphonus coronatus,Tachyphonus coronatus,Habia rubica,Conopophaga,Conopophagidae,1,Bajo
1248,Conopophaga lineata,Conopophaga lineata,Conopophaga lineata,Conopophaga lineata,Conopophaga lineata,Conopophaga lineata,Conopophaga lineata,Conopophaga lineata,Conopophaga lineata,Conopophaga lineata,Conopophaga lineata,Conopophaga lineata,Conopophaga,Conopophagidae,1,Bajo
1249,Conopophaga lineata,Conopophaga lineata,Conopophaga lineata vulgaris,Conopophaga lineata,Habia rubica,Conopophaga lineata,Conopophaga lineata,Conopophaga lineata,Conopophaga lineata vulgaris,Conopophaga lineata vulgaris,Conopophaga lineata vulgaris,Conopophaga lineata,Conopophaga,Conopophagidae,1,Bajo
1250,Conopophaga lineata,Synallaxis ruficapilla,Habia rubica,Chamaeza campanisona,Chamaeza campanisona,Conopophaga lineata,Conopophaga lineata,Conopophaga lineata,Habia rubica,Habia rubica,Habia rubica,Synallaxis ruficapilla,Conopophaga,Conopophagidae,1,Bajo
1252,Conopophaga lineata,Conopophaga lineata,Conopophaga lineata,Conopophaga lineata,Conopophaga lineata,Conopophaga lineata,Conopophaga lineata,Conopophaga lineata,Conopophaga lineata,Conopophaga lineata,Conopophaga lineata,Conopophaga lineata,Conopophaga,Conopophagidae,1,Bajo
1253,Conopophaga lineata,Conopophaga lineata vulgaris,Conopophaga lineata,Conopophaga lineata,Conopophaga lineata,Conopophaga lineata,Conopophaga lineata,Manacus manacus,Conopophaga lineata,Conopophaga lineata,Conopophaga lineata,Conopophaga lineata vulgaris,Conopophaga,Conopophagidae,1,Bajo
1254,Conopophaga lineata,Conopophaga lineata,Conopophaga lineata,Chamaeza campanisona,Habia rubica,Conopophaga lineata,Conopophaga lineata,Habia rubica,Conopophaga lineata,Conopophaga lineata,Conopophaga lineata,Conopophaga lineata,Conopophaga,Conopophagidae,1,Bajo
1256,Conopophaga lineata,Conopophaga lineata,Habia rubica,Habia rubica,Habia rubica,Conopophaga lineata,Habia rubica,Habia rubica,Habia rubica,Habia rubica,Habia rubica,Conopophaga lineata,Conopophaga,Conopophagidae,1,Bajo
1257,Conopophaga lineata,Conopophaga lineata,Conopophaga lineata,Conopophaga lineata,Conopophaga lineata,Conopophaga lineata,Conopophaga lineata,Cyanoloxia brissonii,Conopophaga lineata,Conopophaga lineata,Conopophaga lineata,Conopophaga lineata,Conopophaga,Conopophagidae,1,Bajo
1258,Conopophaga lineata,Conopophaga lineata,Turdus rufiventris,Pogonotriccus eximius,Habia rubica,Conopophaga lineata,Conopophaga lineata,Conopophaga lineata,Turdus rufiventris,Turdus rufiventris,Turdus rufiventris,Conopophaga lineata,Conopophaga,Conopophagidae,1,Bajo
1259,Conopophaga lineata,Grallaria varia,Turdus albicollis,Crypturellus tataupa,Chamaeza campanisona,Conopophaga lineata,Myiothlypis leucoblephara,Chamaeza campanisona,Turdus albicollis,Turdus albicollis,Turdus albicollis,Grallaria varia,Conopophaga,Conopophagidae,1,Bajo
1261,Conopophaga lineata,Conopophaga lineata,Conopophaga lineata,Conopophaga lineata,Conopophaga lineata,Conopophaga lineata,Conopophaga lineata,Conopophaga lineata,Conopophaga lineata,Conopophaga lineata,Conopophaga lineata,Conopophaga lineata,Conopophaga,Conopophagidae,1,Bajo
1262,Conopophaga lineata,Habia rubica,Turdus albicollis,Conopophaga lineata,Conopophaga lineata,Habia rubica,Habia rubica,Turdus albicollis,Turdus albicollis,Turdus albicollis,Turdus albicollis,Habia rubica,Conopophaga,Conopophagidae,1,Bajo
1263,Conopophaga lineata,Conopophaga lineata,Myiothlypis leucoblephara,Conopophaga lineata,Conopophaga lineata,Conopophaga lineata,Conopophaga lineata,Conopophaga lineata,Myiothlypis leucoblephara,Myiothlypis leucoblephara,Myiothlypis leucoblephara,Conopophaga lineata,Conopophaga,Conopophagidae,1,Bajo
1264,Conopophaga lineata,Conopophaga lineata,Habia rubica,Conopophaga lineata vulgaris,Habia rubica,Manacus manacus,Conopophaga lineata,Conopophaga lineata,Habia rubica,Habia rubica,Habia rubica,Conopophaga lineata,Conopophaga,Conopophagidae,1,Bajo
1266,Conopophaga lineata,Penelope superciliaris,Cerdocyon thous,Cerdocyon thous,Penelope superciliaris,Eira barbara,Penelope superciliaris,Penelope superciliaris,Cerdocyon thous,Cerdocyon thous,Cerdocyon thous,Penelope superciliaris,Conopophaga,Conopophagidae,1,Bajo
1267,Conopophaga lineata,Conopophaga lineata,Habia rubica,Conopophaga lineata,Conopophaga lineata,Conopophaga lineata,Conopophaga lineata,Conopophaga lineata,Habia rubica,Habia rubica,Habia rubica,Conopophaga lineata,Conopophaga,Conopophagidae,1,Bajo
1268,Conopophaga lineata,Conopophaga lineata,Conopophaga lineata,Conopophaga lineata,Conopophaga lineata,Conopophaga lineata,Conopophaga lineata,Conopophaga lineata,Conopophaga lineata,Conopophaga lineata,Conopophaga lineata,Conopophaga lineata,Conopophaga,Conopophagidae,1,Bajo
1270,Conopophaga lineata,Crypturellus tataupa,Turdus albicollis,Crypturellus tataupa,Crypturellus obsoletus,Pyriglena leucoptera,Aramides saracura,Crypturellus tataupa,Turdus albicollis,Turdus albicollis,Turdus albicollis,Crypturellus tataupa,Conopophaga,Conopophagidae,1,Bajo
1271,Conopophaga lineata,Conopophaga lineata,Conopophaga lineata,Conopophaga lineata,Conopophaga lineata,Conopophaga lineata,Conopophaga lineata,Conopophaga lineata,Conopophaga lineata,Conopophaga lineata,Conopophaga lineata,Conopophaga lineata,Conopophaga,Conopophagidae,1,Bajo
1272,Conopophaga lineata,Biatas nigropectus,Biatas nigropectus,Biatas nigropectus,Biatas nigropectus,Biatas nigropectus,Turdus albicollis,Biatas nigropectus,Biatas nigropectus,Biatas nigropectus,Biatas nigropectus,Biatas nigropectus,Conopophaga,Conopophagidae,1,Bajo
1273,Conopophaga lineata,Conopophaga lineata,Habia rubica,Habia rubica,Habia rubica,Manacus manacus,Habia rubica,Conopophaga lineata,Habia rubica,Habia rubica,Habia rubica,Conopophaga lineata,Conopophaga,Conopophagidae,1,Bajo
1274,Conopophaga lineata,Conopophaga lineata,Pyriglena leucoptera,Conopophaga lineata,Conopophaga lineata,Conopophaga lineata,Conopophaga lineata,Conopophaga lineata,Pyriglena leucoptera,Pyriglena leucoptera,Pyriglena leucoptera,Conopophaga lineata,Conopophaga,Conopophagidae,1,Bajo
1275,Conopophaga lineata,Biatas nigropectus,Conopophaga lineata,Baryphthengus ruficapillus,Baryphthengus ruficapillus,Conopophaga lineata,Habia rubica,Synallaxis ruficapilla,Conopophaga lineata,Conopophaga lineata,Conopophaga lineata,Biatas nigropectus,Conopophaga,Conopophagidae,1,Bajo
1276,Conopophaga lineata,Penelope superciliaris,Hypoedaleus guttatus,Dasypus novemcinctus,Dasypus novemcinctus,Hypoedaleus guttatus,Aramides saracura,Aramides saracura,Hypoedaleus guttatus,Hypoedaleus guttatus,Hypoedaleus guttatus,Penelope superciliaris,Conopophaga,Conopophagidae,1,Bajo
1277,Conopophaga lineata,Conopophaga lineata,Conopophaga lineata,Conopophaga lineata,Conopophaga lineata,Conopophaga lineata,Conopophaga lineata,Conopophaga lineata,Conopophaga lineata,Conopophaga lineata,Conopophaga lineata,Conopophaga lineata,Conopophaga,Conopophagidae,1,Bajo
1278,Conopophaga lineata,Conopophaga lineata,Conopophaga lineata,Conopophaga lineata,Conopophaga lineata,Conopophaga lineata,Conopophaga lineata,Habia rubica,Conopophaga lineata,Conopophaga lineata,Conopophaga lineata,Conopophaga lineata,Conopophaga,Conopophagidae,1,Bajo
1279,Conopophaga lineata,Conopophaga lineata,Chamaeza campanisona,Chamaeza campanisona,Conopophaga lineata,Conopophaga lineata,Conopophaga lineata,Conopophaga lineata,Chamaeza campanisona,Chamaeza campanisona,Chamaeza campanisona,Conopophaga lineata,Conopophaga,Conopophagidae,1,Bajo
1280,Conopophaga lineata,Chamaeza campanisona,Synallaxis ruficapilla,Chamaeza campanisona,Chamaeza campanisona,Conopophaga lineata,Conopophaga lineata,Conopophaga lineata,Synallaxis ruficapilla,Synallaxis ruficapilla,Synallaxis ruficapilla,Chamaeza campanisona,Conopophaga,Conopophagidae,1,Bajo
1284,Conopophaga lineata,Conopophaga lineata,Conopophaga lineata,Conopophaga lineata,Habia rubica,Conopophaga lineata,Conopophaga lineata,Habia rubica,Conopophaga lineata,Conopophaga lineata,Conopophaga lineata,Conopophaga lineata,Conopophaga,Conopophagidae,1,Bajo
1285,Conopophaga lineata,Conopophaga lineata,Conopophaga lineata,Conopophaga lineata,Conopophaga lineata,Conopophaga lineata,Conopophaga lineata,Conopophaga lineata,Conopophaga lineata,Conopophaga lineata,Conopophaga lineata,Conopophaga lineata,Conopophaga,Conopophagidae,1,Bajo
1286,Conopophaga lineata,Pyriglena leucoptera,Myiothlypis leucoblephara,Baryphthengus ruficapillus,Baryphthengus ruficapillus,Conopophaga lineata,Habia rubica,Pyriglena leucoptera,Myiothlypis leucoblephara,Myiothlypis leucoblephara,Myiothlypis leucoblephara,Pyriglena leucoptera,Conopophaga,Conopophagidae,1,Bajo
1288,Conopophaga lineata,Conopophaga lineata,Conopophaga lineata,Conopophaga lineata,Conopophaga lineata,Conopophaga lineata,Conopophaga lineata,Conopophaga lineata,Conopophaga lineata,Conopophaga lineata,Conopophaga lineata,Conopophaga lineata,Conopophaga,Conopophagidae,1,Bajo
1289,Conopophaga lineata,Grallaria varia,Myiothlypis leucoblephara,Grallaria varia,Myiothlypis leucoblephara,Nyctidromus albicollis,Myiothlypis leucoblephara,Myiothlypis leucoblephara,Myiothlypis leucoblephara,Myiothlypis leucoblephara,Myiothlypis leucoblephara,Grallaria varia,Conopophaga,Conopophagidae,1,Bajo
1290,Conopophaga lineata,Conopophaga lineata,Conopophaga lineata,Conopophaga lineata,Conopophaga lineata,Conopophaga lineata,Conopophaga lineata,Conopophaga lineata,Conopophaga lineata,Conopophaga lineata,Conopophaga lineata,Conopophaga lineata,Conopophaga,Conopophagidae,1,Bajo
1291,Conopophaga lineata,Conopophaga lineata vulgaris,Habia rubica,Biatas nigropectus,Biatas nigropectus,Sporophila pileata,Cyanoloxia brissonii,Biatas nigropectus,Habia rubica,Habia rubica,Habia rubica,Conopophaga lineata vulgaris,Conopophaga,Conopophagidae,1,Bajo
1292,Conopophaga lineata,Conopophaga lineata,Habia rubica,Conopophaga lineata,Conopophaga lineata,Conopophaga lineata,Conopophaga lineata,Conopophaga lineata,Habia rubica,Habia rubica,Habia rubica,Conopophaga lineata,Conopophaga,Conopophagidae,1,Bajo
1294,Conopophaga lineata,Conopophaga lineata,Synallaxis ruficapilla,Conopophaga lineata vulgaris,Habia rubica,Conopophaga lineata,Conopophaga lineata,Conopophaga lineata,Synallaxis ruficapilla,Synallaxis ruficapilla,Synallaxis ruficapilla,Conopophaga lineata,Conopophaga,Conopophagidae,1,Bajo
1295,Conopophaga lineata,Conopophaga lineata,Habia rubica,Habia rubica,Habia rubica,Conopophaga lineata,Conopophaga lineata,Manacus manacus,Habia rubica,Habia rubica,Habia rubica,Conopophaga lineata,Conopophaga,Conopophagidae,1,Bajo
1296,Conopophaga lineata,Penelope superciliaris,Alouatta guariba clamitans,Alouatta guariba clamitans,Alouatta guariba clamitans,Habia rubica,Penelope superciliaris,Alouatta guariba clamitans,Alouatta guariba clamitans,Alouatta guariba clamitans,Alouatta guariba clamitans,Penelope superciliaris,Conopophaga,Conopophagidae,1,Bajo
1299,Conopophaga lineata vulgaris,Conopophaga lineata,Synallaxis ruficapilla,Conopophaga lineata vulgaris,Conopophaga lineata,Conopophaga lineata,Conopophaga lineata,Conopophaga lineata,Synallaxis ruficapilla,Synallaxis ruficapilla,Synallaxis ruficapilla,Conopophaga lineata,Conopophaga,Conopophagidae,1,Bajo
1301,Cyanocorax chrysops,Notharchus swainsoni,Amazona aestiva,Amazona aestiva,Notharchus swainsoni,Notharchus swainsoni,Notharchus swainsoni,Notharchus swainsoni,Amazona aestiva,Amazona aestiva,Amazona aestiva,Notharchus swainsoni,Cyanocorax,Corvidae,1,Bajo
1302,Cyanocorax chrysops,Cyanocorax chrysops,Cyanocorax chrysops,Cyanocorax chrysops,Cyanocorax chrysops,Cyanocorax chrysops,Cyanocorax chrysops,Biatas nigropectus,Cyanocorax chrysops,Cyanocorax chrysops,Cyanocorax chrysops,Cyanocorax chrysops,Cyanocorax,Corvidae,1,Bajo
1303,Cyanocorax chrysops,Cyanocorax chrysops,Cyanocorax chrysops,Cyanocorax chrysops,Cyanocorax chrysops,Pipile jacutinga,Pipile jacutinga,Cyanocorax chrysops,Cyanocorax chrysops,Cyanocorax chrysops,Cyanocorax chrysops,Cyanocorax chrysops,Cyanocorax,Corvidae,1,Bajo
1304,Cyanocorax chrysops,Sapajus nigritus,Sapajus nigritus,Alouatta guariba,Alouatta guariba,Sapajus nigritus,Penelope superciliaris,Sapajus nigritus,Sapajus nigritus,Sapajus nigritus,Sapajus nigritus,Sapajus nigritus,Cyanocorax,Corvidae,1,Bajo
1305,Cyanocorax chrysops,Penelope superciliaris,Penelope superciliaris,Dasypus novemcinctus,Aramides saracura,Dasypus novemcinctus,Aramides saracura,Crypturellus tataupa,Penelope superciliaris,Penelope superciliaris,Penelope superciliaris,Penelope superciliaris,Cyanocorax,Corvidae,1,Bajo
1307,Cyanocorax chrysops,Alouatta guariba,Alouatta guariba clamitans,Alouatta guariba clamitans,Alouatta guariba clamitans,Cyanocorax chrysops,Sapajus nigritus,Alouatta guariba clamitans,Alouatta guariba clamitans,Alouatta guariba clamitans,Alouatta guariba clamitans,Alouatta guariba,Cyanocorax,Corvidae,1,Bajo
1308,Cyanocorax chrysops,Cyanocorax chrysops,Cyanocorax chrysops,Cyanocorax chrysops,Cyanocorax chrysops,Cyanocorax chrysops,Penelope superciliaris,Aramides saracura,Cyanocorax chrysops,Cyanocorax chrysops,Cyanocorax chrysops,Cyanocorax chrysops,Cyanocorax,Corvidae,1,Bajo
1309,Cyanocorax chrysops,Brotogeris chiriri,Cyanoloxia brissonii,Brotogeris chiriri,Amazona aestiva,Cyanocorax chrysops,Brotogeris chiriri,Brotogeris chiriri,Cyanoloxia brissonii,Cyanoloxia brissonii,Cyanoloxia brissonii,Brotogeris chiriri,Cyanocorax,Corvidae,1,Bajo
1310,Cyanocorax chrysops,Cyanocorax chrysops,Cyanocorax chrysops,Baryphthengus ruficapillus,Cyanocorax chrysops,Cyanocorax chrysops,Cyanocorax chrysops,Cyanocorax chrysops,Cyanocorax chrysops,Cyanocorax chrysops,Cyanocorax chrysops,Cyanocorax chrysops,Cyanocorax,Corvidae,1,Bajo
1311,Cyanocorax chrysops,Pipile jacutinga,Baryphthengus ruficapillus,Baryphthengus ruficapillus,Amazona vinacea,Pipile jacutinga,Pipile jacutinga,Pipile jacutinga,Baryphthengus ruficapillus,Baryphthengus ruficapillus,Baryphthengus ruficapillus,Pipile jacutinga,Cyanocorax,Corvidae,1,Bajo
1312,Cyanocorax chrysops,Cyanocorax chrysops,Baryphthengus ruficapillus,Baryphthengus ruficapillus,Baryphthengus ruficapillus,Cyanocorax chrysops,Cyanocorax chrysops,Cyanocorax chrysops,Baryphthengus ruficapillus,Baryphthengus ruficapillus,Baryphthengus ruficapillus,Cyanocorax chrysops,Cyanocorax,Corvidae,1,Bajo
1313,Cyanocorax chrysops,Cyanocorax chrysops,Penelope superciliaris,Penelope superciliaris,Penelope superciliaris,Cyanocorax chrysops,Penelope superciliaris,Cyanocorax chrysops,Penelope superciliaris,Penelope superciliaris,Penelope superciliaris,Cyanocorax chrysops,Cyanocorax,Corvidae,1,Bajo
1314,Cyanocorax chrysops,Amazona aestiva,Sapajus nigritus,Leptotila verreauxi,Brotogeris chiriri,Amazona aestiva,Amazona aestiva,Sapajus nigritus,Sapajus nigritus,Sapajus nigritus,Sapajus nigritus,Amazona aestiva,Cyanocorax,Corvidae,1,Bajo
1315,Cyanocorax chrysops,Cyanocorax chrysops,Cyanocorax chrysops,Cyanocorax chrysops,Cyanocorax chrysops,Cyanocorax chrysops,Cyanocorax chrysops,Cyanocorax chrysops,Cyanocorax chrysops,Cyanocorax chrysops,Cyanocorax chrysops,Cyanocorax chrysops,Cyanocorax,Corvidae,1,Bajo
1316,Cyanocorax chrysops,Brotogeris chiriri,Cyanocorax chrysops,Alouatta caraya,Alouatta caraya,Cyanocorax chrysops,Brotogeris chiriri,Brotogeris chiriri,Cyanocorax chrysops,Cyanocorax chrysops,Cyanocorax chrysops,Brotogeris chiriri,Cyanocorax,Corvidae,1,Bajo
1317,Cyanocorax chrysops,Cyanocorax chrysops,Notharchus swainsoni,Cyanocorax chrysops,Cyanocorax chrysops,Cyanocorax chrysops,Cyanocorax chrysops,Selenidera maculirostris,Notharchus swainsoni,Notharchus swainsoni,Notharchus swainsoni,Cyanocorax chrysops,Cyanocorax,Corvidae,1,Bajo
1319,Cyanocorax chrysops,Cyanocorax chrysops,Cyanoloxia brissonii,Cyanoloxia brissonii,Baryphthengus ruficapillus,Cyanocorax chrysops,Pipile jacutinga,Cyanoloxia brissonii,Cyanoloxia brissonii,Cyanoloxia brissonii,Cyanoloxia brissonii,Cyanocorax chrysops,Cyanocorax,Corvidae,1,Bajo
1320,Cyanocorax chrysops,Canis familiaris,Lontra longicaudis,Lontra longicaudis,Lontra longicaudis,Cyanocorax chrysops,Salvator merianae,Nasua nasua,Lontra longicaudis,Lontra longicaudis,Lontra longicaudis,Canis familiaris,Cyanocorax,Corvidae,1,Bajo
1321,Cyanocorax chrysops,Cyanocorax chrysops,Cyanocorax chrysops,Cyanocorax chrysops,Cyanocorax chrysops,Cyanocorax chrysops,Cyanocorax chrysops,Cyanocorax chrysops,Cyanocorax chrysops,Cyanocorax chrysops,Cyanocorax chrysops,Cyanocorax chrysops,Cyanocorax,Corvidae,1,Bajo
1322,Cyanocorax chrysops,Selenidera maculirostris,Selenidera maculirostris,Selenidera maculirostris,Selenidera maculirostris,Selenidera maculirostris,Selenidera maculirostris,Cyanoloxia brissonii,Selenidera maculirostris,Selenidera maculirostris,Selenidera maculirostris,Selenidera maculirostris,Cyanocorax,Corvidae,1,Bajo
1323,Cyanocorax chrysops,Cyanocorax chrysops,Cyanocorax chrysops,Cyanocorax chrysops,Cyanocorax chrysops,Cyanocorax chrysops,Cyanocorax chrysops,Cyanocorax chrysops,Cyanocorax chrysops,Cyanocorax chrysops,Cyanocorax chrysops,Cyanocorax chrysops,Cyanocorax,Corvidae,1,Bajo
1324,Cyanocorax chrysops,Pipile jacutinga,Cyanoloxia brissonii,Baryphthengus ruficapillus,Alouatta guariba,Cyanocorax chrysops,Pipile jacutinga,Sapajus nigritus,Cyanoloxia brissonii,Cyanoloxia brissonii,Cyanoloxia brissonii,Pipile jacutinga,Cyanocorax,Corvidae,1,Bajo
1326,Cyanocorax chrysops,Cyanocorax chrysops,Cyanocorax chrysops,Cyanocorax chrysops,Cyanocorax chrysops,Cyanocorax chrysops,Cyanocorax chrysops,Cyanocorax chrysops,Cyanocorax chrysops,Cyanocorax chrysops,Cyanocorax chrysops,Cyanocorax chrysops,Cyanocorax,Corvidae,1,Bajo
1327,Cyanocorax chrysops,Amazona vinacea,Amazona vinacea,Amazona vinacea,Alouatta guariba,Amazona vinacea,Amazona vinacea,Alouatta guariba clamitans,Amazona vinacea,Amazona vinacea,Amazona vinacea,Axis axis,Cyanocorax,Corvidae,1,Bajo
1328,Cyanocorax chrysops,Turdus rufiventris,Leptotila rufaxilla,Baryphthengus ruficapillus,Baryphthengus ruficapillus,Cyanocorax chrysops,Cyanocorax chrysops,Canis familiaris,Leptotila rufaxilla,Leptotila rufaxilla,Leptotila rufaxilla,Turdus rufiventris,Cyanocorax,Corvidae,1,Bajo
1329,Cyanocorax chrysops,Cyanocorax chrysops,Cyanocorax chrysops,Alouatta guariba clamitans,Cyanocorax chrysops,Cyanocorax chrysops,Cyanocorax chrysops,Cyanocorax chrysops,Cyanocorax chrysops,Cyanocorax chrysops,Cyanocorax chrysops,Cyanocorax chrysops,Cyanocorax,Corvidae,1,Bajo
1332,Cyanocorax chrysops,Leptotila rufaxilla,Tachyphonus coronatus,Crypturellus obsoletus,Crypturellus obsoletus,Cyanocorax chrysops,Leptotila rufaxilla,Leptotila verreauxi,Tachyphonus coronatus,Tachyphonus coronatus,Tachyphonus coronatus,Leptotila rufaxilla,Cyanocorax,Corvidae,1,Bajo
1334,Cyanocorax chrysops,Cyanoloxia brissonii,Pyriglena leucoptera,Cyanoloxia brissonii,Pyriglena leucoptera,Cyanoloxia brissonii,Cyanoloxia brissonii,Cyanoloxia brissonii,Pyriglena leucoptera,Pyriglena leucoptera,Pyriglena leucoptera,Cyanoloxia brissonii,Cyanocorax,Corvidae,1,Bajo
1335,Cyanocorax chrysops,Cyanocorax chrysops,Cyanocorax chrysops,Cyanocorax chrysops,Cyanocorax chrysops,Cyanocorax chrysops,Cyanocorax chrysops,Cyanocorax chrysops,Cyanocorax chrysops,Cyanocorax chrysops,Cyanocorax chrysops,Cyanocorax chrysops,Cyanocorax,Corvidae,1,Bajo
1336,Cyanocorax chrysops,Cyanocorax chrysops,Cyanocorax chrysops,Cyanocorax chrysops,Cyanocorax chrysops,Cyanocorax chrysops,Brotogeris chiriri,Cyanocorax chrysops,Cyanocorax chrysops,Cyanocorax chrysops,Cyanocorax chrysops,Cyanocorax chrysops,Cyanocorax,Corvidae,1,Bajo
1339,Cyanocorax chrysops,Cyanocorax chrysops,Penelope superciliaris,Penelope superciliaris,Penelope superciliaris,Cyanocorax chrysops,Cyanocorax chrysops,Cyanocorax chrysops,Penelope superciliaris,Penelope superciliaris,Penelope superciliaris,Cyanocorax chrysops,Cyanocorax,Corvidae,1,Bajo
1340,Cyanocorax chrysops,Cyanocorax chrysops,Cyanocorax chrysops,Cyanocorax chrysops,Cyanocorax chrysops,Cyanocorax chrysops,Cyanocorax chrysops,Cyanocorax chrysops,Cyanocorax chrysops,Cyanocorax chrysops,Cyanocorax chrysops,Cyanocorax chrysops,Cyanocorax,Corvidae,1,Bajo
1341,Cyanocorax chrysops,Cyanocorax chrysops,Cyanocorax chrysops,Cyanocorax chrysops,Cyanocorax chrysops,Cyanocorax chrysops,Cyanocorax chrysops,Cyanocorax chrysops,Cyanocorax chrysops,Cyanocorax chrysops,Cyanocorax chrysops,Cyanocorax chrysops,Cyanocorax,Corvidae,1,Bajo
1344,Cyanocorax chrysops,Cyanocorax chrysops,Cyanocorax chrysops,Cyanocorax chrysops,Cyanocorax chrysops,Cyanocorax chrysops,Cyanocorax chrysops,Cyanocorax chrysops,Cyanocorax chrysops,Cyanocorax chrysops,Cyanocorax chrysops,Cyanocorax chrysops,Cyanocorax,Corvidae,1,Bajo
1345,Cyanocorax chrysops,Cyanocorax chrysops,Cyanocorax chrysops,Cyanocorax chrysops,Cyanocorax chrysops,Cyanocorax chrysops,Cyanocorax chrysops,Cyanocorax chrysops,Cyanocorax chrysops,Cyanocorax chrysops,Cyanocorax chrysops,Cyanocorax chrysops,Cyanocorax,Corvidae,1,Bajo
1346,Cyanocorax chrysops,Cyanocorax chrysops,Pipile jacutinga,Cyanocorax chrysops,Cyanocorax chrysops,Cyanocorax chrysops,Cyanocorax chrysops,Cyanocorax chrysops,Pipile jacutinga,Pipile jacutinga,Pipile jacutinga,Cyanocorax chrysops,Cyanocorax,Corvidae,1,Bajo
1347,Cyanocorax chrysops,Cyanocorax chrysops,Cyanocorax chrysops,Cyanocorax chrysops,Cyanocorax chrysops,Cyanocorax chrysops,Cyanocorax chrysops,Cyanocorax chrysops,Cyanocorax chrysops,Cyanocorax chrysops,Cyanocorax chrysops,Cyanocorax chrysops,Cyanocorax,Corvidae,1,Bajo
1348,Cyanocorax chrysops,Cyanocorax chrysops,Cyanocorax chrysops,Cyanocorax chrysops,Cyanocorax chrysops,Cyanocorax chrysops,Cyanocorax chrysops,Cyanocorax chrysops,Cyanocorax chrysops,Cyanocorax chrysops,Cyanocorax chrysops,Cyanocorax chrysops,Cyanocorax,Corvidae,1,Bajo
1349,Cyanocorax chrysops,Cyanocorax chrysops,Selenidera maculirostris,Cyanocorax chrysops,Selenidera maculirostris,Cyanocorax chrysops,Cyanocorax chrysops,Cyanocorax chrysops,Selenidera maculirostris,Selenidera maculirostris,Selenidera maculirostris,Cyanocorax chrysops,Cyanocorax,Corvidae,1,Bajo
1350,Cyanocorax chrysops,Brotogeris chiriri,Turdus albicollis,Cyanoloxia brissonii,Selenidera maculirostris,Cyanocorax chrysops,Brotogeris chiriri,Selenidera maculirostris,Turdus albicollis,Turdus albicollis,Turdus albicollis,Brotogeris chiriri,Cyanocorax,Corvidae,1,Bajo
1351,Cyanocorax chrysops,Cyanocorax chrysops,Cyanocorax chrysops,Alouatta guariba clamitans,Cyanocorax chrysops,Cyanocorax chrysops,Cyanocorax chrysops,Alouatta guariba,Cyanocorax chrysops,Cyanocorax chrysops,Cyanocorax chrysops,Cyanocorax chrysops,Cyanocorax,Corvidae,1,Bajo
1352,Cyanocorax chrysops,Hypoedaleus guttatus,Cyanocorax chrysops,Cyanocorax chrysops,Cyanocorax chrysops,Cyanocorax chrysops,Cyanocorax chrysops,Brotogeris chiriri,Cyanocorax chrysops,Cyanocorax chrysops,Cyanocorax chrysops,Hypoedaleus guttatus,Cyanocorax,Corvidae,1,Bajo
1353,Cyanocorax chrysops,Cyanocorax chrysops,Cyanocorax chrysops,Cyanocorax chrysops,Cyanocorax chrysops,Cyanocorax chrysops,Cyanocorax chrysops,Cyanocorax chrysops,Cyanocorax chrysops,Cyanocorax chrysops,Cyanocorax chrysops,Cyanocorax chrysops,Cyanocorax,Corvidae,1,Bajo
1354,Cyanocorax chrysops,Cyanocorax chrysops,Cyanocorax chrysops,Cyanocorax chrysops,Cyanocorax chrysops,Cyanocorax chrysops,Cyanocorax chrysops,Cyanocorax chrysops,Cyanocorax chrysops,Cyanocorax chrysops,Cyanocorax chrysops,Cyanocorax chrysops,Cyanocorax,Corvidae,1,Bajo
1357,Cyanocorax chrysops,Cyanocorax chrysops,Cyanocorax chrysops,Cyanocorax chrysops,Cyanocorax chrysops,Cyanocorax chrysops,Cyanocorax chrysops,Cyanocorax chrysops,Cyanocorax chrysops,Cyanocorax chrysops,Cyanocorax chrysops,Cyanocorax chrysops,Cyanocorax,Corvidae,1,Bajo
1358,Cyanocorax chrysops,Cyanocorax chrysops,Notharchus swainsoni,Cyanocorax chrysops,Cyanocorax chrysops,Cyanocorax chrysops,Cyanocorax chrysops,Cyanocorax chrysops,Notharchus swainsoni,Notharchus swainsoni,Notharchus swainsoni,Cyanocorax chrysops,Cyanocorax,Corvidae,1,Bajo
1359,Cyanocorax chrysops,Cyanocorax chrysops,Penelope superciliaris,Cyanocorax chrysops,Cyanocorax chrysops,Cyanocorax chrysops,Cyanocorax chrysops,Pipile jacutinga,Penelope superciliaris,Penelope superciliaris,Penelope superciliaris,Cyanocorax chrysops,Cyanocorax,Corvidae,1,Bajo
1360,Cyanocorax chrysops,Cyanocorax chrysops,Cyanocorax chrysops,Cyanocorax chrysops,Cyanocorax chrysops,Cyanocorax chrysops,Cyanocorax chrysops,Cyanocorax chrysops,Cyanocorax chrysops,Cyanocorax chrysops,Cyanocorax chrysops,Cyanocorax chrysops,Cyanocorax,Corvidae,1,Bajo
1361,Cyanocorax chrysops,Salvator merianae,Cyanocorax chrysops,Crypturellus tataupa,Crypturellus tataupa,Cyanocorax chrysops,Cyanocorax chrysops,Nyctidromus albicollis,Cyanocorax chrysops,Cyanocorax chrysops,Cyanocorax chrysops,Salvator merianae,Cyanocorax,Corvidae,1,Bajo
1362,Cyanocorax chrysops,Turdus rufiventris,Cyanocorax chrysops,Baryphthengus ruficapillus,Cyanocorax chrysops,Cyanocorax chrysops,Cyanocorax chrysops,Cyanocorax chrysops,Cyanocorax chrysops,Cyanocorax chrysops,Cyanocorax chrysops,Cyanocorax chrysops,Cyanocorax,Corvidae,1,Bajo
1364,Cyanocorax chrysops,Cyanocorax chrysops,Cyanocorax chrysops,Cyanocorax chrysops,Cyanocorax chrysops,Cyanocorax chrysops,Cyanocorax chrysops,Cyanocorax chrysops,Cyanocorax chrysops,Cyanocorax chrysops,Cyanocorax chrysops,Cyanocorax chrysops,Cyanocorax,Corvidae,1,Bajo
1365,Cyanocorax chrysops,Cyanocorax chrysops,Selenidera maculirostris,Cyanocorax chrysops,Cyanocorax chrysops,Cyanocorax chrysops,Cyanocorax chrysops,Sapajus nigritus,Selenidera maculirostris,Selenidera maculirostris,Selenidera maculirostris,Cyanocorax chrysops,Cyanocorax,Corvidae,1,Bajo
1366,Cyanocorax chrysops,Cyanocorax chrysops,Mackenziaena severa,Celeus galeatus,Cyanocorax chrysops,Cyanocorax chrysops,Cyanocorax chrysops,Selenidera maculirostris,Mackenziaena severa,Mackenziaena severa,Mackenziaena severa,Cyanocorax chrysops,Cyanocorax,Corvidae,1,Bajo
1367,Cyanocorax chrysops,Cyanoloxia brissonii,Penelope superciliaris,Penelope superciliaris,Penelope superciliaris,Tachyphonus coronatus,Cyanoloxia brissonii,Baryphthengus ruficapillus,Penelope superciliaris,Penelope superciliaris,Penelope superciliaris,Cyanoloxia brissonii,Cyanocorax,Corvidae,1,Bajo
1368,Cyanocorax chrysops,Selenidera maculirostris,Cyanocorax chrysops,Cyanocorax chrysops,Cyanocorax chrysops,Cyanocorax chrysops,Selenidera maculirostris,Notharchus swainsoni,Cyanocorax chrysops,Cyanocorax chrysops,Cyanocorax chrysops,Selenidera maculirostris,Cyanocorax,Corvidae,1,Bajo
1369,Cyanocorax chrysops,Cyanocorax chrysops,Cyanocorax chrysops,Cyanocorax chrysops,Cyanocorax chrysops,Cyanocorax chrysops,Cyanocorax chrysops,Cyanocorax chrysops,Cyanocorax chrysops,Cyanocorax chrysops,Cyanocorax chrysops,Cyanocorax chrysops,Cyanocorax,Corvidae,1,Bajo
1370,Crax fasciolata,Crax fasciolata,Crax fasciolata,Baryphthengus ruficapillus,Baryphthengus ruficapillus,Crax fasciolata,Eira barbara,Crax fasciolata,Crax fasciolata,Crax fasciolata,Crax fasciolata,Crax fasciolata,Crax,Cracidae,4,Alto
1372,Crax fasciolata,Crax fasciolata,Leptotila verreauxi,Crax fasciolata,Crax fasciolata,Pipile jacutinga,Pipile jacutinga,Aramides saracura,Leptotila verreauxi,Leptotila verreauxi,Leptotila verreauxi,Crax fasciolata,Crax,Cracidae,4,Alto
1373,Crax fasciolata,Crax fasciolata,Crypturellus tataupa,Crax fasciolata,Odontophorus capueira capueira,Crax fasciolata,Tinamus solitarius,Dasypus novemcinctus,Crypturellus tataupa,Crypturellus tataupa,Crypturellus tataupa,Crax fasciolata,Crax,Cracidae,4,Alto
1374,Crax fasciolata,Crax fasciolata,Crax fasciolata,Crax fasciolata,Crax fasciolata,Crax fasciolata,Pipile jacutinga,Leopardus guttulus,Crax fasciolata,Crax fasciolata,Crax fasciolata,Crax fasciolata,Crax,Cracidae,4,Alto
1375,Crax fasciolata,Crax fasciolata,Odontophorus capueira,Odontophorus capueira,Odontophorus capueira,Crax fasciolata,Odontophorus capueira,Odontophorus capueira,Odontophorus capueira,Odontophorus capueira,Odontophorus capueira,Crax fasciolata,Crax,Cracidae,4,Alto
1376,Crax fasciolata,Crax fasciolata,Crax fasciolata,Crax fasciolata,Crax fasciolata,Pipile jacutinga,Pipile jacutinga,Leptotila verreauxi,Crax fasciolata,Crax fasciolata,Crax fasciolata,Crax fasciolata,Crax,Cracidae,4,Alto
1378,Crax fasciolata,Herpailurus yagouaroundi,Tayassu pecari,Myrmecophaga tridactyla,Myrmecophaga tridactyla,Penelope superciliaris,Aramides saracura,Salvator merianae,Tayassu pecari,Tayassu pecari,Tayassu pecari,Herpailurus yagouaroundi,Crax,Cracidae,4,Alto
1379,Crax fasciolata,Aramides saracura,Pecari tajacu,Pecari tajacu,Pecari tajacu,Penelope superciliaris,Aramides saracura,Pecari tajacu,Pecari tajacu,Pecari tajacu,Pecari tajacu,Aramides saracura,Crax,Cracidae,4,Alto
1380,Crax fasciolata,Crax fasciolata,Crax fasciolata,Tinamus solitarius,Tinamus solitarius,Tinamus solitarius,Penelope superciliaris,Penelope superciliaris,Crax fasciolata,Crax fasciolata,Crax fasciolata,Crax fasciolata,Crax,Cracidae,4,Alto
1381,Crax fasciolata,Crypturellus tataupa,Crypturellus obsoletus,Crypturellus obsoletus,Crypturellus obsoletus,Odontophorus capueira,Aramides saracura,Aramides saracura,Crypturellus obsoletus,Crypturellus obsoletus,Crypturellus obsoletus,Crypturellus tataupa,Crax,Cracidae,4,Alto
1383,Crax fasciolata,Crax fasciolata,Crax fasciolata,Crax fasciolata,Crax fasciolata,Crax fasciolata,Penelope superciliaris,Penelope superciliaris,Crax fasciolata,Crax fasciolata,Crax fasciolata,Crax fasciolata,Crax,Cracidae,4,Alto
1385,Crax fasciolata,Penelope superciliaris,Penelope superciliaris,Aramides saracura,Aramides saracura,Pipile jacutinga,Penelope superciliaris,Penelope superciliaris,Penelope superciliaris,Penelope superciliaris,Penelope superciliaris,Penelope superciliaris,Crax,Cracidae,4,Alto
1386,Crax fasciolata,Crax fasciolata,Tinamus solitarius,Crax fasciolata,Crax fasciolata,Crax fasciolata,Aramides saracura,Dasypus novemcinctus,Tinamus solitarius,Tinamus solitarius,Tinamus solitarius,Crax fasciolata,Crax,Cracidae,4,Alto
1387,Crax fasciolata,Crax fasciolata,Odontophorus capueira,Crax fasciolata,Crax fasciolata,Crax fasciolata,Hydropsalis torquata,Cryptopezus nattereri,Odontophorus capueira,Odontophorus capueira,Odontophorus capueira,Crax fasciolata,Crax,Cracidae,4,Alto
1388,Crax fasciolata,Alouatta guariba clamitans,Pipile jacutinga,Grallaria varia,Baryphthengus ruficapillus,Alouatta guariba clamitans,Alouatta guariba clamitans,Alouatta guariba clamitans,Pipile jacutinga,Pipile jacutinga,Pipile jacutinga,Alouatta guariba clamitans,Crax,Cracidae,4,Alto
1389,Crax fasciolata,Crax fasciolata,Hypoedaleus guttatus,Hypoedaleus guttatus,Crax fasciolata,Crax fasciolata,Penelope superciliaris,Selenidera maculirostris,Hypoedaleus guttatus,Hypoedaleus guttatus,Hypoedaleus guttatus,Crax fasciolata,Crax,Cracidae,4,Alto
1390,Crax fasciolata,Pipile jacutinga,Pipile jacutinga,Cyanocorax chrysops,Pipile jacutinga,Pipile jacutinga,Pipile jacutinga,Pipile jacutinga,Pipile jacutinga,Pipile jacutinga,Pipile jacutinga,Pipile jacutinga,Crax,Cracidae,4,Alto
1392,Penelope superciliaris,Selenidera maculirostris,Selenidera maculirostris,Cyanoloxia brissonii,Selenidera maculirostris,Penelope superciliaris,Penelope superciliaris,Penelope superciliaris,Selenidera maculirostris,Selenidera maculirostris,Selenidera maculirostris,Selenidera maculirostris,Penelope,Cracidae,3,Medio
1393,Penelope superciliaris,Aramides saracura,Penelope superciliaris,Aramides saracura,Aramides saracura,Penelope superciliaris,Aramides saracura,Aramides saracura,Penelope superciliaris,Penelope superciliaris,Penelope superciliaris,Aramides saracura,Penelope,Cracidae,3,Medio
1394,Penelope superciliaris,Penelope superciliaris,Crypturellus tataupa,Baryphthengus ruficapillus,Baryphthengus ruficapillus,Penelope superciliaris,Dasyprocta azarae,Dasyprocta azarae,Crypturellus tataupa,Crypturellus tataupa,Crypturellus tataupa,Penelope superciliaris,Penelope,Cracidae,3,Medio
1395,Penelope superciliaris,Penelope superciliaris,Celeus galeatus,Celeus galeatus,Celeus galeatus,Penelope superciliaris,Penelope superciliaris,Penelope superciliaris,Celeus galeatus,Celeus galeatus,Celeus galeatus,Penelope superciliaris,Penelope,Cracidae,3,Medio
1396,Penelope superciliaris,Penelope superciliaris,Dasyprocta azarae,Dasyprocta azarae,Dasyprocta azarae,Penelope superciliaris,Dasyprocta azarae,Dasyprocta azarae,Dasyprocta azarae,Dasyprocta azarae,Dasyprocta azarae,Penelope superciliaris,Penelope,Cracidae,3,Medio
1397,Penelope superciliaris,Penelope superciliaris,Penelope superciliaris,Penelope superciliaris,Penelope superciliaris,Penelope superciliaris,Penelope superciliaris,Selenidera maculirostris,Penelope superciliaris,Penelope superciliaris,Penelope superciliaris,Penelope superciliaris,Penelope,Cracidae,3,Medio
1398,Penelope superciliaris,Penelope superciliaris,Pipile jacutinga,Baryphthengus ruficapillus,Penelope superciliaris,Pipile jacutinga,Penelope superciliaris,Pipile jacutinga,Pipile jacutinga,Pipile jacutinga,Pipile jacutinga,Penelope superciliaris,Penelope,Cracidae,3,Medio
1399,Penelope superciliaris,Galictis cuja,Penelope superciliaris,Crypturellus tataupa,Pecari tajacu,Penelope superciliaris,Aramides saracura,Aramides saracura,Penelope superciliaris,Penelope superciliaris,Penelope superciliaris,Galictis cuja,Penelope,Cracidae,3,Medio
1400,Penelope superciliaris,Selenidera maculirostris,Penelope superciliaris,Cyanocorax chrysops,Penelope superciliaris,Penelope superciliaris,Penelope superciliaris,Cyanoloxia brissonii,Penelope superciliaris,Penelope superciliaris,Penelope superciliaris,Selenidera maculirostris,Penelope,Cracidae,3,Medio
1402,Penelope superciliaris,Penelope superciliaris,Baryphthengus ruficapillus,Penelope superciliaris,Baryphthengus ruficapillus,Penelope superciliaris,Penelope superciliaris,Baryphthengus ruficapillus,Baryphthengus ruficapillus,Baryphthengus ruficapillus,Baryphthengus ruficapillus,Penelope superciliaris,Penelope,Cracidae,3,Medio
1403,Penelope superciliaris,Aramides saracura,Crypturellus obsoletus,Crypturellus obsoletus,Crypturellus obsoletus,Aramides saracura,Aramides saracura,Aramides saracura,Crypturellus obsoletus,Crypturellus obsoletus,Crypturellus obsoletus,Aramides saracura,Penelope,Cracidae,3,Medio
1405,Penelope superciliaris,Penelope superciliaris,Penelope superciliaris,Penelope superciliaris,Penelope superciliaris,Penelope superciliaris,Penelope superciliaris,Penelope superciliaris,Penelope superciliaris,Penelope superciliaris,Penelope superciliaris,Penelope superciliaris,Penelope,Cracidae,3,Medio
1407,Penelope superciliaris,Penelope superciliaris,Penelope superciliaris,Penelope superciliaris,Penelope superciliaris,Penelope superciliaris,Penelope superciliaris,Penelope superciliaris,Penelope superciliaris,Penelope superciliaris,Penelope superciliaris,Penelope superciliaris,Penelope,Cracidae,3,Medio
1408,Penelope superciliaris,Cyanoloxia brissonii,Cyanocorax chrysops,Cyanocorax chrysops,Cyanoloxia brissonii,Penelope superciliaris,Cyanoloxia brissonii,Cyanoloxia brissonii,Cyanocorax chrysops,Cyanocorax chrysops,Cyanocorax chrysops,Cyanoloxia brissonii,Penelope,Cracidae,3,Medio
1411,Penelope superciliaris,Hypoedaleus guttatus,Penelope superciliaris,Penelope superciliaris,Penelope superciliaris,Pipile jacutinga,Penelope superciliaris,Penelope superciliaris,Penelope superciliaris,Penelope superciliaris,Penelope superciliaris,Hypoedaleus guttatus,Penelope,Cracidae,3,Medio
1412,Penelope superciliaris,Aramides saracura,Leptotila rufaxilla,Leptotila rufaxilla,Crypturellus obsoletus,Penelope superciliaris,Aramides saracura,Aramides saracura,Leptotila rufaxilla,Leptotila rufaxilla,Leptotila rufaxilla,Aramides saracura,Penelope,Cracidae,3,Medio
1413,Penelope superciliaris,Pyriglena leucoptera,Habia rubica,Habia rubica,Mackenziaena severa,Penelope superciliaris,Penelope superciliaris,Hypoedaleus guttatus,Habia rubica,Habia rubica,Habia rubica,Pyriglena leucoptera,Penelope,Cracidae,3,Medio
1414,Penelope superciliaris,Crax fasciolata,Tayassu pecari,Dasyprocta azarae,Crax fasciolata,Penelope superciliaris,Penelope superciliaris,Leopardus wiedii,Tayassu pecari,Tayassu pecari,Tayassu pecari,Crax fasciolata,Penelope,Cracidae,3,Medio
1415,Penelope superciliaris,Dasyprocta azarae,Aramides saracura,Aramides saracura,Aramides saracura,Penelope superciliaris,Dasyprocta azarae,Mazama nanus,Aramides saracura,Aramides saracura,Aramides saracura,Dasyprocta azarae,Penelope,Cracidae,3,Medio
1416,Penelope superciliaris,Penelope superciliaris,Penelope superciliaris,Penelope superciliaris,Penelope superciliaris,Penelope superciliaris,Penelope superciliaris,Penelope superciliaris,Penelope superciliaris,Penelope superciliaris,Penelope superciliaris,Penelope superciliaris,Penelope,Cracidae,3,Medio
1418,Penelope superciliaris,Amazona vinacea,Alouatta guariba clamitans,Alouatta guariba clamitans,Alouatta guariba clamitans,Alouatta guariba clamitans,Alouatta guariba clamitans,Alouatta guariba clamitans,Alouatta guariba clamitans,Alouatta guariba clamitans,Alouatta guariba clamitans,Amazona vinacea,Penelope,Cracidae,3,Medio
1419,Penelope superciliaris,Tamandua tetradactyla,Lycalopex gymnocerca,Herpailurus yagouaroundi,Herpailurus yagouaroundi,Penelope superciliaris,Galictis cuja,Tamandua tetradactyla,Lycalopex gymnocerca,Lycalopex gymnocerca,Lycalopex gymnocerca,Herpailurus yagouaroundi,Penelope,Cracidae,3,Medio
1420,Penelope superciliaris,Sapajus nigritus,Sapajus nigritus,Alouatta guariba,Sapajus nigritus,Alouatta guariba,Sapajus nigritus,Sapajus nigritus,Sapajus nigritus,Sapajus nigritus,Sapajus nigritus,Sapajus nigritus,Penelope,Cracidae,3,Medio
1421,Penelope superciliaris,Aramides saracura,Penelope superciliaris,Leptotila rufaxilla,Aramides saracura,Penelope superciliaris,Aramides saracura,Leptotila rufaxilla,Penelope superciliaris,Penelope superciliaris,Penelope superciliaris,Aramides saracura,Penelope,Cracidae,3,Medio
1424,Penelope superciliaris,Herpailurus yagouaroundi,Pecari tajacu,Pecari tajacu,Aramides saracura,Penelope superciliaris,Dasyprocta azarae,Aramides saracura,Pecari tajacu,Pecari tajacu,Pecari tajacu,Herpailurus yagouaroundi,Penelope,Cracidae,3,Medio
1425,Penelope superciliaris,Mackenziaena severa,Habia rubica,Biatas nigropectus,Biatas nigropectus,Pipile jacutinga,Cyanoloxia brissonii,Cyanoloxia brissonii,Habia rubica,Habia rubica,Habia rubica,Mackenziaena severa,Penelope,Cracidae,3,Medio
1426,Penelope superciliaris,Penelope superciliaris,Cyanocorax chrysops,Celeus galeatus,Alouatta guariba clamitans,Penelope superciliaris,Penelope superciliaris,Cyanocorax chrysops,Cyanocorax chrysops,Cyanocorax chrysops,Cyanocorax chrysops,Penelope superciliaris,Penelope,Cracidae,3,Medio
1427,Penelope superciliaris,Alouatta caraya,Alouatta guariba clamitans,Alouatta guariba clamitans,Alouatta guariba clamitans,Penelope superciliaris,Alouatta caraya,Pipile jacutinga,Alouatta guariba clamitans,Alouatta guariba clamitans,Alouatta guariba clamitans,Alouatta caraya,Penelope,Cracidae,3,Medio
1428,Penelope superciliaris,Crax fasciolata,Crax fasciolata,Crax fasciolata,Baryphthengus ruficapillus,Penelope superciliaris,Dasyprocta azarae,Crax fasciolata,Crax fasciolata,Crax fasciolata,Crax fasciolata,Crax fasciolata,Penelope,Cracidae,3,Medio
1430,Penelope superciliaris,Penelope superciliaris,Biatas nigropectus,Baryphthengus ruficapillus,Penelope superciliaris,Baryphthengus ruficapillus,Penelope superciliaris,Penelope superciliaris,Biatas nigropectus,Biatas nigropectus,Biatas nigropectus,Penelope superciliaris,Penelope,Cracidae,3,Medio
1431,Penelope superciliaris,Penelope superciliaris,Penelope superciliaris,Penelope superciliaris,Penelope superciliaris,Penelope superciliaris,Penelope superciliaris,Penelope superciliaris,Penelope superciliaris,Penelope superciliaris,Penelope superciliaris,Penelope superciliaris,Penelope,Cracidae,3,Medio
1432,Penelope superciliaris,Penelope superciliaris,Penelope superciliaris,Crypturellus obsoletus,Baryphthengus ruficapillus,Penelope superciliaris,Penelope superciliaris,Crypturellus obsoletus,Penelope superciliaris,Penelope superciliaris,Penelope superciliaris,Penelope superciliaris,Penelope,Cracidae,3,Medio
1433,Penelope superciliaris,Tayassu pecari,Herpailurus yagouaroundi,Crypturellus tataupa,Dasyprocta azarae,Eira barbara,Dasyprocta azarae,Crypturellus obsoletus,Herpailurus yagouaroundi,Herpailurus yagouaroundi,Herpailurus yagouaroundi,Tayassu pecari,Penelope,Cracidae,3,Medio
1435,Penelope superciliaris,Crypturellus obsoletus,Crypturellus obsoletus,Crypturellus obsoletus,Crypturellus obsoletus,Penelope superciliaris,Aramides saracura,Penelope superciliaris,Crypturellus obsoletus,Crypturellus obsoletus,Crypturellus obsoletus,Crypturellus obsoletus,Penelope,Cracidae,3,Medio
1436,Penelope superciliaris,Penelope superciliaris,Sapajus nigritus,Cyanocorax chrysops,Alouatta guariba clamitans,Penelope superciliaris,Penelope superciliaris,Alouatta caraya,Sapajus nigritus,Sapajus nigritus,Sapajus nigritus,Penelope superciliaris,Penelope,Cracidae,3,Medio
1437,Penelope superciliaris,Celeus galeatus,Celeus galeatus,Celeus galeatus,Celeus galeatus,Celeus galeatus,Turdus albicollis,Cyanoloxia brissonii,Celeus galeatus,Celeus galeatus,Celeus galeatus,Celeus galeatus,Penelope,Cracidae,3,Medio
1438,Penelope superciliaris,Penelope superciliaris,Penelope superciliaris,Alouatta guariba clamitans,Alouatta guariba clamitans,Dasyprocta azarae,Penelope superciliaris,Penelope superciliaris,Penelope superciliaris,Penelope superciliaris,Penelope superciliaris,Penelope superciliaris,Penelope,Cracidae,3,Medio
1439,Penelope superciliaris,Aramides saracura,Penelope superciliaris,Crypturellus obsoletus,Crypturellus obsoletus,Penelope superciliaris,Aramides saracura,Aramides saracura,Penelope superciliaris,Penelope superciliaris,Penelope superciliaris,Aramides saracura,Penelope,Cracidae,3,Medio
1440,Penelope superciliaris,Nyctidromus albicollis,Didelphis aurita,Didelphis aurita,Didelphis albiventris,Penelope superciliaris,Nyctidromus albicollis,Sylvilagus brasiliensis,Didelphis aurita,Didelphis aurita,Didelphis aurita,Nyctidromus albicollis,Penelope,Cracidae,3,Medio
1441,Penelope superciliaris,Crypturellus tataupa,Cyanocorax chrysops,Cyanocorax chrysops,Crypturellus tataupa,Crypturellus tataupa,Salvator merianae,Leopardus guttulus,Cyanocorax chrysops,Cyanocorax chrysops,Cyanocorax chrysops,Crypturellus tataupa,Penelope,Cracidae,3,Medio
1442,Penelope superciliaris,Penelope superciliaris,Odontophorus capueira,Odontophorus capueira,Aramides saracura,Penelope superciliaris,Aramides saracura,Aramides saracura,Odontophorus capueira,Odontophorus capueira,Odontophorus capueira,Penelope superciliaris,Penelope,Cracidae,3,Medio
1443,Penelope superciliaris,Tinamus solitarius,Tinamus solitarius,Tinamus solitarius,Tinamus solitarius,Penelope superciliaris,Tinamus solitarius,Tinamus solitarius,Tinamus solitarius,Tinamus solitarius,Tinamus solitarius,Tinamus solitarius,Penelope,Cracidae,3,Medio
1444,Penelope superciliaris,Cyanoloxia brissonii,Mackenziaena severa,Mackenziaena leachii,Penelope superciliaris,Penelope superciliaris,Penelope superciliaris,Penelope superciliaris,Mackenziaena severa,Mackenziaena severa,Mackenziaena severa,Cyanoloxia brissonii,Penelope,Cracidae,3,Medio
1445,Penelope superciliaris,Penelope superciliaris,Nasua nasua,Myiothlypis leucoblephara,Crypturellus tataupa,Dasyprocta azarae,Dasyprocta azarae,Aramides saracura,Nasua nasua,Nasua nasua,Nasua nasua,Penelope superciliaris,Penelope,Cracidae,3,Medio
1446,Penelope superciliaris,Tayassu pecari,Dasyprocta azarae,Crypturellus tataupa,Dasyprocta azarae,Penelope superciliaris,Dasyprocta azarae,Dasyprocta azarae,Dasyprocta azarae,Dasyprocta azarae,Dasyprocta azarae,Tayassu pecari,Penelope,Cracidae,3,Medio
1448,Penelope superciliaris,Penelope superciliaris,Sapajus nigritus,Cerdocyon thous,Pecari tajacu,Sapajus nigritus,Penelope superciliaris,Dasyprocta azarae,Sapajus nigritus,Sapajus nigritus,Sapajus nigritus,Penelope superciliaris,Penelope,Cracidae,3,Medio
1449,Penelope superciliaris,Mackenziaena severa,Conopophaga lineata,Conopophaga lineata,Conopophaga lineata,Leptotila verreauxi,Hypoedaleus guttatus,Biatas nigropectus,Conopophaga lineata,Conopophaga lineata,Conopophaga lineata,Mackenziaena severa,Penelope,Cracidae,3,Medio
1450,Penelope superciliaris,Penelope superciliaris,Dasyprocta azarae,Dasyprocta azarae,Dasyprocta azarae,Penelope superciliaris,Penelope superciliaris,Dasyprocta azarae,Dasyprocta azarae,Dasyprocta azarae,Dasyprocta azarae,Penelope superciliaris,Penelope,Cracidae,3,Medio
1451,Penelope superciliaris,Amazona aestiva,Turdus albicollis,Alouatta guariba clamitans,Alouatta guariba clamitans,Penelope superciliaris,Amazona aestiva,Amazona aestiva,Turdus albicollis,Turdus albicollis,Turdus albicollis,Amazona aestiva,Penelope,Cracidae,3,Medio
1452,Penelope superciliaris,Pipile jacutinga,Cyanoloxia brissonii,Alouatta guariba,Alouatta guariba,Pipile jacutinga,Pipile jacutinga,Pipile jacutinga,Cyanoloxia brissonii,Cyanoloxia brissonii,Cyanoloxia brissonii,Pipile jacutinga,Penelope,Cracidae,3,Medio
1453,Penelope superciliaris,Selenidera maculirostris,Selenidera maculirostris,Selenidera maculirostris,Selenidera maculirostris,Penelope superciliaris,Selenidera maculirostris,Selenidera maculirostris,Selenidera maculirostris,Selenidera maculirostris,Selenidera maculirostris,Selenidera maculirostris,Penelope,Cracidae,3,Medio
1454,Penelope superciliaris,Mackenziaena severa,Pyriglena leucoptera,Penelope superciliaris,Penelope superciliaris,Mackenziaena severa,Hypoedaleus guttatus,Mackenziaena severa,Pyriglena leucoptera,Pyriglena leucoptera,Pyriglena leucoptera,Mackenziaena severa,Penelope,Cracidae,3,Medio
1455,Penelope superciliaris,Penelope superciliaris,Dasyprocta azarae,Dasyprocta azarae,Dasyprocta azarae,Penelope superciliaris,Penelope superciliaris,Penelope superciliaris,Dasyprocta azarae,Dasyprocta azarae,Dasyprocta azarae,Penelope superciliaris,Penelope,Cracidae,3,Medio
1456,Penelope superciliaris,Crypturellus obsoletus,Crypturellus tataupa,Crypturellus tataupa,Crypturellus tataupa,Penelope superciliaris,Dasyprocta azarae,Crypturellus obsoletus,Crypturellus tataupa,Crypturellus tataupa,Crypturellus tataupa,Crypturellus obsoletus,Penelope,Cracidae,3,Medio
1457,Penelope superciliaris,Brotogeris chiriri,Amazona aestiva,Amazona aestiva,Alouatta caraya,Amazona aestiva,Brotogeris chiriri,Brotogeris chiriri,Amazona aestiva,Amazona aestiva,Amazona aestiva,Brotogeris chiriri,Penelope,Cracidae,3,Medio
1459,Penelope superciliaris,Penelope superciliaris,Penelope superciliaris,Penelope superciliaris,Penelope superciliaris,Penelope superciliaris,Penelope superciliaris,Penelope superciliaris,Penelope superciliaris,Penelope superciliaris,Penelope superciliaris,Penelope superciliaris,Penelope,Cracidae,3,Medio
1461,Pipile jacutinga,Pipile jacutinga,Alouatta guariba clamitans,Alouatta guariba clamitans,Pipile jacutinga,Pipile jacutinga,Pipile jacutinga,Pipile jacutinga,Alouatta guariba clamitans,Alouatta guariba clamitans,Alouatta guariba clamitans,Pipile jacutinga,Pipile,Cracidae,6,Crítico
1462,Pipile jacutinga,Pipile jacutinga,Mackenziaena leachii,Alouatta caraya,Alouatta caraya,Pipile jacutinga,Pipile jacutinga,Pipile jacutinga,Mackenziaena leachii,Mackenziaena leachii,Mackenziaena leachii,Pipile jacutinga,Pipile,Cracidae,6,Crítico
1463,Pipile jacutinga,Pipile jacutinga,Pipile jacutinga,Penelope superciliaris,Penelope superciliaris,Pipile jacutinga,Pipile jacutinga,Cyanocorax chrysops,Pipile jacutinga,Pipile jacutinga,Pipile jacutinga,Pipile jacutinga,Pipile,Cracidae,6,Crítico
1464,Pipile jacutinga,Pipile jacutinga,Pipile jacutinga,Amazona vinacea,Pipile jacutinga,Pipile jacutinga,Pipile jacutinga,Amazona vinacea,Pipile jacutinga,Pipile jacutinga,Pipile jacutinga,Pipile jacutinga,Pipile,Cracidae,6,Crítico
1466,Pipile jacutinga,Pipile jacutinga,Pipile jacutinga,Cyanocorax chrysops,Cyanocorax chrysops,Pipile jacutinga,Pipile jacutinga,Pipile jacutinga,Pipile jacutinga,Pipile jacutinga,Pipile jacutinga,Pipile jacutinga,Pipile,Cracidae,6,Crítico
1467,Pipile jacutinga,Pipile jacutinga,Cyanoloxia brissonii,Baryphthengus ruficapillus,Baryphthengus ruficapillus,Pipile jacutinga,Pipile jacutinga,Pipile jacutinga,Cyanoloxia brissonii,Cyanoloxia brissonii,Cyanoloxia brissonii,Pipile jacutinga,Pipile,Cracidae,6,Crítico
1468,Pipile jacutinga,Sapajus nigritus,Cyanoloxia brissonii,Alouatta guariba,Alouatta guariba,Pipile jacutinga,Sapajus nigritus,Penelope superciliaris,Cyanoloxia brissonii,Cyanoloxia brissonii,Cyanoloxia brissonii,Sapajus nigritus,Pipile,Cracidae,6,Crítico
1469,Pipile jacutinga,Hypoedaleus guttatus,Selenidera maculirostris,Baryphthengus ruficapillus,Alouatta guariba clamitans,Penelope superciliaris,Penelope superciliaris,Penelope superciliaris,Selenidera maculirostris,Selenidera maculirostris,Selenidera maculirostris,Hypoedaleus guttatus,Pipile,Cracidae,6,Crítico
1470,Pipile jacutinga,Selenidera maculirostris,Notharchus swainsoni,Didelphis albiventris,Alouatta guariba clamitans,Selenidera maculirostris,Selenidera maculirostris,Hypoedaleus guttatus,Notharchus swainsoni,Notharchus swainsoni,Notharchus swainsoni,Selenidera maculirostris,Pipile,Cracidae,6,Crítico
1471,Pipile jacutinga,Alouatta guariba,Sapajus nigritus,Baryphthengus ruficapillus,Alouatta caraya,Alouatta guariba,Alouatta caraya,Sapajus nigritus,Sapajus nigritus,Sapajus nigritus,Sapajus nigritus,Alouatta guariba,Pipile,Cracidae,6,Crítico
1472,Pipile jacutinga,Pipile jacutinga,Notharchus swainsoni,Cyanoloxia brissonii,Baryphthengus ruficapillus,Pipile jacutinga,Pipile jacutinga,Pipile jacutinga,Notharchus swainsoni,Notharchus swainsoni,Notharchus swainsoni,Pipile jacutinga,Pipile,Cracidae,6,Crítico
1474,Pipile jacutinga,Selenidera maculirostris,Selenidera maculirostris,Selenidera maculirostris,Selenidera maculirostris,Selenidera maculirostris,Selenidera maculirostris,Cyanocorax chrysops,Selenidera maculirostris,Selenidera maculirostris,Selenidera maculirostris,Selenidera maculirostris,Pipile,Cracidae,6,Crítico
1475,Pipile jacutinga,Amazona aestiva,Pipile jacutinga,Pipile jacutinga,Pipile jacutinga,Pipile jacutinga,Amazona aestiva,Amazona aestiva,Pipile jacutinga,Pipile jacutinga,Pipile jacutinga,Amazona aestiva,Pipile,Cracidae,6,Crítico
1476,Pipile jacutinga,Lontra longicaudis,Cyanocorax chrysops,Cyanocorax chrysops,Phrynops williamsi,Pipile jacutinga,Lontra longicaudis,Lontra longicaudis,Cyanocorax chrysops,Cyanocorax chrysops,Cyanocorax chrysops,Lontra longicaudis,Pipile,Cracidae,6,Crítico
1478,Pipile jacutinga,Pipile jacutinga,Penelope superciliaris,Penelope superciliaris,Penelope superciliaris,Pipile jacutinga,Pipile jacutinga,Pipile jacutinga,Penelope superciliaris,Penelope superciliaris,Penelope superciliaris,Pipile jacutinga,Pipile,Cracidae,6,Crítico
1479,Pipile jacutinga,Selenidera maculirostris,Penelope superciliaris,Penelope superciliaris,Penelope superciliaris,Pipile jacutinga,Penelope superciliaris,Penelope superciliaris,Penelope superciliaris,Penelope superciliaris,Penelope superciliaris,Selenidera maculirostris,Pipile,Cracidae,6,Crítico
1480,Pipile jacutinga,Pipile jacutinga,Pipile jacutinga,Pipile jacutinga,Penelope superciliaris,Pipile jacutinga,Pipile jacutinga,Cyanocorax chrysops,Pipile jacutinga,Pipile jacutinga,Pipile jacutinga,Pipile jacutinga,Pipile,Cracidae,6,Crítico
1482,Pipile jacutinga,Pipile jacutinga,Pipile jacutinga,Pipile jacutinga,Pipile jacutinga,Pipile jacutinga,Pipile jacutinga,Pipile jacutinga,Pipile jacutinga,Pipile jacutinga,Pipile jacutinga,Pipile jacutinga,Pipile,Cracidae,6,Crítico
1484,Pipile jacutinga,Pipile jacutinga,Pipile jacutinga,Penelope superciliaris,Penelope superciliaris,Pipile jacutinga,Pipile jacutinga,Penelope superciliaris,Pipile jacutinga,Pipile jacutinga,Pipile jacutinga,Pipile jacutinga,Pipile,Cracidae,6,Crítico
1486,Pipile jacutinga,Lontra longicaudis,Pipile jacutinga,Pipile jacutinga,Pipile jacutinga,Pipile jacutinga,Pipile jacutinga,Pipile jacutinga,Pipile jacutinga,Pipile jacutinga,Pipile jacutinga,Lontra longicaudis,Pipile,Cracidae,6,Crítico
1487,Pipile jacutinga,Pipile jacutinga,Pipile jacutinga,Cyanocorax chrysops,Pipile jacutinga,Pipile jacutinga,Pipile jacutinga,Pipile jacutinga,Pipile jacutinga,Pipile jacutinga,Pipile jacutinga,Pipile jacutinga,Pipile,Cracidae,6,Crítico
1488,Pipile jacutinga,Pipile jacutinga,Tachyphonus coronatus,Leptotila rufaxilla,Pipile jacutinga,Pipile jacutinga,Pipile jacutinga,Cyanoloxia brissonii,Tachyphonus coronatus,Tachyphonus coronatus,Tachyphonus coronatus,Pipile jacutinga,Pipile,Cracidae,6,Crítico
1489,Pipile jacutinga,Pipile jacutinga,Penelope superciliaris,Cyanocorax chrysops,Penelope superciliaris,Pipile jacutinga,Pipile jacutinga,Cyanocorax chrysops,Penelope superciliaris,Penelope superciliaris,Penelope superciliaris,Pipile jacutinga,Pipile,Cracidae,6,Crítico
1490,Pipile jacutinga,Selenidera maculirostris,Cyanocorax chrysops,Cyanocorax chrysops,Cyanocorax chrysops,Pipile jacutinga,Selenidera maculirostris,Cyanocorax chrysops,Cyanocorax chrysops,Cyanocorax chrysops,Cyanocorax chrysops,Selenidera maculirostris,Pipile,Cracidae,6,Crítico
1491,Pipile jacutinga,Lontra longicaudis,Pipile jacutinga,Cyanocorax chrysops,Pipile jacutinga,Pipile jacutinga,Lontra longicaudis,Lontra longicaudis,Pipile jacutinga,Pipile jacutinga,Pipile jacutinga,Lontra longicaudis,Pipile,Cracidae,6,Crítico
1492,Pipile jacutinga,Penelope superciliaris,Nasua nasua,Leptotila rufaxilla,Leopardus guttulus,Penelope superciliaris,Penelope superciliaris,Nasua nasua,Nasua nasua,Nasua nasua,Nasua nasua,Penelope superciliaris,Pipile,Cracidae,6,Crítico
1493,Pipile jacutinga,Notharchus swainsoni,Selenidera maculirostris,Penelope superciliaris,Pipile jacutinga,Pipile jacutinga,Pipile jacutinga,Selenidera maculirostris,Selenidera maculirostris,Selenidera maculirostris,Selenidera maculirostris,Notharchus swainsoni,Pipile,Cracidae,6,Crítico
1495,Pipile jacutinga,Pipile jacutinga,Alouatta caraya,Alouatta caraya,Alouatta caraya,Pipile jacutinga,Pipile jacutinga,Pipile jacutinga,Alouatta caraya,Alouatta caraya,Alouatta caraya,Pipile jacutinga,Pipile,Cracidae,6,Crítico
1496,Pipile jacutinga,Pipile jacutinga,Pipile jacutinga,Crax fasciolata,Crax fasciolata,Pipile jacutinga,Pipile jacutinga,Pipile jacutinga,Pipile jacutinga,Pipile jacutinga,Pipile jacutinga,Pipile jacutinga,Pipile,Cracidae,6,Crítico
1497,Pipile jacutinga,Pipile jacutinga,Penelope superciliaris,Penelope superciliaris,Penelope superciliaris,Pipile jacutinga,Pipile jacutinga,Cyanoloxia brissonii,Penelope superciliaris,Penelope superciliaris,Penelope superciliaris,Pipile jacutinga,Pipile,Cracidae,6,Crítico
1498,Pipile jacutinga,Pipile jacutinga,Alouatta caraya,Alouatta caraya,Alouatta caraya,Pipile jacutinga,Pipile jacutinga,Amazona vinacea,Alouatta caraya,Alouatta caraya,Alouatta caraya,Pipile jacutinga,Pipile,Cracidae,6,Crítico
1499,Pipile jacutinga,Pipile jacutinga,Pipile jacutinga,Penelope superciliaris,Penelope superciliaris,Pipile jacutinga,Pipile jacutinga,Pipile jacutinga,Pipile jacutinga,Pipile jacutinga,Pipile jacutinga,Pipile jacutinga,Pipile,Cracidae,6,Crítico
1501,Pipile jacutinga,Alouatta guariba,Alouatta caraya,Alouatta caraya,Alouatta caraya,Alouatta guariba,Brotogeris chiriri,Pipile jacutinga,Alouatta caraya,Alouatta caraya,Alouatta caraya,Alouatta guariba,Pipile,Cracidae,6,Crítico
1502,Pipile jacutinga,Pipile jacutinga,Selenidera maculirostris,Selenidera maculirostris,Selenidera maculirostris,Pipile jacutinga,Pipile jacutinga,Selenidera maculirostris,Selenidera maculirostris,Selenidera maculirostris,Selenidera maculirostris,Pipile jacutinga,Pipile,Cracidae,6,Crítico
1503,Pipile jacutinga,Pipile jacutinga,Pipile jacutinga,Pipile jacutinga,Pipile jacutinga,Pipile jacutinga,Pipile jacutinga,Crypturellus tataupa,Pipile jacutinga,Pipile jacutinga,Pipile jacutinga,Pipile jacutinga,Pipile,Cracidae,6,Crítico
1504,Pipile jacutinga,Pipile jacutinga,Cyanoloxia brissonii,Alouatta guariba clamitans,Alouatta guariba clamitans,Pipile jacutinga,Pipile jacutinga,Alouatta caraya,Cyanoloxia brissonii,Cyanoloxia brissonii,Cyanoloxia brissonii,Alouatta caraya,Pipile,Cracidae,6,Crítico
1507,Pipile jacutinga,Cyanocorax chrysops,Baryphthengus ruficapillus,Baryphthengus ruficapillus,Baryphthengus ruficapillus,Cyanocorax chrysops,Pipile jacutinga,Alouatta guariba,Baryphthengus ruficapillus,Baryphthengus ruficapillus,Baryphthengus ruficapillus,Cyanocorax chrysops,Pipile,Cracidae,6,Crítico
1508,Pipile jacutinga,Alouatta caraya,Selenidera maculirostris,Pipile jacutinga,Alouatta caraya,Pipile jacutinga,Alouatta caraya,Amazona aestiva,Selenidera maculirostris,Selenidera maculirostris,Selenidera maculirostris,Alouatta caraya,Pipile,Cracidae,6,Crítico
1509,Pipile jacutinga,Crypturellus tataupa,Odontophorus capueira capueira,Odontophorus capueira,Tinamus solitarius,Pipile jacutinga,Tinamus solitarius,Odontophorus capueira,Odontophorus capueira capueira,Odontophorus capueira capueira,Odontophorus capueira capueira,Crypturellus tataupa,Pipile,Cracidae,6,Crítico
1510,Pipile jacutinga,Amazona vinacea,Amazona vinacea,Amazona vinacea,Amazona vinacea,Amazona vinacea,Amazona vinacea,Amazona vinacea,Amazona vinacea,Amazona vinacea,Amazona vinacea,Amazona vinacea,Pipile,Cracidae,6,Crítico
1511,Pipile jacutinga,Selenidera maculirostris,Penelope superciliaris,Baryphthengus ruficapillus,Baryphthengus ruficapillus,Penelope superciliaris,Selenidera maculirostris,Cyanoloxia brissonii,Penelope superciliaris,Penelope superciliaris,Penelope superciliaris,Selenidera maculirostris,Pipile,Cracidae,6,Crítico
1512,Pipile jacutinga,Pipile jacutinga,Pipile jacutinga,Pipile jacutinga,Pipile jacutinga,Pipile jacutinga,Pipile jacutinga,Pipile jacutinga,Pipile jacutinga,Pipile jacutinga,Pipile jacutinga,Pipile jacutinga,Pipile,Cracidae,6,Crítico
1515,Pipile jacutinga,Lontra longicaudis,Cyanocorax chrysops,Cyanocorax chrysops,Pipile jacutinga,Pipile jacutinga,Lontra longicaudis,Lontra longicaudis,Cyanocorax chrysops,Cyanocorax chrysops,Cyanocorax chrysops,Lontra longicaudis,Pipile,Cracidae,6,Crítico
1516,Pipile jacutinga,Pipile jacutinga,Pipile jacutinga,Leptotila verreauxi,Alouatta caraya,Pipile jacutinga,Pipile jacutinga,Pipile jacutinga,Pipile jacutinga,Pipile jacutinga,Pipile jacutinga,Pipile jacutinga,Pipile,Cracidae,6,Crítico
1517,Pipile jacutinga,Brotogeris chiriri,Pipile jacutinga,Alouatta caraya,Alouatta caraya,Pipile jacutinga,Brotogeris chiriri,Turdus albicollis,Pipile jacutinga,Pipile jacutinga,Pipile jacutinga,Brotogeris chiriri,Pipile,Cracidae,6,Crítico
1518,Pipile jacutinga,Pipile jacutinga,Penelope superciliaris,Baryphthengus ruficapillus,Pipile jacutinga,Pipile jacutinga,Pipile jacutinga,Pipile jacutinga,Penelope superciliaris,Penelope superciliaris,Penelope superciliaris,Pipile jacutinga,Pipile,Cracidae,6,Crítico
1520,Pipile jacutinga,Pipile jacutinga,Cyanoloxia brissonii,Cyanoloxia brissonii,Cyanoloxia brissonii,Pipile jacutinga,Pipile jacutinga,Mackenziaena leachii,Cyanoloxia brissonii,Cyanoloxia brissonii,Cyanoloxia brissonii,Pipile jacutinga,Pipile,Cracidae,6,Crítico
1521,Pipile jacutinga,Pipile jacutinga,Pipile jacutinga,Mackenziaena leachii,Cyanoloxia brissonii,Pipile jacutinga,Pipile jacutinga,Pipile jacutinga,Pipile jacutinga,Pipile jacutinga,Pipile jacutinga,Pipile jacutinga,Pipile,Cracidae,6,Crítico
1522,Pipile jacutinga,Pipile jacutinga,Pipile jacutinga,Penelope superciliaris,Penelope superciliaris,Pipile jacutinga,Pipile jacutinga,Cyanocorax chrysops,Pipile jacutinga,Pipile jacutinga,Pipile jacutinga,Pipile jacutinga,Pipile,Cracidae,6,Crítico
1523,Pipile jacutinga,Mackenziaena severa,Mackenziaena severa,Mackenziaena severa,Cyanoloxia brissonii,Mackenziaena severa,Mackenziaena severa,Cyanoloxia brissonii,Mackenziaena severa,Mackenziaena severa,Mackenziaena severa,Mackenziaena severa,Pipile,Cracidae,6,Crítico
1524,Pipile jacutinga,Notharchus swainsoni,Notharchus swainsoni,Alouatta guariba clamitans,Alouatta guariba clamitans,Penelope superciliaris,Notharchus swainsoni,Amazona aestiva,Notharchus swainsoni,Notharchus swainsoni,Notharchus swainsoni,Notharchus swainsoni,Pipile,Cracidae,6,Crítico
1525,Pipile jacutinga,Pipile jacutinga,Gubernetes yetapa,Gubernetes yetapa,Pipile jacutinga,Pipile jacutinga,Pipile jacutinga,Gubernetes yetapa,Gubernetes yetapa,Gubernetes yetapa,Gubernetes yetapa,Pipile jacutinga,Pipile,Cracidae,6,Crítico
1526,Pipile jacutinga,Amazona vinacea,Nasua nasua,Amazona vinacea,Amazona vinacea,Amazona vinacea,Amazona vinacea,Amazona vinacea,Nasua nasua,Nasua nasua,Nasua nasua,Amazona vinacea,Pipile,Cracidae,6,Crítico
1527,Pipile jacutinga,Penelope superciliaris,Penelope superciliaris,Leptotila rufaxilla,Penelope superciliaris,Penelope superciliaris,Penelope superciliaris,Penelope superciliaris,Penelope superciliaris,Penelope superciliaris,Penelope superciliaris,Penelope superciliaris,Pipile,Cracidae,6,Crítico
1528,Pipile jacutinga,Selenidera maculirostris,Selenidera maculirostris,Selenidera maculirostris,Selenidera maculirostris,Selenidera maculirostris,Selenidera maculirostris,Celeus galeatus,Selenidera maculirostris,Selenidera maculirostris,Selenidera maculirostris,Selenidera maculirostris,Pipile,Cracidae,6,Crítico
1530,Pipile jacutinga,Pipile jacutinga,Pipile jacutinga,Phrynops williamsi,Pipile jacutinga,Pipile jacutinga,Pipile jacutinga,Phrynops williamsi,Pipile jacutinga,Pipile jacutinga,Pipile jacutinga,Pipile jacutinga,Pipile,Cracidae,6,Crítico
1531,Cuniculus paca,Cuniculus paca,Cuniculus paca,Cuniculus paca,Leopardus wiedii,Cerdocyon thous,Cerdocyon thous,Leopardus guttulus,Cuniculus paca,Cuniculus paca,Cuniculus paca,Cuniculus paca,Cuniculus,Cuniculidae,2,Bajo
1532,Cuniculus paca,Cuniculus paca,Cuniculus paca,Cuniculus paca,Cuniculus paca,Cuniculus paca,Cerdocyon thous,Cuniculus paca,Cuniculus paca,Cuniculus paca,Cuniculus paca,Cuniculus paca,Cuniculus,Cuniculidae,2,Bajo
1533,Cuniculus paca,Leopardus wiedii,Cuniculus paca,Cuniculus paca,Cuniculus paca,Leopardus wiedii,Leopardus guttulus,Leopardus guttulus,Cuniculus paca,Cuniculus paca,Cuniculus paca,Leopardus wiedii,Cuniculus,Cuniculidae,2,Bajo
1534,Cuniculus paca,Cuniculus paca,Dasypus novemcinctus,Cuniculus paca,Cuniculus paca,Cuniculus paca,Cerdocyon thous,Cuniculus paca,Dasypus novemcinctus,Dasypus novemcinctus,Dasypus novemcinctus,Cuniculus paca,Cuniculus,Cuniculidae,2,Bajo
1535,Cuniculus paca,Cuniculus paca,Cuniculus paca,Cuniculus paca,Cuniculus paca,Cerdocyon thous,Cerdocyon thous,Cuniculus paca,Cuniculus paca,Cuniculus paca,Cuniculus paca,Cuniculus paca,Cuniculus,Cuniculidae,2,Bajo
1536,Cuniculus paca,Cuniculus paca,Dasypus novemcinctus,Cuniculus paca,Leopardus wiedii,Dasyprocta azarae,Dasyprocta azarae,Galictis cuja,Dasypus novemcinctus,Dasypus novemcinctus,Dasypus novemcinctus,Cuniculus paca,Cuniculus,Cuniculidae,2,Bajo
1538,Cuniculus paca,Leopardus wiedii,Lepus europaeus,Didelphis albiventris,Cerdocyon thous,Leopardus wiedii,Cerdocyon thous,Myiothlypis leucoblephara,Lepus europaeus,Lepus europaeus,Lepus europaeus,Leopardus wiedii,Cuniculus,Cuniculidae,2,Bajo
1539,Cuniculus paca,Procyon cancrivorus,Cerdocyon thous,Cerdocyon thous,Cerdocyon thous,Sylvilagus brasiliensis,Cerdocyon thous,Pecari tajacu,Cerdocyon thous,Cerdocyon thous,Cerdocyon thous,Procyon cancrivorus,Cuniculus,Cuniculidae,2,Bajo
1541,Cuniculus paca,Cuniculus paca,Cuniculus paca,Cerdocyon thous,Cuniculus paca,Cerdocyon thous,Cerdocyon thous,Cerdocyon thous,Cuniculus paca,Cuniculus paca,Cuniculus paca,Cuniculus paca,Cuniculus,Cuniculidae,2,Bajo
1542,Cuniculus paca,Cabassous tatouay,Cuniculus paca,Cabassous tatouay,Cabassous tatouay,Cerdocyon thous,Cerdocyon thous,Leopardus guttulus,Cuniculus paca,Cuniculus paca,Cuniculus paca,Cabassous tatouay,Cuniculus,Cuniculidae,2,Bajo
1543,Cuniculus paca,Leopardus wiedii,Lepus europaeus,Cerdocyon thous,Cerdocyon thous,Dasypus novemcinctus,Cerdocyon thous,Alouatta caraya,Lepus europaeus,Lepus europaeus,Lepus europaeus,Cuniculus paca,Cuniculus,Cuniculidae,2,Bajo
1544,Cuniculus paca,Didelphis aurita,Cuniculus paca,Sylvilagus brasiliensis,Sylvilagus brasiliensis,Sylvilagus brasiliensis,Didelphis aurita,Dasyprocta azarae,Cuniculus paca,Cuniculus paca,Cuniculus paca,Didelphis aurita,Cuniculus,Cuniculidae,2,Bajo
1545,Cuniculus paca,Cuniculus paca,Dasypus novemcinctus,Cuniculus paca,Cuniculus paca,Dasypus novemcinctus,Cerdocyon thous,Cuniculus paca,Dasypus novemcinctus,Dasypus novemcinctus,Dasypus novemcinctus,Cuniculus paca,Cuniculus,Cuniculidae,2,Bajo
1546,Cuniculus paca,Cuniculus paca,Cuniculus paca,Cuniculus paca,Cuniculus paca,Cuniculus paca,Cerdocyon thous,Cuniculus paca,Cuniculus paca,Cuniculus paca,Cuniculus paca,Cuniculus paca,Cuniculus,Cuniculidae,2,Bajo
1547,Cuniculus paca,Leopardus wiedii,Leopardus wiedii,Leopardus wiedii,Cuniculus paca,Leopardus wiedii,Leopardus guttulus,Galictis cuja,Leopardus wiedii,Leopardus wiedii,Leopardus wiedii,Leopardus wiedii,Cuniculus,Cuniculidae,2,Bajo
1550,Cuniculus paca,Puma concolor,Puma concolor,Leopardus wiedii,Leopardus wiedii,Lepus europaeus,Cerdocyon thous,Leopardus guttulus,Puma concolor,Puma concolor,Puma concolor,Puma concolor,Cuniculus,Cuniculidae,2,Bajo
1551,Cuniculus paca,Cuniculus paca,Dasypus novemcinctus,Cuniculus paca,Cuniculus paca,Leopardus wiedii,Cerdocyon thous,Cuniculus paca,Dasypus novemcinctus,Dasypus novemcinctus,Dasypus novemcinctus,Cuniculus paca,Cuniculus,Cuniculidae,2,Bajo
1552,Cuniculus paca,Leopardus wiedii,Panthera onca,Panthera onca,Panthera onca,Lontra longicaudis,Leopardus guttulus,Sylvilagus brasiliensis,Panthera onca,Panthera onca,Panthera onca,Leopardus wiedii,Cuniculus,Cuniculidae,2,Bajo
1553,Cuniculus paca,Puma concolor,Cuniculus paca,Cuniculus paca,Leopardus wiedii,Leopardus wiedii,Cerdocyon thous,Leopardus guttulus,Cuniculus paca,Cuniculus paca,Cuniculus paca,Cuniculus paca,Cuniculus,Cuniculidae,2,Bajo
1554,Cuniculus paca,Cuniculus paca,Cuniculus paca,Cuniculus paca,Leopardus wiedii,Leopardus wiedii,Cerdocyon thous,Cuniculus paca,Cuniculus paca,Cuniculus paca,Cuniculus paca,Cuniculus paca,Cuniculus,Cuniculidae,2,Bajo
1555,Dasypus novemcinctus,Euphractus sexcinctus,Euphractus sexcinctus,Dasypus novemcinctus,Dasypus novemcinctus,Dasypus novemcinctus,Dasypus novemcinctus,Dasypus novemcinctus,Euphractus sexcinctus,Euphractus sexcinctus,Euphractus sexcinctus,Euphractus sexcinctus,Dasypus,Dasypodidae,1,Bajo
1556,Dasypus novemcinctus,Dasypus novemcinctus,Pecari tajacu,Pecari tajacu,Aramides saracura,Dasypus novemcinctus,Salvator merianae,Sylvilagus brasiliensis,Pecari tajacu,Pecari tajacu,Pecari tajacu,Dasypus novemcinctus,Dasypus,Dasypodidae,1,Bajo
1557,Dasypus novemcinctus,Tamandua tetradactyla,Galictis cuja,Euphractus sexcinctus,Galictis cuja,Dasypus novemcinctus,Didelphis aurita,Dasypus novemcinctus,Galictis cuja,Galictis cuja,Galictis cuja,Tamandua tetradactyla,Dasypus,Dasypodidae,1,Bajo
1558,Dasypus novemcinctus,Aramides saracura,Tamandua tetradactyla,Aramides saracura,Aramides saracura,Dasypus novemcinctus,Aramides saracura,Dasypus novemcinctus,Tamandua tetradactyla,Tamandua tetradactyla,Tamandua tetradactyla,Aramides saracura,Dasypus,Dasypodidae,1,Bajo
1559,Dasypus novemcinctus,Cuniculus paca,Dasypus novemcinctus,Cuniculus paca,Cuniculus paca,Dasypus novemcinctus,Cerdocyon thous,Euphractus sexcinctus,Dasypus novemcinctus,Dasypus novemcinctus,Dasypus novemcinctus,Cuniculus paca,Dasypus,Dasypodidae,1,Bajo
1560,Dasypus novemcinctus,Dasyprocta azarae,Nasua nasua,Aramides saracura,Aramides saracura,Dasyprocta azarae,Dasyprocta azarae,Aramides saracura,Nasua nasua,Nasua nasua,Nasua nasua,Dasyprocta azarae,Dasypus,Dasypodidae,1,Bajo
1561,Dasypus novemcinctus,Dasyprocta azarae,Cerdocyon thous,Aramides saracura,Aramides saracura,Dasypus novemcinctus,Dasyprocta azarae,Dasyprocta azarae,Cerdocyon thous,Cerdocyon thous,Cerdocyon thous,Dasyprocta azarae,Dasypus,Dasypodidae,1,Bajo
1562,Dasypus novemcinctus,Lontra longicaudis,Phrynops williamsi,Phrynops williamsi,Phrynops williamsi,Phrynops williamsi,Phrynops williamsi,Phrynops williamsi,Phrynops williamsi,Phrynops williamsi,Phrynops williamsi,Lontra longicaudis,Dasypus,Dasypodidae,1,Bajo
1563,Dasypus novemcinctus,Herpailurus yagouaroundi,Herpailurus yagouaroundi,Dasypus novemcinctus,Herpailurus yagouaroundi,Salvator merianae,Salvator merianae,Nothura maculosa,Herpailurus yagouaroundi,Herpailurus yagouaroundi,Herpailurus yagouaroundi,Herpailurus yagouaroundi,Dasypus,Dasypodidae,1,Bajo
1564,Dasypus novemcinctus,Puma concolor,Cuniculus paca,Cuniculus paca,Cuniculus paca,Leopardus guttulus,Leopardus guttulus,Cuniculus paca,Cuniculus paca,Cuniculus paca,Cuniculus paca,Puma concolor,Dasypus,Dasypodidae,1,Bajo
1565,Dasypus novemcinctus,Dasypus novemcinctus,Dasypus novemcinctus,Dasypus novemcinctus,Dasypus novemcinctus,Dasypus novemcinctus,Dasypus novemcinctus,Dasypus novemcinctus,Dasypus novemcinctus,Dasypus novemcinctus,Dasypus novemcinctus,Dasypus novemcinctus,Dasypus,Dasypodidae,1,Bajo
1566,Dasypus novemcinctus,Dasypus novemcinctus,Dasypus novemcinctus,Dasypus novemcinctus,Dasypus novemcinctus,Dasypus novemcinctus,Dasypus novemcinctus,Dasypus novemcinctus,Dasypus novemcinctus,Dasypus novemcinctus,Dasypus novemcinctus,Dasypus novemcinctus,Dasypus,Dasypodidae,1,Bajo
1567,Dasypus novemcinctus,Euphractus sexcinctus,Didelphis aurita,Didelphis aurita,Didelphis aurita,Dasypus novemcinctus,Dasypus novemcinctus,Galictis cuja,Didelphis aurita,Didelphis aurita,Didelphis aurita,Euphractus sexcinctus,Dasypus,Dasypodidae,1,Bajo
1568,Dasypus novemcinctus,Euphractus sexcinctus,Dasypus novemcinctus,Dasypus novemcinctus,Dasypus novemcinctus,Dasypus novemcinctus,Dasypus novemcinctus,Dasypus novemcinctus,Dasypus novemcinctus,Dasypus novemcinctus,Dasypus novemcinctus,Euphractus sexcinctus,Dasypus,Dasypodidae,1,Bajo
1569,Dasypus novemcinctus,Euphractus sexcinctus,Euphractus sexcinctus,Dasypus novemcinctus,Dasypus novemcinctus,Dasypus novemcinctus,Dasypus novemcinctus,Dasypus novemcinctus,Euphractus sexcinctus,Euphractus sexcinctus,Euphractus sexcinctus,Euphractus sexcinctus,Dasypus,Dasypodidae,1,Bajo
1570,Dasypus novemcinctus,Cabassous tatouay,Cabassous tatouay,Cabassous tatouay,Cabassous tatouay,Dasypus novemcinctus,Cerdocyon thous,Dasypus novemcinctus,Cabassous tatouay,Cabassous tatouay,Cabassous tatouay,Cabassous tatouay,Dasypus,Dasypodidae,1,Bajo
1571,Dasypus novemcinctus,Herpailurus yagouaroundi,Tamandua tetradactyla,Dasypus novemcinctus,Dasypus novemcinctus,Dasypus novemcinctus,Salvator merianae,Hydropsalis torquata,Tamandua tetradactyla,Tamandua tetradactyla,Tamandua tetradactyla,Euphractus sexcinctus,Dasypus,Dasypodidae,1,Bajo
1572,Dasypus novemcinctus,Nasua nasua,Mazama nanus,Euphractus sexcinctus,Cuniculus paca,Nasua nasua,Nasua nasua,Salvator merianae,Mazama nanus,Mazama nanus,Mazama nanus,Nasua nasua,Dasypus,Dasypodidae,1,Bajo
1573,Dasypus novemcinctus,Dasypus novemcinctus,Dasypus novemcinctus,Dasypus novemcinctus,Dasypus novemcinctus,Dasypus novemcinctus,Dasypus novemcinctus,Dasypus novemcinctus,Dasypus novemcinctus,Dasypus novemcinctus,Dasypus novemcinctus,Dasypus novemcinctus,Dasypus,Dasypodidae,1,Bajo
1575,Dasypus novemcinctus,Nasua nasua,Didelphis aurita,Nasua nasua,Didelphis aurita,Dasypus novemcinctus,Didelphis aurita,Salvator merianae,Didelphis aurita,Didelphis aurita,Didelphis aurita,Nasua nasua,Dasypus,Dasypodidae,1,Bajo
1578,Dasypus novemcinctus,Euphractus sexcinctus,Euphractus sexcinctus,Euphractus sexcinctus,Euphractus sexcinctus,Dasypus novemcinctus,Galictis cuja,Galictis cuja,Euphractus sexcinctus,Euphractus sexcinctus,Euphractus sexcinctus,Euphractus sexcinctus,Dasypus,Dasypodidae,1,Bajo
1579,Dasypus novemcinctus,Euphractus sexcinctus,Dasypus novemcinctus,Dasypus novemcinctus,Euphractus sexcinctus,Dasypus novemcinctus,Dasypus novemcinctus,Dasypus novemcinctus,Dasypus novemcinctus,Dasypus novemcinctus,Dasypus novemcinctus,Euphractus sexcinctus,Dasypus,Dasypodidae,1,Bajo
1580,Dasypus novemcinctus,Hydrochoerus hydrochaeris,Salvator merianae,Dasyprocta azarae,Dasyprocta azarae,Dasyprocta azarae,Hydrochoerus hydrochaeris,Lycalopex gymnocerca,Salvator merianae,Salvator merianae,Salvator merianae,Sus scrofa,Dasypus,Dasypodidae,1,Bajo
1583,Dasypus novemcinctus,Didelphis aurita,Euphractus sexcinctus,Didelphis aurita,Didelphis aurita,Dasypus novemcinctus,Didelphis aurita,Galictis cuja,Euphractus sexcinctus,Euphractus sexcinctus,Euphractus sexcinctus,Euphractus sexcinctus,Dasypus,Dasypodidae,1,Bajo
1584,Dasypus novemcinctus,Dasypus novemcinctus,Euphractus sexcinctus,Euphractus sexcinctus,Dasypus novemcinctus,Dasypus novemcinctus,Dasypus novemcinctus,Dasypus novemcinctus,Euphractus sexcinctus,Euphractus sexcinctus,Euphractus sexcinctus,Dasypus novemcinctus,Dasypus,Dasypodidae,1,Bajo
1585,Dasypus novemcinctus,Dasypus novemcinctus,Dasypus novemcinctus,Dasypus novemcinctus,Dasypus novemcinctus,Dasypus novemcinctus,Dasypus novemcinctus,Dasypus novemcinctus,Dasypus novemcinctus,Dasypus novemcinctus,Dasypus novemcinctus,Dasypus novemcinctus,Dasypus,Dasypodidae,1,Bajo
1586,Dasypus novemcinctus,Euphractus sexcinctus,Didelphis aurita,Didelphis aurita,Didelphis aurita,Dasypus novemcinctus,Dasypus novemcinctus,Didelphis aurita,Didelphis aurita,Didelphis aurita,Didelphis aurita,Euphractus sexcinctus,Dasypus,Dasypodidae,1,Bajo
1587,Dasypus novemcinctus,Sus scrofa,Dasyprocta azarae,Dasyprocta azarae,Sus scrofa,Sus scrofa,Sus scrofa,Sus scrofa,Dasyprocta azarae,Dasyprocta azarae,Dasyprocta azarae,Sus scrofa,Dasypus,Dasypodidae,1,Bajo
1589,Dasypus novemcinctus,Dasypus novemcinctus,Crypturellus tataupa,Crypturellus tataupa,Crypturellus tataupa,Dasypus novemcinctus,Cerdocyon thous,Dasypus novemcinctus,Crypturellus tataupa,Crypturellus tataupa,Crypturellus tataupa,Cuniculus paca,Dasypus,Dasypodidae,1,Bajo
1590,Dasypus novemcinctus,Dasypus novemcinctus,Didelphis aurita,Dasypus novemcinctus,Dasypus novemcinctus,Dasypus novemcinctus,Dasypus novemcinctus,Dasypus novemcinctus,Didelphis aurita,Didelphis aurita,Didelphis aurita,Dasypus novemcinctus,Dasypus,Dasypodidae,1,Bajo
1591,Dasypus novemcinctus,Cuniculus paca,Leopardus wiedii,Leopardus wiedii,Leopardus wiedii,Leopardus wiedii,Leopardus guttulus,Leopardus wiedii,Leopardus wiedii,Leopardus wiedii,Leopardus wiedii,Cuniculus paca,Dasypus,Dasypodidae,1,Bajo
1592,Dasypus novemcinctus,Dasypus novemcinctus,Dasyprocta azarae,Dasyprocta azarae,Dasyprocta azarae,Dasypus novemcinctus,Salvator merianae,Dasypus novemcinctus,Dasyprocta azarae,Dasyprocta azarae,Dasyprocta azarae,Dasypus novemcinctus,Dasypus,Dasypodidae,1,Bajo
1593,Dasypus novemcinctus,Dasypus novemcinctus,Dasypus novemcinctus,Dasypus novemcinctus,Dasypus novemcinctus,Dasypus novemcinctus,Dasypus novemcinctus,Dasypus novemcinctus,Dasypus novemcinctus,Dasypus novemcinctus,Dasypus novemcinctus,Dasypus novemcinctus,Dasypus,Dasypodidae,1,Bajo
1594,Dasypus novemcinctus,Dasypus novemcinctus,Dasypus novemcinctus,Dasypus novemcinctus,Dasypus novemcinctus,Dasypus novemcinctus,Dasypus novemcinctus,Dasypus novemcinctus,Dasypus novemcinctus,Dasypus novemcinctus,Dasypus novemcinctus,Dasypus novemcinctus,Dasypus,Dasypodidae,1,Bajo
1595,Dasypus novemcinctus,Dasypus novemcinctus,Tamandua tetradactyla,Lepus europaeus,Subulo gouazoubira,Dasypus novemcinctus,Dasypus novemcinctus,Dasypus novemcinctus,Tamandua tetradactyla,Tamandua tetradactyla,Tamandua tetradactyla,Dasypus novemcinctus,Dasypus,Dasypodidae,1,Bajo
1596,Dasypus novemcinctus,Mackenziaena severa,Salvator merianae,Crypturellus tataupa,Crypturellus tataupa,Dasypus novemcinctus,Dasypus novemcinctus,Mackenziaena leachii,Salvator merianae,Salvator merianae,Salvator merianae,Mackenziaena severa,Dasypus,Dasypodidae,1,Bajo
1597,Dasypus novemcinctus,Cuniculus paca,Cuniculus paca,Cuniculus paca,Cuniculus paca,Cerdocyon thous,Cerdocyon thous,Cerdocyon thous,Cuniculus paca,Cuniculus paca,Cuniculus paca,Cuniculus paca,Dasypus,Dasypodidae,1,Bajo
1598,Dasypus novemcinctus,Cuniculus paca,Cuniculus paca,Cuniculus paca,Cuniculus paca,Cuniculus paca,Cerdocyon thous,Cuniculus paca,Cuniculus paca,Cuniculus paca,Cuniculus paca,Cuniculus paca,Dasypus,Dasypodidae,1,Bajo
1599,Dasypus novemcinctus,Didelphis aurita,Euphractus sexcinctus,Didelphis aurita,Didelphis aurita,Euphractus sexcinctus,Didelphis aurita,Didelphis aurita,Euphractus sexcinctus,Euphractus sexcinctus,Euphractus sexcinctus,Didelphis aurita,Dasypus,Dasypodidae,1,Bajo
1600,Dasypus novemcinctus,Dasypus novemcinctus,Dasypus novemcinctus,Dasypus novemcinctus,Dasypus novemcinctus,Dasypus novemcinctus,Dasypus novemcinctus,Galictis cuja,Dasypus novemcinctus,Dasypus novemcinctus,Dasypus novemcinctus,Dasypus novemcinctus,Dasypus,Dasypodidae,1,Bajo
1605,Dasypus novemcinctus,Cuniculus paca,Lepus europaeus,Dasypus novemcinctus,Cerdocyon thous,Cerdocyon thous,Cerdocyon thous,Cerdocyon thous,Lepus europaeus,Lepus europaeus,Lepus europaeus,Cuniculus paca,Dasypus,Dasypodidae,1,Bajo
1607,Dasypus novemcinctus,Dasypus novemcinctus,Dasypus novemcinctus,Dasypus novemcinctus,Dasypus novemcinctus,Dasypus novemcinctus,Dasypus novemcinctus,Dasypus novemcinctus,Dasypus novemcinctus,Dasypus novemcinctus,Dasypus novemcinctus,Dasypus novemcinctus,Dasypus,Dasypodidae,1,Bajo
1608,Dasypus novemcinctus,Euphractus sexcinctus,Didelphis aurita,Didelphis aurita,Dasypus novemcinctus,Dasypus novemcinctus,Dasypus novemcinctus,Dasypus novemcinctus,Didelphis aurita,Didelphis aurita,Didelphis aurita,Euphractus sexcinctus,Dasypus,Dasypodidae,1,Bajo
1609,Dasypus novemcinctus,Cuniculus paca,Dasypus novemcinctus,Cuniculus paca,Cuniculus paca,Dasypus novemcinctus,Dasypus novemcinctus,Dasypus novemcinctus,Dasypus novemcinctus,Dasypus novemcinctus,Dasypus novemcinctus,Cuniculus paca,Dasypus,Dasypodidae,1,Bajo
1610,Dasypus novemcinctus,Dasypus novemcinctus,Dasypus novemcinctus,Dasypus novemcinctus,Dasypus novemcinctus,Dasypus novemcinctus,Dasypus novemcinctus,Sylvilagus brasiliensis,Dasypus novemcinctus,Dasypus novemcinctus,Dasypus novemcinctus,Dasypus novemcinctus,Dasypus,Dasypodidae,1,Bajo
1611,Dasypus novemcinctus,Sapajus nigritus,Odontophorus capueira,Conopophaga lineata vulgaris,Conopophaga lineata vulgaris,Dasypus novemcinctus,Dasyprocta azarae,Eira barbara,Odontophorus capueira,Odontophorus capueira,Odontophorus capueira,Sapajus nigritus,Dasypus,Dasypodidae,1,Bajo
1612,Dasypus novemcinctus,Dasypus novemcinctus,Dasypus novemcinctus,Dasypus novemcinctus,Dasypus novemcinctus,Dasypus novemcinctus,Dasypus novemcinctus,Dasypus novemcinctus,Dasypus novemcinctus,Dasypus novemcinctus,Dasypus novemcinctus,Dasypus novemcinctus,Dasypus,Dasypodidae,1,Bajo
1613,Dasypus novemcinctus,Euphractus sexcinctus,Euphractus sexcinctus,Euphractus sexcinctus,Euphractus sexcinctus,Dasypus novemcinctus,Salvator merianae,Dasypus novemcinctus,Euphractus sexcinctus,Euphractus sexcinctus,Euphractus sexcinctus,Euphractus sexcinctus,Dasypus,Dasypodidae,1,Bajo
1614,Dasypus novemcinctus,Dasypus novemcinctus,Leptotila rufaxilla,Herpailurus yagouaroundi,Aramides saracura,Dasypus novemcinctus,Salvator merianae,Dasypus novemcinctus,Leptotila rufaxilla,Leptotila rufaxilla,Leptotila rufaxilla,Dasypus novemcinctus,Dasypus,Dasypodidae,1,Bajo
1615,Dasypus novemcinctus,Dasypus novemcinctus,Dasypus novemcinctus,Euphractus sexcinctus,Dasypus novemcinctus,Dasypus novemcinctus,Dasypus novemcinctus,Dasypus novemcinctus,Dasypus novemcinctus,Dasypus novemcinctus,Dasypus novemcinctus,Dasypus novemcinctus,Dasypus,Dasypodidae,1,Bajo
1617,Dasypus novemcinctus,Euphractus sexcinctus,Euphractus sexcinctus,Eira barbara,Euphractus sexcinctus,Dasypus novemcinctus,Dasypus novemcinctus,Dasypus novemcinctus,Euphractus sexcinctus,Euphractus sexcinctus,Euphractus sexcinctus,Euphractus sexcinctus,Dasypus,Dasypodidae,1,Bajo
1618,Dasypus novemcinctus,Sus scrofa,Dasypus novemcinctus,Dasypus novemcinctus,Dasypus novemcinctus,Dasypus novemcinctus,Dasypus novemcinctus,Dasypus novemcinctus,Dasypus novemcinctus,Dasypus novemcinctus,Dasypus novemcinctus,Sus scrofa,Dasypus,Dasypodidae,1,Bajo
1619,Dasyprocta azarae,Dasyprocta azarae,Nasua nasua,Crax fasciolata,Canis familiaris,Dasyprocta azarae,Dasyprocta azarae,Cerdocyon thous,Nasua nasua,Nasua nasua,Nasua nasua,Dasyprocta azarae,Dasyprocta,Dasyproctidae,3,Medio
1621,Dasyprocta azarae,Pecari tajacu,Sapajus nigritus,Pecari tajacu,Pecari tajacu,Dasyprocta azarae,Pecari tajacu,Eira barbara,Sapajus nigritus,Sapajus nigritus,Sapajus nigritus,Pecari tajacu,Dasyprocta,Dasyproctidae,3,Medio
1622,Dasyprocta azarae,Dasyprocta azarae,Leptotila verreauxi,Herpailurus yagouaroundi,Aramides saracura,Sapajus nigritus,Dasyprocta azarae,Dasyprocta azarae,Leptotila verreauxi,Leptotila verreauxi,Leptotila verreauxi,Tayassu pecari,Dasyprocta,Dasyproctidae,3,Medio
1624,Dasyprocta azarae,Sylvilagus brasiliensis,Dasyprocta azarae,Dasyprocta azarae,Sylvilagus brasiliensis,Sylvilagus brasiliensis,Sylvilagus brasiliensis,Pecari tajacu,Dasyprocta azarae,Dasyprocta azarae,Dasyprocta azarae,Sylvilagus brasiliensis,Dasyprocta,Dasyproctidae,3,Medio
1625,Dasyprocta azarae,Sylvilagus brasiliensis,Dasyprocta azarae,Dasyprocta azarae,Dasyprocta azarae,Sylvilagus brasiliensis,Sylvilagus brasiliensis,Sylvilagus brasiliensis,Dasyprocta azarae,Dasyprocta azarae,Dasyprocta azarae,Sylvilagus brasiliensis,Dasyprocta,Dasyproctidae,3,Medio
1626,Dasyprocta azarae,Tayassu pecari,Herpailurus yagouaroundi,Aramides saracura,Aramides saracura,Dasyprocta azarae,Dasyprocta azarae,Dasyprocta azarae,Herpailurus yagouaroundi,Herpailurus yagouaroundi,Herpailurus yagouaroundi,Tayassu pecari,Dasyprocta,Dasyproctidae,3,Medio
1627,Dasyprocta azarae,Eira barbara,Cerdocyon thous,Cerdocyon thous,Cerdocyon thous,Dasyprocta azarae,Dasyprocta azarae,Dasyprocta azarae,Cerdocyon thous,Cerdocyon thous,Cerdocyon thous,Eira barbara,Dasyprocta,Dasyproctidae,3,Medio
1628,Dasyprocta azarae,Dasyprocta azarae,Dasyprocta azarae,Cerdocyon thous,Aramides saracura,Salvator merianae,Dasyprocta azarae,Aramides saracura,Dasyprocta azarae,Dasyprocta azarae,Dasyprocta azarae,Dasyprocta azarae,Dasyprocta,Dasyproctidae,3,Medio
1629,Dasyprocta azarae,Tayassu pecari,Aramides saracura,Aramides saracura,Dasyprocta azarae,Dasyprocta azarae,Dasyprocta azarae,Dasyprocta azarae,Aramides saracura,Aramides saracura,Aramides saracura,Tayassu pecari,Dasyprocta,Dasyproctidae,3,Medio
1631,Dasyprocta azarae,Dasyprocta azarae,Dasyprocta azarae,Dasyprocta azarae,Dasyprocta azarae,Dasyprocta azarae,Dasyprocta azarae,Dasyprocta azarae,Dasyprocta azarae,Dasyprocta azarae,Dasyprocta azarae,Dasyprocta azarae,Dasyprocta,Dasyproctidae,3,Medio
1632,Dasyprocta azarae,Dasyprocta azarae,Dasyprocta azarae,Dasyprocta azarae,Dasyprocta azarae,Dasyprocta azarae,Dasyprocta azarae,Dasyprocta azarae,Dasyprocta azarae,Dasyprocta azarae,Dasyprocta azarae,Dasyprocta azarae,Dasyprocta,Dasyproctidae,3,Medio
1633,Dasyprocta azarae,Dasyprocta azarae,Dasyprocta azarae,Aramides saracura,Aramides saracura,Dasyprocta azarae,Dasyprocta azarae,Dasyprocta azarae,Dasyprocta azarae,Dasyprocta azarae,Dasyprocta azarae,Dasyprocta azarae,Dasyprocta,Dasyproctidae,3,Medio
1634,Dasyprocta azarae,Tinamus solitarius,Nasua nasua,Cerdocyon thous,Cerdocyon thous,Dasyprocta azarae,Dasyprocta azarae,Pecari tajacu,Nasua nasua,Nasua nasua,Nasua nasua,Tinamus solitarius,Dasyprocta,Dasyproctidae,3,Medio
1635,Dasyprocta azarae,Dasyprocta azarae,Pecari tajacu,Cuniculus paca,Cuniculus paca,Dasyprocta azarae,Dasyprocta azarae,Pecari tajacu,Pecari tajacu,Pecari tajacu,Pecari tajacu,Dasyprocta azarae,Dasyprocta,Dasyproctidae,3,Medio
1636,Dasyprocta azarae,Pecari tajacu,Dasyprocta azarae,Dasyprocta azarae,Pecari tajacu,Pecari tajacu,Pecari tajacu,Pecari tajacu,Dasyprocta azarae,Dasyprocta azarae,Dasyprocta azarae,Pecari tajacu,Dasyprocta,Dasyproctidae,3,Medio
1637,Dasyprocta azarae,Dasyprocta azarae,Penelope superciliaris,Mazama nanus,Leptotila rufaxilla,Dasypus novemcinctus,Dasyprocta azarae,Dasypus novemcinctus,Penelope superciliaris,Penelope superciliaris,Penelope superciliaris,Dasyprocta azarae,Dasyprocta,Dasyproctidae,3,Medio
1638,Dasyprocta azarae,Sylvilagus brasiliensis,Pecari tajacu,Sylvilagus brasiliensis,Sylvilagus brasiliensis,Sylvilagus brasiliensis,Sylvilagus brasiliensis,Kannabateomys amblyonyx,Pecari tajacu,Pecari tajacu,Pecari tajacu,Sylvilagus brasiliensis,Dasyprocta,Dasyproctidae,3,Medio
1639,Dasyprocta azarae,Crypturellus obsoletus,Aramides saracura,Aramides saracura,Aramides saracura,Dasyprocta azarae,Dasyprocta azarae,Leptotila rufaxilla,Aramides saracura,Aramides saracura,Aramides saracura,Crypturellus obsoletus,Dasyprocta,Dasyproctidae,3,Medio
1640,Dasyprocta azarae,Sylvilagus brasiliensis,Pecari tajacu,Pecari tajacu,Nasua nasua,Dasyprocta azarae,Nasua nasua,Pecari tajacu,Pecari tajacu,Pecari tajacu,Pecari tajacu,Sylvilagus brasiliensis,Dasyprocta,Dasyproctidae,3,Medio
1641,Dasyprocta azarae,Crypturellus obsoletus,Pecari tajacu,Nasua nasua,Leptotila rufaxilla,Sylvilagus brasiliensis,Dasyprocta azarae,Sapajus nigritus,Pecari tajacu,Pecari tajacu,Pecari tajacu,Crypturellus obsoletus,Dasyprocta,Dasyproctidae,3,Medio
1642,Dasyprocta azarae,Crypturellus obsoletus,Odontophorus capueira,Mackenziaena severa,Crypturellus tataupa,Dasyprocta azarae,Dasyprocta azarae,Cerdocyon thous,Odontophorus capueira,Odontophorus capueira,Odontophorus capueira,Conopophaga lineata vulgaris,Dasyprocta,Dasyproctidae,3,Medio
1643,Dasyprocta azarae,Sylvilagus brasiliensis,Sylvilagus brasiliensis,Sylvilagus brasiliensis,Sylvilagus brasiliensis,Pecari tajacu,Pecari tajacu,Pecari tajacu,Sylvilagus brasiliensis,Sylvilagus brasiliensis,Sylvilagus brasiliensis,Sylvilagus brasiliensis,Dasyprocta,Dasyproctidae,3,Medio
1644,Dasyprocta azarae,Aramides saracura,Crax fasciolata,Aramides saracura,Aramides saracura,Dasyprocta azarae,Aramides saracura,Aramides saracura,Crax fasciolata,Crax fasciolata,Crax fasciolata,Aramides saracura,Dasyprocta,Dasyproctidae,3,Medio
1645,Dasyprocta azarae,Galictis cuja,Lycalopex gymnocerca,Lycalopex gymnocerca,Cerdocyon thous,Dasyprocta azarae,Galictis cuja,Pecari tajacu,Lycalopex gymnocerca,Lycalopex gymnocerca,Lycalopex gymnocerca,Puma concolor concolor,Dasyprocta,Dasyproctidae,3,Medio
1646,Dasyprocta azarae,Dasyprocta azarae,Dasyprocta azarae,Dasyprocta azarae,Crypturellus tataupa,Dasyprocta azarae,Dasyprocta azarae,Dasyprocta azarae,Dasyprocta azarae,Dasyprocta azarae,Dasyprocta azarae,Dasyprocta azarae,Dasyprocta,Dasyproctidae,3,Medio
1648,Dasyprocta azarae,Sylvilagus brasiliensis,Dasyprocta azarae,Sylvilagus brasiliensis,Pecari tajacu,Sylvilagus brasiliensis,Pecari tajacu,Pecari tajacu,Dasyprocta azarae,Dasyprocta azarae,Dasyprocta azarae,Sylvilagus brasiliensis,Dasyprocta,Dasyproctidae,3,Medio
1649,Dasyprocta azarae,Aramides saracura,Leptotila rufaxilla,Aramides saracura,Aramides saracura,Dasyprocta azarae,Aramides saracura,Crypturellus obsoletus,Leptotila rufaxilla,Leptotila rufaxilla,Leptotila rufaxilla,Aramides saracura,Dasyprocta,Dasyproctidae,3,Medio
1651,Dasyprocta azarae,Sylvilagus brasiliensis,Cuniculus paca,Crypturellus obsoletus,Crypturellus obsoletus,Sylvilagus brasiliensis,Sylvilagus brasiliensis,Eira barbara,Cuniculus paca,Cuniculus paca,Cuniculus paca,Sylvilagus brasiliensis,Dasyprocta,Dasyproctidae,3,Medio
1652,Dasyprocta azarae,Dasyprocta azarae,Dasyprocta azarae,Dasyprocta azarae,Dasyprocta azarae,Dasyprocta azarae,Dasyprocta azarae,Dasyprocta azarae,Dasyprocta azarae,Dasyprocta azarae,Dasyprocta azarae,Dasyprocta azarae,Dasyprocta,Dasyproctidae,3,Medio
1653,Dasyprocta azarae,Pyriglena leucoptera,Crypturellus tataupa,Crypturellus tataupa,Crypturellus tataupa,Mackenziaena severa,Pyriglena leucoptera,Didelphis albiventris,Crypturellus tataupa,Crypturellus tataupa,Crypturellus tataupa,Pyriglena leucoptera,Dasyprocta,Dasyproctidae,3,Medio
1654,Dasyprocta azarae,Dasyprocta azarae,Eira barbara,Dasyprocta azarae,Eira barbara,Dasyprocta azarae,Dasyprocta azarae,Eira barbara,Eira barbara,Eira barbara,Eira barbara,Dasyprocta azarae,Dasyprocta,Dasyproctidae,3,Medio
1656,Dasyprocta azarae,Crypturellus obsoletus,Pecari tajacu,Chamaeza campanisona,Chamaeza campanisona,Pecari tajacu,Sapajus nigritus,Leptotila rufaxilla,Pecari tajacu,Pecari tajacu,Pecari tajacu,Crypturellus obsoletus,Dasyprocta,Dasyproctidae,3,Medio
1657,Dasyprocta azarae,Dasyprocta azarae,Crypturellus obsoletus,Eira barbara,Eira barbara,Dasyprocta azarae,Dasyprocta azarae,Tinamus solitarius,Crypturellus obsoletus,Crypturellus obsoletus,Crypturellus obsoletus,Dasyprocta azarae,Dasyprocta,Dasyproctidae,3,Medio
1658,Dasyprocta azarae,Dasyprocta azarae,Dasyprocta azarae,Crypturellus tataupa,Dasyprocta azarae,Dasyprocta azarae,Dasyprocta azarae,Dasyprocta azarae,Dasyprocta azarae,Dasyprocta azarae,Dasyprocta azarae,Dasyprocta azarae,Dasyprocta,Dasyproctidae,3,Medio
1659,Dasyprocta azarae,Pecari tajacu,Pecari tajacu,Pecari tajacu,Pecari tajacu,Pecari tajacu,Pecari tajacu,Pecari tajacu,Pecari tajacu,Pecari tajacu,Pecari tajacu,Pecari tajacu,Dasyprocta,Dasyproctidae,3,Medio
1660,Dasyprocta azarae,Sylvilagus brasiliensis,Pecari tajacu,Pecari tajacu,Pecari tajacu,Dasyprocta azarae,Dasyprocta azarae,Galictis cuja,Pecari tajacu,Pecari tajacu,Pecari tajacu,Sylvilagus brasiliensis,Dasyprocta,Dasyproctidae,3,Medio
1662,Dasyprocta azarae,Dasyprocta azarae,Dasyprocta azarae,Dasyprocta azarae,Dasyprocta azarae,Dasyprocta azarae,Dasyprocta azarae,Aramides saracura,Dasyprocta azarae,Dasyprocta azarae,Dasyprocta azarae,Dasyprocta azarae,Dasyprocta,Dasyproctidae,3,Medio
1663,Dasyprocta azarae,Dasyprocta azarae,Crax fasciolata,Dasyprocta azarae,Dasyprocta azarae,Dasyprocta azarae,Dasyprocta azarae,Dasyprocta azarae,Crax fasciolata,Crax fasciolata,Crax fasciolata,Dasyprocta azarae,Dasyprocta,Dasyproctidae,3,Medio
1664,Dasyprocta azarae,Crypturellus tataupa,Turdus albicollis,Eira barbara,Chamaeza campanisona,Dasyprocta azarae,Dasyprocta azarae,Crypturellus tataupa,Turdus albicollis,Turdus albicollis,Turdus albicollis,Crypturellus tataupa,Dasyprocta,Dasyproctidae,3,Medio
1665,Dasyprocta azarae,Dasyprocta azarae,Aramides saracura,Aramides saracura,Aramides saracura,Dasyprocta azarae,Dasyprocta azarae,Aramides saracura,Aramides saracura,Aramides saracura,Aramides saracura,Dasyprocta azarae,Dasyprocta,Dasyproctidae,3,Medio
1668,Dasyprocta azarae,Didelphis aurita,Didelphis aurita,Galictis cuja,Galictis cuja,Phrynops williamsi,Didelphis aurita,Didelphis aurita,Didelphis aurita,Didelphis aurita,Didelphis aurita,Didelphis aurita,Dasyprocta,Dasyproctidae,3,Medio
1669,Dasyprocta azarae,Dasyprocta azarae,Pecari tajacu,Crypturellus tataupa,Dasyprocta azarae,Dasyprocta azarae,Dasyprocta azarae,Dasyprocta azarae,Pecari tajacu,Pecari tajacu,Pecari tajacu,Dasyprocta azarae,Dasyprocta,Dasyproctidae,3,Medio
1670,Dasyprocta azarae,Dasyprocta azarae,Penelope superciliaris,Pecari tajacu,Penelope superciliaris,Pecari tajacu,Dasyprocta azarae,Mazama nanus,Penelope superciliaris,Penelope superciliaris,Penelope superciliaris,Pecari tajacu,Dasyprocta,Dasyproctidae,3,Medio
1673,Dasyprocta azarae,Tayassu pecari,Dasyprocta azarae,Dasyprocta azarae,Dasyprocta azarae,Dasyprocta azarae,Dasyprocta azarae,Dasyprocta azarae,Dasyprocta azarae,Dasyprocta azarae,Dasyprocta azarae,Tayassu pecari,Dasyprocta,Dasyproctidae,3,Medio
1675,Dasyprocta azarae,Dasyprocta azarae,Procyon cancrivorus,Cuniculus paca,Cabassous tatouay,Dasypus novemcinctus,Dasyprocta azarae,Salvator merianae,Procyon cancrivorus,Procyon cancrivorus,Procyon cancrivorus,Cabassous tatouay,Dasyprocta,Dasyproctidae,3,Medio
1676,Dasyprocta azarae,Aramides saracura,Sylvilagus brasiliensis,Didelphis aurita,Didelphis aurita,Dasypus novemcinctus,Aramides saracura,Aramides saracura,Sylvilagus brasiliensis,Sylvilagus brasiliensis,Sylvilagus brasiliensis,Aramides saracura,Dasyprocta,Dasyproctidae,3,Medio
1677,Dasyprocta azarae,Hydrochoerus hydrochaeris,Hydrochoerus hydrochaeris,Hydrochoerus hydrochaeris,Hydrochoerus hydrochaeris,Hydrochoerus hydrochaeris,Hydrochoerus hydrochaeris,Aramides saracura,Hydrochoerus hydrochaeris,Hydrochoerus hydrochaeris,Hydrochoerus hydrochaeris,Hydrochoerus hydrochaeris,Dasyprocta,Dasyproctidae,3,Medio
1678,Dasyprocta azarae,Sylvilagus brasiliensis,Sylvilagus brasiliensis,Sylvilagus brasiliensis,Sylvilagus brasiliensis,Sylvilagus brasiliensis,Pecari tajacu,Sylvilagus brasiliensis,Sylvilagus brasiliensis,Sylvilagus brasiliensis,Sylvilagus brasiliensis,Sylvilagus brasiliensis,Dasyprocta,Dasyproctidae,3,Medio
1679,Dasyprocta azarae,Pecari tajacu,Pecari tajacu,Pecari tajacu,Pecari tajacu,Pecari tajacu,Dasyprocta azarae,Galictis cuja,Pecari tajacu,Pecari tajacu,Pecari tajacu,Pecari tajacu,Dasyprocta,Dasyproctidae,3,Medio
1681,Dasyprocta azarae,Dasyprocta azarae,Penelope superciliaris,Canis familiaris,Aramides saracura,Dasyprocta azarae,Dasyprocta azarae,Salvator merianae,Penelope superciliaris,Penelope superciliaris,Penelope superciliaris,Dasyprocta azarae,Dasyprocta,Dasyproctidae,3,Medio
1682,Dasyprocta azarae,Lepus europaeus,Dasyprocta azarae,Dasyprocta azarae,Dasyprocta azarae,Galictis cuja,Hydrochoerus hydrochaeris,Lycalopex gymnocerca,Dasyprocta azarae,Dasyprocta azarae,Dasyprocta azarae,Lepus europaeus,Dasyprocta,Dasyproctidae,3,Medio
1683,Dasyprocta azarae,Dasyprocta azarae,Sapajus nigritus,Dasyprocta azarae,Dasyprocta azarae,Dasyprocta azarae,Dasyprocta azarae,Eira barbara,Sapajus nigritus,Sapajus nigritus,Sapajus nigritus,Dasyprocta azarae,Dasyprocta,Dasyproctidae,3,Medio
1684,Dasyprocta azarae,Eira barbara,Eira barbara,Eira barbara,Eira barbara,Dasyprocta azarae,Dasyprocta azarae,Pecari tajacu,Eira barbara,Eira barbara,Eira barbara,Eira barbara,Dasyprocta,Dasyproctidae,3,Medio
1685,Dasyprocta azarae,Dasyprocta azarae,Dasyprocta azarae,Dasyprocta azarae,Dasyprocta azarae,Dasyprocta azarae,Dasyprocta azarae,Dasyprocta azarae,Dasyprocta azarae,Dasyprocta azarae,Dasyprocta azarae,Dasyprocta azarae,Dasyprocta,Dasyproctidae,3,Medio
1686,Dasyprocta azarae,Sylvilagus brasiliensis,Dasyprocta azarae,Sylvilagus brasiliensis,Sylvilagus brasiliensis,Sylvilagus brasiliensis,Sylvilagus brasiliensis,Sylvilagus brasiliensis,Dasyprocta azarae,Dasyprocta azarae,Dasyprocta azarae,Sylvilagus brasiliensis,Dasyprocta,Dasyproctidae,3,Medio
1687,Dasyprocta azarae,Dasyprocta azarae,Dasyprocta azarae,Cerdocyon thous,Cerdocyon thous,Dasyprocta azarae,Dasyprocta azarae,Cerdocyon thous,Dasyprocta azarae,Dasyprocta azarae,Dasyprocta azarae,Dasyprocta azarae,Dasyprocta,Dasyproctidae,3,Medio
1689,Didelphis albiventris,Amazona aestiva,Sapajus nigritus,Amazona aestiva,Amazona aestiva,Brotogeris chiriri,Brotogeris chiriri,Amazona vinacea,Sapajus nigritus,Sapajus nigritus,Sapajus nigritus,Amazona aestiva,Didelphis,Didelphidae,1,Bajo
1691,Didelphis albiventris,Didelphis aurita,Nasua nasua,Didelphis aurita,Didelphis aurita,Didelphis aurita,Didelphis aurita,Didelphis aurita,Nasua nasua,Nasua nasua,Nasua nasua,Didelphis aurita,Didelphis,Didelphidae,1,Bajo
1692,Didelphis albiventris,Penelope superciliaris,Selenidera maculirostris,Selenidera maculirostris,Selenidera maculirostris,Selenidera maculirostris,Penelope superciliaris,Alouatta guariba,Selenidera maculirostris,Selenidera maculirostris,Selenidera maculirostris,Penelope superciliaris,Didelphis,Didelphidae,1,Bajo
1693,Didelphis albiventris,Didelphis aurita,Cerdocyon thous,Cerdocyon thous,Cerdocyon thous,Didelphis aurita,Didelphis aurita,Didelphis aurita,Cerdocyon thous,Cerdocyon thous,Cerdocyon thous,Didelphis aurita,Didelphis,Didelphidae,1,Bajo
1694,Didelphis albiventris,Alouatta guariba clamitans,Didelphis albiventris,Alouatta caraya,Alouatta caraya,Didelphis aurita,Alouatta guariba clamitans,Alouatta guariba,Didelphis albiventris,Didelphis albiventris,Didelphis albiventris,Alouatta guariba clamitans,Didelphis,Didelphidae,1,Bajo
1695,Didelphis albiventris,Alouatta guariba,Sapajus nigritus,Amazona vinacea,Alouatta caraya,Alouatta guariba,Alouatta guariba clamitans,Amazona vinacea,Sapajus nigritus,Sapajus nigritus,Sapajus nigritus,Alouatta guariba,Didelphis,Didelphidae,1,Bajo
1696,Didelphis albiventris,Didelphis aurita,Didelphis albiventris,Didelphis albiventris,Didelphis aurita,Didelphis aurita,Didelphis aurita,Didelphis aurita,Didelphis albiventris,Didelphis albiventris,Didelphis albiventris,Didelphis aurita,Didelphis,Didelphidae,1,Bajo
1697,Didelphis albiventris,Didelphis albiventris,Tamandua tetradactyla,Dasyprocta azarae,Dasyprocta azarae,Didelphis aurita,Didelphis albiventris,Didelphis albiventris,Tamandua tetradactyla,Tamandua tetradactyla,Tamandua tetradactyla,Didelphis albiventris,Didelphis,Didelphidae,1,Bajo
1698,Didelphis albiventris,Didelphis aurita,Didelphis aurita,Didelphis albiventris,Didelphis albiventris,Didelphis aurita,Didelphis aurita,Odontophorus capueira,Didelphis aurita,Didelphis aurita,Didelphis aurita,Didelphis aurita,Didelphis,Didelphidae,1,Bajo
1700,Didelphis albiventris,Cuniculus paca,Dasypus novemcinctus,Cuniculus paca,Cuniculus paca,Cerdocyon thous,Cerdocyon thous,Leopardus wiedii,Dasypus novemcinctus,Dasypus novemcinctus,Dasypus novemcinctus,Cuniculus paca,Didelphis,Didelphidae,1,Bajo
1701,Didelphis albiventris,Aramides saracura,Hydrochoerus hydrochaeris,Hydrochoerus hydrochaeris,Dasyprocta azarae,Salvator merianae,Aramides saracura,Leptotila verreauxi,Hydrochoerus hydrochaeris,Hydrochoerus hydrochaeris,Hydrochoerus hydrochaeris,Aramides saracura,Didelphis,Didelphidae,1,Bajo
1702,Didelphis albiventris,Galictis cuja,Procyon cancrivorus,Didelphis aurita,Galictis cuja,Herpailurus yagouaroundi,Galictis cuja,Cerdocyon thous,Procyon cancrivorus,Procyon cancrivorus,Procyon cancrivorus,Galictis cuja,Didelphis,Didelphidae,1,Bajo
1703,Didelphis albiventris,Didelphis albiventris,Didelphis albiventris,Didelphis albiventris,Didelphis albiventris,Didelphis albiventris,Didelphis albiventris,Didelphis albiventris,Didelphis albiventris,Didelphis albiventris,Didelphis albiventris,Didelphis albiventris,Didelphis,Didelphidae,1,Bajo
1704,Didelphis albiventris,Procyon cancrivorus,Procyon cancrivorus,Procyon cancrivorus,Procyon cancrivorus,Procyon cancrivorus,Cerdocyon thous,Didelphis albiventris,Procyon cancrivorus,Procyon cancrivorus,Procyon cancrivorus,Procyon cancrivorus,Didelphis,Didelphidae,1,Bajo
1705,Didelphis albiventris,Galictis cuja,Galictis cuja,Cerdocyon thous,Cerdocyon thous,Didelphis aurita,Galictis cuja,Galictis cuja,Galictis cuja,Galictis cuja,Galictis cuja,Galictis cuja,Didelphis,Didelphidae,1,Bajo
1706,Didelphis albiventris,Didelphis albiventris,Dasyprocta azarae,Dasyprocta azarae,Aramides saracura,Didelphis albiventris,Didelphis albiventris,Didelphis albiventris,Dasyprocta azarae,Dasyprocta azarae,Dasyprocta azarae,Didelphis albiventris,Didelphis,Didelphidae,1,Bajo
1707,Didelphis albiventris,Didelphis aurita,Tamandua tetradactyla,Didelphis aurita,Didelphis aurita,Didelphis aurita,Didelphis aurita,Nasua nasua,Tamandua tetradactyla,Tamandua tetradactyla,Tamandua tetradactyla,Didelphis aurita,Didelphis,Didelphidae,1,Bajo
1708,Didelphis albiventris,Didelphis aurita,Didelphis aurita,Didelphis aurita,Didelphis aurita,Didelphis aurita,Didelphis aurita,Didelphis aurita,Didelphis aurita,Didelphis aurita,Didelphis aurita,Didelphis aurita,Didelphis,Didelphidae,1,Bajo
1709,Didelphis albiventris,Didelphis aurita,Didelphis aurita,Didelphis aurita,Didelphis aurita,Didelphis aurita,Galictis cuja,Didelphis aurita,Didelphis aurita,Didelphis aurita,Didelphis aurita,Didelphis aurita,Didelphis,Didelphidae,1,Bajo
1710,Didelphis albiventris,Galictis cuja,Galictis cuja,Galictis cuja,Didelphis aurita,Galictis cuja,Galictis cuja,Galictis cuja,Galictis cuja,Galictis cuja,Galictis cuja,Galictis cuja,Didelphis,Didelphidae,1,Bajo
1711,Didelphis albiventris,Cuniculus paca,Cerdocyon thous,Cerdocyon thous,Cerdocyon thous,Cerdocyon thous,Cerdocyon thous,Cerdocyon thous,Cerdocyon thous,Cerdocyon thous,Cerdocyon thous,Cuniculus paca,Didelphis,Didelphidae,1,Bajo
1712,Didelphis albiventris,Dasyprocta azarae,Mazama nanus,Crypturellus obsoletus,Crypturellus obsoletus,Pecari tajacu,Dasyprocta azarae,Crypturellus tataupa,Mazama nanus,Mazama nanus,Mazama nanus,Dasyprocta azarae,Didelphis,Didelphidae,1,Bajo
1713,Didelphis albiventris,Didelphis aurita,Herpailurus yagouaroundi,Didelphis aurita,Didelphis aurita,Didelphis aurita,Galictis cuja,Galictis cuja,Herpailurus yagouaroundi,Herpailurus yagouaroundi,Herpailurus yagouaroundi,Didelphis aurita,Didelphis,Didelphidae,1,Bajo
1714,Didelphis albiventris,Alouatta caraya,Notharchus swainsoni,Alouatta caraya,Alouatta caraya,Didelphis albiventris,Alouatta caraya,Sapajus nigritus,Notharchus swainsoni,Notharchus swainsoni,Notharchus swainsoni,Alouatta caraya,Didelphis,Didelphidae,1,Bajo
1715,Didelphis albiventris,Pipile jacutinga,Strix hylophila,Mackenziaena severa,Habia rubica,Pipile jacutinga,Pipile jacutinga,Alouatta guariba clamitans,Strix hylophila,Strix hylophila,Strix hylophila,Pipile jacutinga,Didelphis,Didelphidae,1,Bajo
1716,Didelphis albiventris,Didelphis aurita,Didelphis aurita,Didelphis aurita,Didelphis aurita,Didelphis aurita,Didelphis aurita,Didelphis aurita,Didelphis aurita,Didelphis aurita,Didelphis aurita,Didelphis aurita,Didelphis,Didelphidae,1,Bajo
1717,Didelphis albiventris,Alouatta guariba clamitans,Brotogeris chiriri,Brotogeris chiriri,Brotogeris chiriri,Alouatta guariba clamitans,Brotogeris chiriri,Alouatta guariba clamitans,Brotogeris chiriri,Brotogeris chiriri,Brotogeris chiriri,Alouatta guariba clamitans,Didelphis,Didelphidae,1,Bajo
1719,Didelphis albiventris,Galictis cuja,Myrmecophaga tridactyla,Galictis cuja,Cerdocyon thous,Didelphis aurita,Galictis cuja,Didelphis aurita,Myrmecophaga tridactyla,Myrmecophaga tridactyla,Myrmecophaga tridactyla,Galictis cuja,Didelphis,Didelphidae,1,Bajo
1720,Didelphis albiventris,Didelphis aurita,Didelphis aurita,Didelphis aurita,Didelphis aurita,Didelphis aurita,Didelphis aurita,Didelphis aurita,Didelphis aurita,Didelphis aurita,Didelphis aurita,Didelphis aurita,Didelphis,Didelphidae,1,Bajo
1721,Didelphis albiventris,Sapajus nigritus,Biatas nigropectus,Biatas nigropectus,Biatas nigropectus,Didelphis albiventris,Penelope superciliaris,Alouatta caraya,Biatas nigropectus,Biatas nigropectus,Biatas nigropectus,Sapajus nigritus,Didelphis,Didelphidae,1,Bajo
1722,Didelphis albiventris,Didelphis aurita,Nasua nasua,Nasua nasua,Didelphis aurita,Didelphis aurita,Didelphis aurita,Cerdocyon thous,Nasua nasua,Nasua nasua,Nasua nasua,Didelphis aurita,Didelphis,Didelphidae,1,Bajo
1724,Didelphis albiventris,Didelphis aurita,Procyon cancrivorus,Didelphis aurita,Didelphis albiventris,Didelphis aurita,Didelphis aurita,Didelphis aurita,Procyon cancrivorus,Procyon cancrivorus,Procyon cancrivorus,Didelphis aurita,Didelphis,Didelphidae,1,Bajo
1725,Didelphis albiventris,Cuniculus paca,Cuniculus paca,Cuniculus paca,Cerdocyon thous,Cuniculus paca,Cerdocyon thous,Leopardus wiedii,Cuniculus paca,Cuniculus paca,Cuniculus paca,Cuniculus paca,Didelphis,Didelphidae,1,Bajo
1726,Didelphis albiventris,Didelphis albiventris,Didelphis albiventris,Didelphis albiventris,Didelphis albiventris,Didelphis albiventris,Didelphis albiventris,Didelphis albiventris,Didelphis albiventris,Didelphis albiventris,Didelphis albiventris,Didelphis albiventris,Didelphis,Didelphidae,1,Bajo
1727,Didelphis albiventris,Canis familiaris,Nasua nasua,Nasua nasua,Nasua nasua,Didelphis albiventris,Didelphis albiventris,Didelphis albiventris,Nasua nasua,Nasua nasua,Nasua nasua,Canis familiaris,Didelphis,Didelphidae,1,Bajo
1728,Didelphis albiventris,Didelphis aurita,Didelphis albiventris,Didelphis albiventris,Didelphis aurita,Didelphis aurita,Didelphis aurita,Nyctidromus albicollis,Didelphis albiventris,Didelphis albiventris,Didelphis albiventris,Didelphis aurita,Didelphis,Didelphidae,1,Bajo
1729,Didelphis albiventris,Hypoedaleus guttatus,Cyanocorax chrysops,Cyanocorax chrysops,Brotogeris chiriri,Hypoedaleus guttatus,Hypoedaleus guttatus,Brotogeris chiriri,Cyanocorax chrysops,Cyanocorax chrysops,Cyanocorax chrysops,Hypoedaleus guttatus,Didelphis,Didelphidae,1,Bajo
1730,Didelphis albiventris,Didelphis aurita,Leptotila rufaxilla,Conopophaga lineata,Conopophaga lineata,Didelphis aurita,Didelphis aurita,Didelphis albiventris,Leptotila rufaxilla,Leptotila rufaxilla,Leptotila rufaxilla,Didelphis aurita,Didelphis,Didelphidae,1,Bajo
1731,Didelphis albiventris,Didelphis aurita,Dasyprocta azarae,Dasyprocta azarae,Salvator merianae,Didelphis aurita,Didelphis aurita,Nasua nasua,Dasyprocta azarae,Dasyprocta azarae,Dasyprocta azarae,Didelphis aurita,Didelphis,Didelphidae,1,Bajo
1732,Didelphis albiventris,Cuniculus paca,Cuniculus paca,Cuniculus paca,Cuniculus paca,Procyon cancrivorus,Cerdocyon thous,Leopardus guttulus,Cuniculus paca,Cuniculus paca,Cuniculus paca,Cuniculus paca,Didelphis,Didelphidae,1,Bajo
1735,Didelphis albiventris,Didelphis aurita,Didelphis aurita,Didelphis aurita,Didelphis aurita,Didelphis aurita,Didelphis aurita,Didelphis aurita,Didelphis aurita,Didelphis aurita,Didelphis aurita,Didelphis aurita,Didelphis,Didelphidae,1,Bajo
1736,Didelphis albiventris,Didelphis aurita,Didelphis aurita,Didelphis aurita,Didelphis aurita,Didelphis aurita,Didelphis aurita,Didelphis aurita,Didelphis aurita,Didelphis aurita,Didelphis aurita,Didelphis aurita,Didelphis,Didelphidae,1,Bajo
1737,Didelphis albiventris,Didelphis albiventris,Didelphis albiventris,Didelphis albiventris,Didelphis albiventris,Didelphis albiventris,Didelphis albiventris,Didelphis albiventris,Didelphis albiventris,Didelphis albiventris,Didelphis albiventris,Didelphis albiventris,Didelphis,Didelphidae,1,Bajo
1738,Didelphis albiventris,Didelphis aurita,Didelphis aurita,Didelphis aurita,Didelphis aurita,Didelphis aurita,Didelphis aurita,Didelphis aurita,Didelphis aurita,Didelphis aurita,Didelphis aurita,Didelphis aurita,Didelphis,Didelphidae,1,Bajo
1739,Didelphis albiventris,Alouatta caraya,Sapajus nigritus,Baryphthengus ruficapillus,Sapajus nigritus,Amazona aestiva,Sapajus nigritus,Amazona aestiva,Sapajus nigritus,Sapajus nigritus,Sapajus nigritus,Alouatta caraya,Didelphis,Didelphidae,1,Bajo
1740,Didelphis albiventris,Didelphis aurita,Didelphis aurita,Cuniculus paca,Didelphis aurita,Didelphis aurita,Didelphis aurita,Didelphis aurita,Didelphis aurita,Didelphis aurita,Didelphis aurita,Didelphis aurita,Didelphis,Didelphidae,1,Bajo
1744,Didelphis albiventris,Galictis cuja,Didelphis aurita,Galictis cuja,Galictis cuja,Galictis cuja,Galictis cuja,Galictis cuja,Didelphis aurita,Didelphis aurita,Didelphis aurita,Galictis cuja,Didelphis,Didelphidae,1,Bajo
1745,Didelphis albiventris,Didelphis aurita,Didelphis aurita,Didelphis aurita,Didelphis aurita,Didelphis aurita,Didelphis aurita,Nasua nasua,Didelphis aurita,Didelphis aurita,Didelphis aurita,Didelphis aurita,Didelphis,Didelphidae,1,Bajo
1747,Didelphis albiventris,Galictis cuja,Galictis cuja,Didelphis aurita,Galictis cuja,Galictis cuja,Galictis cuja,Galictis cuja,Galictis cuja,Galictis cuja,Galictis cuja,Galictis cuja,Didelphis,Didelphidae,1,Bajo
1749,Didelphis albiventris,Didelphis aurita,Baryphthengus ruficapillus,Didelphis aurita,Didelphis aurita,Didelphis aurita,Didelphis aurita,Nasua nasua,Baryphthengus ruficapillus,Baryphthengus ruficapillus,Baryphthengus ruficapillus,Didelphis aurita,Didelphis,Didelphidae,1,Bajo
1750,Didelphis aurita,Galictis cuja,Galictis cuja,Didelphis aurita,Cerdocyon thous,Didelphis aurita,Galictis cuja,Galictis cuja,Galictis cuja,Galictis cuja,Galictis cuja,Galictis cuja,Didelphis,Didelphidae,3,Medio
1751,Didelphis aurita,Didelphis aurita,Didelphis aurita,Didelphis aurita,Didelphis aurita,Didelphis aurita,Didelphis aurita,Didelphis aurita,Didelphis aurita,Didelphis aurita,Didelphis aurita,Didelphis aurita,Didelphis,Didelphidae,3,Medio
1755,Didelphis aurita,Cuniculus paca,Cuniculus paca,Cuniculus paca,Leopardus wiedii,Leopardus wiedii,Cerdocyon thous,Dasypus novemcinctus,Cuniculus paca,Cuniculus paca,Cuniculus paca,Cuniculus paca,Didelphis,Didelphidae,3,Medio
1756,Didelphis aurita,Galictis cuja,Myrmecophaga tridactyla,Galictis cuja,Myrmecophaga tridactyla,Galictis cuja,Galictis cuja,Didelphis aurita,Myrmecophaga tridactyla,Myrmecophaga tridactyla,Myrmecophaga tridactyla,Galictis cuja,Didelphis,Didelphidae,3,Medio
1757,Didelphis aurita,Sylvilagus brasiliensis,Sylvilagus brasiliensis,Sylvilagus brasiliensis,Sylvilagus brasiliensis,Sylvilagus brasiliensis,Sylvilagus brasiliensis,Sylvilagus brasiliensis,Sylvilagus brasiliensis,Sylvilagus brasiliensis,Sylvilagus brasiliensis,Sylvilagus brasiliensis,Didelphis,Didelphidae,3,Medio
1758,Didelphis aurita,Sylvilagus brasiliensis,Sylvilagus brasiliensis,Sylvilagus brasiliensis,Sylvilagus brasiliensis,Sylvilagus brasiliensis,Sylvilagus brasiliensis,Sylvilagus brasiliensis,Sylvilagus brasiliensis,Sylvilagus brasiliensis,Sylvilagus brasiliensis,Sylvilagus brasiliensis,Didelphis,Didelphidae,3,Medio
1760,Didelphis aurita,Galictis cuja,Cerdocyon thous,Cerdocyon thous,Cerdocyon thous,Galictis cuja,Galictis cuja,Dasyprocta azarae,Cerdocyon thous,Cerdocyon thous,Cerdocyon thous,Galictis cuja,Didelphis,Didelphidae,3,Medio
1761,Didelphis aurita,Strix virgata,Strix virgata borelliana,Nasua nasua,Alouatta guariba clamitans,Didelphis albiventris,Sapajus nigritus,Penelope superciliaris,Strix virgata borelliana,Strix virgata borelliana,Strix virgata borelliana,Strix virgata,Didelphis,Didelphidae,3,Medio
1762,Didelphis aurita,Didelphis aurita,Didelphis aurita,Didelphis aurita,Didelphis aurita,Didelphis aurita,Didelphis aurita,Didelphis aurita,Didelphis aurita,Didelphis aurita,Didelphis aurita,Didelphis aurita,Didelphis,Didelphidae,3,Medio
1763,Didelphis aurita,Didelphis albiventris,Sapajus nigritus,Didelphis albiventris,Didelphis albiventris,Didelphis albiventris,Didelphis albiventris,Alouatta caraya,Sapajus nigritus,Sapajus nigritus,Sapajus nigritus,Didelphis albiventris,Didelphis,Didelphidae,3,Medio
1764,Didelphis aurita,Didelphis aurita,Baryphthengus ruficapillus,Baryphthengus ruficapillus,Baryphthengus ruficapillus,Didelphis aurita,Didelphis aurita,Habia rubica,Baryphthengus ruficapillus,Baryphthengus ruficapillus,Baryphthengus ruficapillus,Didelphis aurita,Didelphis,Didelphidae,3,Medio
1766,Didelphis aurita,Tamandua tetradactyla,Didelphis aurita,Didelphis aurita,Didelphis aurita,Didelphis aurita,Didelphis aurita,Didelphis aurita,Didelphis aurita,Didelphis aurita,Didelphis aurita,Tamandua tetradactyla,Didelphis,Didelphidae,3,Medio
1767,Didelphis aurita,Didelphis aurita,Didelphis aurita,Didelphis aurita,Didelphis aurita,Didelphis aurita,Didelphis aurita,Didelphis aurita,Didelphis aurita,Didelphis aurita,Didelphis aurita,Didelphis aurita,Didelphis,Didelphidae,3,Medio
1768,Didelphis aurita,Didelphis aurita,Didelphis aurita,Didelphis aurita,Didelphis aurita,Didelphis aurita,Didelphis aurita,Didelphis aurita,Didelphis aurita,Didelphis aurita,Didelphis aurita,Didelphis aurita,Didelphis,Didelphidae,3,Medio
1769,Didelphis aurita,Didelphis aurita,Didelphis albiventris,Didelphis aurita,Didelphis aurita,Didelphis aurita,Didelphis aurita,Didelphis aurita,Didelphis albiventris,Didelphis albiventris,Didelphis albiventris,Didelphis aurita,Didelphis,Didelphidae,3,Medio
1770,Didelphis aurita,Didelphis aurita,Myrmecophaga tridactyla,Myrmecophaga tridactyla,Cerdocyon thous,Didelphis aurita,Didelphis aurita,Nasua nasua,Myrmecophaga tridactyla,Myrmecophaga tridactyla,Myrmecophaga tridactyla,Didelphis aurita,Didelphis,Didelphidae,3,Medio
1771,Didelphis aurita,Sapajus nigritus,Didelphis albiventris,Didelphis albiventris,Didelphis albiventris,Didelphis aurita,Sapajus nigritus,Mackenziaena leachii,Didelphis albiventris,Didelphis albiventris,Didelphis albiventris,Sapajus nigritus,Didelphis,Didelphidae,3,Medio
1772,Didelphis aurita,Didelphis albiventris,Pyriglena leucoptera,Cyanocorax chrysops,Cyanocorax chrysops,Pyriglena leucoptera,Didelphis albiventris,Lontra longicaudis,Pyriglena leucoptera,Pyriglena leucoptera,Pyriglena leucoptera,Canis familiaris,Didelphis,Didelphidae,3,Medio
1773,Didelphis aurita,Sapajus nigritus,Sapajus nigritus,Didelphis albiventris,Alouatta caraya,Didelphis aurita,Sapajus nigritus,Sapajus nigritus,Sapajus nigritus,Sapajus nigritus,Sapajus nigritus,Sapajus nigritus,Didelphis,Didelphidae,3,Medio
1774,Didelphis aurita,Sapajus nigritus,Penelope superciliaris,Alouatta guariba,Penelope superciliaris,Didelphis aurita,Sapajus nigritus,Amazona aestiva,Penelope superciliaris,Penelope superciliaris,Penelope superciliaris,Sapajus nigritus,Didelphis,Didelphidae,3,Medio
1775,Didelphis aurita,Hypoedaleus guttatus,Turdus albicollis,Biatas nigropectus,Amazona aestiva,Didelphis aurita,Hypoedaleus guttatus,Alouatta guariba clamitans,Turdus albicollis,Turdus albicollis,Turdus albicollis,Hypoedaleus guttatus,Didelphis,Didelphidae,3,Medio
1777,Didelphis aurita,Didelphis albiventris,Didelphis albiventris,Didelphis albiventris,Didelphis albiventris,Didelphis albiventris,Didelphis albiventris,Nasua nasua,Didelphis albiventris,Didelphis albiventris,Didelphis albiventris,Didelphis albiventris,Didelphis,Didelphidae,3,Medio
1779,Didelphis aurita,Dasyprocta azarae,Dasyprocta azarae,Cerdocyon thous,Cerdocyon thous,Dasyprocta azarae,Dasyprocta azarae,Nyctidromus albicollis,Dasyprocta azarae,Dasyprocta azarae,Dasyprocta azarae,Dasyprocta azarae,Didelphis,Didelphidae,3,Medio
1781,Didelphis aurita,Didelphis albiventris,Penelope superciliaris,Didelphis albiventris,Didelphis albiventris,Didelphis aurita,Didelphis albiventris,Aramides saracura,Penelope superciliaris,Penelope superciliaris,Penelope superciliaris,Didelphis albiventris,Didelphis,Didelphidae,3,Medio
1782,Didelphis aurita,Didelphis aurita,Didelphis aurita,Didelphis aurita,Didelphis aurita,Didelphis aurita,Didelphis aurita,Nasua nasua,Didelphis aurita,Didelphis aurita,Didelphis aurita,Didelphis aurita,Didelphis,Didelphidae,3,Medio
1783,Didelphis aurita,Eira barbara,Cuniculus paca,Cuniculus paca,Cuniculus paca,Didelphis albiventris,Cerdocyon thous,Procyon cancrivorus,Cuniculus paca,Cuniculus paca,Cuniculus paca,Eira barbara,Didelphis,Didelphidae,3,Medio
1784,Didelphis aurita,Pyriglena leucoptera,Tinamus solitarius,Salvator merianae,Cuniculus paca,Sylvilagus brasiliensis,Pyriglena leucoptera,Didelphis albiventris,Tinamus solitarius,Tinamus solitarius,Tinamus solitarius,Pyriglena leucoptera,Didelphis,Didelphidae,3,Medio
1785,Didelphis aurita,Nasua nasua,Nasua nasua,Nasua nasua,Nasua nasua,Nasua nasua,Nasua nasua,Didelphis aurita,Nasua nasua,Nasua nasua,Nasua nasua,Nasua nasua,Didelphis,Didelphidae,3,Medio
1786,Didelphis aurita,Sylvilagus brasiliensis,Didelphis aurita,Didelphis aurita,Sylvilagus brasiliensis,Didelphis aurita,Didelphis aurita,Didelphis aurita,Didelphis aurita,Didelphis aurita,Didelphis aurita,Sylvilagus brasiliensis,Didelphis,Didelphidae,3,Medio
1787,Didelphis aurita,Didelphis aurita,Sylvilagus brasiliensis,Didelphis aurita,Didelphis albiventris,Didelphis aurita,Didelphis aurita,Nyctidromus albicollis,Sylvilagus brasiliensis,Sylvilagus brasiliensis,Sylvilagus brasiliensis,Didelphis aurita,Didelphis,Didelphidae,3,Medio
1788,Didelphis aurita,Didelphis albiventris,Chamaeza campanisona,Chamaeza campanisona,Brotogeris chiriri,Didelphis albiventris,Didelphis albiventris,Didelphis albiventris,Chamaeza campanisona,Chamaeza campanisona,Chamaeza campanisona,Didelphis albiventris,Didelphis,Didelphidae,3,Medio
1789,Didelphis aurita,Didelphis albiventris,Phrynops williamsi,Dasyprocta azarae,Baryphthengus ruficapillus,Didelphis albiventris,Didelphis albiventris,Leopardus guttulus,Phrynops williamsi,Phrynops williamsi,Phrynops williamsi,Didelphis albiventris,Didelphis,Didelphidae,3,Medio
1790,Didelphis aurita,Canis familiaris,Nasua nasua,Cyanocorax chrysops,Nasua nasua,Didelphis albiventris,Didelphis albiventris,Nasua nasua,Nasua nasua,Nasua nasua,Nasua nasua,Canis familiaris,Didelphis,Didelphidae,3,Medio
1791,Didelphis aurita,Didelphis aurita,Didelphis aurita,Didelphis aurita,Didelphis aurita,Didelphis aurita,Didelphis aurita,Didelphis aurita,Didelphis aurita,Didelphis aurita,Didelphis aurita,Didelphis aurita,Didelphis,Didelphidae,3,Medio
1792,Didelphis aurita,Turdus albicollis,Strix virgata borelliana,Alouatta guariba clamitans,Alouatta guariba clamitans,Didelphis albiventris,Didelphis albiventris,Cyanoloxia brissonii,Strix virgata borelliana,Strix virgata borelliana,Strix virgata borelliana,Strix virgata,Didelphis,Didelphidae,3,Medio
1794,Didelphis aurita,Didelphis albiventris,Hydrochoerus hydrochaeris,Hydrochoerus hydrochaeris,Hydrochoerus hydrochaeris,Didelphis albiventris,Sapajus nigritus,Phrynops williamsi,Hydrochoerus hydrochaeris,Hydrochoerus hydrochaeris,Hydrochoerus hydrochaeris,Didelphis albiventris,Didelphis,Didelphidae,3,Medio
1795,Didelphis aurita,Didelphis aurita,Cuniculus paca,Cuniculus paca,Didelphis albiventris,Didelphis aurita,Didelphis aurita,Cerdocyon thous,Cuniculus paca,Cuniculus paca,Cuniculus paca,Didelphis aurita,Didelphis,Didelphidae,3,Medio
1796,Didelphis aurita,Didelphis albiventris,Didelphis albiventris,Didelphis albiventris,Cyanocorax chrysops,Didelphis albiventris,Didelphis albiventris,Didelphis aurita,Didelphis albiventris,Didelphis albiventris,Didelphis albiventris,Didelphis albiventris,Didelphis,Didelphidae,3,Medio
1797,Didelphis aurita,Pyriglena leucoptera,Sapajus nigritus,Sapajus nigritus,Sapajus nigritus,Didelphis aurita,Alouatta guariba clamitans,Alouatta guariba clamitans,Sapajus nigritus,Sapajus nigritus,Sapajus nigritus,Pyriglena leucoptera,Didelphis,Didelphidae,3,Medio
1798,Didelphis aurita,Alouatta caraya,Alouatta caraya,Alouatta caraya,Alouatta caraya,Alouatta caraya,Alouatta caraya,Alouatta caraya,Alouatta caraya,Alouatta caraya,Alouatta caraya,Alouatta caraya,Didelphis,Didelphidae,3,Medio
1799,Didelphis aurita,Alouatta caraya,Didelphis albiventris,Cyanoloxia brissonii,Amazona aestiva,Didelphis albiventris,Didelphis albiventris,Didelphis albiventris,Didelphis albiventris,Didelphis albiventris,Didelphis albiventris,Strix virgata,Didelphis,Didelphidae,3,Medio
1800,Didelphis aurita,Didelphis aurita,Didelphis aurita,Didelphis aurita,Didelphis aurita,Didelphis aurita,Didelphis aurita,Didelphis aurita,Didelphis aurita,Didelphis aurita,Didelphis aurita,Didelphis aurita,Didelphis,Didelphidae,3,Medio
1802,Didelphis aurita,Galictis cuja,Didelphis aurita,Galictis cuja,Galictis cuja,Galictis cuja,Galictis cuja,Galictis cuja,Didelphis aurita,Didelphis aurita,Didelphis aurita,Galictis cuja,Didelphis,Didelphidae,3,Medio
1804,Didelphis aurita,Didelphis albiventris,Penelope superciliaris,Lycalopex gymnocerca,Alouatta guariba,Didelphis albiventris,Brotogeris chiriri,Didelphis aurita,Penelope superciliaris,Penelope superciliaris,Penelope superciliaris,Didelphis albiventris,Didelphis,Didelphidae,3,Medio
1805,Didelphis aurita,Euphractus sexcinctus,Galictis cuja,Dasypus novemcinctus,Dasypus novemcinctus,Didelphis aurita,Galictis cuja,Galictis cuja,Galictis cuja,Galictis cuja,Galictis cuja,Euphractus sexcinctus,Didelphis,Didelphidae,3,Medio
1806,Didelphis aurita,Canis familiaris,Aramides saracura,Aramides saracura,Didelphis albiventris,Didelphis albiventris,Didelphis albiventris,Didelphis albiventris,Aramides saracura,Aramides saracura,Aramides saracura,Canis familiaris,Didelphis,Didelphidae,3,Medio
1807,Didelphis aurita,Didelphis aurita,Didelphis aurita,Didelphis aurita,Didelphis aurita,Didelphis aurita,Didelphis aurita,Didelphis aurita,Didelphis aurita,Didelphis aurita,Didelphis aurita,Didelphis aurita,Didelphis,Didelphidae,3,Medio
1809,Didelphis aurita,Didelphis aurita,Didelphis aurita,Didelphis aurita,Didelphis aurita,Didelphis aurita,Didelphis aurita,Alouatta caraya,Didelphis aurita,Didelphis aurita,Didelphis aurita,Didelphis aurita,Didelphis,Didelphidae,3,Medio
1810,Didelphis aurita,Didelphis albiventris,Didelphis albiventris,Aramides saracura,Aramides saracura,Didelphis aurita,Didelphis albiventris,Didelphis albiventris,Didelphis albiventris,Didelphis albiventris,Didelphis albiventris,Didelphis albiventris,Didelphis,Didelphidae,3,Medio
1811,Didelphis aurita,Tamandua tetradactyla,Didelphis aurita,Didelphis aurita,Didelphis aurita,Didelphis aurita,Didelphis aurita,Didelphis aurita,Didelphis aurita,Didelphis aurita,Didelphis aurita,Tamandua tetradactyla,Didelphis,Didelphidae,3,Medio
1812,Didelphis aurita,Galictis cuja,Galictis cuja,Didelphis aurita,Didelphis aurita,Didelphis aurita,Galictis cuja,Didelphis aurita,Galictis cuja,Galictis cuja,Galictis cuja,Galictis cuja,Didelphis,Didelphidae,3,Medio
1813,Didelphis aurita,Cuniculus paca,Lepus europaeus,Cuniculus paca,Cuniculus paca,Cuniculus paca,Cerdocyon thous,Cuniculus paca,Lepus europaeus,Lepus europaeus,Lepus europaeus,Cuniculus paca,Didelphis,Didelphidae,3,Medio
1814,Didelphis aurita,Didelphis aurita,Nasua nasua,Didelphis aurita,Didelphis aurita,Didelphis aurita,Didelphis aurita,Sapajus nigritus,Nasua nasua,Nasua nasua,Nasua nasua,Didelphis aurita,Didelphis,Didelphidae,3,Medio
1816,Didelphis aurita,Didelphis aurita,Didelphis aurita,Didelphis aurita,Didelphis aurita,Didelphis aurita,Didelphis aurita,Didelphis albiventris,Didelphis aurita,Didelphis aurita,Didelphis aurita,Didelphis aurita,Didelphis,Didelphidae,3,Medio
1817,Didelphis aurita,Didelphis aurita,Didelphis aurita,Didelphis aurita,Cerdocyon thous,Didelphis aurita,Didelphis aurita,Didelphis aurita,Didelphis aurita,Didelphis aurita,Didelphis aurita,Sylvilagus brasiliensis,Didelphis,Didelphidae,3,Medio
1818,Didelphis aurita,Didelphis aurita,Leopardus guttulus,Cerdocyon thous,Cerdocyon thous,Didelphis aurita,Didelphis aurita,Didelphis aurita,Leopardus guttulus,Leopardus guttulus,Leopardus guttulus,Didelphis aurita,Didelphis,Didelphidae,3,Medio
1819,Kannabateomys amblyonyx,Mackenziaena severa,Conopophaga lineata vulgaris,Conopophaga lineata vulgaris,Biatas nigropectus,Kannabateomys amblyonyx,Sapajus nigritus,Mackenziaena leachii,Conopophaga lineata vulgaris,Conopophaga lineata vulgaris,Conopophaga lineata vulgaris,Kannabateomys amblyonyx,Kannabateomys,Echimyidae,4,Alto
1820,Kannabateomys amblyonyx,Kannabateomys amblyonyx,Mackenziaena severa,Kannabateomys amblyonyx,Brotogeris chiriri,Kannabateomys amblyonyx,Sapajus nigritus,Mackenziaena severa,Mackenziaena severa,Mackenziaena severa,Mackenziaena severa,Kannabateomys amblyonyx,Kannabateomys,Echimyidae,4,Alto
1821,Kannabateomys amblyonyx,Cyanoloxia brissonii,Didelphis albiventris,Didelphis albiventris,Alouatta caraya,Sylvilagus brasiliensis,Cyanoloxia brissonii,Sapajus nigritus,Didelphis albiventris,Didelphis albiventris,Didelphis albiventris,Mackenziaena severa,Kannabateomys,Echimyidae,4,Alto
1822,Kannabateomys amblyonyx,Kannabateomys amblyonyx,Brotogeris chiriri,Brotogeris chiriri,Brotogeris chiriri,Sapajus nigritus,Sapajus nigritus,Myiothlypis leucoblephara,Brotogeris chiriri,Brotogeris chiriri,Brotogeris chiriri,Kannabateomys amblyonyx,Kannabateomys,Echimyidae,4,Alto
1823,Kannabateomys amblyonyx,Kannabateomys amblyonyx,Kannabateomys amblyonyx,Kannabateomys amblyonyx,Kannabateomys amblyonyx,Kannabateomys amblyonyx,Didelphis aurita,Didelphis aurita,Kannabateomys amblyonyx,Kannabateomys amblyonyx,Kannabateomys amblyonyx,Kannabateomys amblyonyx,Kannabateomys,Echimyidae,4,Alto
1824,Kannabateomys amblyonyx,Kannabateomys amblyonyx,Kannabateomys amblyonyx,Kannabateomys amblyonyx,Kannabateomys amblyonyx,Kannabateomys amblyonyx,Conopophaga lineata,Kannabateomys amblyonyx,Kannabateomys amblyonyx,Kannabateomys amblyonyx,Kannabateomys amblyonyx,Kannabateomys amblyonyx,Kannabateomys,Echimyidae,4,Alto
1825,Kannabateomys amblyonyx,Mackenziaena severa,Habia rubica,Chamaeza campanisona,Synallaxis ruficapilla,Kannabateomys amblyonyx,Conopophaga lineata,Conopophaga lineata,Habia rubica,Habia rubica,Habia rubica,Mackenziaena severa,Kannabateomys,Echimyidae,4,Alto
1826,Kannabateomys amblyonyx,Kannabateomys amblyonyx,Mackenziaena severa,Brotogeris chiriri,Sapajus nigritus,Kannabateomys amblyonyx,Sapajus nigritus,Sapajus nigritus,Mackenziaena severa,Mackenziaena severa,Mackenziaena severa,Kannabateomys amblyonyx,Kannabateomys,Echimyidae,4,Alto
1827,Kannabateomys amblyonyx,Dasyprocta azarae,Chamaeza campanisona,Chamaeza campanisona,Chamaeza campanisona,Didelphis aurita,Dasyprocta azarae,Eira barbara,Chamaeza campanisona,Chamaeza campanisona,Chamaeza campanisona,Dasyprocta azarae,Kannabateomys,Echimyidae,4,Alto
1829,Kannabateomys amblyonyx,Kannabateomys amblyonyx,Kannabateomys amblyonyx,Kannabateomys amblyonyx,Kannabateomys amblyonyx,Kannabateomys amblyonyx,Cyanoloxia brissonii,Kannabateomys amblyonyx,Kannabateomys amblyonyx,Kannabateomys amblyonyx,Kannabateomys amblyonyx,Kannabateomys amblyonyx,Kannabateomys,Echimyidae,4,Alto
1830,Kannabateomys amblyonyx,Kannabateomys amblyonyx,Sapajus nigritus,Sapajus nigritus,Sapajus nigritus,Sapajus nigritus,Sapajus nigritus,Sapajus nigritus,Sapajus nigritus,Sapajus nigritus,Sapajus nigritus,Kannabateomys amblyonyx,Kannabateomys,Echimyidae,4,Alto
1831,Kannabateomys amblyonyx,Mackenziaena severa,Habia rubica,Chamaeza campanisona,Synallaxis ruficapilla,Kannabateomys amblyonyx,Conopophaga lineata,Conopophaga lineata,Habia rubica,Habia rubica,Habia rubica,Mackenziaena severa,Kannabateomys,Echimyidae,4,Alto
1833,Kannabateomys amblyonyx,Kannabateomys amblyonyx,Mackenziaena severa,Mackenziaena severa,Sapajus nigritus,Sapajus nigritus,Sapajus nigritus,Sapajus nigritus,Mackenziaena severa,Mackenziaena severa,Mackenziaena severa,Kannabateomys amblyonyx,Kannabateomys,Echimyidae,4,Alto
1834,Kannabateomys amblyonyx,Galictis cuja,Galictis cuja,Cerdocyon thous,Cerdocyon thous,Galictis cuja,Galictis cuja,Galictis cuja,Galictis cuja,Galictis cuja,Galictis cuja,Galictis cuja,Kannabateomys,Echimyidae,4,Alto
1836,Herpailurus yagouaroundi,Tayassu pecari,Pecari tajacu,Eira barbara,Crypturellus tataupa,Eira barbara,Eira barbara,Dasyprocta azarae,Pecari tajacu,Pecari tajacu,Pecari tajacu,Tayassu pecari,Herpailurus,Felidae,1,Bajo
1838,Herpailurus yagouaroundi,Galictis cuja,Tamandua tetradactyla,Lycalopex gymnocerca,Cerdocyon thous,Herpailurus yagouaroundi,Galictis cuja,Leopardus guttulus,Tamandua tetradactyla,Tamandua tetradactyla,Tamandua tetradactyla,Galictis cuja,Herpailurus,Felidae,1,Bajo
1840,Herpailurus yagouaroundi,Tayassu pecari,Eira barbara,Eira barbara,Eira barbara,Eira barbara,Eira barbara,Crypturellus tataupa,Eira barbara,Eira barbara,Eira barbara,Tayassu pecari,Herpailurus,Felidae,1,Bajo
1842,Herpailurus yagouaroundi,Galictis cuja,Leopardus guttulus,Cerdocyon thous,Cerdocyon thous,Galictis cuja,Galictis cuja,Galictis cuja,Leopardus guttulus,Leopardus guttulus,Leopardus guttulus,Galictis cuja,Herpailurus,Felidae,1,Bajo
1843,Herpailurus yagouaroundi,Aramides saracura,Sapajus nigritus,Sapajus nigritus,Sapajus nigritus,Eira barbara,Aramides saracura,Aramides saracura,Sapajus nigritus,Sapajus nigritus,Sapajus nigritus,Aramides saracura,Herpailurus,Felidae,1,Bajo
1844,Herpailurus yagouaroundi,Tamandua tetradactyla,Tamandua tetradactyla,Cerdocyon thous,Cerdocyon thous,Tamandua tetradactyla,Galictis cuja,Lontra longicaudis,Tamandua tetradactyla,Tamandua tetradactyla,Tamandua tetradactyla,Tamandua tetradactyla,Herpailurus,Felidae,1,Bajo
1845,Herpailurus yagouaroundi,Eira barbara,Eira barbara,Aramides saracura,Aramides saracura,Eira barbara,Cerdocyon thous,Cerdocyon thous,Eira barbara,Eira barbara,Eira barbara,Eira barbara,Herpailurus,Felidae,1,Bajo
1846,Herpailurus yagouaroundi,Herpailurus yagouaroundi,Herpailurus yagouaroundi,Herpailurus yagouaroundi,Herpailurus yagouaroundi,Eira barbara,Eira barbara,Lycalopex gymnocerca,Herpailurus yagouaroundi,Herpailurus yagouaroundi,Herpailurus yagouaroundi,Herpailurus yagouaroundi,Herpailurus,Felidae,1,Bajo
1847,Herpailurus yagouaroundi,Tayassu pecari,Penelope superciliaris,Penelope superciliaris,Aramides saracura,Herpailurus yagouaroundi,Dasyprocta azarae,Penelope superciliaris,Penelope superciliaris,Penelope superciliaris,Penelope superciliaris,Tayassu pecari,Herpailurus,Felidae,1,Bajo
1848,Herpailurus yagouaroundi,Herpailurus yagouaroundi,Herpailurus yagouaroundi,Herpailurus yagouaroundi,Herpailurus yagouaroundi,Herpailurus yagouaroundi,Sus scrofa,Herpailurus yagouaroundi,Herpailurus yagouaroundi,Herpailurus yagouaroundi,Herpailurus yagouaroundi,Herpailurus yagouaroundi,Herpailurus,Felidae,1,Bajo
1849,Herpailurus yagouaroundi,Didelphis aurita,Didelphis aurita,Didelphis aurita,Didelphis aurita,Didelphis aurita,Didelphis aurita,Didelphis aurita,Didelphis aurita,Didelphis aurita,Didelphis aurita,Didelphis aurita,Herpailurus,Felidae,1,Bajo
1850,Herpailurus yagouaroundi,Herpailurus yagouaroundi,Pecari tajacu,Herpailurus yagouaroundi,Pecari tajacu,Pecari tajacu,Dasyprocta azarae,Leopardus guttulus,Pecari tajacu,Pecari tajacu,Pecari tajacu,Herpailurus yagouaroundi,Herpailurus,Felidae,1,Bajo
1853,Herpailurus yagouaroundi,Pecari tajacu,Eira barbara,Dasyprocta azarae,Pecari tajacu,Pecari tajacu,Pecari tajacu,Pecari tajacu,Eira barbara,Eira barbara,Eira barbara,Pecari tajacu,Herpailurus,Felidae,1,Bajo
1855,Herpailurus yagouaroundi,Crypturellus obsoletus,Dasyprocta azarae,Dasyprocta azarae,Chamaeza campanisona,Crypturellus obsoletus,Cerdocyon thous,Crypturellus obsoletus,Dasyprocta azarae,Dasyprocta azarae,Dasyprocta azarae,Crypturellus obsoletus,Herpailurus,Felidae,1,Bajo
1856,Herpailurus yagouaroundi,Herpailurus yagouaroundi,Crypturellus obsoletus,Herpailurus yagouaroundi,Herpailurus yagouaroundi,Eira barbara,Hydrochoerus hydrochaeris,Lepus europaeus,Crypturellus obsoletus,Crypturellus obsoletus,Crypturellus obsoletus,Herpailurus yagouaroundi,Herpailurus,Felidae,1,Bajo
1857,Herpailurus yagouaroundi,Eira barbara,Eira barbara,Eira barbara,Eira barbara,Eira barbara,Eira barbara,Eira barbara,Eira barbara,Eira barbara,Eira barbara,Eira barbara,Herpailurus,Felidae,1,Bajo
1858,Herpailurus yagouaroundi,Eira barbara,Nasua nasua,Galictis cuja,Eira barbara,Eira barbara,Eira barbara,Herpailurus yagouaroundi,Nasua nasua,Nasua nasua,Nasua nasua,Eira barbara,Herpailurus,Felidae,1,Bajo
1859,Herpailurus yagouaroundi,Galictis cuja,Cerdocyon thous,Cerdocyon thous,Lontra longicaudis,Galictis cuja,Galictis cuja,Galictis cuja,Cerdocyon thous,Cerdocyon thous,Cerdocyon thous,Galictis cuja,Herpailurus,Felidae,1,Bajo
1860,Herpailurus yagouaroundi,Pecari tajacu,Pecari tajacu,Pecari tajacu,Pecari tajacu,Pecari tajacu,Pecari tajacu,Pecari tajacu,Pecari tajacu,Pecari tajacu,Pecari tajacu,Pecari tajacu,Herpailurus,Felidae,1,Bajo
1861,Herpailurus yagouaroundi,Galictis cuja,Galictis cuja,Galictis cuja,Galictis cuja,Galictis cuja,Galictis cuja,Didelphis aurita,Galictis cuja,Galictis cuja,Galictis cuja,Galictis cuja,Herpailurus,Felidae,1,Bajo
1862,Herpailurus yagouaroundi,Eira barbara,Eira barbara,Eira barbara,Eira barbara,Eira barbara,Eira barbara,Eira barbara,Eira barbara,Eira barbara,Eira barbara,Eira barbara,Herpailurus,Felidae,1,Bajo
1863,Herpailurus yagouaroundi,Tayassu pecari,Pecari tajacu,Eira barbara,Dasyprocta azarae,Eira barbara,Eira barbara,Dasyprocta azarae,Pecari tajacu,Pecari tajacu,Pecari tajacu,Tayassu pecari,Herpailurus,Felidae,1,Bajo
1864,Herpailurus yagouaroundi,Tamandua tetradactyla,Herpailurus yagouaroundi,Herpailurus yagouaroundi,Cerdocyon thous,Cerdocyon thous,Galictis cuja,Tamandua tetradactyla,Herpailurus yagouaroundi,Herpailurus yagouaroundi,Herpailurus yagouaroundi,Tamandua tetradactyla,Herpailurus,Felidae,1,Bajo
1865,Herpailurus yagouaroundi,Lycalopex gymnocerca,Subulo gouazoubira,Subulo gouazoubira,Subulo gouazoubira,Galictis cuja,Galictis cuja,Eira barbara,Subulo gouazoubira,Subulo gouazoubira,Subulo gouazoubira,Lycalopex gymnocerca,Herpailurus,Felidae,1,Bajo
1866,Herpailurus yagouaroundi,Tayassu pecari,Dasyprocta azarae,Dasyprocta azarae,Dasyprocta azarae,Dasyprocta azarae,Dasyprocta azarae,Dasyprocta azarae,Dasyprocta azarae,Dasyprocta azarae,Dasyprocta azarae,Tayassu pecari,Herpailurus,Felidae,1,Bajo
1867,Herpailurus yagouaroundi,Lepus europaeus,Sus scrofa,Crypturellus obsoletus,Herpailurus yagouaroundi,Herpailurus yagouaroundi,Lepus europaeus,Lepus europaeus,Sus scrofa,Sus scrofa,Sus scrofa,Lepus europaeus,Herpailurus,Felidae,1,Bajo
1869,Herpailurus yagouaroundi,Leopardus pardalis,Lepus europaeus,Galictis cuja,Dasyprocta azarae,Cerdocyon thous,Cerdocyon thous,Cerdocyon thous,Lepus europaeus,Lepus europaeus,Lepus europaeus,Leopardus pardalis,Herpailurus,Felidae,1,Bajo
1870,Herpailurus yagouaroundi,Galictis cuja,Galictis cuja,Eira barbara,Galictis cuja,Eira barbara,Galictis cuja,Galictis cuja,Galictis cuja,Galictis cuja,Galictis cuja,Galictis cuja,Herpailurus,Felidae,1,Bajo
1871,Herpailurus yagouaroundi,Herpailurus yagouaroundi,Puma concolor concolor,Aramides saracura,Aramides saracura,Herpailurus yagouaroundi,Salvator merianae,Salvator merianae,Puma concolor concolor,Puma concolor concolor,Puma concolor concolor,Herpailurus yagouaroundi,Herpailurus,Felidae,1,Bajo
1876,Leopardus guttulus,Tayassu pecari,Leptotila verreauxi,Aramides saracura,Dasyprocta azarae,Cerdocyon thous,Cerdocyon thous,Alouatta guariba,Leptotila verreauxi,Leptotila verreauxi,Leptotila verreauxi,Tayassu pecari,Leopardus,Felidae,5,Crítico
1877,Leopardus guttulus,Leopardus wiedii,Leopardus guttulus,Cuniculus paca,Leopardus guttulus,Panthera onca,Leopardus guttulus,Leopardus wiedii,Leopardus guttulus,Leopardus guttulus,Leopardus guttulus,Leopardus wiedii,Leopardus,Felidae,5,Crítico
1878,Leopardus guttulus,Didelphis albiventris,Cyanocorax chrysops,Cyanocorax chrysops,Cyanocorax chrysops,Amazona vinacea,Didelphis albiventris,Hydrochoerus hydrochaeris,Cyanocorax chrysops,Cyanocorax chrysops,Cyanocorax chrysops,Didelphis albiventris,Leopardus,Felidae,5,Crítico
1879,Leopardus guttulus,Leopardus guttulus,Leopardus guttulus,Leopardus guttulus,Leopardus guttulus,Leopardus guttulus,Leopardus guttulus,Leopardus guttulus,Leopardus guttulus,Leopardus guttulus,Leopardus guttulus,Leopardus guttulus,Leopardus,Felidae,5,Crítico
1880,Leopardus guttulus,Galictis cuja,Leopardus guttulus,Leopardus guttulus,Leopardus guttulus,Leopardus guttulus,Leopardus guttulus,Leopardus guttulus,Leopardus guttulus,Leopardus guttulus,Leopardus guttulus,Galictis cuja,Leopardus,Felidae,5,Crítico
1881,Leopardus guttulus,Leopardus guttulus,Leopardus guttulus,Leopardus guttulus,Leopardus guttulus,Leopardus guttulus,Leopardus guttulus,Leopardus guttulus,Leopardus guttulus,Leopardus guttulus,Leopardus guttulus,Leopardus guttulus,Leopardus,Felidae,5,Crítico
1882,Leopardus guttulus,Cuniculus paca,Puma concolor,Cuniculus paca,Cuniculus paca,Leopardus wiedii,Cerdocyon thous,Leopardus wiedii,Puma concolor,Puma concolor,Puma concolor,Cuniculus paca,Leopardus,Felidae,5,Crítico
1883,Leopardus guttulus,Leopardus guttulus,Didelphis albiventris,Didelphis albiventris,Leopardus guttulus,Leopardus guttulus,Leopardus guttulus,Didelphis albiventris,Didelphis albiventris,Didelphis albiventris,Didelphis albiventris,Leopardus guttulus,Leopardus,Felidae,5,Crítico
1884,Leopardus guttulus,Leopardus guttulus,Leopardus wiedii,Leopardus guttulus,Leopardus guttulus,Leopardus guttulus,Leopardus guttulus,Leopardus guttulus,Leopardus wiedii,Leopardus wiedii,Leopardus wiedii,Leopardus guttulus,Leopardus,Felidae,5,Crítico
1885,Leopardus guttulus,Leopardus guttulus,Leopardus wiedii,Leopardus guttulus,Leopardus guttulus,Leopardus guttulus,Leopardus guttulus,Leopardus guttulus,Leopardus wiedii,Leopardus wiedii,Leopardus wiedii,Leopardus guttulus,Leopardus,Felidae,5,Crítico
1886,Leopardus guttulus,Leopardus wiedii,Cabassous tatouay,Leopardus wiedii,Leopardus wiedii,Leopardus guttulus,Leopardus guttulus,Leopardus guttulus,Cabassous tatouay,Cabassous tatouay,Cabassous tatouay,Leopardus wiedii,Leopardus,Felidae,5,Crítico
1887,Leopardus guttulus,Leopardus guttulus,Leopardus guttulus,Leopardus guttulus,Cerdocyon thous,Leopardus guttulus,Leopardus guttulus,Leopardus guttulus,Leopardus guttulus,Leopardus guttulus,Leopardus guttulus,Leopardus guttulus,Leopardus,Felidae,5,Crítico
1888,Leopardus guttulus,Leopardus guttulus,Leopardus guttulus,Didelphis aurita,Didelphis aurita,Leopardus guttulus,Leopardus guttulus,Leopardus guttulus,Leopardus guttulus,Leopardus guttulus,Leopardus guttulus,Leopardus guttulus,Leopardus,Felidae,5,Crítico
1889,Leopardus guttulus,Tayassu pecari,Dasyprocta azarae,Cyanocorax chrysops,Dasyprocta azarae,Eira barbara,Dasyprocta azarae,Eira barbara,Dasyprocta azarae,Dasyprocta azarae,Dasyprocta azarae,Tayassu pecari,Leopardus,Felidae,5,Crítico
1890,Leopardus guttulus,Cuniculus paca,Leopardus guttulus,Dasypus novemcinctus,Cuniculus paca,Leopardus guttulus,Leopardus guttulus,Leopardus guttulus,Leopardus guttulus,Leopardus guttulus,Leopardus guttulus,Cuniculus paca,Leopardus,Felidae,5,Crítico
1892,Leopardus guttulus,Cuniculus paca,Tinamus solitarius,Dasypus novemcinctus,Dasypus novemcinctus,Dasypus novemcinctus,Aramides saracura,Aramides saracura,Tinamus solitarius,Tinamus solitarius,Tinamus solitarius,Cuniculus paca,Leopardus,Felidae,5,Crítico
1893,Leopardus guttulus,Leopardus guttulus,Leopardus guttulus,Leopardus guttulus,Cerdocyon thous,Leopardus guttulus,Leopardus guttulus,Leopardus guttulus,Leopardus guttulus,Leopardus guttulus,Leopardus guttulus,Leopardus guttulus,Leopardus,Felidae,5,Crítico
1894,Leopardus guttulus,Tayassu pecari,Pecari tajacu,Dasyprocta azarae,Dasyprocta azarae,Dasyprocta azarae,Dasyprocta azarae,Pecari tajacu,Pecari tajacu,Pecari tajacu,Pecari tajacu,Tayassu pecari,Leopardus,Felidae,5,Crítico
1895,Leopardus guttulus,Leopardus wiedii,Tinamus solitarius,Dasypus novemcinctus,Dasypus novemcinctus,Dasypus novemcinctus,Aramides saracura,Cerdocyon thous,Tinamus solitarius,Tinamus solitarius,Tinamus solitarius,Leopardus wiedii,Leopardus,Felidae,5,Crítico
1897,Leopardus guttulus,Leopardus guttulus,Leopardus guttulus,Leopardus guttulus,Leopardus guttulus,Leopardus guttulus,Leopardus guttulus,Leopardus guttulus,Leopardus guttulus,Leopardus guttulus,Leopardus guttulus,Leopardus guttulus,Leopardus,Felidae,5,Crítico
1898,Leopardus guttulus,Puma concolor,Leopardus guttulus,Eira barbara,Cerdocyon thous,Leopardus guttulus,Cerdocyon thous,Leopardus guttulus,Leopardus guttulus,Leopardus guttulus,Leopardus guttulus,Puma concolor,Leopardus,Felidae,5,Crítico
1899,Leopardus guttulus,Sus scrofa,Cerdocyon thous,Cerdocyon thous,Cerdocyon thous,Dasyprocta azarae,Cerdocyon thous,Lepus europaeus,Cerdocyon thous,Cerdocyon thous,Cerdocyon thous,Sus scrofa,Leopardus,Felidae,5,Crítico
1900,Leopardus guttulus,Leopardus wiedii,Dasypus novemcinctus,Cuniculus paca,Leopardus wiedii,Leopardus wiedii,Leopardus guttulus,Leopardus guttulus,Dasypus novemcinctus,Dasypus novemcinctus,Dasypus novemcinctus,Leopardus wiedii,Leopardus,Felidae,5,Crítico
1901,Leopardus guttulus,Leopardus pardalis,Tamandua tetradactyla,Cerdocyon thous,Cerdocyon thous,Leopardus guttulus,Leopardus guttulus,Cerdocyon thous,Tamandua tetradactyla,Tamandua tetradactyla,Tamandua tetradactyla,Leopardus pardalis,Leopardus,Felidae,5,Crítico
1903,Leopardus guttulus,Didelphis aurita,Didelphis aurita,Didelphis albiventris,Didelphis aurita,Leopardus guttulus,Didelphis aurita,Didelphis aurita,Didelphis aurita,Didelphis aurita,Didelphis aurita,Didelphis aurita,Leopardus,Felidae,5,Crítico
1904,Leopardus guttulus,Galictis cuja,Leopardus guttulus,Cerdocyon thous,Cerdocyon thous,Leopardus guttulus,Leopardus guttulus,Leopardus guttulus,Leopardus guttulus,Leopardus guttulus,Leopardus guttulus,Galictis cuja,Leopardus,Felidae,5,Crítico
1905,Leopardus guttulus,Puma concolor,Leopardus guttulus,Cuniculus paca,Leopardus wiedii,Leopardus guttulus,Leopardus guttulus,Leopardus guttulus,Leopardus guttulus,Leopardus guttulus,Leopardus guttulus,Puma concolor,Leopardus,Felidae,5,Crítico
1906,Leopardus guttulus,Puma concolor,Procyon cancrivorus,Cerdocyon thous,Cerdocyon thous,Cerdocyon thous,Cerdocyon thous,Cerdocyon thous,Procyon cancrivorus,Procyon cancrivorus,Procyon cancrivorus,Puma concolor,Leopardus,Felidae,5,Crítico
1907,Leopardus guttulus,Leopardus guttulus,Leopardus guttulus,Leopardus guttulus,Leopardus guttulus,Leopardus guttulus,Leopardus guttulus,Leopardus guttulus,Leopardus guttulus,Leopardus guttulus,Leopardus guttulus,Leopardus guttulus,Leopardus,Felidae,5,Crítico
1908,Leopardus guttulus,Leopardus guttulus,Leopardus guttulus,Leopardus guttulus,Leopardus guttulus,Leopardus guttulus,Leopardus guttulus,Didelphis albiventris,Leopardus guttulus,Leopardus guttulus,Leopardus guttulus,Leopardus guttulus,Leopardus,Felidae,5,Crítico
1911,Leopardus guttulus,Leopardus pardalis,Leopardus guttulus,Dasyprocta azarae,Leopardus guttulus,Leopardus guttulus,Leopardus guttulus,Leopardus guttulus,Leopardus guttulus,Leopardus guttulus,Leopardus guttulus,Leopardus pardalis,Leopardus,Felidae,5,Crítico
1912,Leopardus guttulus,Leopardus guttulus,Leopardus guttulus,Galictis cuja,Galictis cuja,Leopardus guttulus,Leopardus guttulus,Leopardus guttulus,Leopardus guttulus,Leopardus guttulus,Leopardus guttulus,Leopardus guttulus,Leopardus,Felidae,5,Crítico
1913,Leopardus guttulus,Aramides saracura,Leptotila verreauxi,Aramides saracura,Aramides saracura,Aramides saracura,Aramides saracura,Aramides saracura,Leptotila verreauxi,Leptotila verreauxi,Leptotila verreauxi,Aramides saracura,Leopardus,Felidae,5,Crítico
1917,Leopardus guttulus,Leopardus guttulus,Leopardus guttulus,Cabassous tatouay,Cabassous tatouay,Leopardus guttulus,Leopardus guttulus,Leopardus guttulus,Leopardus guttulus,Leopardus guttulus,Leopardus guttulus,Leopardus guttulus,Leopardus,Felidae,5,Crítico
1918,Leopardus guttulus,Leopardus pardalis,Leopardus guttulus,Herpailurus yagouaroundi,Leopardus guttulus,Leopardus wiedii,Leopardus guttulus,Leopardus guttulus,Leopardus guttulus,Leopardus guttulus,Leopardus guttulus,Leopardus pardalis,Leopardus,Felidae,5,Crítico
1919,Leopardus guttulus,Leopardus wiedii,Dasypus novemcinctus,Cuniculus paca,Leopardus wiedii,Leopardus wiedii,Leopardus guttulus,Leopardus guttulus,Dasypus novemcinctus,Dasypus novemcinctus,Dasypus novemcinctus,Leopardus wiedii,Leopardus,Felidae,5,Crítico
1920,Leopardus guttulus,Hypoedaleus guttatus,Strix virgata borelliana,Alouatta guariba clamitans,Alouatta guariba clamitans,Hypoedaleus guttatus,Hypoedaleus guttatus,Alouatta guariba clamitans,Strix virgata borelliana,Strix virgata borelliana,Strix virgata borelliana,Hypoedaleus guttatus,Leopardus,Felidae,5,Crítico
1921,Leopardus guttulus,Leopardus guttulus,Leopardus guttulus,Leopardus guttulus,Leopardus guttulus,Leopardus guttulus,Leopardus guttulus,Leopardus guttulus,Leopardus guttulus,Leopardus guttulus,Leopardus guttulus,Leopardus guttulus,Leopardus,Felidae,5,Crítico
1922,Leopardus guttulus,Leopardus guttulus,Leopardus wiedii,Leopardus guttulus,Leopardus guttulus,Leopardus guttulus,Leopardus guttulus,Leopardus wiedii,Leopardus wiedii,Leopardus wiedii,Leopardus wiedii,Leopardus guttulus,Leopardus,Felidae,5,Crítico
1923,Leopardus guttulus,Leopardus guttulus,Leopardus guttulus,Cerdocyon thous,Cerdocyon thous,Leopardus guttulus,Leopardus guttulus,Leopardus guttulus,Leopardus guttulus,Leopardus guttulus,Leopardus guttulus,Leopardus guttulus,Leopardus,Felidae,5,Crítico
1924,Leopardus guttulus,Herpailurus yagouaroundi,Leopardus pardalis,Aramides saracura,Aramides saracura,Leopardus guttulus,Dasyprocta azarae,Leopardus guttulus,Leopardus pardalis,Leopardus pardalis,Leopardus pardalis,Herpailurus yagouaroundi,Leopardus,Felidae,5,Crítico
1925,Leopardus guttulus,Cuniculus paca,Cuniculus paca,Cuniculus paca,Cuniculus paca,Leopardus wiedii,Cerdocyon thous,Cerdocyon thous,Cuniculus paca,Cuniculus paca,Cuniculus paca,Cuniculus paca,Leopardus,Felidae,5,Crítico
1926,Leopardus guttulus,Leopardus guttulus,Leopardus guttulus,Leopardus guttulus,Leopardus guttulus,Leopardus guttulus,Leopardus guttulus,Leopardus guttulus,Leopardus guttulus,Leopardus guttulus,Leopardus guttulus,Leopardus guttulus,Leopardus,Felidae,5,Crítico
1927,Leopardus guttulus,Herpailurus yagouaroundi,Leptotila verreauxi,Cerdocyon thous,Aramides saracura,Didelphis aurita,Dasyprocta azarae,Cerdocyon thous,Leptotila verreauxi,Leptotila verreauxi,Leptotila verreauxi,Herpailurus yagouaroundi,Leopardus,Felidae,5,Crítico
1929,Leopardus guttulus,Dasyprocta azarae,Dasyprocta azarae,Dasyprocta azarae,Dasyprocta azarae,Dasyprocta azarae,Dasyprocta azarae,Dasyprocta azarae,Dasyprocta azarae,Dasyprocta azarae,Dasyprocta azarae,Dasyprocta azarae,Leopardus,Felidae,5,Crítico
1930,Leopardus guttulus,Leopardus wiedii,Leopardus guttulus,Dasypus novemcinctus,Leopardus wiedii,Cerdocyon thous,Cerdocyon thous,Leopardus guttulus,Leopardus guttulus,Leopardus guttulus,Leopardus guttulus,Leopardus wiedii,Leopardus,Felidae,5,Crítico
1931,Leopardus guttulus,Leopardus guttulus,Dasyprocta azarae,Dasyprocta azarae,Dasyprocta azarae,Leopardus guttulus,Leopardus guttulus,Leopardus guttulus,Dasyprocta azarae,Dasyprocta azarae,Dasyprocta azarae,Leopardus guttulus,Leopardus,Felidae,5,Crítico
1932,Leopardus guttulus,Leopardus guttulus,Leopardus guttulus,Herpailurus yagouaroundi,Leopardus guttulus,Leopardus guttulus,Leopardus guttulus,Leopardus guttulus,Leopardus guttulus,Leopardus guttulus,Leopardus guttulus,Leopardus guttulus,Leopardus,Felidae,5,Crítico
1933,Leopardus guttulus,Leopardus wiedii,Procyon cancrivorus,Leopardus guttulus,Cuniculus paca,Leopardus guttulus,Leopardus guttulus,Leopardus guttulus,Procyon cancrivorus,Procyon cancrivorus,Procyon cancrivorus,Leopardus wiedii,Leopardus,Felidae,5,Crítico
1934,Leopardus guttulus,Tamandua tetradactyla,Cerdocyon thous,Cerdocyon thous,Cerdocyon thous,Leopardus guttulus,Cerdocyon thous,Cerdocyon thous,Cerdocyon thous,Cerdocyon thous,Cerdocyon thous,Galictis cuja,Leopardus,Felidae,5,Crítico
1935,Leopardus guttulus,Sus scrofa,Sus scrofa,Herpailurus yagouaroundi,Lontra longicaudis,Lontra longicaudis,Sus scrofa,Lontra longicaudis,Sus scrofa,Sus scrofa,Sus scrofa,Sus scrofa,Leopardus,Felidae,5,Crítico
1936,Leopardus guttulus,Didelphis aurita,Leopardus guttulus,Didelphis aurita,Didelphis aurita,Leopardus guttulus,Didelphis aurita,Lontra longicaudis,Leopardus guttulus,Leopardus guttulus,Leopardus guttulus,Didelphis aurita,Leopardus,Felidae,5,Crítico
1937,Leopardus guttulus,Leopardus guttulus,Leopardus wiedii,Leopardus guttulus,Leopardus guttulus,Leopardus guttulus,Leopardus guttulus,Leopardus guttulus,Leopardus wiedii,Leopardus wiedii,Leopardus wiedii,Leopardus guttulus,Leopardus,Felidae,5,Crítico
1938,Leopardus guttulus,Leopardus guttulus,Leopardus guttulus,Leopardus guttulus,Leopardus guttulus,Leopardus guttulus,Leopardus guttulus,Leopardus guttulus,Leopardus guttulus,Leopardus guttulus,Leopardus guttulus,Leopardus guttulus,Leopardus,Felidae,5,Crítico
1939,Leopardus pardalis,Leopardus wiedii,Leopardus pardalis mitis,Leopardus guttulus,Leopardus wiedii,Leopardus guttulus,Leopardus guttulus,Leopardus guttulus,Leopardus pardalis mitis,Leopardus pardalis mitis,Leopardus pardalis mitis,Leopardus pardalis mitis,Leopardus,Felidae,3,Medio
1940,Leopardus pardalis,Leopardus pardalis,Leopardus guttulus,Leopardus guttulus,Leopardus guttulus,Leopardus guttulus,Leopardus guttulus,Leopardus guttulus,Leopardus guttulus,Leopardus guttulus,Leopardus guttulus,Leopardus pardalis,Leopardus,Felidae,3,Medio
1941,Leopardus pardalis,Leopardus wiedii,Leopardus pardalis,Leopardus guttulus,Leopardus wiedii,Leopardus wiedii,Leopardus guttulus,Leopardus guttulus,Leopardus pardalis,Leopardus pardalis,Leopardus pardalis,Leopardus wiedii,Leopardus,Felidae,3,Medio
1943,Leopardus pardalis,Leopardus wiedii,Leopardus guttulus,Leopardus guttulus,Leopardus guttulus,Leopardus wiedii,Cerdocyon thous,Hydropsalis torquata,Leopardus guttulus,Leopardus guttulus,Leopardus guttulus,Leopardus wiedii,Leopardus,Felidae,3,Medio
1945,Leopardus pardalis,Sapajus nigritus,Penelope superciliaris,Alouatta guariba,Alouatta caraya,Sapajus nigritus,Sapajus nigritus,Hypoedaleus guttatus,Penelope superciliaris,Penelope superciliaris,Penelope superciliaris,Sapajus nigritus,Leopardus,Felidae,3,Medio
1946,Leopardus pardalis,Leopardus guttulus,Puma concolor concolor,Leopardus guttulus,Leopardus guttulus,Leopardus guttulus,Leopardus guttulus,Nasua nasua,Puma concolor concolor,Puma concolor concolor,Puma concolor concolor,Leopardus guttulus,Leopardus,Felidae,3,Medio
1947,Leopardus pardalis,Leopardus guttulus,Sylvilagus brasiliensis,Leopardus pardalis,Leopardus guttulus,Leopardus guttulus,Leopardus guttulus,Leopardus guttulus,Sylvilagus brasiliensis,Sylvilagus brasiliensis,Sylvilagus brasiliensis,Leopardus guttulus,Leopardus,Felidae,3,Medio
1948,Leopardus pardalis,Aramides saracura,Herpailurus yagouaroundi,Mazama nanus,Mazama nanus,Leopardus guttulus,Aramides saracura,Aramides saracura,Herpailurus yagouaroundi,Herpailurus yagouaroundi,Herpailurus yagouaroundi,Aramides saracura,Leopardus,Felidae,3,Medio
1949,Leopardus pardalis,Leopardus wiedii,Leopardus wiedii,Leopardus wiedii,Leopardus wiedii,Leopardus guttulus,Leopardus guttulus,Leopardus guttulus,Leopardus wiedii,Leopardus wiedii,Leopardus wiedii,Cabassous tatouay,Leopardus,Felidae,3,Medio
1950,Leopardus pardalis,Leopardus guttulus,Leopardus guttulus,Leopardus guttulus,Leopardus guttulus,Leopardus guttulus,Leopardus guttulus,Leopardus guttulus,Leopardus guttulus,Leopardus guttulus,Leopardus guttulus,Leopardus pardalis,Leopardus,Felidae,3,Medio
1951,Leopardus pardalis,Leopardus guttulus,Leopardus guttulus,Leopardus guttulus,Leopardus guttulus,Leopardus guttulus,Leopardus guttulus,Leopardus guttulus,Leopardus guttulus,Leopardus guttulus,Leopardus guttulus,Leopardus guttulus,Leopardus,Felidae,3,Medio
1952,Leopardus pardalis,Leopardus guttulus,Leopardus pardalis,Leopardus guttulus,Leopardus guttulus,Leopardus guttulus,Leopardus guttulus,Leopardus guttulus,Leopardus pardalis,Leopardus pardalis,Leopardus pardalis,Leopardus guttulus,Leopardus,Felidae,3,Medio
1954,Leopardus pardalis,Lepus europaeus,Cerdocyon thous,Cerdocyon thous,Cerdocyon thous,Leopardus guttulus,Cerdocyon thous,Sylvilagus brasiliensis,Cerdocyon thous,Cerdocyon thous,Cerdocyon thous,Lepus europaeus,Leopardus,Felidae,3,Medio
1955,Leopardus pardalis,Leopardus pardalis,Leopardus guttulus,Cabassous tatouay,Cabassous tatouay,Leopardus guttulus,Leopardus guttulus,Leopardus guttulus,Leopardus guttulus,Leopardus guttulus,Leopardus guttulus,Cabassous tatouay,Leopardus,Felidae,3,Medio
1957,Leopardus pardalis,Tayassu pecari,Leopardus guttulus,Dasyprocta azarae,Crypturellus tataupa,Leopardus guttulus,Dasyprocta azarae,Panthera onca,Leopardus guttulus,Leopardus guttulus,Leopardus guttulus,Tayassu pecari,Leopardus,Felidae,3,Medio
1958,Leopardus pardalis,Leopardus guttulus,Leopardus pardalis mitis,Leopardus guttulus,Leopardus guttulus,Leopardus guttulus,Leopardus guttulus,Leopardus guttulus,Leopardus pardalis mitis,Leopardus pardalis mitis,Leopardus pardalis mitis,Leopardus guttulus,Leopardus,Felidae,3,Medio
1959,Leopardus pardalis mitis,Leopardus guttulus,Leopardus wiedii,Leopardus wiedii,Leopardus wiedii,Leopardus wiedii,Leopardus guttulus,Tamandua tetradactyla,Leopardus wiedii,Leopardus wiedii,Leopardus wiedii,Leopardus guttulus,Leopardus,Felidae,3,Medio
1961,Leopardus wiedii,Leopardus wiedii,Leopardus guttulus,Didelphis albiventris,Didelphis albiventris,Didelphis aurita,Cerdocyon thous,Leopardus guttulus,Leopardus guttulus,Leopardus guttulus,Leopardus guttulus,Leopardus wiedii,Leopardus,Felidae,3,Medio
1962,Leopardus wiedii,Leopardus pardalis,Leopardus guttulus,Leopardus guttulus,Dasyprocta azarae,Leopardus guttulus,Leopardus guttulus,Leopardus guttulus,Leopardus guttulus,Leopardus guttulus,Leopardus guttulus,Leopardus pardalis,Leopardus,Felidae,3,Medio
1963,Leopardus wiedii,Leopardus pardalis mitis,Leopardus pardalis mitis,Leopardus guttulus,Leopardus guttulus,Leopardus wiedii,Leopardus guttulus,Leopardus wiedii,Leopardus pardalis mitis,Leopardus pardalis mitis,Leopardus pardalis mitis,Leopardus pardalis mitis,Leopardus,Felidae,3,Medio
1964,Leopardus wiedii,Leopardus pardalis,Eira barbara,Crypturellus tataupa,Crypturellus tataupa,Eira barbara,Eira barbara,Eira barbara,Eira barbara,Eira barbara,Eira barbara,Leopardus pardalis,Leopardus,Felidae,3,Medio
1965,Leopardus wiedii,Leopardus pardalis mitis,Leopardus pardalis mitis,Leopardus guttulus,Dasypus novemcinctus,Leopardus wiedii,Leopardus guttulus,Leopardus wiedii,Leopardus pardalis mitis,Leopardus pardalis mitis,Leopardus pardalis mitis,Leopardus pardalis mitis,Leopardus,Felidae,3,Medio
1966,Leopardus wiedii,Leopardus pardalis,Dasyprocta azarae,Dasyprocta azarae,Crypturellus tataupa,Eira barbara,Eira barbara,Leopardus wiedii,Dasyprocta azarae,Dasyprocta azarae,Dasyprocta azarae,Leopardus pardalis,Leopardus,Felidae,3,Medio
1967,Leopardus wiedii,Leopardus wiedii,Leopardus pardalis mitis,Didelphis albiventris,Didelphis albiventris,Leopardus wiedii,Leopardus guttulus,Leopardus wiedii,Leopardus pardalis mitis,Leopardus pardalis mitis,Leopardus pardalis mitis,Leopardus wiedii,Leopardus,Felidae,3,Medio
1968,Leopardus wiedii,Leopardus wiedii,Leopardus pardalis mitis,Didelphis albiventris,Didelphis albiventris,Leopardus wiedii,Leopardus guttulus,Leopardus guttulus,Leopardus pardalis mitis,Leopardus pardalis mitis,Leopardus pardalis mitis,Leopardus wiedii,Leopardus,Felidae,3,Medio
1969,Leopardus wiedii,Leopardus wiedii,Leopardus pardalis mitis,Leopardus pardalis,Leopardus pardalis,Leopardus guttulus,Leopardus guttulus,Leopardus guttulus,Leopardus pardalis mitis,Leopardus pardalis mitis,Leopardus pardalis mitis,Leopardus pardalis mitis,Leopardus,Felidae,3,Medio
1971,Leopardus wiedii,Puma concolor,Leopardus wiedii,Leopardus pardalis mitis,Dasypus novemcinctus,Leopardus guttulus,Leopardus guttulus,Leopardus wiedii,Leopardus wiedii,Leopardus wiedii,Leopardus wiedii,Puma concolor,Leopardus,Felidae,3,Medio
1972,Leopardus wiedii,Leopardus guttulus,Euphractus sexcinctus,Euphractus sexcinctus,Leopardus wiedii,Leopardus guttulus,Leopardus guttulus,Salvator merianae,Euphractus sexcinctus,Euphractus sexcinctus,Euphractus sexcinctus,Leopardus guttulus,Leopardus,Felidae,3,Medio
1973,Leopardus wiedii,Leopardus wiedii,Leopardus wiedii,Leopardus guttulus,Crypturellus tataupa,Odontophorus capueira,Leopardus guttulus,Leopardus guttulus,Leopardus wiedii,Leopardus wiedii,Leopardus wiedii,Leopardus wiedii,Leopardus,Felidae,3,Medio
1974,Leopardus wiedii,Leopardus wiedii,Leopardus pardalis mitis,Leopardus pardalis,Leopardus pardalis,Leopardus wiedii,Leopardus guttulus,Crypturellus tataupa,Leopardus pardalis mitis,Leopardus pardalis mitis,Leopardus pardalis mitis,Leopardus wiedii,Leopardus,Felidae,3,Medio
1976,Leopardus wiedii,Leopardus guttulus,Leopardus wiedii,Leopardus guttulus,Lontra longicaudis,Salvator merianae,Leopardus guttulus,Leopardus guttulus,Leopardus wiedii,Leopardus wiedii,Leopardus wiedii,Leopardus guttulus,Leopardus,Felidae,3,Medio
1977,Leopardus wiedii,Leopardus wiedii,Leopardus pardalis mitis,Cuniculus paca,Cuniculus paca,Leopardus wiedii,Leopardus guttulus,Cerdocyon thous,Leopardus pardalis mitis,Leopardus pardalis mitis,Leopardus pardalis mitis,Leopardus wiedii,Leopardus,Felidae,3,Medio
1978,Leopardus wiedii,Leopardus guttulus,Leopardus guttulus,Leopardus guttulus,Leopardus guttulus,Leopardus guttulus,Leopardus guttulus,Leopardus guttulus,Leopardus guttulus,Leopardus guttulus,Leopardus guttulus,Leopardus guttulus,Leopardus,Felidae,3,Medio
1979,Leopardus wiedii,Leopardus guttulus,Leopardus guttulus,Leopardus guttulus,Aramides saracura,Leopardus guttulus,Leopardus guttulus,Leopardus wiedii,Leopardus guttulus,Leopardus guttulus,Leopardus guttulus,Leopardus guttulus,Leopardus,Felidae,3,Medio
1980,Leopardus wiedii,Puma concolor,Leopardus guttulus,Leopardus guttulus,Leopardus guttulus,Leopardus guttulus,Leopardus guttulus,Leopardus guttulus,Leopardus guttulus,Leopardus guttulus,Leopardus guttulus,Puma concolor,Leopardus,Felidae,3,Medio
1982,Leopardus wiedii,Tamandua tetradactyla,Leopardus guttulus,Cerdocyon thous,Cerdocyon thous,Leopardus guttulus,Cerdocyon thous,Leopardus guttulus,Leopardus guttulus,Leopardus guttulus,Leopardus guttulus,Tamandua tetradactyla,Leopardus,Felidae,3,Medio
1983,Leopardus wiedii,Leopardus wiedii,Procyon cancrivorus,Galictis cuja,Cuniculus paca,Leopardus wiedii,Cerdocyon thous,Cerdocyon thous,Procyon cancrivorus,Procyon cancrivorus,Procyon cancrivorus,Leopardus wiedii,Leopardus,Felidae,3,Medio
1984,Leopardus wiedii,Leopardus guttulus,Leopardus guttulus,Cerdocyon thous,Cerdocyon thous,Leopardus guttulus,Leopardus guttulus,Leopardus guttulus,Leopardus guttulus,Leopardus guttulus,Leopardus guttulus,Leopardus guttulus,Leopardus,Felidae,3,Medio
1985,Leopardus wiedii,Leopardus wiedii,Leopardus wiedii,Leopardus pardalis,Leopardus guttulus,Leopardus guttulus,Leopardus guttulus,Leopardus guttulus,Leopardus wiedii,Leopardus wiedii,Leopardus wiedii,Leopardus wiedii,Leopardus,Felidae,3,Medio
1986,Leopardus wiedii,Didelphis albiventris,Didelphis aurita,Didelphis aurita,Dasyprocta azarae,Didelphis albiventris,Didelphis albiventris,Didelphis aurita,Didelphis aurita,Didelphis aurita,Didelphis aurita,Didelphis albiventris,Leopardus,Felidae,3,Medio
1987,Leopardus wiedii,Galictis cuja,Procyon cancrivorus,Leopardus wiedii,Cerdocyon thous,Leopardus guttulus,Leopardus guttulus,Leopardus guttulus,Procyon cancrivorus,Procyon cancrivorus,Procyon cancrivorus,Galictis cuja,Leopardus,Felidae,3,Medio
1988,Leopardus wiedii,Leopardus guttulus,Leopardus wiedii,Leopardus guttulus,Dasypus novemcinctus,Leopardus guttulus,Leopardus guttulus,Galictis cuja,Leopardus wiedii,Leopardus wiedii,Leopardus wiedii,Leopardus guttulus,Leopardus,Felidae,3,Medio
1990,Leopardus wiedii,Leopardus wiedii,Leopardus wiedii,Leopardus wiedii,Leopardus wiedii,Leopardus wiedii,Leopardus guttulus,Leopardus wiedii,Leopardus wiedii,Leopardus wiedii,Leopardus wiedii,Leopardus wiedii,Leopardus,Felidae,3,Medio
1992,Leopardus wiedii,Leopardus pardalis,Mazama nanus,Grallaria varia,Dasyprocta azarae,Leopardus guttulus,Dasyprocta azarae,Odontophorus capueira,Mazama nanus,Mazama nanus,Mazama nanus,Leopardus pardalis,Leopardus,Felidae,3,Medio
1993,Leopardus wiedii,Leopardus pardalis mitis,Leopardus pardalis mitis,Leopardus guttulus,Leopardus wiedii,Leopardus wiedii,Leopardus guttulus,Leopardus wiedii,Leopardus pardalis mitis,Leopardus pardalis mitis,Leopardus pardalis mitis,Leopardus pardalis mitis,Leopardus,Felidae,3,Medio
1994,Leopardus wiedii,Leopardus guttulus,Leopardus wiedii,Leopardus wiedii,Cerdocyon thous,Leopardus guttulus,Leopardus guttulus,Leopardus guttulus,Leopardus wiedii,Leopardus wiedii,Leopardus wiedii,Leopardus guttulus,Leopardus,Felidae,3,Medio
1995,Leopardus wiedii,Galictis cuja,Leopardus guttulus,Leopardus guttulus,Leopardus guttulus,Leopardus guttulus,Galictis cuja,Didelphis aurita,Leopardus guttulus,Leopardus guttulus,Leopardus guttulus,Galictis cuja,Leopardus,Felidae,3,Medio
1996,Leopardus wiedii,Leopardus wiedii,Panthera onca,Panthera onca,Panthera onca,Leopardus guttulus,Leopardus guttulus,Leopardus guttulus,Panthera onca,Panthera onca,Panthera onca,Leopardus wiedii,Leopardus,Felidae,3,Medio
1997,Leopardus wiedii,Leopardus guttulus,Leopardus guttulus,Leopardus wiedii,Leopardus guttulus,Leopardus guttulus,Leopardus guttulus,Leopardus guttulus,Leopardus guttulus,Leopardus guttulus,Leopardus guttulus,Leopardus guttulus,Leopardus,Felidae,3,Medio
1998,Leopardus wiedii,Tayassu pecari,Crypturellus tataupa,Crypturellus tataupa,Crypturellus tataupa,Leopardus guttulus,Leopardus guttulus,Dasyprocta azarae,Crypturellus tataupa,Crypturellus tataupa,Crypturellus tataupa,Tayassu pecari,Leopardus,Felidae,3,Medio
2000,Leopardus wiedii,Cuniculus paca,Cuniculus paca,Cuniculus paca,Cuniculus paca,Cuniculus paca,Leopardus guttulus,Cuniculus paca,Cuniculus paca,Cuniculus paca,Cuniculus paca,Cuniculus paca,Leopardus,Felidae,3,Medio
2001,Leopardus wiedii,Leopardus wiedii,Sylvilagus brasiliensis,Sylvilagus brasiliensis,Sylvilagus brasiliensis,Leopardus wiedii,Leopardus guttulus,Leopardus wiedii,Sylvilagus brasiliensis,Sylvilagus brasiliensis,Sylvilagus brasiliensis,Leopardus wiedii,Leopardus,Felidae,3,Medio
2003,Leopardus wiedii,Leopardus wiedii,Leopardus wiedii,Leopardus wiedii,Leopardus wiedii,Leopardus wiedii,Leopardus guttulus,Leopardus guttulus,Leopardus wiedii,Leopardus wiedii,Leopardus wiedii,Leopardus wiedii,Leopardus,Felidae,3,Medio
2004,Leopardus wiedii,Leopardus wiedii,Leopardus wiedii,Leopardus guttulus,Dasypus novemcinctus,Leopardus wiedii,Leopardus guttulus,Leopardus wiedii,Leopardus wiedii,Leopardus wiedii,Leopardus wiedii,Leopardus wiedii,Leopardus,Felidae,3,Medio
2008,Panthera onca,Panthera onca,Leopardus guttulus,Leopardus guttulus,Leopardus guttulus,Panthera onca,Leopardus guttulus,Leopardus guttulus,Leopardus guttulus,Leopardus guttulus,Leopardus guttulus,Panthera onca,Panthera,Felidae,6,Crítico
2009,Panthera onca,Leopardus pardalis,Leopardus pardalis,Crax fasciolata,Crax fasciolata,Leopardus guttulus,Leopardus guttulus,Leopardus guttulus,Leopardus pardalis,Leopardus pardalis,Leopardus pardalis,Leopardus pardalis,Panthera,Felidae,6,Crítico
2010,Panthera onca,Panthera onca,Panthera onca,Panthera onca,Panthera onca,Panthera onca,Leopardus guttulus,Leopardus guttulus,Panthera onca,Panthera onca,Panthera onca,Panthera onca,Panthera,Felidae,6,Crítico
2011,Panthera onca,Herpailurus yagouaroundi,Tayassu pecari,Pecari tajacu,Aramides saracura,Herpailurus yagouaroundi,Dasyprocta azarae,Subulo gouazoubira,Tayassu pecari,Tayassu pecari,Tayassu pecari,Herpailurus yagouaroundi,Panthera,Felidae,6,Crítico
2013,Panthera onca,Panthera onca,Leopardus pardalis,Leopardus guttulus,Panthera onca,Leopardus guttulus,Leopardus guttulus,Leopardus guttulus,Leopardus pardalis,Leopardus pardalis,Leopardus pardalis,Panthera onca,Panthera,Felidae,6,Crítico
2014,Panthera onca,Leopardus pardalis,Panthera onca,Leopardus wiedii,Leopardus pardalis,Panthera onca,Dasyprocta azarae,Panthera onca,Panthera onca,Panthera onca,Panthera onca,Leopardus pardalis,Panthera,Felidae,6,Crítico
2015,Panthera onca,Panthera onca,Panthera onca,Panthera onca,Panthera onca,Panthera onca,Leopardus guttulus,Hydropsalis torquata,Panthera onca,Panthera onca,Panthera onca,Panthera onca,Panthera,Felidae,6,Crítico
2016,Panthera onca,Panthera onca,Panthera onca,Panthera onca,Panthera onca,Panthera onca,Leopardus guttulus,Leopardus guttulus,Panthera onca,Panthera onca,Panthera onca,Panthera onca,Panthera,Felidae,6,Crítico
2017,Panthera onca,Panthera onca,Odontophorus capueira,Odontophorus capueira,Alouatta guariba,Panthera onca,Myrmecophaga tridactyla,Sus scrofa,Odontophorus capueira,Odontophorus capueira,Odontophorus capueira,Panthera onca,Panthera,Felidae,6,Crítico
2018,Panthera onca,Panthera onca,Panthera onca,Leopardus pardalis mitis,Leopardus guttulus,Panthera onca,Leopardus guttulus,Leopardus guttulus,Panthera onca,Panthera onca,Panthera onca,Panthera onca,Panthera,Felidae,6,Crítico
2019,Panthera onca,Panthera onca,Panthera onca,Panthera onca,Panthera onca,Panthera onca,Leopardus guttulus,Leopardus guttulus,Panthera onca,Panthera onca,Panthera onca,Panthera onca,Panthera,Felidae,6,Crítico
2020,Panthera onca,Panthera onca,Panthera onca,Leopardus guttulus,Leopardus guttulus,Panthera onca,Leopardus guttulus,Leopardus guttulus,Panthera onca,Panthera onca,Panthera onca,Panthera onca,Panthera,Felidae,6,Crítico
2021,Panthera onca,Myrmecophaga tridactyla,Myrmecophaga tridactyla,Myrmecophaga tridactyla,Dasypus novemcinctus,Panthera onca,Myrmecophaga tridactyla,Lycalopex gymnocerca,Myrmecophaga tridactyla,Myrmecophaga tridactyla,Myrmecophaga tridactyla,Myrmecophaga tridactyla,Panthera,Felidae,6,Crítico
2022,Panthera onca,Panthera onca,Panthera onca,Leopardus pardalis mitis,Leopardus pardalis,Panthera onca,Leopardus guttulus,Hypoedaleus guttatus,Panthera onca,Panthera onca,Panthera onca,Panthera onca,Panthera,Felidae,6,Crítico
2023,Panthera onca,Lycalopex gymnocerca,Lycalopex gymnocerca,Myrmecophaga tridactyla,Lycalopex gymnocerca,Panthera onca,Lycalopex gymnocerca,Lycalopex gymnocerca,Lycalopex gymnocerca,Lycalopex gymnocerca,Lycalopex gymnocerca,Lycalopex gymnocerca,Panthera,Felidae,6,Crítico
2025,Panthera onca,Panthera onca,Panthera onca,Panthera onca,Panthera onca,Panthera onca,Leopardus guttulus,Leopardus guttulus,Panthera onca,Panthera onca,Panthera onca,Panthera onca,Panthera,Felidae,6,Crítico
2026,Panthera onca,Panthera onca,Panthera onca,Leopardus guttulus,Panthera onca,Panthera onca,Leopardus guttulus,Panthera onca,Panthera onca,Panthera onca,Panthera onca,Panthera onca,Panthera,Felidae,6,Crítico
2027,Panthera onca,Panthera onca,Panthera onca,Leopardus guttulus,Leopardus guttulus,Panthera onca,Leopardus guttulus,Sus scrofa,Panthera onca,Panthera onca,Panthera onca,Panthera onca,Panthera,Felidae,6,Crítico
2028,Panthera onca,Panthera onca,Panthera onca,Leopardus guttulus,Leopardus guttulus,Panthera onca,Leopardus guttulus,Leopardus guttulus,Panthera onca,Panthera onca,Panthera onca,Panthera onca,Panthera,Felidae,6,Crítico
2029,Panthera onca,Leopardus pardalis,Panthera onca,Leopardus guttulus,Leopardus guttulus,Panthera onca,Leopardus guttulus,Panthera onca,Panthera onca,Panthera onca,Panthera onca,Leopardus pardalis,Panthera,Felidae,6,Crítico
2030,Panthera onca,Panthera onca,Myrmecophaga tridactyla,Leopardus pardalis mitis,Cerdocyon thous,Panthera onca,Leopardus guttulus,Myrmecophaga tridactyla,Myrmecophaga tridactyla,Myrmecophaga tridactyla,Myrmecophaga tridactyla,Panthera onca,Panthera,Felidae,6,Crítico
2031,Panthera onca,Panthera onca,Panthera onca,Leopardus guttulus,Lycalopex gymnocerca,Panthera onca,Leopardus guttulus,Leopardus guttulus,Panthera onca,Panthera onca,Panthera onca,Panthera onca,Panthera,Felidae,6,Crítico
2032,Panthera onca,Panthera onca,Leopardus guttulus,Leopardus guttulus,Leopardus guttulus,Panthera onca,Leopardus guttulus,Lycalopex gymnocerca,Leopardus guttulus,Leopardus guttulus,Leopardus guttulus,Panthera onca,Panthera,Felidae,6,Crítico
2033,Panthera onca,Panthera onca,Lycalopex gymnocerca,Lycalopex gymnocerca,Cerdocyon thous,Panthera onca,Leopardus guttulus,Leopardus guttulus,Lycalopex gymnocerca,Lycalopex gymnocerca,Lycalopex gymnocerca,Panthera onca,Panthera,Felidae,6,Crítico
2034,Panthera onca,Panthera onca,Panthera onca,Dasyprocta azarae,Sapajus nigritus,Panthera onca,Dasyprocta azarae,Panthera onca,Panthera onca,Panthera onca,Panthera onca,Panthera onca,Panthera,Felidae,6,Crítico
2036,Panthera onca,Panthera onca,Myrmecophaga tridactyla,Leopardus wiedii,Leopardus guttulus,Panthera onca,Leopardus guttulus,Panthera onca,Myrmecophaga tridactyla,Myrmecophaga tridactyla,Myrmecophaga tridactyla,Panthera onca,Panthera,Felidae,6,Crítico
2037,Panthera onca,Sus scrofa,Lepus europaeus,Lycalopex gymnocerca,Lycalopex gymnocerca,Lycalopex gymnocerca,Lycalopex gymnocerca,Lycalopex gymnocerca,Lepus europaeus,Lepus europaeus,Lepus europaeus,Sus scrofa,Panthera,Felidae,6,Crítico
2038,Panthera onca,Sus scrofa,Lepus europaeus,Lepus europaeus,Myrmecophaga tridactyla,Myrmecophaga tridactyla,Sus scrofa,Sus scrofa,Lepus europaeus,Lepus europaeus,Lepus europaeus,Sus scrofa domesticus,Panthera,Felidae,6,Crítico
2042,Puma concolor,Cuniculus paca,Cuniculus paca,Cuniculus paca,Cuniculus paca,Cerdocyon thous,Cerdocyon thous,Cerdocyon thous,Cuniculus paca,Cuniculus paca,Cuniculus paca,Cuniculus paca,Puma,Felidae,2,Bajo
2044,Puma concolor,Tayassu pecari,Eira barbara,Eira barbara,Aramides saracura,Mazama nanus,Cerdocyon thous,Eira barbara,Eira barbara,Eira barbara,Eira barbara,Tayassu pecari,Puma,Felidae,2,Bajo
2045,Puma concolor,Dasyprocta azarae,Eira barbara,Dasyprocta azarae,Dasyprocta azarae,Eira barbara,Dasyprocta azarae,Dasyprocta azarae,Eira barbara,Eira barbara,Eira barbara,Tayassu pecari,Puma,Felidae,2,Bajo
2046,Puma concolor,Herpailurus yagouaroundi,Galictis cuja,Dasyprocta azarae,Dasyprocta azarae,Nasua nasua,Nasua nasua,Pecari tajacu,Galictis cuja,Galictis cuja,Galictis cuja,Herpailurus yagouaroundi,Puma,Felidae,2,Bajo
2047,Puma concolor,Puma concolor,Leopardus wiedii,Eira barbara,Dasyprocta azarae,Panthera onca,Leopardus guttulus,Leopardus guttulus,Leopardus wiedii,Leopardus wiedii,Leopardus wiedii,Puma concolor,Puma,Felidae,2,Bajo
2048,Puma concolor,Dasyprocta azarae,Penelope superciliaris,Penelope superciliaris,Penelope superciliaris,Hydrochoerus hydrochaeris,Dasyprocta azarae,Penelope superciliaris,Penelope superciliaris,Penelope superciliaris,Penelope superciliaris,Dasyprocta azarae,Puma,Felidae,2,Bajo
2049,Puma concolor,Procyon cancrivorus,Puma concolor,Cerdocyon thous,Cerdocyon thous,Procyon cancrivorus,Cerdocyon thous,Subulo gouazoubira,Puma concolor,Puma concolor,Puma concolor,Procyon cancrivorus,Puma,Felidae,2,Bajo
2051,Puma concolor,Tamandua tetradactyla,Lontra longicaudis,Lontra longicaudis,Lontra longicaudis,Cerdocyon thous,Cerdocyon thous,Tamandua tetradactyla,Lontra longicaudis,Lontra longicaudis,Lontra longicaudis,Tamandua tetradactyla,Puma,Felidae,2,Bajo
2052,Puma concolor,Lycalopex gymnocerca,Tamandua tetradactyla,Lycalopex gymnocerca,Tamandua tetradactyla,Lycalopex gymnocerca,Lycalopex gymnocerca,Tamandua tetradactyla,Tamandua tetradactyla,Tamandua tetradactyla,Tamandua tetradactyla,Lycalopex gymnocerca,Puma,Felidae,2,Bajo
2053,Puma concolor,Puma concolor,Puma concolor,Dasypus novemcinctus,Leopardus wiedii,Cuniculus paca,Cerdocyon thous,Cuniculus paca,Puma concolor,Puma concolor,Puma concolor,Puma concolor,Puma,Felidae,2,Bajo
2054,Puma concolor,Procyon cancrivorus,Leopardus wiedii,Leopardus guttulus,Cabassous tatouay,Cerdocyon thous,Cerdocyon thous,Procyon cancrivorus,Leopardus wiedii,Leopardus wiedii,Leopardus wiedii,Procyon cancrivorus,Puma,Felidae,2,Bajo
2055,Puma concolor,Myrmecophaga tridactyla,Myrmecophaga tridactyla,Cuniculus paca,Cuniculus paca,Myrmecophaga tridactyla,Myrmecophaga tridactyla,Lycalopex gymnocerca,Myrmecophaga tridactyla,Myrmecophaga tridactyla,Myrmecophaga tridactyla,Myrmecophaga tridactyla,Puma,Felidae,2,Bajo
2056,Puma concolor,Myrmecophaga tridactyla,Myrmecophaga tridactyla,Myrmecophaga tridactyla,Cuniculus paca,Myrmecophaga tridactyla,Myrmecophaga tridactyla,Axis axis,Myrmecophaga tridactyla,Myrmecophaga tridactyla,Myrmecophaga tridactyla,Myrmecophaga tridactyla,Puma,Felidae,2,Bajo
2059,Puma concolor concolor,Puma concolor,Puma concolor,Leopardus guttulus,Cuniculus paca,Cerdocyon thous,Cerdocyon thous,Leopardus guttulus,Puma concolor,Puma concolor,Puma concolor,Cuniculus paca,Puma,Felidae,2,Bajo
2061,Puma concolor concolor,Sylvilagus brasiliensis,Sylvilagus brasiliensis,Mazama nanus,Crypturellus obsoletus,Cerdocyon thous,Cerdocyon thous,Sylvilagus brasiliensis,Sylvilagus brasiliensis,Sylvilagus brasiliensis,Sylvilagus brasiliensis,Sylvilagus brasiliensis,Puma,Felidae,2,Bajo
2062,Puma concolor concolor,Leopardus guttulus,Puma concolor,Leopardus wiedii,Cerdocyon thous,Lycalopex gymnocerca,Cerdocyon thous,Cerdocyon thous,Puma concolor,Puma concolor,Puma concolor,Leopardus guttulus,Puma,Felidae,2,Bajo
2063,Chamaeza campanisona,Chamaeza campanisona,Nyctidromus albicollis,Crypturellus obsoletus,Crypturellus obsoletus,Chamaeza campanisona,Leptotila rufaxilla,Tinamus solitarius,Nyctidromus albicollis,Nyctidromus albicollis,Nyctidromus albicollis,Chamaeza campanisona,Chamaeza,Formicariidae,1,Bajo
2065,Chamaeza campanisona,Chamaeza campanisona,Grallaria varia,Cryptopezus nattereri,Chamaeza campanisona,Sylvilagus brasiliensis,Nyctidromus albicollis,Sylvilagus brasiliensis,Grallaria varia,Grallaria varia,Grallaria varia,Chamaeza campanisona,Chamaeza,Formicariidae,1,Bajo
2066,Chamaeza campanisona,Salvator merianae,Crypturellus tataupa,Crypturellus tataupa,Crypturellus tataupa,Crypturellus tataupa,Salvator merianae,Dasyprocta azarae,Crypturellus tataupa,Crypturellus tataupa,Crypturellus tataupa,Crypturellus tataupa,Chamaeza,Formicariidae,1,Bajo
2067,Chamaeza campanisona,Aramides saracura,Crypturellus obsoletus,Crypturellus obsoletus,Crypturellus obsoletus,Herpailurus yagouaroundi,Aramides saracura,Leptotila rufaxilla,Crypturellus obsoletus,Crypturellus obsoletus,Crypturellus obsoletus,Aramides saracura,Chamaeza,Formicariidae,1,Bajo
2068,Chamaeza campanisona,Chamaeza campanisona,Myiothlypis leucoblephara,Myiothlypis leucoblephara,Odontophorus capueira,Turdus rufiventris,Leptotila rufaxilla,Nyctidromus albicollis,Myiothlypis leucoblephara,Myiothlypis leucoblephara,Myiothlypis leucoblephara,Chamaeza campanisona,Chamaeza,Formicariidae,1,Bajo
2070,Chamaeza campanisona,Pyriglena leucoptera,Conopophaga lineata,Baryphthengus ruficapillus,Baryphthengus ruficapillus,Turdus albicollis,Habia rubica,Habia rubica,Conopophaga lineata,Conopophaga lineata,Conopophaga lineata,Pyriglena leucoptera,Chamaeza,Formicariidae,1,Bajo
2072,Chamaeza campanisona,Conopophaga lineata,Habia rubica,Conopophaga lineata,Conopophaga lineata,Turdus albicollis,Habia rubica,Conopophaga lineata,Habia rubica,Habia rubica,Habia rubica,Conopophaga lineata,Chamaeza,Formicariidae,1,Bajo
2073,Chamaeza campanisona,Chamaeza campanisona,Chamaeza campanisona,Chamaeza campanisona,Chamaeza campanisona,Chamaeza campanisona,Turdus albicollis,Hypoedaleus guttatus,Chamaeza campanisona,Chamaeza campanisona,Chamaeza campanisona,Chamaeza campanisona,Chamaeza,Formicariidae,1,Bajo
2074,Chamaeza campanisona,Odontophorus capueira,Odontophorus capueira,Grallaria varia,Odontophorus capueira,Chamaeza campanisona,Tinamus solitarius,Crypturellus obsoletus,Odontophorus capueira,Odontophorus capueira,Odontophorus capueira,Odontophorus capueira,Chamaeza,Formicariidae,1,Bajo
2075,Chamaeza campanisona,Conopophaga lineata,Habia rubica,Chamaeza campanisona,Chamaeza campanisona,Chamaeza campanisona,Habia rubica,Manacus manacus,Habia rubica,Habia rubica,Habia rubica,Conopophaga lineata,Chamaeza,Formicariidae,1,Bajo
2076,Chamaeza campanisona,Turdus albicollis,Turdus albicollis,Turdus albicollis,Turdus albicollis,Chamaeza campanisona,Turdus albicollis,Manacus manacus,Turdus albicollis,Turdus albicollis,Turdus albicollis,Turdus albicollis,Chamaeza,Formicariidae,1,Bajo
2077,Chamaeza campanisona,Myiothlypis leucoblephara,Myiothlypis leucoblephara,Chamaeza campanisona,Chamaeza campanisona,Myiothlypis leucoblephara,Myiothlypis leucoblephara,Myiothlypis leucoblephara,Myiothlypis leucoblephara,Myiothlypis leucoblephara,Myiothlypis leucoblephara,Myiothlypis leucoblephara,Chamaeza,Formicariidae,1,Bajo
2078,Chamaeza campanisona,Myiothlypis leucoblephara,Turdus albicollis,Aramides saracura,Aramides saracura,Chamaeza campanisona,Turdus albicollis,Celeus galeatus,Turdus albicollis,Turdus albicollis,Turdus albicollis,Myiothlypis leucoblephara,Chamaeza,Formicariidae,1,Bajo
2080,Chamaeza campanisona,Myiothlypis leucoblephara,Myiothlypis leucoblephara,Chamaeza campanisona,Myiothlypis leucoblephara,Myiothlypis leucoblephara,Myiothlypis leucoblephara,Myiothlypis leucoblephara,Myiothlypis leucoblephara,Myiothlypis leucoblephara,Myiothlypis leucoblephara,Grallaria varia,Chamaeza,Formicariidae,1,Bajo
2081,Chamaeza campanisona,Chamaeza campanisona,Chamaeza campanisona,Chamaeza campanisona,Chamaeza campanisona,Chamaeza campanisona,Leptotila rufaxilla,Chamaeza campanisona,Chamaeza campanisona,Chamaeza campanisona,Chamaeza campanisona,Chamaeza campanisona,Chamaeza,Formicariidae,1,Bajo
2082,Chamaeza campanisona,Turdus albicollis,Habia rubica,Habia rubica,Habia rubica,Chamaeza campanisona,Habia rubica,Manacus manacus,Habia rubica,Habia rubica,Habia rubica,Turdus albicollis,Chamaeza,Formicariidae,1,Bajo
2083,Chamaeza campanisona,Hypoedaleus guttatus,Hypoedaleus guttatus,Baryphthengus ruficapillus,Baryphthengus ruficapillus,Hypoedaleus guttatus,Hypoedaleus guttatus,Hypoedaleus guttatus,Hypoedaleus guttatus,Hypoedaleus guttatus,Hypoedaleus guttatus,Hypoedaleus guttatus,Chamaeza,Formicariidae,1,Bajo
2084,Chamaeza campanisona,Conopophaga lineata,Turdus albicollis,Conopophaga lineata,Conopophaga lineata,Chamaeza campanisona,Conopophaga lineata,Conopophaga lineata,Turdus albicollis,Turdus albicollis,Turdus albicollis,Conopophaga lineata,Chamaeza,Formicariidae,1,Bajo
2085,Chamaeza campanisona,Conopophaga lineata,Hypoedaleus guttatus,Conopophaga lineata vulgaris,Conopophaga lineata,Hypoedaleus guttatus,Turdus albicollis,Hypoedaleus guttatus,Hypoedaleus guttatus,Hypoedaleus guttatus,Hypoedaleus guttatus,Conopophaga lineata,Chamaeza,Formicariidae,1,Bajo
2086,Chamaeza campanisona,Turdus albicollis,Pyriglena leucoptera,Grallaria varia,Grallaria varia,Hypoedaleus guttatus,Turdus albicollis,Conopophaga lineata,Pyriglena leucoptera,Pyriglena leucoptera,Pyriglena leucoptera,Turdus albicollis,Chamaeza,Formicariidae,1,Bajo
2087,Chamaeza campanisona,Celeus galeatus,Chamaeza campanisona,Celeus galeatus,Celeus galeatus,Celeus galeatus,Turdus albicollis,Hypoedaleus guttatus,Chamaeza campanisona,Chamaeza campanisona,Chamaeza campanisona,Celeus galeatus,Chamaeza,Formicariidae,1,Bajo
2089,Chamaeza campanisona,Hypoedaleus guttatus,Hypoedaleus guttatus,Hypoedaleus guttatus,Hypoedaleus guttatus,Hypoedaleus guttatus,Hypoedaleus guttatus,Hypoedaleus guttatus,Hypoedaleus guttatus,Hypoedaleus guttatus,Hypoedaleus guttatus,Hypoedaleus guttatus,Chamaeza,Formicariidae,1,Bajo
2090,Chamaeza campanisona,Tayassu pecari,Dasyprocta azarae,Dasyprocta azarae,Dasyprocta azarae,Eira barbara,Dasyprocta azarae,Dasyprocta azarae,Dasyprocta azarae,Dasyprocta azarae,Dasyprocta azarae,Tayassu pecari,Chamaeza,Formicariidae,1,Bajo
2092,Chamaeza campanisona,Cryptopezus nattereri,Cryptopezus nattereri,Cryptopezus nattereri,Cryptopezus nattereri,Chamaeza campanisona,Conopophaga lineata,Cryptopezus nattereri,Cryptopezus nattereri,Cryptopezus nattereri,Cryptopezus nattereri,Cryptopezus nattereri,Chamaeza,Formicariidae,1,Bajo
2093,Chamaeza campanisona,Cryptopezus nattereri,Turdus albicollis,Cryptopezus nattereri,Cryptopezus nattereri,Chamaeza campanisona,Conopophaga lineata,Conopophaga lineata,Turdus albicollis,Turdus albicollis,Turdus albicollis,Cryptopezus nattereri,Chamaeza,Formicariidae,1,Bajo
2095,Chamaeza campanisona,Hypoedaleus guttatus,Turdus albicollis,Conopophaga lineata,Conopophaga lineata,Hypoedaleus guttatus,Hypoedaleus guttatus,Cyanocorax chrysops,Turdus albicollis,Turdus albicollis,Turdus albicollis,Hypoedaleus guttatus,Chamaeza,Formicariidae,1,Bajo
2096,Chamaeza campanisona,Mackenziaena severa,Turdus rufiventris,Conopophaga lineata,Conopophaga lineata,Habia rubica,Habia rubica,Habia rubica,Turdus rufiventris,Turdus rufiventris,Turdus rufiventris,Mackenziaena severa,Chamaeza,Formicariidae,1,Bajo
2097,Chamaeza campanisona,Manacus manacus,Habia rubica,Chamaeza campanisona,Chamaeza campanisona,Manacus manacus,Conopophaga lineata,Habia rubica,Habia rubica,Habia rubica,Habia rubica,Manacus manacus,Chamaeza,Formicariidae,1,Bajo
2098,Chamaeza campanisona,Conopophaga lineata,Conopophaga lineata,Conopophaga lineata,Conopophaga lineata,Chamaeza campanisona,Conopophaga lineata,Conopophaga lineata,Conopophaga lineata,Conopophaga lineata,Conopophaga lineata,Conopophaga lineata,Chamaeza,Formicariidae,1,Bajo
2099,Chamaeza campanisona,Turdus albicollis,Cryptopezus nattereri,Conopophaga lineata,Conopophaga lineata,Turdus albicollis,Turdus albicollis,Turdus albicollis,Cryptopezus nattereri,Cryptopezus nattereri,Cryptopezus nattereri,Turdus albicollis,Chamaeza,Formicariidae,1,Bajo
2100,Chamaeza campanisona,Chamaeza campanisona,Chamaeza campanisona,Chamaeza campanisona,Chamaeza campanisona,Chamaeza campanisona,Hydropsalis torquata,Chamaeza campanisona,Chamaeza campanisona,Chamaeza campanisona,Chamaeza campanisona,Chamaeza campanisona,Chamaeza,Formicariidae,1,Bajo
2101,Chamaeza campanisona,Hypoedaleus guttatus,Chamaeza campanisona,Chamaeza campanisona,Celeus galeatus,Hypoedaleus guttatus,Hypoedaleus guttatus,Pyriglena leucoptera,Chamaeza campanisona,Chamaeza campanisona,Chamaeza campanisona,Hypoedaleus guttatus,Chamaeza,Formicariidae,1,Bajo
2102,Synallaxis ruficapilla,Synallaxis ruficapilla,Biatas nigropectus,Biatas nigropectus,Biatas nigropectus,Biatas nigropectus,Conopophaga lineata,Manacus manacus,Biatas nigropectus,Biatas nigropectus,Biatas nigropectus,Synallaxis ruficapilla,Synallaxis,Furnariidae,3,Medio
2103,Synallaxis ruficapilla,Turdus rufiventris,Conopophaga lineata,Conopophaga lineata,Conopophaga lineata,Nasua nasua,Turdus rufiventris,Chamaeza campanisona,Conopophaga lineata,Conopophaga lineata,Conopophaga lineata,Turdus rufiventris,Synallaxis,Furnariidae,3,Medio
2104,Synallaxis ruficapilla,Synallaxis ruficapilla,Pyriglena leucoptera,Myiothlypis leucoblephara,Myiothlypis leucoblephara,Synallaxis ruficapilla,Habia rubica,Conopophaga lineata,Pyriglena leucoptera,Pyriglena leucoptera,Pyriglena leucoptera,Synallaxis ruficapilla,Synallaxis,Furnariidae,3,Medio
2105,Synallaxis ruficapilla,Manacus manacus,Myiothlypis leucoblephara,Conopophaga lineata,Conopophaga lineata,Synallaxis ruficapilla,Manacus manacus,Brotogeris chiriri,Myiothlypis leucoblephara,Myiothlypis leucoblephara,Myiothlypis leucoblephara,Manacus manacus,Synallaxis,Furnariidae,3,Medio
2107,Synallaxis ruficapilla,Mackenziaena severa,Mackenziaena severa,Biatas nigropectus,Biatas nigropectus,Biatas nigropectus,Pyriglena leucoptera,Myiothlypis leucoblephara,Mackenziaena severa,Mackenziaena severa,Mackenziaena severa,Biatas nigropectus,Synallaxis,Furnariidae,3,Medio
2108,Synallaxis ruficapilla,Biatas nigropectus,Biatas nigropectus,Baryphthengus ruficapillus,Biatas nigropectus,Biatas nigropectus,Habia rubica,Biatas nigropectus,Biatas nigropectus,Biatas nigropectus,Biatas nigropectus,Biatas nigropectus,Synallaxis,Furnariidae,3,Medio
2110,Synallaxis ruficapilla,Biatas nigropectus,Mackenziaena severa,Brotogeris chiriri,Biatas nigropectus,Habia rubica,Habia rubica,Mackenziaena severa,Mackenziaena severa,Mackenziaena severa,Mackenziaena severa,Biatas nigropectus,Synallaxis,Furnariidae,3,Medio
2112,Synallaxis ruficapilla,Habia rubica,Synallaxis ruficapilla,Habia rubica,Habia rubica,Synallaxis ruficapilla,Habia rubica,Habia rubica,Synallaxis ruficapilla,Synallaxis ruficapilla,Synallaxis ruficapilla,Habia rubica,Synallaxis,Furnariidae,3,Medio
2114,Synallaxis ruficapilla,Pyriglena leucoptera,Chamaeza campanisona,Chamaeza campanisona,Chamaeza campanisona,Synallaxis ruficapilla,Turdus albicollis,Biatas nigropectus,Chamaeza campanisona,Chamaeza campanisona,Chamaeza campanisona,Pyriglena leucoptera,Synallaxis,Furnariidae,3,Medio
2115,Synallaxis ruficapilla,Biatas nigropectus,Habia rubica,Habia rubica,Baryphthengus ruficapillus,Biatas nigropectus,Hypoedaleus guttatus,Biatas nigropectus,Habia rubica,Habia rubica,Habia rubica,Biatas nigropectus,Synallaxis,Furnariidae,3,Medio
2116,Synallaxis ruficapilla,Synallaxis ruficapilla,Habia rubica,Habia rubica,Habia rubica,Synallaxis ruficapilla,Habia rubica,Habia rubica,Habia rubica,Habia rubica,Habia rubica,Synallaxis ruficapilla,Synallaxis,Furnariidae,3,Medio
2118,Synallaxis ruficapilla,Myiothlypis leucoblephara,Synallaxis ruficapilla,Habia rubica,Habia rubica,Synallaxis ruficapilla,Tachyphonus coronatus,Biatas nigropectus,Synallaxis ruficapilla,Synallaxis ruficapilla,Synallaxis ruficapilla,Myiothlypis leucoblephara,Synallaxis,Furnariidae,3,Medio
2119,Synallaxis ruficapilla,Myiothlypis leucoblephara,Mackenziaena severa,Mackenziaena severa,Conopophaga lineata,Synallaxis ruficapilla,Synallaxis ruficapilla,Pyriglena leucoptera,Mackenziaena severa,Mackenziaena severa,Mackenziaena severa,Myiothlypis leucoblephara,Synallaxis,Furnariidae,3,Medio
2122,Synallaxis ruficapilla,Synallaxis ruficapilla,Conopophaga lineata,Habia rubica,Conopophaga lineata,Synallaxis ruficapilla,Conopophaga lineata,Conopophaga lineata,Conopophaga lineata,Conopophaga lineata,Conopophaga lineata,Synallaxis ruficapilla,Synallaxis,Furnariidae,3,Medio
2123,Synallaxis ruficapilla,Conopophaga lineata,Synallaxis ruficapilla,Chamaeza campanisona,Conopophaga lineata,Synallaxis ruficapilla,Conopophaga lineata,Conopophaga lineata,Synallaxis ruficapilla,Synallaxis ruficapilla,Synallaxis ruficapilla,Conopophaga lineata,Synallaxis,Furnariidae,3,Medio
2124,Synallaxis ruficapilla,Crypturellus tataupa,Leopardus pardalis,Crypturellus tataupa,Crypturellus tataupa,Myiothlypis leucoblephara,Penelope superciliaris,Aramides saracura,Leopardus pardalis,Leopardus pardalis,Leopardus pardalis,Crypturellus tataupa,Synallaxis,Furnariidae,3,Medio
2125,Synallaxis ruficapilla,Manacus manacus,Conopophaga lineata,Conopophaga lineata,Conopophaga lineata,Synallaxis ruficapilla,Conopophaga lineata,Manacus manacus,Conopophaga lineata,Conopophaga lineata,Conopophaga lineata,Manacus manacus,Synallaxis,Furnariidae,3,Medio
2126,Synallaxis ruficapilla,Biatas nigropectus,Synallaxis ruficapilla,Synallaxis ruficapilla,Synallaxis ruficapilla,Habia rubica,Habia rubica,Biatas nigropectus,Synallaxis ruficapilla,Synallaxis ruficapilla,Synallaxis ruficapilla,Biatas nigropectus,Synallaxis,Furnariidae,3,Medio
2127,Synallaxis ruficapilla,Biatas nigropectus,Biatas nigropectus,Biatas nigropectus,Biatas nigropectus,Biatas nigropectus,Hypoedaleus guttatus,Biatas nigropectus,Biatas nigropectus,Biatas nigropectus,Biatas nigropectus,Biatas nigropectus,Synallaxis,Furnariidae,3,Medio
2128,Synallaxis ruficapilla,Crypturellus obsoletus,Mackenziaena leachii,Leptotila rufaxilla,Aramides saracura,Mackenziaena severa,Aramides saracura,Leptotila rufaxilla,Mackenziaena leachii,Mackenziaena leachii,Mackenziaena leachii,Crypturellus obsoletus,Synallaxis,Furnariidae,3,Medio
2129,Synallaxis ruficapilla,Synallaxis ruficapilla,Synallaxis ruficapilla,Synallaxis ruficapilla,Habia rubica,Synallaxis ruficapilla,Habia rubica,Habia rubica,Synallaxis ruficapilla,Synallaxis ruficapilla,Synallaxis ruficapilla,Synallaxis ruficapilla,Synallaxis,Furnariidae,3,Medio
2130,Synallaxis ruficapilla,Habia rubica,Synallaxis ruficapilla,Synallaxis ruficapilla,Synallaxis ruficapilla,Habia rubica,Habia rubica,Pyriglena leucoptera,Synallaxis ruficapilla,Synallaxis ruficapilla,Synallaxis ruficapilla,Habia rubica,Synallaxis,Furnariidae,3,Medio
2131,Synallaxis ruficapilla,Synallaxis ruficapilla,Manacus manacus,Manacus manacus,Manacus manacus,Synallaxis ruficapilla,Conopophaga lineata,Conopophaga lineata,Manacus manacus,Manacus manacus,Manacus manacus,Synallaxis ruficapilla,Synallaxis,Furnariidae,3,Medio
2132,Synallaxis ruficapilla,Synallaxis ruficapilla,Conopophaga lineata,Conopophaga lineata,Conopophaga lineata,Synallaxis ruficapilla,Conopophaga lineata,Conopophaga lineata,Conopophaga lineata,Conopophaga lineata,Conopophaga lineata,Synallaxis ruficapilla,Synallaxis,Furnariidae,3,Medio
2133,Synallaxis ruficapilla,Synallaxis ruficapilla,Cyanoloxia brissonii,Cyanoloxia brissonii,Biatas nigropectus,Synallaxis ruficapilla,Synallaxis ruficapilla,Synallaxis ruficapilla,Cyanoloxia brissonii,Cyanoloxia brissonii,Cyanoloxia brissonii,Synallaxis ruficapilla,Synallaxis,Furnariidae,3,Medio
2134,Synallaxis ruficapilla,Biatas nigropectus,Biatas nigropectus,Mackenziaena severa,Biatas nigropectus,Biatas nigropectus,Mackenziaena severa,Biatas nigropectus,Biatas nigropectus,Biatas nigropectus,Biatas nigropectus,Biatas nigropectus,Synallaxis,Furnariidae,3,Medio
2135,Synallaxis ruficapilla,Synallaxis ruficapilla,Synallaxis ruficapilla,Conopophaga lineata,Conopophaga lineata,Synallaxis ruficapilla,Habia rubica,Conopophaga lineata,Synallaxis ruficapilla,Synallaxis ruficapilla,Synallaxis ruficapilla,Synallaxis ruficapilla,Synallaxis,Furnariidae,3,Medio
2136,Synallaxis ruficapilla,Synallaxis ruficapilla,Synallaxis ruficapilla,Synallaxis ruficapilla,Synallaxis ruficapilla,Synallaxis ruficapilla,Conopophaga lineata,Mackenziaena severa,Synallaxis ruficapilla,Synallaxis ruficapilla,Synallaxis ruficapilla,Synallaxis ruficapilla,Synallaxis,Furnariidae,3,Medio
2137,Synallaxis ruficapilla,Conopophaga lineata,Synallaxis ruficapilla,Synallaxis ruficapilla,Pyriglena leucoptera,Synallaxis ruficapilla,Conopophaga lineata,Conopophaga lineata,Synallaxis ruficapilla,Synallaxis ruficapilla,Synallaxis ruficapilla,Conopophaga lineata,Synallaxis,Furnariidae,3,Medio
2139,Synallaxis ruficapilla,Biatas nigropectus,Synallaxis ruficapilla,Synallaxis ruficapilla,Synallaxis ruficapilla,Synallaxis ruficapilla,Synallaxis ruficapilla,Mackenziaena severa,Synallaxis ruficapilla,Synallaxis ruficapilla,Synallaxis ruficapilla,Biatas nigropectus,Synallaxis,Furnariidae,3,Medio
2140,Synallaxis ruficapilla,Aramides saracura,Aramides saracura,Aramides saracura,Aramides saracura,Aramides saracura,Aramides saracura,Sporophila pileata,Aramides saracura,Aramides saracura,Aramides saracura,Aramides saracura,Synallaxis,Furnariidae,3,Medio
2142,Synallaxis ruficapilla,Mackenziaena severa,Penelope superciliaris,Penelope superciliaris,Habia rubica,Habia rubica,Penelope superciliaris,Biatas nigropectus,Penelope superciliaris,Penelope superciliaris,Penelope superciliaris,Mackenziaena severa,Synallaxis,Furnariidae,3,Medio
2143,Synallaxis ruficapilla,Mackenziaena severa,Myiothlypis leucoblephara,Hypoedaleus guttatus,Biatas nigropectus,Synallaxis ruficapilla,Hypoedaleus guttatus,Conopophaga lineata,Myiothlypis leucoblephara,Myiothlypis leucoblephara,Myiothlypis leucoblephara,Mackenziaena severa,Synallaxis,Furnariidae,3,Medio
2144,Synallaxis ruficapilla,Pyriglena leucoptera,Pogonotriccus eximius,Pogonotriccus eximius,Synallaxis ruficapilla,Manacus manacus,Habia rubica,Synallaxis ruficapilla,Pogonotriccus eximius,Pogonotriccus eximius,Pogonotriccus eximius,Pyriglena leucoptera,Synallaxis,Furnariidae,3,Medio
2145,Synallaxis ruficapilla,Mackenziaena severa,Synallaxis ruficapilla,Mackenziaena severa,Habia rubica,Synallaxis ruficapilla,Synallaxis ruficapilla,Biatas nigropectus,Synallaxis ruficapilla,Synallaxis ruficapilla,Synallaxis ruficapilla,Mackenziaena severa,Synallaxis,Furnariidae,3,Medio
2146,Synallaxis ruficapilla,Brotogeris chiriri,Habia rubica,Brotogeris chiriri,Brotogeris chiriri,Habia rubica,Habia rubica,Habia rubica,Habia rubica,Habia rubica,Habia rubica,Brotogeris chiriri,Synallaxis,Furnariidae,3,Medio
2148,Synallaxis ruficapilla,Biatas nigropectus,Synallaxis ruficapilla,Synallaxis ruficapilla,Synallaxis ruficapilla,Synallaxis ruficapilla,Synallaxis ruficapilla,Conopophaga lineata,Synallaxis ruficapilla,Synallaxis ruficapilla,Synallaxis ruficapilla,Biatas nigropectus,Synallaxis,Furnariidae,3,Medio
2149,Synallaxis ruficapilla,Synallaxis ruficapilla,Synallaxis ruficapilla,Baryphthengus ruficapillus,Habia rubica,Synallaxis ruficapilla,Conopophaga lineata,Synallaxis ruficapilla,Synallaxis ruficapilla,Synallaxis ruficapilla,Synallaxis ruficapilla,Synallaxis ruficapilla,Synallaxis,Furnariidae,3,Medio
2150,Synallaxis ruficapilla,Synallaxis ruficapilla,Manacus manacus,Habia rubica,Synallaxis ruficapilla,Synallaxis ruficapilla,Habia rubica,Synallaxis ruficapilla,Manacus manacus,Manacus manacus,Manacus manacus,Habia rubica,Synallaxis,Furnariidae,3,Medio
2152,Synallaxis ruficapilla,Biatas nigropectus,Baryphthengus ruficapillus,Baryphthengus ruficapillus,Baryphthengus ruficapillus,Biatas nigropectus,Habia rubica,Biatas nigropectus,Baryphthengus ruficapillus,Baryphthengus ruficapillus,Baryphthengus ruficapillus,Biatas nigropectus,Synallaxis,Furnariidae,3,Medio
2153,Synallaxis ruficapilla,Tachyphonus coronatus,Conopophaga lineata,Conopophaga lineata,Turdus albicollis,Synallaxis ruficapilla,Tachyphonus coronatus,Turdus albicollis,Conopophaga lineata,Conopophaga lineata,Conopophaga lineata,Tachyphonus coronatus,Synallaxis,Furnariidae,3,Medio
2154,Synallaxis ruficapilla,Synallaxis ruficapilla,Synallaxis ruficapilla,Myiothlypis leucoblephara,Myiothlypis leucoblephara,Synallaxis ruficapilla,Habia rubica,Conopophaga lineata,Synallaxis ruficapilla,Synallaxis ruficapilla,Synallaxis ruficapilla,Synallaxis ruficapilla,Synallaxis,Furnariidae,3,Medio
2155,Synallaxis ruficapilla,Conopophaga lineata,Myiothlypis leucoblephara,Conopophaga lineata,Conopophaga lineata,Manacus manacus,Conopophaga lineata,Conopophaga lineata,Myiothlypis leucoblephara,Myiothlypis leucoblephara,Myiothlypis leucoblephara,Conopophaga lineata,Synallaxis,Furnariidae,3,Medio
2156,Synallaxis ruficapilla,Pyriglena leucoptera,Synallaxis ruficapilla,Synallaxis ruficapilla,Synallaxis ruficapilla,Synallaxis ruficapilla,Habia rubica,Pyriglena leucoptera,Synallaxis ruficapilla,Synallaxis ruficapilla,Synallaxis ruficapilla,Pyriglena leucoptera,Synallaxis,Furnariidae,3,Medio
2157,Synallaxis ruficapilla,Synallaxis ruficapilla,Habia rubica,Habia rubica,Habia rubica,Synallaxis ruficapilla,Habia rubica,Synallaxis ruficapilla,Habia rubica,Habia rubica,Habia rubica,Synallaxis ruficapilla,Synallaxis,Furnariidae,3,Medio
2158,Synallaxis ruficapilla,Penelope superciliaris,Penelope superciliaris,Penelope superciliaris,Penelope superciliaris,Penelope superciliaris,Penelope superciliaris,Biatas nigropectus,Penelope superciliaris,Penelope superciliaris,Penelope superciliaris,Penelope superciliaris,Synallaxis,Furnariidae,3,Medio
2159,Synallaxis ruficapilla,Synallaxis ruficapilla,Pyriglena leucoptera,Myiothlypis leucoblephara,Synallaxis ruficapilla,Synallaxis ruficapilla,Conopophaga lineata,Synallaxis ruficapilla,Pyriglena leucoptera,Pyriglena leucoptera,Pyriglena leucoptera,Synallaxis ruficapilla,Synallaxis,Furnariidae,3,Medio
2160,Synallaxis ruficapilla,Biatas nigropectus,Tachyphonus coronatus,Cyanoloxia brissonii,Biatas nigropectus,Brotogeris chiriri,Tachyphonus coronatus,Tachyphonus coronatus,Tachyphonus coronatus,Tachyphonus coronatus,Tachyphonus coronatus,Biatas nigropectus,Synallaxis,Furnariidae,3,Medio
2161,Synallaxis ruficapilla,Synallaxis ruficapilla,Synallaxis ruficapilla,Synallaxis ruficapilla,Synallaxis ruficapilla,Synallaxis ruficapilla,Conopophaga lineata,Synallaxis ruficapilla,Synallaxis ruficapilla,Synallaxis ruficapilla,Synallaxis ruficapilla,Synallaxis ruficapilla,Synallaxis,Furnariidae,3,Medio
2162,Synallaxis ruficapilla,Synallaxis ruficapilla,Synallaxis ruficapilla,Biatas nigropectus,Biatas nigropectus,Synallaxis ruficapilla,Conopophaga lineata,Conopophaga lineata,Synallaxis ruficapilla,Synallaxis ruficapilla,Synallaxis ruficapilla,Synallaxis ruficapilla,Synallaxis,Furnariidae,3,Medio
2163,Synallaxis ruficapilla,Pyriglena leucoptera,Tachyphonus coronatus,Hypoedaleus guttatus,Synallaxis ruficapilla,Pyriglena leucoptera,Habia rubica,Synallaxis ruficapilla,Tachyphonus coronatus,Tachyphonus coronatus,Tachyphonus coronatus,Pyriglena leucoptera,Synallaxis,Furnariidae,3,Medio
2166,Cryptopezus nattereri,Cryptopezus nattereri,Cryptopezus nattereri,Cryptopezus nattereri,Cryptopezus nattereri,Cryptopezus nattereri,Conopophaga lineata,Cryptopezus nattereri,Cryptopezus nattereri,Cryptopezus nattereri,Cryptopezus nattereri,Cryptopezus nattereri,Cryptopezus,Grallariidae,5,Crítico
2168,Cryptopezus nattereri,Conopophaga lineata,Synallaxis ruficapilla,Conopophaga lineata vulgaris,Conopophaga lineata,Manacus manacus,Conopophaga lineata,Conopophaga lineata,Synallaxis ruficapilla,Synallaxis ruficapilla,Synallaxis ruficapilla,Conopophaga lineata,Cryptopezus,Grallariidae,5,Crítico
2169,Cryptopezus nattereri,Cryptopezus nattereri,Cryptopezus nattereri,Cryptopezus nattereri,Conopophaga lineata,Chamaeza campanisona,Turdus albicollis,Cryptopezus nattereri,Cryptopezus nattereri,Cryptopezus nattereri,Cryptopezus nattereri,Cryptopezus nattereri,Cryptopezus,Grallariidae,5,Crítico
2170,Cryptopezus nattereri,Conopophaga lineata,Synallaxis ruficapilla,Synallaxis ruficapilla,Synallaxis ruficapilla,Turdus albicollis,Conopophaga lineata,Synallaxis ruficapilla,Synallaxis ruficapilla,Synallaxis ruficapilla,Synallaxis ruficapilla,Conopophaga lineata,Cryptopezus,Grallariidae,5,Crítico
2171,Grallaria varia,Pyriglena leucoptera,Cryptopezus nattereri,Conopophaga lineata,Conopophaga lineata,Cryptopezus nattereri,Turdus albicollis,Turdus albicollis,Cryptopezus nattereri,Cryptopezus nattereri,Cryptopezus nattereri,Pyriglena leucoptera,Grallaria,Grallariidae,3,Medio
2172,Grallaria varia,Chamaeza campanisona,Grallaria varia,Conopophaga lineata,Conopophaga lineata,Conopophaga lineata,Conopophaga lineata,Mackenziaena severa,Grallaria varia,Grallaria varia,Grallaria varia,Chamaeza campanisona,Grallaria,Grallariidae,3,Medio
2173,Grallaria varia,Conopophaga lineata,Conopophaga lineata,Conopophaga lineata,Conopophaga lineata,Conopophaga lineata,Conopophaga lineata,Cyanoloxia brissonii,Conopophaga lineata,Conopophaga lineata,Conopophaga lineata,Conopophaga lineata,Grallaria,Grallariidae,3,Medio
2174,Grallaria varia,Tayassu pecari,Eira barbara,Crypturellus tataupa,Crypturellus tataupa,Eira barbara,Eira barbara,Eira barbara,Eira barbara,Eira barbara,Eira barbara,Tayassu pecari,Grallaria,Grallariidae,3,Medio
2177,Grallaria varia,Crypturellus tataupa,Eira barbara,Eira barbara,Crypturellus tataupa,Eira barbara,Eira barbara,Didelphis albiventris,Eira barbara,Eira barbara,Eira barbara,Crypturellus tataupa,Grallaria,Grallariidae,3,Medio
2178,Grallaria varia,Cryptopezus nattereri,Cryptopezus nattereri,Cryptopezus nattereri,Cryptopezus nattereri,Cryptopezus nattereri,Conopophaga lineata,Conopophaga lineata,Cryptopezus nattereri,Cryptopezus nattereri,Cryptopezus nattereri,Cryptopezus nattereri,Grallaria,Grallariidae,3,Medio
2180,Grallaria varia,Cryptopezus nattereri,Cryptopezus nattereri,Cryptopezus nattereri,Cryptopezus nattereri,Cryptopezus nattereri,Conopophaga lineata,Conopophaga lineata,Cryptopezus nattereri,Cryptopezus nattereri,Cryptopezus nattereri,Cryptopezus nattereri,Grallaria,Grallariidae,3,Medio
2181,Grallaria varia,Grallaria varia,Tinamus solitarius,Chamaeza campanisona,Chamaeza campanisona,Grallaria varia,Tinamus solitarius,Turdus rufiventris,Tinamus solitarius,Tinamus solitarius,Tinamus solitarius,Grallaria varia,Grallaria,Grallariidae,3,Medio
2182,Grallaria varia,Synallaxis ruficapilla,Synallaxis ruficapilla,Conopophaga lineata vulgaris,Chamaeza campanisona,Synallaxis ruficapilla,Conopophaga lineata,Pyriglena leucoptera,Synallaxis ruficapilla,Synallaxis ruficapilla,Synallaxis ruficapilla,Synallaxis ruficapilla,Grallaria,Grallariidae,3,Medio
2183,Grallaria varia,Turdus albicollis,Celeus galeatus,Celeus galeatus,Celeus galeatus,Hypoedaleus guttatus,Habia rubica,Turdus albicollis,Celeus galeatus,Celeus galeatus,Celeus galeatus,Turdus albicollis,Grallaria,Grallariidae,3,Medio
2184,Grallaria varia,Cryptopezus nattereri,Cryptopezus nattereri,Cryptopezus nattereri,Cryptopezus nattereri,Cryptopezus nattereri,Tachyphonus coronatus,Gubernetes yetapa,Cryptopezus nattereri,Cryptopezus nattereri,Cryptopezus nattereri,Cryptopezus nattereri,Grallaria,Grallariidae,3,Medio
2185,Grallaria varia,Habia rubica,Conopophaga lineata,Baryphthengus ruficapillus,Baryphthengus ruficapillus,Chamaeza campanisona,Habia rubica,Turdus albicollis,Conopophaga lineata,Conopophaga lineata,Conopophaga lineata,Habia rubica,Grallaria,Grallariidae,3,Medio
2186,Grallaria varia,Conopophaga lineata,Cryptopezus nattereri,Conopophaga lineata,Conopophaga lineata,Cryptopezus nattereri,Conopophaga lineata,Conopophaga lineata,Cryptopezus nattereri,Cryptopezus nattereri,Cryptopezus nattereri,Conopophaga lineata,Grallaria,Grallariidae,3,Medio
2187,Grallaria varia,Grallaria varia,Grallaria varia,Grallaria varia,Grallaria varia,Grallaria varia,Nyctidromus albicollis,Myiothlypis leucoblephara,Grallaria varia,Grallaria varia,Grallaria varia,Grallaria varia,Grallaria,Grallariidae,3,Medio
2188,Grallaria varia,Conopophaga lineata,Turdus albicollis,Conopophaga lineata,Conopophaga lineata,Conopophaga lineata,Conopophaga lineata,Tachyphonus coronatus,Turdus albicollis,Turdus albicollis,Turdus albicollis,Conopophaga lineata,Grallaria,Grallariidae,3,Medio
2189,Grallaria varia,Dasyprocta azarae,Crypturellus obsoletus,Crypturellus obsoletus,Crypturellus obsoletus,Pecari tajacu,Dasyprocta azarae,Aramides saracura,Crypturellus obsoletus,Crypturellus obsoletus,Crypturellus obsoletus,Dasyprocta azarae,Grallaria,Grallariidae,3,Medio
2190,Lepus europaeus,Lepus europaeus,Lepus europaeus,Lepus europaeus,Lepus europaeus,Lepus europaeus,Lepus europaeus,Lepus europaeus,Lepus europaeus,Lepus europaeus,Lepus europaeus,Lepus europaeus,Lepus,Leporidae,0,Exótica/Invasora
2191,Lepus europaeus,Lepus europaeus,Lepus europaeus,Lepus europaeus,Lepus europaeus,Lepus europaeus,Lepus europaeus,Lepus europaeus,Lepus europaeus,Lepus europaeus,Lepus europaeus,Lepus europaeus,Lepus,Leporidae,0,Exótica/Invasora
2193,Lepus europaeus,Lepus europaeus,Lepus europaeus,Lepus europaeus,Lepus europaeus,Lepus europaeus,Lepus europaeus,Lepus europaeus,Lepus europaeus,Lepus europaeus,Lepus europaeus,Lepus europaeus,Lepus,Leporidae,0,Exótica/Invasora
2195,Lepus europaeus,Herpailurus yagouaroundi,Herpailurus yagouaroundi,Herpailurus yagouaroundi,Herpailurus yagouaroundi,Nyctidromus albicollis,Salvator merianae,Sylvilagus brasiliensis,Herpailurus yagouaroundi,Herpailurus yagouaroundi,Herpailurus yagouaroundi,Herpailurus yagouaroundi,Lepus,Leporidae,0,Exótica/Invasora
2197,Lepus europaeus,Lepus europaeus,Tamandua tetradactyla,Dasypus novemcinctus,Dasypus novemcinctus,Lepus europaeus,Lepus europaeus,Lepus europaeus,Tamandua tetradactyla,Tamandua tetradactyla,Tamandua tetradactyla,Lepus europaeus,Lepus,Leporidae,0,Exótica/Invasora
2198,Lepus europaeus,Lepus europaeus,Lepus europaeus,Lepus europaeus,Lepus europaeus,Lepus europaeus,Lepus europaeus,Lepus europaeus,Lepus europaeus,Lepus europaeus,Lepus europaeus,Lepus europaeus,Lepus,Leporidae,0,Exótica/Invasora
2199,Lepus europaeus,Lepus europaeus,Sylvilagus brasiliensis,Sylvilagus brasiliensis,Lepus europaeus,Lepus europaeus,Lepus europaeus,Lepus europaeus,Sylvilagus brasiliensis,Sylvilagus brasiliensis,Sylvilagus brasiliensis,Lepus europaeus,Lepus,Leporidae,0,Exótica/Invasora
2200,Lepus europaeus,Lepus europaeus,Dasyprocta azarae,Dasyprocta azarae,Lepus europaeus,Lepus europaeus,Lepus europaeus,Lepus europaeus,Dasyprocta azarae,Dasyprocta azarae,Dasyprocta azarae,Lepus europaeus,Lepus,Leporidae,0,Exótica/Invasora
2201,Lepus europaeus,Lepus europaeus,Lepus europaeus,Lepus europaeus,Lepus europaeus,Lepus europaeus,Lepus europaeus,Lepus europaeus,Lepus europaeus,Lepus europaeus,Lepus europaeus,Lepus europaeus,Lepus,Leporidae,0,Exótica/Invasora
2202,Lepus europaeus,Lepus europaeus,Lepus europaeus,Lepus europaeus,Lepus europaeus,Lepus europaeus,Lepus europaeus,Lycalopex gymnocerca,Lepus europaeus,Lepus europaeus,Lepus europaeus,Lepus europaeus,Lepus,Leporidae,0,Exótica/Invasora
2203,Lepus europaeus,Lepus europaeus,Subulo gouazoubira,Lepus europaeus,Lepus europaeus,Subulo gouazoubira,Lepus europaeus,Subulo gouazoubira,Subulo gouazoubira,Subulo gouazoubira,Subulo gouazoubira,Lepus europaeus,Lepus,Leporidae,0,Exótica/Invasora
2204,Lepus europaeus,Lepus europaeus,Lepus europaeus,Lepus europaeus,Lepus europaeus,Lepus europaeus,Lepus europaeus,Lepus europaeus,Lepus europaeus,Lepus europaeus,Lepus europaeus,Lepus europaeus,Lepus,Leporidae,0,Exótica/Invasora
2205,Lepus europaeus,Leopardus wiedii,Crypturellus tataupa,Crypturellus tataupa,Crypturellus tataupa,Lepus europaeus,Dasyprocta azarae,Dasyprocta azarae,Crypturellus tataupa,Crypturellus tataupa,Crypturellus tataupa,Leopardus wiedii,Lepus,Leporidae,0,Exótica/Invasora
2206,Lepus europaeus,Hydrochoerus hydrochaeris,Dasyprocta azarae,Cerdocyon thous,Dasyprocta azarae,Lycalopex gymnocerca,Hydrochoerus hydrochaeris,Pecari tajacu,Dasyprocta azarae,Dasyprocta azarae,Dasyprocta azarae,Hydrochoerus hydrochaeris,Lepus,Leporidae,0,Exótica/Invasora
2208,Lepus europaeus,Lycalopex gymnocerca,Lycalopex gymnocerca,Cerdocyon thous,Cerdocyon thous,Lepus europaeus,Lycalopex gymnocerca,Leopardus guttulus,Lycalopex gymnocerca,Lycalopex gymnocerca,Lycalopex gymnocerca,Lycalopex gymnocerca,Lepus,Leporidae,0,Exótica/Invasora
2210,Lepus europaeus,Lycalopex gymnocerca,Mazama nanus,Mazama nanus,Subulo gouazoubira,Nothura maculosa,Lycalopex gymnocerca,Subulo gouazoubira,Mazama nanus,Mazama nanus,Mazama nanus,Lycalopex gymnocerca,Lepus,Leporidae,0,Exótica/Invasora
2211,Lepus europaeus,Canis familiaris,Didelphis albiventris,Canis familiaris,Aramides saracura,Didelphis albiventris,Didelphis albiventris,Tamandua tetradactyla,Didelphis albiventris,Didelphis albiventris,Didelphis albiventris,Canis familiaris,Lepus,Leporidae,0,Exótica/Invasora
2213,Lepus europaeus,Hydrochoerus hydrochaeris,Lepus europaeus,Aramides saracura,Hydrochoerus hydrochaeris,Lepus europaeus,Didelphis albiventris,Galictis cuja,Lepus europaeus,Lepus europaeus,Lepus europaeus,Hydrochoerus hydrochaeris,Lepus,Leporidae,0,Exótica/Invasora
2214,Lepus europaeus,Lycalopex gymnocerca,Tamandua tetradactyla,Lycalopex gymnocerca,Lepus europaeus,Lepus europaeus,Lycalopex gymnocerca,Leopardus guttulus,Tamandua tetradactyla,Tamandua tetradactyla,Tamandua tetradactyla,Lycalopex gymnocerca,Lepus,Leporidae,0,Exótica/Invasora
2215,Lepus europaeus,Lepus europaeus,Herpailurus yagouaroundi,Aramides saracura,Aramides saracura,Lepus europaeus,Lepus europaeus,Lepus europaeus,Herpailurus yagouaroundi,Herpailurus yagouaroundi,Herpailurus yagouaroundi,Lepus europaeus,Lepus,Leporidae,0,Exótica/Invasora
2216,Lepus europaeus,Mazama nanus,Dasyprocta azarae,Dasyprocta azarae,Dasyprocta azarae,Lepus europaeus,Dasyprocta azarae,Leopardus guttulus,Dasyprocta azarae,Dasyprocta azarae,Dasyprocta azarae,Mazama nanus,Lepus,Leporidae,0,Exótica/Invasora
2217,Lepus europaeus,Lepus europaeus,Lepus europaeus,Lepus europaeus,Lepus europaeus,Lepus europaeus,Lepus europaeus,Lepus europaeus,Lepus europaeus,Lepus europaeus,Lepus europaeus,Lepus europaeus,Lepus,Leporidae,0,Exótica/Invasora
2218,Lepus europaeus,Leopardus guttulus,Eira barbara,Eira barbara,Eira barbara,Leopardus guttulus,Leopardus guttulus,Eira barbara,Eira barbara,Eira barbara,Eira barbara,Leopardus guttulus,Lepus,Leporidae,0,Exótica/Invasora
2219,Lepus europaeus,Lycalopex gymnocerca,Lepus europaeus,Lepus europaeus,Galictis cuja,Lepus europaeus,Lepus europaeus,Lepus europaeus,Lepus europaeus,Lepus europaeus,Lepus europaeus,Lycalopex gymnocerca,Lepus,Leporidae,0,Exótica/Invasora
2220,Lepus europaeus,Tamandua tetradactyla,Herpailurus yagouaroundi,Herpailurus yagouaroundi,Herpailurus yagouaroundi,Lepus europaeus,Galictis cuja,Cerdocyon thous,Herpailurus yagouaroundi,Herpailurus yagouaroundi,Herpailurus yagouaroundi,Tamandua tetradactyla,Lepus,Leporidae,0,Exótica/Invasora
2221,Lepus europaeus,Sylvilagus brasiliensis,Procyon cancrivorus,Lepus europaeus,Lepus europaeus,Lepus europaeus,Lepus europaeus,Lepus europaeus,Procyon cancrivorus,Procyon cancrivorus,Procyon cancrivorus,Sylvilagus brasiliensis,Lepus,Leporidae,0,Exótica/Invasora
2222,Lepus europaeus,Sus scrofa,Lepus europaeus,Lepus europaeus,Lycalopex gymnocerca,Lepus europaeus,Sus scrofa,Lycalopex gymnocerca,Lepus europaeus,Lepus europaeus,Lepus europaeus,Sus scrofa domesticus,Lepus,Leporidae,0,Exótica/Invasora
2223,Lepus europaeus,Lepus europaeus,Chamaeza campanisona,Chamaeza campanisona,Lepus europaeus,Lepus europaeus,Lepus europaeus,Lycalopex gymnocerca,Chamaeza campanisona,Chamaeza campanisona,Chamaeza campanisona,Lepus europaeus,Lepus,Leporidae,0,Exótica/Invasora
2224,Lepus europaeus,Lepus europaeus,Lepus europaeus,Lepus europaeus,Lepus europaeus,Lepus europaeus,Lepus europaeus,Lepus europaeus,Lepus europaeus,Lepus europaeus,Lepus europaeus,Lepus europaeus,Lepus,Leporidae,0,Exótica/Invasora
2225,Lepus europaeus,Lepus europaeus,Lepus europaeus,Lepus europaeus,Lepus europaeus,Lepus europaeus,Lepus europaeus,Lepus europaeus,Lepus europaeus,Lepus europaeus,Lepus europaeus,Lepus europaeus,Lepus,Leporidae,0,Exótica/Invasora
2227,Lepus europaeus,Salvator merianae,Dasypus novemcinctus,Dasypus novemcinctus,Dasypus novemcinctus,Leopardus guttulus,Salvator merianae,Leopardus guttulus,Dasypus novemcinctus,Dasypus novemcinctus,Dasypus novemcinctus,Salvator merianae,Lepus,Leporidae,0,Exótica/Invasora
2228,Lepus europaeus,Lycalopex gymnocerca,Mazama nanus,Mazama nanus,Lycalopex gymnocerca,Sylvilagus brasiliensis,Lycalopex gymnocerca,Lycalopex gymnocerca,Mazama nanus,Mazama nanus,Mazama nanus,Lycalopex gymnocerca,Lepus,Leporidae,0,Exótica/Invasora
2229,Lepus europaeus,Tamandua tetradactyla,Herpailurus yagouaroundi,Cerdocyon thous,Leopardus guttulus,Lepus europaeus,Cerdocyon thous,Leopardus guttulus,Herpailurus yagouaroundi,Herpailurus yagouaroundi,Herpailurus yagouaroundi,Tamandua tetradactyla,Lepus,Leporidae,0,Exótica/Invasora
2230,Lepus europaeus,Lepus europaeus,Lepus europaeus,Lepus europaeus,Lepus europaeus,Lepus europaeus,Lepus europaeus,Lepus europaeus,Lepus europaeus,Lepus europaeus,Lepus europaeus,Lepus europaeus,Lepus,Leporidae,0,Exótica/Invasora
2232,Lepus europaeus,Sylvilagus brasiliensis,Nasua nasua,Lycalopex gymnocerca,Lycalopex gymnocerca,Lepus europaeus,Lepus europaeus,Lepus europaeus,Nasua nasua,Nasua nasua,Nasua nasua,Sylvilagus brasiliensis,Lepus,Leporidae,0,Exótica/Invasora
2233,Lepus europaeus,Didelphis aurita,Nasua nasua,Didelphis albiventris,Didelphis albiventris,Lepus europaeus,Didelphis aurita,Didelphis aurita,Nasua nasua,Nasua nasua,Nasua nasua,Didelphis aurita,Lepus,Leporidae,0,Exótica/Invasora
2234,Lepus europaeus,Tamandua tetradactyla,Leopardus guttulus,Cerdocyon thous,Cerdocyon thous,Cerdocyon thous,Galictis cuja,Leopardus guttulus,Leopardus guttulus,Leopardus guttulus,Leopardus guttulus,Tamandua tetradactyla,Lepus,Leporidae,0,Exótica/Invasora
2235,Lepus europaeus,Sylvilagus brasiliensis,Lycalopex gymnocerca,Lycalopex gymnocerca,Lycalopex gymnocerca,Lepus europaeus,Sylvilagus brasiliensis,Sylvilagus brasiliensis,Lycalopex gymnocerca,Lycalopex gymnocerca,Lycalopex gymnocerca,Sylvilagus brasiliensis,Lepus,Leporidae,0,Exótica/Invasora
2237,Lepus europaeus,Lepus europaeus,Sylvilagus brasiliensis,Sylvilagus brasiliensis,Lepus europaeus,Lepus europaeus,Lepus europaeus,Sylvilagus brasiliensis,Sylvilagus brasiliensis,Sylvilagus brasiliensis,Sylvilagus brasiliensis,Lepus europaeus,Lepus,Leporidae,0,Exótica/Invasora
2238,Lepus europaeus,Lepus europaeus,Lycalopex gymnocerca,Hydrochoerus hydrochaeris,Hydrochoerus hydrochaeris,Lepus europaeus,Lepus europaeus,Lepus europaeus,Lycalopex gymnocerca,Lycalopex gymnocerca,Lycalopex gymnocerca,Lepus europaeus,Lepus,Leporidae,0,Exótica/Invasora
2239,Lepus europaeus,Subulo gouazoubira,Mazama nanus,Lycalopex gymnocerca,Lycalopex gymnocerca,Lepus europaeus,Subulo gouazoubira,Sylvilagus brasiliensis,Mazama nanus,Mazama nanus,Mazama nanus,Subulo gouazoubira,Lepus,Leporidae,0,Exótica/Invasora
2241,Lepus europaeus,Lepus europaeus,Lepus europaeus,Lepus europaeus,Lepus europaeus,Sporophila pileata,Lepus europaeus,Sporophila pileata,Lepus europaeus,Lepus europaeus,Lepus europaeus,Lepus europaeus,Lepus,Leporidae,0,Exótica/Invasora
2243,Lepus europaeus,Sus scrofa,Sus scrofa,Sus scrofa,Sus scrofa,Lepus europaeus,Sus scrofa,Lycalopex gymnocerca,Sus scrofa,Sus scrofa,Sus scrofa,Sus scrofa,Lepus,Leporidae,0,Exótica/Invasora
2244,Lepus europaeus,Cuniculus paca,Leopardus wiedii,Leopardus wiedii,Leopardus wiedii,Leopardus wiedii,Cerdocyon thous,Leopardus wiedii,Leopardus wiedii,Leopardus wiedii,Leopardus wiedii,Cuniculus paca,Lepus,Leporidae,0,Exótica/Invasora
2245,Lepus europaeus,Lepus europaeus,Lepus europaeus,Lepus europaeus,Lepus europaeus,Lepus europaeus,Lepus europaeus,Lepus europaeus,Lepus europaeus,Lepus europaeus,Lepus europaeus,Lepus europaeus,Lepus,Leporidae,0,Exótica/Invasora
2246,Lepus europaeus,Tamandua tetradactyla,Lontra longicaudis,Cerdocyon thous,Lontra longicaudis,Cerdocyon thous,Galictis cuja,Sylvilagus brasiliensis,Lontra longicaudis,Lontra longicaudis,Lontra longicaudis,Tamandua tetradactyla,Lepus,Leporidae,0,Exótica/Invasora
2247,Lepus europaeus,Didelphis aurita,Lepus europaeus,Didelphis aurita,Didelphis aurita,Lepus europaeus,Didelphis aurita,Galictis cuja,Lepus europaeus,Lepus europaeus,Lepus europaeus,Didelphis aurita,Lepus,Leporidae,0,Exótica/Invasora
2248,Lepus europaeus,Puma concolor concolor,Mazama nanus,Lycalopex gymnocerca,Leopardus guttulus,Sylvilagus brasiliensis,Galictis cuja,Lycalopex gymnocerca,Mazama nanus,Mazama nanus,Mazama nanus,Puma concolor concolor,Lepus,Leporidae,0,Exótica/Invasora
2249,Lepus europaeus,Lepus europaeus,Sylvilagus brasiliensis,Lepus europaeus,Lepus europaeus,Lepus europaeus,Lepus europaeus,Sylvilagus brasiliensis,Sylvilagus brasiliensis,Sylvilagus brasiliensis,Sylvilagus brasiliensis,Lepus europaeus,Lepus,Leporidae,0,Exótica/Invasora
2251,Lepus europaeus,Lepus europaeus,Lycalopex gymnocerca,Lepus europaeus,Lepus europaeus,Lepus europaeus,Lepus europaeus,Lepus europaeus,Lycalopex gymnocerca,Lycalopex gymnocerca,Lycalopex gymnocerca,Lepus europaeus,Lepus,Leporidae,0,Exótica/Invasora
2252,Lepus europaeus,Lepus europaeus,Sylvilagus brasiliensis,Sylvilagus brasiliensis,Sylvilagus brasiliensis,Sylvilagus brasiliensis,Lepus europaeus,Lepus europaeus,Sylvilagus brasiliensis,Sylvilagus brasiliensis,Sylvilagus brasiliensis,Lepus europaeus,Lepus,Leporidae,0,Exótica/Invasora
2253,Lepus europaeus,Dasyprocta azarae,Galictis cuja,Dasyprocta azarae,Dasyprocta azarae,Dasyprocta azarae,Dasyprocta azarae,Dasyprocta azarae,Galictis cuja,Galictis cuja,Galictis cuja,Dasyprocta azarae,Lepus,Leporidae,0,Exótica/Invasora
2254,Lepus europaeus,Lepus europaeus,Lepus europaeus,Lepus europaeus,Lepus europaeus,Lepus europaeus,Lepus europaeus,Lepus europaeus,Lepus europaeus,Lepus europaeus,Lepus europaeus,Lepus europaeus,Lepus,Leporidae,0,Exótica/Invasora
2256,Sylvilagus brasiliensis,Sylvilagus brasiliensis,Sylvilagus brasiliensis,Sylvilagus brasiliensis,Sylvilagus brasiliensis,Sylvilagus brasiliensis,Sylvilagus brasiliensis,Sylvilagus brasiliensis,Sylvilagus brasiliensis,Sylvilagus brasiliensis,Sylvilagus brasiliensis,Sylvilagus brasiliensis,Sylvilagus,Leporidae,1,Bajo
2257,Sylvilagus brasiliensis,Dasyprocta azarae,Aramides saracura,Aramides saracura,Aramides saracura,Dasyprocta azarae,Dasyprocta azarae,Pecari tajacu,Aramides saracura,Aramides saracura,Aramides saracura,Dasyprocta azarae,Sylvilagus,Leporidae,1,Bajo
2258,Sylvilagus brasiliensis,Tamandua tetradactyla,Cerdocyon thous,Cerdocyon thous,Galictis cuja,Cerdocyon thous,Lycalopex gymnocerca,Galictis cuja,Cerdocyon thous,Cerdocyon thous,Cerdocyon thous,Galictis cuja,Sylvilagus,Leporidae,1,Bajo
2259,Sylvilagus brasiliensis,Sylvilagus brasiliensis,Sylvilagus brasiliensis,Sylvilagus brasiliensis,Sylvilagus brasiliensis,Sylvilagus brasiliensis,Sylvilagus brasiliensis,Sylvilagus brasiliensis,Sylvilagus brasiliensis,Sylvilagus brasiliensis,Sylvilagus brasiliensis,Sylvilagus brasiliensis,Sylvilagus,Leporidae,1,Bajo
2261,Sylvilagus brasiliensis,Sylvilagus brasiliensis,Sylvilagus brasiliensis,Sylvilagus brasiliensis,Sylvilagus brasiliensis,Sylvilagus brasiliensis,Sylvilagus brasiliensis,Sylvilagus brasiliensis,Sylvilagus brasiliensis,Sylvilagus brasiliensis,Sylvilagus brasiliensis,Sylvilagus brasiliensis,Sylvilagus,Leporidae,1,Bajo
2264,Sylvilagus brasiliensis,Tamandua tetradactyla,Lycalopex gymnocerca,Cerdocyon thous,Cerdocyon thous,Lycalopex gymnocerca,Lycalopex gymnocerca,Galictis cuja,Lycalopex gymnocerca,Lycalopex gymnocerca,Lycalopex gymnocerca,Tamandua tetradactyla,Sylvilagus,Leporidae,1,Bajo
2266,Sylvilagus brasiliensis,Sylvilagus brasiliensis,Sylvilagus brasiliensis,Sylvilagus brasiliensis,Sylvilagus brasiliensis,Sylvilagus brasiliensis,Sylvilagus brasiliensis,Sylvilagus brasiliensis,Sylvilagus brasiliensis,Sylvilagus brasiliensis,Sylvilagus brasiliensis,Sylvilagus brasiliensis,Sylvilagus,Leporidae,1,Bajo
2267,Sylvilagus brasiliensis,Mazama nanus,Mazama nanus,Mazama nanus,Dasyprocta azarae,Mazama nanus,Dasyprocta azarae,Dasyprocta azarae,Mazama nanus,Mazama nanus,Mazama nanus,Mazama nanus,Sylvilagus,Leporidae,1,Bajo
2268,Sylvilagus brasiliensis,Lycalopex gymnocerca,Lycalopex gymnocerca,Cerdocyon thous,Cerdocyon thous,Lepus europaeus,Lycalopex gymnocerca,Lepus europaeus,Lycalopex gymnocerca,Lycalopex gymnocerca,Lycalopex gymnocerca,Lycalopex gymnocerca,Sylvilagus,Leporidae,1,Bajo
2269,Sylvilagus brasiliensis,Lycalopex gymnocerca,Lycalopex gymnocerca,Cerdocyon thous,Lycalopex gymnocerca,Sylvilagus brasiliensis,Lycalopex gymnocerca,Cerdocyon thous,Lycalopex gymnocerca,Lycalopex gymnocerca,Lycalopex gymnocerca,Sylvilagus brasiliensis,Sylvilagus,Leporidae,1,Bajo
2270,Sylvilagus brasiliensis,Lepus europaeus,Lepus europaeus,Lepus europaeus,Lepus europaeus,Sylvilagus brasiliensis,Lepus europaeus,Sylvilagus brasiliensis,Lepus europaeus,Lepus europaeus,Lepus europaeus,Lepus europaeus,Sylvilagus,Leporidae,1,Bajo
2271,Sylvilagus brasiliensis,Leopardus guttulus,Sylvilagus brasiliensis,Sylvilagus brasiliensis,Sylvilagus brasiliensis,Sylvilagus brasiliensis,Leopardus guttulus,Leopardus guttulus,Sylvilagus brasiliensis,Sylvilagus brasiliensis,Sylvilagus brasiliensis,Procyon cancrivorus,Sylvilagus,Leporidae,1,Bajo
2272,Sylvilagus brasiliensis,Tamandua tetradactyla,Galictis cuja,Cerdocyon thous,Lycalopex gymnocerca,Lycalopex gymnocerca,Lycalopex gymnocerca,Didelphis aurita,Galictis cuja,Galictis cuja,Galictis cuja,Tamandua tetradactyla,Sylvilagus,Leporidae,1,Bajo
2273,Sylvilagus brasiliensis,Sylvilagus brasiliensis,Sylvilagus brasiliensis,Sylvilagus brasiliensis,Sylvilagus brasiliensis,Sylvilagus brasiliensis,Sylvilagus brasiliensis,Sylvilagus brasiliensis,Sylvilagus brasiliensis,Sylvilagus brasiliensis,Sylvilagus brasiliensis,Sylvilagus brasiliensis,Sylvilagus,Leporidae,1,Bajo
2274,Sylvilagus brasiliensis,Sylvilagus brasiliensis,Didelphis aurita,Didelphis aurita,Sylvilagus brasiliensis,Sylvilagus brasiliensis,Sylvilagus brasiliensis,Sylvilagus brasiliensis,Didelphis aurita,Didelphis aurita,Didelphis aurita,Sylvilagus brasiliensis,Sylvilagus,Leporidae,1,Bajo
2276,Sylvilagus brasiliensis,Lycalopex gymnocerca,Lycalopex gymnocerca,Galictis cuja,Lycalopex gymnocerca,Lepus europaeus,Lycalopex gymnocerca,Galictis cuja,Lycalopex gymnocerca,Lycalopex gymnocerca,Lycalopex gymnocerca,Lycalopex gymnocerca,Sylvilagus,Leporidae,1,Bajo
2277,Sylvilagus brasiliensis,Sylvilagus brasiliensis,Grallaria varia,Chamaeza campanisona,Chamaeza campanisona,Sylvilagus brasiliensis,Sylvilagus brasiliensis,Sylvilagus brasiliensis,Grallaria varia,Grallaria varia,Grallaria varia,Sylvilagus brasiliensis,Sylvilagus,Leporidae,1,Bajo
2279,Sylvilagus brasiliensis,Galictis cuja,Sylvilagus brasiliensis,Sylvilagus brasiliensis,Sylvilagus brasiliensis,Sylvilagus brasiliensis,Galictis cuja,Sylvilagus brasiliensis,Sylvilagus brasiliensis,Sylvilagus brasiliensis,Sylvilagus brasiliensis,Galictis cuja,Sylvilagus,Leporidae,1,Bajo
2281,Sylvilagus brasiliensis,Sylvilagus brasiliensis,Lepus europaeus,Sylvilagus brasiliensis,Sylvilagus brasiliensis,Sylvilagus brasiliensis,Sylvilagus brasiliensis,Sylvilagus brasiliensis,Lepus europaeus,Lepus europaeus,Lepus europaeus,Sylvilagus brasiliensis,Sylvilagus,Leporidae,1,Bajo
2283,Sylvilagus brasiliensis,Sylvilagus brasiliensis,Sylvilagus brasiliensis,Sylvilagus brasiliensis,Sylvilagus brasiliensis,Sylvilagus brasiliensis,Sylvilagus brasiliensis,Sylvilagus brasiliensis,Sylvilagus brasiliensis,Sylvilagus brasiliensis,Sylvilagus brasiliensis,Sylvilagus brasiliensis,Sylvilagus,Leporidae,1,Bajo
2284,Sylvilagus brasiliensis,Aramides saracura,Turdus rufiventris,Cerdocyon thous,Cerdocyon thous,Turdus rufiventris,Aramides saracura,Dasyprocta azarae,Turdus rufiventris,Turdus rufiventris,Turdus rufiventris,Aramides saracura,Sylvilagus,Leporidae,1,Bajo
2285,Sylvilagus brasiliensis,Leopardus wiedii,Sylvilagus brasiliensis,Cuniculus paca,Cuniculus paca,Sylvilagus brasiliensis,Aramides saracura,Lepus europaeus,Sylvilagus brasiliensis,Sylvilagus brasiliensis,Sylvilagus brasiliensis,Leopardus wiedii,Sylvilagus,Leporidae,1,Bajo
2287,Sylvilagus brasiliensis,Galictis cuja,Nasua nasua,Herpailurus yagouaroundi,Galictis cuja,Didelphis aurita,Galictis cuja,Didelphis aurita,Nasua nasua,Nasua nasua,Nasua nasua,Galictis cuja,Sylvilagus,Leporidae,1,Bajo
2288,Sylvilagus brasiliensis,Sylvilagus brasiliensis,Sylvilagus brasiliensis,Sylvilagus brasiliensis,Mazama nanus,Sylvilagus brasiliensis,Sylvilagus brasiliensis,Sylvilagus brasiliensis,Sylvilagus brasiliensis,Sylvilagus brasiliensis,Sylvilagus brasiliensis,Sylvilagus brasiliensis,Sylvilagus,Leporidae,1,Bajo
2289,Sylvilagus brasiliensis,Sylvilagus brasiliensis,Sylvilagus brasiliensis,Sylvilagus brasiliensis,Sylvilagus brasiliensis,Sylvilagus brasiliensis,Sylvilagus brasiliensis,Sylvilagus brasiliensis,Sylvilagus brasiliensis,Sylvilagus brasiliensis,Sylvilagus brasiliensis,Sylvilagus brasiliensis,Sylvilagus,Leporidae,1,Bajo
2290,Sylvilagus brasiliensis,Didelphis aurita,Leopardus guttulus,Galictis cuja,Didelphis aurita,Lepus europaeus,Didelphis aurita,Lepus europaeus,Leopardus guttulus,Leopardus guttulus,Leopardus guttulus,Didelphis aurita,Sylvilagus,Leporidae,1,Bajo
2291,Sylvilagus brasiliensis,Aramides saracura,Hydropsalis torquata,Cerdocyon thous,Cerdocyon thous,Aramides saracura,Aramides saracura,Aramides saracura,Hydropsalis torquata,Hydropsalis torquata,Hydropsalis torquata,Aramides saracura,Sylvilagus,Leporidae,1,Bajo
2292,Sylvilagus brasiliensis,Tamandua tetradactyla,Cerdocyon thous,Aramides saracura,Cerdocyon thous,Sylvilagus brasiliensis,Cerdocyon thous,Aramides saracura,Cerdocyon thous,Cerdocyon thous,Cerdocyon thous,Tamandua tetradactyla,Sylvilagus,Leporidae,1,Bajo
2293,Sylvilagus brasiliensis,Sylvilagus brasiliensis,Sylvilagus brasiliensis,Sylvilagus brasiliensis,Sylvilagus brasiliensis,Sylvilagus brasiliensis,Sylvilagus brasiliensis,Sylvilagus brasiliensis,Sylvilagus brasiliensis,Sylvilagus brasiliensis,Sylvilagus brasiliensis,Sylvilagus brasiliensis,Sylvilagus,Leporidae,1,Bajo
2294,Sylvilagus brasiliensis,Crypturellus tataupa,Eira barbara,Crypturellus tataupa,Crypturellus tataupa,Nyctidromus albicollis,Dasyprocta azarae,Crypturellus tataupa,Eira barbara,Eira barbara,Eira barbara,Crypturellus tataupa,Sylvilagus,Leporidae,1,Bajo
2295,Sylvilagus brasiliensis,Sylvilagus brasiliensis,Sylvilagus brasiliensis,Sylvilagus brasiliensis,Sylvilagus brasiliensis,Sylvilagus brasiliensis,Sylvilagus brasiliensis,Sylvilagus brasiliensis,Sylvilagus brasiliensis,Sylvilagus brasiliensis,Sylvilagus brasiliensis,Sylvilagus brasiliensis,Sylvilagus,Leporidae,1,Bajo
2296,Sylvilagus brasiliensis,Sylvilagus brasiliensis,Sylvilagus brasiliensis,Sylvilagus brasiliensis,Sylvilagus brasiliensis,Sylvilagus brasiliensis,Sylvilagus brasiliensis,Sylvilagus brasiliensis,Sylvilagus brasiliensis,Sylvilagus brasiliensis,Sylvilagus brasiliensis,Sylvilagus brasiliensis,Sylvilagus,Leporidae,1,Bajo
2297,Sylvilagus brasiliensis,Puma concolor,Sylvilagus brasiliensis,Sylvilagus brasiliensis,Sylvilagus brasiliensis,Sylvilagus brasiliensis,Leopardus guttulus,Lepus europaeus,Sylvilagus brasiliensis,Sylvilagus brasiliensis,Sylvilagus brasiliensis,Puma concolor,Sylvilagus,Leporidae,1,Bajo
2298,Sylvilagus brasiliensis,Odontophorus capueira,Cuniculus paca,Cuniculus paca,Chamaeza campanisona,Sylvilagus brasiliensis,Didelphis aurita,Didelphis aurita,Cuniculus paca,Cuniculus paca,Cuniculus paca,Odontophorus capueira,Sylvilagus,Leporidae,1,Bajo
2299,Sylvilagus brasiliensis,Herpailurus yagouaroundi,Sylvilagus brasiliensis,Sylvilagus brasiliensis,Sylvilagus brasiliensis,Sylvilagus brasiliensis,Leopardus guttulus,Sylvilagus brasiliensis,Sylvilagus brasiliensis,Sylvilagus brasiliensis,Sylvilagus brasiliensis,Herpailurus yagouaroundi,Sylvilagus,Leporidae,1,Bajo
2301,Sylvilagus brasiliensis,Sylvilagus brasiliensis,Sylvilagus brasiliensis,Sylvilagus brasiliensis,Sylvilagus brasiliensis,Sylvilagus brasiliensis,Sylvilagus brasiliensis,Sylvilagus brasiliensis,Sylvilagus brasiliensis,Sylvilagus brasiliensis,Sylvilagus brasiliensis,Sylvilagus brasiliensis,Sylvilagus,Leporidae,1,Bajo
2302,Sylvilagus brasiliensis,Lontra longicaudis,Tachyphonus coronatus,Dasypus novemcinctus,Dasypus novemcinctus,Dasypus novemcinctus,Didelphis albiventris,Lontra longicaudis,Tachyphonus coronatus,Tachyphonus coronatus,Tachyphonus coronatus,Eira barbara,Sylvilagus,Leporidae,1,Bajo
2303,Sylvilagus brasiliensis,Sylvilagus brasiliensis,Sylvilagus brasiliensis,Sylvilagus brasiliensis,Sylvilagus brasiliensis,Sylvilagus brasiliensis,Sylvilagus brasiliensis,Sylvilagus brasiliensis,Sylvilagus brasiliensis,Sylvilagus brasiliensis,Sylvilagus brasiliensis,Sylvilagus brasiliensis,Sylvilagus,Leporidae,1,Bajo
2304,Sylvilagus brasiliensis,Sylvilagus brasiliensis,Sylvilagus brasiliensis,Sylvilagus brasiliensis,Sylvilagus brasiliensis,Sylvilagus brasiliensis,Sylvilagus brasiliensis,Sylvilagus brasiliensis,Sylvilagus brasiliensis,Sylvilagus brasiliensis,Sylvilagus brasiliensis,Sylvilagus brasiliensis,Sylvilagus,Leporidae,1,Bajo
2305,Sylvilagus brasiliensis,Tamandua tetradactyla,Lycalopex gymnocerca,Lycalopex gymnocerca,Lycalopex gymnocerca,Lepus europaeus,Lycalopex gymnocerca,Lepus europaeus,Lycalopex gymnocerca,Lycalopex gymnocerca,Lycalopex gymnocerca,Tamandua tetradactyla,Sylvilagus,Leporidae,1,Bajo
2306,Sylvilagus brasiliensis,Cuniculus paca,Cuniculus paca,Cuniculus paca,Leopardus wiedii,Cuniculus paca,Cerdocyon thous,Cuniculus paca,Cuniculus paca,Cuniculus paca,Cuniculus paca,Cuniculus paca,Sylvilagus,Leporidae,1,Bajo
2307,Sylvilagus brasiliensis,Cuniculus paca,Leopardus wiedii,Leopardus wiedii,Leopardus wiedii,Sylvilagus brasiliensis,Leopardus guttulus,Leopardus wiedii,Leopardus wiedii,Leopardus wiedii,Leopardus wiedii,Cuniculus paca,Sylvilagus,Leporidae,1,Bajo
2308,Sylvilagus brasiliensis,Sylvilagus brasiliensis,Sylvilagus brasiliensis,Sylvilagus brasiliensis,Sylvilagus brasiliensis,Sylvilagus brasiliensis,Sylvilagus brasiliensis,Sylvilagus brasiliensis,Sylvilagus brasiliensis,Sylvilagus brasiliensis,Sylvilagus brasiliensis,Sylvilagus brasiliensis,Sylvilagus,Leporidae,1,Bajo
2309,Sylvilagus brasiliensis,Sylvilagus brasiliensis,Sylvilagus brasiliensis,Sylvilagus brasiliensis,Sylvilagus brasiliensis,Sylvilagus brasiliensis,Sylvilagus brasiliensis,Sylvilagus brasiliensis,Sylvilagus brasiliensis,Sylvilagus brasiliensis,Sylvilagus brasiliensis,Sylvilagus brasiliensis,Sylvilagus,Leporidae,1,Bajo
2310,Sylvilagus brasiliensis,Penelope superciliaris,Sylvilagus brasiliensis,Leptotila rufaxilla,Leptotila rufaxilla,Sylvilagus brasiliensis,Aramides saracura,Salvator merianae,Sylvilagus brasiliensis,Sylvilagus brasiliensis,Sylvilagus brasiliensis,Penelope superciliaris,Sylvilagus,Leporidae,1,Bajo
2311,Sylvilagus brasiliensis,Puma concolor,Leopardus guttulus,Cuniculus paca,Cerdocyon thous,Sylvilagus brasiliensis,Cerdocyon thous,Puma concolor,Leopardus guttulus,Leopardus guttulus,Leopardus guttulus,Puma concolor,Sylvilagus,Leporidae,1,Bajo
2313,Sylvilagus brasiliensis,Sylvilagus brasiliensis,Sylvilagus brasiliensis,Sylvilagus brasiliensis,Sylvilagus brasiliensis,Sylvilagus brasiliensis,Sylvilagus brasiliensis,Sylvilagus brasiliensis,Sylvilagus brasiliensis,Sylvilagus brasiliensis,Sylvilagus brasiliensis,Sylvilagus brasiliensis,Sylvilagus,Leporidae,1,Bajo
2314,Sylvilagus brasiliensis,Cuniculus paca,Cuniculus paca,Cuniculus paca,Cuniculus paca,Cuniculus paca,Cerdocyon thous,Cuniculus paca,Cuniculus paca,Cuniculus paca,Cuniculus paca,Cuniculus paca,Sylvilagus,Leporidae,1,Bajo
2315,Sylvilagus brasiliensis,Cuniculus paca,Leopardus wiedii,Cuniculus paca,Cuniculus paca,Leopardus wiedii,Cerdocyon thous,Cerdocyon thous,Leopardus wiedii,Leopardus wiedii,Leopardus wiedii,Cuniculus paca,Sylvilagus,Leporidae,1,Bajo
2316,Sylvilagus brasiliensis,Sylvilagus brasiliensis,Galictis cuja,Didelphis aurita,Cuniculus paca,Sylvilagus brasiliensis,Sylvilagus brasiliensis,Crypturellus obsoletus,Galictis cuja,Galictis cuja,Galictis cuja,Sylvilagus brasiliensis,Sylvilagus,Leporidae,1,Bajo
2318,Sylvilagus brasiliensis,Didelphis albiventris,Turdus rufiventris,Leopardus pardalis mitis,Cyanocorax chrysops,Pyriglena leucoptera,Didelphis albiventris,Hydrochoerus hydrochaeris,Turdus rufiventris,Turdus rufiventris,Turdus rufiventris,Didelphis albiventris,Sylvilagus,Leporidae,1,Bajo
2319,Baryphthengus ruficapillus,Baryphthengus ruficapillus,Cyanocorax chrysops,Alouatta guariba clamitans,Cyanocorax chrysops,Baryphthengus ruficapillus,Baryphthengus ruficapillus,Cyanocorax chrysops,Cyanocorax chrysops,Cyanocorax chrysops,Cyanocorax chrysops,Baryphthengus ruficapillus,Baryphthengus,Momotidae,3,Medio
2320,Baryphthengus ruficapillus,Baryphthengus ruficapillus,Baryphthengus ruficapillus,Baryphthengus ruficapillus,Baryphthengus ruficapillus,Baryphthengus ruficapillus,Baryphthengus ruficapillus,Baryphthengus ruficapillus,Baryphthengus ruficapillus,Baryphthengus ruficapillus,Baryphthengus ruficapillus,Baryphthengus ruficapillus,Baryphthengus,Momotidae,3,Medio
2321,Baryphthengus ruficapillus,Baryphthengus ruficapillus,Baryphthengus ruficapillus,Baryphthengus ruficapillus,Baryphthengus ruficapillus,Baryphthengus ruficapillus,Baryphthengus ruficapillus,Baryphthengus ruficapillus,Baryphthengus ruficapillus,Baryphthengus ruficapillus,Baryphthengus ruficapillus,Baryphthengus ruficapillus,Baryphthengus,Momotidae,3,Medio
2322,Baryphthengus ruficapillus,Aramides saracura,Leptotila rufaxilla,Aramides saracura,Aramides saracura,Baryphthengus ruficapillus,Aramides saracura,Leptotila rufaxilla,Leptotila rufaxilla,Leptotila rufaxilla,Leptotila rufaxilla,Aramides saracura,Baryphthengus,Momotidae,3,Medio
2323,Baryphthengus ruficapillus,Baryphthengus ruficapillus,Baryphthengus ruficapillus,Amazona vinacea,Amazona vinacea,Baryphthengus ruficapillus,Baryphthengus ruficapillus,Brotogeris chiriri,Baryphthengus ruficapillus,Baryphthengus ruficapillus,Baryphthengus ruficapillus,Baryphthengus ruficapillus,Baryphthengus,Momotidae,3,Medio
2324,Baryphthengus ruficapillus,Pyriglena leucoptera,Habia rubica,Habia rubica,Habia rubica,Baryphthengus ruficapillus,Pyriglena leucoptera,Pyriglena leucoptera,Habia rubica,Habia rubica,Habia rubica,Pyriglena leucoptera,Baryphthengus,Momotidae,3,Medio
2325,Baryphthengus ruficapillus,Baryphthengus ruficapillus,Penelope superciliaris,Baryphthengus ruficapillus,Baryphthengus ruficapillus,Baryphthengus ruficapillus,Baryphthengus ruficapillus,Notharchus swainsoni,Penelope superciliaris,Penelope superciliaris,Penelope superciliaris,Baryphthengus ruficapillus,Baryphthengus,Momotidae,3,Medio
2326,Baryphthengus ruficapillus,Baryphthengus ruficapillus,Baryphthengus ruficapillus,Baryphthengus ruficapillus,Cyanocorax chrysops,Baryphthengus ruficapillus,Baryphthengus ruficapillus,Baryphthengus ruficapillus,Baryphthengus ruficapillus,Baryphthengus ruficapillus,Baryphthengus ruficapillus,Baryphthengus ruficapillus,Baryphthengus,Momotidae,3,Medio
2328,Baryphthengus ruficapillus,Baryphthengus ruficapillus,Baryphthengus ruficapillus,Baryphthengus ruficapillus,Baryphthengus ruficapillus,Baryphthengus ruficapillus,Baryphthengus ruficapillus,Baryphthengus ruficapillus,Baryphthengus ruficapillus,Baryphthengus ruficapillus,Baryphthengus ruficapillus,Baryphthengus ruficapillus,Baryphthengus,Momotidae,3,Medio
2329,Baryphthengus ruficapillus,Baryphthengus ruficapillus,Baryphthengus ruficapillus,Baryphthengus ruficapillus,Baryphthengus ruficapillus,Baryphthengus ruficapillus,Baryphthengus ruficapillus,Baryphthengus ruficapillus,Baryphthengus ruficapillus,Baryphthengus ruficapillus,Baryphthengus ruficapillus,Baryphthengus ruficapillus,Baryphthengus,Momotidae,3,Medio
2330,Baryphthengus ruficapillus,Selenidera maculirostris,Baryphthengus ruficapillus,Baryphthengus ruficapillus,Baryphthengus ruficapillus,Baryphthengus ruficapillus,Selenidera maculirostris,Baryphthengus ruficapillus,Baryphthengus ruficapillus,Baryphthengus ruficapillus,Baryphthengus ruficapillus,Selenidera maculirostris,Baryphthengus,Momotidae,3,Medio
2332,Baryphthengus ruficapillus,Pyriglena leucoptera,Baryphthengus ruficapillus,Baryphthengus ruficapillus,Baryphthengus ruficapillus,Baryphthengus ruficapillus,Habia rubica,Synallaxis ruficapilla,Baryphthengus ruficapillus,Baryphthengus ruficapillus,Baryphthengus ruficapillus,Pyriglena leucoptera,Baryphthengus,Momotidae,3,Medio
2333,Baryphthengus ruficapillus,Penelope superciliaris,Alouatta guariba,Alouatta guariba,Penelope superciliaris,Penelope superciliaris,Penelope superciliaris,Alouatta guariba,Alouatta guariba,Alouatta guariba,Alouatta guariba,Penelope superciliaris,Baryphthengus,Momotidae,3,Medio
2335,Baryphthengus ruficapillus,Baryphthengus ruficapillus,Turdus rufiventris,Baryphthengus ruficapillus,Baryphthengus ruficapillus,Baryphthengus ruficapillus,Baryphthengus ruficapillus,Baryphthengus ruficapillus,Turdus rufiventris,Turdus rufiventris,Turdus rufiventris,Baryphthengus ruficapillus,Baryphthengus,Momotidae,3,Medio
2336,Baryphthengus ruficapillus,Baryphthengus ruficapillus,Selenidera maculirostris,Biatas nigropectus,Baryphthengus ruficapillus,Baryphthengus ruficapillus,Baryphthengus ruficapillus,Baryphthengus ruficapillus,Selenidera maculirostris,Selenidera maculirostris,Selenidera maculirostris,Baryphthengus ruficapillus,Baryphthengus,Momotidae,3,Medio
2337,Baryphthengus ruficapillus,Notharchus swainsoni,Biatas nigropectus,Biatas nigropectus,Baryphthengus ruficapillus,Notharchus swainsoni,Notharchus swainsoni,Selenidera maculirostris,Biatas nigropectus,Biatas nigropectus,Biatas nigropectus,Notharchus swainsoni,Baryphthengus,Momotidae,3,Medio
2338,Baryphthengus ruficapillus,Baryphthengus ruficapillus,Selenidera maculirostris,Baryphthengus ruficapillus,Baryphthengus ruficapillus,Baryphthengus ruficapillus,Baryphthengus ruficapillus,Baryphthengus ruficapillus,Selenidera maculirostris,Selenidera maculirostris,Selenidera maculirostris,Baryphthengus ruficapillus,Baryphthengus,Momotidae,3,Medio
2339,Baryphthengus ruficapillus,Nyctidromus albicollis,Penelope superciliaris,Aramides saracura,Leptotila rufaxilla,Baryphthengus ruficapillus,Leptotila rufaxilla,Leptotila rufaxilla,Penelope superciliaris,Penelope superciliaris,Penelope superciliaris,Nyctidromus albicollis,Baryphthengus,Momotidae,3,Medio
2340,Baryphthengus ruficapillus,Baryphthengus ruficapillus,Selenidera maculirostris,Baryphthengus ruficapillus,Baryphthengus ruficapillus,Baryphthengus ruficapillus,Baryphthengus ruficapillus,Baryphthengus ruficapillus,Selenidera maculirostris,Selenidera maculirostris,Selenidera maculirostris,Baryphthengus ruficapillus,Baryphthengus,Momotidae,3,Medio
2341,Baryphthengus ruficapillus,Baryphthengus ruficapillus,Cyanocorax chrysops,Baryphthengus ruficapillus,Cyanocorax chrysops,Baryphthengus ruficapillus,Selenidera maculirostris,Penelope superciliaris,Cyanocorax chrysops,Cyanocorax chrysops,Cyanocorax chrysops,Baryphthengus ruficapillus,Baryphthengus,Momotidae,3,Medio
2342,Baryphthengus ruficapillus,Baryphthengus ruficapillus,Selenidera maculirostris,Baryphthengus ruficapillus,Baryphthengus ruficapillus,Baryphthengus ruficapillus,Baryphthengus ruficapillus,Cyanocorax chrysops,Selenidera maculirostris,Selenidera maculirostris,Selenidera maculirostris,Baryphthengus ruficapillus,Baryphthengus,Momotidae,3,Medio
2343,Baryphthengus ruficapillus,Baryphthengus ruficapillus,Selenidera maculirostris,Baryphthengus ruficapillus,Baryphthengus ruficapillus,Baryphthengus ruficapillus,Baryphthengus ruficapillus,Cyanocorax chrysops,Selenidera maculirostris,Selenidera maculirostris,Selenidera maculirostris,Baryphthengus ruficapillus,Baryphthengus,Momotidae,3,Medio
2344,Baryphthengus ruficapillus,Baryphthengus ruficapillus,Cyanoloxia brissonii,Baryphthengus ruficapillus,Baryphthengus ruficapillus,Baryphthengus ruficapillus,Baryphthengus ruficapillus,Baryphthengus ruficapillus,Cyanoloxia brissonii,Cyanoloxia brissonii,Cyanoloxia brissonii,Baryphthengus ruficapillus,Baryphthengus,Momotidae,3,Medio
2345,Baryphthengus ruficapillus,Baryphthengus ruficapillus,Baryphthengus ruficapillus,Alouatta caraya,Alouatta caraya,Baryphthengus ruficapillus,Baryphthengus ruficapillus,Baryphthengus ruficapillus,Baryphthengus ruficapillus,Baryphthengus ruficapillus,Baryphthengus ruficapillus,Baryphthengus ruficapillus,Baryphthengus,Momotidae,3,Medio
2346,Baryphthengus ruficapillus,Baryphthengus ruficapillus,Baryphthengus ruficapillus,Baryphthengus ruficapillus,Baryphthengus ruficapillus,Baryphthengus ruficapillus,Baryphthengus ruficapillus,Selenidera maculirostris,Baryphthengus ruficapillus,Baryphthengus ruficapillus,Baryphthengus ruficapillus,Baryphthengus ruficapillus,Baryphthengus,Momotidae,3,Medio
2347,Baryphthengus ruficapillus,Selenidera maculirostris,Selenidera maculirostris,Baryphthengus ruficapillus,Baryphthengus ruficapillus,Baryphthengus ruficapillus,Selenidera maculirostris,Selenidera maculirostris,Selenidera maculirostris,Selenidera maculirostris,Selenidera maculirostris,Selenidera maculirostris,Baryphthengus,Momotidae,3,Medio
2348,Baryphthengus ruficapillus,Baryphthengus ruficapillus,Baryphthengus ruficapillus,Baryphthengus ruficapillus,Baryphthengus ruficapillus,Baryphthengus ruficapillus,Baryphthengus ruficapillus,Baryphthengus ruficapillus,Baryphthengus ruficapillus,Baryphthengus ruficapillus,Baryphthengus ruficapillus,Baryphthengus ruficapillus,Baryphthengus,Momotidae,3,Medio
2349,Baryphthengus ruficapillus,Baryphthengus ruficapillus,Mackenziaena severa,Baryphthengus ruficapillus,Baryphthengus ruficapillus,Baryphthengus ruficapillus,Baryphthengus ruficapillus,Baryphthengus ruficapillus,Mackenziaena severa,Mackenziaena severa,Mackenziaena severa,Baryphthengus ruficapillus,Baryphthengus,Momotidae,3,Medio
2350,Baryphthengus ruficapillus,Baryphthengus ruficapillus,Manacus manacus,Cyanoloxia brissonii,Baryphthengus ruficapillus,Baryphthengus ruficapillus,Baryphthengus ruficapillus,Baryphthengus ruficapillus,Manacus manacus,Manacus manacus,Manacus manacus,Baryphthengus ruficapillus,Baryphthengus,Momotidae,3,Medio
2351,Baryphthengus ruficapillus,Tachyphonus coronatus,Cyanoloxia brissonii,Penelope superciliaris,Penelope superciliaris,Pipile jacutinga,Pipile jacutinga,Nyctidromus albicollis,Cyanoloxia brissonii,Cyanoloxia brissonii,Cyanoloxia brissonii,Tachyphonus coronatus,Baryphthengus,Momotidae,3,Medio
2352,Baryphthengus ruficapillus,Selenidera maculirostris,Penelope superciliaris,Penelope superciliaris,Penelope superciliaris,Selenidera maculirostris,Selenidera maculirostris,Sapajus nigritus,Penelope superciliaris,Penelope superciliaris,Penelope superciliaris,Selenidera maculirostris,Baryphthengus,Momotidae,3,Medio
2353,Baryphthengus ruficapillus,Selenidera maculirostris,Hypoedaleus guttatus,Baryphthengus ruficapillus,Baryphthengus ruficapillus,Selenidera maculirostris,Selenidera maculirostris,Selenidera maculirostris,Hypoedaleus guttatus,Hypoedaleus guttatus,Hypoedaleus guttatus,Selenidera maculirostris,Baryphthengus,Momotidae,3,Medio
2354,Baryphthengus ruficapillus,Baryphthengus ruficapillus,Baryphthengus ruficapillus,Baryphthengus ruficapillus,Baryphthengus ruficapillus,Baryphthengus ruficapillus,Baryphthengus ruficapillus,Habia rubica,Baryphthengus ruficapillus,Baryphthengus ruficapillus,Baryphthengus ruficapillus,Baryphthengus ruficapillus,Baryphthengus,Momotidae,3,Medio
2356,Baryphthengus ruficapillus,Baryphthengus ruficapillus,Baryphthengus ruficapillus,Baryphthengus ruficapillus,Baryphthengus ruficapillus,Baryphthengus ruficapillus,Baryphthengus ruficapillus,Mackenziaena severa,Baryphthengus ruficapillus,Baryphthengus ruficapillus,Baryphthengus ruficapillus,Baryphthengus ruficapillus,Baryphthengus,Momotidae,3,Medio
2357,Baryphthengus ruficapillus,Manacus manacus,Baryphthengus ruficapillus,Manacus manacus,Manacus manacus,Baryphthengus ruficapillus,Baryphthengus ruficapillus,Baryphthengus ruficapillus,Baryphthengus ruficapillus,Baryphthengus ruficapillus,Baryphthengus ruficapillus,Manacus manacus,Baryphthengus,Momotidae,3,Medio
2359,Baryphthengus ruficapillus,Baryphthengus ruficapillus,Baryphthengus ruficapillus,Baryphthengus ruficapillus,Baryphthengus ruficapillus,Baryphthengus ruficapillus,Baryphthengus ruficapillus,Habia rubica,Baryphthengus ruficapillus,Baryphthengus ruficapillus,Baryphthengus ruficapillus,Baryphthengus ruficapillus,Baryphthengus,Momotidae,3,Medio
2360,Baryphthengus ruficapillus,Baryphthengus ruficapillus,Baryphthengus ruficapillus,Baryphthengus ruficapillus,Baryphthengus ruficapillus,Baryphthengus ruficapillus,Baryphthengus ruficapillus,Cyanocorax chrysops,Baryphthengus ruficapillus,Baryphthengus ruficapillus,Baryphthengus ruficapillus,Baryphthengus ruficapillus,Baryphthengus,Momotidae,3,Medio
2361,Baryphthengus ruficapillus,Baryphthengus ruficapillus,Cyanocorax chrysops,Cyanocorax chrysops,Cyanocorax chrysops,Baryphthengus ruficapillus,Pipile jacutinga,Baryphthengus ruficapillus,Cyanocorax chrysops,Cyanocorax chrysops,Cyanocorax chrysops,Baryphthengus ruficapillus,Baryphthengus,Momotidae,3,Medio
2362,Baryphthengus ruficapillus,Amazona vinacea,Amazona vinacea,Amazona vinacea,Amazona vinacea,Amazona vinacea,Amazona vinacea,Amazona aestiva,Amazona vinacea,Amazona vinacea,Amazona vinacea,Amazona vinacea,Baryphthengus,Momotidae,3,Medio
2363,Baryphthengus ruficapillus,Baryphthengus ruficapillus,Baryphthengus ruficapillus,Baryphthengus ruficapillus,Baryphthengus ruficapillus,Baryphthengus ruficapillus,Baryphthengus ruficapillus,Baryphthengus ruficapillus,Baryphthengus ruficapillus,Baryphthengus ruficapillus,Baryphthengus ruficapillus,Baryphthengus ruficapillus,Baryphthengus,Momotidae,3,Medio
2364,Baryphthengus ruficapillus,Baryphthengus ruficapillus,Baryphthengus ruficapillus,Baryphthengus ruficapillus,Baryphthengus ruficapillus,Baryphthengus ruficapillus,Baryphthengus ruficapillus,Habia rubica,Baryphthengus ruficapillus,Baryphthengus ruficapillus,Baryphthengus ruficapillus,Baryphthengus ruficapillus,Baryphthengus,Momotidae,3,Medio
2365,Baryphthengus ruficapillus,Manacus manacus,Baryphthengus ruficapillus,Baryphthengus ruficapillus,Baryphthengus ruficapillus,Baryphthengus ruficapillus,Manacus manacus,Manacus manacus,Baryphthengus ruficapillus,Baryphthengus ruficapillus,Baryphthengus ruficapillus,Manacus manacus,Baryphthengus,Momotidae,3,Medio
2366,Baryphthengus ruficapillus,Selenidera maculirostris,Baryphthengus ruficapillus,Selenidera maculirostris,Selenidera maculirostris,Selenidera maculirostris,Selenidera maculirostris,Selenidera maculirostris,Baryphthengus ruficapillus,Baryphthengus ruficapillus,Baryphthengus ruficapillus,Selenidera maculirostris,Baryphthengus,Momotidae,3,Medio
2367,Baryphthengus ruficapillus,Baryphthengus ruficapillus,Baryphthengus ruficapillus,Baryphthengus ruficapillus,Baryphthengus ruficapillus,Baryphthengus ruficapillus,Baryphthengus ruficapillus,Baryphthengus ruficapillus,Baryphthengus ruficapillus,Baryphthengus ruficapillus,Baryphthengus ruficapillus,Baryphthengus ruficapillus,Baryphthengus,Momotidae,3,Medio
2368,Baryphthengus ruficapillus,Sapajus nigritus,Cyanocorax chrysops,Alouatta guariba clamitans,Sapajus nigritus,Sapajus nigritus,Sapajus nigritus,Sapajus nigritus,Cyanocorax chrysops,Cyanocorax chrysops,Cyanocorax chrysops,Sapajus nigritus,Baryphthengus,Momotidae,3,Medio
2370,Baryphthengus ruficapillus,Pyriglena leucoptera,Baryphthengus ruficapillus,Baryphthengus ruficapillus,Baryphthengus ruficapillus,Baryphthengus ruficapillus,Baryphthengus ruficapillus,Cyanoloxia brissonii,Baryphthengus ruficapillus,Baryphthengus ruficapillus,Baryphthengus ruficapillus,Pyriglena leucoptera,Baryphthengus,Momotidae,3,Medio
2371,Baryphthengus ruficapillus,Hypoedaleus guttatus,Brotogeris chiriri,Brotogeris chiriri,Brotogeris chiriri,Brotogeris chiriri,Brotogeris chiriri,Brotogeris chiriri,Brotogeris chiriri,Brotogeris chiriri,Brotogeris chiriri,Selenidera maculirostris,Baryphthengus,Momotidae,3,Medio
2373,Baryphthengus ruficapillus,Baryphthengus ruficapillus,Baryphthengus ruficapillus,Baryphthengus ruficapillus,Baryphthengus ruficapillus,Baryphthengus ruficapillus,Hypoedaleus guttatus,Baryphthengus ruficapillus,Baryphthengus ruficapillus,Baryphthengus ruficapillus,Baryphthengus ruficapillus,Baryphthengus ruficapillus,Baryphthengus,Momotidae,3,Medio
2374,Baryphthengus ruficapillus,Crypturellus tataupa,Lycalopex gymnocerca,Crypturellus tataupa,Crypturellus tataupa,Baryphthengus ruficapillus,Leptotila rufaxilla,Crypturellus tataupa,Lycalopex gymnocerca,Lycalopex gymnocerca,Lycalopex gymnocerca,Crypturellus tataupa,Baryphthengus,Momotidae,3,Medio
2377,Baryphthengus ruficapillus,Baryphthengus ruficapillus,Baryphthengus ruficapillus,Baryphthengus ruficapillus,Baryphthengus ruficapillus,Baryphthengus ruficapillus,Baryphthengus ruficapillus,Baryphthengus ruficapillus,Baryphthengus ruficapillus,Baryphthengus ruficapillus,Baryphthengus ruficapillus,Baryphthengus ruficapillus,Baryphthengus,Momotidae,3,Medio
2378,Baryphthengus ruficapillus,Selenidera maculirostris,Baryphthengus ruficapillus,Baryphthengus ruficapillus,Baryphthengus ruficapillus,Baryphthengus ruficapillus,Selenidera maculirostris,Selenidera maculirostris,Baryphthengus ruficapillus,Baryphthengus ruficapillus,Baryphthengus ruficapillus,Selenidera maculirostris,Baryphthengus,Momotidae,3,Medio
2380,Baryphthengus ruficapillus,Alouatta guariba,Penelope superciliaris,Penelope superciliaris,Penelope superciliaris,Alouatta guariba,Alouatta guariba clamitans,Sapajus nigritus,Penelope superciliaris,Penelope superciliaris,Penelope superciliaris,Alouatta guariba,Baryphthengus,Momotidae,3,Medio
2382,Baryphthengus ruficapillus,Baryphthengus ruficapillus,Pyriglena leucoptera,Baryphthengus ruficapillus,Baryphthengus ruficapillus,Baryphthengus ruficapillus,Selenidera maculirostris,Baryphthengus ruficapillus,Pyriglena leucoptera,Pyriglena leucoptera,Pyriglena leucoptera,Baryphthengus ruficapillus,Baryphthengus,Momotidae,3,Medio
2384,Baryphthengus ruficapillus,Baryphthengus ruficapillus,Celeus galeatus,Celeus galeatus,Amazona vinacea,Baryphthengus ruficapillus,Baryphthengus ruficapillus,Baryphthengus ruficapillus,Celeus galeatus,Celeus galeatus,Celeus galeatus,Baryphthengus ruficapillus,Baryphthengus,Momotidae,3,Medio
2385,Baryphthengus ruficapillus,Baryphthengus ruficapillus,Baryphthengus ruficapillus,Baryphthengus ruficapillus,Baryphthengus ruficapillus,Baryphthengus ruficapillus,Baryphthengus ruficapillus,Cyanocorax chrysops,Baryphthengus ruficapillus,Baryphthengus ruficapillus,Baryphthengus ruficapillus,Baryphthengus ruficapillus,Baryphthengus,Momotidae,3,Medio
2387,Baryphthengus ruficapillus,Pyriglena leucoptera,Baryphthengus ruficapillus,Baryphthengus ruficapillus,Pyriglena leucoptera,Selenidera maculirostris,Penelope superciliaris,Baryphthengus ruficapillus,Baryphthengus ruficapillus,Baryphthengus ruficapillus,Baryphthengus ruficapillus,Pyriglena leucoptera,Baryphthengus,Momotidae,3,Medio
2388,Eira barbara,Tayassu pecari,Leopardus guttulus,Eira barbara,Dasyprocta azarae,Eira barbara,Dasyprocta azarae,Dasyprocta azarae,Leopardus guttulus,Leopardus guttulus,Leopardus guttulus,Tayassu pecari,Eira,Mustelidae,2,Bajo
2389,Eira barbara,Nasua nasua,Nasua nasua,Didelphis aurita,Didelphis aurita,Nasua nasua,Nasua nasua,Nasua nasua,Nasua nasua,Nasua nasua,Nasua nasua,Nasua nasua,Eira,Mustelidae,2,Bajo
2390,Eira barbara,Cuniculus paca,Cuniculus paca,Cuniculus paca,Leopardus wiedii,Cerdocyon thous,Cerdocyon thous,Cuniculus paca,Cuniculus paca,Cuniculus paca,Cuniculus paca,Cuniculus paca,Eira,Mustelidae,2,Bajo
2391,Eira barbara,Eira barbara,Dasyprocta azarae,Dasyprocta azarae,Dasyprocta azarae,Eira barbara,Eira barbara,Eira barbara,Dasyprocta azarae,Dasyprocta azarae,Dasyprocta azarae,Tayassu pecari,Eira,Mustelidae,2,Bajo
2392,Eira barbara,Herpailurus yagouaroundi,Tamandua tetradactyla,Dasypus novemcinctus,Dasypus novemcinctus,Eira barbara,Eira barbara,Eira barbara,Tamandua tetradactyla,Tamandua tetradactyla,Tamandua tetradactyla,Herpailurus yagouaroundi,Eira,Mustelidae,2,Bajo
2395,Eira barbara,Eira barbara,Crypturellus tataupa,Crypturellus tataupa,Eira barbara,Eira barbara,Eira barbara,Eira barbara,Crypturellus tataupa,Crypturellus tataupa,Crypturellus tataupa,Eira barbara,Eira,Mustelidae,2,Bajo
2396,Eira barbara,Dasyprocta azarae,Eira barbara,Eira barbara,Eira barbara,Eira barbara,Dasyprocta azarae,Eira barbara,Eira barbara,Eira barbara,Eira barbara,Dasyprocta azarae,Eira,Mustelidae,2,Bajo
2398,Eira barbara,Eira barbara,Eira barbara,Eira barbara,Eira barbara,Eira barbara,Eira barbara,Eira barbara,Eira barbara,Eira barbara,Eira barbara,Eira barbara,Eira,Mustelidae,2,Bajo
2399,Eira barbara,Eira barbara,Crypturellus tataupa,Crypturellus tataupa,Eira barbara,Eira barbara,Eira barbara,Crypturellus tataupa,Crypturellus tataupa,Crypturellus tataupa,Crypturellus tataupa,Eira barbara,Eira,Mustelidae,2,Bajo
2400,Eira barbara,Sapajus nigritus,Pyriglena leucoptera,Eira barbara,Sapajus nigritus,Eira barbara,Sapajus nigritus,Sapajus nigritus,Pyriglena leucoptera,Pyriglena leucoptera,Pyriglena leucoptera,Sapajus nigritus,Eira,Mustelidae,2,Bajo
2401,Eira barbara,Eira barbara,Eira barbara,Eira barbara,Eira barbara,Eira barbara,Eira barbara,Eira barbara,Eira barbara,Eira barbara,Eira barbara,Eira barbara,Eira,Mustelidae,2,Bajo
2402,Eira barbara,Eira barbara,Eira barbara,Eira barbara,Eira barbara,Eira barbara,Eira barbara,Eira barbara,Eira barbara,Eira barbara,Eira barbara,Eira barbara,Eira,Mustelidae,2,Bajo
2403,Eira barbara,Crypturellus tataupa,Leopardus pardalis,Leopardus pardalis,Eira barbara,Eira barbara,Eira barbara,Tinamus solitarius,Leopardus pardalis,Leopardus pardalis,Leopardus pardalis,Crypturellus tataupa,Eira,Mustelidae,2,Bajo
2404,Eira barbara,Tayassu pecari,Eira barbara,Dasyprocta azarae,Crypturellus tataupa,Eira barbara,Eira barbara,Eira barbara,Eira barbara,Eira barbara,Eira barbara,Tayassu pecari,Eira,Mustelidae,2,Bajo
2405,Eira barbara,Eira barbara,Eira barbara,Eira barbara,Eira barbara,Eira barbara,Eira barbara,Eira barbara,Eira barbara,Eira barbara,Eira barbara,Eira barbara,Eira,Mustelidae,2,Bajo
2406,Eira barbara,Herpailurus yagouaroundi,Pecari tajacu,Galictis cuja,Galictis cuja,Galictis cuja,Galictis cuja,Galictis cuja,Pecari tajacu,Pecari tajacu,Pecari tajacu,Herpailurus yagouaroundi,Eira,Mustelidae,2,Bajo
2407,Eira barbara,Sus scrofa,Sus scrofa,Herpailurus yagouaroundi,Aramides saracura,Myrmecophaga tridactyla,Sus scrofa,Myrmecophaga tridactyla,Sus scrofa,Sus scrofa,Sus scrofa,Sus scrofa,Eira,Mustelidae,2,Bajo
2408,Eira barbara,Herpailurus yagouaroundi,Pecari tajacu,Mazama nanus,Mazama nanus,Eira barbara,Dasyprocta azarae,Galictis cuja,Pecari tajacu,Pecari tajacu,Pecari tajacu,Herpailurus yagouaroundi,Eira,Mustelidae,2,Bajo
2409,Eira barbara,Herpailurus yagouaroundi,Tapirus terrestris terrestris,Galictis cuja,Cerdocyon thous,Galictis cuja,Salvator merianae,Aramides saracura,Tapirus terrestris terrestris,Tapirus terrestris terrestris,Tapirus terrestris terrestris,Herpailurus yagouaroundi,Eira,Mustelidae,2,Bajo
2410,Eira barbara,Herpailurus yagouaroundi,Pecari tajacu,Herpailurus yagouaroundi,Herpailurus yagouaroundi,Herpailurus yagouaroundi,Pecari tajacu,Pecari tajacu,Pecari tajacu,Pecari tajacu,Pecari tajacu,Herpailurus yagouaroundi,Eira,Mustelidae,2,Bajo
2411,Eira barbara,Tayassu pecari,Crypturellus tataupa,Crypturellus tataupa,Crypturellus tataupa,Dasyprocta azarae,Dasyprocta azarae,Dasyprocta azarae,Crypturellus tataupa,Crypturellus tataupa,Crypturellus tataupa,Tayassu pecari,Eira,Mustelidae,2,Bajo
2412,Eira barbara,Sapajus nigritus,Crypturellus tataupa,Crypturellus tataupa,Sapajus nigritus,Sapajus nigritus,Sapajus nigritus,Pyriglena leucoptera,Crypturellus tataupa,Crypturellus tataupa,Crypturellus tataupa,Sapajus nigritus,Eira,Mustelidae,2,Bajo
2413,Eira barbara,Galictis cuja,Galictis cuja,Eira barbara,Galictis cuja,Galictis cuja,Galictis cuja,Galictis cuja,Galictis cuja,Galictis cuja,Galictis cuja,Galictis cuja,Eira,Mustelidae,2,Bajo
2414,Eira barbara,Herpailurus yagouaroundi,Penelope superciliaris,Penelope superciliaris,Penelope superciliaris,Eira barbara,Eira barbara,Salvator merianae,Penelope superciliaris,Penelope superciliaris,Penelope superciliaris,Herpailurus yagouaroundi,Eira,Mustelidae,2,Bajo
2415,Eira barbara,Herpailurus yagouaroundi,Herpailurus yagouaroundi,Cerdocyon thous,Cerdocyon thous,Herpailurus yagouaroundi,Sus scrofa,Sus scrofa,Herpailurus yagouaroundi,Herpailurus yagouaroundi,Herpailurus yagouaroundi,Herpailurus yagouaroundi,Eira,Mustelidae,2,Bajo
2417,Eira barbara,Herpailurus yagouaroundi,Aramides saracura,Aramides saracura,Aramides saracura,Herpailurus yagouaroundi,Dasyprocta azarae,Nasua nasua,Aramides saracura,Aramides saracura,Aramides saracura,Herpailurus yagouaroundi,Eira,Mustelidae,2,Bajo
2419,Eira barbara,Galictis cuja,Cerdocyon thous,Cerdocyon thous,Cerdocyon thous,Galictis cuja,Galictis cuja,Galictis cuja,Cerdocyon thous,Cerdocyon thous,Cerdocyon thous,Galictis cuja,Eira,Mustelidae,2,Bajo
2420,Eira barbara,Didelphis aurita,Didelphis albiventris,Didelphis albiventris,Dasypus novemcinctus,Didelphis aurita,Didelphis aurita,Didelphis aurita,Didelphis albiventris,Didelphis albiventris,Didelphis albiventris,Didelphis aurita,Eira,Mustelidae,2,Bajo
2421,Eira barbara,Tayassu pecari,Crypturellus tataupa,Crypturellus tataupa,Aramides saracura,Eira barbara,Dasyprocta azarae,Dasyprocta azarae,Crypturellus tataupa,Crypturellus tataupa,Crypturellus tataupa,Tayassu pecari,Eira,Mustelidae,2,Bajo
2423,Eira barbara,Eira barbara,Eira barbara,Eira barbara,Eira barbara,Eira barbara,Eira barbara,Eira barbara,Eira barbara,Eira barbara,Eira barbara,Eira barbara,Eira,Mustelidae,2,Bajo
2424,Eira barbara,Herpailurus yagouaroundi,Herpailurus yagouaroundi,Eira barbara,Eira barbara,Eira barbara,Eira barbara,Leopardus guttulus,Herpailurus yagouaroundi,Herpailurus yagouaroundi,Herpailurus yagouaroundi,Herpailurus yagouaroundi,Eira,Mustelidae,2,Bajo
2425,Eira barbara,Galictis cuja,Sylvilagus brasiliensis,Mazama nanus,Leopardus guttulus,Galictis cuja,Galictis cuja,Galictis cuja,Sylvilagus brasiliensis,Sylvilagus brasiliensis,Sylvilagus brasiliensis,Galictis cuja,Eira,Mustelidae,2,Bajo
2426,Eira barbara,Eira barbara,Herpailurus yagouaroundi,Crypturellus obsoletus,Eira barbara,Eira barbara,Eira barbara,Eira barbara,Herpailurus yagouaroundi,Herpailurus yagouaroundi,Herpailurus yagouaroundi,Eira barbara,Eira,Mustelidae,2,Bajo
2428,Eira barbara,Eira barbara,Dasyprocta azarae,Dasyprocta azarae,Crypturellus tataupa,Eira barbara,Eira barbara,Eira barbara,Dasyprocta azarae,Dasyprocta azarae,Dasyprocta azarae,Eira barbara,Eira,Mustelidae,2,Bajo
2430,Eira barbara,Galictis cuja,Cerdocyon thous,Cerdocyon thous,Cerdocyon thous,Galictis cuja,Galictis cuja,Galictis cuja,Cerdocyon thous,Cerdocyon thous,Cerdocyon thous,Galictis cuja,Eira,Mustelidae,2,Bajo
2431,Eira barbara,Eira barbara,Crypturellus tataupa,Cerdocyon thous,Cerdocyon thous,Eira barbara,Eira barbara,Eira barbara,Crypturellus tataupa,Crypturellus tataupa,Crypturellus tataupa,Eira barbara,Eira,Mustelidae,2,Bajo
2432,Eira barbara,Eira barbara,Nasua nasua,Eira barbara,Eira barbara,Eira barbara,Eira barbara,Eira barbara,Nasua nasua,Nasua nasua,Nasua nasua,Eira barbara,Eira,Mustelidae,2,Bajo
2434,Eira barbara,Eira barbara,Dasyprocta azarae,Dasyprocta azarae,Eira barbara,Eira barbara,Eira barbara,Eira barbara,Dasyprocta azarae,Dasyprocta azarae,Dasyprocta azarae,Eira barbara,Eira,Mustelidae,2,Bajo
2435,Eira barbara,Eira barbara,Eira barbara,Eira barbara,Eira barbara,Eira barbara,Eira barbara,Eira barbara,Eira barbara,Eira barbara,Eira barbara,Eira barbara,Eira,Mustelidae,2,Bajo
2436,Eira barbara,Herpailurus yagouaroundi,Herpailurus yagouaroundi,Herpailurus yagouaroundi,Herpailurus yagouaroundi,Herpailurus yagouaroundi,Sus scrofa,Herpailurus yagouaroundi,Herpailurus yagouaroundi,Herpailurus yagouaroundi,Herpailurus yagouaroundi,Herpailurus yagouaroundi,Eira,Mustelidae,2,Bajo
2437,Eira barbara,Herpailurus yagouaroundi,Herpailurus yagouaroundi,Herpailurus yagouaroundi,Herpailurus yagouaroundi,Herpailurus yagouaroundi,Subulo gouazoubira,Subulo gouazoubira,Herpailurus yagouaroundi,Herpailurus yagouaroundi,Herpailurus yagouaroundi,Herpailurus yagouaroundi,Eira,Mustelidae,2,Bajo
2440,Eira barbara,Herpailurus yagouaroundi,Herpailurus yagouaroundi,Aramides saracura,Herpailurus yagouaroundi,Herpailurus yagouaroundi,Eira barbara,Galictis cuja,Herpailurus yagouaroundi,Herpailurus yagouaroundi,Herpailurus yagouaroundi,Herpailurus yagouaroundi,Eira,Mustelidae,2,Bajo
2443,Eira barbara,Myrmecophaga tridactyla,Eira barbara,Eira barbara,Sus scrofa,Myrmecophaga tridactyla,Myrmecophaga tridactyla,Sus scrofa,Eira barbara,Eira barbara,Eira barbara,Myrmecophaga tridactyla,Eira,Mustelidae,2,Bajo
2444,Eira barbara,Eira barbara,Tayassu pecari,Cerdocyon thous,Dasyprocta azarae,Eira barbara,Eira barbara,Eira barbara,Tayassu pecari,Tayassu pecari,Tayassu pecari,Tayassu pecari,Eira,Mustelidae,2,Bajo
2445,Eira barbara,Leopardus wiedii,Didelphis albiventris,Didelphis albiventris,Didelphis albiventris,Eira barbara,Eira barbara,Eira barbara,Didelphis albiventris,Didelphis albiventris,Didelphis albiventris,Leopardus wiedii,Eira,Mustelidae,2,Bajo
2446,Eira barbara,Celeus galeatus,Sapajus nigritus,Nasua nasua,Celeus galeatus,Nasua nasua,Alouatta guariba clamitans,Sapajus nigritus,Sapajus nigritus,Sapajus nigritus,Sapajus nigritus,Celeus galeatus,Eira,Mustelidae,2,Bajo
2447,Eira barbara,Tayassu pecari,Pecari tajacu,Dasyprocta azarae,Dasyprocta azarae,Eira barbara,Eira barbara,Eira barbara,Pecari tajacu,Pecari tajacu,Pecari tajacu,Tayassu pecari,Eira,Mustelidae,2,Bajo
2448,Eira barbara,Herpailurus yagouaroundi,Galictis cuja,Eira barbara,Galictis cuja,Eira barbara,Eira barbara,Eira barbara,Galictis cuja,Galictis cuja,Galictis cuja,Herpailurus yagouaroundi,Eira,Mustelidae,2,Bajo
2449,Eira barbara,Sapajus nigritus,Sapajus nigritus,Alouatta guariba clamitans,Alouatta guariba clamitans,Eira barbara,Sapajus nigritus,Alouatta guariba clamitans,Sapajus nigritus,Sapajus nigritus,Sapajus nigritus,Sapajus nigritus,Eira,Mustelidae,2,Bajo
2450,Eira barbara,Tayassu pecari,Dasyprocta azarae,Dasyprocta azarae,Dasyprocta azarae,Eira barbara,Eira barbara,Dasyprocta azarae,Dasyprocta azarae,Dasyprocta azarae,Dasyprocta azarae,Tayassu pecari,Eira,Mustelidae,2,Bajo
2451,Eira barbara,Eira barbara,Eira barbara,Eira barbara,Dasyprocta azarae,Eira barbara,Eira barbara,Eira barbara,Eira barbara,Eira barbara,Eira barbara,Eira barbara,Eira,Mustelidae,2,Bajo
2452,Eira barbara,Eira barbara,Cerdocyon thous,Cerdocyon thous,Cerdocyon thous,Eira barbara,Eira barbara,Eira barbara,Cerdocyon thous,Cerdocyon thous,Cerdocyon thous,Eira barbara,Eira,Mustelidae,2,Bajo
2453,Eira barbara,Galictis cuja,Cerdocyon thous,Cerdocyon thous,Cerdocyon thous,Cerdocyon thous,Galictis cuja,Cerdocyon thous,Cerdocyon thous,Cerdocyon thous,Cerdocyon thous,Galictis cuja,Eira,Mustelidae,2,Bajo
2454,Eira barbara,Didelphis aurita,Eira barbara,Didelphis aurita,Eira barbara,Eira barbara,Eira barbara,Salvator merianae,Eira barbara,Eira barbara,Eira barbara,Didelphis aurita,Eira,Mustelidae,2,Bajo
2455,Galictis cuja,Galictis cuja,Galictis cuja,Galictis cuja,Cerdocyon thous,Galictis cuja,Galictis cuja,Galictis cuja,Galictis cuja,Galictis cuja,Galictis cuja,Galictis cuja,Galictis,Mustelidae,1,Bajo
2456,Galictis cuja,Galictis cuja,Galictis cuja,Galictis cuja,Galictis cuja,Galictis cuja,Galictis cuja,Galictis cuja,Galictis cuja,Galictis cuja,Galictis cuja,Galictis cuja,Galictis,Mustelidae,1,Bajo
2457,Galictis cuja,Tamandua tetradactyla,Lontra longicaudis,Leopardus guttulus,Cerdocyon thous,Tamandua tetradactyla,Galictis cuja,Cerdocyon thous,Lontra longicaudis,Lontra longicaudis,Lontra longicaudis,Tamandua tetradactyla,Galictis,Mustelidae,1,Bajo
2458,Galictis cuja,Leopardus wiedii,Eira barbara,Dasyprocta azarae,Crypturellus tataupa,Eira barbara,Eira barbara,Eira barbara,Eira barbara,Eira barbara,Eira barbara,Leopardus wiedii,Galictis,Mustelidae,1,Bajo
2459,Galictis cuja,Sus scrofa,Eira barbara,Eira barbara,Eira barbara,Nothura maculosa,Sus scrofa,Myrmecophaga tridactyla,Eira barbara,Eira barbara,Eira barbara,Sus scrofa,Galictis,Mustelidae,1,Bajo
2460,Galictis cuja,Galictis cuja,Galictis cuja,Galictis cuja,Galictis cuja,Galictis cuja,Galictis cuja,Didelphis aurita,Galictis cuja,Galictis cuja,Galictis cuja,Galictis cuja,Galictis,Mustelidae,1,Bajo
2463,Galictis cuja,Galictis cuja,Galictis cuja,Galictis cuja,Galictis cuja,Galictis cuja,Galictis cuja,Galictis cuja,Galictis cuja,Galictis cuja,Galictis cuja,Galictis cuja,Galictis,Mustelidae,1,Bajo
2464,Galictis cuja,Galictis cuja,Herpailurus yagouaroundi,Cerdocyon thous,Cerdocyon thous,Galictis cuja,Galictis cuja,Didelphis aurita,Herpailurus yagouaroundi,Herpailurus yagouaroundi,Herpailurus yagouaroundi,Galictis cuja,Galictis,Mustelidae,1,Bajo
2465,Galictis cuja,Didelphis aurita,Nasua nasua,Didelphis aurita,Eira barbara,Eira barbara,Didelphis aurita,Didelphis albiventris,Nasua nasua,Nasua nasua,Nasua nasua,Didelphis aurita,Galictis,Mustelidae,1,Bajo
2466,Galictis cuja,Tamandua tetradactyla,Tamandua tetradactyla,Leopardus guttulus,Lontra longicaudis,Tamandua tetradactyla,Galictis cuja,Tamandua tetradactyla,Tamandua tetradactyla,Tamandua tetradactyla,Tamandua tetradactyla,Tamandua tetradactyla,Galictis,Mustelidae,1,Bajo
2467,Galictis cuja,Eira barbara,Galictis cuja,Dasyprocta azarae,Dasyprocta azarae,Galictis cuja,Dasyprocta azarae,Eira barbara,Galictis cuja,Galictis cuja,Galictis cuja,Dasyprocta azarae,Galictis,Mustelidae,1,Bajo
2468,Galictis cuja,Galictis cuja,Nasua nasua,Galictis cuja,Galictis cuja,Galictis cuja,Galictis cuja,Galictis cuja,Nasua nasua,Nasua nasua,Nasua nasua,Galictis cuja,Galictis,Mustelidae,1,Bajo
2469,Galictis cuja,Crypturellus tataupa,Eira barbara,Crypturellus tataupa,Crypturellus tataupa,Eira barbara,Eira barbara,Tamandua tetradactyla,Eira barbara,Eira barbara,Eira barbara,Crypturellus tataupa,Galictis,Mustelidae,1,Bajo
2470,Galictis cuja,Galictis cuja,Lepus europaeus,Euphractus sexcinctus,Euphractus sexcinctus,Galictis cuja,Galictis cuja,Lepus europaeus,Lepus europaeus,Lepus europaeus,Lepus europaeus,Galictis cuja,Galictis,Mustelidae,1,Bajo
2471,Galictis cuja,Galictis cuja,Galictis cuja,Galictis cuja,Galictis cuja,Galictis cuja,Galictis cuja,Galictis cuja,Galictis cuja,Galictis cuja,Galictis cuja,Galictis cuja,Galictis,Mustelidae,1,Bajo
2472,Galictis cuja,Tayassu pecari,Dasyprocta azarae,Dasyprocta azarae,Dasyprocta azarae,Dasyprocta azarae,Dasyprocta azarae,Dasyprocta azarae,Dasyprocta azarae,Dasyprocta azarae,Dasyprocta azarae,Tayassu pecari,Galictis,Mustelidae,1,Bajo
2473,Galictis cuja,Galictis cuja,Eira barbara,Eira barbara,Eira barbara,Galictis cuja,Galictis cuja,Sus scrofa,Eira barbara,Eira barbara,Eira barbara,Galictis cuja,Galictis,Mustelidae,1,Bajo
2475,Galictis cuja,Eira barbara,Eira barbara,Eira barbara,Eira barbara,Didelphis albiventris,Eira barbara,Didelphis albiventris,Eira barbara,Eira barbara,Eira barbara,Eira barbara,Galictis,Mustelidae,1,Bajo
2476,Galictis cuja,Didelphis aurita,Didelphis aurita,Didelphis aurita,Galictis cuja,Galictis cuja,Didelphis aurita,Galictis cuja,Didelphis aurita,Didelphis aurita,Didelphis aurita,Didelphis aurita,Galictis,Mustelidae,1,Bajo
2477,Galictis cuja,Nasua nasua,Nasua nasua,Galictis cuja,Galictis cuja,Galictis cuja,Nasua nasua,Nasua nasua,Nasua nasua,Nasua nasua,Nasua nasua,Nasua nasua,Galictis,Mustelidae,1,Bajo
2478,Galictis cuja,Galictis cuja,Herpailurus yagouaroundi,Cerdocyon thous,Cerdocyon thous,Galictis cuja,Galictis cuja,Galictis cuja,Herpailurus yagouaroundi,Herpailurus yagouaroundi,Herpailurus yagouaroundi,Galictis cuja,Galictis,Mustelidae,1,Bajo
2479,Galictis cuja,Euphractus sexcinctus,Cerdocyon thous,Cerdocyon thous,Euphractus sexcinctus,Euphractus sexcinctus,Didelphis albiventris,Lepus europaeus,Cerdocyon thous,Cerdocyon thous,Cerdocyon thous,Euphractus sexcinctus,Galictis,Mustelidae,1,Bajo
2480,Galictis cuja,Didelphis aurita,Nasua nasua,Eira barbara,Eira barbara,Didelphis albiventris,Didelphis aurita,Didelphis aurita,Nasua nasua,Nasua nasua,Nasua nasua,Didelphis aurita,Galictis,Mustelidae,1,Bajo
2482,Galictis cuja,Lepus europaeus,Tamandua tetradactyla,Cerdocyon thous,Aramides saracura,Cerdocyon thous,Cerdocyon thous,Subulo gouazoubira,Tamandua tetradactyla,Tamandua tetradactyla,Tamandua tetradactyla,Lepus europaeus,Galictis,Mustelidae,1,Bajo
2483,Galictis cuja,Sapajus nigritus,Sapajus nigritus,Kannabateomys amblyonyx,Conopophaga lineata vulgaris,Sapajus nigritus,Sapajus nigritus,Tamandua tetradactyla,Sapajus nigritus,Sapajus nigritus,Sapajus nigritus,Sapajus nigritus,Galictis,Mustelidae,1,Bajo
2484,Galictis cuja,Galictis cuja,Didelphis aurita,Didelphis aurita,Didelphis aurita,Galictis cuja,Galictis cuja,Nasua nasua,Didelphis aurita,Didelphis aurita,Didelphis aurita,Galictis cuja,Galictis,Mustelidae,1,Bajo
2485,Galictis cuja,Galictis cuja,Galictis cuja,Cerdocyon thous,Cerdocyon thous,Galictis cuja,Galictis cuja,Galictis cuja,Galictis cuja,Galictis cuja,Galictis cuja,Galictis cuja,Galictis,Mustelidae,1,Bajo
2486,Galictis cuja,Galictis cuja,Galictis cuja,Didelphis aurita,Galictis cuja,Galictis cuja,Galictis cuja,Galictis cuja,Galictis cuja,Galictis cuja,Galictis cuja,Galictis cuja,Galictis,Mustelidae,1,Bajo
2487,Galictis cuja,Tamandua tetradactyla,Aramides saracura,Aramides saracura,Aramides saracura,Gubernetes yetapa,Didelphis albiventris,Gubernetes yetapa,Aramides saracura,Aramides saracura,Aramides saracura,Tamandua tetradactyla,Galictis,Mustelidae,1,Bajo
2488,Galictis cuja,Didelphis albiventris,Crypturellus obsoletus,Crypturellus obsoletus,Crypturellus obsoletus,Crypturellus obsoletus,Didelphis albiventris,Hydrochoerus hydrochaeris,Crypturellus obsoletus,Crypturellus obsoletus,Crypturellus obsoletus,Crypturellus tataupa,Galictis,Mustelidae,1,Bajo
2489,Galictis cuja,Galictis cuja,Herpailurus yagouaroundi,Galictis cuja,Galictis cuja,Galictis cuja,Galictis cuja,Galictis cuja,Herpailurus yagouaroundi,Herpailurus yagouaroundi,Herpailurus yagouaroundi,Galictis cuja,Galictis,Mustelidae,1,Bajo
2490,Galictis cuja,Galictis cuja,Nasua nasua,Galictis cuja,Galictis cuja,Galictis cuja,Galictis cuja,Galictis cuja,Nasua nasua,Nasua nasua,Nasua nasua,Galictis cuja,Galictis,Mustelidae,1,Bajo
2491,Galictis cuja,Tamandua tetradactyla,Leopardus guttulus,Cerdocyon thous,Cerdocyon thous,Tamandua tetradactyla,Galictis cuja,Tamandua tetradactyla,Leopardus guttulus,Leopardus guttulus,Leopardus guttulus,Tamandua tetradactyla,Galictis,Mustelidae,1,Bajo
2494,Galictis cuja,Galictis cuja,Cerdocyon thous,Cerdocyon thous,Cerdocyon thous,Didelphis aurita,Galictis cuja,Didelphis aurita,Cerdocyon thous,Cerdocyon thous,Cerdocyon thous,Galictis cuja,Galictis,Mustelidae,1,Bajo
2496,Galictis cuja,Galictis cuja,Lontra longicaudis,Cerdocyon thous,Cerdocyon thous,Galictis cuja,Galictis cuja,Galictis cuja,Lontra longicaudis,Lontra longicaudis,Lontra longicaudis,Galictis cuja,Galictis,Mustelidae,1,Bajo
2497,Galictis cuja,Galictis cuja,Sylvilagus brasiliensis,Didelphis aurita,Didelphis aurita,Galictis cuja,Galictis cuja,Didelphis aurita,Sylvilagus brasiliensis,Sylvilagus brasiliensis,Sylvilagus brasiliensis,Galictis cuja,Galictis,Mustelidae,1,Bajo
2498,Galictis cuja,Didelphis aurita,Galictis cuja,Didelphis aurita,Didelphis aurita,Galictis cuja,Didelphis aurita,Galictis cuja,Galictis cuja,Galictis cuja,Galictis cuja,Didelphis aurita,Galictis,Mustelidae,1,Bajo
2499,Galictis cuja,Galictis cuja,Galictis cuja,Galictis cuja,Galictis cuja,Galictis cuja,Galictis cuja,Galictis cuja,Galictis cuja,Galictis cuja,Galictis cuja,Galictis cuja,Galictis,Mustelidae,1,Bajo
2500,Galictis cuja,Galictis cuja,Cerdocyon thous,Cerdocyon thous,Cerdocyon thous,Cerdocyon thous,Galictis cuja,Cerdocyon thous,Cerdocyon thous,Cerdocyon thous,Cerdocyon thous,Galictis cuja,Galictis,Mustelidae,1,Bajo
2501,Galictis cuja,Herpailurus yagouaroundi,Eira barbara,Eira barbara,Eira barbara,Galictis cuja,Galictis cuja,Lycalopex gymnocerca,Eira barbara,Eira barbara,Eira barbara,Herpailurus yagouaroundi,Galictis,Mustelidae,1,Bajo
2502,Galictis cuja,Galictis cuja,Cerdocyon thous,Cerdocyon thous,Cerdocyon thous,Galictis cuja,Galictis cuja,Didelphis aurita,Cerdocyon thous,Cerdocyon thous,Cerdocyon thous,Galictis cuja,Galictis,Mustelidae,1,Bajo
2503,Galictis cuja,Euphractus sexcinctus,Nasua nasua,Hydropsalis torquata,Euphractus sexcinctus,Galictis cuja,Galictis cuja,Euphractus sexcinctus,Nasua nasua,Nasua nasua,Nasua nasua,Euphractus sexcinctus,Galictis,Mustelidae,1,Bajo
2504,Galictis cuja,Galictis cuja,Herpailurus yagouaroundi,Cerdocyon thous,Galictis cuja,Galictis cuja,Galictis cuja,Galictis cuja,Herpailurus yagouaroundi,Herpailurus yagouaroundi,Herpailurus yagouaroundi,Galictis cuja,Galictis,Mustelidae,1,Bajo
2505,Galictis cuja,Dasyprocta azarae,Puma concolor concolor,Lepus europaeus,Aramides saracura,Galictis cuja,Dasyprocta azarae,Aramides saracura,Puma concolor concolor,Puma concolor concolor,Puma concolor concolor,Dasyprocta azarae,Galictis,Mustelidae,1,Bajo
2506,Galictis cuja,Euphractus sexcinctus,Euphractus sexcinctus,Euphractus sexcinctus,Eira barbara,Lontra longicaudis,Nasua nasua,Nasua nasua,Euphractus sexcinctus,Euphractus sexcinctus,Euphractus sexcinctus,Euphractus sexcinctus,Galictis,Mustelidae,1,Bajo
2507,Galictis cuja,Euphractus sexcinctus,Herpailurus yagouaroundi,Herpailurus yagouaroundi,Euphractus sexcinctus,Salvator merianae,Salvator merianae,Dasypus novemcinctus,Herpailurus yagouaroundi,Herpailurus yagouaroundi,Herpailurus yagouaroundi,Euphractus sexcinctus,Galictis,Mustelidae,1,Bajo
2508,Galictis cuja,Tayassu pecari,Pecari tajacu,Dasyprocta azarae,Crypturellus tataupa,Eira barbara,Eira barbara,Eira barbara,Pecari tajacu,Pecari tajacu,Pecari tajacu,Tayassu pecari,Galictis,Mustelidae,1,Bajo
2510,Galictis cuja,Eira barbara,Pecari tajacu,Eira barbara,Eira barbara,Eira barbara,Eira barbara,Eira barbara,Pecari tajacu,Pecari tajacu,Pecari tajacu,Eira barbara,Galictis,Mustelidae,1,Bajo
2512,Galictis cuja,Herpailurus yagouaroundi,Herpailurus yagouaroundi,Galictis cuja,Aramides saracura,Galictis cuja,Aramides saracura,Galictis cuja,Herpailurus yagouaroundi,Herpailurus yagouaroundi,Herpailurus yagouaroundi,Herpailurus yagouaroundi,Galictis,Mustelidae,1,Bajo
2514,Galictis cuja,Eira barbara,Eira barbara,Eira barbara,Herpailurus yagouaroundi,Eira barbara,Eira barbara,Eira barbara,Eira barbara,Eira barbara,Eira barbara,Eira barbara,Galictis,Mustelidae,1,Bajo
2518,Galictis cuja,Galictis cuja,Mazama nanus,Lycalopex gymnocerca,Galictis cuja,Galictis cuja,Galictis cuja,Galictis cuja,Mazama nanus,Mazama nanus,Mazama nanus,Galictis cuja,Galictis,Mustelidae,1,Bajo
2519,Galictis cuja,Sus scrofa,Eira barbara,Cerdocyon thous,Cerdocyon thous,Eira barbara,Sus scrofa,Lepus europaeus,Eira barbara,Eira barbara,Eira barbara,Sus scrofa,Galictis,Mustelidae,1,Bajo
2520,Galictis cuja,Galictis cuja,Mazama nanus,Galictis cuja,Euphractus sexcinctus,Galictis cuja,Galictis cuja,Galictis cuja,Mazama nanus,Mazama nanus,Mazama nanus,Galictis cuja,Galictis,Mustelidae,1,Bajo
2521,Galictis cuja,Didelphis albiventris,Turdus rufiventris,Leptotila verreauxi,Chamaeza campanisona,Didelphis albiventris,Didelphis albiventris,Hydrochoerus hydrochaeris,Turdus rufiventris,Turdus rufiventris,Turdus rufiventris,Didelphis albiventris,Galictis,Mustelidae,1,Bajo
2522,Lontra longicaudis,Galictis cuja,Tamandua tetradactyla,Dasypus novemcinctus,Dasypus novemcinctus,Myrmecophaga tridactyla,Galictis cuja,Hydrochoerus hydrochaeris,Tamandua tetradactyla,Tamandua tetradactyla,Tamandua tetradactyla,Galictis cuja,Lontra,Mustelidae,4,Alto
2523,Lontra longicaudis,Sus scrofa,Eira barbara,Eira barbara,Eira barbara,Lontra longicaudis,Sus scrofa,Sus scrofa,Eira barbara,Eira barbara,Eira barbara,Sus scrofa,Lontra,Mustelidae,4,Alto
2524,Lontra longicaudis,Herpailurus yagouaroundi,Sus scrofa,Galictis cuja,Galictis cuja,Lontra longicaudis,Lepus europaeus,Dasypus novemcinctus,Sus scrofa,Sus scrofa,Sus scrofa,Herpailurus yagouaroundi,Lontra,Mustelidae,4,Alto
2525,Lontra longicaudis,Hydrochoerus hydrochaeris,Cerdocyon thous,Cerdocyon thous,Dasyprocta azarae,Galictis cuja,Hydrochoerus hydrochaeris,Hydrochoerus hydrochaeris,Cerdocyon thous,Cerdocyon thous,Cerdocyon thous,Hydrochoerus hydrochaeris,Lontra,Mustelidae,4,Alto
2526,Lontra longicaudis,Lontra longicaudis,Lontra longicaudis,Lontra longicaudis,Lontra longicaudis,Lontra longicaudis,Lontra longicaudis,Lontra longicaudis,Lontra longicaudis,Lontra longicaudis,Lontra longicaudis,Lontra longicaudis,Lontra,Mustelidae,4,Alto
2527,Lontra longicaudis,Procyon cancrivorus,Crypturellus tataupa,Crypturellus tataupa,Eira barbara,Eira barbara,Cerdocyon thous,Sus scrofa,Crypturellus tataupa,Crypturellus tataupa,Crypturellus tataupa,Procyon cancrivorus,Lontra,Mustelidae,4,Alto
2528,Lontra longicaudis,Eira barbara,Crypturellus tataupa,Crypturellus tataupa,Eira barbara,Eira barbara,Eira barbara,Eira barbara,Crypturellus tataupa,Crypturellus tataupa,Crypturellus tataupa,Eira barbara,Lontra,Mustelidae,4,Alto
2530,Lontra longicaudis,Lontra longicaudis,Lontra longicaudis,Lontra longicaudis,Lontra longicaudis,Lontra longicaudis,Lontra longicaudis,Lontra longicaudis,Lontra longicaudis,Lontra longicaudis,Lontra longicaudis,Lontra longicaudis,Lontra,Mustelidae,4,Alto
2531,Lontra longicaudis,Lontra longicaudis,Lontra longicaudis,Lontra longicaudis,Eira barbara,Lontra longicaudis,Lontra longicaudis,Lontra longicaudis,Lontra longicaudis,Lontra longicaudis,Lontra longicaudis,Lontra longicaudis,Lontra,Mustelidae,4,Alto
2532,Lontra longicaudis,Crypturellus obsoletus,Leptotila verreauxi,Leptotila verreauxi,Leptotila verreauxi,Crypturellus obsoletus,Aramides saracura,Aramides saracura,Leptotila verreauxi,Leptotila verreauxi,Leptotila verreauxi,Crypturellus obsoletus,Lontra,Mustelidae,4,Alto
2533,Lontra longicaudis,Lontra longicaudis,Lontra longicaudis,Lontra longicaudis,Lontra longicaudis,Lontra longicaudis,Lontra longicaudis,Lontra longicaudis,Lontra longicaudis,Lontra longicaudis,Lontra longicaudis,Lontra longicaudis,Lontra,Mustelidae,4,Alto
2534,Lontra longicaudis,Eira barbara,Nasua nasua,Eira barbara,Nasua nasua,Lontra longicaudis,Eira barbara,Nasua nasua,Nasua nasua,Nasua nasua,Nasua nasua,Eira barbara,Lontra,Mustelidae,4,Alto
2536,Lontra longicaudis,Didelphis albiventris,Galictis cuja,Dasyprocta azarae,Dasyprocta azarae,Salvator merianae,Nasua nasua,Salvator merianae,Galictis cuja,Galictis cuja,Galictis cuja,Didelphis albiventris,Lontra,Mustelidae,4,Alto
2538,Lontra longicaudis,Dasyprocta azarae,Nasua nasua,Didelphis albiventris,Nasua nasua,Nasua nasua,Nasua nasua,Nasua nasua,Nasua nasua,Nasua nasua,Nasua nasua,Dasyprocta azarae,Lontra,Mustelidae,4,Alto
2539,Lontra longicaudis,Sus scrofa,Lontra longicaudis,Sus scrofa,Lontra longicaudis,Lontra longicaudis,Sus scrofa,Sus scrofa,Lontra longicaudis,Lontra longicaudis,Lontra longicaudis,Sus scrofa,Lontra,Mustelidae,4,Alto
2540,Lontra longicaudis,Lontra longicaudis,Phrynops williamsi,Phrynops williamsi,Lontra longicaudis,Phrynops williamsi,Lontra longicaudis,Lontra longicaudis,Phrynops williamsi,Phrynops williamsi,Phrynops williamsi,Lontra longicaudis,Lontra,Mustelidae,4,Alto
2542,Lontra longicaudis,Lontra longicaudis,Lontra longicaudis,Lontra longicaudis,Lontra longicaudis,Lontra longicaudis,Lontra longicaudis,Didelphis aurita,Lontra longicaudis,Lontra longicaudis,Lontra longicaudis,Lontra longicaudis,Lontra,Mustelidae,4,Alto
2543,Lontra longicaudis,Hydrochoerus hydrochaeris,Hydrochoerus hydrochaeris,Hydrochoerus hydrochaeris,Hydrochoerus hydrochaeris,Hydrochoerus hydrochaeris,Hydrochoerus hydrochaeris,Hydrochoerus hydrochaeris,Hydrochoerus hydrochaeris,Hydrochoerus hydrochaeris,Hydrochoerus hydrochaeris,Hydrochoerus hydrochaeris,Lontra,Mustelidae,4,Alto
2545,Lontra longicaudis,Lontra longicaudis,Lontra longicaudis,Lontra longicaudis,Lontra longicaudis,Lontra longicaudis,Lontra longicaudis,Lontra longicaudis,Lontra longicaudis,Lontra longicaudis,Lontra longicaudis,Lontra longicaudis,Lontra,Mustelidae,4,Alto
2546,Lontra longicaudis,Hydrochoerus hydrochaeris,Hydrochoerus hydrochaeris,Hydrochoerus hydrochaeris,Hydrochoerus hydrochaeris,Hydrochoerus hydrochaeris,Hydrochoerus hydrochaeris,Hydrochoerus hydrochaeris,Hydrochoerus hydrochaeris,Hydrochoerus hydrochaeris,Hydrochoerus hydrochaeris,Hydrochoerus hydrochaeris,Lontra,Mustelidae,4,Alto
2547,Lontra longicaudis,Lontra longicaudis,Lontra longicaudis,Lontra longicaudis,Lontra longicaudis,Lontra longicaudis,Lontra longicaudis,Lontra longicaudis,Lontra longicaudis,Lontra longicaudis,Lontra longicaudis,Lontra longicaudis,Lontra,Mustelidae,4,Alto
2548,Lontra longicaudis,Lontra longicaudis,Lontra longicaudis,Lontra longicaudis,Phrynops williamsi,Lontra longicaudis,Lontra longicaudis,Lontra longicaudis,Lontra longicaudis,Lontra longicaudis,Lontra longicaudis,Lontra longicaudis,Lontra,Mustelidae,4,Alto
2550,Lontra longicaudis,Lontra longicaudis,Lontra longicaudis,Lontra longicaudis,Lontra longicaudis,Lontra longicaudis,Lontra longicaudis,Lontra longicaudis,Lontra longicaudis,Lontra longicaudis,Lontra longicaudis,Lontra longicaudis,Lontra,Mustelidae,4,Alto
2552,Lontra longicaudis,Salvator merianae,Lontra longicaudis,Lontra longicaudis,Lontra longicaudis,Salvator merianae,Lontra longicaudis,Didelphis aurita,Lontra longicaudis,Lontra longicaudis,Lontra longicaudis,Salvator merianae,Lontra,Mustelidae,4,Alto
2553,Lontra longicaudis,Lontra longicaudis,Lontra longicaudis,Lontra longicaudis,Lontra longicaudis,Lontra longicaudis,Lontra longicaudis,Lontra longicaudis,Lontra longicaudis,Lontra longicaudis,Lontra longicaudis,Lontra longicaudis,Lontra,Mustelidae,4,Alto
2554,Lontra longicaudis,Galictis cuja,Lontra longicaudis,Lontra longicaudis,Lontra longicaudis,Galictis cuja,Galictis cuja,Galictis cuja,Lontra longicaudis,Lontra longicaudis,Lontra longicaudis,Galictis cuja,Lontra,Mustelidae,4,Alto
2555,Lontra longicaudis,Lontra longicaudis,Lontra longicaudis,Lontra longicaudis,Lontra longicaudis,Lontra longicaudis,Lontra longicaudis,Lontra longicaudis,Lontra longicaudis,Lontra longicaudis,Lontra longicaudis,Lontra longicaudis,Lontra,Mustelidae,4,Alto
2556,Lontra longicaudis,Didelphis albiventris,Leptotila rufaxilla,Herpailurus yagouaroundi,Crypturellus obsoletus,Didelphis albiventris,Didelphis albiventris,Didelphis albiventris,Leptotila rufaxilla,Leptotila rufaxilla,Leptotila rufaxilla,Didelphis albiventris,Lontra,Mustelidae,4,Alto
2557,Lontra longicaudis,Galictis cuja,Lontra longicaudis,Galictis cuja,Galictis cuja,Myrmecophaga tridactyla,Galictis cuja,Galictis cuja,Lontra longicaudis,Lontra longicaudis,Lontra longicaudis,Galictis cuja,Lontra,Mustelidae,4,Alto
2559,Lontra longicaudis,Herpailurus yagouaroundi,Herpailurus yagouaroundi,Herpailurus yagouaroundi,Cuniculus paca,Lontra longicaudis,Eira barbara,Dasypus novemcinctus,Herpailurus yagouaroundi,Herpailurus yagouaroundi,Herpailurus yagouaroundi,Eira barbara,Lontra,Mustelidae,4,Alto
2560,Lontra longicaudis,Lontra longicaudis,Lontra longicaudis,Lontra longicaudis,Lontra longicaudis,Lontra longicaudis,Lontra longicaudis,Lontra longicaudis,Lontra longicaudis,Lontra longicaudis,Lontra longicaudis,Lontra longicaudis,Lontra,Mustelidae,4,Alto
2561,Lontra longicaudis,Lontra longicaudis,Lontra longicaudis,Lontra longicaudis,Lontra longicaudis,Lontra longicaudis,Lontra longicaudis,Lontra longicaudis,Lontra longicaudis,Lontra longicaudis,Lontra longicaudis,Lontra longicaudis,Lontra,Mustelidae,4,Alto
2563,Lontra longicaudis,Lontra longicaudis,Lontra longicaudis,Lontra longicaudis,Lontra longicaudis,Lontra longicaudis,Lontra longicaudis,Lontra longicaudis,Lontra longicaudis,Lontra longicaudis,Lontra longicaudis,Lontra longicaudis,Lontra,Mustelidae,4,Alto
2564,Lontra longicaudis,Lontra longicaudis,Lontra longicaudis,Lontra longicaudis,Lontra longicaudis,Lontra longicaudis,Lontra longicaudis,Lontra longicaudis,Lontra longicaudis,Lontra longicaudis,Lontra longicaudis,Lontra longicaudis,Lontra,Mustelidae,4,Alto
2565,Lontra longicaudis,Didelphis aurita,Sylvilagus brasiliensis,Sylvilagus brasiliensis,Leptotila verreauxi,Didelphis aurita,Didelphis aurita,Dasypus novemcinctus,Sylvilagus brasiliensis,Sylvilagus brasiliensis,Sylvilagus brasiliensis,Sylvilagus brasiliensis,Lontra,Mustelidae,4,Alto
2566,Lontra longicaudis,Lontra longicaudis,Tapirus terrestris terrestris,Lontra longicaudis,Lontra longicaudis,Lontra longicaudis,Lontra longicaudis,Lontra longicaudis,Tapirus terrestris terrestris,Tapirus terrestris terrestris,Tapirus terrestris terrestris,Lontra longicaudis,Lontra,Mustelidae,4,Alto
2567,Lontra longicaudis,Tamandua tetradactyla,Cerdocyon thous,Cerdocyon thous,Cerdocyon thous,Didelphis aurita,Galictis cuja,Didelphis aurita,Cerdocyon thous,Cerdocyon thous,Cerdocyon thous,Tamandua tetradactyla,Lontra,Mustelidae,4,Alto
2568,Lontra longicaudis,Lontra longicaudis,Nasua nasua,Nasua nasua,Euphractus sexcinctus,Lontra longicaudis,Lontra longicaudis,Didelphis aurita,Nasua nasua,Nasua nasua,Nasua nasua,Lontra longicaudis,Lontra,Mustelidae,4,Alto
2569,Lontra longicaudis,Lontra longicaudis,Lontra longicaudis,Lontra longicaudis,Lontra longicaudis,Lontra longicaudis,Lontra longicaudis,Lontra longicaudis,Lontra longicaudis,Lontra longicaudis,Lontra longicaudis,Lontra longicaudis,Lontra,Mustelidae,4,Alto
2570,Lontra longicaudis,Tamandua tetradactyla,Lontra longicaudis,Lontra longicaudis,Cerdocyon thous,Lontra longicaudis,Galictis cuja,Cerdocyon thous,Lontra longicaudis,Lontra longicaudis,Lontra longicaudis,Tamandua tetradactyla,Lontra,Mustelidae,4,Alto
2573,Lontra longicaudis,Galictis cuja,Procyon cancrivorus,Cerdocyon thous,Galictis cuja,Myrmecophaga tridactyla,Galictis cuja,Galictis cuja,Procyon cancrivorus,Procyon cancrivorus,Procyon cancrivorus,Galictis cuja,Lontra,Mustelidae,4,Alto
2574,Lontra longicaudis,Lontra longicaudis,Lontra longicaudis,Lontra longicaudis,Lontra longicaudis,Lontra longicaudis,Lontra longicaudis,Phrynops williamsi,Lontra longicaudis,Lontra longicaudis,Lontra longicaudis,Lontra longicaudis,Lontra,Mustelidae,4,Alto
2575,Lontra longicaudis,Didelphis aurita,Herpailurus yagouaroundi,Galictis cuja,Cerdocyon thous,Lontra longicaudis,Didelphis aurita,Didelphis aurita,Herpailurus yagouaroundi,Herpailurus yagouaroundi,Herpailurus yagouaroundi,Didelphis aurita,Lontra,Mustelidae,4,Alto
2576,Lontra longicaudis,Galictis cuja,Galictis cuja,Galictis cuja,Lontra longicaudis,Galictis cuja,Galictis cuja,Cerdocyon thous,Galictis cuja,Galictis cuja,Galictis cuja,Galictis cuja,Lontra,Mustelidae,4,Alto
2577,Lontra longicaudis,Lontra longicaudis,Lontra longicaudis,Lontra longicaudis,Lontra longicaudis,Lontra longicaudis,Lontra longicaudis,Lontra longicaudis,Lontra longicaudis,Lontra longicaudis,Lontra longicaudis,Lontra longicaudis,Lontra,Mustelidae,4,Alto
2578,Lontra longicaudis,Lontra longicaudis,Lontra longicaudis,Lontra longicaudis,Lontra longicaudis,Lontra longicaudis,Lontra longicaudis,Lontra longicaudis,Lontra longicaudis,Lontra longicaudis,Lontra longicaudis,Lontra longicaudis,Lontra,Mustelidae,4,Alto
2579,Lontra longicaudis,Lontra longicaudis,Lontra longicaudis,Leopardus wiedii,Crypturellus obsoletus,Lontra longicaudis,Lontra longicaudis,Lontra longicaudis,Lontra longicaudis,Lontra longicaudis,Lontra longicaudis,Lontra longicaudis,Lontra,Mustelidae,4,Alto
2581,Lontra longicaudis,Lontra longicaudis,Pipile jacutinga,Lontra longicaudis,Lontra longicaudis,Lontra longicaudis,Lontra longicaudis,Lontra longicaudis,Pipile jacutinga,Pipile jacutinga,Pipile jacutinga,Lontra longicaudis,Lontra,Mustelidae,4,Alto
2582,Myrmecophaga tridactyla,Lycalopex gymnocerca,Eira barbara,Eira barbara,Lycalopex gymnocerca,Myrmecophaga tridactyla,Lycalopex gymnocerca,Lycalopex gymnocerca,Eira barbara,Eira barbara,Eira barbara,Lycalopex gymnocerca,Myrmecophaga,Myrmecophagidae,3,Medio
2583,Myrmecophaga tridactyla,Myrmecophaga tridactyla,Galictis cuja,Eira barbara,Dasypus novemcinctus,Myrmecophaga tridactyla,Myrmecophaga tridactyla,Galictis cuja,Galictis cuja,Galictis cuja,Galictis cuja,Myrmecophaga tridactyla,Myrmecophaga,Myrmecophagidae,3,Medio
2584,Myrmecophaga tridactyla,Eira barbara,Pecari tajacu,Eira barbara,Baryphthengus ruficapillus,Myrmecophaga tridactyla,Eira barbara,Eira barbara,Pecari tajacu,Pecari tajacu,Pecari tajacu,Tayassu pecari,Myrmecophaga,Myrmecophagidae,3,Medio
2585,Myrmecophaga tridactyla,Myrmecophaga tridactyla,Myrmecophaga tridactyla,Galictis cuja,Myrmecophaga tridactyla,Myrmecophaga tridactyla,Myrmecophaga tridactyla,Myrmecophaga tridactyla,Myrmecophaga tridactyla,Myrmecophaga tridactyla,Myrmecophaga tridactyla,Myrmecophaga tridactyla,Myrmecophaga,Myrmecophagidae,3,Medio
2586,Myrmecophaga tridactyla,Myrmecophaga tridactyla,Eira barbara,Cuniculus paca,Cuniculus paca,Myrmecophaga tridactyla,Myrmecophaga tridactyla,Myrmecophaga tridactyla,Eira barbara,Eira barbara,Eira barbara,Myrmecophaga tridactyla,Myrmecophaga,Myrmecophagidae,3,Medio
2587,Myrmecophaga tridactyla,Myrmecophaga tridactyla,Sus scrofa,Sus scrofa,Sus scrofa,Myrmecophaga tridactyla,Myrmecophaga tridactyla,Tamandua tetradactyla,Sus scrofa,Sus scrofa,Sus scrofa,Myrmecophaga tridactyla,Myrmecophaga,Myrmecophagidae,3,Medio
2588,Myrmecophaga tridactyla,Myrmecophaga tridactyla,Dasyprocta azarae,Dasyprocta azarae,Myrmecophaga tridactyla,Myrmecophaga tridactyla,Eira barbara,Dasypus novemcinctus,Dasyprocta azarae,Dasyprocta azarae,Dasyprocta azarae,Myrmecophaga tridactyla,Myrmecophaga,Myrmecophagidae,3,Medio
2589,Myrmecophaga tridactyla,Lepus europaeus,Myrmecophaga tridactyla,Eira barbara,Eira barbara,Myrmecophaga tridactyla,Myrmecophaga tridactyla,Lepus europaeus,Myrmecophaga tridactyla,Myrmecophaga tridactyla,Myrmecophaga tridactyla,Lepus europaeus,Myrmecophaga,Myrmecophagidae,3,Medio
2590,Myrmecophaga tridactyla,Eira barbara,Sapajus nigritus,Eira barbara,Eira barbara,Myrmecophaga tridactyla,Eira barbara,Eira barbara,Sapajus nigritus,Sapajus nigritus,Sapajus nigritus,Eira barbara,Myrmecophaga,Myrmecophagidae,3,Medio
2591,Myrmecophaga tridactyla,Lepus europaeus,Subulo gouazoubira,Leopardus wiedii,Leopardus wiedii,Lepus europaeus,Lepus europaeus,Subulo gouazoubira,Subulo gouazoubira,Subulo gouazoubira,Subulo gouazoubira,Lepus europaeus,Myrmecophaga,Myrmecophagidae,3,Medio
2592,Myrmecophaga tridactyla,Myrmecophaga tridactyla,Myrmecophaga tridactyla,Myrmecophaga tridactyla,Myrmecophaga tridactyla,Myrmecophaga tridactyla,Myrmecophaga tridactyla,Pecari tajacu,Myrmecophaga tridactyla,Myrmecophaga tridactyla,Myrmecophaga tridactyla,Myrmecophaga tridactyla,Myrmecophaga,Myrmecophagidae,3,Medio
2593,Myrmecophaga tridactyla,Subulo gouazoubira,Subulo gouazoubira,Hydrochoerus hydrochaeris,Axis axis,Subulo gouazoubira,Subulo gouazoubira,Subulo gouazoubira,Subulo gouazoubira,Subulo gouazoubira,Subulo gouazoubira,Axis axis,Myrmecophaga,Myrmecophagidae,3,Medio
2594,Myrmecophaga tridactyla,Myrmecophaga tridactyla,Sus scrofa,Hydrochoerus hydrochaeris,Myrmecophaga tridactyla,Myrmecophaga tridactyla,Myrmecophaga tridactyla,Myrmecophaga tridactyla,Sus scrofa,Sus scrofa,Sus scrofa,Myrmecophaga tridactyla,Myrmecophaga,Myrmecophagidae,3,Medio
2595,Myrmecophaga tridactyla,Galictis cuja,Galictis cuja,Cerdocyon thous,Galictis cuja,Myrmecophaga tridactyla,Galictis cuja,Galictis cuja,Galictis cuja,Galictis cuja,Galictis cuja,Galictis cuja,Myrmecophaga,Myrmecophagidae,3,Medio
2596,Myrmecophaga tridactyla,Myrmecophaga tridactyla,Penelope superciliaris,Euphractus sexcinctus,Crypturellus obsoletus,Myrmecophaga tridactyla,Hydrochoerus hydrochaeris,Hydrochoerus hydrochaeris,Penelope superciliaris,Penelope superciliaris,Penelope superciliaris,Myrmecophaga tridactyla,Myrmecophaga,Myrmecophagidae,3,Medio
2598,Myrmecophaga tridactyla,Herpailurus yagouaroundi,Herpailurus yagouaroundi,Herpailurus yagouaroundi,Herpailurus yagouaroundi,Penelope superciliaris,Tamandua tetradactyla,Galictis cuja,Herpailurus yagouaroundi,Herpailurus yagouaroundi,Herpailurus yagouaroundi,Herpailurus yagouaroundi,Myrmecophaga,Myrmecophagidae,3,Medio
2599,Myrmecophaga tridactyla,Myrmecophaga tridactyla,Subulo gouazoubira,Cerdocyon thous,Cerdocyon thous,Myrmecophaga tridactyla,Cerdocyon thous,Cerdocyon thous,Subulo gouazoubira,Subulo gouazoubira,Subulo gouazoubira,Myrmecophaga tridactyla,Myrmecophaga,Myrmecophagidae,3,Medio
2600,Myrmecophaga tridactyla,Sus scrofa,Sus scrofa,Sus scrofa,Sus scrofa,Myrmecophaga tridactyla,Sus scrofa,Sus scrofa,Sus scrofa,Sus scrofa,Sus scrofa,Sus scrofa,Myrmecophaga,Myrmecophagidae,3,Medio
2601,Myrmecophaga tridactyla,Sus scrofa,Lycalopex gymnocerca,Lycalopex gymnocerca,Lycalopex gymnocerca,Myrmecophaga tridactyla,Sus scrofa,Sus scrofa,Lycalopex gymnocerca,Lycalopex gymnocerca,Lycalopex gymnocerca,Sus scrofa,Myrmecophaga,Myrmecophagidae,3,Medio
2603,Myrmecophaga tridactyla,Myrmecophaga tridactyla,Myrmecophaga tridactyla,Eira barbara,Myrmecophaga tridactyla,Myrmecophaga tridactyla,Myrmecophaga tridactyla,Sus scrofa,Myrmecophaga tridactyla,Myrmecophaga tridactyla,Myrmecophaga tridactyla,Myrmecophaga tridactyla,Myrmecophaga,Myrmecophagidae,3,Medio
2604,Myrmecophaga tridactyla,Tayassu pecari,Myrmecophaga tridactyla,Myrmecophaga tridactyla,Myrmecophaga tridactyla,Myrmecophaga tridactyla,Myrmecophaga tridactyla,Myrmecophaga tridactyla,Myrmecophaga tridactyla,Myrmecophaga tridactyla,Myrmecophaga tridactyla,Tayassu pecari,Myrmecophaga,Myrmecophagidae,3,Medio
2605,Myrmecophaga tridactyla,Tamandua tetradactyla,Myrmecophaga tridactyla,Myrmecophaga tridactyla,Tamandua tetradactyla,Tamandua tetradactyla,Tamandua tetradactyla,Lontra longicaudis,Myrmecophaga tridactyla,Myrmecophaga tridactyla,Myrmecophaga tridactyla,Tamandua tetradactyla,Myrmecophaga,Myrmecophagidae,3,Medio
2606,Myrmecophaga tridactyla,Myrmecophaga tridactyla,Tamandua tetradactyla,Dasypus novemcinctus,Myrmecophaga tridactyla,Myrmecophaga tridactyla,Myrmecophaga tridactyla,Myrmecophaga tridactyla,Tamandua tetradactyla,Tamandua tetradactyla,Tamandua tetradactyla,Myrmecophaga tridactyla,Myrmecophaga,Myrmecophagidae,3,Medio
2607,Myrmecophaga tridactyla,Myrmecophaga tridactyla,Myrmecophaga tridactyla,Myrmecophaga tridactyla,Myrmecophaga tridactyla,Myrmecophaga tridactyla,Myrmecophaga tridactyla,Myrmecophaga tridactyla,Myrmecophaga tridactyla,Myrmecophaga tridactyla,Myrmecophaga tridactyla,Myrmecophaga tridactyla,Myrmecophaga,Myrmecophagidae,3,Medio
2608,Myrmecophaga tridactyla,Hydrochoerus hydrochaeris,Myrmecophaga tridactyla,Galictis cuja,Galictis cuja,Myrmecophaga tridactyla,Galictis cuja,Hydrochoerus hydrochaeris,Myrmecophaga tridactyla,Myrmecophaga tridactyla,Myrmecophaga tridactyla,Hydrochoerus hydrochaeris,Myrmecophaga,Myrmecophagidae,3,Medio
2609,Myrmecophaga tridactyla,Myrmecophaga tridactyla,Myrmecophaga tridactyla,Myrmecophaga tridactyla,Myrmecophaga tridactyla,Myrmecophaga tridactyla,Myrmecophaga tridactyla,Myrmecophaga tridactyla,Myrmecophaga tridactyla,Myrmecophaga tridactyla,Myrmecophaga tridactyla,Myrmecophaga tridactyla,Myrmecophaga,Myrmecophagidae,3,Medio
2610,Myrmecophaga tridactyla,Myrmecophaga tridactyla,Myrmecophaga tridactyla,Myrmecophaga tridactyla,Myrmecophaga tridactyla,Myrmecophaga tridactyla,Myrmecophaga tridactyla,Myrmecophaga tridactyla,Myrmecophaga tridactyla,Myrmecophaga tridactyla,Myrmecophaga tridactyla,Myrmecophaga tridactyla,Myrmecophaga,Myrmecophagidae,3,Medio
2611,Myrmecophaga tridactyla,Myrmecophaga tridactyla,Tamandua tetradactyla,Tamandua tetradactyla,Myrmecophaga tridactyla,Myrmecophaga tridactyla,Myrmecophaga tridactyla,Myrmecophaga tridactyla,Tamandua tetradactyla,Tamandua tetradactyla,Tamandua tetradactyla,Myrmecophaga tridactyla,Myrmecophaga,Myrmecophagidae,3,Medio
2612,Myrmecophaga tridactyla,Myrmecophaga tridactyla,Myrmecophaga tridactyla,Myrmecophaga tridactyla,Myrmecophaga tridactyla,Myrmecophaga tridactyla,Myrmecophaga tridactyla,Myrmecophaga tridactyla,Myrmecophaga tridactyla,Myrmecophaga tridactyla,Myrmecophaga tridactyla,Myrmecophaga tridactyla,Myrmecophaga,Myrmecophagidae,3,Medio
2613,Myrmecophaga tridactyla,Myrmecophaga tridactyla,Myrmecophaga tridactyla,Myrmecophaga tridactyla,Cuniculus paca,Myrmecophaga tridactyla,Myrmecophaga tridactyla,Myrmecophaga tridactyla,Myrmecophaga tridactyla,Myrmecophaga tridactyla,Myrmecophaga tridactyla,Myrmecophaga tridactyla,Myrmecophaga,Myrmecophagidae,3,Medio
2614,Myrmecophaga tridactyla,Myrmecophaga tridactyla,Cuniculus paca,Cuniculus paca,Cuniculus paca,Myrmecophaga tridactyla,Cerdocyon thous,Myrmecophaga tridactyla,Cuniculus paca,Cuniculus paca,Cuniculus paca,Cuniculus paca,Myrmecophaga,Myrmecophagidae,3,Medio
2617,Myrmecophaga tridactyla,Panthera onca,Pecari tajacu,Leopardus guttulus,Leopardus guttulus,Myrmecophaga tridactyla,Myrmecophaga tridactyla,Galictis cuja,Pecari tajacu,Pecari tajacu,Pecari tajacu,Puma concolor,Myrmecophaga,Myrmecophagidae,3,Medio
2618,Myrmecophaga tridactyla,Myrmecophaga tridactyla,Myrmecophaga tridactyla,Myrmecophaga tridactyla,Myrmecophaga tridactyla,Myrmecophaga tridactyla,Myrmecophaga tridactyla,Myrmecophaga tridactyla,Myrmecophaga tridactyla,Myrmecophaga tridactyla,Myrmecophaga tridactyla,Myrmecophaga tridactyla,Myrmecophaga,Myrmecophagidae,3,Medio
2620,Myrmecophaga tridactyla,Tayassu pecari,Eira barbara,Eira barbara,Eira barbara,Myrmecophaga tridactyla,Eira barbara,Eira barbara,Eira barbara,Eira barbara,Eira barbara,Tayassu pecari,Myrmecophaga,Myrmecophagidae,3,Medio
2621,Myrmecophaga tridactyla,Myrmecophaga tridactyla,Myrmecophaga tridactyla,Myrmecophaga tridactyla,Myrmecophaga tridactyla,Myrmecophaga tridactyla,Myrmecophaga tridactyla,Myrmecophaga tridactyla,Myrmecophaga tridactyla,Myrmecophaga tridactyla,Myrmecophaga tridactyla,Myrmecophaga tridactyla,Myrmecophaga,Myrmecophagidae,3,Medio
2622,Myrmecophaga tridactyla,Myrmecophaga tridactyla,Eira barbara,Eira barbara,Tamandua tetradactyla,Myrmecophaga tridactyla,Myrmecophaga tridactyla,Myrmecophaga tridactyla,Eira barbara,Eira barbara,Eira barbara,Myrmecophaga tridactyla,Myrmecophaga,Myrmecophagidae,3,Medio
2626,Myrmecophaga tridactyla,Myrmecophaga tridactyla,Myrmecophaga tridactyla,Myrmecophaga tridactyla,Myrmecophaga tridactyla,Myrmecophaga tridactyla,Myrmecophaga tridactyla,Eira barbara,Myrmecophaga tridactyla,Myrmecophaga tridactyla,Myrmecophaga tridactyla,Myrmecophaga tridactyla,Myrmecophaga,Myrmecophagidae,3,Medio
2627,Myrmecophaga tridactyla,Sapajus nigritus,Myrmecophaga tridactyla,Myrmecophaga tridactyla,Myrmecophaga tridactyla,Myrmecophaga tridactyla,Sapajus nigritus,Nasua nasua,Myrmecophaga tridactyla,Myrmecophaga tridactyla,Myrmecophaga tridactyla,Tayassu pecari,Myrmecophaga,Myrmecophagidae,3,Medio
2629,Myrmecophaga tridactyla,Myrmecophaga tridactyla,Myrmecophaga tridactyla,Eira barbara,Lycalopex gymnocerca,Myrmecophaga tridactyla,Myrmecophaga tridactyla,Myrmecophaga tridactyla,Myrmecophaga tridactyla,Myrmecophaga tridactyla,Myrmecophaga tridactyla,Myrmecophaga tridactyla,Myrmecophaga,Myrmecophagidae,3,Medio
2630,Myrmecophaga tridactyla,Myrmecophaga tridactyla,Sus scrofa,Lycalopex gymnocerca,Sus scrofa,Myrmecophaga tridactyla,Myrmecophaga tridactyla,Myrmecophaga tridactyla,Sus scrofa,Sus scrofa,Sus scrofa,Myrmecophaga tridactyla,Myrmecophaga,Myrmecophagidae,3,Medio
2632,Myrmecophaga tridactyla,Didelphis aurita,Nasua nasua,Myrmecophaga tridactyla,Didelphis aurita,Eira barbara,Didelphis aurita,Didelphis aurita,Nasua nasua,Nasua nasua,Nasua nasua,Nasua nasua,Myrmecophaga,Myrmecophagidae,3,Medio
2633,Myrmecophaga tridactyla,Sus scrofa,Lepus europaeus,Lepus europaeus,Sus scrofa,Myrmecophaga tridactyla,Sus scrofa,Myrmecophaga tridactyla,Lepus europaeus,Lepus europaeus,Lepus europaeus,Sus scrofa,Myrmecophaga,Myrmecophagidae,3,Medio
2634,Myrmecophaga tridactyla,Myrmecophaga tridactyla,Myrmecophaga tridactyla,Eira barbara,Subulo gouazoubira,Myrmecophaga tridactyla,Myrmecophaga tridactyla,Myrmecophaga tridactyla,Myrmecophaga tridactyla,Myrmecophaga tridactyla,Myrmecophaga tridactyla,Myrmecophaga tridactyla,Myrmecophaga,Myrmecophagidae,3,Medio
2636,Myrmecophaga tridactyla,Myrmecophaga tridactyla,Myrmecophaga tridactyla,Myrmecophaga tridactyla,Myrmecophaga tridactyla,Myrmecophaga tridactyla,Myrmecophaga tridactyla,Myrmecophaga tridactyla,Myrmecophaga tridactyla,Myrmecophaga tridactyla,Myrmecophaga tridactyla,Myrmecophaga tridactyla,Myrmecophaga,Myrmecophagidae,3,Medio
2637,Myrmecophaga tridactyla,Eira barbara,Eira barbara,Eira barbara,Aramides saracura,Eira barbara,Aramides saracura,Eira barbara,Eira barbara,Eira barbara,Eira barbara,Eira barbara,Myrmecophaga,Myrmecophagidae,3,Medio
2638,Tamandua tetradactyla,Sapajus nigritus,Myrmecophaga tridactyla,Baryphthengus ruficapillus,Baryphthengus ruficapillus,Sapajus nigritus,Sapajus nigritus,Alouatta guariba clamitans,Myrmecophaga tridactyla,Myrmecophaga tridactyla,Myrmecophaga tridactyla,Sapajus nigritus,Tamandua,Myrmecophagidae,2,Bajo
2640,Tamandua tetradactyla,Tamandua tetradactyla,Lontra longicaudis,Lontra longicaudis,Lontra longicaudis,Tamandua tetradactyla,Galictis cuja,Galictis cuja,Lontra longicaudis,Lontra longicaudis,Lontra longicaudis,Tamandua tetradactyla,Tamandua,Myrmecophagidae,2,Bajo
2641,Tamandua tetradactyla,Tamandua tetradactyla,Lontra longicaudis,Cerdocyon thous,Lontra longicaudis,Tamandua tetradactyla,Tamandua tetradactyla,Didelphis aurita,Lontra longicaudis,Lontra longicaudis,Lontra longicaudis,Tamandua tetradactyla,Tamandua,Myrmecophagidae,2,Bajo
2642,Tamandua tetradactyla,Tamandua tetradactyla,Tamandua tetradactyla,Dasyprocta azarae,Dasyprocta azarae,Tamandua tetradactyla,Dasyprocta azarae,Dasyprocta azarae,Tamandua tetradactyla,Tamandua tetradactyla,Tamandua tetradactyla,Tamandua tetradactyla,Tamandua,Myrmecophagidae,2,Bajo
2643,Tamandua tetradactyla,Tamandua tetradactyla,Procyon cancrivorus,Tamandua tetradactyla,Tamandua tetradactyla,Tamandua tetradactyla,Galictis cuja,Tamandua tetradactyla,Procyon cancrivorus,Procyon cancrivorus,Procyon cancrivorus,Tamandua tetradactyla,Tamandua,Myrmecophagidae,2,Bajo
2645,Tamandua tetradactyla,Tamandua tetradactyla,Lontra longicaudis,Lontra longicaudis,Lontra longicaudis,Tamandua tetradactyla,Galictis cuja,Cerdocyon thous,Lontra longicaudis,Lontra longicaudis,Lontra longicaudis,Tamandua tetradactyla,Tamandua,Myrmecophagidae,2,Bajo
2647,Tamandua tetradactyla,Tamandua tetradactyla,Sylvilagus brasiliensis,Nasua nasua,Lontra longicaudis,Tamandua tetradactyla,Tamandua tetradactyla,Nasua nasua,Sylvilagus brasiliensis,Sylvilagus brasiliensis,Sylvilagus brasiliensis,Tamandua tetradactyla,Tamandua,Myrmecophagidae,2,Bajo
2648,Tamandua tetradactyla,Tamandua tetradactyla,Tamandua tetradactyla,Lontra longicaudis,Didelphis aurita,Tamandua tetradactyla,Tamandua tetradactyla,Tamandua tetradactyla,Tamandua tetradactyla,Tamandua tetradactyla,Tamandua tetradactyla,Tamandua tetradactyla,Tamandua,Myrmecophagidae,2,Bajo
2649,Tamandua tetradactyla,Tamandua tetradactyla,Nasua nasua,Didelphis albiventris,Nasua nasua,Tamandua tetradactyla,Nasua nasua,Nasua nasua,Nasua nasua,Nasua nasua,Nasua nasua,Tamandua tetradactyla,Tamandua,Myrmecophagidae,2,Bajo
2650,Tamandua tetradactyla,Eira barbara,Herpailurus yagouaroundi,Herpailurus yagouaroundi,Herpailurus yagouaroundi,Nasua nasua,Eira barbara,Eira barbara,Herpailurus yagouaroundi,Herpailurus yagouaroundi,Herpailurus yagouaroundi,Eira barbara,Tamandua,Myrmecophagidae,2,Bajo
2651,Tamandua tetradactyla,Tamandua tetradactyla,Tamandua tetradactyla,Nasua nasua,Nasua nasua,Tamandua tetradactyla,Didelphis aurita,Tamandua tetradactyla,Tamandua tetradactyla,Tamandua tetradactyla,Tamandua tetradactyla,Tamandua tetradactyla,Tamandua,Myrmecophagidae,2,Bajo
2652,Tamandua tetradactyla,Eira barbara,Eira barbara,Eira barbara,Eira barbara,Eira barbara,Eira barbara,Eira barbara,Eira barbara,Eira barbara,Eira barbara,Eira barbara,Tamandua,Myrmecophagidae,2,Bajo
2653,Tamandua tetradactyla,Myrmecophaga tridactyla,Didelphis albiventris,Didelphis albiventris,Dasypus novemcinctus,Myrmecophaga tridactyla,Cerdocyon thous,Myrmecophaga tridactyla,Didelphis albiventris,Didelphis albiventris,Didelphis albiventris,Procyon cancrivorus,Tamandua,Myrmecophagidae,2,Bajo
2654,Tamandua tetradactyla,Didelphis albiventris,Penelope superciliaris,Didelphis albiventris,Didelphis albiventris,Didelphis albiventris,Didelphis albiventris,Didelphis albiventris,Penelope superciliaris,Penelope superciliaris,Penelope superciliaris,Didelphis albiventris,Tamandua,Myrmecophagidae,2,Bajo
2655,Tamandua tetradactyla,Eira barbara,Eira barbara,Eira barbara,Aramides saracura,Tamandua tetradactyla,Eira barbara,Eira barbara,Eira barbara,Eira barbara,Eira barbara,Eira barbara,Tamandua,Myrmecophagidae,2,Bajo
2656,Tamandua tetradactyla,Myrmecophaga tridactyla,Tamandua tetradactyla,Tamandua tetradactyla,Tamandua tetradactyla,Tamandua tetradactyla,Myrmecophaga tridactyla,Tamandua tetradactyla,Tamandua tetradactyla,Tamandua tetradactyla,Tamandua tetradactyla,Myrmecophaga tridactyla,Tamandua,Myrmecophagidae,2,Bajo
2658,Tamandua tetradactyla,Tamandua tetradactyla,Tamandua tetradactyla,Herpailurus yagouaroundi,Tamandua tetradactyla,Tamandua tetradactyla,Tamandua tetradactyla,Dasypus novemcinctus,Tamandua tetradactyla,Tamandua tetradactyla,Tamandua tetradactyla,Tamandua tetradactyla,Tamandua,Myrmecophagidae,2,Bajo
2659,Tamandua tetradactyla,Puma concolor,Cuniculus paca,Cuniculus paca,Cuniculus paca,Leopardus guttulus,Cerdocyon thous,Leopardus guttulus,Cuniculus paca,Cuniculus paca,Cuniculus paca,Puma concolor,Tamandua,Myrmecophagidae,2,Bajo
2660,Tamandua tetradactyla,Galictis cuja,Lontra longicaudis,Herpailurus yagouaroundi,Cerdocyon thous,Tamandua tetradactyla,Galictis cuja,Galictis cuja,Lontra longicaudis,Lontra longicaudis,Lontra longicaudis,Galictis cuja,Tamandua,Myrmecophagidae,2,Bajo
2661,Tamandua tetradactyla,Dasyprocta azarae,Nasua nasua,Galictis cuja,Crypturellus tataupa,Nyctidromus albicollis,Dasyprocta azarae,Galictis cuja,Nasua nasua,Nasua nasua,Nasua nasua,Dasyprocta azarae,Tamandua,Myrmecophagidae,2,Bajo
2662,Tamandua tetradactyla,Tamandua tetradactyla,Tamandua tetradactyla,Puma concolor concolor,Leopardus wiedii,Tamandua tetradactyla,Tamandua tetradactyla,Tamandua tetradactyla,Tamandua tetradactyla,Tamandua tetradactyla,Tamandua tetradactyla,Tamandua tetradactyla,Tamandua,Myrmecophagidae,2,Bajo
2663,Tamandua tetradactyla,Tamandua tetradactyla,Myrmecophaga tridactyla,Cerdocyon thous,Cerdocyon thous,Tamandua tetradactyla,Galictis cuja,Hydrochoerus hydrochaeris,Myrmecophaga tridactyla,Myrmecophaga tridactyla,Myrmecophaga tridactyla,Galictis cuja,Tamandua,Myrmecophagidae,2,Bajo
2665,Tamandua tetradactyla,Tamandua tetradactyla,Lontra longicaudis,Didelphis aurita,Lontra longicaudis,Tamandua tetradactyla,Tamandua tetradactyla,Tamandua tetradactyla,Lontra longicaudis,Lontra longicaudis,Lontra longicaudis,Tamandua tetradactyla,Tamandua,Myrmecophagidae,2,Bajo
2666,Tamandua tetradactyla,Tamandua tetradactyla,Tamandua tetradactyla,Tamandua tetradactyla,Tamandua tetradactyla,Tamandua tetradactyla,Galictis cuja,Tamandua tetradactyla,Tamandua tetradactyla,Tamandua tetradactyla,Tamandua tetradactyla,Tamandua tetradactyla,Tamandua,Myrmecophagidae,2,Bajo
2668,Tamandua tetradactyla,Didelphis aurita,Pecari tajacu,Kannabateomys amblyonyx,Alouatta caraya,Tamandua tetradactyla,Didelphis aurita,Didelphis aurita,Pecari tajacu,Pecari tajacu,Pecari tajacu,Didelphis aurita,Tamandua,Myrmecophagidae,2,Bajo
2670,Tamandua tetradactyla,Tamandua tetradactyla,Cerdocyon thous,Cerdocyon thous,Cerdocyon thous,Tamandua tetradactyla,Galictis cuja,Tamandua tetradactyla,Cerdocyon thous,Cerdocyon thous,Cerdocyon thous,Tamandua tetradactyla,Tamandua,Myrmecophagidae,2,Bajo
2671,Tamandua tetradactyla,Tamandua tetradactyla,Tamandua tetradactyla,Galictis cuja,Didelphis aurita,Tamandua tetradactyla,Tamandua tetradactyla,Didelphis aurita,Tamandua tetradactyla,Tamandua tetradactyla,Tamandua tetradactyla,Tamandua tetradactyla,Tamandua,Myrmecophagidae,2,Bajo
2672,Tamandua tetradactyla,Pyriglena leucoptera,Salvator merianae,Cuniculus paca,Cuniculus paca,Sylvilagus brasiliensis,Didelphis albiventris,Tachyphonus coronatus,Salvator merianae,Salvator merianae,Salvator merianae,Pyriglena leucoptera,Tamandua,Myrmecophagidae,2,Bajo
2673,Tamandua tetradactyla,Procyon cancrivorus,Tinamus solitarius,Cerdocyon thous,Cerdocyon thous,Tamandua tetradactyla,Cerdocyon thous,Cerdocyon thous,Tinamus solitarius,Tinamus solitarius,Tinamus solitarius,Procyon cancrivorus,Tamandua,Myrmecophagidae,2,Bajo
2674,Tamandua tetradactyla,Dasyprocta azarae,Dasyprocta azarae,Dasyprocta azarae,Dasyprocta azarae,Tamandua tetradactyla,Dasyprocta azarae,Myrmecophaga tridactyla,Dasyprocta azarae,Dasyprocta azarae,Dasyprocta azarae,Dasyprocta azarae,Tamandua,Myrmecophagidae,2,Bajo
2676,Tamandua tetradactyla,Dasyprocta azarae,Cerdocyon thous,Cerdocyon thous,Cerdocyon thous,Didelphis aurita,Dasyprocta azarae,Galictis cuja,Cerdocyon thous,Cerdocyon thous,Cerdocyon thous,Dasyprocta azarae,Tamandua,Myrmecophagidae,2,Bajo
2677,Tamandua tetradactyla,Tamandua tetradactyla,Leopardus wiedii,Galictis cuja,Galictis cuja,Tamandua tetradactyla,Galictis cuja,Cerdocyon thous,Leopardus wiedii,Leopardus wiedii,Leopardus wiedii,Tamandua tetradactyla,Tamandua,Myrmecophagidae,2,Bajo
2678,Tamandua tetradactyla,Eira barbara,Eira barbara,Didelphis albiventris,Didelphis albiventris,Tamandua tetradactyla,Eira barbara,Cerdocyon thous,Eira barbara,Eira barbara,Eira barbara,Eira barbara,Tamandua,Myrmecophagidae,2,Bajo
2681,Tamandua tetradactyla,Tamandua tetradactyla,Eira barbara,Eira barbara,Eira barbara,Tamandua tetradactyla,Tamandua tetradactyla,Pecari tajacu,Eira barbara,Eira barbara,Eira barbara,Tamandua tetradactyla,Tamandua,Myrmecophagidae,2,Bajo
2682,Tamandua tetradactyla,Myrmecophaga tridactyla,Sus scrofa,Sus scrofa,Sus scrofa,Myrmecophaga tridactyla,Myrmecophaga tridactyla,Myrmecophaga tridactyla,Sus scrofa,Sus scrofa,Sus scrofa,Myrmecophaga tridactyla,Tamandua,Myrmecophagidae,2,Bajo
2683,Tamandua tetradactyla,Tamandua tetradactyla,Cerdocyon thous,Cerdocyon thous,Cerdocyon thous,Tamandua tetradactyla,Tamandua tetradactyla,Tamandua tetradactyla,Cerdocyon thous,Cerdocyon thous,Cerdocyon thous,Tamandua tetradactyla,Tamandua,Myrmecophagidae,2,Bajo
2684,Tamandua tetradactyla,Tamandua tetradactyla,Sylvilagus brasiliensis,Galictis cuja,Tamandua tetradactyla,Tamandua tetradactyla,Tamandua tetradactyla,Tamandua tetradactyla,Sylvilagus brasiliensis,Sylvilagus brasiliensis,Sylvilagus brasiliensis,Tamandua tetradactyla,Tamandua,Myrmecophagidae,2,Bajo
2686,Tamandua tetradactyla,Galictis cuja,Tamandua tetradactyla,Herpailurus yagouaroundi,Didelphis aurita,Tamandua tetradactyla,Galictis cuja,Tamandua tetradactyla,Tamandua tetradactyla,Tamandua tetradactyla,Tamandua tetradactyla,Sylvilagus brasiliensis,Tamandua,Myrmecophagidae,2,Bajo
2687,Tamandua tetradactyla,Cuniculus paca,Cuniculus paca,Cerdocyon thous,Cerdocyon thous,Myrmecophaga tridactyla,Cerdocyon thous,Cerdocyon thous,Cuniculus paca,Cuniculus paca,Cuniculus paca,Cuniculus paca,Tamandua,Myrmecophagidae,2,Bajo
2688,Tamandua tetradactyla,Procyon cancrivorus,Didelphis albiventris,Cerdocyon thous,Cerdocyon thous,Tamandua tetradactyla,Cerdocyon thous,Procyon cancrivorus,Didelphis albiventris,Didelphis albiventris,Didelphis albiventris,Procyon cancrivorus,Tamandua,Myrmecophagidae,2,Bajo
2689,Tamandua tetradactyla,Euphractus sexcinctus,Galictis cuja,Dasypus novemcinctus,Tamandua tetradactyla,Tamandua tetradactyla,Galictis cuja,Galictis cuja,Galictis cuja,Galictis cuja,Galictis cuja,Euphractus sexcinctus,Tamandua,Myrmecophagidae,2,Bajo
2690,Tamandua tetradactyla,Cerdocyon thous,Tamandua tetradactyla,Cerdocyon thous,Tamandua tetradactyla,Tamandua tetradactyla,Cerdocyon thous,Tamandua tetradactyla,Tamandua tetradactyla,Tamandua tetradactyla,Tamandua tetradactyla,Cerdocyon thous,Tamandua,Myrmecophagidae,2,Bajo
2691,Tamandua tetradactyla,Galictis cuja,Lontra longicaudis,Lontra longicaudis,Lontra longicaudis,Tamandua tetradactyla,Galictis cuja,Tamandua tetradactyla,Lontra longicaudis,Lontra longicaudis,Lontra longicaudis,Galictis cuja,Tamandua,Myrmecophagidae,2,Bajo
2692,Tamandua tetradactyla,Galictis cuja,Tamandua tetradactyla,Dasypus novemcinctus,Cerdocyon thous,Tamandua tetradactyla,Galictis cuja,Tamandua tetradactyla,Tamandua tetradactyla,Tamandua tetradactyla,Tamandua tetradactyla,Galictis cuja,Tamandua,Myrmecophagidae,2,Bajo
2693,Tamandua tetradactyla,Dasypus novemcinctus,Nasua nasua,Cuniculus paca,Cuniculus paca,Tamandua tetradactyla,Didelphis albiventris,Didelphis albiventris,Nasua nasua,Nasua nasua,Nasua nasua,Dasypus novemcinctus,Tamandua,Myrmecophagidae,2,Bajo
2694,Odontophorus capueira,Crypturellus obsoletus,Odontophorus capueira,Grallaria varia,Aramides saracura,Odontophorus capueira,Aramides saracura,Odontophorus capueira capueira,Odontophorus capueira,Odontophorus capueira,Odontophorus capueira,Crypturellus obsoletus,Odontophorus,Odontophoridae,5,Crítico
2696,Odontophorus capueira,Tinamus solitarius,Geotrygon montana,Crypturellus tataupa,Crypturellus tataupa,Tinamus solitarius,Penelope superciliaris,Baryphthengus ruficapillus,Geotrygon montana,Geotrygon montana,Geotrygon montana,Tinamus solitarius,Odontophorus,Odontophoridae,5,Crítico
2698,Odontophorus capueira,Odontophorus capueira capueira,Odontophorus capueira,Odontophorus capueira capueira,Odontophorus capueira capueira,Odontophorus capueira capueira,Odontophorus capueira,Odontophorus capueira capueira,Odontophorus capueira,Odontophorus capueira,Odontophorus capueira,Odontophorus capueira capueira,Odontophorus,Odontophoridae,5,Crítico
2699,Odontophorus capueira,Odontophorus capueira capueira,Odontophorus capueira capueira,Odontophorus capueira capueira,Odontophorus capueira capueira,Odontophorus capueira capueira,Odontophorus capueira,Odontophorus capueira,Odontophorus capueira capueira,Odontophorus capueira capueira,Odontophorus capueira capueira,Odontophorus capueira capueira,Odontophorus,Odontophoridae,5,Crítico
2700,Odontophorus capueira,Conopophaga lineata,Cryptopezus nattereri,Cryptopezus nattereri,Cryptopezus nattereri,Odontophorus capueira capueira,Hydropsalis torquata,Cyanoloxia brissonii,Cryptopezus nattereri,Cryptopezus nattereri,Cryptopezus nattereri,Conopophaga lineata,Odontophorus,Odontophoridae,5,Crítico
2701,Odontophorus capueira,Odontophorus capueira capueira,Odontophorus capueira capueira,Odontophorus capueira capueira,Odontophorus capueira,Odontophorus capueira capueira,Odontophorus capueira,Odontophorus capueira capueira,Odontophorus capueira capueira,Odontophorus capueira capueira,Odontophorus capueira capueira,Odontophorus capueira capueira,Odontophorus,Odontophoridae,5,Crítico
2702,Odontophorus capueira,Crypturellus tataupa,Penelope superciliaris,Dasyprocta azarae,Dasyprocta azarae,Penelope superciliaris,Galictis cuja,Galictis cuja,Penelope superciliaris,Penelope superciliaris,Penelope superciliaris,Crypturellus tataupa,Odontophorus,Odontophoridae,5,Crítico
2703,Odontophorus capueira,Odontophorus capueira,Odontophorus capueira,Odontophorus capueira,Odontophorus capueira,Odontophorus capueira,Odontophorus capueira,Odontophorus capueira,Odontophorus capueira,Odontophorus capueira,Odontophorus capueira,Odontophorus capueira,Odontophorus,Odontophoridae,5,Crítico
2704,Odontophorus capueira,Penelope superciliaris,Penelope superciliaris,Cyanoloxia brissonii,Mackenziaena severa,Penelope superciliaris,Penelope superciliaris,Mackenziaena severa,Penelope superciliaris,Penelope superciliaris,Penelope superciliaris,Penelope superciliaris,Odontophorus,Odontophoridae,5,Crítico
2705,Odontophorus capueira,Odontophorus capueira capueira,Odontophorus capueira,Odontophorus capueira capueira,Odontophorus capueira capueira,Odontophorus capueira capueira,Odontophorus capueira,Odontophorus capueira capueira,Odontophorus capueira,Odontophorus capueira,Odontophorus capueira,Odontophorus capueira capueira,Odontophorus,Odontophoridae,5,Crítico
2707,Odontophorus capueira,Odontophorus capueira capueira,Odontophorus capueira capueira,Odontophorus capueira capueira,Odontophorus capueira capueira,Odontophorus capueira capueira,Odontophorus capueira,Odontophorus capueira capueira,Odontophorus capueira capueira,Odontophorus capueira capueira,Odontophorus capueira capueira,Odontophorus capueira capueira,Odontophorus,Odontophoridae,5,Crítico
2708,Odontophorus capueira,Crypturellus obsoletus,Tamandua tetradactyla,Chamaeza campanisona,Chamaeza campanisona,Odontophorus capueira capueira,Aramides saracura,Penelope superciliaris,Tamandua tetradactyla,Tamandua tetradactyla,Tamandua tetradactyla,Odontophorus capueira,Odontophorus,Odontophoridae,5,Crítico
2709,Odontophorus capueira,Odontophorus capueira capueira,Odontophorus capueira capueira,Odontophorus capueira,Odontophorus capueira,Odontophorus capueira,Odontophorus capueira,Odontophorus capueira,Odontophorus capueira capueira,Odontophorus capueira capueira,Odontophorus capueira capueira,Odontophorus capueira capueira,Odontophorus,Odontophoridae,5,Crítico
2710,Odontophorus capueira,Crypturellus tataupa,Crypturellus obsoletus,Crypturellus obsoletus,Crypturellus obsoletus,Tinamus solitarius,Tinamus solitarius,Crypturellus obsoletus,Crypturellus obsoletus,Crypturellus obsoletus,Crypturellus obsoletus,Crypturellus tataupa,Odontophorus,Odontophoridae,5,Crítico
2712,Odontophorus capueira,Odontophorus capueira,Celeus galeatus,Celeus galeatus,Mackenziaena severa,Odontophorus capueira,Turdus albicollis,Mackenziaena severa,Celeus galeatus,Celeus galeatus,Celeus galeatus,Odontophorus capueira,Odontophorus,Odontophoridae,5,Crítico
2714,Odontophorus capueira,Odontophorus capueira,Eira barbara,Crypturellus tataupa,Crypturellus tataupa,Odontophorus capueira,Dasyprocta azarae,Odontophorus capueira,Eira barbara,Eira barbara,Eira barbara,Odontophorus capueira,Odontophorus,Odontophoridae,5,Crítico
2715,Odontophorus capueira,Geotrygon montana,Aramides saracura,Aramides saracura,Aramides saracura,Odontophorus capueira capueira,Leptotila rufaxilla,Odontophorus capueira capueira,Aramides saracura,Aramides saracura,Aramides saracura,Odontophorus capueira capueira,Odontophorus,Odontophoridae,5,Crítico
2717,Odontophorus capueira,Odontophorus capueira,Nyctidromus albicollis,Eira barbara,Eira barbara,Odontophorus capueira,Odontophorus capueira,Odontophorus capueira,Nyctidromus albicollis,Nyctidromus albicollis,Nyctidromus albicollis,Odontophorus capueira,Odontophorus,Odontophoridae,5,Crítico
2718,Odontophorus capueira,Penelope superciliaris,Dasyprocta azarae,Aramides saracura,Aramides saracura,Dasyprocta azarae,Penelope superciliaris,Penelope superciliaris,Dasyprocta azarae,Dasyprocta azarae,Dasyprocta azarae,Penelope superciliaris,Odontophorus,Odontophoridae,5,Crítico
2719,Odontophorus capueira,Pyriglena leucoptera,Geotrygon montana,Baryphthengus ruficapillus,Baryphthengus ruficapillus,Habia rubica,Habia rubica,Conopophaga lineata,Geotrygon montana,Geotrygon montana,Geotrygon montana,Pyriglena leucoptera,Odontophorus,Odontophoridae,5,Crítico
2720,Odontophorus capueira,Leptotila rufaxilla,Synallaxis ruficapilla,Crypturellus obsoletus,Crypturellus obsoletus,Cyanoloxia brissonii,Cyanoloxia brissonii,Mackenziaena severa,Synallaxis ruficapilla,Synallaxis ruficapilla,Synallaxis ruficapilla,Leptotila rufaxilla,Odontophorus,Odontophoridae,5,Crítico
2721,Odontophorus capueira,Strix virgata,Mackenziaena severa,Cyanoloxia brissonii,Cyanoloxia brissonii,Cyanoloxia brissonii,Cyanoloxia brissonii,Cyanoloxia brissonii,Mackenziaena severa,Mackenziaena severa,Mackenziaena severa,Strix virgata,Odontophorus,Odontophoridae,5,Crítico
2722,Odontophorus capueira,Mackenziaena severa,Mackenziaena severa,Celeus galeatus,Mackenziaena severa,Mackenziaena severa,Mackenziaena severa,Pyriglena leucoptera,Mackenziaena severa,Mackenziaena severa,Mackenziaena severa,Mackenziaena severa,Odontophorus,Odontophoridae,5,Crítico
2723,Odontophorus capueira,Grallaria varia,Odontophorus capueira capueira,Chamaeza campanisona,Chamaeza campanisona,Odontophorus capueira,Mackenziaena severa,Mackenziaena severa,Odontophorus capueira capueira,Odontophorus capueira capueira,Odontophorus capueira capueira,Grallaria varia,Odontophorus,Odontophoridae,5,Crítico
2725,Odontophorus capueira,Odontophorus capueira capueira,Odontophorus capueira capueira,Odontophorus capueira capueira,Odontophorus capueira capueira,Odontophorus capueira capueira,Odontophorus capueira,Odontophorus capueira,Odontophorus capueira capueira,Odontophorus capueira capueira,Odontophorus capueira capueira,Odontophorus capueira capueira,Odontophorus,Odontophoridae,5,Crítico
2726,Odontophorus capueira,Odontophorus capueira capueira,Odontophorus capueira,Cryptopezus nattereri,Odontophorus capueira,Odontophorus capueira capueira,Odontophorus capueira,Odontophorus capueira,Odontophorus capueira,Odontophorus capueira,Odontophorus capueira,Odontophorus capueira capueira,Odontophorus,Odontophoridae,5,Crítico
2727,Odontophorus capueira,Odontophorus capueira capueira,Odontophorus capueira capueira,Odontophorus capueira capueira,Odontophorus capueira capueira,Odontophorus capueira capueira,Odontophorus capueira,Odontophorus capueira capueira,Odontophorus capueira capueira,Odontophorus capueira capueira,Odontophorus capueira capueira,Odontophorus capueira capueira,Odontophorus,Odontophoridae,5,Crítico
2728,Odontophorus capueira,Odontophorus capueira capueira,Odontophorus capueira capueira,Odontophorus capueira capueira,Odontophorus capueira,Odontophorus capueira capueira,Hydropsalis torquata,Odontophorus capueira capueira,Odontophorus capueira capueira,Odontophorus capueira capueira,Odontophorus capueira capueira,Odontophorus capueira capueira,Odontophorus,Odontophoridae,5,Crítico
2729,Odontophorus capueira,Crypturellus tataupa,Penelope superciliaris,Cerdocyon thous,Cerdocyon thous,Dasyprocta azarae,Dasyprocta azarae,Penelope superciliaris,Penelope superciliaris,Penelope superciliaris,Penelope superciliaris,Crypturellus tataupa,Odontophorus,Odontophoridae,5,Crítico
2730,Odontophorus capueira,Odontophorus capueira capueira,Odontophorus capueira capueira,Odontophorus capueira capueira,Odontophorus capueira capueira,Odontophorus capueira capueira,Odontophorus capueira,Odontophorus capueira capueira,Odontophorus capueira capueira,Odontophorus capueira capueira,Odontophorus capueira capueira,Odontophorus capueira capueira,Odontophorus,Odontophoridae,5,Crítico
2731,Odontophorus capueira,Odontophorus capueira capueira,Odontophorus capueira capueira,Odontophorus capueira capueira,Odontophorus capueira capueira,Odontophorus capueira capueira,Odontophorus capueira,Odontophorus capueira capueira,Odontophorus capueira capueira,Odontophorus capueira capueira,Odontophorus capueira capueira,Odontophorus capueira capueira,Odontophorus,Odontophoridae,5,Crítico
2732,Odontophorus capueira,Grallaria varia,Grallaria varia,Grallaria varia,Chamaeza campanisona,Chamaeza campanisona,Odontophorus capueira,Chamaeza campanisona,Grallaria varia,Grallaria varia,Grallaria varia,Grallaria varia,Odontophorus,Odontophoridae,5,Crítico
2733,Odontophorus capueira,Chamaeza campanisona,Crypturellus tataupa,Odontophorus capueira capueira,Odontophorus capueira capueira,Myiothlypis leucoblephara,Tinamus solitarius,Odontophorus capueira capueira,Crypturellus tataupa,Crypturellus tataupa,Crypturellus tataupa,Chamaeza campanisona,Odontophorus,Odontophoridae,5,Crítico
2734,Odontophorus capueira,Odontophorus capueira capueira,Odontophorus capueira capueira,Odontophorus capueira capueira,Odontophorus capueira capueira,Odontophorus capueira capueira,Odontophorus capueira,Odontophorus capueira capueira,Odontophorus capueira capueira,Odontophorus capueira capueira,Odontophorus capueira capueira,Odontophorus capueira capueira,Odontophorus,Odontophoridae,5,Crítico
2735,Odontophorus capueira,Odontophorus capueira,Tinamus solitarius,Odontophorus capueira,Cryptopezus nattereri,Odontophorus capueira,Leptotila rufaxilla,Odontophorus capueira,Tinamus solitarius,Tinamus solitarius,Tinamus solitarius,Odontophorus capueira,Odontophorus,Odontophoridae,5,Crítico
2737,Odontophorus capueira,Odontophorus capueira,Odontophorus capueira,Odontophorus capueira,Odontophorus capueira,Odontophorus capueira,Odontophorus capueira,Odontophorus capueira,Odontophorus capueira,Odontophorus capueira,Odontophorus capueira,Odontophorus capueira,Odontophorus,Odontophoridae,5,Crítico
2740,Odontophorus capueira capueira,Odontophorus capueira capueira,Odontophorus capueira,Odontophorus capueira,Odontophorus capueira capueira,Odontophorus capueira capueira,Odontophorus capueira,Odontophorus capueira,Odontophorus capueira,Odontophorus capueira,Odontophorus capueira,Odontophorus capueira capueira,Odontophorus,Odontophoridae,5,Crítico
2741,Odontophorus capueira capueira,Crypturellus tataupa,Crypturellus tataupa,Crypturellus tataupa,Crypturellus tataupa,Crypturellus tataupa,Leptotila rufaxilla,Crypturellus tataupa,Crypturellus tataupa,Crypturellus tataupa,Crypturellus tataupa,Crypturellus tataupa,Odontophorus,Odontophoridae,5,Crítico
2742,Odontophorus capueira capueira,Crypturellus tataupa,Odontophorus capueira,Odontophorus capueira,Crypturellus tataupa,Odontophorus capueira,Tinamus solitarius,Odontophorus capueira,Odontophorus capueira,Odontophorus capueira,Odontophorus capueira,Crypturellus tataupa,Odontophorus,Odontophoridae,5,Crítico
2743,Odontophorus capueira capueira,Herpailurus yagouaroundi,Tinamus solitarius,Dasypus novemcinctus,Dasypus novemcinctus,Dasypus novemcinctus,Aramides saracura,Herpailurus yagouaroundi,Tinamus solitarius,Tinamus solitarius,Tinamus solitarius,Herpailurus yagouaroundi,Odontophorus,Odontophoridae,5,Crítico
2744,Odontophorus capueira capueira,Odontophorus capueira capueira,Odontophorus capueira capueira,Odontophorus capueira capueira,Odontophorus capueira capueira,Odontophorus capueira capueira,Odontophorus capueira,Odontophorus capueira capueira,Odontophorus capueira capueira,Odontophorus capueira capueira,Odontophorus capueira capueira,Odontophorus capueira capueira,Odontophorus,Odontophoridae,5,Crítico
2745,Odontophorus capueira capueira,Odontophorus capueira,Odontophorus capueira capueira,Odontophorus capueira,Odontophorus capueira,Odontophorus capueira,Odontophorus capueira,Odontophorus capueira,Odontophorus capueira capueira,Odontophorus capueira capueira,Odontophorus capueira capueira,Odontophorus capueira,Odontophorus,Odontophoridae,5,Crítico
2746,Odontophorus capueira capueira,Turdus albicollis,Cryptopezus nattereri,Cryptopezus nattereri,Aramides saracura,Tinamus solitarius,Turdus albicollis,Pyriglena leucoptera,Cryptopezus nattereri,Cryptopezus nattereri,Cryptopezus nattereri,Turdus albicollis,Odontophorus,Odontophoridae,5,Crítico
2748,Odontophorus capueira capueira,Odontophorus capueira capueira,Odontophorus capueira capueira,Odontophorus capueira capueira,Odontophorus capueira capueira,Odontophorus capueira capueira,Odontophorus capueira,Odontophorus capueira capueira,Odontophorus capueira capueira,Odontophorus capueira capueira,Odontophorus capueira capueira,Odontophorus capueira capueira,Odontophorus,Odontophoridae,5,Crítico
2749,Odontophorus capueira capueira,Crypturellus tataupa,Crypturellus tataupa,Crypturellus tataupa,Crypturellus tataupa,Salvator merianae,Dasyprocta azarae,Crypturellus tataupa,Crypturellus tataupa,Crypturellus tataupa,Crypturellus tataupa,Crypturellus tataupa,Odontophorus,Odontophoridae,5,Crítico
2750,Odontophorus capueira capueira,Mackenziaena severa,Mackenziaena severa,Baryphthengus ruficapillus,Baryphthengus ruficapillus,Mackenziaena severa,Cyanoloxia brissonii,Mackenziaena severa,Mackenziaena severa,Mackenziaena severa,Mackenziaena severa,Mackenziaena severa,Odontophorus,Odontophoridae,5,Crítico
2751,Odontophorus capueira capueira,Odontophorus capueira capueira,Odontophorus capueira capueira,Odontophorus capueira capueira,Odontophorus capueira capueira,Odontophorus capueira capueira,Odontophorus capueira,Odontophorus capueira capueira,Odontophorus capueira capueira,Odontophorus capueira capueira,Odontophorus capueira capueira,Odontophorus capueira capueira,Odontophorus,Odontophoridae,5,Crítico
2752,Odontophorus capueira capueira,Odontophorus capueira capueira,Odontophorus capueira,Odontophorus capueira,Odontophorus capueira,Odontophorus capueira capueira,Hydropsalis torquata,Hydropsalis torquata,Odontophorus capueira,Odontophorus capueira,Odontophorus capueira,Odontophorus capueira capueira,Odontophorus,Odontophoridae,5,Crítico
2753,Odontophorus capueira capueira,Cryptopezus nattereri,Odontophorus capueira,Cryptopezus nattereri,Cryptopezus nattereri,Odontophorus capueira capueira,Conopophaga lineata,Chamaeza campanisona,Odontophorus capueira,Odontophorus capueira,Odontophorus capueira,Cryptopezus nattereri,Odontophorus,Odontophoridae,5,Crítico
2755,Odontophorus capueira capueira,Odontophorus capueira capueira,Odontophorus capueira capueira,Odontophorus capueira capueira,Odontophorus capueira capueira,Odontophorus capueira capueira,Hydropsalis torquata,Hydropsalis torquata,Odontophorus capueira capueira,Odontophorus capueira capueira,Odontophorus capueira capueira,Odontophorus capueira capueira,Odontophorus,Odontophoridae,5,Crítico
2756,Odontophorus capueira capueira,Odontophorus capueira,Odontophorus capueira capueira,Odontophorus capueira capueira,Odontophorus capueira,Nyctidromus albicollis,Nyctidromus albicollis,Odontophorus capueira capueira,Odontophorus capueira capueira,Odontophorus capueira capueira,Odontophorus capueira capueira,Odontophorus capueira,Odontophorus,Odontophoridae,5,Crítico
2757,Odontophorus capueira capueira,Odontophorus capueira,Odontophorus capueira,Odontophorus capueira,Odontophorus capueira,Odontophorus capueira,Hydropsalis torquata,Leptotila verreauxi,Odontophorus capueira,Odontophorus capueira,Odontophorus capueira,Odontophorus capueira,Odontophorus,Odontophoridae,5,Crítico
2758,Odontophorus capueira capueira,Odontophorus capueira capueira,Odontophorus capueira,Odontophorus capueira,Odontophorus capueira,Odontophorus capueira capueira,Hydropsalis torquata,Hydropsalis torquata,Odontophorus capueira,Odontophorus capueira,Odontophorus capueira,Odontophorus capueira capueira,Odontophorus,Odontophoridae,5,Crítico
2759,Odontophorus capueira capueira,Aramides saracura,Crypturellus obsoletus,Crypturellus obsoletus,Crypturellus obsoletus,Nothura maculosa,Aramides saracura,Aramides saracura,Crypturellus obsoletus,Crypturellus obsoletus,Crypturellus obsoletus,Aramides saracura,Odontophorus,Odontophoridae,5,Crítico
2760,Odontophorus capueira capueira,Odontophorus capueira,Odontophorus capueira,Odontophorus capueira,Odontophorus capueira,Odontophorus capueira,Tinamus solitarius,Crypturellus tataupa,Odontophorus capueira,Odontophorus capueira,Odontophorus capueira,Odontophorus capueira,Odontophorus,Odontophoridae,5,Crítico
2762,Odontophorus capueira capueira,Odontophorus capueira,Tinamus solitarius,Odontophorus capueira,Odontophorus capueira,Odontophorus capueira,Tinamus solitarius,Odontophorus capueira capueira,Tinamus solitarius,Tinamus solitarius,Tinamus solitarius,Odontophorus capueira,Odontophorus,Odontophoridae,5,Crítico
2763,Odontophorus capueira capueira,Chamaeza campanisona,Chamaeza campanisona,Chamaeza campanisona,Chamaeza campanisona,Chamaeza campanisona,Hydropsalis torquata,Chamaeza campanisona,Chamaeza campanisona,Chamaeza campanisona,Chamaeza campanisona,Chamaeza campanisona,Odontophorus,Odontophoridae,5,Crítico
2764,Odontophorus capueira capueira,Odontophorus capueira,Odontophorus capueira,Odontophorus capueira,Odontophorus capueira,Odontophorus capueira,Odontophorus capueira,Odontophorus capueira,Odontophorus capueira,Odontophorus capueira,Odontophorus capueira,Odontophorus capueira,Odontophorus,Odontophoridae,5,Crítico
2766,Odontophorus capueira capueira,Odontophorus capueira capueira,Odontophorus capueira capueira,Odontophorus capueira capueira,Odontophorus capueira capueira,Odontophorus capueira capueira,Hydropsalis torquata,Odontophorus capueira capueira,Odontophorus capueira capueira,Odontophorus capueira capueira,Odontophorus capueira capueira,Odontophorus capueira capueira,Odontophorus,Odontophoridae,5,Crítico
2767,Odontophorus capueira capueira,Crypturellus tataupa,Crypturellus tataupa,Crypturellus tataupa,Crypturellus tataupa,Pyriglena leucoptera,Tinamus solitarius,Crypturellus tataupa,Crypturellus tataupa,Crypturellus tataupa,Crypturellus tataupa,Crypturellus tataupa,Odontophorus,Odontophoridae,5,Crítico
2768,Odontophorus capueira capueira,Hydropsalis torquata,Odontophorus capueira,Odontophorus capueira capueira,Odontophorus capueira,Odontophorus capueira capueira,Hydropsalis torquata,Hydropsalis torquata,Odontophorus capueira,Odontophorus capueira,Odontophorus capueira,Hydropsalis torquata,Odontophorus,Odontophoridae,5,Crítico
2769,Odontophorus capueira capueira,Tinamus solitarius,Tinamus solitarius,Tinamus solitarius,Tinamus solitarius,Baryphthengus ruficapillus,Tinamus solitarius,Tinamus solitarius,Tinamus solitarius,Tinamus solitarius,Tinamus solitarius,Crypturellus tataupa,Odontophorus,Odontophoridae,5,Crítico
2770,Myiothlypis leucoblephara,Conopophaga lineata,Myiothlypis leucoblephara,Pogonotriccus eximius,Pogonotriccus eximius,Myiothlypis leucoblephara,Habia rubica,Conopophaga lineata,Myiothlypis leucoblephara,Myiothlypis leucoblephara,Myiothlypis leucoblephara,Conopophaga lineata,Myiothlypis,Parulidae,3,Medio
2771,Myiothlypis leucoblephara,Pogonotriccus eximius,Myiothlypis leucoblephara,Myiothlypis leucoblephara,Conopophaga lineata,Myiothlypis leucoblephara,Habia rubica,Synallaxis ruficapilla,Myiothlypis leucoblephara,Myiothlypis leucoblephara,Myiothlypis leucoblephara,Pogonotriccus eximius,Myiothlypis,Parulidae,3,Medio
2772,Myiothlypis leucoblephara,Pogonotriccus eximius,Myiothlypis leucoblephara,Myiothlypis leucoblephara,Conopophaga lineata,Myiothlypis leucoblephara,Habia rubica,Conopophaga lineata,Myiothlypis leucoblephara,Myiothlypis leucoblephara,Myiothlypis leucoblephara,Pogonotriccus eximius,Myiothlypis,Parulidae,3,Medio
2773,Myiothlypis leucoblephara,Habia rubica,Habia rubica,Habia rubica,Conopophaga lineata,Myiothlypis leucoblephara,Habia rubica,Conopophaga lineata,Habia rubica,Habia rubica,Habia rubica,Habia rubica,Myiothlypis,Parulidae,3,Medio
2775,Myiothlypis leucoblephara,Conopophaga lineata,Myiothlypis leucoblephara,Conopophaga lineata,Conopophaga lineata,Myiothlypis leucoblephara,Conopophaga lineata,Conopophaga lineata,Myiothlypis leucoblephara,Myiothlypis leucoblephara,Myiothlypis leucoblephara,Conopophaga lineata,Myiothlypis,Parulidae,3,Medio
2776,Myiothlypis leucoblephara,Biatas nigropectus,Habia rubica,Biatas nigropectus,Biatas nigropectus,Myiothlypis leucoblephara,Cyanoloxia brissonii,Biatas nigropectus,Habia rubica,Habia rubica,Habia rubica,Biatas nigropectus,Myiothlypis,Parulidae,3,Medio
2777,Myiothlypis leucoblephara,Conopophaga lineata vulgaris,Conopophaga lineata vulgaris,Conopophaga lineata vulgaris,Conopophaga lineata vulgaris,Myiothlypis leucoblephara,Habia rubica,Synallaxis ruficapilla,Conopophaga lineata vulgaris,Conopophaga lineata vulgaris,Conopophaga lineata vulgaris,Conopophaga lineata vulgaris,Myiothlypis,Parulidae,3,Medio
2778,Myiothlypis leucoblephara,Pogonotriccus eximius,Myiothlypis leucoblephara,Habia rubica,Habia rubica,Myiothlypis leucoblephara,Habia rubica,Conopophaga lineata,Myiothlypis leucoblephara,Myiothlypis leucoblephara,Myiothlypis leucoblephara,Pogonotriccus eximius,Myiothlypis,Parulidae,3,Medio
2779,Myiothlypis leucoblephara,Turdus albicollis,Turdus albicollis,Chamaeza campanisona,Biatas nigropectus,Turdus albicollis,Turdus albicollis,Conopophaga lineata,Turdus albicollis,Turdus albicollis,Turdus albicollis,Turdus albicollis,Myiothlypis,Parulidae,3,Medio
2782,Myiothlypis leucoblephara,Pyriglena leucoptera,Pogonotriccus eximius,Conopophaga lineata,Conopophaga lineata,Myiothlypis leucoblephara,Habia rubica,Conopophaga lineata,Pogonotriccus eximius,Pogonotriccus eximius,Pogonotriccus eximius,Pyriglena leucoptera,Myiothlypis,Parulidae,3,Medio
2783,Myiothlypis leucoblephara,Myiothlypis leucoblephara,Mackenziaena leachii,Chamaeza campanisona,Chamaeza campanisona,Synallaxis ruficapilla,Baryphthengus ruficapillus,Mackenziaena leachii,Mackenziaena leachii,Mackenziaena leachii,Mackenziaena leachii,Myiothlypis leucoblephara,Myiothlypis,Parulidae,3,Medio
2785,Myiothlypis leucoblephara,Habia rubica,Manacus manacus,Habia rubica,Habia rubica,Habia rubica,Habia rubica,Habia rubica,Manacus manacus,Manacus manacus,Manacus manacus,Habia rubica,Myiothlypis,Parulidae,3,Medio
2787,Myiothlypis leucoblephara,Conopophaga lineata,Myiothlypis leucoblephara,Conopophaga lineata,Conopophaga lineata,Synallaxis ruficapilla,Conopophaga lineata,Conopophaga lineata,Myiothlypis leucoblephara,Myiothlypis leucoblephara,Myiothlypis leucoblephara,Conopophaga lineata,Myiothlypis,Parulidae,3,Medio
2788,Myiothlypis leucoblephara,Myiothlypis leucoblephara,Myiothlypis leucoblephara,Chamaeza campanisona,Chamaeza campanisona,Myiothlypis leucoblephara,Myiothlypis leucoblephara,Myiothlypis leucoblephara,Myiothlypis leucoblephara,Myiothlypis leucoblephara,Myiothlypis leucoblephara,Myiothlypis leucoblephara,Myiothlypis,Parulidae,3,Medio
2789,Myiothlypis leucoblephara,Penelope superciliaris,Cerdocyon thous,Cerdocyon thous,Cerdocyon thous,Leopardus wiedii,Dasyprocta azarae,Panthera onca,Cerdocyon thous,Cerdocyon thous,Cerdocyon thous,Tayassu pecari,Myiothlypis,Parulidae,3,Medio
2790,Myiothlypis leucoblephara,Conopophaga lineata,Myiothlypis leucoblephara,Conopophaga lineata,Conopophaga lineata,Manacus manacus,Conopophaga lineata,Conopophaga lineata,Myiothlypis leucoblephara,Myiothlypis leucoblephara,Myiothlypis leucoblephara,Conopophaga lineata,Myiothlypis,Parulidae,3,Medio
2791,Myiothlypis leucoblephara,Habia rubica,Habia rubica,Habia rubica,Habia rubica,Myiothlypis leucoblephara,Habia rubica,Habia rubica,Habia rubica,Habia rubica,Habia rubica,Manacus manacus,Myiothlypis,Parulidae,3,Medio
2792,Myiothlypis leucoblephara,Conopophaga lineata,Synallaxis ruficapilla,Habia rubica,Synallaxis ruficapilla,Conopophaga lineata,Conopophaga lineata,Conopophaga lineata,Synallaxis ruficapilla,Synallaxis ruficapilla,Synallaxis ruficapilla,Conopophaga lineata,Myiothlypis,Parulidae,3,Medio
2793,Myiothlypis leucoblephara,Hypoedaleus guttatus,Baryphthengus ruficapillus,Baryphthengus ruficapillus,Turdus albicollis,Hypoedaleus guttatus,Hypoedaleus guttatus,Turdus albicollis,Baryphthengus ruficapillus,Baryphthengus ruficapillus,Baryphthengus ruficapillus,Hypoedaleus guttatus,Myiothlypis,Parulidae,3,Medio
2794,Myiothlypis leucoblephara,Chamaeza campanisona,Myiothlypis leucoblephara,Chamaeza campanisona,Chamaeza campanisona,Myiothlypis leucoblephara,Conopophaga lineata,Leptotila rufaxilla,Myiothlypis leucoblephara,Myiothlypis leucoblephara,Myiothlypis leucoblephara,Chamaeza campanisona,Myiothlypis,Parulidae,3,Medio
2795,Myiothlypis leucoblephara,Habia rubica,Conopophaga lineata,Conopophaga lineata,Conopophaga lineata,Synallaxis ruficapilla,Habia rubica,Habia rubica,Conopophaga lineata,Conopophaga lineata,Conopophaga lineata,Habia rubica,Myiothlypis,Parulidae,3,Medio
2797,Myiothlypis leucoblephara,Conopophaga lineata,Synallaxis ruficapilla,Habia rubica,Synallaxis ruficapilla,Synallaxis ruficapilla,Conopophaga lineata,Manacus manacus,Synallaxis ruficapilla,Synallaxis ruficapilla,Synallaxis ruficapilla,Conopophaga lineata,Myiothlypis,Parulidae,3,Medio
2798,Myiothlypis leucoblephara,Myiothlypis leucoblephara,Pyriglena leucoptera,Conopophaga lineata vulgaris,Baryphthengus ruficapillus,Myiothlypis leucoblephara,Turdus albicollis,Synallaxis ruficapilla,Pyriglena leucoptera,Pyriglena leucoptera,Pyriglena leucoptera,Myiothlypis leucoblephara,Myiothlypis,Parulidae,3,Medio
2799,Myiothlypis leucoblephara,Chamaeza campanisona,Conopophaga lineata,Conopophaga lineata,Chamaeza campanisona,Myiothlypis leucoblephara,Myiothlypis leucoblephara,Leptotila rufaxilla,Conopophaga lineata,Conopophaga lineata,Conopophaga lineata,Chamaeza campanisona,Myiothlypis,Parulidae,3,Medio
2800,Myiothlypis leucoblephara,Conopophaga lineata,Myiothlypis leucoblephara,Conopophaga lineata,Conopophaga lineata,Myiothlypis leucoblephara,Conopophaga lineata,Conopophaga lineata,Myiothlypis leucoblephara,Myiothlypis leucoblephara,Myiothlypis leucoblephara,Conopophaga lineata,Myiothlypis,Parulidae,3,Medio
2801,Myiothlypis leucoblephara,Turdus albicollis,Turdus rufiventris,Hypoedaleus guttatus,Hypoedaleus guttatus,Manacus manacus,Hypoedaleus guttatus,Turdus albicollis,Turdus rufiventris,Turdus rufiventris,Turdus rufiventris,Turdus albicollis,Myiothlypis,Parulidae,3,Medio
2803,Myiothlypis leucoblephara,Myiothlypis leucoblephara,Myiothlypis leucoblephara,Myiothlypis leucoblephara,Myiothlypis leucoblephara,Myiothlypis leucoblephara,Myiothlypis leucoblephara,Myiothlypis leucoblephara,Myiothlypis leucoblephara,Myiothlypis leucoblephara,Myiothlypis leucoblephara,Myiothlypis leucoblephara,Myiothlypis,Parulidae,3,Medio
2804,Myiothlypis leucoblephara,Penelope superciliaris,Sapajus nigritus,Penelope superciliaris,Alouatta caraya,Hypoedaleus guttatus,Penelope superciliaris,Sapajus nigritus,Sapajus nigritus,Sapajus nigritus,Sapajus nigritus,Penelope superciliaris,Myiothlypis,Parulidae,3,Medio
2806,Myiothlypis leucoblephara,Conopophaga lineata,Myiothlypis leucoblephara,Manacus manacus,Manacus manacus,Myiothlypis leucoblephara,Conopophaga lineata,Conopophaga lineata,Myiothlypis leucoblephara,Myiothlypis leucoblephara,Myiothlypis leucoblephara,Conopophaga lineata,Myiothlypis,Parulidae,3,Medio
2807,Myiothlypis leucoblephara,Turdus albicollis,Synallaxis ruficapilla,Conopophaga lineata,Conopophaga lineata,Turdus albicollis,Turdus albicollis,Turdus albicollis,Synallaxis ruficapilla,Synallaxis ruficapilla,Synallaxis ruficapilla,Turdus albicollis,Myiothlypis,Parulidae,3,Medio
2810,Myiothlypis leucoblephara,Myiothlypis leucoblephara,Myiothlypis leucoblephara,Conopophaga lineata,Conopophaga lineata,Myiothlypis leucoblephara,Conopophaga lineata,Conopophaga lineata,Myiothlypis leucoblephara,Myiothlypis leucoblephara,Myiothlypis leucoblephara,Myiothlypis leucoblephara,Myiothlypis,Parulidae,3,Medio
2811,Myiothlypis leucoblephara,Conopophaga lineata,Pogonotriccus eximius,Conopophaga lineata,Conopophaga lineata,Myiothlypis leucoblephara,Conopophaga lineata,Conopophaga lineata,Pogonotriccus eximius,Pogonotriccus eximius,Pogonotriccus eximius,Conopophaga lineata,Myiothlypis,Parulidae,3,Medio
2812,Myiothlypis leucoblephara,Grallaria varia,Chamaeza campanisona,Chamaeza campanisona,Myiothlypis leucoblephara,Myiothlypis leucoblephara,Myiothlypis leucoblephara,Geotrygon montana,Chamaeza campanisona,Chamaeza campanisona,Chamaeza campanisona,Grallaria varia,Myiothlypis,Parulidae,3,Medio
2813,Myiothlypis leucoblephara,Hypoedaleus guttatus,Brotogeris chiriri,Brotogeris chiriri,Baryphthengus ruficapillus,Brotogeris chiriri,Hypoedaleus guttatus,Hypoedaleus guttatus,Brotogeris chiriri,Brotogeris chiriri,Brotogeris chiriri,Hypoedaleus guttatus,Myiothlypis,Parulidae,3,Medio
2814,Myiothlypis leucoblephara,Conopophaga lineata vulgaris,Habia rubica,Biatas nigropectus,Biatas nigropectus,Myiothlypis leucoblephara,Habia rubica,Mackenziaena severa,Habia rubica,Habia rubica,Habia rubica,Conopophaga lineata vulgaris,Myiothlypis,Parulidae,3,Medio
2815,Myiothlypis leucoblephara,Conopophaga lineata,Myiothlypis leucoblephara,Conopophaga lineata,Pogonotriccus eximius,Myiothlypis leucoblephara,Conopophaga lineata,Conopophaga lineata,Myiothlypis leucoblephara,Myiothlypis leucoblephara,Myiothlypis leucoblephara,Conopophaga lineata,Myiothlypis,Parulidae,3,Medio
2816,Myiothlypis leucoblephara,Turdus albicollis,Turdus albicollis,Baryphthengus ruficapillus,Turdus albicollis,Myiothlypis leucoblephara,Habia rubica,Turdus albicollis,Turdus albicollis,Turdus albicollis,Turdus albicollis,Turdus albicollis,Myiothlypis,Parulidae,3,Medio
2817,Myiothlypis leucoblephara,Conopophaga lineata,Conopophaga lineata,Conopophaga lineata,Synallaxis ruficapilla,Myiothlypis leucoblephara,Conopophaga lineata,Synallaxis ruficapilla,Conopophaga lineata,Conopophaga lineata,Conopophaga lineata,Conopophaga lineata,Myiothlypis,Parulidae,3,Medio
2818,Myiothlypis leucoblephara,Cryptopezus nattereri,Cryptopezus nattereri,Cryptopezus nattereri,Cryptopezus nattereri,Myiothlypis leucoblephara,Myiothlypis leucoblephara,Myiothlypis leucoblephara,Cryptopezus nattereri,Cryptopezus nattereri,Cryptopezus nattereri,Cryptopezus nattereri,Myiothlypis,Parulidae,3,Medio
2819,Myiothlypis leucoblephara,Baryphthengus ruficapillus,Synallaxis ruficapilla,Myiothlypis leucoblephara,Baryphthengus ruficapillus,Turdus albicollis,Turdus albicollis,Turdus albicollis,Synallaxis ruficapilla,Synallaxis ruficapilla,Synallaxis ruficapilla,Baryphthengus ruficapillus,Myiothlypis,Parulidae,3,Medio
2821,Myiothlypis leucoblephara,Mackenziaena severa,Habia rubica,Habia rubica,Mackenziaena severa,Crypturellus obsoletus,Hypoedaleus guttatus,Tachyphonus coronatus,Habia rubica,Habia rubica,Habia rubica,Mackenziaena severa,Myiothlypis,Parulidae,3,Medio
2822,Myiothlypis leucoblephara,Turdus albicollis,Habia rubica,Conopophaga lineata,Conopophaga lineata,Pogonotriccus eximius,Habia rubica,Habia rubica,Habia rubica,Habia rubica,Habia rubica,Turdus albicollis,Myiothlypis,Parulidae,3,Medio
2823,Myiothlypis leucoblephara,Brotogeris chiriri,Cyanoloxia brissonii,Brotogeris chiriri,Amazona aestiva,Cyanoloxia brissonii,Brotogeris chiriri,Brotogeris chiriri,Cyanoloxia brissonii,Cyanoloxia brissonii,Cyanoloxia brissonii,Brotogeris chiriri,Myiothlypis,Parulidae,3,Medio
2824,Myiothlypis leucoblephara,Synallaxis ruficapilla,Conopophaga lineata,Conopophaga lineata,Habia rubica,Myiothlypis leucoblephara,Conopophaga lineata,Conopophaga lineata,Conopophaga lineata,Conopophaga lineata,Conopophaga lineata,Synallaxis ruficapilla,Myiothlypis,Parulidae,3,Medio
2825,Myiothlypis leucoblephara,Conopophaga lineata,Pogonotriccus eximius,Habia rubica,Synallaxis ruficapilla,Conopophaga lineata,Conopophaga lineata,Conopophaga lineata,Pogonotriccus eximius,Pogonotriccus eximius,Pogonotriccus eximius,Conopophaga lineata,Myiothlypis,Parulidae,3,Medio
2826,Myiothlypis leucoblephara,Conopophaga lineata,Myiothlypis leucoblephara,Conopophaga lineata,Myiothlypis leucoblephara,Myiothlypis leucoblephara,Habia rubica,Conopophaga lineata,Myiothlypis leucoblephara,Myiothlypis leucoblephara,Myiothlypis leucoblephara,Pogonotriccus eximius,Myiothlypis,Parulidae,3,Medio
2827,Myiothlypis leucoblephara,Grallaria varia,Chamaeza campanisona,Myiothlypis leucoblephara,Myiothlypis leucoblephara,Myiothlypis leucoblephara,Myiothlypis leucoblephara,Myiothlypis leucoblephara,Chamaeza campanisona,Chamaeza campanisona,Chamaeza campanisona,Grallaria varia,Myiothlypis,Parulidae,3,Medio
2828,Celeus galeatus,Celeus galeatus,Celeus galeatus,Celeus galeatus,Selenidera maculirostris,Celeus galeatus,Selenidera maculirostris,Selenidera maculirostris,Celeus galeatus,Celeus galeatus,Celeus galeatus,Celeus galeatus,Celeus,Picidae,6,Crítico
2829,Celeus galeatus,Celeus galeatus,Celeus galeatus,Celeus galeatus,Celeus galeatus,Celeus galeatus,Celeus galeatus,Celeus galeatus,Celeus galeatus,Celeus galeatus,Celeus galeatus,Celeus galeatus,Celeus,Picidae,6,Crítico
2830,Celeus galeatus,Sapajus nigritus,Brotogeris chiriri,Brotogeris chiriri,Brotogeris chiriri,Sapajus nigritus,Sapajus nigritus,Mackenziaena severa,Brotogeris chiriri,Brotogeris chiriri,Brotogeris chiriri,Sapajus nigritus,Celeus,Picidae,6,Crítico
2831,Celeus galeatus,Celeus galeatus,Celeus galeatus,Celeus galeatus,Celeus galeatus,Celeus galeatus,Celeus galeatus,Celeus galeatus,Celeus galeatus,Celeus galeatus,Celeus galeatus,Celeus galeatus,Celeus,Picidae,6,Crítico
2832,Celeus galeatus,Celeus galeatus,Celeus galeatus,Celeus galeatus,Celeus galeatus,Celeus galeatus,Selenidera maculirostris,Celeus galeatus,Celeus galeatus,Celeus galeatus,Celeus galeatus,Celeus galeatus,Celeus,Picidae,6,Crítico
2833,Celeus galeatus,Penelope superciliaris,Alouatta guariba clamitans,Celeus galeatus,Celeus galeatus,Celeus galeatus,Penelope superciliaris,Penelope superciliaris,Alouatta guariba clamitans,Alouatta guariba clamitans,Alouatta guariba clamitans,Penelope superciliaris,Celeus,Picidae,6,Crítico
2834,Celeus galeatus,Amazona vinacea,Amazona vinacea,Amazona vinacea,Amazona vinacea,Amazona vinacea,Amazona vinacea,Amazona vinacea,Amazona vinacea,Amazona vinacea,Amazona vinacea,Amazona vinacea,Celeus,Picidae,6,Crítico
2836,Celeus galeatus,Celeus galeatus,Celeus galeatus,Celeus galeatus,Celeus galeatus,Celeus galeatus,Celeus galeatus,Celeus galeatus,Celeus galeatus,Celeus galeatus,Celeus galeatus,Celeus galeatus,Celeus,Picidae,6,Crítico
2839,Celeus galeatus,Celeus galeatus,Celeus galeatus,Celeus galeatus,Celeus galeatus,Celeus galeatus,Celeus galeatus,Celeus galeatus,Celeus galeatus,Celeus galeatus,Celeus galeatus,Celeus galeatus,Celeus,Picidae,6,Crítico
2842,Celeus galeatus,Celeus galeatus,Celeus galeatus,Celeus galeatus,Celeus galeatus,Celeus galeatus,Selenidera maculirostris,Selenidera maculirostris,Celeus galeatus,Celeus galeatus,Celeus galeatus,Celeus galeatus,Celeus,Picidae,6,Crítico
2843,Celeus galeatus,Celeus galeatus,Celeus galeatus,Celeus galeatus,Celeus galeatus,Celeus galeatus,Celeus galeatus,Celeus galeatus,Celeus galeatus,Celeus galeatus,Celeus galeatus,Celeus galeatus,Celeus,Picidae,6,Crítico
2844,Celeus galeatus,Celeus galeatus,Cyanoloxia brissonii,Cyanoloxia brissonii,Pipile jacutinga,Celeus galeatus,Pipile jacutinga,Notharchus swainsoni,Cyanoloxia brissonii,Cyanoloxia brissonii,Cyanoloxia brissonii,Celeus galeatus,Celeus,Picidae,6,Crítico
2845,Celeus galeatus,Amazona vinacea,Alouatta guariba clamitans,Alouatta guariba clamitans,Alouatta guariba clamitans,Amazona vinacea,Alouatta guariba clamitans,Alouatta guariba clamitans,Alouatta guariba clamitans,Alouatta guariba clamitans,Alouatta guariba clamitans,Amazona vinacea,Celeus,Picidae,6,Crítico
2846,Celeus galeatus,Turdus albicollis,Selenidera maculirostris,Selenidera maculirostris,Selenidera maculirostris,Celeus galeatus,Selenidera maculirostris,Selenidera maculirostris,Selenidera maculirostris,Selenidera maculirostris,Selenidera maculirostris,Mackenziaena severa,Celeus,Picidae,6,Crítico
2848,Celeus galeatus,Alouatta caraya,Alouatta guariba clamitans,Alouatta guariba clamitans,Alouatta guariba clamitans,Celeus galeatus,Alouatta caraya,Alouatta caraya,Alouatta guariba clamitans,Alouatta guariba clamitans,Alouatta guariba clamitans,Alouatta caraya,Celeus,Picidae,6,Crítico
2849,Celeus galeatus,Celeus galeatus,Celeus galeatus,Celeus galeatus,Celeus galeatus,Celeus galeatus,Celeus galeatus,Celeus galeatus,Celeus galeatus,Celeus galeatus,Celeus galeatus,Celeus galeatus,Celeus,Picidae,6,Crítico
2850,Celeus galeatus,Gubernetes yetapa,Gubernetes yetapa,Gubernetes yetapa,Gubernetes yetapa,Celeus galeatus,Gubernetes yetapa,Gubernetes yetapa,Gubernetes yetapa,Gubernetes yetapa,Gubernetes yetapa,Gubernetes yetapa,Celeus,Picidae,6,Crítico
2851,Celeus galeatus,Celeus galeatus,Celeus galeatus,Celeus galeatus,Celeus galeatus,Celeus galeatus,Celeus galeatus,Selenidera maculirostris,Celeus galeatus,Celeus galeatus,Celeus galeatus,Celeus galeatus,Celeus,Picidae,6,Crítico
2852,Celeus galeatus,Celeus galeatus,Celeus galeatus,Celeus galeatus,Celeus galeatus,Celeus galeatus,Celeus galeatus,Celeus galeatus,Celeus galeatus,Celeus galeatus,Celeus galeatus,Celeus galeatus,Celeus,Picidae,6,Crítico
2853,Celeus galeatus,Celeus galeatus,Celeus galeatus,Celeus galeatus,Celeus galeatus,Celeus galeatus,Selenidera maculirostris,Selenidera maculirostris,Celeus galeatus,Celeus galeatus,Celeus galeatus,Celeus galeatus,Celeus,Picidae,6,Crítico
2854,Celeus galeatus,Celeus galeatus,Celeus galeatus,Celeus galeatus,Celeus galeatus,Celeus galeatus,Celeus galeatus,Celeus galeatus,Celeus galeatus,Celeus galeatus,Celeus galeatus,Celeus galeatus,Celeus,Picidae,6,Crítico
2855,Celeus galeatus,Pyriglena leucoptera,Pyriglena leucoptera,Pyriglena leucoptera,Penelope superciliaris,Celeus galeatus,Pyriglena leucoptera,Alouatta guariba clamitans,Pyriglena leucoptera,Pyriglena leucoptera,Pyriglena leucoptera,Pyriglena leucoptera,Celeus,Picidae,6,Crítico
2856,Celeus galeatus,Celeus galeatus,Celeus galeatus,Baryphthengus ruficapillus,Baryphthengus ruficapillus,Celeus galeatus,Hypoedaleus guttatus,Selenidera maculirostris,Celeus galeatus,Celeus galeatus,Celeus galeatus,Celeus galeatus,Celeus,Picidae,6,Crítico
2858,Celeus galeatus,Selenidera maculirostris,Celeus galeatus,Celeus galeatus,Selenidera maculirostris,Celeus galeatus,Selenidera maculirostris,Selenidera maculirostris,Celeus galeatus,Celeus galeatus,Celeus galeatus,Selenidera maculirostris,Celeus,Picidae,6,Crítico
2859,Celeus galeatus,Celeus galeatus,Celeus galeatus,Celeus galeatus,Celeus galeatus,Celeus galeatus,Selenidera maculirostris,Selenidera maculirostris,Celeus galeatus,Celeus galeatus,Celeus galeatus,Celeus galeatus,Celeus,Picidae,6,Crítico
2860,Celeus galeatus,Mackenziaena severa,Selenidera maculirostris,Baryphthengus ruficapillus,Baryphthengus ruficapillus,Celeus galeatus,Baryphthengus ruficapillus,Selenidera maculirostris,Selenidera maculirostris,Selenidera maculirostris,Selenidera maculirostris,Mackenziaena severa,Celeus,Picidae,6,Crítico
2861,Celeus galeatus,Celeus galeatus,Celeus galeatus,Celeus galeatus,Celeus galeatus,Celeus galeatus,Celeus galeatus,Celeus galeatus,Celeus galeatus,Celeus galeatus,Celeus galeatus,Celeus galeatus,Celeus,Picidae,6,Crítico
2862,Celeus galeatus,Celeus galeatus,Celeus galeatus,Celeus galeatus,Celeus galeatus,Celeus galeatus,Celeus galeatus,Celeus galeatus,Celeus galeatus,Celeus galeatus,Celeus galeatus,Celeus galeatus,Celeus,Picidae,6,Crítico
2863,Celeus galeatus,Celeus galeatus,Celeus galeatus,Celeus galeatus,Celeus galeatus,Celeus galeatus,Celeus galeatus,Celeus galeatus,Celeus galeatus,Celeus galeatus,Celeus galeatus,Celeus galeatus,Celeus,Picidae,6,Crítico
2864,Celeus galeatus,Celeus galeatus,Celeus galeatus,Celeus galeatus,Celeus galeatus,Celeus galeatus,Celeus galeatus,Celeus galeatus,Celeus galeatus,Celeus galeatus,Celeus galeatus,Celeus galeatus,Celeus,Picidae,6,Crítico
2865,Celeus galeatus,Celeus galeatus,Celeus galeatus,Celeus galeatus,Celeus galeatus,Celeus galeatus,Celeus galeatus,Celeus galeatus,Celeus galeatus,Celeus galeatus,Celeus galeatus,Celeus galeatus,Celeus,Picidae,6,Crítico
2866,Celeus galeatus,Celeus galeatus,Celeus galeatus,Celeus galeatus,Celeus galeatus,Celeus galeatus,Celeus galeatus,Celeus galeatus,Celeus galeatus,Celeus galeatus,Celeus galeatus,Celeus galeatus,Celeus,Picidae,6,Crítico
2868,Celeus galeatus,Celeus galeatus,Celeus galeatus,Celeus galeatus,Celeus galeatus,Celeus galeatus,Celeus galeatus,Celeus galeatus,Celeus galeatus,Celeus galeatus,Celeus galeatus,Celeus galeatus,Celeus,Picidae,6,Crítico
2869,Celeus galeatus,Celeus galeatus,Celeus galeatus,Celeus galeatus,Celeus galeatus,Celeus galeatus,Celeus galeatus,Celeus galeatus,Celeus galeatus,Celeus galeatus,Celeus galeatus,Celeus galeatus,Celeus,Picidae,6,Crítico
2870,Manacus manacus,Manacus manacus,Pogonotriccus eximius,Conopophaga lineata,Manacus manacus,Manacus manacus,Manacus manacus,Conopophaga lineata,Pogonotriccus eximius,Pogonotriccus eximius,Pogonotriccus eximius,Manacus manacus,Manacus,Pipridae,1,Bajo
2872,Manacus manacus,Conopophaga lineata,Synallaxis ruficapilla,Synallaxis ruficapilla,Synallaxis ruficapilla,Manacus manacus,Conopophaga lineata,Pyriglena leucoptera,Synallaxis ruficapilla,Synallaxis ruficapilla,Synallaxis ruficapilla,Conopophaga lineata,Manacus,Pipridae,1,Bajo
2874,Manacus manacus,Manacus manacus,Manacus manacus,Manacus manacus,Manacus manacus,Manacus manacus,Manacus manacus,Manacus manacus,Manacus manacus,Manacus manacus,Manacus manacus,Manacus manacus,Manacus,Pipridae,1,Bajo
2875,Manacus manacus,Turdus rufiventris,Didelphis aurita,Baryphthengus ruficapillus,Conopophaga lineata,Turdus rufiventris,Turdus rufiventris,Tachyphonus coronatus,Didelphis aurita,Didelphis aurita,Didelphis aurita,Turdus rufiventris,Manacus,Pipridae,1,Bajo
2876,Manacus manacus,Myiothlypis leucoblephara,Synallaxis ruficapilla,Conopophaga lineata,Conopophaga lineata,Conopophaga lineata,Conopophaga lineata,Myiothlypis leucoblephara,Synallaxis ruficapilla,Synallaxis ruficapilla,Synallaxis ruficapilla,Myiothlypis leucoblephara,Manacus,Pipridae,1,Bajo
2877,Manacus manacus,Sapajus nigritus,Penelope superciliaris,Brotogeris chiriri,Brotogeris chiriri,Sapajus nigritus,Sapajus nigritus,Penelope superciliaris,Penelope superciliaris,Penelope superciliaris,Penelope superciliaris,Mackenziaena severa,Manacus,Pipridae,1,Bajo
2878,Manacus manacus,Manacus manacus,Pyriglena leucoptera,Pyriglena leucoptera,Pyriglena leucoptera,Manacus manacus,Manacus manacus,Manacus manacus,Pyriglena leucoptera,Pyriglena leucoptera,Pyriglena leucoptera,Manacus manacus,Manacus,Pipridae,1,Bajo
2879,Manacus manacus,Manacus manacus,Myiothlypis leucoblephara,Conopophaga lineata,Conopophaga lineata,Manacus manacus,Conopophaga lineata,Conopophaga lineata,Myiothlypis leucoblephara,Myiothlypis leucoblephara,Myiothlypis leucoblephara,Manacus manacus,Manacus,Pipridae,1,Bajo
2880,Manacus manacus,Myiothlypis leucoblephara,Pyriglena leucoptera,Manacus manacus,Conopophaga lineata,Manacus manacus,Habia rubica,Synallaxis ruficapilla,Pyriglena leucoptera,Pyriglena leucoptera,Pyriglena leucoptera,Myiothlypis leucoblephara,Manacus,Pipridae,1,Bajo
2881,Manacus manacus,Pogonotriccus eximius,Habia rubica,Habia rubica,Turdus rufiventris,Manacus manacus,Habia rubica,Manacus manacus,Habia rubica,Habia rubica,Habia rubica,Pogonotriccus eximius,Manacus,Pipridae,1,Bajo
2882,Manacus manacus,Hypoedaleus guttatus,Hypoedaleus guttatus,Habia rubica,Baryphthengus ruficapillus,Hypoedaleus guttatus,Hypoedaleus guttatus,Hypoedaleus guttatus,Hypoedaleus guttatus,Hypoedaleus guttatus,Hypoedaleus guttatus,Hypoedaleus guttatus,Manacus,Pipridae,1,Bajo
2883,Manacus manacus,Pogonotriccus eximius,Conopophaga lineata,Conopophaga lineata,Conopophaga lineata,Pogonotriccus eximius,Habia rubica,Conopophaga lineata,Conopophaga lineata,Conopophaga lineata,Conopophaga lineata,Pogonotriccus eximius,Manacus,Pipridae,1,Bajo
2884,Manacus manacus,Synallaxis ruficapilla,Synallaxis ruficapilla,Manacus manacus,Conopophaga lineata,Conopophaga lineata,Conopophaga lineata,Conopophaga lineata,Synallaxis ruficapilla,Synallaxis ruficapilla,Synallaxis ruficapilla,Synallaxis ruficapilla,Manacus,Pipridae,1,Bajo
2885,Manacus manacus,Hypoedaleus guttatus,Pyriglena leucoptera,Pyriglena leucoptera,Baryphthengus ruficapillus,Manacus manacus,Hypoedaleus guttatus,Hypoedaleus guttatus,Pyriglena leucoptera,Pyriglena leucoptera,Pyriglena leucoptera,Hypoedaleus guttatus,Manacus,Pipridae,1,Bajo
2886,Manacus manacus,Manacus manacus,Pyriglena leucoptera,Cyanoloxia brissonii,Cyanoloxia brissonii,Manacus manacus,Manacus manacus,Habia rubica,Pyriglena leucoptera,Pyriglena leucoptera,Pyriglena leucoptera,Manacus manacus,Manacus,Pipridae,1,Bajo
2887,Manacus manacus,Manacus manacus,Biatas nigropectus,Biatas nigropectus,Conopophaga lineata,Manacus manacus,Manacus manacus,Manacus manacus,Biatas nigropectus,Biatas nigropectus,Biatas nigropectus,Manacus manacus,Manacus,Pipridae,1,Bajo
2889,Manacus manacus,Manacus manacus,Conopophaga lineata,Conopophaga lineata,Conopophaga lineata,Manacus manacus,Conopophaga lineata,Conopophaga lineata,Conopophaga lineata,Conopophaga lineata,Conopophaga lineata,Manacus manacus,Manacus,Pipridae,1,Bajo
2890,Manacus manacus,Manacus manacus,Pyriglena leucoptera,Conopophaga lineata,Conopophaga lineata,Manacus manacus,Manacus manacus,Manacus manacus,Pyriglena leucoptera,Pyriglena leucoptera,Pyriglena leucoptera,Manacus manacus,Manacus,Pipridae,1,Bajo
2892,Manacus manacus,Mackenziaena severa,Mackenziaena severa,Conopophaga lineata,Mackenziaena severa,Manacus manacus,Cyanoloxia brissonii,Myiothlypis leucoblephara,Mackenziaena severa,Mackenziaena severa,Mackenziaena severa,Mackenziaena severa,Manacus,Pipridae,1,Bajo
2894,Manacus manacus,Manacus manacus,Conopophaga lineata,Conopophaga lineata,Conopophaga lineata,Manacus manacus,Conopophaga lineata,Conopophaga lineata,Conopophaga lineata,Conopophaga lineata,Conopophaga lineata,Manacus manacus,Manacus,Pipridae,1,Bajo
2896,Manacus manacus,Manacus manacus,Manacus manacus,Manacus manacus,Manacus manacus,Manacus manacus,Manacus manacus,Manacus manacus,Manacus manacus,Manacus manacus,Manacus manacus,Manacus manacus,Manacus,Pipridae,1,Bajo
2898,Manacus manacus,Habia rubica,Conopophaga lineata,Conopophaga lineata,Conopophaga lineata,Manacus manacus,Habia rubica,Conopophaga lineata,Conopophaga lineata,Conopophaga lineata,Conopophaga lineata,Habia rubica,Manacus,Pipridae,1,Bajo
2899,Manacus manacus,Synallaxis ruficapilla,Baryphthengus ruficapillus,Synallaxis ruficapilla,Synallaxis ruficapilla,Synallaxis ruficapilla,Synallaxis ruficapilla,Synallaxis ruficapilla,Baryphthengus ruficapillus,Baryphthengus ruficapillus,Baryphthengus ruficapillus,Synallaxis ruficapilla,Manacus,Pipridae,1,Bajo
2900,Manacus manacus,Hypoedaleus guttatus,Synallaxis ruficapilla,Biatas nigropectus,Biatas nigropectus,Hypoedaleus guttatus,Hypoedaleus guttatus,Manacus manacus,Synallaxis ruficapilla,Synallaxis ruficapilla,Synallaxis ruficapilla,Mackenziaena severa,Manacus,Pipridae,1,Bajo
2902,Manacus manacus,Pogonotriccus eximius,Habia rubica,Conopophaga lineata,Conopophaga lineata,Manacus manacus,Conopophaga lineata,Conopophaga lineata,Habia rubica,Habia rubica,Habia rubica,Pogonotriccus eximius,Manacus,Pipridae,1,Bajo
2904,Manacus manacus,Hypoedaleus guttatus,Habia rubica,Habia rubica,Conopophaga lineata,Turdus albicollis,Hypoedaleus guttatus,Habia rubica,Habia rubica,Habia rubica,Habia rubica,Hypoedaleus guttatus,Manacus,Pipridae,1,Bajo
2905,Manacus manacus,Pyriglena leucoptera,Pogonotriccus eximius,Pogonotriccus eximius,Pogonotriccus eximius,Manacus manacus,Conopophaga lineata,Habia rubica,Pogonotriccus eximius,Pogonotriccus eximius,Pogonotriccus eximius,Pyriglena leucoptera,Manacus,Pipridae,1,Bajo
2906,Manacus manacus,Canis familiaris,Leptotila rufaxilla,Conopophaga lineata,Chamaeza campanisona,Leptotila rufaxilla,Didelphis albiventris,Didelphis albiventris,Leptotila rufaxilla,Leptotila rufaxilla,Leptotila rufaxilla,Canis familiaris,Manacus,Pipridae,1,Bajo
2907,Manacus manacus,Turdus rufiventris,Myiothlypis leucoblephara,Conopophaga lineata,Chamaeza campanisona,Myiothlypis leucoblephara,Tachyphonus coronatus,Aramides saracura,Myiothlypis leucoblephara,Myiothlypis leucoblephara,Myiothlypis leucoblephara,Chamaeza campanisona,Manacus,Pipridae,1,Bajo
2908,Manacus manacus,Biatas nigropectus,Manacus manacus,Cyanoloxia brissonii,Biatas nigropectus,Manacus manacus,Conopophaga lineata,Manacus manacus,Manacus manacus,Manacus manacus,Manacus manacus,Biatas nigropectus,Manacus,Pipridae,1,Bajo
2909,Manacus manacus,Conopophaga lineata,Myiothlypis leucoblephara,Conopophaga lineata,Conopophaga lineata,Manacus manacus,Conopophaga lineata,Conopophaga lineata,Myiothlypis leucoblephara,Myiothlypis leucoblephara,Myiothlypis leucoblephara,Pogonotriccus eximius,Manacus,Pipridae,1,Bajo
2910,Manacus manacus,Manacus manacus,Manacus manacus,Manacus manacus,Manacus manacus,Manacus manacus,Manacus manacus,Manacus manacus,Manacus manacus,Manacus manacus,Manacus manacus,Manacus manacus,Manacus,Pipridae,1,Bajo
2911,Manacus manacus,Manacus manacus,Manacus manacus,Manacus manacus,Manacus manacus,Manacus manacus,Manacus manacus,Manacus manacus,Manacus manacus,Manacus manacus,Manacus manacus,Manacus manacus,Manacus,Pipridae,1,Bajo
2912,Manacus manacus,Cyanoloxia brissonii,Baryphthengus ruficapillus,Baryphthengus ruficapillus,Baryphthengus ruficapillus,Cyanoloxia brissonii,Turdus albicollis,Turdus albicollis,Baryphthengus ruficapillus,Baryphthengus ruficapillus,Baryphthengus ruficapillus,Cyanoloxia brissonii,Manacus,Pipridae,1,Bajo
2913,Manacus manacus,Cyanoloxia brissonii,Manacus manacus,Cyanoloxia brissonii,Amazona aestiva,Manacus manacus,Cyanoloxia brissonii,Brotogeris chiriri,Manacus manacus,Manacus manacus,Manacus manacus,Cyanoloxia brissonii,Manacus,Pipridae,1,Bajo
2914,Manacus manacus,Geotrygon montana,Conopophaga lineata,Conopophaga lineata,Conopophaga lineata,Conopophaga lineata,Didelphis aurita,Selenidera maculirostris,Conopophaga lineata,Conopophaga lineata,Conopophaga lineata,Geotrygon montana,Manacus,Pipridae,1,Bajo
2915,Manacus manacus,Manacus manacus,Turdus rufiventris,Hypoedaleus guttatus,Habia rubica,Manacus manacus,Habia rubica,Conopophaga lineata,Turdus rufiventris,Turdus rufiventris,Turdus rufiventris,Manacus manacus,Manacus,Pipridae,1,Bajo
2916,Manacus manacus,Manacus manacus,Manacus manacus,Manacus manacus,Manacus manacus,Manacus manacus,Manacus manacus,Manacus manacus,Manacus manacus,Manacus manacus,Manacus manacus,Manacus manacus,Manacus,Pipridae,1,Bajo
2917,Manacus manacus,Hypoedaleus guttatus,Baryphthengus ruficapillus,Alouatta guariba clamitans,Alouatta guariba clamitans,Baryphthengus ruficapillus,Hypoedaleus guttatus,Hypoedaleus guttatus,Baryphthengus ruficapillus,Baryphthengus ruficapillus,Baryphthengus ruficapillus,Hypoedaleus guttatus,Manacus,Pipridae,1,Bajo
2918,Manacus manacus,Manacus manacus,Manacus manacus,Manacus manacus,Manacus manacus,Manacus manacus,Manacus manacus,Manacus manacus,Manacus manacus,Manacus manacus,Manacus manacus,Manacus manacus,Manacus,Pipridae,1,Bajo
2919,Manacus manacus,Manacus manacus,Manacus manacus,Cyanocorax chrysops,Cyanocorax chrysops,Manacus manacus,Manacus manacus,Manacus manacus,Manacus manacus,Manacus manacus,Manacus manacus,Manacus manacus,Manacus,Pipridae,1,Bajo
2920,Manacus manacus,Manacus manacus,Manacus manacus,Manacus manacus,Manacus manacus,Manacus manacus,Manacus manacus,Manacus manacus,Manacus manacus,Manacus manacus,Manacus manacus,Manacus manacus,Manacus,Pipridae,1,Bajo
2921,Manacus manacus,Conopophaga lineata,Turdus rufiventris,Manacus manacus,Conopophaga lineata,Cyanoloxia brissonii,Cyanoloxia brissonii,Conopophaga lineata,Turdus rufiventris,Turdus rufiventris,Turdus rufiventris,Conopophaga lineata,Manacus,Pipridae,1,Bajo
2922,Manacus manacus,Manacus manacus,Manacus manacus,Manacus manacus,Manacus manacus,Manacus manacus,Manacus manacus,Manacus manacus,Manacus manacus,Manacus manacus,Manacus manacus,Manacus manacus,Manacus,Pipridae,1,Bajo
2924,Manacus manacus,Hypoedaleus guttatus,Myiothlypis leucoblephara,Conopophaga lineata,Biatas nigropectus,Hypoedaleus guttatus,Hypoedaleus guttatus,Myiothlypis leucoblephara,Myiothlypis leucoblephara,Myiothlypis leucoblephara,Myiothlypis leucoblephara,Hypoedaleus guttatus,Manacus,Pipridae,1,Bajo
2925,Manacus manacus,Manacus manacus,Manacus manacus,Manacus manacus,Baryphthengus ruficapillus,Manacus manacus,Manacus manacus,Cyanoloxia brissonii,Manacus manacus,Manacus manacus,Manacus manacus,Manacus manacus,Manacus,Pipridae,1,Bajo
2926,Manacus manacus,Biatas nigropectus,Mackenziaena severa,Mackenziaena severa,Mackenziaena severa,Myiothlypis leucoblephara,Baryphthengus ruficapillus,Myiothlypis leucoblephara,Mackenziaena severa,Mackenziaena severa,Mackenziaena severa,Biatas nigropectus,Manacus,Pipridae,1,Bajo
2927,Manacus manacus,Manacus manacus,Manacus manacus,Mackenziaena severa,Cyanocorax chrysops,Notharchus swainsoni,Manacus manacus,Manacus manacus,Manacus manacus,Manacus manacus,Manacus manacus,Manacus manacus,Manacus,Pipridae,1,Bajo
2929,Manacus manacus,Pyriglena leucoptera,Habia rubica,Habia rubica,Habia rubica,Biatas nigropectus,Pyriglena leucoptera,Baryphthengus ruficapillus,Habia rubica,Habia rubica,Habia rubica,Pyriglena leucoptera,Manacus,Pipridae,1,Bajo
2931,Manacus manacus,Manacus manacus,Myiothlypis leucoblephara,Myiothlypis leucoblephara,Myiothlypis leucoblephara,Manacus manacus,Manacus manacus,Conopophaga lineata,Myiothlypis leucoblephara,Myiothlypis leucoblephara,Myiothlypis leucoblephara,Manacus manacus,Manacus,Pipridae,1,Bajo
2932,Manacus manacus,Nyctidromus albicollis,Turdus rufiventris,Crypturellus tataupa,Crypturellus tataupa,Nyctidromus albicollis,Nyctidromus albicollis,Leptotila verreauxi,Turdus rufiventris,Turdus rufiventris,Turdus rufiventris,Nyctidromus albicollis,Manacus,Pipridae,1,Bajo
2933,Manacus manacus,Manacus manacus,Manacus manacus,Manacus manacus,Manacus manacus,Manacus manacus,Manacus manacus,Manacus manacus,Manacus manacus,Manacus manacus,Manacus manacus,Manacus manacus,Manacus,Pipridae,1,Bajo
2935,Manacus manacus,Manacus manacus,Manacus manacus,Manacus manacus,Manacus manacus,Manacus manacus,Manacus manacus,Conopophaga lineata,Manacus manacus,Manacus manacus,Manacus manacus,Manacus manacus,Manacus,Pipridae,1,Bajo
2936,Manacus manacus,Tachyphonus coronatus,Hypoedaleus guttatus,Habia rubica,Habia rubica,Myiothlypis leucoblephara,Tachyphonus coronatus,Hypoedaleus guttatus,Hypoedaleus guttatus,Hypoedaleus guttatus,Hypoedaleus guttatus,Tachyphonus coronatus,Manacus,Pipridae,1,Bajo
2937,Manacus manacus,Sapajus nigritus,Pyriglena leucoptera,Mackenziaena severa,Conopophaga lineata vulgaris,Brotogeris chiriri,Penelope superciliaris,Amazona aestiva,Pyriglena leucoptera,Pyriglena leucoptera,Pyriglena leucoptera,Mackenziaena severa,Manacus,Pipridae,1,Bajo
2938,Manacus manacus,Manacus manacus,Manacus manacus,Manacus manacus,Manacus manacus,Manacus manacus,Manacus manacus,Manacus manacus,Manacus manacus,Manacus manacus,Manacus manacus,Manacus manacus,Manacus,Pipridae,1,Bajo
2939,Nasua nasua,Dasyprocta azarae,Turdus rufiventris,Cerdocyon thous,Eira barbara,Nasua nasua,Dasyprocta azarae,Dasyprocta azarae,Turdus rufiventris,Turdus rufiventris,Turdus rufiventris,Dasyprocta azarae,Nasua,Procyonidae,1,Bajo
2940,Nasua nasua,Nasua nasua,Nasua nasua,Nasua nasua,Hydrochoerus hydrochaeris,Salvator merianae,Nasua nasua,Galictis cuja,Nasua nasua,Nasua nasua,Nasua nasua,Nasua nasua,Nasua,Procyonidae,1,Bajo
2941,Nasua nasua,Sapajus nigritus,Alouatta guariba,Alouatta guariba,Alouatta caraya,Sapajus nigritus,Sapajus nigritus,Turdus albicollis,Alouatta guariba,Alouatta guariba,Alouatta guariba,Sapajus nigritus,Nasua,Procyonidae,1,Bajo
2942,Nasua nasua,Dasyprocta azarae,Nasua nasua,Dasyprocta azarae,Dasyprocta azarae,Dasyprocta azarae,Dasyprocta azarae,Nasua nasua,Nasua nasua,Nasua nasua,Nasua nasua,Dasyprocta azarae,Nasua,Procyonidae,1,Bajo
2944,Nasua nasua,Aramides saracura,Aramides saracura,Aramides saracura,Aramides saracura,Hydrochoerus hydrochaeris,Aramides saracura,Eira barbara,Aramides saracura,Aramides saracura,Aramides saracura,Aramides saracura,Nasua,Procyonidae,1,Bajo
2945,Nasua nasua,Herpailurus yagouaroundi,Galictis cuja,Aramides saracura,Aramides saracura,Nasua nasua,Dasyprocta azarae,Dasyprocta azarae,Galictis cuja,Galictis cuja,Galictis cuja,Herpailurus yagouaroundi,Nasua,Procyonidae,1,Bajo
2946,Nasua nasua,Tayassu pecari,Cerdocyon thous,Dasyprocta azarae,Dasyprocta azarae,Cerdocyon thous,Cerdocyon thous,Cerdocyon thous,Cerdocyon thous,Cerdocyon thous,Cerdocyon thous,Tayassu pecari,Nasua,Procyonidae,1,Bajo
2947,Nasua nasua,Nasua nasua,Nasua nasua,Nasua nasua,Nasua nasua,Nasua nasua,Nasua nasua,Nasua nasua,Nasua nasua,Nasua nasua,Nasua nasua,Nasua nasua,Nasua,Procyonidae,1,Bajo
2948,Nasua nasua,Dasyprocta azarae,Nasua nasua,Cerdocyon thous,Nasua nasua,Dasyprocta azarae,Dasyprocta azarae,Salvator merianae,Nasua nasua,Nasua nasua,Nasua nasua,Dasyprocta azarae,Nasua,Procyonidae,1,Bajo
2949,Nasua nasua,Nasua nasua,Dasyprocta azarae,Dasyprocta azarae,Dasyprocta azarae,Nasua nasua,Nasua nasua,Dasyprocta azarae,Dasyprocta azarae,Dasyprocta azarae,Dasyprocta azarae,Nasua nasua,Nasua,Procyonidae,1,Bajo
2950,Nasua nasua,Sapajus nigritus,Penelope superciliaris,Odontophorus capueira,Penelope superciliaris,Sapajus nigritus,Sapajus nigritus,Sapajus nigritus,Penelope superciliaris,Penelope superciliaris,Penelope superciliaris,Sapajus nigritus,Nasua,Procyonidae,1,Bajo
2951,Nasua nasua,Dasyprocta azarae,Dasyprocta azarae,Aramides saracura,Dasyprocta azarae,Nasua nasua,Dasyprocta azarae,Salvator merianae,Dasyprocta azarae,Dasyprocta azarae,Dasyprocta azarae,Dasyprocta azarae,Nasua,Procyonidae,1,Bajo
2952,Nasua nasua,Nasua nasua,Nasua nasua,Nasua nasua,Nasua nasua,Nasua nasua,Nasua nasua,Galictis cuja,Nasua nasua,Nasua nasua,Nasua nasua,Nasua nasua,Nasua,Procyonidae,1,Bajo
2953,Nasua nasua,Nasua nasua,Nasua nasua,Herpailurus yagouaroundi,Cerdocyon thous,Nasua nasua,Galictis cuja,Nasua nasua,Nasua nasua,Nasua nasua,Nasua nasua,Nasua nasua,Nasua,Procyonidae,1,Bajo
2954,Nasua nasua,Nasua nasua,Nasua nasua,Nasua nasua,Nasua nasua,Nasua nasua,Nasua nasua,Nasua nasua,Nasua nasua,Nasua nasua,Nasua nasua,Nasua nasua,Nasua,Procyonidae,1,Bajo
2955,Nasua nasua,Dasyprocta azarae,Sapajus nigritus,Nasua nasua,Eira barbara,Sapajus nigritus,Dasyprocta azarae,Eira barbara,Sapajus nigritus,Sapajus nigritus,Sapajus nigritus,Dasyprocta azarae,Nasua,Procyonidae,1,Bajo
2956,Nasua nasua,Nasua nasua,Eira barbara,Nasua nasua,Nasua nasua,Nasua nasua,Nasua nasua,Nasua nasua,Eira barbara,Eira barbara,Eira barbara,Nasua nasua,Nasua,Procyonidae,1,Bajo
2957,Nasua nasua,Didelphis aurita,Nasua nasua,Didelphis aurita,Eira barbara,Didelphis aurita,Didelphis aurita,Nasua nasua,Nasua nasua,Nasua nasua,Nasua nasua,Didelphis aurita,Nasua,Procyonidae,1,Bajo
2959,Nasua nasua,Sapajus nigritus,Penelope superciliaris,Penelope superciliaris,Alouatta caraya,Alouatta guariba,Sapajus nigritus,Pipile jacutinga,Penelope superciliaris,Penelope superciliaris,Penelope superciliaris,Sapajus nigritus,Nasua,Procyonidae,1,Bajo
2962,Nasua nasua,Nasua nasua,Nasua nasua,Dasyprocta azarae,Nasua nasua,Nasua nasua,Nasua nasua,Nasua nasua,Nasua nasua,Nasua nasua,Nasua nasua,Nasua nasua,Nasua,Procyonidae,1,Bajo
2963,Nasua nasua,Nasua nasua,Nasua nasua,Nasua nasua,Nasua nasua,Nasua nasua,Nasua nasua,Nasua nasua,Nasua nasua,Nasua nasua,Nasua nasua,Nasua nasua,Nasua,Procyonidae,1,Bajo
2965,Nasua nasua,Dasyprocta azarae,Nasua nasua,Dasyprocta azarae,Dasyprocta azarae,Nasua nasua,Dasyprocta azarae,Nasua nasua,Nasua nasua,Nasua nasua,Nasua nasua,Dasyprocta azarae,Nasua,Procyonidae,1,Bajo
2966,Nasua nasua,Didelphis aurita,Alouatta guariba clamitans,Alouatta guariba clamitans,Alouatta guariba clamitans,Eira barbara,Didelphis aurita,Didelphis albiventris,Alouatta guariba clamitans,Alouatta guariba clamitans,Alouatta guariba clamitans,Didelphis aurita,Nasua,Procyonidae,1,Bajo
2967,Nasua nasua,Nasua nasua,Nasua nasua,Eira barbara,Eira barbara,Nasua nasua,Nasua nasua,Nasua nasua,Nasua nasua,Nasua nasua,Nasua nasua,Nasua nasua,Nasua,Procyonidae,1,Bajo
2968,Nasua nasua,Nasua nasua,Nasua nasua,Nasua nasua,Nasua nasua,Nasua nasua,Nasua nasua,Nasua nasua,Nasua nasua,Nasua nasua,Nasua nasua,Nasua nasua,Nasua,Procyonidae,1,Bajo
2969,Nasua nasua,Dasyprocta azarae,Nasua nasua,Galictis cuja,Crypturellus obsoletus,Eira barbara,Dasyprocta azarae,Eira barbara,Nasua nasua,Nasua nasua,Nasua nasua,Dasyprocta azarae,Nasua,Procyonidae,1,Bajo
2971,Nasua nasua,Sylvilagus brasiliensis,Didelphis aurita,Didelphis aurita,Didelphis aurita,Nasua nasua,Sylvilagus brasiliensis,Dasyprocta azarae,Didelphis aurita,Didelphis aurita,Didelphis aurita,Sylvilagus brasiliensis,Nasua,Procyonidae,1,Bajo
2972,Nasua nasua,Nasua nasua,Nasua nasua,Didelphis aurita,Nasua nasua,Nasua nasua,Nasua nasua,Salvator merianae,Nasua nasua,Nasua nasua,Nasua nasua,Nasua nasua,Nasua,Procyonidae,1,Bajo
2974,Nasua nasua,Canis familiaris,Hydrochoerus hydrochaeris,Canis familiaris,Nasua nasua,Canis familiaris,Dasyprocta azarae,Phrynops williamsi,Hydrochoerus hydrochaeris,Hydrochoerus hydrochaeris,Hydrochoerus hydrochaeris,Canis familiaris,Nasua,Procyonidae,1,Bajo
2975,Nasua nasua,Eira barbara,Nasua nasua,Nasua nasua,Eira barbara,Nasua nasua,Eira barbara,Galictis cuja,Nasua nasua,Nasua nasua,Nasua nasua,Eira barbara,Nasua,Procyonidae,1,Bajo
2978,Nasua nasua,Cerdocyon thous,Lontra longicaudis,Lontra longicaudis,Cerdocyon thous,Cerdocyon thous,Cerdocyon thous,Cerdocyon thous,Lontra longicaudis,Lontra longicaudis,Lontra longicaudis,Cerdocyon thous,Nasua,Procyonidae,1,Bajo
2979,Nasua nasua,Aramides saracura,Tamandua tetradactyla,Leptotila verreauxi,Crypturellus obsoletus,Nasua nasua,Dasyprocta azarae,Lepus europaeus,Tamandua tetradactyla,Tamandua tetradactyla,Tamandua tetradactyla,Aramides saracura,Nasua,Procyonidae,1,Bajo
2980,Nasua nasua,Nasua nasua,Nasua nasua,Nasua nasua,Eira barbara,Nasua nasua,Nasua nasua,Nasua nasua,Nasua nasua,Nasua nasua,Nasua nasua,Nasua nasua,Nasua,Procyonidae,1,Bajo
2981,Nasua nasua,Dasyprocta azarae,Eira barbara,Crypturellus tataupa,Crypturellus tataupa,Nasua nasua,Dasyprocta azarae,Nasua nasua,Eira barbara,Eira barbara,Eira barbara,Dasyprocta azarae,Nasua,Procyonidae,1,Bajo
2982,Nasua nasua,Nasua nasua,Cyanocorax chrysops,Canis familiaris,Canis familiaris,Nasua nasua,Nasua nasua,Leptotila verreauxi,Cyanocorax chrysops,Cyanocorax chrysops,Cyanocorax chrysops,Nasua nasua,Nasua,Procyonidae,1,Bajo
2983,Nasua nasua,Nasua nasua,Nasua nasua,Nasua nasua,Nasua nasua,Nasua nasua,Nasua nasua,Nasua nasua,Nasua nasua,Nasua nasua,Nasua nasua,Nasua nasua,Nasua,Procyonidae,1,Bajo
2984,Nasua nasua,Nasua nasua,Dasyprocta azarae,Dasyprocta azarae,Dasyprocta azarae,Nasua nasua,Nasua nasua,Nasua nasua,Dasyprocta azarae,Dasyprocta azarae,Dasyprocta azarae,Nasua nasua,Nasua,Procyonidae,1,Bajo
2985,Nasua nasua,Dasyprocta azarae,Mazama nanus,Dasyprocta azarae,Dasyprocta azarae,Sylvilagus brasiliensis,Dasyprocta azarae,Pecari tajacu,Mazama nanus,Mazama nanus,Mazama nanus,Dasyprocta azarae,Nasua,Procyonidae,1,Bajo
2986,Nasua nasua,Nasua nasua,Nasua nasua,Eira barbara,Eira barbara,Nasua nasua,Nasua nasua,Nasua nasua,Nasua nasua,Nasua nasua,Nasua nasua,Nasua nasua,Nasua,Procyonidae,1,Bajo
2988,Nasua nasua,Nasua nasua,Nasua nasua,Nasua nasua,Nasua nasua,Nasua nasua,Nasua nasua,Nasua nasua,Nasua nasua,Nasua nasua,Nasua nasua,Nasua nasua,Nasua,Procyonidae,1,Bajo
2989,Nasua nasua,Nasua nasua,Nasua nasua,Nasua nasua,Nasua nasua,Nasua nasua,Nasua nasua,Nasua nasua,Nasua nasua,Nasua nasua,Nasua nasua,Nasua nasua,Nasua,Procyonidae,1,Bajo
2990,Nasua nasua,Nasua nasua,Dasyprocta azarae,Nasua nasua,Dasyprocta azarae,Nasua nasua,Galictis cuja,Galictis cuja,Dasyprocta azarae,Dasyprocta azarae,Dasyprocta azarae,Nasua nasua,Nasua,Procyonidae,1,Bajo
2991,Nasua nasua,Dasyprocta azarae,Crypturellus tataupa,Aramides saracura,Aramides saracura,Nasua nasua,Dasyprocta azarae,Dasyprocta azarae,Crypturellus tataupa,Crypturellus tataupa,Crypturellus tataupa,Dasyprocta azarae,Nasua,Procyonidae,1,Bajo
2992,Nasua nasua,Alouatta guariba clamitans,Nasua nasua,Nasua nasua,Alouatta guariba clamitans,Alouatta guariba clamitans,Alouatta guariba clamitans,Alouatta guariba,Nasua nasua,Nasua nasua,Nasua nasua,Alouatta guariba clamitans,Nasua,Procyonidae,1,Bajo
2993,Nasua nasua,Alouatta guariba clamitans,Sapajus nigritus,Conopophaga lineata,Baryphthengus ruficapillus,Nasua nasua,Alouatta guariba clamitans,Sapajus nigritus,Sapajus nigritus,Sapajus nigritus,Sapajus nigritus,Alouatta guariba clamitans,Nasua,Procyonidae,1,Bajo
2994,Nasua nasua,Sapajus nigritus,Nasua nasua,Nasua nasua,Dasyprocta azarae,Sapajus nigritus,Dasyprocta azarae,Nasua nasua,Nasua nasua,Nasua nasua,Nasua nasua,Sapajus nigritus,Nasua,Procyonidae,1,Bajo
2995,Nasua nasua,Eira barbara,Didelphis aurita,Didelphis aurita,Cerdocyon thous,Eira barbara,Eira barbara,Eira barbara,Didelphis aurita,Didelphis aurita,Didelphis aurita,Eira barbara,Nasua,Procyonidae,1,Bajo
2996,Nasua nasua,Nasua nasua,Nasua nasua,Nasua nasua,Nasua nasua,Nasua nasua,Nasua nasua,Nasua nasua,Nasua nasua,Nasua nasua,Nasua nasua,Nasua nasua,Nasua,Procyonidae,1,Bajo
2997,Nasua nasua,Galictis cuja,Dasyprocta azarae,Cerdocyon thous,Cerdocyon thous,Galictis cuja,Galictis cuja,Galictis cuja,Dasyprocta azarae,Dasyprocta azarae,Dasyprocta azarae,Galictis cuja,Nasua,Procyonidae,1,Bajo
2998,Nasua nasua,Eira barbara,Nasua nasua,Eira barbara,Nasua nasua,Nasua nasua,Eira barbara,Dasyprocta azarae,Nasua nasua,Nasua nasua,Nasua nasua,Eira barbara,Nasua,Procyonidae,1,Bajo
2999,Nasua nasua,Sapajus nigritus,Sapajus nigritus,Alouatta caraya,Alouatta caraya,Nasua nasua,Nasua nasua,Alouatta caraya,Sapajus nigritus,Sapajus nigritus,Sapajus nigritus,Alouatta caraya,Nasua,Procyonidae,1,Bajo
3001,Nasua nasua,Nasua nasua,Nasua nasua,Dasyprocta azarae,Nasua nasua,Nasua nasua,Nasua nasua,Nasua nasua,Nasua nasua,Nasua nasua,Nasua nasua,Nasua nasua,Nasua,Procyonidae,1,Bajo
3002,Nasua nasua,Nasua nasua,Nasua nasua,Nasua nasua,Nasua nasua,Nasua nasua,Nasua nasua,Nasua nasua,Nasua nasua,Nasua nasua,Nasua nasua,Nasua nasua,Nasua,Procyonidae,1,Bajo
3003,Nasua nasua,Nasua nasua,Nasua nasua,Nasua nasua,Nasua nasua,Nasua nasua,Nasua nasua,Nasua nasua,Nasua nasua,Nasua nasua,Nasua nasua,Nasua nasua,Nasua,Procyonidae,1,Bajo
3004,Nasua nasua,Nasua nasua,Didelphis albiventris,Nasua nasua,Nasua nasua,Nasua nasua,Nasua nasua,Nasua nasua,Didelphis albiventris,Didelphis albiventris,Didelphis albiventris,Nasua nasua,Nasua,Procyonidae,1,Bajo
3005,Nasua nasua,Nasua nasua,Nasua nasua,Eira barbara,Eira barbara,Nasua nasua,Nasua nasua,Nasua nasua,Nasua nasua,Nasua nasua,Nasua nasua,Nasua nasua,Nasua,Procyonidae,1,Bajo
3008,Procyon cancrivorus,Didelphis aurita,Galictis cuja,Cerdocyon thous,Cerdocyon thous,Didelphis aurita,Didelphis aurita,Didelphis aurita,Galictis cuja,Galictis cuja,Galictis cuja,Didelphis aurita,Procyon,Procyonidae,1,Bajo
3009,Procyon cancrivorus,Procyon cancrivorus,Procyon cancrivorus,Cerdocyon thous,Cerdocyon thous,Procyon cancrivorus,Cerdocyon thous,Procyon cancrivorus,Procyon cancrivorus,Procyon cancrivorus,Procyon cancrivorus,Procyon cancrivorus,Procyon,Procyonidae,1,Bajo
3011,Procyon cancrivorus,Tamandua tetradactyla,Cerdocyon thous,Cerdocyon thous,Cerdocyon thous,Cerdocyon thous,Galictis cuja,Cerdocyon thous,Cerdocyon thous,Cerdocyon thous,Cerdocyon thous,Tamandua tetradactyla,Procyon,Procyonidae,1,Bajo
3014,Procyon cancrivorus,Galictis cuja,Herpailurus yagouaroundi,Herpailurus yagouaroundi,Cerdocyon thous,Didelphis aurita,Galictis cuja,Cerdocyon thous,Herpailurus yagouaroundi,Herpailurus yagouaroundi,Herpailurus yagouaroundi,Galictis cuja,Procyon,Procyonidae,1,Bajo
3015,Procyon cancrivorus,Sylvilagus brasiliensis,Sylvilagus brasiliensis,Didelphis aurita,Didelphis aurita,Sylvilagus brasiliensis,Galictis cuja,Leptotila rufaxilla,Sylvilagus brasiliensis,Sylvilagus brasiliensis,Sylvilagus brasiliensis,Sylvilagus brasiliensis,Procyon,Procyonidae,1,Bajo
3016,Procyon cancrivorus,Leopardus wiedii,Sapajus nigritus,Cuniculus paca,Cuniculus paca,Myiothlypis leucoblephara,Dasyprocta azarae,Aramides saracura,Sapajus nigritus,Sapajus nigritus,Sapajus nigritus,Leopardus wiedii,Procyon,Procyonidae,1,Bajo
3017,Procyon cancrivorus,Procyon cancrivorus,Procyon cancrivorus,Leopardus guttulus,Cerdocyon thous,Sylvilagus brasiliensis,Cerdocyon thous,Cerdocyon thous,Procyon cancrivorus,Procyon cancrivorus,Procyon cancrivorus,Procyon cancrivorus,Procyon,Procyonidae,1,Bajo
3018,Procyon cancrivorus,Lycalopex gymnocerca,Subulo gouazoubira,Euphractus sexcinctus,Lepus europaeus,Subulo gouazoubira,Lepus europaeus,Galictis cuja,Subulo gouazoubira,Subulo gouazoubira,Subulo gouazoubira,Procyon cancrivorus,Procyon,Procyonidae,1,Bajo
3019,Procyon cancrivorus,Cuniculus paca,Procyon cancrivorus,Cuniculus paca,Cuniculus paca,Cerdocyon thous,Cerdocyon thous,Cerdocyon thous,Procyon cancrivorus,Procyon cancrivorus,Procyon cancrivorus,Cuniculus paca,Procyon,Procyonidae,1,Bajo
3020,Procyon cancrivorus,Cuniculus paca,Procyon cancrivorus,Cerdocyon thous,Cerdocyon thous,Cerdocyon thous,Cerdocyon thous,Cerdocyon thous,Procyon cancrivorus,Procyon cancrivorus,Procyon cancrivorus,Cuniculus paca,Procyon,Procyonidae,1,Bajo
3021,Procyon cancrivorus,Galictis cuja,Procyon cancrivorus,Galictis cuja,Cerdocyon thous,Galictis cuja,Galictis cuja,Galictis cuja,Procyon cancrivorus,Procyon cancrivorus,Procyon cancrivorus,Galictis cuja,Procyon,Procyonidae,1,Bajo
3022,Procyon cancrivorus,Procyon cancrivorus,Cerdocyon thous,Procyon cancrivorus,Procyon cancrivorus,Cerdocyon thous,Cerdocyon thous,Eira barbara,Cerdocyon thous,Cerdocyon thous,Cerdocyon thous,Procyon cancrivorus,Procyon,Procyonidae,1,Bajo
3024,Procyon cancrivorus,Leopardus pardalis mitis,Leopardus pardalis mitis,Didelphis albiventris,Cuniculus paca,Leopardus wiedii,Didelphis albiventris,Didelphis albiventris,Leopardus pardalis mitis,Leopardus pardalis mitis,Leopardus pardalis mitis,Leopardus pardalis mitis,Procyon,Procyonidae,1,Bajo
3025,Procyon cancrivorus,Procyon cancrivorus,Cuniculus paca,Cuniculus paca,Leopardus wiedii,Procyon cancrivorus,Cerdocyon thous,Cerdocyon thous,Cuniculus paca,Cuniculus paca,Cuniculus paca,Procyon cancrivorus,Procyon,Procyonidae,1,Bajo
3026,Procyon cancrivorus,Sylvilagus brasiliensis,Didelphis aurita,Didelphis aurita,Didelphis aurita,Didelphis aurita,Didelphis aurita,Sylvilagus brasiliensis,Didelphis aurita,Didelphis aurita,Didelphis aurita,Sylvilagus brasiliensis,Procyon,Procyonidae,1,Bajo
3027,Procyon cancrivorus,Herpailurus yagouaroundi,Aramides saracura,Aramides saracura,Aramides saracura,Herpailurus yagouaroundi,Aramides saracura,Cerdocyon thous,Aramides saracura,Aramides saracura,Aramides saracura,Herpailurus yagouaroundi,Procyon,Procyonidae,1,Bajo
3028,Procyon cancrivorus,Didelphis aurita,Procyon cancrivorus,Galictis cuja,Cerdocyon thous,Didelphis aurita,Didelphis aurita,Nasua nasua,Procyon cancrivorus,Procyon cancrivorus,Procyon cancrivorus,Didelphis aurita,Procyon,Procyonidae,1,Bajo
3029,Procyon cancrivorus,Procyon cancrivorus,Procyon cancrivorus,Procyon cancrivorus,Didelphis albiventris,Procyon cancrivorus,Cerdocyon thous,Cerdocyon thous,Procyon cancrivorus,Procyon cancrivorus,Procyon cancrivorus,Procyon cancrivorus,Procyon,Procyonidae,1,Bajo
3031,Procyon cancrivorus,Cuniculus paca,Leopardus wiedii,Leopardus wiedii,Cuniculus paca,Cuniculus paca,Cerdocyon thous,Leopardus wiedii,Leopardus wiedii,Leopardus wiedii,Leopardus wiedii,Cuniculus paca,Procyon,Procyonidae,1,Bajo
3032,Procyon cancrivorus,Cuniculus paca,Leopardus wiedii,Cuniculus paca,Cabassous tatouay,Leopardus wiedii,Cerdocyon thous,Leopardus wiedii,Leopardus wiedii,Leopardus wiedii,Leopardus wiedii,Cuniculus paca,Procyon,Procyonidae,1,Bajo
3033,Procyon cancrivorus,Cuniculus paca,Cuniculus paca,Cuniculus paca,Leopardus wiedii,Procyon cancrivorus,Cerdocyon thous,Cuniculus paca,Cuniculus paca,Cuniculus paca,Cuniculus paca,Cuniculus paca,Procyon,Procyonidae,1,Bajo
3034,Procyon cancrivorus,Procyon cancrivorus,Leopardus guttulus,Leopardus guttulus,Cuniculus paca,Procyon cancrivorus,Cerdocyon thous,Leopardus guttulus,Leopardus guttulus,Leopardus guttulus,Leopardus guttulus,Procyon cancrivorus,Procyon,Procyonidae,1,Bajo
3035,Procyon cancrivorus,Tamandua tetradactyla,Tamandua tetradactyla,Cerdocyon thous,Cerdocyon thous,Tamandua tetradactyla,Galictis cuja,Tamandua tetradactyla,Tamandua tetradactyla,Tamandua tetradactyla,Tamandua tetradactyla,Tamandua tetradactyla,Procyon,Procyonidae,1,Bajo
3036,Amazona aestiva,Amazona aestiva,Sapajus nigritus,Alouatta caraya,Alouatta caraya,Amazona aestiva,Amazona aestiva,Alouatta guariba clamitans,Sapajus nigritus,Sapajus nigritus,Sapajus nigritus,Amazona aestiva,Amazona,Psittacidae,4,Alto
3037,Amazona aestiva,Amazona aestiva,Amazona vinacea,Amazona vinacea,Amazona vinacea,Amazona vinacea,Amazona vinacea,Amazona vinacea,Amazona vinacea,Amazona vinacea,Amazona vinacea,Amazona aestiva,Amazona,Psittacidae,4,Alto
3039,Amazona aestiva,Amazona aestiva,Brotogeris chiriri,Amazona vinacea,Amazona vinacea,Amazona aestiva,Amazona aestiva,Amazona vinacea,Brotogeris chiriri,Brotogeris chiriri,Brotogeris chiriri,Amazona aestiva,Amazona,Psittacidae,4,Alto
3040,Amazona aestiva,Amazona aestiva,Amazona vinacea,Amazona vinacea,Amazona vinacea,Amazona aestiva,Amazona aestiva,Amazona vinacea,Amazona vinacea,Amazona vinacea,Amazona vinacea,Amazona aestiva,Amazona,Psittacidae,4,Alto
3041,Amazona aestiva,Amazona aestiva,Amazona aestiva,Amazona aestiva,Amazona aestiva,Amazona aestiva,Amazona aestiva,Penelope superciliaris,Amazona aestiva,Amazona aestiva,Amazona aestiva,Amazona aestiva,Amazona,Psittacidae,4,Alto
3042,Amazona aestiva,Brotogeris chiriri,Amazona aestiva,Brotogeris chiriri,Brotogeris chiriri,Amazona aestiva,Brotogeris chiriri,Brotogeris chiriri,Amazona aestiva,Amazona aestiva,Amazona aestiva,Brotogeris chiriri,Amazona,Psittacidae,4,Alto
3043,Amazona aestiva,Brotogeris chiriri,Brotogeris chiriri,Brotogeris chiriri,Brotogeris chiriri,Brotogeris chiriri,Brotogeris chiriri,Brotogeris chiriri,Brotogeris chiriri,Brotogeris chiriri,Brotogeris chiriri,Brotogeris chiriri,Amazona,Psittacidae,4,Alto
3044,Amazona aestiva,Amazona aestiva,Pipile jacutinga,Brotogeris chiriri,Alouatta caraya,Amazona aestiva,Brotogeris chiriri,Brotogeris chiriri,Pipile jacutinga,Pipile jacutinga,Pipile jacutinga,Amazona aestiva,Amazona,Psittacidae,4,Alto
3045,Amazona aestiva,Amazona aestiva,Turdus albicollis,Alouatta caraya,Alouatta caraya,Amazona aestiva,Amazona aestiva,Amazona aestiva,Turdus albicollis,Turdus albicollis,Turdus albicollis,Amazona aestiva,Amazona,Psittacidae,4,Alto
3046,Amazona aestiva,Brotogeris chiriri,Brotogeris chiriri,Brotogeris chiriri,Brotogeris chiriri,Amazona aestiva,Brotogeris chiriri,Amazona aestiva,Brotogeris chiriri,Brotogeris chiriri,Brotogeris chiriri,Brotogeris chiriri,Amazona,Psittacidae,4,Alto
3047,Amazona aestiva,Brotogeris chiriri,Amazona vinacea,Amazona vinacea,Selenidera maculirostris,Brotogeris chiriri,Brotogeris chiriri,Amazona vinacea,Amazona vinacea,Amazona vinacea,Amazona vinacea,Brotogeris chiriri,Amazona,Psittacidae,4,Alto
3048,Amazona aestiva,Amazona aestiva,Alouatta caraya,Alouatta caraya,Alouatta caraya,Amazona aestiva,Amazona aestiva,Alouatta guariba,Alouatta caraya,Alouatta caraya,Alouatta caraya,Amazona aestiva,Amazona,Psittacidae,4,Alto
3049,Amazona aestiva,Amazona aestiva,Selenidera maculirostris,Amazona aestiva,Brotogeris chiriri,Amazona aestiva,Amazona aestiva,Amazona aestiva,Selenidera maculirostris,Selenidera maculirostris,Selenidera maculirostris,Amazona aestiva,Amazona,Psittacidae,4,Alto
3050,Amazona aestiva,Brotogeris chiriri,Pyriglena leucoptera,Cyanoloxia brissonii,Amazona vinacea,Brotogeris chiriri,Brotogeris chiriri,Leptotila verreauxi,Pyriglena leucoptera,Pyriglena leucoptera,Pyriglena leucoptera,Brotogeris chiriri,Amazona,Psittacidae,4,Alto
3051,Amazona aestiva,Brotogeris chiriri,Pipile jacutinga,Alouatta caraya,Alouatta caraya,Amazona aestiva,Brotogeris chiriri,Amazona aestiva,Pipile jacutinga,Pipile jacutinga,Pipile jacutinga,Brotogeris chiriri,Amazona,Psittacidae,4,Alto
3052,Amazona aestiva,Brotogeris chiriri,Amazona aestiva,Amazona aestiva,Brotogeris chiriri,Amazona aestiva,Brotogeris chiriri,Brotogeris chiriri,Amazona aestiva,Amazona aestiva,Amazona aestiva,Brotogeris chiriri,Amazona,Psittacidae,4,Alto
3053,Amazona aestiva,Gubernetes yetapa,Gubernetes yetapa,Gubernetes yetapa,Gubernetes yetapa,Amazona aestiva,Amazona aestiva,Amazona vinacea,Gubernetes yetapa,Gubernetes yetapa,Gubernetes yetapa,Gubernetes yetapa,Amazona,Psittacidae,4,Alto
3054,Amazona aestiva,Amazona aestiva,Brotogeris chiriri,Brotogeris chiriri,Amazona aestiva,Amazona aestiva,Amazona aestiva,Amazona vinacea,Brotogeris chiriri,Brotogeris chiriri,Brotogeris chiriri,Amazona aestiva,Amazona,Psittacidae,4,Alto
3056,Amazona aestiva,Didelphis albiventris,Leptotila rufaxilla,Baryphthengus ruficapillus,Baryphthengus ruficapillus,Leptotila rufaxilla,Didelphis albiventris,Cyanoloxia brissonii,Leptotila rufaxilla,Leptotila rufaxilla,Leptotila rufaxilla,Didelphis albiventris,Amazona,Psittacidae,4,Alto
3058,Amazona aestiva,Amazona vinacea,Celeus galeatus,Amazona vinacea,Amazona vinacea,Amazona vinacea,Amazona vinacea,Amazona vinacea,Celeus galeatus,Celeus galeatus,Celeus galeatus,Amazona vinacea,Amazona,Psittacidae,4,Alto
3059,Amazona aestiva,Amazona aestiva,Amazona vinacea,Notharchus swainsoni,Notharchus swainsoni,Amazona aestiva,Amazona aestiva,Amazona aestiva,Amazona vinacea,Amazona vinacea,Amazona vinacea,Amazona aestiva,Amazona,Psittacidae,4,Alto
3060,Amazona aestiva,Amazona aestiva,Amazona aestiva,Amazona aestiva,Brotogeris chiriri,Amazona aestiva,Amazona aestiva,Amazona aestiva,Amazona aestiva,Amazona aestiva,Amazona aestiva,Amazona aestiva,Amazona,Psittacidae,4,Alto
3061,Amazona aestiva,Amazona vinacea,Amazona vinacea,Amazona vinacea,Amazona vinacea,Amazona vinacea,Amazona vinacea,Amazona vinacea,Amazona vinacea,Amazona vinacea,Amazona vinacea,Amazona vinacea,Amazona,Psittacidae,4,Alto
3062,Amazona aestiva,Cyanoloxia brissonii,Baryphthengus ruficapillus,Baryphthengus ruficapillus,Baryphthengus ruficapillus,Brotogeris chiriri,Cyanoloxia brissonii,Brotogeris chiriri,Baryphthengus ruficapillus,Baryphthengus ruficapillus,Baryphthengus ruficapillus,Cyanoloxia brissonii,Amazona,Psittacidae,4,Alto
3063,Amazona aestiva,Brotogeris chiriri,Alouatta guariba clamitans,Alouatta guariba clamitans,Alouatta guariba clamitans,Brotogeris chiriri,Brotogeris chiriri,Alouatta guariba clamitans,Alouatta guariba clamitans,Alouatta guariba clamitans,Alouatta guariba clamitans,Brotogeris chiriri,Amazona,Psittacidae,4,Alto
3064,Amazona aestiva,Brotogeris chiriri,Alouatta guariba clamitans,Alouatta guariba clamitans,Alouatta guariba clamitans,Brotogeris chiriri,Brotogeris chiriri,Alouatta guariba clamitans,Alouatta guariba clamitans,Alouatta guariba clamitans,Alouatta guariba clamitans,Brotogeris chiriri,Amazona,Psittacidae,4,Alto
3065,Amazona aestiva,Selenidera maculirostris,Selenidera maculirostris,Brotogeris chiriri,Brotogeris chiriri,Brotogeris chiriri,Brotogeris chiriri,Brotogeris chiriri,Selenidera maculirostris,Selenidera maculirostris,Selenidera maculirostris,Selenidera maculirostris,Amazona,Psittacidae,4,Alto
3066,Amazona aestiva,Selenidera maculirostris,Brotogeris chiriri,Brotogeris chiriri,Brotogeris chiriri,Brotogeris chiriri,Brotogeris chiriri,Selenidera maculirostris,Brotogeris chiriri,Brotogeris chiriri,Brotogeris chiriri,Selenidera maculirostris,Amazona,Psittacidae,4,Alto
3067,Amazona aestiva,Amazona aestiva,Amazona aestiva,Amazona aestiva,Amazona aestiva,Amazona aestiva,Amazona aestiva,Amazona aestiva,Amazona aestiva,Amazona aestiva,Amazona aestiva,Amazona aestiva,Amazona,Psittacidae,4,Alto
3068,Amazona aestiva,Brotogeris chiriri,Brotogeris chiriri,Brotogeris chiriri,Brotogeris chiriri,Brotogeris chiriri,Brotogeris chiriri,Brotogeris chiriri,Brotogeris chiriri,Brotogeris chiriri,Brotogeris chiriri,Brotogeris chiriri,Amazona,Psittacidae,4,Alto
3069,Amazona aestiva,Amazona aestiva,Amazona aestiva,Amazona aestiva,Brotogeris chiriri,Amazona aestiva,Amazona aestiva,Amazona aestiva,Amazona aestiva,Amazona aestiva,Amazona aestiva,Amazona aestiva,Amazona,Psittacidae,4,Alto
3070,Amazona aestiva,Amazona aestiva,Amazona aestiva,Alouatta caraya,Alouatta caraya,Amazona aestiva,Brotogeris chiriri,Amazona aestiva,Amazona aestiva,Amazona aestiva,Amazona aestiva,Amazona aestiva,Amazona,Psittacidae,4,Alto
3071,Amazona aestiva,Gubernetes yetapa,Didelphis albiventris,Didelphis albiventris,Gubernetes yetapa,Amazona aestiva,Amazona aestiva,Tachyphonus coronatus,Didelphis albiventris,Didelphis albiventris,Didelphis albiventris,Gubernetes yetapa,Amazona,Psittacidae,4,Alto
3074,Amazona aestiva,Brotogeris chiriri,Brotogeris chiriri,Brotogeris chiriri,Alouatta caraya,Brotogeris chiriri,Brotogeris chiriri,Amazona aestiva,Brotogeris chiriri,Brotogeris chiriri,Brotogeris chiriri,Brotogeris chiriri,Amazona,Psittacidae,4,Alto
3075,Amazona aestiva,Amazona aestiva,Brotogeris chiriri,Amazona aestiva,Amazona aestiva,Amazona aestiva,Amazona aestiva,Amazona vinacea,Brotogeris chiriri,Brotogeris chiriri,Brotogeris chiriri,Amazona aestiva,Amazona,Psittacidae,4,Alto
3076,Amazona aestiva,Amazona aestiva,Sporophila pileata,Brotogeris chiriri,Sporophila pileata,Amazona aestiva,Amazona aestiva,Amazona aestiva,Sporophila pileata,Sporophila pileata,Sporophila pileata,Amazona aestiva,Amazona,Psittacidae,4,Alto
3077,Amazona aestiva,Brotogeris chiriri,Celeus galeatus,Celeus galeatus,Selenidera maculirostris,Amazona aestiva,Brotogeris chiriri,Amazona aestiva,Celeus galeatus,Celeus galeatus,Celeus galeatus,Brotogeris chiriri,Amazona,Psittacidae,4,Alto
3078,Amazona aestiva,Selenidera maculirostris,Selenidera maculirostris,Selenidera maculirostris,Celeus galeatus,Amazona vinacea,Selenidera maculirostris,Amazona aestiva,Selenidera maculirostris,Selenidera maculirostris,Selenidera maculirostris,Selenidera maculirostris,Amazona,Psittacidae,4,Alto
3079,Amazona aestiva,Brotogeris chiriri,Amazona aestiva,Amazona aestiva,Brotogeris chiriri,Brotogeris chiriri,Brotogeris chiriri,Selenidera maculirostris,Amazona aestiva,Amazona aestiva,Amazona aestiva,Brotogeris chiriri,Amazona,Psittacidae,4,Alto
3080,Amazona aestiva,Amazona aestiva,Amazona aestiva,Amazona aestiva,Amazona aestiva,Amazona aestiva,Amazona aestiva,Amazona aestiva,Amazona aestiva,Amazona aestiva,Amazona aestiva,Amazona aestiva,Amazona,Psittacidae,4,Alto
3083,Amazona aestiva,Amazona aestiva,Amazona aestiva,Amazona aestiva,Amazona aestiva,Amazona aestiva,Amazona aestiva,Amazona aestiva,Amazona aestiva,Amazona aestiva,Amazona aestiva,Amazona aestiva,Amazona,Psittacidae,4,Alto
3084,Amazona aestiva,Amazona aestiva,Sporophila pileata,Amazona aestiva,Alouatta caraya,Amazona aestiva,Amazona aestiva,Amazona aestiva,Sporophila pileata,Sporophila pileata,Sporophila pileata,Amazona aestiva,Amazona,Psittacidae,4,Alto
3085,Amazona aestiva,Amazona aestiva,Amazona aestiva,Amazona aestiva,Amazona aestiva,Amazona aestiva,Amazona aestiva,Amazona aestiva,Amazona aestiva,Amazona aestiva,Amazona aestiva,Amazona aestiva,Amazona,Psittacidae,4,Alto
3088,Amazona aestiva,Amazona aestiva,Sapajus nigritus,Alouatta guariba,Alouatta guariba,Amazona aestiva,Brotogeris chiriri,Alouatta guariba,Sapajus nigritus,Sapajus nigritus,Sapajus nigritus,Amazona aestiva,Amazona,Psittacidae,4,Alto
3090,Amazona aestiva,Brotogeris chiriri,Alouatta guariba clamitans,Alouatta guariba clamitans,Alouatta guariba,Amazona aestiva,Brotogeris chiriri,Amazona vinacea,Alouatta guariba clamitans,Alouatta guariba clamitans,Alouatta guariba clamitans,Brotogeris chiriri,Amazona,Psittacidae,4,Alto
3091,Amazona aestiva,Amazona aestiva,Baryphthengus ruficapillus,Amazona aestiva,Amazona aestiva,Amazona aestiva,Amazona aestiva,Amazona aestiva,Baryphthengus ruficapillus,Baryphthengus ruficapillus,Baryphthengus ruficapillus,Amazona aestiva,Amazona,Psittacidae,4,Alto
3092,Amazona aestiva,Brotogeris chiriri,Brotogeris chiriri,Amazona aestiva,Amazona aestiva,Brotogeris chiriri,Brotogeris chiriri,Brotogeris chiriri,Brotogeris chiriri,Brotogeris chiriri,Brotogeris chiriri,Brotogeris chiriri,Amazona,Psittacidae,4,Alto
3093,Amazona aestiva,Brotogeris chiriri,Turdus albicollis,Leptotila verreauxi,Leptotila verreauxi,Amazona aestiva,Brotogeris chiriri,Amazona aestiva,Turdus albicollis,Turdus albicollis,Turdus albicollis,Brotogeris chiriri,Amazona,Psittacidae,4,Alto
3094,Amazona aestiva,Amazona vinacea,Amazona vinacea,Amazona vinacea,Gubernetes yetapa,Amazona vinacea,Amazona vinacea,Amazona aestiva,Amazona vinacea,Amazona vinacea,Amazona vinacea,Amazona vinacea,Amazona,Psittacidae,4,Alto
3095,Amazona aestiva,Brotogeris chiriri,Hypoedaleus guttatus,Amazona aestiva,Hypoedaleus guttatus,Hypoedaleus guttatus,Brotogeris chiriri,Hypoedaleus guttatus,Hypoedaleus guttatus,Hypoedaleus guttatus,Hypoedaleus guttatus,Brotogeris chiriri,Amazona,Psittacidae,4,Alto
3096,Amazona aestiva,Amazona aestiva,Amazona aestiva,Amazona aestiva,Amazona aestiva,Amazona aestiva,Amazona aestiva,Amazona vinacea,Amazona aestiva,Amazona aestiva,Amazona aestiva,Amazona aestiva,Amazona,Psittacidae,4,Alto
3098,Amazona aestiva,Amazona aestiva,Amazona vinacea,Amazona aestiva,Amazona aestiva,Amazona aestiva,Amazona aestiva,Amazona aestiva,Amazona vinacea,Amazona vinacea,Amazona vinacea,Amazona aestiva,Amazona,Psittacidae,4,Alto
3100,Amazona aestiva,Baryphthengus ruficapillus,Amazona vinacea,Amazona vinacea,Amazona vinacea,Baryphthengus ruficapillus,Baryphthengus ruficapillus,Amazona vinacea,Amazona vinacea,Amazona vinacea,Amazona vinacea,Baryphthengus ruficapillus,Amazona,Psittacidae,4,Alto
3101,Amazona aestiva,Brotogeris chiriri,Baryphthengus ruficapillus,Baryphthengus ruficapillus,Pipile jacutinga,Amazona vinacea,Brotogeris chiriri,Alouatta guariba clamitans,Baryphthengus ruficapillus,Baryphthengus ruficapillus,Baryphthengus ruficapillus,Brotogeris chiriri,Amazona,Psittacidae,4,Alto
3102,Amazona aestiva,Brotogeris chiriri,Brotogeris chiriri,Brotogeris chiriri,Brotogeris chiriri,Brotogeris chiriri,Brotogeris chiriri,Baryphthengus ruficapillus,Brotogeris chiriri,Brotogeris chiriri,Brotogeris chiriri,Brotogeris chiriri,Amazona,Psittacidae,4,Alto
3103,Amazona aestiva,Leptotila verreauxi,Leptotila rufaxilla,Aramides saracura,Amazona aestiva,Brotogeris chiriri,Leptotila rufaxilla,Sapajus nigritus,Leptotila rufaxilla,Leptotila rufaxilla,Leptotila rufaxilla,Leptotila verreauxi,Amazona,Psittacidae,4,Alto
3106,Amazona vinacea,Amazona vinacea,Amazona vinacea,Amazona vinacea,Amazona vinacea,Amazona vinacea,Amazona vinacea,Amazona vinacea,Amazona vinacea,Amazona vinacea,Amazona vinacea,Amazona vinacea,Amazona,Psittacidae,7,Crítico
3107,Amazona vinacea,Amazona aestiva,Gubernetes yetapa,Gubernetes yetapa,Amazona vinacea,Amazona vinacea,Amazona vinacea,Gubernetes yetapa,Gubernetes yetapa,Gubernetes yetapa,Gubernetes yetapa,Amazona aestiva,Amazona,Psittacidae,7,Crítico
3108,Amazona vinacea,Amazona vinacea,Amazona vinacea,Amazona vinacea,Amazona vinacea,Amazona vinacea,Amazona vinacea,Amazona vinacea,Amazona vinacea,Amazona vinacea,Amazona vinacea,Amazona vinacea,Amazona,Psittacidae,7,Crítico
3109,Amazona vinacea,Amazona vinacea,Amazona vinacea,Amazona vinacea,Amazona vinacea,Amazona aestiva,Amazona vinacea,Amazona vinacea,Amazona vinacea,Amazona vinacea,Amazona vinacea,Amazona vinacea,Amazona,Psittacidae,7,Crítico
3110,Amazona vinacea,Amazona vinacea,Amazona vinacea,Amazona vinacea,Amazona vinacea,Amazona vinacea,Amazona vinacea,Amazona vinacea,Amazona vinacea,Amazona vinacea,Amazona vinacea,Amazona vinacea,Amazona,Psittacidae,7,Crítico
3111,Amazona vinacea,Amazona vinacea,Amazona vinacea,Amazona vinacea,Amazona vinacea,Amazona vinacea,Amazona vinacea,Amazona vinacea,Amazona vinacea,Amazona vinacea,Amazona vinacea,Amazona vinacea,Amazona,Psittacidae,7,Crítico
3112,Amazona vinacea,Amazona vinacea,Amazona vinacea,Amazona vinacea,Amazona vinacea,Amazona vinacea,Amazona vinacea,Amazona vinacea,Amazona vinacea,Amazona vinacea,Amazona vinacea,Amazona vinacea,Amazona,Psittacidae,7,Crítico
3113,Amazona vinacea,Amazona vinacea,Amazona vinacea,Amazona vinacea,Amazona vinacea,Amazona vinacea,Amazona vinacea,Amazona vinacea,Amazona vinacea,Amazona vinacea,Amazona vinacea,Amazona vinacea,Amazona,Psittacidae,7,Crítico
3114,Amazona vinacea,Amazona vinacea,Amazona vinacea,Amazona vinacea,Amazona vinacea,Amazona vinacea,Amazona vinacea,Amazona vinacea,Amazona vinacea,Amazona vinacea,Amazona vinacea,Amazona vinacea,Amazona,Psittacidae,7,Crítico
3115,Amazona vinacea,Amazona vinacea,Amazona vinacea,Amazona vinacea,Amazona vinacea,Amazona vinacea,Amazona vinacea,Amazona vinacea,Amazona vinacea,Amazona vinacea,Amazona vinacea,Amazona vinacea,Amazona,Psittacidae,7,Crítico
3116,Amazona vinacea,Amazona vinacea,Amazona vinacea,Amazona vinacea,Amazona vinacea,Amazona vinacea,Amazona vinacea,Amazona vinacea,Amazona vinacea,Amazona vinacea,Amazona vinacea,Amazona vinacea,Amazona,Psittacidae,7,Crítico
3117,Amazona vinacea,Amazona vinacea,Amazona vinacea,Amazona vinacea,Amazona vinacea,Amazona vinacea,Amazona vinacea,Amazona vinacea,Amazona vinacea,Amazona vinacea,Amazona vinacea,Amazona vinacea,Amazona,Psittacidae,7,Crítico
3119,Amazona vinacea,Amazona vinacea,Amazona vinacea,Amazona vinacea,Amazona vinacea,Amazona vinacea,Amazona vinacea,Amazona vinacea,Amazona vinacea,Amazona vinacea,Amazona vinacea,Amazona vinacea,Amazona,Psittacidae,7,Crítico
3120,Amazona vinacea,Amazona vinacea,Amazona vinacea,Amazona vinacea,Amazona vinacea,Amazona vinacea,Amazona vinacea,Amazona vinacea,Amazona vinacea,Amazona vinacea,Amazona vinacea,Amazona vinacea,Amazona,Psittacidae,7,Crítico
3122,Amazona vinacea,Amazona vinacea,Amazona vinacea,Amazona vinacea,Amazona vinacea,Amazona vinacea,Amazona vinacea,Amazona vinacea,Amazona vinacea,Amazona vinacea,Amazona vinacea,Amazona vinacea,Amazona,Psittacidae,7,Crítico
3123,Amazona vinacea,Amazona vinacea,Amazona vinacea,Amazona vinacea,Amazona vinacea,Amazona vinacea,Amazona vinacea,Amazona vinacea,Amazona vinacea,Amazona vinacea,Amazona vinacea,Amazona vinacea,Amazona,Psittacidae,7,Crítico
3124,Amazona vinacea,Amazona vinacea,Amazona vinacea,Amazona vinacea,Amazona vinacea,Amazona vinacea,Amazona vinacea,Amazona vinacea,Amazona vinacea,Amazona vinacea,Amazona vinacea,Amazona vinacea,Amazona,Psittacidae,7,Crítico
3125,Amazona vinacea,Amazona vinacea,Amazona vinacea,Amazona vinacea,Amazona vinacea,Amazona vinacea,Amazona vinacea,Amazona vinacea,Amazona vinacea,Amazona vinacea,Amazona vinacea,Amazona vinacea,Amazona,Psittacidae,7,Crítico
3126,Amazona vinacea,Amazona vinacea,Amazona vinacea,Amazona vinacea,Amazona vinacea,Amazona vinacea,Amazona vinacea,Amazona vinacea,Amazona vinacea,Amazona vinacea,Amazona vinacea,Amazona vinacea,Amazona,Psittacidae,7,Crítico
3127,Amazona vinacea,Amazona vinacea,Amazona vinacea,Amazona vinacea,Amazona vinacea,Amazona vinacea,Amazona vinacea,Amazona vinacea,Amazona vinacea,Amazona vinacea,Amazona vinacea,Amazona vinacea,Amazona,Psittacidae,7,Crítico
3128,Amazona vinacea,Amazona vinacea,Amazona vinacea,Amazona vinacea,Amazona vinacea,Amazona vinacea,Amazona vinacea,Amazona vinacea,Amazona vinacea,Amazona vinacea,Amazona vinacea,Amazona vinacea,Amazona,Psittacidae,7,Crítico
3129,Amazona vinacea,Amazona vinacea,Amazona vinacea,Amazona vinacea,Amazona vinacea,Amazona vinacea,Amazona vinacea,Amazona vinacea,Amazona vinacea,Amazona vinacea,Amazona vinacea,Amazona vinacea,Amazona,Psittacidae,7,Crítico
3130,Amazona vinacea,Amazona vinacea,Amazona vinacea,Amazona vinacea,Amazona vinacea,Amazona vinacea,Amazona vinacea,Amazona vinacea,Amazona vinacea,Amazona vinacea,Amazona vinacea,Amazona vinacea,Amazona,Psittacidae,7,Crítico
3132,Amazona vinacea,Amazona vinacea,Amazona vinacea,Amazona vinacea,Amazona vinacea,Amazona vinacea,Amazona vinacea,Amazona vinacea,Amazona vinacea,Amazona vinacea,Amazona vinacea,Amazona vinacea,Amazona,Psittacidae,7,Crítico
3134,Amazona vinacea,Amazona vinacea,Amazona vinacea,Amazona vinacea,Amazona vinacea,Amazona vinacea,Amazona vinacea,Amazona vinacea,Amazona vinacea,Amazona vinacea,Amazona vinacea,Amazona vinacea,Amazona,Psittacidae,7,Crítico
3135,Amazona vinacea,Amazona vinacea,Amazona vinacea,Amazona vinacea,Amazona vinacea,Amazona vinacea,Amazona vinacea,Amazona vinacea,Amazona vinacea,Amazona vinacea,Amazona vinacea,Amazona vinacea,Amazona,Psittacidae,7,Crítico
3136,Amazona vinacea,Amazona vinacea,Amazona vinacea,Amazona vinacea,Amazona vinacea,Amazona vinacea,Amazona vinacea,Amazona vinacea,Amazona vinacea,Amazona vinacea,Amazona vinacea,Amazona vinacea,Amazona,Psittacidae,7,Crítico
3137,Amazona vinacea,Amazona vinacea,Amazona vinacea,Amazona vinacea,Amazona vinacea,Amazona vinacea,Amazona vinacea,Amazona vinacea,Amazona vinacea,Amazona vinacea,Amazona vinacea,Amazona vinacea,Amazona,Psittacidae,7,Crítico
3138,Amazona vinacea,Amazona vinacea,Amazona vinacea,Amazona vinacea,Amazona vinacea,Amazona vinacea,Amazona vinacea,Amazona vinacea,Amazona vinacea,Amazona vinacea,Amazona vinacea,Amazona vinacea,Amazona,Psittacidae,7,Crítico
3139,Amazona vinacea,Amazona vinacea,Amazona vinacea,Amazona vinacea,Amazona vinacea,Amazona vinacea,Amazona vinacea,Amazona vinacea,Amazona vinacea,Amazona vinacea,Amazona vinacea,Amazona vinacea,Amazona,Psittacidae,7,Crítico
3140,Amazona vinacea,Gubernetes yetapa,Gubernetes yetapa,Amazona vinacea,Amazona vinacea,Amazona vinacea,Amazona vinacea,Amazona vinacea,Gubernetes yetapa,Gubernetes yetapa,Gubernetes yetapa,Gubernetes yetapa,Amazona,Psittacidae,7,Crítico
3141,Amazona vinacea,Amazona vinacea,Amazona vinacea,Amazona vinacea,Amazona vinacea,Amazona vinacea,Amazona vinacea,Amazona vinacea,Amazona vinacea,Amazona vinacea,Amazona vinacea,Amazona vinacea,Amazona,Psittacidae,7,Crítico
3143,Amazona vinacea,Amazona vinacea,Amazona vinacea,Amazona vinacea,Amazona vinacea,Amazona vinacea,Amazona vinacea,Amazona vinacea,Amazona vinacea,Amazona vinacea,Amazona vinacea,Amazona vinacea,Amazona,Psittacidae,7,Crítico
3144,Amazona vinacea,Amazona vinacea,Amazona vinacea,Amazona vinacea,Amazona vinacea,Amazona vinacea,Amazona vinacea,Amazona vinacea,Amazona vinacea,Amazona vinacea,Amazona vinacea,Amazona vinacea,Amazona,Psittacidae,7,Crítico
3145,Amazona vinacea,Amazona vinacea,Amazona vinacea,Amazona vinacea,Amazona vinacea,Amazona vinacea,Amazona vinacea,Amazona vinacea,Amazona vinacea,Amazona vinacea,Amazona vinacea,Amazona vinacea,Amazona,Psittacidae,7,Crítico
3146,Amazona vinacea,Amazona vinacea,Amazona vinacea,Amazona vinacea,Amazona vinacea,Amazona vinacea,Amazona vinacea,Amazona vinacea,Amazona vinacea,Amazona vinacea,Amazona vinacea,Amazona vinacea,Amazona,Psittacidae,7,Crítico
3148,Amazona vinacea,Amazona vinacea,Sporophila pileata,Sporophila pileata,Gubernetes yetapa,Amazona vinacea,Amazona vinacea,Gubernetes yetapa,Sporophila pileata,Sporophila pileata,Sporophila pileata,Amazona vinacea,Amazona,Psittacidae,7,Crítico
3149,Amazona vinacea,Amazona vinacea,Amazona vinacea,Amazona vinacea,Amazona vinacea,Amazona vinacea,Amazona vinacea,Amazona vinacea,Amazona vinacea,Amazona vinacea,Amazona vinacea,Amazona vinacea,Amazona,Psittacidae,7,Crítico
3150,Amazona vinacea,Amazona vinacea,Amazona vinacea,Amazona vinacea,Amazona vinacea,Amazona vinacea,Amazona vinacea,Amazona vinacea,Amazona vinacea,Amazona vinacea,Amazona vinacea,Amazona vinacea,Amazona,Psittacidae,7,Crítico
3151,Amazona vinacea,Amazona vinacea,Amazona vinacea,Amazona vinacea,Amazona vinacea,Amazona vinacea,Amazona vinacea,Amazona vinacea,Amazona vinacea,Amazona vinacea,Amazona vinacea,Amazona vinacea,Amazona,Psittacidae,7,Crítico
3152,Amazona vinacea,Amazona aestiva,Amazona aestiva,Amazona aestiva,Amazona aestiva,Amazona vinacea,Amazona aestiva,Amazona aestiva,Amazona aestiva,Amazona aestiva,Amazona aestiva,Amazona aestiva,Amazona,Psittacidae,7,Crítico
3153,Amazona vinacea,Amazona vinacea,Amazona vinacea,Amazona vinacea,Amazona vinacea,Amazona vinacea,Amazona vinacea,Amazona vinacea,Amazona vinacea,Amazona vinacea,Amazona vinacea,Amazona vinacea,Amazona,Psittacidae,7,Crítico
3154,Amazona vinacea,Gubernetes yetapa,Amazona vinacea,Amazona vinacea,Amazona vinacea,Amazona vinacea,Amazona vinacea,Amazona vinacea,Amazona vinacea,Amazona vinacea,Amazona vinacea,Gubernetes yetapa,Amazona,Psittacidae,7,Crítico
3155,Amazona vinacea,Amazona vinacea,Amazona vinacea,Amazona vinacea,Amazona vinacea,Amazona vinacea,Amazona vinacea,Amazona vinacea,Amazona vinacea,Amazona vinacea,Amazona vinacea,Amazona vinacea,Amazona,Psittacidae,7,Crítico
3157,Amazona vinacea,Amazona vinacea,Amazona vinacea,Amazona vinacea,Amazona vinacea,Amazona vinacea,Amazona vinacea,Amazona vinacea,Amazona vinacea,Amazona vinacea,Amazona vinacea,Amazona vinacea,Amazona,Psittacidae,7,Crítico
3160,Amazona vinacea,Amazona vinacea,Amazona vinacea,Alouatta guariba clamitans,Amazona vinacea,Amazona vinacea,Amazona vinacea,Amazona vinacea,Amazona vinacea,Amazona vinacea,Amazona vinacea,Amazona vinacea,Amazona,Psittacidae,7,Crítico
3161,Amazona vinacea,Amazona vinacea,Amazona vinacea,Gubernetes yetapa,Amazona vinacea,Amazona vinacea,Amazona vinacea,Amazona vinacea,Amazona vinacea,Amazona vinacea,Amazona vinacea,Amazona vinacea,Amazona,Psittacidae,7,Crítico
3163,Amazona vinacea,Geotrygon montana,Baryphthengus ruficapillus,Amazona vinacea,Amazona vinacea,Brotogeris chiriri,Hydropsalis torquata,Gubernetes yetapa,Baryphthengus ruficapillus,Baryphthengus ruficapillus,Baryphthengus ruficapillus,Geotrygon montana,Amazona,Psittacidae,7,Crítico
3164,Amazona vinacea,Amazona vinacea,Amazona vinacea,Amazona vinacea,Amazona vinacea,Amazona vinacea,Amazona vinacea,Amazona vinacea,Amazona vinacea,Amazona vinacea,Amazona vinacea,Amazona vinacea,Amazona,Psittacidae,7,Crítico
3165,Amazona vinacea,Amazona vinacea,Amazona vinacea,Amazona vinacea,Amazona vinacea,Amazona vinacea,Amazona vinacea,Amazona vinacea,Amazona vinacea,Amazona vinacea,Amazona vinacea,Amazona vinacea,Amazona,Psittacidae,7,Crítico
3166,Amazona vinacea,Amazona vinacea,Amazona vinacea,Amazona vinacea,Amazona vinacea,Amazona vinacea,Amazona vinacea,Amazona vinacea,Amazona vinacea,Amazona vinacea,Amazona vinacea,Amazona vinacea,Amazona,Psittacidae,7,Crítico
3167,Amazona vinacea,Gubernetes yetapa,Amazona vinacea,Amazona vinacea,Amazona vinacea,Amazona aestiva,Amazona vinacea,Amazona vinacea,Amazona vinacea,Amazona vinacea,Amazona vinacea,Gubernetes yetapa,Amazona,Psittacidae,7,Crítico
3168,Amazona vinacea,Amazona vinacea,Amazona vinacea,Amazona vinacea,Amazona vinacea,Amazona vinacea,Amazona vinacea,Amazona vinacea,Amazona vinacea,Amazona vinacea,Amazona vinacea,Amazona vinacea,Amazona,Psittacidae,7,Crítico
3171,Amazona vinacea,Amazona vinacea,Amazona vinacea,Amazona vinacea,Amazona vinacea,Amazona vinacea,Amazona vinacea,Amazona vinacea,Amazona vinacea,Amazona vinacea,Amazona vinacea,Amazona vinacea,Amazona,Psittacidae,7,Crítico
3173,Amazona vinacea,Amazona vinacea,Amazona vinacea,Amazona vinacea,Amazona vinacea,Amazona vinacea,Amazona vinacea,Amazona vinacea,Amazona vinacea,Amazona vinacea,Amazona vinacea,Amazona vinacea,Amazona,Psittacidae,7,Crítico
3174,Amazona vinacea,Amazona vinacea,Amazona vinacea,Amazona vinacea,Amazona vinacea,Amazona vinacea,Amazona vinacea,Amazona aestiva,Amazona vinacea,Amazona vinacea,Amazona vinacea,Amazona vinacea,Amazona,Psittacidae,7,Crítico
3175,Brotogeris chiriri,Brotogeris chiriri,Turdus albicollis,Celeus galeatus,Baryphthengus ruficapillus,Brotogeris chiriri,Brotogeris chiriri,Brotogeris chiriri,Turdus albicollis,Turdus albicollis,Turdus albicollis,Brotogeris chiriri,Brotogeris,Psittacidae,1,Bajo
3176,Brotogeris chiriri,Amazona aestiva,Pipile jacutinga,Penelope superciliaris,Pipile jacutinga,Amazona aestiva,Amazona aestiva,Amazona aestiva,Pipile jacutinga,Pipile jacutinga,Pipile jacutinga,Amazona aestiva,Brotogeris,Psittacidae,1,Bajo
3177,Brotogeris chiriri,Brotogeris chiriri,Brotogeris chiriri,Brotogeris chiriri,Brotogeris chiriri,Brotogeris chiriri,Brotogeris chiriri,Brotogeris chiriri,Brotogeris chiriri,Brotogeris chiriri,Brotogeris chiriri,Brotogeris chiriri,Brotogeris,Psittacidae,1,Bajo
3178,Brotogeris chiriri,Brotogeris chiriri,Brotogeris chiriri,Brotogeris chiriri,Brotogeris chiriri,Brotogeris chiriri,Brotogeris chiriri,Brotogeris chiriri,Brotogeris chiriri,Brotogeris chiriri,Brotogeris chiriri,Brotogeris chiriri,Brotogeris,Psittacidae,1,Bajo
3179,Brotogeris chiriri,Didelphis albiventris,Turdus rufiventris,Didelphis albiventris,Didelphis albiventris,Turdus rufiventris,Didelphis albiventris,Amazona vinacea,Turdus rufiventris,Turdus rufiventris,Turdus rufiventris,Didelphis albiventris,Brotogeris,Psittacidae,1,Bajo
3180,Brotogeris chiriri,Brotogeris chiriri,Brotogeris chiriri,Brotogeris chiriri,Brotogeris chiriri,Brotogeris chiriri,Brotogeris chiriri,Brotogeris chiriri,Brotogeris chiriri,Brotogeris chiriri,Brotogeris chiriri,Brotogeris chiriri,Brotogeris,Psittacidae,1,Bajo
3182,Brotogeris chiriri,Brotogeris chiriri,Selenidera maculirostris,Celeus galeatus,Celeus galeatus,Brotogeris chiriri,Brotogeris chiriri,Brotogeris chiriri,Selenidera maculirostris,Selenidera maculirostris,Selenidera maculirostris,Celeus galeatus,Brotogeris,Psittacidae,1,Bajo
3183,Brotogeris chiriri,Gubernetes yetapa,Amazona vinacea,Gubernetes yetapa,Amazona vinacea,Gubernetes yetapa,Gubernetes yetapa,Gubernetes yetapa,Amazona vinacea,Amazona vinacea,Amazona vinacea,Gubernetes yetapa,Brotogeris,Psittacidae,1,Bajo
3186,Brotogeris chiriri,Brotogeris chiriri,Pipile jacutinga,Biatas nigropectus,Biatas nigropectus,Brotogeris chiriri,Brotogeris chiriri,Brotogeris chiriri,Pipile jacutinga,Pipile jacutinga,Pipile jacutinga,Brotogeris chiriri,Brotogeris,Psittacidae,1,Bajo
3187,Brotogeris chiriri,Brotogeris chiriri,Brotogeris chiriri,Brotogeris chiriri,Selenidera maculirostris,Aramides saracura,Brotogeris chiriri,Pipile jacutinga,Brotogeris chiriri,Brotogeris chiriri,Brotogeris chiriri,Brotogeris chiriri,Brotogeris,Psittacidae,1,Bajo
3188,Brotogeris chiriri,Amazona aestiva,Amazona aestiva,Amazona aestiva,Amazona aestiva,Amazona aestiva,Amazona aestiva,Amazona aestiva,Amazona aestiva,Amazona aestiva,Amazona aestiva,Amazona aestiva,Brotogeris,Psittacidae,1,Bajo
3189,Brotogeris chiriri,Tachyphonus coronatus,Pipile jacutinga,Cyanoloxia brissonii,Cyanoloxia brissonii,Amazona aestiva,Amazona aestiva,Sporophila pileata,Pipile jacutinga,Pipile jacutinga,Pipile jacutinga,Tachyphonus coronatus,Brotogeris,Psittacidae,1,Bajo
3190,Brotogeris chiriri,Brotogeris chiriri,Turdus albicollis,Leptotila verreauxi,Alouatta caraya,Brotogeris chiriri,Brotogeris chiriri,Brotogeris chiriri,Turdus albicollis,Turdus albicollis,Turdus albicollis,Brotogeris chiriri,Brotogeris,Psittacidae,1,Bajo
3191,Brotogeris chiriri,Brotogeris chiriri,Pipile jacutinga,Brotogeris chiriri,Amazona aestiva,Brotogeris chiriri,Brotogeris chiriri,Amazona vinacea,Pipile jacutinga,Pipile jacutinga,Pipile jacutinga,Brotogeris chiriri,Brotogeris,Psittacidae,1,Bajo
3192,Brotogeris chiriri,Leptotila rufaxilla,Leptotila rufaxilla,Conopophaga lineata,Chamaeza campanisona,Leptotila rufaxilla,Leptotila rufaxilla,Chamaeza campanisona,Leptotila rufaxilla,Leptotila rufaxilla,Leptotila rufaxilla,Leptotila rufaxilla,Brotogeris,Psittacidae,1,Bajo
3193,Brotogeris chiriri,Tachyphonus coronatus,Amazona vinacea,Amazona vinacea,Brotogeris chiriri,Brotogeris chiriri,Tachyphonus coronatus,Didelphis aurita,Amazona vinacea,Amazona vinacea,Amazona vinacea,Tachyphonus coronatus,Brotogeris,Psittacidae,1,Bajo
3195,Brotogeris chiriri,Amazona aestiva,Amazona vinacea,Amazona vinacea,Amazona vinacea,Amazona vinacea,Amazona aestiva,Amazona vinacea,Amazona vinacea,Amazona vinacea,Amazona vinacea,Amazona aestiva,Brotogeris,Psittacidae,1,Bajo
3196,Brotogeris chiriri,Brotogeris chiriri,Brotogeris chiriri,Brotogeris chiriri,Brotogeris chiriri,Brotogeris chiriri,Brotogeris chiriri,Brotogeris chiriri,Brotogeris chiriri,Brotogeris chiriri,Brotogeris chiriri,Brotogeris chiriri,Brotogeris,Psittacidae,1,Bajo
3197,Brotogeris chiriri,Brotogeris chiriri,Brotogeris chiriri,Brotogeris chiriri,Brotogeris chiriri,Brotogeris chiriri,Brotogeris chiriri,Brotogeris chiriri,Brotogeris chiriri,Brotogeris chiriri,Brotogeris chiriri,Brotogeris chiriri,Brotogeris,Psittacidae,1,Bajo
3200,Brotogeris chiriri,Brotogeris chiriri,Brotogeris chiriri,Brotogeris chiriri,Brotogeris chiriri,Brotogeris chiriri,Brotogeris chiriri,Brotogeris chiriri,Brotogeris chiriri,Brotogeris chiriri,Brotogeris chiriri,Brotogeris chiriri,Brotogeris,Psittacidae,1,Bajo
3201,Brotogeris chiriri,Amazona aestiva,Alouatta caraya,Alouatta caraya,Alouatta caraya,Amazona aestiva,Amazona aestiva,Amazona aestiva,Alouatta caraya,Alouatta caraya,Alouatta caraya,Amazona aestiva,Brotogeris,Psittacidae,1,Bajo
3202,Brotogeris chiriri,Amazona aestiva,Alouatta caraya,Alouatta caraya,Alouatta caraya,Amazona aestiva,Amazona aestiva,Brotogeris chiriri,Alouatta caraya,Alouatta caraya,Alouatta caraya,Amazona aestiva,Brotogeris,Psittacidae,1,Bajo
3203,Brotogeris chiriri,Brotogeris chiriri,Brotogeris chiriri,Alouatta caraya,Alouatta caraya,Brotogeris chiriri,Brotogeris chiriri,Brotogeris chiriri,Brotogeris chiriri,Brotogeris chiriri,Brotogeris chiriri,Brotogeris chiriri,Brotogeris,Psittacidae,1,Bajo
3204,Brotogeris chiriri,Brotogeris chiriri,Alouatta caraya,Alouatta caraya,Alouatta caraya,Amazona aestiva,Brotogeris chiriri,Amazona aestiva,Alouatta caraya,Alouatta caraya,Alouatta caraya,Brotogeris chiriri,Brotogeris,Psittacidae,1,Bajo
3205,Brotogeris chiriri,Brotogeris chiriri,Brotogeris chiriri,Brotogeris chiriri,Brotogeris chiriri,Brotogeris chiriri,Brotogeris chiriri,Brotogeris chiriri,Brotogeris chiriri,Brotogeris chiriri,Brotogeris chiriri,Brotogeris chiriri,Brotogeris,Psittacidae,1,Bajo
3206,Brotogeris chiriri,Gubernetes yetapa,Amazona vinacea,Amazona vinacea,Amazona vinacea,Gubernetes yetapa,Gubernetes yetapa,Amazona vinacea,Amazona vinacea,Amazona vinacea,Amazona vinacea,Gubernetes yetapa,Brotogeris,Psittacidae,1,Bajo
3208,Brotogeris chiriri,Didelphis albiventris,Brotogeris chiriri,Brotogeris chiriri,Alouatta guariba clamitans,Brotogeris chiriri,Brotogeris chiriri,Brotogeris chiriri,Brotogeris chiriri,Brotogeris chiriri,Brotogeris chiriri,Brotogeris chiriri,Brotogeris,Psittacidae,1,Bajo
3210,Brotogeris chiriri,Amazona aestiva,Amazona aestiva,Amazona aestiva,Amazona aestiva,Amazona aestiva,Amazona aestiva,Amazona aestiva,Amazona aestiva,Amazona aestiva,Amazona aestiva,Amazona aestiva,Brotogeris,Psittacidae,1,Bajo
3211,Brotogeris chiriri,Brotogeris chiriri,Brotogeris chiriri,Amazona aestiva,Amazona aestiva,Brotogeris chiriri,Brotogeris chiriri,Amazona aestiva,Brotogeris chiriri,Brotogeris chiriri,Brotogeris chiriri,Brotogeris chiriri,Brotogeris,Psittacidae,1,Bajo
3212,Brotogeris chiriri,Amazona aestiva,Notharchus swainsoni,Notharchus swainsoni,Amazona vinacea,Amazona aestiva,Amazona aestiva,Amazona aestiva,Notharchus swainsoni,Notharchus swainsoni,Notharchus swainsoni,Amazona aestiva,Brotogeris,Psittacidae,1,Bajo
3214,Brotogeris chiriri,Brotogeris chiriri,Hypoedaleus guttatus,Alouatta caraya,Alouatta caraya,Brotogeris chiriri,Brotogeris chiriri,Amazona aestiva,Hypoedaleus guttatus,Hypoedaleus guttatus,Hypoedaleus guttatus,Brotogeris chiriri,Brotogeris,Psittacidae,1,Bajo
3216,Brotogeris chiriri,Tachyphonus coronatus,Cyanoloxia brissonii,Brotogeris chiriri,Manacus manacus,Brotogeris chiriri,Brotogeris chiriri,Brotogeris chiriri,Cyanoloxia brissonii,Cyanoloxia brissonii,Cyanoloxia brissonii,Tachyphonus coronatus,Brotogeris,Psittacidae,1,Bajo
3217,Brotogeris chiriri,Celeus galeatus,Brotogeris chiriri,Brotogeris chiriri,Brotogeris chiriri,Brotogeris chiriri,Brotogeris chiriri,Celeus galeatus,Brotogeris chiriri,Brotogeris chiriri,Brotogeris chiriri,Celeus galeatus,Brotogeris,Psittacidae,1,Bajo
3218,Brotogeris chiriri,Brotogeris chiriri,Selenidera maculirostris,Cyanocorax chrysops,Brotogeris chiriri,Brotogeris chiriri,Brotogeris chiriri,Hypoedaleus guttatus,Selenidera maculirostris,Selenidera maculirostris,Selenidera maculirostris,Brotogeris chiriri,Brotogeris,Psittacidae,1,Bajo
3219,Brotogeris chiriri,Amazona vinacea,Alouatta guariba clamitans,Amazona vinacea,Amazona vinacea,Amazona vinacea,Amazona vinacea,Amazona vinacea,Alouatta guariba clamitans,Alouatta guariba clamitans,Alouatta guariba clamitans,Amazona vinacea,Brotogeris,Psittacidae,1,Bajo
3220,Brotogeris chiriri,Celeus galeatus,Brotogeris chiriri,Brotogeris chiriri,Brotogeris chiriri,Brotogeris chiriri,Brotogeris chiriri,Selenidera maculirostris,Brotogeris chiriri,Brotogeris chiriri,Brotogeris chiriri,Celeus galeatus,Brotogeris,Psittacidae,1,Bajo
3221,Brotogeris chiriri,Brotogeris chiriri,Brotogeris chiriri,Brotogeris chiriri,Brotogeris chiriri,Brotogeris chiriri,Brotogeris chiriri,Brotogeris chiriri,Brotogeris chiriri,Brotogeris chiriri,Brotogeris chiriri,Brotogeris chiriri,Brotogeris,Psittacidae,1,Bajo
3222,Brotogeris chiriri,Brotogeris chiriri,Brotogeris chiriri,Brotogeris chiriri,Brotogeris chiriri,Brotogeris chiriri,Brotogeris chiriri,Brotogeris chiriri,Brotogeris chiriri,Brotogeris chiriri,Brotogeris chiriri,Brotogeris chiriri,Brotogeris,Psittacidae,1,Bajo
3223,Brotogeris chiriri,Alouatta caraya,Brotogeris chiriri,Brotogeris chiriri,Brotogeris chiriri,Amazona aestiva,Amazona aestiva,Alouatta caraya,Brotogeris chiriri,Brotogeris chiriri,Brotogeris chiriri,Alouatta caraya,Brotogeris,Psittacidae,1,Bajo
3224,Brotogeris chiriri,Brotogeris chiriri,Cyanoloxia brissonii,Amazona aestiva,Amazona aestiva,Brotogeris chiriri,Brotogeris chiriri,Amazona aestiva,Cyanoloxia brissonii,Cyanoloxia brissonii,Cyanoloxia brissonii,Brotogeris chiriri,Brotogeris,Psittacidae,1,Bajo
3225,Brotogeris chiriri,Brotogeris chiriri,Amazona aestiva,Alouatta caraya,Alouatta caraya,Amazona aestiva,Brotogeris chiriri,Amazona aestiva,Amazona aestiva,Amazona aestiva,Amazona aestiva,Brotogeris chiriri,Brotogeris,Psittacidae,1,Bajo
3228,Brotogeris chiriri,Brotogeris chiriri,Brotogeris chiriri,Brotogeris chiriri,Brotogeris chiriri,Brotogeris chiriri,Brotogeris chiriri,Brotogeris chiriri,Brotogeris chiriri,Brotogeris chiriri,Brotogeris chiriri,Brotogeris chiriri,Brotogeris,Psittacidae,1,Bajo
3229,Brotogeris chiriri,Amazona aestiva,Amazona aestiva,Amazona aestiva,Amazona aestiva,Amazona aestiva,Amazona aestiva,Amazona aestiva,Amazona aestiva,Amazona aestiva,Amazona aestiva,Amazona aestiva,Brotogeris,Psittacidae,1,Bajo
3230,Brotogeris chiriri,Amazona aestiva,Brotogeris chiriri,Alouatta caraya,Amazona aestiva,Amazona aestiva,Amazona aestiva,Amazona aestiva,Brotogeris chiriri,Brotogeris chiriri,Brotogeris chiriri,Amazona aestiva,Brotogeris,Psittacidae,1,Bajo
3231,Brotogeris chiriri,Brotogeris chiriri,Brotogeris chiriri,Brotogeris chiriri,Brotogeris chiriri,Brotogeris chiriri,Brotogeris chiriri,Brotogeris chiriri,Brotogeris chiriri,Brotogeris chiriri,Brotogeris chiriri,Brotogeris chiriri,Brotogeris,Psittacidae,1,Bajo
3232,Brotogeris chiriri,Amazona vinacea,Pogonotriccus eximius,Brotogeris chiriri,Brotogeris chiriri,Amazona vinacea,Amazona vinacea,Gubernetes yetapa,Pogonotriccus eximius,Pogonotriccus eximius,Pogonotriccus eximius,Amazona vinacea,Brotogeris,Psittacidae,1,Bajo
3233,Brotogeris chiriri,Brotogeris chiriri,Amazona aestiva,Amazona aestiva,Brotogeris chiriri,Brotogeris chiriri,Brotogeris chiriri,Brotogeris chiriri,Amazona aestiva,Amazona aestiva,Amazona aestiva,Brotogeris chiriri,Brotogeris,Psittacidae,1,Bajo
3234,Brotogeris chiriri,Synallaxis ruficapilla,Chamaeza campanisona,Brotogeris chiriri,Brotogeris chiriri,Brotogeris chiriri,Brotogeris chiriri,Baryphthengus ruficapillus,Chamaeza campanisona,Chamaeza campanisona,Chamaeza campanisona,Celeus galeatus,Brotogeris,Psittacidae,1,Bajo
3236,Brotogeris chiriri,Brotogeris chiriri,Selenidera maculirostris,Brotogeris chiriri,Brotogeris chiriri,Brotogeris chiriri,Brotogeris chiriri,Brotogeris chiriri,Selenidera maculirostris,Selenidera maculirostris,Selenidera maculirostris,Brotogeris chiriri,Brotogeris,Psittacidae,1,Bajo
3237,Brotogeris chiriri,Amazona vinacea,Brotogeris chiriri,Brotogeris chiriri,Baryphthengus ruficapillus,Amazona vinacea,Amazona vinacea,Amazona aestiva,Brotogeris chiriri,Brotogeris chiriri,Brotogeris chiriri,Amazona vinacea,Brotogeris,Psittacidae,1,Bajo
3238,Brotogeris chiriri,Brotogeris chiriri,Brotogeris chiriri,Brotogeris chiriri,Brotogeris chiriri,Brotogeris chiriri,Brotogeris chiriri,Brotogeris chiriri,Brotogeris chiriri,Brotogeris chiriri,Brotogeris chiriri,Brotogeris chiriri,Brotogeris,Psittacidae,1,Bajo
3239,Brotogeris chiriri,Brotogeris chiriri,Brotogeris chiriri,Baryphthengus ruficapillus,Baryphthengus ruficapillus,Brotogeris chiriri,Brotogeris chiriri,Cyanoloxia brissonii,Brotogeris chiriri,Brotogeris chiriri,Brotogeris chiriri,Brotogeris chiriri,Brotogeris,Psittacidae,1,Bajo
3240,Brotogeris chiriri,Brotogeris chiriri,Pipile jacutinga,Pipile jacutinga,Baryphthengus ruficapillus,Amazona aestiva,Brotogeris chiriri,Brotogeris chiriri,Pipile jacutinga,Pipile jacutinga,Pipile jacutinga,Brotogeris chiriri,Brotogeris,Psittacidae,1,Bajo
3241,Brotogeris chiriri,Alouatta caraya,Alouatta caraya,Alouatta caraya,Alouatta caraya,Alouatta caraya,Alouatta caraya,Amazona aestiva,Alouatta caraya,Alouatta caraya,Alouatta caraya,Alouatta caraya,Brotogeris,Psittacidae,1,Bajo
3242,Brotogeris chiriri,Brotogeris chiriri,Chamaeza campanisona,Celeus galeatus,Celeus galeatus,Brotogeris chiriri,Brotogeris chiriri,Brotogeris chiriri,Chamaeza campanisona,Chamaeza campanisona,Chamaeza campanisona,Brotogeris chiriri,Brotogeris,Psittacidae,1,Bajo
3243,Brotogeris chiriri,Celeus galeatus,Chamaeza campanisona,Celeus galeatus,Celeus galeatus,Brotogeris chiriri,Brotogeris chiriri,Brotogeris chiriri,Chamaeza campanisona,Chamaeza campanisona,Chamaeza campanisona,Celeus galeatus,Brotogeris,Psittacidae,1,Bajo
3244,Aramides saracura,Aramides saracura,Aramides saracura,Aramides saracura,Aramides saracura,Aramides saracura,Aramides saracura,Amazona aestiva,Aramides saracura,Aramides saracura,Aramides saracura,Aramides saracura,Aramides,Rallidae,3,Medio
3245,Aramides saracura,Aramides saracura,Aramides saracura,Aramides saracura,Aramides saracura,Aramides saracura,Aramides saracura,Aramides saracura,Aramides saracura,Aramides saracura,Aramides saracura,Aramides saracura,Aramides,Rallidae,3,Medio
3246,Aramides saracura,Aramides saracura,Aramides saracura,Aramides saracura,Aramides saracura,Aramides saracura,Aramides saracura,Aramides saracura,Aramides saracura,Aramides saracura,Aramides saracura,Aramides saracura,Aramides,Rallidae,3,Medio
3247,Aramides saracura,Penelope superciliaris,Aramides saracura,Aramides saracura,Penelope superciliaris,Aramides saracura,Aramides saracura,Aramides saracura,Aramides saracura,Aramides saracura,Aramides saracura,Penelope superciliaris,Aramides,Rallidae,3,Medio
3248,Aramides saracura,Crypturellus tataupa,Leptotila rufaxilla,Leptotila rufaxilla,Leptotila rufaxilla,Lontra longicaudis,Aramides saracura,Cerdocyon thous,Leptotila rufaxilla,Leptotila rufaxilla,Leptotila rufaxilla,Crypturellus tataupa,Aramides,Rallidae,3,Medio
3249,Aramides saracura,Aramides saracura,Aramides saracura,Aramides saracura,Crypturellus obsoletus,Aramides saracura,Aramides saracura,Aramides saracura,Aramides saracura,Aramides saracura,Aramides saracura,Aramides saracura,Aramides,Rallidae,3,Medio
3250,Aramides saracura,Aramides saracura,Aramides saracura,Aramides saracura,Aramides saracura,Aramides saracura,Aramides saracura,Aramides saracura,Aramides saracura,Aramides saracura,Aramides saracura,Aramides saracura,Aramides,Rallidae,3,Medio
3251,Aramides saracura,Crypturellus tataupa,Crypturellus tataupa,Tinamus solitarius,Tinamus solitarius,Aramides saracura,Tinamus solitarius,Lontra longicaudis,Crypturellus tataupa,Crypturellus tataupa,Crypturellus tataupa,Crypturellus tataupa,Aramides,Rallidae,3,Medio
3252,Aramides saracura,Aramides saracura,Crypturellus obsoletus,Crypturellus obsoletus,Aramides saracura,Aramides saracura,Aramides saracura,Aramides saracura,Crypturellus obsoletus,Crypturellus obsoletus,Crypturellus obsoletus,Aramides saracura,Aramides,Rallidae,3,Medio
3253,Aramides saracura,Leptotila rufaxilla,Aramides saracura,Aramides saracura,Aramides saracura,Aramides saracura,Aramides saracura,Aramides saracura,Aramides saracura,Aramides saracura,Aramides saracura,Leptotila rufaxilla,Aramides,Rallidae,3,Medio
3254,Aramides saracura,Aramides saracura,Pecari tajacu,Aramides saracura,Dasyprocta azarae,Aramides saracura,Aramides saracura,Aramides saracura,Pecari tajacu,Pecari tajacu,Pecari tajacu,Aramides saracura,Aramides,Rallidae,3,Medio
3256,Aramides saracura,Pipile jacutinga,Lontra longicaudis,Lontra longicaudis,Nasua nasua,Lontra longicaudis,Pipile jacutinga,Phrynops williamsi,Lontra longicaudis,Lontra longicaudis,Lontra longicaudis,Pipile jacutinga,Aramides,Rallidae,3,Medio
3257,Aramides saracura,Aramides saracura,Crypturellus tataupa,Aramides saracura,Aramides saracura,Aramides saracura,Aramides saracura,Amazona aestiva,Crypturellus tataupa,Crypturellus tataupa,Crypturellus tataupa,Aramides saracura,Aramides,Rallidae,3,Medio
3258,Aramides saracura,Dasyprocta azarae,Eira barbara,Dasyprocta azarae,Aramides saracura,Crypturellus tataupa,Dasyprocta azarae,Crypturellus tataupa,Eira barbara,Eira barbara,Eira barbara,Dasyprocta azarae,Aramides,Rallidae,3,Medio
3259,Aramides saracura,Crypturellus tataupa,Leptotila verreauxi,Crypturellus tataupa,Crypturellus tataupa,Aramides saracura,Leptotila rufaxilla,Turdus rufiventris,Leptotila verreauxi,Leptotila verreauxi,Leptotila verreauxi,Crypturellus tataupa,Aramides,Rallidae,3,Medio
3260,Aramides saracura,Aramides saracura,Crypturellus obsoletus,Crypturellus obsoletus,Crypturellus obsoletus,Aramides saracura,Aramides saracura,Aramides saracura,Crypturellus obsoletus,Crypturellus obsoletus,Crypturellus obsoletus,Aramides saracura,Aramides,Rallidae,3,Medio
3261,Aramides saracura,Aramides saracura,Aramides saracura,Aramides saracura,Aramides saracura,Aramides saracura,Aramides saracura,Aramides saracura,Aramides saracura,Aramides saracura,Aramides saracura,Aramides saracura,Aramides,Rallidae,3,Medio
3262,Aramides saracura,Aramides saracura,Aramides saracura,Aramides saracura,Leptotila rufaxilla,Aramides saracura,Aramides saracura,Aramides saracura,Aramides saracura,Aramides saracura,Aramides saracura,Aramides saracura,Aramides,Rallidae,3,Medio
3264,Aramides saracura,Aramides saracura,Aramides saracura,Aramides saracura,Aramides saracura,Aramides saracura,Aramides saracura,Aramides saracura,Aramides saracura,Aramides saracura,Aramides saracura,Aramides saracura,Aramides,Rallidae,3,Medio
3265,Aramides saracura,Tinamus solitarius,Tinamus solitarius,Tinamus solitarius,Tinamus solitarius,Aramides saracura,Leptotila rufaxilla,Tinamus solitarius,Tinamus solitarius,Tinamus solitarius,Tinamus solitarius,Tinamus solitarius,Aramides,Rallidae,3,Medio
3266,Aramides saracura,Lontra longicaudis,Crypturellus tataupa,Crypturellus tataupa,Crypturellus tataupa,Lontra longicaudis,Lontra longicaudis,Phrynops williamsi,Crypturellus tataupa,Crypturellus tataupa,Crypturellus tataupa,Lontra longicaudis,Aramides,Rallidae,3,Medio
3268,Aramides saracura,Sus scrofa,Sus scrofa domesticus,Lycalopex gymnocerca,Myrmecophaga tridactyla,Sus scrofa,Sus scrofa,Sporophila pileata,Sus scrofa domesticus,Sus scrofa domesticus,Sus scrofa domesticus,Sus scrofa,Aramides,Rallidae,3,Medio
3269,Aramides saracura,Tinamus solitarius,Leptotila verreauxi,Crypturellus tataupa,Leptotila verreauxi,Aramides saracura,Aramides saracura,Crypturellus tataupa,Leptotila verreauxi,Leptotila verreauxi,Leptotila verreauxi,Tinamus solitarius,Aramides,Rallidae,3,Medio
3270,Aramides saracura,Chamaeza campanisona,Turdus albicollis,Conopophaga lineata,Turdus albicollis,Manacus manacus,Leptotila rufaxilla,Leptotila rufaxilla,Turdus albicollis,Turdus albicollis,Turdus albicollis,Cryptopezus nattereri,Aramides,Rallidae,3,Medio
3271,Aramides saracura,Aramides saracura,Crypturellus obsoletus,Aramides saracura,Crypturellus obsoletus,Aramides saracura,Aramides saracura,Aramides saracura,Crypturellus obsoletus,Crypturellus obsoletus,Crypturellus obsoletus,Aramides saracura,Aramides,Rallidae,3,Medio
3272,Aramides saracura,Aramides saracura,Synallaxis ruficapilla,Lontra longicaudis,Lontra longicaudis,Synallaxis ruficapilla,Aramides saracura,Sus scrofa,Synallaxis ruficapilla,Synallaxis ruficapilla,Synallaxis ruficapilla,Aramides saracura,Aramides,Rallidae,3,Medio
3273,Aramides saracura,Leptotila rufaxilla,Tinamus solitarius,Crypturellus obsoletus,Crypturellus obsoletus,Leptotila rufaxilla,Leptotila rufaxilla,Aramides saracura,Tinamus solitarius,Tinamus solitarius,Tinamus solitarius,Leptotila rufaxilla,Aramides,Rallidae,3,Medio
3275,Aramides saracura,Turdus albicollis,Pyriglena leucoptera,Conopophaga lineata,Amazona aestiva,Didelphis albiventris,Penelope superciliaris,Leptotila verreauxi,Pyriglena leucoptera,Pyriglena leucoptera,Pyriglena leucoptera,Pyriglena leucoptera,Aramides,Rallidae,3,Medio
3276,Aramides saracura,Lontra longicaudis,Lontra longicaudis,Aramides saracura,Lontra longicaudis,Aramides saracura,Lontra longicaudis,Phrynops williamsi,Lontra longicaudis,Lontra longicaudis,Lontra longicaudis,Lontra longicaudis,Aramides,Rallidae,3,Medio
3278,Aramides saracura,Geotrygon montana,Turdus rufiventris,Geotrygon montana,Tinamus solitarius,Aramides saracura,Aramides saracura,Aramides saracura,Turdus rufiventris,Turdus rufiventris,Turdus rufiventris,Geotrygon montana,Aramides,Rallidae,3,Medio
3279,Aramides saracura,Herpailurus yagouaroundi,Nothura maculosa,Herpailurus yagouaroundi,Herpailurus yagouaroundi,Nothura maculosa,Nothura maculosa,Leopardus guttulus,Nothura maculosa,Nothura maculosa,Nothura maculosa,Herpailurus yagouaroundi,Aramides,Rallidae,3,Medio
3280,Aramides saracura,Aramides saracura,Aramides saracura,Aramides saracura,Aramides saracura,Aramides saracura,Aramides saracura,Aramides saracura,Aramides saracura,Aramides saracura,Aramides saracura,Aramides saracura,Aramides,Rallidae,3,Medio
3281,Aramides saracura,Aramides saracura,Leptotila rufaxilla,Aramides saracura,Aramides saracura,Aramides saracura,Aramides saracura,Aramides saracura,Leptotila rufaxilla,Leptotila rufaxilla,Leptotila rufaxilla,Aramides saracura,Aramides,Rallidae,3,Medio
3282,Aramides saracura,Aramides saracura,Turdus rufiventris,Leptotila rufaxilla,Leptotila rufaxilla,Aramides saracura,Aramides saracura,Leptotila rufaxilla,Turdus rufiventris,Turdus rufiventris,Turdus rufiventris,Aramides saracura,Aramides,Rallidae,3,Medio
3283,Aramides saracura,Crypturellus tataupa,Tinamus solitarius,Chamaeza campanisona,Chamaeza campanisona,Aramides saracura,Aramides saracura,Aramides saracura,Tinamus solitarius,Tinamus solitarius,Tinamus solitarius,Crypturellus tataupa,Aramides,Rallidae,3,Medio
3285,Aramides saracura,Aramides saracura,Lycalopex gymnocerca,Aramides saracura,Aramides saracura,Aramides saracura,Aramides saracura,Aramides saracura,Lycalopex gymnocerca,Lycalopex gymnocerca,Lycalopex gymnocerca,Aramides saracura,Aramides,Rallidae,3,Medio
3286,Aramides saracura,Aramides saracura,Galictis cuja,Crypturellus obsoletus,Aramides saracura,Galictis cuja,Aramides saracura,Galictis cuja,Galictis cuja,Galictis cuja,Galictis cuja,Aramides saracura,Aramides,Rallidae,3,Medio
3289,Aramides saracura,Aramides saracura,Panthera onca,Aramides saracura,Aramides saracura,Aramides saracura,Aramides saracura,Aramides saracura,Panthera onca,Panthera onca,Panthera onca,Aramides saracura,Aramides,Rallidae,3,Medio
3292,Aramides saracura,Aramides saracura,Aramides saracura,Aramides saracura,Aramides saracura,Aramides saracura,Aramides saracura,Crypturellus obsoletus,Aramides saracura,Aramides saracura,Aramides saracura,Aramides saracura,Aramides,Rallidae,3,Medio
3293,Aramides saracura,Aramides saracura,Sylvilagus brasiliensis,Leptotila rufaxilla,Leptotila rufaxilla,Aramides saracura,Aramides saracura,Aramides saracura,Sylvilagus brasiliensis,Sylvilagus brasiliensis,Sylvilagus brasiliensis,Aramides saracura,Aramides,Rallidae,3,Medio
3294,Aramides saracura,Aramides saracura,Leptotila rufaxilla,Aramides saracura,Aramides saracura,Aramides saracura,Aramides saracura,Leptotila rufaxilla,Leptotila rufaxilla,Leptotila rufaxilla,Leptotila rufaxilla,Aramides saracura,Aramides,Rallidae,3,Medio
3297,Aramides saracura,Pyriglena leucoptera,Conopophaga lineata,Baryphthengus ruficapillus,Baryphthengus ruficapillus,Synallaxis ruficapilla,Habia rubica,Habia rubica,Conopophaga lineata,Conopophaga lineata,Conopophaga lineata,Pyriglena leucoptera,Aramides,Rallidae,3,Medio
3298,Aramides saracura,Geotrygon montana,Geotrygon montana,Geotrygon montana,Aramides saracura,Selenidera maculirostris,Didelphis aurita,Tinamus solitarius,Geotrygon montana,Geotrygon montana,Geotrygon montana,Geotrygon montana,Aramides,Rallidae,3,Medio
3299,Aramides saracura,Sus scrofa,Sus scrofa,Sus scrofa,Cerdocyon thous,Sus scrofa,Sus scrofa,Sus scrofa,Sus scrofa,Sus scrofa,Sus scrofa,Sus scrofa,Aramides,Rallidae,3,Medio
3300,Aramides saracura,Aramides saracura,Leptotila rufaxilla,Crypturellus tataupa,Aramides saracura,Aramides saracura,Aramides saracura,Aramides saracura,Leptotila rufaxilla,Leptotila rufaxilla,Leptotila rufaxilla,Aramides saracura,Aramides,Rallidae,3,Medio
3301,Aramides saracura,Crypturellus obsoletus,Leptotila rufaxilla,Aramides saracura,Aramides saracura,Aramides saracura,Aramides saracura,Aramides saracura,Leptotila rufaxilla,Leptotila rufaxilla,Leptotila rufaxilla,Crypturellus obsoletus,Aramides,Rallidae,3,Medio
3302,Aramides saracura,Aramides saracura,Aramides saracura,Aramides saracura,Aramides saracura,Aramides saracura,Aramides saracura,Aramides saracura,Aramides saracura,Aramides saracura,Aramides saracura,Aramides saracura,Aramides,Rallidae,3,Medio
3303,Aramides saracura,Aramides saracura,Aramides saracura,Aramides saracura,Leptotila rufaxilla,Aramides saracura,Aramides saracura,Aramides saracura,Aramides saracura,Aramides saracura,Aramides saracura,Aramides saracura,Aramides,Rallidae,3,Medio
3304,Aramides saracura,Aramides saracura,Dasyprocta azarae,Cerdocyon thous,Aramides saracura,Aramides saracura,Aramides saracura,Aramides saracura,Dasyprocta azarae,Dasyprocta azarae,Dasyprocta azarae,Aramides saracura,Aramides,Rallidae,3,Medio
3305,Aramides saracura,Dasyprocta azarae,Hydrochoerus hydrochaeris,Crax fasciolata,Aramides saracura,Aramides saracura,Aramides saracura,Hydrochoerus hydrochaeris,Hydrochoerus hydrochaeris,Hydrochoerus hydrochaeris,Hydrochoerus hydrochaeris,Dasyprocta azarae,Aramides,Rallidae,3,Medio
3306,Aramides saracura,Dasyprocta azarae,Eira barbara,Dasyprocta azarae,Dasyprocta azarae,Dasyprocta azarae,Dasyprocta azarae,Dasyprocta azarae,Eira barbara,Eira barbara,Eira barbara,Dasyprocta azarae,Aramides,Rallidae,3,Medio
3307,Aramides saracura,Aramides saracura,Aramides saracura,Aramides saracura,Aramides saracura,Aramides saracura,Aramides saracura,Aramides saracura,Aramides saracura,Aramides saracura,Aramides saracura,Aramides saracura,Aramides,Rallidae,3,Medio
3308,Aramides saracura,Crypturellus obsoletus,Leptotila rufaxilla,Crypturellus obsoletus,Chamaeza campanisona,Crypturellus obsoletus,Leptotila rufaxilla,Leptotila rufaxilla,Leptotila rufaxilla,Leptotila rufaxilla,Leptotila rufaxilla,Crypturellus obsoletus,Aramides,Rallidae,3,Medio
3309,Aramides saracura,Aramides saracura,Crypturellus obsoletus,Crypturellus obsoletus,Aramides saracura,Aramides saracura,Aramides saracura,Aramides saracura,Crypturellus obsoletus,Crypturellus obsoletus,Crypturellus obsoletus,Aramides saracura,Aramides,Rallidae,3,Medio
3311,Aramides saracura,Aramides saracura,Aramides saracura,Aramides saracura,Aramides saracura,Aramides saracura,Aramides saracura,Aramides saracura,Aramides saracura,Aramides saracura,Aramides saracura,Aramides saracura,Aramides,Rallidae,3,Medio
3312,Aramides saracura,Aramides saracura,Aramides saracura,Aramides saracura,Crypturellus obsoletus,Aramides saracura,Aramides saracura,Aramides saracura,Aramides saracura,Aramides saracura,Aramides saracura,Aramides saracura,Aramides,Rallidae,3,Medio
3314,Selenidera maculirostris,Brotogeris chiriri,Pipile jacutinga,Brotogeris chiriri,Brotogeris chiriri,Amazona aestiva,Brotogeris chiriri,Selenidera maculirostris,Pipile jacutinga,Pipile jacutinga,Pipile jacutinga,Brotogeris chiriri,Selenidera,Ramphastidae,5,Crítico
3315,Selenidera maculirostris,Selenidera maculirostris,Pipile jacutinga,Biatas nigropectus,Selenidera maculirostris,Selenidera maculirostris,Selenidera maculirostris,Manacus manacus,Pipile jacutinga,Pipile jacutinga,Pipile jacutinga,Selenidera maculirostris,Selenidera,Ramphastidae,5,Crítico
3316,Selenidera maculirostris,Cyanocorax chrysops,Baryphthengus ruficapillus,Alouatta guariba clamitans,Notharchus swainsoni,Baryphthengus ruficapillus,Cyanocorax chrysops,Cyanocorax chrysops,Baryphthengus ruficapillus,Baryphthengus ruficapillus,Baryphthengus ruficapillus,Cyanocorax chrysops,Selenidera,Ramphastidae,5,Crítico
3317,Selenidera maculirostris,Nasua nasua,Nasua nasua,Dasyprocta azarae,Dasyprocta azarae,Dasyprocta azarae,Nasua nasua,Salvator merianae,Nasua nasua,Nasua nasua,Nasua nasua,Nasua nasua,Selenidera,Ramphastidae,5,Crítico
3318,Selenidera maculirostris,Selenidera maculirostris,Selenidera maculirostris,Selenidera maculirostris,Selenidera maculirostris,Selenidera maculirostris,Selenidera maculirostris,Amazona aestiva,Selenidera maculirostris,Selenidera maculirostris,Selenidera maculirostris,Selenidera maculirostris,Selenidera,Ramphastidae,5,Crítico
3320,Selenidera maculirostris,Notharchus swainsoni,Selenidera maculirostris,Selenidera maculirostris,Selenidera maculirostris,Selenidera maculirostris,Selenidera maculirostris,Selenidera maculirostris,Selenidera maculirostris,Selenidera maculirostris,Selenidera maculirostris,Notharchus swainsoni,Selenidera,Ramphastidae,5,Crítico
3321,Selenidera maculirostris,Selenidera maculirostris,Selenidera maculirostris,Selenidera maculirostris,Selenidera maculirostris,Selenidera maculirostris,Selenidera maculirostris,Cyanocorax chrysops,Selenidera maculirostris,Selenidera maculirostris,Selenidera maculirostris,Selenidera maculirostris,Selenidera,Ramphastidae,5,Crítico
3324,Selenidera maculirostris,Selenidera maculirostris,Baryphthengus ruficapillus,Baryphthengus ruficapillus,Selenidera maculirostris,Selenidera maculirostris,Selenidera maculirostris,Selenidera maculirostris,Baryphthengus ruficapillus,Baryphthengus ruficapillus,Baryphthengus ruficapillus,Selenidera maculirostris,Selenidera,Ramphastidae,5,Crítico
3326,Selenidera maculirostris,Tachyphonus coronatus,Tachyphonus coronatus,Hypoedaleus guttatus,Tachyphonus coronatus,Tachyphonus coronatus,Tachyphonus coronatus,Turdus albicollis,Tachyphonus coronatus,Tachyphonus coronatus,Tachyphonus coronatus,Tachyphonus coronatus,Selenidera,Ramphastidae,5,Crítico
3327,Selenidera maculirostris,Selenidera maculirostris,Selenidera maculirostris,Selenidera maculirostris,Selenidera maculirostris,Selenidera maculirostris,Selenidera maculirostris,Notharchus swainsoni,Selenidera maculirostris,Selenidera maculirostris,Selenidera maculirostris,Selenidera maculirostris,Selenidera,Ramphastidae,5,Crítico
3330,Selenidera maculirostris,Penelope superciliaris,Sapajus nigritus,Penelope superciliaris,Penelope superciliaris,Sapajus nigritus,Penelope superciliaris,Sapajus nigritus,Sapajus nigritus,Sapajus nigritus,Sapajus nigritus,Penelope superciliaris,Selenidera,Ramphastidae,5,Crítico
3331,Selenidera maculirostris,Penelope superciliaris,Sapajus nigritus,Sapajus nigritus,Sapajus nigritus,Tachyphonus coronatus,Penelope superciliaris,Sapajus nigritus,Sapajus nigritus,Sapajus nigritus,Sapajus nigritus,Penelope superciliaris,Selenidera,Ramphastidae,5,Crítico
3332,Selenidera maculirostris,Brotogeris chiriri,Turdus albicollis,Leptotila verreauxi,Alouatta caraya,Selenidera maculirostris,Turdus albicollis,Cyanoloxia brissonii,Turdus albicollis,Turdus albicollis,Turdus albicollis,Brotogeris chiriri,Selenidera,Ramphastidae,5,Crítico
3333,Selenidera maculirostris,Hypoedaleus guttatus,Hypoedaleus guttatus,Conopophaga lineata,Conopophaga lineata,Hypoedaleus guttatus,Hypoedaleus guttatus,Hypoedaleus guttatus,Hypoedaleus guttatus,Hypoedaleus guttatus,Hypoedaleus guttatus,Hypoedaleus guttatus,Selenidera,Ramphastidae,5,Crítico
3334,Selenidera maculirostris,Selenidera maculirostris,Selenidera maculirostris,Selenidera maculirostris,Selenidera maculirostris,Selenidera maculirostris,Selenidera maculirostris,Selenidera maculirostris,Selenidera maculirostris,Selenidera maculirostris,Selenidera maculirostris,Selenidera maculirostris,Selenidera,Ramphastidae,5,Crítico
3335,Selenidera maculirostris,Selenidera maculirostris,Selenidera maculirostris,Selenidera maculirostris,Selenidera maculirostris,Selenidera maculirostris,Selenidera maculirostris,Selenidera maculirostris,Selenidera maculirostris,Selenidera maculirostris,Selenidera maculirostris,Selenidera maculirostris,Selenidera,Ramphastidae,5,Crítico
3336,Selenidera maculirostris,Selenidera maculirostris,Baryphthengus ruficapillus,Selenidera maculirostris,Selenidera maculirostris,Selenidera maculirostris,Selenidera maculirostris,Selenidera maculirostris,Baryphthengus ruficapillus,Baryphthengus ruficapillus,Baryphthengus ruficapillus,Selenidera maculirostris,Selenidera,Ramphastidae,5,Crítico
3337,Selenidera maculirostris,Penelope superciliaris,Pyriglena leucoptera,Penelope superciliaris,Penelope superciliaris,Strix hylophila,Penelope superciliaris,Penelope superciliaris,Pyriglena leucoptera,Pyriglena leucoptera,Pyriglena leucoptera,Penelope superciliaris,Selenidera,Ramphastidae,5,Crítico
3338,Selenidera maculirostris,Selenidera maculirostris,Penelope superciliaris,Notharchus swainsoni,Penelope superciliaris,Selenidera maculirostris,Selenidera maculirostris,Selenidera maculirostris,Penelope superciliaris,Penelope superciliaris,Penelope superciliaris,Selenidera maculirostris,Selenidera,Ramphastidae,5,Crítico
3339,Selenidera maculirostris,Selenidera maculirostris,Hypoedaleus guttatus,Cyanocorax chrysops,Baryphthengus ruficapillus,Selenidera maculirostris,Selenidera maculirostris,Selenidera maculirostris,Hypoedaleus guttatus,Hypoedaleus guttatus,Hypoedaleus guttatus,Selenidera maculirostris,Selenidera,Ramphastidae,5,Crítico
3340,Selenidera maculirostris,Selenidera maculirostris,Pyriglena leucoptera,Penelope superciliaris,Biatas nigropectus,Selenidera maculirostris,Selenidera maculirostris,Hypoedaleus guttatus,Pyriglena leucoptera,Pyriglena leucoptera,Pyriglena leucoptera,Selenidera maculirostris,Selenidera,Ramphastidae,5,Crítico
3341,Selenidera maculirostris,Tachyphonus coronatus,Habia rubica,Cyanoloxia brissonii,Cyanoloxia brissonii,Tachyphonus coronatus,Tachyphonus coronatus,Brotogeris chiriri,Habia rubica,Habia rubica,Habia rubica,Mackenziaena severa,Selenidera,Ramphastidae,5,Crítico
3342,Selenidera maculirostris,Alouatta guariba,Selenidera maculirostris,Pipile jacutinga,Selenidera maculirostris,Selenidera maculirostris,Penelope superciliaris,Amazona aestiva,Selenidera maculirostris,Selenidera maculirostris,Selenidera maculirostris,Alouatta guariba,Selenidera,Ramphastidae,5,Crítico
3343,Selenidera maculirostris,Baryphthengus ruficapillus,Baryphthengus ruficapillus,Baryphthengus ruficapillus,Baryphthengus ruficapillus,Baryphthengus ruficapillus,Baryphthengus ruficapillus,Conopophaga lineata,Baryphthengus ruficapillus,Baryphthengus ruficapillus,Baryphthengus ruficapillus,Baryphthengus ruficapillus,Selenidera,Ramphastidae,5,Crítico
3344,Selenidera maculirostris,Hypoedaleus guttatus,Hypoedaleus guttatus,Hypoedaleus guttatus,Hypoedaleus guttatus,Selenidera maculirostris,Hypoedaleus guttatus,Hypoedaleus guttatus,Hypoedaleus guttatus,Hypoedaleus guttatus,Hypoedaleus guttatus,Hypoedaleus guttatus,Selenidera,Ramphastidae,5,Crítico
3345,Selenidera maculirostris,Selenidera maculirostris,Selenidera maculirostris,Selenidera maculirostris,Selenidera maculirostris,Selenidera maculirostris,Selenidera maculirostris,Selenidera maculirostris,Selenidera maculirostris,Selenidera maculirostris,Selenidera maculirostris,Selenidera maculirostris,Selenidera,Ramphastidae,5,Crítico
3346,Selenidera maculirostris,Selenidera maculirostris,Selenidera maculirostris,Selenidera maculirostris,Selenidera maculirostris,Selenidera maculirostris,Selenidera maculirostris,Selenidera maculirostris,Selenidera maculirostris,Selenidera maculirostris,Selenidera maculirostris,Selenidera maculirostris,Selenidera,Ramphastidae,5,Crítico
3347,Selenidera maculirostris,Selenidera maculirostris,Selenidera maculirostris,Selenidera maculirostris,Selenidera maculirostris,Selenidera maculirostris,Selenidera maculirostris,Selenidera maculirostris,Selenidera maculirostris,Selenidera maculirostris,Selenidera maculirostris,Selenidera maculirostris,Selenidera,Ramphastidae,5,Crítico
3348,Selenidera maculirostris,Brotogeris chiriri,Pipile jacutinga,Brotogeris chiriri,Amazona aestiva,Tachyphonus coronatus,Brotogeris chiriri,Brotogeris chiriri,Pipile jacutinga,Pipile jacutinga,Pipile jacutinga,Tachyphonus coronatus,Selenidera,Ramphastidae,5,Crítico
3350,Selenidera maculirostris,Selenidera maculirostris,Selenidera maculirostris,Selenidera maculirostris,Selenidera maculirostris,Selenidera maculirostris,Selenidera maculirostris,Selenidera maculirostris,Selenidera maculirostris,Selenidera maculirostris,Selenidera maculirostris,Selenidera maculirostris,Selenidera,Ramphastidae,5,Crítico
3351,Selenidera maculirostris,Selenidera maculirostris,Selenidera maculirostris,Penelope superciliaris,Celeus galeatus,Selenidera maculirostris,Selenidera maculirostris,Selenidera maculirostris,Selenidera maculirostris,Selenidera maculirostris,Selenidera maculirostris,Selenidera maculirostris,Selenidera,Ramphastidae,5,Crítico
3352,Selenidera maculirostris,Brotogeris chiriri,Amazona aestiva,Amazona aestiva,Amazona aestiva,Amazona aestiva,Brotogeris chiriri,Aramides saracura,Amazona aestiva,Amazona aestiva,Amazona aestiva,Brotogeris chiriri,Selenidera,Ramphastidae,5,Crítico
3354,Selenidera maculirostris,Selenidera maculirostris,Selenidera maculirostris,Cyanocorax chrysops,Selenidera maculirostris,Selenidera maculirostris,Selenidera maculirostris,Selenidera maculirostris,Selenidera maculirostris,Selenidera maculirostris,Selenidera maculirostris,Selenidera maculirostris,Selenidera,Ramphastidae,5,Crítico
3356,Selenidera maculirostris,Sapajus nigritus,Alouatta guariba clamitans,Alouatta guariba,Sapajus nigritus,Strix hylophila,Sapajus nigritus,Alouatta guariba clamitans,Alouatta guariba clamitans,Alouatta guariba clamitans,Alouatta guariba clamitans,Sapajus nigritus,Selenidera,Ramphastidae,5,Crítico
3358,Selenidera maculirostris,Selenidera maculirostris,Brotogeris chiriri,Brotogeris chiriri,Baryphthengus ruficapillus,Selenidera maculirostris,Selenidera maculirostris,Selenidera maculirostris,Brotogeris chiriri,Brotogeris chiriri,Brotogeris chiriri,Selenidera maculirostris,Selenidera,Ramphastidae,5,Crítico
3359,Selenidera maculirostris,Selenidera maculirostris,Celeus galeatus,Celeus galeatus,Celeus galeatus,Selenidera maculirostris,Selenidera maculirostris,Selenidera maculirostris,Celeus galeatus,Celeus galeatus,Celeus galeatus,Selenidera maculirostris,Selenidera,Ramphastidae,5,Crítico
3360,Selenidera maculirostris,Selenidera maculirostris,Penelope superciliaris,Alouatta guariba clamitans,Alouatta guariba clamitans,Alouatta guariba clamitans,Selenidera maculirostris,Baryphthengus ruficapillus,Penelope superciliaris,Penelope superciliaris,Penelope superciliaris,Selenidera maculirostris,Selenidera,Ramphastidae,5,Crítico
3361,Selenidera maculirostris,Tachyphonus coronatus,Pipile jacutinga,Biatas nigropectus,Baryphthengus ruficapillus,Selenidera maculirostris,Tachyphonus coronatus,Pipile jacutinga,Pipile jacutinga,Pipile jacutinga,Pipile jacutinga,Tachyphonus coronatus,Selenidera,Ramphastidae,5,Crítico
3362,Selenidera maculirostris,Selenidera maculirostris,Cyanocorax chrysops,Baryphthengus ruficapillus,Baryphthengus ruficapillus,Selenidera maculirostris,Selenidera maculirostris,Selenidera maculirostris,Cyanocorax chrysops,Cyanocorax chrysops,Cyanocorax chrysops,Selenidera maculirostris,Selenidera,Ramphastidae,5,Crítico
3363,Selenidera maculirostris,Selenidera maculirostris,Baryphthengus ruficapillus,Selenidera maculirostris,Baryphthengus ruficapillus,Selenidera maculirostris,Selenidera maculirostris,Selenidera maculirostris,Baryphthengus ruficapillus,Baryphthengus ruficapillus,Baryphthengus ruficapillus,Selenidera maculirostris,Selenidera,Ramphastidae,5,Crítico
3365,Selenidera maculirostris,Habia rubica,Conopophaga lineata,Conopophaga lineata,Habia rubica,Selenidera maculirostris,Habia rubica,Habia rubica,Conopophaga lineata,Conopophaga lineata,Conopophaga lineata,Habia rubica,Selenidera,Ramphastidae,5,Crítico
3366,Selenidera maculirostris,Selenidera maculirostris,Selenidera maculirostris,Baryphthengus ruficapillus,Selenidera maculirostris,Selenidera maculirostris,Selenidera maculirostris,Selenidera maculirostris,Selenidera maculirostris,Selenidera maculirostris,Selenidera maculirostris,Selenidera maculirostris,Selenidera,Ramphastidae,5,Crítico
3367,Selenidera maculirostris,Selenidera maculirostris,Selenidera maculirostris,Selenidera maculirostris,Selenidera maculirostris,Selenidera maculirostris,Selenidera maculirostris,Selenidera maculirostris,Selenidera maculirostris,Selenidera maculirostris,Selenidera maculirostris,Selenidera maculirostris,Selenidera,Ramphastidae,5,Crítico
3368,Selenidera maculirostris,Gubernetes yetapa,Synallaxis ruficapilla,Chamaeza campanisona,Chamaeza campanisona,Selenidera maculirostris,Gubernetes yetapa,Aramides saracura,Synallaxis ruficapilla,Synallaxis ruficapilla,Synallaxis ruficapilla,Gubernetes yetapa,Selenidera,Ramphastidae,5,Crítico
3369,Selenidera maculirostris,Selenidera maculirostris,Penelope superciliaris,Penelope superciliaris,Brotogeris chiriri,Selenidera maculirostris,Selenidera maculirostris,Brotogeris chiriri,Penelope superciliaris,Penelope superciliaris,Penelope superciliaris,Selenidera maculirostris,Selenidera,Ramphastidae,5,Crítico
3371,Selenidera maculirostris,Selenidera maculirostris,Baryphthengus ruficapillus,Baryphthengus ruficapillus,Baryphthengus ruficapillus,Baryphthengus ruficapillus,Selenidera maculirostris,Selenidera maculirostris,Baryphthengus ruficapillus,Baryphthengus ruficapillus,Baryphthengus ruficapillus,Selenidera maculirostris,Selenidera,Ramphastidae,5,Crítico
3372,Selenidera maculirostris,Baryphthengus ruficapillus,Pyriglena leucoptera,Hypoedaleus guttatus,Amazona vinacea,Baryphthengus ruficapillus,Baryphthengus ruficapillus,Hypoedaleus guttatus,Pyriglena leucoptera,Pyriglena leucoptera,Pyriglena leucoptera,Baryphthengus ruficapillus,Selenidera,Ramphastidae,5,Crítico
3373,Selenidera maculirostris,Selenidera maculirostris,Baryphthengus ruficapillus,Baryphthengus ruficapillus,Baryphthengus ruficapillus,Selenidera maculirostris,Selenidera maculirostris,Selenidera maculirostris,Baryphthengus ruficapillus,Baryphthengus ruficapillus,Baryphthengus ruficapillus,Selenidera maculirostris,Selenidera,Ramphastidae,5,Crítico
3374,Selenidera maculirostris,Amazona vinacea,Amazona vinacea,Amazona vinacea,Notharchus swainsoni,Selenidera maculirostris,Amazona vinacea,Gubernetes yetapa,Amazona vinacea,Amazona vinacea,Amazona vinacea,Amazona vinacea,Selenidera,Ramphastidae,5,Crítico
3376,Selenidera maculirostris,Selenidera maculirostris,Selenidera maculirostris,Baryphthengus ruficapillus,Baryphthengus ruficapillus,Selenidera maculirostris,Selenidera maculirostris,Selenidera maculirostris,Selenidera maculirostris,Selenidera maculirostris,Selenidera maculirostris,Selenidera maculirostris,Selenidera,Ramphastidae,5,Crítico
3377,Selenidera maculirostris,Selenidera maculirostris,Selenidera maculirostris,Selenidera maculirostris,Selenidera maculirostris,Selenidera maculirostris,Selenidera maculirostris,Cyanocorax chrysops,Selenidera maculirostris,Selenidera maculirostris,Selenidera maculirostris,Selenidera maculirostris,Selenidera,Ramphastidae,5,Crítico
3379,Selenidera maculirostris,Selenidera maculirostris,Selenidera maculirostris,Habia rubica,Selenidera maculirostris,Selenidera maculirostris,Selenidera maculirostris,Amazona aestiva,Selenidera maculirostris,Selenidera maculirostris,Selenidera maculirostris,Selenidera maculirostris,Selenidera,Ramphastidae,5,Crítico
3380,Selenidera maculirostris,Brotogeris chiriri,Pipile jacutinga,Amazona aestiva,Alouatta caraya,Amazona aestiva,Brotogeris chiriri,Pipile jacutinga,Pipile jacutinga,Pipile jacutinga,Pipile jacutinga,Brotogeris chiriri,Selenidera,Ramphastidae,5,Crítico
3381,Selenidera maculirostris,Selenidera maculirostris,Selenidera maculirostris,Selenidera maculirostris,Selenidera maculirostris,Selenidera maculirostris,Selenidera maculirostris,Selenidera maculirostris,Selenidera maculirostris,Selenidera maculirostris,Selenidera maculirostris,Selenidera maculirostris,Selenidera,Ramphastidae,5,Crítico
3382,Selenidera maculirostris,Brotogeris chiriri,Cyanoloxia brissonii,Amazona aestiva,Amazona aestiva,Selenidera maculirostris,Selenidera maculirostris,Notharchus swainsoni,Cyanoloxia brissonii,Cyanoloxia brissonii,Cyanoloxia brissonii,Brotogeris chiriri,Selenidera,Ramphastidae,5,Crítico
3383,Selenidera maculirostris,Brotogeris chiriri,Pipile jacutinga,Brotogeris chiriri,Tachyphonus coronatus,Amazona aestiva,Brotogeris chiriri,Brotogeris chiriri,Pipile jacutinga,Pipile jacutinga,Pipile jacutinga,Brotogeris chiriri,Selenidera,Ramphastidae,5,Crítico
3384,Strix hylophila,Strix hylophila,Baryphthengus ruficapillus,Baryphthengus ruficapillus,Baryphthengus ruficapillus,Strix hylophila,Baryphthengus ruficapillus,Strix hylophila,Baryphthengus ruficapillus,Baryphthengus ruficapillus,Baryphthengus ruficapillus,Strix hylophila,Strix,Strigidae,6,Crítico
3386,Strix hylophila,Strix hylophila,Strix hylophila,Alouatta caraya,Alouatta caraya,Strix hylophila,Penelope superciliaris,Strix hylophila,Strix hylophila,Strix hylophila,Strix hylophila,Strix hylophila,Strix,Strigidae,6,Crítico
3387,Strix hylophila,Strix hylophila,Strix hylophila,Strix hylophila,Strix hylophila,Strix hylophila,Strix hylophila,Strix hylophila,Strix hylophila,Strix hylophila,Strix hylophila,Strix hylophila,Strix,Strigidae,6,Crítico
3389,Strix hylophila,Strix hylophila,Amazona vinacea,Amazona vinacea,Amazona vinacea,Strix hylophila,Amazona vinacea,Amazona vinacea,Amazona vinacea,Amazona vinacea,Amazona vinacea,Strix hylophila,Strix,Strigidae,6,Crítico
3392,Strix hylophila,Strix virgata,Strix virgata,Strix hylophila,Strix hylophila,Strix hylophila,Strix hylophila,Strix hylophila,Strix virgata,Strix virgata,Strix virgata,Strix virgata,Strix,Strigidae,6,Crítico
3394,Strix hylophila,Strix hylophila,Strix virgata,Strix hylophila,Strix hylophila,Strix hylophila,Strix hylophila,Strix hylophila,Strix virgata,Strix virgata,Strix virgata,Strix hylophila,Strix,Strigidae,6,Crítico
3395,Strix hylophila,Strix hylophila,Strix hylophila,Strix hylophila,Strix hylophila,Strix hylophila,Strix hylophila,Strix hylophila,Strix hylophila,Strix hylophila,Strix hylophila,Strix hylophila,Strix,Strigidae,6,Crítico
3396,Strix hylophila,Strix hylophila,Strix hylophila,Strix hylophila,Strix hylophila,Strix hylophila,Strix hylophila,Strix hylophila,Strix hylophila,Strix hylophila,Strix hylophila,Strix hylophila,Strix,Strigidae,6,Crítico
3397,Strix hylophila,Strix hylophila,Amazona vinacea,Alouatta guariba clamitans,Amazona vinacea,Strix hylophila,Amazona vinacea,Amazona vinacea,Amazona vinacea,Amazona vinacea,Amazona vinacea,Strix hylophila,Strix,Strigidae,6,Crítico
3398,Strix hylophila,Strix hylophila,Strix hylophila,Amazona vinacea,Amazona vinacea,Strix hylophila,Strix hylophila,Alouatta guariba clamitans,Strix hylophila,Strix hylophila,Strix hylophila,Strix hylophila,Strix,Strigidae,6,Crítico
3399,Strix hylophila,Strix hylophila,Strix hylophila,Strix hylophila,Strix hylophila,Strix hylophila,Strix hylophila,Strix hylophila,Strix hylophila,Strix hylophila,Strix hylophila,Strix hylophila,Strix,Strigidae,6,Crítico
3400,Strix hylophila,Strix hylophila,Strix virgata borelliana,Strix hylophila,Strix hylophila,Strix hylophila,Strix hylophila,Strix hylophila,Strix virgata borelliana,Strix virgata borelliana,Strix virgata borelliana,Strix hylophila,Strix,Strigidae,6,Crítico
3401,Strix hylophila,Strix hylophila,Strix hylophila,Strix hylophila,Strix hylophila,Strix hylophila,Strix hylophila,Strix hylophila,Strix hylophila,Strix hylophila,Strix hylophila,Strix hylophila,Strix,Strigidae,6,Crítico
3402,Strix hylophila,Strix virgata,Strix virgata,Strix hylophila,Strix hylophila,Strix hylophila,Strix hylophila,Strix hylophila,Strix virgata,Strix virgata,Strix virgata,Strix virgata,Strix,Strigidae,6,Crítico
3403,Strix hylophila,Strix virgata,Strix hylophila,Strix hylophila,Strix hylophila,Strix hylophila,Strix hylophila,Strix hylophila,Strix hylophila,Strix hylophila,Strix hylophila,Strix virgata,Strix,Strigidae,6,Crítico
3404,Strix hylophila,Strix hylophila,Strix hylophila,Strix hylophila,Strix hylophila,Strix hylophila,Strix hylophila,Strix hylophila,Strix hylophila,Strix hylophila,Strix hylophila,Strix hylophila,Strix,Strigidae,6,Crítico
3405,Strix hylophila,Strix hylophila,Strix virgata borelliana,Strix hylophila,Strix hylophila,Strix hylophila,Strix hylophila,Strix hylophila,Strix virgata borelliana,Strix virgata borelliana,Strix virgata borelliana,Strix hylophila,Strix,Strigidae,6,Crítico
3406,Strix hylophila,Strix hylophila,Strix virgata,Strix hylophila,Strix hylophila,Strix hylophila,Strix hylophila,Strix hylophila,Strix virgata,Strix virgata,Strix virgata,Strix hylophila,Strix,Strigidae,6,Crítico
3407,Strix hylophila,Strix hylophila,Strix hylophila,Strix hylophila,Strix hylophila,Strix hylophila,Strix hylophila,Hydropsalis torquata,Strix hylophila,Strix hylophila,Strix hylophila,Strix hylophila,Strix,Strigidae,6,Crítico
3408,Strix hylophila,Strix hylophila,Strix hylophila,Cyanoloxia brissonii,Amazona vinacea,Strix hylophila,Strix hylophila,Amazona vinacea,Strix hylophila,Strix hylophila,Strix hylophila,Strix hylophila,Strix,Strigidae,6,Crítico
3410,Strix hylophila,Strix hylophila,Strix hylophila,Strix hylophila,Strix hylophila,Strix hylophila,Strix hylophila,Strix hylophila,Strix hylophila,Strix hylophila,Strix hylophila,Strix hylophila,Strix,Strigidae,6,Crítico
3411,Strix hylophila,Strix hylophila,Strix hylophila,Strix hylophila,Strix hylophila,Strix hylophila,Strix hylophila,Strix hylophila,Strix hylophila,Strix hylophila,Strix hylophila,Strix hylophila,Strix,Strigidae,6,Crítico
3412,Strix hylophila,Strix hylophila,Strix hylophila,Strix hylophila,Strix hylophila,Strix hylophila,Strix hylophila,Strix hylophila,Strix hylophila,Strix hylophila,Strix hylophila,Strix hylophila,Strix,Strigidae,6,Crítico
3413,Strix hylophila,Strix hylophila,Strix hylophila,Strix hylophila,Strix hylophila,Strix hylophila,Strix hylophila,Strix hylophila,Strix hylophila,Strix hylophila,Strix hylophila,Strix hylophila,Strix,Strigidae,6,Crítico
3414,Strix hylophila,Strix hylophila,Strix hylophila,Strix hylophila,Strix hylophila,Strix hylophila,Strix hylophila,Strix hylophila,Strix hylophila,Strix hylophila,Strix hylophila,Strix hylophila,Strix,Strigidae,6,Crítico
3415,Strix hylophila,Puma concolor,Didelphis albiventris,Didelphis albiventris,Cuniculus paca,Alouatta guariba,Didelphis albiventris,Pecari tajacu,Didelphis albiventris,Didelphis albiventris,Didelphis albiventris,Puma concolor,Strix,Strigidae,6,Crítico
3417,Strix hylophila,Strix virgata,Strix hylophila,Strix hylophila,Strix hylophila,Strix hylophila,Strix hylophila,Strix hylophila,Strix hylophila,Strix hylophila,Strix hylophila,Strix virgata,Strix,Strigidae,6,Crítico
3418,Strix hylophila,Strix virgata,Strix virgata,Strix hylophila,Strix hylophila,Strix hylophila,Strix hylophila,Strix hylophila,Strix virgata,Strix virgata,Strix virgata,Strix virgata,Strix,Strigidae,6,Crítico
3419,Strix hylophila,Strix virgata,Strix virgata,Strix hylophila,Strix virgata,Strix hylophila,Strix hylophila,Strix hylophila,Strix virgata,Strix virgata,Strix virgata,Strix virgata,Strix,Strigidae,6,Crítico
3420,Strix hylophila,Strix hylophila,Strix hylophila,Strix hylophila,Strix hylophila,Strix hylophila,Strix hylophila,Strix hylophila,Strix hylophila,Strix hylophila,Strix hylophila,Strix hylophila,Strix,Strigidae,6,Crítico
3421,Strix hylophila,Strix hylophila,Strix hylophila,Strix hylophila,Strix hylophila,Strix hylophila,Strix hylophila,Strix hylophila,Strix hylophila,Strix hylophila,Strix hylophila,Strix hylophila,Strix,Strigidae,6,Crítico
3422,Strix hylophila,Strix hylophila,Strix hylophila,Strix hylophila,Strix hylophila,Strix hylophila,Strix hylophila,Strix hylophila,Strix hylophila,Strix hylophila,Strix hylophila,Strix hylophila,Strix,Strigidae,6,Crítico
3423,Strix hylophila,Strix hylophila,Strix hylophila,Strix hylophila,Strix hylophila,Strix hylophila,Strix hylophila,Strix hylophila,Strix hylophila,Strix hylophila,Strix hylophila,Strix hylophila,Strix,Strigidae,6,Crítico
3425,Strix hylophila,Strix hylophila,Strix hylophila,Strix hylophila,Strix hylophila,Strix hylophila,Strix hylophila,Strix hylophila,Strix hylophila,Strix hylophila,Strix hylophila,Strix hylophila,Strix,Strigidae,6,Crítico
3426,Strix hylophila,Strix hylophila,Strix hylophila,Strix hylophila,Strix hylophila,Strix hylophila,Strix hylophila,Strix hylophila,Strix hylophila,Strix hylophila,Strix hylophila,Strix hylophila,Strix,Strigidae,6,Crítico
3428,Strix hylophila,Strix virgata borelliana,Strix hylophila,Strix hylophila,Strix hylophila,Strix hylophila,Strix hylophila,Strix hylophila,Strix hylophila,Strix hylophila,Strix hylophila,Strix virgata borelliana,Strix,Strigidae,6,Crítico
3429,Strix hylophila,Strix hylophila,Strix hylophila,Strix hylophila,Strix hylophila,Strix hylophila,Strix hylophila,Strix hylophila,Strix hylophila,Strix hylophila,Strix hylophila,Strix hylophila,Strix,Strigidae,6,Crítico
3430,Strix virgata,Pipile jacutinga,Strix hylophila,Cyanocorax chrysops,Cyanocorax chrysops,Pipile jacutinga,Pipile jacutinga,Pipile jacutinga,Strix hylophila,Strix hylophila,Strix hylophila,Pipile jacutinga,Strix,Strigidae,1,Bajo
3431,Strix virgata,Strix virgata,Strix virgata,Strix hylophila,Strix hylophila,Strix hylophila,Strix hylophila,Cyanoloxia brissonii,Strix virgata,Strix virgata,Strix virgata,Strix virgata,Strix,Strigidae,1,Bajo
3432,Strix virgata,Strix virgata,Strix virgata,Strix virgata,Strix hylophila,Strix hylophila,Pipile jacutinga,Strix hylophila,Strix virgata,Strix virgata,Strix virgata,Strix virgata,Strix,Strigidae,1,Bajo
3433,Strix virgata,Strix hylophila,Strix hylophila,Strix virgata,Strix virgata,Strix hylophila,Strix hylophila,Pipile jacutinga,Strix hylophila,Strix hylophila,Strix hylophila,Strix hylophila,Strix,Strigidae,1,Bajo
3435,Strix virgata,Strix virgata,Strix virgata,Strix virgata,Strix hylophila,Strix hylophila,Strix hylophila,Strix hylophila,Strix virgata,Strix virgata,Strix virgata,Strix virgata,Strix,Strigidae,1,Bajo
3436,Strix virgata,Strix virgata,Strix virgata,Strix virgata,Strix hylophila,Strix virgata,Strix hylophila,Strix hylophila,Strix virgata,Strix virgata,Strix virgata,Strix virgata,Strix,Strigidae,1,Bajo
3437,Strix virgata,Strix hylophila,Strix virgata,Strix hylophila,Strix hylophila,Strix hylophila,Strix hylophila,Strix hylophila,Strix virgata,Strix virgata,Strix virgata,Strix hylophila,Strix,Strigidae,1,Bajo
3438,Strix virgata,Strix virgata borelliana,Strix virgata borelliana,Strix virgata,Strix hylophila,Strix hylophila,Strix hylophila,Hydropsalis torquata,Strix virgata borelliana,Strix virgata borelliana,Strix virgata borelliana,Strix virgata borelliana,Strix,Strigidae,1,Bajo
3439,Strix virgata,Strix virgata,Strix virgata,Strix virgata,Strix virgata,Strix hylophila,Strix hylophila,Strix hylophila,Strix virgata,Strix virgata,Strix virgata,Strix virgata,Strix,Strigidae,1,Bajo
3441,Strix virgata,Strix hylophila,Strix hylophila,Mackenziaena severa,Strix hylophila,Strix hylophila,Strix hylophila,Strix hylophila,Strix hylophila,Strix hylophila,Strix hylophila,Strix hylophila,Strix,Strigidae,1,Bajo
3442,Strix virgata,Strix hylophila,Strix hylophila,Strix hylophila,Strix hylophila,Strix hylophila,Strix hylophila,Strix hylophila,Strix hylophila,Strix hylophila,Strix hylophila,Strix hylophila,Strix,Strigidae,1,Bajo
3443,Strix virgata,Strix virgata,Mackenziaena severa,Hydropsalis torquata,Hydropsalis torquata,Strix hylophila,Strix hylophila,Conopophaga lineata,Mackenziaena severa,Mackenziaena severa,Mackenziaena severa,Strix virgata,Strix,Strigidae,1,Bajo
3444,Strix virgata,Strix hylophila,Baryphthengus ruficapillus,Baryphthengus ruficapillus,Baryphthengus ruficapillus,Strix hylophila,Turdus albicollis,Strix hylophila,Baryphthengus ruficapillus,Baryphthengus ruficapillus,Baryphthengus ruficapillus,Strix hylophila,Strix,Strigidae,1,Bajo
3447,Strix virgata,Didelphis albiventris,Didelphis aurita,Dasyprocta azarae,Dasyprocta azarae,Turdus rufiventris,Didelphis albiventris,Nyctidromus albicollis,Didelphis aurita,Didelphis aurita,Didelphis aurita,Didelphis albiventris,Strix,Strigidae,1,Bajo
3449,Strix virgata,Strix virgata borelliana,Strix virgata borelliana,Strix virgata,Strix virgata,Strix hylophila,Strix hylophila,Strix hylophila,Strix virgata borelliana,Strix virgata borelliana,Strix virgata borelliana,Strix virgata borelliana,Strix,Strigidae,1,Bajo
3450,Strix virgata,Strix virgata,Strix hylophila,Didelphis albiventris,Didelphis albiventris,Didelphis albiventris,Didelphis albiventris,Strix virgata,Strix hylophila,Strix hylophila,Strix hylophila,Strix virgata,Strix,Strigidae,1,Bajo
3451,Strix virgata,Strix virgata,Strix virgata,Strix virgata,Strix virgata,Strix virgata,Strix hylophila,Strix virgata,Strix virgata,Strix virgata,Strix virgata,Strix virgata,Strix,Strigidae,1,Bajo
3452,Strix virgata,Strix virgata,Strix virgata,Strix hylophila,Strix hylophila,Strix virgata,Strix hylophila,Strix hylophila,Strix virgata,Strix virgata,Strix virgata,Strix virgata,Strix,Strigidae,1,Bajo
3453,Strix virgata,Strix virgata,Strix virgata,Strix hylophila,Strix hylophila,Strix virgata,Strix hylophila,Strix hylophila,Strix virgata,Strix virgata,Strix virgata,Strix virgata,Strix,Strigidae,1,Bajo
3454,Strix virgata,Strix virgata,Strix virgata,Strix virgata,Strix virgata,Strix virgata,Selenidera maculirostris,Cyanocorax chrysops,Strix virgata,Strix virgata,Strix virgata,Strix virgata,Strix,Strigidae,1,Bajo
3455,Strix virgata,Strix virgata borelliana,Strix virgata,Strix hylophila,Strix virgata,Strix virgata,Strix hylophila,Strix virgata,Strix virgata,Strix virgata,Strix virgata,Strix virgata borelliana,Strix,Strigidae,1,Bajo
3456,Strix virgata,Nyctidromus albicollis,Leptotila rufaxilla,Nyctidromus albicollis,Leptotila rufaxilla,Nyctidromus albicollis,Nyctidromus albicollis,Leptotila rufaxilla,Leptotila rufaxilla,Leptotila rufaxilla,Leptotila rufaxilla,Nyctidromus albicollis,Strix,Strigidae,1,Bajo
3457,Strix virgata,Puma concolor,Cyanocorax chrysops,Cerdocyon thous,Cerdocyon thous,Pipile jacutinga,Sapajus nigritus,Sapajus nigritus,Cyanocorax chrysops,Cyanocorax chrysops,Cyanocorax chrysops,Puma concolor,Strix,Strigidae,1,Bajo
3459,Strix virgata borelliana,Strix virgata borelliana,Strix virgata borelliana,Strix virgata,Strix virgata,Strix virgata,Hypoedaleus guttatus,Strix virgata borelliana,Strix virgata borelliana,Strix virgata borelliana,Strix virgata borelliana,Strix virgata borelliana,Strix,Strigidae,1,Bajo
3461,Sus scrofa,Sus scrofa,Sus scrofa domesticus,Sus scrofa,Sus scrofa,Sus scrofa,Sus scrofa,Sus scrofa,Sus scrofa domesticus,Sus scrofa domesticus,Sus scrofa domesticus,Sus scrofa,Sus,Suidae,0,Exótica/Invasora
3462,Sus scrofa,Hydrochoerus hydrochaeris,Sus scrofa,Sus scrofa,Sus scrofa,Hydrochoerus hydrochaeris,Sus scrofa,Sus scrofa,Sus scrofa,Sus scrofa,Sus scrofa,Hydrochoerus hydrochaeris,Sus,Suidae,0,Exótica/Invasora
3464,Sus scrofa,Cuniculus paca,Panthera onca,Cuniculus paca,Cerdocyon thous,Cerdocyon thous,Cerdocyon thous,Cuniculus paca,Panthera onca,Panthera onca,Panthera onca,Cuniculus paca,Sus,Suidae,0,Exótica/Invasora
3466,Sus scrofa,Nasua nasua,Tamandua tetradactyla,Didelphis aurita,Didelphis aurita,Tamandua tetradactyla,Nasua nasua,Nasua nasua,Tamandua tetradactyla,Tamandua tetradactyla,Tamandua tetradactyla,Nasua nasua,Sus,Suidae,0,Exótica/Invasora
3467,Sus scrofa,Sus scrofa,Sus scrofa,Sus scrofa,Sus scrofa,Sus scrofa,Sus scrofa,Sus scrofa,Sus scrofa,Sus scrofa,Sus scrofa,Sus scrofa,Sus,Suidae,0,Exótica/Invasora
3468,Sus scrofa,Sus scrofa,Hydrochoerus hydrochaeris,Hydrochoerus hydrochaeris,Hydrochoerus hydrochaeris,Sus scrofa,Sus scrofa,Sylvilagus brasiliensis,Hydrochoerus hydrochaeris,Hydrochoerus hydrochaeris,Hydrochoerus hydrochaeris,Sus scrofa,Sus,Suidae,0,Exótica/Invasora
3469,Sus scrofa,Sus scrofa,Sus scrofa domesticus,Lepus europaeus,Sus scrofa,Sus scrofa,Sus scrofa,Lycalopex gymnocerca,Sus scrofa domesticus,Sus scrofa domesticus,Sus scrofa domesticus,Sus scrofa,Sus,Suidae,0,Exótica/Invasora
3471,Sus scrofa,Sus scrofa,Sus scrofa,Sus scrofa,Sus scrofa,Sus scrofa,Sus scrofa,Sus scrofa,Sus scrofa,Sus scrofa,Sus scrofa,Sus scrofa,Sus,Suidae,0,Exótica/Invasora
3472,Sus scrofa,Pecari tajacu,Sus scrofa,Hydrochoerus hydrochaeris,Sus scrofa,Sus scrofa,Pecari tajacu,Pecari tajacu,Sus scrofa,Sus scrofa,Sus scrofa,Pecari tajacu,Sus,Suidae,0,Exótica/Invasora
3473,Sus scrofa,Sus scrofa domesticus,Sus scrofa,Hydrochoerus hydrochaeris,Sus scrofa,Sus scrofa,Sus scrofa,Sus scrofa,Sus scrofa,Sus scrofa,Sus scrofa,Sus scrofa domesticus,Sus,Suidae,0,Exótica/Invasora
3474,Sus scrofa,Tamandua tetradactyla,Subulo gouazoubira,Nothura maculosa,Herpailurus yagouaroundi,Tamandua tetradactyla,Tamandua tetradactyla,Tamandua tetradactyla,Subulo gouazoubira,Subulo gouazoubira,Subulo gouazoubira,Tamandua tetradactyla,Sus,Suidae,0,Exótica/Invasora
3475,Sus scrofa,Lontra longicaudis,Tapirus terrestris terrestris,Euphractus sexcinctus,Euphractus sexcinctus,Sus scrofa,Lontra longicaudis,Nyctidromus albicollis,Tapirus terrestris terrestris,Tapirus terrestris terrestris,Tapirus terrestris terrestris,Lontra longicaudis,Sus,Suidae,0,Exótica/Invasora
3476,Sus scrofa,Procyon cancrivorus,Sus scrofa,Cerdocyon thous,Cerdocyon thous,Sus scrofa,Cerdocyon thous,Cerdocyon thous,Sus scrofa,Sus scrofa,Sus scrofa,Procyon cancrivorus,Sus,Suidae,0,Exótica/Invasora
3477,Sus scrofa,Penelope superciliaris,Cerdocyon thous,Cerdocyon thous,Pecari tajacu,Pecari tajacu,Dasyprocta azarae,Pecari tajacu,Cerdocyon thous,Cerdocyon thous,Cerdocyon thous,Penelope superciliaris,Sus,Suidae,0,Exótica/Invasora
3478,Sus scrofa,Sus scrofa,Sus scrofa domesticus,Sus scrofa,Sus scrofa,Sus scrofa,Sus scrofa,Sus scrofa,Sus scrofa domesticus,Sus scrofa domesticus,Sus scrofa domesticus,Sus scrofa,Sus,Suidae,0,Exótica/Invasora
3479,Sus scrofa,Sus scrofa,Sus scrofa,Sus scrofa,Lontra longicaudis,Sus scrofa,Sus scrofa,Lontra longicaudis,Sus scrofa,Sus scrofa,Sus scrofa,Sus scrofa,Sus,Suidae,0,Exótica/Invasora
3480,Sus scrofa,Procyon cancrivorus,Cuniculus paca,Cuniculus paca,Cerdocyon thous,Sus scrofa,Cerdocyon thous,Sus scrofa,Cuniculus paca,Cuniculus paca,Cuniculus paca,Procyon cancrivorus,Sus,Suidae,0,Exótica/Invasora
3481,Sus scrofa,Sus scrofa,Sus scrofa,Sus scrofa,Sus scrofa,Sus scrofa,Sus scrofa,Sus scrofa,Sus scrofa,Sus scrofa,Sus scrofa,Sus scrofa,Sus,Suidae,0,Exótica/Invasora
3482,Sus scrofa,Sus scrofa,Sus scrofa,Sus scrofa,Sus scrofa,Sus scrofa,Sus scrofa,Sus scrofa,Sus scrofa,Sus scrofa,Sus scrofa,Sus scrofa,Sus,Suidae,0,Exótica/Invasora
3483,Sus scrofa,Sus scrofa domesticus,Sus scrofa,Sus scrofa domesticus,Sus scrofa,Sus scrofa,Sus scrofa,Pecari tajacu,Sus scrofa,Sus scrofa,Sus scrofa,Sus scrofa domesticus,Sus,Suidae,0,Exótica/Invasora
3485,Sus scrofa,Sus scrofa,Sus scrofa,Lepus europaeus,Lepus europaeus,Sus scrofa,Sus scrofa,Sus scrofa,Sus scrofa,Sus scrofa,Sus scrofa,Sus scrofa,Sus,Suidae,0,Exótica/Invasora
3486,Sus scrofa,Sus scrofa,Sus scrofa,Sus scrofa,Sus scrofa,Sus scrofa,Sus scrofa,Sus scrofa,Sus scrofa,Sus scrofa,Sus scrofa,Sus scrofa,Sus,Suidae,0,Exótica/Invasora
3487,Sus scrofa,Sus scrofa,Sus scrofa,Sus scrofa,Sus scrofa,Sus scrofa,Sus scrofa,Sus scrofa,Sus scrofa,Sus scrofa,Sus scrofa,Sus scrofa,Sus,Suidae,0,Exótica/Invasora
3488,Sus scrofa,Sus scrofa,Sus scrofa,Cerdocyon thous,Cerdocyon thous,Sus scrofa,Sus scrofa,Sus scrofa,Sus scrofa,Sus scrofa,Sus scrofa,Sus scrofa,Sus,Suidae,0,Exótica/Invasora
3490,Sus scrofa,Sus scrofa,Myrmecophaga tridactyla,Lycalopex gymnocerca,Myrmecophaga tridactyla,Sus scrofa,Sus scrofa,Sus scrofa,Myrmecophaga tridactyla,Myrmecophaga tridactyla,Myrmecophaga tridactyla,Sus scrofa,Sus,Suidae,0,Exótica/Invasora
3491,Sus scrofa,Sus scrofa,Sus scrofa,Sus scrofa,Sus scrofa,Sus scrofa,Sus scrofa,Sus scrofa,Sus scrofa,Sus scrofa,Sus scrofa,Sus scrofa,Sus,Suidae,0,Exótica/Invasora
3492,Sus scrofa,Sus scrofa,Myrmecophaga tridactyla,Sus scrofa,Sus scrofa,Sus scrofa,Sus scrofa,Sus scrofa,Myrmecophaga tridactyla,Myrmecophaga tridactyla,Myrmecophaga tridactyla,Sus scrofa,Sus,Suidae,0,Exótica/Invasora
3493,Sus scrofa,Sus scrofa,Myrmecophaga tridactyla,Lepus europaeus,Sus scrofa,Lycalopex gymnocerca,Lycalopex gymnocerca,Sus scrofa,Myrmecophaga tridactyla,Myrmecophaga tridactyla,Myrmecophaga tridactyla,Sus scrofa,Sus,Suidae,0,Exótica/Invasora
3496,Sus scrofa,Sus scrofa,Sus scrofa,Hydrochoerus hydrochaeris,Hydrochoerus hydrochaeris,Sus scrofa,Sus scrofa,Pecari tajacu,Sus scrofa,Sus scrofa,Sus scrofa,Sus scrofa domesticus,Sus,Suidae,0,Exótica/Invasora
3499,Sus scrofa,Myrmecophaga tridactyla,Sus scrofa,Dasypus novemcinctus,Sus scrofa,Sus scrofa,Myrmecophaga tridactyla,Myrmecophaga tridactyla,Sus scrofa,Sus scrofa,Sus scrofa,Sus scrofa,Sus,Suidae,0,Exótica/Invasora
3500,Sus scrofa,Herpailurus yagouaroundi,Subulo gouazoubira,Panthera onca,Subulo gouazoubira,Pecari tajacu,Subulo gouazoubira,Galictis cuja,Subulo gouazoubira,Subulo gouazoubira,Subulo gouazoubira,Herpailurus yagouaroundi,Sus,Suidae,0,Exótica/Invasora
3501,Sus scrofa,Eira barbara,Pecari tajacu,Eira barbara,Eira barbara,Didelphis aurita,Eira barbara,Didelphis aurita,Pecari tajacu,Pecari tajacu,Pecari tajacu,Tapirus terrestris,Sus,Suidae,0,Exótica/Invasora
3503,Sus scrofa,Sus scrofa,Axis axis,Axis axis,Sus scrofa,Sus scrofa,Sus scrofa,Sus scrofa,Axis axis,Axis axis,Axis axis,Sus scrofa,Sus,Suidae,0,Exótica/Invasora
3504,Sus scrofa,Sus scrofa,Lycalopex gymnocerca,Lycalopex gymnocerca,Sus scrofa,Sus scrofa,Sus scrofa,Sus scrofa,Lycalopex gymnocerca,Lycalopex gymnocerca,Lycalopex gymnocerca,Sus scrofa,Sus,Suidae,0,Exótica/Invasora
3505,Sus scrofa,Myrmecophaga tridactyla,Dasyprocta azarae,Dasyprocta azarae,Dasyprocta azarae,Sus scrofa,Myrmecophaga tridactyla,Myrmecophaga tridactyla,Dasyprocta azarae,Dasyprocta azarae,Dasyprocta azarae,Myrmecophaga tridactyla,Sus,Suidae,0,Exótica/Invasora
3507,Sus scrofa,Sus scrofa,Sus scrofa,Lycalopex gymnocerca,Lycalopex gymnocerca,Sus scrofa,Sus scrofa,Sus scrofa,Sus scrofa,Sus scrofa,Sus scrofa,Sus scrofa,Sus,Suidae,0,Exótica/Invasora
3508,Sus scrofa,Sus scrofa,Sus scrofa,Sus scrofa,Sus scrofa,Sus scrofa,Sus scrofa,Sus scrofa,Sus scrofa,Sus scrofa,Sus scrofa,Sus scrofa,Sus,Suidae,0,Exótica/Invasora
3509,Sus scrofa,Myrmecophaga tridactyla,Sus scrofa,Dasypus novemcinctus,Myrmecophaga tridactyla,Myrmecophaga tridactyla,Myrmecophaga tridactyla,Sus scrofa,Sus scrofa,Sus scrofa,Sus scrofa,Myrmecophaga tridactyla,Sus,Suidae,0,Exótica/Invasora
3510,Sus scrofa,Panthera onca,Panthera onca,Dasyprocta azarae,Sapajus nigritus,Panthera onca,Dasyprocta azarae,Panthera onca,Panthera onca,Panthera onca,Panthera onca,Panthera onca,Sus,Suidae,0,Exótica/Invasora
3512,Sus scrofa,Sus scrofa domesticus,Sus scrofa,Sus scrofa,Sus scrofa,Sus scrofa,Sus scrofa,Myrmecophaga tridactyla,Sus scrofa,Sus scrofa,Sus scrofa,Sus scrofa domesticus,Sus,Suidae,0,Exótica/Invasora
3513,Sus scrofa,Lontra longicaudis,Sus scrofa,Sus scrofa,Lontra longicaudis,Lontra longicaudis,Lontra longicaudis,Lontra longicaudis,Sus scrofa,Sus scrofa,Sus scrofa,Lontra longicaudis,Sus,Suidae,0,Exótica/Invasora
3514,Sus scrofa,Sus scrofa domesticus,Lycalopex gymnocerca,Lepus europaeus,Lycalopex gymnocerca,Sus scrofa,Sus scrofa,Lycalopex gymnocerca,Lycalopex gymnocerca,Lycalopex gymnocerca,Lycalopex gymnocerca,Sus scrofa domesticus,Sus,Suidae,0,Exótica/Invasora
3515,Sus scrofa,Sus scrofa,Sus scrofa,Sus scrofa,Sus scrofa,Sus scrofa,Sus scrofa,Sus scrofa,Sus scrofa,Sus scrofa,Sus scrofa,Sus scrofa,Sus,Suidae,0,Exótica/Invasora
3516,Sus scrofa,Sus scrofa,Sus scrofa domesticus,Myrmecophaga tridactyla,Sus scrofa,Sus scrofa,Sus scrofa,Sus scrofa,Sus scrofa domesticus,Sus scrofa domesticus,Sus scrofa domesticus,Sus scrofa,Sus,Suidae,0,Exótica/Invasora
3517,Sus scrofa,Sus scrofa domesticus,Myrmecophaga tridactyla,Lepus europaeus,Lycalopex gymnocerca,Myrmecophaga tridactyla,Sus scrofa,Myrmecophaga tridactyla,Myrmecophaga tridactyla,Myrmecophaga tridactyla,Myrmecophaga tridactyla,Sus scrofa domesticus,Sus,Suidae,0,Exótica/Invasora
3518,Sus scrofa,Sus scrofa,Sus scrofa,Sus scrofa,Sus scrofa,Sus scrofa,Sus scrofa,Sus scrofa,Sus scrofa,Sus scrofa,Sus scrofa,Sus scrofa,Sus,Suidae,0,Exótica/Invasora
3519,Sus scrofa,Sus scrofa,Sus scrofa,Sus scrofa,Sus scrofa,Sus scrofa,Sus scrofa,Sus scrofa,Sus scrofa,Sus scrofa,Sus scrofa,Sus scrofa,Sus,Suidae,0,Exótica/Invasora
3520,Sus scrofa,Sus scrofa,Sus scrofa,Sus scrofa,Sus scrofa,Sus scrofa,Sus scrofa,Sus scrofa,Sus scrofa,Sus scrofa,Sus scrofa,Sus scrofa,Sus,Suidae,0,Exótica/Invasora
3521,Sus scrofa domesticus,Sus scrofa,Subulo gouazoubira,Myrmecophaga tridactyla,Lycalopex gymnocerca,Myrmecophaga tridactyla,Sus scrofa,Lycalopex gymnocerca,Subulo gouazoubira,Subulo gouazoubira,Subulo gouazoubira,Sus scrofa,Sus,Suidae,0,Doméstica
3522,Sus scrofa domesticus,Sus scrofa,Sus scrofa domesticus,Hydrochoerus hydrochaeris,Myrmecophaga tridactyla,Sus scrofa,Sus scrofa,Sus scrofa,Sus scrofa domesticus,Sus scrofa domesticus,Sus scrofa domesticus,Sus scrofa,Sus,Suidae,0,Doméstica
3523,Sus scrofa domesticus,Tapirus terrestris,Sus scrofa,Hydrochoerus hydrochaeris,Tapirus terrestris,Tapirus terrestris,Hydrochoerus hydrochaeris,Hydrochoerus hydrochaeris,Sus scrofa,Sus scrofa,Sus scrofa,Tapirus terrestris,Sus,Suidae,0,Doméstica
3524,Sus scrofa domesticus,Sus scrofa,Pecari tajacu,Pecari tajacu,Pecari tajacu,Pecari tajacu,Sus scrofa,Hydrochoerus hydrochaeris,Pecari tajacu,Pecari tajacu,Pecari tajacu,Sus scrofa,Sus,Suidae,0,Doméstica
3525,Sus scrofa domesticus,Hydrochoerus hydrochaeris,Hydrochoerus hydrochaeris,Hydrochoerus hydrochaeris,Hydrochoerus hydrochaeris,Hydrochoerus hydrochaeris,Hydrochoerus hydrochaeris,Hydrochoerus hydrochaeris,Hydrochoerus hydrochaeris,Hydrochoerus hydrochaeris,Hydrochoerus hydrochaeris,Hydrochoerus hydrochaeris,Sus,Suidae,0,Doméstica
3527,Sus scrofa domesticus,Eira barbara,Pecari tajacu,Nasua nasua,Mazama nanus,Sus scrofa,Cerdocyon thous,Pecari tajacu,Pecari tajacu,Pecari tajacu,Pecari tajacu,Eira barbara,Sus,Suidae,0,Doméstica
3528,Sus scrofa domesticus,Hydrochoerus hydrochaeris,Hydrochoerus hydrochaeris,Hydrochoerus hydrochaeris,Hydrochoerus hydrochaeris,Hydrochoerus hydrochaeris,Hydrochoerus hydrochaeris,Hydrochoerus hydrochaeris,Hydrochoerus hydrochaeris,Hydrochoerus hydrochaeris,Hydrochoerus hydrochaeris,Hydrochoerus hydrochaeris,Sus,Suidae,0,Doméstica
3531,Tapirus terrestris,Eira barbara,Lontra longicaudis,Eira barbara,Eira barbara,Sus scrofa,Eira barbara,Myrmecophaga tridactyla,Lontra longicaudis,Lontra longicaudis,Lontra longicaudis,Eira barbara,Tapirus,Tapiridae,4,Alto
3532,Tapirus terrestris,Herpailurus yagouaroundi,Sus scrofa,Cerdocyon thous,Cerdocyon thous,Sus scrofa,Salvator merianae,Sus scrofa,Sus scrofa,Sus scrofa,Sus scrofa,Sus scrofa,Tapirus,Tapiridae,4,Alto
3533,Tapirus terrestris,Tapirus terrestris,Tapirus terrestris,Sus scrofa,Tapirus terrestris,Tapirus terrestris,Sus scrofa,Sus scrofa,Tapirus terrestris,Tapirus terrestris,Tapirus terrestris,Tapirus terrestris,Tapirus,Tapiridae,4,Alto
3534,Tapirus terrestris,Tapirus terrestris,Tapirus terrestris,Subulo gouazoubira,Cerdocyon thous,Tapirus terrestris,Sus scrofa,Pecari tajacu,Tapirus terrestris,Tapirus terrestris,Tapirus terrestris,Tapirus terrestris,Tapirus,Tapiridae,4,Alto
3535,Tapirus terrestris,Sus scrofa,Sus scrofa,Sus scrofa,Sus scrofa,Subulo gouazoubira,Sus scrofa,Pecari tajacu,Sus scrofa,Sus scrofa,Sus scrofa,Sus scrofa,Tapirus,Tapiridae,4,Alto
3536,Tapirus terrestris,Tapirus terrestris,Tapirus terrestris,Myrmecophaga tridactyla,Leopardus wiedii,Tapirus terrestris,Pecari tajacu,Nasua nasua,Tapirus terrestris,Tapirus terrestris,Tapirus terrestris,Tapirus terrestris,Tapirus,Tapiridae,4,Alto
3537,Tapirus terrestris,Tayassu pecari,Pecari tajacu,Eira barbara,Crypturellus tataupa,Pecari tajacu,Dasyprocta azarae,Dasyprocta azarae,Pecari tajacu,Pecari tajacu,Pecari tajacu,Tayassu pecari,Tapirus,Tapiridae,4,Alto
3538,Tapirus terrestris,Sus scrofa,Sus scrofa domesticus,Subulo gouazoubira,Sus scrofa,Sus scrofa,Sus scrofa,Sus scrofa,Sus scrofa domesticus,Sus scrofa domesticus,Sus scrofa domesticus,Sus scrofa,Tapirus,Tapiridae,4,Alto
3539,Tapirus terrestris,Tayassu pecari,Pecari tajacu,Pecari tajacu,Dasyprocta azarae,Sapajus nigritus,Dasyprocta azarae,Dasyprocta azarae,Pecari tajacu,Pecari tajacu,Pecari tajacu,Tayassu pecari,Tapirus,Tapiridae,4,Alto
3540,Tapirus terrestris,Tayassu pecari,Tayassu pecari,Pecari tajacu,Pecari tajacu,Sus scrofa,Eira barbara,Hydrochoerus hydrochaeris,Tayassu pecari,Tayassu pecari,Tayassu pecari,Tayassu pecari,Tapirus,Tapiridae,4,Alto
3541,Tapirus terrestris,Herpailurus yagouaroundi,Tapirus terrestris,Eira barbara,Eira barbara,Herpailurus yagouaroundi,Cerdocyon thous,Sus scrofa,Tapirus terrestris,Tapirus terrestris,Tapirus terrestris,Herpailurus yagouaroundi,Tapirus,Tapiridae,4,Alto
3542,Tapirus terrestris,Sus scrofa,Sus scrofa domesticus,Hydrochoerus hydrochaeris,Myrmecophaga tridactyla,Myrmecophaga tridactyla,Sus scrofa,Sus scrofa,Sus scrofa domesticus,Sus scrofa domesticus,Sus scrofa domesticus,Sus scrofa domesticus,Tapirus,Tapiridae,4,Alto
3544,Tapirus terrestris,Penelope superciliaris,Nasua nasua,Leopardus wiedii,Leopardus wiedii,Sapajus nigritus,Penelope superciliaris,Myiothlypis leucoblephara,Nasua nasua,Nasua nasua,Nasua nasua,Penelope superciliaris,Tapirus,Tapiridae,4,Alto
3545,Tapirus terrestris,Puma concolor,Puma concolor,Penelope superciliaris,Pecari tajacu,Pecari tajacu,Dasyprocta azarae,Pipile jacutinga,Puma concolor,Puma concolor,Puma concolor,Puma concolor,Tapirus,Tapiridae,4,Alto
3546,Tapirus terrestris,Pecari tajacu,Pecari tajacu,Mazama nanus,Pecari tajacu,Pecari tajacu,Pecari tajacu,Galictis cuja,Pecari tajacu,Pecari tajacu,Pecari tajacu,Pecari tajacu,Tapirus,Tapiridae,4,Alto
3547,Tapirus terrestris,Pecari tajacu,Pecari tajacu,Pecari tajacu,Pecari tajacu,Pecari tajacu,Pecari tajacu,Pecari tajacu,Pecari tajacu,Pecari tajacu,Pecari tajacu,Pecari tajacu,Tapirus,Tapiridae,4,Alto
3548,Tapirus terrestris,Tapirus terrestris,Pecari tajacu,Tapirus terrestris,Tapirus terrestris,Hydrochoerus hydrochaeris,Pecari tajacu,Tapirus terrestris,Pecari tajacu,Pecari tajacu,Pecari tajacu,Tapirus terrestris,Tapirus,Tapiridae,4,Alto
3550,Tapirus terrestris,Hydrochoerus hydrochaeris,Pecari tajacu,Pecari tajacu,Hydrochoerus hydrochaeris,Hydrochoerus hydrochaeris,Hydrochoerus hydrochaeris,Hydrochoerus hydrochaeris,Pecari tajacu,Pecari tajacu,Pecari tajacu,Hydrochoerus hydrochaeris,Tapirus,Tapiridae,4,Alto
3552,Tapirus terrestris,Tamandua tetradactyla,Tapirus terrestris,Penelope superciliaris,Penelope superciliaris,Tamandua tetradactyla,Tamandua tetradactyla,Tamandua tetradactyla,Tapirus terrestris,Tapirus terrestris,Tapirus terrestris,Tamandua tetradactyla,Tapirus,Tapiridae,4,Alto
3554,Tapirus terrestris,Tapirus terrestris,Tapirus terrestris,Tapirus terrestris,Tapirus terrestris,Tapirus terrestris,Nasua nasua,Nasua nasua,Tapirus terrestris,Tapirus terrestris,Tapirus terrestris,Tapirus terrestris,Tapirus,Tapiridae,4,Alto
3556,Tapirus terrestris terrestris,Tapirus terrestris,Tapirus terrestris,Subulo gouazoubira,Tapirus terrestris,Tapirus terrestris,Subulo gouazoubira,Dasyprocta azarae,Tapirus terrestris,Tapirus terrestris,Tapirus terrestris,Tapirus terrestris,Tapirus,Tapiridae,4,Alto
3559,Pecari tajacu,Dasyprocta azarae,Hydrochoerus hydrochaeris,Dasyprocta azarae,Crax fasciolata,Pecari tajacu,Dasyprocta azarae,Dasyprocta azarae,Hydrochoerus hydrochaeris,Hydrochoerus hydrochaeris,Hydrochoerus hydrochaeris,Dasyprocta azarae,Pecari,Tayassuidae,3,Medio
3561,Pecari tajacu,Sus scrofa,Dasyprocta azarae,Dasyprocta azarae,Sus scrofa,Sus scrofa,Sus scrofa,Leopardus guttulus,Dasyprocta azarae,Dasyprocta azarae,Dasyprocta azarae,Sus scrofa,Pecari,Tayassuidae,3,Medio
3563,Pecari tajacu,Pecari tajacu,Pecari tajacu,Pecari tajacu,Eira barbara,Pecari tajacu,Pecari tajacu,Pecari tajacu,Pecari tajacu,Pecari tajacu,Pecari tajacu,Pecari tajacu,Pecari,Tayassuidae,3,Medio
3564,Pecari tajacu,Pecari tajacu,Pecari tajacu,Pecari tajacu,Eira barbara,Pecari tajacu,Pecari tajacu,Cerdocyon thous,Pecari tajacu,Pecari tajacu,Pecari tajacu,Pecari tajacu,Pecari,Tayassuidae,3,Medio
3565,Pecari tajacu,Herpailurus yagouaroundi,Pecari tajacu,Herpailurus yagouaroundi,Eira barbara,Herpailurus yagouaroundi,Sus scrofa,Subulo gouazoubira,Pecari tajacu,Pecari tajacu,Pecari tajacu,Herpailurus yagouaroundi,Pecari,Tayassuidae,3,Medio
3566,Pecari tajacu,Sus scrofa,Pecari tajacu,Pecari tajacu,Leopardus pardalis,Pecari tajacu,Sus scrofa,Subulo gouazoubira,Pecari tajacu,Pecari tajacu,Pecari tajacu,Sus scrofa,Pecari,Tayassuidae,3,Medio
3567,Pecari tajacu,Pecari tajacu,Pecari tajacu,Pecari tajacu,Pecari tajacu,Pecari tajacu,Pecari tajacu,Pecari tajacu,Pecari tajacu,Pecari tajacu,Pecari tajacu,Pecari tajacu,Pecari,Tayassuidae,3,Medio
3568,Pecari tajacu,Pecari tajacu,Pecari tajacu,Pecari tajacu,Mazama nanus,Pecari tajacu,Pecari tajacu,Nasua nasua,Pecari tajacu,Pecari tajacu,Pecari tajacu,Pecari tajacu,Pecari,Tayassuidae,3,Medio
3569,Pecari tajacu,Pecari tajacu,Pecari tajacu,Pecari tajacu,Pecari tajacu,Pecari tajacu,Pecari tajacu,Pecari tajacu,Pecari tajacu,Pecari tajacu,Pecari tajacu,Pecari tajacu,Pecari,Tayassuidae,3,Medio
3570,Pecari tajacu,Pecari tajacu,Pecari tajacu,Pecari tajacu,Pecari tajacu,Pecari tajacu,Pecari tajacu,Pecari tajacu,Pecari tajacu,Pecari tajacu,Pecari tajacu,Pecari tajacu,Pecari,Tayassuidae,3,Medio
3571,Pecari tajacu,Pecari tajacu,Pecari tajacu,Pecari tajacu,Pecari tajacu,Pecari tajacu,Pecari tajacu,Pecari tajacu,Pecari tajacu,Pecari tajacu,Pecari tajacu,Pecari tajacu,Pecari,Tayassuidae,3,Medio
3572,Pecari tajacu,Pecari tajacu,Pecari tajacu,Pecari tajacu,Pecari tajacu,Pecari tajacu,Pecari tajacu,Pecari tajacu,Pecari tajacu,Pecari tajacu,Pecari tajacu,Pecari tajacu,Pecari,Tayassuidae,3,Medio
3573,Pecari tajacu,Sus scrofa domesticus,Sus scrofa domesticus,Sus scrofa domesticus,Sus scrofa,Sus scrofa,Sus scrofa,Sus scrofa,Sus scrofa domesticus,Sus scrofa domesticus,Sus scrofa domesticus,Sus scrofa domesticus,Pecari,Tayassuidae,3,Medio
3574,Pecari tajacu,Dasypus novemcinctus,Pecari tajacu,Cuniculus paca,Cuniculus paca,Pecari tajacu,Cerdocyon thous,Dasypus novemcinctus,Pecari tajacu,Pecari tajacu,Pecari tajacu,Dasypus novemcinctus,Pecari,Tayassuidae,3,Medio
3575,Pecari tajacu,Sus scrofa domesticus,Subulo gouazoubira,Subulo gouazoubira,Sus scrofa domesticus,Pecari tajacu,Sus scrofa,Subulo gouazoubira,Subulo gouazoubira,Subulo gouazoubira,Subulo gouazoubira,Sus scrofa domesticus,Pecari,Tayassuidae,3,Medio
3576,Pecari tajacu,Hydrochoerus hydrochaeris,Lycalopex gymnocerca,Lycalopex gymnocerca,Dasyprocta azarae,Pecari tajacu,Hydrochoerus hydrochaeris,Hydrochoerus hydrochaeris,Lycalopex gymnocerca,Lycalopex gymnocerca,Lycalopex gymnocerca,Hydrochoerus hydrochaeris,Pecari,Tayassuidae,3,Medio
3577,Pecari tajacu,Pecari tajacu,Pecari tajacu,Dasyprocta azarae,Dasyprocta azarae,Pecari tajacu,Pecari tajacu,Pecari tajacu,Pecari tajacu,Pecari tajacu,Pecari tajacu,Pecari tajacu,Pecari,Tayassuidae,3,Medio
3578,Pecari tajacu,Sus scrofa,Sus scrofa,Sus scrofa,Sus scrofa,Sus scrofa,Sus scrofa,Sus scrofa,Sus scrofa,Sus scrofa,Sus scrofa,Sus scrofa,Pecari,Tayassuidae,3,Medio
3579,Pecari tajacu,Sus scrofa,Subulo gouazoubira,Sus scrofa,Sus scrofa,Sus scrofa,Sus scrofa,Sus scrofa,Subulo gouazoubira,Subulo gouazoubira,Subulo gouazoubira,Sus scrofa,Pecari,Tayassuidae,3,Medio
3580,Pecari tajacu,Procyon cancrivorus,Procyon cancrivorus,Cerdocyon thous,Cerdocyon thous,Dasyprocta azarae,Cerdocyon thous,Myrmecophaga tridactyla,Procyon cancrivorus,Procyon cancrivorus,Procyon cancrivorus,Procyon cancrivorus,Pecari,Tayassuidae,3,Medio
3581,Pecari tajacu,Pecari tajacu,Pecari tajacu,Pecari tajacu,Pecari tajacu,Pecari tajacu,Pecari tajacu,Pecari tajacu,Pecari tajacu,Pecari tajacu,Pecari tajacu,Pecari tajacu,Pecari,Tayassuidae,3,Medio
3582,Pecari tajacu,Pecari tajacu,Didelphis aurita,Didelphis aurita,Pecari tajacu,Pecari tajacu,Pecari tajacu,Pecari tajacu,Didelphis aurita,Didelphis aurita,Didelphis aurita,Pecari tajacu,Pecari,Tayassuidae,3,Medio
3586,Pecari tajacu,Pecari tajacu,Pecari tajacu,Pecari tajacu,Pecari tajacu,Pecari tajacu,Pecari tajacu,Pecari tajacu,Pecari tajacu,Pecari tajacu,Pecari tajacu,Dasyprocta azarae,Pecari,Tayassuidae,3,Medio
3587,Pecari tajacu,Pecari tajacu,Pecari tajacu,Pecari tajacu,Pecari tajacu,Pecari tajacu,Pecari tajacu,Pecari tajacu,Pecari tajacu,Pecari tajacu,Pecari tajacu,Pecari tajacu,Pecari,Tayassuidae,3,Medio
3589,Pecari tajacu,Pecari tajacu,Pecari tajacu,Pecari tajacu,Pecari tajacu,Pecari tajacu,Pecari tajacu,Pecari tajacu,Pecari tajacu,Pecari tajacu,Pecari tajacu,Pecari tajacu,Pecari,Tayassuidae,3,Medio
3590,Pecari tajacu,Pecari tajacu,Pecari tajacu,Pecari tajacu,Pecari tajacu,Pecari tajacu,Pecari tajacu,Pecari tajacu,Pecari tajacu,Pecari tajacu,Pecari tajacu,Pecari tajacu,Pecari,Tayassuidae,3,Medio
3591,Pecari tajacu,Pecari tajacu,Pecari tajacu,Pecari tajacu,Pecari tajacu,Pecari tajacu,Pecari tajacu,Pecari tajacu,Pecari tajacu,Pecari tajacu,Pecari tajacu,Pecari tajacu,Pecari,Tayassuidae,3,Medio
3592,Pecari tajacu,Pecari tajacu,Pecari tajacu,Pecari tajacu,Pecari tajacu,Pecari tajacu,Pecari tajacu,Pecari tajacu,Pecari tajacu,Pecari tajacu,Pecari tajacu,Pecari tajacu,Pecari,Tayassuidae,3,Medio
3593,Pecari tajacu,Tayassu pecari,Crypturellus tataupa,Crypturellus tataupa,Crypturellus tataupa,Pecari tajacu,Dasyprocta azarae,Pecari tajacu,Crypturellus tataupa,Crypturellus tataupa,Crypturellus tataupa,Tayassu pecari,Pecari,Tayassuidae,3,Medio
3594,Pecari tajacu,Pecari tajacu,Pecari tajacu,Pecari tajacu,Pecari tajacu,Pecari tajacu,Pecari tajacu,Pecari tajacu,Pecari tajacu,Pecari tajacu,Pecari tajacu,Pecari tajacu,Pecari,Tayassuidae,3,Medio
3595,Pecari tajacu,Tayassu pecari,Pecari tajacu,Pecari tajacu,Pecari tajacu,Pecari tajacu,Pecari tajacu,Pecari tajacu,Pecari tajacu,Pecari tajacu,Pecari tajacu,Tayassu pecari,Pecari,Tayassuidae,3,Medio
3596,Pecari tajacu,Pecari tajacu,Pecari tajacu,Pecari tajacu,Pecari tajacu,Pecari tajacu,Pecari tajacu,Pecari tajacu,Pecari tajacu,Pecari tajacu,Pecari tajacu,Pecari tajacu,Pecari,Tayassuidae,3,Medio
3597,Pecari tajacu,Pecari tajacu,Pecari tajacu,Pecari tajacu,Pecari tajacu,Pecari tajacu,Pecari tajacu,Pecari tajacu,Pecari tajacu,Pecari tajacu,Pecari tajacu,Pecari tajacu,Pecari,Tayassuidae,3,Medio
3598,Pecari tajacu,Sus scrofa,Sus scrofa domesticus,Cerdocyon thous,Sus scrofa,Pecari tajacu,Sus scrofa,Sus scrofa,Sus scrofa domesticus,Sus scrofa domesticus,Sus scrofa domesticus,Sus scrofa,Pecari,Tayassuidae,3,Medio
3600,Pecari tajacu,Dasyprocta azarae,Odontophorus capueira,Eira barbara,Eira barbara,Eira barbara,Dasyprocta azarae,Eira barbara,Odontophorus capueira,Odontophorus capueira,Odontophorus capueira,Dasyprocta azarae,Pecari,Tayassuidae,3,Medio
3601,Pecari tajacu,Tayassu pecari,Penelope superciliaris,Cerdocyon thous,Cerdocyon thous,Penelope superciliaris,Dasyprocta azarae,Dasyprocta azarae,Penelope superciliaris,Penelope superciliaris,Penelope superciliaris,Tayassu pecari,Pecari,Tayassuidae,3,Medio
3602,Pecari tajacu,Lycalopex gymnocerca,Pecari tajacu,Lycalopex gymnocerca,Lycalopex gymnocerca,Pecari tajacu,Sus scrofa,Sus scrofa,Pecari tajacu,Pecari tajacu,Pecari tajacu,Sus scrofa,Pecari,Tayassuidae,3,Medio
3603,Pecari tajacu,Pecari tajacu,Pecari tajacu,Pecari tajacu,Pecari tajacu,Pecari tajacu,Pecari tajacu,Pecari tajacu,Pecari tajacu,Pecari tajacu,Pecari tajacu,Pecari tajacu,Pecari,Tayassuidae,3,Medio
3604,Pecari tajacu,Pecari tajacu,Pecari tajacu,Pecari tajacu,Pecari tajacu,Pecari tajacu,Pecari tajacu,Pecari tajacu,Pecari tajacu,Pecari tajacu,Pecari tajacu,Pecari tajacu,Pecari,Tayassuidae,3,Medio
3606,Pecari tajacu,Pecari tajacu,Pecari tajacu,Pecari tajacu,Pecari tajacu,Pecari tajacu,Pecari tajacu,Pecari tajacu,Pecari tajacu,Pecari tajacu,Pecari tajacu,Pecari tajacu,Pecari,Tayassuidae,3,Medio
3607,Pecari tajacu,Pecari tajacu,Pecari tajacu,Pecari tajacu,Dasyprocta azarae,Pecari tajacu,Pecari tajacu,Pecari tajacu,Pecari tajacu,Pecari tajacu,Pecari tajacu,Pecari tajacu,Pecari,Tayassuidae,3,Medio
3608,Pecari tajacu,Pecari tajacu,Pecari tajacu,Pecari tajacu,Pecari tajacu,Pecari tajacu,Pecari tajacu,Pecari tajacu,Pecari tajacu,Pecari tajacu,Pecari tajacu,Pecari tajacu,Pecari,Tayassuidae,3,Medio
3609,Pecari tajacu,Sus scrofa domesticus,Pecari tajacu,Dasyprocta azarae,Pecari tajacu,Pecari tajacu,Pecari tajacu,Pecari tajacu,Pecari tajacu,Pecari tajacu,Pecari tajacu,Sus scrofa domesticus,Pecari,Tayassuidae,3,Medio
3610,Pecari tajacu,Sus scrofa,Sus scrofa,Sus scrofa,Sus scrofa,Sus scrofa,Sus scrofa,Sus scrofa,Sus scrofa,Sus scrofa,Sus scrofa,Sus scrofa,Pecari,Tayassuidae,3,Medio
3611,Pecari tajacu,Hydrochoerus hydrochaeris,Pecari tajacu,Dasyprocta azarae,Pecari tajacu,Pecari tajacu,Pecari tajacu,Pecari tajacu,Pecari tajacu,Pecari tajacu,Pecari tajacu,Pecari tajacu,Pecari,Tayassuidae,3,Medio
3612,Pecari tajacu,Pecari tajacu,Pecari tajacu,Pecari tajacu,Pecari tajacu,Pecari tajacu,Pecari tajacu,Pecari tajacu,Pecari tajacu,Pecari tajacu,Pecari tajacu,Pecari tajacu,Pecari,Tayassuidae,3,Medio
3613,Pecari tajacu,Pecari tajacu,Pecari tajacu,Pecari tajacu,Pecari tajacu,Pecari tajacu,Pecari tajacu,Sus scrofa,Pecari tajacu,Pecari tajacu,Pecari tajacu,Pecari tajacu,Pecari,Tayassuidae,3,Medio
3614,Pecari tajacu,Pecari tajacu,Pecari tajacu,Pecari tajacu,Pecari tajacu,Pecari tajacu,Pecari tajacu,Pecari tajacu,Pecari tajacu,Pecari tajacu,Pecari tajacu,Pecari tajacu,Pecari,Tayassuidae,3,Medio
3615,Pecari tajacu,Pecari tajacu,Pecari tajacu,Pecari tajacu,Pecari tajacu,Pecari tajacu,Pecari tajacu,Pecari tajacu,Pecari tajacu,Pecari tajacu,Pecari tajacu,Pecari tajacu,Pecari,Tayassuidae,3,Medio
3616,Pecari tajacu,Tayassu pecari,Tayassu pecari,Dasyprocta azarae,Dasyprocta azarae,Pecari tajacu,Eira barbara,Eira barbara,Tayassu pecari,Tayassu pecari,Tayassu pecari,Tayassu pecari,Pecari,Tayassuidae,3,Medio
3617,Pecari tajacu,Tayassu pecari,Tayassu pecari,Lepus europaeus,Pecari tajacu,Pecari tajacu,Eira barbara,Eira barbara,Tayassu pecari,Tayassu pecari,Tayassu pecari,Tayassu pecari,Pecari,Tayassuidae,3,Medio
3619,Pecari tajacu,Lepus europaeus,Sus scrofa,Pecari tajacu,Pecari tajacu,Pecari tajacu,Sus scrofa,Sus scrofa,Sus scrofa,Sus scrofa,Sus scrofa,Sus scrofa domesticus,Pecari,Tayassuidae,3,Medio
3621,Pecari tajacu,Didelphis aurita,Pecari tajacu,Lycalopex gymnocerca,Lycalopex gymnocerca,Lycalopex gymnocerca,Lycalopex gymnocerca,Didelphis aurita,Pecari tajacu,Pecari tajacu,Pecari tajacu,Didelphis aurita,Pecari,Tayassuidae,3,Medio
3624,Pecari tajacu,Pecari tajacu,Pecari tajacu,Pecari tajacu,Pecari tajacu,Pecari tajacu,Pecari tajacu,Pecari tajacu,Pecari tajacu,Pecari tajacu,Pecari tajacu,Pecari tajacu,Pecari,Tayassuidae,3,Medio
3625,Pecari tajacu,Pecari tajacu,Pecari tajacu,Pecari tajacu,Pecari tajacu,Pecari tajacu,Pecari tajacu,Nasua nasua,Pecari tajacu,Pecari tajacu,Pecari tajacu,Pecari tajacu,Pecari,Tayassuidae,3,Medio
3626,Tayassu pecari,Dasyprocta azarae,Pecari tajacu,Pecari tajacu,Pecari tajacu,Pecari tajacu,Dasyprocta azarae,Pecari tajacu,Pecari tajacu,Pecari tajacu,Pecari tajacu,Dasyprocta azarae,Tayassu,Tayassuidae,4,Alto
3627,Tayassu pecari,Pecari tajacu,Dasyprocta azarae,Dasyprocta azarae,Pecari tajacu,Pecari tajacu,Pecari tajacu,Dasyprocta azarae,Dasyprocta azarae,Dasyprocta azarae,Dasyprocta azarae,Pecari tajacu,Tayassu,Tayassuidae,4,Alto
3628,Tayassu pecari,Pecari tajacu,Pecari tajacu,Pecari tajacu,Pecari tajacu,Pecari tajacu,Pecari tajacu,Pecari tajacu,Pecari tajacu,Pecari tajacu,Pecari tajacu,Pecari tajacu,Tayassu,Tayassuidae,4,Alto
3629,Tayassu pecari,Tayassu pecari,Pecari tajacu,Pecari tajacu,Pecari tajacu,Pecari tajacu,Pecari tajacu,Subulo gouazoubira,Pecari tajacu,Pecari tajacu,Pecari tajacu,Tayassu pecari,Tayassu,Tayassuidae,4,Alto
3630,Tayassu pecari,Sus scrofa,Sus scrofa,Herpailurus yagouaroundi,Herpailurus yagouaroundi,Sus scrofa,Sus scrofa,Sus scrofa,Sus scrofa,Sus scrofa,Sus scrofa,Sus scrofa,Tayassu,Tayassuidae,4,Alto
3631,Tayassu pecari,Pecari tajacu,Tayassu pecari,Pecari tajacu,Dasyprocta azarae,Pecari tajacu,Pecari tajacu,Pecari tajacu,Tayassu pecari,Tayassu pecari,Tayassu pecari,Pecari tajacu,Tayassu,Tayassuidae,4,Alto
3632,Tayassu pecari,Procyon cancrivorus,Cerdocyon thous,Cerdocyon thous,Cerdocyon thous,Sus scrofa,Cerdocyon thous,Cerdocyon thous,Cerdocyon thous,Cerdocyon thous,Cerdocyon thous,Procyon cancrivorus,Tayassu,Tayassuidae,4,Alto
3633,Tayassu pecari,Tayassu pecari,Penelope superciliaris,Pecari tajacu,Pecari tajacu,Pecari tajacu,Dasyprocta azarae,Pecari tajacu,Penelope superciliaris,Penelope superciliaris,Penelope superciliaris,Tayassu pecari,Tayassu,Tayassuidae,4,Alto
3634,Tayassu pecari,Sus scrofa,Sus scrofa domesticus,Pecari tajacu,Sus scrofa,Sus scrofa,Sus scrofa,Sus scrofa,Sus scrofa domesticus,Sus scrofa domesticus,Sus scrofa domesticus,Sus scrofa,Tayassu,Tayassuidae,4,Alto
3635,Tayassu pecari,Tapirus terrestris,Tapirus terrestris,Tapirus terrestris,Pecari tajacu,Pecari tajacu,Eira barbara,Pecari tajacu,Tapirus terrestris,Tapirus terrestris,Tapirus terrestris,Tapirus terrestris,Tayassu,Tayassuidae,4,Alto
3637,Tayassu pecari,Mackenziaena severa,Penelope superciliaris,Mackenziaena severa,Mackenziaena severa,Mackenziaena severa,Mackenziaena severa,Eira barbara,Penelope superciliaris,Penelope superciliaris,Penelope superciliaris,Mackenziaena severa,Tayassu,Tayassuidae,4,Alto
3639,Tayassu pecari,Sapajus nigritus,Odontophorus capueira,Conopophaga lineata vulgaris,Conopophaga lineata vulgaris,Sapajus nigritus,Sapajus nigritus,Alouatta caraya,Odontophorus capueira,Odontophorus capueira,Odontophorus capueira,Sapajus nigritus,Tayassu,Tayassuidae,4,Alto
3641,Tayassu pecari,Tayassu pecari,Tayassu pecari,Dasyprocta azarae,Pecari tajacu,Tayassu pecari,Eira barbara,Tayassu pecari,Tayassu pecari,Tayassu pecari,Tayassu pecari,Tayassu pecari,Tayassu,Tayassuidae,4,Alto
3642,Tayassu pecari,Tayassu pecari,Tayassu pecari,Dasyprocta azarae,Pecari tajacu,Tayassu pecari,Eira barbara,Tayassu pecari,Tayassu pecari,Tayassu pecari,Tayassu pecari,Tayassu pecari,Tayassu,Tayassuidae,4,Alto
3643,Tayassu pecari,Tayassu pecari,Pecari tajacu,Pecari tajacu,Pecari tajacu,Pecari tajacu,Pecari tajacu,Pecari tajacu,Pecari tajacu,Pecari tajacu,Pecari tajacu,Tayassu pecari,Tayassu,Tayassuidae,4,Alto
3644,Salvator merianae,Salvator merianae,Salvator merianae,Salvator merianae,Salvator merianae,Salvator merianae,Salvator merianae,Salvator merianae,Salvator merianae,Salvator merianae,Salvator merianae,Salvator merianae,Salvator,Teiidae,1,Bajo
3645,Salvator merianae,Salvator merianae,Salvator merianae,Herpailurus yagouaroundi,Euphractus sexcinctus,Salvator merianae,Salvator merianae,Nothura maculosa,Salvator merianae,Salvator merianae,Salvator merianae,Salvator merianae,Salvator,Teiidae,1,Bajo
3646,Salvator merianae,Nasua nasua,Nasua nasua,Didelphis aurita,Nasua nasua,Salvator merianae,Nasua nasua,Salvator merianae,Nasua nasua,Nasua nasua,Nasua nasua,Nasua nasua,Salvator,Teiidae,1,Bajo
3647,Salvator merianae,Salvator merianae,Leopardus wiedii,Dasyprocta azarae,Salvator merianae,Salvator merianae,Salvator merianae,Lontra longicaudis,Leopardus wiedii,Leopardus wiedii,Leopardus wiedii,Salvator merianae,Salvator,Teiidae,1,Bajo
3650,Salvator merianae,Salvator merianae,Galictis cuja,Galictis cuja,Salvator merianae,Salvator merianae,Salvator merianae,Salvator merianae,Galictis cuja,Galictis cuja,Galictis cuja,Salvator merianae,Salvator,Teiidae,1,Bajo
3651,Salvator merianae,Nasua nasua,Nasua nasua,Nasua nasua,Nasua nasua,Salvator merianae,Salvator merianae,Phrynops williamsi,Nasua nasua,Nasua nasua,Nasua nasua,Nasua nasua,Salvator,Teiidae,1,Bajo
3655,Salvator merianae,Salvator merianae,Salvator merianae,Hydrochoerus hydrochaeris,Nasua nasua,Salvator merianae,Salvator merianae,Salvator merianae,Salvator merianae,Salvator merianae,Salvator merianae,Salvator merianae,Salvator,Teiidae,1,Bajo
3656,Salvator merianae,Salvator merianae,Leptotila verreauxi,Hydrochoerus hydrochaeris,Nasua nasua,Salvator merianae,Salvator merianae,Didelphis albiventris,Leptotila verreauxi,Leptotila verreauxi,Leptotila verreauxi,Salvator merianae,Salvator,Teiidae,1,Bajo
3657,Salvator merianae,Tamandua tetradactyla,Salvator merianae,Didelphis albiventris,Didelphis albiventris,Salvator merianae,Salvator merianae,Lontra longicaudis,Salvator merianae,Salvator merianae,Salvator merianae,Tamandua tetradactyla,Salvator,Teiidae,1,Bajo
3658,Salvator merianae,Salvator merianae,Salvator merianae,Salvator merianae,Salvator merianae,Salvator merianae,Salvator merianae,Salvator merianae,Salvator merianae,Salvator merianae,Salvator merianae,Salvator merianae,Salvator,Teiidae,1,Bajo
3659,Salvator merianae,Salvator merianae,Salvator merianae,Salvator merianae,Salvator merianae,Salvator merianae,Salvator merianae,Salvator merianae,Salvator merianae,Salvator merianae,Salvator merianae,Salvator merianae,Salvator,Teiidae,1,Bajo
3660,Salvator merianae,Salvator merianae,Didelphis aurita,Didelphis aurita,Didelphis aurita,Salvator merianae,Salvator merianae,Galictis cuja,Didelphis aurita,Didelphis aurita,Didelphis aurita,Salvator merianae,Salvator,Teiidae,1,Bajo
3661,Salvator merianae,Tachyphonus coronatus,Tachyphonus coronatus,Mackenziaena leachii,Hypoedaleus guttatus,Salvator merianae,Tachyphonus coronatus,Mackenziaena leachii,Tachyphonus coronatus,Tachyphonus coronatus,Tachyphonus coronatus,Tachyphonus coronatus,Salvator,Teiidae,1,Bajo
3662,Salvator merianae,Salvator merianae,Dasypus novemcinctus,Salvator merianae,Salvator merianae,Salvator merianae,Salvator merianae,Salvator merianae,Dasypus novemcinctus,Dasypus novemcinctus,Dasypus novemcinctus,Salvator merianae,Salvator,Teiidae,1,Bajo
3663,Salvator merianae,Salvator merianae,Salvator merianae,Salvator merianae,Salvator merianae,Salvator merianae,Salvator merianae,Salvator merianae,Salvator merianae,Salvator merianae,Salvator merianae,Salvator merianae,Salvator,Teiidae,1,Bajo
3664,Salvator merianae,Hydrochoerus hydrochaeris,Salvator merianae,Salvator merianae,Aramides saracura,Didelphis aurita,Salvator merianae,Salvator merianae,Salvator merianae,Salvator merianae,Salvator merianae,Hydrochoerus hydrochaeris,Salvator,Teiidae,1,Bajo
3665,Salvator merianae,Salvator merianae,Dasypus novemcinctus,Dasypus novemcinctus,Cuniculus paca,Salvator merianae,Salvator merianae,Salvator merianae,Dasypus novemcinctus,Dasypus novemcinctus,Dasypus novemcinctus,Salvator merianae,Salvator,Teiidae,1,Bajo
3666,Salvator merianae,Salvator merianae,Salvator merianae,Salvator merianae,Salvator merianae,Salvator merianae,Salvator merianae,Salvator merianae,Salvator merianae,Salvator merianae,Salvator merianae,Salvator merianae,Salvator,Teiidae,1,Bajo
3667,Salvator merianae,Salvator merianae,Salvator merianae,Eira barbara,Salvator merianae,Salvator merianae,Salvator merianae,Leopardus guttulus,Salvator merianae,Salvator merianae,Salvator merianae,Salvator merianae,Salvator,Teiidae,1,Bajo
3668,Salvator merianae,Salvator merianae,Mazama nanus,Cerdocyon thous,Cerdocyon thous,Salvator merianae,Salvator merianae,Pecari tajacu,Mazama nanus,Mazama nanus,Mazama nanus,Salvator merianae,Salvator,Teiidae,1,Bajo
3669,Salvator merianae,Salvator merianae,Salvator merianae,Salvator merianae,Salvator merianae,Salvator merianae,Salvator merianae,Salvator merianae,Salvator merianae,Salvator merianae,Salvator merianae,Salvator merianae,Salvator,Teiidae,1,Bajo
3670,Salvator merianae,Salvator merianae,Salvator merianae,Cerdocyon thous,Cerdocyon thous,Salvator merianae,Salvator merianae,Cerdocyon thous,Salvator merianae,Salvator merianae,Salvator merianae,Salvator merianae,Salvator,Teiidae,1,Bajo
3671,Salvator merianae,Salvator merianae,Salvator merianae,Salvator merianae,Salvator merianae,Salvator merianae,Salvator merianae,Salvator merianae,Salvator merianae,Salvator merianae,Salvator merianae,Salvator merianae,Salvator,Teiidae,1,Bajo
3672,Salvator merianae,Odontophorus capueira,Salvator merianae,Salvator merianae,Salvator merianae,Salvator merianae,Salvator merianae,Dasypus novemcinctus,Salvator merianae,Salvator merianae,Salvator merianae,Odontophorus capueira,Salvator,Teiidae,1,Bajo
3673,Salvator merianae,Salvator merianae,Myiothlypis leucoblephara,Myiothlypis leucoblephara,Leptotila rufaxilla,Salvator merianae,Salvator merianae,Salvator merianae,Myiothlypis leucoblephara,Myiothlypis leucoblephara,Myiothlypis leucoblephara,Salvator merianae,Salvator,Teiidae,1,Bajo
3674,Salvator merianae,Salvator merianae,Salvator merianae,Aramides saracura,Salvator merianae,Salvator merianae,Salvator merianae,Salvator merianae,Salvator merianae,Salvator merianae,Salvator merianae,Salvator merianae,Salvator,Teiidae,1,Bajo
3675,Salvator merianae,Salvator merianae,Salvator merianae,Lontra longicaudis,Phrynops williamsi,Salvator merianae,Salvator merianae,Salvator merianae,Salvator merianae,Salvator merianae,Salvator merianae,Salvator merianae,Salvator,Teiidae,1,Bajo
3676,Salvator merianae,Salvator merianae,Didelphis aurita,Didelphis aurita,Didelphis aurita,Salvator merianae,Salvator merianae,Nasua nasua,Didelphis aurita,Didelphis aurita,Didelphis aurita,Salvator merianae,Salvator,Teiidae,1,Bajo
3678,Salvator merianae,Dasyprocta azarae,Sapajus nigritus,Eira barbara,Dasyprocta azarae,Salvator merianae,Dasyprocta azarae,Dasyprocta azarae,Sapajus nigritus,Sapajus nigritus,Sapajus nigritus,Dasyprocta azarae,Salvator,Teiidae,1,Bajo
3679,Salvator merianae,Salvator merianae,Aramides saracura,Aramides saracura,Aramides saracura,Salvator merianae,Salvator merianae,Aramides saracura,Aramides saracura,Aramides saracura,Aramides saracura,Salvator merianae,Salvator,Teiidae,1,Bajo
3681,Salvator merianae,Nyctidromus albicollis,Salvator merianae,Salvator merianae,Salvator merianae,Salvator merianae,Salvator merianae,Salvator merianae,Salvator merianae,Salvator merianae,Salvator merianae,Nyctidromus albicollis,Salvator,Teiidae,1,Bajo
3682,Salvator merianae,Salvator merianae,Salvator merianae,Didelphis aurita,Didelphis aurita,Salvator merianae,Salvator merianae,Salvator merianae,Salvator merianae,Salvator merianae,Salvator merianae,Salvator merianae,Salvator,Teiidae,1,Bajo
3683,Salvator merianae,Salvator merianae,Salvator merianae,Didelphis aurita,Salvator merianae,Salvator merianae,Salvator merianae,Salvator merianae,Salvator merianae,Salvator merianae,Salvator merianae,Salvator merianae,Salvator,Teiidae,1,Bajo
3684,Salvator merianae,Salvator merianae,Salvator merianae,Salvator merianae,Salvator merianae,Salvator merianae,Salvator merianae,Lycalopex gymnocerca,Salvator merianae,Salvator merianae,Salvator merianae,Salvator merianae,Salvator,Teiidae,1,Bajo
3686,Salvator merianae,Salvator merianae,Chamaeza campanisona,Chamaeza campanisona,Chamaeza campanisona,Salvator merianae,Salvator merianae,Pipile jacutinga,Chamaeza campanisona,Chamaeza campanisona,Chamaeza campanisona,Salvator merianae,Salvator,Teiidae,1,Bajo
3687,Salvator merianae,Salvator merianae,Salvator merianae,Salvator merianae,Salvator merianae,Salvator merianae,Salvator merianae,Panthera onca,Salvator merianae,Salvator merianae,Salvator merianae,Salvator merianae,Salvator,Teiidae,1,Bajo
3688,Salvator merianae,Salvator merianae,Aramides saracura,Aramides saracura,Aramides saracura,Salvator merianae,Salvator merianae,Aramides saracura,Aramides saracura,Aramides saracura,Aramides saracura,Salvator merianae,Salvator,Teiidae,1,Bajo
3690,Salvator merianae,Crypturellus tataupa,Nasua nasua,Dasypus novemcinctus,Crypturellus tataupa,Nyctidromus albicollis,Dasyprocta azarae,Dasyprocta azarae,Nasua nasua,Nasua nasua,Nasua nasua,Crypturellus tataupa,Salvator,Teiidae,1,Bajo
3692,Salvator merianae,Salvator merianae,Myrmecophaga tridactyla,Didelphis aurita,Cerdocyon thous,Salvator merianae,Salvator merianae,Salvator merianae,Myrmecophaga tridactyla,Myrmecophaga tridactyla,Myrmecophaga tridactyla,Salvator merianae,Salvator,Teiidae,1,Bajo
3694,Salvator merianae,Salvator merianae,Salvator merianae,Salvator merianae,Salvator merianae,Salvator merianae,Salvator merianae,Salvator merianae,Salvator merianae,Salvator merianae,Salvator merianae,Salvator merianae,Salvator,Teiidae,1,Bajo
3695,Salvator merianae,Hydrochoerus hydrochaeris,Pecari tajacu,Pecari tajacu,Hydrochoerus hydrochaeris,Lycalopex gymnocerca,Hydrochoerus hydrochaeris,Hydrochoerus hydrochaeris,Pecari tajacu,Pecari tajacu,Pecari tajacu,Hydrochoerus hydrochaeris,Salvator,Teiidae,1,Bajo
3696,Salvator merianae,Salvator merianae,Salvator merianae,Nyctidromus albicollis,Sylvilagus brasiliensis,Salvator merianae,Salvator merianae,Dasypus novemcinctus,Salvator merianae,Salvator merianae,Salvator merianae,Salvator merianae,Salvator,Teiidae,1,Bajo
3697,Salvator merianae,Penelope superciliaris,Tinamus solitarius,Penelope superciliaris,Dasypus novemcinctus,Salvator merianae,Penelope superciliaris,Penelope superciliaris,Tinamus solitarius,Tinamus solitarius,Tinamus solitarius,Penelope superciliaris,Salvator,Teiidae,1,Bajo
3698,Salvator merianae,Salvator merianae,Salvator merianae,Cuniculus paca,Cuniculus paca,Salvator merianae,Salvator merianae,Salvator merianae,Salvator merianae,Salvator merianae,Salvator merianae,Salvator merianae,Salvator,Teiidae,1,Bajo
3700,Salvator merianae,Salvator merianae,Salvator merianae,Salvator merianae,Dasypus novemcinctus,Salvator merianae,Salvator merianae,Salvator merianae,Salvator merianae,Salvator merianae,Salvator merianae,Salvator merianae,Salvator,Teiidae,1,Bajo
3701,Salvator merianae,Salvator merianae,Salvator merianae,Salvator merianae,Salvator merianae,Salvator merianae,Salvator merianae,Salvator merianae,Salvator merianae,Salvator merianae,Salvator merianae,Salvator merianae,Salvator,Teiidae,1,Bajo
3702,Salvator merianae,Didelphis aurita,Leptotila rufaxilla,Leptotila rufaxilla,Conopophaga lineata,Salvator merianae,Didelphis albiventris,Salvator merianae,Leptotila rufaxilla,Leptotila rufaxilla,Leptotila rufaxilla,Didelphis aurita,Salvator,Teiidae,1,Bajo
3703,Salvator merianae,Salvator merianae,Turdus rufiventris,Cerdocyon thous,Cerdocyon thous,Salvator merianae,Salvator merianae,Hydrochoerus hydrochaeris,Turdus rufiventris,Turdus rufiventris,Turdus rufiventris,Salvator merianae,Salvator,Teiidae,1,Bajo
3705,Salvator merianae,Salvator merianae,Salvator merianae,Salvator merianae,Salvator merianae,Salvator merianae,Salvator merianae,Dasypus novemcinctus,Salvator merianae,Salvator merianae,Salvator merianae,Salvator merianae,Salvator,Teiidae,1,Bajo
3706,Salvator merianae,Sus scrofa,Nothura maculosa,Herpailurus yagouaroundi,Cerdocyon thous,Salvator merianae,Lepus europaeus,Sus scrofa,Nothura maculosa,Nothura maculosa,Nothura maculosa,Sus scrofa,Salvator,Teiidae,1,Bajo
3707,Salvator merianae,Salvator merianae,Dasyprocta azarae,Salvator merianae,Salvator merianae,Salvator merianae,Salvator merianae,Salvator merianae,Dasyprocta azarae,Dasyprocta azarae,Dasyprocta azarae,Salvator merianae,Salvator,Teiidae,1,Bajo
3708,Salvator merianae,Euphractus sexcinctus,Salvator merianae,Dasypus novemcinctus,Dasypus novemcinctus,Salvator merianae,Salvator merianae,Salvator merianae,Salvator merianae,Salvator merianae,Salvator merianae,Euphractus sexcinctus,Salvator,Teiidae,1,Bajo
3709,Salvator merianae,Salvator merianae,Salvator merianae,Dasypus novemcinctus,Salvator merianae,Salvator merianae,Salvator merianae,Panthera onca,Salvator merianae,Salvator merianae,Salvator merianae,Salvator merianae,Salvator,Teiidae,1,Bajo
3710,Salvator merianae,Salvator merianae,Salvator merianae,Salvator merianae,Salvator merianae,Salvator merianae,Salvator merianae,Salvator merianae,Salvator merianae,Salvator merianae,Salvator merianae,Salvator merianae,Salvator,Teiidae,1,Bajo
3711,Salvator merianae,Salvator merianae,Dasyprocta azarae,Pecari tajacu,Pecari tajacu,Salvator merianae,Salvator merianae,Galictis cuja,Dasyprocta azarae,Dasyprocta azarae,Dasyprocta azarae,Salvator merianae,Salvator,Teiidae,1,Bajo
3712,Salvator merianae,Salvator merianae,Galictis cuja,Salvator merianae,Salvator merianae,Salvator merianae,Salvator merianae,Didelphis aurita,Galictis cuja,Galictis cuja,Galictis cuja,Salvator merianae,Salvator,Teiidae,1,Bajo
3713,Biatas nigropectus,Biatas nigropectus,Cyanoloxia brissonii,Biatas nigropectus,Biatas nigropectus,Biatas nigropectus,Biatas nigropectus,Habia rubica,Cyanoloxia brissonii,Cyanoloxia brissonii,Cyanoloxia brissonii,Biatas nigropectus,Biatas,Thamnophilidae,6,Crítico
3714,Biatas nigropectus,Biatas nigropectus,Biatas nigropectus,Biatas nigropectus,Biatas nigropectus,Biatas nigropectus,Biatas nigropectus,Biatas nigropectus,Biatas nigropectus,Biatas nigropectus,Biatas nigropectus,Biatas nigropectus,Biatas,Thamnophilidae,6,Crítico
3715,Biatas nigropectus,Biatas nigropectus,Brotogeris chiriri,Biatas nigropectus,Biatas nigropectus,Biatas nigropectus,Biatas nigropectus,Biatas nigropectus,Brotogeris chiriri,Brotogeris chiriri,Brotogeris chiriri,Biatas nigropectus,Biatas,Thamnophilidae,6,Crítico
3717,Biatas nigropectus,Biatas nigropectus,Cyanoloxia brissonii,Biatas nigropectus,Biatas nigropectus,Biatas nigropectus,Baryphthengus ruficapillus,Penelope superciliaris,Cyanoloxia brissonii,Cyanoloxia brissonii,Cyanoloxia brissonii,Biatas nigropectus,Biatas,Thamnophilidae,6,Crítico
3719,Biatas nigropectus,Synallaxis ruficapilla,Biatas nigropectus,Biatas nigropectus,Biatas nigropectus,Biatas nigropectus,Biatas nigropectus,Conopophaga lineata,Biatas nigropectus,Biatas nigropectus,Biatas nigropectus,Synallaxis ruficapilla,Biatas,Thamnophilidae,6,Crítico
3720,Biatas nigropectus,Sapajus nigritus,Cyanoloxia brissonii,Brotogeris chiriri,Brotogeris chiriri,Sapajus nigritus,Sapajus nigritus,Turdus albicollis,Cyanoloxia brissonii,Cyanoloxia brissonii,Cyanoloxia brissonii,Mackenziaena severa,Biatas,Thamnophilidae,6,Crítico
3723,Biatas nigropectus,Habia rubica,Habia rubica,Habia rubica,Habia rubica,Hypoedaleus guttatus,Habia rubica,Conopophaga lineata,Habia rubica,Habia rubica,Habia rubica,Habia rubica,Biatas,Thamnophilidae,6,Crítico
3725,Biatas nigropectus,Biatas nigropectus,Biatas nigropectus,Biatas nigropectus,Biatas nigropectus,Biatas nigropectus,Hypoedaleus guttatus,Biatas nigropectus,Biatas nigropectus,Biatas nigropectus,Biatas nigropectus,Biatas nigropectus,Biatas,Thamnophilidae,6,Crítico
3727,Biatas nigropectus,Turdus albicollis,Conopophaga lineata,Conopophaga lineata,Conopophaga lineata,Turdus albicollis,Turdus albicollis,Synallaxis ruficapilla,Conopophaga lineata,Conopophaga lineata,Conopophaga lineata,Turdus albicollis,Biatas,Thamnophilidae,6,Crítico
3728,Biatas nigropectus,Biatas nigropectus,Turdus albicollis,Habia rubica,Habia rubica,Biatas nigropectus,Habia rubica,Biatas nigropectus,Turdus albicollis,Turdus albicollis,Turdus albicollis,Biatas nigropectus,Biatas,Thamnophilidae,6,Crítico
3729,Biatas nigropectus,Biatas nigropectus,Biatas nigropectus,Biatas nigropectus,Biatas nigropectus,Biatas nigropectus,Biatas nigropectus,Biatas nigropectus,Biatas nigropectus,Biatas nigropectus,Biatas nigropectus,Biatas nigropectus,Biatas,Thamnophilidae,6,Crítico
3730,Biatas nigropectus,Biatas nigropectus,Biatas nigropectus,Biatas nigropectus,Biatas nigropectus,Biatas nigropectus,Biatas nigropectus,Biatas nigropectus,Biatas nigropectus,Biatas nigropectus,Biatas nigropectus,Biatas nigropectus,Biatas,Thamnophilidae,6,Crítico
3731,Biatas nigropectus,Habia rubica,Synallaxis ruficapilla,Synallaxis ruficapilla,Synallaxis ruficapilla,Synallaxis ruficapilla,Habia rubica,Habia rubica,Synallaxis ruficapilla,Synallaxis ruficapilla,Synallaxis ruficapilla,Habia rubica,Biatas,Thamnophilidae,6,Crítico
3732,Biatas nigropectus,Biatas nigropectus,Pyriglena leucoptera,Habia rubica,Mackenziaena severa,Biatas nigropectus,Habia rubica,Biatas nigropectus,Pyriglena leucoptera,Pyriglena leucoptera,Pyriglena leucoptera,Biatas nigropectus,Biatas,Thamnophilidae,6,Crítico
3733,Biatas nigropectus,Penelope superciliaris,Sapajus nigritus,Alouatta guariba clamitans,Selenidera maculirostris,Sapajus nigritus,Penelope superciliaris,Sapajus nigritus,Sapajus nigritus,Sapajus nigritus,Sapajus nigritus,Penelope superciliaris,Biatas,Thamnophilidae,6,Crítico
3734,Biatas nigropectus,Hypoedaleus guttatus,Brotogeris chiriri,Baryphthengus ruficapillus,Baryphthengus ruficapillus,Biatas nigropectus,Hypoedaleus guttatus,Hypoedaleus guttatus,Brotogeris chiriri,Brotogeris chiriri,Brotogeris chiriri,Hypoedaleus guttatus,Biatas,Thamnophilidae,6,Crítico
3735,Biatas nigropectus,Biatas nigropectus,Biatas nigropectus,Biatas nigropectus,Biatas nigropectus,Biatas nigropectus,Turdus albicollis,Biatas nigropectus,Biatas nigropectus,Biatas nigropectus,Biatas nigropectus,Biatas nigropectus,Biatas,Thamnophilidae,6,Crítico
3736,Biatas nigropectus,Biatas nigropectus,Biatas nigropectus,Biatas nigropectus,Biatas nigropectus,Biatas nigropectus,Biatas nigropectus,Biatas nigropectus,Biatas nigropectus,Biatas nigropectus,Biatas nigropectus,Biatas nigropectus,Biatas,Thamnophilidae,6,Crítico
3737,Biatas nigropectus,Biatas nigropectus,Biatas nigropectus,Biatas nigropectus,Biatas nigropectus,Biatas nigropectus,Biatas nigropectus,Biatas nigropectus,Biatas nigropectus,Biatas nigropectus,Biatas nigropectus,Biatas nigropectus,Biatas,Thamnophilidae,6,Crítico
3738,Biatas nigropectus,Biatas nigropectus,Biatas nigropectus,Biatas nigropectus,Biatas nigropectus,Biatas nigropectus,Biatas nigropectus,Biatas nigropectus,Biatas nigropectus,Biatas nigropectus,Biatas nigropectus,Biatas nigropectus,Biatas,Thamnophilidae,6,Crítico
3739,Biatas nigropectus,Biatas nigropectus,Biatas nigropectus,Biatas nigropectus,Biatas nigropectus,Biatas nigropectus,Turdus albicollis,Biatas nigropectus,Biatas nigropectus,Biatas nigropectus,Biatas nigropectus,Biatas nigropectus,Biatas,Thamnophilidae,6,Crítico
3740,Biatas nigropectus,Habia rubica,Synallaxis ruficapilla,Synallaxis ruficapilla,Synallaxis ruficapilla,Synallaxis ruficapilla,Habia rubica,Habia rubica,Synallaxis ruficapilla,Synallaxis ruficapilla,Synallaxis ruficapilla,Habia rubica,Biatas,Thamnophilidae,6,Crítico
3741,Biatas nigropectus,Cyanocorax chrysops,Biatas nigropectus,Biatas nigropectus,Biatas nigropectus,Cyanocorax chrysops,Cyanocorax chrysops,Notharchus swainsoni,Biatas nigropectus,Biatas nigropectus,Biatas nigropectus,Cyanocorax chrysops,Biatas,Thamnophilidae,6,Crítico
3742,Biatas nigropectus,Biatas nigropectus,Biatas nigropectus,Biatas nigropectus,Biatas nigropectus,Biatas nigropectus,Cyanoloxia brissonii,Sporophila pileata,Biatas nigropectus,Biatas nigropectus,Biatas nigropectus,Biatas nigropectus,Biatas,Thamnophilidae,6,Crítico
3743,Biatas nigropectus,Biatas nigropectus,Biatas nigropectus,Biatas nigropectus,Biatas nigropectus,Biatas nigropectus,Habia rubica,Mackenziaena severa,Biatas nigropectus,Biatas nigropectus,Biatas nigropectus,Biatas nigropectus,Biatas,Thamnophilidae,6,Crítico
3744,Biatas nigropectus,Pyriglena leucoptera,Synallaxis ruficapilla,Biatas nigropectus,Pyriglena leucoptera,Myiothlypis leucoblephara,Habia rubica,Pyriglena leucoptera,Synallaxis ruficapilla,Synallaxis ruficapilla,Synallaxis ruficapilla,Pyriglena leucoptera,Biatas,Thamnophilidae,6,Crítico
3747,Biatas nigropectus,Hypoedaleus guttatus,Habia rubica,Biatas nigropectus,Biatas nigropectus,Biatas nigropectus,Hypoedaleus guttatus,Biatas nigropectus,Habia rubica,Habia rubica,Habia rubica,Hypoedaleus guttatus,Biatas,Thamnophilidae,6,Crítico
3748,Biatas nigropectus,Biatas nigropectus,Biatas nigropectus,Biatas nigropectus,Biatas nigropectus,Biatas nigropectus,Biatas nigropectus,Biatas nigropectus,Biatas nigropectus,Biatas nigropectus,Biatas nigropectus,Biatas nigropectus,Biatas,Thamnophilidae,6,Crítico
3749,Biatas nigropectus,Biatas nigropectus,Biatas nigropectus,Biatas nigropectus,Biatas nigropectus,Biatas nigropectus,Biatas nigropectus,Biatas nigropectus,Biatas nigropectus,Biatas nigropectus,Biatas nigropectus,Biatas nigropectus,Biatas,Thamnophilidae,6,Crítico
3750,Biatas nigropectus,Biatas nigropectus,Biatas nigropectus,Biatas nigropectus,Biatas nigropectus,Biatas nigropectus,Biatas nigropectus,Cyanoloxia brissonii,Biatas nigropectus,Biatas nigropectus,Biatas nigropectus,Biatas nigropectus,Biatas,Thamnophilidae,6,Crítico
3751,Biatas nigropectus,Biatas nigropectus,Biatas nigropectus,Biatas nigropectus,Biatas nigropectus,Biatas nigropectus,Mackenziaena severa,Biatas nigropectus,Biatas nigropectus,Biatas nigropectus,Biatas nigropectus,Biatas nigropectus,Biatas,Thamnophilidae,6,Crítico
3752,Biatas nigropectus,Biatas nigropectus,Manacus manacus,Habia rubica,Habia rubica,Biatas nigropectus,Habia rubica,Biatas nigropectus,Manacus manacus,Manacus manacus,Manacus manacus,Biatas nigropectus,Biatas,Thamnophilidae,6,Crítico
3753,Biatas nigropectus,Biatas nigropectus,Biatas nigropectus,Biatas nigropectus,Biatas nigropectus,Biatas nigropectus,Synallaxis ruficapilla,Biatas nigropectus,Biatas nigropectus,Biatas nigropectus,Biatas nigropectus,Biatas nigropectus,Biatas,Thamnophilidae,6,Crítico
3755,Biatas nigropectus,Biatas nigropectus,Turdus albicollis,Biatas nigropectus,Biatas nigropectus,Biatas nigropectus,Biatas nigropectus,Biatas nigropectus,Turdus albicollis,Turdus albicollis,Turdus albicollis,Biatas nigropectus,Biatas,Thamnophilidae,6,Crítico
3756,Biatas nigropectus,Habia rubica,Habia rubica,Synallaxis ruficapilla,Synallaxis ruficapilla,Habia rubica,Habia rubica,Habia rubica,Habia rubica,Habia rubica,Habia rubica,Habia rubica,Biatas,Thamnophilidae,6,Crítico
3757,Biatas nigropectus,Tachyphonus coronatus,Myiothlypis leucoblephara,Mackenziaena severa,Synallaxis ruficapilla,Biatas nigropectus,Tachyphonus coronatus,Manacus manacus,Myiothlypis leucoblephara,Myiothlypis leucoblephara,Myiothlypis leucoblephara,Tachyphonus coronatus,Biatas,Thamnophilidae,6,Crítico
3758,Biatas nigropectus,Biatas nigropectus,Cyanocorax chrysops,Habia rubica,Habia rubica,Habia rubica,Habia rubica,Alouatta guariba,Cyanocorax chrysops,Cyanocorax chrysops,Cyanocorax chrysops,Biatas nigropectus,Biatas,Thamnophilidae,6,Crítico
3759,Biatas nigropectus,Biatas nigropectus,Biatas nigropectus,Biatas nigropectus,Biatas nigropectus,Biatas nigropectus,Biatas nigropectus,Biatas nigropectus,Biatas nigropectus,Biatas nigropectus,Biatas nigropectus,Biatas nigropectus,Biatas,Thamnophilidae,6,Crítico
3760,Biatas nigropectus,Biatas nigropectus,Biatas nigropectus,Biatas nigropectus,Biatas nigropectus,Biatas nigropectus,Biatas nigropectus,Biatas nigropectus,Biatas nigropectus,Biatas nigropectus,Biatas nigropectus,Biatas nigropectus,Biatas,Thamnophilidae,6,Crítico
3761,Hypoedaleus guttatus,Didelphis albiventris,Didelphis albiventris,Cyanocorax chrysops,Didelphis albiventris,Didelphis albiventris,Didelphis albiventris,Tamandua tetradactyla,Didelphis albiventris,Didelphis albiventris,Didelphis albiventris,Didelphis albiventris,Hypoedaleus,Thamnophilidae,3,Medio
3762,Hypoedaleus guttatus,Hypoedaleus guttatus,Baryphthengus ruficapillus,Baryphthengus ruficapillus,Baryphthengus ruficapillus,Hypoedaleus guttatus,Hypoedaleus guttatus,Hypoedaleus guttatus,Baryphthengus ruficapillus,Baryphthengus ruficapillus,Baryphthengus ruficapillus,Hypoedaleus guttatus,Hypoedaleus,Thamnophilidae,3,Medio
3763,Hypoedaleus guttatus,Mackenziaena severa,Mackenziaena leachii,Mackenziaena leachii,Conopophaga lineata vulgaris,Hypoedaleus guttatus,Cyanoloxia brissonii,Biatas nigropectus,Mackenziaena leachii,Mackenziaena leachii,Mackenziaena leachii,Mackenziaena severa,Hypoedaleus,Thamnophilidae,3,Medio
3764,Hypoedaleus guttatus,Hypoedaleus guttatus,Sapajus nigritus,Alouatta guariba clamitans,Alouatta guariba clamitans,Hypoedaleus guttatus,Hypoedaleus guttatus,Amazona aestiva,Sapajus nigritus,Sapajus nigritus,Sapajus nigritus,Hypoedaleus guttatus,Hypoedaleus,Thamnophilidae,3,Medio
3765,Hypoedaleus guttatus,Hypoedaleus guttatus,Myiothlypis leucoblephara,Biatas nigropectus,Biatas nigropectus,Amazona aestiva,Hypoedaleus guttatus,Mackenziaena severa,Myiothlypis leucoblephara,Myiothlypis leucoblephara,Myiothlypis leucoblephara,Hypoedaleus guttatus,Hypoedaleus,Thamnophilidae,3,Medio
3767,Hypoedaleus guttatus,Hypoedaleus guttatus,Hypoedaleus guttatus,Hypoedaleus guttatus,Hypoedaleus guttatus,Hypoedaleus guttatus,Hypoedaleus guttatus,Hypoedaleus guttatus,Hypoedaleus guttatus,Hypoedaleus guttatus,Hypoedaleus guttatus,Hypoedaleus guttatus,Hypoedaleus,Thamnophilidae,3,Medio
3768,Hypoedaleus guttatus,Hypoedaleus guttatus,Pyriglena leucoptera,Biatas nigropectus,Biatas nigropectus,Hypoedaleus guttatus,Hypoedaleus guttatus,Tachyphonus coronatus,Pyriglena leucoptera,Pyriglena leucoptera,Pyriglena leucoptera,Hypoedaleus guttatus,Hypoedaleus,Thamnophilidae,3,Medio
3769,Hypoedaleus guttatus,Pyriglena leucoptera,Hypoedaleus guttatus,Hypoedaleus guttatus,Conopophaga lineata,Hypoedaleus guttatus,Hypoedaleus guttatus,Cyanoloxia brissonii,Hypoedaleus guttatus,Hypoedaleus guttatus,Hypoedaleus guttatus,Pyriglena leucoptera,Hypoedaleus,Thamnophilidae,3,Medio
3771,Hypoedaleus guttatus,Biatas nigropectus,Hypoedaleus guttatus,Biatas nigropectus,Biatas nigropectus,Hypoedaleus guttatus,Hypoedaleus guttatus,Hypoedaleus guttatus,Hypoedaleus guttatus,Hypoedaleus guttatus,Hypoedaleus guttatus,Biatas nigropectus,Hypoedaleus,Thamnophilidae,3,Medio
3772,Hypoedaleus guttatus,Hypoedaleus guttatus,Hypoedaleus guttatus,Hypoedaleus guttatus,Hypoedaleus guttatus,Hypoedaleus guttatus,Hypoedaleus guttatus,Hypoedaleus guttatus,Hypoedaleus guttatus,Hypoedaleus guttatus,Hypoedaleus guttatus,Hypoedaleus guttatus,Hypoedaleus,Thamnophilidae,3,Medio
3773,Hypoedaleus guttatus,Hypoedaleus guttatus,Hypoedaleus guttatus,Hypoedaleus guttatus,Hypoedaleus guttatus,Hypoedaleus guttatus,Hypoedaleus guttatus,Hypoedaleus guttatus,Hypoedaleus guttatus,Hypoedaleus guttatus,Hypoedaleus guttatus,Hypoedaleus guttatus,Hypoedaleus,Thamnophilidae,3,Medio
3774,Hypoedaleus guttatus,Hypoedaleus guttatus,Habia rubica,Biatas nigropectus,Biatas nigropectus,Hypoedaleus guttatus,Hypoedaleus guttatus,Hypoedaleus guttatus,Habia rubica,Habia rubica,Habia rubica,Hypoedaleus guttatus,Hypoedaleus,Thamnophilidae,3,Medio
3775,Hypoedaleus guttatus,Hypoedaleus guttatus,Hypoedaleus guttatus,Hypoedaleus guttatus,Hypoedaleus guttatus,Hypoedaleus guttatus,Hypoedaleus guttatus,Hypoedaleus guttatus,Hypoedaleus guttatus,Hypoedaleus guttatus,Hypoedaleus guttatus,Hypoedaleus guttatus,Hypoedaleus,Thamnophilidae,3,Medio
3776,Hypoedaleus guttatus,Hypoedaleus guttatus,Hypoedaleus guttatus,Biatas nigropectus,Hypoedaleus guttatus,Hypoedaleus guttatus,Hypoedaleus guttatus,Hypoedaleus guttatus,Hypoedaleus guttatus,Hypoedaleus guttatus,Hypoedaleus guttatus,Hypoedaleus guttatus,Hypoedaleus,Thamnophilidae,3,Medio
3777,Hypoedaleus guttatus,Notharchus swainsoni,Pogonotriccus eximius,Notharchus swainsoni,Notharchus swainsoni,Notharchus swainsoni,Notharchus swainsoni,Notharchus swainsoni,Pogonotriccus eximius,Pogonotriccus eximius,Pogonotriccus eximius,Notharchus swainsoni,Hypoedaleus,Thamnophilidae,3,Medio
3778,Hypoedaleus guttatus,Mackenziaena severa,Mackenziaena severa,Hypoedaleus guttatus,Cyanoloxia brissonii,Hypoedaleus guttatus,Hypoedaleus guttatus,Biatas nigropectus,Mackenziaena severa,Mackenziaena severa,Mackenziaena severa,Mackenziaena severa,Hypoedaleus,Thamnophilidae,3,Medio
3779,Hypoedaleus guttatus,Hypoedaleus guttatus,Pyriglena leucoptera,Hypoedaleus guttatus,Biatas nigropectus,Hypoedaleus guttatus,Hypoedaleus guttatus,Habia rubica,Pyriglena leucoptera,Pyriglena leucoptera,Pyriglena leucoptera,Hypoedaleus guttatus,Hypoedaleus,Thamnophilidae,3,Medio
3780,Hypoedaleus guttatus,Hypoedaleus guttatus,Hypoedaleus guttatus,Hypoedaleus guttatus,Hypoedaleus guttatus,Hypoedaleus guttatus,Hypoedaleus guttatus,Turdus albicollis,Hypoedaleus guttatus,Hypoedaleus guttatus,Hypoedaleus guttatus,Hypoedaleus guttatus,Hypoedaleus,Thamnophilidae,3,Medio
3781,Hypoedaleus guttatus,Hypoedaleus guttatus,Hypoedaleus guttatus,Baryphthengus ruficapillus,Hypoedaleus guttatus,Hypoedaleus guttatus,Hypoedaleus guttatus,Mackenziaena severa,Hypoedaleus guttatus,Hypoedaleus guttatus,Hypoedaleus guttatus,Hypoedaleus guttatus,Hypoedaleus,Thamnophilidae,3,Medio
3782,Hypoedaleus guttatus,Hypoedaleus guttatus,Biatas nigropectus,Biatas nigropectus,Biatas nigropectus,Hypoedaleus guttatus,Hypoedaleus guttatus,Biatas nigropectus,Biatas nigropectus,Biatas nigropectus,Biatas nigropectus,Hypoedaleus guttatus,Hypoedaleus,Thamnophilidae,3,Medio
3783,Hypoedaleus guttatus,Hypoedaleus guttatus,Notharchus swainsoni,Notharchus swainsoni,Notharchus swainsoni,Hypoedaleus guttatus,Hypoedaleus guttatus,Hypoedaleus guttatus,Notharchus swainsoni,Notharchus swainsoni,Notharchus swainsoni,Hypoedaleus guttatus,Hypoedaleus,Thamnophilidae,3,Medio
3784,Hypoedaleus guttatus,Hypoedaleus guttatus,Hypoedaleus guttatus,Hypoedaleus guttatus,Hypoedaleus guttatus,Hypoedaleus guttatus,Hypoedaleus guttatus,Hypoedaleus guttatus,Hypoedaleus guttatus,Hypoedaleus guttatus,Hypoedaleus guttatus,Hypoedaleus guttatus,Hypoedaleus,Thamnophilidae,3,Medio
3788,Hypoedaleus guttatus,Hypoedaleus guttatus,Myiothlypis leucoblephara,Myiothlypis leucoblephara,Baryphthengus ruficapillus,Hypoedaleus guttatus,Hypoedaleus guttatus,Hypoedaleus guttatus,Myiothlypis leucoblephara,Myiothlypis leucoblephara,Myiothlypis leucoblephara,Hypoedaleus guttatus,Hypoedaleus,Thamnophilidae,3,Medio
3789,Hypoedaleus guttatus,Mackenziaena severa,Mackenziaena severa,Baryphthengus ruficapillus,Baryphthengus ruficapillus,Hypoedaleus guttatus,Hypoedaleus guttatus,Biatas nigropectus,Mackenziaena severa,Mackenziaena severa,Mackenziaena severa,Mackenziaena severa,Hypoedaleus,Thamnophilidae,3,Medio
3790,Hypoedaleus guttatus,Manacus manacus,Hypoedaleus guttatus,Hypoedaleus guttatus,Hypoedaleus guttatus,Hypoedaleus guttatus,Hypoedaleus guttatus,Hypoedaleus guttatus,Hypoedaleus guttatus,Hypoedaleus guttatus,Hypoedaleus guttatus,Manacus manacus,Hypoedaleus,Thamnophilidae,3,Medio
3791,Hypoedaleus guttatus,Hypoedaleus guttatus,Biatas nigropectus,Biatas nigropectus,Biatas nigropectus,Hypoedaleus guttatus,Hypoedaleus guttatus,Cyanoloxia brissonii,Biatas nigropectus,Biatas nigropectus,Biatas nigropectus,Hypoedaleus guttatus,Hypoedaleus,Thamnophilidae,3,Medio
3792,Hypoedaleus guttatus,Hypoedaleus guttatus,Hypoedaleus guttatus,Hypoedaleus guttatus,Hypoedaleus guttatus,Hypoedaleus guttatus,Hypoedaleus guttatus,Hypoedaleus guttatus,Hypoedaleus guttatus,Hypoedaleus guttatus,Hypoedaleus guttatus,Hypoedaleus guttatus,Hypoedaleus,Thamnophilidae,3,Medio
3793,Hypoedaleus guttatus,Hypoedaleus guttatus,Hypoedaleus guttatus,Hypoedaleus guttatus,Hypoedaleus guttatus,Hypoedaleus guttatus,Hypoedaleus guttatus,Hypoedaleus guttatus,Hypoedaleus guttatus,Hypoedaleus guttatus,Hypoedaleus guttatus,Hypoedaleus guttatus,Hypoedaleus,Thamnophilidae,3,Medio
3795,Hypoedaleus guttatus,Hypoedaleus guttatus,Hypoedaleus guttatus,Cyanocorax chrysops,Notharchus swainsoni,Notharchus swainsoni,Hypoedaleus guttatus,Notharchus swainsoni,Hypoedaleus guttatus,Hypoedaleus guttatus,Hypoedaleus guttatus,Celeus galeatus,Hypoedaleus,Thamnophilidae,3,Medio
3796,Hypoedaleus guttatus,Mackenziaena severa,Mackenziaena leachii,Dasypus novemcinctus,Baryphthengus ruficapillus,Salvator merianae,Penelope superciliaris,Leopardus guttulus,Mackenziaena leachii,Mackenziaena leachii,Mackenziaena leachii,Mackenziaena severa,Hypoedaleus,Thamnophilidae,3,Medio
3797,Hypoedaleus guttatus,Nasua nasua,Nasua nasua,Nasua nasua,Nasua nasua,Nasua nasua,Nasua nasua,Nasua nasua,Nasua nasua,Nasua nasua,Nasua nasua,Nasua nasua,Hypoedaleus,Thamnophilidae,3,Medio
3799,Hypoedaleus guttatus,Hypoedaleus guttatus,Hypoedaleus guttatus,Hypoedaleus guttatus,Hypoedaleus guttatus,Hypoedaleus guttatus,Hypoedaleus guttatus,Hypoedaleus guttatus,Hypoedaleus guttatus,Hypoedaleus guttatus,Hypoedaleus guttatus,Hypoedaleus guttatus,Hypoedaleus,Thamnophilidae,3,Medio
3800,Hypoedaleus guttatus,Hypoedaleus guttatus,Hypoedaleus guttatus,Hypoedaleus guttatus,Hypoedaleus guttatus,Hypoedaleus guttatus,Hypoedaleus guttatus,Hypoedaleus guttatus,Hypoedaleus guttatus,Hypoedaleus guttatus,Hypoedaleus guttatus,Hypoedaleus guttatus,Hypoedaleus,Thamnophilidae,3,Medio
3801,Hypoedaleus guttatus,Hypoedaleus guttatus,Biatas nigropectus,Conopophaga lineata,Conopophaga lineata,Hypoedaleus guttatus,Hypoedaleus guttatus,Conopophaga lineata,Biatas nigropectus,Biatas nigropectus,Biatas nigropectus,Hypoedaleus guttatus,Hypoedaleus,Thamnophilidae,3,Medio
3803,Hypoedaleus guttatus,Galictis cuja,Herpailurus yagouaroundi,Leopardus guttulus,Leopardus guttulus,Leopardus guttulus,Galictis cuja,Nyctidromus albicollis,Herpailurus yagouaroundi,Herpailurus yagouaroundi,Herpailurus yagouaroundi,Galictis cuja,Hypoedaleus,Thamnophilidae,3,Medio
3804,Hypoedaleus guttatus,Conopophaga lineata,Hypoedaleus guttatus,Hypoedaleus guttatus,Hypoedaleus guttatus,Hypoedaleus guttatus,Hypoedaleus guttatus,Manacus manacus,Hypoedaleus guttatus,Hypoedaleus guttatus,Hypoedaleus guttatus,Conopophaga lineata,Hypoedaleus,Thamnophilidae,3,Medio
3805,Hypoedaleus guttatus,Hypoedaleus guttatus,Biatas nigropectus,Biatas nigropectus,Hypoedaleus guttatus,Hypoedaleus guttatus,Hypoedaleus guttatus,Hypoedaleus guttatus,Biatas nigropectus,Biatas nigropectus,Biatas nigropectus,Hypoedaleus guttatus,Hypoedaleus,Thamnophilidae,3,Medio
3808,Hypoedaleus guttatus,Biatas nigropectus,Tachyphonus coronatus,Cyanoloxia brissonii,Biatas nigropectus,Hypoedaleus guttatus,Tachyphonus coronatus,Mackenziaena leachii,Tachyphonus coronatus,Tachyphonus coronatus,Tachyphonus coronatus,Biatas nigropectus,Hypoedaleus,Thamnophilidae,3,Medio
3809,Hypoedaleus guttatus,Notharchus swainsoni,Pogonotriccus eximius,Pogonotriccus eximius,Notharchus swainsoni,Gubernetes yetapa,Notharchus swainsoni,Gubernetes yetapa,Pogonotriccus eximius,Pogonotriccus eximius,Pogonotriccus eximius,Notharchus swainsoni,Hypoedaleus,Thamnophilidae,3,Medio
3810,Hypoedaleus guttatus,Hypoedaleus guttatus,Habia rubica,Hypoedaleus guttatus,Hypoedaleus guttatus,Hypoedaleus guttatus,Hypoedaleus guttatus,Hypoedaleus guttatus,Habia rubica,Habia rubica,Habia rubica,Hypoedaleus guttatus,Hypoedaleus,Thamnophilidae,3,Medio
3811,Hypoedaleus guttatus,Mackenziaena severa,Hypoedaleus guttatus,Biatas nigropectus,Hypoedaleus guttatus,Hypoedaleus guttatus,Hypoedaleus guttatus,Mackenziaena severa,Hypoedaleus guttatus,Hypoedaleus guttatus,Hypoedaleus guttatus,Mackenziaena severa,Hypoedaleus,Thamnophilidae,3,Medio
3812,Hypoedaleus guttatus,Hypoedaleus guttatus,Hypoedaleus guttatus,Hypoedaleus guttatus,Hypoedaleus guttatus,Hypoedaleus guttatus,Hypoedaleus guttatus,Hypoedaleus guttatus,Hypoedaleus guttatus,Hypoedaleus guttatus,Hypoedaleus guttatus,Hypoedaleus guttatus,Hypoedaleus,Thamnophilidae,3,Medio
3813,Hypoedaleus guttatus,Hypoedaleus guttatus,Hypoedaleus guttatus,Hypoedaleus guttatus,Hypoedaleus guttatus,Hypoedaleus guttatus,Hypoedaleus guttatus,Hypoedaleus guttatus,Hypoedaleus guttatus,Hypoedaleus guttatus,Hypoedaleus guttatus,Hypoedaleus guttatus,Hypoedaleus,Thamnophilidae,3,Medio
3814,Hypoedaleus guttatus,Mackenziaena severa,Hypoedaleus guttatus,Conopophaga lineata,Conopophaga lineata,Hypoedaleus guttatus,Hypoedaleus guttatus,Mackenziaena severa,Hypoedaleus guttatus,Hypoedaleus guttatus,Hypoedaleus guttatus,Mackenziaena severa,Hypoedaleus,Thamnophilidae,3,Medio
3815,Hypoedaleus guttatus,Biatas nigropectus,Biatas nigropectus,Pyriglena leucoptera,Biatas nigropectus,Hypoedaleus guttatus,Hypoedaleus guttatus,Mackenziaena leachii,Biatas nigropectus,Biatas nigropectus,Biatas nigropectus,Biatas nigropectus,Hypoedaleus,Thamnophilidae,3,Medio
3818,Hypoedaleus guttatus,Hypoedaleus guttatus,Hypoedaleus guttatus,Hypoedaleus guttatus,Hypoedaleus guttatus,Hypoedaleus guttatus,Hypoedaleus guttatus,Hypoedaleus guttatus,Hypoedaleus guttatus,Hypoedaleus guttatus,Hypoedaleus guttatus,Hypoedaleus guttatus,Hypoedaleus,Thamnophilidae,3,Medio
3819,Hypoedaleus guttatus,Hypoedaleus guttatus,Hypoedaleus guttatus,Celeus galeatus,Hypoedaleus guttatus,Hypoedaleus guttatus,Hypoedaleus guttatus,Hypoedaleus guttatus,Hypoedaleus guttatus,Hypoedaleus guttatus,Hypoedaleus guttatus,Hypoedaleus guttatus,Hypoedaleus,Thamnophilidae,3,Medio
3820,Hypoedaleus guttatus,Hypoedaleus guttatus,Hypoedaleus guttatus,Hypoedaleus guttatus,Hypoedaleus guttatus,Hypoedaleus guttatus,Hypoedaleus guttatus,Hypoedaleus guttatus,Hypoedaleus guttatus,Hypoedaleus guttatus,Hypoedaleus guttatus,Hypoedaleus guttatus,Hypoedaleus,Thamnophilidae,3,Medio
3821,Hypoedaleus guttatus,Hypoedaleus guttatus,Hypoedaleus guttatus,Celeus galeatus,Celeus galeatus,Hypoedaleus guttatus,Hypoedaleus guttatus,Notharchus swainsoni,Hypoedaleus guttatus,Hypoedaleus guttatus,Hypoedaleus guttatus,Hypoedaleus guttatus,Hypoedaleus,Thamnophilidae,3,Medio
3823,Hypoedaleus guttatus,Nyctidromus albicollis,Hydropsalis torquata,Didelphis aurita,Didelphis aurita,Hydropsalis torquata,Hydropsalis torquata,Nyctidromus albicollis,Hydropsalis torquata,Hydropsalis torquata,Hydropsalis torquata,Nyctidromus albicollis,Hypoedaleus,Thamnophilidae,3,Medio
3824,Hypoedaleus guttatus,Tachyphonus coronatus,Didelphis aurita,Didelphis aurita,Conopophaga lineata,Tachyphonus coronatus,Tachyphonus coronatus,Didelphis aurita,Didelphis aurita,Didelphis aurita,Didelphis aurita,Tachyphonus coronatus,Hypoedaleus,Thamnophilidae,3,Medio
3825,Hypoedaleus guttatus,Hypoedaleus guttatus,Hypoedaleus guttatus,Habia rubica,Baryphthengus ruficapillus,Hypoedaleus guttatus,Hypoedaleus guttatus,Cyanoloxia brissonii,Hypoedaleus guttatus,Hypoedaleus guttatus,Hypoedaleus guttatus,Hypoedaleus guttatus,Hypoedaleus,Thamnophilidae,3,Medio
3826,Hypoedaleus guttatus,Hypoedaleus guttatus,Tachyphonus coronatus,Manacus manacus,Manacus manacus,Hypoedaleus guttatus,Hypoedaleus guttatus,Biatas nigropectus,Tachyphonus coronatus,Tachyphonus coronatus,Tachyphonus coronatus,Hypoedaleus guttatus,Hypoedaleus,Thamnophilidae,3,Medio
3827,Hypoedaleus guttatus,Hypoedaleus guttatus,Hypoedaleus guttatus,Habia rubica,Baryphthengus ruficapillus,Hypoedaleus guttatus,Hypoedaleus guttatus,Habia rubica,Hypoedaleus guttatus,Hypoedaleus guttatus,Hypoedaleus guttatus,Hypoedaleus guttatus,Hypoedaleus,Thamnophilidae,3,Medio
3829,Hypoedaleus guttatus,Hypoedaleus guttatus,Notharchus swainsoni,Notharchus swainsoni,Notharchus swainsoni,Hypoedaleus guttatus,Hypoedaleus guttatus,Hypoedaleus guttatus,Notharchus swainsoni,Notharchus swainsoni,Notharchus swainsoni,Hypoedaleus guttatus,Hypoedaleus,Thamnophilidae,3,Medio
3830,Hypoedaleus guttatus,Hypoedaleus guttatus,Hypoedaleus guttatus,Hypoedaleus guttatus,Hypoedaleus guttatus,Hypoedaleus guttatus,Hypoedaleus guttatus,Tachyphonus coronatus,Hypoedaleus guttatus,Hypoedaleus guttatus,Hypoedaleus guttatus,Hypoedaleus guttatus,Hypoedaleus,Thamnophilidae,3,Medio
3831,Mackenziaena leachii,Mackenziaena severa,Hypoedaleus guttatus,Hypoedaleus guttatus,Conopophaga lineata,Mackenziaena severa,Mackenziaena severa,Mackenziaena severa,Hypoedaleus guttatus,Hypoedaleus guttatus,Hypoedaleus guttatus,Mackenziaena severa,Mackenziaena,Thamnophilidae,3,Medio
3832,Mackenziaena leachii,Mackenziaena leachii,Mackenziaena leachii,Mackenziaena leachii,Mackenziaena leachii,Mackenziaena leachii,Cyanoloxia brissonii,Mackenziaena leachii,Mackenziaena leachii,Mackenziaena leachii,Mackenziaena leachii,Mackenziaena leachii,Mackenziaena,Thamnophilidae,3,Medio
3833,Mackenziaena leachii,Mackenziaena leachii,Mackenziaena leachii,Mackenziaena leachii,Mackenziaena leachii,Mackenziaena leachii,Cyanoloxia brissonii,Cyanoloxia brissonii,Mackenziaena leachii,Mackenziaena leachii,Mackenziaena leachii,Mackenziaena leachii,Mackenziaena,Thamnophilidae,3,Medio
3835,Mackenziaena leachii,Mackenziaena leachii,Mackenziaena leachii,Mackenziaena leachii,Mackenziaena leachii,Mackenziaena leachii,Cyanoloxia brissonii,Hypoedaleus guttatus,Mackenziaena leachii,Mackenziaena leachii,Mackenziaena leachii,Mackenziaena leachii,Mackenziaena,Thamnophilidae,3,Medio
3836,Mackenziaena leachii,Mackenziaena leachii,Tachyphonus coronatus,Mackenziaena leachii,Mackenziaena leachii,Mackenziaena leachii,Tachyphonus coronatus,Tachyphonus coronatus,Tachyphonus coronatus,Tachyphonus coronatus,Tachyphonus coronatus,Mackenziaena leachii,Mackenziaena,Thamnophilidae,3,Medio
3837,Mackenziaena leachii,Mackenziaena leachii,Tachyphonus coronatus,Grallaria varia,Grallaria varia,Mackenziaena leachii,Hypoedaleus guttatus,Tachyphonus coronatus,Tachyphonus coronatus,Tachyphonus coronatus,Tachyphonus coronatus,Mackenziaena leachii,Mackenziaena,Thamnophilidae,3,Medio
3838,Mackenziaena leachii,Mackenziaena leachii,Mackenziaena leachii,Mackenziaena leachii,Mackenziaena leachii,Mackenziaena leachii,Cyanoloxia brissonii,Sporophila pileata,Mackenziaena leachii,Mackenziaena leachii,Mackenziaena leachii,Mackenziaena leachii,Mackenziaena,Thamnophilidae,3,Medio
3839,Mackenziaena leachii,Mackenziaena leachii,Mackenziaena severa,Mackenziaena severa,Mackenziaena severa,Mackenziaena leachii,Cyanoloxia brissonii,Hydropsalis torquata,Mackenziaena severa,Mackenziaena severa,Mackenziaena severa,Mackenziaena leachii,Mackenziaena,Thamnophilidae,3,Medio
3840,Mackenziaena leachii,Mackenziaena leachii,Mackenziaena leachii,Mackenziaena leachii,Mackenziaena leachii,Mackenziaena leachii,Mackenziaena severa,Mackenziaena severa,Mackenziaena leachii,Mackenziaena leachii,Mackenziaena leachii,Mackenziaena leachii,Mackenziaena,Thamnophilidae,3,Medio
3841,Mackenziaena leachii,Mackenziaena leachii,Mackenziaena severa,Hypoedaleus guttatus,Celeus galeatus,Mackenziaena leachii,Hypoedaleus guttatus,Mackenziaena severa,Mackenziaena severa,Mackenziaena severa,Mackenziaena severa,Mackenziaena leachii,Mackenziaena,Thamnophilidae,3,Medio
3842,Mackenziaena leachii,Mackenziaena severa,Mackenziaena leachii,Mackenziaena severa,Mackenziaena leachii,Mackenziaena severa,Cyanoloxia brissonii,Pyriglena leucoptera,Mackenziaena leachii,Mackenziaena leachii,Mackenziaena leachii,Mackenziaena severa,Mackenziaena,Thamnophilidae,3,Medio
3843,Mackenziaena leachii,Mackenziaena leachii,Cyanoloxia brissonii,Cyanoloxia brissonii,Tachyphonus coronatus,Mackenziaena leachii,Tachyphonus coronatus,Mackenziaena severa,Cyanoloxia brissonii,Cyanoloxia brissonii,Cyanoloxia brissonii,Mackenziaena leachii,Mackenziaena,Thamnophilidae,3,Medio
3845,Mackenziaena leachii,Mackenziaena leachii,Mackenziaena severa,Hypoedaleus guttatus,Hypoedaleus guttatus,Mackenziaena leachii,Hypoedaleus guttatus,Mackenziaena severa,Mackenziaena severa,Mackenziaena severa,Mackenziaena severa,Mackenziaena leachii,Mackenziaena,Thamnophilidae,3,Medio
3846,Mackenziaena leachii,Mackenziaena severa,Cyanoloxia brissonii,Cyanoloxia brissonii,Cyanoloxia brissonii,Mackenziaena severa,Cyanoloxia brissonii,Mackenziaena severa,Cyanoloxia brissonii,Cyanoloxia brissonii,Cyanoloxia brissonii,Mackenziaena severa,Mackenziaena,Thamnophilidae,3,Medio
3847,Mackenziaena leachii,Penelope superciliaris,Pipile jacutinga,Alouatta guariba clamitans,Alouatta guariba,Pipile jacutinga,Pipile jacutinga,Pipile jacutinga,Pipile jacutinga,Pipile jacutinga,Pipile jacutinga,Penelope superciliaris,Mackenziaena,Thamnophilidae,3,Medio
3848,Mackenziaena leachii,Mackenziaena leachii,Mackenziaena severa,Hypoedaleus guttatus,Celeus galeatus,Mackenziaena leachii,Hypoedaleus guttatus,Pyriglena leucoptera,Mackenziaena severa,Mackenziaena severa,Mackenziaena severa,Mackenziaena leachii,Mackenziaena,Thamnophilidae,3,Medio
3849,Mackenziaena leachii,Mackenziaena leachii,Mackenziaena leachii,Mackenziaena leachii,Mackenziaena leachii,Mackenziaena leachii,Cyanoloxia brissonii,Mackenziaena leachii,Mackenziaena leachii,Mackenziaena leachii,Mackenziaena leachii,Mackenziaena leachii,Mackenziaena,Thamnophilidae,3,Medio
3850,Mackenziaena leachii,Mackenziaena severa,Hypoedaleus guttatus,Biatas nigropectus,Mackenziaena leachii,Mackenziaena severa,Hypoedaleus guttatus,Mackenziaena severa,Hypoedaleus guttatus,Hypoedaleus guttatus,Hypoedaleus guttatus,Mackenziaena severa,Mackenziaena,Thamnophilidae,3,Medio
3851,Mackenziaena leachii,Selenidera maculirostris,Selenidera maculirostris,Celeus galeatus,Alouatta guariba clamitans,Selenidera maculirostris,Selenidera maculirostris,Selenidera maculirostris,Selenidera maculirostris,Selenidera maculirostris,Selenidera maculirostris,Selenidera maculirostris,Mackenziaena,Thamnophilidae,3,Medio
3853,Mackenziaena leachii,Mackenziaena leachii,Mackenziaena severa,Cyanoloxia brissonii,Mackenziaena leachii,Mackenziaena leachii,Cyanoloxia brissonii,Mackenziaena severa,Mackenziaena severa,Mackenziaena severa,Mackenziaena severa,Mackenziaena leachii,Mackenziaena,Thamnophilidae,3,Medio
3854,Mackenziaena leachii,Mackenziaena leachii,Cyanoloxia brissonii,Cyanoloxia brissonii,Cyanoloxia brissonii,Mackenziaena leachii,Cyanoloxia brissonii,Mackenziaena leachii,Cyanoloxia brissonii,Cyanoloxia brissonii,Cyanoloxia brissonii,Mackenziaena leachii,Mackenziaena,Thamnophilidae,3,Medio
3855,Mackenziaena leachii,Mackenziaena leachii,Mackenziaena severa,Mackenziaena leachii,Pyriglena leucoptera,Mackenziaena leachii,Pyriglena leucoptera,Mackenziaena leachii,Mackenziaena severa,Mackenziaena severa,Mackenziaena severa,Mackenziaena leachii,Mackenziaena,Thamnophilidae,3,Medio
3856,Mackenziaena leachii,Mackenziaena leachii,Pyriglena leucoptera,Mackenziaena severa,Mackenziaena leachii,Mackenziaena severa,Hypoedaleus guttatus,Mackenziaena severa,Pyriglena leucoptera,Pyriglena leucoptera,Pyriglena leucoptera,Mackenziaena leachii,Mackenziaena,Thamnophilidae,3,Medio
3857,Mackenziaena leachii,Mackenziaena severa,Mackenziaena severa,Hypoedaleus guttatus,Mackenziaena severa,Mackenziaena severa,Cyanoloxia brissonii,Mackenziaena leachii,Mackenziaena severa,Mackenziaena severa,Mackenziaena severa,Mackenziaena severa,Mackenziaena,Thamnophilidae,3,Medio
3858,Mackenziaena leachii,Mackenziaena leachii,Mackenziaena leachii,Mackenziaena leachii,Mackenziaena leachii,Mackenziaena leachii,Hypoedaleus guttatus,Hypoedaleus guttatus,Mackenziaena leachii,Mackenziaena leachii,Mackenziaena leachii,Mackenziaena leachii,Mackenziaena,Thamnophilidae,3,Medio
3859,Mackenziaena leachii,Hypoedaleus guttatus,Conopophaga lineata,Biatas nigropectus,Biatas nigropectus,Mackenziaena severa,Hypoedaleus guttatus,Mackenziaena severa,Conopophaga lineata,Conopophaga lineata,Conopophaga lineata,Hypoedaleus guttatus,Mackenziaena,Thamnophilidae,3,Medio
3863,Mackenziaena leachii,Mackenziaena leachii,Mackenziaena leachii,Mackenziaena leachii,Mackenziaena leachii,Mackenziaena leachii,Hypoedaleus guttatus,Mackenziaena leachii,Mackenziaena leachii,Mackenziaena leachii,Mackenziaena leachii,Mackenziaena leachii,Mackenziaena,Thamnophilidae,3,Medio
3864,Mackenziaena leachii,Mackenziaena leachii,Mackenziaena leachii,Mackenziaena leachii,Mackenziaena leachii,Mackenziaena leachii,Cyanocorax chrysops,Cyanocorax chrysops,Mackenziaena leachii,Mackenziaena leachii,Mackenziaena leachii,Mackenziaena leachii,Mackenziaena,Thamnophilidae,3,Medio
3865,Mackenziaena leachii,Mackenziaena leachii,Penelope superciliaris,Celeus galeatus,Celeus galeatus,Mackenziaena leachii,Hypoedaleus guttatus,Tachyphonus coronatus,Penelope superciliaris,Penelope superciliaris,Penelope superciliaris,Mackenziaena leachii,Mackenziaena,Thamnophilidae,3,Medio
3867,Mackenziaena leachii,Mackenziaena severa,Mackenziaena leachii,Cyanoloxia brissonii,Mackenziaena severa,Mackenziaena leachii,Cyanoloxia brissonii,Cyanoloxia brissonii,Mackenziaena leachii,Mackenziaena leachii,Mackenziaena leachii,Mackenziaena severa,Mackenziaena,Thamnophilidae,3,Medio
3868,Mackenziaena leachii,Penelope superciliaris,Dasyprocta azarae,Dasyprocta azarae,Dasyprocta azarae,Mackenziaena leachii,Dasyprocta azarae,Salvator merianae,Dasyprocta azarae,Dasyprocta azarae,Dasyprocta azarae,Crax fasciolata,Mackenziaena,Thamnophilidae,3,Medio
3869,Mackenziaena severa,Mackenziaena severa,Mackenziaena severa,Hypoedaleus guttatus,Mackenziaena severa,Mackenziaena severa,Cyanoloxia brissonii,Mackenziaena severa,Mackenziaena severa,Mackenziaena severa,Mackenziaena severa,Mackenziaena severa,Mackenziaena,Thamnophilidae,3,Medio
3870,Mackenziaena severa,Mackenziaena severa,Pyriglena leucoptera,Biatas nigropectus,Mackenziaena severa,Mackenziaena severa,Mackenziaena severa,Mackenziaena severa,Pyriglena leucoptera,Pyriglena leucoptera,Pyriglena leucoptera,Mackenziaena severa,Mackenziaena,Thamnophilidae,3,Medio
3871,Mackenziaena severa,Mackenziaena severa,Mackenziaena severa,Brotogeris chiriri,Brotogeris chiriri,Mackenziaena severa,Cyanoloxia brissonii,Sapajus nigritus,Mackenziaena severa,Mackenziaena severa,Mackenziaena severa,Mackenziaena severa,Mackenziaena,Thamnophilidae,3,Medio
3873,Mackenziaena severa,Turdus albicollis,Biatas nigropectus,Biatas nigropectus,Pogonotriccus eximius,Turdus albicollis,Turdus albicollis,Habia rubica,Biatas nigropectus,Biatas nigropectus,Biatas nigropectus,Turdus albicollis,Mackenziaena,Thamnophilidae,3,Medio
3874,Mackenziaena severa,Mackenziaena severa,Mackenziaena severa,Mackenziaena severa,Mackenziaena severa,Mackenziaena severa,Mackenziaena severa,Mackenziaena severa,Mackenziaena severa,Mackenziaena severa,Mackenziaena severa,Mackenziaena severa,Mackenziaena,Thamnophilidae,3,Medio
3875,Mackenziaena severa,Mackenziaena severa,Pyriglena leucoptera,Biatas nigropectus,Biatas nigropectus,Mackenziaena severa,Mackenziaena severa,Biatas nigropectus,Pyriglena leucoptera,Pyriglena leucoptera,Pyriglena leucoptera,Biatas nigropectus,Mackenziaena,Thamnophilidae,3,Medio
3876,Mackenziaena severa,Pyriglena leucoptera,Baryphthengus ruficapillus,Baryphthengus ruficapillus,Baryphthengus ruficapillus,Baryphthengus ruficapillus,Baryphthengus ruficapillus,Amazona vinacea,Baryphthengus ruficapillus,Baryphthengus ruficapillus,Baryphthengus ruficapillus,Pyriglena leucoptera,Mackenziaena,Thamnophilidae,3,Medio
3877,Mackenziaena severa,Odontophorus capueira capueira,Celeus galeatus,Celeus galeatus,Celeus galeatus,Odontophorus capueira capueira,Odontophorus capueira,Cyanoloxia brissonii,Celeus galeatus,Celeus galeatus,Celeus galeatus,Odontophorus capueira capueira,Mackenziaena,Thamnophilidae,3,Medio
3878,Mackenziaena severa,Mackenziaena severa,Mackenziaena severa,Cyanoloxia brissonii,Conopophaga lineata vulgaris,Mackenziaena severa,Pyriglena leucoptera,Mackenziaena severa,Mackenziaena severa,Mackenziaena severa,Mackenziaena severa,Mackenziaena severa,Mackenziaena,Thamnophilidae,3,Medio
3879,Mackenziaena severa,Mackenziaena severa,Pyriglena leucoptera,Pyriglena leucoptera,Pyriglena leucoptera,Penelope superciliaris,Pyriglena leucoptera,Cyanocorax chrysops,Pyriglena leucoptera,Pyriglena leucoptera,Pyriglena leucoptera,Mackenziaena severa,Mackenziaena,Thamnophilidae,3,Medio
3881,Mackenziaena severa,Mackenziaena severa,Selenidera maculirostris,Mackenziaena severa,Mackenziaena severa,Mackenziaena severa,Tachyphonus coronatus,Cyanoloxia brissonii,Selenidera maculirostris,Selenidera maculirostris,Selenidera maculirostris,Mackenziaena severa,Mackenziaena,Thamnophilidae,3,Medio
3882,Mackenziaena severa,Mackenziaena severa,Mackenziaena severa,Biatas nigropectus,Biatas nigropectus,Mackenziaena severa,Cyanoloxia brissonii,Mackenziaena severa,Mackenziaena severa,Mackenziaena severa,Mackenziaena severa,Mackenziaena severa,Mackenziaena,Thamnophilidae,3,Medio
3883,Mackenziaena severa,Pyriglena leucoptera,Synallaxis ruficapilla,Habia rubica,Habia rubica,Manacus manacus,Habia rubica,Biatas nigropectus,Synallaxis ruficapilla,Synallaxis ruficapilla,Synallaxis ruficapilla,Conopophaga lineata vulgaris,Mackenziaena,Thamnophilidae,3,Medio
3886,Mackenziaena severa,Hypoedaleus guttatus,Mackenziaena severa,Mackenziaena severa,Mackenziaena severa,Mackenziaena severa,Hypoedaleus guttatus,Cyanoloxia brissonii,Mackenziaena severa,Mackenziaena severa,Mackenziaena severa,Hypoedaleus guttatus,Mackenziaena,Thamnophilidae,3,Medio
3887,Mackenziaena severa,Biatas nigropectus,Biatas nigropectus,Biatas nigropectus,Biatas nigropectus,Mackenziaena severa,Mackenziaena severa,Mackenziaena severa,Biatas nigropectus,Biatas nigropectus,Biatas nigropectus,Biatas nigropectus,Mackenziaena,Thamnophilidae,3,Medio
3888,Mackenziaena severa,Mackenziaena severa,Conopophaga lineata,Conopophaga lineata,Conopophaga lineata,Mackenziaena severa,Hypoedaleus guttatus,Pyriglena leucoptera,Conopophaga lineata,Conopophaga lineata,Conopophaga lineata,Mackenziaena severa,Mackenziaena,Thamnophilidae,3,Medio
3889,Mackenziaena severa,Didelphis aurita,Synallaxis ruficapilla,Didelphis aurita,Dasyprocta azarae,Celeus galeatus,Hydropsalis torquata,Hydropsalis torquata,Synallaxis ruficapilla,Synallaxis ruficapilla,Synallaxis ruficapilla,Didelphis aurita,Mackenziaena,Thamnophilidae,3,Medio
3890,Mackenziaena severa,Mackenziaena severa,Manacus manacus,Mackenziaena severa,Mackenziaena severa,Mackenziaena leachii,Cyanoloxia brissonii,Cyanoloxia brissonii,Manacus manacus,Manacus manacus,Manacus manacus,Mackenziaena severa,Mackenziaena,Thamnophilidae,3,Medio
3891,Mackenziaena severa,Mackenziaena leachii,Mackenziaena severa,Habia rubica,Mackenziaena leachii,Mackenziaena leachii,Mackenziaena severa,Pyriglena leucoptera,Mackenziaena severa,Mackenziaena severa,Mackenziaena severa,Mackenziaena leachii,Mackenziaena,Thamnophilidae,3,Medio
3892,Mackenziaena severa,Mackenziaena severa,Hypoedaleus guttatus,Habia rubica,Mackenziaena severa,Mackenziaena severa,Hypoedaleus guttatus,Mackenziaena severa,Hypoedaleus guttatus,Hypoedaleus guttatus,Hypoedaleus guttatus,Mackenziaena severa,Mackenziaena,Thamnophilidae,3,Medio
3893,Mackenziaena severa,Selenidera maculirostris,Conopophaga lineata,Conopophaga lineata,Conopophaga lineata,Selenidera maculirostris,Selenidera maculirostris,Penelope superciliaris,Conopophaga lineata,Conopophaga lineata,Conopophaga lineata,Selenidera maculirostris,Mackenziaena,Thamnophilidae,3,Medio
3894,Mackenziaena severa,Turdus albicollis,Pyriglena leucoptera,Habia rubica,Habia rubica,Manacus manacus,Habia rubica,Manacus manacus,Pyriglena leucoptera,Pyriglena leucoptera,Pyriglena leucoptera,Turdus albicollis,Mackenziaena,Thamnophilidae,3,Medio
3895,Mackenziaena severa,Pyriglena leucoptera,Pyriglena leucoptera,Mackenziaena severa,Mackenziaena severa,Mackenziaena severa,Pyriglena leucoptera,Cyanoloxia brissonii,Pyriglena leucoptera,Pyriglena leucoptera,Pyriglena leucoptera,Pyriglena leucoptera,Mackenziaena,Thamnophilidae,3,Medio
3896,Mackenziaena severa,Odontophorus capueira,Grallaria varia,Grallaria varia,Odontophorus capueira,Mackenziaena severa,Odontophorus capueira,Odontophorus capueira capueira,Grallaria varia,Grallaria varia,Grallaria varia,Odontophorus capueira capueira,Mackenziaena,Thamnophilidae,3,Medio
3897,Mackenziaena severa,Cyanoloxia brissonii,Pyriglena leucoptera,Mackenziaena leachii,Pyriglena leucoptera,Cyanoloxia brissonii,Cyanoloxia brissonii,Cyanoloxia brissonii,Pyriglena leucoptera,Pyriglena leucoptera,Pyriglena leucoptera,Cyanoloxia brissonii,Mackenziaena,Thamnophilidae,3,Medio
3899,Mackenziaena severa,Mackenziaena severa,Pyriglena leucoptera,Pyriglena leucoptera,Pyriglena leucoptera,Mackenziaena severa,Pyriglena leucoptera,Cyanoloxia brissonii,Pyriglena leucoptera,Pyriglena leucoptera,Pyriglena leucoptera,Mackenziaena severa,Mackenziaena,Thamnophilidae,3,Medio
3900,Mackenziaena severa,Mackenziaena severa,Mackenziaena severa,Mackenziaena severa,Mackenziaena severa,Mackenziaena severa,Hypoedaleus guttatus,Mackenziaena severa,Mackenziaena severa,Mackenziaena severa,Mackenziaena severa,Mackenziaena severa,Mackenziaena,Thamnophilidae,3,Medio
3901,Mackenziaena severa,Mackenziaena severa,Mackenziaena severa,Conopophaga lineata vulgaris,Conopophaga lineata vulgaris,Mackenziaena severa,Cyanoloxia brissonii,Mackenziaena severa,Mackenziaena severa,Mackenziaena severa,Mackenziaena severa,Mackenziaena severa,Mackenziaena,Thamnophilidae,3,Medio
3902,Mackenziaena severa,Mackenziaena severa,Mackenziaena severa,Mackenziaena severa,Mackenziaena severa,Mackenziaena severa,Cyanoloxia brissonii,Mackenziaena severa,Mackenziaena severa,Mackenziaena severa,Mackenziaena severa,Mackenziaena severa,Mackenziaena,Thamnophilidae,3,Medio
3903,Mackenziaena severa,Mackenziaena severa,Mackenziaena severa,Mackenziaena severa,Mackenziaena severa,Mackenziaena severa,Mackenziaena severa,Mackenziaena severa,Mackenziaena severa,Mackenziaena severa,Mackenziaena severa,Mackenziaena severa,Mackenziaena,Thamnophilidae,3,Medio
3904,Mackenziaena severa,Hypoedaleus guttatus,Penelope superciliaris,Penelope superciliaris,Baryphthengus ruficapillus,Hypoedaleus guttatus,Hypoedaleus guttatus,Hypoedaleus guttatus,Penelope superciliaris,Penelope superciliaris,Penelope superciliaris,Hypoedaleus guttatus,Mackenziaena,Thamnophilidae,3,Medio
3908,Mackenziaena severa,Mackenziaena severa,Mackenziaena severa,Brotogeris chiriri,Brotogeris chiriri,Mackenziaena severa,Mackenziaena severa,Mackenziaena severa,Mackenziaena severa,Mackenziaena severa,Mackenziaena severa,Mackenziaena severa,Mackenziaena,Thamnophilidae,3,Medio
3909,Mackenziaena severa,Mackenziaena severa,Celeus galeatus,Mackenziaena severa,Mackenziaena severa,Mackenziaena severa,Mackenziaena severa,Pyriglena leucoptera,Celeus galeatus,Celeus galeatus,Celeus galeatus,Mackenziaena severa,Mackenziaena,Thamnophilidae,3,Medio
3911,Mackenziaena severa,Mackenziaena severa,Mackenziaena severa,Mackenziaena severa,Hypoedaleus guttatus,Mackenziaena severa,Hypoedaleus guttatus,Mackenziaena severa,Mackenziaena severa,Mackenziaena severa,Mackenziaena severa,Mackenziaena severa,Mackenziaena,Thamnophilidae,3,Medio
3912,Mackenziaena severa,Mackenziaena severa,Habia rubica,Habia rubica,Habia rubica,Mackenziaena severa,Mackenziaena severa,Myiothlypis leucoblephara,Habia rubica,Habia rubica,Habia rubica,Mackenziaena severa,Mackenziaena,Thamnophilidae,3,Medio
3913,Mackenziaena severa,Manacus manacus,Habia rubica,Habia rubica,Mackenziaena severa,Manacus manacus,Manacus manacus,Cyanoloxia brissonii,Habia rubica,Habia rubica,Habia rubica,Manacus manacus,Mackenziaena,Thamnophilidae,3,Medio
3914,Mackenziaena severa,Mackenziaena severa,Pyriglena leucoptera,Pyriglena leucoptera,Mackenziaena severa,Mackenziaena severa,Mackenziaena severa,Mackenziaena severa,Pyriglena leucoptera,Pyriglena leucoptera,Pyriglena leucoptera,Mackenziaena severa,Mackenziaena,Thamnophilidae,3,Medio
3915,Mackenziaena severa,Cyanoloxia brissonii,Cyanoloxia brissonii,Mackenziaena severa,Mackenziaena severa,Cyanoloxia brissonii,Cyanoloxia brissonii,Cyanoloxia brissonii,Cyanoloxia brissonii,Cyanoloxia brissonii,Cyanoloxia brissonii,Cyanoloxia brissonii,Mackenziaena,Thamnophilidae,3,Medio
3916,Mackenziaena severa,Mackenziaena severa,Mackenziaena severa,Mackenziaena severa,Mackenziaena severa,Mackenziaena severa,Cyanoloxia brissonii,Cyanoloxia brissonii,Mackenziaena severa,Mackenziaena severa,Mackenziaena severa,Mackenziaena severa,Mackenziaena,Thamnophilidae,3,Medio
3917,Mackenziaena severa,Mackenziaena severa,Cyanoloxia brissonii,Cyanoloxia brissonii,Mackenziaena severa,Mackenziaena severa,Habia rubica,Cyanoloxia brissonii,Cyanoloxia brissonii,Cyanoloxia brissonii,Cyanoloxia brissonii,Mackenziaena severa,Mackenziaena,Thamnophilidae,3,Medio
3918,Mackenziaena severa,Pyriglena leucoptera,Pyriglena leucoptera,Cyanoloxia brissonii,Mackenziaena severa,Pyriglena leucoptera,Cyanoloxia brissonii,Cyanoloxia brissonii,Pyriglena leucoptera,Pyriglena leucoptera,Pyriglena leucoptera,Pyriglena leucoptera,Mackenziaena,Thamnophilidae,3,Medio
3919,Mackenziaena severa,Mackenziaena severa,Turdus albicollis,Mackenziaena severa,Mackenziaena severa,Mackenziaena severa,Cyanoloxia brissonii,Pyriglena leucoptera,Turdus albicollis,Turdus albicollis,Turdus albicollis,Mackenziaena severa,Mackenziaena,Thamnophilidae,3,Medio
3920,Mackenziaena severa,Mackenziaena severa,Cyanoloxia brissonii,Cyanoloxia brissonii,Cyanoloxia brissonii,Cyanoloxia brissonii,Penelope superciliaris,Cyanoloxia brissonii,Cyanoloxia brissonii,Cyanoloxia brissonii,Cyanoloxia brissonii,Mackenziaena severa,Mackenziaena,Thamnophilidae,3,Medio
3921,Mackenziaena severa,Penelope superciliaris,Mackenziaena leachii,Mackenziaena leachii,Baryphthengus ruficapillus,Penelope superciliaris,Penelope superciliaris,Cyanoloxia brissonii,Mackenziaena leachii,Mackenziaena leachii,Mackenziaena leachii,Penelope superciliaris,Mackenziaena,Thamnophilidae,3,Medio
3923,Mackenziaena severa,Mackenziaena severa,Mackenziaena severa,Brotogeris chiriri,Biatas nigropectus,Mackenziaena severa,Mackenziaena severa,Mackenziaena severa,Mackenziaena severa,Mackenziaena severa,Mackenziaena severa,Mackenziaena severa,Mackenziaena,Thamnophilidae,3,Medio
3925,Mackenziaena severa,Manacus manacus,Pyriglena leucoptera,Mackenziaena severa,Celeus galeatus,Mackenziaena severa,Turdus albicollis,Cyanocorax chrysops,Pyriglena leucoptera,Pyriglena leucoptera,Pyriglena leucoptera,Manacus manacus,Mackenziaena,Thamnophilidae,3,Medio
3926,Pyriglena leucoptera,Pyriglena leucoptera,Pyriglena leucoptera,Mackenziaena severa,Cyanoloxia brissonii,Tachyphonus coronatus,Pyriglena leucoptera,Tachyphonus coronatus,Pyriglena leucoptera,Pyriglena leucoptera,Pyriglena leucoptera,Pyriglena leucoptera,Pyriglena,Thamnophilidae,3,Medio
3927,Pyriglena leucoptera,Pyriglena leucoptera,Pyriglena leucoptera,Pyriglena leucoptera,Pyriglena leucoptera,Pyriglena leucoptera,Pyriglena leucoptera,Pyriglena leucoptera,Pyriglena leucoptera,Pyriglena leucoptera,Pyriglena leucoptera,Pyriglena leucoptera,Pyriglena,Thamnophilidae,3,Medio
3929,Pyriglena leucoptera,Pyriglena leucoptera,Pyriglena leucoptera,Pyriglena leucoptera,Pyriglena leucoptera,Pyriglena leucoptera,Pyriglena leucoptera,Pyriglena leucoptera,Pyriglena leucoptera,Pyriglena leucoptera,Pyriglena leucoptera,Pyriglena leucoptera,Pyriglena,Thamnophilidae,3,Medio
3930,Pyriglena leucoptera,Cyanoloxia brissonii,Pyriglena leucoptera,Cyanoloxia brissonii,Pyriglena leucoptera,Cyanocorax chrysops,Cyanocorax chrysops,Cyanocorax chrysops,Pyriglena leucoptera,Pyriglena leucoptera,Pyriglena leucoptera,Cyanoloxia brissonii,Pyriglena,Thamnophilidae,3,Medio
3931,Pyriglena leucoptera,Mackenziaena severa,Mackenziaena severa,Mackenziaena severa,Cyanoloxia brissonii,Mackenziaena severa,Pyriglena leucoptera,Mackenziaena severa,Mackenziaena severa,Mackenziaena severa,Mackenziaena severa,Mackenziaena severa,Pyriglena,Thamnophilidae,3,Medio
3932,Pyriglena leucoptera,Pyriglena leucoptera,Pyriglena leucoptera,Mackenziaena severa,Mackenziaena severa,Pyriglena leucoptera,Cyanoloxia brissonii,Habia rubica,Pyriglena leucoptera,Pyriglena leucoptera,Pyriglena leucoptera,Pyriglena leucoptera,Pyriglena,Thamnophilidae,3,Medio
3933,Pyriglena leucoptera,Conopophaga lineata,Habia rubica,Habia rubica,Habia rubica,Synallaxis ruficapilla,Conopophaga lineata,Conopophaga lineata,Habia rubica,Habia rubica,Habia rubica,Synallaxis ruficapilla,Pyriglena,Thamnophilidae,3,Medio
3936,Pyriglena leucoptera,Mackenziaena severa,Pyriglena leucoptera,Cyanoloxia brissonii,Cyanoloxia brissonii,Mackenziaena severa,Habia rubica,Biatas nigropectus,Pyriglena leucoptera,Pyriglena leucoptera,Pyriglena leucoptera,Mackenziaena severa,Pyriglena,Thamnophilidae,3,Medio
3937,Pyriglena leucoptera,Synallaxis ruficapilla,Aramides saracura,Aramides saracura,Aramides saracura,Synallaxis ruficapilla,Pyriglena leucoptera,Leptotila rufaxilla,Aramides saracura,Aramides saracura,Aramides saracura,Mackenziaena severa,Pyriglena,Thamnophilidae,3,Medio
3938,Pyriglena leucoptera,Pyriglena leucoptera,Habia rubica,Baryphthengus ruficapillus,Habia rubica,Pyriglena leucoptera,Habia rubica,Pyriglena leucoptera,Habia rubica,Habia rubica,Habia rubica,Pyriglena leucoptera,Pyriglena,Thamnophilidae,3,Medio
3939,Pyriglena leucoptera,Mackenziaena severa,Penelope superciliaris,Mackenziaena leachii,Baryphthengus ruficapillus,Habia rubica,Turdus albicollis,Leptotila verreauxi,Penelope superciliaris,Penelope superciliaris,Penelope superciliaris,Mackenziaena severa,Pyriglena,Thamnophilidae,3,Medio
3940,Pyriglena leucoptera,Pyriglena leucoptera,Pyriglena leucoptera,Pyriglena leucoptera,Pyriglena leucoptera,Pyriglena leucoptera,Pyriglena leucoptera,Habia rubica,Pyriglena leucoptera,Pyriglena leucoptera,Pyriglena leucoptera,Pyriglena leucoptera,Pyriglena,Thamnophilidae,3,Medio
3941,Pyriglena leucoptera,Manacus manacus,Pyriglena leucoptera,Cyanoloxia brissonii,Pyriglena leucoptera,Tachyphonus coronatus,Manacus manacus,Manacus manacus,Pyriglena leucoptera,Pyriglena leucoptera,Pyriglena leucoptera,Manacus manacus,Pyriglena,Thamnophilidae,3,Medio
3942,Pyriglena leucoptera,Pyriglena leucoptera,Pyriglena leucoptera,Pyriglena leucoptera,Pyriglena leucoptera,Pyriglena leucoptera,Pyriglena leucoptera,Pyriglena leucoptera,Pyriglena leucoptera,Pyriglena leucoptera,Pyriglena leucoptera,Pyriglena leucoptera,Pyriglena,Thamnophilidae,3,Medio
3943,Pyriglena leucoptera,Pyriglena leucoptera,Mackenziaena severa,Pyriglena leucoptera,Pyriglena leucoptera,Pyriglena leucoptera,Habia rubica,Mackenziaena severa,Mackenziaena severa,Mackenziaena severa,Mackenziaena severa,Pyriglena leucoptera,Pyriglena,Thamnophilidae,3,Medio
3944,Pyriglena leucoptera,Tachyphonus coronatus,Tachyphonus coronatus,Tachyphonus coronatus,Tachyphonus coronatus,Tachyphonus coronatus,Tachyphonus coronatus,Mackenziaena severa,Tachyphonus coronatus,Tachyphonus coronatus,Tachyphonus coronatus,Tachyphonus coronatus,Pyriglena,Thamnophilidae,3,Medio
3945,Pyriglena leucoptera,Sporophila pileata,Mackenziaena severa,Lontra longicaudis,Lontra longicaudis,Sporophila pileata,Sporophila pileata,Sporophila pileata,Mackenziaena severa,Mackenziaena severa,Mackenziaena severa,Sporophila pileata,Pyriglena,Thamnophilidae,3,Medio
3946,Pyriglena leucoptera,Mackenziaena severa,Geotrygon montana,Geotrygon montana,Chamaeza campanisona,Manacus manacus,Mackenziaena severa,Myiothlypis leucoblephara,Geotrygon montana,Geotrygon montana,Geotrygon montana,Mackenziaena severa,Pyriglena,Thamnophilidae,3,Medio
3947,Pyriglena leucoptera,Conopophaga lineata,Synallaxis ruficapilla,Synallaxis ruficapilla,Synallaxis ruficapilla,Conopophaga lineata,Habia rubica,Synallaxis ruficapilla,Synallaxis ruficapilla,Synallaxis ruficapilla,Synallaxis ruficapilla,Conopophaga lineata,Pyriglena,Thamnophilidae,3,Medio
3948,Pyriglena leucoptera,Conopophaga lineata,Habia rubica,Habia rubica,Pyriglena leucoptera,Pyriglena leucoptera,Conopophaga lineata,Pyriglena leucoptera,Habia rubica,Habia rubica,Habia rubica,Conopophaga lineata,Pyriglena,Thamnophilidae,3,Medio
3949,Pyriglena leucoptera,Habia rubica,Synallaxis ruficapilla,Habia rubica,Conopophaga lineata,Habia rubica,Habia rubica,Conopophaga lineata,Synallaxis ruficapilla,Synallaxis ruficapilla,Synallaxis ruficapilla,Habia rubica,Pyriglena,Thamnophilidae,3,Medio
3951,Pyriglena leucoptera,Mackenziaena severa,Mackenziaena severa,Mackenziaena leachii,Baryphthengus ruficapillus,Mackenziaena severa,Pyriglena leucoptera,Mackenziaena severa,Mackenziaena severa,Mackenziaena severa,Mackenziaena severa,Mackenziaena severa,Pyriglena,Thamnophilidae,3,Medio
3952,Pyriglena leucoptera,Tachyphonus coronatus,Synallaxis ruficapilla,Cyanoloxia brissonii,Cyanoloxia brissonii,Cyanoloxia brissonii,Cyanoloxia brissonii,Leptotila rufaxilla,Synallaxis ruficapilla,Synallaxis ruficapilla,Synallaxis ruficapilla,Tachyphonus coronatus,Pyriglena,Thamnophilidae,3,Medio
3953,Pyriglena leucoptera,Mackenziaena severa,Cyanoloxia brissonii,Biatas nigropectus,Biatas nigropectus,Tachyphonus coronatus,Cyanoloxia brissonii,Baryphthengus ruficapillus,Cyanoloxia brissonii,Cyanoloxia brissonii,Cyanoloxia brissonii,Tachyphonus coronatus,Pyriglena,Thamnophilidae,3,Medio
3954,Pyriglena leucoptera,Pyriglena leucoptera,Pyriglena leucoptera,Pyriglena leucoptera,Pyriglena leucoptera,Pyriglena leucoptera,Manacus manacus,Pyriglena leucoptera,Pyriglena leucoptera,Pyriglena leucoptera,Pyriglena leucoptera,Pyriglena leucoptera,Pyriglena,Thamnophilidae,3,Medio
3955,Pyriglena leucoptera,Tachyphonus coronatus,Cyanoloxia brissonii,Biatas nigropectus,Biatas nigropectus,Tachyphonus coronatus,Tachyphonus coronatus,Cyanoloxia brissonii,Cyanoloxia brissonii,Cyanoloxia brissonii,Cyanoloxia brissonii,Tachyphonus coronatus,Pyriglena,Thamnophilidae,3,Medio
3958,Pyriglena leucoptera,Pyriglena leucoptera,Pyriglena leucoptera,Pyriglena leucoptera,Mackenziaena severa,Pyriglena leucoptera,Manacus manacus,Pyriglena leucoptera,Pyriglena leucoptera,Pyriglena leucoptera,Pyriglena leucoptera,Pyriglena leucoptera,Pyriglena,Thamnophilidae,3,Medio
3959,Pyriglena leucoptera,Tachyphonus coronatus,Tachyphonus coronatus,Mackenziaena leachii,Mackenziaena leachii,Cyanoloxia brissonii,Cyanoloxia brissonii,Cyanoloxia brissonii,Tachyphonus coronatus,Tachyphonus coronatus,Tachyphonus coronatus,Tachyphonus coronatus,Pyriglena,Thamnophilidae,3,Medio
3960,Pyriglena leucoptera,Pyriglena leucoptera,Pyriglena leucoptera,Cyanoloxia brissonii,Mackenziaena severa,Mackenziaena severa,Manacus manacus,Pyriglena leucoptera,Pyriglena leucoptera,Pyriglena leucoptera,Pyriglena leucoptera,Pyriglena leucoptera,Pyriglena,Thamnophilidae,3,Medio
3961,Pyriglena leucoptera,Pyriglena leucoptera,Cyanocorax chrysops,Cyanocorax chrysops,Cyanocorax chrysops,Pyriglena leucoptera,Cyanocorax chrysops,Cyanocorax chrysops,Cyanocorax chrysops,Cyanocorax chrysops,Cyanocorax chrysops,Pyriglena leucoptera,Pyriglena,Thamnophilidae,3,Medio
3965,Pyriglena leucoptera,Pyriglena leucoptera,Synallaxis ruficapilla,Myiothlypis leucoblephara,Synallaxis ruficapilla,Pyriglena leucoptera,Habia rubica,Pyriglena leucoptera,Synallaxis ruficapilla,Synallaxis ruficapilla,Synallaxis ruficapilla,Pyriglena leucoptera,Pyriglena,Thamnophilidae,3,Medio
3966,Pyriglena leucoptera,Cyanoloxia brissonii,Pyriglena leucoptera,Cyanocorax chrysops,Mackenziaena severa,Cyanocorax chrysops,Cyanoloxia brissonii,Mackenziaena severa,Pyriglena leucoptera,Pyriglena leucoptera,Pyriglena leucoptera,Cyanoloxia brissonii,Pyriglena,Thamnophilidae,3,Medio
3967,Pyriglena leucoptera,Pyriglena leucoptera,Baryphthengus ruficapillus,Baryphthengus ruficapillus,Pyriglena leucoptera,Pyriglena leucoptera,Pyriglena leucoptera,Pyriglena leucoptera,Baryphthengus ruficapillus,Baryphthengus ruficapillus,Baryphthengus ruficapillus,Pyriglena leucoptera,Pyriglena,Thamnophilidae,3,Medio
3968,Pyriglena leucoptera,Hypoedaleus guttatus,Pipile jacutinga,Leptotila rufaxilla,Hypoedaleus guttatus,Tachyphonus coronatus,Hypoedaleus guttatus,Selenidera maculirostris,Pipile jacutinga,Pipile jacutinga,Pipile jacutinga,Hypoedaleus guttatus,Pyriglena,Thamnophilidae,3,Medio
3969,Pyriglena leucoptera,Tachyphonus coronatus,Tachyphonus coronatus,Mackenziaena severa,Mackenziaena severa,Tachyphonus coronatus,Tachyphonus coronatus,Penelope superciliaris,Tachyphonus coronatus,Tachyphonus coronatus,Tachyphonus coronatus,Tachyphonus coronatus,Pyriglena,Thamnophilidae,3,Medio
3970,Pyriglena leucoptera,Crypturellus tataupa,Myiothlypis leucoblephara,Aramides saracura,Crypturellus tataupa,Myiothlypis leucoblephara,Tachyphonus coronatus,Crypturellus obsoletus,Myiothlypis leucoblephara,Myiothlypis leucoblephara,Myiothlypis leucoblephara,Crypturellus tataupa,Pyriglena,Thamnophilidae,3,Medio
3971,Pyriglena leucoptera,Grallaria varia,Turdus albicollis,Crypturellus tataupa,Cryptopezus nattereri,Pyriglena leucoptera,Leptotila rufaxilla,Penelope superciliaris,Turdus albicollis,Turdus albicollis,Turdus albicollis,Grallaria varia,Pyriglena,Thamnophilidae,3,Medio
3972,Pyriglena leucoptera,Penelope superciliaris,Synallaxis ruficapilla,Mackenziaena leachii,Dasypus novemcinctus,Cyanoloxia brissonii,Penelope superciliaris,Penelope superciliaris,Synallaxis ruficapilla,Synallaxis ruficapilla,Synallaxis ruficapilla,Penelope superciliaris,Pyriglena,Thamnophilidae,3,Medio
3975,Pyriglena leucoptera,Pyriglena leucoptera,Tachyphonus coronatus,Cyanoloxia brissonii,Tachyphonus coronatus,Tachyphonus coronatus,Habia rubica,Pyriglena leucoptera,Tachyphonus coronatus,Tachyphonus coronatus,Tachyphonus coronatus,Pyriglena leucoptera,Pyriglena,Thamnophilidae,3,Medio
3976,Pyriglena leucoptera,Chamaeza campanisona,Manacus manacus,Grallaria varia,Crypturellus obsoletus,Pyriglena leucoptera,Pyriglena leucoptera,Chamaeza campanisona,Manacus manacus,Manacus manacus,Manacus manacus,Chamaeza campanisona,Pyriglena,Thamnophilidae,3,Medio
3977,Pyriglena leucoptera,Manacus manacus,Pyriglena leucoptera,Myiothlypis leucoblephara,Myiothlypis leucoblephara,Conopophaga lineata,Conopophaga lineata,Conopophaga lineata,Pyriglena leucoptera,Pyriglena leucoptera,Pyriglena leucoptera,Manacus manacus,Pyriglena,Thamnophilidae,3,Medio
3979,Pyriglena leucoptera,Crypturellus tataupa,Myiothlypis leucoblephara,Crypturellus obsoletus,Crypturellus obsoletus,Chamaeza campanisona,Myiothlypis leucoblephara,Myiothlypis leucoblephara,Myiothlypis leucoblephara,Myiothlypis leucoblephara,Myiothlypis leucoblephara,Crypturellus tataupa,Pyriglena,Thamnophilidae,3,Medio
3980,Pyriglena leucoptera,Grallaria varia,Odontophorus capueira capueira,Crypturellus tataupa,Crypturellus tataupa,Pyriglena leucoptera,Pyriglena leucoptera,Crypturellus obsoletus,Odontophorus capueira capueira,Odontophorus capueira capueira,Odontophorus capueira capueira,Grallaria varia,Pyriglena,Thamnophilidae,3,Medio
3981,Pyriglena leucoptera,Penelope superciliaris,Alouatta guariba clamitans,Alouatta guariba clamitans,Alouatta guariba clamitans,Penelope superciliaris,Penelope superciliaris,Sapajus nigritus,Alouatta guariba clamitans,Alouatta guariba clamitans,Alouatta guariba clamitans,Penelope superciliaris,Pyriglena,Thamnophilidae,3,Medio
3982,Pyriglena leucoptera,Synallaxis ruficapilla,Synallaxis ruficapilla,Synallaxis ruficapilla,Synallaxis ruficapilla,Synallaxis ruficapilla,Habia rubica,Conopophaga lineata,Synallaxis ruficapilla,Synallaxis ruficapilla,Synallaxis ruficapilla,Synallaxis ruficapilla,Pyriglena,Thamnophilidae,3,Medio
3983,Pyriglena leucoptera,Hypoedaleus guttatus,Pyriglena leucoptera,Pyriglena leucoptera,Pyriglena leucoptera,Cyanoloxia brissonii,Hypoedaleus guttatus,Mackenziaena severa,Pyriglena leucoptera,Pyriglena leucoptera,Pyriglena leucoptera,Hypoedaleus guttatus,Pyriglena,Thamnophilidae,3,Medio
3984,Pyriglena leucoptera,Manacus manacus,Mackenziaena severa,Cyanoloxia brissonii,Conopophaga lineata,Manacus manacus,Manacus manacus,Manacus manacus,Mackenziaena severa,Mackenziaena severa,Mackenziaena severa,Manacus manacus,Pyriglena,Thamnophilidae,3,Medio
3985,Pyriglena leucoptera,Pyriglena leucoptera,Pyriglena leucoptera,Pyriglena leucoptera,Pyriglena leucoptera,Tachyphonus coronatus,Pyriglena leucoptera,Biatas nigropectus,Pyriglena leucoptera,Pyriglena leucoptera,Pyriglena leucoptera,Pyriglena leucoptera,Pyriglena,Thamnophilidae,3,Medio
3986,Pyriglena leucoptera,Synallaxis ruficapilla,Synallaxis ruficapilla,Cyanoloxia brissonii,Cyanoloxia brissonii,Synallaxis ruficapilla,Conopophaga lineata,Habia rubica,Synallaxis ruficapilla,Synallaxis ruficapilla,Synallaxis ruficapilla,Synallaxis ruficapilla,Pyriglena,Thamnophilidae,3,Medio
3987,Sporophila pileata,Gubernetes yetapa,Cyanoloxia brissonii,Cyanoloxia brissonii,Conopophaga lineata,Sporophila pileata,Gubernetes yetapa,Sporophila pileata,Cyanoloxia brissonii,Cyanoloxia brissonii,Cyanoloxia brissonii,Gubernetes yetapa,Sporophila,Thraupidae,4,Alto
3990,Sporophila pileata,Gubernetes yetapa,Cyanoloxia brissonii,Cyanoloxia brissonii,Cyanoloxia brissonii,Sporophila pileata,Gubernetes yetapa,Gubernetes yetapa,Cyanoloxia brissonii,Cyanoloxia brissonii,Cyanoloxia brissonii,Gubernetes yetapa,Sporophila,Thraupidae,4,Alto
3991,Sporophila pileata,Sus scrofa,Sporophila pileata,Sporophila pileata,Sus scrofa,Sporophila pileata,Sus scrofa,Sporophila pileata,Sporophila pileata,Sporophila pileata,Sporophila pileata,Sus scrofa,Sporophila,Thraupidae,4,Alto
3995,Sporophila pileata,Sporophila pileata,Sporophila pileata,Sporophila pileata,Sporophila pileata,Sporophila pileata,Sporophila pileata,Sporophila pileata,Sporophila pileata,Sporophila pileata,Sporophila pileata,Sporophila pileata,Sporophila,Thraupidae,4,Alto
3996,Sporophila pileata,Sporophila pileata,Tachyphonus coronatus,Cyanoloxia brissonii,Cyanoloxia brissonii,Sporophila pileata,Cyanoloxia brissonii,Sporophila pileata,Tachyphonus coronatus,Tachyphonus coronatus,Tachyphonus coronatus,Sporophila pileata,Sporophila,Thraupidae,4,Alto
3997,Sporophila pileata,Gubernetes yetapa,Gubernetes yetapa,Gubernetes yetapa,Gubernetes yetapa,Gubernetes yetapa,Gubernetes yetapa,Gubernetes yetapa,Gubernetes yetapa,Gubernetes yetapa,Gubernetes yetapa,Gubernetes yetapa,Sporophila,Thraupidae,4,Alto
3998,Sporophila pileata,Notharchus swainsoni,Sporophila pileata,Gubernetes yetapa,Gubernetes yetapa,Sporophila pileata,Gubernetes yetapa,Notharchus swainsoni,Sporophila pileata,Sporophila pileata,Sporophila pileata,Notharchus swainsoni,Sporophila,Thraupidae,4,Alto
3999,Sporophila pileata,Sporophila pileata,Sporophila pileata,Sporophila pileata,Sporophila pileata,Sporophila pileata,Sporophila pileata,Sporophila pileata,Sporophila pileata,Sporophila pileata,Sporophila pileata,Sporophila pileata,Sporophila,Thraupidae,4,Alto
4000,Sporophila pileata,Nothura maculosa,Eira barbara,Eira barbara,Eira barbara,Sporophila pileata,Nothura maculosa,Lepus europaeus,Eira barbara,Eira barbara,Eira barbara,Nothura maculosa,Sporophila,Thraupidae,4,Alto
4001,Sporophila pileata,Sporophila pileata,Sporophila pileata,Sporophila pileata,Sporophila pileata,Sporophila pileata,Sporophila pileata,Gubernetes yetapa,Sporophila pileata,Sporophila pileata,Sporophila pileata,Sporophila pileata,Sporophila,Thraupidae,4,Alto
4002,Sporophila pileata,Sporophila pileata,Sporophila pileata,Sporophila pileata,Gubernetes yetapa,Sporophila pileata,Gubernetes yetapa,Sporophila pileata,Sporophila pileata,Sporophila pileata,Sporophila pileata,Sporophila pileata,Sporophila,Thraupidae,4,Alto
4003,Sporophila pileata,Sporophila pileata,Sporophila pileata,Sporophila pileata,Sporophila pileata,Sporophila pileata,Sporophila pileata,Sporophila pileata,Sporophila pileata,Sporophila pileata,Sporophila pileata,Sporophila pileata,Sporophila,Thraupidae,4,Alto
4004,Sporophila pileata,Sporophila pileata,Sporophila pileata,Sporophila pileata,Sporophila pileata,Sporophila pileata,Sporophila pileata,Gubernetes yetapa,Sporophila pileata,Sporophila pileata,Sporophila pileata,Sporophila pileata,Sporophila,Thraupidae,4,Alto
4005,Sporophila pileata,Sporophila pileata,Gubernetes yetapa,Sporophila pileata,Gubernetes yetapa,Sporophila pileata,Sporophila pileata,Gubernetes yetapa,Gubernetes yetapa,Gubernetes yetapa,Gubernetes yetapa,Sporophila pileata,Sporophila,Thraupidae,4,Alto
4006,Sporophila pileata,Sporophila pileata,Sporophila pileata,Sporophila pileata,Sporophila pileata,Sporophila pileata,Sporophila pileata,Sporophila pileata,Sporophila pileata,Sporophila pileata,Sporophila pileata,Sporophila pileata,Sporophila,Thraupidae,4,Alto
4007,Sporophila pileata,Gubernetes yetapa,Sporophila pileata,Cyanoloxia brissonii,Cyanoloxia brissonii,Gubernetes yetapa,Cyanoloxia brissonii,Gubernetes yetapa,Sporophila pileata,Sporophila pileata,Sporophila pileata,Gubernetes yetapa,Sporophila,Thraupidae,4,Alto
4008,Sporophila pileata,Sporophila pileata,Sporophila pileata,Sporophila pileata,Sporophila pileata,Sporophila pileata,Sporophila pileata,Sporophila pileata,Sporophila pileata,Sporophila pileata,Sporophila pileata,Sporophila pileata,Sporophila,Thraupidae,4,Alto
4010,Sporophila pileata,Gubernetes yetapa,Sporophila pileata,Gubernetes yetapa,Gubernetes yetapa,Sporophila pileata,Gubernetes yetapa,Gubernetes yetapa,Sporophila pileata,Sporophila pileata,Sporophila pileata,Gubernetes yetapa,Sporophila,Thraupidae,4,Alto
4011,Sporophila pileata,Sporophila pileata,Sporophila pileata,Sporophila pileata,Sporophila pileata,Sporophila pileata,Sporophila pileata,Sporophila pileata,Sporophila pileata,Sporophila pileata,Sporophila pileata,Sporophila pileata,Sporophila,Thraupidae,4,Alto
4012,Sporophila pileata,Nyctidromus albicollis,Nyctidromus albicollis,Nyctidromus albicollis,Nyctidromus albicollis,Nyctidromus albicollis,Nyctidromus albicollis,Hydropsalis torquata,Nyctidromus albicollis,Nyctidromus albicollis,Nyctidromus albicollis,Nyctidromus albicollis,Sporophila,Thraupidae,4,Alto
4013,Sporophila pileata,Sporophila pileata,Sporophila pileata,Sporophila pileata,Sporophila pileata,Sporophila pileata,Sporophila pileata,Sporophila pileata,Sporophila pileata,Sporophila pileata,Sporophila pileata,Sporophila pileata,Sporophila,Thraupidae,4,Alto
4015,Sporophila pileata,Sporophila pileata,Sporophila pileata,Sporophila pileata,Sporophila pileata,Sporophila pileata,Sporophila pileata,Sporophila pileata,Sporophila pileata,Sporophila pileata,Sporophila pileata,Sporophila pileata,Sporophila,Thraupidae,4,Alto
4016,Sporophila pileata,Notharchus swainsoni,Sporophila pileata,Notharchus swainsoni,Notharchus swainsoni,Notharchus swainsoni,Notharchus swainsoni,Sporophila pileata,Sporophila pileata,Sporophila pileata,Sporophila pileata,Notharchus swainsoni,Sporophila,Thraupidae,4,Alto
4017,Sporophila pileata,Sporophila pileata,Sporophila pileata,Sporophila pileata,Sporophila pileata,Sporophila pileata,Sporophila pileata,Sporophila pileata,Sporophila pileata,Sporophila pileata,Sporophila pileata,Sporophila pileata,Sporophila,Thraupidae,4,Alto
4018,Sporophila pileata,Gubernetes yetapa,Gubernetes yetapa,Gubernetes yetapa,Gubernetes yetapa,Gubernetes yetapa,Gubernetes yetapa,Gubernetes yetapa,Gubernetes yetapa,Gubernetes yetapa,Gubernetes yetapa,Gubernetes yetapa,Sporophila,Thraupidae,4,Alto
4020,Sporophila pileata,Gubernetes yetapa,Gubernetes yetapa,Gubernetes yetapa,Gubernetes yetapa,Gubernetes yetapa,Gubernetes yetapa,Gubernetes yetapa,Gubernetes yetapa,Gubernetes yetapa,Gubernetes yetapa,Gubernetes yetapa,Sporophila,Thraupidae,4,Alto
4021,Sporophila pileata,Sporophila pileata,Sporophila pileata,Sporophila pileata,Sporophila pileata,Sporophila pileata,Sporophila pileata,Sporophila pileata,Sporophila pileata,Sporophila pileata,Sporophila pileata,Sporophila pileata,Sporophila,Thraupidae,4,Alto
4023,Sporophila pileata,Gubernetes yetapa,Sporophila pileata,Amazona vinacea,Gubernetes yetapa,Sporophila pileata,Gubernetes yetapa,Sporophila pileata,Sporophila pileata,Sporophila pileata,Sporophila pileata,Gubernetes yetapa,Sporophila,Thraupidae,4,Alto
4025,Sporophila pileata,Sporophila pileata,Sporophila pileata,Sporophila pileata,Sporophila pileata,Sporophila pileata,Sporophila pileata,Sporophila pileata,Sporophila pileata,Sporophila pileata,Sporophila pileata,Sporophila pileata,Sporophila,Thraupidae,4,Alto
4026,Sporophila pileata,Gubernetes yetapa,Gubernetes yetapa,Gubernetes yetapa,Gubernetes yetapa,Sporophila pileata,Gubernetes yetapa,Gubernetes yetapa,Gubernetes yetapa,Gubernetes yetapa,Gubernetes yetapa,Gubernetes yetapa,Sporophila,Thraupidae,4,Alto
4027,Sporophila pileata,Gubernetes yetapa,Gubernetes yetapa,Gubernetes yetapa,Gubernetes yetapa,Sporophila pileata,Gubernetes yetapa,Gubernetes yetapa,Gubernetes yetapa,Gubernetes yetapa,Gubernetes yetapa,Gubernetes yetapa,Sporophila,Thraupidae,4,Alto
4029,Sporophila pileata,Sporophila pileata,Sporophila pileata,Sporophila pileata,Sporophila pileata,Sporophila pileata,Sporophila pileata,Sporophila pileata,Sporophila pileata,Sporophila pileata,Sporophila pileata,Sporophila pileata,Sporophila,Thraupidae,4,Alto
4030,Sporophila pileata,Sporophila pileata,Sporophila pileata,Sporophila pileata,Cyanoloxia brissonii,Sporophila pileata,Sporophila pileata,Sporophila pileata,Sporophila pileata,Sporophila pileata,Sporophila pileata,Sporophila pileata,Sporophila,Thraupidae,4,Alto
4031,Sporophila pileata,Hypoedaleus guttatus,Turdus albicollis,Cyanoloxia brissonii,Turdus albicollis,Sporophila pileata,Hypoedaleus guttatus,Cyanocorax chrysops,Turdus albicollis,Turdus albicollis,Turdus albicollis,Hypoedaleus guttatus,Sporophila,Thraupidae,4,Alto
4032,Sporophila pileata,Sporophila pileata,Sporophila pileata,Sporophila pileata,Sporophila pileata,Sporophila pileata,Sporophila pileata,Sporophila pileata,Sporophila pileata,Sporophila pileata,Sporophila pileata,Sporophila pileata,Sporophila,Thraupidae,4,Alto
4033,Sporophila pileata,Gubernetes yetapa,Sporophila pileata,Cyanoloxia brissonii,Gubernetes yetapa,Sporophila pileata,Gubernetes yetapa,Gubernetes yetapa,Sporophila pileata,Sporophila pileata,Sporophila pileata,Gubernetes yetapa,Sporophila,Thraupidae,4,Alto
4034,Sporophila pileata,Sporophila pileata,Sporophila pileata,Sporophila pileata,Sporophila pileata,Sporophila pileata,Sporophila pileata,Sporophila pileata,Sporophila pileata,Sporophila pileata,Sporophila pileata,Sporophila pileata,Sporophila,Thraupidae,4,Alto
4035,Sporophila pileata,Sporophila pileata,Sporophila pileata,Cyanoloxia brissonii,Sporophila pileata,Sporophila pileata,Sporophila pileata,Sporophila pileata,Sporophila pileata,Sporophila pileata,Sporophila pileata,Sporophila pileata,Sporophila,Thraupidae,4,Alto
4036,Sporophila pileata,Gubernetes yetapa,Pogonotriccus eximius,Gubernetes yetapa,Gubernetes yetapa,Gubernetes yetapa,Gubernetes yetapa,Gubernetes yetapa,Pogonotriccus eximius,Pogonotriccus eximius,Pogonotriccus eximius,Gubernetes yetapa,Sporophila,Thraupidae,4,Alto
4037,Sporophila pileata,Manacus manacus,Manacus manacus,Conopophaga lineata,Conopophaga lineata,Manacus manacus,Conopophaga lineata,Conopophaga lineata,Manacus manacus,Manacus manacus,Manacus manacus,Manacus manacus,Sporophila,Thraupidae,4,Alto
4038,Sporophila pileata,Sporophila pileata,Sporophila pileata,Sporophila pileata,Sporophila pileata,Sporophila pileata,Sporophila pileata,Sporophila pileata,Sporophila pileata,Sporophila pileata,Sporophila pileata,Sporophila pileata,Sporophila,Thraupidae,4,Alto
4039,Sporophila pileata,Sporophila pileata,Sporophila pileata,Sporophila pileata,Sporophila pileata,Sporophila pileata,Sporophila pileata,Sporophila pileata,Sporophila pileata,Sporophila pileata,Sporophila pileata,Sporophila pileata,Sporophila,Thraupidae,4,Alto
4040,Sporophila pileata,Sporophila pileata,Sporophila pileata,Sporophila pileata,Sporophila pileata,Sporophila pileata,Sporophila pileata,Sporophila pileata,Sporophila pileata,Sporophila pileata,Sporophila pileata,Sporophila pileata,Sporophila,Thraupidae,4,Alto
4041,Sporophila pileata,Sporophila pileata,Sporophila pileata,Sporophila pileata,Sporophila pileata,Sporophila pileata,Sporophila pileata,Sporophila pileata,Sporophila pileata,Sporophila pileata,Sporophila pileata,Sporophila pileata,Sporophila,Thraupidae,4,Alto
4042,Sporophila pileata,Gubernetes yetapa,Gubernetes yetapa,Gubernetes yetapa,Gubernetes yetapa,Gubernetes yetapa,Gubernetes yetapa,Gubernetes yetapa,Gubernetes yetapa,Gubernetes yetapa,Gubernetes yetapa,Gubernetes yetapa,Sporophila,Thraupidae,4,Alto
4043,Sporophila pileata,Gubernetes yetapa,Sporophila pileata,Sporophila pileata,Gubernetes yetapa,Gubernetes yetapa,Gubernetes yetapa,Gubernetes yetapa,Sporophila pileata,Sporophila pileata,Sporophila pileata,Gubernetes yetapa,Sporophila,Thraupidae,4,Alto
4044,Sporophila pileata,Sporophila pileata,Sporophila pileata,Sporophila pileata,Sporophila pileata,Sporophila pileata,Sporophila pileata,Gubernetes yetapa,Sporophila pileata,Sporophila pileata,Sporophila pileata,Sporophila pileata,Sporophila,Thraupidae,4,Alto
4045,Sporophila pileata,Gubernetes yetapa,Sporophila pileata,Sporophila pileata,Sporophila pileata,Sporophila pileata,Gubernetes yetapa,Sporophila pileata,Sporophila pileata,Sporophila pileata,Sporophila pileata,Gubernetes yetapa,Sporophila,Thraupidae,4,Alto
4046,Sporophila pileata,Gubernetes yetapa,Sporophila pileata,Gubernetes yetapa,Gubernetes yetapa,Sporophila pileata,Gubernetes yetapa,Gubernetes yetapa,Sporophila pileata,Sporophila pileata,Sporophila pileata,Gubernetes yetapa,Sporophila,Thraupidae,4,Alto
4048,Tachyphonus coronatus,Amazona vinacea,Alouatta guariba,Alouatta guariba,Amazona vinacea,Amazona vinacea,Amazona vinacea,Amazona vinacea,Alouatta guariba,Alouatta guariba,Alouatta guariba,Amazona vinacea,Tachyphonus,Thraupidae,3,Medio
4049,Tachyphonus coronatus,Tachyphonus coronatus,Leptotila verreauxi,Leptotila verreauxi,Cyanocorax chrysops,Didelphis aurita,Tachyphonus coronatus,Turdus rufiventris,Leptotila verreauxi,Leptotila verreauxi,Leptotila verreauxi,Tachyphonus coronatus,Tachyphonus,Thraupidae,3,Medio
4050,Tachyphonus coronatus,Selenidera maculirostris,Cyanocorax chrysops,Cyanocorax chrysops,Cyanocorax chrysops,Selenidera maculirostris,Selenidera maculirostris,Notharchus swainsoni,Cyanocorax chrysops,Cyanocorax chrysops,Cyanocorax chrysops,Selenidera maculirostris,Tachyphonus,Thraupidae,3,Medio
4051,Tachyphonus coronatus,Cyanoloxia brissonii,Cyanoloxia brissonii,Cyanoloxia brissonii,Cyanoloxia brissonii,Cyanoloxia brissonii,Cyanoloxia brissonii,Cyanoloxia brissonii,Cyanoloxia brissonii,Cyanoloxia brissonii,Cyanoloxia brissonii,Cyanoloxia brissonii,Tachyphonus,Thraupidae,3,Medio
4053,Tachyphonus coronatus,Synallaxis ruficapilla,Habia rubica,Habia rubica,Habia rubica,Habia rubica,Habia rubica,Synallaxis ruficapilla,Habia rubica,Habia rubica,Habia rubica,Synallaxis ruficapilla,Tachyphonus,Thraupidae,3,Medio
4054,Tachyphonus coronatus,Conopophaga lineata,Pyriglena leucoptera,Habia rubica,Myiothlypis leucoblephara,Conopophaga lineata,Conopophaga lineata,Conopophaga lineata,Pyriglena leucoptera,Pyriglena leucoptera,Pyriglena leucoptera,Conopophaga lineata,Tachyphonus,Thraupidae,3,Medio
4055,Tachyphonus coronatus,Didelphis albiventris,Didelphis albiventris,Didelphis albiventris,Dasyprocta azarae,Didelphis albiventris,Didelphis albiventris,Didelphis albiventris,Didelphis albiventris,Didelphis albiventris,Didelphis albiventris,Didelphis albiventris,Tachyphonus,Thraupidae,3,Medio
4056,Tachyphonus coronatus,Nyctidromus albicollis,Nasua nasua,Hydropsalis torquata,Crypturellus tataupa,Tachyphonus coronatus,Tachyphonus coronatus,Leptotila verreauxi,Nasua nasua,Nasua nasua,Nasua nasua,Crypturellus tataupa,Tachyphonus,Thraupidae,3,Medio
4057,Tachyphonus coronatus,Crypturellus tataupa,Dasyprocta azarae,Dasyprocta azarae,Crax fasciolata,Nyctidromus albicollis,Dasyprocta azarae,Lontra longicaudis,Dasyprocta azarae,Dasyprocta azarae,Dasyprocta azarae,Crypturellus tataupa,Tachyphonus,Thraupidae,3,Medio
4059,Tachyphonus coronatus,Conopophaga lineata,Conopophaga lineata,Chamaeza campanisona,Conopophaga lineata,Conopophaga lineata,Conopophaga lineata,Biatas nigropectus,Conopophaga lineata,Conopophaga lineata,Conopophaga lineata,Conopophaga lineata,Tachyphonus,Thraupidae,3,Medio
4060,Tachyphonus coronatus,Pyriglena leucoptera,Pyriglena leucoptera,Pyriglena leucoptera,Mackenziaena severa,Pyriglena leucoptera,Cyanoloxia brissonii,Cyanocorax chrysops,Pyriglena leucoptera,Pyriglena leucoptera,Pyriglena leucoptera,Cyanoloxia brissonii,Tachyphonus,Thraupidae,3,Medio
4061,Tachyphonus coronatus,Tachyphonus coronatus,Tachyphonus coronatus,Baryphthengus ruficapillus,Baryphthengus ruficapillus,Tachyphonus coronatus,Tachyphonus coronatus,Tachyphonus coronatus,Tachyphonus coronatus,Tachyphonus coronatus,Tachyphonus coronatus,Tachyphonus coronatus,Tachyphonus,Thraupidae,3,Medio
4062,Tachyphonus coronatus,Cyanoloxia brissonii,Pyriglena leucoptera,Cyanoloxia brissonii,Mackenziaena severa,Cyanoloxia brissonii,Cyanoloxia brissonii,Habia rubica,Pyriglena leucoptera,Pyriglena leucoptera,Pyriglena leucoptera,Cyanoloxia brissonii,Tachyphonus,Thraupidae,3,Medio
4063,Tachyphonus coronatus,Selenidera maculirostris,Cyanocorax chrysops,Alouatta guariba,Alouatta guariba,Tachyphonus coronatus,Hypoedaleus guttatus,Penelope superciliaris,Cyanocorax chrysops,Cyanocorax chrysops,Cyanocorax chrysops,Selenidera maculirostris,Tachyphonus,Thraupidae,3,Medio
4064,Tachyphonus coronatus,Didelphis albiventris,Turdus rufiventris,Didelphis albiventris,Didelphis albiventris,Cyanocorax chrysops,Tachyphonus coronatus,Baryphthengus ruficapillus,Turdus rufiventris,Turdus rufiventris,Turdus rufiventris,Tachyphonus coronatus,Tachyphonus,Thraupidae,3,Medio
4065,Tachyphonus coronatus,Tachyphonus coronatus,Celeus galeatus,Celeus galeatus,Celeus galeatus,Tachyphonus coronatus,Tachyphonus coronatus,Cyanoloxia brissonii,Celeus galeatus,Celeus galeatus,Celeus galeatus,Tachyphonus coronatus,Tachyphonus,Thraupidae,3,Medio
4066,Tachyphonus coronatus,Penelope superciliaris,Alouatta guariba,Alouatta guariba,Alouatta guariba,Tachyphonus coronatus,Penelope superciliaris,Penelope superciliaris,Alouatta guariba,Alouatta guariba,Alouatta guariba,Penelope superciliaris,Tachyphonus,Thraupidae,3,Medio
4067,Tachyphonus coronatus,Penelope superciliaris,Leopardus wiedii,Crypturellus obsoletus,Crypturellus obsoletus,Tachyphonus coronatus,Dasyprocta azarae,Chamaeza campanisona,Leopardus wiedii,Leopardus wiedii,Leopardus wiedii,Penelope superciliaris,Tachyphonus,Thraupidae,3,Medio
4068,Tachyphonus coronatus,Tachyphonus coronatus,Turdus albicollis,Didelphis aurita,Conopophaga lineata,Didelphis aurita,Tachyphonus coronatus,Turdus albicollis,Turdus albicollis,Turdus albicollis,Turdus albicollis,Tachyphonus coronatus,Tachyphonus,Thraupidae,3,Medio
4069,Tachyphonus coronatus,Tachyphonus coronatus,Synallaxis ruficapilla,Leptotila verreauxi,Tachyphonus coronatus,Tachyphonus coronatus,Tachyphonus coronatus,Biatas nigropectus,Synallaxis ruficapilla,Synallaxis ruficapilla,Synallaxis ruficapilla,Tachyphonus coronatus,Tachyphonus,Thraupidae,3,Medio
4071,Tachyphonus coronatus,Turdus rufiventris,Tachyphonus coronatus,Crypturellus obsoletus,Crypturellus obsoletus,Tachyphonus coronatus,Aramides saracura,Aramides saracura,Tachyphonus coronatus,Tachyphonus coronatus,Tachyphonus coronatus,Turdus rufiventris,Tachyphonus,Thraupidae,3,Medio
4072,Tachyphonus coronatus,Cyanoloxia brissonii,Cyanoloxia brissonii,Cyanocorax chrysops,Cyanocorax chrysops,Cyanoloxia brissonii,Cyanoloxia brissonii,Cyanoloxia brissonii,Cyanoloxia brissonii,Cyanoloxia brissonii,Cyanoloxia brissonii,Cyanoloxia brissonii,Tachyphonus,Thraupidae,3,Medio
4073,Tachyphonus coronatus,Tachyphonus coronatus,Leptotila verreauxi,Cyanoloxia brissonii,Cyanoloxia brissonii,Tachyphonus coronatus,Cyanoloxia brissonii,Dasypus novemcinctus,Leptotila verreauxi,Leptotila verreauxi,Leptotila verreauxi,Tachyphonus coronatus,Tachyphonus,Thraupidae,3,Medio
4075,Tachyphonus coronatus,Hypoedaleus guttatus,Notharchus swainsoni,Cyanocorax chrysops,Alouatta guariba clamitans,Tachyphonus coronatus,Hypoedaleus guttatus,Selenidera maculirostris,Notharchus swainsoni,Notharchus swainsoni,Notharchus swainsoni,Hypoedaleus guttatus,Tachyphonus,Thraupidae,3,Medio
4076,Tachyphonus coronatus,Tachyphonus coronatus,Pyriglena leucoptera,Baryphthengus ruficapillus,Baryphthengus ruficapillus,Tachyphonus coronatus,Tachyphonus coronatus,Myiothlypis leucoblephara,Pyriglena leucoptera,Pyriglena leucoptera,Pyriglena leucoptera,Tachyphonus coronatus,Tachyphonus,Thraupidae,3,Medio
4077,Tachyphonus coronatus,Tachyphonus coronatus,Tachyphonus coronatus,Tachyphonus coronatus,Tachyphonus coronatus,Tachyphonus coronatus,Tachyphonus coronatus,Leptotila rufaxilla,Tachyphonus coronatus,Tachyphonus coronatus,Tachyphonus coronatus,Tachyphonus coronatus,Tachyphonus,Thraupidae,3,Medio
4078,Tachyphonus coronatus,Tachyphonus coronatus,Tachyphonus coronatus,Celeus galeatus,Celeus galeatus,Tachyphonus coronatus,Tachyphonus coronatus,Notharchus swainsoni,Tachyphonus coronatus,Tachyphonus coronatus,Tachyphonus coronatus,Tachyphonus coronatus,Tachyphonus,Thraupidae,3,Medio
4079,Tachyphonus coronatus,Cyanoloxia brissonii,Pyriglena leucoptera,Cyanocorax chrysops,Pyriglena leucoptera,Cyanoloxia brissonii,Cyanoloxia brissonii,Cyanoloxia brissonii,Pyriglena leucoptera,Pyriglena leucoptera,Pyriglena leucoptera,Cyanoloxia brissonii,Tachyphonus,Thraupidae,3,Medio
4080,Tachyphonus coronatus,Pyriglena leucoptera,Pyriglena leucoptera,Conopophaga lineata,Pyriglena leucoptera,Tachyphonus coronatus,Cyanoloxia brissonii,Biatas nigropectus,Pyriglena leucoptera,Pyriglena leucoptera,Pyriglena leucoptera,Pyriglena leucoptera,Tachyphonus,Thraupidae,3,Medio
4081,Tachyphonus coronatus,Pyriglena leucoptera,Pyriglena leucoptera,Pyriglena leucoptera,Pyriglena leucoptera,Manacus manacus,Manacus manacus,Tachyphonus coronatus,Pyriglena leucoptera,Pyriglena leucoptera,Pyriglena leucoptera,Pyriglena leucoptera,Tachyphonus,Thraupidae,3,Medio
4082,Tachyphonus coronatus,Cyanoloxia brissonii,Mackenziaena severa,Mackenziaena severa,Cyanoloxia brissonii,Tachyphonus coronatus,Cyanoloxia brissonii,Turdus albicollis,Mackenziaena severa,Mackenziaena severa,Mackenziaena severa,Cyanoloxia brissonii,Tachyphonus,Thraupidae,3,Medio
4083,Tachyphonus coronatus,Pyriglena leucoptera,Biatas nigropectus,Biatas nigropectus,Biatas nigropectus,Cyanoloxia brissonii,Hypoedaleus guttatus,Mackenziaena severa,Biatas nigropectus,Biatas nigropectus,Biatas nigropectus,Pyriglena leucoptera,Tachyphonus,Thraupidae,3,Medio
4084,Tachyphonus coronatus,Pyriglena leucoptera,Conopophaga lineata,Conopophaga lineata,Pyriglena leucoptera,Conopophaga lineata,Conopophaga lineata,Conopophaga lineata,Conopophaga lineata,Conopophaga lineata,Conopophaga lineata,Pyriglena leucoptera,Tachyphonus,Thraupidae,3,Medio
4085,Tachyphonus coronatus,Pyriglena leucoptera,Pyriglena leucoptera,Cyanoloxia brissonii,Manacus manacus,Tachyphonus coronatus,Cyanoloxia brissonii,Habia rubica,Pyriglena leucoptera,Pyriglena leucoptera,Pyriglena leucoptera,Pyriglena leucoptera,Tachyphonus,Thraupidae,3,Medio
4086,Tachyphonus coronatus,Habia rubica,Conopophaga lineata,Conopophaga lineata,Conopophaga lineata,Habia rubica,Habia rubica,Pogonotriccus eximius,Conopophaga lineata,Conopophaga lineata,Conopophaga lineata,Habia rubica,Tachyphonus,Thraupidae,3,Medio
4087,Tachyphonus coronatus,Turdus rufiventris,Tachyphonus coronatus,Cyanoloxia brissonii,Cyanoloxia brissonii,Gubernetes yetapa,Tachyphonus coronatus,Gubernetes yetapa,Tachyphonus coronatus,Tachyphonus coronatus,Tachyphonus coronatus,Turdus rufiventris,Tachyphonus,Thraupidae,3,Medio
4088,Tachyphonus coronatus,Hypoedaleus guttatus,Pyriglena leucoptera,Mackenziaena leachii,Hypoedaleus guttatus,Tachyphonus coronatus,Hypoedaleus guttatus,Brotogeris chiriri,Pyriglena leucoptera,Pyriglena leucoptera,Pyriglena leucoptera,Hypoedaleus guttatus,Tachyphonus,Thraupidae,3,Medio
4089,Tachyphonus coronatus,Tachyphonus coronatus,Tachyphonus coronatus,Cyanoloxia brissonii,Cyanoloxia brissonii,Tachyphonus coronatus,Cyanoloxia brissonii,Gubernetes yetapa,Tachyphonus coronatus,Tachyphonus coronatus,Tachyphonus coronatus,Tachyphonus coronatus,Tachyphonus,Thraupidae,3,Medio
4091,Tachyphonus coronatus,Habia rubica,Turdus albicollis,Habia rubica,Synallaxis ruficapilla,Habia rubica,Habia rubica,Conopophaga lineata,Turdus albicollis,Turdus albicollis,Turdus albicollis,Habia rubica,Tachyphonus,Thraupidae,3,Medio
4093,Tachyphonus coronatus,Tachyphonus coronatus,Pyriglena leucoptera,Mackenziaena severa,Baryphthengus ruficapillus,Tachyphonus coronatus,Cyanoloxia brissonii,Mackenziaena severa,Pyriglena leucoptera,Pyriglena leucoptera,Pyriglena leucoptera,Tachyphonus coronatus,Tachyphonus,Thraupidae,3,Medio
4096,Tachyphonus coronatus,Notharchus swainsoni,Tachyphonus coronatus,Tachyphonus coronatus,Manacus manacus,Tachyphonus coronatus,Cyanoloxia brissonii,Gubernetes yetapa,Tachyphonus coronatus,Tachyphonus coronatus,Tachyphonus coronatus,Notharchus swainsoni,Tachyphonus,Thraupidae,3,Medio
4097,Tachyphonus coronatus,Chamaeza campanisona,Crypturellus obsoletus,Crypturellus obsoletus,Tachyphonus coronatus,Tachyphonus coronatus,Leptotila rufaxilla,Mackenziaena leachii,Crypturellus obsoletus,Crypturellus obsoletus,Crypturellus obsoletus,Chamaeza campanisona,Tachyphonus,Thraupidae,3,Medio
4098,Tachyphonus coronatus,Manacus manacus,Tachyphonus coronatus,Hypoedaleus guttatus,Cyanoloxia brissonii,Cyanoloxia brissonii,Cyanoloxia brissonii,Cyanoloxia brissonii,Tachyphonus coronatus,Tachyphonus coronatus,Tachyphonus coronatus,Manacus manacus,Tachyphonus,Thraupidae,3,Medio
4100,Tachyphonus coronatus,Habia rubica,Conopophaga lineata,Habia rubica,Habia rubica,Habia rubica,Habia rubica,Conopophaga lineata,Conopophaga lineata,Conopophaga lineata,Conopophaga lineata,Habia rubica,Tachyphonus,Thraupidae,3,Medio
4101,Tachyphonus coronatus,Hypoedaleus guttatus,Sapajus nigritus,Amazona aestiva,Amazona aestiva,Cyanoloxia brissonii,Hypoedaleus guttatus,Hypoedaleus guttatus,Sapajus nigritus,Sapajus nigritus,Sapajus nigritus,Hypoedaleus guttatus,Tachyphonus,Thraupidae,3,Medio
4103,Tachyphonus coronatus,Pyriglena leucoptera,Pyriglena leucoptera,Cyanoloxia brissonii,Cyanoloxia brissonii,Pyriglena leucoptera,Habia rubica,Habia rubica,Pyriglena leucoptera,Pyriglena leucoptera,Pyriglena leucoptera,Pyriglena leucoptera,Tachyphonus,Thraupidae,3,Medio
4104,Tachyphonus coronatus,Tachyphonus coronatus,Tachyphonus coronatus,Cyanoloxia brissonii,Tachyphonus coronatus,Tachyphonus coronatus,Cyanoloxia brissonii,Manacus manacus,Tachyphonus coronatus,Tachyphonus coronatus,Tachyphonus coronatus,Tachyphonus coronatus,Tachyphonus,Thraupidae,3,Medio
4105,Tachyphonus coronatus,Aramides saracura,Pyriglena leucoptera,Herpailurus yagouaroundi,Aramides saracura,Tachyphonus coronatus,Aramides saracura,Leptotila verreauxi,Pyriglena leucoptera,Pyriglena leucoptera,Pyriglena leucoptera,Aramides saracura,Tachyphonus,Thraupidae,3,Medio
4106,Tachyphonus coronatus,Hypoedaleus guttatus,Sapajus nigritus,Penelope superciliaris,Penelope superciliaris,Cyanoloxia brissonii,Hypoedaleus guttatus,Sapajus nigritus,Sapajus nigritus,Sapajus nigritus,Sapajus nigritus,Hypoedaleus guttatus,Tachyphonus,Thraupidae,3,Medio
4108,Tachyphonus coronatus,Chamaeza campanisona,Synallaxis ruficapilla,Chamaeza campanisona,Chamaeza campanisona,Chamaeza campanisona,Conopophaga lineata,Biatas nigropectus,Synallaxis ruficapilla,Synallaxis ruficapilla,Synallaxis ruficapilla,Chamaeza campanisona,Tachyphonus,Thraupidae,3,Medio
4110,Tachyphonus coronatus,Cyanoloxia brissonii,Mackenziaena severa,Conopophaga lineata,Conopophaga lineata,Cyanoloxia brissonii,Cyanoloxia brissonii,Biatas nigropectus,Mackenziaena severa,Mackenziaena severa,Mackenziaena severa,Cyanoloxia brissonii,Tachyphonus,Thraupidae,3,Medio
4111,Tachyphonus coronatus,Cyanoloxia brissonii,Synallaxis ruficapilla,Cyanoloxia brissonii,Cyanoloxia brissonii,Sporophila pileata,Cyanoloxia brissonii,Biatas nigropectus,Synallaxis ruficapilla,Synallaxis ruficapilla,Synallaxis ruficapilla,Cyanoloxia brissonii,Tachyphonus,Thraupidae,3,Medio
4113,Tachyphonus coronatus,Habia rubica,Pyriglena leucoptera,Conopophaga lineata,Habia rubica,Habia rubica,Habia rubica,Turdus albicollis,Pyriglena leucoptera,Pyriglena leucoptera,Pyriglena leucoptera,Habia rubica,Tachyphonus,Thraupidae,3,Medio
4114,Tachyphonus coronatus,Pyriglena leucoptera,Penelope superciliaris,Penelope superciliaris,Baryphthengus ruficapillus,Cyanoloxia brissonii,Cyanoloxia brissonii,Hypoedaleus guttatus,Penelope superciliaris,Penelope superciliaris,Penelope superciliaris,Pyriglena leucoptera,Tachyphonus,Thraupidae,3,Medio
4115,Tachyphonus coronatus,Chamaeza campanisona,Chamaeza campanisona,Chamaeza campanisona,Chamaeza campanisona,Chamaeza campanisona,Tachyphonus coronatus,Chamaeza campanisona,Chamaeza campanisona,Chamaeza campanisona,Chamaeza campanisona,Chamaeza campanisona,Tachyphonus,Thraupidae,3,Medio
4116,Crypturellus obsoletus,Crypturellus obsoletus,Crypturellus obsoletus,Crypturellus obsoletus,Crypturellus obsoletus,Crypturellus obsoletus,Aramides saracura,Crypturellus obsoletus,Crypturellus obsoletus,Crypturellus obsoletus,Crypturellus obsoletus,Crypturellus obsoletus,Crypturellus,Tinamidae,1,Bajo
4117,Crypturellus obsoletus,Tinamus solitarius,Tinamus solitarius,Tinamus solitarius,Tinamus solitarius,Tinamus solitarius,Tinamus solitarius,Manacus manacus,Tinamus solitarius,Tinamus solitarius,Tinamus solitarius,Tinamus solitarius,Crypturellus,Tinamidae,1,Bajo
4118,Crypturellus obsoletus,Crypturellus obsoletus,Crypturellus obsoletus,Leptotila rufaxilla,Crypturellus obsoletus,Crypturellus obsoletus,Leptotila rufaxilla,Crypturellus obsoletus,Crypturellus obsoletus,Crypturellus obsoletus,Crypturellus obsoletus,Crypturellus obsoletus,Crypturellus,Tinamidae,1,Bajo
4119,Crypturellus obsoletus,Leptotila rufaxilla,Leptotila rufaxilla,Chamaeza campanisona,Chamaeza campanisona,Leptotila rufaxilla,Leptotila rufaxilla,Leptotila rufaxilla,Leptotila rufaxilla,Leptotila rufaxilla,Leptotila rufaxilla,Leptotila rufaxilla,Crypturellus,Tinamidae,1,Bajo
4120,Crypturellus obsoletus,Crypturellus tataupa,Crypturellus tataupa,Crypturellus tataupa,Crypturellus tataupa,Crypturellus tataupa,Dasyprocta azarae,Crypturellus tataupa,Crypturellus tataupa,Crypturellus tataupa,Crypturellus tataupa,Crypturellus tataupa,Crypturellus,Tinamidae,1,Bajo
4122,Crypturellus obsoletus,Crypturellus obsoletus,Tinamus solitarius,Chamaeza campanisona,Tinamus solitarius,Tinamus solitarius,Tinamus solitarius,Tinamus solitarius,Tinamus solitarius,Tinamus solitarius,Tinamus solitarius,Crypturellus obsoletus,Crypturellus,Tinamidae,1,Bajo
4123,Crypturellus obsoletus,Crypturellus obsoletus,Leptotila rufaxilla,Crypturellus obsoletus,Crypturellus obsoletus,Leptotila rufaxilla,Aramides saracura,Leptotila rufaxilla,Leptotila rufaxilla,Leptotila rufaxilla,Leptotila rufaxilla,Crypturellus obsoletus,Crypturellus,Tinamidae,1,Bajo
4124,Crypturellus obsoletus,Dasyprocta azarae,Penelope superciliaris,Aramides saracura,Aramides saracura,Tinamus solitarius,Dasyprocta azarae,Aramides saracura,Penelope superciliaris,Penelope superciliaris,Penelope superciliaris,Dasyprocta azarae,Crypturellus,Tinamidae,1,Bajo
4125,Crypturellus obsoletus,Leptotila rufaxilla,Crypturellus obsoletus,Crypturellus tataupa,Crypturellus obsoletus,Leptotila rufaxilla,Leptotila rufaxilla,Crypturellus obsoletus,Crypturellus obsoletus,Crypturellus obsoletus,Crypturellus obsoletus,Leptotila rufaxilla,Crypturellus,Tinamidae,1,Bajo
4126,Crypturellus obsoletus,Tinamus solitarius,Crypturellus obsoletus,Crypturellus obsoletus,Crypturellus obsoletus,Tinamus solitarius,Tinamus solitarius,Tinamus solitarius,Crypturellus obsoletus,Crypturellus obsoletus,Crypturellus obsoletus,Tinamus solitarius,Crypturellus,Tinamidae,1,Bajo
4127,Crypturellus obsoletus,Tinamus solitarius,Tinamus solitarius,Tinamus solitarius,Tinamus solitarius,Tinamus solitarius,Tinamus solitarius,Tinamus solitarius,Tinamus solitarius,Tinamus solitarius,Tinamus solitarius,Tinamus solitarius,Crypturellus,Tinamidae,1,Bajo
4128,Crypturellus obsoletus,Leptotila rufaxilla,Tinamus solitarius,Geotrygon montana,Leptotila rufaxilla,Leptotila rufaxilla,Leptotila rufaxilla,Tinamus solitarius,Tinamus solitarius,Tinamus solitarius,Tinamus solitarius,Leptotila rufaxilla,Crypturellus,Tinamidae,1,Bajo
4129,Crypturellus obsoletus,Crypturellus obsoletus,Crypturellus tataupa,Crypturellus tataupa,Crypturellus tataupa,Tinamus solitarius,Dasyprocta azarae,Dasyprocta azarae,Crypturellus tataupa,Crypturellus tataupa,Crypturellus tataupa,Crypturellus obsoletus,Crypturellus,Tinamidae,1,Bajo
4130,Crypturellus obsoletus,Crypturellus obsoletus,Geotrygon montana,Geotrygon montana,Crypturellus obsoletus,Crypturellus obsoletus,Aramides saracura,Aramides saracura,Geotrygon montana,Geotrygon montana,Geotrygon montana,Crypturellus obsoletus,Crypturellus,Tinamidae,1,Bajo
4131,Crypturellus obsoletus,Tinamus solitarius,Tinamus solitarius,Tinamus solitarius,Tinamus solitarius,Tinamus solitarius,Tinamus solitarius,Tinamus solitarius,Tinamus solitarius,Tinamus solitarius,Tinamus solitarius,Tinamus solitarius,Crypturellus,Tinamidae,1,Bajo
4132,Crypturellus obsoletus,Pyriglena leucoptera,Crypturellus obsoletus,Crypturellus obsoletus,Chamaeza campanisona,Tinamus solitarius,Tinamus solitarius,Chamaeza campanisona,Crypturellus obsoletus,Crypturellus obsoletus,Crypturellus obsoletus,Pyriglena leucoptera,Crypturellus,Tinamidae,1,Bajo
4133,Crypturellus obsoletus,Aramides saracura,Tinamus solitarius,Aramides saracura,Aramides saracura,Tinamus solitarius,Aramides saracura,Aramides saracura,Tinamus solitarius,Tinamus solitarius,Tinamus solitarius,Aramides saracura,Crypturellus,Tinamidae,1,Bajo
4134,Crypturellus obsoletus,Tinamus solitarius,Odontophorus capueira,Tinamus solitarius,Tinamus solitarius,Tinamus solitarius,Tinamus solitarius,Tinamus solitarius,Odontophorus capueira,Odontophorus capueira,Odontophorus capueira,Tinamus solitarius,Crypturellus,Tinamidae,1,Bajo
4136,Crypturellus obsoletus,Crypturellus obsoletus,Crypturellus obsoletus,Crypturellus obsoletus,Crypturellus tataupa,Dasyprocta azarae,Dasyprocta azarae,Aramides saracura,Crypturellus obsoletus,Crypturellus obsoletus,Crypturellus obsoletus,Dasyprocta azarae,Crypturellus,Tinamidae,1,Bajo
4138,Crypturellus obsoletus,Crypturellus tataupa,Crypturellus tataupa,Crypturellus tataupa,Crypturellus tataupa,Crypturellus tataupa,Tinamus solitarius,Phrynops williamsi,Crypturellus tataupa,Crypturellus tataupa,Crypturellus tataupa,Crypturellus tataupa,Crypturellus,Tinamidae,1,Bajo
4139,Crypturellus obsoletus,Tinamus solitarius,Tinamus solitarius,Crypturellus obsoletus,Tinamus solitarius,Tinamus solitarius,Tinamus solitarius,Tinamus solitarius,Tinamus solitarius,Tinamus solitarius,Tinamus solitarius,Tinamus solitarius,Crypturellus,Tinamidae,1,Bajo
4140,Crypturellus obsoletus,Geotrygon montana,Odontophorus capueira,Tinamus solitarius,Tinamus solitarius,Tinamus solitarius,Leptotila rufaxilla,Tinamus solitarius,Odontophorus capueira,Odontophorus capueira,Odontophorus capueira,Geotrygon montana,Crypturellus,Tinamidae,1,Bajo
4141,Crypturellus obsoletus,Leptotila rufaxilla,Tinamus solitarius,Tinamus solitarius,Leptotila rufaxilla,Tinamus solitarius,Leptotila rufaxilla,Tinamus solitarius,Tinamus solitarius,Tinamus solitarius,Tinamus solitarius,Leptotila rufaxilla,Crypturellus,Tinamidae,1,Bajo
4144,Crypturellus obsoletus,Tinamus solitarius,Crypturellus tataupa,Crypturellus obsoletus,Crypturellus tataupa,Tinamus solitarius,Leptotila rufaxilla,Myiothlypis leucoblephara,Crypturellus tataupa,Crypturellus tataupa,Crypturellus tataupa,Tinamus solitarius,Crypturellus,Tinamidae,1,Bajo
4145,Crypturellus obsoletus,Crypturellus obsoletus,Crypturellus obsoletus,Crypturellus obsoletus,Crypturellus obsoletus,Aramides saracura,Aramides saracura,Aramides saracura,Crypturellus obsoletus,Crypturellus obsoletus,Crypturellus obsoletus,Crypturellus obsoletus,Crypturellus,Tinamidae,1,Bajo
4146,Crypturellus obsoletus,Crypturellus obsoletus,Crypturellus tataupa,Crypturellus obsoletus,Crypturellus obsoletus,Crypturellus obsoletus,Tinamus solitarius,Crypturellus obsoletus,Crypturellus tataupa,Crypturellus tataupa,Crypturellus tataupa,Crypturellus obsoletus,Crypturellus,Tinamidae,1,Bajo
4147,Crypturellus obsoletus,Crypturellus obsoletus,Crypturellus obsoletus,Crypturellus obsoletus,Chamaeza campanisona,Crypturellus obsoletus,Tinamus solitarius,Tinamus solitarius,Crypturellus obsoletus,Crypturellus obsoletus,Crypturellus obsoletus,Crypturellus obsoletus,Crypturellus,Tinamidae,1,Bajo
4148,Crypturellus obsoletus,Tinamus solitarius,Tinamus solitarius,Tinamus solitarius,Tinamus solitarius,Tinamus solitarius,Tinamus solitarius,Tinamus solitarius,Tinamus solitarius,Tinamus solitarius,Tinamus solitarius,Tinamus solitarius,Crypturellus,Tinamidae,1,Bajo
4149,Crypturellus obsoletus,Dasyprocta azarae,Crypturellus obsoletus,Crypturellus obsoletus,Crypturellus obsoletus,Tinamus solitarius,Dasyprocta azarae,Dasyprocta azarae,Crypturellus obsoletus,Crypturellus obsoletus,Crypturellus obsoletus,Dasyprocta azarae,Crypturellus,Tinamidae,1,Bajo
4150,Crypturellus obsoletus,Crypturellus obsoletus,Crypturellus obsoletus,Aramides saracura,Crypturellus obsoletus,Crypturellus obsoletus,Aramides saracura,Crypturellus obsoletus,Crypturellus obsoletus,Crypturellus obsoletus,Crypturellus obsoletus,Crypturellus obsoletus,Crypturellus,Tinamidae,1,Bajo
4151,Crypturellus obsoletus,Crypturellus obsoletus,Crypturellus obsoletus,Crypturellus obsoletus,Crypturellus obsoletus,Leptotila rufaxilla,Leptotila rufaxilla,Tinamus solitarius,Crypturellus obsoletus,Crypturellus obsoletus,Crypturellus obsoletus,Crypturellus obsoletus,Crypturellus,Tinamidae,1,Bajo
4152,Crypturellus obsoletus,Tinamus solitarius,Crypturellus tataupa,Crypturellus tataupa,Crypturellus tataupa,Tinamus solitarius,Tinamus solitarius,Crypturellus tataupa,Crypturellus tataupa,Crypturellus tataupa,Crypturellus tataupa,Tinamus solitarius,Crypturellus,Tinamidae,1,Bajo
4154,Crypturellus obsoletus,Tinamus solitarius,Tinamus solitarius,Tinamus solitarius,Tinamus solitarius,Tinamus solitarius,Tinamus solitarius,Tinamus solitarius,Tinamus solitarius,Tinamus solitarius,Tinamus solitarius,Tinamus solitarius,Crypturellus,Tinamidae,1,Bajo
4155,Crypturellus obsoletus,Tinamus solitarius,Crypturellus obsoletus,Tinamus solitarius,Tinamus solitarius,Tinamus solitarius,Tinamus solitarius,Tinamus solitarius,Crypturellus obsoletus,Crypturellus obsoletus,Crypturellus obsoletus,Tinamus solitarius,Crypturellus,Tinamidae,1,Bajo
4156,Crypturellus obsoletus,Crypturellus obsoletus,Leptotila rufaxilla,Aramides saracura,Aramides saracura,Crypturellus obsoletus,Aramides saracura,Crypturellus obsoletus,Leptotila rufaxilla,Leptotila rufaxilla,Leptotila rufaxilla,Crypturellus obsoletus,Crypturellus,Tinamidae,1,Bajo
4158,Crypturellus obsoletus,Leptotila rufaxilla,Crypturellus obsoletus,Aramides saracura,Leptotila rufaxilla,Leptotila rufaxilla,Leptotila rufaxilla,Leptotila rufaxilla,Crypturellus obsoletus,Crypturellus obsoletus,Crypturellus obsoletus,Leptotila rufaxilla,Crypturellus,Tinamidae,1,Bajo
4159,Crypturellus obsoletus,Tinamus solitarius,Tinamus solitarius,Crypturellus obsoletus,Crypturellus tataupa,Tinamus solitarius,Tinamus solitarius,Tinamus solitarius,Tinamus solitarius,Tinamus solitarius,Tinamus solitarius,Tinamus solitarius,Crypturellus,Tinamidae,1,Bajo
4162,Crypturellus tataupa,Crypturellus obsoletus,Crypturellus obsoletus,Crypturellus obsoletus,Crypturellus obsoletus,Aramides saracura,Aramides saracura,Aramides saracura,Crypturellus obsoletus,Crypturellus obsoletus,Crypturellus obsoletus,Crypturellus obsoletus,Crypturellus,Tinamidae,1,Bajo
4163,Crypturellus tataupa,Odontophorus capueira,Odontophorus capueira capueira,Crypturellus tataupa,Odontophorus capueira capueira,Crypturellus tataupa,Tinamus solitarius,Nyctidromus albicollis,Odontophorus capueira capueira,Odontophorus capueira capueira,Odontophorus capueira capueira,Odontophorus capueira,Crypturellus,Tinamidae,1,Bajo
4165,Crypturellus tataupa,Crypturellus obsoletus,Leptotila rufaxilla,Aramides saracura,Aramides saracura,Manacus manacus,Leptotila rufaxilla,Dasyprocta azarae,Leptotila rufaxilla,Leptotila rufaxilla,Leptotila rufaxilla,Crypturellus obsoletus,Crypturellus,Tinamidae,1,Bajo
4166,Crypturellus tataupa,Tinamus solitarius,Tinamus solitarius,Aramides saracura,Aramides saracura,Tinamus solitarius,Aramides saracura,Crypturellus obsoletus,Tinamus solitarius,Tinamus solitarius,Tinamus solitarius,Tinamus solitarius,Crypturellus,Tinamidae,1,Bajo
4167,Crypturellus tataupa,Crypturellus obsoletus,Geotrygon montana,Conopophaga lineata,Conopophaga lineata,Manacus manacus,Aramides saracura,Myiothlypis leucoblephara,Geotrygon montana,Geotrygon montana,Geotrygon montana,Crypturellus obsoletus,Crypturellus,Tinamidae,1,Bajo
4169,Crypturellus tataupa,Crypturellus obsoletus,Crypturellus obsoletus,Crypturellus obsoletus,Crypturellus obsoletus,Crypturellus obsoletus,Aramides saracura,Aramides saracura,Crypturellus obsoletus,Crypturellus obsoletus,Crypturellus obsoletus,Crypturellus obsoletus,Crypturellus,Tinamidae,1,Bajo
4171,Crypturellus tataupa,Crypturellus obsoletus,Tinamus solitarius,Crypturellus obsoletus,Crypturellus obsoletus,Aramides saracura,Aramides saracura,Aramides saracura,Tinamus solitarius,Tinamus solitarius,Tinamus solitarius,Crypturellus obsoletus,Crypturellus,Tinamidae,1,Bajo
4172,Crypturellus tataupa,Crypturellus tataupa,Crypturellus tataupa,Crypturellus tataupa,Crypturellus tataupa,Aramides saracura,Tinamus solitarius,Tinamus solitarius,Crypturellus tataupa,Crypturellus tataupa,Crypturellus tataupa,Crypturellus tataupa,Crypturellus,Tinamidae,1,Bajo
4173,Crypturellus tataupa,Crypturellus tataupa,Crypturellus obsoletus,Crypturellus obsoletus,Tinamus solitarius,Crypturellus tataupa,Leptotila rufaxilla,Tinamus solitarius,Crypturellus obsoletus,Crypturellus obsoletus,Crypturellus obsoletus,Crypturellus tataupa,Crypturellus,Tinamidae,1,Bajo
4175,Crypturellus tataupa,Leptotila rufaxilla,Leptotila rufaxilla,Leptotila rufaxilla,Leptotila rufaxilla,Leptotila rufaxilla,Leptotila rufaxilla,Leptotila rufaxilla,Leptotila rufaxilla,Leptotila rufaxilla,Leptotila rufaxilla,Leptotila rufaxilla,Crypturellus,Tinamidae,1,Bajo
4177,Crypturellus tataupa,Crypturellus tataupa,Geotrygon montana,Tinamus solitarius,Tinamus solitarius,Crypturellus tataupa,Tinamus solitarius,Crypturellus tataupa,Geotrygon montana,Geotrygon montana,Geotrygon montana,Crypturellus tataupa,Crypturellus,Tinamidae,1,Bajo
4178,Crypturellus tataupa,Crypturellus obsoletus,Tinamus solitarius,Aramides saracura,Aramides saracura,Aramides saracura,Aramides saracura,Aramides saracura,Tinamus solitarius,Tinamus solitarius,Tinamus solitarius,Crypturellus obsoletus,Crypturellus,Tinamidae,1,Bajo
4179,Crypturellus tataupa,Aramides saracura,Crypturellus obsoletus,Crypturellus obsoletus,Leptotila rufaxilla,Aramides saracura,Aramides saracura,Aramides saracura,Crypturellus obsoletus,Crypturellus obsoletus,Crypturellus obsoletus,Aramides saracura,Crypturellus,Tinamidae,1,Bajo
4180,Crypturellus tataupa,Crypturellus obsoletus,Leptotila rufaxilla,Aramides saracura,Aramides saracura,Crypturellus obsoletus,Leptotila rufaxilla,Leptotila rufaxilla,Leptotila rufaxilla,Leptotila rufaxilla,Leptotila rufaxilla,Crypturellus obsoletus,Crypturellus,Tinamidae,1,Bajo
4181,Crypturellus tataupa,Crypturellus obsoletus,Chamaeza campanisona,Chamaeza campanisona,Dasyprocta azarae,Dasyprocta azarae,Dasyprocta azarae,Crypturellus obsoletus,Chamaeza campanisona,Chamaeza campanisona,Chamaeza campanisona,Crypturellus obsoletus,Crypturellus,Tinamidae,1,Bajo
4182,Crypturellus tataupa,Aramides saracura,Tinamus solitarius,Aramides saracura,Aramides saracura,Aramides saracura,Aramides saracura,Aramides saracura,Tinamus solitarius,Tinamus solitarius,Tinamus solitarius,Aramides saracura,Crypturellus,Tinamidae,1,Bajo
4183,Crypturellus tataupa,Tinamus solitarius,Tinamus solitarius,Crypturellus obsoletus,Crypturellus obsoletus,Tinamus solitarius,Tinamus solitarius,Crypturellus tataupa,Tinamus solitarius,Tinamus solitarius,Tinamus solitarius,Tinamus solitarius,Crypturellus,Tinamidae,1,Bajo
4184,Crypturellus tataupa,Crypturellus tataupa,Tinamus solitarius,Tinamus solitarius,Crypturellus tataupa,Tinamus solitarius,Tinamus solitarius,Crypturellus tataupa,Tinamus solitarius,Tinamus solitarius,Tinamus solitarius,Crypturellus tataupa,Crypturellus,Tinamidae,1,Bajo
4185,Crypturellus tataupa,Geotrygon montana,Geotrygon montana,Didelphis aurita,Baryphthengus ruficapillus,Geotrygon montana,Leptotila verreauxi,Leptotila verreauxi,Geotrygon montana,Geotrygon montana,Geotrygon montana,Geotrygon montana,Crypturellus,Tinamidae,1,Bajo
4186,Crypturellus tataupa,Tinamus solitarius,Crypturellus tataupa,Crypturellus obsoletus,Tinamus solitarius,Tinamus solitarius,Tinamus solitarius,Crypturellus tataupa,Crypturellus tataupa,Crypturellus tataupa,Crypturellus tataupa,Tinamus solitarius,Crypturellus,Tinamidae,1,Bajo
4189,Crypturellus tataupa,Crypturellus obsoletus,Pecari tajacu,Crypturellus tataupa,Crypturellus obsoletus,Crypturellus obsoletus,Aramides saracura,Lycalopex gymnocerca,Pecari tajacu,Pecari tajacu,Pecari tajacu,Crypturellus obsoletus,Crypturellus,Tinamidae,1,Bajo
4190,Crypturellus tataupa,Didelphis aurita,Synallaxis ruficapilla,Leptotila verreauxi,Didelphis aurita,Leptotila verreauxi,Didelphis albiventris,Aramides saracura,Synallaxis ruficapilla,Synallaxis ruficapilla,Synallaxis ruficapilla,Didelphis aurita,Crypturellus,Tinamidae,1,Bajo
4191,Crypturellus tataupa,Herpailurus yagouaroundi,Salvator merianae,Salvator merianae,Salvator merianae,Hydrochoerus hydrochaeris,Aramides saracura,Leopardus guttulus,Salvator merianae,Salvator merianae,Salvator merianae,Herpailurus yagouaroundi,Crypturellus,Tinamidae,1,Bajo
4192,Crypturellus tataupa,Geotrygon montana,Geotrygon montana,Chamaeza campanisona,Tinamus solitarius,Geotrygon montana,Tinamus solitarius,Geotrygon montana,Geotrygon montana,Geotrygon montana,Geotrygon montana,Geotrygon montana,Crypturellus,Tinamidae,1,Bajo
4193,Crypturellus tataupa,Crypturellus obsoletus,Crypturellus obsoletus,Crypturellus obsoletus,Crypturellus obsoletus,Crypturellus obsoletus,Aramides saracura,Aramides saracura,Crypturellus obsoletus,Crypturellus obsoletus,Crypturellus obsoletus,Crypturellus obsoletus,Crypturellus,Tinamidae,1,Bajo
4194,Crypturellus tataupa,Tinamus solitarius,Tinamus solitarius,Tinamus solitarius,Tinamus solitarius,Tinamus solitarius,Tinamus solitarius,Tinamus solitarius,Tinamus solitarius,Tinamus solitarius,Tinamus solitarius,Tinamus solitarius,Crypturellus,Tinamidae,1,Bajo
4195,Crypturellus tataupa,Geotrygon montana,Geotrygon montana,Tinamus solitarius,Tinamus solitarius,Geotrygon montana,Tinamus solitarius,Tinamus solitarius,Geotrygon montana,Geotrygon montana,Geotrygon montana,Geotrygon montana,Crypturellus,Tinamidae,1,Bajo
4196,Crypturellus tataupa,Crypturellus obsoletus,Grallaria varia,Crypturellus obsoletus,Crypturellus obsoletus,Crypturellus obsoletus,Aramides saracura,Crypturellus tataupa,Grallaria varia,Grallaria varia,Grallaria varia,Crypturellus obsoletus,Crypturellus,Tinamidae,1,Bajo
4198,Crypturellus tataupa,Crypturellus tataupa,Crypturellus tataupa,Crypturellus tataupa,Crypturellus tataupa,Crypturellus tataupa,Leptotila rufaxilla,Crypturellus tataupa,Crypturellus tataupa,Crypturellus tataupa,Crypturellus tataupa,Crypturellus tataupa,Crypturellus,Tinamidae,1,Bajo
4199,Crypturellus tataupa,Herpailurus yagouaroundi,Mazama nanus,Herpailurus yagouaroundi,Mazama nanus,Leptotila verreauxi,Aramides saracura,Galictis cuja,Mazama nanus,Mazama nanus,Mazama nanus,Herpailurus yagouaroundi,Crypturellus,Tinamidae,1,Bajo
4200,Crypturellus tataupa,Crypturellus tataupa,Crypturellus tataupa,Aramides saracura,Crypturellus tataupa,Crypturellus tataupa,Aramides saracura,Mazama nanus,Crypturellus tataupa,Crypturellus tataupa,Crypturellus tataupa,Crypturellus tataupa,Crypturellus,Tinamidae,1,Bajo
4201,Crypturellus tataupa,Leptotila rufaxilla,Crypturellus obsoletus,Crypturellus obsoletus,Crypturellus obsoletus,Crypturellus obsoletus,Leptotila rufaxilla,Leptotila rufaxilla,Crypturellus obsoletus,Crypturellus obsoletus,Crypturellus obsoletus,Leptotila rufaxilla,Crypturellus,Tinamidae,1,Bajo
4204,Nothura maculosa,Nothura maculosa,Nothura maculosa,Nothura maculosa,Nothura maculosa,Nothura maculosa,Nothura maculosa,Nothura maculosa,Nothura maculosa,Nothura maculosa,Nothura maculosa,Nothura maculosa,Nothura,Tinamidae,1,Bajo
4205,Nothura maculosa,Nothura maculosa,Nothura maculosa,Nothura maculosa,Nothura maculosa,Nothura maculosa,Nothura maculosa,Nothura maculosa,Nothura maculosa,Nothura maculosa,Nothura maculosa,Nothura maculosa,Nothura,Tinamidae,1,Bajo
4206,Nothura maculosa,Herpailurus yagouaroundi,Leopardus guttulus,Leopardus guttulus,Leopardus guttulus,Nothura maculosa,Leopardus guttulus,Lepus europaeus,Leopardus guttulus,Leopardus guttulus,Leopardus guttulus,Herpailurus yagouaroundi,Nothura,Tinamidae,1,Bajo
4207,Nothura maculosa,Nothura maculosa,Nothura maculosa,Nothura maculosa,Nothura maculosa,Nothura maculosa,Nothura maculosa,Nothura maculosa,Nothura maculosa,Nothura maculosa,Nothura maculosa,Nothura maculosa,Nothura,Tinamidae,1,Bajo
4208,Nothura maculosa,Nothura maculosa,Nothura maculosa,Lepus europaeus,Lepus europaeus,Nothura maculosa,Nothura maculosa,Nothura maculosa,Nothura maculosa,Nothura maculosa,Nothura maculosa,Nothura maculosa,Nothura,Tinamidae,1,Bajo
4209,Nothura maculosa,Nothura maculosa,Nothura maculosa,Nothura maculosa,Nothura maculosa,Nothura maculosa,Nothura maculosa,Nothura maculosa,Nothura maculosa,Nothura maculosa,Nothura maculosa,Nothura maculosa,Nothura,Tinamidae,1,Bajo
4210,Nothura maculosa,Nothura maculosa,Nothura maculosa,Nothura maculosa,Nothura maculosa,Nothura maculosa,Nothura maculosa,Nothura maculosa,Nothura maculosa,Nothura maculosa,Nothura maculosa,Nothura maculosa,Nothura,Tinamidae,1,Bajo
4211,Nothura maculosa,Nothura maculosa,Nothura maculosa,Nothura maculosa,Nothura maculosa,Nothura maculosa,Nothura maculosa,Nothura maculosa,Nothura maculosa,Nothura maculosa,Nothura maculosa,Nothura maculosa,Nothura,Tinamidae,1,Bajo
4212,Nothura maculosa,Nothura maculosa,Nothura maculosa,Nothura maculosa,Nothura maculosa,Nothura maculosa,Nothura maculosa,Nothura maculosa,Nothura maculosa,Nothura maculosa,Nothura maculosa,Nothura maculosa,Nothura,Tinamidae,1,Bajo
4213,Nothura maculosa,Nothura maculosa,Nothura maculosa,Nothura maculosa,Nothura maculosa,Nothura maculosa,Nothura maculosa,Nothura maculosa,Nothura maculosa,Nothura maculosa,Nothura maculosa,Nothura maculosa,Nothura,Tinamidae,1,Bajo
4214,Nothura maculosa,Nothura maculosa,Nothura maculosa,Nothura maculosa,Nothura maculosa,Nothura maculosa,Nothura maculosa,Nothura maculosa,Nothura maculosa,Nothura maculosa,Nothura maculosa,Nothura maculosa,Nothura,Tinamidae,1,Bajo
4215,Nothura maculosa,Nothura maculosa,Nothura maculosa,Nothura maculosa,Nothura maculosa,Nothura maculosa,Nothura maculosa,Nothura maculosa,Nothura maculosa,Nothura maculosa,Nothura maculosa,Nothura maculosa,Nothura,Tinamidae,1,Bajo
4216,Nothura maculosa,Nothura maculosa,Nothura maculosa,Lepus europaeus,Lepus europaeus,Nothura maculosa,Nothura maculosa,Nothura maculosa,Nothura maculosa,Nothura maculosa,Nothura maculosa,Nothura maculosa,Nothura,Tinamidae,1,Bajo
4217,Nothura maculosa,Nothura maculosa,Nothura maculosa,Nothura maculosa,Nothura maculosa,Nothura maculosa,Nothura maculosa,Nothura maculosa,Nothura maculosa,Nothura maculosa,Nothura maculosa,Nothura maculosa,Nothura,Tinamidae,1,Bajo
4219,Nothura maculosa,Nothura maculosa,Nothura maculosa,Nothura maculosa,Nothura maculosa,Nothura maculosa,Nothura maculosa,Nothura maculosa,Nothura maculosa,Nothura maculosa,Nothura maculosa,Nothura maculosa,Nothura,Tinamidae,1,Bajo
4220,Nothura maculosa,Nothura maculosa,Nothura maculosa,Nothura maculosa,Nothura maculosa,Nothura maculosa,Nothura maculosa,Sus scrofa,Nothura maculosa,Nothura maculosa,Nothura maculosa,Nothura maculosa,Nothura,Tinamidae,1,Bajo
4223,Nothura maculosa,Nothura maculosa,Nothura maculosa,Nothura maculosa,Nothura maculosa,Nothura maculosa,Nothura maculosa,Nothura maculosa,Nothura maculosa,Nothura maculosa,Nothura maculosa,Nothura maculosa,Nothura,Tinamidae,1,Bajo
4224,Nothura maculosa,Nothura maculosa,Nothura maculosa,Nothura maculosa,Nothura maculosa,Nothura maculosa,Nothura maculosa,Nothura maculosa,Nothura maculosa,Nothura maculosa,Nothura maculosa,Nothura maculosa,Nothura,Tinamidae,1,Bajo
4225,Nothura maculosa,Nothura maculosa,Nothura maculosa,Nothura maculosa,Nothura maculosa,Nothura maculosa,Nothura maculosa,Nothura maculosa,Nothura maculosa,Nothura maculosa,Nothura maculosa,Nothura maculosa,Nothura,Tinamidae,1,Bajo
4226,Nothura maculosa,Nothura maculosa,Eira barbara,Eira barbara,Lepus europaeus,Nothura maculosa,Nothura maculosa,Lepus europaeus,Eira barbara,Eira barbara,Eira barbara,Nothura maculosa,Nothura,Tinamidae,1,Bajo
4227,Nothura maculosa,Nothura maculosa,Nothura maculosa,Nothura maculosa,Nothura maculosa,Nothura maculosa,Nothura maculosa,Nothura maculosa,Nothura maculosa,Nothura maculosa,Nothura maculosa,Nothura maculosa,Nothura,Tinamidae,1,Bajo
4228,Nothura maculosa,Nothura maculosa,Nothura maculosa,Nothura maculosa,Nothura maculosa,Nothura maculosa,Nothura maculosa,Nothura maculosa,Nothura maculosa,Nothura maculosa,Nothura maculosa,Nothura maculosa,Nothura,Tinamidae,1,Bajo
4229,Nothura maculosa,Nothura maculosa,Nothura maculosa,Nothura maculosa,Nothura maculosa,Nothura maculosa,Nothura maculosa,Nothura maculosa,Nothura maculosa,Nothura maculosa,Nothura maculosa,Nothura maculosa,Nothura,Tinamidae,1,Bajo
4230,Nothura maculosa,Nothura maculosa,Nothura maculosa,Crypturellus obsoletus,Chamaeza campanisona,Nothura maculosa,Nothura maculosa,Nothura maculosa,Nothura maculosa,Nothura maculosa,Nothura maculosa,Nothura maculosa,Nothura,Tinamidae,1,Bajo
4232,Nothura maculosa,Sporophila pileata,Lepus europaeus,Lepus europaeus,Lepus europaeus,Nothura maculosa,Lepus europaeus,Sporophila pileata,Lepus europaeus,Lepus europaeus,Lepus europaeus,Sporophila pileata,Nothura,Tinamidae,1,Bajo
4234,Nothura maculosa,Nothura maculosa,Nothura maculosa,Nothura maculosa,Nothura maculosa,Nothura maculosa,Nothura maculosa,Nothura maculosa,Nothura maculosa,Nothura maculosa,Nothura maculosa,Nothura maculosa,Nothura,Tinamidae,1,Bajo
4235,Nothura maculosa,Nothura maculosa,Nothura maculosa,Dasypus novemcinctus,Nothura maculosa,Nothura maculosa,Nothura maculosa,Nothura maculosa,Nothura maculosa,Nothura maculosa,Nothura maculosa,Nothura maculosa,Nothura,Tinamidae,1,Bajo
4236,Nothura maculosa,Nothura maculosa,Grallaria varia,Grallaria varia,Odontophorus capueira capueira,Nothura maculosa,Nothura maculosa,Nothura maculosa,Grallaria varia,Grallaria varia,Grallaria varia,Nothura maculosa,Nothura,Tinamidae,1,Bajo
4237,Nothura maculosa,Nothura maculosa,Nothura maculosa,Nothura maculosa,Nothura maculosa,Nothura maculosa,Nothura maculosa,Nothura maculosa,Nothura maculosa,Nothura maculosa,Nothura maculosa,Nothura maculosa,Nothura,Tinamidae,1,Bajo
4238,Nothura maculosa,Nothura maculosa,Nothura maculosa,Leptotila rufaxilla,Chamaeza campanisona,Nothura maculosa,Nothura maculosa,Nothura maculosa,Nothura maculosa,Nothura maculosa,Nothura maculosa,Nothura maculosa,Nothura,Tinamidae,1,Bajo
4239,Nothura maculosa,Nothura maculosa,Nothura maculosa,Nothura maculosa,Nothura maculosa,Nothura maculosa,Nothura maculosa,Nothura maculosa,Nothura maculosa,Nothura maculosa,Nothura maculosa,Nothura maculosa,Nothura,Tinamidae,1,Bajo
4242,Nothura maculosa,Nothura maculosa,Nothura maculosa,Nothura maculosa,Nothura maculosa,Nothura maculosa,Nothura maculosa,Nothura maculosa,Nothura maculosa,Nothura maculosa,Nothura maculosa,Nothura maculosa,Nothura,Tinamidae,1,Bajo
4243,Nothura maculosa,Mazama nanus,Mazama nanus,Leopardus guttulus,Leopardus guttulus,Nothura maculosa,Nothura maculosa,Leopardus guttulus,Mazama nanus,Mazama nanus,Mazama nanus,Mazama nanus,Nothura,Tinamidae,1,Bajo
4244,Nothura maculosa,Nothura maculosa,Nothura maculosa,Nothura maculosa,Nothura maculosa,Nothura maculosa,Nothura maculosa,Nothura maculosa,Nothura maculosa,Nothura maculosa,Nothura maculosa,Nothura maculosa,Nothura,Tinamidae,1,Bajo
4245,Nothura maculosa,Galictis cuja,Lepus europaeus,Hydropsalis torquata,Hydropsalis torquata,Nothura maculosa,Hydropsalis torquata,Galictis cuja,Lepus europaeus,Lepus europaeus,Lepus europaeus,Galictis cuja,Nothura,Tinamidae,1,Bajo
4246,Nothura maculosa,Nothura maculosa,Lepus europaeus,Cerdocyon thous,Nothura maculosa,Nothura maculosa,Salvator merianae,Lepus europaeus,Lepus europaeus,Lepus europaeus,Lepus europaeus,Nothura maculosa,Nothura,Tinamidae,1,Bajo
4247,Nothura maculosa,Nothura maculosa,Sporophila pileata,Lepus europaeus,Lepus europaeus,Nothura maculosa,Nothura maculosa,Lepus europaeus,Sporophila pileata,Sporophila pileata,Sporophila pileata,Nothura maculosa,Nothura,Tinamidae,1,Bajo
4248,Nothura maculosa,Nothura maculosa,Nothura maculosa,Nothura maculosa,Nothura maculosa,Nothura maculosa,Nothura maculosa,Nothura maculosa,Nothura maculosa,Nothura maculosa,Nothura maculosa,Nothura maculosa,Nothura,Tinamidae,1,Bajo
4249,Nothura maculosa,Nothura maculosa,Nothura maculosa,Nothura maculosa,Nothura maculosa,Nothura maculosa,Nothura maculosa,Nothura maculosa,Nothura maculosa,Nothura maculosa,Nothura maculosa,Nothura maculosa,Nothura,Tinamidae,1,Bajo
4251,Nothura maculosa,Nothura maculosa,Nothura maculosa,Nothura maculosa,Nothura maculosa,Nothura maculosa,Nothura maculosa,Nothura maculosa,Nothura maculosa,Nothura maculosa,Nothura maculosa,Nothura maculosa,Nothura,Tinamidae,1,Bajo
4252,Nothura maculosa,Nothura maculosa,Nothura maculosa,Nothura maculosa,Nothura maculosa,Nothura maculosa,Nothura maculosa,Nothura maculosa,Nothura maculosa,Nothura maculosa,Nothura maculosa,Nothura maculosa,Nothura,Tinamidae,1,Bajo
4253,Nothura maculosa,Nothura maculosa,Nothura maculosa,Nothura maculosa,Nothura maculosa,Nothura maculosa,Nothura maculosa,Nothura maculosa,Nothura maculosa,Nothura maculosa,Nothura maculosa,Nothura maculosa,Nothura,Tinamidae,1,Bajo
4254,Nothura maculosa,Nothura maculosa,Nothura maculosa,Eira barbara,Nothura maculosa,Nothura maculosa,Nothura maculosa,Nothura maculosa,Nothura maculosa,Nothura maculosa,Nothura maculosa,Nothura maculosa,Nothura,Tinamidae,1,Bajo
4255,Nothura maculosa,Nothura maculosa,Nothura maculosa,Nothura maculosa,Nothura maculosa,Nothura maculosa,Nothura maculosa,Nothura maculosa,Nothura maculosa,Nothura maculosa,Nothura maculosa,Nothura maculosa,Nothura,Tinamidae,1,Bajo
4256,Nothura maculosa,Nothura maculosa,Nothura maculosa,Nothura maculosa,Nothura maculosa,Nothura maculosa,Nothura maculosa,Lepus europaeus,Nothura maculosa,Nothura maculosa,Nothura maculosa,Nothura maculosa,Nothura,Tinamidae,1,Bajo
4257,Nothura maculosa,Nothura maculosa,Nothura maculosa,Lepus europaeus,Nothura maculosa,Nothura maculosa,Nothura maculosa,Nothura maculosa,Nothura maculosa,Nothura maculosa,Nothura maculosa,Nothura maculosa,Nothura,Tinamidae,1,Bajo
4258,Nothura maculosa,Nothura maculosa,Sus scrofa domesticus,Nothura maculosa,Nothura maculosa,Nothura maculosa,Nothura maculosa,Subulo gouazoubira,Sus scrofa domesticus,Sus scrofa domesticus,Sus scrofa domesticus,Nothura maculosa,Nothura,Tinamidae,1,Bajo
4259,Nothura maculosa,Nothura maculosa,Nothura maculosa,Nothura maculosa,Nothura maculosa,Nothura maculosa,Nothura maculosa,Nothura maculosa,Nothura maculosa,Nothura maculosa,Nothura maculosa,Nothura maculosa,Nothura,Tinamidae,1,Bajo
4261,Nothura maculosa,Nothura maculosa,Nothura maculosa,Nothura maculosa,Nothura maculosa,Nothura maculosa,Nothura maculosa,Nothura maculosa,Nothura maculosa,Nothura maculosa,Nothura maculosa,Nothura maculosa,Nothura,Tinamidae,1,Bajo
4262,Nothura maculosa,Nothura maculosa,Lepus europaeus,Lepus europaeus,Lepus europaeus,Nothura maculosa,Nothura maculosa,Lepus europaeus,Lepus europaeus,Lepus europaeus,Lepus europaeus,Nothura maculosa,Nothura,Tinamidae,1,Bajo
4263,Nothura maculosa,Nothura maculosa,Sylvilagus brasiliensis,Lepus europaeus,Sylvilagus brasiliensis,Nothura maculosa,Nothura maculosa,Nothura maculosa,Sylvilagus brasiliensis,Sylvilagus brasiliensis,Sylvilagus brasiliensis,Nothura maculosa,Nothura,Tinamidae,1,Bajo
4264,Nothura maculosa,Nothura maculosa,Nothura maculosa,Nothura maculosa,Aramides saracura,Nothura maculosa,Nothura maculosa,Nothura maculosa,Nothura maculosa,Nothura maculosa,Nothura maculosa,Nothura maculosa,Nothura,Tinamidae,1,Bajo
4265,Nothura maculosa,Nothura maculosa,Nothura maculosa,Nothura maculosa,Nothura maculosa,Nothura maculosa,Nothura maculosa,Nothura maculosa,Nothura maculosa,Nothura maculosa,Nothura maculosa,Nothura maculosa,Nothura,Tinamidae,1,Bajo
4266,Nothura maculosa,Nothura maculosa,Nothura maculosa,Nothura maculosa,Nothura maculosa,Nothura maculosa,Nothura maculosa,Nothura maculosa,Nothura maculosa,Nothura maculosa,Nothura maculosa,Nothura maculosa,Nothura,Tinamidae,1,Bajo
4267,Nothura maculosa,Nothura maculosa,Nothura maculosa,Nothura maculosa,Nothura maculosa,Nothura maculosa,Nothura maculosa,Nothura maculosa,Nothura maculosa,Nothura maculosa,Nothura maculosa,Nothura maculosa,Nothura,Tinamidae,1,Bajo
4268,Nothura maculosa,Hydropsalis torquata,Chamaeza campanisona,Chamaeza campanisona,Nothura maculosa,Nothura maculosa,Hydropsalis torquata,Nothura maculosa,Chamaeza campanisona,Chamaeza campanisona,Chamaeza campanisona,Hydropsalis torquata,Nothura,Tinamidae,1,Bajo
4271,Tinamus solitarius,Tinamus solitarius,Tinamus solitarius,Tinamus solitarius,Tinamus solitarius,Tinamus solitarius,Tinamus solitarius,Tinamus solitarius,Tinamus solitarius,Tinamus solitarius,Tinamus solitarius,Tinamus solitarius,Tinamus,Tinamidae,6,Crítico
4272,Tinamus solitarius,Tinamus solitarius,Tinamus solitarius,Tinamus solitarius,Tinamus solitarius,Tinamus solitarius,Tinamus solitarius,Tinamus solitarius,Tinamus solitarius,Tinamus solitarius,Tinamus solitarius,Tinamus solitarius,Tinamus,Tinamidae,6,Crítico
4273,Tinamus solitarius,Crypturellus tataupa,Penelope superciliaris,Dasyprocta azarae,Cerdocyon thous,Tinamus solitarius,Dasyprocta azarae,Crypturellus tataupa,Penelope superciliaris,Penelope superciliaris,Penelope superciliaris,Crypturellus tataupa,Tinamus,Tinamidae,6,Crítico
4274,Tinamus solitarius,Tinamus solitarius,Crypturellus tataupa,Crypturellus tataupa,Crypturellus tataupa,Tinamus solitarius,Tinamus solitarius,Crypturellus tataupa,Crypturellus tataupa,Crypturellus tataupa,Crypturellus tataupa,Tinamus solitarius,Tinamus,Tinamidae,6,Crítico
4275,Tinamus solitarius,Tinamus solitarius,Tinamus solitarius,Tinamus solitarius,Tinamus solitarius,Tinamus solitarius,Tinamus solitarius,Odontophorus capueira,Tinamus solitarius,Tinamus solitarius,Tinamus solitarius,Tinamus solitarius,Tinamus,Tinamidae,6,Crítico
4276,Tinamus solitarius,Tinamus solitarius,Tinamus solitarius,Tinamus solitarius,Tinamus solitarius,Tinamus solitarius,Tinamus solitarius,Tinamus solitarius,Tinamus solitarius,Tinamus solitarius,Tinamus solitarius,Tinamus solitarius,Tinamus,Tinamidae,6,Crítico
4277,Tinamus solitarius,Crypturellus tataupa,Tinamus solitarius,Tinamus solitarius,Tinamus solitarius,Tinamus solitarius,Tinamus solitarius,Tinamus solitarius,Tinamus solitarius,Tinamus solitarius,Tinamus solitarius,Crypturellus tataupa,Tinamus,Tinamidae,6,Crítico
4278,Tinamus solitarius,Penelope superciliaris,Tinamus solitarius,Aramides saracura,Penelope superciliaris,Penelope superciliaris,Aramides saracura,Leptotila rufaxilla,Tinamus solitarius,Tinamus solitarius,Tinamus solitarius,Penelope superciliaris,Tinamus,Tinamidae,6,Crítico
4279,Tinamus solitarius,Tinamus solitarius,Tinamus solitarius,Geotrygon montana,Tinamus solitarius,Tinamus solitarius,Tinamus solitarius,Tinamus solitarius,Tinamus solitarius,Tinamus solitarius,Tinamus solitarius,Tinamus solitarius,Tinamus,Tinamidae,6,Crítico
4280,Tinamus solitarius,Tinamus solitarius,Tinamus solitarius,Tinamus solitarius,Tinamus solitarius,Tinamus solitarius,Tinamus solitarius,Tinamus solitarius,Tinamus solitarius,Tinamus solitarius,Tinamus solitarius,Tinamus solitarius,Tinamus,Tinamidae,6,Crítico
4281,Tinamus solitarius,Crypturellus tataupa,Crypturellus tataupa,Crypturellus tataupa,Crypturellus tataupa,Tinamus solitarius,Tinamus solitarius,Pyriglena leucoptera,Crypturellus tataupa,Crypturellus tataupa,Crypturellus tataupa,Crypturellus tataupa,Tinamus,Tinamidae,6,Crítico
4282,Tinamus solitarius,Tinamus solitarius,Tinamus solitarius,Tinamus solitarius,Tinamus solitarius,Tinamus solitarius,Tinamus solitarius,Tinamus solitarius,Tinamus solitarius,Tinamus solitarius,Tinamus solitarius,Tinamus solitarius,Tinamus,Tinamidae,6,Crítico
4285,Tinamus solitarius,Tinamus solitarius,Tinamus solitarius,Tinamus solitarius,Tinamus solitarius,Tinamus solitarius,Tinamus solitarius,Tinamus solitarius,Tinamus solitarius,Tinamus solitarius,Tinamus solitarius,Tinamus solitarius,Tinamus,Tinamidae,6,Crítico
4286,Tinamus solitarius,Tinamus solitarius,Tinamus solitarius,Aramides saracura,Tinamus solitarius,Tinamus solitarius,Tinamus solitarius,Tinamus solitarius,Tinamus solitarius,Tinamus solitarius,Tinamus solitarius,Tinamus solitarius,Tinamus,Tinamidae,6,Crítico
4287,Tinamus solitarius,Tinamus solitarius,Tinamus solitarius,Tinamus solitarius,Tinamus solitarius,Tinamus solitarius,Tinamus solitarius,Tinamus solitarius,Tinamus solitarius,Tinamus solitarius,Tinamus solitarius,Tinamus solitarius,Tinamus,Tinamidae,6,Crítico
4288,Tinamus solitarius,Tayassu pecari,Dasyprocta azarae,Dasyprocta azarae,Dasyprocta azarae,Eira barbara,Eira barbara,Eira barbara,Dasyprocta azarae,Dasyprocta azarae,Dasyprocta azarae,Tayassu pecari,Tinamus,Tinamidae,6,Crítico
4289,Tinamus solitarius,Crypturellus tataupa,Tinamus solitarius,Tinamus solitarius,Crypturellus tataupa,Tinamus solitarius,Tinamus solitarius,Tinamus solitarius,Tinamus solitarius,Tinamus solitarius,Tinamus solitarius,Crypturellus tataupa,Tinamus,Tinamidae,6,Crítico
4290,Tinamus solitarius,Mazama nanus,Pecari tajacu,Aramides saracura,Pecari tajacu,Tinamus solitarius,Aramides saracura,Aramides saracura,Pecari tajacu,Pecari tajacu,Pecari tajacu,Mazama nanus,Tinamus,Tinamidae,6,Crítico
4291,Tinamus solitarius,Tinamus solitarius,Tinamus solitarius,Tinamus solitarius,Tinamus solitarius,Tinamus solitarius,Tinamus solitarius,Tinamus solitarius,Tinamus solitarius,Tinamus solitarius,Tinamus solitarius,Tinamus solitarius,Tinamus,Tinamidae,6,Crítico
4294,Tinamus solitarius,Tinamus solitarius,Tinamus solitarius,Tinamus solitarius,Tinamus solitarius,Tinamus solitarius,Tinamus solitarius,Tinamus solitarius,Tinamus solitarius,Tinamus solitarius,Tinamus solitarius,Tinamus solitarius,Tinamus,Tinamidae,6,Crítico
4295,Tinamus solitarius,Tinamus solitarius,Tinamus solitarius,Aramides saracura,Dasyprocta azarae,Tinamus solitarius,Tinamus solitarius,Aramides saracura,Tinamus solitarius,Tinamus solitarius,Tinamus solitarius,Tinamus solitarius,Tinamus,Tinamidae,6,Crítico
4297,Tinamus solitarius,Puma concolor,Tinamus solitarius,Leopardus guttulus,Cuniculus paca,Tinamus solitarius,Leopardus guttulus,Tinamus solitarius,Tinamus solitarius,Tinamus solitarius,Tinamus solitarius,Puma concolor,Tinamus,Tinamidae,6,Crítico
4298,Tinamus solitarius,Tinamus solitarius,Crypturellus tataupa,Aramides saracura,Aramides saracura,Tinamus solitarius,Tinamus solitarius,Tinamus solitarius,Crypturellus tataupa,Crypturellus tataupa,Crypturellus tataupa,Tinamus solitarius,Tinamus,Tinamidae,6,Crítico
4301,Tinamus solitarius,Tinamus solitarius,Crypturellus obsoletus,Crypturellus obsoletus,Tinamus solitarius,Tinamus solitarius,Tinamus solitarius,Tinamus solitarius,Crypturellus obsoletus,Crypturellus obsoletus,Crypturellus obsoletus,Tinamus solitarius,Tinamus,Tinamidae,6,Crítico
4303,Tinamus solitarius,Tayassu pecari,Crypturellus tataupa,Crypturellus tataupa,Crypturellus tataupa,Crypturellus tataupa,Dasyprocta azarae,Dasyprocta azarae,Crypturellus tataupa,Crypturellus tataupa,Crypturellus tataupa,Tayassu pecari,Tinamus,Tinamidae,6,Crítico
4304,Tinamus solitarius,Tinamus solitarius,Tinamus solitarius,Tinamus solitarius,Tinamus solitarius,Tinamus solitarius,Tinamus solitarius,Tinamus solitarius,Tinamus solitarius,Tinamus solitarius,Tinamus solitarius,Tinamus solitarius,Tinamus,Tinamidae,6,Crítico
4306,Tinamus solitarius,Penelope superciliaris,Turdus albicollis,Dasyprocta azarae,Chamaeza campanisona,Baryphthengus ruficapillus,Penelope superciliaris,Cerdocyon thous,Turdus albicollis,Turdus albicollis,Turdus albicollis,Penelope superciliaris,Tinamus,Tinamidae,6,Crítico
4307,Tinamus solitarius,Tayassu pecari,Crypturellus tataupa,Pecari tajacu,Pecari tajacu,Penelope superciliaris,Aramides saracura,Aramides saracura,Crypturellus tataupa,Crypturellus tataupa,Crypturellus tataupa,Tayassu pecari,Tinamus,Tinamidae,6,Crítico
4308,Tinamus solitarius,Leptotila rufaxilla,Crypturellus obsoletus,Crypturellus obsoletus,Crypturellus obsoletus,Tinamus solitarius,Leptotila rufaxilla,Tinamus solitarius,Crypturellus obsoletus,Crypturellus obsoletus,Crypturellus obsoletus,Leptotila rufaxilla,Tinamus,Tinamidae,6,Crítico
4309,Tinamus solitarius,Tinamus solitarius,Tinamus solitarius,Crypturellus obsoletus,Crypturellus obsoletus,Tinamus solitarius,Tinamus solitarius,Tinamus solitarius,Tinamus solitarius,Tinamus solitarius,Tinamus solitarius,Tinamus solitarius,Tinamus,Tinamidae,6,Crítico
4310,Tinamus solitarius,Tinamus solitarius,Tinamus solitarius,Tinamus solitarius,Tinamus solitarius,Tinamus solitarius,Tinamus solitarius,Tinamus solitarius,Tinamus solitarius,Tinamus solitarius,Tinamus solitarius,Tinamus solitarius,Tinamus,Tinamidae,6,Crítico
4311,Tinamus solitarius,Tinamus solitarius,Tinamus solitarius,Tinamus solitarius,Tinamus solitarius,Tinamus solitarius,Tinamus solitarius,Tinamus solitarius,Tinamus solitarius,Tinamus solitarius,Tinamus solitarius,Tinamus solitarius,Tinamus,Tinamidae,6,Crítico
4312,Tinamus solitarius,Tinamus solitarius,Tinamus solitarius,Tinamus solitarius,Tinamus solitarius,Tinamus solitarius,Tinamus solitarius,Tinamus solitarius,Tinamus solitarius,Tinamus solitarius,Tinamus solitarius,Tinamus solitarius,Tinamus,Tinamidae,6,Crítico
4313,Tinamus solitarius,Tinamus solitarius,Tinamus solitarius,Tinamus solitarius,Tinamus solitarius,Tinamus solitarius,Tinamus solitarius,Tinamus solitarius,Tinamus solitarius,Tinamus solitarius,Tinamus solitarius,Tinamus solitarius,Tinamus,Tinamidae,6,Crítico
4315,Tinamus solitarius,Geotrygon montana,Tinamus solitarius,Tinamus solitarius,Tinamus solitarius,Tinamus solitarius,Tinamus solitarius,Odontophorus capueira,Tinamus solitarius,Tinamus solitarius,Tinamus solitarius,Geotrygon montana,Tinamus,Tinamidae,6,Crítico
4316,Tinamus solitarius,Tinamus solitarius,Tinamus solitarius,Tinamus solitarius,Tinamus solitarius,Tinamus solitarius,Tinamus solitarius,Tinamus solitarius,Tinamus solitarius,Tinamus solitarius,Tinamus solitarius,Tinamus solitarius,Tinamus,Tinamidae,6,Crítico
4317,Tinamus solitarius,Pipile jacutinga,Eira barbara,Crypturellus tataupa,Crypturellus tataupa,Tinamus solitarius,Pipile jacutinga,Pipile jacutinga,Eira barbara,Eira barbara,Eira barbara,Tinamus solitarius,Tinamus,Tinamidae,6,Crítico
4318,Tinamus solitarius,Tinamus solitarius,Tinamus solitarius,Tinamus solitarius,Tinamus solitarius,Tinamus solitarius,Tinamus solitarius,Tinamus solitarius,Tinamus solitarius,Tinamus solitarius,Tinamus solitarius,Tinamus solitarius,Tinamus,Tinamidae,6,Crítico
4319,Tinamus solitarius,Tinamus solitarius,Tinamus solitarius,Tinamus solitarius,Tinamus solitarius,Tinamus solitarius,Tinamus solitarius,Tinamus solitarius,Tinamus solitarius,Tinamus solitarius,Tinamus solitarius,Tinamus solitarius,Tinamus,Tinamidae,6,Crítico
4321,Tinamus solitarius,Tinamus solitarius,Tinamus solitarius,Tinamus solitarius,Tinamus solitarius,Tinamus solitarius,Tinamus solitarius,Tinamus solitarius,Tinamus solitarius,Tinamus solitarius,Tinamus solitarius,Tinamus solitarius,Tinamus,Tinamidae,6,Crítico
4322,Tinamus solitarius,Crypturellus tataupa,Penelope superciliaris,Crypturellus obsoletus,Crypturellus obsoletus,Tinamus solitarius,Tinamus solitarius,Tinamus solitarius,Penelope superciliaris,Penelope superciliaris,Penelope superciliaris,Crypturellus tataupa,Tinamus,Tinamidae,6,Crítico
4323,Tinamus solitarius,Tinamus solitarius,Tinamus solitarius,Tinamus solitarius,Tinamus solitarius,Tinamus solitarius,Tinamus solitarius,Tinamus solitarius,Tinamus solitarius,Tinamus solitarius,Tinamus solitarius,Tinamus solitarius,Tinamus,Tinamidae,6,Crítico
4324,Tinamus solitarius,Tayassu pecari,Aramides saracura,Aramides saracura,Aramides saracura,Tayassu pecari,Dasyprocta azarae,Aramides saracura,Aramides saracura,Aramides saracura,Aramides saracura,Tayassu pecari,Tinamus,Tinamidae,6,Crítico
4325,Tinamus solitarius,Tayassu pecari,Crypturellus tataupa,Crypturellus tataupa,Dasyprocta azarae,Tinamus solitarius,Dasyprocta azarae,Tinamus solitarius,Crypturellus tataupa,Crypturellus tataupa,Crypturellus tataupa,Tayassu pecari,Tinamus,Tinamidae,6,Crítico
4326,Tinamus solitarius,Tinamus solitarius,Tinamus solitarius,Tinamus solitarius,Tinamus solitarius,Tinamus solitarius,Tinamus solitarius,Tinamus solitarius,Tinamus solitarius,Tinamus solitarius,Tinamus solitarius,Tinamus solitarius,Tinamus,Tinamidae,6,Crítico
4328,Tinamus solitarius,Tinamus solitarius,Tinamus solitarius,Tinamus solitarius,Tinamus solitarius,Tinamus solitarius,Tinamus solitarius,Tinamus solitarius,Tinamus solitarius,Tinamus solitarius,Tinamus solitarius,Tinamus solitarius,Tinamus,Tinamidae,6,Crítico
4329,Tinamus solitarius,Tinamus solitarius,Tinamus solitarius,Crypturellus obsoletus,Crypturellus obsoletus,Tinamus solitarius,Tinamus solitarius,Tinamus solitarius,Tinamus solitarius,Tinamus solitarius,Tinamus solitarius,Tinamus solitarius,Tinamus,Tinamidae,6,Crítico
4330,Tinamus solitarius,Tinamus solitarius,Tinamus solitarius,Tinamus solitarius,Tinamus solitarius,Tinamus solitarius,Tinamus solitarius,Crypturellus tataupa,Tinamus solitarius,Tinamus solitarius,Tinamus solitarius,Tinamus solitarius,Tinamus,Tinamidae,6,Crítico
4331,Turdus albicollis,Turdus albicollis,Myiothlypis leucoblephara,Myiothlypis leucoblephara,Conopophaga lineata,Turdus albicollis,Turdus albicollis,Conopophaga lineata,Myiothlypis leucoblephara,Myiothlypis leucoblephara,Myiothlypis leucoblephara,Turdus albicollis,Turdus,Turdidae,1,Bajo
4332,Turdus albicollis,Manacus manacus,Turdus rufiventris,Conopophaga lineata,Conopophaga lineata,Turdus albicollis,Conopophaga lineata,Turdus albicollis,Turdus rufiventris,Turdus rufiventris,Turdus rufiventris,Manacus manacus,Turdus,Turdidae,1,Bajo
4333,Turdus albicollis,Pyriglena leucoptera,Habia rubica,Conopophaga lineata,Habia rubica,Turdus albicollis,Turdus albicollis,Conopophaga lineata,Habia rubica,Habia rubica,Habia rubica,Pyriglena leucoptera,Turdus,Turdidae,1,Bajo
4334,Turdus albicollis,Tachyphonus coronatus,Habia rubica,Cyanoloxia brissonii,Pyriglena leucoptera,Turdus albicollis,Cyanoloxia brissonii,Tachyphonus coronatus,Habia rubica,Habia rubica,Habia rubica,Cyanoloxia brissonii,Turdus,Turdidae,1,Bajo
4335,Turdus albicollis,Hypoedaleus guttatus,Amazona aestiva,Amazona aestiva,Amazona aestiva,Subulo gouazoubira,Hypoedaleus guttatus,Turdus albicollis,Amazona aestiva,Amazona aestiva,Amazona aestiva,Cyanoloxia brissonii,Turdus,Turdidae,1,Bajo
4336,Turdus albicollis,Turdus albicollis,Habia rubica,Habia rubica,Habia rubica,Turdus albicollis,Turdus albicollis,Turdus albicollis,Habia rubica,Habia rubica,Habia rubica,Turdus albicollis,Turdus,Turdidae,1,Bajo
4337,Turdus albicollis,Turdus albicollis,Turdus albicollis,Geotrygon montana,Turdus albicollis,Turdus albicollis,Turdus albicollis,Turdus albicollis,Turdus albicollis,Turdus albicollis,Turdus albicollis,Turdus albicollis,Turdus,Turdidae,1,Bajo
4339,Turdus albicollis,Turdus albicollis,Habia rubica,Conopophaga lineata,Conopophaga lineata,Turdus albicollis,Turdus albicollis,Turdus albicollis,Habia rubica,Habia rubica,Habia rubica,Turdus albicollis,Turdus,Turdidae,1,Bajo
4340,Turdus albicollis,Cyanoloxia brissonii,Turdus albicollis,Cyanoloxia brissonii,Cyanoloxia brissonii,Turdus albicollis,Cyanoloxia brissonii,Sporophila pileata,Turdus albicollis,Turdus albicollis,Turdus albicollis,Cyanoloxia brissonii,Turdus,Turdidae,1,Bajo
4341,Turdus albicollis,Mackenziaena severa,Mackenziaena severa,Biatas nigropectus,Biatas nigropectus,Biatas nigropectus,Cyanoloxia brissonii,Mackenziaena severa,Mackenziaena severa,Mackenziaena severa,Mackenziaena severa,Biatas nigropectus,Turdus,Turdidae,1,Bajo
4342,Turdus albicollis,Turdus albicollis,Turdus albicollis,Habia rubica,Turdus albicollis,Turdus albicollis,Turdus albicollis,Turdus albicollis,Turdus albicollis,Turdus albicollis,Turdus albicollis,Turdus albicollis,Turdus,Turdidae,1,Bajo
4343,Turdus albicollis,Conopophaga lineata,Conopophaga lineata,Conopophaga lineata,Conopophaga lineata,Turdus albicollis,Conopophaga lineata,Conopophaga lineata,Conopophaga lineata,Conopophaga lineata,Conopophaga lineata,Conopophaga lineata,Turdus,Turdidae,1,Bajo
4344,Turdus albicollis,Crypturellus tataupa,Grallaria varia,Chamaeza campanisona,Chamaeza campanisona,Myiothlypis leucoblephara,Leptotila rufaxilla,Crypturellus obsoletus,Grallaria varia,Grallaria varia,Grallaria varia,Crypturellus tataupa,Turdus,Turdidae,1,Bajo
4347,Turdus albicollis,Hypoedaleus guttatus,Habia rubica,Habia rubica,Habia rubica,Turdus albicollis,Hypoedaleus guttatus,Notharchus swainsoni,Habia rubica,Habia rubica,Habia rubica,Hypoedaleus guttatus,Turdus,Turdidae,1,Bajo
4348,Turdus albicollis,Leptotila rufaxilla,Turdus rufiventris,Leptotila rufaxilla,Crypturellus obsoletus,Turdus albicollis,Leptotila rufaxilla,Leptotila rufaxilla,Turdus rufiventris,Turdus rufiventris,Turdus rufiventris,Leptotila rufaxilla,Turdus,Turdidae,1,Bajo
4349,Turdus albicollis,Conopophaga lineata,Turdus albicollis,Hypoedaleus guttatus,Hypoedaleus guttatus,Turdus albicollis,Turdus albicollis,Habia rubica,Turdus albicollis,Turdus albicollis,Turdus albicollis,Conopophaga lineata,Turdus,Turdidae,1,Bajo
4350,Turdus albicollis,Myiothlypis leucoblephara,Pyriglena leucoptera,Conopophaga lineata vulgaris,Conopophaga lineata vulgaris,Turdus albicollis,Pyriglena leucoptera,Turdus albicollis,Pyriglena leucoptera,Pyriglena leucoptera,Pyriglena leucoptera,Myiothlypis leucoblephara,Turdus,Turdidae,1,Bajo
4351,Turdus albicollis,Habia rubica,Turdus albicollis,Turdus albicollis,Turdus albicollis,Turdus albicollis,Habia rubica,Pyriglena leucoptera,Turdus albicollis,Turdus albicollis,Turdus albicollis,Habia rubica,Turdus,Turdidae,1,Bajo
4352,Turdus albicollis,Tachyphonus coronatus,Myiothlypis leucoblephara,Myiothlypis leucoblephara,Leptotila verreauxi,Tachyphonus coronatus,Hypoedaleus guttatus,Mackenziaena severa,Myiothlypis leucoblephara,Myiothlypis leucoblephara,Myiothlypis leucoblephara,Tachyphonus coronatus,Turdus,Turdidae,1,Bajo
4353,Turdus albicollis,Turdus albicollis,Turdus albicollis,Hypoedaleus guttatus,Hypoedaleus guttatus,Turdus albicollis,Turdus albicollis,Habia rubica,Turdus albicollis,Turdus albicollis,Turdus albicollis,Turdus albicollis,Turdus,Turdidae,1,Bajo
4354,Turdus albicollis,Pyriglena leucoptera,Turdus albicollis,Habia rubica,Conopophaga lineata,Turdus albicollis,Habia rubica,Conopophaga lineata,Turdus albicollis,Turdus albicollis,Turdus albicollis,Pyriglena leucoptera,Turdus,Turdidae,1,Bajo
4355,Turdus albicollis,Aramides saracura,Tachyphonus coronatus,Leptotila rufaxilla,Cerdocyon thous,Aramides saracura,Aramides saracura,Salvator merianae,Tachyphonus coronatus,Tachyphonus coronatus,Tachyphonus coronatus,Aramides saracura,Turdus,Turdidae,1,Bajo
4356,Turdus albicollis,Turdus rufiventris,Pyriglena leucoptera,Pyriglena leucoptera,Pyriglena leucoptera,Aramides saracura,Tachyphonus coronatus,Tachyphonus coronatus,Pyriglena leucoptera,Pyriglena leucoptera,Pyriglena leucoptera,Turdus rufiventris,Turdus,Turdidae,1,Bajo
4357,Turdus albicollis,Tachyphonus coronatus,Pyriglena leucoptera,Pyriglena leucoptera,Pyriglena leucoptera,Tachyphonus coronatus,Hypoedaleus guttatus,Brotogeris chiriri,Pyriglena leucoptera,Pyriglena leucoptera,Pyriglena leucoptera,Hypoedaleus guttatus,Turdus,Turdidae,1,Bajo
4360,Turdus albicollis,Brotogeris chiriri,Notharchus swainsoni,Notharchus swainsoni,Tachyphonus coronatus,Amazona aestiva,Brotogeris chiriri,Alouatta guariba clamitans,Notharchus swainsoni,Notharchus swainsoni,Notharchus swainsoni,Brotogeris chiriri,Turdus,Turdidae,1,Bajo
4361,Turdus albicollis,Leptotila rufaxilla,Leptotila rufaxilla,Aramides saracura,Leptotila rufaxilla,Turdus albicollis,Leptotila rufaxilla,Leptotila rufaxilla,Leptotila rufaxilla,Leptotila rufaxilla,Leptotila rufaxilla,Leptotila rufaxilla,Turdus,Turdidae,1,Bajo
4365,Turdus albicollis,Cyanoloxia brissonii,Habia rubica,Cyanoloxia brissonii,Celeus galeatus,Cyanoloxia brissonii,Cyanoloxia brissonii,Notharchus swainsoni,Habia rubica,Habia rubica,Habia rubica,Cyanoloxia brissonii,Turdus,Turdidae,1,Bajo
4366,Turdus albicollis,Turdus albicollis,Turdus rufiventris,Hypoedaleus guttatus,Conopophaga lineata,Turdus albicollis,Turdus albicollis,Habia rubica,Turdus rufiventris,Turdus rufiventris,Turdus rufiventris,Turdus albicollis,Turdus,Turdidae,1,Bajo
4368,Turdus albicollis,Hypoedaleus guttatus,Turdus albicollis,Alouatta guariba clamitans,Alouatta guariba clamitans,Turdus albicollis,Hypoedaleus guttatus,Turdus albicollis,Turdus albicollis,Turdus albicollis,Turdus albicollis,Hypoedaleus guttatus,Turdus,Turdidae,1,Bajo
4369,Turdus albicollis,Tachyphonus coronatus,Pipile jacutinga,Cyanoloxia brissonii,Conopophaga lineata,Turdus albicollis,Tachyphonus coronatus,Cyanocorax chrysops,Pipile jacutinga,Pipile jacutinga,Pipile jacutinga,Tachyphonus coronatus,Turdus,Turdidae,1,Bajo
4370,Turdus albicollis,Turdus albicollis,Turdus albicollis,Turdus albicollis,Turdus albicollis,Turdus albicollis,Habia rubica,Habia rubica,Turdus albicollis,Turdus albicollis,Turdus albicollis,Turdus albicollis,Turdus,Turdidae,1,Bajo
4371,Turdus albicollis,Brotogeris chiriri,Brotogeris chiriri,Brotogeris chiriri,Brotogeris chiriri,Brotogeris chiriri,Brotogeris chiriri,Brotogeris chiriri,Brotogeris chiriri,Brotogeris chiriri,Brotogeris chiriri,Brotogeris chiriri,Turdus,Turdidae,1,Bajo
4373,Turdus albicollis,Turdus rufiventris,Tachyphonus coronatus,Mackenziaena leachii,Turdus albicollis,Tachyphonus coronatus,Tachyphonus coronatus,Gubernetes yetapa,Tachyphonus coronatus,Tachyphonus coronatus,Tachyphonus coronatus,Turdus rufiventris,Turdus,Turdidae,1,Bajo
4374,Turdus albicollis,Nyctidromus albicollis,Lycalopex gymnocerca,Cuniculus paca,Cuniculus paca,Nyctidromus albicollis,Didelphis albiventris,Galictis cuja,Lycalopex gymnocerca,Lycalopex gymnocerca,Lycalopex gymnocerca,Crypturellus tataupa,Turdus,Turdidae,1,Bajo
4375,Turdus albicollis,Brotogeris chiriri,Amazona aestiva,Amazona aestiva,Amazona aestiva,Amazona aestiva,Brotogeris chiriri,Alouatta caraya,Amazona aestiva,Amazona aestiva,Amazona aestiva,Brotogeris chiriri,Turdus,Turdidae,1,Bajo
4377,Turdus albicollis,Turdus albicollis,Notharchus swainsoni,Baryphthengus ruficapillus,Baryphthengus ruficapillus,Turdus albicollis,Hypoedaleus guttatus,Turdus albicollis,Notharchus swainsoni,Notharchus swainsoni,Notharchus swainsoni,Hypoedaleus guttatus,Turdus,Turdidae,1,Bajo
4378,Turdus albicollis,Leptotila rufaxilla,Turdus rufiventris,Aramides saracura,Aramides saracura,Sylvilagus brasiliensis,Leptotila rufaxilla,Aramides saracura,Turdus rufiventris,Turdus rufiventris,Turdus rufiventris,Leptotila rufaxilla,Turdus,Turdidae,1,Bajo
4379,Turdus albicollis,Turdus albicollis,Turdus albicollis,Leptotila verreauxi,Alouatta caraya,Leptotila verreauxi,Tachyphonus coronatus,Turdus albicollis,Turdus albicollis,Turdus albicollis,Turdus albicollis,Turdus albicollis,Turdus,Turdidae,1,Bajo
4380,Turdus albicollis,Conopophaga lineata,Turdus rufiventris,Turdus albicollis,Turdus albicollis,Turdus rufiventris,Tachyphonus coronatus,Conopophaga lineata,Turdus rufiventris,Turdus rufiventris,Turdus rufiventris,Conopophaga lineata,Turdus,Turdidae,1,Bajo
4381,Turdus albicollis,Conopophaga lineata,Conopophaga lineata,Conopophaga lineata,Conopophaga lineata,Conopophaga lineata,Conopophaga lineata,Conopophaga lineata,Conopophaga lineata,Conopophaga lineata,Conopophaga lineata,Conopophaga lineata,Turdus,Turdidae,1,Bajo
4382,Turdus albicollis,Conopophaga lineata,Conopophaga lineata,Conopophaga lineata,Conopophaga lineata,Manacus manacus,Conopophaga lineata,Conopophaga lineata,Conopophaga lineata,Conopophaga lineata,Conopophaga lineata,Conopophaga lineata,Turdus,Turdidae,1,Bajo
4383,Turdus albicollis,Tachyphonus coronatus,Pipile jacutinga,Cyanoloxia brissonii,Tachyphonus coronatus,Tachyphonus coronatus,Tachyphonus coronatus,Cyanoloxia brissonii,Pipile jacutinga,Pipile jacutinga,Pipile jacutinga,Tachyphonus coronatus,Turdus,Turdidae,1,Bajo
4384,Turdus albicollis,Conopophaga lineata,Conopophaga lineata vulgaris,Chamaeza campanisona,Chamaeza campanisona,Conopophaga lineata,Penelope superciliaris,Cyanoloxia brissonii,Conopophaga lineata vulgaris,Conopophaga lineata vulgaris,Conopophaga lineata vulgaris,Conopophaga lineata,Turdus,Turdidae,1,Bajo
4386,Turdus albicollis,Turdus albicollis,Turdus albicollis,Conopophaga lineata,Turdus albicollis,Turdus albicollis,Turdus albicollis,Turdus albicollis,Turdus albicollis,Turdus albicollis,Turdus albicollis,Turdus albicollis,Turdus,Turdidae,1,Bajo
4387,Turdus albicollis,Manacus manacus,Turdus albicollis,Turdus albicollis,Turdus albicollis,Turdus albicollis,Habia rubica,Turdus albicollis,Turdus albicollis,Turdus albicollis,Turdus albicollis,Turdus albicollis,Turdus,Turdidae,1,Bajo
4388,Turdus albicollis,Crypturellus tataupa,Chamaeza campanisona,Chamaeza campanisona,Chamaeza campanisona,Turdus albicollis,Leptotila rufaxilla,Myiothlypis leucoblephara,Chamaeza campanisona,Chamaeza campanisona,Chamaeza campanisona,Crypturellus tataupa,Turdus,Turdidae,1,Bajo
4389,Turdus albicollis,Turdus albicollis,Conopophaga lineata,Turdus albicollis,Turdus albicollis,Turdus albicollis,Turdus albicollis,Turdus albicollis,Conopophaga lineata,Conopophaga lineata,Conopophaga lineata,Turdus albicollis,Turdus,Turdidae,1,Bajo
4390,Turdus albicollis,Turdus albicollis,Turdus albicollis,Conopophaga lineata,Turdus albicollis,Turdus albicollis,Turdus albicollis,Conopophaga lineata,Turdus albicollis,Turdus albicollis,Turdus albicollis,Turdus albicollis,Turdus,Turdidae,1,Bajo
4392,Turdus albicollis,Turdus albicollis,Turdus albicollis,Habia rubica,Turdus albicollis,Turdus albicollis,Turdus albicollis,Turdus albicollis,Turdus albicollis,Turdus albicollis,Turdus albicollis,Turdus albicollis,Turdus,Turdidae,1,Bajo
4393,Turdus albicollis,Turdus albicollis,Turdus albicollis,Myiothlypis leucoblephara,Biatas nigropectus,Turdus albicollis,Turdus albicollis,Biatas nigropectus,Turdus albicollis,Turdus albicollis,Turdus albicollis,Turdus albicollis,Turdus,Turdidae,1,Bajo
4395,Turdus albicollis,Hypoedaleus guttatus,Turdus rufiventris,Conopophaga lineata,Conopophaga lineata,Conopophaga lineata,Hypoedaleus guttatus,Turdus albicollis,Turdus rufiventris,Turdus rufiventris,Turdus rufiventris,Hypoedaleus guttatus,Turdus,Turdidae,1,Bajo
4396,Turdus albicollis,Turdus rufiventris,Leptotila rufaxilla,Conopophaga lineata,Chamaeza campanisona,Synallaxis ruficapilla,Tachyphonus coronatus,Brotogeris chiriri,Leptotila rufaxilla,Leptotila rufaxilla,Leptotila rufaxilla,Turdus rufiventris,Turdus,Turdidae,1,Bajo
4397,Turdus albicollis,Conopophaga lineata,Turdus albicollis,Turdus albicollis,Conopophaga lineata,Turdus albicollis,Turdus albicollis,Turdus albicollis,Turdus albicollis,Turdus albicollis,Turdus albicollis,Conopophaga lineata,Turdus,Turdidae,1,Bajo
4398,Turdus albicollis,Chamaeza campanisona,Conopophaga lineata vulgaris,Chamaeza campanisona,Chamaeza campanisona,Turdus albicollis,Turdus albicollis,Leptotila rufaxilla,Conopophaga lineata vulgaris,Conopophaga lineata vulgaris,Conopophaga lineata vulgaris,Chamaeza campanisona,Turdus,Turdidae,1,Bajo
4399,Turdus albicollis,Turdus albicollis,Selenidera maculirostris,Baryphthengus ruficapillus,Baryphthengus ruficapillus,Turdus albicollis,Turdus albicollis,Turdus albicollis,Selenidera maculirostris,Selenidera maculirostris,Selenidera maculirostris,Turdus albicollis,Turdus,Turdidae,1,Bajo
4400,Turdus albicollis,Chamaeza campanisona,Chamaeza campanisona,Chamaeza campanisona,Chamaeza campanisona,Chamaeza campanisona,Leptotila rufaxilla,Baryphthengus ruficapillus,Chamaeza campanisona,Chamaeza campanisona,Chamaeza campanisona,Chamaeza campanisona,Turdus,Turdidae,1,Bajo
4401,Turdus rufiventris,Canis familiaris,Dasyprocta azarae,Aramides saracura,Aramides saracura,Canis familiaris,Didelphis albiventris,Pipile jacutinga,Dasyprocta azarae,Dasyprocta azarae,Dasyprocta azarae,Canis familiaris,Turdus,Turdidae,1,Bajo
4402,Turdus rufiventris,Amazona aestiva,Amazona aestiva,Amazona vinacea,Amazona vinacea,Amazona aestiva,Amazona aestiva,Amazona vinacea,Amazona aestiva,Amazona aestiva,Amazona aestiva,Amazona aestiva,Turdus,Turdidae,1,Bajo
4403,Turdus rufiventris,Turdus albicollis,Manacus manacus,Manacus manacus,Turdus albicollis,Turdus rufiventris,Turdus albicollis,Tachyphonus coronatus,Manacus manacus,Manacus manacus,Manacus manacus,Turdus albicollis,Turdus,Turdidae,1,Bajo
4406,Turdus rufiventris,Dasyprocta azarae,Aramides saracura,Aramides saracura,Aramides saracura,Salvator merianae,Salvator merianae,Aramides saracura,Aramides saracura,Aramides saracura,Aramides saracura,Dasyprocta azarae,Turdus,Turdidae,1,Bajo
4407,Turdus rufiventris,Aramides saracura,Crypturellus obsoletus,Crypturellus obsoletus,Aramides saracura,Turdus rufiventris,Aramides saracura,Aramides saracura,Crypturellus obsoletus,Crypturellus obsoletus,Crypturellus obsoletus,Aramides saracura,Turdus,Turdidae,1,Bajo
4409,Turdus rufiventris,Synallaxis ruficapilla,Pyriglena leucoptera,Habia rubica,Habia rubica,Synallaxis ruficapilla,Cyanoloxia brissonii,Selenidera maculirostris,Pyriglena leucoptera,Pyriglena leucoptera,Pyriglena leucoptera,Synallaxis ruficapilla,Turdus,Turdidae,1,Bajo
4410,Turdus rufiventris,Crypturellus tataupa,Turdus rufiventris,Chamaeza campanisona,Chamaeza campanisona,Turdus rufiventris,Leptotila rufaxilla,Aramides saracura,Turdus rufiventris,Turdus rufiventris,Turdus rufiventris,Crypturellus tataupa,Turdus,Turdidae,1,Bajo
4412,Turdus rufiventris,Amazona aestiva,Baryphthengus ruficapillus,Amazona aestiva,Amazona aestiva,Amazona aestiva,Amazona aestiva,Amazona aestiva,Baryphthengus ruficapillus,Baryphthengus ruficapillus,Baryphthengus ruficapillus,Amazona aestiva,Turdus,Turdidae,1,Bajo
4414,Turdus rufiventris,Hypoedaleus guttatus,Cyanocorax chrysops,Cyanocorax chrysops,Cyanocorax chrysops,Hypoedaleus guttatus,Hypoedaleus guttatus,Penelope superciliaris,Cyanocorax chrysops,Cyanocorax chrysops,Cyanocorax chrysops,Hypoedaleus guttatus,Turdus,Turdidae,1,Bajo
4415,Turdus rufiventris,Turdus rufiventris,Crypturellus obsoletus,Cryptopezus nattereri,Crypturellus obsoletus,Turdus rufiventris,Leptotila rufaxilla,Leptotila verreauxi,Crypturellus obsoletus,Crypturellus obsoletus,Crypturellus obsoletus,Turdus rufiventris,Turdus,Turdidae,1,Bajo
4416,Turdus rufiventris,Dasyprocta azarae,Leptotila verreauxi,Herpailurus yagouaroundi,Crax fasciolata,Salvator merianae,Aramides saracura,Turdus rufiventris,Leptotila verreauxi,Leptotila verreauxi,Leptotila verreauxi,Dasyprocta azarae,Turdus,Turdidae,1,Bajo
4417,Turdus rufiventris,Myiothlypis leucoblephara,Cryptopezus nattereri,Chamaeza campanisona,Chamaeza campanisona,Turdus rufiventris,Myiothlypis leucoblephara,Myiothlypis leucoblephara,Cryptopezus nattereri,Cryptopezus nattereri,Cryptopezus nattereri,Myiothlypis leucoblephara,Turdus,Turdidae,1,Bajo
4418,Turdus rufiventris,Brotogeris chiriri,Turdus albicollis,Baryphthengus ruficapillus,Baryphthengus ruficapillus,Cyanoloxia brissonii,Brotogeris chiriri,Amazona aestiva,Turdus albicollis,Turdus albicollis,Turdus albicollis,Brotogeris chiriri,Turdus,Turdidae,1,Bajo
4419,Turdus rufiventris,Turdus rufiventris,Leptotila rufaxilla,Crypturellus obsoletus,Crypturellus obsoletus,Turdus rufiventris,Leptotila rufaxilla,Crypturellus obsoletus,Leptotila rufaxilla,Leptotila rufaxilla,Leptotila rufaxilla,Crypturellus obsoletus,Turdus,Turdidae,1,Bajo
4421,Turdus rufiventris,Habia rubica,Habia rubica,Habia rubica,Biatas nigropectus,Habia rubica,Habia rubica,Habia rubica,Habia rubica,Habia rubica,Habia rubica,Habia rubica,Turdus,Turdidae,1,Bajo
4422,Turdus rufiventris,Brotogeris chiriri,Cyanoloxia brissonii,Brotogeris chiriri,Amazona aestiva,Cyanoloxia brissonii,Amazona aestiva,Cyanoloxia brissonii,Cyanoloxia brissonii,Cyanoloxia brissonii,Cyanoloxia brissonii,Cyanoloxia brissonii,Turdus,Turdidae,1,Bajo
4423,Turdus rufiventris,Mackenziaena severa,Cyanoloxia brissonii,Biatas nigropectus,Biatas nigropectus,Cyanoloxia brissonii,Cyanoloxia brissonii,Tachyphonus coronatus,Cyanoloxia brissonii,Cyanoloxia brissonii,Cyanoloxia brissonii,Mackenziaena severa,Turdus,Turdidae,1,Bajo
4424,Turdus rufiventris,Tachyphonus coronatus,Tachyphonus coronatus,Tachyphonus coronatus,Tachyphonus coronatus,Tachyphonus coronatus,Tachyphonus coronatus,Gubernetes yetapa,Tachyphonus coronatus,Tachyphonus coronatus,Tachyphonus coronatus,Tachyphonus coronatus,Turdus,Turdidae,1,Bajo
4425,Turdus rufiventris,Nyctidromus albicollis,Myiothlypis leucoblephara,Myiothlypis leucoblephara,Grallaria varia,Nyctidromus albicollis,Nyctidromus albicollis,Nyctidromus albicollis,Myiothlypis leucoblephara,Myiothlypis leucoblephara,Myiothlypis leucoblephara,Nyctidromus albicollis,Turdus,Turdidae,1,Bajo
4426,Turdus rufiventris,Aramides saracura,Turdus rufiventris,Geotrygon montana,Geotrygon montana,Turdus rufiventris,Aramides saracura,Turdus rufiventris,Turdus rufiventris,Turdus rufiventris,Turdus rufiventris,Aramides saracura,Turdus,Turdidae,1,Bajo
4427,Turdus rufiventris,Aramides saracura,Leptotila rufaxilla,Aramides saracura,Aramides saracura,Aramides saracura,Aramides saracura,Aramides saracura,Leptotila rufaxilla,Leptotila rufaxilla,Leptotila rufaxilla,Aramides saracura,Turdus,Turdidae,1,Bajo
4428,Turdus rufiventris,Turdus rufiventris,Turdus rufiventris,Leptotila rufaxilla,Leptotila rufaxilla,Turdus rufiventris,Aramides saracura,Leptotila rufaxilla,Turdus rufiventris,Turdus rufiventris,Turdus rufiventris,Turdus rufiventris,Turdus,Turdidae,1,Bajo
4429,Turdus rufiventris,Cyanocorax chrysops,Cyanocorax chrysops,Cyanocorax chrysops,Cyanocorax chrysops,Leptotila rufaxilla,Cyanocorax chrysops,Cyanocorax chrysops,Cyanocorax chrysops,Cyanocorax chrysops,Cyanocorax chrysops,Cyanocorax chrysops,Turdus,Turdidae,1,Bajo
4430,Turdus rufiventris,Turdus rufiventris,Aramides saracura,Aramides saracura,Aramides saracura,Aramides saracura,Aramides saracura,Aramides saracura,Aramides saracura,Aramides saracura,Aramides saracura,Turdus rufiventris,Turdus,Turdidae,1,Bajo
4431,Turdus rufiventris,Didelphis albiventris,Didelphis albiventris,Cyanocorax chrysops,Didelphis albiventris,Amazona vinacea,Didelphis albiventris,Phrynops williamsi,Didelphis albiventris,Didelphis albiventris,Didelphis albiventris,Didelphis albiventris,Turdus,Turdidae,1,Bajo
4432,Turdus rufiventris,Conopophaga lineata,Cyanoloxia brissonii,Cryptopezus nattereri,Conopophaga lineata,Turdus rufiventris,Turdus albicollis,Cyanocorax chrysops,Cyanoloxia brissonii,Cyanoloxia brissonii,Cyanoloxia brissonii,Conopophaga lineata,Turdus,Turdidae,1,Bajo
4433,Turdus rufiventris,Alouatta guariba clamitans,Cyanocorax chrysops,Alouatta guariba clamitans,Alouatta guariba clamitans,Alouatta guariba clamitans,Alouatta guariba clamitans,Cyanocorax chrysops,Cyanocorax chrysops,Cyanocorax chrysops,Cyanocorax chrysops,Alouatta guariba clamitans,Turdus,Turdidae,1,Bajo
4434,Turdus rufiventris,Aramides saracura,Turdus rufiventris,Didelphis aurita,Didelphis aurita,Turdus rufiventris,Aramides saracura,Aramides saracura,Turdus rufiventris,Turdus rufiventris,Turdus rufiventris,Aramides saracura,Turdus,Turdidae,1,Bajo
4435,Turdus rufiventris,Turdus albicollis,Habia rubica,Grallaria varia,Turdus albicollis,Turdus albicollis,Turdus albicollis,Turdus albicollis,Habia rubica,Habia rubica,Habia rubica,Turdus albicollis,Turdus,Turdidae,1,Bajo
4437,Turdus rufiventris,Grallaria varia,Chamaeza campanisona,Chamaeza campanisona,Myiothlypis leucoblephara,Turdus rufiventris,Leptotila rufaxilla,Myiothlypis leucoblephara,Chamaeza campanisona,Chamaeza campanisona,Chamaeza campanisona,Grallaria varia,Turdus,Turdidae,1,Bajo
4438,Turdus rufiventris,Tachyphonus coronatus,Mackenziaena severa,Mackenziaena severa,Chamaeza campanisona,Didelphis aurita,Tachyphonus coronatus,Lontra longicaudis,Mackenziaena severa,Mackenziaena severa,Mackenziaena severa,Mackenziaena severa,Turdus,Turdidae,1,Bajo
4439,Turdus rufiventris,Tachyphonus coronatus,Mackenziaena severa,Leptotila rufaxilla,Leptotila rufaxilla,Tachyphonus coronatus,Tachyphonus coronatus,Tachyphonus coronatus,Mackenziaena severa,Mackenziaena severa,Mackenziaena severa,Tachyphonus coronatus,Turdus,Turdidae,1,Bajo
4440,Turdus rufiventris,Penelope superciliaris,Sporophila pileata,Alouatta guariba clamitans,Alouatta guariba clamitans,Cerdocyon thous,Alouatta caraya,Crypturellus obsoletus,Sporophila pileata,Sporophila pileata,Sporophila pileata,Penelope superciliaris,Turdus,Turdidae,1,Bajo
4442,Turdus rufiventris,Amazona aestiva,Amazona vinacea,Alouatta caraya,Alouatta caraya,Alouatta caraya,Alouatta caraya,Amazona vinacea,Amazona vinacea,Amazona vinacea,Amazona vinacea,Amazona aestiva,Turdus,Turdidae,1,Bajo
4443,Turdus rufiventris,Cyanoloxia brissonii,Turdus rufiventris,Cyanoloxia brissonii,Turdus rufiventris,Cyanoloxia brissonii,Cyanoloxia brissonii,Cyanoloxia brissonii,Turdus rufiventris,Turdus rufiventris,Turdus rufiventris,Cyanoloxia brissonii,Turdus,Turdidae,1,Bajo
4445,Turdus rufiventris,Leptotila rufaxilla,Didelphis aurita,Didelphis aurita,Leptotila rufaxilla,Leptotila rufaxilla,Leptotila rufaxilla,Leptotila verreauxi,Didelphis aurita,Didelphis aurita,Didelphis aurita,Leptotila rufaxilla,Turdus,Turdidae,1,Bajo
4446,Turdus rufiventris,Penelope superciliaris,Penelope superciliaris,Penelope superciliaris,Penelope superciliaris,Hypoedaleus guttatus,Hypoedaleus guttatus,Penelope superciliaris,Penelope superciliaris,Penelope superciliaris,Penelope superciliaris,Penelope superciliaris,Turdus,Turdidae,1,Bajo
4447,Turdus rufiventris,Cyanoloxia brissonii,Turdus albicollis,Turdus albicollis,Turdus albicollis,Cyanoloxia brissonii,Turdus albicollis,Cyanoloxia brissonii,Turdus albicollis,Turdus albicollis,Turdus albicollis,Cyanoloxia brissonii,Turdus,Turdidae,1,Bajo
4448,Turdus rufiventris,Turdus rufiventris,Leptotila verreauxi,Chamaeza campanisona,Chamaeza campanisona,Turdus rufiventris,Tachyphonus coronatus,Leptotila verreauxi,Leptotila verreauxi,Leptotila verreauxi,Leptotila verreauxi,Turdus rufiventris,Turdus,Turdidae,1,Bajo
4450,Turdus rufiventris,Leptotila rufaxilla,Grallaria varia,Crypturellus obsoletus,Crypturellus obsoletus,Leptotila rufaxilla,Leptotila rufaxilla,Leptotila rufaxilla,Grallaria varia,Grallaria varia,Grallaria varia,Leptotila rufaxilla,Turdus,Turdidae,1,Bajo
4451,Turdus rufiventris,Baryphthengus ruficapillus,Pyriglena leucoptera,Alouatta guariba clamitans,Alouatta guariba clamitans,Baryphthengus ruficapillus,Pipile jacutinga,Pipile jacutinga,Pyriglena leucoptera,Pyriglena leucoptera,Pyriglena leucoptera,Baryphthengus ruficapillus,Turdus,Turdidae,1,Bajo
4452,Turdus rufiventris,Didelphis albiventris,Didelphis albiventris,Cyanocorax chrysops,Didelphis albiventris,Didelphis albiventris,Didelphis albiventris,Didelphis albiventris,Didelphis albiventris,Didelphis albiventris,Didelphis albiventris,Didelphis albiventris,Turdus,Turdidae,1,Bajo
4453,Turdus rufiventris,Hypoedaleus guttatus,Turdus albicollis,Habia rubica,Baryphthengus ruficapillus,Turdus rufiventris,Hypoedaleus guttatus,Cyanocorax chrysops,Turdus albicollis,Turdus albicollis,Turdus albicollis,Hypoedaleus guttatus,Turdus,Turdidae,1,Bajo
4454,Turdus rufiventris,Hypoedaleus guttatus,Cyanocorax chrysops,Cyanocorax chrysops,Brotogeris chiriri,Penelope superciliaris,Hypoedaleus guttatus,Notharchus swainsoni,Cyanocorax chrysops,Cyanocorax chrysops,Cyanocorax chrysops,Hypoedaleus guttatus,Turdus,Turdidae,1,Bajo
4456,Turdus rufiventris,Biatas nigropectus,Cyanoloxia brissonii,Biatas nigropectus,Biatas nigropectus,Brotogeris chiriri,Cyanoloxia brissonii,Alouatta caraya,Cyanoloxia brissonii,Cyanoloxia brissonii,Cyanoloxia brissonii,Biatas nigropectus,Turdus,Turdidae,1,Bajo
4457,Turdus rufiventris,Leptotila verreauxi,Aramides saracura,Alouatta guariba clamitans,Alouatta guariba clamitans,Didelphis aurita,Leptotila verreauxi,Amazona aestiva,Aramides saracura,Aramides saracura,Aramides saracura,Leptotila verreauxi,Turdus,Turdidae,1,Bajo
4458,Turdus rufiventris,Biatas nigropectus,Biatas nigropectus,Biatas nigropectus,Biatas nigropectus,Habia rubica,Habia rubica,Biatas nigropectus,Biatas nigropectus,Biatas nigropectus,Biatas nigropectus,Biatas nigropectus,Turdus,Turdidae,1,Bajo
4459,Turdus rufiventris,Turdus rufiventris,Leptotila rufaxilla,Crypturellus obsoletus,Crypturellus obsoletus,Turdus rufiventris,Leptotila rufaxilla,Aramides saracura,Leptotila rufaxilla,Leptotila rufaxilla,Leptotila rufaxilla,Turdus rufiventris,Turdus,Turdidae,1,Bajo
4460,Gubernetes yetapa,Gubernetes yetapa,Sporophila pileata,Amazona vinacea,Gubernetes yetapa,Gubernetes yetapa,Gubernetes yetapa,Sporophila pileata,Sporophila pileata,Sporophila pileata,Sporophila pileata,Gubernetes yetapa,Gubernetes,Tyrannidae,1,Bajo
4461,Gubernetes yetapa,Sporophila pileata,Sporophila pileata,Sporophila pileata,Sporophila pileata,Sporophila pileata,Sporophila pileata,Sporophila pileata,Sporophila pileata,Sporophila pileata,Sporophila pileata,Sporophila pileata,Gubernetes,Tyrannidae,1,Bajo
4462,Gubernetes yetapa,Sporophila pileata,Sporophila pileata,Sporophila pileata,Sporophila pileata,Sporophila pileata,Sporophila pileata,Gubernetes yetapa,Sporophila pileata,Sporophila pileata,Sporophila pileata,Sporophila pileata,Gubernetes,Tyrannidae,1,Bajo
4463,Gubernetes yetapa,Notharchus swainsoni,Notharchus swainsoni,Notharchus swainsoni,Notharchus swainsoni,Notharchus swainsoni,Notharchus swainsoni,Notharchus swainsoni,Notharchus swainsoni,Notharchus swainsoni,Notharchus swainsoni,Notharchus swainsoni,Gubernetes,Tyrannidae,1,Bajo
4464,Gubernetes yetapa,Sporophila pileata,Sporophila pileata,Sporophila pileata,Sporophila pileata,Sporophila pileata,Sporophila pileata,Sporophila pileata,Sporophila pileata,Sporophila pileata,Sporophila pileata,Sporophila pileata,Gubernetes,Tyrannidae,1,Bajo
4465,Gubernetes yetapa,Sporophila pileata,Sporophila pileata,Lycalopex gymnocerca,Lycalopex gymnocerca,Sporophila pileata,Sporophila pileata,Sus scrofa,Sporophila pileata,Sporophila pileata,Sporophila pileata,Sporophila pileata,Gubernetes,Tyrannidae,1,Bajo
4466,Gubernetes yetapa,Gubernetes yetapa,Gubernetes yetapa,Gubernetes yetapa,Gubernetes yetapa,Gubernetes yetapa,Gubernetes yetapa,Gubernetes yetapa,Gubernetes yetapa,Gubernetes yetapa,Gubernetes yetapa,Gubernetes yetapa,Gubernetes,Tyrannidae,1,Bajo
4467,Gubernetes yetapa,Sporophila pileata,Gubernetes yetapa,Gubernetes yetapa,Gubernetes yetapa,Gubernetes yetapa,Gubernetes yetapa,Gubernetes yetapa,Gubernetes yetapa,Gubernetes yetapa,Gubernetes yetapa,Sporophila pileata,Gubernetes,Tyrannidae,1,Bajo
4470,Gubernetes yetapa,Sporophila pileata,Gubernetes yetapa,Gubernetes yetapa,Sporophila pileata,Gubernetes yetapa,Gubernetes yetapa,Gubernetes yetapa,Gubernetes yetapa,Gubernetes yetapa,Gubernetes yetapa,Sporophila pileata,Gubernetes,Tyrannidae,1,Bajo
4471,Gubernetes yetapa,Sporophila pileata,Sporophila pileata,Sporophila pileata,Sporophila pileata,Gubernetes yetapa,Gubernetes yetapa,Gubernetes yetapa,Sporophila pileata,Sporophila pileata,Sporophila pileata,Sporophila pileata,Gubernetes,Tyrannidae,1,Bajo
4472,Gubernetes yetapa,Sporophila pileata,Gubernetes yetapa,Cyanoloxia brissonii,Gubernetes yetapa,Gubernetes yetapa,Gubernetes yetapa,Gubernetes yetapa,Gubernetes yetapa,Gubernetes yetapa,Gubernetes yetapa,Sporophila pileata,Gubernetes,Tyrannidae,1,Bajo
4473,Gubernetes yetapa,Sporophila pileata,Gubernetes yetapa,Sporophila pileata,Sporophila pileata,Gubernetes yetapa,Gubernetes yetapa,Sporophila pileata,Gubernetes yetapa,Gubernetes yetapa,Gubernetes yetapa,Sporophila pileata,Gubernetes,Tyrannidae,1,Bajo
4474,Gubernetes yetapa,Gubernetes yetapa,Gubernetes yetapa,Gubernetes yetapa,Gubernetes yetapa,Gubernetes yetapa,Gubernetes yetapa,Gubernetes yetapa,Gubernetes yetapa,Gubernetes yetapa,Gubernetes yetapa,Gubernetes yetapa,Gubernetes,Tyrannidae,1,Bajo
4475,Gubernetes yetapa,Sporophila pileata,Sporophila pileata,Sporophila pileata,Sporophila pileata,Sporophila pileata,Sporophila pileata,Sporophila pileata,Sporophila pileata,Sporophila pileata,Sporophila pileata,Sporophila pileata,Gubernetes,Tyrannidae,1,Bajo
4476,Gubernetes yetapa,Sporophila pileata,Sporophila pileata,Sporophila pileata,Sporophila pileata,Sporophila pileata,Sporophila pileata,Sporophila pileata,Sporophila pileata,Sporophila pileata,Sporophila pileata,Sporophila pileata,Gubernetes,Tyrannidae,1,Bajo
4477,Gubernetes yetapa,Gubernetes yetapa,Gubernetes yetapa,Gubernetes yetapa,Gubernetes yetapa,Gubernetes yetapa,Gubernetes yetapa,Gubernetes yetapa,Gubernetes yetapa,Gubernetes yetapa,Gubernetes yetapa,Gubernetes yetapa,Gubernetes,Tyrannidae,1,Bajo
4478,Gubernetes yetapa,Sporophila pileata,Sporophila pileata,Baryphthengus ruficapillus,Baryphthengus ruficapillus,Sporophila pileata,Gubernetes yetapa,Gubernetes yetapa,Sporophila pileata,Sporophila pileata,Sporophila pileata,Sporophila pileata,Gubernetes,Tyrannidae,1,Bajo
4479,Gubernetes yetapa,Amazona aestiva,Pipile jacutinga,Penelope superciliaris,Selenidera maculirostris,Alouatta caraya,Amazona aestiva,Alouatta caraya,Pipile jacutinga,Pipile jacutinga,Pipile jacutinga,Amazona aestiva,Gubernetes,Tyrannidae,1,Bajo
4480,Gubernetes yetapa,Gubernetes yetapa,Gubernetes yetapa,Gubernetes yetapa,Gubernetes yetapa,Gubernetes yetapa,Gubernetes yetapa,Gubernetes yetapa,Gubernetes yetapa,Gubernetes yetapa,Gubernetes yetapa,Gubernetes yetapa,Gubernetes,Tyrannidae,1,Bajo
4481,Gubernetes yetapa,Panthera onca,Alouatta guariba,Alouatta guariba,Gubernetes yetapa,Gubernetes yetapa,Didelphis albiventris,Lontra longicaudis,Alouatta guariba,Alouatta guariba,Alouatta guariba,Panthera onca,Gubernetes,Tyrannidae,1,Bajo
4482,Gubernetes yetapa,Sporophila pileata,Sporophila pileata,Sporophila pileata,Sporophila pileata,Sporophila pileata,Sporophila pileata,Sporophila pileata,Sporophila pileata,Sporophila pileata,Sporophila pileata,Sporophila pileata,Gubernetes,Tyrannidae,1,Bajo
4483,Gubernetes yetapa,Gubernetes yetapa,Gubernetes yetapa,Gubernetes yetapa,Gubernetes yetapa,Gubernetes yetapa,Gubernetes yetapa,Gubernetes yetapa,Gubernetes yetapa,Gubernetes yetapa,Gubernetes yetapa,Gubernetes yetapa,Gubernetes,Tyrannidae,1,Bajo
4484,Gubernetes yetapa,Gubernetes yetapa,Gubernetes yetapa,Gubernetes yetapa,Gubernetes yetapa,Gubernetes yetapa,Gubernetes yetapa,Gubernetes yetapa,Gubernetes yetapa,Gubernetes yetapa,Gubernetes yetapa,Gubernetes yetapa,Gubernetes,Tyrannidae,1,Bajo
4488,Gubernetes yetapa,Gubernetes yetapa,Sporophila pileata,Sporophila pileata,Sporophila pileata,Sporophila pileata,Gubernetes yetapa,Gubernetes yetapa,Sporophila pileata,Sporophila pileata,Sporophila pileata,Gubernetes yetapa,Gubernetes,Tyrannidae,1,Bajo
4489,Gubernetes yetapa,Sporophila pileata,Sporophila pileata,Sporophila pileata,Sporophila pileata,Gubernetes yetapa,Sporophila pileata,Sporophila pileata,Sporophila pileata,Sporophila pileata,Sporophila pileata,Sporophila pileata,Gubernetes,Tyrannidae,1,Bajo
4490,Gubernetes yetapa,Sporophila pileata,Aramides saracura,Aramides saracura,Aramides saracura,Gubernetes yetapa,Gubernetes yetapa,Aramides saracura,Aramides saracura,Aramides saracura,Aramides saracura,Sporophila pileata,Gubernetes,Tyrannidae,1,Bajo
4491,Gubernetes yetapa,Gubernetes yetapa,Gubernetes yetapa,Gubernetes yetapa,Gubernetes yetapa,Gubernetes yetapa,Gubernetes yetapa,Gubernetes yetapa,Gubernetes yetapa,Gubernetes yetapa,Gubernetes yetapa,Gubernetes yetapa,Gubernetes,Tyrannidae,1,Bajo
4493,Gubernetes yetapa,Sporophila pileata,Alouatta guariba clamitans,Alouatta guariba clamitans,Gubernetes yetapa,Sporophila pileata,Gubernetes yetapa,Alouatta guariba clamitans,Alouatta guariba clamitans,Alouatta guariba clamitans,Alouatta guariba clamitans,Sporophila pileata,Gubernetes,Tyrannidae,1,Bajo
4494,Gubernetes yetapa,Gubernetes yetapa,Gubernetes yetapa,Gubernetes yetapa,Gubernetes yetapa,Gubernetes yetapa,Gubernetes yetapa,Gubernetes yetapa,Gubernetes yetapa,Gubernetes yetapa,Gubernetes yetapa,Gubernetes yetapa,Gubernetes,Tyrannidae,1,Bajo
4496,Gubernetes yetapa,Sporophila pileata,Sporophila pileata,Sporophila pileata,Sporophila pileata,Gubernetes yetapa,Gubernetes yetapa,Gubernetes yetapa,Sporophila pileata,Sporophila pileata,Sporophila pileata,Sporophila pileata,Gubernetes,Tyrannidae,1,Bajo
4498,Gubernetes yetapa,Gubernetes yetapa,Gubernetes yetapa,Gubernetes yetapa,Gubernetes yetapa,Gubernetes yetapa,Gubernetes yetapa,Gubernetes yetapa,Gubernetes yetapa,Gubernetes yetapa,Gubernetes yetapa,Gubernetes yetapa,Gubernetes,Tyrannidae,1,Bajo
4499,Gubernetes yetapa,Sporophila pileata,Gubernetes yetapa,Sporophila pileata,Sporophila pileata,Sporophila pileata,Sporophila pileata,Sporophila pileata,Gubernetes yetapa,Gubernetes yetapa,Gubernetes yetapa,Sporophila pileata,Gubernetes,Tyrannidae,1,Bajo
4500,Gubernetes yetapa,Amazona aestiva,Amazona aestiva,Amazona aestiva,Pipile jacutinga,Amazona aestiva,Amazona aestiva,Amazona vinacea,Amazona aestiva,Amazona aestiva,Amazona aestiva,Amazona aestiva,Gubernetes,Tyrannidae,1,Bajo
4501,Gubernetes yetapa,Gubernetes yetapa,Gubernetes yetapa,Gubernetes yetapa,Gubernetes yetapa,Gubernetes yetapa,Gubernetes yetapa,Gubernetes yetapa,Gubernetes yetapa,Gubernetes yetapa,Gubernetes yetapa,Gubernetes yetapa,Gubernetes,Tyrannidae,1,Bajo
4502,Gubernetes yetapa,Sporophila pileata,Sporophila pileata,Sporophila pileata,Sporophila pileata,Sporophila pileata,Sporophila pileata,Sporophila pileata,Sporophila pileata,Sporophila pileata,Sporophila pileata,Sporophila pileata,Gubernetes,Tyrannidae,1,Bajo
4503,Gubernetes yetapa,Sporophila pileata,Sporophila pileata,Sporophila pileata,Sporophila pileata,Gubernetes yetapa,Gubernetes yetapa,Amazona vinacea,Sporophila pileata,Sporophila pileata,Sporophila pileata,Sporophila pileata,Gubernetes,Tyrannidae,1,Bajo
4504,Gubernetes yetapa,Sporophila pileata,Sporophila pileata,Sporophila pileata,Sporophila pileata,Sporophila pileata,Sporophila pileata,Sporophila pileata,Sporophila pileata,Sporophila pileata,Sporophila pileata,Sporophila pileata,Gubernetes,Tyrannidae,1,Bajo
4507,Gubernetes yetapa,Gubernetes yetapa,Gubernetes yetapa,Gubernetes yetapa,Gubernetes yetapa,Gubernetes yetapa,Gubernetes yetapa,Gubernetes yetapa,Gubernetes yetapa,Gubernetes yetapa,Gubernetes yetapa,Gubernetes yetapa,Gubernetes,Tyrannidae,1,Bajo
4508,Gubernetes yetapa,Gubernetes yetapa,Gubernetes yetapa,Gubernetes yetapa,Gubernetes yetapa,Gubernetes yetapa,Gubernetes yetapa,Gubernetes yetapa,Gubernetes yetapa,Gubernetes yetapa,Gubernetes yetapa,Gubernetes yetapa,Gubernetes,Tyrannidae,1,Bajo
4509,Gubernetes yetapa,Sporophila pileata,Sporophila pileata,Sporophila pileata,Sporophila pileata,Gubernetes yetapa,Gubernetes yetapa,Gubernetes yetapa,Sporophila pileata,Sporophila pileata,Sporophila pileata,Sporophila pileata,Gubernetes,Tyrannidae,1,Bajo
4510,Gubernetes yetapa,Gubernetes yetapa,Gubernetes yetapa,Gubernetes yetapa,Gubernetes yetapa,Gubernetes yetapa,Gubernetes yetapa,Gubernetes yetapa,Gubernetes yetapa,Gubernetes yetapa,Gubernetes yetapa,Gubernetes yetapa,Gubernetes,Tyrannidae,1,Bajo
4511,Gubernetes yetapa,Sporophila pileata,Sporophila pileata,Lycalopex gymnocerca,Eira barbara,Sporophila pileata,Sporophila pileata,Sus scrofa,Sporophila pileata,Sporophila pileata,Sporophila pileata,Sporophila pileata,Gubernetes,Tyrannidae,1,Bajo
4513,Gubernetes yetapa,Gubernetes yetapa,Sporophila pileata,Gubernetes yetapa,Gubernetes yetapa,Gubernetes yetapa,Gubernetes yetapa,Gubernetes yetapa,Sporophila pileata,Sporophila pileata,Sporophila pileata,Gubernetes yetapa,Gubernetes,Tyrannidae,1,Bajo
4514,Gubernetes yetapa,Gubernetes yetapa,Gubernetes yetapa,Gubernetes yetapa,Gubernetes yetapa,Gubernetes yetapa,Gubernetes yetapa,Gubernetes yetapa,Gubernetes yetapa,Gubernetes yetapa,Gubernetes yetapa,Gubernetes yetapa,Gubernetes,Tyrannidae,1,Bajo
4515,Gubernetes yetapa,Sporophila pileata,Sporophila pileata,Sporophila pileata,Gubernetes yetapa,Gubernetes yetapa,Gubernetes yetapa,Sporophila pileata,Sporophila pileata,Sporophila pileata,Sporophila pileata,Sporophila pileata,Gubernetes,Tyrannidae,1,Bajo
4516,Gubernetes yetapa,Sporophila pileata,Sporophila pileata,Sporophila pileata,Sporophila pileata,Sporophila pileata,Sporophila pileata,Sporophila pileata,Sporophila pileata,Sporophila pileata,Sporophila pileata,Sporophila pileata,Gubernetes,Tyrannidae,1,Bajo
4517,Gubernetes yetapa,Sporophila pileata,Sporophila pileata,Sporophila pileata,Sporophila pileata,Gubernetes yetapa,Sporophila pileata,Gubernetes yetapa,Sporophila pileata,Sporophila pileata,Sporophila pileata,Sporophila pileata,Gubernetes,Tyrannidae,1,Bajo
4518,Gubernetes yetapa,Sporophila pileata,Biatas nigropectus,Synallaxis ruficapilla,Synallaxis ruficapilla,Sporophila pileata,Sporophila pileata,Sporophila pileata,Biatas nigropectus,Biatas nigropectus,Biatas nigropectus,Sporophila pileata,Gubernetes,Tyrannidae,1,Bajo
4519,Gubernetes yetapa,Gubernetes yetapa,Gubernetes yetapa,Gubernetes yetapa,Gubernetes yetapa,Gubernetes yetapa,Gubernetes yetapa,Gubernetes yetapa,Gubernetes yetapa,Gubernetes yetapa,Gubernetes yetapa,Gubernetes yetapa,Gubernetes,Tyrannidae,1,Bajo
4520,Gubernetes yetapa,Gubernetes yetapa,Gubernetes yetapa,Gubernetes yetapa,Gubernetes yetapa,Gubernetes yetapa,Gubernetes yetapa,Gubernetes yetapa,Gubernetes yetapa,Gubernetes yetapa,Gubernetes yetapa,Gubernetes yetapa,Gubernetes,Tyrannidae,1,Bajo
4521,Gubernetes yetapa,Gubernetes yetapa,Gubernetes yetapa,Gubernetes yetapa,Gubernetes yetapa,Gubernetes yetapa,Gubernetes yetapa,Gubernetes yetapa,Gubernetes yetapa,Gubernetes yetapa,Gubernetes yetapa,Gubernetes yetapa,Gubernetes,Tyrannidae,1,Bajo
4523,Gubernetes yetapa,Sporophila pileata,Gubernetes yetapa,Sporophila pileata,Sporophila pileata,Gubernetes yetapa,Gubernetes yetapa,Gubernetes yetapa,Gubernetes yetapa,Gubernetes yetapa,Gubernetes yetapa,Sporophila pileata,Gubernetes,Tyrannidae,1,Bajo
4525,Gubernetes yetapa,Sporophila pileata,Sporophila pileata,Sporophila pileata,Sporophila pileata,Sporophila pileata,Sporophila pileata,Sporophila pileata,Sporophila pileata,Sporophila pileata,Sporophila pileata,Sporophila pileata,Gubernetes,Tyrannidae,1,Bajo
4526,Gubernetes yetapa,Gubernetes yetapa,Gubernetes yetapa,Sporophila pileata,Sporophila pileata,Gubernetes yetapa,Gubernetes yetapa,Sporophila pileata,Gubernetes yetapa,Gubernetes yetapa,Gubernetes yetapa,Gubernetes yetapa,Gubernetes,Tyrannidae,1,Bajo
4527,Gubernetes yetapa,Sporophila pileata,Sporophila pileata,Lepus europaeus,Lepus europaeus,Sporophila pileata,Sporophila pileata,Sporophila pileata,Sporophila pileata,Sporophila pileata,Sporophila pileata,Sporophila pileata,Gubernetes,Tyrannidae,1,Bajo
4528,Pogonotriccus eximius,Pogonotriccus eximius,Biatas nigropectus,Biatas nigropectus,Baryphthengus ruficapillus,Pogonotriccus eximius,Hypoedaleus guttatus,Hypoedaleus guttatus,Biatas nigropectus,Biatas nigropectus,Biatas nigropectus,Pogonotriccus eximius,Pogonotriccus,Tyrannidae,4,Alto
4529,Pogonotriccus eximius,Pogonotriccus eximius,Pogonotriccus eximius,Pogonotriccus eximius,Pogonotriccus eximius,Pogonotriccus eximius,Habia rubica,Habia rubica,Pogonotriccus eximius,Pogonotriccus eximius,Pogonotriccus eximius,Pogonotriccus eximius,Pogonotriccus,Tyrannidae,4,Alto
4530,Pogonotriccus eximius,Pogonotriccus eximius,Pogonotriccus eximius,Hypoedaleus guttatus,Pogonotriccus eximius,Pogonotriccus eximius,Habia rubica,Pogonotriccus eximius,Pogonotriccus eximius,Pogonotriccus eximius,Pogonotriccus eximius,Pogonotriccus eximius,Pogonotriccus,Tyrannidae,4,Alto
4531,Pogonotriccus eximius,Myiothlypis leucoblephara,Myiothlypis leucoblephara,Habia rubica,Myiothlypis leucoblephara,Myiothlypis leucoblephara,Hypoedaleus guttatus,Hypoedaleus guttatus,Myiothlypis leucoblephara,Myiothlypis leucoblephara,Myiothlypis leucoblephara,Myiothlypis leucoblephara,Pogonotriccus,Tyrannidae,4,Alto
4532,Pogonotriccus eximius,Pogonotriccus eximius,Pogonotriccus eximius,Conopophaga lineata,Conopophaga lineata,Pogonotriccus eximius,Conopophaga lineata,Pogonotriccus eximius,Pogonotriccus eximius,Pogonotriccus eximius,Pogonotriccus eximius,Pogonotriccus eximius,Pogonotriccus,Tyrannidae,4,Alto
4533,Pogonotriccus eximius,Pogonotriccus eximius,Pogonotriccus eximius,Pogonotriccus eximius,Pogonotriccus eximius,Pogonotriccus eximius,Conopophaga lineata,Conopophaga lineata,Pogonotriccus eximius,Pogonotriccus eximius,Pogonotriccus eximius,Pogonotriccus eximius,Pogonotriccus,Tyrannidae,4,Alto
4534,Pogonotriccus eximius,Pogonotriccus eximius,Pogonotriccus eximius,Pogonotriccus eximius,Hypoedaleus guttatus,Pogonotriccus eximius,Manacus manacus,Pogonotriccus eximius,Pogonotriccus eximius,Pogonotriccus eximius,Pogonotriccus eximius,Pogonotriccus eximius,Pogonotriccus,Tyrannidae,4,Alto
4535,Pogonotriccus eximius,Pogonotriccus eximius,Conopophaga lineata,Conopophaga lineata,Pogonotriccus eximius,Pogonotriccus eximius,Turdus albicollis,Pogonotriccus eximius,Conopophaga lineata,Conopophaga lineata,Conopophaga lineata,Pogonotriccus eximius,Pogonotriccus,Tyrannidae,4,Alto
4536,Pogonotriccus eximius,Pogonotriccus eximius,Pogonotriccus eximius,Baryphthengus ruficapillus,Baryphthengus ruficapillus,Pogonotriccus eximius,Habia rubica,Pogonotriccus eximius,Pogonotriccus eximius,Pogonotriccus eximius,Pogonotriccus eximius,Pogonotriccus eximius,Pogonotriccus,Tyrannidae,4,Alto
4537,Pogonotriccus eximius,Pogonotriccus eximius,Pogonotriccus eximius,Pogonotriccus eximius,Pogonotriccus eximius,Pogonotriccus eximius,Habia rubica,Conopophaga lineata,Pogonotriccus eximius,Pogonotriccus eximius,Pogonotriccus eximius,Pogonotriccus eximius,Pogonotriccus,Tyrannidae,4,Alto
4538,Pogonotriccus eximius,Pogonotriccus eximius,Pogonotriccus eximius,Habia rubica,Pogonotriccus eximius,Pogonotriccus eximius,Habia rubica,Pogonotriccus eximius,Pogonotriccus eximius,Pogonotriccus eximius,Pogonotriccus eximius,Pogonotriccus eximius,Pogonotriccus,Tyrannidae,4,Alto
4539,Pogonotriccus eximius,Hypoedaleus guttatus,Habia rubica,Habia rubica,Baryphthengus ruficapillus,Brotogeris chiriri,Brotogeris chiriri,Brotogeris chiriri,Habia rubica,Habia rubica,Habia rubica,Hypoedaleus guttatus,Pogonotriccus,Tyrannidae,4,Alto
4540,Pogonotriccus eximius,Hypoedaleus guttatus,Notharchus swainsoni,Baryphthengus ruficapillus,Baryphthengus ruficapillus,Hypoedaleus guttatus,Hypoedaleus guttatus,Hypoedaleus guttatus,Notharchus swainsoni,Notharchus swainsoni,Notharchus swainsoni,Hypoedaleus guttatus,Pogonotriccus,Tyrannidae,4,Alto
4541,Pogonotriccus eximius,Pogonotriccus eximius,Manacus manacus,Pogonotriccus eximius,Manacus manacus,Pogonotriccus eximius,Conopophaga lineata,Pogonotriccus eximius,Manacus manacus,Manacus manacus,Manacus manacus,Pogonotriccus eximius,Pogonotriccus,Tyrannidae,4,Alto
4542,Pogonotriccus eximius,Pogonotriccus eximius,Turdus rufiventris,Pogonotriccus eximius,Pogonotriccus eximius,Pogonotriccus eximius,Manacus manacus,Conopophaga lineata,Turdus rufiventris,Turdus rufiventris,Turdus rufiventris,Pogonotriccus eximius,Pogonotriccus,Tyrannidae,4,Alto
4543,Pogonotriccus eximius,Pogonotriccus eximius,Pyriglena leucoptera,Conopophaga lineata,Conopophaga lineata,Pogonotriccus eximius,Hypoedaleus guttatus,Habia rubica,Pyriglena leucoptera,Pyriglena leucoptera,Pyriglena leucoptera,Pogonotriccus eximius,Pogonotriccus,Tyrannidae,4,Alto
4544,Pogonotriccus eximius,Pogonotriccus eximius,Pogonotriccus eximius,Pogonotriccus eximius,Pogonotriccus eximius,Pogonotriccus eximius,Conopophaga lineata,Pogonotriccus eximius,Pogonotriccus eximius,Pogonotriccus eximius,Pogonotriccus eximius,Pogonotriccus eximius,Pogonotriccus,Tyrannidae,4,Alto
4546,Pogonotriccus eximius,Pogonotriccus eximius,Pogonotriccus eximius,Pogonotriccus eximius,Pogonotriccus eximius,Sporophila pileata,Manacus manacus,Manacus manacus,Pogonotriccus eximius,Pogonotriccus eximius,Pogonotriccus eximius,Pogonotriccus eximius,Pogonotriccus,Tyrannidae,4,Alto
4548,Pogonotriccus eximius,Pogonotriccus eximius,Pogonotriccus eximius,Conopophaga lineata,Pogonotriccus eximius,Pogonotriccus eximius,Habia rubica,Conopophaga lineata,Pogonotriccus eximius,Pogonotriccus eximius,Pogonotriccus eximius,Pogonotriccus eximius,Pogonotriccus,Tyrannidae,4,Alto
4549,Pogonotriccus eximius,Pogonotriccus eximius,Pogonotriccus eximius,Manacus manacus,Pogonotriccus eximius,Pogonotriccus eximius,Habia rubica,Habia rubica,Pogonotriccus eximius,Pogonotriccus eximius,Pogonotriccus eximius,Pogonotriccus eximius,Pogonotriccus,Tyrannidae,4,Alto
4551,Pogonotriccus eximius,Pogonotriccus eximius,Pogonotriccus eximius,Pogonotriccus eximius,Pogonotriccus eximius,Pogonotriccus eximius,Conopophaga lineata,Conopophaga lineata,Pogonotriccus eximius,Pogonotriccus eximius,Pogonotriccus eximius,Pogonotriccus eximius,Pogonotriccus,Tyrannidae,4,Alto
4552,Pogonotriccus eximius,Baryphthengus ruficapillus,Cyanocorax chrysops,Cyanocorax chrysops,Baryphthengus ruficapillus,Baryphthengus ruficapillus,Baryphthengus ruficapillus,Selenidera maculirostris,Cyanocorax chrysops,Cyanocorax chrysops,Cyanocorax chrysops,Baryphthengus ruficapillus,Pogonotriccus,Tyrannidae,4,Alto
4553,Pogonotriccus eximius,Myiothlypis leucoblephara,Turdus albicollis,Myiothlypis leucoblephara,Baryphthengus ruficapillus,Myiothlypis leucoblephara,Tachyphonus coronatus,Mackenziaena severa,Turdus albicollis,Turdus albicollis,Turdus albicollis,Myiothlypis leucoblephara,Pogonotriccus,Tyrannidae,4,Alto
4554,Pogonotriccus eximius,Pogonotriccus eximius,Pogonotriccus eximius,Pogonotriccus eximius,Pogonotriccus eximius,Pogonotriccus eximius,Manacus manacus,Manacus manacus,Pogonotriccus eximius,Pogonotriccus eximius,Pogonotriccus eximius,Pogonotriccus eximius,Pogonotriccus,Tyrannidae,4,Alto
4557,Pogonotriccus eximius,Pogonotriccus eximius,Myiothlypis leucoblephara,Conopophaga lineata,Pogonotriccus eximius,Pogonotriccus eximius,Conopophaga lineata,Conopophaga lineata,Myiothlypis leucoblephara,Myiothlypis leucoblephara,Myiothlypis leucoblephara,Pogonotriccus eximius,Pogonotriccus,Tyrannidae,4,Alto
4558,Pogonotriccus eximius,Pogonotriccus eximius,Pogonotriccus eximius,Pogonotriccus eximius,Pogonotriccus eximius,Pogonotriccus eximius,Conopophaga lineata,Pogonotriccus eximius,Pogonotriccus eximius,Pogonotriccus eximius,Pogonotriccus eximius,Pogonotriccus eximius,Pogonotriccus,Tyrannidae,4,Alto
4559,Pogonotriccus eximius,Pogonotriccus eximius,Conopophaga lineata,Pogonotriccus eximius,Pogonotriccus eximius,Conopophaga lineata,Conopophaga lineata,Conopophaga lineata,Conopophaga lineata,Conopophaga lineata,Conopophaga lineata,Pogonotriccus eximius,Pogonotriccus,Tyrannidae,4,Alto
4561,Pogonotriccus eximius,Brotogeris chiriri,Alouatta guariba clamitans,Alouatta caraya,Notharchus swainsoni,Hypoedaleus guttatus,Brotogeris chiriri,Amazona aestiva,Alouatta guariba clamitans,Alouatta guariba clamitans,Alouatta guariba clamitans,Brotogeris chiriri,Pogonotriccus,Tyrannidae,4,Alto
