idx,y_true,pred_Nearest Centroid,pred_KNN (k=1),pred_KNN (k=3),pred_KNN (k=5),pred_Linear SVM,pred_RBF SVM,pred_Random Forest,pred_Faiss KNN (k=1),pred_Faiss KNN (k=3),pred_Faiss KNN (k=5),pred_Faiss Nearest Centroid,genus,family,ivc_score,ivc_category
0,Alouatta caraya,Amazona vinacea,Brotogeris chiriri,Brotogeris chiriri,Brotogeris chiriri,Brotogeris chiriri,Brotogeris chiriri,Baryphthengus ruficapillus,Brotogeris chiriri,Brotogeris chiriri,Brotogeris chiriri,Pipile jacutinga,Alouatta,Atelidae,3,Medio
1,Alouatta caraya,Alouatta caraya,Alouatta caraya,Alouatta caraya,Alouatta caraya,Alouatta caraya,Alouatta caraya,Alouatta caraya,Alouatta caraya,Alouatta caraya,Alouatta caraya,Alouatta caraya,Alouatta,Atelidae,3,Medio
2,Alouatta caraya,Alouatta caraya,Alouatta caraya,Alouatta caraya,Alouatta caraya,Alouatta caraya,Alouatta caraya,Alouatta caraya,Alouatta caraya,Alouatta caraya,Alouatta caraya,Alouatta caraya,Alouatta,Atelidae,3,Medio
3,Alouatta caraya,Alouatta caraya,Alouatta caraya,Alouatta caraya,Alouatta caraya,Alouatta caraya,Alouatta caraya,Alouatta caraya,Alouatta caraya,Alouatta caraya,Alouatta caraya,Alouatta caraya,Alouatta,Atelidae,3,Medio
4,Alouatta caraya,Alouatta caraya,Sapajus nigritus,Sapajus nigritus,Alouatta caraya,Alouatta caraya,Alouatta caraya,Alouatta caraya,Sapajus nigritus,Sapajus nigritus,Sapajus nigritus,Alouatta caraya,Alouatta,Atelidae,3,Medio
5,Alouatta caraya,Alouatta caraya,Alouatta guariba,Alouatta guariba,Alouatta guariba,Alouatta caraya,Alouatta caraya,Alouatta guariba,Alouatta guariba,Alouatta guariba,Alouatta guariba,Alouatta caraya,Alouatta,Atelidae,3,Medio
6,Alouatta caraya,Alouatta caraya,Alouatta caraya,Alouatta caraya,Alouatta caraya,Alouatta caraya,Alouatta caraya,Alouatta caraya,Alouatta caraya,Alouatta caraya,Alouatta caraya,Alouatta caraya,Alouatta,Atelidae,3,Medio
11,Alouatta caraya,Alouatta guariba,Alouatta guariba,Alouatta guariba,Alouatta guariba,Alouatta caraya,Alouatta caraya,Alouatta guariba,Alouatta guariba,Alouatta guariba,Alouatta guariba,Alouatta guariba,Alouatta,Atelidae,3,Medio
12,Alouatta caraya,Sapajus nigritus,Alouatta caraya,Alouatta caraya,Alouatta guariba,Sapajus nigritus,Sapajus nigritus,Alouatta guariba,Alouatta caraya,Alouatta caraya,Alouatta caraya,Sapajus nigritus,Alouatta,Atelidae,3,Medio
13,Alouatta caraya,Alouatta caraya,Alouatta caraya,Alouatta caraya,Alouatta caraya,Alouatta caraya,Alouatta caraya,Alouatta caraya,Alouatta caraya,Alouatta caraya,Alouatta caraya,Alouatta caraya,Alouatta,Atelidae,3,Medio
14,Alouatta caraya,Sapajus nigritus,Alouatta guariba,Alouatta caraya,Alouatta caraya,Nyctidromus albicollis,Sapajus nigritus,Hypoedaleus guttatus,Alouatta guariba,Alouatta guariba,Alouatta guariba,Alouatta caraya,Alouatta,Atelidae,3,Medio
15,Alouatta caraya,Alouatta guariba,Alouatta caraya,Alouatta caraya,Alouatta guariba,Alouatta caraya,Alouatta caraya,Alouatta caraya,Alouatta caraya,Alouatta caraya,Alouatta caraya,Alouatta guariba,Alouatta,Atelidae,3,Medio
16,Alouatta caraya,Alouatta caraya,Alouatta caraya,Alouatta caraya,Alouatta caraya,Alouatta caraya,Alouatta caraya,Alouatta caraya,Alouatta caraya,Alouatta caraya,Alouatta caraya,Alouatta caraya,Alouatta,Atelidae,3,Medio
17,Alouatta caraya,Alouatta caraya,Alouatta caraya,Alouatta caraya,Alouatta caraya,Alouatta caraya,Alouatta caraya,Alouatta caraya,Alouatta caraya,Alouatta caraya,Alouatta caraya,Alouatta caraya,Alouatta,Atelidae,3,Medio
18,Alouatta caraya,Alouatta caraya,Alouatta caraya,Alouatta caraya,Alouatta caraya,Alouatta caraya,Alouatta caraya,Alouatta caraya,Alouatta caraya,Alouatta caraya,Alouatta caraya,Alouatta caraya,Alouatta,Atelidae,3,Medio
20,Alouatta caraya,Alouatta guariba,Sus scrofa,Alouatta caraya,Alouatta guariba,Sapajus nigritus,Sapajus nigritus,Sapajus nigritus,Sus scrofa,Sus scrofa,Sus scrofa,Alouatta guariba,Alouatta,Atelidae,3,Medio
21,Alouatta caraya,Alouatta caraya,Tamandua tetradactyla,Tamandua tetradactyla,Alouatta caraya,Tamandua tetradactyla,Alouatta caraya,Alouatta caraya,Tamandua tetradactyla,Tamandua tetradactyla,Tamandua tetradactyla,Alouatta caraya,Alouatta,Atelidae,3,Medio
22,Alouatta caraya,Alouatta caraya,Alouatta caraya,Alouatta caraya,Alouatta caraya,Alouatta caraya,Alouatta caraya,Alouatta caraya,Alouatta caraya,Alouatta caraya,Alouatta caraya,Alouatta caraya,Alouatta,Atelidae,3,Medio
23,Alouatta caraya,Alouatta guariba,Sapajus nigritus,Sapajus nigritus,Sapajus nigritus,Alouatta caraya,Sapajus nigritus,Sus scrofa,Sapajus nigritus,Sapajus nigritus,Sapajus nigritus,Alouatta guariba,Alouatta,Atelidae,3,Medio
24,Alouatta caraya,Alouatta caraya,Alouatta caraya,Alouatta caraya,Alouatta caraya,Alouatta caraya,Alouatta caraya,Alouatta caraya,Alouatta caraya,Alouatta caraya,Alouatta caraya,Alouatta caraya,Alouatta,Atelidae,3,Medio
26,Alouatta caraya,Alouatta caraya,Alouatta caraya,Alouatta caraya,Alouatta caraya,Alouatta caraya,Alouatta caraya,Alouatta caraya,Alouatta caraya,Alouatta caraya,Alouatta caraya,Alouatta caraya,Alouatta,Atelidae,3,Medio
27,Alouatta caraya,Alouatta caraya,Alouatta caraya,Alouatta caraya,Alouatta caraya,Alouatta caraya,Alouatta caraya,Alouatta caraya,Alouatta caraya,Alouatta caraya,Alouatta caraya,Alouatta caraya,Alouatta,Atelidae,3,Medio
29,Alouatta caraya,Alouatta caraya,Leopardus guttulus,Galictis cuja,Galictis cuja,Alouatta caraya,Alouatta caraya,Alouatta caraya,Leopardus guttulus,Leopardus guttulus,Leopardus guttulus,Alouatta caraya,Alouatta,Atelidae,3,Medio
30,Alouatta caraya,Alouatta caraya,Alouatta caraya,Alouatta caraya,Alouatta caraya,Alouatta caraya,Alouatta caraya,Alouatta caraya,Alouatta caraya,Alouatta caraya,Alouatta caraya,Alouatta caraya,Alouatta,Atelidae,3,Medio
31,Alouatta caraya,Alouatta guariba,Alouatta guariba clamitans,Alouatta guariba,Alouatta guariba,Sapajus nigritus,Sapajus nigritus,Sapajus nigritus,Alouatta guariba clamitans,Alouatta guariba clamitans,Alouatta guariba clamitans,Alouatta guariba,Alouatta,Atelidae,3,Medio
32,Alouatta caraya,Alouatta caraya,Alouatta caraya,Alouatta caraya,Alouatta caraya,Alouatta caraya,Alouatta caraya,Alouatta caraya,Alouatta caraya,Alouatta caraya,Alouatta caraya,Alouatta caraya,Alouatta,Atelidae,3,Medio
33,Alouatta caraya,Alouatta caraya,Alouatta caraya,Alouatta caraya,Alouatta caraya,Alouatta caraya,Alouatta caraya,Alouatta caraya,Alouatta caraya,Alouatta caraya,Alouatta caraya,Alouatta caraya,Alouatta,Atelidae,3,Medio
34,Alouatta caraya,Alouatta caraya,Alouatta caraya,Alouatta caraya,Alouatta caraya,Alouatta caraya,Alouatta caraya,Alouatta caraya,Alouatta caraya,Alouatta caraya,Alouatta caraya,Alouatta caraya,Alouatta,Atelidae,3,Medio
35,Alouatta caraya,Alouatta guariba,Alouatta caraya,Alouatta caraya,Alouatta guariba,Alouatta caraya,Alouatta caraya,Alouatta guariba,Alouatta caraya,Alouatta caraya,Alouatta caraya,Alouatta guariba,Alouatta,Atelidae,3,Medio
36,Alouatta caraya,Alouatta caraya,Sapajus nigritus,Alouatta caraya,Alouatta guariba,Alouatta caraya,Alouatta caraya,Sapajus nigritus,Sapajus nigritus,Sapajus nigritus,Sapajus nigritus,Alouatta caraya,Alouatta,Atelidae,3,Medio
38,Alouatta caraya,Alouatta caraya,Alouatta caraya,Alouatta caraya,Alouatta caraya,Alouatta caraya,Alouatta caraya,Alouatta caraya,Alouatta caraya,Alouatta caraya,Alouatta caraya,Alouatta caraya,Alouatta,Atelidae,3,Medio
39,Alouatta caraya,Alouatta caraya,Alouatta caraya,Alouatta caraya,Alouatta caraya,Alouatta caraya,Alouatta caraya,Alouatta caraya,Alouatta caraya,Alouatta caraya,Alouatta caraya,Alouatta caraya,Alouatta,Atelidae,3,Medio
40,Alouatta caraya,Galictis cuja,Alouatta caraya,Alouatta caraya,Alouatta caraya,Sapajus nigritus,Galictis cuja,Sylvilagus brasiliensis,Alouatta caraya,Alouatta caraya,Alouatta caraya,Galictis cuja,Alouatta,Atelidae,3,Medio
42,Alouatta caraya,Alouatta caraya,Alouatta caraya,Alouatta caraya,Alouatta caraya,Alouatta caraya,Alouatta caraya,Alouatta caraya,Alouatta caraya,Alouatta caraya,Alouatta caraya,Alouatta caraya,Alouatta,Atelidae,3,Medio
43,Alouatta caraya,Alouatta caraya,Alouatta caraya,Alouatta caraya,Alouatta caraya,Alouatta caraya,Alouatta caraya,Alouatta caraya,Alouatta caraya,Alouatta caraya,Alouatta caraya,Alouatta caraya,Alouatta,Atelidae,3,Medio
45,Alouatta caraya,Alouatta caraya,Alouatta caraya,Alouatta caraya,Alouatta caraya,Alouatta caraya,Alouatta caraya,Alouatta caraya,Alouatta caraya,Alouatta caraya,Alouatta caraya,Alouatta caraya,Alouatta,Atelidae,3,Medio
46,Alouatta caraya,Alouatta guariba,Alouatta caraya,Alouatta caraya,Alouatta caraya,Alouatta caraya,Alouatta caraya,Alouatta guariba clamitans,Alouatta caraya,Alouatta caraya,Alouatta caraya,Alouatta guariba clamitans,Alouatta,Atelidae,3,Medio
47,Alouatta caraya,Alouatta caraya,Alouatta caraya,Alouatta caraya,Alouatta caraya,Alouatta caraya,Alouatta caraya,Alouatta caraya,Alouatta caraya,Alouatta caraya,Alouatta caraya,Alouatta caraya,Alouatta,Atelidae,3,Medio
48,Alouatta caraya,Alouatta caraya,Alouatta caraya,Alouatta caraya,Alouatta caraya,Alouatta caraya,Alouatta caraya,Alouatta caraya,Alouatta caraya,Alouatta caraya,Alouatta caraya,Alouatta caraya,Alouatta,Atelidae,3,Medio
50,Alouatta caraya,Alouatta caraya,Alouatta guariba clamitans,Alouatta caraya,Alouatta caraya,Alouatta caraya,Alouatta caraya,Alouatta caraya,Alouatta guariba clamitans,Alouatta guariba clamitans,Alouatta guariba clamitans,Alouatta caraya,Alouatta,Atelidae,3,Medio
51,Alouatta caraya,Alouatta caraya,Alouatta caraya,Alouatta caraya,Alouatta caraya,Alouatta caraya,Alouatta caraya,Alouatta caraya,Alouatta caraya,Alouatta caraya,Alouatta caraya,Alouatta caraya,Alouatta,Atelidae,3,Medio
52,Alouatta caraya,Alouatta caraya,Pipile jacutinga,Pipile jacutinga,Pipile jacutinga,Alouatta caraya,Sapajus nigritus,Myrmecophaga tridactyla,Pipile jacutinga,Pipile jacutinga,Pipile jacutinga,Myrmecophaga tridactyla,Alouatta,Atelidae,3,Medio
53,Alouatta caraya,Alouatta caraya,Alouatta guariba,Alouatta caraya,Alouatta caraya,Alouatta caraya,Alouatta caraya,Alouatta caraya,Alouatta guariba,Alouatta guariba,Alouatta guariba,Alouatta caraya,Alouatta,Atelidae,3,Medio
54,Alouatta caraya,Alouatta caraya,Alouatta caraya,Alouatta caraya,Alouatta caraya,Alouatta caraya,Alouatta caraya,Alouatta caraya,Alouatta caraya,Alouatta caraya,Alouatta caraya,Alouatta caraya,Alouatta,Atelidae,3,Medio
55,Alouatta caraya,Alouatta guariba,Alouatta caraya,Alouatta guariba,Alouatta guariba,Alouatta caraya,Alouatta caraya,Alouatta guariba,Alouatta caraya,Alouatta caraya,Alouatta caraya,Alouatta guariba,Alouatta,Atelidae,3,Medio
56,Alouatta caraya,Alouatta caraya,Alouatta caraya,Alouatta caraya,Alouatta caraya,Alouatta caraya,Alouatta caraya,Alouatta caraya,Alouatta caraya,Alouatta caraya,Alouatta caraya,Alouatta caraya,Alouatta,Atelidae,3,Medio
57,Alouatta caraya,Sapajus nigritus,Sapajus nigritus,Alouatta guariba,Alouatta guariba,Sapajus nigritus,Sapajus nigritus,Alouatta caraya,Sapajus nigritus,Sapajus nigritus,Sapajus nigritus,Sapajus nigritus,Alouatta,Atelidae,3,Medio
59,Alouatta caraya,Alouatta caraya,Alouatta caraya,Alouatta caraya,Alouatta caraya,Alouatta caraya,Alouatta caraya,Alouatta caraya,Alouatta caraya,Alouatta caraya,Alouatta caraya,Alouatta caraya,Alouatta,Atelidae,3,Medio
60,Alouatta caraya,Alouatta caraya,Alouatta caraya,Alouatta caraya,Alouatta caraya,Alouatta caraya,Alouatta caraya,Alouatta caraya,Alouatta caraya,Alouatta caraya,Alouatta caraya,Alouatta caraya,Alouatta,Atelidae,3,Medio
61,Alouatta caraya,Alouatta caraya,Alouatta caraya,Sapajus nigritus,Alouatta caraya,Alouatta caraya,Alouatta caraya,Alouatta caraya,Alouatta caraya,Alouatta caraya,Alouatta caraya,Alouatta caraya,Alouatta,Atelidae,3,Medio
62,Alouatta caraya,Alouatta guariba,Sapajus nigritus,Sapajus nigritus,Alouatta guariba,Alouatta guariba clamitans,Sapajus nigritus,Alouatta caraya,Sapajus nigritus,Sapajus nigritus,Sapajus nigritus,Alouatta guariba,Alouatta,Atelidae,3,Medio
63,Alouatta caraya,Alouatta caraya,Alouatta caraya,Alouatta caraya,Alouatta caraya,Alouatta caraya,Alouatta caraya,Alouatta caraya,Alouatta caraya,Alouatta caraya,Alouatta caraya,Alouatta caraya,Alouatta,Atelidae,3,Medio
64,Alouatta caraya,Alouatta caraya,Alouatta caraya,Alouatta caraya,Alouatta caraya,Alouatta caraya,Alouatta caraya,Alouatta caraya,Alouatta caraya,Alouatta caraya,Alouatta caraya,Alouatta caraya,Alouatta,Atelidae,3,Medio
65,Alouatta caraya,Alouatta caraya,Alouatta caraya,Alouatta caraya,Alouatta caraya,Alouatta caraya,Alouatta caraya,Alouatta caraya,Alouatta caraya,Alouatta caraya,Alouatta caraya,Alouatta caraya,Alouatta,Atelidae,3,Medio
66,Alouatta caraya,Alouatta caraya,Alouatta caraya,Alouatta caraya,Alouatta caraya,Alouatta caraya,Alouatta caraya,Alouatta caraya,Alouatta caraya,Alouatta caraya,Alouatta caraya,Alouatta caraya,Alouatta,Atelidae,3,Medio
68,Alouatta guariba,Alouatta guariba clamitans,Alouatta guariba,Alouatta guariba clamitans,Alouatta guariba clamitans,Alouatta guariba clamitans,Alouatta guariba clamitans,Alouatta guariba clamitans,Alouatta guariba,Alouatta guariba,Alouatta guariba,Alouatta guariba clamitans,Alouatta,Atelidae,7,Crítico
69,Alouatta guariba,Alouatta guariba,Alouatta guariba,Alouatta guariba,Alouatta guariba,Alouatta guariba,Alouatta guariba clamitans,Alouatta guariba clamitans,Alouatta guariba,Alouatta guariba,Alouatta guariba,Alouatta guariba,Alouatta,Atelidae,7,Crítico
71,Alouatta guariba,Alouatta guariba clamitans,Amazona vinacea,Alouatta guariba clamitans,Alouatta guariba clamitans,Alouatta guariba clamitans,Alouatta guariba clamitans,Alouatta guariba,Amazona vinacea,Amazona vinacea,Amazona vinacea,Alouatta guariba clamitans,Alouatta,Atelidae,7,Crítico
72,Alouatta guariba,Alouatta guariba,Alouatta guariba,Alouatta guariba,Alouatta guariba,Alouatta guariba,Alouatta guariba clamitans,Alouatta guariba,Alouatta guariba,Alouatta guariba,Alouatta guariba,Alouatta guariba,Alouatta,Atelidae,7,Crítico
73,Alouatta guariba,Alouatta guariba,Alouatta guariba,Alouatta guariba,Alouatta guariba,Alouatta guariba,Alouatta guariba clamitans,Alouatta guariba,Alouatta guariba,Alouatta guariba,Alouatta guariba,Alouatta guariba,Alouatta,Atelidae,7,Crítico
74,Alouatta guariba,Didelphis albiventris,Galictis cuja,Galictis cuja,Galictis cuja,Didelphis albiventris,Galictis cuja,Cyanocorax chrysops,Galictis cuja,Galictis cuja,Galictis cuja,Didelphis albiventris,Alouatta,Atelidae,7,Crítico
75,Alouatta guariba,Alouatta guariba clamitans,Alouatta guariba,Alouatta guariba,Alouatta guariba,Alouatta guariba clamitans,Alouatta guariba clamitans,Alouatta guariba clamitans,Alouatta guariba,Alouatta guariba,Alouatta guariba,Alouatta guariba clamitans,Alouatta,Atelidae,7,Crítico
77,Alouatta guariba,Alouatta guariba,Alouatta guariba clamitans,Alouatta guariba,Alouatta guariba,Habia rubica,Alouatta guariba clamitans,Alouatta guariba,Alouatta guariba clamitans,Alouatta guariba clamitans,Alouatta guariba clamitans,Alouatta guariba,Alouatta,Atelidae,7,Crítico
78,Alouatta guariba,Alouatta guariba clamitans,Alouatta guariba,Alouatta guariba clamitans,Alouatta guariba clamitans,Alouatta guariba clamitans,Alouatta guariba clamitans,Alouatta guariba clamitans,Alouatta guariba,Alouatta guariba,Alouatta guariba,Alouatta guariba clamitans,Alouatta,Atelidae,7,Crítico
79,Alouatta guariba,Alouatta guariba,Alouatta guariba,Alouatta guariba,Alouatta guariba,Alouatta guariba,Alouatta guariba clamitans,Alouatta caraya,Alouatta guariba,Alouatta guariba,Alouatta guariba,Alouatta guariba,Alouatta,Atelidae,7,Crítico
81,Alouatta guariba,Alouatta guariba,Leopardus guttulus,Alouatta guariba clamitans,Alouatta guariba clamitans,Alouatta guariba,Alouatta guariba clamitans,Alouatta guariba clamitans,Leopardus guttulus,Leopardus guttulus,Leopardus guttulus,Alouatta guariba,Alouatta,Atelidae,7,Crítico
82,Alouatta guariba,Alouatta guariba clamitans,Alouatta guariba,Alouatta guariba clamitans,Alouatta guariba,Alouatta guariba clamitans,Alouatta guariba clamitans,Alouatta guariba clamitans,Alouatta guariba,Alouatta guariba,Alouatta guariba,Alouatta guariba clamitans,Alouatta,Atelidae,7,Crítico
85,Alouatta guariba,Alouatta guariba clamitans,Alouatta guariba clamitans,Alouatta guariba clamitans,Alouatta guariba,Alouatta guariba clamitans,Alouatta guariba clamitans,Alouatta guariba clamitans,Alouatta guariba clamitans,Alouatta guariba clamitans,Alouatta guariba clamitans,Alouatta guariba clamitans,Alouatta,Atelidae,7,Crítico
86,Alouatta guariba,Alouatta guariba,Alouatta guariba,Alouatta guariba,Alouatta guariba,Alouatta guariba,Alouatta guariba,Alouatta guariba,Alouatta guariba,Alouatta guariba,Alouatta guariba,Alouatta guariba,Alouatta,Atelidae,7,Crítico
87,Alouatta guariba,Alouatta guariba,Alouatta guariba,Alouatta guariba,Alouatta guariba,Alouatta guariba,Alouatta guariba clamitans,Alouatta guariba,Alouatta guariba,Alouatta guariba,Alouatta guariba,Alouatta guariba,Alouatta,Atelidae,7,Crítico
88,Alouatta guariba,Alouatta guariba,Alouatta guariba,Alouatta guariba,Alouatta guariba,Alouatta guariba,Alouatta guariba clamitans,Alouatta guariba,Alouatta guariba,Alouatta guariba,Alouatta guariba,Alouatta guariba,Alouatta,Atelidae,7,Crítico
89,Alouatta guariba,Alouatta guariba clamitans,Alouatta guariba clamitans,Alouatta guariba clamitans,Alouatta guariba clamitans,Alouatta guariba clamitans,Alouatta guariba clamitans,Alouatta guariba clamitans,Alouatta guariba clamitans,Alouatta guariba clamitans,Alouatta guariba clamitans,Alouatta guariba clamitans,Alouatta,Atelidae,7,Crítico
90,Alouatta guariba,Alouatta guariba,Alouatta guariba,Alouatta guariba clamitans,Alouatta guariba,Alouatta guariba clamitans,Alouatta guariba clamitans,Alouatta guariba clamitans,Alouatta guariba,Alouatta guariba,Alouatta guariba,Alouatta guariba,Alouatta,Atelidae,7,Crítico
91,Alouatta guariba,Alouatta guariba clamitans,Alouatta guariba clamitans,Alouatta guariba,Alouatta guariba,Alouatta guariba clamitans,Alouatta guariba clamitans,Alouatta guariba clamitans,Alouatta guariba clamitans,Alouatta guariba clamitans,Alouatta guariba clamitans,Alouatta guariba clamitans,Alouatta,Atelidae,7,Crítico
92,Alouatta guariba,Alouatta caraya,Alouatta guariba clamitans,Alouatta guariba clamitans,Alouatta guariba clamitans,Alouatta guariba clamitans,Alouatta guariba clamitans,Lontra longicaudis,Alouatta guariba clamitans,Alouatta guariba clamitans,Alouatta guariba clamitans,Alouatta guariba clamitans,Alouatta,Atelidae,7,Crítico
93,Alouatta guariba,Alouatta caraya,Alouatta caraya,Alouatta caraya,Alouatta caraya,Alouatta caraya,Alouatta caraya,Brotogeris chiriri,Alouatta caraya,Alouatta caraya,Alouatta caraya,Alouatta caraya,Alouatta,Atelidae,7,Crítico
94,Alouatta guariba,Alouatta guariba,Alouatta guariba,Alouatta guariba,Alouatta guariba,Alouatta guariba,Alouatta caraya,Alouatta guariba,Alouatta guariba,Alouatta guariba,Alouatta guariba,Alouatta guariba,Alouatta,Atelidae,7,Crítico
96,Alouatta guariba,Alouatta guariba,Alouatta guariba,Alouatta guariba,Alouatta guariba,Alouatta guariba,Alouatta guariba clamitans,Alouatta guariba,Alouatta guariba,Alouatta guariba,Alouatta guariba,Alouatta guariba,Alouatta,Atelidae,7,Crítico
97,Alouatta guariba,Alouatta guariba clamitans,Alouatta guariba,Alouatta guariba,Alouatta guariba,Alouatta guariba clamitans,Alouatta guariba clamitans,Hydrochoerus hydrochaeris,Alouatta guariba,Alouatta guariba,Alouatta guariba,Alouatta guariba clamitans,Alouatta,Atelidae,7,Crítico
98,Alouatta guariba,Alouatta guariba,Alouatta guariba,Alouatta guariba,Alouatta guariba,Alouatta guariba,Alouatta guariba clamitans,Alouatta guariba clamitans,Alouatta guariba,Alouatta guariba,Alouatta guariba,Alouatta guariba,Alouatta,Atelidae,7,Crítico
99,Alouatta guariba,Alouatta caraya,Alouatta guariba clamitans,Alouatta guariba clamitans,Alouatta guariba clamitans,Alouatta caraya,Alouatta guariba clamitans,Alouatta guariba clamitans,Alouatta guariba clamitans,Alouatta guariba clamitans,Alouatta guariba clamitans,Alouatta caraya,Alouatta,Atelidae,7,Crítico
100,Alouatta guariba,Alouatta guariba clamitans,Alouatta guariba clamitans,Alouatta guariba,Alouatta guariba,Alouatta guariba clamitans,Alouatta guariba clamitans,Alouatta guariba clamitans,Alouatta guariba clamitans,Alouatta guariba clamitans,Alouatta guariba clamitans,Alouatta guariba clamitans,Alouatta,Atelidae,7,Crítico
101,Alouatta guariba,Sapajus nigritus,Sapajus nigritus,Sapajus nigritus,Sapajus nigritus,Sapajus nigritus,Sapajus nigritus,Sapajus nigritus,Sapajus nigritus,Sapajus nigritus,Sapajus nigritus,Sapajus nigritus,Alouatta,Atelidae,7,Crítico
102,Alouatta guariba,Alouatta guariba,Alouatta guariba,Alouatta guariba,Alouatta guariba,Alouatta guariba,Alouatta guariba clamitans,Alouatta guariba clamitans,Alouatta guariba,Alouatta guariba,Alouatta guariba,Alouatta guariba,Alouatta,Atelidae,7,Crítico
103,Alouatta guariba,Alouatta guariba,Alouatta guariba clamitans,Alouatta guariba,Alouatta guariba,Alouatta guariba,Alouatta guariba clamitans,Sapajus nigritus,Alouatta guariba clamitans,Alouatta guariba clamitans,Alouatta guariba clamitans,Alouatta guariba,Alouatta,Atelidae,7,Crítico
104,Alouatta guariba,Alouatta caraya,Sapajus nigritus,Alouatta caraya,Alouatta caraya,Alouatta caraya,Alouatta caraya,Alouatta caraya,Sapajus nigritus,Sapajus nigritus,Sapajus nigritus,Alouatta caraya,Alouatta,Atelidae,7,Crítico
105,Alouatta guariba,Alouatta guariba clamitans,Alouatta guariba,Alouatta guariba,Alouatta guariba clamitans,Alouatta guariba clamitans,Alouatta guariba clamitans,Alouatta guariba clamitans,Alouatta guariba,Alouatta guariba,Alouatta guariba,Alouatta guariba clamitans,Alouatta,Atelidae,7,Crítico
106,Alouatta guariba,Alouatta guariba clamitans,Alouatta guariba clamitans,Alouatta guariba clamitans,Alouatta guariba clamitans,Alouatta guariba clamitans,Alouatta guariba clamitans,Alouatta guariba clamitans,Alouatta guariba clamitans,Alouatta guariba clamitans,Alouatta guariba clamitans,Alouatta guariba clamitans,Alouatta,Atelidae,7,Crítico
107,Alouatta guariba,Sapajus nigritus,Alouatta guariba clamitans,Alouatta caraya,Alouatta guariba clamitans,Sapajus nigritus,Sapajus nigritus,Sapajus nigritus,Alouatta guariba clamitans,Alouatta guariba clamitans,Alouatta guariba clamitans,Alouatta guariba,Alouatta,Atelidae,7,Crítico
109,Alouatta guariba,Alouatta guariba,Alouatta guariba,Alouatta guariba,Alouatta guariba,Alouatta guariba,Alouatta guariba clamitans,Alouatta guariba clamitans,Alouatta guariba,Alouatta guariba,Alouatta guariba,Alouatta guariba,Alouatta,Atelidae,7,Crítico
111,Alouatta guariba,Alouatta guariba,Alouatta guariba,Alouatta guariba,Alouatta guariba,Alouatta guariba,Alouatta guariba clamitans,Alouatta guariba,Alouatta guariba,Alouatta guariba,Alouatta guariba,Alouatta guariba,Alouatta,Atelidae,7,Crítico
112,Alouatta guariba,Galictis cuja,Alouatta guariba clamitans,Galictis cuja,Galictis cuja,Alouatta guariba clamitans,Alouatta guariba clamitans,Alouatta guariba,Alouatta guariba clamitans,Alouatta guariba clamitans,Alouatta guariba clamitans,Galictis cuja,Alouatta,Atelidae,7,Crítico
114,Alouatta guariba,Alouatta guariba,Alouatta guariba,Alouatta guariba,Alouatta guariba,Alouatta guariba,Alouatta guariba clamitans,Alouatta guariba,Alouatta guariba,Alouatta guariba,Alouatta guariba,Alouatta guariba,Alouatta,Atelidae,7,Crítico
115,Alouatta guariba,Alouatta guariba clamitans,Alouatta guariba clamitans,Alouatta guariba clamitans,Alouatta guariba clamitans,Alouatta guariba clamitans,Alouatta guariba clamitans,Alouatta guariba clamitans,Alouatta guariba clamitans,Alouatta guariba clamitans,Alouatta guariba clamitans,Alouatta guariba clamitans,Alouatta,Atelidae,7,Crítico
116,Alouatta guariba,Alouatta guariba,Alouatta guariba,Alouatta guariba,Alouatta guariba,Alouatta guariba,Alouatta guariba clamitans,Alouatta guariba clamitans,Alouatta guariba,Alouatta guariba,Alouatta guariba,Alouatta guariba,Alouatta,Atelidae,7,Crítico
118,Alouatta guariba,Alouatta guariba,Alouatta guariba,Alouatta guariba,Alouatta guariba,Alouatta guariba,Alouatta guariba clamitans,Alouatta guariba clamitans,Alouatta guariba,Alouatta guariba,Alouatta guariba,Alouatta guariba,Alouatta,Atelidae,7,Crítico
119,Alouatta guariba,Alouatta guariba,Alouatta guariba clamitans,Alouatta guariba,Alouatta guariba,Alouatta guariba,Alouatta guariba clamitans,Alouatta guariba clamitans,Alouatta guariba clamitans,Alouatta guariba clamitans,Alouatta guariba clamitans,Alouatta guariba,Alouatta,Atelidae,7,Crítico
120,Alouatta guariba,Alouatta guariba,Alouatta guariba clamitans,Alouatta guariba clamitans,Alouatta guariba,Alouatta guariba,Alouatta guariba clamitans,Alouatta guariba clamitans,Alouatta guariba clamitans,Alouatta guariba clamitans,Alouatta guariba clamitans,Alouatta guariba,Alouatta,Atelidae,7,Crítico
122,Alouatta guariba clamitans,Alouatta guariba,Alouatta guariba,Alouatta guariba clamitans,Alouatta guariba,Alouatta guariba clamitans,Alouatta guariba clamitans,Alouatta guariba clamitans,Alouatta guariba,Alouatta guariba,Alouatta guariba,Alouatta guariba,Alouatta,Atelidae,7,Crítico
123,Alouatta guariba clamitans,Alouatta guariba clamitans,Alouatta guariba clamitans,Alouatta guariba,Alouatta guariba,Alouatta guariba clamitans,Alouatta guariba clamitans,Alouatta caraya,Alouatta guariba clamitans,Alouatta guariba clamitans,Alouatta guariba clamitans,Alouatta guariba clamitans,Alouatta,Atelidae,7,Crítico
124,Alouatta guariba clamitans,Alouatta guariba,Alouatta guariba,Alouatta guariba,Alouatta guariba,Alouatta guariba,Alouatta guariba clamitans,Alouatta guariba,Alouatta guariba,Alouatta guariba,Alouatta guariba,Alouatta guariba,Alouatta,Atelidae,7,Crítico
125,Alouatta guariba clamitans,Alouatta guariba,Alouatta guariba,Alouatta guariba clamitans,Alouatta guariba,Alouatta guariba,Alouatta guariba clamitans,Alouatta guariba,Alouatta guariba,Alouatta guariba,Alouatta guariba,Alouatta guariba,Alouatta,Atelidae,7,Crítico
126,Alouatta guariba clamitans,Alouatta guariba,Alouatta guariba,Alouatta guariba,Alouatta guariba,Alouatta guariba,Alouatta guariba clamitans,Alouatta guariba clamitans,Alouatta guariba,Alouatta guariba,Alouatta guariba,Alouatta guariba,Alouatta,Atelidae,7,Crítico
127,Alouatta guariba clamitans,Alouatta guariba clamitans,Alouatta guariba clamitans,Alouatta guariba,Alouatta guariba,Alouatta guariba clamitans,Alouatta guariba clamitans,Alouatta guariba clamitans,Alouatta guariba clamitans,Alouatta guariba clamitans,Alouatta guariba clamitans,Alouatta guariba clamitans,Alouatta,Atelidae,7,Crítico
128,Alouatta guariba clamitans,Alouatta guariba,Alouatta guariba,Alouatta guariba,Alouatta guariba,Alouatta guariba,Alouatta guariba clamitans,Alouatta guariba,Alouatta guariba,Alouatta guariba,Alouatta guariba,Alouatta guariba,Alouatta,Atelidae,7,Crítico
131,Alouatta guariba clamitans,Alouatta guariba,Alouatta guariba,Alouatta guariba,Alouatta guariba,Alouatta guariba,Alouatta guariba clamitans,Alouatta guariba,Alouatta guariba,Alouatta guariba,Alouatta guariba,Alouatta guariba,Alouatta,Atelidae,7,Crítico
132,Alouatta guariba clamitans,Alouatta guariba,Alouatta guariba,Alouatta guariba,Alouatta guariba,Alouatta guariba,Alouatta guariba clamitans,Alouatta guariba,Alouatta guariba,Alouatta guariba,Alouatta guariba,Alouatta guariba,Alouatta,Atelidae,7,Crítico
133,Alouatta guariba clamitans,Alouatta guariba clamitans,Alouatta guariba clamitans,Alouatta guariba clamitans,Alouatta guariba clamitans,Alouatta guariba clamitans,Alouatta guariba clamitans,Alouatta guariba clamitans,Alouatta guariba clamitans,Alouatta guariba clamitans,Alouatta guariba clamitans,Alouatta guariba clamitans,Alouatta,Atelidae,7,Crítico
135,Alouatta guariba clamitans,Alouatta guariba,Alouatta guariba,Alouatta guariba,Alouatta guariba,Sapajus nigritus,Alouatta guariba clamitans,Alouatta guariba clamitans,Alouatta guariba,Alouatta guariba,Alouatta guariba,Alouatta guariba,Alouatta,Atelidae,7,Crítico
136,Alouatta guariba clamitans,Alouatta guariba clamitans,Alouatta guariba clamitans,Alouatta guariba clamitans,Alouatta guariba clamitans,Alouatta guariba clamitans,Alouatta guariba clamitans,Alouatta guariba clamitans,Alouatta guariba clamitans,Alouatta guariba clamitans,Alouatta guariba clamitans,Alouatta guariba clamitans,Alouatta,Atelidae,7,Crítico
137,Alouatta guariba clamitans,Alouatta guariba,Alouatta guariba,Alouatta guariba,Alouatta guariba,Alouatta guariba,Alouatta guariba clamitans,Alouatta guariba,Alouatta guariba,Alouatta guariba,Alouatta guariba,Alouatta guariba,Alouatta,Atelidae,7,Crítico
138,Alouatta guariba clamitans,Alouatta guariba,Alouatta guariba,Alouatta guariba,Alouatta guariba clamitans,Alouatta guariba,Alouatta guariba clamitans,Alouatta caraya,Alouatta guariba,Alouatta guariba,Alouatta guariba,Alouatta guariba,Alouatta,Atelidae,7,Crítico
139,Alouatta guariba clamitans,Alouatta caraya,Alouatta guariba clamitans,Alouatta caraya,Alouatta caraya,Alouatta caraya,Alouatta caraya,Alouatta caraya,Alouatta guariba clamitans,Alouatta guariba clamitans,Alouatta guariba clamitans,Alouatta caraya,Alouatta,Atelidae,7,Crítico
140,Alouatta guariba clamitans,Alouatta guariba clamitans,Alouatta guariba,Alouatta guariba clamitans,Alouatta guariba clamitans,Alouatta guariba clamitans,Alouatta guariba clamitans,Alouatta guariba clamitans,Alouatta guariba,Alouatta guariba,Alouatta guariba,Alouatta guariba clamitans,Alouatta,Atelidae,7,Crítico
141,Alouatta guariba clamitans,Alouatta caraya,Alouatta caraya,Alouatta caraya,Alouatta caraya,Alouatta caraya,Alouatta caraya,Alouatta guariba,Alouatta caraya,Alouatta caraya,Alouatta caraya,Alouatta caraya,Alouatta,Atelidae,7,Crítico
142,Alouatta guariba clamitans,Alouatta guariba clamitans,Alouatta guariba,Alouatta guariba clamitans,Alouatta guariba clamitans,Alouatta guariba clamitans,Alouatta guariba clamitans,Alouatta caraya,Alouatta guariba,Alouatta guariba,Alouatta guariba,Alouatta guariba clamitans,Alouatta,Atelidae,7,Crítico
143,Alouatta guariba clamitans,Alouatta guariba clamitans,Alouatta guariba clamitans,Alouatta guariba clamitans,Alouatta guariba clamitans,Alouatta guariba clamitans,Alouatta guariba clamitans,Alouatta caraya,Alouatta guariba clamitans,Alouatta guariba clamitans,Alouatta guariba clamitans,Alouatta guariba clamitans,Alouatta,Atelidae,7,Crítico
144,Alouatta guariba clamitans,Alouatta guariba,Alouatta guariba,Alouatta guariba,Alouatta guariba,Sapajus nigritus,Alouatta guariba clamitans,Alouatta caraya,Alouatta guariba,Alouatta guariba,Alouatta guariba,Alouatta guariba,Alouatta,Atelidae,7,Crítico
145,Alouatta guariba clamitans,Alouatta guariba clamitans,Alouatta guariba,Alouatta guariba,Alouatta guariba,Alouatta guariba clamitans,Alouatta guariba clamitans,Alouatta caraya,Alouatta guariba,Alouatta guariba,Alouatta guariba,Alouatta guariba clamitans,Alouatta,Atelidae,7,Crítico
146,Alouatta guariba clamitans,Alouatta guariba clamitans,Alouatta guariba,Alouatta guariba,Alouatta guariba,Alouatta guariba clamitans,Alouatta guariba clamitans,Alouatta guariba,Alouatta guariba,Alouatta guariba,Alouatta guariba,Alouatta guariba clamitans,Alouatta,Atelidae,7,Crítico
147,Alouatta guariba clamitans,Alouatta guariba clamitans,Alouatta guariba clamitans,Alouatta guariba clamitans,Alouatta guariba clamitans,Alouatta guariba clamitans,Alouatta guariba clamitans,Alouatta guariba clamitans,Alouatta guariba clamitans,Alouatta guariba clamitans,Alouatta guariba clamitans,Alouatta guariba clamitans,Alouatta,Atelidae,7,Crítico
148,Alouatta guariba clamitans,Alouatta guariba clamitans,Alouatta guariba,Alouatta guariba clamitans,Alouatta guariba clamitans,Alouatta guariba clamitans,Alouatta guariba clamitans,Alouatta guariba clamitans,Alouatta guariba,Alouatta guariba,Alouatta guariba,Alouatta guariba clamitans,Alouatta,Atelidae,7,Crítico
149,Alouatta guariba clamitans,Alouatta guariba clamitans,Alouatta guariba,Alouatta guariba clamitans,Alouatta guariba,Alouatta guariba clamitans,Alouatta guariba clamitans,Alouatta guariba clamitans,Alouatta guariba,Alouatta guariba,Alouatta guariba,Alouatta guariba clamitans,Alouatta,Atelidae,7,Crítico
150,Alouatta guariba clamitans,Alouatta guariba clamitans,Alouatta guariba clamitans,Alouatta guariba clamitans,Alouatta guariba clamitans,Alouatta guariba clamitans,Alouatta guariba clamitans,Alouatta guariba clamitans,Alouatta guariba clamitans,Alouatta guariba clamitans,Alouatta guariba clamitans,Alouatta guariba clamitans,Alouatta,Atelidae,7,Crítico
151,Alouatta guariba clamitans,Alouatta guariba clamitans,Alouatta guariba clamitans,Alouatta guariba,Alouatta guariba clamitans,Alouatta guariba clamitans,Alouatta guariba clamitans,Alouatta guariba clamitans,Alouatta guariba clamitans,Alouatta guariba clamitans,Alouatta guariba clamitans,Alouatta guariba clamitans,Alouatta,Atelidae,7,Crítico
152,Alouatta guariba clamitans,Alouatta guariba clamitans,Alouatta guariba clamitans,Alouatta guariba,Alouatta guariba clamitans,Alouatta guariba clamitans,Alouatta guariba clamitans,Alouatta guariba clamitans,Alouatta guariba clamitans,Alouatta guariba clamitans,Alouatta guariba clamitans,Alouatta guariba clamitans,Alouatta,Atelidae,7,Crítico
156,Alouatta guariba clamitans,Alouatta caraya,Alouatta guariba clamitans,Alouatta caraya,Alouatta guariba clamitans,Alouatta caraya,Alouatta caraya,Alouatta caraya,Alouatta guariba clamitans,Alouatta guariba clamitans,Alouatta guariba clamitans,Alouatta caraya,Alouatta,Atelidae,7,Crítico
158,Alouatta guariba clamitans,Alouatta guariba clamitans,Alouatta guariba,Alouatta guariba,Alouatta guariba,Alouatta guariba clamitans,Alouatta guariba clamitans,Alouatta guariba clamitans,Alouatta guariba,Alouatta guariba,Alouatta guariba,Alouatta guariba clamitans,Alouatta,Atelidae,7,Crítico
159,Alouatta guariba clamitans,Sapajus nigritus,Alouatta caraya,Alouatta caraya,Alouatta caraya,Sapajus nigritus,Sapajus nigritus,Amazona vinacea,Alouatta caraya,Alouatta caraya,Alouatta caraya,Sapajus nigritus,Alouatta,Atelidae,7,Crítico
160,Alouatta guariba clamitans,Hydrochoerus hydrochaeris,Alouatta guariba clamitans,Alouatta guariba clamitans,Alouatta guariba clamitans,Hydrochoerus hydrochaeris,Alouatta guariba clamitans,Alouatta caraya,Alouatta guariba clamitans,Alouatta guariba clamitans,Alouatta guariba clamitans,Hydrochoerus hydrochaeris,Alouatta,Atelidae,7,Crítico
161,Alouatta guariba clamitans,Alouatta guariba clamitans,Alouatta guariba clamitans,Alouatta guariba,Alouatta guariba clamitans,Alouatta guariba clamitans,Alouatta guariba clamitans,Alouatta guariba clamitans,Alouatta guariba clamitans,Alouatta guariba clamitans,Alouatta guariba clamitans,Alouatta guariba clamitans,Alouatta,Atelidae,7,Crítico
162,Alouatta guariba clamitans,Alouatta guariba,Sapajus nigritus,Alouatta guariba,Alouatta guariba clamitans,Sapajus nigritus,Sapajus nigritus,Alouatta caraya,Sapajus nigritus,Sapajus nigritus,Sapajus nigritus,Alouatta guariba,Alouatta,Atelidae,7,Crítico
163,Alouatta guariba clamitans,Alouatta guariba,Alouatta guariba,Alouatta guariba,Alouatta guariba,Alouatta guariba,Alouatta guariba clamitans,Habia rubica,Alouatta guariba,Alouatta guariba,Alouatta guariba,Alouatta guariba,Alouatta,Atelidae,7,Crítico
164,Alouatta guariba clamitans,Herpailurus yagouaroundi,Galictis cuja,Galictis cuja,Nasua nasua,Galictis cuja,Galictis cuja,Nasua nasua,Galictis cuja,Galictis cuja,Galictis cuja,Herpailurus yagouaroundi,Alouatta,Atelidae,7,Crítico
166,Alouatta guariba clamitans,Alouatta guariba,Alouatta guariba,Alouatta guariba,Alouatta guariba,Alouatta guariba,Alouatta guariba clamitans,Alouatta guariba,Alouatta guariba,Alouatta guariba,Alouatta guariba,Alouatta guariba,Alouatta,Atelidae,7,Crítico
168,Alouatta guariba clamitans,Sapajus nigritus,Cyanocorax chrysops,Biatas nigropectus,Sapajus nigritus,Sapajus nigritus,Sapajus nigritus,Brotogeris chiriri,Cyanocorax chrysops,Cyanocorax chrysops,Cyanocorax chrysops,Sapajus nigritus,Alouatta,Atelidae,7,Crítico
169,Alouatta guariba clamitans,Alouatta guariba clamitans,Alouatta guariba clamitans,Alouatta guariba clamitans,Alouatta guariba clamitans,Alouatta guariba clamitans,Alouatta guariba clamitans,Alouatta guariba clamitans,Alouatta guariba clamitans,Alouatta guariba clamitans,Alouatta guariba clamitans,Alouatta guariba clamitans,Alouatta,Atelidae,7,Crítico
170,Alouatta guariba clamitans,Alouatta guariba clamitans,Alouatta guariba,Alouatta guariba,Alouatta guariba,Alouatta guariba,Alouatta guariba clamitans,Alouatta guariba clamitans,Alouatta guariba,Alouatta guariba,Alouatta guariba,Alouatta guariba clamitans,Alouatta,Atelidae,7,Crítico
172,Alouatta guariba clamitans,Alouatta guariba clamitans,Alouatta guariba,Alouatta guariba,Alouatta guariba,Alouatta guariba clamitans,Alouatta guariba clamitans,Alouatta guariba,Alouatta guariba,Alouatta guariba,Alouatta guariba,Alouatta guariba clamitans,Alouatta,Atelidae,7,Crítico
173,Alouatta guariba clamitans,Alouatta guariba,Alouatta guariba,Alouatta guariba,Alouatta guariba,Alouatta guariba,Alouatta guariba clamitans,Alouatta guariba clamitans,Alouatta guariba,Alouatta guariba,Alouatta guariba,Alouatta guariba,Alouatta,Atelidae,7,Crítico
174,Alouatta guariba clamitans,Alouatta guariba clamitans,Alouatta guariba clamitans,Alouatta guariba clamitans,Alouatta guariba clamitans,Alouatta guariba clamitans,Alouatta guariba clamitans,Alouatta guariba clamitans,Alouatta guariba clamitans,Alouatta guariba clamitans,Alouatta guariba clamitans,Alouatta guariba clamitans,Alouatta,Atelidae,7,Crítico
175,Alouatta guariba clamitans,Alouatta guariba clamitans,Alouatta guariba,Alouatta guariba,Alouatta guariba,Alouatta guariba clamitans,Alouatta guariba clamitans,Alouatta guariba clamitans,Alouatta guariba,Alouatta guariba,Alouatta guariba,Alouatta guariba clamitans,Alouatta,Atelidae,7,Crítico
176,Alouatta guariba clamitans,Sapajus nigritus,Alouatta caraya,Alouatta caraya,Alouatta caraya,Sapajus nigritus,Sapajus nigritus,Nasua nasua,Alouatta caraya,Alouatta caraya,Alouatta caraya,Sapajus nigritus,Alouatta,Atelidae,7,Crítico
177,Alouatta guariba clamitans,Alouatta guariba clamitans,Alouatta guariba clamitans,Alouatta guariba,Alouatta guariba,Alouatta guariba clamitans,Alouatta guariba clamitans,Alouatta guariba,Alouatta guariba clamitans,Alouatta guariba clamitans,Alouatta guariba clamitans,Alouatta guariba clamitans,Alouatta,Atelidae,7,Crítico
179,Alouatta guariba clamitans,Sapajus nigritus,Sapajus nigritus,Alouatta caraya,Alouatta caraya,Amazona vinacea,Sapajus nigritus,Galictis cuja,Sapajus nigritus,Sapajus nigritus,Sapajus nigritus,Alouatta caraya,Alouatta,Atelidae,7,Crítico
180,Alouatta guariba clamitans,Alouatta guariba clamitans,Alouatta guariba clamitans,Alouatta guariba clamitans,Alouatta guariba clamitans,Alouatta guariba clamitans,Alouatta guariba clamitans,Alouatta guariba clamitans,Alouatta guariba clamitans,Alouatta guariba clamitans,Alouatta guariba clamitans,Alouatta guariba clamitans,Alouatta,Atelidae,7,Crítico
182,Alouatta guariba clamitans,Alouatta guariba clamitans,Alouatta guariba clamitans,Alouatta guariba clamitans,Alouatta guariba clamitans,Alouatta guariba clamitans,Alouatta guariba clamitans,Alouatta guariba clamitans,Alouatta guariba clamitans,Alouatta guariba clamitans,Alouatta guariba clamitans,Alouatta guariba clamitans,Alouatta,Atelidae,7,Crítico
184,Alouatta guariba clamitans,Alouatta guariba clamitans,Alouatta guariba clamitans,Alouatta guariba clamitans,Alouatta guariba clamitans,Alouatta guariba clamitans,Alouatta guariba clamitans,Alouatta guariba clamitans,Alouatta guariba clamitans,Alouatta guariba clamitans,Alouatta guariba clamitans,Alouatta guariba clamitans,Alouatta,Atelidae,7,Crítico
185,Alouatta guariba clamitans,Alouatta guariba clamitans,Alouatta guariba,Alouatta guariba clamitans,Alouatta guariba clamitans,Alouatta guariba clamitans,Alouatta guariba clamitans,Alouatta guariba clamitans,Alouatta guariba,Alouatta guariba,Alouatta guariba,Alouatta guariba clamitans,Alouatta,Atelidae,7,Crítico
186,Alouatta guariba clamitans,Alouatta guariba clamitans,Alouatta guariba clamitans,Alouatta guariba clamitans,Alouatta guariba clamitans,Alouatta guariba clamitans,Alouatta guariba clamitans,Alouatta guariba clamitans,Alouatta guariba clamitans,Alouatta guariba clamitans,Alouatta guariba clamitans,Alouatta guariba clamitans,Alouatta,Atelidae,7,Crítico
187,Alouatta guariba clamitans,Alouatta guariba clamitans,Alouatta guariba,Alouatta caraya,Alouatta guariba clamitans,Alouatta guariba clamitans,Alouatta guariba clamitans,Alouatta guariba clamitans,Alouatta guariba,Alouatta guariba,Alouatta guariba,Alouatta guariba clamitans,Alouatta,Atelidae,7,Crítico
188,Alouatta guariba clamitans,Alouatta guariba clamitans,Alouatta guariba,Alouatta guariba,Alouatta guariba,Alouatta caraya,Alouatta guariba clamitans,Alouatta guariba clamitans,Alouatta guariba,Alouatta guariba,Alouatta guariba,Alouatta guariba clamitans,Alouatta,Atelidae,7,Crítico
189,Alouatta guariba clamitans,Alouatta caraya,Alouatta guariba clamitans,Alouatta caraya,Alouatta guariba,Alouatta caraya,Alouatta caraya,Alouatta guariba clamitans,Alouatta guariba clamitans,Alouatta guariba clamitans,Alouatta guariba clamitans,Alouatta caraya,Alouatta,Atelidae,7,Crítico
190,Alouatta guariba clamitans,Alouatta guariba clamitans,Alouatta guariba clamitans,Alouatta guariba clamitans,Alouatta guariba clamitans,Alouatta guariba clamitans,Alouatta guariba clamitans,Alouatta guariba clamitans,Alouatta guariba clamitans,Alouatta guariba clamitans,Alouatta guariba clamitans,Alouatta guariba clamitans,Alouatta,Atelidae,7,Crítico
191,Notharchus swainsoni,Notharchus swainsoni,Notharchus swainsoni,Notharchus swainsoni,Notharchus swainsoni,Notharchus swainsoni,Notharchus swainsoni,Notharchus swainsoni,Notharchus swainsoni,Notharchus swainsoni,Notharchus swainsoni,Notharchus swainsoni,Notharchus,Bucconidae,5,Crítico
194,Notharchus swainsoni,Notharchus swainsoni,Notharchus swainsoni,Notharchus swainsoni,Notharchus swainsoni,Notharchus swainsoni,Notharchus swainsoni,Notharchus swainsoni,Notharchus swainsoni,Notharchus swainsoni,Notharchus swainsoni,Notharchus swainsoni,Notharchus,Bucconidae,5,Crítico
196,Notharchus swainsoni,Hypoedaleus guttatus,Sapajus nigritus,Biatas nigropectus,Hypoedaleus guttatus,Hypoedaleus guttatus,Sapajus nigritus,Hypoedaleus guttatus,Sapajus nigritus,Sapajus nigritus,Sapajus nigritus,Hypoedaleus guttatus,Notharchus,Bucconidae,5,Crítico
197,Notharchus swainsoni,Notharchus swainsoni,Notharchus swainsoni,Notharchus swainsoni,Notharchus swainsoni,Notharchus swainsoni,Notharchus swainsoni,Notharchus swainsoni,Notharchus swainsoni,Notharchus swainsoni,Notharchus swainsoni,Notharchus swainsoni,Notharchus,Bucconidae,5,Crítico
198,Notharchus swainsoni,Notharchus swainsoni,Notharchus swainsoni,Notharchus swainsoni,Notharchus swainsoni,Notharchus swainsoni,Notharchus swainsoni,Notharchus swainsoni,Notharchus swainsoni,Notharchus swainsoni,Notharchus swainsoni,Notharchus swainsoni,Notharchus,Bucconidae,5,Crítico
199,Notharchus swainsoni,Notharchus swainsoni,Notharchus swainsoni,Notharchus swainsoni,Notharchus swainsoni,Notharchus swainsoni,Notharchus swainsoni,Notharchus swainsoni,Notharchus swainsoni,Notharchus swainsoni,Notharchus swainsoni,Notharchus swainsoni,Notharchus,Bucconidae,5,Crítico
202,Notharchus swainsoni,Notharchus swainsoni,Notharchus swainsoni,Notharchus swainsoni,Notharchus swainsoni,Notharchus swainsoni,Notharchus swainsoni,Notharchus swainsoni,Notharchus swainsoni,Notharchus swainsoni,Notharchus swainsoni,Notharchus swainsoni,Notharchus,Bucconidae,5,Crítico
203,Notharchus swainsoni,Notharchus swainsoni,Notharchus swainsoni,Notharchus swainsoni,Notharchus swainsoni,Notharchus swainsoni,Notharchus swainsoni,Notharchus swainsoni,Notharchus swainsoni,Notharchus swainsoni,Notharchus swainsoni,Notharchus swainsoni,Notharchus,Bucconidae,5,Crítico
204,Notharchus swainsoni,Notharchus swainsoni,Notharchus swainsoni,Notharchus swainsoni,Notharchus swainsoni,Notharchus swainsoni,Notharchus swainsoni,Sapajus nigritus,Notharchus swainsoni,Notharchus swainsoni,Notharchus swainsoni,Notharchus swainsoni,Notharchus,Bucconidae,5,Crítico
207,Notharchus swainsoni,Notharchus swainsoni,Notharchus swainsoni,Notharchus swainsoni,Notharchus swainsoni,Notharchus swainsoni,Notharchus swainsoni,Notharchus swainsoni,Notharchus swainsoni,Notharchus swainsoni,Notharchus swainsoni,Notharchus swainsoni,Notharchus,Bucconidae,5,Crítico
208,Notharchus swainsoni,Notharchus swainsoni,Notharchus swainsoni,Notharchus swainsoni,Notharchus swainsoni,Notharchus swainsoni,Notharchus swainsoni,Notharchus swainsoni,Notharchus swainsoni,Notharchus swainsoni,Notharchus swainsoni,Notharchus swainsoni,Notharchus,Bucconidae,5,Crítico
209,Notharchus swainsoni,Notharchus swainsoni,Notharchus swainsoni,Notharchus swainsoni,Notharchus swainsoni,Notharchus swainsoni,Notharchus swainsoni,Notharchus swainsoni,Notharchus swainsoni,Notharchus swainsoni,Notharchus swainsoni,Notharchus swainsoni,Notharchus,Bucconidae,5,Crítico
210,Notharchus swainsoni,Notharchus swainsoni,Notharchus swainsoni,Notharchus swainsoni,Notharchus swainsoni,Notharchus swainsoni,Notharchus swainsoni,Notharchus swainsoni,Notharchus swainsoni,Notharchus swainsoni,Notharchus swainsoni,Notharchus swainsoni,Notharchus,Bucconidae,5,Crítico
211,Notharchus swainsoni,Notharchus swainsoni,Notharchus swainsoni,Notharchus swainsoni,Notharchus swainsoni,Notharchus swainsoni,Notharchus swainsoni,Notharchus swainsoni,Notharchus swainsoni,Notharchus swainsoni,Notharchus swainsoni,Notharchus swainsoni,Notharchus,Bucconidae,5,Crítico
212,Notharchus swainsoni,Notharchus swainsoni,Notharchus swainsoni,Notharchus swainsoni,Notharchus swainsoni,Notharchus swainsoni,Notharchus swainsoni,Notharchus swainsoni,Notharchus swainsoni,Notharchus swainsoni,Notharchus swainsoni,Notharchus swainsoni,Notharchus,Bucconidae,5,Crítico
213,Notharchus swainsoni,Notharchus swainsoni,Notharchus swainsoni,Notharchus swainsoni,Notharchus swainsoni,Notharchus swainsoni,Notharchus swainsoni,Notharchus swainsoni,Notharchus swainsoni,Notharchus swainsoni,Notharchus swainsoni,Notharchus swainsoni,Notharchus,Bucconidae,5,Crítico
214,Notharchus swainsoni,Sporophila pileata,Hypoedaleus guttatus,Hypoedaleus guttatus,Sporophila pileata,Notharchus swainsoni,Notharchus swainsoni,Notharchus swainsoni,Hypoedaleus guttatus,Hypoedaleus guttatus,Hypoedaleus guttatus,Notharchus swainsoni,Notharchus,Bucconidae,5,Crítico
215,Notharchus swainsoni,Notharchus swainsoni,Notharchus swainsoni,Notharchus swainsoni,Notharchus swainsoni,Notharchus swainsoni,Notharchus swainsoni,Notharchus swainsoni,Notharchus swainsoni,Notharchus swainsoni,Notharchus swainsoni,Notharchus swainsoni,Notharchus,Bucconidae,5,Crítico
216,Notharchus swainsoni,Notharchus swainsoni,Notharchus swainsoni,Notharchus swainsoni,Notharchus swainsoni,Notharchus swainsoni,Notharchus swainsoni,Notharchus swainsoni,Notharchus swainsoni,Notharchus swainsoni,Notharchus swainsoni,Notharchus swainsoni,Notharchus,Bucconidae,5,Crítico
217,Notharchus swainsoni,Notharchus swainsoni,Notharchus swainsoni,Notharchus swainsoni,Notharchus swainsoni,Notharchus swainsoni,Notharchus swainsoni,Notharchus swainsoni,Notharchus swainsoni,Notharchus swainsoni,Notharchus swainsoni,Notharchus swainsoni,Notharchus,Bucconidae,5,Crítico
218,Notharchus swainsoni,Notharchus swainsoni,Notharchus swainsoni,Notharchus swainsoni,Notharchus swainsoni,Notharchus swainsoni,Notharchus swainsoni,Notharchus swainsoni,Notharchus swainsoni,Notharchus swainsoni,Notharchus swainsoni,Notharchus swainsoni,Notharchus,Bucconidae,5,Crítico
219,Notharchus swainsoni,Notharchus swainsoni,Notharchus swainsoni,Notharchus swainsoni,Notharchus swainsoni,Notharchus swainsoni,Notharchus swainsoni,Notharchus swainsoni,Notharchus swainsoni,Notharchus swainsoni,Notharchus swainsoni,Notharchus swainsoni,Notharchus,Bucconidae,5,Crítico
220,Notharchus swainsoni,Notharchus swainsoni,Notharchus swainsoni,Notharchus swainsoni,Notharchus swainsoni,Notharchus swainsoni,Notharchus swainsoni,Notharchus swainsoni,Notharchus swainsoni,Notharchus swainsoni,Notharchus swainsoni,Notharchus swainsoni,Notharchus,Bucconidae,5,Crítico
221,Notharchus swainsoni,Notharchus swainsoni,Notharchus swainsoni,Notharchus swainsoni,Notharchus swainsoni,Notharchus swainsoni,Notharchus swainsoni,Notharchus swainsoni,Notharchus swainsoni,Notharchus swainsoni,Notharchus swainsoni,Notharchus swainsoni,Notharchus,Bucconidae,5,Crítico
222,Notharchus swainsoni,Notharchus swainsoni,Notharchus swainsoni,Notharchus swainsoni,Notharchus swainsoni,Notharchus swainsoni,Notharchus swainsoni,Notharchus swainsoni,Notharchus swainsoni,Notharchus swainsoni,Notharchus swainsoni,Notharchus swainsoni,Notharchus,Bucconidae,5,Crítico
223,Notharchus swainsoni,Notharchus swainsoni,Notharchus swainsoni,Notharchus swainsoni,Notharchus swainsoni,Notharchus swainsoni,Notharchus swainsoni,Notharchus swainsoni,Notharchus swainsoni,Notharchus swainsoni,Notharchus swainsoni,Notharchus swainsoni,Notharchus,Bucconidae,5,Crítico
224,Notharchus swainsoni,Gubernetes yetapa,Sporophila pileata,Gubernetes yetapa,Brotogeris chiriri,Notharchus swainsoni,Gubernetes yetapa,Amazona aestiva,Sporophila pileata,Sporophila pileata,Sporophila pileata,Gubernetes yetapa,Notharchus,Bucconidae,5,Crítico
226,Notharchus swainsoni,Notharchus swainsoni,Notharchus swainsoni,Notharchus swainsoni,Notharchus swainsoni,Notharchus swainsoni,Notharchus swainsoni,Notharchus swainsoni,Notharchus swainsoni,Notharchus swainsoni,Notharchus swainsoni,Notharchus swainsoni,Notharchus,Bucconidae,5,Crítico
227,Notharchus swainsoni,Notharchus swainsoni,Notharchus swainsoni,Notharchus swainsoni,Notharchus swainsoni,Notharchus swainsoni,Notharchus swainsoni,Notharchus swainsoni,Notharchus swainsoni,Notharchus swainsoni,Notharchus swainsoni,Notharchus swainsoni,Notharchus,Bucconidae,5,Crítico
228,Notharchus swainsoni,Notharchus swainsoni,Notharchus swainsoni,Notharchus swainsoni,Notharchus swainsoni,Notharchus swainsoni,Notharchus swainsoni,Notharchus swainsoni,Notharchus swainsoni,Notharchus swainsoni,Notharchus swainsoni,Notharchus swainsoni,Notharchus,Bucconidae,5,Crítico
229,Notharchus swainsoni,Notharchus swainsoni,Notharchus swainsoni,Notharchus swainsoni,Notharchus swainsoni,Notharchus swainsoni,Notharchus swainsoni,Notharchus swainsoni,Notharchus swainsoni,Notharchus swainsoni,Notharchus swainsoni,Notharchus swainsoni,Notharchus,Bucconidae,5,Crítico
230,Notharchus swainsoni,Notharchus swainsoni,Notharchus swainsoni,Notharchus swainsoni,Notharchus swainsoni,Notharchus swainsoni,Notharchus swainsoni,Notharchus swainsoni,Notharchus swainsoni,Notharchus swainsoni,Notharchus swainsoni,Notharchus swainsoni,Notharchus,Bucconidae,5,Crítico
231,Notharchus swainsoni,Notharchus swainsoni,Notharchus swainsoni,Notharchus swainsoni,Notharchus swainsoni,Notharchus swainsoni,Notharchus swainsoni,Notharchus swainsoni,Notharchus swainsoni,Notharchus swainsoni,Notharchus swainsoni,Notharchus swainsoni,Notharchus,Bucconidae,5,Crítico
232,Notharchus swainsoni,Notharchus swainsoni,Notharchus swainsoni,Notharchus swainsoni,Notharchus swainsoni,Notharchus swainsoni,Notharchus swainsoni,Notharchus swainsoni,Notharchus swainsoni,Notharchus swainsoni,Notharchus swainsoni,Notharchus swainsoni,Notharchus,Bucconidae,5,Crítico
233,Notharchus swainsoni,Notharchus swainsoni,Notharchus swainsoni,Notharchus swainsoni,Notharchus swainsoni,Notharchus swainsoni,Notharchus swainsoni,Notharchus swainsoni,Notharchus swainsoni,Notharchus swainsoni,Notharchus swainsoni,Notharchus swainsoni,Notharchus,Bucconidae,5,Crítico
234,Notharchus swainsoni,Notharchus swainsoni,Notharchus swainsoni,Notharchus swainsoni,Notharchus swainsoni,Notharchus swainsoni,Notharchus swainsoni,Notharchus swainsoni,Notharchus swainsoni,Notharchus swainsoni,Notharchus swainsoni,Notharchus swainsoni,Notharchus,Bucconidae,5,Crítico
235,Notharchus swainsoni,Notharchus swainsoni,Notharchus swainsoni,Notharchus swainsoni,Notharchus swainsoni,Notharchus swainsoni,Notharchus swainsoni,Notharchus swainsoni,Notharchus swainsoni,Notharchus swainsoni,Notharchus swainsoni,Notharchus swainsoni,Notharchus,Bucconidae,5,Crítico
236,Notharchus swainsoni,Notharchus swainsoni,Notharchus swainsoni,Notharchus swainsoni,Notharchus swainsoni,Notharchus swainsoni,Notharchus swainsoni,Notharchus swainsoni,Notharchus swainsoni,Notharchus swainsoni,Notharchus swainsoni,Notharchus swainsoni,Notharchus,Bucconidae,5,Crítico
237,Notharchus swainsoni,Notharchus swainsoni,Notharchus swainsoni,Notharchus swainsoni,Notharchus swainsoni,Notharchus swainsoni,Notharchus swainsoni,Notharchus swainsoni,Notharchus swainsoni,Notharchus swainsoni,Notharchus swainsoni,Notharchus swainsoni,Notharchus,Bucconidae,5,Crítico
238,Notharchus swainsoni,Notharchus swainsoni,Notharchus swainsoni,Notharchus swainsoni,Notharchus swainsoni,Notharchus swainsoni,Notharchus swainsoni,Notharchus swainsoni,Notharchus swainsoni,Notharchus swainsoni,Notharchus swainsoni,Notharchus swainsoni,Notharchus,Bucconidae,5,Crítico
239,Notharchus swainsoni,Notharchus swainsoni,Notharchus swainsoni,Notharchus swainsoni,Notharchus swainsoni,Notharchus swainsoni,Notharchus swainsoni,Notharchus swainsoni,Notharchus swainsoni,Notharchus swainsoni,Notharchus swainsoni,Notharchus swainsoni,Notharchus,Bucconidae,5,Crítico
240,Notharchus swainsoni,Notharchus swainsoni,Notharchus swainsoni,Notharchus swainsoni,Notharchus swainsoni,Notharchus swainsoni,Notharchus swainsoni,Notharchus swainsoni,Notharchus swainsoni,Notharchus swainsoni,Notharchus swainsoni,Notharchus swainsoni,Notharchus,Bucconidae,5,Crítico
241,Notharchus swainsoni,Hydropsalis torquata,Notharchus swainsoni,Baryphthengus ruficapillus,Notharchus swainsoni,Hydropsalis torquata,Hydropsalis torquata,Hydropsalis torquata,Notharchus swainsoni,Notharchus swainsoni,Notharchus swainsoni,Notharchus swainsoni,Notharchus,Bucconidae,5,Crítico
244,Notharchus swainsoni,Sporophila pileata,Sporophila pileata,Sporophila pileata,Sporophila pileata,Manacus manacus,Manacus manacus,Amazona aestiva,Sporophila pileata,Sporophila pileata,Sporophila pileata,Gubernetes yetapa,Notharchus,Bucconidae,5,Crítico
245,Notharchus swainsoni,Notharchus swainsoni,Notharchus swainsoni,Notharchus swainsoni,Notharchus swainsoni,Notharchus swainsoni,Notharchus swainsoni,Notharchus swainsoni,Notharchus swainsoni,Notharchus swainsoni,Notharchus swainsoni,Notharchus swainsoni,Notharchus,Bucconidae,5,Crítico
246,Notharchus swainsoni,Notharchus swainsoni,Notharchus swainsoni,Notharchus swainsoni,Notharchus swainsoni,Notharchus swainsoni,Notharchus swainsoni,Notharchus swainsoni,Notharchus swainsoni,Notharchus swainsoni,Notharchus swainsoni,Notharchus swainsoni,Notharchus,Bucconidae,5,Crítico
250,Notharchus swainsoni,Sporophila pileata,Sporophila pileata,Sporophila pileata,Sporophila pileata,Notharchus swainsoni,Notharchus swainsoni,Notharchus swainsoni,Sporophila pileata,Sporophila pileata,Sporophila pileata,Notharchus swainsoni,Notharchus,Bucconidae,5,Crítico
251,Notharchus swainsoni,Notharchus swainsoni,Notharchus swainsoni,Notharchus swainsoni,Notharchus swainsoni,Notharchus swainsoni,Notharchus swainsoni,Notharchus swainsoni,Notharchus swainsoni,Notharchus swainsoni,Notharchus swainsoni,Notharchus swainsoni,Notharchus,Bucconidae,5,Crítico
252,Notharchus swainsoni,Notharchus swainsoni,Notharchus swainsoni,Notharchus swainsoni,Notharchus swainsoni,Notharchus swainsoni,Notharchus swainsoni,Notharchus swainsoni,Notharchus swainsoni,Notharchus swainsoni,Notharchus swainsoni,Notharchus swainsoni,Notharchus,Bucconidae,5,Crítico
253,Notharchus swainsoni,Notharchus swainsoni,Notharchus swainsoni,Notharchus swainsoni,Notharchus swainsoni,Notharchus swainsoni,Notharchus swainsoni,Notharchus swainsoni,Notharchus swainsoni,Notharchus swainsoni,Notharchus swainsoni,Notharchus swainsoni,Notharchus,Bucconidae,5,Crítico
254,Notharchus swainsoni,Notharchus swainsoni,Notharchus swainsoni,Notharchus swainsoni,Notharchus swainsoni,Notharchus swainsoni,Notharchus swainsoni,Notharchus swainsoni,Notharchus swainsoni,Notharchus swainsoni,Notharchus swainsoni,Notharchus swainsoni,Notharchus,Bucconidae,5,Crítico
255,Notharchus swainsoni,Sporophila pileata,Sporophila pileata,Notharchus swainsoni,Notharchus swainsoni,Notharchus swainsoni,Notharchus swainsoni,Baryphthengus ruficapillus,Sporophila pileata,Sporophila pileata,Sporophila pileata,Notharchus swainsoni,Notharchus,Bucconidae,5,Crítico
256,Notharchus swainsoni,Notharchus swainsoni,Notharchus swainsoni,Notharchus swainsoni,Notharchus swainsoni,Notharchus swainsoni,Notharchus swainsoni,Notharchus swainsoni,Notharchus swainsoni,Notharchus swainsoni,Notharchus swainsoni,Notharchus swainsoni,Notharchus,Bucconidae,5,Crítico
257,Notharchus swainsoni,Notharchus swainsoni,Notharchus swainsoni,Notharchus swainsoni,Notharchus swainsoni,Notharchus swainsoni,Notharchus swainsoni,Notharchus swainsoni,Notharchus swainsoni,Notharchus swainsoni,Notharchus swainsoni,Notharchus swainsoni,Notharchus,Bucconidae,5,Crítico
258,Notharchus swainsoni,Notharchus swainsoni,Notharchus swainsoni,Notharchus swainsoni,Notharchus swainsoni,Notharchus swainsoni,Notharchus swainsoni,Notharchus swainsoni,Notharchus swainsoni,Notharchus swainsoni,Notharchus swainsoni,Notharchus swainsoni,Notharchus,Bucconidae,5,Crítico
260,Notharchus swainsoni,Didelphis albiventris,Notharchus swainsoni,Notharchus swainsoni,Notharchus swainsoni,Didelphis albiventris,Notharchus swainsoni,Notharchus swainsoni,Notharchus swainsoni,Notharchus swainsoni,Notharchus swainsoni,Didelphis albiventris,Notharchus,Bucconidae,5,Crítico
262,Canis familiaris,Cerdocyon thous,Cerdocyon thous,Cerdocyon thous,Cerdocyon thous,Cerdocyon thous,Cerdocyon thous,Cerdocyon thous,Cerdocyon thous,Cerdocyon thous,Cerdocyon thous,Cerdocyon thous,Canis,Canidae,0,Doméstica
264,Canis familiaris,Canis familiaris,Canis familiaris,Canis familiaris,Canis familiaris,Canis familiaris,Canis familiaris,Aramides saracura,Canis familiaris,Canis familiaris,Canis familiaris,Canis familiaris,Canis,Canidae,0,Doméstica
265,Canis familiaris,Canis familiaris,Hydropsalis torquata,Canis familiaris,Canis familiaris,Canis familiaris,Tamandua tetradactyla,Leopardus guttulus,Hydropsalis torquata,Hydropsalis torquata,Hydropsalis torquata,Canis familiaris,Canis,Canidae,0,Doméstica
266,Canis familiaris,Cuniculus paca,Puma concolor,Lepus europaeus,Leopardus wiedii,Lepus europaeus,Cerdocyon thous,Lepus europaeus,Puma concolor,Puma concolor,Puma concolor,Procyon cancrivorus,Canis,Canidae,0,Doméstica
267,Canis familiaris,Canis familiaris,Canis familiaris,Canis familiaris,Canis familiaris,Canis familiaris,Canis familiaris,Canis familiaris,Canis familiaris,Canis familiaris,Canis familiaris,Canis familiaris,Canis,Canidae,0,Doméstica
268,Canis familiaris,Canis familiaris,Canis familiaris,Canis familiaris,Canis familiaris,Canis familiaris,Canis familiaris,Lepus europaeus,Canis familiaris,Canis familiaris,Canis familiaris,Canis familiaris,Canis,Canidae,0,Doméstica
269,Canis familiaris,Canis familiaris,Canis familiaris,Canis familiaris,Canis familiaris,Canis familiaris,Lontra longicaudis,Canis familiaris,Canis familiaris,Canis familiaris,Canis familiaris,Canis familiaris,Canis,Canidae,0,Doméstica
270,Canis familiaris,Canis familiaris,Canis familiaris,Canis familiaris,Canis familiaris,Canis familiaris,Canis familiaris,Canis familiaris,Canis familiaris,Canis familiaris,Canis familiaris,Canis familiaris,Canis,Canidae,0,Doméstica
271,Canis familiaris,Canis familiaris,Canis familiaris,Canis familiaris,Canis familiaris,Canis familiaris,Canis familiaris,Myrmecophaga tridactyla,Canis familiaris,Canis familiaris,Canis familiaris,Canis familiaris,Canis,Canidae,0,Doméstica
272,Canis familiaris,Canis familiaris,Canis familiaris,Canis familiaris,Canis familiaris,Canis familiaris,Canis familiaris,Canis familiaris,Canis familiaris,Canis familiaris,Canis familiaris,Canis familiaris,Canis,Canidae,0,Doméstica
273,Canis familiaris,Didelphis aurita,Didelphis aurita,Didelphis aurita,Didelphis aurita,Didelphis aurita,Galictis cuja,Alouatta caraya,Didelphis aurita,Didelphis aurita,Didelphis aurita,Didelphis aurita,Canis,Canidae,0,Doméstica
274,Canis familiaris,Tapirus terrestris,Subulo gouazoubira,Herpailurus yagouaroundi,Cuniculus paca,Hydrochoerus hydrochaeris,Hydrochoerus hydrochaeris,Hydrochoerus hydrochaeris,Subulo gouazoubira,Subulo gouazoubira,Subulo gouazoubira,Tapirus terrestris,Canis,Canidae,0,Doméstica
276,Canis familiaris,Canis familiaris,Canis familiaris,Canis familiaris,Canis familiaris,Canis familiaris,Canis familiaris,Canis familiaris,Canis familiaris,Canis familiaris,Canis familiaris,Canis familiaris,Canis,Canidae,0,Doméstica
277,Canis familiaris,Lycalopex gymnocerca,Canis familiaris,Canis familiaris,Lycalopex gymnocerca,Lycalopex gymnocerca,Lycalopex gymnocerca,Lycalopex gymnocerca,Canis familiaris,Canis familiaris,Canis familiaris,Lycalopex gymnocerca,Canis,Canidae,0,Doméstica
278,Canis familiaris,Canis familiaris,Canis familiaris,Canis familiaris,Canis familiaris,Canis familiaris,Tamandua tetradactyla,Hydrochoerus hydrochaeris,Canis familiaris,Canis familiaris,Canis familiaris,Canis familiaris,Canis,Canidae,0,Doméstica
279,Canis familiaris,Canis familiaris,Canis familiaris,Canis familiaris,Canis familiaris,Canis familiaris,Canis familiaris,Cerdocyon thous,Canis familiaris,Canis familiaris,Canis familiaris,Canis familiaris,Canis,Canidae,0,Doméstica
280,Canis familiaris,Canis familiaris,Canis familiaris,Canis familiaris,Canis familiaris,Tamandua tetradactyla,Tamandua tetradactyla,Myrmecophaga tridactyla,Canis familiaris,Canis familiaris,Canis familiaris,Canis familiaris,Canis,Canidae,0,Doméstica
281,Canis familiaris,Canis familiaris,Lycalopex gymnocerca,Canis familiaris,Cerdocyon thous,Lycalopex gymnocerca,Lycalopex gymnocerca,Canis familiaris,Lycalopex gymnocerca,Lycalopex gymnocerca,Lycalopex gymnocerca,Canis familiaris,Canis,Canidae,0,Doméstica
283,Canis familiaris,Tapirus terrestris,Tayassu pecari,Canis familiaris,Canis familiaris,Canis familiaris,Tamandua tetradactyla,Canis familiaris,Tayassu pecari,Tayassu pecari,Tayassu pecari,Tapirus terrestris,Canis,Canidae,0,Doméstica
284,Canis familiaris,Canis familiaris,Canis familiaris,Canis familiaris,Canis familiaris,Canis familiaris,Canis familiaris,Aramides saracura,Canis familiaris,Canis familiaris,Canis familiaris,Canis familiaris,Canis,Canidae,0,Doméstica
285,Canis familiaris,Canis familiaris,Puma concolor concolor,Canis familiaris,Lycalopex gymnocerca,Alouatta caraya,Myrmecophaga tridactyla,Lepus europaeus,Puma concolor concolor,Puma concolor concolor,Puma concolor concolor,Canis familiaris,Canis,Canidae,0,Doméstica
286,Canis familiaris,Cerdocyon thous,Tayassu pecari,Myrmecophaga tridactyla,Cerdocyon thous,Canis familiaris,Cerdocyon thous,Cerdocyon thous,Tayassu pecari,Tayassu pecari,Tayassu pecari,Cerdocyon thous,Canis,Canidae,0,Doméstica
288,Canis familiaris,Cerdocyon thous,Cerdocyon thous,Cerdocyon thous,Cerdocyon thous,Cerdocyon thous,Cerdocyon thous,Cerdocyon thous,Cerdocyon thous,Cerdocyon thous,Cerdocyon thous,Cerdocyon thous,Canis,Canidae,0,Doméstica
290,Cerdocyon thous,Lontra longicaudis,Myrmecophaga tridactyla,Lontra longicaudis,Dasypus novemcinctus,Lontra longicaudis,Lontra longicaudis,Lontra longicaudis,Myrmecophaga tridactyla,Myrmecophaga tridactyla,Myrmecophaga tridactyla,Lontra longicaudis,Cerdocyon,Canidae,1,Bajo
291,Cerdocyon thous,Lycalopex gymnocerca,Cerdocyon thous,Cerdocyon thous,Cerdocyon thous,Cerdocyon thous,Cerdocyon thous,Cerdocyon thous,Cerdocyon thous,Cerdocyon thous,Cerdocyon thous,Lycalopex gymnocerca,Cerdocyon,Canidae,1,Bajo
292,Cerdocyon thous,Herpailurus yagouaroundi,Herpailurus yagouaroundi,Pecari tajacu,Pecari tajacu,Pecari tajacu,Pecari tajacu,Lontra longicaudis,Herpailurus yagouaroundi,Herpailurus yagouaroundi,Herpailurus yagouaroundi,Pecari tajacu,Cerdocyon,Canidae,1,Bajo
293,Cerdocyon thous,Cerdocyon thous,Cerdocyon thous,Lycalopex gymnocerca,Cerdocyon thous,Cerdocyon thous,Cerdocyon thous,Subulo gouazoubira,Cerdocyon thous,Cerdocyon thous,Cerdocyon thous,Cerdocyon thous,Cerdocyon,Canidae,1,Bajo
294,Cerdocyon thous,Cuniculus paca,Cuniculus paca,Cuniculus paca,Cerdocyon thous,Cerdocyon thous,Cerdocyon thous,Cerdocyon thous,Cuniculus paca,Cuniculus paca,Cuniculus paca,Cuniculus paca,Cerdocyon,Canidae,1,Bajo
296,Cerdocyon thous,Lycalopex gymnocerca,Cerdocyon thous,Cerdocyon thous,Cerdocyon thous,Lycalopex gymnocerca,Lycalopex gymnocerca,Lycalopex gymnocerca,Cerdocyon thous,Cerdocyon thous,Cerdocyon thous,Lycalopex gymnocerca,Cerdocyon,Canidae,1,Bajo
297,Cerdocyon thous,Cerdocyon thous,Cerdocyon thous,Cerdocyon thous,Cerdocyon thous,Cerdocyon thous,Cerdocyon thous,Galictis cuja,Cerdocyon thous,Cerdocyon thous,Cerdocyon thous,Cerdocyon thous,Cerdocyon,Canidae,1,Bajo
298,Cerdocyon thous,Cerdocyon thous,Cerdocyon thous,Cerdocyon thous,Cerdocyon thous,Cerdocyon thous,Cerdocyon thous,Cerdocyon thous,Cerdocyon thous,Cerdocyon thous,Cerdocyon thous,Cerdocyon thous,Cerdocyon,Canidae,1,Bajo
299,Cerdocyon thous,Dasyprocta azarae,Cerdocyon thous,Cerdocyon thous,Dasyprocta azarae,Dasyprocta azarae,Dasyprocta azarae,Cerdocyon thous,Cerdocyon thous,Cerdocyon thous,Cerdocyon thous,Dasyprocta azarae,Cerdocyon,Canidae,1,Bajo
300,Cerdocyon thous,Pecari tajacu,Pecari tajacu,Pecari tajacu,Pecari tajacu,Pecari tajacu,Pecari tajacu,Pecari tajacu,Pecari tajacu,Pecari tajacu,Pecari tajacu,Pecari tajacu,Cerdocyon,Canidae,1,Bajo
301,Cerdocyon thous,Cerdocyon thous,Cerdocyon thous,Cerdocyon thous,Cerdocyon thous,Cerdocyon thous,Cerdocyon thous,Cerdocyon thous,Cerdocyon thous,Cerdocyon thous,Cerdocyon thous,Cerdocyon thous,Cerdocyon,Canidae,1,Bajo
302,Cerdocyon thous,Cerdocyon thous,Cerdocyon thous,Lycalopex gymnocerca,Lycalopex gymnocerca,Lycalopex gymnocerca,Cerdocyon thous,Cerdocyon thous,Cerdocyon thous,Cerdocyon thous,Cerdocyon thous,Cerdocyon thous,Cerdocyon,Canidae,1,Bajo
303,Cerdocyon thous,Cerdocyon thous,Cerdocyon thous,Cerdocyon thous,Cerdocyon thous,Cerdocyon thous,Cerdocyon thous,Cerdocyon thous,Cerdocyon thous,Cerdocyon thous,Cerdocyon thous,Cerdocyon thous,Cerdocyon,Canidae,1,Bajo
304,Cerdocyon thous,Lycalopex gymnocerca,Cerdocyon thous,Lycalopex gymnocerca,Lycalopex gymnocerca,Lycalopex gymnocerca,Lycalopex gymnocerca,Lycalopex gymnocerca,Cerdocyon thous,Cerdocyon thous,Cerdocyon thous,Lycalopex gymnocerca,Cerdocyon,Canidae,1,Bajo
305,Cerdocyon thous,Galictis cuja,Didelphis aurita,Didelphis aurita,Didelphis aurita,Galictis cuja,Galictis cuja,Didelphis aurita,Didelphis aurita,Didelphis aurita,Didelphis aurita,Galictis cuja,Cerdocyon,Canidae,1,Bajo
306,Cerdocyon thous,Cerdocyon thous,Lycalopex gymnocerca,Lycalopex gymnocerca,Lycalopex gymnocerca,Cerdocyon thous,Cerdocyon thous,Cerdocyon thous,Lycalopex gymnocerca,Lycalopex gymnocerca,Lycalopex gymnocerca,Cerdocyon thous,Cerdocyon,Canidae,1,Bajo
307,Cerdocyon thous,Cerdocyon thous,Cerdocyon thous,Cerdocyon thous,Cerdocyon thous,Cerdocyon thous,Cerdocyon thous,Cerdocyon thous,Cerdocyon thous,Cerdocyon thous,Cerdocyon thous,Cerdocyon thous,Cerdocyon,Canidae,1,Bajo
308,Cerdocyon thous,Galictis cuja,Myrmecophaga tridactyla,Didelphis albiventris,Didelphis albiventris,Galictis cuja,Galictis cuja,Cerdocyon thous,Myrmecophaga tridactyla,Myrmecophaga tridactyla,Myrmecophaga tridactyla,Galictis cuja,Cerdocyon,Canidae,1,Bajo
309,Cerdocyon thous,Cerdocyon thous,Cerdocyon thous,Cerdocyon thous,Cerdocyon thous,Cerdocyon thous,Cerdocyon thous,Cerdocyon thous,Cerdocyon thous,Cerdocyon thous,Cerdocyon thous,Cerdocyon thous,Cerdocyon,Canidae,1,Bajo
310,Cerdocyon thous,Cerdocyon thous,Canis familiaris,Canis familiaris,Canis familiaris,Canis familiaris,Cerdocyon thous,Cerdocyon thous,Canis familiaris,Canis familiaris,Canis familiaris,Cerdocyon thous,Cerdocyon,Canidae,1,Bajo
312,Cerdocyon thous,Cerdocyon thous,Cerdocyon thous,Cerdocyon thous,Cerdocyon thous,Cerdocyon thous,Cerdocyon thous,Cerdocyon thous,Cerdocyon thous,Cerdocyon thous,Cerdocyon thous,Cerdocyon thous,Cerdocyon,Canidae,1,Bajo
313,Cerdocyon thous,Lycalopex gymnocerca,Cerdocyon thous,Lycalopex gymnocerca,Lycalopex gymnocerca,Lycalopex gymnocerca,Lycalopex gymnocerca,Cerdocyon thous,Cerdocyon thous,Cerdocyon thous,Cerdocyon thous,Lycalopex gymnocerca,Cerdocyon,Canidae,1,Bajo
314,Cerdocyon thous,Cerdocyon thous,Cerdocyon thous,Cabassous tatouay,Cerdocyon thous,Cerdocyon thous,Cerdocyon thous,Cerdocyon thous,Cerdocyon thous,Cerdocyon thous,Cerdocyon thous,Cerdocyon thous,Cerdocyon,Canidae,1,Bajo
315,Cerdocyon thous,Lycalopex gymnocerca,Cerdocyon thous,Lycalopex gymnocerca,Lycalopex gymnocerca,Cerdocyon thous,Lycalopex gymnocerca,Lycalopex gymnocerca,Cerdocyon thous,Cerdocyon thous,Cerdocyon thous,Lycalopex gymnocerca,Cerdocyon,Canidae,1,Bajo
316,Cerdocyon thous,Hydrochoerus hydrochaeris,Hydrochoerus hydrochaeris,Herpailurus yagouaroundi,Hydrochoerus hydrochaeris,Hydrochoerus hydrochaeris,Hydrochoerus hydrochaeris,Hydrochoerus hydrochaeris,Hydrochoerus hydrochaeris,Hydrochoerus hydrochaeris,Hydrochoerus hydrochaeris,Hydrochoerus hydrochaeris,Cerdocyon,Canidae,1,Bajo
320,Cerdocyon thous,Cerdocyon thous,Herpailurus yagouaroundi,Cerdocyon thous,Cerdocyon thous,Cerdocyon thous,Cerdocyon thous,Leopardus guttulus,Herpailurus yagouaroundi,Herpailurus yagouaroundi,Herpailurus yagouaroundi,Cerdocyon thous,Cerdocyon,Canidae,1,Bajo
322,Cerdocyon thous,Cerdocyon thous,Lycalopex gymnocerca,Cerdocyon thous,Cerdocyon thous,Cerdocyon thous,Cerdocyon thous,Lycalopex gymnocerca,Lycalopex gymnocerca,Lycalopex gymnocerca,Lycalopex gymnocerca,Cerdocyon thous,Cerdocyon,Canidae,1,Bajo
323,Cerdocyon thous,Cerdocyon thous,Cerdocyon thous,Cerdocyon thous,Cerdocyon thous,Cerdocyon thous,Cerdocyon thous,Cerdocyon thous,Cerdocyon thous,Cerdocyon thous,Cerdocyon thous,Cerdocyon thous,Cerdocyon,Canidae,1,Bajo
327,Cerdocyon thous,Procyon cancrivorus,Procyon cancrivorus,Cerdocyon thous,Cerdocyon thous,Cerdocyon thous,Cerdocyon thous,Cerdocyon thous,Procyon cancrivorus,Procyon cancrivorus,Procyon cancrivorus,Procyon cancrivorus,Cerdocyon,Canidae,1,Bajo
329,Cerdocyon thous,Cerdocyon thous,Cerdocyon thous,Cerdocyon thous,Cerdocyon thous,Cerdocyon thous,Cerdocyon thous,Nasua nasua,Cerdocyon thous,Cerdocyon thous,Cerdocyon thous,Cerdocyon thous,Cerdocyon,Canidae,1,Bajo
330,Cerdocyon thous,Cerdocyon thous,Cerdocyon thous,Cerdocyon thous,Cerdocyon thous,Cerdocyon thous,Cerdocyon thous,Cerdocyon thous,Cerdocyon thous,Cerdocyon thous,Cerdocyon thous,Cerdocyon thous,Cerdocyon,Canidae,1,Bajo
331,Cerdocyon thous,Cerdocyon thous,Cerdocyon thous,Lycalopex gymnocerca,Cerdocyon thous,Cerdocyon thous,Cerdocyon thous,Cerdocyon thous,Cerdocyon thous,Cerdocyon thous,Cerdocyon thous,Cerdocyon thous,Cerdocyon,Canidae,1,Bajo
332,Cerdocyon thous,Cerdocyon thous,Cerdocyon thous,Cerdocyon thous,Cabassous tatouay,Cerdocyon thous,Cerdocyon thous,Cerdocyon thous,Cerdocyon thous,Cerdocyon thous,Cerdocyon thous,Cabassous tatouay,Cerdocyon,Canidae,1,Bajo
333,Cerdocyon thous,Cerdocyon thous,Pecari tajacu,Pecari tajacu,Pecari tajacu,Cerdocyon thous,Cerdocyon thous,Cerdocyon thous,Pecari tajacu,Pecari tajacu,Pecari tajacu,Cerdocyon thous,Cerdocyon,Canidae,1,Bajo
334,Cerdocyon thous,Cerdocyon thous,Cerdocyon thous,Cerdocyon thous,Cerdocyon thous,Cerdocyon thous,Cerdocyon thous,Cerdocyon thous,Cerdocyon thous,Cerdocyon thous,Cerdocyon thous,Cerdocyon thous,Cerdocyon,Canidae,1,Bajo
335,Cerdocyon thous,Eira barbara,Eira barbara,Eira barbara,Eira barbara,Eira barbara,Eira barbara,Eira barbara,Eira barbara,Eira barbara,Eira barbara,Eira barbara,Cerdocyon,Canidae,1,Bajo
337,Cerdocyon thous,Cerdocyon thous,Myrmecophaga tridactyla,Herpailurus yagouaroundi,Lycalopex gymnocerca,Lycalopex gymnocerca,Cerdocyon thous,Cerdocyon thous,Myrmecophaga tridactyla,Myrmecophaga tridactyla,Myrmecophaga tridactyla,Cerdocyon thous,Cerdocyon,Canidae,1,Bajo
338,Cerdocyon thous,Cerdocyon thous,Cerdocyon thous,Didelphis aurita,Didelphis aurita,Galictis cuja,Galictis cuja,Cerdocyon thous,Cerdocyon thous,Cerdocyon thous,Cerdocyon thous,Cerdocyon thous,Cerdocyon,Canidae,1,Bajo
339,Cerdocyon thous,Cerdocyon thous,Cerdocyon thous,Cerdocyon thous,Cerdocyon thous,Cerdocyon thous,Cerdocyon thous,Lycalopex gymnocerca,Cerdocyon thous,Cerdocyon thous,Cerdocyon thous,Cerdocyon thous,Cerdocyon,Canidae,1,Bajo
340,Cerdocyon thous,Lycalopex gymnocerca,Lycalopex gymnocerca,Lycalopex gymnocerca,Lycalopex gymnocerca,Lycalopex gymnocerca,Lycalopex gymnocerca,Cerdocyon thous,Lycalopex gymnocerca,Lycalopex gymnocerca,Lycalopex gymnocerca,Lycalopex gymnocerca,Cerdocyon,Canidae,1,Bajo
342,Cerdocyon thous,Cerdocyon thous,Cerdocyon thous,Cerdocyon thous,Lycalopex gymnocerca,Cerdocyon thous,Cerdocyon thous,Cerdocyon thous,Cerdocyon thous,Cerdocyon thous,Cerdocyon thous,Cerdocyon thous,Cerdocyon,Canidae,1,Bajo
343,Cerdocyon thous,Cerdocyon thous,Tayassu pecari,Cerdocyon thous,Cerdocyon thous,Cerdocyon thous,Cerdocyon thous,Cerdocyon thous,Tayassu pecari,Tayassu pecari,Tayassu pecari,Cerdocyon thous,Cerdocyon,Canidae,1,Bajo
344,Cerdocyon thous,Cerdocyon thous,Cerdocyon thous,Cerdocyon thous,Cerdocyon thous,Cerdocyon thous,Cerdocyon thous,Lepus europaeus,Cerdocyon thous,Cerdocyon thous,Cerdocyon thous,Cerdocyon thous,Cerdocyon,Canidae,1,Bajo
345,Cerdocyon thous,Lycalopex gymnocerca,Lycalopex gymnocerca,Lycalopex gymnocerca,Lycalopex gymnocerca,Lycalopex gymnocerca,Lycalopex gymnocerca,Cerdocyon thous,Lycalopex gymnocerca,Lycalopex gymnocerca,Lycalopex gymnocerca,Lycalopex gymnocerca,Cerdocyon,Canidae,1,Bajo
346,Cerdocyon thous,Cerdocyon thous,Cerdocyon thous,Lycalopex gymnocerca,Lycalopex gymnocerca,Cerdocyon thous,Cerdocyon thous,Cerdocyon thous,Cerdocyon thous,Cerdocyon thous,Cerdocyon thous,Cerdocyon thous,Cerdocyon,Canidae,1,Bajo
347,Cerdocyon thous,Cerdocyon thous,Cerdocyon thous,Lycalopex gymnocerca,Lycalopex gymnocerca,Lycalopex gymnocerca,Lycalopex gymnocerca,Cerdocyon thous,Cerdocyon thous,Cerdocyon thous,Cerdocyon thous,Cerdocyon thous,Cerdocyon,Canidae,1,Bajo
348,Cerdocyon thous,Cerdocyon thous,Cerdocyon thous,Lycalopex gymnocerca,Lycalopex gymnocerca,Cerdocyon thous,Cerdocyon thous,Lycalopex gymnocerca,Cerdocyon thous,Cerdocyon thous,Cerdocyon thous,Cerdocyon thous,Cerdocyon,Canidae,1,Bajo
349,Cerdocyon thous,Eira barbara,Cerdocyon thous,Cerdocyon thous,Eira barbara,Eira barbara,Eira barbara,Aramides saracura,Cerdocyon thous,Cerdocyon thous,Cerdocyon thous,Eira barbara,Cerdocyon,Canidae,1,Bajo
350,Cerdocyon thous,Cerdocyon thous,Cerdocyon thous,Cerdocyon thous,Cerdocyon thous,Cerdocyon thous,Cerdocyon thous,Lycalopex gymnocerca,Cerdocyon thous,Cerdocyon thous,Cerdocyon thous,Cerdocyon thous,Cerdocyon,Canidae,1,Bajo
351,Cerdocyon thous,Cerdocyon thous,Cerdocyon thous,Cerdocyon thous,Cerdocyon thous,Cerdocyon thous,Cerdocyon thous,Cerdocyon thous,Cerdocyon thous,Cerdocyon thous,Cerdocyon thous,Lycalopex gymnocerca,Cerdocyon,Canidae,1,Bajo
352,Cerdocyon thous,Cerdocyon thous,Cerdocyon thous,Cerdocyon thous,Cerdocyon thous,Cerdocyon thous,Cerdocyon thous,Cerdocyon thous,Cerdocyon thous,Cerdocyon thous,Cerdocyon thous,Cerdocyon thous,Cerdocyon,Canidae,1,Bajo
353,Cerdocyon thous,Cerdocyon thous,Procyon cancrivorus,Procyon cancrivorus,Cerdocyon thous,Cerdocyon thous,Cerdocyon thous,Cerdocyon thous,Procyon cancrivorus,Procyon cancrivorus,Procyon cancrivorus,Cerdocyon thous,Cerdocyon,Canidae,1,Bajo
354,Lycalopex gymnocerca,Leopardus guttulus,Leopardus guttulus,Leopardus guttulus,Leopardus guttulus,Sylvilagus brasiliensis,Cerdocyon thous,Cerdocyon thous,Leopardus guttulus,Leopardus guttulus,Leopardus guttulus,Leopardus guttulus,Lycalopex,Canidae,1,Bajo
355,Lycalopex gymnocerca,Cerdocyon thous,Herpailurus yagouaroundi,Galictis cuja,Didelphis albiventris,Herpailurus yagouaroundi,Galictis cuja,Didelphis albiventris,Herpailurus yagouaroundi,Herpailurus yagouaroundi,Herpailurus yagouaroundi,Cerdocyon thous,Lycalopex,Canidae,1,Bajo
357,Lycalopex gymnocerca,Lycalopex gymnocerca,Lycalopex gymnocerca,Lycalopex gymnocerca,Lycalopex gymnocerca,Lycalopex gymnocerca,Lycalopex gymnocerca,Lycalopex gymnocerca,Lycalopex gymnocerca,Lycalopex gymnocerca,Lycalopex gymnocerca,Lycalopex gymnocerca,Lycalopex,Canidae,1,Bajo
358,Lycalopex gymnocerca,Lycalopex gymnocerca,Lycalopex gymnocerca,Lycalopex gymnocerca,Lycalopex gymnocerca,Lycalopex gymnocerca,Lycalopex gymnocerca,Lycalopex gymnocerca,Lycalopex gymnocerca,Lycalopex gymnocerca,Lycalopex gymnocerca,Lycalopex gymnocerca,Lycalopex,Canidae,1,Bajo
359,Lycalopex gymnocerca,Lycalopex gymnocerca,Lycalopex gymnocerca,Lycalopex gymnocerca,Lycalopex gymnocerca,Lycalopex gymnocerca,Lycalopex gymnocerca,Lycalopex gymnocerca,Lycalopex gymnocerca,Lycalopex gymnocerca,Lycalopex gymnocerca,Lycalopex gymnocerca,Lycalopex,Canidae,1,Bajo
360,Lycalopex gymnocerca,Lycalopex gymnocerca,Lycalopex gymnocerca,Lycalopex gymnocerca,Lycalopex gymnocerca,Lycalopex gymnocerca,Lycalopex gymnocerca,Lycalopex gymnocerca,Lycalopex gymnocerca,Lycalopex gymnocerca,Lycalopex gymnocerca,Lycalopex gymnocerca,Lycalopex,Canidae,1,Bajo
362,Lycalopex gymnocerca,Lycalopex gymnocerca,Lycalopex gymnocerca,Lycalopex gymnocerca,Lycalopex gymnocerca,Lycalopex gymnocerca,Lycalopex gymnocerca,Lycalopex gymnocerca,Lycalopex gymnocerca,Lycalopex gymnocerca,Lycalopex gymnocerca,Lycalopex gymnocerca,Lycalopex,Canidae,1,Bajo
364,Lycalopex gymnocerca,Lycalopex gymnocerca,Lycalopex gymnocerca,Lycalopex gymnocerca,Lycalopex gymnocerca,Lycalopex gymnocerca,Lycalopex gymnocerca,Lycalopex gymnocerca,Lycalopex gymnocerca,Lycalopex gymnocerca,Lycalopex gymnocerca,Lycalopex gymnocerca,Lycalopex,Canidae,1,Bajo
365,Lycalopex gymnocerca,Lepus europaeus,Alouatta guariba clamitans,Alouatta guariba clamitans,Alouatta guariba clamitans,Lepus europaeus,Lepus europaeus,Hydropsalis torquata,Alouatta guariba clamitans,Alouatta guariba clamitans,Alouatta guariba clamitans,Lepus europaeus,Lycalopex,Canidae,1,Bajo
366,Lycalopex gymnocerca,Tamandua tetradactyla,Cyanocorax chrysops,Cyanocorax chrysops,Brotogeris chiriri,Lycalopex gymnocerca,Tamandua tetradactyla,Sus scrofa,Cyanocorax chrysops,Cyanocorax chrysops,Cyanocorax chrysops,Puma concolor,Lycalopex,Canidae,1,Bajo
368,Lycalopex gymnocerca,Lycalopex gymnocerca,Lycalopex gymnocerca,Lycalopex gymnocerca,Lycalopex gymnocerca,Lycalopex gymnocerca,Lycalopex gymnocerca,Lycalopex gymnocerca,Lycalopex gymnocerca,Lycalopex gymnocerca,Lycalopex gymnocerca,Lycalopex gymnocerca,Lycalopex,Canidae,1,Bajo
370,Lycalopex gymnocerca,Lycalopex gymnocerca,Lycalopex gymnocerca,Lycalopex gymnocerca,Lycalopex gymnocerca,Lycalopex gymnocerca,Lycalopex gymnocerca,Lycalopex gymnocerca,Lycalopex gymnocerca,Lycalopex gymnocerca,Lycalopex gymnocerca,Lycalopex gymnocerca,Lycalopex,Canidae,1,Bajo
371,Lycalopex gymnocerca,Lycalopex gymnocerca,Lycalopex gymnocerca,Lycalopex gymnocerca,Lycalopex gymnocerca,Lycalopex gymnocerca,Lycalopex gymnocerca,Lycalopex gymnocerca,Lycalopex gymnocerca,Lycalopex gymnocerca,Lycalopex gymnocerca,Lycalopex gymnocerca,Lycalopex,Canidae,1,Bajo
372,Lycalopex gymnocerca,Lycalopex gymnocerca,Lycalopex gymnocerca,Lycalopex gymnocerca,Lycalopex gymnocerca,Lycalopex gymnocerca,Lycalopex gymnocerca,Lycalopex gymnocerca,Lycalopex gymnocerca,Lycalopex gymnocerca,Lycalopex gymnocerca,Lycalopex gymnocerca,Lycalopex,Canidae,1,Bajo
373,Lycalopex gymnocerca,Lycalopex gymnocerca,Lycalopex gymnocerca,Lycalopex gymnocerca,Lycalopex gymnocerca,Lycalopex gymnocerca,Lycalopex gymnocerca,Lycalopex gymnocerca,Lycalopex gymnocerca,Lycalopex gymnocerca,Lycalopex gymnocerca,Lycalopex gymnocerca,Lycalopex,Canidae,1,Bajo
375,Lycalopex gymnocerca,Lycalopex gymnocerca,Lycalopex gymnocerca,Lycalopex gymnocerca,Lycalopex gymnocerca,Lycalopex gymnocerca,Lycalopex gymnocerca,Lycalopex gymnocerca,Lycalopex gymnocerca,Lycalopex gymnocerca,Lycalopex gymnocerca,Lycalopex gymnocerca,Lycalopex,Canidae,1,Bajo
376,Lycalopex gymnocerca,Lycalopex gymnocerca,Lycalopex gymnocerca,Lycalopex gymnocerca,Lycalopex gymnocerca,Lycalopex gymnocerca,Lycalopex gymnocerca,Lycalopex gymnocerca,Lycalopex gymnocerca,Lycalopex gymnocerca,Lycalopex gymnocerca,Lycalopex gymnocerca,Lycalopex,Canidae,1,Bajo
377,Lycalopex gymnocerca,Lycalopex gymnocerca,Lycalopex gymnocerca,Lycalopex gymnocerca,Lycalopex gymnocerca,Lycalopex gymnocerca,Lycalopex gymnocerca,Lycalopex gymnocerca,Lycalopex gymnocerca,Lycalopex gymnocerca,Lycalopex gymnocerca,Lycalopex gymnocerca,Lycalopex,Canidae,1,Bajo
378,Lycalopex gymnocerca,Cerdocyon thous,Herpailurus yagouaroundi,Cerdocyon thous,Cerdocyon thous,Lycalopex gymnocerca,Lycalopex gymnocerca,Cerdocyon thous,Herpailurus yagouaroundi,Herpailurus yagouaroundi,Herpailurus yagouaroundi,Cerdocyon thous,Lycalopex,Canidae,1,Bajo
379,Lycalopex gymnocerca,Lycalopex gymnocerca,Lycalopex gymnocerca,Lycalopex gymnocerca,Lycalopex gymnocerca,Lycalopex gymnocerca,Lycalopex gymnocerca,Lycalopex gymnocerca,Lycalopex gymnocerca,Lycalopex gymnocerca,Lycalopex gymnocerca,Lycalopex gymnocerca,Lycalopex,Canidae,1,Bajo
380,Lycalopex gymnocerca,Lycalopex gymnocerca,Lycalopex gymnocerca,Lycalopex gymnocerca,Lycalopex gymnocerca,Lycalopex gymnocerca,Lycalopex gymnocerca,Lycalopex gymnocerca,Lycalopex gymnocerca,Lycalopex gymnocerca,Lycalopex gymnocerca,Lycalopex gymnocerca,Lycalopex,Canidae,1,Bajo
381,Lycalopex gymnocerca,Lycalopex gymnocerca,Lycalopex gymnocerca,Lycalopex gymnocerca,Lycalopex gymnocerca,Lycalopex gymnocerca,Lycalopex gymnocerca,Lycalopex gymnocerca,Lycalopex gymnocerca,Lycalopex gymnocerca,Lycalopex gymnocerca,Lycalopex gymnocerca,Lycalopex,Canidae,1,Bajo
382,Lycalopex gymnocerca,Lycalopex gymnocerca,Cerdocyon thous,Lycalopex gymnocerca,Lycalopex gymnocerca,Lycalopex gymnocerca,Lycalopex gymnocerca,Lycalopex gymnocerca,Cerdocyon thous,Cerdocyon thous,Cerdocyon thous,Lycalopex gymnocerca,Lycalopex,Canidae,1,Bajo
383,Lycalopex gymnocerca,Lycalopex gymnocerca,Lycalopex gymnocerca,Lycalopex gymnocerca,Lycalopex gymnocerca,Lycalopex gymnocerca,Lycalopex gymnocerca,Lycalopex gymnocerca,Lycalopex gymnocerca,Lycalopex gymnocerca,Lycalopex gymnocerca,Lycalopex gymnocerca,Lycalopex,Canidae,1,Bajo
385,Lycalopex gymnocerca,Lycalopex gymnocerca,Lycalopex gymnocerca,Lycalopex gymnocerca,Lycalopex gymnocerca,Lycalopex gymnocerca,Lycalopex gymnocerca,Lycalopex gymnocerca,Lycalopex gymnocerca,Lycalopex gymnocerca,Lycalopex gymnocerca,Lycalopex gymnocerca,Lycalopex,Canidae,1,Bajo
386,Lycalopex gymnocerca,Lycalopex gymnocerca,Cerdocyon thous,Cerdocyon thous,Lycalopex gymnocerca,Lycalopex gymnocerca,Lycalopex gymnocerca,Lycalopex gymnocerca,Cerdocyon thous,Cerdocyon thous,Cerdocyon thous,Lycalopex gymnocerca,Lycalopex,Canidae,1,Bajo
387,Lycalopex gymnocerca,Lycalopex gymnocerca,Lycalopex gymnocerca,Lycalopex gymnocerca,Lycalopex gymnocerca,Lycalopex gymnocerca,Lycalopex gymnocerca,Lycalopex gymnocerca,Lycalopex gymnocerca,Lycalopex gymnocerca,Lycalopex gymnocerca,Lycalopex gymnocerca,Lycalopex,Canidae,1,Bajo
389,Lycalopex gymnocerca,Lycalopex gymnocerca,Cerdocyon thous,Cerdocyon thous,Lycalopex gymnocerca,Lycalopex gymnocerca,Lycalopex gymnocerca,Lycalopex gymnocerca,Cerdocyon thous,Cerdocyon thous,Cerdocyon thous,Lycalopex gymnocerca,Lycalopex,Canidae,1,Bajo
390,Lycalopex gymnocerca,Lycalopex gymnocerca,Lycalopex gymnocerca,Lycalopex gymnocerca,Lycalopex gymnocerca,Lycalopex gymnocerca,Lycalopex gymnocerca,Lycalopex gymnocerca,Lycalopex gymnocerca,Lycalopex gymnocerca,Lycalopex gymnocerca,Lycalopex gymnocerca,Lycalopex,Canidae,1,Bajo
391,Lycalopex gymnocerca,Galictis cuja,Galictis cuja,Galictis cuja,Galictis cuja,Galictis cuja,Galictis cuja,Cerdocyon thous,Galictis cuja,Galictis cuja,Galictis cuja,Galictis cuja,Lycalopex,Canidae,1,Bajo
392,Lycalopex gymnocerca,Galictis cuja,Cerdocyon thous,Cerdocyon thous,Cerdocyon thous,Galictis cuja,Galictis cuja,Galictis cuja,Cerdocyon thous,Cerdocyon thous,Cerdocyon thous,Galictis cuja,Lycalopex,Canidae,1,Bajo
393,Lycalopex gymnocerca,Tamandua tetradactyla,Galictis cuja,Cerdocyon thous,Galictis cuja,Tamandua tetradactyla,Tamandua tetradactyla,Lycalopex gymnocerca,Galictis cuja,Galictis cuja,Galictis cuja,Tamandua tetradactyla,Lycalopex,Canidae,1,Bajo
394,Lycalopex gymnocerca,Lycalopex gymnocerca,Lycalopex gymnocerca,Lycalopex gymnocerca,Lycalopex gymnocerca,Lycalopex gymnocerca,Lycalopex gymnocerca,Lycalopex gymnocerca,Lycalopex gymnocerca,Lycalopex gymnocerca,Lycalopex gymnocerca,Lycalopex gymnocerca,Lycalopex,Canidae,1,Bajo
395,Lycalopex gymnocerca,Lycalopex gymnocerca,Dasyprocta azarae,Lycalopex gymnocerca,Lycalopex gymnocerca,Lycalopex gymnocerca,Lycalopex gymnocerca,Lepus europaeus,Dasyprocta azarae,Dasyprocta azarae,Dasyprocta azarae,Lycalopex gymnocerca,Lycalopex,Canidae,1,Bajo
397,Lycalopex gymnocerca,Lycalopex gymnocerca,Lycalopex gymnocerca,Lycalopex gymnocerca,Lycalopex gymnocerca,Lycalopex gymnocerca,Lycalopex gymnocerca,Lycalopex gymnocerca,Lycalopex gymnocerca,Lycalopex gymnocerca,Lycalopex gymnocerca,Lycalopex gymnocerca,Lycalopex,Canidae,1,Bajo
398,Lycalopex gymnocerca,Lycalopex gymnocerca,Lycalopex gymnocerca,Lycalopex gymnocerca,Lycalopex gymnocerca,Lycalopex gymnocerca,Lycalopex gymnocerca,Lycalopex gymnocerca,Lycalopex gymnocerca,Lycalopex gymnocerca,Lycalopex gymnocerca,Lycalopex gymnocerca,Lycalopex,Canidae,1,Bajo
399,Lycalopex gymnocerca,Lycalopex gymnocerca,Lycalopex gymnocerca,Lycalopex gymnocerca,Lycalopex gymnocerca,Lycalopex gymnocerca,Lycalopex gymnocerca,Lycalopex gymnocerca,Lycalopex gymnocerca,Lycalopex gymnocerca,Lycalopex gymnocerca,Lycalopex gymnocerca,Lycalopex,Canidae,1,Bajo
400,Lycalopex gymnocerca,Lycalopex gymnocerca,Lycalopex gymnocerca,Lycalopex gymnocerca,Lycalopex gymnocerca,Lycalopex gymnocerca,Lycalopex gymnocerca,Lycalopex gymnocerca,Lycalopex gymnocerca,Lycalopex gymnocerca,Lycalopex gymnocerca,Lycalopex gymnocerca,Lycalopex,Canidae,1,Bajo
402,Lycalopex gymnocerca,Lycalopex gymnocerca,Lycalopex gymnocerca,Lycalopex gymnocerca,Lycalopex gymnocerca,Lycalopex gymnocerca,Lycalopex gymnocerca,Lycalopex gymnocerca,Lycalopex gymnocerca,Lycalopex gymnocerca,Lycalopex gymnocerca,Lycalopex gymnocerca,Lycalopex,Canidae,1,Bajo
404,Lycalopex gymnocerca,Galictis cuja,Tamandua tetradactyla,Eira barbara,Didelphis albiventris,Tamandua tetradactyla,Galictis cuja,Galictis cuja,Tamandua tetradactyla,Tamandua tetradactyla,Tamandua tetradactyla,Galictis cuja,Lycalopex,Canidae,1,Bajo
405,Lycalopex gymnocerca,Lycalopex gymnocerca,Lycalopex gymnocerca,Lycalopex gymnocerca,Lycalopex gymnocerca,Lycalopex gymnocerca,Lycalopex gymnocerca,Lycalopex gymnocerca,Lycalopex gymnocerca,Lycalopex gymnocerca,Lycalopex gymnocerca,Lycalopex gymnocerca,Lycalopex,Canidae,1,Bajo
407,Lycalopex gymnocerca,Lycalopex gymnocerca,Lycalopex gymnocerca,Lycalopex gymnocerca,Lycalopex gymnocerca,Lycalopex gymnocerca,Lycalopex gymnocerca,Lycalopex gymnocerca,Lycalopex gymnocerca,Lycalopex gymnocerca,Lycalopex gymnocerca,Lycalopex gymnocerca,Lycalopex,Canidae,1,Bajo
409,Lycalopex gymnocerca,Lycalopex gymnocerca,Lycalopex gymnocerca,Lycalopex gymnocerca,Lycalopex gymnocerca,Lycalopex gymnocerca,Lycalopex gymnocerca,Lycalopex gymnocerca,Lycalopex gymnocerca,Lycalopex gymnocerca,Lycalopex gymnocerca,Lycalopex gymnocerca,Lycalopex,Canidae,1,Bajo
410,Lycalopex gymnocerca,Lycalopex gymnocerca,Lycalopex gymnocerca,Lycalopex gymnocerca,Lycalopex gymnocerca,Lycalopex gymnocerca,Lycalopex gymnocerca,Lycalopex gymnocerca,Lycalopex gymnocerca,Lycalopex gymnocerca,Lycalopex gymnocerca,Lycalopex gymnocerca,Lycalopex,Canidae,1,Bajo
411,Lycalopex gymnocerca,Lycalopex gymnocerca,Lycalopex gymnocerca,Lycalopex gymnocerca,Lycalopex gymnocerca,Lycalopex gymnocerca,Lycalopex gymnocerca,Lycalopex gymnocerca,Lycalopex gymnocerca,Lycalopex gymnocerca,Lycalopex gymnocerca,Lycalopex gymnocerca,Lycalopex,Canidae,1,Bajo
412,Lycalopex gymnocerca,Cerdocyon thous,Cerdocyon thous,Cerdocyon thous,Lycalopex gymnocerca,Lycalopex gymnocerca,Cerdocyon thous,Lycalopex gymnocerca,Cerdocyon thous,Cerdocyon thous,Cerdocyon thous,Cerdocyon thous,Lycalopex,Canidae,1,Bajo
413,Lycalopex gymnocerca,Lycalopex gymnocerca,Cerdocyon thous,Lycalopex gymnocerca,Lycalopex gymnocerca,Lycalopex gymnocerca,Lycalopex gymnocerca,Lycalopex gymnocerca,Cerdocyon thous,Cerdocyon thous,Cerdocyon thous,Lycalopex gymnocerca,Lycalopex,Canidae,1,Bajo
414,Lycalopex gymnocerca,Lycalopex gymnocerca,Lycalopex gymnocerca,Lycalopex gymnocerca,Lycalopex gymnocerca,Lycalopex gymnocerca,Lycalopex gymnocerca,Lycalopex gymnocerca,Lycalopex gymnocerca,Lycalopex gymnocerca,Lycalopex gymnocerca,Lycalopex gymnocerca,Lycalopex,Canidae,1,Bajo
415,Lycalopex gymnocerca,Herpailurus yagouaroundi,Herpailurus yagouaroundi,Herpailurus yagouaroundi,Eira barbara,Eira barbara,Eira barbara,Nasua nasua,Herpailurus yagouaroundi,Herpailurus yagouaroundi,Herpailurus yagouaroundi,Herpailurus yagouaroundi,Lycalopex,Canidae,1,Bajo
416,Lycalopex gymnocerca,Lycalopex gymnocerca,Lycalopex gymnocerca,Lycalopex gymnocerca,Lycalopex gymnocerca,Lycalopex gymnocerca,Lycalopex gymnocerca,Lycalopex gymnocerca,Lycalopex gymnocerca,Lycalopex gymnocerca,Lycalopex gymnocerca,Lycalopex gymnocerca,Lycalopex,Canidae,1,Bajo
417,Lycalopex gymnocerca,Lycalopex gymnocerca,Lycalopex gymnocerca,Lycalopex gymnocerca,Lycalopex gymnocerca,Lycalopex gymnocerca,Lycalopex gymnocerca,Lycalopex gymnocerca,Lycalopex gymnocerca,Lycalopex gymnocerca,Lycalopex gymnocerca,Lycalopex gymnocerca,Lycalopex,Canidae,1,Bajo
419,Lycalopex gymnocerca,Lycalopex gymnocerca,Lycalopex gymnocerca,Lycalopex gymnocerca,Lycalopex gymnocerca,Lycalopex gymnocerca,Lycalopex gymnocerca,Lycalopex gymnocerca,Lycalopex gymnocerca,Lycalopex gymnocerca,Lycalopex gymnocerca,Lycalopex gymnocerca,Lycalopex,Canidae,1,Bajo
420,Lycalopex gymnocerca,Lycalopex gymnocerca,Lycalopex gymnocerca,Lycalopex gymnocerca,Lycalopex gymnocerca,Lycalopex gymnocerca,Lycalopex gymnocerca,Lycalopex gymnocerca,Lycalopex gymnocerca,Lycalopex gymnocerca,Lycalopex gymnocerca,Lycalopex gymnocerca,Lycalopex,Canidae,1,Bajo
421,Lycalopex gymnocerca,Lycalopex gymnocerca,Lycalopex gymnocerca,Lycalopex gymnocerca,Lycalopex gymnocerca,Lycalopex gymnocerca,Lycalopex gymnocerca,Lycalopex gymnocerca,Lycalopex gymnocerca,Lycalopex gymnocerca,Lycalopex gymnocerca,Lycalopex gymnocerca,Lycalopex,Canidae,1,Bajo
422,Lycalopex gymnocerca,Lycalopex gymnocerca,Lycalopex gymnocerca,Cerdocyon thous,Cerdocyon thous,Lycalopex gymnocerca,Lycalopex gymnocerca,Lycalopex gymnocerca,Lycalopex gymnocerca,Lycalopex gymnocerca,Lycalopex gymnocerca,Lycalopex gymnocerca,Lycalopex,Canidae,1,Bajo
423,Lycalopex gymnocerca,Lycalopex gymnocerca,Lycalopex gymnocerca,Lycalopex gymnocerca,Lycalopex gymnocerca,Lycalopex gymnocerca,Lycalopex gymnocerca,Lycalopex gymnocerca,Lycalopex gymnocerca,Lycalopex gymnocerca,Lycalopex gymnocerca,Lycalopex gymnocerca,Lycalopex,Canidae,1,Bajo
424,Hydropsalis torquata,Leopardus wiedii,Leopardus guttulus,Chamaeza campanisona,Chamaeza campanisona,Leopardus wiedii,Nyctidromus albicollis,Nothura maculosa,Leopardus guttulus,Leopardus guttulus,Leopardus guttulus,Leopardus wiedii,Hydropsalis,Caprimulgidae,1,Bajo
425,Hydropsalis torquata,Hydropsalis torquata,Hydropsalis torquata,Hydropsalis torquata,Hydropsalis torquata,Hydropsalis torquata,Hydropsalis torquata,Hydropsalis torquata,Hydropsalis torquata,Hydropsalis torquata,Hydropsalis torquata,Hydropsalis torquata,Hydropsalis,Caprimulgidae,1,Bajo
429,Hydropsalis torquata,Hydropsalis torquata,Hydropsalis torquata,Hydropsalis torquata,Hydropsalis torquata,Hydropsalis torquata,Hydropsalis torquata,Hydropsalis torquata,Hydropsalis torquata,Hydropsalis torquata,Hydropsalis torquata,Hydropsalis torquata,Hydropsalis,Caprimulgidae,1,Bajo
430,Hydropsalis torquata,Hydropsalis torquata,Hydropsalis torquata,Hydropsalis torquata,Hydropsalis torquata,Hydropsalis torquata,Hydropsalis torquata,Hydropsalis torquata,Hydropsalis torquata,Hydropsalis torquata,Hydropsalis torquata,Hydropsalis torquata,Hydropsalis,Caprimulgidae,1,Bajo
431,Hydropsalis torquata,Hydropsalis torquata,Hydropsalis torquata,Hydropsalis torquata,Hydropsalis torquata,Hydropsalis torquata,Hydropsalis torquata,Hydropsalis torquata,Hydropsalis torquata,Hydropsalis torquata,Hydropsalis torquata,Hydropsalis torquata,Hydropsalis,Caprimulgidae,1,Bajo
432,Hydropsalis torquata,Galictis cuja,Galictis cuja,Dasypus novemcinctus,Cyanocorax chrysops,Galictis cuja,Galictis cuja,Galictis cuja,Galictis cuja,Galictis cuja,Galictis cuja,Galictis cuja,Hydropsalis,Caprimulgidae,1,Bajo
433,Hydropsalis torquata,Hydropsalis torquata,Nyctidromus albicollis,Hydropsalis torquata,Hydropsalis torquata,Hydropsalis torquata,Hydropsalis torquata,Hydropsalis torquata,Nyctidromus albicollis,Nyctidromus albicollis,Nyctidromus albicollis,Hydropsalis torquata,Hydropsalis,Caprimulgidae,1,Bajo
434,Hydropsalis torquata,Hydropsalis torquata,Hydropsalis torquata,Hydropsalis torquata,Hydropsalis torquata,Hydropsalis torquata,Hydropsalis torquata,Hydropsalis torquata,Hydropsalis torquata,Hydropsalis torquata,Hydropsalis torquata,Hydropsalis torquata,Hydropsalis,Caprimulgidae,1,Bajo
435,Hydropsalis torquata,Hydropsalis torquata,Hydropsalis torquata,Hydropsalis torquata,Hydropsalis torquata,Hydropsalis torquata,Hydropsalis torquata,Hydropsalis torquata,Hydropsalis torquata,Hydropsalis torquata,Hydropsalis torquata,Hydropsalis torquata,Hydropsalis,Caprimulgidae,1,Bajo
436,Hydropsalis torquata,Hydropsalis torquata,Hydropsalis torquata,Hydropsalis torquata,Hydropsalis torquata,Hydropsalis torquata,Hydropsalis torquata,Hydropsalis torquata,Hydropsalis torquata,Hydropsalis torquata,Hydropsalis torquata,Hydropsalis torquata,Hydropsalis,Caprimulgidae,1,Bajo
437,Hydropsalis torquata,Hydropsalis torquata,Hydropsalis torquata,Hydropsalis torquata,Hydropsalis torquata,Hydropsalis torquata,Hydropsalis torquata,Hydropsalis torquata,Hydropsalis torquata,Hydropsalis torquata,Hydropsalis torquata,Hydropsalis torquata,Hydropsalis,Caprimulgidae,1,Bajo
439,Hydropsalis torquata,Hydropsalis torquata,Hydropsalis torquata,Hydropsalis torquata,Hydropsalis torquata,Hydropsalis torquata,Hydropsalis torquata,Hydropsalis torquata,Hydropsalis torquata,Hydropsalis torquata,Hydropsalis torquata,Hydropsalis torquata,Hydropsalis,Caprimulgidae,1,Bajo
440,Hydropsalis torquata,Salvator merianae,Salvator merianae,Dasypus novemcinctus,Salvator merianae,Salvator merianae,Salvator merianae,Salvator merianae,Salvator merianae,Salvator merianae,Salvator merianae,Salvator merianae,Hydropsalis,Caprimulgidae,1,Bajo
441,Hydropsalis torquata,Hydropsalis torquata,Hydropsalis torquata,Hydropsalis torquata,Hydropsalis torquata,Hydropsalis torquata,Hydropsalis torquata,Gubernetes yetapa,Hydropsalis torquata,Hydropsalis torquata,Hydropsalis torquata,Hydropsalis torquata,Hydropsalis,Caprimulgidae,1,Bajo
442,Hydropsalis torquata,Hydropsalis torquata,Hydropsalis torquata,Hydropsalis torquata,Hydropsalis torquata,Hydropsalis torquata,Hydropsalis torquata,Hydropsalis torquata,Hydropsalis torquata,Hydropsalis torquata,Hydropsalis torquata,Hydropsalis torquata,Hydropsalis,Caprimulgidae,1,Bajo
445,Hydropsalis torquata,Hydropsalis torquata,Hydropsalis torquata,Hydropsalis torquata,Hydropsalis torquata,Hydropsalis torquata,Hydropsalis torquata,Hydropsalis torquata,Hydropsalis torquata,Hydropsalis torquata,Hydropsalis torquata,Hydropsalis torquata,Hydropsalis,Caprimulgidae,1,Bajo
447,Hydropsalis torquata,Salvator merianae,Salvator merianae,Salvator merianae,Salvator merianae,Salvator merianae,Salvator merianae,Salvator merianae,Salvator merianae,Salvator merianae,Salvator merianae,Salvator merianae,Hydropsalis,Caprimulgidae,1,Bajo
448,Hydropsalis torquata,Hydropsalis torquata,Hydropsalis torquata,Hydropsalis torquata,Hydropsalis torquata,Hydropsalis torquata,Hydropsalis torquata,Hydropsalis torquata,Hydropsalis torquata,Hydropsalis torquata,Hydropsalis torquata,Hydropsalis torquata,Hydropsalis,Caprimulgidae,1,Bajo
449,Hydropsalis torquata,Hydropsalis torquata,Hydropsalis torquata,Hydropsalis torquata,Hydropsalis torquata,Hydropsalis torquata,Hydropsalis torquata,Hydropsalis torquata,Hydropsalis torquata,Hydropsalis torquata,Hydropsalis torquata,Hydropsalis torquata,Hydropsalis,Caprimulgidae,1,Bajo
450,Hydropsalis torquata,Hydropsalis torquata,Hydropsalis torquata,Hydropsalis torquata,Hydropsalis torquata,Hydropsalis torquata,Hydropsalis torquata,Hydropsalis torquata,Hydropsalis torquata,Hydropsalis torquata,Hydropsalis torquata,Hydropsalis torquata,Hydropsalis,Caprimulgidae,1,Bajo
451,Hydropsalis torquata,Hydropsalis torquata,Hydropsalis torquata,Galictis cuja,Galictis cuja,Hydropsalis torquata,Hydropsalis torquata,Nyctidromus albicollis,Hydropsalis torquata,Hydropsalis torquata,Hydropsalis torquata,Hydropsalis torquata,Hydropsalis,Caprimulgidae,1,Bajo
452,Hydropsalis torquata,Hydropsalis torquata,Hydropsalis torquata,Hydropsalis torquata,Hydropsalis torquata,Hydropsalis torquata,Hydropsalis torquata,Hydropsalis torquata,Hydropsalis torquata,Hydropsalis torquata,Hydropsalis torquata,Hydropsalis torquata,Hydropsalis,Caprimulgidae,1,Bajo
453,Hydropsalis torquata,Hydropsalis torquata,Nyctidromus albicollis,Hydropsalis torquata,Hydropsalis torquata,Hydropsalis torquata,Hydropsalis torquata,Gubernetes yetapa,Nyctidromus albicollis,Nyctidromus albicollis,Nyctidromus albicollis,Hydropsalis torquata,Hydropsalis,Caprimulgidae,1,Bajo
454,Hydropsalis torquata,Salvator merianae,Salvator merianae,Salvator merianae,Salvator merianae,Salvator merianae,Salvator merianae,Salvator merianae,Salvator merianae,Salvator merianae,Salvator merianae,Salvator merianae,Hydropsalis,Caprimulgidae,1,Bajo
455,Hydropsalis torquata,Hydropsalis torquata,Hydropsalis torquata,Nyctidromus albicollis,Nyctidromus albicollis,Hydropsalis torquata,Hydropsalis torquata,Hydropsalis torquata,Hydropsalis torquata,Hydropsalis torquata,Hydropsalis torquata,Hydropsalis torquata,Hydropsalis,Caprimulgidae,1,Bajo
456,Hydropsalis torquata,Hydropsalis torquata,Hydropsalis torquata,Hydropsalis torquata,Hydropsalis torquata,Hydropsalis torquata,Hydropsalis torquata,Hydropsalis torquata,Hydropsalis torquata,Hydropsalis torquata,Hydropsalis torquata,Hydropsalis torquata,Hydropsalis,Caprimulgidae,1,Bajo
458,Hydropsalis torquata,Hydropsalis torquata,Hydropsalis torquata,Hydropsalis torquata,Hydropsalis torquata,Hydropsalis torquata,Hydropsalis torquata,Hydropsalis torquata,Hydropsalis torquata,Hydropsalis torquata,Hydropsalis torquata,Hydropsalis torquata,Hydropsalis,Caprimulgidae,1,Bajo
459,Hydropsalis torquata,Hydropsalis torquata,Hydropsalis torquata,Hydropsalis torquata,Hydropsalis torquata,Hydropsalis torquata,Hydropsalis torquata,Hydropsalis torquata,Hydropsalis torquata,Hydropsalis torquata,Hydropsalis torquata,Hydropsalis torquata,Hydropsalis,Caprimulgidae,1,Bajo
460,Hydropsalis torquata,Hydropsalis torquata,Hydropsalis torquata,Hydropsalis torquata,Hydropsalis torquata,Hydropsalis torquata,Hydropsalis torquata,Hydropsalis torquata,Hydropsalis torquata,Hydropsalis torquata,Hydropsalis torquata,Hydropsalis torquata,Hydropsalis,Caprimulgidae,1,Bajo
461,Hydropsalis torquata,Hydropsalis torquata,Hydropsalis torquata,Hydropsalis torquata,Hydropsalis torquata,Hydropsalis torquata,Hydropsalis torquata,Hydropsalis torquata,Hydropsalis torquata,Hydropsalis torquata,Hydropsalis torquata,Hydropsalis torquata,Hydropsalis,Caprimulgidae,1,Bajo
462,Hydropsalis torquata,Hydropsalis torquata,Hydropsalis torquata,Hydropsalis torquata,Hydropsalis torquata,Hydropsalis torquata,Hydropsalis torquata,Hydropsalis torquata,Hydropsalis torquata,Hydropsalis torquata,Hydropsalis torquata,Hydropsalis torquata,Hydropsalis,Caprimulgidae,1,Bajo
463,Hydropsalis torquata,Hydropsalis torquata,Hydropsalis torquata,Hydropsalis torquata,Hydropsalis torquata,Hydropsalis torquata,Hydropsalis torquata,Hydropsalis torquata,Hydropsalis torquata,Hydropsalis torquata,Hydropsalis torquata,Hydropsalis torquata,Hydropsalis,Caprimulgidae,1,Bajo
464,Hydropsalis torquata,Hydropsalis torquata,Hydropsalis torquata,Hydropsalis torquata,Hydropsalis torquata,Hydropsalis torquata,Hydropsalis torquata,Hydropsalis torquata,Hydropsalis torquata,Hydropsalis torquata,Hydropsalis torquata,Hydropsalis torquata,Hydropsalis,Caprimulgidae,1,Bajo
465,Hydropsalis torquata,Hydropsalis torquata,Hydropsalis torquata,Hydropsalis torquata,Hydropsalis torquata,Hydropsalis torquata,Hydropsalis torquata,Hydropsalis torquata,Hydropsalis torquata,Hydropsalis torquata,Hydropsalis torquata,Hydropsalis torquata,Hydropsalis,Caprimulgidae,1,Bajo
467,Hydropsalis torquata,Lontra longicaudis,Lontra longicaudis,Herpailurus yagouaroundi,Galictis cuja,Nyctidromus albicollis,Lontra longicaudis,Dasyprocta azarae,Lontra longicaudis,Lontra longicaudis,Lontra longicaudis,Salvator merianae,Hydropsalis,Caprimulgidae,1,Bajo
468,Hydropsalis torquata,Hydropsalis torquata,Hydropsalis torquata,Hydropsalis torquata,Hydropsalis torquata,Hydropsalis torquata,Hydropsalis torquata,Hydropsalis torquata,Hydropsalis torquata,Hydropsalis torquata,Hydropsalis torquata,Hydropsalis torquata,Hydropsalis,Caprimulgidae,1,Bajo
469,Hydropsalis torquata,Hydropsalis torquata,Nyctidromus albicollis,Nyctidromus albicollis,Hydropsalis torquata,Hydropsalis torquata,Hydropsalis torquata,Hydropsalis torquata,Nyctidromus albicollis,Nyctidromus albicollis,Nyctidromus albicollis,Hydropsalis torquata,Hydropsalis,Caprimulgidae,1,Bajo
470,Hydropsalis torquata,Hydropsalis torquata,Leopardus wiedii,Hydropsalis torquata,Hydropsalis torquata,Hydropsalis torquata,Hydropsalis torquata,Salvator merianae,Leopardus wiedii,Leopardus wiedii,Leopardus wiedii,Hydropsalis torquata,Hydropsalis,Caprimulgidae,1,Bajo
471,Hydropsalis torquata,Hydropsalis torquata,Hydropsalis torquata,Hydropsalis torquata,Hydropsalis torquata,Hydropsalis torquata,Hydropsalis torquata,Hydropsalis torquata,Hydropsalis torquata,Hydropsalis torquata,Hydropsalis torquata,Hydropsalis torquata,Hydropsalis,Caprimulgidae,1,Bajo
473,Hydropsalis torquata,Hydropsalis torquata,Hydropsalis torquata,Hydropsalis torquata,Hydropsalis torquata,Hydropsalis torquata,Hydropsalis torquata,Hydropsalis torquata,Hydropsalis torquata,Hydropsalis torquata,Hydropsalis torquata,Hydropsalis torquata,Hydropsalis,Caprimulgidae,1,Bajo
474,Hydropsalis torquata,Hydropsalis torquata,Hydropsalis torquata,Hydropsalis torquata,Hydropsalis torquata,Hydropsalis torquata,Hydropsalis torquata,Hydropsalis torquata,Hydropsalis torquata,Hydropsalis torquata,Hydropsalis torquata,Hydropsalis torquata,Hydropsalis,Caprimulgidae,1,Bajo
476,Hydropsalis torquata,Hydropsalis torquata,Hydropsalis torquata,Hydropsalis torquata,Hydropsalis torquata,Hydropsalis torquata,Hydropsalis torquata,Hydropsalis torquata,Hydropsalis torquata,Hydropsalis torquata,Hydropsalis torquata,Hydropsalis torquata,Hydropsalis,Caprimulgidae,1,Bajo
477,Hydropsalis torquata,Nyctidromus albicollis,Penelope superciliaris,Penelope superciliaris,Nyctidromus albicollis,Nyctidromus albicollis,Nyctidromus albicollis,Alouatta caraya,Penelope superciliaris,Penelope superciliaris,Penelope superciliaris,Sapajus nigritus,Hydropsalis,Caprimulgidae,1,Bajo
478,Hydropsalis torquata,Hydropsalis torquata,Hydropsalis torquata,Hydropsalis torquata,Hydropsalis torquata,Hydropsalis torquata,Hydropsalis torquata,Hydropsalis torquata,Hydropsalis torquata,Hydropsalis torquata,Hydropsalis torquata,Hydropsalis torquata,Hydropsalis,Caprimulgidae,1,Bajo
480,Hydropsalis torquata,Hydropsalis torquata,Hydropsalis torquata,Nyctidromus albicollis,Nyctidromus albicollis,Hydropsalis torquata,Hydropsalis torquata,Nyctidromus albicollis,Hydropsalis torquata,Hydropsalis torquata,Hydropsalis torquata,Hydropsalis torquata,Hydropsalis,Caprimulgidae,1,Bajo
481,Hydropsalis torquata,Hydropsalis torquata,Hydropsalis torquata,Hydropsalis torquata,Hydropsalis torquata,Hydropsalis torquata,Hydropsalis torquata,Nyctidromus albicollis,Hydropsalis torquata,Hydropsalis torquata,Hydropsalis torquata,Hydropsalis torquata,Hydropsalis,Caprimulgidae,1,Bajo
482,Hydropsalis torquata,Hydropsalis torquata,Hydropsalis torquata,Hydropsalis torquata,Hydropsalis torquata,Hydropsalis torquata,Hydropsalis torquata,Hydropsalis torquata,Hydropsalis torquata,Hydropsalis torquata,Hydropsalis torquata,Hydropsalis torquata,Hydropsalis,Caprimulgidae,1,Bajo
483,Hydropsalis torquata,Hydropsalis torquata,Hydropsalis torquata,Hydropsalis torquata,Hydropsalis torquata,Hydropsalis torquata,Hydropsalis torquata,Hydropsalis torquata,Hydropsalis torquata,Hydropsalis torquata,Hydropsalis torquata,Hydropsalis torquata,Hydropsalis,Caprimulgidae,1,Bajo
484,Hydropsalis torquata,Hydropsalis torquata,Hydropsalis torquata,Hydropsalis torquata,Hydropsalis torquata,Hydropsalis torquata,Hydropsalis torquata,Hydropsalis torquata,Hydropsalis torquata,Hydropsalis torquata,Hydropsalis torquata,Hydropsalis torquata,Hydropsalis,Caprimulgidae,1,Bajo
485,Hydropsalis torquata,Hydropsalis torquata,Hydropsalis torquata,Hydropsalis torquata,Nyctidromus albicollis,Hydropsalis torquata,Hydropsalis torquata,Hydropsalis torquata,Hydropsalis torquata,Hydropsalis torquata,Hydropsalis torquata,Hydropsalis torquata,Hydropsalis,Caprimulgidae,1,Bajo
486,Hydropsalis torquata,Nyctidromus albicollis,Nyctidromus albicollis,Nyctidromus albicollis,Nyctidromus albicollis,Nyctidromus albicollis,Nyctidromus albicollis,Hydropsalis torquata,Nyctidromus albicollis,Nyctidromus albicollis,Nyctidromus albicollis,Nyctidromus albicollis,Hydropsalis,Caprimulgidae,1,Bajo
487,Hydropsalis torquata,Hydropsalis torquata,Hydropsalis torquata,Hydropsalis torquata,Hydropsalis torquata,Hydropsalis torquata,Hydropsalis torquata,Gubernetes yetapa,Hydropsalis torquata,Hydropsalis torquata,Hydropsalis torquata,Hydropsalis torquata,Hydropsalis,Caprimulgidae,1,Bajo
489,Hydropsalis torquata,Hydropsalis torquata,Salvator merianae,Salvator merianae,Salvator merianae,Salvator merianae,Hydropsalis torquata,Hydropsalis torquata,Salvator merianae,Salvator merianae,Salvator merianae,Salvator merianae,Hydropsalis,Caprimulgidae,1,Bajo
490,Nyctidromus albicollis,Nyctidromus albicollis,Hydropsalis torquata,Nyctidromus albicollis,Nyctidromus albicollis,Nyctidromus albicollis,Nyctidromus albicollis,Nyctidromus albicollis,Hydropsalis torquata,Hydropsalis torquata,Hydropsalis torquata,Nyctidromus albicollis,Nyctidromus,Caprimulgidae,1,Bajo
492,Nyctidromus albicollis,Nyctidromus albicollis,Nyctidromus albicollis,Hydropsalis torquata,Hydropsalis torquata,Notharchus swainsoni,Hydropsalis torquata,Notharchus swainsoni,Nyctidromus albicollis,Nyctidromus albicollis,Nyctidromus albicollis,Hydropsalis torquata,Nyctidromus,Caprimulgidae,1,Bajo
493,Nyctidromus albicollis,Salvator merianae,Salvator merianae,Salvator merianae,Salvator merianae,Salvator merianae,Salvator merianae,Salvator merianae,Salvator merianae,Salvator merianae,Salvator merianae,Salvator merianae,Nyctidromus,Caprimulgidae,1,Bajo
494,Nyctidromus albicollis,Nyctidromus albicollis,Nyctidromus albicollis,Nyctidromus albicollis,Nyctidromus albicollis,Nyctidromus albicollis,Nyctidromus albicollis,Nyctidromus albicollis,Nyctidromus albicollis,Nyctidromus albicollis,Nyctidromus albicollis,Nyctidromus albicollis,Nyctidromus,Caprimulgidae,1,Bajo
495,Nyctidromus albicollis,Nyctidromus albicollis,Nyctidromus albicollis,Nyctidromus albicollis,Nyctidromus albicollis,Nyctidromus albicollis,Nyctidromus albicollis,Hydropsalis torquata,Nyctidromus albicollis,Nyctidromus albicollis,Nyctidromus albicollis,Nyctidromus albicollis,Nyctidromus,Caprimulgidae,1,Bajo
496,Nyctidromus albicollis,Hydropsalis torquata,Odontophorus capueira,Galictis cuja,Galictis cuja,Salvator merianae,Salvator merianae,Notharchus swainsoni,Odontophorus capueira,Odontophorus capueira,Odontophorus capueira,Hydropsalis torquata,Nyctidromus,Caprimulgidae,1,Bajo
498,Nyctidromus albicollis,Hydropsalis torquata,Nyctidromus albicollis,Nyctidromus albicollis,Nyctidromus albicollis,Hydropsalis torquata,Hydropsalis torquata,Hydropsalis torquata,Nyctidromus albicollis,Nyctidromus albicollis,Nyctidromus albicollis,Hydropsalis torquata,Nyctidromus,Caprimulgidae,1,Bajo
500,Nyctidromus albicollis,Nyctidromus albicollis,Nyctidromus albicollis,Nyctidromus albicollis,Nyctidromus albicollis,Nyctidromus albicollis,Nyctidromus albicollis,Nyctidromus albicollis,Nyctidromus albicollis,Nyctidromus albicollis,Nyctidromus albicollis,Nyctidromus albicollis,Nyctidromus,Caprimulgidae,1,Bajo
502,Nyctidromus albicollis,Nyctidromus albicollis,Nyctidromus albicollis,Nyctidromus albicollis,Nyctidromus albicollis,Nyctidromus albicollis,Nyctidromus albicollis,Nyctidromus albicollis,Nyctidromus albicollis,Nyctidromus albicollis,Nyctidromus albicollis,Nyctidromus albicollis,Nyctidromus,Caprimulgidae,1,Bajo
503,Nyctidromus albicollis,Nyctidromus albicollis,Nyctidromus albicollis,Nyctidromus albicollis,Nyctidromus albicollis,Nyctidromus albicollis,Nyctidromus albicollis,Nyctidromus albicollis,Nyctidromus albicollis,Nyctidromus albicollis,Nyctidromus albicollis,Nyctidromus albicollis,Nyctidromus,Caprimulgidae,1,Bajo
505,Nyctidromus albicollis,Nyctidromus albicollis,Nyctidromus albicollis,Nyctidromus albicollis,Nyctidromus albicollis,Nyctidromus albicollis,Nyctidromus albicollis,Hydropsalis torquata,Nyctidromus albicollis,Nyctidromus albicollis,Nyctidromus albicollis,Nyctidromus albicollis,Nyctidromus,Caprimulgidae,1,Bajo
506,Nyctidromus albicollis,Dasypus novemcinctus,Nyctidromus albicollis,Crypturellus obsoletus,Cerdocyon thous,Galictis cuja,Galictis cuja,Sporophila pileata,Nyctidromus albicollis,Nyctidromus albicollis,Nyctidromus albicollis,Dasypus novemcinctus,Nyctidromus,Caprimulgidae,1,Bajo
507,Nyctidromus albicollis,Nyctidromus albicollis,Nyctidromus albicollis,Nyctidromus albicollis,Nyctidromus albicollis,Nyctidromus albicollis,Nyctidromus albicollis,Leptotila verreauxi,Nyctidromus albicollis,Nyctidromus albicollis,Nyctidromus albicollis,Nyctidromus albicollis,Nyctidromus,Caprimulgidae,1,Bajo
508,Nyctidromus albicollis,Nyctidromus albicollis,Nyctidromus albicollis,Nyctidromus albicollis,Nyctidromus albicollis,Nyctidromus albicollis,Nyctidromus albicollis,Nyctidromus albicollis,Nyctidromus albicollis,Nyctidromus albicollis,Nyctidromus albicollis,Nyctidromus albicollis,Nyctidromus,Caprimulgidae,1,Bajo
509,Nyctidromus albicollis,Nyctidromus albicollis,Nyctidromus albicollis,Nyctidromus albicollis,Nyctidromus albicollis,Nyctidromus albicollis,Nyctidromus albicollis,Nyctidromus albicollis,Nyctidromus albicollis,Nyctidromus albicollis,Nyctidromus albicollis,Nyctidromus albicollis,Nyctidromus,Caprimulgidae,1,Bajo
510,Nyctidromus albicollis,Nyctidromus albicollis,Nyctidromus albicollis,Nyctidromus albicollis,Nyctidromus albicollis,Nyctidromus albicollis,Nyctidromus albicollis,Nyctidromus albicollis,Nyctidromus albicollis,Nyctidromus albicollis,Nyctidromus albicollis,Nyctidromus albicollis,Nyctidromus,Caprimulgidae,1,Bajo
511,Nyctidromus albicollis,Hydropsalis torquata,Nyctidromus albicollis,Grallaria varia,Nyctidromus albicollis,Hydropsalis torquata,Hydropsalis torquata,Hydropsalis torquata,Nyctidromus albicollis,Nyctidromus albicollis,Nyctidromus albicollis,Hydropsalis torquata,Nyctidromus,Caprimulgidae,1,Bajo
513,Nyctidromus albicollis,Nyctidromus albicollis,Nyctidromus albicollis,Nyctidromus albicollis,Nyctidromus albicollis,Nyctidromus albicollis,Nyctidromus albicollis,Nyctidromus albicollis,Nyctidromus albicollis,Nyctidromus albicollis,Nyctidromus albicollis,Nyctidromus albicollis,Nyctidromus,Caprimulgidae,1,Bajo
514,Nyctidromus albicollis,Hydropsalis torquata,Hydropsalis torquata,Nyctidromus albicollis,Nyctidromus albicollis,Hydropsalis torquata,Nyctidromus albicollis,Hydropsalis torquata,Hydropsalis torquata,Hydropsalis torquata,Hydropsalis torquata,Hydropsalis torquata,Nyctidromus,Caprimulgidae,1,Bajo
515,Nyctidromus albicollis,Hydropsalis torquata,Hydropsalis torquata,Hydropsalis torquata,Hydropsalis torquata,Hydropsalis torquata,Hydropsalis torquata,Hydropsalis torquata,Hydropsalis torquata,Hydropsalis torquata,Hydropsalis torquata,Hydropsalis torquata,Nyctidromus,Caprimulgidae,1,Bajo
516,Nyctidromus albicollis,Nyctidromus albicollis,Leopardus wiedii,Galictis cuja,Galictis cuja,Leopardus wiedii,Nyctidromus albicollis,Sporophila pileata,Leopardus wiedii,Leopardus wiedii,Leopardus wiedii,Nyctidromus albicollis,Nyctidromus,Caprimulgidae,1,Bajo
517,Nyctidromus albicollis,Nyctidromus albicollis,Nyctidromus albicollis,Nyctidromus albicollis,Nyctidromus albicollis,Nyctidromus albicollis,Nyctidromus albicollis,Nyctidromus albicollis,Nyctidromus albicollis,Nyctidromus albicollis,Nyctidromus albicollis,Nyctidromus albicollis,Nyctidromus,Caprimulgidae,1,Bajo
518,Nyctidromus albicollis,Hydropsalis torquata,Nyctidromus albicollis,Nyctidromus albicollis,Nyctidromus albicollis,Nyctidromus albicollis,Hydropsalis torquata,Hydropsalis torquata,Nyctidromus albicollis,Nyctidromus albicollis,Nyctidromus albicollis,Hydropsalis torquata,Nyctidromus,Caprimulgidae,1,Bajo
519,Nyctidromus albicollis,Nyctidromus albicollis,Nyctidromus albicollis,Nyctidromus albicollis,Nyctidromus albicollis,Nyctidromus albicollis,Nyctidromus albicollis,Nyctidromus albicollis,Nyctidromus albicollis,Nyctidromus albicollis,Nyctidromus albicollis,Nyctidromus albicollis,Nyctidromus,Caprimulgidae,1,Bajo
520,Nyctidromus albicollis,Nyctidromus albicollis,Nyctidromus albicollis,Nyctidromus albicollis,Nyctidromus albicollis,Nyctidromus albicollis,Nyctidromus albicollis,Nyctidromus albicollis,Nyctidromus albicollis,Nyctidromus albicollis,Nyctidromus albicollis,Nyctidromus albicollis,Nyctidromus,Caprimulgidae,1,Bajo
521,Nyctidromus albicollis,Nyctidromus albicollis,Nyctidromus albicollis,Nyctidromus albicollis,Nyctidromus albicollis,Nyctidromus albicollis,Nyctidromus albicollis,Nyctidromus albicollis,Nyctidromus albicollis,Nyctidromus albicollis,Nyctidromus albicollis,Nyctidromus albicollis,Nyctidromus,Caprimulgidae,1,Bajo
522,Nyctidromus albicollis,Nyctidromus albicollis,Nyctidromus albicollis,Nyctidromus albicollis,Nyctidromus albicollis,Nyctidromus albicollis,Nyctidromus albicollis,Nyctidromus albicollis,Nyctidromus albicollis,Nyctidromus albicollis,Nyctidromus albicollis,Nyctidromus albicollis,Nyctidromus,Caprimulgidae,1,Bajo
523,Nyctidromus albicollis,Nyctidromus albicollis,Nyctidromus albicollis,Nyctidromus albicollis,Nyctidromus albicollis,Nyctidromus albicollis,Nyctidromus albicollis,Nyctidromus albicollis,Nyctidromus albicollis,Nyctidromus albicollis,Nyctidromus albicollis,Nyctidromus albicollis,Nyctidromus,Caprimulgidae,1,Bajo
524,Nyctidromus albicollis,Nyctidromus albicollis,Nyctidromus albicollis,Nyctidromus albicollis,Nyctidromus albicollis,Hydropsalis torquata,Nyctidromus albicollis,Nyctidromus albicollis,Nyctidromus albicollis,Nyctidromus albicollis,Nyctidromus albicollis,Nyctidromus albicollis,Nyctidromus,Caprimulgidae,1,Bajo
525,Nyctidromus albicollis,Nyctidromus albicollis,Nyctidromus albicollis,Nyctidromus albicollis,Nyctidromus albicollis,Nyctidromus albicollis,Nyctidromus albicollis,Nyctidromus albicollis,Nyctidromus albicollis,Nyctidromus albicollis,Nyctidromus albicollis,Nyctidromus albicollis,Nyctidromus,Caprimulgidae,1,Bajo
526,Nyctidromus albicollis,Nyctidromus albicollis,Nyctidromus albicollis,Nyctidromus albicollis,Nyctidromus albicollis,Nyctidromus albicollis,Nyctidromus albicollis,Hydropsalis torquata,Nyctidromus albicollis,Nyctidromus albicollis,Nyctidromus albicollis,Nyctidromus albicollis,Nyctidromus,Caprimulgidae,1,Bajo
527,Nyctidromus albicollis,Nyctidromus albicollis,Nyctidromus albicollis,Nyctidromus albicollis,Nyctidromus albicollis,Nyctidromus albicollis,Nyctidromus albicollis,Nyctidromus albicollis,Nyctidromus albicollis,Nyctidromus albicollis,Nyctidromus albicollis,Nyctidromus albicollis,Nyctidromus,Caprimulgidae,1,Bajo
528,Nyctidromus albicollis,Hydropsalis torquata,Hydropsalis torquata,Hydropsalis torquata,Nyctidromus albicollis,Hydropsalis torquata,Hydropsalis torquata,Hydropsalis torquata,Hydropsalis torquata,Hydropsalis torquata,Hydropsalis torquata,Hydropsalis torquata,Nyctidromus,Caprimulgidae,1,Bajo
529,Nyctidromus albicollis,Nyctidromus albicollis,Nyctidromus albicollis,Nyctidromus albicollis,Nyctidromus albicollis,Nyctidromus albicollis,Nyctidromus albicollis,Nyctidromus albicollis,Nyctidromus albicollis,Nyctidromus albicollis,Nyctidromus albicollis,Nyctidromus albicollis,Nyctidromus,Caprimulgidae,1,Bajo
530,Nyctidromus albicollis,Nyctidromus albicollis,Odontophorus capueira capueira,Odontophorus capueira capueira,Odontophorus capueira capueira,Nyctidromus albicollis,Nyctidromus albicollis,Chamaeza campanisona,Odontophorus capueira capueira,Odontophorus capueira capueira,Odontophorus capueira capueira,Nyctidromus albicollis,Nyctidromus,Caprimulgidae,1,Bajo
531,Nyctidromus albicollis,Nyctidromus albicollis,Nyctidromus albicollis,Nyctidromus albicollis,Nyctidromus albicollis,Nyctidromus albicollis,Nyctidromus albicollis,Nyctidromus albicollis,Nyctidromus albicollis,Nyctidromus albicollis,Nyctidromus albicollis,Nyctidromus albicollis,Nyctidromus,Caprimulgidae,1,Bajo
532,Nyctidromus albicollis,Didelphis albiventris,Didelphis albiventris,Conopophaga lineata,Amazona aestiva,Didelphis albiventris,Didelphis albiventris,Didelphis albiventris,Didelphis albiventris,Didelphis albiventris,Didelphis albiventris,Didelphis albiventris,Nyctidromus,Caprimulgidae,1,Bajo
533,Nyctidromus albicollis,Nyctidromus albicollis,Nyctidromus albicollis,Nyctidromus albicollis,Nyctidromus albicollis,Nyctidromus albicollis,Nyctidromus albicollis,Nyctidromus albicollis,Nyctidromus albicollis,Nyctidromus albicollis,Nyctidromus albicollis,Nyctidromus albicollis,Nyctidromus,Caprimulgidae,1,Bajo
534,Nyctidromus albicollis,Nyctidromus albicollis,Myrmecophaga tridactyla,Hydropsalis torquata,Didelphis albiventris,Nyctidromus albicollis,Hydropsalis torquata,Dasypus novemcinctus,Myrmecophaga tridactyla,Myrmecophaga tridactyla,Myrmecophaga tridactyla,Nyctidromus albicollis,Nyctidromus,Caprimulgidae,1,Bajo
535,Nyctidromus albicollis,Hydropsalis torquata,Hydropsalis torquata,Herpailurus yagouaroundi,Galictis cuja,Hydropsalis torquata,Hydropsalis torquata,Hydropsalis torquata,Hydropsalis torquata,Hydropsalis torquata,Hydropsalis torquata,Hydropsalis torquata,Nyctidromus,Caprimulgidae,1,Bajo
537,Nyctidromus albicollis,Salvator merianae,Salvator merianae,Salvator merianae,Salvator merianae,Salvator merianae,Salvator merianae,Nyctidromus albicollis,Salvator merianae,Salvator merianae,Salvator merianae,Salvator merianae,Nyctidromus,Caprimulgidae,1,Bajo
540,Nyctidromus albicollis,Nyctidromus albicollis,Nyctidromus albicollis,Nyctidromus albicollis,Nyctidromus albicollis,Nyctidromus albicollis,Nyctidromus albicollis,Nyctidromus albicollis,Nyctidromus albicollis,Nyctidromus albicollis,Nyctidromus albicollis,Nyctidromus albicollis,Nyctidromus,Caprimulgidae,1,Bajo
541,Nyctidromus albicollis,Hydropsalis torquata,Nyctidromus albicollis,Nyctidromus albicollis,Nyctidromus albicollis,Nyctidromus albicollis,Nyctidromus albicollis,Hydropsalis torquata,Nyctidromus albicollis,Nyctidromus albicollis,Nyctidromus albicollis,Hydropsalis torquata,Nyctidromus,Caprimulgidae,1,Bajo
542,Nyctidromus albicollis,Nyctidromus albicollis,Nyctidromus albicollis,Nyctidromus albicollis,Nyctidromus albicollis,Nyctidromus albicollis,Nyctidromus albicollis,Nyctidromus albicollis,Nyctidromus albicollis,Nyctidromus albicollis,Nyctidromus albicollis,Nyctidromus albicollis,Nyctidromus,Caprimulgidae,1,Bajo
543,Nyctidromus albicollis,Nyctidromus albicollis,Nyctidromus albicollis,Nyctidromus albicollis,Nyctidromus albicollis,Nyctidromus albicollis,Nyctidromus albicollis,Nyctidromus albicollis,Nyctidromus albicollis,Nyctidromus albicollis,Nyctidromus albicollis,Nyctidromus albicollis,Nyctidromus,Caprimulgidae,1,Bajo
544,Nyctidromus albicollis,Hydropsalis torquata,Hydropsalis torquata,Hydropsalis torquata,Hydropsalis torquata,Hydropsalis torquata,Hydropsalis torquata,Nyctidromus albicollis,Hydropsalis torquata,Hydropsalis torquata,Hydropsalis torquata,Hydropsalis torquata,Nyctidromus,Caprimulgidae,1,Bajo
545,Nyctidromus albicollis,Hydropsalis torquata,Hydropsalis torquata,Nyctidromus albicollis,Hydropsalis torquata,Hydropsalis torquata,Hydropsalis torquata,Hydropsalis torquata,Hydropsalis torquata,Hydropsalis torquata,Hydropsalis torquata,Hydropsalis torquata,Nyctidromus,Caprimulgidae,1,Bajo
546,Nyctidromus albicollis,Nyctidromus albicollis,Crypturellus obsoletus,Crypturellus obsoletus,Crypturellus obsoletus,Hydropsalis torquata,Nyctidromus albicollis,Hydropsalis torquata,Crypturellus obsoletus,Crypturellus obsoletus,Crypturellus obsoletus,Turdus albicollis,Nyctidromus,Caprimulgidae,1,Bajo
547,Nyctidromus albicollis,Nyctidromus albicollis,Nyctidromus albicollis,Nyctidromus albicollis,Nyctidromus albicollis,Nyctidromus albicollis,Nyctidromus albicollis,Hydropsalis torquata,Nyctidromus albicollis,Nyctidromus albicollis,Nyctidromus albicollis,Nyctidromus albicollis,Nyctidromus,Caprimulgidae,1,Bajo
549,Nyctidromus albicollis,Hydropsalis torquata,Nyctidromus albicollis,Nyctidromus albicollis,Nyctidromus albicollis,Hydropsalis torquata,Nyctidromus albicollis,Nyctidromus albicollis,Nyctidromus albicollis,Nyctidromus albicollis,Nyctidromus albicollis,Hydropsalis torquata,Nyctidromus,Caprimulgidae,1,Bajo
552,Nyctidromus albicollis,Tamandua tetradactyla,Dasypus novemcinctus,Dasypus novemcinctus,Cuniculus paca,Dasypus novemcinctus,Tamandua tetradactyla,Lontra longicaudis,Dasypus novemcinctus,Dasypus novemcinctus,Dasypus novemcinctus,Cuniculus paca,Nyctidromus,Caprimulgidae,1,Bajo
554,Cyanoloxia brissonii,Cyanoloxia brissonii,Cyanoloxia brissonii,Cyanoloxia brissonii,Cyanoloxia brissonii,Cyanoloxia brissonii,Cyanoloxia brissonii,Cyanoloxia brissonii,Cyanoloxia brissonii,Cyanoloxia brissonii,Cyanoloxia brissonii,Cyanoloxia brissonii,Cyanoloxia,Cardinalidae,1,Bajo
555,Cyanoloxia brissonii,Cyanoloxia brissonii,Cyanoloxia brissonii,Cyanoloxia brissonii,Cyanoloxia brissonii,Cyanoloxia brissonii,Cyanoloxia brissonii,Cyanoloxia brissonii,Cyanoloxia brissonii,Cyanoloxia brissonii,Cyanoloxia brissonii,Cyanoloxia brissonii,Cyanoloxia,Cardinalidae,1,Bajo
557,Cyanoloxia brissonii,Turdus albicollis,Cyanoloxia brissonii,Cyanoloxia brissonii,Cyanoloxia brissonii,Cyanoloxia brissonii,Pyriglena leucoptera,Conopophaga lineata,Cyanoloxia brissonii,Cyanoloxia brissonii,Cyanoloxia brissonii,Turdus albicollis,Cyanoloxia,Cardinalidae,1,Bajo
558,Cyanoloxia brissonii,Cyanoloxia brissonii,Cyanoloxia brissonii,Cyanoloxia brissonii,Cyanoloxia brissonii,Cyanoloxia brissonii,Cyanoloxia brissonii,Cyanoloxia brissonii,Cyanoloxia brissonii,Cyanoloxia brissonii,Cyanoloxia brissonii,Cyanoloxia brissonii,Cyanoloxia,Cardinalidae,1,Bajo
560,Cyanoloxia brissonii,Cyanoloxia brissonii,Cyanoloxia brissonii,Cyanoloxia brissonii,Cyanoloxia brissonii,Cyanoloxia brissonii,Cyanoloxia brissonii,Cyanoloxia brissonii,Cyanoloxia brissonii,Cyanoloxia brissonii,Cyanoloxia brissonii,Cyanoloxia brissonii,Cyanoloxia,Cardinalidae,1,Bajo
563,Cyanoloxia brissonii,Cyanoloxia brissonii,Cyanoloxia brissonii,Cyanoloxia brissonii,Cyanoloxia brissonii,Cyanoloxia brissonii,Cyanoloxia brissonii,Cyanoloxia brissonii,Cyanoloxia brissonii,Cyanoloxia brissonii,Cyanoloxia brissonii,Cyanoloxia brissonii,Cyanoloxia,Cardinalidae,1,Bajo
564,Cyanoloxia brissonii,Cyanoloxia brissonii,Tachyphonus coronatus,Cyanoloxia brissonii,Cyanoloxia brissonii,Cyanoloxia brissonii,Cyanoloxia brissonii,Cyanoloxia brissonii,Tachyphonus coronatus,Tachyphonus coronatus,Tachyphonus coronatus,Cyanoloxia brissonii,Cyanoloxia,Cardinalidae,1,Bajo
565,Cyanoloxia brissonii,Habia rubica,Cyanoloxia brissonii,Cyanoloxia brissonii,Cyanoloxia brissonii,Cyanoloxia brissonii,Habia rubica,Cyanoloxia brissonii,Cyanoloxia brissonii,Cyanoloxia brissonii,Cyanoloxia brissonii,Habia rubica,Cyanoloxia,Cardinalidae,1,Bajo
566,Cyanoloxia brissonii,Turdus albicollis,Cyanoloxia brissonii,Cyanoloxia brissonii,Cyanoloxia brissonii,Cyanoloxia brissonii,Turdus albicollis,Sporophila pileata,Cyanoloxia brissonii,Cyanoloxia brissonii,Cyanoloxia brissonii,Turdus albicollis,Cyanoloxia,Cardinalidae,1,Bajo
568,Cyanoloxia brissonii,Cyanoloxia brissonii,Cyanoloxia brissonii,Cyanoloxia brissonii,Cyanoloxia brissonii,Cyanoloxia brissonii,Cyanoloxia brissonii,Cyanoloxia brissonii,Cyanoloxia brissonii,Cyanoloxia brissonii,Cyanoloxia brissonii,Cyanoloxia brissonii,Cyanoloxia,Cardinalidae,1,Bajo
569,Cyanoloxia brissonii,Cyanoloxia brissonii,Cyanoloxia brissonii,Cyanoloxia brissonii,Cyanoloxia brissonii,Cyanoloxia brissonii,Cyanoloxia brissonii,Cyanoloxia brissonii,Cyanoloxia brissonii,Cyanoloxia brissonii,Cyanoloxia brissonii,Cyanoloxia brissonii,Cyanoloxia,Cardinalidae,1,Bajo
570,Cyanoloxia brissonii,Cyanoloxia brissonii,Cyanoloxia brissonii,Cyanoloxia brissonii,Cyanoloxia brissonii,Cyanoloxia brissonii,Cyanoloxia brissonii,Cyanoloxia brissonii,Cyanoloxia brissonii,Cyanoloxia brissonii,Cyanoloxia brissonii,Cyanoloxia brissonii,Cyanoloxia,Cardinalidae,1,Bajo
571,Cyanoloxia brissonii,Cyanoloxia brissonii,Cyanoloxia brissonii,Cyanoloxia brissonii,Cyanoloxia brissonii,Cyanoloxia brissonii,Cyanoloxia brissonii,Cyanoloxia brissonii,Cyanoloxia brissonii,Cyanoloxia brissonii,Cyanoloxia brissonii,Cyanoloxia brissonii,Cyanoloxia,Cardinalidae,1,Bajo
573,Cyanoloxia brissonii,Cyanoloxia brissonii,Cyanoloxia brissonii,Cyanoloxia brissonii,Cyanoloxia brissonii,Cyanoloxia brissonii,Cyanoloxia brissonii,Cyanoloxia brissonii,Cyanoloxia brissonii,Cyanoloxia brissonii,Cyanoloxia brissonii,Cyanoloxia brissonii,Cyanoloxia,Cardinalidae,1,Bajo
575,Cyanoloxia brissonii,Cyanoloxia brissonii,Cyanoloxia brissonii,Cyanoloxia brissonii,Cyanoloxia brissonii,Cyanoloxia brissonii,Cyanoloxia brissonii,Cyanoloxia brissonii,Cyanoloxia brissonii,Cyanoloxia brissonii,Cyanoloxia brissonii,Cyanoloxia brissonii,Cyanoloxia,Cardinalidae,1,Bajo
576,Cyanoloxia brissonii,Pyriglena leucoptera,Pyriglena leucoptera,Pyriglena leucoptera,Pyriglena leucoptera,Pyriglena leucoptera,Pyriglena leucoptera,Pyriglena leucoptera,Pyriglena leucoptera,Pyriglena leucoptera,Pyriglena leucoptera,Pyriglena leucoptera,Cyanoloxia,Cardinalidae,1,Bajo
577,Cyanoloxia brissonii,Tachyphonus coronatus,Cyanoloxia brissonii,Tachyphonus coronatus,Tachyphonus coronatus,Tachyphonus coronatus,Tachyphonus coronatus,Cyanoloxia brissonii,Cyanoloxia brissonii,Cyanoloxia brissonii,Cyanoloxia brissonii,Cyanoloxia brissonii,Cyanoloxia,Cardinalidae,1,Bajo
578,Cyanoloxia brissonii,Cyanoloxia brissonii,Cyanoloxia brissonii,Cyanoloxia brissonii,Cyanoloxia brissonii,Cyanoloxia brissonii,Cyanoloxia brissonii,Cyanoloxia brissonii,Cyanoloxia brissonii,Cyanoloxia brissonii,Cyanoloxia brissonii,Cyanoloxia brissonii,Cyanoloxia,Cardinalidae,1,Bajo
579,Cyanoloxia brissonii,Cyanoloxia brissonii,Cyanoloxia brissonii,Cyanoloxia brissonii,Cyanoloxia brissonii,Cyanoloxia brissonii,Cyanoloxia brissonii,Cyanoloxia brissonii,Cyanoloxia brissonii,Cyanoloxia brissonii,Cyanoloxia brissonii,Cyanoloxia brissonii,Cyanoloxia,Cardinalidae,1,Bajo
581,Cyanoloxia brissonii,Cyanoloxia brissonii,Cyanoloxia brissonii,Cyanoloxia brissonii,Cyanoloxia brissonii,Cyanoloxia brissonii,Cyanoloxia brissonii,Cyanoloxia brissonii,Cyanoloxia brissonii,Cyanoloxia brissonii,Cyanoloxia brissonii,Cyanoloxia brissonii,Cyanoloxia,Cardinalidae,1,Bajo
582,Cyanoloxia brissonii,Cyanoloxia brissonii,Cyanoloxia brissonii,Cyanoloxia brissonii,Cyanoloxia brissonii,Cyanoloxia brissonii,Cyanoloxia brissonii,Cyanoloxia brissonii,Cyanoloxia brissonii,Cyanoloxia brissonii,Cyanoloxia brissonii,Cyanoloxia brissonii,Cyanoloxia,Cardinalidae,1,Bajo
583,Cyanoloxia brissonii,Habia rubica,Cyanoloxia brissonii,Cyanoloxia brissonii,Cyanoloxia brissonii,Cyanoloxia brissonii,Cyanoloxia brissonii,Cyanoloxia brissonii,Cyanoloxia brissonii,Cyanoloxia brissonii,Cyanoloxia brissonii,Habia rubica,Cyanoloxia,Cardinalidae,1,Bajo
584,Cyanoloxia brissonii,Cyanoloxia brissonii,Cyanoloxia brissonii,Cyanoloxia brissonii,Cyanoloxia brissonii,Cyanoloxia brissonii,Cyanoloxia brissonii,Cyanoloxia brissonii,Cyanoloxia brissonii,Cyanoloxia brissonii,Cyanoloxia brissonii,Cyanoloxia brissonii,Cyanoloxia,Cardinalidae,1,Bajo
585,Cyanoloxia brissonii,Tachyphonus coronatus,Cyanoloxia brissonii,Tachyphonus coronatus,Cyanoloxia brissonii,Cyanoloxia brissonii,Tachyphonus coronatus,Cyanoloxia brissonii,Cyanoloxia brissonii,Cyanoloxia brissonii,Cyanoloxia brissonii,Tachyphonus coronatus,Cyanoloxia,Cardinalidae,1,Bajo
586,Cyanoloxia brissonii,Cyanoloxia brissonii,Cyanoloxia brissonii,Cyanoloxia brissonii,Cyanoloxia brissonii,Cyanoloxia brissonii,Cyanoloxia brissonii,Cyanoloxia brissonii,Cyanoloxia brissonii,Cyanoloxia brissonii,Cyanoloxia brissonii,Cyanoloxia brissonii,Cyanoloxia,Cardinalidae,1,Bajo
588,Cyanoloxia brissonii,Cyanoloxia brissonii,Cyanoloxia brissonii,Cyanoloxia brissonii,Cyanoloxia brissonii,Cyanoloxia brissonii,Cyanoloxia brissonii,Tachyphonus coronatus,Cyanoloxia brissonii,Cyanoloxia brissonii,Cyanoloxia brissonii,Cyanoloxia brissonii,Cyanoloxia,Cardinalidae,1,Bajo
589,Cyanoloxia brissonii,Habia rubica,Habia rubica,Habia rubica,Habia rubica,Habia rubica,Habia rubica,Habia rubica,Habia rubica,Habia rubica,Habia rubica,Habia rubica,Cyanoloxia,Cardinalidae,1,Bajo
590,Cyanoloxia brissonii,Cyanoloxia brissonii,Cyanoloxia brissonii,Cyanoloxia brissonii,Cyanoloxia brissonii,Cyanoloxia brissonii,Cyanoloxia brissonii,Cyanoloxia brissonii,Cyanoloxia brissonii,Cyanoloxia brissonii,Cyanoloxia brissonii,Cyanoloxia brissonii,Cyanoloxia,Cardinalidae,1,Bajo
591,Cyanoloxia brissonii,Cyanoloxia brissonii,Tachyphonus coronatus,Cyanoloxia brissonii,Cyanoloxia brissonii,Cyanoloxia brissonii,Cyanoloxia brissonii,Cyanoloxia brissonii,Tachyphonus coronatus,Tachyphonus coronatus,Tachyphonus coronatus,Cyanoloxia brissonii,Cyanoloxia,Cardinalidae,1,Bajo
593,Cyanoloxia brissonii,Habia rubica,Cyanoloxia brissonii,Cyanoloxia brissonii,Cyanoloxia brissonii,Cyanoloxia brissonii,Cyanoloxia brissonii,Cyanoloxia brissonii,Cyanoloxia brissonii,Cyanoloxia brissonii,Cyanoloxia brissonii,Habia rubica,Cyanoloxia,Cardinalidae,1,Bajo
594,Cyanoloxia brissonii,Cyanoloxia brissonii,Cyanoloxia brissonii,Cyanoloxia brissonii,Cyanoloxia brissonii,Cyanoloxia brissonii,Cyanoloxia brissonii,Cyanoloxia brissonii,Cyanoloxia brissonii,Cyanoloxia brissonii,Cyanoloxia brissonii,Cyanoloxia brissonii,Cyanoloxia,Cardinalidae,1,Bajo
596,Cyanoloxia brissonii,Cyanoloxia brissonii,Cyanoloxia brissonii,Cyanoloxia brissonii,Cyanoloxia brissonii,Cyanoloxia brissonii,Cyanoloxia brissonii,Cyanoloxia brissonii,Cyanoloxia brissonii,Cyanoloxia brissonii,Cyanoloxia brissonii,Cyanoloxia brissonii,Cyanoloxia,Cardinalidae,1,Bajo
597,Cyanoloxia brissonii,Cyanoloxia brissonii,Cyanoloxia brissonii,Cyanoloxia brissonii,Cyanoloxia brissonii,Cyanoloxia brissonii,Cyanoloxia brissonii,Cyanoloxia brissonii,Cyanoloxia brissonii,Cyanoloxia brissonii,Cyanoloxia brissonii,Cyanoloxia brissonii,Cyanoloxia,Cardinalidae,1,Bajo
598,Cyanoloxia brissonii,Cyanoloxia brissonii,Cyanoloxia brissonii,Cyanoloxia brissonii,Cyanoloxia brissonii,Cyanoloxia brissonii,Cyanoloxia brissonii,Cyanoloxia brissonii,Cyanoloxia brissonii,Cyanoloxia brissonii,Cyanoloxia brissonii,Cyanoloxia brissonii,Cyanoloxia,Cardinalidae,1,Bajo
599,Cyanoloxia brissonii,Cyanoloxia brissonii,Cyanoloxia brissonii,Cyanoloxia brissonii,Cyanoloxia brissonii,Cyanoloxia brissonii,Cyanoloxia brissonii,Cyanoloxia brissonii,Cyanoloxia brissonii,Cyanoloxia brissonii,Cyanoloxia brissonii,Cyanoloxia brissonii,Cyanoloxia,Cardinalidae,1,Bajo
600,Cyanoloxia brissonii,Cyanoloxia brissonii,Cyanoloxia brissonii,Cyanoloxia brissonii,Cyanoloxia brissonii,Cyanoloxia brissonii,Cyanoloxia brissonii,Cyanoloxia brissonii,Cyanoloxia brissonii,Cyanoloxia brissonii,Cyanoloxia brissonii,Cyanoloxia brissonii,Cyanoloxia,Cardinalidae,1,Bajo
601,Cyanoloxia brissonii,Habia rubica,Cyanoloxia brissonii,Cyanoloxia brissonii,Cyanoloxia brissonii,Cyanoloxia brissonii,Cyanoloxia brissonii,Cyanoloxia brissonii,Cyanoloxia brissonii,Cyanoloxia brissonii,Cyanoloxia brissonii,Habia rubica,Cyanoloxia,Cardinalidae,1,Bajo
602,Cyanoloxia brissonii,Cyanoloxia brissonii,Cyanoloxia brissonii,Cyanoloxia brissonii,Cyanoloxia brissonii,Cyanoloxia brissonii,Cyanoloxia brissonii,Cyanoloxia brissonii,Cyanoloxia brissonii,Cyanoloxia brissonii,Cyanoloxia brissonii,Cyanoloxia brissonii,Cyanoloxia,Cardinalidae,1,Bajo
603,Cyanoloxia brissonii,Cyanoloxia brissonii,Cyanoloxia brissonii,Cyanoloxia brissonii,Cyanoloxia brissonii,Cyanoloxia brissonii,Cyanoloxia brissonii,Cyanoloxia brissonii,Cyanoloxia brissonii,Cyanoloxia brissonii,Cyanoloxia brissonii,Cyanoloxia brissonii,Cyanoloxia,Cardinalidae,1,Bajo
604,Cyanoloxia brissonii,Cyanoloxia brissonii,Tachyphonus coronatus,Tachyphonus coronatus,Tachyphonus coronatus,Cyanoloxia brissonii,Cyanoloxia brissonii,Cyanoloxia brissonii,Tachyphonus coronatus,Tachyphonus coronatus,Tachyphonus coronatus,Cyanoloxia brissonii,Cyanoloxia,Cardinalidae,1,Bajo
605,Cyanoloxia brissonii,Cyanoloxia brissonii,Cyanoloxia brissonii,Cyanoloxia brissonii,Cyanoloxia brissonii,Cyanoloxia brissonii,Cyanoloxia brissonii,Cyanoloxia brissonii,Cyanoloxia brissonii,Cyanoloxia brissonii,Cyanoloxia brissonii,Cyanoloxia brissonii,Cyanoloxia,Cardinalidae,1,Bajo
606,Cyanoloxia brissonii,Cyanoloxia brissonii,Cyanoloxia brissonii,Cyanoloxia brissonii,Cyanoloxia brissonii,Cyanoloxia brissonii,Cyanoloxia brissonii,Cyanoloxia brissonii,Cyanoloxia brissonii,Cyanoloxia brissonii,Cyanoloxia brissonii,Cyanoloxia brissonii,Cyanoloxia,Cardinalidae,1,Bajo
607,Cyanoloxia brissonii,Cyanoloxia brissonii,Cyanoloxia brissonii,Cyanoloxia brissonii,Cyanoloxia brissonii,Cyanoloxia brissonii,Cyanoloxia brissonii,Cyanoloxia brissonii,Cyanoloxia brissonii,Cyanoloxia brissonii,Cyanoloxia brissonii,Cyanoloxia brissonii,Cyanoloxia,Cardinalidae,1,Bajo
608,Cyanoloxia brissonii,Cyanoloxia brissonii,Cyanoloxia brissonii,Cyanoloxia brissonii,Cyanoloxia brissonii,Cyanoloxia brissonii,Cyanoloxia brissonii,Cyanoloxia brissonii,Cyanoloxia brissonii,Cyanoloxia brissonii,Cyanoloxia brissonii,Cyanoloxia brissonii,Cyanoloxia,Cardinalidae,1,Bajo
609,Cyanoloxia brissonii,Cyanoloxia brissonii,Cyanoloxia brissonii,Cyanoloxia brissonii,Cyanoloxia brissonii,Cyanoloxia brissonii,Cyanoloxia brissonii,Cyanoloxia brissonii,Cyanoloxia brissonii,Cyanoloxia brissonii,Cyanoloxia brissonii,Cyanoloxia brissonii,Cyanoloxia,Cardinalidae,1,Bajo
611,Cyanoloxia brissonii,Cyanoloxia brissonii,Cyanoloxia brissonii,Cyanoloxia brissonii,Cyanoloxia brissonii,Cyanoloxia brissonii,Cyanoloxia brissonii,Cyanoloxia brissonii,Cyanoloxia brissonii,Cyanoloxia brissonii,Cyanoloxia brissonii,Cyanoloxia brissonii,Cyanoloxia,Cardinalidae,1,Bajo
612,Cyanoloxia brissonii,Cyanoloxia brissonii,Cyanoloxia brissonii,Cyanoloxia brissonii,Cyanoloxia brissonii,Cyanoloxia brissonii,Cyanoloxia brissonii,Cyanoloxia brissonii,Cyanoloxia brissonii,Cyanoloxia brissonii,Cyanoloxia brissonii,Cyanoloxia brissonii,Cyanoloxia,Cardinalidae,1,Bajo
613,Cyanoloxia brissonii,Cyanoloxia brissonii,Cyanoloxia brissonii,Cyanoloxia brissonii,Cyanoloxia brissonii,Cyanoloxia brissonii,Cyanoloxia brissonii,Habia rubica,Cyanoloxia brissonii,Cyanoloxia brissonii,Cyanoloxia brissonii,Cyanoloxia brissonii,Cyanoloxia,Cardinalidae,1,Bajo
614,Cyanoloxia brissonii,Tachyphonus coronatus,Tachyphonus coronatus,Tachyphonus coronatus,Tachyphonus coronatus,Tachyphonus coronatus,Tachyphonus coronatus,Cyanoloxia brissonii,Tachyphonus coronatus,Tachyphonus coronatus,Tachyphonus coronatus,Tachyphonus coronatus,Cyanoloxia,Cardinalidae,1,Bajo
616,Cyanoloxia brissonii,Tachyphonus coronatus,Cyanoloxia brissonii,Cyanoloxia brissonii,Cyanoloxia brissonii,Cyanoloxia brissonii,Cyanoloxia brissonii,Cyanoloxia brissonii,Cyanoloxia brissonii,Cyanoloxia brissonii,Cyanoloxia brissonii,Cyanoloxia brissonii,Cyanoloxia,Cardinalidae,1,Bajo
617,Cyanoloxia brissonii,Cyanoloxia brissonii,Cyanoloxia brissonii,Cyanoloxia brissonii,Cyanoloxia brissonii,Cyanoloxia brissonii,Cyanoloxia brissonii,Cyanoloxia brissonii,Cyanoloxia brissonii,Cyanoloxia brissonii,Cyanoloxia brissonii,Cyanoloxia brissonii,Cyanoloxia,Cardinalidae,1,Bajo
618,Cyanoloxia brissonii,Cyanoloxia brissonii,Cyanoloxia brissonii,Cyanoloxia brissonii,Cyanoloxia brissonii,Cyanoloxia brissonii,Cyanoloxia brissonii,Cyanoloxia brissonii,Cyanoloxia brissonii,Cyanoloxia brissonii,Cyanoloxia brissonii,Cyanoloxia brissonii,Cyanoloxia,Cardinalidae,1,Bajo
619,Cyanoloxia brissonii,Cyanoloxia brissonii,Cyanoloxia brissonii,Cyanoloxia brissonii,Cyanoloxia brissonii,Cyanoloxia brissonii,Cyanoloxia brissonii,Cyanoloxia brissonii,Cyanoloxia brissonii,Cyanoloxia brissonii,Cyanoloxia brissonii,Cyanoloxia brissonii,Cyanoloxia,Cardinalidae,1,Bajo
620,Cyanoloxia brissonii,Pyriglena leucoptera,Habia rubica,Habia rubica,Habia rubica,Habia rubica,Habia rubica,Pyriglena leucoptera,Habia rubica,Habia rubica,Habia rubica,Pyriglena leucoptera,Cyanoloxia,Cardinalidae,1,Bajo
621,Cyanoloxia brissonii,Cyanoloxia brissonii,Cyanoloxia brissonii,Cyanoloxia brissonii,Cyanoloxia brissonii,Cyanoloxia brissonii,Cyanoloxia brissonii,Cyanoloxia brissonii,Cyanoloxia brissonii,Cyanoloxia brissonii,Cyanoloxia brissonii,Cyanoloxia brissonii,Cyanoloxia,Cardinalidae,1,Bajo
622,Cyanoloxia brissonii,Cyanoloxia brissonii,Cyanoloxia brissonii,Cyanoloxia brissonii,Cyanoloxia brissonii,Cyanoloxia brissonii,Cyanoloxia brissonii,Cyanoloxia brissonii,Cyanoloxia brissonii,Cyanoloxia brissonii,Cyanoloxia brissonii,Cyanoloxia brissonii,Cyanoloxia,Cardinalidae,1,Bajo
624,Habia rubica,Habia rubica,Habia rubica,Habia rubica,Habia rubica,Habia rubica,Habia rubica,Habia rubica,Habia rubica,Habia rubica,Habia rubica,Habia rubica,Habia,Cardinalidae,1,Bajo
625,Habia rubica,Habia rubica,Habia rubica,Habia rubica,Habia rubica,Habia rubica,Habia rubica,Habia rubica,Habia rubica,Habia rubica,Habia rubica,Habia rubica,Habia,Cardinalidae,1,Bajo
626,Habia rubica,Biatas nigropectus,Habia rubica,Habia rubica,Biatas nigropectus,Habia rubica,Habia rubica,Habia rubica,Habia rubica,Habia rubica,Habia rubica,Habia rubica,Habia,Cardinalidae,1,Bajo
627,Habia rubica,Selenidera maculirostris,Habia rubica,Habia rubica,Habia rubica,Selenidera maculirostris,Habia rubica,Pogonotriccus eximius,Habia rubica,Habia rubica,Habia rubica,Selenidera maculirostris,Habia,Cardinalidae,1,Bajo
629,Habia rubica,Habia rubica,Habia rubica,Habia rubica,Habia rubica,Habia rubica,Habia rubica,Habia rubica,Habia rubica,Habia rubica,Habia rubica,Habia rubica,Habia,Cardinalidae,1,Bajo
630,Habia rubica,Habia rubica,Habia rubica,Habia rubica,Habia rubica,Habia rubica,Habia rubica,Habia rubica,Habia rubica,Habia rubica,Habia rubica,Habia rubica,Habia,Cardinalidae,1,Bajo
632,Habia rubica,Habia rubica,Habia rubica,Habia rubica,Habia rubica,Habia rubica,Habia rubica,Habia rubica,Habia rubica,Habia rubica,Habia rubica,Habia rubica,Habia,Cardinalidae,1,Bajo
633,Habia rubica,Habia rubica,Habia rubica,Habia rubica,Habia rubica,Habia rubica,Habia rubica,Habia rubica,Habia rubica,Habia rubica,Habia rubica,Habia rubica,Habia,Cardinalidae,1,Bajo
634,Habia rubica,Habia rubica,Habia rubica,Habia rubica,Habia rubica,Habia rubica,Habia rubica,Habia rubica,Habia rubica,Habia rubica,Habia rubica,Habia rubica,Habia,Cardinalidae,1,Bajo
635,Habia rubica,Pyriglena leucoptera,Baryphthengus ruficapillus,Baryphthengus ruficapillus,Baryphthengus ruficapillus,Baryphthengus ruficapillus,Habia rubica,Baryphthengus ruficapillus,Baryphthengus ruficapillus,Baryphthengus ruficapillus,Baryphthengus ruficapillus,Habia rubica,Habia,Cardinalidae,1,Bajo
636,Habia rubica,Habia rubica,Habia rubica,Habia rubica,Habia rubica,Habia rubica,Habia rubica,Habia rubica,Habia rubica,Habia rubica,Habia rubica,Habia rubica,Habia,Cardinalidae,1,Bajo
637,Habia rubica,Habia rubica,Habia rubica,Habia rubica,Habia rubica,Habia rubica,Habia rubica,Habia rubica,Habia rubica,Habia rubica,Habia rubica,Habia rubica,Habia,Cardinalidae,1,Bajo
639,Habia rubica,Habia rubica,Habia rubica,Habia rubica,Habia rubica,Habia rubica,Habia rubica,Habia rubica,Habia rubica,Habia rubica,Habia rubica,Habia rubica,Habia,Cardinalidae,1,Bajo
640,Habia rubica,Habia rubica,Tachyphonus coronatus,Habia rubica,Habia rubica,Habia rubica,Habia rubica,Habia rubica,Tachyphonus coronatus,Tachyphonus coronatus,Tachyphonus coronatus,Habia rubica,Habia,Cardinalidae,1,Bajo
642,Habia rubica,Habia rubica,Habia rubica,Habia rubica,Habia rubica,Habia rubica,Habia rubica,Baryphthengus ruficapillus,Habia rubica,Habia rubica,Habia rubica,Habia rubica,Habia,Cardinalidae,1,Bajo
643,Habia rubica,Habia rubica,Conopophaga lineata,Conopophaga lineata,Conopophaga lineata,Conopophaga lineata,Habia rubica,Conopophaga lineata,Conopophaga lineata,Conopophaga lineata,Conopophaga lineata,Habia rubica,Habia,Cardinalidae,1,Bajo
645,Habia rubica,Habia rubica,Habia rubica,Habia rubica,Habia rubica,Penelope superciliaris,Habia rubica,Habia rubica,Habia rubica,Habia rubica,Habia rubica,Habia rubica,Habia,Cardinalidae,1,Bajo
647,Habia rubica,Habia rubica,Habia rubica,Habia rubica,Habia rubica,Habia rubica,Habia rubica,Habia rubica,Habia rubica,Habia rubica,Habia rubica,Habia rubica,Habia,Cardinalidae,1,Bajo
648,Habia rubica,Habia rubica,Habia rubica,Habia rubica,Habia rubica,Habia rubica,Habia rubica,Habia rubica,Habia rubica,Habia rubica,Habia rubica,Habia rubica,Habia,Cardinalidae,1,Bajo
649,Habia rubica,Nyctidromus albicollis,Canis familiaris,Canis familiaris,Hydrochoerus hydrochaeris,Nyctidromus albicollis,Nyctidromus albicollis,Dasyprocta azarae,Canis familiaris,Canis familiaris,Canis familiaris,Nyctidromus albicollis,Habia,Cardinalidae,1,Bajo
650,Habia rubica,Habia rubica,Habia rubica,Habia rubica,Habia rubica,Habia rubica,Habia rubica,Habia rubica,Habia rubica,Habia rubica,Habia rubica,Habia rubica,Habia,Cardinalidae,1,Bajo
651,Habia rubica,Habia rubica,Habia rubica,Habia rubica,Habia rubica,Habia rubica,Habia rubica,Habia rubica,Habia rubica,Habia rubica,Habia rubica,Habia rubica,Habia,Cardinalidae,1,Bajo
652,Habia rubica,Habia rubica,Habia rubica,Cyanoloxia brissonii,Habia rubica,Habia rubica,Habia rubica,Tachyphonus coronatus,Habia rubica,Habia rubica,Habia rubica,Habia rubica,Habia,Cardinalidae,1,Bajo
653,Habia rubica,Habia rubica,Habia rubica,Habia rubica,Habia rubica,Habia rubica,Habia rubica,Habia rubica,Habia rubica,Habia rubica,Habia rubica,Habia rubica,Habia,Cardinalidae,1,Bajo
654,Habia rubica,Habia rubica,Tachyphonus coronatus,Habia rubica,Habia rubica,Habia rubica,Habia rubica,Habia rubica,Tachyphonus coronatus,Tachyphonus coronatus,Tachyphonus coronatus,Habia rubica,Habia,Cardinalidae,1,Bajo
657,Habia rubica,Conopophaga lineata vulgaris,Biatas nigropectus,Myiothlypis leucoblephara,Myiothlypis leucoblephara,Biatas nigropectus,Pyriglena leucoptera,Alouatta guariba clamitans,Biatas nigropectus,Biatas nigropectus,Biatas nigropectus,Conopophaga lineata vulgaris,Habia,Cardinalidae,1,Bajo
658,Habia rubica,Habia rubica,Habia rubica,Habia rubica,Habia rubica,Habia rubica,Habia rubica,Habia rubica,Habia rubica,Habia rubica,Habia rubica,Habia rubica,Habia,Cardinalidae,1,Bajo
659,Habia rubica,Habia rubica,Habia rubica,Habia rubica,Habia rubica,Habia rubica,Habia rubica,Habia rubica,Habia rubica,Habia rubica,Habia rubica,Habia rubica,Habia,Cardinalidae,1,Bajo
660,Habia rubica,Pyriglena leucoptera,Habia rubica,Habia rubica,Habia rubica,Habia rubica,Pyriglena leucoptera,Baryphthengus ruficapillus,Habia rubica,Habia rubica,Habia rubica,Pyriglena leucoptera,Habia,Cardinalidae,1,Bajo
661,Habia rubica,Habia rubica,Habia rubica,Habia rubica,Habia rubica,Habia rubica,Habia rubica,Habia rubica,Habia rubica,Habia rubica,Habia rubica,Habia rubica,Habia,Cardinalidae,1,Bajo
663,Habia rubica,Habia rubica,Habia rubica,Habia rubica,Habia rubica,Habia rubica,Habia rubica,Habia rubica,Habia rubica,Habia rubica,Habia rubica,Habia rubica,Habia,Cardinalidae,1,Bajo
664,Habia rubica,Dasyprocta azarae,Biatas nigropectus,Biatas nigropectus,Biatas nigropectus,Dasyprocta azarae,Nyctidromus albicollis,Habia rubica,Biatas nigropectus,Biatas nigropectus,Biatas nigropectus,Dasyprocta azarae,Habia,Cardinalidae,1,Bajo
665,Habia rubica,Habia rubica,Tachyphonus coronatus,Tachyphonus coronatus,Habia rubica,Habia rubica,Habia rubica,Turdus albicollis,Tachyphonus coronatus,Tachyphonus coronatus,Tachyphonus coronatus,Habia rubica,Habia,Cardinalidae,1,Bajo
666,Habia rubica,Conopophaga lineata vulgaris,Conopophaga lineata vulgaris,Conopophaga lineata,Conopophaga lineata,Conopophaga lineata,Conopophaga lineata,Conopophaga lineata,Conopophaga lineata vulgaris,Conopophaga lineata vulgaris,Conopophaga lineata vulgaris,Conopophaga lineata vulgaris,Habia,Cardinalidae,1,Bajo
669,Habia rubica,Habia rubica,Habia rubica,Habia rubica,Habia rubica,Habia rubica,Habia rubica,Habia rubica,Habia rubica,Habia rubica,Habia rubica,Habia rubica,Habia,Cardinalidae,1,Bajo
670,Habia rubica,Habia rubica,Habia rubica,Habia rubica,Habia rubica,Habia rubica,Habia rubica,Habia rubica,Habia rubica,Habia rubica,Habia rubica,Habia rubica,Habia,Cardinalidae,1,Bajo
671,Habia rubica,Habia rubica,Habia rubica,Habia rubica,Habia rubica,Habia rubica,Habia rubica,Habia rubica,Habia rubica,Habia rubica,Habia rubica,Habia rubica,Habia,Cardinalidae,1,Bajo
672,Habia rubica,Habia rubica,Habia rubica,Habia rubica,Baryphthengus ruficapillus,Habia rubica,Habia rubica,Habia rubica,Habia rubica,Habia rubica,Habia rubica,Habia rubica,Habia,Cardinalidae,1,Bajo
673,Habia rubica,Habia rubica,Habia rubica,Habia rubica,Habia rubica,Habia rubica,Habia rubica,Habia rubica,Habia rubica,Habia rubica,Habia rubica,Habia rubica,Habia,Cardinalidae,1,Bajo
674,Habia rubica,Habia rubica,Habia rubica,Habia rubica,Habia rubica,Habia rubica,Habia rubica,Pyriglena leucoptera,Habia rubica,Habia rubica,Habia rubica,Habia rubica,Habia,Cardinalidae,1,Bajo
675,Habia rubica,Habia rubica,Habia rubica,Habia rubica,Habia rubica,Habia rubica,Habia rubica,Habia rubica,Habia rubica,Habia rubica,Habia rubica,Habia rubica,Habia,Cardinalidae,1,Bajo
676,Habia rubica,Habia rubica,Habia rubica,Habia rubica,Habia rubica,Habia rubica,Habia rubica,Habia rubica,Habia rubica,Habia rubica,Habia rubica,Habia rubica,Habia,Cardinalidae,1,Bajo
677,Habia rubica,Habia rubica,Habia rubica,Habia rubica,Habia rubica,Habia rubica,Habia rubica,Conopophaga lineata,Habia rubica,Habia rubica,Habia rubica,Habia rubica,Habia,Cardinalidae,1,Bajo
678,Habia rubica,Habia rubica,Habia rubica,Habia rubica,Habia rubica,Habia rubica,Habia rubica,Habia rubica,Habia rubica,Habia rubica,Habia rubica,Habia rubica,Habia,Cardinalidae,1,Bajo
679,Habia rubica,Habia rubica,Habia rubica,Habia rubica,Habia rubica,Habia rubica,Habia rubica,Habia rubica,Habia rubica,Habia rubica,Habia rubica,Habia rubica,Habia,Cardinalidae,1,Bajo
680,Habia rubica,Habia rubica,Habia rubica,Habia rubica,Habia rubica,Habia rubica,Habia rubica,Habia rubica,Habia rubica,Habia rubica,Habia rubica,Habia rubica,Habia,Cardinalidae,1,Bajo
682,Habia rubica,Habia rubica,Habia rubica,Habia rubica,Habia rubica,Habia rubica,Habia rubica,Habia rubica,Habia rubica,Habia rubica,Habia rubica,Habia rubica,Habia,Cardinalidae,1,Bajo
683,Habia rubica,Habia rubica,Habia rubica,Habia rubica,Habia rubica,Habia rubica,Habia rubica,Habia rubica,Habia rubica,Habia rubica,Habia rubica,Habia rubica,Habia,Cardinalidae,1,Bajo
684,Habia rubica,Habia rubica,Habia rubica,Habia rubica,Habia rubica,Habia rubica,Habia rubica,Habia rubica,Habia rubica,Habia rubica,Habia rubica,Habia rubica,Habia,Cardinalidae,1,Bajo
685,Habia rubica,Habia rubica,Habia rubica,Habia rubica,Habia rubica,Habia rubica,Habia rubica,Habia rubica,Habia rubica,Habia rubica,Habia rubica,Habia rubica,Habia,Cardinalidae,1,Bajo
687,Habia rubica,Habia rubica,Habia rubica,Habia rubica,Habia rubica,Habia rubica,Habia rubica,Habia rubica,Habia rubica,Habia rubica,Habia rubica,Habia rubica,Habia,Cardinalidae,1,Bajo
688,Habia rubica,Habia rubica,Habia rubica,Habia rubica,Habia rubica,Habia rubica,Habia rubica,Habia rubica,Habia rubica,Habia rubica,Habia rubica,Habia rubica,Habia,Cardinalidae,1,Bajo
689,Habia rubica,Habia rubica,Habia rubica,Habia rubica,Habia rubica,Habia rubica,Habia rubica,Habia rubica,Habia rubica,Habia rubica,Habia rubica,Habia rubica,Habia,Cardinalidae,1,Bajo
690,Habia rubica,Habia rubica,Tachyphonus coronatus,Habia rubica,Habia rubica,Habia rubica,Habia rubica,Habia rubica,Tachyphonus coronatus,Tachyphonus coronatus,Tachyphonus coronatus,Habia rubica,Habia,Cardinalidae,1,Bajo
691,Habia rubica,Habia rubica,Habia rubica,Habia rubica,Habia rubica,Habia rubica,Habia rubica,Habia rubica,Habia rubica,Habia rubica,Habia rubica,Habia rubica,Habia,Cardinalidae,1,Bajo
692,Habia rubica,Habia rubica,Habia rubica,Habia rubica,Habia rubica,Habia rubica,Habia rubica,Habia rubica,Habia rubica,Habia rubica,Habia rubica,Habia rubica,Habia,Cardinalidae,1,Bajo
694,Hydrochoerus hydrochaeris,Hydrochoerus hydrochaeris,Hydrochoerus hydrochaeris,Hydrochoerus hydrochaeris,Hydrochoerus hydrochaeris,Hydrochoerus hydrochaeris,Hydrochoerus hydrochaeris,Hydrochoerus hydrochaeris,Hydrochoerus hydrochaeris,Hydrochoerus hydrochaeris,Hydrochoerus hydrochaeris,Hydrochoerus hydrochaeris,Hydrochoerus,Caviidae,2,Bajo
695,Hydrochoerus hydrochaeris,Hydrochoerus hydrochaeris,Hydrochoerus hydrochaeris,Hydrochoerus hydrochaeris,Hydrochoerus hydrochaeris,Hydrochoerus hydrochaeris,Hydrochoerus hydrochaeris,Hydrochoerus hydrochaeris,Hydrochoerus hydrochaeris,Hydrochoerus hydrochaeris,Hydrochoerus hydrochaeris,Hydrochoerus hydrochaeris,Hydrochoerus,Caviidae,2,Bajo
696,Hydrochoerus hydrochaeris,Sus scrofa,Sus scrofa domesticus,Hydrochoerus hydrochaeris,Sus scrofa,Hydrochoerus hydrochaeris,Hydrochoerus hydrochaeris,Hydrochoerus hydrochaeris,Sus scrofa domesticus,Sus scrofa domesticus,Sus scrofa domesticus,Sus scrofa,Hydrochoerus,Caviidae,2,Bajo
698,Hydrochoerus hydrochaeris,Sus scrofa,Hydrochoerus hydrochaeris,Hydrochoerus hydrochaeris,Hydrochoerus hydrochaeris,Sus scrofa,Sus scrofa,Hydrochoerus hydrochaeris,Hydrochoerus hydrochaeris,Hydrochoerus hydrochaeris,Hydrochoerus hydrochaeris,Sus scrofa,Hydrochoerus,Caviidae,2,Bajo
700,Hydrochoerus hydrochaeris,Galictis cuja,Galictis cuja,Galictis cuja,Galictis cuja,Sus scrofa,Galictis cuja,Lepus europaeus,Galictis cuja,Galictis cuja,Galictis cuja,Sus scrofa,Hydrochoerus,Caviidae,2,Bajo
701,Hydrochoerus hydrochaeris,Hydrochoerus hydrochaeris,Hydrochoerus hydrochaeris,Hydrochoerus hydrochaeris,Hydrochoerus hydrochaeris,Hydrochoerus hydrochaeris,Hydrochoerus hydrochaeris,Hydrochoerus hydrochaeris,Hydrochoerus hydrochaeris,Hydrochoerus hydrochaeris,Hydrochoerus hydrochaeris,Hydrochoerus hydrochaeris,Hydrochoerus,Caviidae,2,Bajo
702,Hydrochoerus hydrochaeris,Herpailurus yagouaroundi,Hydrochoerus hydrochaeris,Dasyprocta azarae,Dasyprocta azarae,Hydrochoerus hydrochaeris,Galictis cuja,Nasua nasua,Hydrochoerus hydrochaeris,Hydrochoerus hydrochaeris,Hydrochoerus hydrochaeris,Herpailurus yagouaroundi,Hydrochoerus,Caviidae,2,Bajo
705,Hydrochoerus hydrochaeris,Hydrochoerus hydrochaeris,Hydrochoerus hydrochaeris,Hydrochoerus hydrochaeris,Hydrochoerus hydrochaeris,Hydrochoerus hydrochaeris,Hydrochoerus hydrochaeris,Hydrochoerus hydrochaeris,Hydrochoerus hydrochaeris,Hydrochoerus hydrochaeris,Hydrochoerus hydrochaeris,Hydrochoerus hydrochaeris,Hydrochoerus,Caviidae,2,Bajo
707,Hydrochoerus hydrochaeris,Lontra longicaudis,Lontra longicaudis,Lontra longicaudis,Lontra longicaudis,Lontra longicaudis,Lontra longicaudis,Lontra longicaudis,Lontra longicaudis,Lontra longicaudis,Lontra longicaudis,Lontra longicaudis,Hydrochoerus,Caviidae,2,Bajo
708,Hydrochoerus hydrochaeris,Hydrochoerus hydrochaeris,Hydrochoerus hydrochaeris,Hydrochoerus hydrochaeris,Hydrochoerus hydrochaeris,Hydrochoerus hydrochaeris,Hydrochoerus hydrochaeris,Hydrochoerus hydrochaeris,Hydrochoerus hydrochaeris,Hydrochoerus hydrochaeris,Hydrochoerus hydrochaeris,Hydrochoerus hydrochaeris,Hydrochoerus,Caviidae,2,Bajo
709,Hydrochoerus hydrochaeris,Galictis cuja,Hydrochoerus hydrochaeris,Hydrochoerus hydrochaeris,Hydrochoerus hydrochaeris,Galictis cuja,Galictis cuja,Nothura maculosa,Hydrochoerus hydrochaeris,Hydrochoerus hydrochaeris,Hydrochoerus hydrochaeris,Galictis cuja,Hydrochoerus,Caviidae,2,Bajo
710,Hydrochoerus hydrochaeris,Myrmecophaga tridactyla,Hydrochoerus hydrochaeris,Hydrochoerus hydrochaeris,Panthera onca,Panthera onca,Myrmecophaga tridactyla,Lontra longicaudis,Hydrochoerus hydrochaeris,Hydrochoerus hydrochaeris,Hydrochoerus hydrochaeris,Myrmecophaga tridactyla,Hydrochoerus,Caviidae,2,Bajo
711,Hydrochoerus hydrochaeris,Hydrochoerus hydrochaeris,Hydrochoerus hydrochaeris,Hydrochoerus hydrochaeris,Hydrochoerus hydrochaeris,Hydrochoerus hydrochaeris,Hydrochoerus hydrochaeris,Hydrochoerus hydrochaeris,Hydrochoerus hydrochaeris,Hydrochoerus hydrochaeris,Hydrochoerus hydrochaeris,Hydrochoerus hydrochaeris,Hydrochoerus,Caviidae,2,Bajo
712,Hydrochoerus hydrochaeris,Hydrochoerus hydrochaeris,Hydrochoerus hydrochaeris,Hydrochoerus hydrochaeris,Hydrochoerus hydrochaeris,Hydrochoerus hydrochaeris,Hydrochoerus hydrochaeris,Hydrochoerus hydrochaeris,Hydrochoerus hydrochaeris,Hydrochoerus hydrochaeris,Hydrochoerus hydrochaeris,Hydrochoerus hydrochaeris,Hydrochoerus,Caviidae,2,Bajo
713,Hydrochoerus hydrochaeris,Hydrochoerus hydrochaeris,Hydrochoerus hydrochaeris,Hydrochoerus hydrochaeris,Hydrochoerus hydrochaeris,Hydrochoerus hydrochaeris,Hydrochoerus hydrochaeris,Hydrochoerus hydrochaeris,Hydrochoerus hydrochaeris,Hydrochoerus hydrochaeris,Hydrochoerus hydrochaeris,Hydrochoerus hydrochaeris,Hydrochoerus,Caviidae,2,Bajo
714,Hydrochoerus hydrochaeris,Hydrochoerus hydrochaeris,Hydrochoerus hydrochaeris,Hydrochoerus hydrochaeris,Hydrochoerus hydrochaeris,Hydrochoerus hydrochaeris,Hydrochoerus hydrochaeris,Hydrochoerus hydrochaeris,Hydrochoerus hydrochaeris,Hydrochoerus hydrochaeris,Hydrochoerus hydrochaeris,Hydrochoerus hydrochaeris,Hydrochoerus,Caviidae,2,Bajo
715,Hydrochoerus hydrochaeris,Hydrochoerus hydrochaeris,Hydrochoerus hydrochaeris,Hydrochoerus hydrochaeris,Hydrochoerus hydrochaeris,Hydrochoerus hydrochaeris,Hydrochoerus hydrochaeris,Hydrochoerus hydrochaeris,Hydrochoerus hydrochaeris,Hydrochoerus hydrochaeris,Hydrochoerus hydrochaeris,Hydrochoerus hydrochaeris,Hydrochoerus,Caviidae,2,Bajo
716,Hydrochoerus hydrochaeris,Hydrochoerus hydrochaeris,Hydrochoerus hydrochaeris,Hydrochoerus hydrochaeris,Hydrochoerus hydrochaeris,Hydrochoerus hydrochaeris,Hydrochoerus hydrochaeris,Hydrochoerus hydrochaeris,Hydrochoerus hydrochaeris,Hydrochoerus hydrochaeris,Hydrochoerus hydrochaeris,Hydrochoerus hydrochaeris,Hydrochoerus,Caviidae,2,Bajo
717,Hydrochoerus hydrochaeris,Hydrochoerus hydrochaeris,Hydrochoerus hydrochaeris,Hydrochoerus hydrochaeris,Hydrochoerus hydrochaeris,Hydrochoerus hydrochaeris,Hydrochoerus hydrochaeris,Hydrochoerus hydrochaeris,Hydrochoerus hydrochaeris,Hydrochoerus hydrochaeris,Hydrochoerus hydrochaeris,Hydrochoerus hydrochaeris,Hydrochoerus,Caviidae,2,Bajo
718,Hydrochoerus hydrochaeris,Hydrochoerus hydrochaeris,Hydrochoerus hydrochaeris,Hydrochoerus hydrochaeris,Hydrochoerus hydrochaeris,Hydrochoerus hydrochaeris,Hydrochoerus hydrochaeris,Hydrochoerus hydrochaeris,Hydrochoerus hydrochaeris,Hydrochoerus hydrochaeris,Hydrochoerus hydrochaeris,Hydrochoerus hydrochaeris,Hydrochoerus,Caviidae,2,Bajo
719,Hydrochoerus hydrochaeris,Hydrochoerus hydrochaeris,Hydrochoerus hydrochaeris,Hydrochoerus hydrochaeris,Hydrochoerus hydrochaeris,Hydrochoerus hydrochaeris,Hydrochoerus hydrochaeris,Hydrochoerus hydrochaeris,Hydrochoerus hydrochaeris,Hydrochoerus hydrochaeris,Hydrochoerus hydrochaeris,Hydrochoerus hydrochaeris,Hydrochoerus,Caviidae,2,Bajo
721,Hydrochoerus hydrochaeris,Hydrochoerus hydrochaeris,Hydrochoerus hydrochaeris,Hydrochoerus hydrochaeris,Hydrochoerus hydrochaeris,Hydrochoerus hydrochaeris,Hydrochoerus hydrochaeris,Hydrochoerus hydrochaeris,Hydrochoerus hydrochaeris,Hydrochoerus hydrochaeris,Hydrochoerus hydrochaeris,Hydrochoerus hydrochaeris,Hydrochoerus,Caviidae,2,Bajo
722,Hydrochoerus hydrochaeris,Hydrochoerus hydrochaeris,Hydrochoerus hydrochaeris,Hydrochoerus hydrochaeris,Hydrochoerus hydrochaeris,Hydrochoerus hydrochaeris,Hydrochoerus hydrochaeris,Hydrochoerus hydrochaeris,Hydrochoerus hydrochaeris,Hydrochoerus hydrochaeris,Hydrochoerus hydrochaeris,Hydrochoerus hydrochaeris,Hydrochoerus,Caviidae,2,Bajo
723,Hydrochoerus hydrochaeris,Hydrochoerus hydrochaeris,Hydrochoerus hydrochaeris,Hydrochoerus hydrochaeris,Hydrochoerus hydrochaeris,Hydrochoerus hydrochaeris,Hydrochoerus hydrochaeris,Hydrochoerus hydrochaeris,Hydrochoerus hydrochaeris,Hydrochoerus hydrochaeris,Hydrochoerus hydrochaeris,Hydrochoerus hydrochaeris,Hydrochoerus,Caviidae,2,Bajo
725,Hydrochoerus hydrochaeris,Hydrochoerus hydrochaeris,Hydrochoerus hydrochaeris,Hydrochoerus hydrochaeris,Hydrochoerus hydrochaeris,Hydrochoerus hydrochaeris,Hydrochoerus hydrochaeris,Hydrochoerus hydrochaeris,Hydrochoerus hydrochaeris,Hydrochoerus hydrochaeris,Hydrochoerus hydrochaeris,Hydrochoerus hydrochaeris,Hydrochoerus,Caviidae,2,Bajo
726,Hydrochoerus hydrochaeris,Hydrochoerus hydrochaeris,Hydrochoerus hydrochaeris,Hydrochoerus hydrochaeris,Hydrochoerus hydrochaeris,Hydrochoerus hydrochaeris,Hydrochoerus hydrochaeris,Hydrochoerus hydrochaeris,Hydrochoerus hydrochaeris,Hydrochoerus hydrochaeris,Hydrochoerus hydrochaeris,Hydrochoerus hydrochaeris,Hydrochoerus,Caviidae,2,Bajo
727,Hydrochoerus hydrochaeris,Hydrochoerus hydrochaeris,Hydrochoerus hydrochaeris,Hydrochoerus hydrochaeris,Hydrochoerus hydrochaeris,Hydrochoerus hydrochaeris,Hydrochoerus hydrochaeris,Hydrochoerus hydrochaeris,Hydrochoerus hydrochaeris,Hydrochoerus hydrochaeris,Hydrochoerus hydrochaeris,Hydrochoerus hydrochaeris,Hydrochoerus,Caviidae,2,Bajo
728,Hydrochoerus hydrochaeris,Hydrochoerus hydrochaeris,Hydrochoerus hydrochaeris,Hydrochoerus hydrochaeris,Hydrochoerus hydrochaeris,Hydrochoerus hydrochaeris,Hydrochoerus hydrochaeris,Hydrochoerus hydrochaeris,Hydrochoerus hydrochaeris,Hydrochoerus hydrochaeris,Hydrochoerus hydrochaeris,Hydrochoerus hydrochaeris,Hydrochoerus,Caviidae,2,Bajo
729,Hydrochoerus hydrochaeris,Hydrochoerus hydrochaeris,Sus scrofa,Herpailurus yagouaroundi,Hydrochoerus hydrochaeris,Hydrochoerus hydrochaeris,Galictis cuja,Lycalopex gymnocerca,Sus scrofa,Sus scrofa,Sus scrofa,Hydrochoerus hydrochaeris,Hydrochoerus,Caviidae,2,Bajo
730,Hydrochoerus hydrochaeris,Hydrochoerus hydrochaeris,Hydrochoerus hydrochaeris,Hydrochoerus hydrochaeris,Hydrochoerus hydrochaeris,Hydrochoerus hydrochaeris,Hydrochoerus hydrochaeris,Hydrochoerus hydrochaeris,Hydrochoerus hydrochaeris,Hydrochoerus hydrochaeris,Hydrochoerus hydrochaeris,Hydrochoerus hydrochaeris,Hydrochoerus,Caviidae,2,Bajo
731,Hydrochoerus hydrochaeris,Hydrochoerus hydrochaeris,Hydrochoerus hydrochaeris,Hydrochoerus hydrochaeris,Hydrochoerus hydrochaeris,Hydrochoerus hydrochaeris,Hydrochoerus hydrochaeris,Hydrochoerus hydrochaeris,Hydrochoerus hydrochaeris,Hydrochoerus hydrochaeris,Hydrochoerus hydrochaeris,Hydrochoerus hydrochaeris,Hydrochoerus,Caviidae,2,Bajo
732,Hydrochoerus hydrochaeris,Hydrochoerus hydrochaeris,Hydrochoerus hydrochaeris,Hydrochoerus hydrochaeris,Hydrochoerus hydrochaeris,Hydrochoerus hydrochaeris,Hydrochoerus hydrochaeris,Hydrochoerus hydrochaeris,Hydrochoerus hydrochaeris,Hydrochoerus hydrochaeris,Hydrochoerus hydrochaeris,Hydrochoerus hydrochaeris,Hydrochoerus,Caviidae,2,Bajo
733,Hydrochoerus hydrochaeris,Hydrochoerus hydrochaeris,Hydrochoerus hydrochaeris,Hydrochoerus hydrochaeris,Hydrochoerus hydrochaeris,Hydrochoerus hydrochaeris,Hydrochoerus hydrochaeris,Lontra longicaudis,Hydrochoerus hydrochaeris,Hydrochoerus hydrochaeris,Hydrochoerus hydrochaeris,Hydrochoerus hydrochaeris,Hydrochoerus,Caviidae,2,Bajo
734,Hydrochoerus hydrochaeris,Lontra longicaudis,Hydrochoerus hydrochaeris,Hydrochoerus hydrochaeris,Hydrochoerus hydrochaeris,Hydrochoerus hydrochaeris,Lontra longicaudis,Myrmecophaga tridactyla,Hydrochoerus hydrochaeris,Hydrochoerus hydrochaeris,Hydrochoerus hydrochaeris,Hydrochoerus hydrochaeris,Hydrochoerus,Caviidae,2,Bajo
735,Hydrochoerus hydrochaeris,Hydrochoerus hydrochaeris,Tapirus terrestris,Hydrochoerus hydrochaeris,Hydrochoerus hydrochaeris,Hydrochoerus hydrochaeris,Hydrochoerus hydrochaeris,Hydrochoerus hydrochaeris,Tapirus terrestris,Tapirus terrestris,Tapirus terrestris,Hydrochoerus hydrochaeris,Hydrochoerus,Caviidae,2,Bajo
736,Hydrochoerus hydrochaeris,Hydrochoerus hydrochaeris,Hydrochoerus hydrochaeris,Hydrochoerus hydrochaeris,Hydrochoerus hydrochaeris,Hydrochoerus hydrochaeris,Hydrochoerus hydrochaeris,Hydrochoerus hydrochaeris,Hydrochoerus hydrochaeris,Hydrochoerus hydrochaeris,Hydrochoerus hydrochaeris,Hydrochoerus hydrochaeris,Hydrochoerus,Caviidae,2,Bajo
737,Hydrochoerus hydrochaeris,Hydrochoerus hydrochaeris,Hydrochoerus hydrochaeris,Hydrochoerus hydrochaeris,Hydrochoerus hydrochaeris,Hydrochoerus hydrochaeris,Hydrochoerus hydrochaeris,Hydrochoerus hydrochaeris,Hydrochoerus hydrochaeris,Hydrochoerus hydrochaeris,Hydrochoerus hydrochaeris,Hydrochoerus hydrochaeris,Hydrochoerus,Caviidae,2,Bajo
738,Hydrochoerus hydrochaeris,Hydrochoerus hydrochaeris,Hydrochoerus hydrochaeris,Hydrochoerus hydrochaeris,Hydrochoerus hydrochaeris,Hydrochoerus hydrochaeris,Hydrochoerus hydrochaeris,Hydrochoerus hydrochaeris,Hydrochoerus hydrochaeris,Hydrochoerus hydrochaeris,Hydrochoerus hydrochaeris,Hydrochoerus hydrochaeris,Hydrochoerus,Caviidae,2,Bajo
740,Hydrochoerus hydrochaeris,Sus scrofa,Sus scrofa,Hydrochoerus hydrochaeris,Hydrochoerus hydrochaeris,Hydrochoerus hydrochaeris,Sus scrofa,Lepus europaeus,Sus scrofa,Sus scrofa,Sus scrofa,Sus scrofa,Hydrochoerus,Caviidae,2,Bajo
741,Hydrochoerus hydrochaeris,Hydrochoerus hydrochaeris,Hydrochoerus hydrochaeris,Hydrochoerus hydrochaeris,Hydrochoerus hydrochaeris,Hydrochoerus hydrochaeris,Hydrochoerus hydrochaeris,Hydrochoerus hydrochaeris,Hydrochoerus hydrochaeris,Hydrochoerus hydrochaeris,Hydrochoerus hydrochaeris,Hydrochoerus hydrochaeris,Hydrochoerus,Caviidae,2,Bajo
742,Hydrochoerus hydrochaeris,Herpailurus yagouaroundi,Hydrochoerus hydrochaeris,Hydrochoerus hydrochaeris,Hydrochoerus hydrochaeris,Hydrochoerus hydrochaeris,Lepus europaeus,Alouatta guariba clamitans,Hydrochoerus hydrochaeris,Hydrochoerus hydrochaeris,Hydrochoerus hydrochaeris,Herpailurus yagouaroundi,Hydrochoerus,Caviidae,2,Bajo
743,Hydrochoerus hydrochaeris,Hydrochoerus hydrochaeris,Hydrochoerus hydrochaeris,Hydrochoerus hydrochaeris,Hydrochoerus hydrochaeris,Hydrochoerus hydrochaeris,Hydrochoerus hydrochaeris,Hydrochoerus hydrochaeris,Hydrochoerus hydrochaeris,Hydrochoerus hydrochaeris,Hydrochoerus hydrochaeris,Hydrochoerus hydrochaeris,Hydrochoerus,Caviidae,2,Bajo
744,Hydrochoerus hydrochaeris,Hydrochoerus hydrochaeris,Hydrochoerus hydrochaeris,Hydrochoerus hydrochaeris,Hydrochoerus hydrochaeris,Hydrochoerus hydrochaeris,Hydrochoerus hydrochaeris,Hydrochoerus hydrochaeris,Hydrochoerus hydrochaeris,Hydrochoerus hydrochaeris,Hydrochoerus hydrochaeris,Hydrochoerus hydrochaeris,Hydrochoerus,Caviidae,2,Bajo
745,Hydrochoerus hydrochaeris,Hydrochoerus hydrochaeris,Hydrochoerus hydrochaeris,Hydrochoerus hydrochaeris,Hydrochoerus hydrochaeris,Hydrochoerus hydrochaeris,Hydrochoerus hydrochaeris,Hydrochoerus hydrochaeris,Hydrochoerus hydrochaeris,Hydrochoerus hydrochaeris,Hydrochoerus hydrochaeris,Hydrochoerus hydrochaeris,Hydrochoerus,Caviidae,2,Bajo
746,Hydrochoerus hydrochaeris,Hydrochoerus hydrochaeris,Hydrochoerus hydrochaeris,Hydrochoerus hydrochaeris,Hydrochoerus hydrochaeris,Hydrochoerus hydrochaeris,Hydrochoerus hydrochaeris,Hydrochoerus hydrochaeris,Hydrochoerus hydrochaeris,Hydrochoerus hydrochaeris,Hydrochoerus hydrochaeris,Hydrochoerus hydrochaeris,Hydrochoerus,Caviidae,2,Bajo
747,Hydrochoerus hydrochaeris,Hydrochoerus hydrochaeris,Hydrochoerus hydrochaeris,Hydrochoerus hydrochaeris,Hydrochoerus hydrochaeris,Hydrochoerus hydrochaeris,Hydrochoerus hydrochaeris,Hydrochoerus hydrochaeris,Hydrochoerus hydrochaeris,Hydrochoerus hydrochaeris,Hydrochoerus hydrochaeris,Hydrochoerus hydrochaeris,Hydrochoerus,Caviidae,2,Bajo
749,Hydrochoerus hydrochaeris,Hydrochoerus hydrochaeris,Hydrochoerus hydrochaeris,Hydrochoerus hydrochaeris,Hydrochoerus hydrochaeris,Hydrochoerus hydrochaeris,Hydrochoerus hydrochaeris,Hydrochoerus hydrochaeris,Hydrochoerus hydrochaeris,Hydrochoerus hydrochaeris,Hydrochoerus hydrochaeris,Hydrochoerus hydrochaeris,Hydrochoerus,Caviidae,2,Bajo
750,Hydrochoerus hydrochaeris,Hydrochoerus hydrochaeris,Hydrochoerus hydrochaeris,Hydrochoerus hydrochaeris,Hydrochoerus hydrochaeris,Hydrochoerus hydrochaeris,Hydrochoerus hydrochaeris,Hydrochoerus hydrochaeris,Hydrochoerus hydrochaeris,Hydrochoerus hydrochaeris,Hydrochoerus hydrochaeris,Hydrochoerus hydrochaeris,Hydrochoerus,Caviidae,2,Bajo
751,Hydrochoerus hydrochaeris,Canis familiaris,Dasypus novemcinctus,Canis familiaris,Canis familiaris,Lontra longicaudis,Lontra longicaudis,Pecari tajacu,Dasypus novemcinctus,Dasypus novemcinctus,Dasypus novemcinctus,Canis familiaris,Hydrochoerus,Caviidae,2,Bajo
754,Hydrochoerus hydrochaeris,Herpailurus yagouaroundi,Herpailurus yagouaroundi,Dasyprocta azarae,Dasyprocta azarae,Salvator merianae,Galictis cuja,Salvator merianae,Herpailurus yagouaroundi,Herpailurus yagouaroundi,Herpailurus yagouaroundi,Herpailurus yagouaroundi,Hydrochoerus,Caviidae,2,Bajo
755,Hydrochoerus hydrochaeris,Lontra longicaudis,Lontra longicaudis,Lontra longicaudis,Hydrochoerus hydrochaeris,Euphractus sexcinctus,Lontra longicaudis,Lontra longicaudis,Lontra longicaudis,Lontra longicaudis,Lontra longicaudis,Hydrochoerus hydrochaeris,Hydrochoerus,Caviidae,2,Bajo
756,Hydrochoerus hydrochaeris,Hydrochoerus hydrochaeris,Hydrochoerus hydrochaeris,Hydrochoerus hydrochaeris,Hydrochoerus hydrochaeris,Hydrochoerus hydrochaeris,Hydrochoerus hydrochaeris,Galictis cuja,Hydrochoerus hydrochaeris,Hydrochoerus hydrochaeris,Hydrochoerus hydrochaeris,Hydrochoerus hydrochaeris,Hydrochoerus,Caviidae,2,Bajo
757,Hydrochoerus hydrochaeris,Hydrochoerus hydrochaeris,Hydrochoerus hydrochaeris,Hydrochoerus hydrochaeris,Hydrochoerus hydrochaeris,Hydrochoerus hydrochaeris,Hydrochoerus hydrochaeris,Hydrochoerus hydrochaeris,Hydrochoerus hydrochaeris,Hydrochoerus hydrochaeris,Hydrochoerus hydrochaeris,Hydrochoerus hydrochaeris,Hydrochoerus,Caviidae,2,Bajo
758,Hydrochoerus hydrochaeris,Hydrochoerus hydrochaeris,Hydrochoerus hydrochaeris,Hydrochoerus hydrochaeris,Hydrochoerus hydrochaeris,Hydrochoerus hydrochaeris,Hydrochoerus hydrochaeris,Hydrochoerus hydrochaeris,Hydrochoerus hydrochaeris,Hydrochoerus hydrochaeris,Hydrochoerus hydrochaeris,Hydrochoerus hydrochaeris,Hydrochoerus,Caviidae,2,Bajo
759,Hydrochoerus hydrochaeris,Lontra longicaudis,Hydrochoerus hydrochaeris,Hydrochoerus hydrochaeris,Hydrochoerus hydrochaeris,Lontra longicaudis,Lontra longicaudis,Hydrochoerus hydrochaeris,Hydrochoerus hydrochaeris,Hydrochoerus hydrochaeris,Hydrochoerus hydrochaeris,Lontra longicaudis,Hydrochoerus,Caviidae,2,Bajo
761,Sapajus nigritus,Sapajus nigritus,Sapajus nigritus,Sapajus nigritus,Sapajus nigritus,Sapajus nigritus,Sapajus nigritus,Sapajus nigritus,Sapajus nigritus,Sapajus nigritus,Sapajus nigritus,Sapajus nigritus,Sapajus,Cebidae,3,Medio
762,Sapajus nigritus,Sapajus nigritus,Sapajus nigritus,Sapajus nigritus,Sapajus nigritus,Sapajus nigritus,Sapajus nigritus,Sapajus nigritus,Sapajus nigritus,Sapajus nigritus,Sapajus nigritus,Sapajus nigritus,Sapajus,Cebidae,3,Medio
763,Sapajus nigritus,Sapajus nigritus,Sapajus nigritus,Sapajus nigritus,Sapajus nigritus,Sapajus nigritus,Sapajus nigritus,Sapajus nigritus,Sapajus nigritus,Sapajus nigritus,Sapajus nigritus,Sapajus nigritus,Sapajus,Cebidae,3,Medio
764,Sapajus nigritus,Sapajus nigritus,Sapajus nigritus,Sapajus nigritus,Sapajus nigritus,Sapajus nigritus,Sapajus nigritus,Sapajus nigritus,Sapajus nigritus,Sapajus nigritus,Sapajus nigritus,Sapajus nigritus,Sapajus,Cebidae,3,Medio
766,Sapajus nigritus,Sapajus nigritus,Sapajus nigritus,Sapajus nigritus,Sapajus nigritus,Sapajus nigritus,Sapajus nigritus,Sapajus nigritus,Sapajus nigritus,Sapajus nigritus,Sapajus nigritus,Sapajus nigritus,Sapajus,Cebidae,3,Medio
768,Sapajus nigritus,Sapajus nigritus,Amazona vinacea,Amazona vinacea,Alouatta caraya,Sapajus nigritus,Sapajus nigritus,Sapajus nigritus,Amazona vinacea,Amazona vinacea,Amazona vinacea,Sapajus nigritus,Sapajus,Cebidae,3,Medio
769,Sapajus nigritus,Sapajus nigritus,Sapajus nigritus,Sapajus nigritus,Sapajus nigritus,Sapajus nigritus,Sapajus nigritus,Sapajus nigritus,Sapajus nigritus,Sapajus nigritus,Sapajus nigritus,Sapajus nigritus,Sapajus,Cebidae,3,Medio
770,Sapajus nigritus,Sapajus nigritus,Sapajus nigritus,Sapajus nigritus,Sapajus nigritus,Sapajus nigritus,Sapajus nigritus,Sapajus nigritus,Sapajus nigritus,Sapajus nigritus,Sapajus nigritus,Sapajus nigritus,Sapajus,Cebidae,3,Medio
771,Sapajus nigritus,Sapajus nigritus,Sapajus nigritus,Sapajus nigritus,Sapajus nigritus,Sapajus nigritus,Sapajus nigritus,Sapajus nigritus,Sapajus nigritus,Sapajus nigritus,Sapajus nigritus,Sapajus nigritus,Sapajus,Cebidae,3,Medio
772,Sapajus nigritus,Sapajus nigritus,Sapajus nigritus,Sapajus nigritus,Sapajus nigritus,Sapajus nigritus,Sapajus nigritus,Alouatta caraya,Sapajus nigritus,Sapajus nigritus,Sapajus nigritus,Sapajus nigritus,Sapajus,Cebidae,3,Medio
774,Sapajus nigritus,Sapajus nigritus,Sapajus nigritus,Sapajus nigritus,Sapajus nigritus,Sapajus nigritus,Sapajus nigritus,Sapajus nigritus,Sapajus nigritus,Sapajus nigritus,Sapajus nigritus,Sapajus nigritus,Sapajus,Cebidae,3,Medio
775,Sapajus nigritus,Sapajus nigritus,Sapajus nigritus,Sapajus nigritus,Sapajus nigritus,Sapajus nigritus,Sapajus nigritus,Sapajus nigritus,Sapajus nigritus,Sapajus nigritus,Sapajus nigritus,Sapajus nigritus,Sapajus,Cebidae,3,Medio
776,Sapajus nigritus,Sapajus nigritus,Alouatta guariba,Alouatta guariba,Sapajus nigritus,Sapajus nigritus,Sapajus nigritus,Alouatta guariba clamitans,Alouatta guariba,Alouatta guariba,Alouatta guariba,Sapajus nigritus,Sapajus,Cebidae,3,Medio
777,Sapajus nigritus,Sapajus nigritus,Sapajus nigritus,Sapajus nigritus,Sapajus nigritus,Sapajus nigritus,Sapajus nigritus,Sapajus nigritus,Sapajus nigritus,Sapajus nigritus,Sapajus nigritus,Sapajus nigritus,Sapajus,Cebidae,3,Medio
779,Sapajus nigritus,Sapajus nigritus,Sapajus nigritus,Sapajus nigritus,Sapajus nigritus,Sapajus nigritus,Sapajus nigritus,Sapajus nigritus,Sapajus nigritus,Sapajus nigritus,Sapajus nigritus,Sapajus nigritus,Sapajus,Cebidae,3,Medio
780,Sapajus nigritus,Sapajus nigritus,Sapajus nigritus,Sapajus nigritus,Sapajus nigritus,Sapajus nigritus,Sapajus nigritus,Sapajus nigritus,Sapajus nigritus,Sapajus nigritus,Sapajus nigritus,Sapajus nigritus,Sapajus,Cebidae,3,Medio
781,Sapajus nigritus,Tamandua tetradactyla,Sus scrofa,Alouatta caraya,Alouatta caraya,Alouatta guariba,Alouatta caraya,Myrmecophaga tridactyla,Sus scrofa,Sus scrofa,Sus scrofa,Tamandua tetradactyla,Sapajus,Cebidae,3,Medio
783,Sapajus nigritus,Sapajus nigritus,Sapajus nigritus,Sapajus nigritus,Sapajus nigritus,Sapajus nigritus,Sapajus nigritus,Sapajus nigritus,Sapajus nigritus,Sapajus nigritus,Sapajus nigritus,Sapajus nigritus,Sapajus,Cebidae,3,Medio
784,Sapajus nigritus,Sapajus nigritus,Sapajus nigritus,Sapajus nigritus,Sapajus nigritus,Sapajus nigritus,Sapajus nigritus,Sapajus nigritus,Sapajus nigritus,Sapajus nigritus,Sapajus nigritus,Sapajus nigritus,Sapajus,Cebidae,3,Medio
785,Sapajus nigritus,Sapajus nigritus,Sapajus nigritus,Sapajus nigritus,Sapajus nigritus,Sapajus nigritus,Sapajus nigritus,Sapajus nigritus,Sapajus nigritus,Sapajus nigritus,Sapajus nigritus,Sapajus nigritus,Sapajus,Cebidae,3,Medio
787,Sapajus nigritus,Sapajus nigritus,Sapajus nigritus,Sapajus nigritus,Sapajus nigritus,Sapajus nigritus,Sapajus nigritus,Sapajus nigritus,Sapajus nigritus,Sapajus nigritus,Sapajus nigritus,Sapajus nigritus,Sapajus,Cebidae,3,Medio
788,Sapajus nigritus,Tamandua tetradactyla,Alouatta guariba clamitans,Alouatta guariba clamitans,Didelphis albiventris,Didelphis albiventris,Tamandua tetradactyla,Canis familiaris,Alouatta guariba clamitans,Alouatta guariba clamitans,Alouatta guariba clamitans,Tamandua tetradactyla,Sapajus,Cebidae,3,Medio
789,Sapajus nigritus,Sapajus nigritus,Sapajus nigritus,Sapajus nigritus,Sapajus nigritus,Sapajus nigritus,Sapajus nigritus,Nasua nasua,Sapajus nigritus,Sapajus nigritus,Sapajus nigritus,Sapajus nigritus,Sapajus,Cebidae,3,Medio
790,Sapajus nigritus,Sapajus nigritus,Sapajus nigritus,Sapajus nigritus,Sapajus nigritus,Sapajus nigritus,Sapajus nigritus,Sapajus nigritus,Sapajus nigritus,Sapajus nigritus,Sapajus nigritus,Sapajus nigritus,Sapajus,Cebidae,3,Medio
791,Sapajus nigritus,Sapajus nigritus,Alouatta guariba clamitans,Alouatta guariba clamitans,Alouatta caraya,Sapajus nigritus,Sapajus nigritus,Sapajus nigritus,Alouatta guariba clamitans,Alouatta guariba clamitans,Alouatta guariba clamitans,Sapajus nigritus,Sapajus,Cebidae,3,Medio
792,Sapajus nigritus,Sapajus nigritus,Sapajus nigritus,Sapajus nigritus,Sapajus nigritus,Sapajus nigritus,Sapajus nigritus,Sapajus nigritus,Sapajus nigritus,Sapajus nigritus,Sapajus nigritus,Sapajus nigritus,Sapajus,Cebidae,3,Medio
794,Sapajus nigritus,Sapajus nigritus,Sapajus nigritus,Sapajus nigritus,Sapajus nigritus,Sapajus nigritus,Sapajus nigritus,Sapajus nigritus,Sapajus nigritus,Sapajus nigritus,Sapajus nigritus,Sapajus nigritus,Sapajus,Cebidae,3,Medio
795,Sapajus nigritus,Sapajus nigritus,Sapajus nigritus,Sapajus nigritus,Sapajus nigritus,Sapajus nigritus,Sapajus nigritus,Sapajus nigritus,Sapajus nigritus,Sapajus nigritus,Sapajus nigritus,Sapajus nigritus,Sapajus,Cebidae,3,Medio
796,Sapajus nigritus,Sapajus nigritus,Brotogeris chiriri,Brotogeris chiriri,Didelphis albiventris,Sapajus nigritus,Sapajus nigritus,Amazona vinacea,Brotogeris chiriri,Brotogeris chiriri,Brotogeris chiriri,Brotogeris chiriri,Sapajus,Cebidae,3,Medio
799,Sapajus nigritus,Sapajus nigritus,Sapajus nigritus,Sapajus nigritus,Sapajus nigritus,Sapajus nigritus,Sapajus nigritus,Sapajus nigritus,Sapajus nigritus,Sapajus nigritus,Sapajus nigritus,Sapajus nigritus,Sapajus,Cebidae,3,Medio
800,Sapajus nigritus,Didelphis albiventris,Didelphis albiventris,Dasypus novemcinctus,Dasypus novemcinctus,Cyanocorax chrysops,Didelphis albiventris,Salvator merianae,Didelphis albiventris,Didelphis albiventris,Didelphis albiventris,Didelphis albiventris,Sapajus,Cebidae,3,Medio
801,Sapajus nigritus,Sapajus nigritus,Sapajus nigritus,Sapajus nigritus,Sapajus nigritus,Sapajus nigritus,Sapajus nigritus,Alouatta caraya,Sapajus nigritus,Sapajus nigritus,Sapajus nigritus,Sapajus nigritus,Sapajus,Cebidae,3,Medio
802,Sapajus nigritus,Sapajus nigritus,Sapajus nigritus,Sapajus nigritus,Sapajus nigritus,Sapajus nigritus,Sapajus nigritus,Sapajus nigritus,Sapajus nigritus,Sapajus nigritus,Sapajus nigritus,Sapajus nigritus,Sapajus,Cebidae,3,Medio
803,Sapajus nigritus,Sapajus nigritus,Sapajus nigritus,Sapajus nigritus,Sapajus nigritus,Sapajus nigritus,Sapajus nigritus,Alouatta guariba clamitans,Sapajus nigritus,Sapajus nigritus,Sapajus nigritus,Sapajus nigritus,Sapajus,Cebidae,3,Medio
804,Sapajus nigritus,Sapajus nigritus,Eira barbara,Alouatta caraya,Sapajus nigritus,Eira barbara,Sapajus nigritus,Eira barbara,Eira barbara,Eira barbara,Eira barbara,Eira barbara,Sapajus,Cebidae,3,Medio
805,Sapajus nigritus,Sapajus nigritus,Sapajus nigritus,Sapajus nigritus,Sapajus nigritus,Sapajus nigritus,Sapajus nigritus,Sapajus nigritus,Sapajus nigritus,Sapajus nigritus,Sapajus nigritus,Sapajus nigritus,Sapajus,Cebidae,3,Medio
806,Sapajus nigritus,Sapajus nigritus,Sapajus nigritus,Sapajus nigritus,Sapajus nigritus,Sapajus nigritus,Sapajus nigritus,Sapajus nigritus,Sapajus nigritus,Sapajus nigritus,Sapajus nigritus,Sapajus nigritus,Sapajus,Cebidae,3,Medio
807,Sapajus nigritus,Sapajus nigritus,Sapajus nigritus,Sapajus nigritus,Sapajus nigritus,Eira barbara,Sapajus nigritus,Sapajus nigritus,Sapajus nigritus,Sapajus nigritus,Sapajus nigritus,Sapajus nigritus,Sapajus,Cebidae,3,Medio
808,Sapajus nigritus,Sapajus nigritus,Sapajus nigritus,Sapajus nigritus,Sapajus nigritus,Sapajus nigritus,Sapajus nigritus,Alouatta caraya,Sapajus nigritus,Sapajus nigritus,Sapajus nigritus,Sapajus nigritus,Sapajus,Cebidae,3,Medio
810,Sapajus nigritus,Alouatta caraya,Alouatta guariba,Alouatta guariba,Alouatta caraya,Strix hylophila,Alouatta caraya,Didelphis albiventris,Alouatta guariba,Alouatta guariba,Alouatta guariba,Alouatta guariba,Sapajus,Cebidae,3,Medio
812,Sapajus nigritus,Sapajus nigritus,Sapajus nigritus,Sapajus nigritus,Sapajus nigritus,Sapajus nigritus,Sapajus nigritus,Sapajus nigritus,Sapajus nigritus,Sapajus nigritus,Sapajus nigritus,Sapajus nigritus,Sapajus,Cebidae,3,Medio
813,Sapajus nigritus,Herpailurus yagouaroundi,Sus scrofa,Herpailurus yagouaroundi,Alouatta caraya,Herpailurus yagouaroundi,Galictis cuja,Mackenziaena severa,Sus scrofa,Sus scrofa,Sus scrofa,Herpailurus yagouaroundi,Sapajus,Cebidae,3,Medio
816,Sapajus nigritus,Alouatta guariba,Alouatta guariba,Alouatta guariba clamitans,Alouatta guariba,Sapajus nigritus,Sapajus nigritus,Alouatta guariba,Alouatta guariba,Alouatta guariba,Alouatta guariba,Alouatta guariba,Sapajus,Cebidae,3,Medio
817,Sapajus nigritus,Sapajus nigritus,Sapajus nigritus,Sapajus nigritus,Sapajus nigritus,Sapajus nigritus,Sapajus nigritus,Sapajus nigritus,Sapajus nigritus,Sapajus nigritus,Sapajus nigritus,Sapajus nigritus,Sapajus,Cebidae,3,Medio
818,Sapajus nigritus,Sapajus nigritus,Leptotila verreauxi,Leptotila verreauxi,Leptotila rufaxilla,Leptotila rufaxilla,Sapajus nigritus,Leptotila verreauxi,Leptotila verreauxi,Leptotila verreauxi,Leptotila verreauxi,Leptotila verreauxi,Sapajus,Cebidae,3,Medio
819,Sapajus nigritus,Sapajus nigritus,Sapajus nigritus,Sapajus nigritus,Sapajus nigritus,Sapajus nigritus,Sapajus nigritus,Sapajus nigritus,Sapajus nigritus,Sapajus nigritus,Sapajus nigritus,Sapajus nigritus,Sapajus,Cebidae,3,Medio
820,Sapajus nigritus,Sapajus nigritus,Sapajus nigritus,Sapajus nigritus,Sapajus nigritus,Sapajus nigritus,Sapajus nigritus,Sapajus nigritus,Sapajus nigritus,Sapajus nigritus,Sapajus nigritus,Sapajus nigritus,Sapajus,Cebidae,3,Medio
821,Sapajus nigritus,Sapajus nigritus,Alouatta guariba,Alouatta guariba,Sapajus nigritus,Sapajus nigritus,Sapajus nigritus,Biatas nigropectus,Alouatta guariba,Alouatta guariba,Alouatta guariba,Sapajus nigritus,Sapajus,Cebidae,3,Medio
822,Sapajus nigritus,Sapajus nigritus,Sapajus nigritus,Sapajus nigritus,Sapajus nigritus,Sapajus nigritus,Sapajus nigritus,Sapajus nigritus,Sapajus nigritus,Sapajus nigritus,Sapajus nigritus,Sapajus nigritus,Sapajus,Cebidae,3,Medio
823,Sapajus nigritus,Sapajus nigritus,Sapajus nigritus,Sapajus nigritus,Sapajus nigritus,Sapajus nigritus,Sapajus nigritus,Sapajus nigritus,Sapajus nigritus,Sapajus nigritus,Sapajus nigritus,Sapajus nigritus,Sapajus,Cebidae,3,Medio
824,Sapajus nigritus,Sapajus nigritus,Sapajus nigritus,Sapajus nigritus,Sapajus nigritus,Sapajus nigritus,Sapajus nigritus,Sapajus nigritus,Sapajus nigritus,Sapajus nigritus,Sapajus nigritus,Sapajus nigritus,Sapajus,Cebidae,3,Medio
826,Sapajus nigritus,Sapajus nigritus,Sapajus nigritus,Sapajus nigritus,Sapajus nigritus,Sapajus nigritus,Sapajus nigritus,Sapajus nigritus,Sapajus nigritus,Sapajus nigritus,Sapajus nigritus,Sapajus nigritus,Sapajus,Cebidae,3,Medio
827,Sapajus nigritus,Sapajus nigritus,Sapajus nigritus,Sapajus nigritus,Sapajus nigritus,Sapajus nigritus,Sapajus nigritus,Sapajus nigritus,Sapajus nigritus,Sapajus nigritus,Sapajus nigritus,Sapajus nigritus,Sapajus,Cebidae,3,Medio
828,Sapajus nigritus,Sapajus nigritus,Sapajus nigritus,Sapajus nigritus,Sapajus nigritus,Sapajus nigritus,Sapajus nigritus,Sapajus nigritus,Sapajus nigritus,Sapajus nigritus,Sapajus nigritus,Sapajus nigritus,Sapajus,Cebidae,3,Medio
829,Sapajus nigritus,Sapajus nigritus,Sapajus nigritus,Sapajus nigritus,Sapajus nigritus,Sapajus nigritus,Sapajus nigritus,Sapajus nigritus,Sapajus nigritus,Sapajus nigritus,Sapajus nigritus,Sapajus nigritus,Sapajus,Cebidae,3,Medio
830,Sapajus nigritus,Alouatta caraya,Alouatta guariba clamitans,Alouatta caraya,Alouatta caraya,Alouatta caraya,Alouatta caraya,Alouatta caraya,Alouatta guariba clamitans,Alouatta guariba clamitans,Alouatta guariba clamitans,Alouatta caraya,Sapajus,Cebidae,3,Medio
833,Axis axis,Axis axis,Axis axis,Axis axis,Subulo gouazoubira,Axis axis,Subulo gouazoubira,Mazama nanus,Axis axis,Axis axis,Axis axis,Axis axis,Axis,Cervidae,0,Exótica/Invasora
834,Axis axis,Herpailurus yagouaroundi,Myiothlypis leucoblephara,Myiothlypis leucoblephara,Mackenziaena leachii,Myiothlypis leucoblephara,Lontra longicaudis,Dasypus novemcinctus,Myiothlypis leucoblephara,Myiothlypis leucoblephara,Myiothlypis leucoblephara,Cuniculus paca,Axis,Cervidae,0,Exótica/Invasora
835,Axis axis,Axis axis,Axis axis,Axis axis,Axis axis,Axis axis,Subulo gouazoubira,Axis axis,Axis axis,Axis axis,Axis axis,Axis axis,Axis,Cervidae,0,Exótica/Invasora
836,Axis axis,Axis axis,Axis axis,Axis axis,Axis axis,Axis axis,Subulo gouazoubira,Subulo gouazoubira,Axis axis,Axis axis,Axis axis,Axis axis,Axis,Cervidae,0,Exótica/Invasora
837,Axis axis,Lepus europaeus,Lepus europaeus,Axis axis,Axis axis,Lepus europaeus,Lepus europaeus,Lepus europaeus,Lepus europaeus,Lepus europaeus,Lepus europaeus,Axis axis,Axis,Cervidae,0,Exótica/Invasora
838,Axis axis,Axis axis,Axis axis,Axis axis,Axis axis,Axis axis,Lepus europaeus,Sylvilagus brasiliensis,Axis axis,Axis axis,Axis axis,Axis axis,Axis,Cervidae,0,Exótica/Invasora
839,Axis axis,Canis familiaris,Axis axis,Axis axis,Axis axis,Canis familiaris,Myrmecophaga tridactyla,Subulo gouazoubira,Axis axis,Axis axis,Axis axis,Axis axis,Axis,Cervidae,0,Exótica/Invasora
840,Axis axis,Axis axis,Axis axis,Axis axis,Axis axis,Axis axis,Subulo gouazoubira,Subulo gouazoubira,Axis axis,Axis axis,Axis axis,Axis axis,Axis,Cervidae,0,Exótica/Invasora
841,Mazama nanus,Mazama nanus,Mazama nanus,Mazama nanus,Mazama nanus,Mazama nanus,Subulo gouazoubira,Mazama nanus,Mazama nanus,Mazama nanus,Mazama nanus,Mazama nanus,Mazama,Cervidae,4,Alto
842,Mazama nanus,Subulo gouazoubira,Mazama nanus,Galictis cuja,Galictis cuja,Subulo gouazoubira,Subulo gouazoubira,Mazama nanus,Mazama nanus,Mazama nanus,Mazama nanus,Subulo gouazoubira,Mazama,Cervidae,4,Alto
844,Mazama nanus,Mazama nanus,Mazama nanus,Mazama nanus,Herpailurus yagouaroundi,Mazama nanus,Dasyprocta azarae,Alouatta guariba clamitans,Mazama nanus,Mazama nanus,Mazama nanus,Mazama nanus,Mazama,Cervidae,4,Alto
845,Mazama nanus,Cerdocyon thous,Cerdocyon thous,Cerdocyon thous,Cabassous tatouay,Cerdocyon thous,Cerdocyon thous,Cerdocyon thous,Cerdocyon thous,Cerdocyon thous,Cerdocyon thous,Cuniculus paca,Mazama,Cervidae,4,Alto
847,Mazama nanus,Subulo gouazoubira,Subulo gouazoubira,Subulo gouazoubira,Subulo gouazoubira,Subulo gouazoubira,Subulo gouazoubira,Subulo gouazoubira,Subulo gouazoubira,Subulo gouazoubira,Subulo gouazoubira,Subulo gouazoubira,Mazama,Cervidae,4,Alto
848,Mazama nanus,Mazama nanus,Mazama nanus,Mazama nanus,Mazama nanus,Mazama nanus,Mazama nanus,Mazama nanus,Mazama nanus,Mazama nanus,Mazama nanus,Mazama nanus,Mazama,Cervidae,4,Alto
849,Mazama nanus,Mazama nanus,Mazama nanus,Mazama nanus,Mazama nanus,Mazama nanus,Subulo gouazoubira,Subulo gouazoubira,Mazama nanus,Mazama nanus,Mazama nanus,Mazama nanus,Mazama,Cervidae,4,Alto
850,Mazama nanus,Subulo gouazoubira,Subulo gouazoubira,Subulo gouazoubira,Mazama nanus,Subulo gouazoubira,Subulo gouazoubira,Subulo gouazoubira,Subulo gouazoubira,Subulo gouazoubira,Subulo gouazoubira,Subulo gouazoubira,Mazama,Cervidae,4,Alto
851,Mazama nanus,Cuniculus paca,Puma concolor,Cerdocyon thous,Leopardus guttulus,Lepus europaeus,Cerdocyon thous,Myrmecophaga tridactyla,Puma concolor,Puma concolor,Puma concolor,Cuniculus paca,Mazama,Cervidae,4,Alto
852,Mazama nanus,Mazama nanus,Mazama nanus,Mazama nanus,Mazama nanus,Mazama nanus,Mazama nanus,Mazama nanus,Mazama nanus,Mazama nanus,Mazama nanus,Mazama nanus,Mazama,Cervidae,4,Alto
853,Mazama nanus,Mazama nanus,Mazama nanus,Mazama nanus,Mazama nanus,Mazama nanus,Subulo gouazoubira,Subulo gouazoubira,Mazama nanus,Mazama nanus,Mazama nanus,Mazama nanus,Mazama,Cervidae,4,Alto
854,Mazama nanus,Herpailurus yagouaroundi,Habia rubica,Galictis cuja,Galictis cuja,Habia rubica,Tamandua tetradactyla,Lontra longicaudis,Habia rubica,Habia rubica,Habia rubica,Herpailurus yagouaroundi,Mazama,Cervidae,4,Alto
855,Mazama nanus,Subulo gouazoubira,Herpailurus yagouaroundi,Galictis cuja,Aramides saracura,Subulo gouazoubira,Subulo gouazoubira,Galictis cuja,Herpailurus yagouaroundi,Herpailurus yagouaroundi,Herpailurus yagouaroundi,Subulo gouazoubira,Mazama,Cervidae,4,Alto
856,Mazama nanus,Mazama nanus,Mazama nanus,Mazama nanus,Mazama nanus,Mazama nanus,Subulo gouazoubira,Subulo gouazoubira,Mazama nanus,Mazama nanus,Mazama nanus,Mazama nanus,Mazama,Cervidae,4,Alto
857,Mazama nanus,Mazama nanus,Mazama nanus,Mazama nanus,Mazama nanus,Mazama nanus,Mazama nanus,Mazama nanus,Mazama nanus,Mazama nanus,Mazama nanus,Mazama nanus,Mazama,Cervidae,4,Alto
858,Mazama nanus,Subulo gouazoubira,Subulo gouazoubira,Subulo gouazoubira,Subulo gouazoubira,Subulo gouazoubira,Subulo gouazoubira,Subulo gouazoubira,Subulo gouazoubira,Subulo gouazoubira,Subulo gouazoubira,Subulo gouazoubira,Mazama,Cervidae,4,Alto
859,Mazama nanus,Hydrochoerus hydrochaeris,Axis axis,Axis axis,Axis axis,Axis axis,Hydrochoerus hydrochaeris,Hydrochoerus hydrochaeris,Axis axis,Axis axis,Axis axis,Mazama nanus,Mazama,Cervidae,4,Alto
861,Mazama nanus,Subulo gouazoubira,Mazama nanus,Mazama nanus,Mazama nanus,Subulo gouazoubira,Subulo gouazoubira,Subulo gouazoubira,Mazama nanus,Mazama nanus,Mazama nanus,Mazama nanus,Mazama,Cervidae,4,Alto
862,Mazama nanus,Subulo gouazoubira,Subulo gouazoubira,Subulo gouazoubira,Mazama nanus,Subulo gouazoubira,Subulo gouazoubira,Subulo gouazoubira,Subulo gouazoubira,Subulo gouazoubira,Subulo gouazoubira,Subulo gouazoubira,Mazama,Cervidae,4,Alto
863,Mazama nanus,Mazama nanus,Mazama nanus,Mazama nanus,Mazama nanus,Mazama nanus,Subulo gouazoubira,Mazama nanus,Mazama nanus,Mazama nanus,Mazama nanus,Mazama nanus,Mazama,Cervidae,4,Alto
864,Mazama nanus,Mazama nanus,Mazama nanus,Mazama nanus,Mazama nanus,Subulo gouazoubira,Subulo gouazoubira,Subulo gouazoubira,Mazama nanus,Mazama nanus,Mazama nanus,Mazama nanus,Mazama,Cervidae,4,Alto
867,Mazama nanus,Mazama nanus,Subulo gouazoubira,Mazama nanus,Mazama nanus,Mazama nanus,Subulo gouazoubira,Mazama nanus,Subulo gouazoubira,Subulo gouazoubira,Subulo gouazoubira,Mazama nanus,Mazama,Cervidae,4,Alto
868,Mazama nanus,Mazama nanus,Mazama nanus,Mazama nanus,Mazama nanus,Mazama nanus,Subulo gouazoubira,Subulo gouazoubira,Mazama nanus,Mazama nanus,Mazama nanus,Mazama nanus,Mazama,Cervidae,4,Alto
870,Mazama nanus,Mazama nanus,Subulo gouazoubira,Mazama nanus,Mazama nanus,Subulo gouazoubira,Subulo gouazoubira,Subulo gouazoubira,Subulo gouazoubira,Subulo gouazoubira,Subulo gouazoubira,Mazama nanus,Mazama,Cervidae,4,Alto
871,Mazama nanus,Mazama nanus,Mazama nanus,Mazama nanus,Mazama nanus,Mazama nanus,Subulo gouazoubira,Mazama nanus,Mazama nanus,Mazama nanus,Mazama nanus,Mazama nanus,Mazama,Cervidae,4,Alto
872,Mazama nanus,Lontra longicaudis,Hydrochoerus hydrochaeris,Hydrochoerus hydrochaeris,Hydrochoerus hydrochaeris,Lontra longicaudis,Hydrochoerus hydrochaeris,Lontra longicaudis,Hydrochoerus hydrochaeris,Hydrochoerus hydrochaeris,Hydrochoerus hydrochaeris,Hydrochoerus hydrochaeris,Mazama,Cervidae,4,Alto
873,Subulo gouazoubira,Subulo gouazoubira,Subulo gouazoubira,Subulo gouazoubira,Subulo gouazoubira,Subulo gouazoubira,Subulo gouazoubira,Subulo gouazoubira,Subulo gouazoubira,Subulo gouazoubira,Subulo gouazoubira,Subulo gouazoubira,Subulo,Cervidae,1,Bajo
874,Subulo gouazoubira,Subulo gouazoubira,Herpailurus yagouaroundi,Canis familiaris,Canis familiaris,Subulo gouazoubira,Subulo gouazoubira,Galictis cuja,Herpailurus yagouaroundi,Herpailurus yagouaroundi,Herpailurus yagouaroundi,Subulo gouazoubira,Subulo,Cervidae,1,Bajo
875,Subulo gouazoubira,Mazama nanus,Mazama nanus,Mazama nanus,Mazama nanus,Subulo gouazoubira,Subulo gouazoubira,Subulo gouazoubira,Mazama nanus,Mazama nanus,Mazama nanus,Mazama nanus,Subulo,Cervidae,1,Bajo
877,Subulo gouazoubira,Subulo gouazoubira,Mazama nanus,Mazama nanus,Subulo gouazoubira,Subulo gouazoubira,Subulo gouazoubira,Subulo gouazoubira,Mazama nanus,Mazama nanus,Mazama nanus,Mazama nanus,Subulo,Cervidae,1,Bajo
878,Subulo gouazoubira,Subulo gouazoubira,Subulo gouazoubira,Subulo gouazoubira,Subulo gouazoubira,Subulo gouazoubira,Subulo gouazoubira,Subulo gouazoubira,Subulo gouazoubira,Subulo gouazoubira,Subulo gouazoubira,Subulo gouazoubira,Subulo,Cervidae,1,Bajo
879,Subulo gouazoubira,Subulo gouazoubira,Subulo gouazoubira,Subulo gouazoubira,Subulo gouazoubira,Subulo gouazoubira,Subulo gouazoubira,Subulo gouazoubira,Subulo gouazoubira,Subulo gouazoubira,Subulo gouazoubira,Subulo gouazoubira,Subulo,Cervidae,1,Bajo
880,Subulo gouazoubira,Subulo gouazoubira,Mazama nanus,Mazama nanus,Subulo gouazoubira,Subulo gouazoubira,Subulo gouazoubira,Subulo gouazoubira,Mazama nanus,Mazama nanus,Mazama nanus,Subulo gouazoubira,Subulo,Cervidae,1,Bajo
881,Subulo gouazoubira,Subulo gouazoubira,Subulo gouazoubira,Subulo gouazoubira,Subulo gouazoubira,Subulo gouazoubira,Subulo gouazoubira,Subulo gouazoubira,Subulo gouazoubira,Subulo gouazoubira,Subulo gouazoubira,Subulo gouazoubira,Subulo,Cervidae,1,Bajo
884,Subulo gouazoubira,Subulo gouazoubira,Mazama nanus,Mazama nanus,Mazama nanus,Subulo gouazoubira,Subulo gouazoubira,Subulo gouazoubira,Mazama nanus,Mazama nanus,Mazama nanus,Subulo gouazoubira,Subulo,Cervidae,1,Bajo
885,Subulo gouazoubira,Subulo gouazoubira,Subulo gouazoubira,Subulo gouazoubira,Subulo gouazoubira,Subulo gouazoubira,Subulo gouazoubira,Subulo gouazoubira,Subulo gouazoubira,Subulo gouazoubira,Subulo gouazoubira,Subulo gouazoubira,Subulo,Cervidae,1,Bajo
886,Subulo gouazoubira,Lontra longicaudis,Subulo gouazoubira,Lepus europaeus,Gubernetes yetapa,Lontra longicaudis,Lontra longicaudis,Lontra longicaudis,Subulo gouazoubira,Subulo gouazoubira,Subulo gouazoubira,Lontra longicaudis,Subulo,Cervidae,1,Bajo
887,Subulo gouazoubira,Subulo gouazoubira,Lepus europaeus,Subulo gouazoubira,Subulo gouazoubira,Subulo gouazoubira,Subulo gouazoubira,Subulo gouazoubira,Lepus europaeus,Lepus europaeus,Lepus europaeus,Subulo gouazoubira,Subulo,Cervidae,1,Bajo
888,Subulo gouazoubira,Subulo gouazoubira,Subulo gouazoubira,Subulo gouazoubira,Subulo gouazoubira,Subulo gouazoubira,Subulo gouazoubira,Lepus europaeus,Subulo gouazoubira,Subulo gouazoubira,Subulo gouazoubira,Subulo gouazoubira,Subulo,Cervidae,1,Bajo
889,Subulo gouazoubira,Subulo gouazoubira,Subulo gouazoubira,Subulo gouazoubira,Subulo gouazoubira,Subulo gouazoubira,Subulo gouazoubira,Subulo gouazoubira,Subulo gouazoubira,Subulo gouazoubira,Subulo gouazoubira,Subulo gouazoubira,Subulo,Cervidae,1,Bajo
890,Subulo gouazoubira,Subulo gouazoubira,Subulo gouazoubira,Subulo gouazoubira,Subulo gouazoubira,Subulo gouazoubira,Subulo gouazoubira,Subulo gouazoubira,Subulo gouazoubira,Subulo gouazoubira,Subulo gouazoubira,Subulo gouazoubira,Subulo,Cervidae,1,Bajo
892,Subulo gouazoubira,Subulo gouazoubira,Subulo gouazoubira,Subulo gouazoubira,Subulo gouazoubira,Subulo gouazoubira,Subulo gouazoubira,Subulo gouazoubira,Subulo gouazoubira,Subulo gouazoubira,Subulo gouazoubira,Subulo gouazoubira,Subulo,Cervidae,1,Bajo
893,Subulo gouazoubira,Subulo gouazoubira,Subulo gouazoubira,Subulo gouazoubira,Subulo gouazoubira,Subulo gouazoubira,Subulo gouazoubira,Subulo gouazoubira,Subulo gouazoubira,Subulo gouazoubira,Subulo gouazoubira,Subulo gouazoubira,Subulo,Cervidae,1,Bajo
896,Subulo gouazoubira,Myrmecophaga tridactyla,Subulo gouazoubira,Subulo gouazoubira,Subulo gouazoubira,Subulo gouazoubira,Myrmecophaga tridactyla,Subulo gouazoubira,Subulo gouazoubira,Subulo gouazoubira,Subulo gouazoubira,Subulo gouazoubira,Subulo,Cervidae,1,Bajo
897,Subulo gouazoubira,Subulo gouazoubira,Subulo gouazoubira,Lepus europaeus,Lepus europaeus,Subulo gouazoubira,Subulo gouazoubira,Lepus europaeus,Subulo gouazoubira,Subulo gouazoubira,Subulo gouazoubira,Subulo gouazoubira,Subulo,Cervidae,1,Bajo
898,Subulo gouazoubira,Subulo gouazoubira,Subulo gouazoubira,Subulo gouazoubira,Subulo gouazoubira,Subulo gouazoubira,Subulo gouazoubira,Subulo gouazoubira,Subulo gouazoubira,Subulo gouazoubira,Subulo gouazoubira,Subulo gouazoubira,Subulo,Cervidae,1,Bajo
899,Subulo gouazoubira,Subulo gouazoubira,Subulo gouazoubira,Subulo gouazoubira,Subulo gouazoubira,Subulo gouazoubira,Subulo gouazoubira,Subulo gouazoubira,Subulo gouazoubira,Subulo gouazoubira,Subulo gouazoubira,Subulo gouazoubira,Subulo,Cervidae,1,Bajo
900,Subulo gouazoubira,Subulo gouazoubira,Subulo gouazoubira,Subulo gouazoubira,Subulo gouazoubira,Subulo gouazoubira,Subulo gouazoubira,Subulo gouazoubira,Subulo gouazoubira,Subulo gouazoubira,Subulo gouazoubira,Subulo gouazoubira,Subulo,Cervidae,1,Bajo
902,Subulo gouazoubira,Subulo gouazoubira,Subulo gouazoubira,Subulo gouazoubira,Subulo gouazoubira,Subulo gouazoubira,Subulo gouazoubira,Subulo gouazoubira,Subulo gouazoubira,Subulo gouazoubira,Subulo gouazoubira,Subulo gouazoubira,Subulo,Cervidae,1,Bajo
903,Subulo gouazoubira,Subulo gouazoubira,Dasyprocta azarae,Subulo gouazoubira,Subulo gouazoubira,Subulo gouazoubira,Subulo gouazoubira,Subulo gouazoubira,Dasyprocta azarae,Dasyprocta azarae,Dasyprocta azarae,Subulo gouazoubira,Subulo,Cervidae,1,Bajo
904,Subulo gouazoubira,Subulo gouazoubira,Mazama nanus,Mazama nanus,Mazama nanus,Subulo gouazoubira,Subulo gouazoubira,Subulo gouazoubira,Mazama nanus,Mazama nanus,Mazama nanus,Subulo gouazoubira,Subulo,Cervidae,1,Bajo
905,Subulo gouazoubira,Lycalopex gymnocerca,Dasyprocta azarae,Dasyprocta azarae,Lycalopex gymnocerca,Lycalopex gymnocerca,Lycalopex gymnocerca,Lycalopex gymnocerca,Dasyprocta azarae,Dasyprocta azarae,Dasyprocta azarae,Lycalopex gymnocerca,Subulo,Cervidae,1,Bajo
906,Subulo gouazoubira,Subulo gouazoubira,Lepus europaeus,Dasyprocta azarae,Subulo gouazoubira,Subulo gouazoubira,Lepus europaeus,Lepus europaeus,Lepus europaeus,Lepus europaeus,Lepus europaeus,Subulo gouazoubira,Subulo,Cervidae,1,Bajo
907,Subulo gouazoubira,Subulo gouazoubira,Subulo gouazoubira,Mazama nanus,Mazama nanus,Subulo gouazoubira,Subulo gouazoubira,Subulo gouazoubira,Subulo gouazoubira,Subulo gouazoubira,Subulo gouazoubira,Subulo gouazoubira,Subulo,Cervidae,1,Bajo
908,Subulo gouazoubira,Lepus europaeus,Lepus europaeus,Lepus europaeus,Lepus europaeus,Lepus europaeus,Lepus europaeus,Sylvilagus brasiliensis,Lepus europaeus,Lepus europaeus,Lepus europaeus,Lepus europaeus,Subulo,Cervidae,1,Bajo
910,Subulo gouazoubira,Procyon cancrivorus,Procyon cancrivorus,Didelphis albiventris,Procyon cancrivorus,Eira barbara,Cerdocyon thous,Eira barbara,Procyon cancrivorus,Procyon cancrivorus,Procyon cancrivorus,Procyon cancrivorus,Subulo,Cervidae,1,Bajo
911,Subulo gouazoubira,Cerdocyon thous,Subulo gouazoubira,Pecari tajacu,Pecari tajacu,Subulo gouazoubira,Cerdocyon thous,Sapajus nigritus,Subulo gouazoubira,Subulo gouazoubira,Subulo gouazoubira,Cerdocyon thous,Subulo,Cervidae,1,Bajo
912,Subulo gouazoubira,Subulo gouazoubira,Subulo gouazoubira,Subulo gouazoubira,Subulo gouazoubira,Subulo gouazoubira,Subulo gouazoubira,Subulo gouazoubira,Subulo gouazoubira,Subulo gouazoubira,Subulo gouazoubira,Subulo gouazoubira,Subulo,Cervidae,1,Bajo
913,Subulo gouazoubira,Subulo gouazoubira,Subulo gouazoubira,Mazama nanus,Subulo gouazoubira,Subulo gouazoubira,Subulo gouazoubira,Subulo gouazoubira,Subulo gouazoubira,Subulo gouazoubira,Subulo gouazoubira,Subulo gouazoubira,Subulo,Cervidae,1,Bajo
914,Subulo gouazoubira,Subulo gouazoubira,Lepus europaeus,Herpailurus yagouaroundi,Lepus europaeus,Subulo gouazoubira,Lepus europaeus,Lepus europaeus,Lepus europaeus,Lepus europaeus,Lepus europaeus,Subulo gouazoubira,Subulo,Cervidae,1,Bajo
915,Subulo gouazoubira,Cerdocyon thous,Lepus europaeus,Dasyprocta azarae,Subulo gouazoubira,Subulo gouazoubira,Lepus europaeus,Dasyprocta azarae,Lepus europaeus,Lepus europaeus,Lepus europaeus,Cerdocyon thous,Subulo,Cervidae,1,Bajo
917,Subulo gouazoubira,Subulo gouazoubira,Subulo gouazoubira,Subulo gouazoubira,Subulo gouazoubira,Subulo gouazoubira,Subulo gouazoubira,Subulo gouazoubira,Subulo gouazoubira,Subulo gouazoubira,Subulo gouazoubira,Subulo gouazoubira,Subulo,Cervidae,1,Bajo
918,Subulo gouazoubira,Subulo gouazoubira,Subulo gouazoubira,Subulo gouazoubira,Subulo gouazoubira,Subulo gouazoubira,Subulo gouazoubira,Subulo gouazoubira,Subulo gouazoubira,Subulo gouazoubira,Subulo gouazoubira,Subulo gouazoubira,Subulo,Cervidae,1,Bajo
919,Subulo gouazoubira,Subulo gouazoubira,Subulo gouazoubira,Subulo gouazoubira,Subulo gouazoubira,Subulo gouazoubira,Subulo gouazoubira,Subulo gouazoubira,Subulo gouazoubira,Subulo gouazoubira,Subulo gouazoubira,Subulo gouazoubira,Subulo,Cervidae,1,Bajo
920,Subulo gouazoubira,Subulo gouazoubira,Subulo gouazoubira,Subulo gouazoubira,Subulo gouazoubira,Subulo gouazoubira,Subulo gouazoubira,Subulo gouazoubira,Subulo gouazoubira,Subulo gouazoubira,Subulo gouazoubira,Subulo gouazoubira,Subulo,Cervidae,1,Bajo
921,Subulo gouazoubira,Subulo gouazoubira,Subulo gouazoubira,Subulo gouazoubira,Subulo gouazoubira,Subulo gouazoubira,Subulo gouazoubira,Subulo gouazoubira,Subulo gouazoubira,Subulo gouazoubira,Subulo gouazoubira,Subulo gouazoubira,Subulo,Cervidae,1,Bajo
922,Subulo gouazoubira,Subulo gouazoubira,Herpailurus yagouaroundi,Galictis cuja,Canis familiaris,Subulo gouazoubira,Subulo gouazoubira,Mazama nanus,Herpailurus yagouaroundi,Herpailurus yagouaroundi,Herpailurus yagouaroundi,Subulo gouazoubira,Subulo,Cervidae,1,Bajo
923,Subulo gouazoubira,Subulo gouazoubira,Subulo gouazoubira,Subulo gouazoubira,Subulo gouazoubira,Subulo gouazoubira,Subulo gouazoubira,Subulo gouazoubira,Subulo gouazoubira,Subulo gouazoubira,Subulo gouazoubira,Subulo gouazoubira,Subulo,Cervidae,1,Bajo
924,Subulo gouazoubira,Subulo gouazoubira,Subulo gouazoubira,Subulo gouazoubira,Subulo gouazoubira,Subulo gouazoubira,Subulo gouazoubira,Subulo gouazoubira,Subulo gouazoubira,Subulo gouazoubira,Subulo gouazoubira,Subulo gouazoubira,Subulo,Cervidae,1,Bajo
925,Subulo gouazoubira,Subulo gouazoubira,Subulo gouazoubira,Subulo gouazoubira,Subulo gouazoubira,Subulo gouazoubira,Subulo gouazoubira,Subulo gouazoubira,Subulo gouazoubira,Subulo gouazoubira,Subulo gouazoubira,Subulo gouazoubira,Subulo,Cervidae,1,Bajo
927,Subulo gouazoubira,Subulo gouazoubira,Subulo gouazoubira,Subulo gouazoubira,Subulo gouazoubira,Subulo gouazoubira,Subulo gouazoubira,Subulo gouazoubira,Subulo gouazoubira,Subulo gouazoubira,Subulo gouazoubira,Subulo gouazoubira,Subulo,Cervidae,1,Bajo
928,Subulo gouazoubira,Subulo gouazoubira,Subulo gouazoubira,Subulo gouazoubira,Subulo gouazoubira,Subulo gouazoubira,Subulo gouazoubira,Subulo gouazoubira,Subulo gouazoubira,Subulo gouazoubira,Subulo gouazoubira,Subulo gouazoubira,Subulo,Cervidae,1,Bajo
929,Subulo gouazoubira,Subulo gouazoubira,Subulo gouazoubira,Subulo gouazoubira,Subulo gouazoubira,Subulo gouazoubira,Subulo gouazoubira,Subulo gouazoubira,Subulo gouazoubira,Subulo gouazoubira,Subulo gouazoubira,Subulo gouazoubira,Subulo,Cervidae,1,Bajo
931,Subulo gouazoubira,Subulo gouazoubira,Subulo gouazoubira,Subulo gouazoubira,Subulo gouazoubira,Subulo gouazoubira,Subulo gouazoubira,Subulo gouazoubira,Subulo gouazoubira,Subulo gouazoubira,Subulo gouazoubira,Subulo gouazoubira,Subulo,Cervidae,1,Bajo
932,Subulo gouazoubira,Subulo gouazoubira,Subulo gouazoubira,Subulo gouazoubira,Subulo gouazoubira,Subulo gouazoubira,Subulo gouazoubira,Subulo gouazoubira,Subulo gouazoubira,Subulo gouazoubira,Subulo gouazoubira,Subulo gouazoubira,Subulo,Cervidae,1,Bajo
933,Subulo gouazoubira,Subulo gouazoubira,Subulo gouazoubira,Subulo gouazoubira,Subulo gouazoubira,Subulo gouazoubira,Subulo gouazoubira,Subulo gouazoubira,Subulo gouazoubira,Subulo gouazoubira,Subulo gouazoubira,Subulo gouazoubira,Subulo,Cervidae,1,Bajo
935,Subulo gouazoubira,Subulo gouazoubira,Subulo gouazoubira,Subulo gouazoubira,Subulo gouazoubira,Subulo gouazoubira,Subulo gouazoubira,Subulo gouazoubira,Subulo gouazoubira,Subulo gouazoubira,Subulo gouazoubira,Subulo gouazoubira,Subulo,Cervidae,1,Bajo
936,Subulo gouazoubira,Puma concolor,Nyctidromus albicollis,Lycalopex gymnocerca,Lycalopex gymnocerca,Leopardus wiedii,Galictis cuja,Didelphis aurita,Nyctidromus albicollis,Nyctidromus albicollis,Nyctidromus albicollis,Puma concolor,Subulo,Cervidae,1,Bajo
937,Subulo gouazoubira,Subulo gouazoubira,Mazama nanus,Mazama nanus,Mazama nanus,Mazama nanus,Subulo gouazoubira,Subulo gouazoubira,Mazama nanus,Mazama nanus,Mazama nanus,Mazama nanus,Subulo,Cervidae,1,Bajo
938,Subulo gouazoubira,Subulo gouazoubira,Mazama nanus,Mazama nanus,Axis axis,Subulo gouazoubira,Subulo gouazoubira,Subulo gouazoubira,Mazama nanus,Mazama nanus,Mazama nanus,Subulo gouazoubira,Subulo,Cervidae,1,Bajo
939,Subulo gouazoubira,Subulo gouazoubira,Subulo gouazoubira,Subulo gouazoubira,Mazama nanus,Subulo gouazoubira,Subulo gouazoubira,Subulo gouazoubira,Subulo gouazoubira,Subulo gouazoubira,Subulo gouazoubira,Subulo gouazoubira,Subulo,Cervidae,1,Bajo
941,Phrynops williamsi,Phrynops williamsi,Phrynops williamsi,Phrynops williamsi,Phrynops williamsi,Phrynops williamsi,Phrynops williamsi,Lontra longicaudis,Phrynops williamsi,Phrynops williamsi,Phrynops williamsi,Phrynops williamsi,Phrynops,Chelidae,6,Crítico
942,Phrynops williamsi,Phrynops williamsi,Phrynops williamsi,Phrynops williamsi,Phrynops williamsi,Phrynops williamsi,Phrynops williamsi,Phrynops williamsi,Phrynops williamsi,Phrynops williamsi,Phrynops williamsi,Phrynops williamsi,Phrynops,Chelidae,6,Crítico
943,Phrynops williamsi,Phrynops williamsi,Phrynops williamsi,Phrynops williamsi,Phrynops williamsi,Phrynops williamsi,Phrynops williamsi,Phrynops williamsi,Phrynops williamsi,Phrynops williamsi,Phrynops williamsi,Phrynops williamsi,Phrynops,Chelidae,6,Crítico
944,Phrynops williamsi,Phrynops williamsi,Phrynops williamsi,Phrynops williamsi,Phrynops williamsi,Phrynops williamsi,Phrynops williamsi,Phrynops williamsi,Phrynops williamsi,Phrynops williamsi,Phrynops williamsi,Phrynops williamsi,Phrynops,Chelidae,6,Crítico
945,Phrynops williamsi,Phrynops williamsi,Phrynops williamsi,Phrynops williamsi,Phrynops williamsi,Phrynops williamsi,Phrynops williamsi,Phrynops williamsi,Phrynops williamsi,Phrynops williamsi,Phrynops williamsi,Phrynops williamsi,Phrynops,Chelidae,6,Crítico
946,Phrynops williamsi,Phrynops williamsi,Phrynops williamsi,Phrynops williamsi,Phrynops williamsi,Phrynops williamsi,Phrynops williamsi,Phrynops williamsi,Phrynops williamsi,Phrynops williamsi,Phrynops williamsi,Phrynops williamsi,Phrynops,Chelidae,6,Crítico
948,Phrynops williamsi,Phrynops williamsi,Phrynops williamsi,Phrynops williamsi,Phrynops williamsi,Phrynops williamsi,Phrynops williamsi,Phrynops williamsi,Phrynops williamsi,Phrynops williamsi,Phrynops williamsi,Phrynops williamsi,Phrynops,Chelidae,6,Crítico
949,Phrynops williamsi,Phrynops williamsi,Phrynops williamsi,Phrynops williamsi,Phrynops williamsi,Phrynops williamsi,Phrynops williamsi,Phrynops williamsi,Phrynops williamsi,Phrynops williamsi,Phrynops williamsi,Phrynops williamsi,Phrynops,Chelidae,6,Crítico
952,Phrynops williamsi,Phrynops williamsi,Phrynops williamsi,Phrynops williamsi,Phrynops williamsi,Phrynops williamsi,Phrynops williamsi,Phrynops williamsi,Phrynops williamsi,Phrynops williamsi,Phrynops williamsi,Phrynops williamsi,Phrynops,Chelidae,6,Crítico
953,Phrynops williamsi,Phrynops williamsi,Phrynops williamsi,Phrynops williamsi,Phrynops williamsi,Phrynops williamsi,Phrynops williamsi,Phrynops williamsi,Phrynops williamsi,Phrynops williamsi,Phrynops williamsi,Phrynops williamsi,Phrynops,Chelidae,6,Crítico
955,Phrynops williamsi,Phrynops williamsi,Phrynops williamsi,Phrynops williamsi,Phrynops williamsi,Phrynops williamsi,Phrynops williamsi,Phrynops williamsi,Phrynops williamsi,Phrynops williamsi,Phrynops williamsi,Phrynops williamsi,Phrynops,Chelidae,6,Crítico
956,Phrynops williamsi,Phrynops williamsi,Phrynops williamsi,Phrynops williamsi,Phrynops williamsi,Phrynops williamsi,Phrynops williamsi,Phrynops williamsi,Phrynops williamsi,Phrynops williamsi,Phrynops williamsi,Phrynops williamsi,Phrynops,Chelidae,6,Crítico
957,Phrynops williamsi,Phrynops williamsi,Phrynops williamsi,Phrynops williamsi,Phrynops williamsi,Phrynops williamsi,Phrynops williamsi,Phrynops williamsi,Phrynops williamsi,Phrynops williamsi,Phrynops williamsi,Phrynops williamsi,Phrynops,Chelidae,6,Crítico
958,Phrynops williamsi,Phrynops williamsi,Phrynops williamsi,Phrynops williamsi,Phrynops williamsi,Phrynops williamsi,Phrynops williamsi,Phrynops williamsi,Phrynops williamsi,Phrynops williamsi,Phrynops williamsi,Phrynops williamsi,Phrynops,Chelidae,6,Crítico
959,Phrynops williamsi,Phrynops williamsi,Phrynops williamsi,Phrynops williamsi,Phrynops williamsi,Phrynops williamsi,Phrynops williamsi,Phrynops williamsi,Phrynops williamsi,Phrynops williamsi,Phrynops williamsi,Phrynops williamsi,Phrynops,Chelidae,6,Crítico
960,Phrynops williamsi,Phrynops williamsi,Lontra longicaudis,Phrynops williamsi,Phrynops williamsi,Phrynops williamsi,Lontra longicaudis,Phrynops williamsi,Lontra longicaudis,Lontra longicaudis,Lontra longicaudis,Phrynops williamsi,Phrynops,Chelidae,6,Crítico
961,Phrynops williamsi,Phrynops williamsi,Phrynops williamsi,Phrynops williamsi,Phrynops williamsi,Phrynops williamsi,Phrynops williamsi,Phrynops williamsi,Phrynops williamsi,Phrynops williamsi,Phrynops williamsi,Phrynops williamsi,Phrynops,Chelidae,6,Crítico
962,Phrynops williamsi,Phrynops williamsi,Phrynops williamsi,Phrynops williamsi,Phrynops williamsi,Phrynops williamsi,Phrynops williamsi,Phrynops williamsi,Phrynops williamsi,Phrynops williamsi,Phrynops williamsi,Phrynops williamsi,Phrynops,Chelidae,6,Crítico
964,Phrynops williamsi,Phrynops williamsi,Phrynops williamsi,Phrynops williamsi,Phrynops williamsi,Phrynops williamsi,Phrynops williamsi,Phrynops williamsi,Phrynops williamsi,Phrynops williamsi,Phrynops williamsi,Phrynops williamsi,Phrynops,Chelidae,6,Crítico
965,Phrynops williamsi,Phrynops williamsi,Phrynops williamsi,Phrynops williamsi,Phrynops williamsi,Phrynops williamsi,Phrynops williamsi,Phrynops williamsi,Phrynops williamsi,Phrynops williamsi,Phrynops williamsi,Phrynops williamsi,Phrynops,Chelidae,6,Crítico
966,Phrynops williamsi,Phrynops williamsi,Phrynops williamsi,Phrynops williamsi,Phrynops williamsi,Phrynops williamsi,Phrynops williamsi,Phrynops williamsi,Phrynops williamsi,Phrynops williamsi,Phrynops williamsi,Phrynops williamsi,Phrynops,Chelidae,6,Crítico
967,Phrynops williamsi,Phrynops williamsi,Phrynops williamsi,Phrynops williamsi,Phrynops williamsi,Phrynops williamsi,Phrynops williamsi,Phrynops williamsi,Phrynops williamsi,Phrynops williamsi,Phrynops williamsi,Phrynops williamsi,Phrynops,Chelidae,6,Crítico
968,Phrynops williamsi,Phrynops williamsi,Phrynops williamsi,Phrynops williamsi,Phrynops williamsi,Phrynops williamsi,Phrynops williamsi,Phrynops williamsi,Phrynops williamsi,Phrynops williamsi,Phrynops williamsi,Phrynops williamsi,Phrynops,Chelidae,6,Crítico
969,Phrynops williamsi,Phrynops williamsi,Phrynops williamsi,Phrynops williamsi,Phrynops williamsi,Phrynops williamsi,Phrynops williamsi,Phrynops williamsi,Phrynops williamsi,Phrynops williamsi,Phrynops williamsi,Phrynops williamsi,Phrynops,Chelidae,6,Crítico
970,Phrynops williamsi,Phrynops williamsi,Phrynops williamsi,Phrynops williamsi,Phrynops williamsi,Phrynops williamsi,Phrynops williamsi,Phrynops williamsi,Phrynops williamsi,Phrynops williamsi,Phrynops williamsi,Phrynops williamsi,Phrynops,Chelidae,6,Crítico
972,Phrynops williamsi,Phrynops williamsi,Phrynops williamsi,Phrynops williamsi,Phrynops williamsi,Phrynops williamsi,Phrynops williamsi,Phrynops williamsi,Phrynops williamsi,Phrynops williamsi,Phrynops williamsi,Phrynops williamsi,Phrynops,Chelidae,6,Crítico
973,Phrynops williamsi,Phrynops williamsi,Phrynops williamsi,Phrynops williamsi,Phrynops williamsi,Phrynops williamsi,Phrynops williamsi,Phrynops williamsi,Phrynops williamsi,Phrynops williamsi,Phrynops williamsi,Phrynops williamsi,Phrynops,Chelidae,6,Crítico
974,Phrynops williamsi,Phrynops williamsi,Phrynops williamsi,Phrynops williamsi,Phrynops williamsi,Phrynops williamsi,Phrynops williamsi,Phrynops williamsi,Phrynops williamsi,Phrynops williamsi,Phrynops williamsi,Phrynops williamsi,Phrynops,Chelidae,6,Crítico
979,Phrynops williamsi,Phrynops williamsi,Phrynops williamsi,Phrynops williamsi,Phrynops williamsi,Phrynops williamsi,Phrynops williamsi,Phrynops williamsi,Phrynops williamsi,Phrynops williamsi,Phrynops williamsi,Phrynops williamsi,Phrynops,Chelidae,6,Crítico
980,Phrynops williamsi,Phrynops williamsi,Phrynops williamsi,Phrynops williamsi,Phrynops williamsi,Phrynops williamsi,Phrynops williamsi,Phrynops williamsi,Phrynops williamsi,Phrynops williamsi,Phrynops williamsi,Phrynops williamsi,Phrynops,Chelidae,6,Crítico
981,Phrynops williamsi,Phrynops williamsi,Phrynops williamsi,Phrynops williamsi,Phrynops williamsi,Phrynops williamsi,Phrynops williamsi,Phrynops williamsi,Phrynops williamsi,Phrynops williamsi,Phrynops williamsi,Phrynops williamsi,Phrynops,Chelidae,6,Crítico
982,Phrynops williamsi,Phrynops williamsi,Phrynops williamsi,Phrynops williamsi,Phrynops williamsi,Phrynops williamsi,Phrynops williamsi,Phrynops williamsi,Phrynops williamsi,Phrynops williamsi,Phrynops williamsi,Phrynops williamsi,Phrynops,Chelidae,6,Crítico
983,Phrynops williamsi,Phrynops williamsi,Phrynops williamsi,Phrynops williamsi,Phrynops williamsi,Phrynops williamsi,Phrynops williamsi,Phrynops williamsi,Phrynops williamsi,Phrynops williamsi,Phrynops williamsi,Phrynops williamsi,Phrynops,Chelidae,6,Crítico
984,Phrynops williamsi,Phrynops williamsi,Phrynops williamsi,Phrynops williamsi,Phrynops williamsi,Phrynops williamsi,Phrynops williamsi,Phrynops williamsi,Phrynops williamsi,Phrynops williamsi,Phrynops williamsi,Phrynops williamsi,Phrynops,Chelidae,6,Crítico
985,Phrynops williamsi,Phrynops williamsi,Phrynops williamsi,Phrynops williamsi,Phrynops williamsi,Phrynops williamsi,Phrynops williamsi,Phrynops williamsi,Phrynops williamsi,Phrynops williamsi,Phrynops williamsi,Phrynops williamsi,Phrynops,Chelidae,6,Crítico
986,Phrynops williamsi,Phrynops williamsi,Phrynops williamsi,Phrynops williamsi,Phrynops williamsi,Phrynops williamsi,Phrynops williamsi,Phrynops williamsi,Phrynops williamsi,Phrynops williamsi,Phrynops williamsi,Phrynops williamsi,Phrynops,Chelidae,6,Crítico
987,Phrynops williamsi,Phrynops williamsi,Phrynops williamsi,Phrynops williamsi,Phrynops williamsi,Phrynops williamsi,Phrynops williamsi,Phrynops williamsi,Phrynops williamsi,Phrynops williamsi,Phrynops williamsi,Phrynops williamsi,Phrynops,Chelidae,6,Crítico
988,Phrynops williamsi,Phrynops williamsi,Phrynops williamsi,Phrynops williamsi,Phrynops williamsi,Phrynops williamsi,Phrynops williamsi,Phrynops williamsi,Phrynops williamsi,Phrynops williamsi,Phrynops williamsi,Phrynops williamsi,Phrynops,Chelidae,6,Crítico
989,Phrynops williamsi,Phrynops williamsi,Phrynops williamsi,Phrynops williamsi,Phrynops williamsi,Phrynops williamsi,Phrynops williamsi,Phrynops williamsi,Phrynops williamsi,Phrynops williamsi,Phrynops williamsi,Phrynops williamsi,Phrynops,Chelidae,6,Crítico
990,Phrynops williamsi,Phrynops williamsi,Phrynops williamsi,Phrynops williamsi,Phrynops williamsi,Phrynops williamsi,Phrynops williamsi,Phrynops williamsi,Phrynops williamsi,Phrynops williamsi,Phrynops williamsi,Phrynops williamsi,Phrynops,Chelidae,6,Crítico
991,Phrynops williamsi,Phrynops williamsi,Phrynops williamsi,Phrynops williamsi,Phrynops williamsi,Phrynops williamsi,Phrynops williamsi,Phrynops williamsi,Phrynops williamsi,Phrynops williamsi,Phrynops williamsi,Phrynops williamsi,Phrynops,Chelidae,6,Crítico
992,Phrynops williamsi,Phrynops williamsi,Phrynops williamsi,Phrynops williamsi,Phrynops williamsi,Phrynops williamsi,Phrynops williamsi,Phrynops williamsi,Phrynops williamsi,Phrynops williamsi,Phrynops williamsi,Phrynops williamsi,Phrynops,Chelidae,6,Crítico
993,Phrynops williamsi,Phrynops williamsi,Phrynops williamsi,Phrynops williamsi,Phrynops williamsi,Phrynops williamsi,Phrynops williamsi,Phrynops williamsi,Phrynops williamsi,Phrynops williamsi,Phrynops williamsi,Phrynops williamsi,Phrynops,Chelidae,6,Crítico
994,Phrynops williamsi,Phrynops williamsi,Phrynops williamsi,Phrynops williamsi,Phrynops williamsi,Phrynops williamsi,Phrynops williamsi,Phrynops williamsi,Phrynops williamsi,Phrynops williamsi,Phrynops williamsi,Phrynops williamsi,Phrynops,Chelidae,6,Crítico
995,Phrynops williamsi,Phrynops williamsi,Phrynops williamsi,Phrynops williamsi,Phrynops williamsi,Phrynops williamsi,Phrynops williamsi,Phrynops williamsi,Phrynops williamsi,Phrynops williamsi,Phrynops williamsi,Phrynops williamsi,Phrynops,Chelidae,6,Crítico
996,Phrynops williamsi,Phrynops williamsi,Phrynops williamsi,Phrynops williamsi,Phrynops williamsi,Phrynops williamsi,Phrynops williamsi,Phrynops williamsi,Phrynops williamsi,Phrynops williamsi,Phrynops williamsi,Phrynops williamsi,Phrynops,Chelidae,6,Crítico
998,Phrynops williamsi,Phrynops williamsi,Phrynops williamsi,Phrynops williamsi,Phrynops williamsi,Phrynops williamsi,Phrynops williamsi,Phrynops williamsi,Phrynops williamsi,Phrynops williamsi,Phrynops williamsi,Phrynops williamsi,Phrynops,Chelidae,6,Crítico
999,Phrynops williamsi,Phrynops williamsi,Phrynops williamsi,Nasua nasua,Phrynops williamsi,Phrynops williamsi,Phrynops williamsi,Phrynops williamsi,Phrynops williamsi,Phrynops williamsi,Phrynops williamsi,Phrynops williamsi,Phrynops,Chelidae,6,Crítico
1000,Phrynops williamsi,Phrynops williamsi,Phrynops williamsi,Phrynops williamsi,Phrynops williamsi,Phrynops williamsi,Phrynops williamsi,Phrynops williamsi,Phrynops williamsi,Phrynops williamsi,Phrynops williamsi,Phrynops williamsi,Phrynops,Chelidae,6,Crítico
1003,Phrynops williamsi,Phrynops williamsi,Phrynops williamsi,Phrynops williamsi,Phrynops williamsi,Phrynops williamsi,Phrynops williamsi,Phrynops williamsi,Phrynops williamsi,Phrynops williamsi,Phrynops williamsi,Phrynops williamsi,Phrynops,Chelidae,6,Crítico
1004,Phrynops williamsi,Phrynops williamsi,Phrynops williamsi,Phrynops williamsi,Phrynops williamsi,Phrynops williamsi,Phrynops williamsi,Phrynops williamsi,Phrynops williamsi,Phrynops williamsi,Phrynops williamsi,Phrynops williamsi,Phrynops,Chelidae,6,Crítico
1005,Phrynops williamsi,Phrynops williamsi,Phrynops williamsi,Phrynops williamsi,Phrynops williamsi,Phrynops williamsi,Phrynops williamsi,Phrynops williamsi,Phrynops williamsi,Phrynops williamsi,Phrynops williamsi,Phrynops williamsi,Phrynops,Chelidae,6,Crítico
1006,Phrynops williamsi,Phrynops williamsi,Phrynops williamsi,Phrynops williamsi,Phrynops williamsi,Phrynops williamsi,Phrynops williamsi,Phrynops williamsi,Phrynops williamsi,Phrynops williamsi,Phrynops williamsi,Phrynops williamsi,Phrynops,Chelidae,6,Crítico
1007,Phrynops williamsi,Lontra longicaudis,Phrynops williamsi,Phrynops williamsi,Phrynops williamsi,Phrynops williamsi,Phrynops williamsi,Phrynops williamsi,Phrynops williamsi,Phrynops williamsi,Phrynops williamsi,Phrynops williamsi,Phrynops,Chelidae,6,Crítico
1008,Phrynops williamsi,Phrynops williamsi,Phrynops williamsi,Phrynops williamsi,Phrynops williamsi,Phrynops williamsi,Phrynops williamsi,Phrynops williamsi,Phrynops williamsi,Phrynops williamsi,Phrynops williamsi,Phrynops williamsi,Phrynops,Chelidae,6,Crítico
1009,Phrynops williamsi,Phrynops williamsi,Phrynops williamsi,Phrynops williamsi,Phrynops williamsi,Phrynops williamsi,Phrynops williamsi,Phrynops williamsi,Phrynops williamsi,Phrynops williamsi,Phrynops williamsi,Phrynops williamsi,Phrynops,Chelidae,6,Crítico
1011,Cabassous tatouay,Euphractus sexcinctus,Dasypus novemcinctus,Euphractus sexcinctus,Dasypus novemcinctus,Euphractus sexcinctus,Dasypus novemcinctus,Euphractus sexcinctus,Dasypus novemcinctus,Dasypus novemcinctus,Dasypus novemcinctus,Euphractus sexcinctus,Cabassous,Chlamyphoridae,5,Crítico
1012,Cabassous tatouay,Dasypus novemcinctus,Dasypus novemcinctus,Dasypus novemcinctus,Dasypus novemcinctus,Dasypus novemcinctus,Dasypus novemcinctus,Dasypus novemcinctus,Dasypus novemcinctus,Dasypus novemcinctus,Dasypus novemcinctus,Dasypus novemcinctus,Cabassous,Chlamyphoridae,5,Crítico
1013,Cabassous tatouay,Procyon cancrivorus,Procyon cancrivorus,Cabassous tatouay,Procyon cancrivorus,Procyon cancrivorus,Cerdocyon thous,Galictis cuja,Procyon cancrivorus,Procyon cancrivorus,Procyon cancrivorus,Procyon cancrivorus,Cabassous,Chlamyphoridae,5,Crítico
1014,Cabassous tatouay,Euphractus sexcinctus,Dasypus novemcinctus,Dasypus novemcinctus,Dasypus novemcinctus,Euphractus sexcinctus,Dasypus novemcinctus,Dasypus novemcinctus,Dasypus novemcinctus,Dasypus novemcinctus,Dasypus novemcinctus,Euphractus sexcinctus,Cabassous,Chlamyphoridae,5,Crítico
1015,Cabassous tatouay,Euphractus sexcinctus,Euphractus sexcinctus,Dasypus novemcinctus,Dasypus novemcinctus,Dasypus novemcinctus,Dasypus novemcinctus,Dasypus novemcinctus,Euphractus sexcinctus,Euphractus sexcinctus,Euphractus sexcinctus,Euphractus sexcinctus,Cabassous,Chlamyphoridae,5,Crítico
1018,Cabassous tatouay,Dasypus novemcinctus,Dasypus novemcinctus,Dasypus novemcinctus,Dasypus novemcinctus,Dasypus novemcinctus,Dasypus novemcinctus,Dasypus novemcinctus,Dasypus novemcinctus,Dasypus novemcinctus,Dasypus novemcinctus,Euphractus sexcinctus,Cabassous,Chlamyphoridae,5,Crítico
1019,Cabassous tatouay,Euphractus sexcinctus,Euphractus sexcinctus,Euphractus sexcinctus,Euphractus sexcinctus,Euphractus sexcinctus,Dasypus novemcinctus,Euphractus sexcinctus,Euphractus sexcinctus,Euphractus sexcinctus,Euphractus sexcinctus,Euphractus sexcinctus,Cabassous,Chlamyphoridae,5,Crítico
1020,Cabassous tatouay,Euphractus sexcinctus,Euphractus sexcinctus,Euphractus sexcinctus,Euphractus sexcinctus,Euphractus sexcinctus,Dasypus novemcinctus,Euphractus sexcinctus,Euphractus sexcinctus,Euphractus sexcinctus,Euphractus sexcinctus,Euphractus sexcinctus,Cabassous,Chlamyphoridae,5,Crítico
1021,Cabassous tatouay,Procyon cancrivorus,Procyon cancrivorus,Cabassous tatouay,Cabassous tatouay,Procyon cancrivorus,Cerdocyon thous,Cerdocyon thous,Procyon cancrivorus,Procyon cancrivorus,Procyon cancrivorus,Procyon cancrivorus,Cabassous,Chlamyphoridae,5,Crítico
1022,Cabassous tatouay,Procyon cancrivorus,Cerdocyon thous,Cabassous tatouay,Cabassous tatouay,Dasypus novemcinctus,Cerdocyon thous,Cerdocyon thous,Cerdocyon thous,Cerdocyon thous,Cerdocyon thous,Procyon cancrivorus,Cabassous,Chlamyphoridae,5,Crítico
1023,Euphractus sexcinctus,Euphractus sexcinctus,Euphractus sexcinctus,Dasypus novemcinctus,Dasypus novemcinctus,Dasypus novemcinctus,Dasypus novemcinctus,Dasypus novemcinctus,Euphractus sexcinctus,Euphractus sexcinctus,Euphractus sexcinctus,Euphractus sexcinctus,Euphractus,Chlamyphoridae,1,Bajo
1024,Euphractus sexcinctus,Dasypus novemcinctus,Dasypus novemcinctus,Dasypus novemcinctus,Dasypus novemcinctus,Dasypus novemcinctus,Dasypus novemcinctus,Dasypus novemcinctus,Dasypus novemcinctus,Dasypus novemcinctus,Dasypus novemcinctus,Dasypus novemcinctus,Euphractus,Chlamyphoridae,1,Bajo
1025,Euphractus sexcinctus,Euphractus sexcinctus,Euphractus sexcinctus,Euphractus sexcinctus,Euphractus sexcinctus,Euphractus sexcinctus,Dasypus novemcinctus,Euphractus sexcinctus,Euphractus sexcinctus,Euphractus sexcinctus,Euphractus sexcinctus,Euphractus sexcinctus,Euphractus,Chlamyphoridae,1,Bajo
1027,Euphractus sexcinctus,Dasypus novemcinctus,Dasypus novemcinctus,Euphractus sexcinctus,Euphractus sexcinctus,Euphractus sexcinctus,Dasypus novemcinctus,Cerdocyon thous,Dasypus novemcinctus,Dasypus novemcinctus,Dasypus novemcinctus,Euphractus sexcinctus,Euphractus,Chlamyphoridae,1,Bajo
1028,Euphractus sexcinctus,Euphractus sexcinctus,Euphractus sexcinctus,Euphractus sexcinctus,Euphractus sexcinctus,Euphractus sexcinctus,Dasypus novemcinctus,Euphractus sexcinctus,Euphractus sexcinctus,Euphractus sexcinctus,Euphractus sexcinctus,Euphractus sexcinctus,Euphractus,Chlamyphoridae,1,Bajo
1029,Euphractus sexcinctus,Tamandua tetradactyla,Euphractus sexcinctus,Euphractus sexcinctus,Euphractus sexcinctus,Tamandua tetradactyla,Tamandua tetradactyla,Galictis cuja,Euphractus sexcinctus,Euphractus sexcinctus,Euphractus sexcinctus,Euphractus sexcinctus,Euphractus,Chlamyphoridae,1,Bajo
1030,Euphractus sexcinctus,Salvator merianae,Euphractus sexcinctus,Euphractus sexcinctus,Euphractus sexcinctus,Phrynops williamsi,Salvator merianae,Salvator merianae,Euphractus sexcinctus,Euphractus sexcinctus,Euphractus sexcinctus,Salvator merianae,Euphractus,Chlamyphoridae,1,Bajo
1031,Euphractus sexcinctus,Dasypus novemcinctus,Euphractus sexcinctus,Dasypus novemcinctus,Dasypus novemcinctus,Dasypus novemcinctus,Dasypus novemcinctus,Dasyprocta azarae,Euphractus sexcinctus,Euphractus sexcinctus,Euphractus sexcinctus,Dasypus novemcinctus,Euphractus,Chlamyphoridae,1,Bajo
1032,Euphractus sexcinctus,Euphractus sexcinctus,Dasypus novemcinctus,Dasypus novemcinctus,Dasypus novemcinctus,Dasypus novemcinctus,Dasypus novemcinctus,Euphractus sexcinctus,Dasypus novemcinctus,Dasypus novemcinctus,Dasypus novemcinctus,Euphractus sexcinctus,Euphractus,Chlamyphoridae,1,Bajo
1033,Euphractus sexcinctus,Euphractus sexcinctus,Euphractus sexcinctus,Euphractus sexcinctus,Dasypus novemcinctus,Euphractus sexcinctus,Dasypus novemcinctus,Dasypus novemcinctus,Euphractus sexcinctus,Euphractus sexcinctus,Euphractus sexcinctus,Euphractus sexcinctus,Euphractus,Chlamyphoridae,1,Bajo
1034,Euphractus sexcinctus,Dasypus novemcinctus,Dasypus novemcinctus,Dasypus novemcinctus,Dasypus novemcinctus,Dasypus novemcinctus,Dasypus novemcinctus,Pecari tajacu,Dasypus novemcinctus,Dasypus novemcinctus,Dasypus novemcinctus,Dasypus novemcinctus,Euphractus,Chlamyphoridae,1,Bajo
1035,Euphractus sexcinctus,Euphractus sexcinctus,Dasypus novemcinctus,Euphractus sexcinctus,Euphractus sexcinctus,Euphractus sexcinctus,Dasypus novemcinctus,Phrynops williamsi,Dasypus novemcinctus,Dasypus novemcinctus,Dasypus novemcinctus,Euphractus sexcinctus,Euphractus,Chlamyphoridae,1,Bajo
1039,Euphractus sexcinctus,Euphractus sexcinctus,Euphractus sexcinctus,Dasypus novemcinctus,Dasypus novemcinctus,Euphractus sexcinctus,Dasypus novemcinctus,Euphractus sexcinctus,Euphractus sexcinctus,Euphractus sexcinctus,Euphractus sexcinctus,Euphractus sexcinctus,Euphractus,Chlamyphoridae,1,Bajo
1040,Euphractus sexcinctus,Cuniculus paca,Puma concolor,Leopardus guttulus,Cuniculus paca,Dasypus novemcinctus,Leopardus guttulus,Dasypus novemcinctus,Puma concolor,Puma concolor,Puma concolor,Cuniculus paca,Euphractus,Chlamyphoridae,1,Bajo
1041,Euphractus sexcinctus,Euphractus sexcinctus,Euphractus sexcinctus,Euphractus sexcinctus,Euphractus sexcinctus,Euphractus sexcinctus,Dasypus novemcinctus,Dasypus novemcinctus,Euphractus sexcinctus,Euphractus sexcinctus,Euphractus sexcinctus,Euphractus sexcinctus,Euphractus,Chlamyphoridae,1,Bajo
1042,Euphractus sexcinctus,Euphractus sexcinctus,Euphractus sexcinctus,Euphractus sexcinctus,Euphractus sexcinctus,Euphractus sexcinctus,Dasypus novemcinctus,Dasypus novemcinctus,Euphractus sexcinctus,Euphractus sexcinctus,Euphractus sexcinctus,Euphractus sexcinctus,Euphractus,Chlamyphoridae,1,Bajo
1044,Euphractus sexcinctus,Euphractus sexcinctus,Euphractus sexcinctus,Euphractus sexcinctus,Dasypus novemcinctus,Euphractus sexcinctus,Dasypus novemcinctus,Euphractus sexcinctus,Euphractus sexcinctus,Euphractus sexcinctus,Euphractus sexcinctus,Euphractus sexcinctus,Euphractus,Chlamyphoridae,1,Bajo
1046,Euphractus sexcinctus,Euphractus sexcinctus,Euphractus sexcinctus,Dasypus novemcinctus,Euphractus sexcinctus,Euphractus sexcinctus,Dasypus novemcinctus,Dasypus novemcinctus,Euphractus sexcinctus,Euphractus sexcinctus,Euphractus sexcinctus,Euphractus sexcinctus,Euphractus,Chlamyphoridae,1,Bajo
1048,Euphractus sexcinctus,Dasypus novemcinctus,Euphractus sexcinctus,Dasypus novemcinctus,Dasypus novemcinctus,Dasypus novemcinctus,Dasypus novemcinctus,Euphractus sexcinctus,Euphractus sexcinctus,Euphractus sexcinctus,Euphractus sexcinctus,Euphractus sexcinctus,Euphractus,Chlamyphoridae,1,Bajo
1049,Euphractus sexcinctus,Hydrochoerus hydrochaeris,Hydrochoerus hydrochaeris,Hydrochoerus hydrochaeris,Hydrochoerus hydrochaeris,Hydrochoerus hydrochaeris,Hydrochoerus hydrochaeris,Hydrochoerus hydrochaeris,Hydrochoerus hydrochaeris,Hydrochoerus hydrochaeris,Hydrochoerus hydrochaeris,Hydrochoerus hydrochaeris,Euphractus,Chlamyphoridae,1,Bajo
1050,Euphractus sexcinctus,Euphractus sexcinctus,Dasypus novemcinctus,Euphractus sexcinctus,Dasypus novemcinctus,Dasypus novemcinctus,Dasypus novemcinctus,Dasypus novemcinctus,Dasypus novemcinctus,Dasypus novemcinctus,Dasypus novemcinctus,Euphractus sexcinctus,Euphractus,Chlamyphoridae,1,Bajo
1051,Euphractus sexcinctus,Euphractus sexcinctus,Euphractus sexcinctus,Dasypus novemcinctus,Dasypus novemcinctus,Dasypus novemcinctus,Dasypus novemcinctus,Dasypus novemcinctus,Euphractus sexcinctus,Euphractus sexcinctus,Euphractus sexcinctus,Dasypus novemcinctus,Euphractus,Chlamyphoridae,1,Bajo
1052,Euphractus sexcinctus,Galictis cuja,Pecari tajacu,Pecari tajacu,Pecari tajacu,Galictis cuja,Galictis cuja,Galictis cuja,Pecari tajacu,Pecari tajacu,Pecari tajacu,Galictis cuja,Euphractus,Chlamyphoridae,1,Bajo
1053,Euphractus sexcinctus,Euphractus sexcinctus,Dasypus novemcinctus,Dasypus novemcinctus,Dasypus novemcinctus,Dasypus novemcinctus,Dasypus novemcinctus,Dasypus novemcinctus,Dasypus novemcinctus,Dasypus novemcinctus,Dasypus novemcinctus,Euphractus sexcinctus,Euphractus,Chlamyphoridae,1,Bajo
1054,Euphractus sexcinctus,Procyon cancrivorus,Tamandua tetradactyla,Cabassous tatouay,Cabassous tatouay,Cabassous tatouay,Galictis cuja,Dasypus novemcinctus,Tamandua tetradactyla,Tamandua tetradactyla,Tamandua tetradactyla,Cabassous tatouay,Euphractus,Chlamyphoridae,1,Bajo
1055,Euphractus sexcinctus,Dasypus novemcinctus,Euphractus sexcinctus,Dasypus novemcinctus,Dasypus novemcinctus,Dasypus novemcinctus,Dasypus novemcinctus,Pecari tajacu,Euphractus sexcinctus,Euphractus sexcinctus,Euphractus sexcinctus,Dasypus novemcinctus,Euphractus,Chlamyphoridae,1,Bajo
1056,Euphractus sexcinctus,Euphractus sexcinctus,Euphractus sexcinctus,Euphractus sexcinctus,Euphractus sexcinctus,Euphractus sexcinctus,Dasypus novemcinctus,Euphractus sexcinctus,Euphractus sexcinctus,Euphractus sexcinctus,Euphractus sexcinctus,Euphractus sexcinctus,Euphractus,Chlamyphoridae,1,Bajo
1057,Euphractus sexcinctus,Euphractus sexcinctus,Euphractus sexcinctus,Euphractus sexcinctus,Euphractus sexcinctus,Euphractus sexcinctus,Tamandua tetradactyla,Lontra longicaudis,Euphractus sexcinctus,Euphractus sexcinctus,Euphractus sexcinctus,Euphractus sexcinctus,Euphractus,Chlamyphoridae,1,Bajo
1058,Euphractus sexcinctus,Euphractus sexcinctus,Dasypus novemcinctus,Dasypus novemcinctus,Dasypus novemcinctus,Dasypus novemcinctus,Dasypus novemcinctus,Dasypus novemcinctus,Dasypus novemcinctus,Dasypus novemcinctus,Dasypus novemcinctus,Euphractus sexcinctus,Euphractus,Chlamyphoridae,1,Bajo
1059,Geotrygon montana,Geotrygon montana,Geotrygon montana,Geotrygon montana,Geotrygon montana,Geotrygon montana,Geotrygon montana,Leptotila rufaxilla,Geotrygon montana,Geotrygon montana,Geotrygon montana,Geotrygon montana,Geotrygon,Columbidae,1,Bajo
1060,Geotrygon montana,Nyctidromus albicollis,Dasyprocta azarae,Dasyprocta azarae,Dasyprocta azarae,Sapajus nigritus,Sapajus nigritus,Conopophaga lineata,Dasyprocta azarae,Dasyprocta azarae,Dasyprocta azarae,Myiothlypis leucoblephara,Geotrygon,Columbidae,1,Bajo
1061,Geotrygon montana,Geotrygon montana,Geotrygon montana,Geotrygon montana,Geotrygon montana,Geotrygon montana,Geotrygon montana,Habia rubica,Geotrygon montana,Geotrygon montana,Geotrygon montana,Geotrygon montana,Geotrygon,Columbidae,1,Bajo
1062,Geotrygon montana,Geotrygon montana,Geotrygon montana,Geotrygon montana,Geotrygon montana,Geotrygon montana,Geotrygon montana,Leptotila verreauxi,Geotrygon montana,Geotrygon montana,Geotrygon montana,Geotrygon montana,Geotrygon,Columbidae,1,Bajo
1063,Geotrygon montana,Geotrygon montana,Geotrygon montana,Geotrygon montana,Geotrygon montana,Geotrygon montana,Geotrygon montana,Aramides saracura,Geotrygon montana,Geotrygon montana,Geotrygon montana,Geotrygon montana,Geotrygon,Columbidae,1,Bajo
1065,Geotrygon montana,Geotrygon montana,Geotrygon montana,Geotrygon montana,Geotrygon montana,Geotrygon montana,Geotrygon montana,Leptotila rufaxilla,Geotrygon montana,Geotrygon montana,Geotrygon montana,Geotrygon montana,Geotrygon,Columbidae,1,Bajo
1066,Geotrygon montana,Geotrygon montana,Geotrygon montana,Geotrygon montana,Geotrygon montana,Nyctidromus albicollis,Leptotila rufaxilla,Geotrygon montana,Geotrygon montana,Geotrygon montana,Geotrygon montana,Geotrygon montana,Geotrygon,Columbidae,1,Bajo
1067,Geotrygon montana,Crypturellus obsoletus,Crypturellus obsoletus,Crypturellus obsoletus,Aramides saracura,Grallaria varia,Crypturellus obsoletus,Aramides saracura,Crypturellus obsoletus,Crypturellus obsoletus,Crypturellus obsoletus,Crypturellus obsoletus,Geotrygon,Columbidae,1,Bajo
1068,Geotrygon montana,Geotrygon montana,Nyctidromus albicollis,Crypturellus obsoletus,Crypturellus obsoletus,Nyctidromus albicollis,Nyctidromus albicollis,Nyctidromus albicollis,Nyctidromus albicollis,Nyctidromus albicollis,Nyctidromus albicollis,Geotrygon montana,Geotrygon,Columbidae,1,Bajo
1069,Geotrygon montana,Leptotila rufaxilla,Leptotila rufaxilla,Geotrygon montana,Leptotila rufaxilla,Leptotila rufaxilla,Leptotila rufaxilla,Leptotila rufaxilla,Leptotila rufaxilla,Leptotila rufaxilla,Leptotila rufaxilla,Leptotila rufaxilla,Geotrygon,Columbidae,1,Bajo
1070,Geotrygon montana,Geotrygon montana,Geotrygon montana,Geotrygon montana,Geotrygon montana,Geotrygon montana,Geotrygon montana,Leptotila rufaxilla,Geotrygon montana,Geotrygon montana,Geotrygon montana,Geotrygon montana,Geotrygon,Columbidae,1,Bajo
1071,Geotrygon montana,Nyctidromus albicollis,Leptotila rufaxilla,Kannabateomys amblyonyx,Crypturellus obsoletus,Kannabateomys amblyonyx,Galictis cuja,Hydropsalis torquata,Leptotila rufaxilla,Leptotila rufaxilla,Leptotila rufaxilla,Kannabateomys amblyonyx,Geotrygon,Columbidae,1,Bajo
1072,Geotrygon montana,Geotrygon montana,Geotrygon montana,Geotrygon montana,Aramides saracura,Geotrygon montana,Geotrygon montana,Aramides saracura,Geotrygon montana,Geotrygon montana,Geotrygon montana,Geotrygon montana,Geotrygon,Columbidae,1,Bajo
1073,Geotrygon montana,Geotrygon montana,Geotrygon montana,Chamaeza campanisona,Geotrygon montana,Geotrygon montana,Geotrygon montana,Geotrygon montana,Geotrygon montana,Geotrygon montana,Geotrygon montana,Geotrygon montana,Geotrygon,Columbidae,1,Bajo
1074,Geotrygon montana,Geotrygon montana,Geotrygon montana,Geotrygon montana,Aramides saracura,Geotrygon montana,Geotrygon montana,Geotrygon montana,Geotrygon montana,Geotrygon montana,Geotrygon montana,Geotrygon montana,Geotrygon,Columbidae,1,Bajo
1075,Geotrygon montana,Crypturellus obsoletus,Leptotila rufaxilla,Aramides saracura,Crypturellus obsoletus,Leptotila rufaxilla,Aramides saracura,Geotrygon montana,Leptotila rufaxilla,Leptotila rufaxilla,Leptotila rufaxilla,Crypturellus obsoletus,Geotrygon,Columbidae,1,Bajo
1076,Geotrygon montana,Geotrygon montana,Geotrygon montana,Geotrygon montana,Geotrygon montana,Geotrygon montana,Geotrygon montana,Tinamus solitarius,Geotrygon montana,Geotrygon montana,Geotrygon montana,Geotrygon montana,Geotrygon,Columbidae,1,Bajo
1077,Geotrygon montana,Geotrygon montana,Geotrygon montana,Geotrygon montana,Geotrygon montana,Geotrygon montana,Geotrygon montana,Geotrygon montana,Geotrygon montana,Geotrygon montana,Geotrygon montana,Geotrygon montana,Geotrygon,Columbidae,1,Bajo
1079,Geotrygon montana,Geotrygon montana,Geotrygon montana,Geotrygon montana,Geotrygon montana,Geotrygon montana,Geotrygon montana,Aramides saracura,Geotrygon montana,Geotrygon montana,Geotrygon montana,Geotrygon montana,Geotrygon,Columbidae,1,Bajo
1081,Geotrygon montana,Geotrygon montana,Geotrygon montana,Geotrygon montana,Geotrygon montana,Geotrygon montana,Geotrygon montana,Geotrygon montana,Geotrygon montana,Geotrygon montana,Geotrygon montana,Geotrygon montana,Geotrygon,Columbidae,1,Bajo
1082,Geotrygon montana,Geotrygon montana,Geotrygon montana,Geotrygon montana,Geotrygon montana,Geotrygon montana,Geotrygon montana,Geotrygon montana,Geotrygon montana,Geotrygon montana,Geotrygon montana,Geotrygon montana,Geotrygon,Columbidae,1,Bajo
1083,Geotrygon montana,Leopardus wiedii,Leptotila verreauxi,Dasyprocta azarae,Aramides saracura,Leptotila verreauxi,Eira barbara,Alouatta guariba clamitans,Leptotila verreauxi,Leptotila verreauxi,Leptotila verreauxi,Leopardus wiedii,Geotrygon,Columbidae,1,Bajo
1085,Geotrygon montana,Geotrygon montana,Aramides saracura,Aramides saracura,Aramides saracura,Geotrygon montana,Aramides saracura,Leptotila rufaxilla,Aramides saracura,Aramides saracura,Aramides saracura,Geotrygon montana,Geotrygon,Columbidae,1,Bajo
1087,Geotrygon montana,Geotrygon montana,Geotrygon montana,Geotrygon montana,Geotrygon montana,Geotrygon montana,Geotrygon montana,Geotrygon montana,Geotrygon montana,Geotrygon montana,Geotrygon montana,Geotrygon montana,Geotrygon,Columbidae,1,Bajo
1088,Geotrygon montana,Geotrygon montana,Geotrygon montana,Geotrygon montana,Geotrygon montana,Geotrygon montana,Leptotila rufaxilla,Leptotila rufaxilla,Geotrygon montana,Geotrygon montana,Geotrygon montana,Geotrygon montana,Geotrygon,Columbidae,1,Bajo
1090,Geotrygon montana,Tamandua tetradactyla,Myrmecophaga tridactyla,Didelphis aurita,Didelphis aurita,Tamandua tetradactyla,Tamandua tetradactyla,Amazona aestiva,Myrmecophaga tridactyla,Myrmecophaga tridactyla,Myrmecophaga tridactyla,Tamandua tetradactyla,Geotrygon,Columbidae,1,Bajo
1091,Leptotila rufaxilla,Leptotila rufaxilla,Leptotila rufaxilla,Leptotila rufaxilla,Leptotila rufaxilla,Leptotila rufaxilla,Leptotila rufaxilla,Leptotila rufaxilla,Leptotila rufaxilla,Leptotila rufaxilla,Leptotila rufaxilla,Leptotila rufaxilla,Leptotila,Columbidae,1,Bajo
1092,Leptotila rufaxilla,Leptotila rufaxilla,Crypturellus obsoletus,Crypturellus obsoletus,Leptotila rufaxilla,Leptotila rufaxilla,Leptotila rufaxilla,Leptotila rufaxilla,Crypturellus obsoletus,Crypturellus obsoletus,Crypturellus obsoletus,Leptotila rufaxilla,Leptotila,Columbidae,1,Bajo
1093,Leptotila rufaxilla,Leptotila rufaxilla,Leptotila rufaxilla,Leptotila rufaxilla,Leptotila rufaxilla,Leptotila rufaxilla,Leptotila rufaxilla,Leptotila rufaxilla,Leptotila rufaxilla,Leptotila rufaxilla,Leptotila rufaxilla,Leptotila rufaxilla,Leptotila,Columbidae,1,Bajo
1096,Leptotila rufaxilla,Leptotila rufaxilla,Leptotila rufaxilla,Leptotila rufaxilla,Leptotila rufaxilla,Leptotila rufaxilla,Leptotila rufaxilla,Leptotila rufaxilla,Leptotila rufaxilla,Leptotila rufaxilla,Leptotila rufaxilla,Leptotila rufaxilla,Leptotila,Columbidae,1,Bajo
1097,Leptotila rufaxilla,Leptotila rufaxilla,Leptotila rufaxilla,Leptotila rufaxilla,Leptotila rufaxilla,Leptotila rufaxilla,Leptotila rufaxilla,Leptotila rufaxilla,Leptotila rufaxilla,Leptotila rufaxilla,Leptotila rufaxilla,Leptotila rufaxilla,Leptotila,Columbidae,1,Bajo
1098,Leptotila rufaxilla,Leptotila rufaxilla,Leptotila rufaxilla,Leptotila rufaxilla,Leptotila rufaxilla,Leptotila rufaxilla,Leptotila rufaxilla,Leptotila rufaxilla,Leptotila rufaxilla,Leptotila rufaxilla,Leptotila rufaxilla,Leptotila rufaxilla,Leptotila,Columbidae,1,Bajo
1099,Leptotila rufaxilla,Leptotila rufaxilla,Leptotila verreauxi,Leptotila verreauxi,Leptotila verreauxi,Leptotila rufaxilla,Leptotila rufaxilla,Leptotila rufaxilla,Leptotila verreauxi,Leptotila verreauxi,Leptotila verreauxi,Leptotila rufaxilla,Leptotila,Columbidae,1,Bajo
1100,Leptotila rufaxilla,Leptotila rufaxilla,Leptotila rufaxilla,Leptotila rufaxilla,Leptotila rufaxilla,Leptotila rufaxilla,Leptotila rufaxilla,Leptotila rufaxilla,Leptotila rufaxilla,Leptotila rufaxilla,Leptotila rufaxilla,Leptotila rufaxilla,Leptotila,Columbidae,1,Bajo
1101,Leptotila rufaxilla,Leptotila rufaxilla,Leptotila rufaxilla,Leptotila rufaxilla,Leptotila rufaxilla,Leptotila rufaxilla,Leptotila rufaxilla,Leptotila rufaxilla,Leptotila rufaxilla,Leptotila rufaxilla,Leptotila rufaxilla,Leptotila rufaxilla,Leptotila,Columbidae,1,Bajo
1102,Leptotila rufaxilla,Leptotila rufaxilla,Leptotila rufaxilla,Leptotila rufaxilla,Leptotila rufaxilla,Leptotila rufaxilla,Leptotila rufaxilla,Leptotila rufaxilla,Leptotila rufaxilla,Leptotila rufaxilla,Leptotila rufaxilla,Leptotila rufaxilla,Leptotila,Columbidae,1,Bajo
1103,Leptotila rufaxilla,Leptotila rufaxilla,Leptotila rufaxilla,Leptotila rufaxilla,Leptotila rufaxilla,Leptotila rufaxilla,Leptotila rufaxilla,Leptotila verreauxi,Leptotila rufaxilla,Leptotila rufaxilla,Leptotila rufaxilla,Leptotila rufaxilla,Leptotila,Columbidae,1,Bajo
1104,Leptotila rufaxilla,Leptotila rufaxilla,Leptotila rufaxilla,Leptotila rufaxilla,Leptotila rufaxilla,Leptotila rufaxilla,Leptotila rufaxilla,Leptotila rufaxilla,Leptotila rufaxilla,Leptotila rufaxilla,Leptotila rufaxilla,Leptotila rufaxilla,Leptotila,Columbidae,1,Bajo
1105,Leptotila rufaxilla,Leptotila rufaxilla,Leptotila rufaxilla,Leptotila rufaxilla,Leptotila rufaxilla,Leptotila rufaxilla,Leptotila rufaxilla,Leptotila rufaxilla,Leptotila rufaxilla,Leptotila rufaxilla,Leptotila rufaxilla,Leptotila rufaxilla,Leptotila,Columbidae,1,Bajo
1106,Leptotila rufaxilla,Leptotila rufaxilla,Leptotila rufaxilla,Leptotila rufaxilla,Leptotila rufaxilla,Leptotila rufaxilla,Leptotila rufaxilla,Leptotila rufaxilla,Leptotila rufaxilla,Leptotila rufaxilla,Leptotila rufaxilla,Leptotila rufaxilla,Leptotila,Columbidae,1,Bajo
1107,Leptotila rufaxilla,Leptotila rufaxilla,Leptotila rufaxilla,Leptotila rufaxilla,Leptotila rufaxilla,Leptotila rufaxilla,Leptotila rufaxilla,Aramides saracura,Leptotila rufaxilla,Leptotila rufaxilla,Leptotila rufaxilla,Leptotila rufaxilla,Leptotila,Columbidae,1,Bajo
1109,Leptotila rufaxilla,Crypturellus tataupa,Aramides saracura,Aramides saracura,Aramides saracura,Leptotila rufaxilla,Aramides saracura,Aramides saracura,Aramides saracura,Aramides saracura,Aramides saracura,Crypturellus tataupa,Leptotila,Columbidae,1,Bajo
1110,Leptotila rufaxilla,Leptotila rufaxilla,Leptotila rufaxilla,Leptotila rufaxilla,Leptotila rufaxilla,Leptotila rufaxilla,Leptotila rufaxilla,Leptotila rufaxilla,Leptotila rufaxilla,Leptotila rufaxilla,Leptotila rufaxilla,Leptotila rufaxilla,Leptotila,Columbidae,1,Bajo
1111,Leptotila rufaxilla,Leptotila rufaxilla,Leptotila rufaxilla,Leptotila rufaxilla,Leptotila rufaxilla,Leptotila rufaxilla,Leptotila rufaxilla,Leptotila rufaxilla,Leptotila rufaxilla,Leptotila rufaxilla,Leptotila rufaxilla,Leptotila rufaxilla,Leptotila,Columbidae,1,Bajo
1112,Leptotila rufaxilla,Leptotila rufaxilla,Leptotila rufaxilla,Leptotila rufaxilla,Leptotila rufaxilla,Leptotila rufaxilla,Leptotila rufaxilla,Leptotila rufaxilla,Leptotila rufaxilla,Leptotila rufaxilla,Leptotila rufaxilla,Leptotila rufaxilla,Leptotila,Columbidae,1,Bajo
1113,Leptotila rufaxilla,Leptotila rufaxilla,Leptotila rufaxilla,Leptotila rufaxilla,Leptotila rufaxilla,Leptotila rufaxilla,Leptotila rufaxilla,Leptotila rufaxilla,Leptotila rufaxilla,Leptotila rufaxilla,Leptotila rufaxilla,Leptotila rufaxilla,Leptotila,Columbidae,1,Bajo
1114,Leptotila rufaxilla,Leptotila rufaxilla,Leptotila rufaxilla,Leptotila rufaxilla,Leptotila rufaxilla,Leptotila rufaxilla,Leptotila rufaxilla,Leptotila rufaxilla,Leptotila rufaxilla,Leptotila rufaxilla,Leptotila rufaxilla,Leptotila rufaxilla,Leptotila,Columbidae,1,Bajo
1115,Leptotila rufaxilla,Leptotila rufaxilla,Leptotila rufaxilla,Leptotila rufaxilla,Leptotila rufaxilla,Leptotila rufaxilla,Leptotila rufaxilla,Leptotila rufaxilla,Leptotila rufaxilla,Leptotila rufaxilla,Leptotila rufaxilla,Leptotila rufaxilla,Leptotila,Columbidae,1,Bajo
1116,Leptotila rufaxilla,Geotrygon montana,Leptotila rufaxilla,Leptotila rufaxilla,Leptotila rufaxilla,Leptotila rufaxilla,Leptotila rufaxilla,Baryphthengus ruficapillus,Leptotila rufaxilla,Leptotila rufaxilla,Leptotila rufaxilla,Geotrygon montana,Leptotila,Columbidae,1,Bajo
1117,Leptotila rufaxilla,Leptotila rufaxilla,Leptotila rufaxilla,Leptotila rufaxilla,Leptotila rufaxilla,Leptotila rufaxilla,Leptotila rufaxilla,Leptotila rufaxilla,Leptotila rufaxilla,Leptotila rufaxilla,Leptotila rufaxilla,Leptotila rufaxilla,Leptotila,Columbidae,1,Bajo
1118,Leptotila rufaxilla,Leptotila rufaxilla,Leptotila rufaxilla,Leptotila rufaxilla,Leptotila rufaxilla,Leptotila rufaxilla,Leptotila rufaxilla,Leptotila rufaxilla,Leptotila rufaxilla,Leptotila rufaxilla,Leptotila rufaxilla,Leptotila rufaxilla,Leptotila,Columbidae,1,Bajo
1120,Leptotila rufaxilla,Leptotila rufaxilla,Leptotila rufaxilla,Leptotila rufaxilla,Leptotila rufaxilla,Leptotila rufaxilla,Leptotila rufaxilla,Leptotila rufaxilla,Leptotila rufaxilla,Leptotila rufaxilla,Leptotila rufaxilla,Leptotila rufaxilla,Leptotila,Columbidae,1,Bajo
1121,Leptotila rufaxilla,Leptotila rufaxilla,Leptotila rufaxilla,Leptotila rufaxilla,Leptotila rufaxilla,Leptotila rufaxilla,Leptotila rufaxilla,Leptotila rufaxilla,Leptotila rufaxilla,Leptotila rufaxilla,Leptotila rufaxilla,Leptotila rufaxilla,Leptotila,Columbidae,1,Bajo
1122,Leptotila rufaxilla,Leptotila rufaxilla,Leptotila rufaxilla,Leptotila rufaxilla,Leptotila rufaxilla,Leptotila rufaxilla,Leptotila rufaxilla,Leptotila rufaxilla,Leptotila rufaxilla,Leptotila rufaxilla,Leptotila rufaxilla,Leptotila rufaxilla,Leptotila,Columbidae,1,Bajo
1125,Leptotila rufaxilla,Leptotila rufaxilla,Leptotila rufaxilla,Leptotila rufaxilla,Leptotila rufaxilla,Leptotila rufaxilla,Leptotila rufaxilla,Leptotila rufaxilla,Leptotila rufaxilla,Leptotila rufaxilla,Leptotila rufaxilla,Leptotila rufaxilla,Leptotila,Columbidae,1,Bajo
1127,Leptotila rufaxilla,Leptotila rufaxilla,Leptotila rufaxilla,Leptotila rufaxilla,Leptotila rufaxilla,Leptotila rufaxilla,Leptotila rufaxilla,Leptotila rufaxilla,Leptotila rufaxilla,Leptotila rufaxilla,Leptotila rufaxilla,Leptotila rufaxilla,Leptotila,Columbidae,1,Bajo
1128,Leptotila rufaxilla,Leptotila rufaxilla,Leptotila rufaxilla,Leptotila rufaxilla,Leptotila rufaxilla,Leptotila rufaxilla,Leptotila rufaxilla,Leptotila rufaxilla,Leptotila rufaxilla,Leptotila rufaxilla,Leptotila rufaxilla,Leptotila rufaxilla,Leptotila,Columbidae,1,Bajo
1129,Leptotila rufaxilla,Leptotila verreauxi,Leptotila rufaxilla,Leptotila rufaxilla,Leptotila rufaxilla,Leptotila verreauxi,Leptotila verreauxi,Leptotila verreauxi,Leptotila rufaxilla,Leptotila rufaxilla,Leptotila rufaxilla,Leptotila verreauxi,Leptotila,Columbidae,1,Bajo
1131,Leptotila rufaxilla,Leptotila rufaxilla,Leptotila rufaxilla,Leptotila rufaxilla,Leptotila rufaxilla,Leptotila rufaxilla,Leptotila rufaxilla,Leptotila rufaxilla,Leptotila rufaxilla,Leptotila rufaxilla,Leptotila rufaxilla,Leptotila rufaxilla,Leptotila,Columbidae,1,Bajo
1132,Leptotila rufaxilla,Leptotila verreauxi,Cyanoloxia brissonii,Cyanoloxia brissonii,Cyanoloxia brissonii,Cyanoloxia brissonii,Leptotila verreauxi,Cyanocorax chrysops,Cyanoloxia brissonii,Cyanoloxia brissonii,Cyanoloxia brissonii,Leptotila verreauxi,Leptotila,Columbidae,1,Bajo
1133,Leptotila rufaxilla,Leptotila rufaxilla,Leptotila rufaxilla,Leptotila rufaxilla,Leptotila rufaxilla,Leptotila rufaxilla,Leptotila rufaxilla,Leptotila rufaxilla,Leptotila rufaxilla,Leptotila rufaxilla,Leptotila rufaxilla,Leptotila rufaxilla,Leptotila,Columbidae,1,Bajo
1134,Leptotila rufaxilla,Leptotila rufaxilla,Leptotila rufaxilla,Leptotila rufaxilla,Leptotila rufaxilla,Leptotila rufaxilla,Leptotila rufaxilla,Leptotila rufaxilla,Leptotila rufaxilla,Leptotila rufaxilla,Leptotila rufaxilla,Leptotila rufaxilla,Leptotila,Columbidae,1,Bajo
1135,Leptotila rufaxilla,Leptotila rufaxilla,Leptotila rufaxilla,Leptotila rufaxilla,Leptotila rufaxilla,Leptotila rufaxilla,Leptotila rufaxilla,Aramides saracura,Leptotila rufaxilla,Leptotila rufaxilla,Leptotila rufaxilla,Leptotila rufaxilla,Leptotila,Columbidae,1,Bajo
1137,Leptotila rufaxilla,Leptotila rufaxilla,Leptotila verreauxi,Leptotila rufaxilla,Leptotila rufaxilla,Leptotila rufaxilla,Leptotila rufaxilla,Leptotila rufaxilla,Leptotila verreauxi,Leptotila verreauxi,Leptotila verreauxi,Leptotila rufaxilla,Leptotila,Columbidae,1,Bajo
1138,Leptotila rufaxilla,Herpailurus yagouaroundi,Dasyprocta azarae,Tapirus terrestris,Dasyprocta azarae,Leptotila rufaxilla,Lontra longicaudis,Dasypus novemcinctus,Dasyprocta azarae,Dasyprocta azarae,Dasyprocta azarae,Herpailurus yagouaroundi,Leptotila,Columbidae,1,Bajo
1140,Leptotila rufaxilla,Leptotila rufaxilla,Leptotila rufaxilla,Leptotila rufaxilla,Leptotila rufaxilla,Leptotila rufaxilla,Leptotila rufaxilla,Leptotila rufaxilla,Leptotila rufaxilla,Leptotila rufaxilla,Leptotila rufaxilla,Leptotila rufaxilla,Leptotila,Columbidae,1,Bajo
1142,Leptotila rufaxilla,Leptotila rufaxilla,Leptotila rufaxilla,Leptotila rufaxilla,Leptotila rufaxilla,Leptotila rufaxilla,Leptotila rufaxilla,Leptotila rufaxilla,Leptotila rufaxilla,Leptotila rufaxilla,Leptotila rufaxilla,Leptotila rufaxilla,Leptotila,Columbidae,1,Bajo
1143,Leptotila rufaxilla,Leptotila rufaxilla,Leptotila rufaxilla,Leptotila rufaxilla,Leptotila rufaxilla,Leptotila rufaxilla,Leptotila rufaxilla,Leptotila rufaxilla,Leptotila rufaxilla,Leptotila rufaxilla,Leptotila rufaxilla,Leptotila rufaxilla,Leptotila,Columbidae,1,Bajo
1144,Leptotila rufaxilla,Geotrygon montana,Leptotila rufaxilla,Leptotila rufaxilla,Leptotila rufaxilla,Leptotila rufaxilla,Leptotila rufaxilla,Geotrygon montana,Leptotila rufaxilla,Leptotila rufaxilla,Leptotila rufaxilla,Geotrygon montana,Leptotila,Columbidae,1,Bajo
1145,Leptotila rufaxilla,Leptotila rufaxilla,Leptotila rufaxilla,Leptotila rufaxilla,Leptotila rufaxilla,Leptotila rufaxilla,Leptotila rufaxilla,Leptotila rufaxilla,Leptotila rufaxilla,Leptotila rufaxilla,Leptotila rufaxilla,Leptotila rufaxilla,Leptotila,Columbidae,1,Bajo
1147,Leptotila rufaxilla,Leptotila rufaxilla,Leptotila rufaxilla,Leptotila rufaxilla,Leptotila rufaxilla,Leptotila rufaxilla,Leptotila rufaxilla,Leptotila rufaxilla,Leptotila rufaxilla,Leptotila rufaxilla,Leptotila rufaxilla,Leptotila rufaxilla,Leptotila,Columbidae,1,Bajo
1148,Leptotila rufaxilla,Leptotila rufaxilla,Leptotila rufaxilla,Leptotila rufaxilla,Leptotila rufaxilla,Leptotila rufaxilla,Leptotila rufaxilla,Leptotila rufaxilla,Leptotila rufaxilla,Leptotila rufaxilla,Leptotila rufaxilla,Leptotila rufaxilla,Leptotila,Columbidae,1,Bajo
1149,Leptotila rufaxilla,Leptotila verreauxi,Leptotila verreauxi,Aramides saracura,Aramides saracura,Tinamus solitarius,Leptotila verreauxi,Turdus albicollis,Leptotila verreauxi,Leptotila verreauxi,Leptotila verreauxi,Leptotila verreauxi,Leptotila,Columbidae,1,Bajo
1150,Leptotila rufaxilla,Leptotila verreauxi,Turdus albicollis,Leptotila verreauxi,Leptotila verreauxi,Conopophaga lineata,Turdus albicollis,Leptotila rufaxilla,Turdus albicollis,Turdus albicollis,Turdus albicollis,Leptotila verreauxi,Leptotila,Columbidae,1,Bajo
1151,Leptotila rufaxilla,Leptotila rufaxilla,Leptotila rufaxilla,Leptotila rufaxilla,Leptotila rufaxilla,Leptotila rufaxilla,Leptotila rufaxilla,Leptotila rufaxilla,Leptotila rufaxilla,Leptotila rufaxilla,Leptotila rufaxilla,Leptotila rufaxilla,Leptotila,Columbidae,1,Bajo
1152,Leptotila rufaxilla,Leptotila rufaxilla,Leptotila rufaxilla,Leptotila rufaxilla,Leptotila rufaxilla,Leptotila rufaxilla,Leptotila rufaxilla,Leptotila rufaxilla,Leptotila rufaxilla,Leptotila rufaxilla,Leptotila rufaxilla,Leptotila rufaxilla,Leptotila,Columbidae,1,Bajo
1153,Leptotila rufaxilla,Leptotila rufaxilla,Leptotila rufaxilla,Leptotila rufaxilla,Leptotila rufaxilla,Leptotila rufaxilla,Leptotila rufaxilla,Leptotila rufaxilla,Leptotila rufaxilla,Leptotila rufaxilla,Leptotila rufaxilla,Leptotila rufaxilla,Leptotila,Columbidae,1,Bajo
1155,Leptotila rufaxilla,Leptotila rufaxilla,Leptotila rufaxilla,Leptotila rufaxilla,Leptotila rufaxilla,Leptotila rufaxilla,Leptotila rufaxilla,Leptotila rufaxilla,Leptotila rufaxilla,Leptotila rufaxilla,Leptotila rufaxilla,Leptotila rufaxilla,Leptotila,Columbidae,1,Bajo
1156,Leptotila rufaxilla,Leptotila rufaxilla,Leptotila rufaxilla,Leptotila rufaxilla,Leptotila rufaxilla,Leptotila rufaxilla,Leptotila rufaxilla,Leptotila verreauxi,Leptotila rufaxilla,Leptotila rufaxilla,Leptotila rufaxilla,Leptotila rufaxilla,Leptotila,Columbidae,1,Bajo
1157,Leptotila rufaxilla,Crypturellus obsoletus,Leptotila rufaxilla,Aramides saracura,Crypturellus obsoletus,Crypturellus obsoletus,Crypturellus obsoletus,Leptotila verreauxi,Leptotila rufaxilla,Leptotila rufaxilla,Leptotila rufaxilla,Crypturellus obsoletus,Leptotila,Columbidae,1,Bajo
1158,Leptotila rufaxilla,Leptotila rufaxilla,Leptotila rufaxilla,Leptotila rufaxilla,Leptotila rufaxilla,Leptotila rufaxilla,Leptotila rufaxilla,Leptotila rufaxilla,Leptotila rufaxilla,Leptotila rufaxilla,Leptotila rufaxilla,Leptotila rufaxilla,Leptotila,Columbidae,1,Bajo
1159,Leptotila verreauxi,Leptotila verreauxi,Leptotila verreauxi,Leptotila verreauxi,Leptotila verreauxi,Leptotila verreauxi,Leptotila verreauxi,Leptotila verreauxi,Leptotila verreauxi,Leptotila verreauxi,Leptotila verreauxi,Leptotila verreauxi,Leptotila,Columbidae,1,Bajo
1161,Leptotila verreauxi,Leptotila rufaxilla,Leptotila rufaxilla,Leptotila rufaxilla,Leptotila rufaxilla,Leptotila rufaxilla,Leptotila rufaxilla,Leptotila rufaxilla,Leptotila rufaxilla,Leptotila rufaxilla,Leptotila rufaxilla,Leptotila rufaxilla,Leptotila,Columbidae,1,Bajo
1162,Leptotila verreauxi,Leptotila verreauxi,Leptotila verreauxi,Leptotila verreauxi,Leptotila rufaxilla,Leptotila verreauxi,Leptotila verreauxi,Leptotila verreauxi,Leptotila verreauxi,Leptotila verreauxi,Leptotila verreauxi,Leptotila verreauxi,Leptotila,Columbidae,1,Bajo
1163,Leptotila verreauxi,Leptotila verreauxi,Leptotila verreauxi,Leptotila verreauxi,Leptotila verreauxi,Leptotila verreauxi,Leptotila verreauxi,Leptotila verreauxi,Leptotila verreauxi,Leptotila verreauxi,Leptotila verreauxi,Leptotila verreauxi,Leptotila,Columbidae,1,Bajo
1164,Leptotila verreauxi,Turdus rufiventris,Crypturellus tataupa,Crypturellus tataupa,Crypturellus tataupa,Manacus manacus,Turdus rufiventris,Turdus rufiventris,Crypturellus tataupa,Crypturellus tataupa,Crypturellus tataupa,Turdus rufiventris,Leptotila,Columbidae,1,Bajo
1165,Leptotila verreauxi,Leptotila verreauxi,Leptotila verreauxi,Leptotila verreauxi,Leptotila verreauxi,Leptotila verreauxi,Leptotila verreauxi,Leptotila verreauxi,Leptotila verreauxi,Leptotila verreauxi,Leptotila verreauxi,Leptotila verreauxi,Leptotila,Columbidae,1,Bajo
1166,Leptotila verreauxi,Leptotila rufaxilla,Leptotila rufaxilla,Leptotila rufaxilla,Leptotila rufaxilla,Leptotila rufaxilla,Leptotila rufaxilla,Leptotila verreauxi,Leptotila rufaxilla,Leptotila rufaxilla,Leptotila rufaxilla,Leptotila rufaxilla,Leptotila,Columbidae,1,Bajo
1167,Leptotila verreauxi,Leptotila verreauxi,Leptotila verreauxi,Leptotila verreauxi,Leptotila verreauxi,Leptotila verreauxi,Leptotila verreauxi,Leptotila verreauxi,Leptotila verreauxi,Leptotila verreauxi,Leptotila verreauxi,Leptotila verreauxi,Leptotila,Columbidae,1,Bajo
1168,Leptotila verreauxi,Leptotila verreauxi,Leptotila verreauxi,Leptotila verreauxi,Leptotila verreauxi,Leptotila verreauxi,Leptotila verreauxi,Leptotila rufaxilla,Leptotila verreauxi,Leptotila verreauxi,Leptotila verreauxi,Leptotila verreauxi,Leptotila,Columbidae,1,Bajo
1169,Leptotila verreauxi,Crypturellus tataupa,Crypturellus tataupa,Aramides saracura,Leptotila verreauxi,Leptotila verreauxi,Crypturellus tataupa,Aramides saracura,Crypturellus tataupa,Crypturellus tataupa,Crypturellus tataupa,Crypturellus tataupa,Leptotila,Columbidae,1,Bajo
1170,Leptotila verreauxi,Leptotila verreauxi,Leptotila verreauxi,Leptotila verreauxi,Leptotila verreauxi,Leptotila verreauxi,Leptotila verreauxi,Leptotila verreauxi,Leptotila verreauxi,Leptotila verreauxi,Leptotila verreauxi,Leptotila verreauxi,Leptotila,Columbidae,1,Bajo
1171,Leptotila verreauxi,Leptotila verreauxi,Leptotila rufaxilla,Leptotila rufaxilla,Leptotila rufaxilla,Leptotila verreauxi,Leptotila verreauxi,Leptotila verreauxi,Leptotila rufaxilla,Leptotila rufaxilla,Leptotila rufaxilla,Leptotila verreauxi,Leptotila,Columbidae,1,Bajo
1172,Leptotila verreauxi,Leptotila verreauxi,Leptotila verreauxi,Leptotila verreauxi,Leptotila verreauxi,Leptotila verreauxi,Leptotila verreauxi,Leptotila verreauxi,Leptotila verreauxi,Leptotila verreauxi,Leptotila verreauxi,Leptotila verreauxi,Leptotila,Columbidae,1,Bajo
1173,Leptotila verreauxi,Leptotila verreauxi,Leptotila rufaxilla,Leptotila rufaxilla,Leptotila rufaxilla,Leptotila verreauxi,Leptotila verreauxi,Leptotila verreauxi,Leptotila rufaxilla,Leptotila rufaxilla,Leptotila rufaxilla,Leptotila verreauxi,Leptotila,Columbidae,1,Bajo
1174,Leptotila verreauxi,Leptotila verreauxi,Leptotila verreauxi,Leptotila verreauxi,Leptotila verreauxi,Leptotila verreauxi,Leptotila verreauxi,Leptotila verreauxi,Leptotila verreauxi,Leptotila verreauxi,Leptotila verreauxi,Leptotila verreauxi,Leptotila,Columbidae,1,Bajo
1175,Leptotila verreauxi,Pyriglena leucoptera,Galictis cuja,Galictis cuja,Aramides saracura,Myrmecophaga tridactyla,Galictis cuja,Galictis cuja,Galictis cuja,Galictis cuja,Galictis cuja,Tinamus solitarius,Leptotila,Columbidae,1,Bajo
1176,Leptotila verreauxi,Leptotila verreauxi,Leptotila verreauxi,Leptotila rufaxilla,Leptotila verreauxi,Leptotila verreauxi,Leptotila verreauxi,Leptotila verreauxi,Leptotila verreauxi,Leptotila verreauxi,Leptotila verreauxi,Leptotila verreauxi,Leptotila,Columbidae,1,Bajo
1177,Leptotila verreauxi,Leptotila verreauxi,Leptotila verreauxi,Leptotila verreauxi,Aramides saracura,Aramides saracura,Leptotila verreauxi,Leptotila rufaxilla,Leptotila verreauxi,Leptotila verreauxi,Leptotila verreauxi,Leptotila verreauxi,Leptotila,Columbidae,1,Bajo
1178,Leptotila verreauxi,Aramides saracura,Aramides saracura,Aramides saracura,Aramides saracura,Aramides saracura,Aramides saracura,Aramides saracura,Aramides saracura,Aramides saracura,Aramides saracura,Aramides saracura,Leptotila,Columbidae,1,Bajo
1179,Leptotila verreauxi,Leptotila verreauxi,Leptotila verreauxi,Leptotila verreauxi,Leptotila verreauxi,Leptotila verreauxi,Leptotila verreauxi,Leptotila verreauxi,Leptotila verreauxi,Leptotila verreauxi,Leptotila verreauxi,Leptotila verreauxi,Leptotila,Columbidae,1,Bajo
1181,Leptotila verreauxi,Leptotila verreauxi,Leptotila verreauxi,Leptotila verreauxi,Leptotila verreauxi,Leptotila verreauxi,Leptotila verreauxi,Leptotila verreauxi,Leptotila verreauxi,Leptotila verreauxi,Leptotila verreauxi,Leptotila verreauxi,Leptotila,Columbidae,1,Bajo
1183,Leptotila verreauxi,Leptotila verreauxi,Leptotila verreauxi,Leptotila verreauxi,Leptotila verreauxi,Leptotila verreauxi,Leptotila verreauxi,Leptotila verreauxi,Leptotila verreauxi,Leptotila verreauxi,Leptotila verreauxi,Leptotila verreauxi,Leptotila,Columbidae,1,Bajo
1184,Leptotila verreauxi,Leptotila rufaxilla,Leptotila rufaxilla,Leptotila rufaxilla,Leptotila rufaxilla,Leptotila rufaxilla,Leptotila rufaxilla,Leptotila verreauxi,Leptotila rufaxilla,Leptotila rufaxilla,Leptotila rufaxilla,Leptotila rufaxilla,Leptotila,Columbidae,1,Bajo
1185,Leptotila verreauxi,Leptotila verreauxi,Leptotila rufaxilla,Leptotila rufaxilla,Leptotila rufaxilla,Leptotila verreauxi,Leptotila rufaxilla,Leptotila rufaxilla,Leptotila rufaxilla,Leptotila rufaxilla,Leptotila rufaxilla,Leptotila rufaxilla,Leptotila,Columbidae,1,Bajo
1186,Leptotila verreauxi,Leptotila verreauxi,Leptotila verreauxi,Leptotila verreauxi,Leptotila verreauxi,Leptotila verreauxi,Leptotila verreauxi,Leptotila verreauxi,Leptotila verreauxi,Leptotila verreauxi,Leptotila verreauxi,Leptotila verreauxi,Leptotila,Columbidae,1,Bajo
1187,Leptotila verreauxi,Leptotila rufaxilla,Leptotila rufaxilla,Leptotila rufaxilla,Leptotila rufaxilla,Leptotila rufaxilla,Pyriglena leucoptera,Baryphthengus ruficapillus,Leptotila rufaxilla,Leptotila rufaxilla,Leptotila rufaxilla,Leptotila rufaxilla,Leptotila,Columbidae,1,Bajo
1188,Leptotila verreauxi,Crypturellus tataupa,Crypturellus tataupa,Crypturellus tataupa,Crypturellus tataupa,Turdus albicollis,Turdus albicollis,Turdus albicollis,Crypturellus tataupa,Crypturellus tataupa,Crypturellus tataupa,Crypturellus tataupa,Leptotila,Columbidae,1,Bajo
1189,Leptotila verreauxi,Leptotila verreauxi,Leptotila verreauxi,Leptotila verreauxi,Leptotila verreauxi,Leptotila verreauxi,Leptotila verreauxi,Leptotila verreauxi,Leptotila verreauxi,Leptotila verreauxi,Leptotila verreauxi,Leptotila verreauxi,Leptotila,Columbidae,1,Bajo
1190,Leptotila verreauxi,Leptotila verreauxi,Leptotila verreauxi,Leptotila verreauxi,Leptotila verreauxi,Leptotila verreauxi,Leptotila verreauxi,Leptotila verreauxi,Leptotila verreauxi,Leptotila verreauxi,Leptotila verreauxi,Leptotila verreauxi,Leptotila,Columbidae,1,Bajo
1191,Leptotila verreauxi,Leptotila verreauxi,Leptotila verreauxi,Leptotila verreauxi,Leptotila verreauxi,Leptotila verreauxi,Leptotila verreauxi,Leptotila verreauxi,Leptotila verreauxi,Leptotila verreauxi,Leptotila verreauxi,Leptotila verreauxi,Leptotila,Columbidae,1,Bajo
1192,Leptotila verreauxi,Leptotila verreauxi,Leptotila verreauxi,Leptotila verreauxi,Leptotila verreauxi,Leptotila verreauxi,Leptotila verreauxi,Leptotila verreauxi,Leptotila verreauxi,Leptotila verreauxi,Leptotila verreauxi,Leptotila verreauxi,Leptotila,Columbidae,1,Bajo
1194,Leptotila verreauxi,Leptotila verreauxi,Leptotila verreauxi,Leptotila verreauxi,Leptotila verreauxi,Leptotila verreauxi,Leptotila verreauxi,Leptotila verreauxi,Leptotila verreauxi,Leptotila verreauxi,Leptotila verreauxi,Leptotila verreauxi,Leptotila,Columbidae,1,Bajo
1195,Leptotila verreauxi,Leptotila verreauxi,Leptotila verreauxi,Leptotila verreauxi,Leptotila verreauxi,Leptotila rufaxilla,Leptotila verreauxi,Aramides saracura,Leptotila verreauxi,Leptotila verreauxi,Leptotila verreauxi,Leptotila verreauxi,Leptotila,Columbidae,1,Bajo
1198,Leptotila verreauxi,Leptotila verreauxi,Leptotila verreauxi,Leptotila verreauxi,Leptotila verreauxi,Leptotila verreauxi,Leptotila verreauxi,Leptotila verreauxi,Leptotila verreauxi,Leptotila verreauxi,Leptotila verreauxi,Leptotila verreauxi,Leptotila,Columbidae,1,Bajo
1199,Leptotila verreauxi,Leptotila verreauxi,Leptotila verreauxi,Leptotila verreauxi,Leptotila rufaxilla,Leptotila verreauxi,Leptotila verreauxi,Leptotila verreauxi,Leptotila verreauxi,Leptotila verreauxi,Leptotila verreauxi,Leptotila verreauxi,Leptotila,Columbidae,1,Bajo
1200,Leptotila verreauxi,Leptotila rufaxilla,Penelope superciliaris,Amazona vinacea,Amazona vinacea,Leptotila rufaxilla,Penelope superciliaris,Leptotila rufaxilla,Penelope superciliaris,Penelope superciliaris,Penelope superciliaris,Leptotila rufaxilla,Leptotila,Columbidae,1,Bajo
1201,Leptotila verreauxi,Leptotila verreauxi,Leptotila verreauxi,Leptotila verreauxi,Leptotila verreauxi,Leptotila verreauxi,Leptotila verreauxi,Leptotila verreauxi,Leptotila verreauxi,Leptotila verreauxi,Leptotila verreauxi,Leptotila verreauxi,Leptotila,Columbidae,1,Bajo
1203,Leptotila verreauxi,Leptotila verreauxi,Leptotila rufaxilla,Leptotila rufaxilla,Leptotila rufaxilla,Leptotila verreauxi,Leptotila verreauxi,Leptotila verreauxi,Leptotila rufaxilla,Leptotila rufaxilla,Leptotila rufaxilla,Leptotila verreauxi,Leptotila,Columbidae,1,Bajo
1204,Leptotila verreauxi,Leptotila verreauxi,Leptotila verreauxi,Leptotila verreauxi,Leptotila verreauxi,Leptotila verreauxi,Leptotila verreauxi,Leptotila verreauxi,Leptotila verreauxi,Leptotila verreauxi,Leptotila verreauxi,Leptotila verreauxi,Leptotila,Columbidae,1,Bajo
1205,Leptotila verreauxi,Leptotila verreauxi,Leptotila verreauxi,Leptotila verreauxi,Leptotila verreauxi,Leptotila verreauxi,Leptotila verreauxi,Leptotila verreauxi,Leptotila verreauxi,Leptotila verreauxi,Leptotila verreauxi,Leptotila verreauxi,Leptotila,Columbidae,1,Bajo
1206,Leptotila verreauxi,Leptotila verreauxi,Leptotila verreauxi,Leptotila verreauxi,Leptotila verreauxi,Leptotila verreauxi,Leptotila verreauxi,Leptotila verreauxi,Leptotila verreauxi,Leptotila verreauxi,Leptotila verreauxi,Leptotila verreauxi,Leptotila,Columbidae,1,Bajo
1207,Leptotila verreauxi,Leptotila verreauxi,Leptotila rufaxilla,Leptotila rufaxilla,Leptotila verreauxi,Leptotila rufaxilla,Leptotila verreauxi,Leptotila verreauxi,Leptotila rufaxilla,Leptotila rufaxilla,Leptotila rufaxilla,Leptotila verreauxi,Leptotila,Columbidae,1,Bajo
1209,Leptotila verreauxi,Leptotila verreauxi,Aramides saracura,Aramides saracura,Aramides saracura,Leptotila verreauxi,Leptotila verreauxi,Leptotila verreauxi,Aramides saracura,Aramides saracura,Aramides saracura,Leptotila verreauxi,Leptotila,Columbidae,1,Bajo
1211,Leptotila verreauxi,Leptotila verreauxi,Leptotila verreauxi,Leptotila verreauxi,Leptotila verreauxi,Leptotila verreauxi,Leptotila verreauxi,Leptotila verreauxi,Leptotila verreauxi,Leptotila verreauxi,Leptotila verreauxi,Leptotila verreauxi,Leptotila,Columbidae,1,Bajo
1215,Leptotila verreauxi,Leptotila verreauxi,Leptotila rufaxilla,Leptotila rufaxilla,Leptotila rufaxilla,Leptotila verreauxi,Leptotila verreauxi,Leptotila rufaxilla,Leptotila rufaxilla,Leptotila rufaxilla,Leptotila rufaxilla,Leptotila verreauxi,Leptotila,Columbidae,1,Bajo
1216,Leptotila verreauxi,Leptotila verreauxi,Leptotila verreauxi,Leptotila verreauxi,Leptotila verreauxi,Leptotila verreauxi,Leptotila verreauxi,Leptotila rufaxilla,Leptotila verreauxi,Leptotila verreauxi,Leptotila verreauxi,Leptotila verreauxi,Leptotila,Columbidae,1,Bajo
1217,Leptotila verreauxi,Leptotila verreauxi,Leptotila verreauxi,Leptotila verreauxi,Leptotila verreauxi,Leptotila verreauxi,Leptotila verreauxi,Leptotila verreauxi,Leptotila verreauxi,Leptotila verreauxi,Leptotila verreauxi,Leptotila verreauxi,Leptotila,Columbidae,1,Bajo
1218,Leptotila verreauxi,Leptotila verreauxi,Leptotila verreauxi,Leptotila verreauxi,Leptotila verreauxi,Leptotila verreauxi,Leptotila verreauxi,Leptotila verreauxi,Leptotila verreauxi,Leptotila verreauxi,Leptotila verreauxi,Leptotila verreauxi,Leptotila,Columbidae,1,Bajo
1219,Leptotila verreauxi,Leptotila verreauxi,Leptotila verreauxi,Leptotila verreauxi,Leptotila verreauxi,Leptotila verreauxi,Leptotila verreauxi,Leptotila verreauxi,Leptotila verreauxi,Leptotila verreauxi,Leptotila verreauxi,Leptotila verreauxi,Leptotila,Columbidae,1,Bajo
1220,Leptotila verreauxi,Leptotila verreauxi,Leptotila verreauxi,Leptotila verreauxi,Leptotila verreauxi,Leptotila verreauxi,Leptotila verreauxi,Leptotila verreauxi,Leptotila verreauxi,Leptotila verreauxi,Leptotila verreauxi,Leptotila verreauxi,Leptotila,Columbidae,1,Bajo
1221,Leptotila verreauxi,Leptotila verreauxi,Leptotila verreauxi,Leptotila verreauxi,Leptotila verreauxi,Leptotila verreauxi,Leptotila verreauxi,Leptotila verreauxi,Leptotila verreauxi,Leptotila verreauxi,Leptotila verreauxi,Leptotila verreauxi,Leptotila,Columbidae,1,Bajo
1223,Leptotila verreauxi,Leptotila verreauxi,Leptotila verreauxi,Leptotila verreauxi,Leptotila verreauxi,Leptotila verreauxi,Leptotila verreauxi,Leptotila verreauxi,Leptotila verreauxi,Leptotila verreauxi,Leptotila verreauxi,Leptotila verreauxi,Leptotila,Columbidae,1,Bajo
1224,Leptotila verreauxi,Leptotila verreauxi,Leptotila verreauxi,Leptotila verreauxi,Leptotila verreauxi,Leptotila verreauxi,Leptotila verreauxi,Leptotila rufaxilla,Leptotila verreauxi,Leptotila verreauxi,Leptotila verreauxi,Leptotila verreauxi,Leptotila,Columbidae,1,Bajo
1225,Leptotila verreauxi,Leptotila verreauxi,Aramides saracura,Aramides saracura,Aramides saracura,Leptotila verreauxi,Leptotila verreauxi,Pyriglena leucoptera,Aramides saracura,Aramides saracura,Aramides saracura,Leptotila verreauxi,Leptotila,Columbidae,1,Bajo
1226,Leptotila verreauxi,Leptotila rufaxilla,Leptotila verreauxi,Leptotila rufaxilla,Leptotila rufaxilla,Leptotila rufaxilla,Leptotila rufaxilla,Leptotila rufaxilla,Leptotila verreauxi,Leptotila verreauxi,Leptotila verreauxi,Leptotila rufaxilla,Leptotila,Columbidae,1,Bajo
1227,Conopophaga lineata,Conopophaga lineata,Conopophaga lineata,Conopophaga lineata,Conopophaga lineata,Conopophaga lineata,Conopophaga lineata,Conopophaga lineata,Conopophaga lineata,Conopophaga lineata,Conopophaga lineata,Conopophaga lineata,Conopophaga,Conopophagidae,1,Bajo
1229,Conopophaga lineata,Conopophaga lineata,Conopophaga lineata,Conopophaga lineata,Conopophaga lineata,Conopophaga lineata,Conopophaga lineata,Conopophaga lineata,Conopophaga lineata,Conopophaga lineata,Conopophaga lineata,Conopophaga lineata,Conopophaga,Conopophagidae,1,Bajo
1230,Conopophaga lineata,Conopophaga lineata,Conopophaga lineata,Conopophaga lineata,Conopophaga lineata,Conopophaga lineata,Conopophaga lineata,Conopophaga lineata,Conopophaga lineata,Conopophaga lineata,Conopophaga lineata,Conopophaga lineata,Conopophaga,Conopophagidae,1,Bajo
1231,Conopophaga lineata,Manacus manacus,Myiothlypis leucoblephara,Manacus manacus,Manacus manacus,Manacus manacus,Manacus manacus,Mackenziaena severa,Myiothlypis leucoblephara,Myiothlypis leucoblephara,Myiothlypis leucoblephara,Manacus manacus,Conopophaga,Conopophagidae,1,Bajo
1232,Conopophaga lineata,Conopophaga lineata,Conopophaga lineata,Conopophaga lineata,Conopophaga lineata,Conopophaga lineata,Conopophaga lineata,Conopophaga lineata,Conopophaga lineata,Conopophaga lineata,Conopophaga lineata,Conopophaga lineata,Conopophaga,Conopophagidae,1,Bajo
1233,Conopophaga lineata,Conopophaga lineata,Conopophaga lineata,Conopophaga lineata,Conopophaga lineata,Conopophaga lineata,Conopophaga lineata,Conopophaga lineata,Conopophaga lineata,Conopophaga lineata,Conopophaga lineata,Conopophaga lineata,Conopophaga,Conopophagidae,1,Bajo
1234,Conopophaga lineata,Conopophaga lineata,Conopophaga lineata,Conopophaga lineata,Conopophaga lineata,Conopophaga lineata,Conopophaga lineata,Conopophaga lineata,Conopophaga lineata,Conopophaga lineata,Conopophaga lineata,Conopophaga lineata,Conopophaga,Conopophagidae,1,Bajo
1235,Conopophaga lineata,Conopophaga lineata,Conopophaga lineata,Conopophaga lineata,Conopophaga lineata,Conopophaga lineata,Conopophaga lineata,Conopophaga lineata,Conopophaga lineata,Conopophaga lineata,Conopophaga lineata,Conopophaga lineata,Conopophaga,Conopophagidae,1,Bajo
1236,Conopophaga lineata,Conopophaga lineata,Conopophaga lineata,Conopophaga lineata,Conopophaga lineata,Conopophaga lineata,Conopophaga lineata,Conopophaga lineata,Conopophaga lineata,Conopophaga lineata,Conopophaga lineata,Conopophaga lineata,Conopophaga,Conopophagidae,1,Bajo
1237,Conopophaga lineata,Conopophaga lineata,Conopophaga lineata,Conopophaga lineata,Conopophaga lineata,Conopophaga lineata,Conopophaga lineata,Conopophaga lineata,Conopophaga lineata,Conopophaga lineata,Conopophaga lineata,Conopophaga lineata,Conopophaga,Conopophagidae,1,Bajo
1238,Conopophaga lineata,Conopophaga lineata,Conopophaga lineata,Conopophaga lineata,Conopophaga lineata,Conopophaga lineata,Conopophaga lineata,Conopophaga lineata,Conopophaga lineata,Conopophaga lineata,Conopophaga lineata,Conopophaga lineata,Conopophaga,Conopophagidae,1,Bajo
1240,Conopophaga lineata,Conopophaga lineata,Conopophaga lineata,Conopophaga lineata,Conopophaga lineata,Conopophaga lineata,Conopophaga lineata,Conopophaga lineata,Conopophaga lineata,Conopophaga lineata,Conopophaga lineata,Conopophaga lineata,Conopophaga,Conopophagidae,1,Bajo
1241,Conopophaga lineata,Conopophaga lineata,Synallaxis ruficapilla,Conopophaga lineata,Conopophaga lineata,Conopophaga lineata,Synallaxis ruficapilla,Conopophaga lineata,Synallaxis ruficapilla,Synallaxis ruficapilla,Synallaxis ruficapilla,Conopophaga lineata,Conopophaga,Conopophagidae,1,Bajo
1242,Conopophaga lineata,Conopophaga lineata,Conopophaga lineata,Conopophaga lineata,Conopophaga lineata,Conopophaga lineata,Conopophaga lineata,Conopophaga lineata,Conopophaga lineata,Conopophaga lineata,Conopophaga lineata,Conopophaga lineata,Conopophaga,Conopophagidae,1,Bajo
1244,Conopophaga lineata,Conopophaga lineata,Conopophaga lineata,Conopophaga lineata,Conopophaga lineata,Conopophaga lineata,Conopophaga lineata,Conopophaga lineata,Conopophaga lineata,Conopophaga lineata,Conopophaga lineata,Conopophaga lineata,Conopophaga,Conopophagidae,1,Bajo
1245,Conopophaga lineata,Conopophaga lineata,Conopophaga lineata,Conopophaga lineata,Conopophaga lineata,Conopophaga lineata,Conopophaga lineata,Conopophaga lineata,Conopophaga lineata,Conopophaga lineata,Conopophaga lineata,Conopophaga lineata,Conopophaga,Conopophagidae,1,Bajo
1247,Conopophaga lineata,Conopophaga lineata,Conopophaga lineata vulgaris,Conopophaga lineata,Conopophaga lineata,Conopophaga lineata,Conopophaga lineata,Conopophaga lineata,Conopophaga lineata vulgaris,Conopophaga lineata vulgaris,Conopophaga lineata vulgaris,Conopophaga lineata,Conopophaga,Conopophagidae,1,Bajo
1248,Conopophaga lineata,Conopophaga lineata,Conopophaga lineata,Conopophaga lineata,Conopophaga lineata,Conopophaga lineata,Conopophaga lineata,Conopophaga lineata,Conopophaga lineata,Conopophaga lineata,Conopophaga lineata,Conopophaga lineata,Conopophaga,Conopophagidae,1,Bajo
1249,Conopophaga lineata,Conopophaga lineata,Conopophaga lineata,Conopophaga lineata,Conopophaga lineata,Conopophaga lineata,Conopophaga lineata,Conopophaga lineata,Conopophaga lineata,Conopophaga lineata,Conopophaga lineata,Conopophaga lineata,Conopophaga,Conopophagidae,1,Bajo
1250,Conopophaga lineata,Conopophaga lineata,Conopophaga lineata,Conopophaga lineata,Conopophaga lineata,Conopophaga lineata,Conopophaga lineata,Conopophaga lineata,Conopophaga lineata,Conopophaga lineata,Conopophaga lineata,Conopophaga lineata,Conopophaga,Conopophagidae,1,Bajo
1252,Conopophaga lineata,Conopophaga lineata,Conopophaga lineata,Conopophaga lineata,Conopophaga lineata,Conopophaga lineata,Conopophaga lineata,Conopophaga lineata,Conopophaga lineata,Conopophaga lineata,Conopophaga lineata,Conopophaga lineata,Conopophaga,Conopophagidae,1,Bajo
1253,Conopophaga lineata,Conopophaga lineata,Conopophaga lineata,Conopophaga lineata,Conopophaga lineata,Conopophaga lineata,Conopophaga lineata,Conopophaga lineata,Conopophaga lineata,Conopophaga lineata,Conopophaga lineata,Conopophaga lineata,Conopophaga,Conopophagidae,1,Bajo
1254,Conopophaga lineata,Conopophaga lineata,Conopophaga lineata,Conopophaga lineata,Conopophaga lineata,Conopophaga lineata,Conopophaga lineata,Conopophaga lineata,Conopophaga lineata,Conopophaga lineata,Conopophaga lineata,Conopophaga lineata,Conopophaga,Conopophagidae,1,Bajo
1256,Conopophaga lineata,Conopophaga lineata,Conopophaga lineata,Conopophaga lineata,Conopophaga lineata,Conopophaga lineata,Conopophaga lineata,Conopophaga lineata,Conopophaga lineata,Conopophaga lineata,Conopophaga lineata,Conopophaga lineata,Conopophaga,Conopophagidae,1,Bajo
1257,Conopophaga lineata,Conopophaga lineata,Conopophaga lineata,Conopophaga lineata,Conopophaga lineata,Conopophaga lineata,Conopophaga lineata,Conopophaga lineata,Conopophaga lineata,Conopophaga lineata,Conopophaga lineata,Conopophaga lineata,Conopophaga,Conopophagidae,1,Bajo
1258,Conopophaga lineata,Conopophaga lineata,Conopophaga lineata,Conopophaga lineata,Conopophaga lineata,Conopophaga lineata,Conopophaga lineata,Conopophaga lineata,Conopophaga lineata,Conopophaga lineata,Conopophaga lineata,Conopophaga lineata,Conopophaga,Conopophagidae,1,Bajo
1259,Conopophaga lineata,Conopophaga lineata,Conopophaga lineata,Conopophaga lineata,Conopophaga lineata,Conopophaga lineata,Conopophaga lineata,Conopophaga lineata,Conopophaga lineata,Conopophaga lineata,Conopophaga lineata,Conopophaga lineata,Conopophaga,Conopophagidae,1,Bajo
1261,Conopophaga lineata,Conopophaga lineata,Conopophaga lineata,Conopophaga lineata,Conopophaga lineata,Conopophaga lineata,Conopophaga lineata,Conopophaga lineata,Conopophaga lineata,Conopophaga lineata,Conopophaga lineata,Conopophaga lineata,Conopophaga,Conopophagidae,1,Bajo
1262,Conopophaga lineata,Conopophaga lineata,Conopophaga lineata,Conopophaga lineata,Conopophaga lineata,Conopophaga lineata,Conopophaga lineata,Conopophaga lineata,Conopophaga lineata,Conopophaga lineata,Conopophaga lineata,Conopophaga lineata,Conopophaga,Conopophagidae,1,Bajo
1263,Conopophaga lineata,Conopophaga lineata,Conopophaga lineata,Conopophaga lineata,Conopophaga lineata,Conopophaga lineata,Conopophaga lineata,Conopophaga lineata,Conopophaga lineata,Conopophaga lineata,Conopophaga lineata,Conopophaga lineata,Conopophaga,Conopophagidae,1,Bajo
1264,Conopophaga lineata,Conopophaga lineata,Conopophaga lineata,Conopophaga lineata,Conopophaga lineata,Conopophaga lineata,Conopophaga lineata,Conopophaga lineata,Conopophaga lineata,Conopophaga lineata,Conopophaga lineata,Conopophaga lineata,Conopophaga,Conopophagidae,1,Bajo
1266,Conopophaga lineata,Pyriglena leucoptera,Conopophaga lineata,Conopophaga lineata,Conopophaga lineata,Conopophaga lineata,Pyriglena leucoptera,Pyriglena leucoptera,Conopophaga lineata,Conopophaga lineata,Conopophaga lineata,Conopophaga lineata vulgaris,Conopophaga,Conopophagidae,1,Bajo
1267,Conopophaga lineata,Conopophaga lineata,Conopophaga lineata,Conopophaga lineata,Conopophaga lineata,Conopophaga lineata,Conopophaga lineata,Conopophaga lineata,Conopophaga lineata,Conopophaga lineata,Conopophaga lineata,Conopophaga lineata,Conopophaga,Conopophagidae,1,Bajo
1268,Conopophaga lineata,Conopophaga lineata,Conopophaga lineata,Conopophaga lineata,Conopophaga lineata,Conopophaga lineata,Conopophaga lineata,Conopophaga lineata,Conopophaga lineata,Conopophaga lineata,Conopophaga lineata,Conopophaga lineata,Conopophaga,Conopophagidae,1,Bajo
1270,Conopophaga lineata,Conopophaga lineata vulgaris,Geotrygon montana,Chamaeza campanisona,Chamaeza campanisona,Geotrygon montana,Pyriglena leucoptera,Myiothlypis leucoblephara,Geotrygon montana,Geotrygon montana,Geotrygon montana,Conopophaga lineata vulgaris,Conopophaga,Conopophagidae,1,Bajo
1271,Conopophaga lineata,Conopophaga lineata,Conopophaga lineata,Conopophaga lineata,Conopophaga lineata,Conopophaga lineata,Conopophaga lineata,Conopophaga lineata,Conopophaga lineata,Conopophaga lineata,Conopophaga lineata,Conopophaga lineata,Conopophaga,Conopophagidae,1,Bajo
1272,Conopophaga lineata,Conopophaga lineata,Conopophaga lineata,Conopophaga lineata,Conopophaga lineata,Conopophaga lineata,Conopophaga lineata,Conopophaga lineata,Conopophaga lineata,Conopophaga lineata,Conopophaga lineata,Conopophaga lineata,Conopophaga,Conopophagidae,1,Bajo
1273,Conopophaga lineata,Conopophaga lineata,Conopophaga lineata,Conopophaga lineata,Conopophaga lineata,Conopophaga lineata,Conopophaga lineata,Conopophaga lineata,Conopophaga lineata,Conopophaga lineata,Conopophaga lineata,Conopophaga lineata,Conopophaga,Conopophagidae,1,Bajo
1274,Conopophaga lineata,Conopophaga lineata,Conopophaga lineata,Conopophaga lineata,Conopophaga lineata,Conopophaga lineata,Conopophaga lineata,Conopophaga lineata,Conopophaga lineata,Conopophaga lineata,Conopophaga lineata,Conopophaga lineata,Conopophaga,Conopophagidae,1,Bajo
1275,Conopophaga lineata,Conopophaga lineata,Conopophaga lineata,Conopophaga lineata,Conopophaga lineata,Conopophaga lineata,Conopophaga lineata,Conopophaga lineata,Conopophaga lineata,Conopophaga lineata,Conopophaga lineata,Conopophaga lineata,Conopophaga,Conopophagidae,1,Bajo
1276,Conopophaga lineata,Habia rubica,Penelope superciliaris,Habia rubica,Dasypus novemcinctus,Habia rubica,Sapajus nigritus,Cyanoloxia brissonii,Penelope superciliaris,Penelope superciliaris,Penelope superciliaris,Habia rubica,Conopophaga,Conopophagidae,1,Bajo
1277,Conopophaga lineata,Conopophaga lineata,Conopophaga lineata,Conopophaga lineata,Conopophaga lineata,Conopophaga lineata,Conopophaga lineata,Conopophaga lineata,Conopophaga lineata,Conopophaga lineata,Conopophaga lineata,Conopophaga lineata,Conopophaga,Conopophagidae,1,Bajo
1278,Conopophaga lineata,Conopophaga lineata,Conopophaga lineata,Conopophaga lineata,Conopophaga lineata,Conopophaga lineata,Conopophaga lineata,Conopophaga lineata,Conopophaga lineata,Conopophaga lineata,Conopophaga lineata,Conopophaga lineata,Conopophaga,Conopophagidae,1,Bajo
1279,Conopophaga lineata,Conopophaga lineata,Conopophaga lineata,Conopophaga lineata,Conopophaga lineata,Conopophaga lineata,Conopophaga lineata,Conopophaga lineata,Conopophaga lineata,Conopophaga lineata,Conopophaga lineata,Conopophaga lineata,Conopophaga,Conopophagidae,1,Bajo
1280,Conopophaga lineata,Conopophaga lineata,Conopophaga lineata,Conopophaga lineata,Conopophaga lineata,Conopophaga lineata,Conopophaga lineata,Conopophaga lineata,Conopophaga lineata,Conopophaga lineata,Conopophaga lineata,Conopophaga lineata,Conopophaga,Conopophagidae,1,Bajo
1284,Conopophaga lineata,Conopophaga lineata,Conopophaga lineata,Conopophaga lineata,Conopophaga lineata,Conopophaga lineata,Conopophaga lineata,Conopophaga lineata,Conopophaga lineata,Conopophaga lineata,Conopophaga lineata,Conopophaga lineata,Conopophaga,Conopophagidae,1,Bajo
1285,Conopophaga lineata,Conopophaga lineata,Conopophaga lineata vulgaris,Conopophaga lineata,Conopophaga lineata,Conopophaga lineata,Conopophaga lineata,Conopophaga lineata,Conopophaga lineata vulgaris,Conopophaga lineata vulgaris,Conopophaga lineata vulgaris,Conopophaga lineata,Conopophaga,Conopophagidae,1,Bajo
1286,Conopophaga lineata,Conopophaga lineata vulgaris,Conopophaga lineata,Conopophaga lineata,Conopophaga lineata,Conopophaga lineata,Conopophaga lineata,Conopophaga lineata,Conopophaga lineata,Conopophaga lineata,Conopophaga lineata,Conopophaga lineata vulgaris,Conopophaga,Conopophagidae,1,Bajo
1288,Conopophaga lineata,Conopophaga lineata,Conopophaga lineata,Conopophaga lineata,Conopophaga lineata,Conopophaga lineata,Conopophaga lineata,Conopophaga lineata,Conopophaga lineata,Conopophaga lineata,Conopophaga lineata,Conopophaga lineata,Conopophaga,Conopophagidae,1,Bajo
1289,Conopophaga lineata,Conopophaga lineata,Conopophaga lineata,Conopophaga lineata,Conopophaga lineata,Conopophaga lineata,Conopophaga lineata,Conopophaga lineata,Conopophaga lineata,Conopophaga lineata,Conopophaga lineata,Conopophaga lineata,Conopophaga,Conopophagidae,1,Bajo
1290,Conopophaga lineata,Conopophaga lineata,Conopophaga lineata,Conopophaga lineata,Conopophaga lineata,Conopophaga lineata,Conopophaga lineata,Conopophaga lineata,Conopophaga lineata,Conopophaga lineata,Conopophaga lineata,Conopophaga lineata,Conopophaga,Conopophagidae,1,Bajo
1291,Conopophaga lineata,Conopophaga lineata,Conopophaga lineata,Conopophaga lineata,Conopophaga lineata,Conopophaga lineata,Conopophaga lineata,Conopophaga lineata,Conopophaga lineata,Conopophaga lineata,Conopophaga lineata,Conopophaga lineata,Conopophaga,Conopophagidae,1,Bajo
1292,Conopophaga lineata,Conopophaga lineata,Conopophaga lineata,Conopophaga lineata,Conopophaga lineata,Conopophaga lineata,Conopophaga lineata,Conopophaga lineata,Conopophaga lineata,Conopophaga lineata,Conopophaga lineata,Conopophaga lineata,Conopophaga,Conopophagidae,1,Bajo
1294,Conopophaga lineata,Conopophaga lineata,Conopophaga lineata,Conopophaga lineata,Conopophaga lineata,Conopophaga lineata,Conopophaga lineata,Conopophaga lineata,Conopophaga lineata,Conopophaga lineata,Conopophaga lineata,Conopophaga lineata,Conopophaga,Conopophagidae,1,Bajo
1295,Conopophaga lineata,Conopophaga lineata,Conopophaga lineata,Conopophaga lineata,Conopophaga lineata,Conopophaga lineata,Conopophaga lineata,Conopophaga lineata,Conopophaga lineata,Conopophaga lineata,Conopophaga lineata,Conopophaga lineata,Conopophaga,Conopophagidae,1,Bajo
1296,Conopophaga lineata,Conopophaga lineata,Conopophaga lineata,Conopophaga lineata,Conopophaga lineata,Conopophaga lineata,Conopophaga lineata,Conopophaga lineata,Conopophaga lineata,Conopophaga lineata,Conopophaga lineata,Conopophaga lineata vulgaris,Conopophaga,Conopophagidae,1,Bajo
1299,Conopophaga lineata vulgaris,Conopophaga lineata,Conopophaga lineata,Conopophaga lineata,Conopophaga lineata,Conopophaga lineata,Conopophaga lineata,Conopophaga lineata,Conopophaga lineata,Conopophaga lineata,Conopophaga lineata,Conopophaga lineata,Conopophaga,Conopophagidae,1,Bajo
1301,Cyanocorax chrysops,Cyanocorax chrysops,Cyanocorax chrysops,Cyanocorax chrysops,Cyanocorax chrysops,Cyanocorax chrysops,Cyanocorax chrysops,Cyanocorax chrysops,Cyanocorax chrysops,Cyanocorax chrysops,Cyanocorax chrysops,Cyanocorax chrysops,Cyanocorax,Corvidae,1,Bajo
1302,Cyanocorax chrysops,Cyanocorax chrysops,Cyanocorax chrysops,Cyanocorax chrysops,Cyanocorax chrysops,Cyanocorax chrysops,Cyanocorax chrysops,Cyanocorax chrysops,Cyanocorax chrysops,Cyanocorax chrysops,Cyanocorax chrysops,Cyanocorax chrysops,Cyanocorax,Corvidae,1,Bajo
1303,Cyanocorax chrysops,Cyanocorax chrysops,Cyanocorax chrysops,Cyanocorax chrysops,Cyanocorax chrysops,Cyanocorax chrysops,Cyanocorax chrysops,Cyanocorax chrysops,Cyanocorax chrysops,Cyanocorax chrysops,Cyanocorax chrysops,Cyanocorax chrysops,Cyanocorax,Corvidae,1,Bajo
1304,Cyanocorax chrysops,Cyanocorax chrysops,Cyanocorax chrysops,Cyanocorax chrysops,Cyanocorax chrysops,Cyanocorax chrysops,Cyanocorax chrysops,Cyanoloxia brissonii,Cyanocorax chrysops,Cyanocorax chrysops,Cyanocorax chrysops,Cyanocorax chrysops,Cyanocorax,Corvidae,1,Bajo
1305,Cyanocorax chrysops,Sapajus nigritus,Leopardus pardalis,Leopardus pardalis,Leopardus pardalis,Dasypus novemcinctus,Sapajus nigritus,Dasypus novemcinctus,Leopardus pardalis,Leopardus pardalis,Leopardus pardalis,Sapajus nigritus,Cyanocorax,Corvidae,1,Bajo
1307,Cyanocorax chrysops,Cyanocorax chrysops,Cyanocorax chrysops,Cyanocorax chrysops,Cyanocorax chrysops,Cyanocorax chrysops,Cyanocorax chrysops,Cyanocorax chrysops,Cyanocorax chrysops,Cyanocorax chrysops,Cyanocorax chrysops,Cyanocorax chrysops,Cyanocorax,Corvidae,1,Bajo
1308,Cyanocorax chrysops,Cyanocorax chrysops,Cyanocorax chrysops,Cyanocorax chrysops,Cyanocorax chrysops,Cyanocorax chrysops,Cyanocorax chrysops,Cyanocorax chrysops,Cyanocorax chrysops,Cyanocorax chrysops,Cyanocorax chrysops,Cyanocorax chrysops,Cyanocorax,Corvidae,1,Bajo
1309,Cyanocorax chrysops,Cyanocorax chrysops,Cyanocorax chrysops,Cyanocorax chrysops,Cyanocorax chrysops,Cyanocorax chrysops,Cyanocorax chrysops,Cyanocorax chrysops,Cyanocorax chrysops,Cyanocorax chrysops,Cyanocorax chrysops,Cyanocorax chrysops,Cyanocorax,Corvidae,1,Bajo
1310,Cyanocorax chrysops,Cyanocorax chrysops,Cyanocorax chrysops,Cyanocorax chrysops,Cyanocorax chrysops,Cyanocorax chrysops,Cyanocorax chrysops,Cyanocorax chrysops,Cyanocorax chrysops,Cyanocorax chrysops,Cyanocorax chrysops,Cyanocorax chrysops,Cyanocorax,Corvidae,1,Bajo
1311,Cyanocorax chrysops,Cyanocorax chrysops,Cyanocorax chrysops,Cyanocorax chrysops,Cyanocorax chrysops,Cyanocorax chrysops,Cyanocorax chrysops,Cyanocorax chrysops,Cyanocorax chrysops,Cyanocorax chrysops,Cyanocorax chrysops,Cyanocorax chrysops,Cyanocorax,Corvidae,1,Bajo
1312,Cyanocorax chrysops,Cyanocorax chrysops,Cyanocorax chrysops,Cyanocorax chrysops,Cyanocorax chrysops,Cyanocorax chrysops,Cyanocorax chrysops,Cyanocorax chrysops,Cyanocorax chrysops,Cyanocorax chrysops,Cyanocorax chrysops,Cyanocorax chrysops,Cyanocorax,Corvidae,1,Bajo
1313,Cyanocorax chrysops,Cyanocorax chrysops,Cyanocorax chrysops,Cyanocorax chrysops,Cyanocorax chrysops,Cyanocorax chrysops,Cyanocorax chrysops,Cyanocorax chrysops,Cyanocorax chrysops,Cyanocorax chrysops,Cyanocorax chrysops,Cyanocorax chrysops,Cyanocorax,Corvidae,1,Bajo
1314,Cyanocorax chrysops,Cyanocorax chrysops,Cyanocorax chrysops,Cyanocorax chrysops,Cyanocorax chrysops,Cyanocorax chrysops,Cyanocorax chrysops,Cyanocorax chrysops,Cyanocorax chrysops,Cyanocorax chrysops,Cyanocorax chrysops,Cyanocorax chrysops,Cyanocorax,Corvidae,1,Bajo
1315,Cyanocorax chrysops,Cyanocorax chrysops,Cyanocorax chrysops,Cyanocorax chrysops,Cyanocorax chrysops,Cyanocorax chrysops,Cyanocorax chrysops,Cyanocorax chrysops,Cyanocorax chrysops,Cyanocorax chrysops,Cyanocorax chrysops,Cyanocorax chrysops,Cyanocorax,Corvidae,1,Bajo
1316,Cyanocorax chrysops,Cyanocorax chrysops,Cyanocorax chrysops,Cyanocorax chrysops,Cyanocorax chrysops,Cyanocorax chrysops,Cyanocorax chrysops,Cyanocorax chrysops,Cyanocorax chrysops,Cyanocorax chrysops,Cyanocorax chrysops,Cyanocorax chrysops,Cyanocorax,Corvidae,1,Bajo
1317,Cyanocorax chrysops,Cyanocorax chrysops,Cyanocorax chrysops,Cyanocorax chrysops,Cyanocorax chrysops,Cyanocorax chrysops,Cyanocorax chrysops,Cyanocorax chrysops,Cyanocorax chrysops,Cyanocorax chrysops,Cyanocorax chrysops,Cyanocorax chrysops,Cyanocorax,Corvidae,1,Bajo
1319,Cyanocorax chrysops,Cyanocorax chrysops,Cyanocorax chrysops,Cyanocorax chrysops,Cyanocorax chrysops,Cyanocorax chrysops,Cyanocorax chrysops,Cyanocorax chrysops,Cyanocorax chrysops,Cyanocorax chrysops,Cyanocorax chrysops,Cyanocorax chrysops,Cyanocorax,Corvidae,1,Bajo
1320,Cyanocorax chrysops,Cyanocorax chrysops,Cyanocorax chrysops,Cyanocorax chrysops,Cyanocorax chrysops,Cyanocorax chrysops,Cyanocorax chrysops,Cyanocorax chrysops,Cyanocorax chrysops,Cyanocorax chrysops,Cyanocorax chrysops,Cyanocorax chrysops,Cyanocorax,Corvidae,1,Bajo
1321,Cyanocorax chrysops,Cyanocorax chrysops,Cyanocorax chrysops,Cyanocorax chrysops,Cyanocorax chrysops,Cyanocorax chrysops,Cyanocorax chrysops,Cyanocorax chrysops,Cyanocorax chrysops,Cyanocorax chrysops,Cyanocorax chrysops,Cyanocorax chrysops,Cyanocorax,Corvidae,1,Bajo
1322,Cyanocorax chrysops,Cyanocorax chrysops,Cyanocorax chrysops,Cyanocorax chrysops,Cyanocorax chrysops,Cyanocorax chrysops,Cyanocorax chrysops,Cyanocorax chrysops,Cyanocorax chrysops,Cyanocorax chrysops,Cyanocorax chrysops,Cyanocorax chrysops,Cyanocorax,Corvidae,1,Bajo
1323,Cyanocorax chrysops,Cyanocorax chrysops,Cyanocorax chrysops,Cyanocorax chrysops,Cyanocorax chrysops,Cyanocorax chrysops,Cyanocorax chrysops,Cyanocorax chrysops,Cyanocorax chrysops,Cyanocorax chrysops,Cyanocorax chrysops,Cyanocorax chrysops,Cyanocorax,Corvidae,1,Bajo
1324,Cyanocorax chrysops,Cyanocorax chrysops,Cyanocorax chrysops,Cyanocorax chrysops,Cyanocorax chrysops,Cyanocorax chrysops,Cyanocorax chrysops,Cyanocorax chrysops,Cyanocorax chrysops,Cyanocorax chrysops,Cyanocorax chrysops,Cyanocorax chrysops,Cyanocorax,Corvidae,1,Bajo
1326,Cyanocorax chrysops,Cyanocorax chrysops,Cyanocorax chrysops,Cyanocorax chrysops,Cyanocorax chrysops,Cyanocorax chrysops,Cyanocorax chrysops,Cyanocorax chrysops,Cyanocorax chrysops,Cyanocorax chrysops,Cyanocorax chrysops,Cyanocorax chrysops,Cyanocorax,Corvidae,1,Bajo
1327,Cyanocorax chrysops,Tamandua tetradactyla,Amazona vinacea,Alouatta guariba clamitans,Alouatta guariba clamitans,Baryphthengus ruficapillus,Tamandua tetradactyla,Cyanocorax chrysops,Amazona vinacea,Amazona vinacea,Amazona vinacea,Baryphthengus ruficapillus,Cyanocorax,Corvidae,1,Bajo
1328,Cyanocorax chrysops,Cyanocorax chrysops,Cyanocorax chrysops,Cyanocorax chrysops,Cyanocorax chrysops,Cyanocorax chrysops,Cyanocorax chrysops,Cyanocorax chrysops,Cyanocorax chrysops,Cyanocorax chrysops,Cyanocorax chrysops,Cyanocorax chrysops,Cyanocorax,Corvidae,1,Bajo
1329,Cyanocorax chrysops,Cyanocorax chrysops,Cyanocorax chrysops,Cyanocorax chrysops,Cyanocorax chrysops,Cyanocorax chrysops,Cyanocorax chrysops,Cyanocorax chrysops,Cyanocorax chrysops,Cyanocorax chrysops,Cyanocorax chrysops,Cyanocorax chrysops,Cyanocorax,Corvidae,1,Bajo
1332,Cyanocorax chrysops,Cyanocorax chrysops,Cyanocorax chrysops,Cyanocorax chrysops,Cyanocorax chrysops,Cyanocorax chrysops,Cyanocorax chrysops,Cyanocorax chrysops,Cyanocorax chrysops,Cyanocorax chrysops,Cyanocorax chrysops,Cyanocorax chrysops,Cyanocorax,Corvidae,1,Bajo
1334,Cyanocorax chrysops,Cyanocorax chrysops,Cyanocorax chrysops,Cyanocorax chrysops,Cyanocorax chrysops,Cyanocorax chrysops,Cyanocorax chrysops,Cyanocorax chrysops,Cyanocorax chrysops,Cyanocorax chrysops,Cyanocorax chrysops,Cyanocorax chrysops,Cyanocorax,Corvidae,1,Bajo
1335,Cyanocorax chrysops,Cyanocorax chrysops,Cyanocorax chrysops,Cyanocorax chrysops,Cyanocorax chrysops,Cyanocorax chrysops,Cyanocorax chrysops,Cyanocorax chrysops,Cyanocorax chrysops,Cyanocorax chrysops,Cyanocorax chrysops,Cyanocorax chrysops,Cyanocorax,Corvidae,1,Bajo
1336,Cyanocorax chrysops,Cyanocorax chrysops,Cyanocorax chrysops,Cyanocorax chrysops,Cyanocorax chrysops,Cyanocorax chrysops,Cyanocorax chrysops,Cyanocorax chrysops,Cyanocorax chrysops,Cyanocorax chrysops,Cyanocorax chrysops,Cyanocorax chrysops,Cyanocorax,Corvidae,1,Bajo
1339,Cyanocorax chrysops,Cyanocorax chrysops,Cyanocorax chrysops,Cyanocorax chrysops,Cyanocorax chrysops,Cyanocorax chrysops,Cyanocorax chrysops,Cyanocorax chrysops,Cyanocorax chrysops,Cyanocorax chrysops,Cyanocorax chrysops,Cyanocorax chrysops,Cyanocorax,Corvidae,1,Bajo
1340,Cyanocorax chrysops,Cyanocorax chrysops,Cyanocorax chrysops,Cyanocorax chrysops,Cyanocorax chrysops,Cyanocorax chrysops,Cyanocorax chrysops,Cyanocorax chrysops,Cyanocorax chrysops,Cyanocorax chrysops,Cyanocorax chrysops,Cyanocorax chrysops,Cyanocorax,Corvidae,1,Bajo
1341,Cyanocorax chrysops,Cyanocorax chrysops,Cyanocorax chrysops,Cyanocorax chrysops,Cyanocorax chrysops,Cyanocorax chrysops,Cyanocorax chrysops,Cyanocorax chrysops,Cyanocorax chrysops,Cyanocorax chrysops,Cyanocorax chrysops,Cyanocorax chrysops,Cyanocorax,Corvidae,1,Bajo
1344,Cyanocorax chrysops,Cyanocorax chrysops,Cyanocorax chrysops,Cyanocorax chrysops,Cyanocorax chrysops,Cyanocorax chrysops,Cyanocorax chrysops,Cyanocorax chrysops,Cyanocorax chrysops,Cyanocorax chrysops,Cyanocorax chrysops,Cyanocorax chrysops,Cyanocorax,Corvidae,1,Bajo
1345,Cyanocorax chrysops,Cyanocorax chrysops,Cyanocorax chrysops,Cyanocorax chrysops,Cyanocorax chrysops,Cyanocorax chrysops,Cyanocorax chrysops,Cyanocorax chrysops,Cyanocorax chrysops,Cyanocorax chrysops,Cyanocorax chrysops,Cyanocorax chrysops,Cyanocorax,Corvidae,1,Bajo
1346,Cyanocorax chrysops,Cyanocorax chrysops,Cyanocorax chrysops,Cyanocorax chrysops,Cyanocorax chrysops,Cyanocorax chrysops,Cyanocorax chrysops,Cyanocorax chrysops,Cyanocorax chrysops,Cyanocorax chrysops,Cyanocorax chrysops,Cyanocorax chrysops,Cyanocorax,Corvidae,1,Bajo
1347,Cyanocorax chrysops,Cyanocorax chrysops,Cyanocorax chrysops,Cyanocorax chrysops,Cyanocorax chrysops,Cyanocorax chrysops,Cyanocorax chrysops,Cyanocorax chrysops,Cyanocorax chrysops,Cyanocorax chrysops,Cyanocorax chrysops,Cyanocorax chrysops,Cyanocorax,Corvidae,1,Bajo
1348,Cyanocorax chrysops,Cyanocorax chrysops,Cyanocorax chrysops,Cyanocorax chrysops,Cyanocorax chrysops,Cyanocorax chrysops,Cyanocorax chrysops,Cyanocorax chrysops,Cyanocorax chrysops,Cyanocorax chrysops,Cyanocorax chrysops,Cyanocorax chrysops,Cyanocorax,Corvidae,1,Bajo
1349,Cyanocorax chrysops,Cyanocorax chrysops,Cyanocorax chrysops,Cyanocorax chrysops,Cyanocorax chrysops,Cyanocorax chrysops,Cyanocorax chrysops,Cyanocorax chrysops,Cyanocorax chrysops,Cyanocorax chrysops,Cyanocorax chrysops,Cyanocorax chrysops,Cyanocorax,Corvidae,1,Bajo
1350,Cyanocorax chrysops,Cyanocorax chrysops,Cyanocorax chrysops,Cyanocorax chrysops,Cyanocorax chrysops,Cyanocorax chrysops,Cyanocorax chrysops,Cyanocorax chrysops,Cyanocorax chrysops,Cyanocorax chrysops,Cyanocorax chrysops,Cyanocorax chrysops,Cyanocorax,Corvidae,1,Bajo
1351,Cyanocorax chrysops,Selenidera maculirostris,Cyanocorax chrysops,Cyanocorax chrysops,Cyanocorax chrysops,Cyanocorax chrysops,Cyanocorax chrysops,Cyanocorax chrysops,Cyanocorax chrysops,Cyanocorax chrysops,Cyanocorax chrysops,Selenidera maculirostris,Cyanocorax,Corvidae,1,Bajo
1352,Cyanocorax chrysops,Cyanocorax chrysops,Cyanocorax chrysops,Cyanocorax chrysops,Cyanocorax chrysops,Cyanocorax chrysops,Cyanocorax chrysops,Cyanocorax chrysops,Cyanocorax chrysops,Cyanocorax chrysops,Cyanocorax chrysops,Cyanocorax chrysops,Cyanocorax,Corvidae,1,Bajo
1353,Cyanocorax chrysops,Cyanocorax chrysops,Cyanocorax chrysops,Cyanocorax chrysops,Cyanocorax chrysops,Cyanocorax chrysops,Cyanocorax chrysops,Cyanocorax chrysops,Cyanocorax chrysops,Cyanocorax chrysops,Cyanocorax chrysops,Cyanocorax chrysops,Cyanocorax,Corvidae,1,Bajo
1354,Cyanocorax chrysops,Cyanocorax chrysops,Cyanocorax chrysops,Cyanocorax chrysops,Cyanocorax chrysops,Cyanocorax chrysops,Cyanocorax chrysops,Cyanocorax chrysops,Cyanocorax chrysops,Cyanocorax chrysops,Cyanocorax chrysops,Cyanocorax chrysops,Cyanocorax,Corvidae,1,Bajo
1357,Cyanocorax chrysops,Cyanocorax chrysops,Cyanocorax chrysops,Cyanocorax chrysops,Cyanocorax chrysops,Cyanocorax chrysops,Cyanocorax chrysops,Cyanocorax chrysops,Cyanocorax chrysops,Cyanocorax chrysops,Cyanocorax chrysops,Cyanocorax chrysops,Cyanocorax,Corvidae,1,Bajo
1358,Cyanocorax chrysops,Cyanocorax chrysops,Cyanocorax chrysops,Cyanocorax chrysops,Cyanocorax chrysops,Cyanocorax chrysops,Cyanocorax chrysops,Cyanocorax chrysops,Cyanocorax chrysops,Cyanocorax chrysops,Cyanocorax chrysops,Cyanocorax chrysops,Cyanocorax,Corvidae,1,Bajo
1359,Cyanocorax chrysops,Cyanocorax chrysops,Cyanocorax chrysops,Cyanocorax chrysops,Cyanocorax chrysops,Cyanocorax chrysops,Cyanocorax chrysops,Cyanocorax chrysops,Cyanocorax chrysops,Cyanocorax chrysops,Cyanocorax chrysops,Cyanocorax chrysops,Cyanocorax,Corvidae,1,Bajo
1360,Cyanocorax chrysops,Cyanocorax chrysops,Cyanocorax chrysops,Cyanocorax chrysops,Cyanocorax chrysops,Cyanocorax chrysops,Cyanocorax chrysops,Cyanocorax chrysops,Cyanocorax chrysops,Cyanocorax chrysops,Cyanocorax chrysops,Cyanocorax chrysops,Cyanocorax,Corvidae,1,Bajo
1361,Cyanocorax chrysops,Cyanocorax chrysops,Cyanocorax chrysops,Cyanocorax chrysops,Cyanocorax chrysops,Cyanocorax chrysops,Cyanocorax chrysops,Cyanocorax chrysops,Cyanocorax chrysops,Cyanocorax chrysops,Cyanocorax chrysops,Cyanocorax chrysops,Cyanocorax,Corvidae,1,Bajo
1362,Cyanocorax chrysops,Cyanocorax chrysops,Cyanocorax chrysops,Cyanocorax chrysops,Cyanocorax chrysops,Cyanocorax chrysops,Cyanocorax chrysops,Cyanocorax chrysops,Cyanocorax chrysops,Cyanocorax chrysops,Cyanocorax chrysops,Cyanocorax chrysops,Cyanocorax,Corvidae,1,Bajo
1364,Cyanocorax chrysops,Cyanocorax chrysops,Cyanocorax chrysops,Cyanocorax chrysops,Cyanocorax chrysops,Cyanocorax chrysops,Cyanocorax chrysops,Cyanocorax chrysops,Cyanocorax chrysops,Cyanocorax chrysops,Cyanocorax chrysops,Cyanocorax chrysops,Cyanocorax,Corvidae,1,Bajo
1365,Cyanocorax chrysops,Cyanocorax chrysops,Cyanocorax chrysops,Cyanocorax chrysops,Cyanocorax chrysops,Cyanocorax chrysops,Cyanocorax chrysops,Cyanocorax chrysops,Cyanocorax chrysops,Cyanocorax chrysops,Cyanocorax chrysops,Cyanocorax chrysops,Cyanocorax,Corvidae,1,Bajo
1366,Cyanocorax chrysops,Cyanocorax chrysops,Cyanocorax chrysops,Cyanocorax chrysops,Cyanocorax chrysops,Cyanocorax chrysops,Cyanocorax chrysops,Cyanocorax chrysops,Cyanocorax chrysops,Cyanocorax chrysops,Cyanocorax chrysops,Cyanocorax chrysops,Cyanocorax,Corvidae,1,Bajo
1367,Cyanocorax chrysops,Cyanocorax chrysops,Cyanocorax chrysops,Cyanocorax chrysops,Cyanocorax chrysops,Cyanocorax chrysops,Cyanocorax chrysops,Cyanocorax chrysops,Cyanocorax chrysops,Cyanocorax chrysops,Cyanocorax chrysops,Cyanocorax chrysops,Cyanocorax,Corvidae,1,Bajo
1368,Cyanocorax chrysops,Cyanocorax chrysops,Cyanocorax chrysops,Cyanocorax chrysops,Cyanocorax chrysops,Selenidera maculirostris,Selenidera maculirostris,Cyanocorax chrysops,Cyanocorax chrysops,Cyanocorax chrysops,Cyanocorax chrysops,Cyanocorax chrysops,Cyanocorax,Corvidae,1,Bajo
1369,Cyanocorax chrysops,Cyanocorax chrysops,Cyanocorax chrysops,Cyanocorax chrysops,Cyanocorax chrysops,Cyanocorax chrysops,Cyanocorax chrysops,Cyanocorax chrysops,Cyanocorax chrysops,Cyanocorax chrysops,Cyanocorax chrysops,Cyanocorax chrysops,Cyanocorax,Corvidae,1,Bajo
1370,Crax fasciolata,Crax fasciolata,Crax fasciolata,Crax fasciolata,Crax fasciolata,Crax fasciolata,Penelope superciliaris,Crax fasciolata,Crax fasciolata,Crax fasciolata,Crax fasciolata,Crax fasciolata,Crax,Cracidae,4,Alto
1372,Crax fasciolata,Crax fasciolata,Crax fasciolata,Crax fasciolata,Penelope superciliaris,Crax fasciolata,Pipile jacutinga,Crax fasciolata,Crax fasciolata,Crax fasciolata,Crax fasciolata,Crax fasciolata,Crax,Cracidae,4,Alto
1373,Crax fasciolata,Crax fasciolata,Crax fasciolata,Crax fasciolata,Crax fasciolata,Crax fasciolata,Crax fasciolata,Crax fasciolata,Crax fasciolata,Crax fasciolata,Crax fasciolata,Crax fasciolata,Crax,Cracidae,4,Alto
1374,Crax fasciolata,Crax fasciolata,Crax fasciolata,Crax fasciolata,Crax fasciolata,Crax fasciolata,Crax fasciolata,Crax fasciolata,Crax fasciolata,Crax fasciolata,Crax fasciolata,Crax fasciolata,Crax,Cracidae,4,Alto
1375,Crax fasciolata,Crax fasciolata,Crax fasciolata,Crax fasciolata,Crax fasciolata,Crax fasciolata,Pipile jacutinga,Pipile jacutinga,Crax fasciolata,Crax fasciolata,Crax fasciolata,Crax fasciolata,Crax,Cracidae,4,Alto
1376,Crax fasciolata,Crax fasciolata,Crax fasciolata,Crax fasciolata,Crax fasciolata,Crax fasciolata,Crax fasciolata,Crax fasciolata,Crax fasciolata,Crax fasciolata,Crax fasciolata,Crax fasciolata,Crax,Cracidae,4,Alto
1378,Crax fasciolata,Lontra longicaudis,Salvator merianae,Leopardus wiedii,Dasypus novemcinctus,Dasypus novemcinctus,Lontra longicaudis,Leopardus guttulus,Salvator merianae,Salvator merianae,Salvator merianae,Lontra longicaudis,Crax,Cracidae,4,Alto
1379,Crax fasciolata,Crax fasciolata,Crax fasciolata,Crax fasciolata,Crax fasciolata,Crax fasciolata,Crax fasciolata,Crax fasciolata,Crax fasciolata,Crax fasciolata,Crax fasciolata,Crax fasciolata,Crax,Cracidae,4,Alto
1380,Crax fasciolata,Crax fasciolata,Crax fasciolata,Crax fasciolata,Crax fasciolata,Crax fasciolata,Penelope superciliaris,Crax fasciolata,Crax fasciolata,Crax fasciolata,Crax fasciolata,Crax fasciolata,Crax,Cracidae,4,Alto
1381,Crax fasciolata,Crax fasciolata,Crax fasciolata,Crax fasciolata,Pipile jacutinga,Crax fasciolata,Pipile jacutinga,Cyanocorax chrysops,Crax fasciolata,Crax fasciolata,Crax fasciolata,Crax fasciolata,Crax,Cracidae,4,Alto
1383,Crax fasciolata,Crax fasciolata,Crax fasciolata,Crax fasciolata,Crax fasciolata,Crax fasciolata,Crax fasciolata,Crax fasciolata,Crax fasciolata,Crax fasciolata,Crax fasciolata,Crax fasciolata,Crax,Cracidae,4,Alto
1385,Crax fasciolata,Crax fasciolata,Crax fasciolata,Pipile jacutinga,Pipile jacutinga,Pipile jacutinga,Pipile jacutinga,Crax fasciolata,Crax fasciolata,Crax fasciolata,Crax fasciolata,Crax fasciolata,Crax,Cracidae,4,Alto
1386,Crax fasciolata,Crax fasciolata,Crax fasciolata,Crax fasciolata,Crax fasciolata,Crax fasciolata,Crax fasciolata,Crax fasciolata,Crax fasciolata,Crax fasciolata,Crax fasciolata,Crax fasciolata,Crax,Cracidae,4,Alto
1387,Crax fasciolata,Crax fasciolata,Pipile jacutinga,Cyanocorax chrysops,Cyanocorax chrysops,Cyanocorax chrysops,Pipile jacutinga,Pipile jacutinga,Pipile jacutinga,Pipile jacutinga,Pipile jacutinga,Crax fasciolata,Crax,Cracidae,4,Alto
1388,Crax fasciolata,Pipile jacutinga,Crax fasciolata,Crax fasciolata,Pipile jacutinga,Selenidera maculirostris,Pipile jacutinga,Selenidera maculirostris,Crax fasciolata,Crax fasciolata,Crax fasciolata,Pipile jacutinga,Crax,Cracidae,4,Alto
1389,Crax fasciolata,Crax fasciolata,Crax fasciolata,Crax fasciolata,Crax fasciolata,Crax fasciolata,Crax fasciolata,Nothura maculosa,Crax fasciolata,Crax fasciolata,Crax fasciolata,Crax fasciolata,Crax,Cracidae,4,Alto
1390,Crax fasciolata,Crax fasciolata,Crax fasciolata,Crax fasciolata,Crax fasciolata,Crax fasciolata,Cyanocorax chrysops,Phrynops williamsi,Crax fasciolata,Crax fasciolata,Crax fasciolata,Crax fasciolata,Crax,Cracidae,4,Alto
1392,Penelope superciliaris,Penelope superciliaris,Penelope superciliaris,Penelope superciliaris,Penelope superciliaris,Penelope superciliaris,Penelope superciliaris,Penelope superciliaris,Penelope superciliaris,Penelope superciliaris,Penelope superciliaris,Penelope superciliaris,Penelope,Cracidae,3,Medio
1393,Penelope superciliaris,Penelope superciliaris,Penelope superciliaris,Penelope superciliaris,Penelope superciliaris,Penelope superciliaris,Penelope superciliaris,Penelope superciliaris,Penelope superciliaris,Penelope superciliaris,Penelope superciliaris,Penelope superciliaris,Penelope,Cracidae,3,Medio
1394,Penelope superciliaris,Penelope superciliaris,Penelope superciliaris,Penelope superciliaris,Penelope superciliaris,Penelope superciliaris,Penelope superciliaris,Penelope superciliaris,Penelope superciliaris,Penelope superciliaris,Penelope superciliaris,Penelope superciliaris,Penelope,Cracidae,3,Medio
1395,Penelope superciliaris,Penelope superciliaris,Penelope superciliaris,Penelope superciliaris,Penelope superciliaris,Penelope superciliaris,Penelope superciliaris,Penelope superciliaris,Penelope superciliaris,Penelope superciliaris,Penelope superciliaris,Penelope superciliaris,Penelope,Cracidae,3,Medio
1396,Penelope superciliaris,Penelope superciliaris,Penelope superciliaris,Penelope superciliaris,Penelope superciliaris,Penelope superciliaris,Penelope superciliaris,Penelope superciliaris,Penelope superciliaris,Penelope superciliaris,Penelope superciliaris,Penelope superciliaris,Penelope,Cracidae,3,Medio
1397,Penelope superciliaris,Penelope superciliaris,Penelope superciliaris,Penelope superciliaris,Penelope superciliaris,Penelope superciliaris,Penelope superciliaris,Penelope superciliaris,Penelope superciliaris,Penelope superciliaris,Penelope superciliaris,Penelope superciliaris,Penelope,Cracidae,3,Medio
1398,Penelope superciliaris,Penelope superciliaris,Penelope superciliaris,Penelope superciliaris,Penelope superciliaris,Penelope superciliaris,Penelope superciliaris,Penelope superciliaris,Penelope superciliaris,Penelope superciliaris,Penelope superciliaris,Penelope superciliaris,Penelope,Cracidae,3,Medio
1399,Penelope superciliaris,Penelope superciliaris,Penelope superciliaris,Penelope superciliaris,Penelope superciliaris,Penelope superciliaris,Penelope superciliaris,Penelope superciliaris,Penelope superciliaris,Penelope superciliaris,Penelope superciliaris,Penelope superciliaris,Penelope,Cracidae,3,Medio
1400,Penelope superciliaris,Pipile jacutinga,Penelope superciliaris,Penelope superciliaris,Pipile jacutinga,Pipile jacutinga,Pipile jacutinga,Pipile jacutinga,Penelope superciliaris,Penelope superciliaris,Penelope superciliaris,Pipile jacutinga,Penelope,Cracidae,3,Medio
1402,Penelope superciliaris,Penelope superciliaris,Penelope superciliaris,Penelope superciliaris,Penelope superciliaris,Penelope superciliaris,Penelope superciliaris,Penelope superciliaris,Penelope superciliaris,Penelope superciliaris,Penelope superciliaris,Penelope superciliaris,Penelope,Cracidae,3,Medio
1403,Penelope superciliaris,Penelope superciliaris,Penelope superciliaris,Penelope superciliaris,Penelope superciliaris,Penelope superciliaris,Penelope superciliaris,Penelope superciliaris,Penelope superciliaris,Penelope superciliaris,Penelope superciliaris,Penelope superciliaris,Penelope,Cracidae,3,Medio
1405,Penelope superciliaris,Penelope superciliaris,Penelope superciliaris,Penelope superciliaris,Penelope superciliaris,Penelope superciliaris,Penelope superciliaris,Penelope superciliaris,Penelope superciliaris,Penelope superciliaris,Penelope superciliaris,Penelope superciliaris,Penelope,Cracidae,3,Medio
1407,Penelope superciliaris,Penelope superciliaris,Penelope superciliaris,Penelope superciliaris,Penelope superciliaris,Penelope superciliaris,Penelope superciliaris,Penelope superciliaris,Penelope superciliaris,Penelope superciliaris,Penelope superciliaris,Penelope superciliaris,Penelope,Cracidae,3,Medio
1408,Penelope superciliaris,Penelope superciliaris,Penelope superciliaris,Penelope superciliaris,Penelope superciliaris,Penelope superciliaris,Penelope superciliaris,Penelope superciliaris,Penelope superciliaris,Penelope superciliaris,Penelope superciliaris,Penelope superciliaris,Penelope,Cracidae,3,Medio
1411,Penelope superciliaris,Penelope superciliaris,Penelope superciliaris,Penelope superciliaris,Penelope superciliaris,Penelope superciliaris,Penelope superciliaris,Penelope superciliaris,Penelope superciliaris,Penelope superciliaris,Penelope superciliaris,Penelope superciliaris,Penelope,Cracidae,3,Medio
1412,Penelope superciliaris,Penelope superciliaris,Penelope superciliaris,Penelope superciliaris,Penelope superciliaris,Penelope superciliaris,Penelope superciliaris,Penelope superciliaris,Penelope superciliaris,Penelope superciliaris,Penelope superciliaris,Penelope superciliaris,Penelope,Cracidae,3,Medio
1413,Penelope superciliaris,Penelope superciliaris,Penelope superciliaris,Penelope superciliaris,Penelope superciliaris,Penelope superciliaris,Penelope superciliaris,Penelope superciliaris,Penelope superciliaris,Penelope superciliaris,Penelope superciliaris,Penelope superciliaris,Penelope,Cracidae,3,Medio
1414,Penelope superciliaris,Penelope superciliaris,Penelope superciliaris,Penelope superciliaris,Penelope superciliaris,Penelope superciliaris,Penelope superciliaris,Penelope superciliaris,Penelope superciliaris,Penelope superciliaris,Penelope superciliaris,Penelope superciliaris,Penelope,Cracidae,3,Medio
1415,Penelope superciliaris,Penelope superciliaris,Penelope superciliaris,Penelope superciliaris,Penelope superciliaris,Penelope superciliaris,Penelope superciliaris,Penelope superciliaris,Penelope superciliaris,Penelope superciliaris,Penelope superciliaris,Penelope superciliaris,Penelope,Cracidae,3,Medio
1416,Penelope superciliaris,Penelope superciliaris,Penelope superciliaris,Penelope superciliaris,Penelope superciliaris,Penelope superciliaris,Penelope superciliaris,Penelope superciliaris,Penelope superciliaris,Penelope superciliaris,Penelope superciliaris,Penelope superciliaris,Penelope,Cracidae,3,Medio
1418,Penelope superciliaris,Penelope superciliaris,Penelope superciliaris,Penelope superciliaris,Penelope superciliaris,Penelope superciliaris,Penelope superciliaris,Penelope superciliaris,Penelope superciliaris,Penelope superciliaris,Penelope superciliaris,Penelope superciliaris,Penelope,Cracidae,3,Medio
1419,Penelope superciliaris,Penelope superciliaris,Penelope superciliaris,Penelope superciliaris,Penelope superciliaris,Penelope superciliaris,Penelope superciliaris,Penelope superciliaris,Penelope superciliaris,Penelope superciliaris,Penelope superciliaris,Penelope superciliaris,Penelope,Cracidae,3,Medio
1420,Penelope superciliaris,Penelope superciliaris,Penelope superciliaris,Baryphthengus ruficapillus,Penelope superciliaris,Penelope superciliaris,Penelope superciliaris,Gubernetes yetapa,Penelope superciliaris,Penelope superciliaris,Penelope superciliaris,Penelope superciliaris,Penelope,Cracidae,3,Medio
1421,Penelope superciliaris,Penelope superciliaris,Penelope superciliaris,Penelope superciliaris,Penelope superciliaris,Penelope superciliaris,Penelope superciliaris,Penelope superciliaris,Penelope superciliaris,Penelope superciliaris,Penelope superciliaris,Penelope superciliaris,Penelope,Cracidae,3,Medio
1424,Penelope superciliaris,Galictis cuja,Herpailurus yagouaroundi,Herpailurus yagouaroundi,Salvator merianae,Penelope superciliaris,Penelope superciliaris,Crypturellus tataupa,Herpailurus yagouaroundi,Herpailurus yagouaroundi,Herpailurus yagouaroundi,Salvator merianae,Penelope,Cracidae,3,Medio
1425,Penelope superciliaris,Penelope superciliaris,Penelope superciliaris,Penelope superciliaris,Penelope superciliaris,Penelope superciliaris,Penelope superciliaris,Penelope superciliaris,Penelope superciliaris,Penelope superciliaris,Penelope superciliaris,Penelope superciliaris,Penelope,Cracidae,3,Medio
1426,Penelope superciliaris,Penelope superciliaris,Penelope superciliaris,Penelope superciliaris,Penelope superciliaris,Penelope superciliaris,Penelope superciliaris,Penelope superciliaris,Penelope superciliaris,Penelope superciliaris,Penelope superciliaris,Penelope superciliaris,Penelope,Cracidae,3,Medio
1427,Penelope superciliaris,Penelope superciliaris,Penelope superciliaris,Penelope superciliaris,Penelope superciliaris,Penelope superciliaris,Penelope superciliaris,Penelope superciliaris,Penelope superciliaris,Penelope superciliaris,Penelope superciliaris,Penelope superciliaris,Penelope,Cracidae,3,Medio
1428,Penelope superciliaris,Penelope superciliaris,Penelope superciliaris,Penelope superciliaris,Penelope superciliaris,Penelope superciliaris,Penelope superciliaris,Penelope superciliaris,Penelope superciliaris,Penelope superciliaris,Penelope superciliaris,Penelope superciliaris,Penelope,Cracidae,3,Medio
1430,Penelope superciliaris,Penelope superciliaris,Selenidera maculirostris,Celeus galeatus,Penelope superciliaris,Penelope superciliaris,Penelope superciliaris,Penelope superciliaris,Selenidera maculirostris,Selenidera maculirostris,Selenidera maculirostris,Pipile jacutinga,Penelope,Cracidae,3,Medio
1431,Penelope superciliaris,Penelope superciliaris,Penelope superciliaris,Penelope superciliaris,Penelope superciliaris,Penelope superciliaris,Penelope superciliaris,Penelope superciliaris,Penelope superciliaris,Penelope superciliaris,Penelope superciliaris,Penelope superciliaris,Penelope,Cracidae,3,Medio
1432,Penelope superciliaris,Penelope superciliaris,Penelope superciliaris,Penelope superciliaris,Penelope superciliaris,Penelope superciliaris,Penelope superciliaris,Penelope superciliaris,Penelope superciliaris,Penelope superciliaris,Penelope superciliaris,Penelope superciliaris,Penelope,Cracidae,3,Medio
1433,Penelope superciliaris,Eira barbara,Aramides saracura,Aramides saracura,Eira barbara,Eira barbara,Eira barbara,Aramides saracura,Aramides saracura,Aramides saracura,Aramides saracura,Eira barbara,Penelope,Cracidae,3,Medio
1435,Penelope superciliaris,Penelope superciliaris,Penelope superciliaris,Penelope superciliaris,Penelope superciliaris,Penelope superciliaris,Penelope superciliaris,Penelope superciliaris,Penelope superciliaris,Penelope superciliaris,Penelope superciliaris,Penelope superciliaris,Penelope,Cracidae,3,Medio
1436,Penelope superciliaris,Penelope superciliaris,Penelope superciliaris,Penelope superciliaris,Penelope superciliaris,Penelope superciliaris,Penelope superciliaris,Penelope superciliaris,Penelope superciliaris,Penelope superciliaris,Penelope superciliaris,Penelope superciliaris,Penelope,Cracidae,3,Medio
1437,Penelope superciliaris,Penelope superciliaris,Penelope superciliaris,Penelope superciliaris,Penelope superciliaris,Penelope superciliaris,Penelope superciliaris,Penelope superciliaris,Penelope superciliaris,Penelope superciliaris,Penelope superciliaris,Penelope superciliaris,Penelope,Cracidae,3,Medio
1438,Penelope superciliaris,Pipile jacutinga,Penelope superciliaris,Penelope superciliaris,Penelope superciliaris,Pipile jacutinga,Pipile jacutinga,Pipile jacutinga,Penelope superciliaris,Penelope superciliaris,Penelope superciliaris,Pipile jacutinga,Penelope,Cracidae,3,Medio
1439,Penelope superciliaris,Penelope superciliaris,Penelope superciliaris,Penelope superciliaris,Penelope superciliaris,Penelope superciliaris,Penelope superciliaris,Penelope superciliaris,Penelope superciliaris,Penelope superciliaris,Penelope superciliaris,Penelope superciliaris,Penelope,Cracidae,3,Medio
1440,Penelope superciliaris,Penelope superciliaris,Penelope superciliaris,Penelope superciliaris,Penelope superciliaris,Penelope superciliaris,Penelope superciliaris,Penelope superciliaris,Penelope superciliaris,Penelope superciliaris,Penelope superciliaris,Penelope superciliaris,Penelope,Cracidae,3,Medio
1441,Penelope superciliaris,Penelope superciliaris,Penelope superciliaris,Penelope superciliaris,Penelope superciliaris,Penelope superciliaris,Penelope superciliaris,Penelope superciliaris,Penelope superciliaris,Penelope superciliaris,Penelope superciliaris,Penelope superciliaris,Penelope,Cracidae,3,Medio
1442,Penelope superciliaris,Penelope superciliaris,Penelope superciliaris,Penelope superciliaris,Penelope superciliaris,Penelope superciliaris,Penelope superciliaris,Penelope superciliaris,Penelope superciliaris,Penelope superciliaris,Penelope superciliaris,Penelope superciliaris,Penelope,Cracidae,3,Medio
1443,Penelope superciliaris,Penelope superciliaris,Penelope superciliaris,Penelope superciliaris,Penelope superciliaris,Penelope superciliaris,Penelope superciliaris,Penelope superciliaris,Penelope superciliaris,Penelope superciliaris,Penelope superciliaris,Penelope superciliaris,Penelope,Cracidae,3,Medio
1444,Penelope superciliaris,Penelope superciliaris,Penelope superciliaris,Penelope superciliaris,Penelope superciliaris,Penelope superciliaris,Penelope superciliaris,Penelope superciliaris,Penelope superciliaris,Penelope superciliaris,Penelope superciliaris,Penelope superciliaris,Penelope,Cracidae,3,Medio
1445,Penelope superciliaris,Penelope superciliaris,Penelope superciliaris,Penelope superciliaris,Penelope superciliaris,Penelope superciliaris,Penelope superciliaris,Penelope superciliaris,Penelope superciliaris,Penelope superciliaris,Penelope superciliaris,Penelope superciliaris,Penelope,Cracidae,3,Medio
1446,Penelope superciliaris,Penelope superciliaris,Penelope superciliaris,Penelope superciliaris,Penelope superciliaris,Penelope superciliaris,Penelope superciliaris,Penelope superciliaris,Penelope superciliaris,Penelope superciliaris,Penelope superciliaris,Penelope superciliaris,Penelope,Cracidae,3,Medio
1448,Penelope superciliaris,Penelope superciliaris,Penelope superciliaris,Penelope superciliaris,Penelope superciliaris,Penelope superciliaris,Penelope superciliaris,Penelope superciliaris,Penelope superciliaris,Penelope superciliaris,Penelope superciliaris,Penelope superciliaris,Penelope,Cracidae,3,Medio
1449,Penelope superciliaris,Pyriglena leucoptera,Penelope superciliaris,Crypturellus obsoletus,Crypturellus obsoletus,Penelope superciliaris,Penelope superciliaris,Cyanoloxia brissonii,Penelope superciliaris,Penelope superciliaris,Penelope superciliaris,Pyriglena leucoptera,Penelope,Cracidae,3,Medio
1450,Penelope superciliaris,Penelope superciliaris,Penelope superciliaris,Penelope superciliaris,Penelope superciliaris,Penelope superciliaris,Penelope superciliaris,Penelope superciliaris,Penelope superciliaris,Penelope superciliaris,Penelope superciliaris,Penelope superciliaris,Penelope,Cracidae,3,Medio
1451,Penelope superciliaris,Penelope superciliaris,Penelope superciliaris,Penelope superciliaris,Penelope superciliaris,Penelope superciliaris,Penelope superciliaris,Penelope superciliaris,Penelope superciliaris,Penelope superciliaris,Penelope superciliaris,Penelope superciliaris,Penelope,Cracidae,3,Medio
1452,Penelope superciliaris,Penelope superciliaris,Penelope superciliaris,Penelope superciliaris,Penelope superciliaris,Penelope superciliaris,Penelope superciliaris,Penelope superciliaris,Penelope superciliaris,Penelope superciliaris,Penelope superciliaris,Penelope superciliaris,Penelope,Cracidae,3,Medio
1453,Penelope superciliaris,Penelope superciliaris,Penelope superciliaris,Penelope superciliaris,Penelope superciliaris,Penelope superciliaris,Penelope superciliaris,Penelope superciliaris,Penelope superciliaris,Penelope superciliaris,Penelope superciliaris,Penelope superciliaris,Penelope,Cracidae,3,Medio
1454,Penelope superciliaris,Penelope superciliaris,Penelope superciliaris,Penelope superciliaris,Penelope superciliaris,Penelope superciliaris,Penelope superciliaris,Penelope superciliaris,Penelope superciliaris,Penelope superciliaris,Penelope superciliaris,Penelope superciliaris,Penelope,Cracidae,3,Medio
1455,Penelope superciliaris,Penelope superciliaris,Penelope superciliaris,Penelope superciliaris,Penelope superciliaris,Penelope superciliaris,Penelope superciliaris,Penelope superciliaris,Penelope superciliaris,Penelope superciliaris,Penelope superciliaris,Penelope superciliaris,Penelope,Cracidae,3,Medio
1456,Penelope superciliaris,Penelope superciliaris,Penelope superciliaris,Crax fasciolata,Penelope superciliaris,Penelope superciliaris,Penelope superciliaris,Penelope superciliaris,Penelope superciliaris,Penelope superciliaris,Penelope superciliaris,Penelope superciliaris,Penelope,Cracidae,3,Medio
1457,Penelope superciliaris,Penelope superciliaris,Penelope superciliaris,Penelope superciliaris,Penelope superciliaris,Penelope superciliaris,Pipile jacutinga,Penelope superciliaris,Penelope superciliaris,Penelope superciliaris,Penelope superciliaris,Penelope superciliaris,Penelope,Cracidae,3,Medio
1459,Penelope superciliaris,Penelope superciliaris,Penelope superciliaris,Penelope superciliaris,Penelope superciliaris,Penelope superciliaris,Penelope superciliaris,Penelope superciliaris,Penelope superciliaris,Penelope superciliaris,Penelope superciliaris,Penelope superciliaris,Penelope,Cracidae,3,Medio
1461,Pipile jacutinga,Pipile jacutinga,Pipile jacutinga,Pipile jacutinga,Pipile jacutinga,Pipile jacutinga,Pipile jacutinga,Pipile jacutinga,Pipile jacutinga,Pipile jacutinga,Pipile jacutinga,Pipile jacutinga,Pipile,Cracidae,6,Crítico
1462,Pipile jacutinga,Penelope superciliaris,Penelope superciliaris,Penelope superciliaris,Penelope superciliaris,Penelope superciliaris,Penelope superciliaris,Penelope superciliaris,Penelope superciliaris,Penelope superciliaris,Penelope superciliaris,Penelope superciliaris,Pipile,Cracidae,6,Crítico
1463,Pipile jacutinga,Pipile jacutinga,Pipile jacutinga,Pipile jacutinga,Pipile jacutinga,Pipile jacutinga,Pipile jacutinga,Pipile jacutinga,Pipile jacutinga,Pipile jacutinga,Pipile jacutinga,Pipile jacutinga,Pipile,Cracidae,6,Crítico
1464,Pipile jacutinga,Pipile jacutinga,Pipile jacutinga,Pipile jacutinga,Pipile jacutinga,Pipile jacutinga,Pipile jacutinga,Pipile jacutinga,Pipile jacutinga,Pipile jacutinga,Pipile jacutinga,Pipile jacutinga,Pipile,Cracidae,6,Crítico
1466,Pipile jacutinga,Lontra longicaudis,Pipile jacutinga,Pipile jacutinga,Sus scrofa,Pipile jacutinga,Lontra longicaudis,Lontra longicaudis,Pipile jacutinga,Pipile jacutinga,Pipile jacutinga,Lontra longicaudis,Pipile,Cracidae,6,Crítico
1467,Pipile jacutinga,Pipile jacutinga,Pipile jacutinga,Pipile jacutinga,Penelope superciliaris,Pipile jacutinga,Pipile jacutinga,Penelope superciliaris,Pipile jacutinga,Pipile jacutinga,Pipile jacutinga,Pipile jacutinga,Pipile,Cracidae,6,Crítico
1468,Pipile jacutinga,Penelope superciliaris,Penelope superciliaris,Penelope superciliaris,Penelope superciliaris,Pipile jacutinga,Pipile jacutinga,Pipile jacutinga,Penelope superciliaris,Penelope superciliaris,Penelope superciliaris,Penelope superciliaris,Pipile,Cracidae,6,Crítico
1469,Pipile jacutinga,Pipile jacutinga,Penelope superciliaris,Pipile jacutinga,Penelope superciliaris,Pipile jacutinga,Pipile jacutinga,Pipile jacutinga,Penelope superciliaris,Penelope superciliaris,Penelope superciliaris,Pipile jacutinga,Pipile,Cracidae,6,Crítico
1470,Pipile jacutinga,Pipile jacutinga,Pipile jacutinga,Pipile jacutinga,Pipile jacutinga,Pipile jacutinga,Pipile jacutinga,Pipile jacutinga,Pipile jacutinga,Pipile jacutinga,Pipile jacutinga,Pipile jacutinga,Pipile,Cracidae,6,Crítico
1471,Pipile jacutinga,Pipile jacutinga,Pipile jacutinga,Pipile jacutinga,Pipile jacutinga,Pipile jacutinga,Pipile jacutinga,Pipile jacutinga,Pipile jacutinga,Pipile jacutinga,Pipile jacutinga,Pipile jacutinga,Pipile,Cracidae,6,Crítico
1472,Pipile jacutinga,Pipile jacutinga,Pipile jacutinga,Pipile jacutinga,Pipile jacutinga,Pipile jacutinga,Pipile jacutinga,Pipile jacutinga,Pipile jacutinga,Pipile jacutinga,Pipile jacutinga,Pipile jacutinga,Pipile,Cracidae,6,Crítico
1474,Pipile jacutinga,Pipile jacutinga,Pipile jacutinga,Pipile jacutinga,Pipile jacutinga,Pipile jacutinga,Pipile jacutinga,Pipile jacutinga,Pipile jacutinga,Pipile jacutinga,Pipile jacutinga,Pipile jacutinga,Pipile,Cracidae,6,Crítico
1475,Pipile jacutinga,Penelope superciliaris,Penelope superciliaris,Penelope superciliaris,Penelope superciliaris,Pipile jacutinga,Pipile jacutinga,Pipile jacutinga,Penelope superciliaris,Penelope superciliaris,Penelope superciliaris,Penelope superciliaris,Pipile,Cracidae,6,Crítico
1476,Pipile jacutinga,Pipile jacutinga,Pipile jacutinga,Pipile jacutinga,Pipile jacutinga,Pipile jacutinga,Pipile jacutinga,Pipile jacutinga,Pipile jacutinga,Pipile jacutinga,Pipile jacutinga,Pipile jacutinga,Pipile,Cracidae,6,Crítico
1478,Pipile jacutinga,Pipile jacutinga,Pipile jacutinga,Pipile jacutinga,Pipile jacutinga,Pipile jacutinga,Pipile jacutinga,Pipile jacutinga,Pipile jacutinga,Pipile jacutinga,Pipile jacutinga,Pipile jacutinga,Pipile,Cracidae,6,Crítico
1479,Pipile jacutinga,Pipile jacutinga,Pipile jacutinga,Pipile jacutinga,Pipile jacutinga,Pipile jacutinga,Pipile jacutinga,Pipile jacutinga,Pipile jacutinga,Pipile jacutinga,Pipile jacutinga,Pipile jacutinga,Pipile,Cracidae,6,Crítico
1480,Pipile jacutinga,Pipile jacutinga,Pipile jacutinga,Pipile jacutinga,Pipile jacutinga,Pipile jacutinga,Pipile jacutinga,Pipile jacutinga,Pipile jacutinga,Pipile jacutinga,Pipile jacutinga,Pipile jacutinga,Pipile,Cracidae,6,Crítico
1482,Pipile jacutinga,Pipile jacutinga,Pipile jacutinga,Pipile jacutinga,Pipile jacutinga,Pipile jacutinga,Pipile jacutinga,Pipile jacutinga,Pipile jacutinga,Pipile jacutinga,Pipile jacutinga,Pipile jacutinga,Pipile,Cracidae,6,Crítico
1484,Pipile jacutinga,Pipile jacutinga,Pipile jacutinga,Pipile jacutinga,Pipile jacutinga,Pipile jacutinga,Pipile jacutinga,Pipile jacutinga,Pipile jacutinga,Pipile jacutinga,Pipile jacutinga,Pipile jacutinga,Pipile,Cracidae,6,Crítico
1486,Pipile jacutinga,Pipile jacutinga,Pipile jacutinga,Pipile jacutinga,Pipile jacutinga,Pipile jacutinga,Pipile jacutinga,Pipile jacutinga,Pipile jacutinga,Pipile jacutinga,Pipile jacutinga,Pipile jacutinga,Pipile,Cracidae,6,Crítico
1487,Pipile jacutinga,Pipile jacutinga,Pipile jacutinga,Pipile jacutinga,Pipile jacutinga,Pipile jacutinga,Pipile jacutinga,Pipile jacutinga,Pipile jacutinga,Pipile jacutinga,Pipile jacutinga,Pipile jacutinga,Pipile,Cracidae,6,Crítico
1488,Pipile jacutinga,Pipile jacutinga,Pipile jacutinga,Pipile jacutinga,Pipile jacutinga,Pipile jacutinga,Pipile jacutinga,Pipile jacutinga,Pipile jacutinga,Pipile jacutinga,Pipile jacutinga,Pipile jacutinga,Pipile,Cracidae,6,Crítico
1489,Pipile jacutinga,Penelope superciliaris,Penelope superciliaris,Penelope superciliaris,Penelope superciliaris,Penelope superciliaris,Penelope superciliaris,Penelope superciliaris,Penelope superciliaris,Penelope superciliaris,Penelope superciliaris,Penelope superciliaris,Pipile,Cracidae,6,Crítico
1490,Pipile jacutinga,Pipile jacutinga,Pipile jacutinga,Pipile jacutinga,Pipile jacutinga,Pipile jacutinga,Pipile jacutinga,Pipile jacutinga,Pipile jacutinga,Pipile jacutinga,Pipile jacutinga,Pipile jacutinga,Pipile,Cracidae,6,Crítico
1491,Pipile jacutinga,Pipile jacutinga,Pipile jacutinga,Pipile jacutinga,Pipile jacutinga,Pipile jacutinga,Pipile jacutinga,Pipile jacutinga,Pipile jacutinga,Pipile jacutinga,Pipile jacutinga,Pipile jacutinga,Pipile,Cracidae,6,Crítico
1492,Pipile jacutinga,Pipile jacutinga,Pipile jacutinga,Pipile jacutinga,Pipile jacutinga,Pipile jacutinga,Pipile jacutinga,Pipile jacutinga,Pipile jacutinga,Pipile jacutinga,Pipile jacutinga,Pipile jacutinga,Pipile,Cracidae,6,Crítico
1493,Pipile jacutinga,Pipile jacutinga,Pipile jacutinga,Pipile jacutinga,Pipile jacutinga,Pipile jacutinga,Pipile jacutinga,Pipile jacutinga,Pipile jacutinga,Pipile jacutinga,Pipile jacutinga,Pipile jacutinga,Pipile,Cracidae,6,Crítico
1495,Pipile jacutinga,Pipile jacutinga,Pipile jacutinga,Penelope superciliaris,Penelope superciliaris,Pipile jacutinga,Pipile jacutinga,Pipile jacutinga,Pipile jacutinga,Pipile jacutinga,Pipile jacutinga,Pipile jacutinga,Pipile,Cracidae,6,Crítico
1496,Pipile jacutinga,Pipile jacutinga,Pipile jacutinga,Pipile jacutinga,Pipile jacutinga,Pipile jacutinga,Pipile jacutinga,Pipile jacutinga,Pipile jacutinga,Pipile jacutinga,Pipile jacutinga,Pipile jacutinga,Pipile,Cracidae,6,Crítico
1497,Pipile jacutinga,Pipile jacutinga,Penelope superciliaris,Pipile jacutinga,Pipile jacutinga,Pipile jacutinga,Pipile jacutinga,Pipile jacutinga,Penelope superciliaris,Penelope superciliaris,Penelope superciliaris,Pipile jacutinga,Pipile,Cracidae,6,Crítico
1498,Pipile jacutinga,Penelope superciliaris,Alouatta guariba clamitans,Alouatta guariba clamitans,Pipile jacutinga,Penelope superciliaris,Penelope superciliaris,Pipile jacutinga,Alouatta guariba clamitans,Alouatta guariba clamitans,Alouatta guariba clamitans,Penelope superciliaris,Pipile,Cracidae,6,Crítico
1499,Pipile jacutinga,Pipile jacutinga,Penelope superciliaris,Penelope superciliaris,Penelope superciliaris,Pipile jacutinga,Pipile jacutinga,Pipile jacutinga,Penelope superciliaris,Penelope superciliaris,Penelope superciliaris,Pipile jacutinga,Pipile,Cracidae,6,Crítico
1501,Pipile jacutinga,Cyanoloxia brissonii,Tachyphonus coronatus,Tachyphonus coronatus,Cyanocorax chrysops,Cyanoloxia brissonii,Tachyphonus coronatus,Cyanocorax chrysops,Tachyphonus coronatus,Tachyphonus coronatus,Tachyphonus coronatus,Cyanoloxia brissonii,Pipile,Cracidae,6,Crítico
1502,Pipile jacutinga,Pipile jacutinga,Pipile jacutinga,Pipile jacutinga,Pipile jacutinga,Pipile jacutinga,Pipile jacutinga,Pipile jacutinga,Pipile jacutinga,Pipile jacutinga,Pipile jacutinga,Pipile jacutinga,Pipile,Cracidae,6,Crítico
1503,Pipile jacutinga,Pipile jacutinga,Pipile jacutinga,Pipile jacutinga,Pipile jacutinga,Pipile jacutinga,Pipile jacutinga,Pipile jacutinga,Pipile jacutinga,Pipile jacutinga,Pipile jacutinga,Pipile jacutinga,Pipile,Cracidae,6,Crítico
1504,Pipile jacutinga,Pipile jacutinga,Pipile jacutinga,Pipile jacutinga,Pipile jacutinga,Pipile jacutinga,Pipile jacutinga,Pipile jacutinga,Pipile jacutinga,Pipile jacutinga,Pipile jacutinga,Pipile jacutinga,Pipile,Cracidae,6,Crítico
1507,Pipile jacutinga,Penelope superciliaris,Penelope superciliaris,Penelope superciliaris,Penelope superciliaris,Penelope superciliaris,Penelope superciliaris,Pipile jacutinga,Penelope superciliaris,Penelope superciliaris,Penelope superciliaris,Penelope superciliaris,Pipile,Cracidae,6,Crítico
1508,Pipile jacutinga,Pipile jacutinga,Pipile jacutinga,Penelope superciliaris,Pipile jacutinga,Pipile jacutinga,Pipile jacutinga,Pipile jacutinga,Pipile jacutinga,Pipile jacutinga,Pipile jacutinga,Pipile jacutinga,Pipile,Cracidae,6,Crítico
1509,Pipile jacutinga,Pipile jacutinga,Pipile jacutinga,Pipile jacutinga,Pipile jacutinga,Pipile jacutinga,Pipile jacutinga,Pipile jacutinga,Pipile jacutinga,Pipile jacutinga,Pipile jacutinga,Pipile jacutinga,Pipile,Cracidae,6,Crítico
1510,Pipile jacutinga,Pipile jacutinga,Pipile jacutinga,Pipile jacutinga,Pipile jacutinga,Pipile jacutinga,Pipile jacutinga,Pipile jacutinga,Pipile jacutinga,Pipile jacutinga,Pipile jacutinga,Pipile jacutinga,Pipile,Cracidae,6,Crítico
1511,Pipile jacutinga,Pipile jacutinga,Penelope superciliaris,Penelope superciliaris,Penelope superciliaris,Pipile jacutinga,Pipile jacutinga,Penelope superciliaris,Penelope superciliaris,Penelope superciliaris,Penelope superciliaris,Pipile jacutinga,Pipile,Cracidae,6,Crítico
1512,Pipile jacutinga,Pipile jacutinga,Pipile jacutinga,Pipile jacutinga,Pipile jacutinga,Pipile jacutinga,Pipile jacutinga,Pipile jacutinga,Pipile jacutinga,Pipile jacutinga,Pipile jacutinga,Pipile jacutinga,Pipile,Cracidae,6,Crítico
1515,Pipile jacutinga,Pipile jacutinga,Pipile jacutinga,Pipile jacutinga,Pipile jacutinga,Pipile jacutinga,Pipile jacutinga,Pipile jacutinga,Pipile jacutinga,Pipile jacutinga,Pipile jacutinga,Pipile jacutinga,Pipile,Cracidae,6,Crítico
1516,Pipile jacutinga,Pipile jacutinga,Pipile jacutinga,Pipile jacutinga,Pipile jacutinga,Pipile jacutinga,Pipile jacutinga,Pipile jacutinga,Pipile jacutinga,Pipile jacutinga,Pipile jacutinga,Pipile jacutinga,Pipile,Cracidae,6,Crítico
1517,Pipile jacutinga,Selenidera maculirostris,Selenidera maculirostris,Pipile jacutinga,Selenidera maculirostris,Pipile jacutinga,Selenidera maculirostris,Pipile jacutinga,Selenidera maculirostris,Selenidera maculirostris,Selenidera maculirostris,Selenidera maculirostris,Pipile,Cracidae,6,Crítico
1518,Pipile jacutinga,Pipile jacutinga,Pipile jacutinga,Pipile jacutinga,Pipile jacutinga,Pipile jacutinga,Pipile jacutinga,Pipile jacutinga,Pipile jacutinga,Pipile jacutinga,Pipile jacutinga,Pipile jacutinga,Pipile,Cracidae,6,Crítico
1520,Pipile jacutinga,Pipile jacutinga,Pipile jacutinga,Pipile jacutinga,Pipile jacutinga,Pipile jacutinga,Pipile jacutinga,Pipile jacutinga,Pipile jacutinga,Pipile jacutinga,Pipile jacutinga,Pipile jacutinga,Pipile,Cracidae,6,Crítico
1521,Pipile jacutinga,Sapajus nigritus,Alouatta caraya,Alouatta caraya,Alouatta caraya,Sapajus nigritus,Sapajus nigritus,Phrynops williamsi,Alouatta caraya,Alouatta caraya,Alouatta caraya,Sapajus nigritus,Pipile,Cracidae,6,Crítico
1522,Pipile jacutinga,Pipile jacutinga,Pipile jacutinga,Pipile jacutinga,Pipile jacutinga,Pipile jacutinga,Pipile jacutinga,Pipile jacutinga,Pipile jacutinga,Pipile jacutinga,Pipile jacutinga,Pipile jacutinga,Pipile,Cracidae,6,Crítico
1523,Pipile jacutinga,Mackenziaena severa,Mackenziaena leachii,Chamaeza campanisona,Mackenziaena severa,Mackenziaena severa,Pyriglena leucoptera,Leopardus guttulus,Mackenziaena leachii,Mackenziaena leachii,Mackenziaena leachii,Mackenziaena severa,Pipile,Cracidae,6,Crítico
1524,Pipile jacutinga,Pipile jacutinga,Penelope superciliaris,Penelope superciliaris,Pipile jacutinga,Pipile jacutinga,Pipile jacutinga,Penelope superciliaris,Penelope superciliaris,Penelope superciliaris,Penelope superciliaris,Pipile jacutinga,Pipile,Cracidae,6,Crítico
1525,Pipile jacutinga,Pipile jacutinga,Pipile jacutinga,Pipile jacutinga,Pipile jacutinga,Pipile jacutinga,Pipile jacutinga,Pipile jacutinga,Pipile jacutinga,Pipile jacutinga,Pipile jacutinga,Pipile jacutinga,Pipile,Cracidae,6,Crítico
1526,Pipile jacutinga,Sapajus nigritus,Pipile jacutinga,Pipile jacutinga,Pipile jacutinga,Amazona vinacea,Sapajus nigritus,Phrynops williamsi,Pipile jacutinga,Pipile jacutinga,Pipile jacutinga,Cyanocorax chrysops,Pipile,Cracidae,6,Crítico
1527,Pipile jacutinga,Penelope superciliaris,Odontophorus capueira,Odontophorus capueira,Penelope superciliaris,Pipile jacutinga,Penelope superciliaris,Pipile jacutinga,Odontophorus capueira,Odontophorus capueira,Odontophorus capueira,Penelope superciliaris,Pipile,Cracidae,6,Crítico
1528,Pipile jacutinga,Pipile jacutinga,Pipile jacutinga,Pipile jacutinga,Pipile jacutinga,Pipile jacutinga,Pipile jacutinga,Pipile jacutinga,Pipile jacutinga,Pipile jacutinga,Pipile jacutinga,Pipile jacutinga,Pipile,Cracidae,6,Crítico
1530,Pipile jacutinga,Pipile jacutinga,Pipile jacutinga,Pipile jacutinga,Pipile jacutinga,Pipile jacutinga,Pipile jacutinga,Pipile jacutinga,Pipile jacutinga,Pipile jacutinga,Pipile jacutinga,Pipile jacutinga,Pipile,Cracidae,6,Crítico
1531,Cuniculus paca,Cuniculus paca,Leopardus wiedii,Cuniculus paca,Cuniculus paca,Cuniculus paca,Leopardus guttulus,Cerdocyon thous,Leopardus wiedii,Leopardus wiedii,Leopardus wiedii,Cuniculus paca,Cuniculus,Cuniculidae,2,Bajo
1532,Cuniculus paca,Cuniculus paca,Puma concolor,Cerdocyon thous,Cuniculus paca,Cuniculus paca,Leopardus guttulus,Cerdocyon thous,Puma concolor,Puma concolor,Puma concolor,Cuniculus paca,Cuniculus,Cuniculidae,2,Bajo
1533,Cuniculus paca,Leopardus guttulus,Leopardus wiedii,Leopardus wiedii,Leopardus guttulus,Leopardus guttulus,Leopardus guttulus,Lepus europaeus,Leopardus wiedii,Leopardus wiedii,Leopardus wiedii,Leopardus guttulus,Cuniculus,Cuniculidae,2,Bajo
1534,Cuniculus paca,Cuniculus paca,Cuniculus paca,Cuniculus paca,Cuniculus paca,Lepus europaeus,Leopardus guttulus,Leopardus wiedii,Cuniculus paca,Cuniculus paca,Cuniculus paca,Cuniculus paca,Cuniculus,Cuniculidae,2,Bajo
1535,Cuniculus paca,Cuniculus paca,Cuniculus paca,Cerdocyon thous,Cabassous tatouay,Cerdocyon thous,Cerdocyon thous,Sylvilagus brasiliensis,Cuniculus paca,Cuniculus paca,Cuniculus paca,Cuniculus paca,Cuniculus,Cuniculidae,2,Bajo
1536,Cuniculus paca,Cuniculus paca,Cerdocyon thous,Cerdocyon thous,Cabassous tatouay,Dasypus novemcinctus,Dasypus novemcinctus,Salvator merianae,Cerdocyon thous,Cerdocyon thous,Cerdocyon thous,Cuniculus paca,Cuniculus,Cuniculidae,2,Bajo
1538,Cuniculus paca,Procyon cancrivorus,Tamandua tetradactyla,Eira barbara,Cerdocyon thous,Herpailurus yagouaroundi,Cerdocyon thous,Procyon cancrivorus,Tamandua tetradactyla,Tamandua tetradactyla,Tamandua tetradactyla,Procyon cancrivorus,Cuniculus,Cuniculidae,2,Bajo
1539,Cuniculus paca,Procyon cancrivorus,Cerdocyon thous,Procyon cancrivorus,Procyon cancrivorus,Cerdocyon thous,Cerdocyon thous,Cerdocyon thous,Cerdocyon thous,Cerdocyon thous,Cerdocyon thous,Procyon cancrivorus,Cuniculus,Cuniculidae,2,Bajo
1541,Cuniculus paca,Leopardus wiedii,Cuniculus paca,Cuniculus paca,Cuniculus paca,Leopardus wiedii,Cerdocyon thous,Alouatta caraya,Cuniculus paca,Cuniculus paca,Cuniculus paca,Leopardus wiedii,Cuniculus,Cuniculidae,2,Bajo
1542,Cuniculus paca,Procyon cancrivorus,Procyon cancrivorus,Procyon cancrivorus,Procyon cancrivorus,Procyon cancrivorus,Cerdocyon thous,Sus scrofa,Procyon cancrivorus,Procyon cancrivorus,Procyon cancrivorus,Procyon cancrivorus,Cuniculus,Cuniculidae,2,Bajo
1543,Cuniculus paca,Cuniculus paca,Panthera onca,Cuniculus paca,Cuniculus paca,Cuniculus paca,Dasypus novemcinctus,Amazona vinacea,Panthera onca,Panthera onca,Panthera onca,Cuniculus paca,Cuniculus,Cuniculidae,2,Bajo
1544,Cuniculus paca,Pecari tajacu,Cuniculus paca,Pecari tajacu,Pecari tajacu,Cuniculus paca,Pecari tajacu,Dasypus novemcinctus,Cuniculus paca,Cuniculus paca,Cuniculus paca,Pecari tajacu,Cuniculus,Cuniculidae,2,Bajo
1545,Cuniculus paca,Cuniculus paca,Cuniculus paca,Cuniculus paca,Cerdocyon thous,Cuniculus paca,Cerdocyon thous,Leopardus guttulus,Cuniculus paca,Cuniculus paca,Cuniculus paca,Cuniculus paca,Cuniculus,Cuniculidae,2,Bajo
1546,Cuniculus paca,Cuniculus paca,Procyon cancrivorus,Procyon cancrivorus,Cabassous tatouay,Cuniculus paca,Cerdocyon thous,Eira barbara,Procyon cancrivorus,Procyon cancrivorus,Procyon cancrivorus,Cabassous tatouay,Cuniculus,Cuniculidae,2,Bajo
1547,Cuniculus paca,Leopardus wiedii,Leopardus wiedii,Leopardus guttulus,Galictis cuja,Hydropsalis torquata,Galictis cuja,Lepus europaeus,Leopardus wiedii,Leopardus wiedii,Leopardus wiedii,Leopardus wiedii,Cuniculus,Cuniculidae,2,Bajo
1550,Cuniculus paca,Cuniculus paca,Cuniculus paca,Cuniculus paca,Leopardus wiedii,Leopardus guttulus,Leopardus guttulus,Procyon cancrivorus,Cuniculus paca,Cuniculus paca,Cuniculus paca,Cuniculus paca,Cuniculus,Cuniculidae,2,Bajo
1551,Cuniculus paca,Cuniculus paca,Cabassous tatouay,Cabassous tatouay,Cabassous tatouay,Leopardus guttulus,Cerdocyon thous,Leopardus guttulus,Cabassous tatouay,Cabassous tatouay,Cabassous tatouay,Cabassous tatouay,Cuniculus,Cuniculidae,2,Bajo
1552,Cuniculus paca,Mazama nanus,Cuniculus paca,Cuniculus paca,Mazama nanus,Mazama nanus,Cerdocyon thous,Hydrochoerus hydrochaeris,Cuniculus paca,Cuniculus paca,Cuniculus paca,Mazama nanus,Cuniculus,Cuniculidae,2,Bajo
1553,Cuniculus paca,Cuniculus paca,Cuniculus paca,Cuniculus paca,Cuniculus paca,Cuniculus paca,Leopardus guttulus,Cuniculus paca,Cuniculus paca,Cuniculus paca,Cuniculus paca,Cuniculus paca,Cuniculus,Cuniculidae,2,Bajo
1554,Cuniculus paca,Cuniculus paca,Cuniculus paca,Cuniculus paca,Cuniculus paca,Cuniculus paca,Cerdocyon thous,Leopardus guttulus,Cuniculus paca,Cuniculus paca,Cuniculus paca,Cuniculus paca,Cuniculus,Cuniculidae,2,Bajo
1555,Dasypus novemcinctus,Dasypus novemcinctus,Dasypus novemcinctus,Dasypus novemcinctus,Dasypus novemcinctus,Dasypus novemcinctus,Dasypus novemcinctus,Dasypus novemcinctus,Dasypus novemcinctus,Dasypus novemcinctus,Dasypus novemcinctus,Dasypus novemcinctus,Dasypus,Dasypodidae,1,Bajo
1556,Dasypus novemcinctus,Salvator merianae,Salvator merianae,Salvator merianae,Salvator merianae,Dasypus novemcinctus,Salvator merianae,Dasypus novemcinctus,Salvator merianae,Salvator merianae,Salvator merianae,Salvator merianae,Dasypus,Dasypodidae,1,Bajo
1557,Dasypus novemcinctus,Euphractus sexcinctus,Euphractus sexcinctus,Dasypus novemcinctus,Dasypus novemcinctus,Dasypus novemcinctus,Dasypus novemcinctus,Dasypus novemcinctus,Euphractus sexcinctus,Euphractus sexcinctus,Euphractus sexcinctus,Euphractus sexcinctus,Dasypus,Dasypodidae,1,Bajo
1558,Dasypus novemcinctus,Dasypus novemcinctus,Dasypus novemcinctus,Dasypus novemcinctus,Dasypus novemcinctus,Salvator merianae,Dasypus novemcinctus,Euphractus sexcinctus,Dasypus novemcinctus,Dasypus novemcinctus,Dasypus novemcinctus,Dasypus novemcinctus,Dasypus,Dasypodidae,1,Bajo
1559,Dasypus novemcinctus,Procyon cancrivorus,Tamandua tetradactyla,Procyon cancrivorus,Procyon cancrivorus,Dasypus novemcinctus,Cerdocyon thous,Dasyprocta azarae,Tamandua tetradactyla,Tamandua tetradactyla,Tamandua tetradactyla,Procyon cancrivorus,Dasypus,Dasypodidae,1,Bajo
1560,Dasypus novemcinctus,Didelphis albiventris,Cerdocyon thous,Cerdocyon thous,Cerdocyon thous,Didelphis albiventris,Didelphis aurita,Didelphis albiventris,Cerdocyon thous,Cerdocyon thous,Cerdocyon thous,Didelphis albiventris,Dasypus,Dasypodidae,1,Bajo
1561,Dasypus novemcinctus,Dasypus novemcinctus,Euphractus sexcinctus,Euphractus sexcinctus,Dasypus novemcinctus,Dasypus novemcinctus,Dasypus novemcinctus,Dasyprocta azarae,Euphractus sexcinctus,Euphractus sexcinctus,Euphractus sexcinctus,Euphractus sexcinctus,Dasypus,Dasypodidae,1,Bajo
1562,Dasypus novemcinctus,Lontra longicaudis,Subulo gouazoubira,Cyanocorax chrysops,Cyanocorax chrysops,Lontra longicaudis,Lontra longicaudis,Lontra longicaudis,Subulo gouazoubira,Subulo gouazoubira,Subulo gouazoubira,Lontra longicaudis,Dasypus,Dasypodidae,1,Bajo
1563,Dasypus novemcinctus,Herpailurus yagouaroundi,Salvator merianae,Aramides saracura,Aramides saracura,Aramides saracura,Lontra longicaudis,Sylvilagus brasiliensis,Salvator merianae,Salvator merianae,Salvator merianae,Herpailurus yagouaroundi,Dasypus,Dasypodidae,1,Bajo
1564,Dasypus novemcinctus,Cuniculus paca,Cerdocyon thous,Cabassous tatouay,Procyon cancrivorus,Cuniculus paca,Cerdocyon thous,Eira barbara,Cerdocyon thous,Cerdocyon thous,Cerdocyon thous,Cuniculus paca,Dasypus,Dasypodidae,1,Bajo
1565,Dasypus novemcinctus,Salvator merianae,Euphractus sexcinctus,Dasypus novemcinctus,Dasypus novemcinctus,Salvator merianae,Salvator merianae,Dasypus novemcinctus,Euphractus sexcinctus,Euphractus sexcinctus,Euphractus sexcinctus,Salvator merianae,Dasypus,Dasypodidae,1,Bajo
1566,Dasypus novemcinctus,Dasypus novemcinctus,Dasypus novemcinctus,Dasypus novemcinctus,Dasypus novemcinctus,Dasypus novemcinctus,Dasypus novemcinctus,Subulo gouazoubira,Dasypus novemcinctus,Dasypus novemcinctus,Dasypus novemcinctus,Dasypus novemcinctus,Dasypus,Dasypodidae,1,Bajo
1567,Dasypus novemcinctus,Dasypus novemcinctus,Dasypus novemcinctus,Euphractus sexcinctus,Dasypus novemcinctus,Dasypus novemcinctus,Dasypus novemcinctus,Dasypus novemcinctus,Dasypus novemcinctus,Dasypus novemcinctus,Dasypus novemcinctus,Dasypus novemcinctus,Dasypus,Dasypodidae,1,Bajo
1568,Dasypus novemcinctus,Dasypus novemcinctus,Dasypus novemcinctus,Dasypus novemcinctus,Dasypus novemcinctus,Dasypus novemcinctus,Dasypus novemcinctus,Euphractus sexcinctus,Dasypus novemcinctus,Dasypus novemcinctus,Dasypus novemcinctus,Dasypus novemcinctus,Dasypus,Dasypodidae,1,Bajo
1569,Dasypus novemcinctus,Dasypus novemcinctus,Dasypus novemcinctus,Dasypus novemcinctus,Dasypus novemcinctus,Dasypus novemcinctus,Dasypus novemcinctus,Dasypus novemcinctus,Dasypus novemcinctus,Dasypus novemcinctus,Dasypus novemcinctus,Dasypus novemcinctus,Dasypus,Dasypodidae,1,Bajo
1570,Dasypus novemcinctus,Dasypus novemcinctus,Dasypus novemcinctus,Dasypus novemcinctus,Cabassous tatouay,Dasypus novemcinctus,Dasypus novemcinctus,Dasypus novemcinctus,Dasypus novemcinctus,Dasypus novemcinctus,Dasypus novemcinctus,Dasypus novemcinctus,Dasypus,Dasypodidae,1,Bajo
1571,Dasypus novemcinctus,Dasypus novemcinctus,Dasypus novemcinctus,Dasypus novemcinctus,Dasypus novemcinctus,Dasypus novemcinctus,Dasypus novemcinctus,Dasypus novemcinctus,Dasypus novemcinctus,Dasypus novemcinctus,Dasypus novemcinctus,Dasypus novemcinctus,Dasypus,Dasypodidae,1,Bajo
1572,Dasypus novemcinctus,Euphractus sexcinctus,Dasypus novemcinctus,Dasypus novemcinctus,Euphractus sexcinctus,Dasypus novemcinctus,Dasypus novemcinctus,Euphractus sexcinctus,Dasypus novemcinctus,Dasypus novemcinctus,Dasypus novemcinctus,Euphractus sexcinctus,Dasypus,Dasypodidae,1,Bajo
1573,Dasypus novemcinctus,Dasypus novemcinctus,Dasypus novemcinctus,Dasypus novemcinctus,Dasypus novemcinctus,Dasypus novemcinctus,Dasypus novemcinctus,Dasypus novemcinctus,Dasypus novemcinctus,Dasypus novemcinctus,Dasypus novemcinctus,Dasypus novemcinctus,Dasypus,Dasypodidae,1,Bajo
1575,Dasypus novemcinctus,Dasypus novemcinctus,Dasypus novemcinctus,Dasypus novemcinctus,Dasypus novemcinctus,Dasypus novemcinctus,Dasypus novemcinctus,Dasypus novemcinctus,Dasypus novemcinctus,Dasypus novemcinctus,Dasypus novemcinctus,Dasypus novemcinctus,Dasypus,Dasypodidae,1,Bajo
1578,Dasypus novemcinctus,Euphractus sexcinctus,Dasypus novemcinctus,Dasypus novemcinctus,Dasypus novemcinctus,Dasypus novemcinctus,Dasypus novemcinctus,Dasypus novemcinctus,Dasypus novemcinctus,Dasypus novemcinctus,Dasypus novemcinctus,Euphractus sexcinctus,Dasypus,Dasypodidae,1,Bajo
1579,Dasypus novemcinctus,Dasypus novemcinctus,Dasypus novemcinctus,Dasypus novemcinctus,Dasypus novemcinctus,Dasypus novemcinctus,Dasypus novemcinctus,Dasypus novemcinctus,Dasypus novemcinctus,Dasypus novemcinctus,Dasypus novemcinctus,Dasypus novemcinctus,Dasypus,Dasypodidae,1,Bajo
1580,Dasypus novemcinctus,Dasyprocta azarae,Dasyprocta azarae,Dasyprocta azarae,Dasyprocta azarae,Dasyprocta azarae,Dasyprocta azarae,Dasyprocta azarae,Dasyprocta azarae,Dasyprocta azarae,Dasyprocta azarae,Dasyprocta azarae,Dasypus,Dasypodidae,1,Bajo
1583,Dasypus novemcinctus,Dasypus novemcinctus,Dasypus novemcinctus,Dasypus novemcinctus,Dasypus novemcinctus,Dasypus novemcinctus,Dasypus novemcinctus,Dasypus novemcinctus,Dasypus novemcinctus,Dasypus novemcinctus,Dasypus novemcinctus,Dasypus novemcinctus,Dasypus,Dasypodidae,1,Bajo
1584,Dasypus novemcinctus,Dasypus novemcinctus,Dasypus novemcinctus,Dasypus novemcinctus,Dasypus novemcinctus,Dasypus novemcinctus,Dasypus novemcinctus,Dasypus novemcinctus,Dasypus novemcinctus,Dasypus novemcinctus,Dasypus novemcinctus,Dasypus novemcinctus,Dasypus,Dasypodidae,1,Bajo
1585,Dasypus novemcinctus,Dasypus novemcinctus,Dasypus novemcinctus,Dasypus novemcinctus,Dasypus novemcinctus,Dasypus novemcinctus,Dasypus novemcinctus,Dasypus novemcinctus,Dasypus novemcinctus,Dasypus novemcinctus,Dasypus novemcinctus,Dasypus novemcinctus,Dasypus,Dasypodidae,1,Bajo
1586,Dasypus novemcinctus,Dasypus novemcinctus,Dasypus novemcinctus,Dasypus novemcinctus,Dasypus novemcinctus,Dasypus novemcinctus,Dasypus novemcinctus,Dasypus novemcinctus,Dasypus novemcinctus,Dasypus novemcinctus,Dasypus novemcinctus,Dasypus novemcinctus,Dasypus,Dasypodidae,1,Bajo
1587,Dasypus novemcinctus,Lontra longicaudis,Nothura maculosa,Lepus europaeus,Lepus europaeus,Sporophila pileata,Lontra longicaudis,Alouatta caraya,Nothura maculosa,Nothura maculosa,Nothura maculosa,Sporophila pileata,Dasypus,Dasypodidae,1,Bajo
1589,Dasypus novemcinctus,Dasypus novemcinctus,Dasypus novemcinctus,Dasypus novemcinctus,Dasypus novemcinctus,Dasypus novemcinctus,Dasypus novemcinctus,Dasypus novemcinctus,Dasypus novemcinctus,Dasypus novemcinctus,Dasypus novemcinctus,Dasypus novemcinctus,Dasypus,Dasypodidae,1,Bajo
1590,Dasypus novemcinctus,Dasypus novemcinctus,Dasypus novemcinctus,Dasypus novemcinctus,Dasypus novemcinctus,Dasypus novemcinctus,Dasypus novemcinctus,Nyctidromus albicollis,Dasypus novemcinctus,Dasypus novemcinctus,Dasypus novemcinctus,Dasypus novemcinctus,Dasypus,Dasypodidae,1,Bajo
1591,Dasypus novemcinctus,Cuniculus paca,Cuniculus paca,Cuniculus paca,Cuniculus paca,Leopardus wiedii,Leopardus guttulus,Leopardus wiedii,Cuniculus paca,Cuniculus paca,Cuniculus paca,Cuniculus paca,Dasypus,Dasypodidae,1,Bajo
1592,Dasypus novemcinctus,Dasypus novemcinctus,Dasypus novemcinctus,Dasypus novemcinctus,Dasypus novemcinctus,Salvator merianae,Dasypus novemcinctus,Salvator merianae,Dasypus novemcinctus,Dasypus novemcinctus,Dasypus novemcinctus,Dasypus novemcinctus,Dasypus,Dasypodidae,1,Bajo
1593,Dasypus novemcinctus,Dasypus novemcinctus,Dasypus novemcinctus,Dasypus novemcinctus,Dasypus novemcinctus,Dasypus novemcinctus,Dasypus novemcinctus,Dasypus novemcinctus,Dasypus novemcinctus,Dasypus novemcinctus,Dasypus novemcinctus,Dasypus novemcinctus,Dasypus,Dasypodidae,1,Bajo
1594,Dasypus novemcinctus,Dasypus novemcinctus,Dasypus novemcinctus,Dasypus novemcinctus,Dasypus novemcinctus,Dasypus novemcinctus,Dasypus novemcinctus,Dasypus novemcinctus,Dasypus novemcinctus,Dasypus novemcinctus,Dasypus novemcinctus,Dasypus novemcinctus,Dasypus,Dasypodidae,1,Bajo
1595,Dasypus novemcinctus,Dasypus novemcinctus,Dasypus novemcinctus,Dasypus novemcinctus,Dasypus novemcinctus,Dasypus novemcinctus,Dasypus novemcinctus,Dasypus novemcinctus,Dasypus novemcinctus,Dasypus novemcinctus,Dasypus novemcinctus,Dasypus novemcinctus,Dasypus,Dasypodidae,1,Bajo
1596,Dasypus novemcinctus,Dasypus novemcinctus,Dasypus novemcinctus,Dasypus novemcinctus,Dasypus novemcinctus,Dasypus novemcinctus,Dasypus novemcinctus,Dasypus novemcinctus,Dasypus novemcinctus,Dasypus novemcinctus,Dasypus novemcinctus,Dasypus novemcinctus,Dasypus,Dasypodidae,1,Bajo
1597,Dasypus novemcinctus,Cuniculus paca,Cuniculus paca,Cabassous tatouay,Cabassous tatouay,Cabassous tatouay,Cerdocyon thous,Dasyprocta azarae,Cuniculus paca,Cuniculus paca,Cuniculus paca,Cabassous tatouay,Dasypus,Dasypodidae,1,Bajo
1598,Dasypus novemcinctus,Cabassous tatouay,Cabassous tatouay,Cabassous tatouay,Cabassous tatouay,Cabassous tatouay,Dasyprocta azarae,Eira barbara,Cabassous tatouay,Cabassous tatouay,Cabassous tatouay,Cabassous tatouay,Dasypus,Dasypodidae,1,Bajo
1599,Dasypus novemcinctus,Dasypus novemcinctus,Euphractus sexcinctus,Dasypus novemcinctus,Dasypus novemcinctus,Dasypus novemcinctus,Dasypus novemcinctus,Dasypus novemcinctus,Euphractus sexcinctus,Euphractus sexcinctus,Euphractus sexcinctus,Euphractus sexcinctus,Dasypus,Dasypodidae,1,Bajo
1600,Dasypus novemcinctus,Euphractus sexcinctus,Euphractus sexcinctus,Euphractus sexcinctus,Euphractus sexcinctus,Dasypus novemcinctus,Dasypus novemcinctus,Dasypus novemcinctus,Euphractus sexcinctus,Euphractus sexcinctus,Euphractus sexcinctus,Euphractus sexcinctus,Dasypus,Dasypodidae,1,Bajo
1605,Dasypus novemcinctus,Cuniculus paca,Cuniculus paca,Cerdocyon thous,Cabassous tatouay,Dasyprocta azarae,Dasyprocta azarae,Cuniculus paca,Cuniculus paca,Cuniculus paca,Cuniculus paca,Cuniculus paca,Dasypus,Dasypodidae,1,Bajo
1607,Dasypus novemcinctus,Dasyprocta azarae,Dasyprocta azarae,Dasyprocta azarae,Dasyprocta azarae,Dasyprocta azarae,Dasyprocta azarae,Dasyprocta azarae,Dasyprocta azarae,Dasyprocta azarae,Dasyprocta azarae,Dasyprocta azarae,Dasypus,Dasypodidae,1,Bajo
1608,Dasypus novemcinctus,Dasypus novemcinctus,Dasypus novemcinctus,Dasypus novemcinctus,Dasypus novemcinctus,Dasypus novemcinctus,Dasypus novemcinctus,Dasypus novemcinctus,Dasypus novemcinctus,Dasypus novemcinctus,Dasypus novemcinctus,Dasypus novemcinctus,Dasypus,Dasypodidae,1,Bajo
1609,Dasypus novemcinctus,Cuniculus paca,Cuniculus paca,Cerdocyon thous,Cerdocyon thous,Cuniculus paca,Cerdocyon thous,Cuniculus paca,Cuniculus paca,Cuniculus paca,Cuniculus paca,Cuniculus paca,Dasypus,Dasypodidae,1,Bajo
1610,Dasypus novemcinctus,Dasypus novemcinctus,Dasypus novemcinctus,Dasypus novemcinctus,Dasypus novemcinctus,Dasypus novemcinctus,Dasypus novemcinctus,Dasypus novemcinctus,Dasypus novemcinctus,Dasypus novemcinctus,Dasypus novemcinctus,Dasypus novemcinctus,Dasypus,Dasypodidae,1,Bajo
1611,Dasypus novemcinctus,Dasypus novemcinctus,Leopardus pardalis,Dasypus novemcinctus,Dasypus novemcinctus,Euphractus sexcinctus,Dasypus novemcinctus,Lontra longicaudis,Leopardus pardalis,Leopardus pardalis,Leopardus pardalis,Dasypus novemcinctus,Dasypus,Dasypodidae,1,Bajo
1612,Dasypus novemcinctus,Dasypus novemcinctus,Dasypus novemcinctus,Dasypus novemcinctus,Dasypus novemcinctus,Dasypus novemcinctus,Dasypus novemcinctus,Dasypus novemcinctus,Dasypus novemcinctus,Dasypus novemcinctus,Dasypus novemcinctus,Dasypus novemcinctus,Dasypus,Dasypodidae,1,Bajo
1613,Dasypus novemcinctus,Euphractus sexcinctus,Euphractus sexcinctus,Dasypus novemcinctus,Dasypus novemcinctus,Dasypus novemcinctus,Dasypus novemcinctus,Dasypus novemcinctus,Euphractus sexcinctus,Euphractus sexcinctus,Euphractus sexcinctus,Euphractus sexcinctus,Dasypus,Dasypodidae,1,Bajo
1614,Dasypus novemcinctus,Dasypus novemcinctus,Dasypus novemcinctus,Dasypus novemcinctus,Dasypus novemcinctus,Dasypus novemcinctus,Dasypus novemcinctus,Dasypus novemcinctus,Dasypus novemcinctus,Dasypus novemcinctus,Dasypus novemcinctus,Dasypus novemcinctus,Dasypus,Dasypodidae,1,Bajo
1615,Dasypus novemcinctus,Dasypus novemcinctus,Dasypus novemcinctus,Dasypus novemcinctus,Dasypus novemcinctus,Dasypus novemcinctus,Dasypus novemcinctus,Dasypus novemcinctus,Dasypus novemcinctus,Dasypus novemcinctus,Dasypus novemcinctus,Dasypus novemcinctus,Dasypus,Dasypodidae,1,Bajo
1617,Dasypus novemcinctus,Dasypus novemcinctus,Dasypus novemcinctus,Dasypus novemcinctus,Dasypus novemcinctus,Dasypus novemcinctus,Dasypus novemcinctus,Dasypus novemcinctus,Dasypus novemcinctus,Dasypus novemcinctus,Dasypus novemcinctus,Dasypus novemcinctus,Dasypus,Dasypodidae,1,Bajo
1618,Dasypus novemcinctus,Dasypus novemcinctus,Dasypus novemcinctus,Dasypus novemcinctus,Dasypus novemcinctus,Dasypus novemcinctus,Dasypus novemcinctus,Dasypus novemcinctus,Dasypus novemcinctus,Dasypus novemcinctus,Dasypus novemcinctus,Dasypus novemcinctus,Dasypus,Dasypodidae,1,Bajo
1619,Dasyprocta azarae,Dasyprocta azarae,Dasyprocta azarae,Dasyprocta azarae,Dasyprocta azarae,Dasyprocta azarae,Dasyprocta azarae,Dasyprocta azarae,Dasyprocta azarae,Dasyprocta azarae,Dasyprocta azarae,Dasyprocta azarae,Dasyprocta,Dasyproctidae,3,Medio
1621,Dasyprocta azarae,Dasyprocta azarae,Dasyprocta azarae,Dasyprocta azarae,Dasyprocta azarae,Pecari tajacu,Dasyprocta azarae,Dasyprocta azarae,Dasyprocta azarae,Dasyprocta azarae,Dasyprocta azarae,Dasyprocta azarae,Dasyprocta,Dasyproctidae,3,Medio
1622,Dasyprocta azarae,Sapajus nigritus,Penelope superciliaris,Cuniculus paca,Cuniculus paca,Cuniculus paca,Sapajus nigritus,Notharchus swainsoni,Penelope superciliaris,Penelope superciliaris,Penelope superciliaris,Cuniculus paca,Dasyprocta,Dasyproctidae,3,Medio
1624,Dasyprocta azarae,Dasyprocta azarae,Dasyprocta azarae,Dasyprocta azarae,Dasyprocta azarae,Pecari tajacu,Dasyprocta azarae,Dasyprocta azarae,Dasyprocta azarae,Dasyprocta azarae,Dasyprocta azarae,Dasyprocta azarae,Dasyprocta,Dasyproctidae,3,Medio
1625,Dasyprocta azarae,Dasyprocta azarae,Dasyprocta azarae,Dasyprocta azarae,Dasyprocta azarae,Dasyprocta azarae,Dasyprocta azarae,Dasyprocta azarae,Dasyprocta azarae,Dasyprocta azarae,Dasyprocta azarae,Dasyprocta azarae,Dasyprocta,Dasyproctidae,3,Medio
1626,Dasyprocta azarae,Dasyprocta azarae,Dasyprocta azarae,Dasyprocta azarae,Dasyprocta azarae,Dasyprocta azarae,Dasyprocta azarae,Dasyprocta azarae,Dasyprocta azarae,Dasyprocta azarae,Dasyprocta azarae,Dasyprocta azarae,Dasyprocta,Dasyproctidae,3,Medio
1627,Dasyprocta azarae,Dasyprocta azarae,Dasyprocta azarae,Dasyprocta azarae,Dasyprocta azarae,Dasyprocta azarae,Dasyprocta azarae,Dasyprocta azarae,Dasyprocta azarae,Dasyprocta azarae,Dasyprocta azarae,Dasyprocta azarae,Dasyprocta,Dasyproctidae,3,Medio
1628,Dasyprocta azarae,Dasyprocta azarae,Dasyprocta azarae,Dasyprocta azarae,Dasyprocta azarae,Dasyprocta azarae,Dasyprocta azarae,Dasyprocta azarae,Dasyprocta azarae,Dasyprocta azarae,Dasyprocta azarae,Dasyprocta azarae,Dasyprocta,Dasyproctidae,3,Medio
1629,Dasyprocta azarae,Dasyprocta azarae,Dasyprocta azarae,Dasyprocta azarae,Dasyprocta azarae,Dasyprocta azarae,Dasyprocta azarae,Dasyprocta azarae,Dasyprocta azarae,Dasyprocta azarae,Dasyprocta azarae,Dasyprocta azarae,Dasyprocta,Dasyproctidae,3,Medio
1631,Dasyprocta azarae,Dasyprocta azarae,Dasyprocta azarae,Dasyprocta azarae,Dasyprocta azarae,Dasyprocta azarae,Dasyprocta azarae,Dasyprocta azarae,Dasyprocta azarae,Dasyprocta azarae,Dasyprocta azarae,Dasyprocta azarae,Dasyprocta,Dasyproctidae,3,Medio
1632,Dasyprocta azarae,Dasyprocta azarae,Dasyprocta azarae,Dasyprocta azarae,Dasyprocta azarae,Dasyprocta azarae,Dasyprocta azarae,Dasyprocta azarae,Dasyprocta azarae,Dasyprocta azarae,Dasyprocta azarae,Dasyprocta azarae,Dasyprocta,Dasyproctidae,3,Medio
1633,Dasyprocta azarae,Dasyprocta azarae,Dasyprocta azarae,Dasyprocta azarae,Dasyprocta azarae,Dasyprocta azarae,Galictis cuja,Dasyprocta azarae,Dasyprocta azarae,Dasyprocta azarae,Dasyprocta azarae,Dasyprocta azarae,Dasyprocta,Dasyproctidae,3,Medio
1634,Dasyprocta azarae,Dasyprocta azarae,Dasyprocta azarae,Dasyprocta azarae,Dasyprocta azarae,Dasyprocta azarae,Dasyprocta azarae,Dasyprocta azarae,Dasyprocta azarae,Dasyprocta azarae,Dasyprocta azarae,Dasyprocta azarae,Dasyprocta,Dasyproctidae,3,Medio
1635,Dasyprocta azarae,Dasyprocta azarae,Dasyprocta azarae,Dasyprocta azarae,Dasyprocta azarae,Dasyprocta azarae,Dasyprocta azarae,Dasyprocta azarae,Dasyprocta azarae,Dasyprocta azarae,Dasyprocta azarae,Dasyprocta azarae,Dasyprocta,Dasyproctidae,3,Medio
1636,Dasyprocta azarae,Dasyprocta azarae,Dasyprocta azarae,Dasyprocta azarae,Dasyprocta azarae,Dasyprocta azarae,Dasyprocta azarae,Dasyprocta azarae,Dasyprocta azarae,Dasyprocta azarae,Dasyprocta azarae,Dasyprocta azarae,Dasyprocta,Dasyproctidae,3,Medio
1637,Dasyprocta azarae,Dasyprocta azarae,Dasyprocta azarae,Dasyprocta azarae,Dasyprocta azarae,Dasyprocta azarae,Dasyprocta azarae,Dasyprocta azarae,Dasyprocta azarae,Dasyprocta azarae,Dasyprocta azarae,Dasyprocta azarae,Dasyprocta,Dasyproctidae,3,Medio
1638,Dasyprocta azarae,Dasyprocta azarae,Dasyprocta azarae,Dasyprocta azarae,Dasyprocta azarae,Dasyprocta azarae,Dasyprocta azarae,Dasyprocta azarae,Dasyprocta azarae,Dasyprocta azarae,Dasyprocta azarae,Dasyprocta azarae,Dasyprocta,Dasyproctidae,3,Medio
1639,Dasyprocta azarae,Dasyprocta azarae,Dasyprocta azarae,Dasyprocta azarae,Dasyprocta azarae,Dasyprocta azarae,Dasyprocta azarae,Dasyprocta azarae,Dasyprocta azarae,Dasyprocta azarae,Dasyprocta azarae,Dasyprocta azarae,Dasyprocta,Dasyproctidae,3,Medio
1640,Dasyprocta azarae,Dasyprocta azarae,Dasyprocta azarae,Dasyprocta azarae,Dasyprocta azarae,Dasyprocta azarae,Dasyprocta azarae,Dasyprocta azarae,Dasyprocta azarae,Dasyprocta azarae,Dasyprocta azarae,Dasyprocta azarae,Dasyprocta,Dasyproctidae,3,Medio
1641,Dasyprocta azarae,Dasyprocta azarae,Dasyprocta azarae,Dasyprocta azarae,Dasyprocta azarae,Dasyprocta azarae,Dasyprocta azarae,Dasyprocta azarae,Dasyprocta azarae,Dasyprocta azarae,Dasyprocta azarae,Dasyprocta azarae,Dasyprocta,Dasyproctidae,3,Medio
1642,Dasyprocta azarae,Dasyprocta azarae,Eira barbara,Dasyprocta azarae,Dasyprocta azarae,Dasyprocta azarae,Dasyprocta azarae,Galictis cuja,Eira barbara,Eira barbara,Eira barbara,Dasyprocta azarae,Dasyprocta,Dasyproctidae,3,Medio
1643,Dasyprocta azarae,Dasyprocta azarae,Dasyprocta azarae,Dasyprocta azarae,Dasyprocta azarae,Dasyprocta azarae,Dasyprocta azarae,Dasyprocta azarae,Dasyprocta azarae,Dasyprocta azarae,Dasyprocta azarae,Dasyprocta azarae,Dasyprocta,Dasyproctidae,3,Medio
1644,Dasyprocta azarae,Dasyprocta azarae,Dasyprocta azarae,Dasyprocta azarae,Dasyprocta azarae,Dasyprocta azarae,Dasyprocta azarae,Dasyprocta azarae,Dasyprocta azarae,Dasyprocta azarae,Dasyprocta azarae,Dasyprocta azarae,Dasyprocta,Dasyproctidae,3,Medio
1645,Dasyprocta azarae,Dasyprocta azarae,Amazona vinacea,Amazona vinacea,Dasyprocta azarae,Dasyprocta azarae,Dasyprocta azarae,Amazona aestiva,Amazona vinacea,Amazona vinacea,Amazona vinacea,Dasyprocta azarae,Dasyprocta,Dasyproctidae,3,Medio
1646,Dasyprocta azarae,Herpailurus yagouaroundi,Herpailurus yagouaroundi,Dasypus novemcinctus,Dasypus novemcinctus,Herpailurus yagouaroundi,Tamandua tetradactyla,Notharchus swainsoni,Herpailurus yagouaroundi,Herpailurus yagouaroundi,Herpailurus yagouaroundi,Herpailurus yagouaroundi,Dasyprocta,Dasyproctidae,3,Medio
1648,Dasyprocta azarae,Dasyprocta azarae,Dasyprocta azarae,Dasyprocta azarae,Dasyprocta azarae,Dasyprocta azarae,Dasyprocta azarae,Dasyprocta azarae,Dasyprocta azarae,Dasyprocta azarae,Dasyprocta azarae,Dasyprocta azarae,Dasyprocta,Dasyproctidae,3,Medio
1649,Dasyprocta azarae,Dasyprocta azarae,Dasyprocta azarae,Dasyprocta azarae,Dasyprocta azarae,Dasyprocta azarae,Dasyprocta azarae,Dasyprocta azarae,Dasyprocta azarae,Dasyprocta azarae,Dasyprocta azarae,Dasyprocta azarae,Dasyprocta,Dasyproctidae,3,Medio
1651,Dasyprocta azarae,Dasyprocta azarae,Dasyprocta azarae,Dasyprocta azarae,Dasyprocta azarae,Dasyprocta azarae,Dasyprocta azarae,Dasyprocta azarae,Dasyprocta azarae,Dasyprocta azarae,Dasyprocta azarae,Dasyprocta azarae,Dasyprocta,Dasyproctidae,3,Medio
1652,Dasyprocta azarae,Dasyprocta azarae,Dasyprocta azarae,Dasyprocta azarae,Dasyprocta azarae,Dasyprocta azarae,Dasyprocta azarae,Dasyprocta azarae,Dasyprocta azarae,Dasyprocta azarae,Dasyprocta azarae,Dasyprocta azarae,Dasyprocta,Dasyproctidae,3,Medio
1653,Dasyprocta azarae,Dasyprocta azarae,Dasyprocta azarae,Dasyprocta azarae,Dasyprocta azarae,Dasyprocta azarae,Dasyprocta azarae,Dasyprocta azarae,Dasyprocta azarae,Dasyprocta azarae,Dasyprocta azarae,Dasyprocta azarae,Dasyprocta,Dasyproctidae,3,Medio
1654,Dasyprocta azarae,Dasyprocta azarae,Dasyprocta azarae,Dasyprocta azarae,Dasyprocta azarae,Dasyprocta azarae,Dasyprocta azarae,Dasyprocta azarae,Dasyprocta azarae,Dasyprocta azarae,Dasyprocta azarae,Dasyprocta azarae,Dasyprocta,Dasyproctidae,3,Medio
1656,Dasyprocta azarae,Dasyprocta azarae,Dasyprocta azarae,Dasyprocta azarae,Dasyprocta azarae,Dasyprocta azarae,Dasyprocta azarae,Dasyprocta azarae,Dasyprocta azarae,Dasyprocta azarae,Dasyprocta azarae,Dasyprocta azarae,Dasyprocta,Dasyproctidae,3,Medio
1657,Dasyprocta azarae,Dasyprocta azarae,Tayassu pecari,Dasyprocta azarae,Dasyprocta azarae,Dasyprocta azarae,Dasyprocta azarae,Dasyprocta azarae,Tayassu pecari,Tayassu pecari,Tayassu pecari,Dasyprocta azarae,Dasyprocta,Dasyproctidae,3,Medio
1658,Dasyprocta azarae,Dasyprocta azarae,Dasyprocta azarae,Dasyprocta azarae,Dasyprocta azarae,Dasyprocta azarae,Dasyprocta azarae,Dasyprocta azarae,Dasyprocta azarae,Dasyprocta azarae,Dasyprocta azarae,Dasyprocta azarae,Dasyprocta,Dasyproctidae,3,Medio
1659,Dasyprocta azarae,Dasyprocta azarae,Dasyprocta azarae,Dasyprocta azarae,Dasyprocta azarae,Dasyprocta azarae,Dasyprocta azarae,Dasyprocta azarae,Dasyprocta azarae,Dasyprocta azarae,Dasyprocta azarae,Dasyprocta azarae,Dasyprocta,Dasyproctidae,3,Medio
1660,Dasyprocta azarae,Dasyprocta azarae,Dasyprocta azarae,Dasyprocta azarae,Dasyprocta azarae,Dasyprocta azarae,Dasyprocta azarae,Dasyprocta azarae,Dasyprocta azarae,Dasyprocta azarae,Dasyprocta azarae,Dasyprocta azarae,Dasyprocta,Dasyproctidae,3,Medio
1662,Dasyprocta azarae,Dasyprocta azarae,Dasyprocta azarae,Dasyprocta azarae,Dasyprocta azarae,Dasyprocta azarae,Dasyprocta azarae,Dasyprocta azarae,Dasyprocta azarae,Dasyprocta azarae,Dasyprocta azarae,Dasyprocta azarae,Dasyprocta,Dasyproctidae,3,Medio
1663,Dasyprocta azarae,Dasyprocta azarae,Dasyprocta azarae,Dasyprocta azarae,Dasyprocta azarae,Dasyprocta azarae,Dasyprocta azarae,Dasyprocta azarae,Dasyprocta azarae,Dasyprocta azarae,Dasyprocta azarae,Dasyprocta azarae,Dasyprocta,Dasyproctidae,3,Medio
1664,Dasyprocta azarae,Dasyprocta azarae,Dasyprocta azarae,Dasyprocta azarae,Dasyprocta azarae,Dasyprocta azarae,Dasyprocta azarae,Dasyprocta azarae,Dasyprocta azarae,Dasyprocta azarae,Dasyprocta azarae,Dasyprocta azarae,Dasyprocta,Dasyproctidae,3,Medio
1665,Dasyprocta azarae,Herpailurus yagouaroundi,Dasyprocta azarae,Tayassu pecari,Dasyprocta azarae,Dasyprocta azarae,Dasyprocta azarae,Hydrochoerus hydrochaeris,Dasyprocta azarae,Dasyprocta azarae,Dasyprocta azarae,Herpailurus yagouaroundi,Dasyprocta,Dasyproctidae,3,Medio
1668,Dasyprocta azarae,Lontra longicaudis,Herpailurus yagouaroundi,Herpailurus yagouaroundi,Pecari tajacu,Lontra longicaudis,Lontra longicaudis,Nothura maculosa,Herpailurus yagouaroundi,Herpailurus yagouaroundi,Herpailurus yagouaroundi,Pecari tajacu,Dasyprocta,Dasyproctidae,3,Medio
1669,Dasyprocta azarae,Dasyprocta azarae,Dasyprocta azarae,Dasyprocta azarae,Dasyprocta azarae,Dasyprocta azarae,Dasyprocta azarae,Dasyprocta azarae,Dasyprocta azarae,Dasyprocta azarae,Dasyprocta azarae,Dasyprocta azarae,Dasyprocta,Dasyproctidae,3,Medio
1670,Dasyprocta azarae,Sus scrofa,Leopardus guttulus,Leopardus guttulus,Sus scrofa,Sus scrofa,Sus scrofa,Myrmecophaga tridactyla,Leopardus guttulus,Leopardus guttulus,Leopardus guttulus,Sus scrofa,Dasyprocta,Dasyproctidae,3,Medio
1673,Dasyprocta azarae,Dasyprocta azarae,Dasyprocta azarae,Dasyprocta azarae,Dasyprocta azarae,Dasyprocta azarae,Dasyprocta azarae,Dasyprocta azarae,Dasyprocta azarae,Dasyprocta azarae,Dasyprocta azarae,Dasyprocta azarae,Dasyprocta,Dasyproctidae,3,Medio
1675,Dasyprocta azarae,Cabassous tatouay,Cabassous tatouay,Cabassous tatouay,Cabassous tatouay,Dasyprocta azarae,Cerdocyon thous,Dasyprocta azarae,Cabassous tatouay,Cabassous tatouay,Cabassous tatouay,Cabassous tatouay,Dasyprocta,Dasyproctidae,3,Medio
1676,Dasyprocta azarae,Dasyprocta azarae,Dasyprocta azarae,Dasyprocta azarae,Dasyprocta azarae,Dasyprocta azarae,Dasyprocta azarae,Dasyprocta azarae,Dasyprocta azarae,Dasyprocta azarae,Dasyprocta azarae,Dasyprocta azarae,Dasyprocta,Dasyproctidae,3,Medio
1677,Dasyprocta azarae,Herpailurus yagouaroundi,Lycalopex gymnocerca,Didelphis albiventris,Didelphis albiventris,Canis familiaris,Didelphis albiventris,Dasyprocta azarae,Lycalopex gymnocerca,Lycalopex gymnocerca,Lycalopex gymnocerca,Herpailurus yagouaroundi,Dasyprocta,Dasyproctidae,3,Medio
1678,Dasyprocta azarae,Dasyprocta azarae,Dasyprocta azarae,Dasyprocta azarae,Dasyprocta azarae,Dasyprocta azarae,Dasyprocta azarae,Dasyprocta azarae,Dasyprocta azarae,Dasyprocta azarae,Dasyprocta azarae,Dasyprocta azarae,Dasyprocta,Dasyproctidae,3,Medio
1679,Dasyprocta azarae,Dasyprocta azarae,Dasyprocta azarae,Dasyprocta azarae,Dasyprocta azarae,Dasyprocta azarae,Dasyprocta azarae,Dasyprocta azarae,Dasyprocta azarae,Dasyprocta azarae,Dasyprocta azarae,Dasyprocta azarae,Dasyprocta,Dasyproctidae,3,Medio
1681,Dasyprocta azarae,Galictis cuja,Lycalopex gymnocerca,Didelphis albiventris,Didelphis albiventris,Didelphis aurita,Galictis cuja,Didelphis aurita,Lycalopex gymnocerca,Lycalopex gymnocerca,Lycalopex gymnocerca,Didelphis albiventris,Dasyprocta,Dasyproctidae,3,Medio
1682,Dasyprocta azarae,Dasyprocta azarae,Dasyprocta azarae,Dasyprocta azarae,Dasyprocta azarae,Dasyprocta azarae,Dasyprocta azarae,Dasyprocta azarae,Dasyprocta azarae,Dasyprocta azarae,Dasyprocta azarae,Dasyprocta azarae,Dasyprocta,Dasyproctidae,3,Medio
1683,Dasyprocta azarae,Dasyprocta azarae,Dasyprocta azarae,Dasyprocta azarae,Dasyprocta azarae,Dasyprocta azarae,Dasyprocta azarae,Dasyprocta azarae,Dasyprocta azarae,Dasyprocta azarae,Dasyprocta azarae,Dasyprocta azarae,Dasyprocta,Dasyproctidae,3,Medio
1684,Dasyprocta azarae,Dasyprocta azarae,Dasyprocta azarae,Dasyprocta azarae,Dasyprocta azarae,Dasyprocta azarae,Dasyprocta azarae,Dasyprocta azarae,Dasyprocta azarae,Dasyprocta azarae,Dasyprocta azarae,Dasyprocta azarae,Dasyprocta,Dasyproctidae,3,Medio
1685,Dasyprocta azarae,Dasyprocta azarae,Dasyprocta azarae,Dasyprocta azarae,Dasyprocta azarae,Dasyprocta azarae,Dasyprocta azarae,Dasyprocta azarae,Dasyprocta azarae,Dasyprocta azarae,Dasyprocta azarae,Dasyprocta azarae,Dasyprocta,Dasyproctidae,3,Medio
1686,Dasyprocta azarae,Dasyprocta azarae,Dasyprocta azarae,Dasyprocta azarae,Pecari tajacu,Dasyprocta azarae,Dasyprocta azarae,Pecari tajacu,Dasyprocta azarae,Dasyprocta azarae,Dasyprocta azarae,Dasyprocta azarae,Dasyprocta,Dasyproctidae,3,Medio
1687,Dasyprocta azarae,Dasyprocta azarae,Dasyprocta azarae,Dasyprocta azarae,Dasyprocta azarae,Dasyprocta azarae,Dasyprocta azarae,Pecari tajacu,Dasyprocta azarae,Dasyprocta azarae,Dasyprocta azarae,Dasyprocta azarae,Dasyprocta,Dasyproctidae,3,Medio
1689,Didelphis albiventris,Brotogeris chiriri,Brotogeris chiriri,Brotogeris chiriri,Brotogeris chiriri,Brotogeris chiriri,Brotogeris chiriri,Alouatta caraya,Brotogeris chiriri,Brotogeris chiriri,Brotogeris chiriri,Brotogeris chiriri,Didelphis,Didelphidae,1,Bajo
1691,Didelphis albiventris,Didelphis aurita,Didelphis albiventris,Didelphis albiventris,Didelphis albiventris,Didelphis aurita,Didelphis aurita,Didelphis aurita,Didelphis albiventris,Didelphis albiventris,Didelphis albiventris,Didelphis aurita,Didelphis,Didelphidae,1,Bajo
1692,Didelphis albiventris,Brotogeris chiriri,Didelphis albiventris,Alouatta guariba,Alouatta guariba,Didelphis aurita,Sapajus nigritus,Amazona vinacea,Didelphis albiventris,Didelphis albiventris,Didelphis albiventris,Brotogeris chiriri,Didelphis,Didelphidae,1,Bajo
1693,Didelphis albiventris,Didelphis albiventris,Didelphis albiventris,Didelphis albiventris,Didelphis albiventris,Didelphis albiventris,Didelphis albiventris,Didelphis albiventris,Didelphis albiventris,Didelphis albiventris,Didelphis albiventris,Didelphis albiventris,Didelphis,Didelphidae,1,Bajo
1694,Didelphis albiventris,Didelphis aurita,Didelphis aurita,Didelphis aurita,Didelphis aurita,Didelphis aurita,Didelphis aurita,Didelphis aurita,Didelphis aurita,Didelphis aurita,Didelphis aurita,Didelphis aurita,Didelphis,Didelphidae,1,Bajo
1695,Didelphis albiventris,Alouatta caraya,Alouatta guariba,Alouatta caraya,Alouatta caraya,Alouatta caraya,Alouatta caraya,Didelphis albiventris,Alouatta guariba,Alouatta guariba,Alouatta guariba,Alouatta caraya,Didelphis,Didelphidae,1,Bajo
1696,Didelphis albiventris,Myrmecophaga tridactyla,Myrmecophaga tridactyla,Didelphis albiventris,Didelphis albiventris,Myrmecophaga tridactyla,Myrmecophaga tridactyla,Hydrochoerus hydrochaeris,Myrmecophaga tridactyla,Myrmecophaga tridactyla,Myrmecophaga tridactyla,Myrmecophaga tridactyla,Didelphis,Didelphidae,1,Bajo
1697,Didelphis albiventris,Didelphis albiventris,Didelphis albiventris,Didelphis albiventris,Didelphis albiventris,Didelphis albiventris,Didelphis albiventris,Didelphis albiventris,Didelphis albiventris,Didelphis albiventris,Didelphis albiventris,Didelphis albiventris,Didelphis,Didelphidae,1,Bajo
1698,Didelphis albiventris,Didelphis aurita,Didelphis aurita,Didelphis aurita,Didelphis aurita,Didelphis aurita,Didelphis aurita,Didelphis aurita,Didelphis aurita,Didelphis aurita,Didelphis aurita,Didelphis aurita,Didelphis,Didelphidae,1,Bajo
1700,Didelphis albiventris,Didelphis albiventris,Didelphis albiventris,Procyon cancrivorus,Didelphis albiventris,Didelphis albiventris,Didelphis albiventris,Didelphis albiventris,Didelphis albiventris,Didelphis albiventris,Didelphis albiventris,Didelphis albiventris,Didelphis,Didelphidae,1,Bajo
1701,Didelphis albiventris,Didelphis albiventris,Didelphis albiventris,Didelphis albiventris,Didelphis albiventris,Didelphis albiventris,Didelphis albiventris,Didelphis albiventris,Didelphis albiventris,Didelphis albiventris,Didelphis albiventris,Didelphis albiventris,Didelphis,Didelphidae,1,Bajo
1702,Didelphis albiventris,Didelphis aurita,Didelphis aurita,Didelphis albiventris,Procyon cancrivorus,Didelphis aurita,Didelphis aurita,Eira barbara,Didelphis aurita,Didelphis aurita,Didelphis aurita,Didelphis aurita,Didelphis,Didelphidae,1,Bajo
1703,Didelphis albiventris,Didelphis albiventris,Didelphis albiventris,Didelphis albiventris,Didelphis albiventris,Didelphis albiventris,Didelphis albiventris,Didelphis albiventris,Didelphis albiventris,Didelphis albiventris,Didelphis albiventris,Didelphis albiventris,Didelphis,Didelphidae,1,Bajo
1704,Didelphis albiventris,Procyon cancrivorus,Didelphis albiventris,Didelphis albiventris,Didelphis albiventris,Galictis cuja,Didelphis albiventris,Didelphis albiventris,Didelphis albiventris,Didelphis albiventris,Didelphis albiventris,Procyon cancrivorus,Didelphis,Didelphidae,1,Bajo
1705,Didelphis albiventris,Didelphis aurita,Didelphis albiventris,Didelphis albiventris,Didelphis albiventris,Galictis cuja,Didelphis aurita,Didelphis aurita,Didelphis albiventris,Didelphis albiventris,Didelphis albiventris,Didelphis aurita,Didelphis,Didelphidae,1,Bajo
1706,Didelphis albiventris,Didelphis albiventris,Didelphis albiventris,Didelphis albiventris,Didelphis albiventris,Didelphis albiventris,Didelphis albiventris,Didelphis aurita,Didelphis albiventris,Didelphis albiventris,Didelphis albiventris,Didelphis albiventris,Didelphis,Didelphidae,1,Bajo
1707,Didelphis albiventris,Didelphis aurita,Didelphis aurita,Didelphis aurita,Didelphis albiventris,Galictis cuja,Didelphis aurita,Didelphis aurita,Didelphis aurita,Didelphis aurita,Didelphis aurita,Didelphis aurita,Didelphis,Didelphidae,1,Bajo
1708,Didelphis albiventris,Didelphis albiventris,Didelphis albiventris,Didelphis albiventris,Didelphis albiventris,Didelphis albiventris,Didelphis albiventris,Didelphis albiventris,Didelphis albiventris,Didelphis albiventris,Didelphis albiventris,Didelphis albiventris,Didelphis,Didelphidae,1,Bajo
1709,Didelphis albiventris,Didelphis aurita,Didelphis aurita,Didelphis albiventris,Didelphis albiventris,Didelphis aurita,Didelphis aurita,Didelphis aurita,Didelphis aurita,Didelphis aurita,Didelphis aurita,Didelphis aurita,Didelphis,Didelphidae,1,Bajo
1710,Didelphis albiventris,Didelphis albiventris,Didelphis albiventris,Didelphis albiventris,Didelphis albiventris,Didelphis albiventris,Didelphis aurita,Didelphis aurita,Didelphis albiventris,Didelphis albiventris,Didelphis albiventris,Didelphis albiventris,Didelphis,Didelphidae,1,Bajo
1711,Didelphis albiventris,Procyon cancrivorus,Didelphis albiventris,Didelphis albiventris,Procyon cancrivorus,Procyon cancrivorus,Didelphis aurita,Didelphis albiventris,Didelphis albiventris,Didelphis albiventris,Didelphis albiventris,Procyon cancrivorus,Didelphis,Didelphidae,1,Bajo
1712,Didelphis albiventris,Myrmecophaga tridactyla,Procyon cancrivorus,Myrmecophaga tridactyla,Myrmecophaga tridactyla,Myrmecophaga tridactyla,Myrmecophaga tridactyla,Hydrochoerus hydrochaeris,Procyon cancrivorus,Procyon cancrivorus,Procyon cancrivorus,Myrmecophaga tridactyla,Didelphis,Didelphidae,1,Bajo
1713,Didelphis albiventris,Didelphis aurita,Didelphis aurita,Didelphis aurita,Didelphis aurita,Didelphis aurita,Didelphis aurita,Didelphis aurita,Didelphis aurita,Didelphis aurita,Didelphis aurita,Didelphis aurita,Didelphis,Didelphidae,1,Bajo
1714,Didelphis albiventris,Didelphis albiventris,Didelphis albiventris,Didelphis albiventris,Didelphis albiventris,Didelphis albiventris,Didelphis albiventris,Didelphis albiventris,Didelphis albiventris,Didelphis albiventris,Didelphis albiventris,Didelphis albiventris,Didelphis,Didelphidae,1,Bajo
1715,Didelphis albiventris,Didelphis albiventris,Didelphis albiventris,Didelphis albiventris,Didelphis albiventris,Didelphis albiventris,Didelphis albiventris,Didelphis albiventris,Didelphis albiventris,Didelphis albiventris,Didelphis albiventris,Didelphis albiventris,Didelphis,Didelphidae,1,Bajo
1716,Didelphis albiventris,Didelphis albiventris,Herpailurus yagouaroundi,Didelphis albiventris,Didelphis albiventris,Gubernetes yetapa,Didelphis aurita,Cerdocyon thous,Herpailurus yagouaroundi,Herpailurus yagouaroundi,Herpailurus yagouaroundi,Didelphis albiventris,Didelphis,Didelphidae,1,Bajo
1717,Didelphis albiventris,Didelphis albiventris,Didelphis aurita,Didelphis albiventris,Didelphis albiventris,Didelphis albiventris,Didelphis albiventris,Amazona vinacea,Didelphis aurita,Didelphis aurita,Didelphis aurita,Didelphis albiventris,Didelphis,Didelphidae,1,Bajo
1719,Didelphis albiventris,Didelphis aurita,Didelphis aurita,Didelphis albiventris,Didelphis albiventris,Didelphis aurita,Didelphis aurita,Didelphis aurita,Didelphis aurita,Didelphis aurita,Didelphis aurita,Didelphis aurita,Didelphis,Didelphidae,1,Bajo
1720,Didelphis albiventris,Didelphis aurita,Didelphis aurita,Didelphis aurita,Didelphis aurita,Didelphis aurita,Didelphis aurita,Didelphis aurita,Didelphis aurita,Didelphis aurita,Didelphis aurita,Didelphis aurita,Didelphis,Didelphidae,1,Bajo
1721,Didelphis albiventris,Didelphis albiventris,Didelphis albiventris,Didelphis albiventris,Didelphis albiventris,Didelphis albiventris,Didelphis albiventris,Didelphis albiventris,Didelphis albiventris,Didelphis albiventris,Didelphis albiventris,Didelphis albiventris,Didelphis,Didelphidae,1,Bajo
1722,Didelphis albiventris,Didelphis aurita,Didelphis aurita,Didelphis albiventris,Didelphis albiventris,Didelphis aurita,Didelphis aurita,Didelphis aurita,Didelphis aurita,Didelphis aurita,Didelphis aurita,Didelphis aurita,Didelphis,Didelphidae,1,Bajo
1724,Didelphis albiventris,Didelphis aurita,Didelphis albiventris,Didelphis albiventris,Didelphis albiventris,Didelphis aurita,Didelphis aurita,Didelphis aurita,Didelphis albiventris,Didelphis albiventris,Didelphis albiventris,Didelphis aurita,Didelphis,Didelphidae,1,Bajo
1725,Didelphis albiventris,Cuniculus paca,Cuniculus paca,Cuniculus paca,Cuniculus paca,Cuniculus paca,Leopardus guttulus,Didelphis albiventris,Cuniculus paca,Cuniculus paca,Cuniculus paca,Cuniculus paca,Didelphis,Didelphidae,1,Bajo
1726,Didelphis albiventris,Didelphis albiventris,Didelphis albiventris,Didelphis albiventris,Didelphis albiventris,Didelphis albiventris,Didelphis albiventris,Didelphis albiventris,Didelphis albiventris,Didelphis albiventris,Didelphis albiventris,Didelphis albiventris,Didelphis,Didelphidae,1,Bajo
1727,Didelphis albiventris,Didelphis albiventris,Didelphis albiventris,Didelphis albiventris,Didelphis albiventris,Didelphis albiventris,Didelphis albiventris,Didelphis aurita,Didelphis albiventris,Didelphis albiventris,Didelphis albiventris,Didelphis albiventris,Didelphis,Didelphidae,1,Bajo
1728,Didelphis albiventris,Didelphis aurita,Didelphis albiventris,Didelphis albiventris,Didelphis aurita,Didelphis aurita,Didelphis aurita,Didelphis aurita,Didelphis albiventris,Didelphis albiventris,Didelphis albiventris,Didelphis aurita,Didelphis,Didelphidae,1,Bajo
1729,Didelphis albiventris,Didelphis aurita,Didelphis aurita,Didelphis aurita,Didelphis aurita,Didelphis aurita,Didelphis aurita,Lycalopex gymnocerca,Didelphis aurita,Didelphis aurita,Didelphis aurita,Didelphis aurita,Didelphis,Didelphidae,1,Bajo
1730,Didelphis albiventris,Didelphis albiventris,Didelphis albiventris,Didelphis albiventris,Didelphis albiventris,Didelphis albiventris,Didelphis albiventris,Didelphis albiventris,Didelphis albiventris,Didelphis albiventris,Didelphis albiventris,Didelphis albiventris,Didelphis,Didelphidae,1,Bajo
1731,Didelphis albiventris,Didelphis albiventris,Galictis cuja,Galictis cuja,Amazona aestiva,Didelphis albiventris,Galictis cuja,Galictis cuja,Galictis cuja,Galictis cuja,Galictis cuja,Didelphis albiventris,Didelphis,Didelphidae,1,Bajo
1732,Didelphis albiventris,Eira barbara,Eira barbara,Procyon cancrivorus,Procyon cancrivorus,Eira barbara,Eira barbara,Eira barbara,Eira barbara,Eira barbara,Eira barbara,Eira barbara,Didelphis,Didelphidae,1,Bajo
1735,Didelphis albiventris,Didelphis albiventris,Didelphis albiventris,Didelphis albiventris,Didelphis albiventris,Didelphis albiventris,Didelphis albiventris,Didelphis albiventris,Didelphis albiventris,Didelphis albiventris,Didelphis albiventris,Didelphis albiventris,Didelphis,Didelphidae,1,Bajo
1736,Didelphis albiventris,Didelphis aurita,Didelphis albiventris,Didelphis aurita,Didelphis albiventris,Didelphis albiventris,Didelphis aurita,Didelphis aurita,Didelphis albiventris,Didelphis albiventris,Didelphis albiventris,Didelphis aurita,Didelphis,Didelphidae,1,Bajo
1737,Didelphis albiventris,Didelphis aurita,Didelphis albiventris,Didelphis albiventris,Didelphis aurita,Didelphis aurita,Didelphis aurita,Didelphis aurita,Didelphis albiventris,Didelphis albiventris,Didelphis albiventris,Didelphis aurita,Didelphis,Didelphidae,1,Bajo
1738,Didelphis albiventris,Didelphis albiventris,Didelphis albiventris,Didelphis albiventris,Didelphis albiventris,Didelphis albiventris,Didelphis albiventris,Didelphis albiventris,Didelphis albiventris,Didelphis albiventris,Didelphis albiventris,Didelphis albiventris,Didelphis,Didelphidae,1,Bajo
1739,Didelphis albiventris,Didelphis albiventris,Tachyphonus coronatus,Aramides saracura,Didelphis albiventris,Didelphis albiventris,Didelphis albiventris,Salvator merianae,Tachyphonus coronatus,Tachyphonus coronatus,Tachyphonus coronatus,Didelphis albiventris,Didelphis,Didelphidae,1,Bajo
1740,Didelphis albiventris,Didelphis albiventris,Didelphis albiventris,Didelphis albiventris,Didelphis albiventris,Didelphis albiventris,Didelphis albiventris,Didelphis albiventris,Didelphis albiventris,Didelphis albiventris,Didelphis albiventris,Didelphis albiventris,Didelphis,Didelphidae,1,Bajo
1744,Didelphis albiventris,Didelphis aurita,Didelphis albiventris,Didelphis albiventris,Didelphis albiventris,Didelphis aurita,Didelphis aurita,Didelphis aurita,Didelphis albiventris,Didelphis albiventris,Didelphis albiventris,Didelphis aurita,Didelphis,Didelphidae,1,Bajo
1745,Didelphis albiventris,Didelphis aurita,Didelphis albiventris,Didelphis albiventris,Didelphis albiventris,Didelphis aurita,Didelphis aurita,Didelphis albiventris,Didelphis albiventris,Didelphis albiventris,Didelphis albiventris,Didelphis aurita,Didelphis,Didelphidae,1,Bajo
1747,Didelphis albiventris,Didelphis aurita,Didelphis aurita,Didelphis aurita,Didelphis aurita,Didelphis aurita,Didelphis aurita,Galictis cuja,Didelphis aurita,Didelphis aurita,Didelphis aurita,Didelphis aurita,Didelphis,Didelphidae,1,Bajo
1749,Didelphis albiventris,Didelphis albiventris,Dasypus novemcinctus,Dasypus novemcinctus,Didelphis albiventris,Didelphis albiventris,Didelphis albiventris,Didelphis albiventris,Dasypus novemcinctus,Dasypus novemcinctus,Dasypus novemcinctus,Didelphis albiventris,Didelphis,Didelphidae,1,Bajo
1750,Didelphis aurita,Didelphis aurita,Didelphis aurita,Didelphis albiventris,Didelphis albiventris,Didelphis aurita,Didelphis aurita,Didelphis aurita,Didelphis aurita,Didelphis aurita,Didelphis aurita,Didelphis aurita,Didelphis,Didelphidae,3,Medio
1751,Didelphis aurita,Didelphis aurita,Didelphis albiventris,Didelphis albiventris,Didelphis albiventris,Didelphis aurita,Didelphis aurita,Didelphis aurita,Didelphis albiventris,Didelphis albiventris,Didelphis albiventris,Didelphis aurita,Didelphis,Didelphidae,3,Medio
1755,Didelphis aurita,Cuniculus paca,Cerdocyon thous,Cerdocyon thous,Cerdocyon thous,Nyctidromus albicollis,Cerdocyon thous,Dasyprocta azarae,Cerdocyon thous,Cerdocyon thous,Cerdocyon thous,Cuniculus paca,Didelphis,Didelphidae,3,Medio
1756,Didelphis aurita,Didelphis aurita,Didelphis albiventris,Didelphis albiventris,Didelphis albiventris,Didelphis aurita,Didelphis aurita,Didelphis albiventris,Didelphis albiventris,Didelphis albiventris,Didelphis albiventris,Didelphis aurita,Didelphis,Didelphidae,3,Medio
1757,Didelphis aurita,Didelphis aurita,Didelphis aurita,Procyon cancrivorus,Didelphis aurita,Didelphis aurita,Didelphis aurita,Didelphis aurita,Didelphis aurita,Didelphis aurita,Didelphis aurita,Didelphis aurita,Didelphis,Didelphidae,3,Medio
1758,Didelphis aurita,Didelphis albiventris,Didelphis albiventris,Didelphis albiventris,Didelphis albiventris,Didelphis albiventris,Didelphis aurita,Didelphis albiventris,Didelphis albiventris,Didelphis albiventris,Didelphis albiventris,Didelphis albiventris,Didelphis,Didelphidae,3,Medio
1760,Didelphis aurita,Galictis cuja,Sapajus nigritus,Cyanocorax chrysops,Turdus rufiventris,Dasypus novemcinctus,Galictis cuja,Myiothlypis leucoblephara,Sapajus nigritus,Sapajus nigritus,Sapajus nigritus,Grallaria varia,Didelphis,Didelphidae,3,Medio
1761,Didelphis aurita,Didelphis aurita,Didelphis albiventris,Didelphis aurita,Didelphis aurita,Didelphis albiventris,Didelphis aurita,Didelphis albiventris,Didelphis albiventris,Didelphis albiventris,Didelphis albiventris,Didelphis aurita,Didelphis,Didelphidae,3,Medio
1762,Didelphis aurita,Didelphis aurita,Didelphis aurita,Didelphis aurita,Didelphis aurita,Didelphis aurita,Didelphis aurita,Didelphis aurita,Didelphis aurita,Didelphis aurita,Didelphis aurita,Didelphis aurita,Didelphis,Didelphidae,3,Medio
1763,Didelphis aurita,Didelphis aurita,Didelphis aurita,Didelphis aurita,Didelphis albiventris,Didelphis aurita,Didelphis aurita,Didelphis albiventris,Didelphis aurita,Didelphis aurita,Didelphis aurita,Didelphis aurita,Didelphis,Didelphidae,3,Medio
1764,Didelphis aurita,Didelphis aurita,Didelphis aurita,Didelphis aurita,Didelphis aurita,Didelphis aurita,Didelphis aurita,Didelphis aurita,Didelphis aurita,Didelphis aurita,Didelphis aurita,Didelphis aurita,Didelphis,Didelphidae,3,Medio
1766,Didelphis aurita,Didelphis aurita,Didelphis aurita,Didelphis aurita,Didelphis aurita,Didelphis aurita,Didelphis aurita,Didelphis aurita,Didelphis aurita,Didelphis aurita,Didelphis aurita,Didelphis aurita,Didelphis,Didelphidae,3,Medio
1767,Didelphis aurita,Didelphis aurita,Didelphis aurita,Didelphis aurita,Didelphis aurita,Didelphis aurita,Didelphis aurita,Didelphis aurita,Didelphis aurita,Didelphis aurita,Didelphis aurita,Didelphis aurita,Didelphis,Didelphidae,3,Medio
1768,Didelphis aurita,Didelphis aurita,Didelphis aurita,Didelphis aurita,Didelphis aurita,Didelphis aurita,Didelphis aurita,Didelphis aurita,Didelphis aurita,Didelphis aurita,Didelphis aurita,Didelphis aurita,Didelphis,Didelphidae,3,Medio
1769,Didelphis aurita,Didelphis aurita,Didelphis albiventris,Didelphis albiventris,Didelphis albiventris,Didelphis aurita,Didelphis aurita,Didelphis albiventris,Didelphis albiventris,Didelphis albiventris,Didelphis albiventris,Didelphis aurita,Didelphis,Didelphidae,3,Medio
1770,Didelphis aurita,Didelphis aurita,Didelphis aurita,Didelphis albiventris,Didelphis albiventris,Didelphis aurita,Didelphis aurita,Didelphis aurita,Didelphis aurita,Didelphis aurita,Didelphis aurita,Didelphis aurita,Didelphis,Didelphidae,3,Medio
1771,Didelphis aurita,Didelphis aurita,Didelphis aurita,Didelphis aurita,Didelphis aurita,Didelphis aurita,Didelphis aurita,Didelphis aurita,Didelphis aurita,Didelphis aurita,Didelphis aurita,Didelphis aurita,Didelphis,Didelphidae,3,Medio
1772,Didelphis aurita,Dasypus novemcinctus,Nyctidromus albicollis,Leptotila rufaxilla,Dasypus novemcinctus,Nyctidromus albicollis,Nyctidromus albicollis,Leptotila verreauxi,Nyctidromus albicollis,Nyctidromus albicollis,Nyctidromus albicollis,Salvator merianae,Didelphis,Didelphidae,3,Medio
1773,Didelphis aurita,Didelphis aurita,Didelphis albiventris,Didelphis albiventris,Didelphis albiventris,Didelphis aurita,Didelphis aurita,Didelphis aurita,Didelphis albiventris,Didelphis albiventris,Didelphis albiventris,Didelphis aurita,Didelphis,Didelphidae,3,Medio
1774,Didelphis aurita,Didelphis aurita,Didelphis aurita,Didelphis aurita,Didelphis aurita,Didelphis aurita,Didelphis aurita,Didelphis aurita,Didelphis aurita,Didelphis aurita,Didelphis aurita,Didelphis aurita,Didelphis,Didelphidae,3,Medio
1775,Didelphis aurita,Didelphis aurita,Didelphis aurita,Didelphis albiventris,Didelphis aurita,Didelphis aurita,Didelphis aurita,Didelphis aurita,Didelphis aurita,Didelphis aurita,Didelphis aurita,Didelphis aurita,Didelphis,Didelphidae,3,Medio
1777,Didelphis aurita,Didelphis albiventris,Didelphis albiventris,Didelphis albiventris,Didelphis albiventris,Didelphis albiventris,Didelphis albiventris,Pecari tajacu,Didelphis albiventris,Didelphis albiventris,Didelphis albiventris,Didelphis albiventris,Didelphis,Didelphidae,3,Medio
1779,Didelphis aurita,Tapirus terrestris,Tapirus terrestris terrestris,Cuniculus paca,Cerdocyon thous,Didelphis aurita,Cerdocyon thous,Didelphis aurita,Tapirus terrestris terrestris,Tapirus terrestris terrestris,Tapirus terrestris terrestris,Tapirus terrestris,Didelphis,Didelphidae,3,Medio
1781,Didelphis aurita,Nyctidromus albicollis,Nyctidromus albicollis,Leopardus wiedii,Nyctidromus albicollis,Nyctidromus albicollis,Nyctidromus albicollis,Nyctidromus albicollis,Nyctidromus albicollis,Nyctidromus albicollis,Nyctidromus albicollis,Nyctidromus albicollis,Didelphis,Didelphidae,3,Medio
1782,Didelphis aurita,Didelphis aurita,Didelphis aurita,Didelphis aurita,Didelphis albiventris,Didelphis aurita,Didelphis aurita,Didelphis aurita,Didelphis aurita,Didelphis aurita,Didelphis aurita,Didelphis aurita,Didelphis,Didelphidae,3,Medio
1783,Didelphis aurita,Didelphis aurita,Tayassu pecari,Didelphis aurita,Didelphis aurita,Didelphis aurita,Didelphis aurita,Didelphis aurita,Tayassu pecari,Tayassu pecari,Tayassu pecari,Didelphis aurita,Didelphis,Didelphidae,3,Medio
1784,Didelphis aurita,Didelphis albiventris,Didelphis albiventris,Didelphis albiventris,Didelphis albiventris,Didelphis albiventris,Didelphis albiventris,Didelphis albiventris,Didelphis albiventris,Didelphis albiventris,Didelphis albiventris,Didelphis albiventris,Didelphis,Didelphidae,3,Medio
1785,Didelphis aurita,Didelphis aurita,Didelphis aurita,Didelphis aurita,Didelphis aurita,Didelphis aurita,Didelphis aurita,Didelphis albiventris,Didelphis aurita,Didelphis aurita,Didelphis aurita,Didelphis aurita,Didelphis,Didelphidae,3,Medio
1786,Didelphis aurita,Didelphis aurita,Didelphis aurita,Didelphis aurita,Didelphis aurita,Didelphis aurita,Didelphis aurita,Didelphis aurita,Didelphis aurita,Didelphis aurita,Didelphis aurita,Didelphis aurita,Didelphis,Didelphidae,3,Medio
1787,Didelphis aurita,Didelphis aurita,Didelphis aurita,Didelphis albiventris,Didelphis aurita,Didelphis aurita,Didelphis aurita,Didelphis aurita,Didelphis aurita,Didelphis aurita,Didelphis aurita,Didelphis aurita,Didelphis,Didelphidae,3,Medio
1788,Didelphis aurita,Didelphis albiventris,Didelphis albiventris,Didelphis albiventris,Didelphis albiventris,Didelphis aurita,Didelphis aurita,Phrynops williamsi,Didelphis albiventris,Didelphis albiventris,Didelphis albiventris,Didelphis albiventris,Didelphis,Didelphidae,3,Medio
1789,Didelphis aurita,Didelphis albiventris,Didelphis albiventris,Didelphis albiventris,Didelphis albiventris,Nyctidromus albicollis,Nyctidromus albicollis,Nyctidromus albicollis,Didelphis albiventris,Didelphis albiventris,Didelphis albiventris,Didelphis albiventris,Didelphis,Didelphidae,3,Medio
1790,Didelphis aurita,Didelphis aurita,Didelphis albiventris,Cerdocyon thous,Didelphis aurita,Didelphis aurita,Didelphis aurita,Didelphis aurita,Didelphis albiventris,Didelphis albiventris,Didelphis albiventris,Didelphis aurita,Didelphis,Didelphidae,3,Medio
1791,Didelphis aurita,Didelphis aurita,Didelphis aurita,Didelphis aurita,Didelphis aurita,Didelphis aurita,Didelphis aurita,Didelphis aurita,Didelphis aurita,Didelphis aurita,Didelphis aurita,Didelphis aurita,Didelphis,Didelphidae,3,Medio
1792,Didelphis aurita,Didelphis aurita,Didelphis aurita,Didelphis aurita,Didelphis aurita,Didelphis albiventris,Didelphis aurita,Tamandua tetradactyla,Didelphis aurita,Didelphis aurita,Didelphis aurita,Didelphis albiventris,Didelphis,Didelphidae,3,Medio
1794,Didelphis aurita,Didelphis albiventris,Didelphis albiventris,Didelphis albiventris,Didelphis albiventris,Didelphis albiventris,Didelphis albiventris,Didelphis aurita,Didelphis albiventris,Didelphis albiventris,Didelphis albiventris,Didelphis albiventris,Didelphis,Didelphidae,3,Medio
1795,Didelphis aurita,Didelphis aurita,Didelphis albiventris,Didelphis albiventris,Didelphis albiventris,Didelphis aurita,Didelphis aurita,Didelphis albiventris,Didelphis albiventris,Didelphis albiventris,Didelphis albiventris,Didelphis aurita,Didelphis,Didelphidae,3,Medio
1796,Didelphis aurita,Didelphis albiventris,Didelphis albiventris,Didelphis albiventris,Didelphis albiventris,Didelphis aurita,Didelphis aurita,Dasyprocta azarae,Didelphis albiventris,Didelphis albiventris,Didelphis albiventris,Didelphis albiventris,Didelphis,Didelphidae,3,Medio
1797,Didelphis aurita,Didelphis aurita,Didelphis aurita,Didelphis aurita,Didelphis aurita,Didelphis aurita,Didelphis aurita,Didelphis aurita,Didelphis aurita,Didelphis aurita,Didelphis aurita,Didelphis aurita,Didelphis,Didelphidae,3,Medio
1798,Didelphis aurita,Didelphis aurita,Didelphis aurita,Didelphis aurita,Didelphis aurita,Didelphis aurita,Didelphis aurita,Didelphis aurita,Didelphis aurita,Didelphis aurita,Didelphis aurita,Didelphis aurita,Didelphis,Didelphidae,3,Medio
1799,Didelphis aurita,Didelphis aurita,Didelphis albiventris,Didelphis albiventris,Didelphis albiventris,Didelphis albiventris,Didelphis aurita,Gubernetes yetapa,Didelphis albiventris,Didelphis albiventris,Didelphis albiventris,Didelphis albiventris,Didelphis,Didelphidae,3,Medio
1800,Didelphis aurita,Didelphis aurita,Didelphis aurita,Didelphis aurita,Didelphis aurita,Didelphis aurita,Didelphis aurita,Didelphis aurita,Didelphis aurita,Didelphis aurita,Didelphis aurita,Didelphis aurita,Didelphis,Didelphidae,3,Medio
1802,Didelphis aurita,Didelphis aurita,Didelphis aurita,Didelphis albiventris,Didelphis albiventris,Didelphis aurita,Didelphis aurita,Didelphis albiventris,Didelphis aurita,Didelphis aurita,Didelphis aurita,Didelphis aurita,Didelphis,Didelphidae,3,Medio
1804,Didelphis aurita,Didelphis albiventris,Penelope superciliaris,Alouatta guariba,Didelphis albiventris,Tachyphonus coronatus,Didelphis albiventris,Mackenziaena severa,Penelope superciliaris,Penelope superciliaris,Penelope superciliaris,Didelphis albiventris,Didelphis,Didelphidae,3,Medio
1805,Didelphis aurita,Didelphis aurita,Didelphis albiventris,Didelphis albiventris,Didelphis albiventris,Didelphis aurita,Didelphis aurita,Didelphis aurita,Didelphis albiventris,Didelphis albiventris,Didelphis albiventris,Didelphis aurita,Didelphis,Didelphidae,3,Medio
1806,Didelphis aurita,Galictis cuja,Nasua nasua,Nasua nasua,Nasua nasua,Nasua nasua,Galictis cuja,Dasyprocta azarae,Nasua nasua,Nasua nasua,Nasua nasua,Galictis cuja,Didelphis,Didelphidae,3,Medio
1807,Didelphis aurita,Didelphis aurita,Didelphis aurita,Didelphis albiventris,Didelphis albiventris,Didelphis aurita,Didelphis aurita,Didelphis aurita,Didelphis aurita,Didelphis aurita,Didelphis aurita,Didelphis aurita,Didelphis,Didelphidae,3,Medio
1809,Didelphis aurita,Didelphis aurita,Didelphis albiventris,Didelphis albiventris,Didelphis albiventris,Didelphis aurita,Didelphis aurita,Didelphis albiventris,Didelphis albiventris,Didelphis albiventris,Didelphis albiventris,Didelphis aurita,Didelphis,Didelphidae,3,Medio
1810,Didelphis aurita,Didelphis albiventris,Didelphis albiventris,Didelphis albiventris,Didelphis albiventris,Didelphis aurita,Didelphis aurita,Didelphis aurita,Didelphis albiventris,Didelphis albiventris,Didelphis albiventris,Didelphis albiventris,Didelphis,Didelphidae,3,Medio
1811,Didelphis aurita,Didelphis aurita,Didelphis albiventris,Didelphis aurita,Didelphis aurita,Didelphis aurita,Didelphis aurita,Didelphis aurita,Didelphis albiventris,Didelphis albiventris,Didelphis albiventris,Didelphis aurita,Didelphis,Didelphidae,3,Medio
1812,Didelphis aurita,Didelphis albiventris,Didelphis albiventris,Didelphis albiventris,Didelphis albiventris,Didelphis aurita,Didelphis aurita,Didelphis aurita,Didelphis albiventris,Didelphis albiventris,Didelphis albiventris,Didelphis albiventris,Didelphis,Didelphidae,3,Medio
1813,Didelphis aurita,Cuniculus paca,Leopardus wiedii,Cuniculus paca,Leopardus guttulus,Leopardus wiedii,Leopardus guttulus,Cuniculus paca,Leopardus wiedii,Leopardus wiedii,Leopardus wiedii,Cuniculus paca,Didelphis,Didelphidae,3,Medio
1814,Didelphis aurita,Didelphis aurita,Didelphis aurita,Didelphis aurita,Didelphis aurita,Didelphis aurita,Didelphis aurita,Didelphis aurita,Didelphis aurita,Didelphis aurita,Didelphis aurita,Didelphis aurita,Didelphis,Didelphidae,3,Medio
1816,Didelphis aurita,Didelphis albiventris,Galictis cuja,Didelphis albiventris,Didelphis albiventris,Didelphis albiventris,Didelphis albiventris,Didelphis albiventris,Galictis cuja,Galictis cuja,Galictis cuja,Didelphis albiventris,Didelphis,Didelphidae,3,Medio
1817,Didelphis aurita,Didelphis aurita,Didelphis aurita,Didelphis aurita,Didelphis aurita,Didelphis aurita,Didelphis aurita,Pecari tajacu,Didelphis aurita,Didelphis aurita,Didelphis aurita,Didelphis aurita,Didelphis,Didelphidae,3,Medio
1818,Didelphis aurita,Didelphis aurita,Didelphis aurita,Didelphis aurita,Didelphis aurita,Didelphis aurita,Didelphis aurita,Didelphis aurita,Didelphis aurita,Didelphis aurita,Didelphis aurita,Didelphis aurita,Didelphis,Didelphidae,3,Medio
1819,Kannabateomys amblyonyx,Kannabateomys amblyonyx,Kannabateomys amblyonyx,Kannabateomys amblyonyx,Kannabateomys amblyonyx,Kannabateomys amblyonyx,Nyctidromus albicollis,Sylvilagus brasiliensis,Kannabateomys amblyonyx,Kannabateomys amblyonyx,Kannabateomys amblyonyx,Kannabateomys amblyonyx,Kannabateomys,Echimyidae,4,Alto
1820,Kannabateomys amblyonyx,Kannabateomys amblyonyx,Kannabateomys amblyonyx,Kannabateomys amblyonyx,Kannabateomys amblyonyx,Kannabateomys amblyonyx,Galictis cuja,Conopophaga lineata,Kannabateomys amblyonyx,Kannabateomys amblyonyx,Kannabateomys amblyonyx,Kannabateomys amblyonyx,Kannabateomys,Echimyidae,4,Alto
1821,Kannabateomys amblyonyx,Kannabateomys amblyonyx,Kannabateomys amblyonyx,Kannabateomys amblyonyx,Kannabateomys amblyonyx,Kannabateomys amblyonyx,Kannabateomys amblyonyx,Kannabateomys amblyonyx,Kannabateomys amblyonyx,Kannabateomys amblyonyx,Kannabateomys amblyonyx,Kannabateomys amblyonyx,Kannabateomys,Echimyidae,4,Alto
1822,Kannabateomys amblyonyx,Kannabateomys amblyonyx,Nyctidromus albicollis,Kannabateomys amblyonyx,Kannabateomys amblyonyx,Kannabateomys amblyonyx,Nyctidromus albicollis,Turdus albicollis,Nyctidromus albicollis,Nyctidromus albicollis,Nyctidromus albicollis,Kannabateomys amblyonyx,Kannabateomys,Echimyidae,4,Alto
1823,Kannabateomys amblyonyx,Kannabateomys amblyonyx,Kannabateomys amblyonyx,Kannabateomys amblyonyx,Kannabateomys amblyonyx,Kannabateomys amblyonyx,Kannabateomys amblyonyx,Kannabateomys amblyonyx,Kannabateomys amblyonyx,Kannabateomys amblyonyx,Kannabateomys amblyonyx,Kannabateomys amblyonyx,Kannabateomys,Echimyidae,4,Alto
1824,Kannabateomys amblyonyx,Kannabateomys amblyonyx,Kannabateomys amblyonyx,Kannabateomys amblyonyx,Kannabateomys amblyonyx,Kannabateomys amblyonyx,Turdus albicollis,Cyanoloxia brissonii,Kannabateomys amblyonyx,Kannabateomys amblyonyx,Kannabateomys amblyonyx,Kannabateomys amblyonyx,Kannabateomys,Echimyidae,4,Alto
1825,Kannabateomys amblyonyx,Kannabateomys amblyonyx,Lepus europaeus,Kannabateomys amblyonyx,Kannabateomys amblyonyx,Kannabateomys amblyonyx,Galictis cuja,Sporophila pileata,Lepus europaeus,Lepus europaeus,Lepus europaeus,Kannabateomys amblyonyx,Kannabateomys,Echimyidae,4,Alto
1826,Kannabateomys amblyonyx,Kannabateomys amblyonyx,Kannabateomys amblyonyx,Kannabateomys amblyonyx,Kannabateomys amblyonyx,Kannabateomys amblyonyx,Lepus europaeus,Turdus albicollis,Kannabateomys amblyonyx,Kannabateomys amblyonyx,Kannabateomys amblyonyx,Kannabateomys amblyonyx,Kannabateomys,Echimyidae,4,Alto
1827,Kannabateomys amblyonyx,Kannabateomys amblyonyx,Kannabateomys amblyonyx,Kannabateomys amblyonyx,Kannabateomys amblyonyx,Kannabateomys amblyonyx,Didelphis aurita,Didelphis aurita,Kannabateomys amblyonyx,Kannabateomys amblyonyx,Kannabateomys amblyonyx,Kannabateomys amblyonyx,Kannabateomys,Echimyidae,4,Alto
1829,Kannabateomys amblyonyx,Kannabateomys amblyonyx,Kannabateomys amblyonyx,Kannabateomys amblyonyx,Kannabateomys amblyonyx,Kannabateomys amblyonyx,Kannabateomys amblyonyx,Kannabateomys amblyonyx,Kannabateomys amblyonyx,Kannabateomys amblyonyx,Kannabateomys amblyonyx,Kannabateomys amblyonyx,Kannabateomys,Echimyidae,4,Alto
1830,Kannabateomys amblyonyx,Kannabateomys amblyonyx,Kannabateomys amblyonyx,Kannabateomys amblyonyx,Kannabateomys amblyonyx,Kannabateomys amblyonyx,Didelphis aurita,Turdus rufiventris,Kannabateomys amblyonyx,Kannabateomys amblyonyx,Kannabateomys amblyonyx,Kannabateomys amblyonyx,Kannabateomys,Echimyidae,4,Alto
1831,Kannabateomys amblyonyx,Kannabateomys amblyonyx,Lepus europaeus,Kannabateomys amblyonyx,Kannabateomys amblyonyx,Kannabateomys amblyonyx,Galictis cuja,Dasyprocta azarae,Lepus europaeus,Lepus europaeus,Lepus europaeus,Kannabateomys amblyonyx,Kannabateomys,Echimyidae,4,Alto
1833,Kannabateomys amblyonyx,Herpailurus yagouaroundi,Didelphis albiventris,Hydrochoerus hydrochaeris,Hydrochoerus hydrochaeris,Kannabateomys amblyonyx,Galictis cuja,Hydrochoerus hydrochaeris,Didelphis albiventris,Didelphis albiventris,Didelphis albiventris,Herpailurus yagouaroundi,Kannabateomys,Echimyidae,4,Alto
1834,Kannabateomys amblyonyx,Didelphis aurita,Herpailurus yagouaroundi,Didelphis aurita,Didelphis aurita,Herpailurus yagouaroundi,Galictis cuja,Didelphis aurita,Herpailurus yagouaroundi,Herpailurus yagouaroundi,Herpailurus yagouaroundi,Didelphis aurita,Kannabateomys,Echimyidae,4,Alto
1836,Herpailurus yagouaroundi,Eira barbara,Pecari tajacu,Cerdocyon thous,Cerdocyon thous,Eira barbara,Eira barbara,Eira barbara,Pecari tajacu,Pecari tajacu,Pecari tajacu,Eira barbara,Herpailurus,Felidae,1,Bajo
1838,Herpailurus yagouaroundi,Herpailurus yagouaroundi,Herpailurus yagouaroundi,Herpailurus yagouaroundi,Herpailurus yagouaroundi,Herpailurus yagouaroundi,Eira barbara,Eira barbara,Herpailurus yagouaroundi,Herpailurus yagouaroundi,Herpailurus yagouaroundi,Herpailurus yagouaroundi,Herpailurus,Felidae,1,Bajo
1840,Herpailurus yagouaroundi,Myrmecophaga tridactyla,Leopardus guttulus,Leopardus guttulus,Eira barbara,Eira barbara,Eira barbara,Eira barbara,Leopardus guttulus,Leopardus guttulus,Leopardus guttulus,Myrmecophaga tridactyla,Herpailurus,Felidae,1,Bajo
1842,Herpailurus yagouaroundi,Galictis cuja,Galictis cuja,Galictis cuja,Didelphis albiventris,Galictis cuja,Galictis cuja,Galictis cuja,Galictis cuja,Galictis cuja,Galictis cuja,Galictis cuja,Herpailurus,Felidae,1,Bajo
1843,Herpailurus yagouaroundi,Leopardus wiedii,Panthera onca,Dasyprocta azarae,Dasyprocta azarae,Nyctidromus albicollis,Galictis cuja,Cerdocyon thous,Panthera onca,Panthera onca,Panthera onca,Leopardus wiedii,Herpailurus,Felidae,1,Bajo
1844,Herpailurus yagouaroundi,Cerdocyon thous,Cerdocyon thous,Cerdocyon thous,Cerdocyon thous,Cerdocyon thous,Cerdocyon thous,Lycalopex gymnocerca,Cerdocyon thous,Cerdocyon thous,Cerdocyon thous,Cerdocyon thous,Herpailurus,Felidae,1,Bajo
1845,Herpailurus yagouaroundi,Herpailurus yagouaroundi,Eira barbara,Eira barbara,Eira barbara,Eira barbara,Eira barbara,Eira barbara,Eira barbara,Eira barbara,Eira barbara,Herpailurus yagouaroundi,Herpailurus,Felidae,1,Bajo
1846,Herpailurus yagouaroundi,Herpailurus yagouaroundi,Herpailurus yagouaroundi,Herpailurus yagouaroundi,Herpailurus yagouaroundi,Eira barbara,Eira barbara,Salvator merianae,Herpailurus yagouaroundi,Herpailurus yagouaroundi,Herpailurus yagouaroundi,Herpailurus yagouaroundi,Herpailurus,Felidae,1,Bajo
1847,Herpailurus yagouaroundi,Cerdocyon thous,Penelope superciliaris,Aramides saracura,Aramides saracura,Mazama nanus,Eira barbara,Sapajus nigritus,Penelope superciliaris,Penelope superciliaris,Penelope superciliaris,Cerdocyon thous,Herpailurus,Felidae,1,Bajo
1848,Herpailurus yagouaroundi,Herpailurus yagouaroundi,Eira barbara,Dasyprocta azarae,Eira barbara,Eira barbara,Eira barbara,Dasyprocta azarae,Eira barbara,Eira barbara,Eira barbara,Herpailurus yagouaroundi,Herpailurus,Felidae,1,Bajo
1849,Herpailurus yagouaroundi,Eira barbara,Pecari tajacu,Cerdocyon thous,Eira barbara,Didelphis aurita,Eira barbara,Eira barbara,Pecari tajacu,Pecari tajacu,Pecari tajacu,Eira barbara,Herpailurus,Felidae,1,Bajo
1850,Herpailurus yagouaroundi,Herpailurus yagouaroundi,Dasyprocta azarae,Dasyprocta azarae,Dasyprocta azarae,Herpailurus yagouaroundi,Cerdocyon thous,Cerdocyon thous,Dasyprocta azarae,Dasyprocta azarae,Dasyprocta azarae,Herpailurus yagouaroundi,Herpailurus,Felidae,1,Bajo
1853,Herpailurus yagouaroundi,Eira barbara,Dasyprocta azarae,Dasyprocta azarae,Dasyprocta azarae,Eira barbara,Eira barbara,Dasyprocta azarae,Dasyprocta azarae,Dasyprocta azarae,Dasyprocta azarae,Eira barbara,Herpailurus,Felidae,1,Bajo
1855,Herpailurus yagouaroundi,Herpailurus yagouaroundi,Herpailurus yagouaroundi,Herpailurus yagouaroundi,Lycalopex gymnocerca,Herpailurus yagouaroundi,Eira barbara,Tamandua tetradactyla,Herpailurus yagouaroundi,Herpailurus yagouaroundi,Herpailurus yagouaroundi,Herpailurus yagouaroundi,Herpailurus,Felidae,1,Bajo
1856,Herpailurus yagouaroundi,Cerdocyon thous,Tapirus terrestris terrestris,Cerdocyon thous,Cerdocyon thous,Herpailurus yagouaroundi,Cerdocyon thous,Myrmecophaga tridactyla,Tapirus terrestris terrestris,Tapirus terrestris terrestris,Tapirus terrestris terrestris,Cerdocyon thous,Herpailurus,Felidae,1,Bajo
1857,Herpailurus yagouaroundi,Eira barbara,Eira barbara,Eira barbara,Eira barbara,Eira barbara,Eira barbara,Eira barbara,Eira barbara,Eira barbara,Eira barbara,Eira barbara,Herpailurus,Felidae,1,Bajo
1858,Herpailurus yagouaroundi,Eira barbara,Eira barbara,Eira barbara,Eira barbara,Eira barbara,Eira barbara,Eira barbara,Eira barbara,Eira barbara,Eira barbara,Eira barbara,Herpailurus,Felidae,1,Bajo
1859,Herpailurus yagouaroundi,Herpailurus yagouaroundi,Lycalopex gymnocerca,Lontra longicaudis,Herpailurus yagouaroundi,Lycalopex gymnocerca,Lontra longicaudis,Galictis cuja,Lycalopex gymnocerca,Lycalopex gymnocerca,Lycalopex gymnocerca,Herpailurus yagouaroundi,Herpailurus,Felidae,1,Bajo
1860,Herpailurus yagouaroundi,Herpailurus yagouaroundi,Leopardus guttulus,Eira barbara,Eira barbara,Herpailurus yagouaroundi,Galictis cuja,Leopardus guttulus,Leopardus guttulus,Leopardus guttulus,Leopardus guttulus,Herpailurus yagouaroundi,Herpailurus,Felidae,1,Bajo
1861,Herpailurus yagouaroundi,Herpailurus yagouaroundi,Herpailurus yagouaroundi,Herpailurus yagouaroundi,Hydrochoerus hydrochaeris,Herpailurus yagouaroundi,Cerdocyon thous,Cerdocyon thous,Herpailurus yagouaroundi,Herpailurus yagouaroundi,Herpailurus yagouaroundi,Herpailurus yagouaroundi,Herpailurus,Felidae,1,Bajo
1862,Herpailurus yagouaroundi,Herpailurus yagouaroundi,Herpailurus yagouaroundi,Eira barbara,Eira barbara,Herpailurus yagouaroundi,Eira barbara,Cerdocyon thous,Herpailurus yagouaroundi,Herpailurus yagouaroundi,Herpailurus yagouaroundi,Herpailurus yagouaroundi,Herpailurus,Felidae,1,Bajo
1863,Herpailurus yagouaroundi,Eira barbara,Tapirus terrestris,Eira barbara,Eira barbara,Eira barbara,Eira barbara,Eira barbara,Tapirus terrestris,Tapirus terrestris,Tapirus terrestris,Eira barbara,Herpailurus,Felidae,1,Bajo
1864,Herpailurus yagouaroundi,Herpailurus yagouaroundi,Lontra longicaudis,Lontra longicaudis,Herpailurus yagouaroundi,Herpailurus yagouaroundi,Cerdocyon thous,Cerdocyon thous,Lontra longicaudis,Lontra longicaudis,Lontra longicaudis,Herpailurus yagouaroundi,Herpailurus,Felidae,1,Bajo
1865,Herpailurus yagouaroundi,Eira barbara,Eira barbara,Eira barbara,Eira barbara,Eira barbara,Eira barbara,Galictis cuja,Eira barbara,Eira barbara,Eira barbara,Eira barbara,Herpailurus,Felidae,1,Bajo
1866,Herpailurus yagouaroundi,Eira barbara,Eira barbara,Eira barbara,Eira barbara,Eira barbara,Eira barbara,Cerdocyon thous,Eira barbara,Eira barbara,Eira barbara,Eira barbara,Herpailurus,Felidae,1,Bajo
1867,Herpailurus yagouaroundi,Herpailurus yagouaroundi,Herpailurus yagouaroundi,Herpailurus yagouaroundi,Eira barbara,Herpailurus yagouaroundi,Eira barbara,Cerdocyon thous,Herpailurus yagouaroundi,Herpailurus yagouaroundi,Herpailurus yagouaroundi,Herpailurus yagouaroundi,Herpailurus,Felidae,1,Bajo
1869,Herpailurus yagouaroundi,Herpailurus yagouaroundi,Puma concolor concolor,Eira barbara,Lycalopex gymnocerca,Galictis cuja,Cerdocyon thous,Cerdocyon thous,Puma concolor concolor,Puma concolor concolor,Puma concolor concolor,Herpailurus yagouaroundi,Herpailurus,Felidae,1,Bajo
1870,Herpailurus yagouaroundi,Herpailurus yagouaroundi,Eira barbara,Eira barbara,Eira barbara,Herpailurus yagouaroundi,Eira barbara,Eira barbara,Eira barbara,Eira barbara,Eira barbara,Herpailurus yagouaroundi,Herpailurus,Felidae,1,Bajo
1871,Herpailurus yagouaroundi,Herpailurus yagouaroundi,Herpailurus yagouaroundi,Euphractus sexcinctus,Hydrochoerus hydrochaeris,Euphractus sexcinctus,Galictis cuja,Hydrochoerus hydrochaeris,Herpailurus yagouaroundi,Herpailurus yagouaroundi,Herpailurus yagouaroundi,Herpailurus yagouaroundi,Herpailurus,Felidae,1,Bajo
1876,Leopardus guttulus,Panthera onca,Panthera onca,Panthera onca,Panthera onca,Panthera onca,Panthera onca,Panthera onca,Panthera onca,Panthera onca,Panthera onca,Panthera onca,Leopardus,Felidae,5,Crítico
1877,Leopardus guttulus,Leopardus wiedii,Leopardus guttulus,Leopardus guttulus,Leopardus guttulus,Leopardus guttulus,Leopardus guttulus,Leopardus guttulus,Leopardus guttulus,Leopardus guttulus,Leopardus guttulus,Leopardus wiedii,Leopardus,Felidae,5,Crítico
1878,Leopardus guttulus,Leopardus guttulus,Leopardus pardalis,Leopardus guttulus,Leopardus guttulus,Leopardus guttulus,Leopardus guttulus,Leopardus guttulus,Leopardus pardalis,Leopardus pardalis,Leopardus pardalis,Leopardus guttulus,Leopardus,Felidae,5,Crítico
1879,Leopardus guttulus,Leopardus guttulus,Leopardus guttulus,Leopardus guttulus,Leopardus guttulus,Leopardus guttulus,Leopardus guttulus,Leopardus guttulus,Leopardus guttulus,Leopardus guttulus,Leopardus guttulus,Leopardus guttulus,Leopardus,Felidae,5,Crítico
1880,Leopardus guttulus,Leopardus guttulus,Leopardus wiedii,Leopardus wiedii,Leopardus wiedii,Leopardus guttulus,Leopardus guttulus,Leopardus guttulus,Leopardus wiedii,Leopardus wiedii,Leopardus wiedii,Leopardus guttulus,Leopardus,Felidae,5,Crítico
1881,Leopardus guttulus,Leopardus guttulus,Panthera onca,Panthera onca,Leopardus guttulus,Leopardus guttulus,Leopardus guttulus,Leopardus guttulus,Panthera onca,Panthera onca,Panthera onca,Leopardus guttulus,Leopardus,Felidae,5,Crítico
1882,Leopardus guttulus,Cuniculus paca,Cuniculus paca,Cuniculus paca,Leopardus guttulus,Cuniculus paca,Leopardus guttulus,Cerdocyon thous,Cuniculus paca,Cuniculus paca,Cuniculus paca,Cuniculus paca,Leopardus,Felidae,5,Crítico
1883,Leopardus guttulus,Panthera onca,Panthera onca,Panthera onca,Panthera onca,Leopardus guttulus,Leopardus guttulus,Leopardus wiedii,Panthera onca,Panthera onca,Panthera onca,Panthera onca,Leopardus,Felidae,5,Crítico
1884,Leopardus guttulus,Leopardus guttulus,Leopardus wiedii,Leopardus wiedii,Leopardus guttulus,Leopardus guttulus,Leopardus guttulus,Leopardus guttulus,Leopardus wiedii,Leopardus wiedii,Leopardus wiedii,Leopardus guttulus,Leopardus,Felidae,5,Crítico
1885,Leopardus guttulus,Leopardus guttulus,Leopardus wiedii,Leopardus wiedii,Leopardus guttulus,Leopardus guttulus,Leopardus guttulus,Leopardus guttulus,Leopardus wiedii,Leopardus wiedii,Leopardus wiedii,Leopardus guttulus,Leopardus,Felidae,5,Crítico
1886,Leopardus guttulus,Leopardus guttulus,Leopardus wiedii,Leopardus guttulus,Leopardus wiedii,Leopardus guttulus,Leopardus guttulus,Leopardus guttulus,Leopardus wiedii,Leopardus wiedii,Leopardus wiedii,Leopardus guttulus,Leopardus,Felidae,5,Crítico
1887,Leopardus guttulus,Leopardus guttulus,Leopardus pardalis,Leopardus guttulus,Leopardus guttulus,Leopardus guttulus,Leopardus guttulus,Leopardus guttulus,Leopardus pardalis,Leopardus pardalis,Leopardus pardalis,Leopardus guttulus,Leopardus,Felidae,5,Crítico
1888,Leopardus guttulus,Leopardus guttulus,Leopardus pardalis,Leopardus guttulus,Leopardus guttulus,Leopardus guttulus,Leopardus guttulus,Leopardus guttulus,Leopardus pardalis,Leopardus pardalis,Leopardus pardalis,Leopardus guttulus,Leopardus,Felidae,5,Crítico
1889,Leopardus guttulus,Leopardus wiedii,Dasyprocta azarae,Cerdocyon thous,Cerdocyon thous,Leopardus guttulus,Leopardus guttulus,Lepus europaeus,Dasyprocta azarae,Dasyprocta azarae,Dasyprocta azarae,Leopardus wiedii,Leopardus,Felidae,5,Crítico
1890,Leopardus guttulus,Cuniculus paca,Leopardus guttulus,Cuniculus paca,Cuniculus paca,Leopardus guttulus,Leopardus guttulus,Leopardus guttulus,Leopardus guttulus,Leopardus guttulus,Leopardus guttulus,Cuniculus paca,Leopardus,Felidae,5,Crítico
1892,Leopardus guttulus,Leopardus wiedii,Leopardus wiedii,Leopardus wiedii,Leopardus wiedii,Leopardus wiedii,Leopardus guttulus,Dasypus novemcinctus,Leopardus wiedii,Leopardus wiedii,Leopardus wiedii,Leopardus wiedii,Leopardus,Felidae,5,Crítico
1893,Leopardus guttulus,Leopardus guttulus,Leopardus wiedii,Leopardus wiedii,Leopardus guttulus,Leopardus guttulus,Leopardus guttulus,Leopardus guttulus,Leopardus wiedii,Leopardus wiedii,Leopardus wiedii,Leopardus guttulus,Leopardus,Felidae,5,Crítico
1894,Leopardus guttulus,Leopardus wiedii,Nasua nasua,Eira barbara,Eira barbara,Eira barbara,Cerdocyon thous,Cerdocyon thous,Nasua nasua,Nasua nasua,Nasua nasua,Puma concolor,Leopardus,Felidae,5,Crítico
1895,Leopardus guttulus,Panthera onca,Leopardus wiedii,Panthera onca,Panthera onca,Panthera onca,Leopardus guttulus,Panthera onca,Leopardus wiedii,Leopardus wiedii,Leopardus wiedii,Panthera onca,Leopardus,Felidae,5,Crítico
1897,Leopardus guttulus,Leopardus guttulus,Leopardus pardalis,Leopardus guttulus,Panthera onca,Leopardus guttulus,Leopardus guttulus,Leopardus guttulus,Leopardus pardalis,Leopardus pardalis,Leopardus pardalis,Leopardus guttulus,Leopardus,Felidae,5,Crítico
1898,Leopardus guttulus,Leopardus wiedii,Leopardus wiedii,Leopardus wiedii,Leopardus wiedii,Leopardus wiedii,Leopardus guttulus,Leopardus guttulus,Leopardus wiedii,Leopardus wiedii,Leopardus wiedii,Leopardus wiedii,Leopardus,Felidae,5,Crítico
1899,Leopardus guttulus,Galictis cuja,Galictis cuja,Dasyprocta azarae,Dasyprocta azarae,Galictis cuja,Galictis cuja,Dasyprocta azarae,Galictis cuja,Galictis cuja,Galictis cuja,Galictis cuja,Leopardus,Felidae,5,Crítico
1900,Leopardus guttulus,Leopardus wiedii,Leopardus wiedii,Leopardus wiedii,Leopardus wiedii,Leopardus guttulus,Leopardus guttulus,Leopardus guttulus,Leopardus wiedii,Leopardus wiedii,Leopardus wiedii,Leopardus wiedii,Leopardus,Felidae,5,Crítico
1901,Leopardus guttulus,Leopardus guttulus,Leopardus pardalis,Leopardus guttulus,Leopardus guttulus,Leopardus guttulus,Leopardus guttulus,Leopardus guttulus,Leopardus pardalis,Leopardus pardalis,Leopardus pardalis,Leopardus guttulus,Leopardus,Felidae,5,Crítico
1903,Leopardus guttulus,Leopardus guttulus,Leopardus guttulus,Leopardus guttulus,Leopardus guttulus,Leopardus guttulus,Leopardus guttulus,Leopardus guttulus,Leopardus guttulus,Leopardus guttulus,Leopardus guttulus,Leopardus guttulus,Leopardus,Felidae,5,Crítico
1904,Leopardus guttulus,Leopardus guttulus,Leopardus guttulus,Panthera onca,Panthera onca,Leopardus guttulus,Leopardus guttulus,Leopardus guttulus,Leopardus guttulus,Leopardus guttulus,Leopardus guttulus,Leopardus guttulus,Leopardus,Felidae,5,Crítico
1905,Leopardus guttulus,Cuniculus paca,Leopardus guttulus,Cuniculus paca,Leopardus guttulus,Leopardus guttulus,Leopardus guttulus,Leopardus guttulus,Leopardus guttulus,Leopardus guttulus,Leopardus guttulus,Cuniculus paca,Leopardus,Felidae,5,Crítico
1906,Leopardus guttulus,Leopardus guttulus,Leopardus wiedii,Leopardus wiedii,Leopardus wiedii,Leopardus guttulus,Leopardus guttulus,Leopardus guttulus,Leopardus wiedii,Leopardus wiedii,Leopardus wiedii,Leopardus guttulus,Leopardus,Felidae,5,Crítico
1907,Leopardus guttulus,Leopardus guttulus,Leopardus wiedii,Leopardus wiedii,Leopardus guttulus,Leopardus guttulus,Leopardus guttulus,Leopardus guttulus,Leopardus wiedii,Leopardus wiedii,Leopardus wiedii,Leopardus guttulus,Leopardus,Felidae,5,Crítico
1908,Leopardus guttulus,Galictis cuja,Galictis cuja,Didelphis albiventris,Didelphis aurita,Galictis cuja,Galictis cuja,Didelphis aurita,Galictis cuja,Galictis cuja,Galictis cuja,Galictis cuja,Leopardus,Felidae,5,Crítico
1911,Leopardus guttulus,Panthera onca,Panthera onca,Leopardus guttulus,Panthera onca,Leopardus guttulus,Leopardus guttulus,Leopardus pardalis,Panthera onca,Panthera onca,Panthera onca,Panthera onca,Leopardus,Felidae,5,Crítico
1912,Leopardus guttulus,Leopardus guttulus,Leopardus guttulus,Leopardus guttulus,Leopardus guttulus,Leopardus guttulus,Leopardus guttulus,Leopardus guttulus,Leopardus guttulus,Leopardus guttulus,Leopardus guttulus,Leopardus guttulus,Leopardus,Felidae,5,Crítico
1913,Leopardus guttulus,Nyctidromus albicollis,Salvator merianae,Salvator merianae,Salvator merianae,Nyctidromus albicollis,Nyctidromus albicollis,Tachyphonus coronatus,Salvator merianae,Salvator merianae,Salvator merianae,Salvator merianae,Leopardus,Felidae,5,Crítico
1917,Leopardus guttulus,Leopardus pardalis mitis,Leopardus pardalis mitis,Leopardus guttulus,Leopardus guttulus,Leopardus guttulus,Leopardus guttulus,Leopardus wiedii,Leopardus pardalis mitis,Leopardus pardalis mitis,Leopardus pardalis mitis,Leopardus pardalis mitis,Leopardus,Felidae,5,Crítico
1918,Leopardus guttulus,Leopardus guttulus,Leopardus pardalis,Leopardus guttulus,Leopardus guttulus,Leopardus guttulus,Leopardus guttulus,Leopardus guttulus,Leopardus pardalis,Leopardus pardalis,Leopardus pardalis,Leopardus guttulus,Leopardus,Felidae,5,Crítico
1919,Leopardus guttulus,Leopardus guttulus,Leopardus pardalis mitis,Leopardus pardalis,Leopardus pardalis,Leopardus guttulus,Leopardus guttulus,Leopardus wiedii,Leopardus pardalis mitis,Leopardus pardalis mitis,Leopardus pardalis mitis,Leopardus guttulus,Leopardus,Felidae,5,Crítico
1920,Leopardus guttulus,Leopardus guttulus,Leopardus pardalis,Leopardus guttulus,Leopardus guttulus,Leopardus guttulus,Leopardus guttulus,Strix hylophila,Leopardus pardalis,Leopardus pardalis,Leopardus pardalis,Leopardus guttulus,Leopardus,Felidae,5,Crítico
1921,Leopardus guttulus,Leopardus guttulus,Leopardus pardalis,Leopardus guttulus,Leopardus guttulus,Leopardus guttulus,Leopardus guttulus,Leopardus guttulus,Leopardus pardalis,Leopardus pardalis,Leopardus pardalis,Leopardus guttulus,Leopardus,Felidae,5,Crítico
1922,Leopardus guttulus,Leopardus guttulus,Leopardus wiedii,Leopardus wiedii,Leopardus guttulus,Leopardus guttulus,Leopardus guttulus,Leopardus guttulus,Leopardus wiedii,Leopardus wiedii,Leopardus wiedii,Leopardus guttulus,Leopardus,Felidae,5,Crítico
1923,Leopardus guttulus,Leopardus guttulus,Leopardus wiedii,Leopardus wiedii,Leopardus wiedii,Leopardus guttulus,Leopardus guttulus,Leopardus wiedii,Leopardus wiedii,Leopardus wiedii,Leopardus wiedii,Leopardus guttulus,Leopardus,Felidae,5,Crítico
1924,Leopardus guttulus,Leopardus pardalis,Leopardus guttulus,Cerdocyon thous,Leopardus guttulus,Leopardus guttulus,Leopardus guttulus,Leopardus pardalis,Leopardus guttulus,Leopardus guttulus,Leopardus guttulus,Leopardus pardalis,Leopardus,Felidae,5,Crítico
1925,Leopardus guttulus,Leopardus guttulus,Leopardus wiedii,Leopardus guttulus,Leopardus guttulus,Leopardus guttulus,Leopardus guttulus,Leopardus guttulus,Leopardus wiedii,Leopardus wiedii,Leopardus wiedii,Leopardus guttulus,Leopardus,Felidae,5,Crítico
1926,Leopardus guttulus,Leopardus guttulus,Leopardus guttulus,Leopardus guttulus,Leopardus guttulus,Leopardus guttulus,Leopardus guttulus,Leopardus guttulus,Leopardus guttulus,Leopardus guttulus,Leopardus guttulus,Leopardus guttulus,Leopardus,Felidae,5,Crítico
1927,Leopardus guttulus,Leopardus wiedii,Leptotila verreauxi,Leopardus wiedii,Leopardus wiedii,Herpailurus yagouaroundi,Nyctidromus albicollis,Alouatta guariba clamitans,Leptotila verreauxi,Leptotila verreauxi,Leptotila verreauxi,Leopardus wiedii,Leopardus,Felidae,5,Crítico
1929,Leopardus guttulus,Dasyprocta azarae,Leopardus wiedii,Aramides saracura,Aramides saracura,Dasyprocta azarae,Dasyprocta azarae,Galictis cuja,Leopardus wiedii,Leopardus wiedii,Leopardus wiedii,Dasyprocta azarae,Leopardus,Felidae,5,Crítico
1930,Leopardus guttulus,Leopardus guttulus,Leopardus pardalis mitis,Leopardus guttulus,Leopardus guttulus,Leopardus guttulus,Leopardus guttulus,Leopardus guttulus,Leopardus pardalis mitis,Leopardus pardalis mitis,Leopardus pardalis mitis,Leopardus guttulus,Leopardus,Felidae,5,Crítico
1931,Leopardus guttulus,Leopardus wiedii,Dasyprocta azarae,Crypturellus tataupa,Crypturellus tataupa,Crypturellus tataupa,Dasyprocta azarae,Didelphis albiventris,Dasyprocta azarae,Dasyprocta azarae,Dasyprocta azarae,Dasyprocta azarae,Leopardus,Felidae,5,Crítico
1932,Leopardus guttulus,Leopardus guttulus,Leopardus wiedii,Leopardus wiedii,Leopardus guttulus,Leopardus guttulus,Leopardus guttulus,Leopardus guttulus,Leopardus wiedii,Leopardus wiedii,Leopardus wiedii,Leopardus guttulus,Leopardus,Felidae,5,Crítico
1933,Leopardus guttulus,Leopardus guttulus,Leopardus pardalis mitis,Leopardus wiedii,Leopardus wiedii,Leopardus guttulus,Leopardus guttulus,Leopardus guttulus,Leopardus pardalis mitis,Leopardus pardalis mitis,Leopardus pardalis mitis,Leopardus guttulus,Leopardus,Felidae,5,Crítico
1934,Leopardus guttulus,Leopardus guttulus,Procyon cancrivorus,Nasua nasua,Nasua nasua,Nasua nasua,Leopardus guttulus,Leopardus guttulus,Procyon cancrivorus,Procyon cancrivorus,Procyon cancrivorus,Leopardus guttulus,Leopardus,Felidae,5,Crítico
1935,Leopardus guttulus,Panthera onca,Panthera onca,Panthera onca,Panthera onca,Panthera onca,Panthera onca,Panthera onca,Panthera onca,Panthera onca,Panthera onca,Panthera onca,Leopardus,Felidae,5,Crítico
1936,Leopardus guttulus,Leopardus guttulus,Leopardus guttulus,Leopardus guttulus,Leopardus guttulus,Leopardus guttulus,Leopardus guttulus,Panthera onca,Leopardus guttulus,Leopardus guttulus,Leopardus guttulus,Leopardus guttulus,Leopardus,Felidae,5,Crítico
1937,Leopardus guttulus,Leopardus guttulus,Leopardus guttulus,Leopardus guttulus,Leopardus guttulus,Leopardus guttulus,Leopardus guttulus,Leopardus guttulus,Leopardus guttulus,Leopardus guttulus,Leopardus guttulus,Leopardus guttulus,Leopardus,Felidae,5,Crítico
1938,Leopardus guttulus,Leopardus guttulus,Leopardus guttulus,Leopardus guttulus,Leopardus guttulus,Leopardus guttulus,Leopardus guttulus,Leopardus guttulus,Leopardus guttulus,Leopardus guttulus,Leopardus guttulus,Leopardus guttulus,Leopardus,Felidae,5,Crítico
1939,Leopardus pardalis,Leopardus guttulus,Leopardus pardalis mitis,Leopardus pardalis,Leopardus guttulus,Leopardus guttulus,Leopardus guttulus,Leopardus guttulus,Leopardus pardalis mitis,Leopardus pardalis mitis,Leopardus pardalis mitis,Leopardus guttulus,Leopardus,Felidae,3,Medio
1940,Leopardus pardalis,Leopardus pardalis,Panthera onca,Panthera onca,Panthera onca,Panthera onca,Leopardus guttulus,Panthera onca,Panthera onca,Panthera onca,Panthera onca,Leopardus pardalis,Leopardus,Felidae,3,Medio
1941,Leopardus pardalis,Leopardus guttulus,Leopardus wiedii,Leopardus pardalis,Panthera onca,Leopardus guttulus,Leopardus guttulus,Leopardus guttulus,Leopardus wiedii,Leopardus wiedii,Leopardus wiedii,Leopardus guttulus,Leopardus,Felidae,3,Medio
1943,Leopardus pardalis,Leopardus wiedii,Leopardus wiedii,Leopardus wiedii,Leopardus wiedii,Leopardus guttulus,Leopardus guttulus,Leopardus guttulus,Leopardus wiedii,Leopardus wiedii,Leopardus wiedii,Leopardus guttulus,Leopardus,Felidae,3,Medio
1945,Leopardus pardalis,Lepus europaeus,Cyanocorax chrysops,Cyanocorax chrysops,Amazona vinacea,Lepus europaeus,Lontra longicaudis,Amazona vinacea,Cyanocorax chrysops,Cyanocorax chrysops,Cyanocorax chrysops,Lepus europaeus,Leopardus,Felidae,3,Medio
1946,Leopardus pardalis,Leopardus guttulus,Leopardus pardalis,Leopardus pardalis,Leopardus guttulus,Leopardus guttulus,Leopardus guttulus,Leopardus guttulus,Leopardus pardalis,Leopardus pardalis,Leopardus pardalis,Leopardus guttulus,Leopardus,Felidae,3,Medio
1947,Leopardus pardalis,Leopardus guttulus,Leopardus guttulus,Leopardus pardalis,Leopardus pardalis,Leopardus guttulus,Leopardus guttulus,Leopardus guttulus,Leopardus guttulus,Leopardus guttulus,Leopardus guttulus,Leopardus guttulus,Leopardus,Felidae,3,Medio
1948,Leopardus pardalis,Panthera onca,Panthera onca,Panthera onca,Panthera onca,Panthera onca,Panthera onca,Leopardus guttulus,Panthera onca,Panthera onca,Panthera onca,Panthera onca,Leopardus,Felidae,3,Medio
1949,Leopardus pardalis,Leopardus guttulus,Leopardus wiedii,Panthera onca,Panthera onca,Leopardus guttulus,Leopardus guttulus,Leopardus wiedii,Leopardus wiedii,Leopardus wiedii,Leopardus wiedii,Leopardus guttulus,Leopardus,Felidae,3,Medio
1950,Leopardus pardalis,Leopardus pardalis,Leopardus pardalis,Leopardus guttulus,Leopardus guttulus,Leopardus guttulus,Leopardus guttulus,Leopardus guttulus,Leopardus pardalis,Leopardus pardalis,Leopardus pardalis,Leopardus pardalis,Leopardus,Felidae,3,Medio
1951,Leopardus pardalis,Leopardus guttulus,Leopardus pardalis mitis,Leopardus guttulus,Leopardus guttulus,Leopardus guttulus,Leopardus guttulus,Leopardus guttulus,Leopardus pardalis mitis,Leopardus pardalis mitis,Leopardus pardalis mitis,Leopardus guttulus,Leopardus,Felidae,3,Medio
1952,Leopardus pardalis,Leopardus guttulus,Leopardus pardalis,Leopardus guttulus,Leopardus wiedii,Leopardus guttulus,Leopardus guttulus,Leopardus guttulus,Leopardus pardalis,Leopardus pardalis,Leopardus pardalis,Leopardus guttulus,Leopardus,Felidae,3,Medio
1954,Leopardus pardalis,Leopardus guttulus,Leopardus pardalis,Leopardus pardalis,Leopardus pardalis,Leopardus guttulus,Leopardus guttulus,Leopardus guttulus,Leopardus pardalis,Leopardus pardalis,Leopardus pardalis,Leopardus guttulus,Leopardus,Felidae,3,Medio
1955,Leopardus pardalis,Leopardus guttulus,Leopardus pardalis mitis,Leopardus pardalis,Leopardus wiedii,Leopardus guttulus,Leopardus guttulus,Leopardus wiedii,Leopardus pardalis mitis,Leopardus pardalis mitis,Leopardus pardalis mitis,Leopardus guttulus,Leopardus,Felidae,3,Medio
1957,Leopardus pardalis,Leopardus pardalis,Leopardus guttulus,Leopardus guttulus,Leopardus pardalis,Leopardus guttulus,Leopardus guttulus,Leopardus guttulus,Leopardus guttulus,Leopardus guttulus,Leopardus guttulus,Leopardus pardalis,Leopardus,Felidae,3,Medio
1958,Leopardus pardalis,Leopardus pardalis,Leopardus pardalis,Leopardus pardalis,Leopardus guttulus,Leopardus guttulus,Leopardus guttulus,Leopardus guttulus,Leopardus pardalis,Leopardus pardalis,Leopardus pardalis,Leopardus pardalis,Leopardus,Felidae,3,Medio
1959,Leopardus pardalis mitis,Panthera onca,Panthera onca,Panthera onca,Panthera onca,Panthera onca,Panthera onca,Panthera onca,Panthera onca,Panthera onca,Panthera onca,Panthera onca,Leopardus,Felidae,3,Medio
1961,Leopardus wiedii,Leopardus guttulus,Leopardus wiedii,Leopardus guttulus,Leopardus guttulus,Leopardus guttulus,Leopardus guttulus,Leopardus guttulus,Leopardus wiedii,Leopardus wiedii,Leopardus wiedii,Leopardus guttulus,Leopardus,Felidae,3,Medio
1962,Leopardus wiedii,Leopardus guttulus,Leopardus guttulus,Leopardus guttulus,Leopardus guttulus,Leopardus guttulus,Leopardus guttulus,Leopardus guttulus,Leopardus guttulus,Leopardus guttulus,Leopardus guttulus,Leopardus guttulus,Leopardus,Felidae,3,Medio
1963,Leopardus wiedii,Leopardus guttulus,Leopardus pardalis mitis,Leopardus pardalis,Leopardus pardalis,Leopardus guttulus,Leopardus guttulus,Leopardus guttulus,Leopardus pardalis mitis,Leopardus pardalis mitis,Leopardus pardalis mitis,Leopardus pardalis mitis,Leopardus,Felidae,3,Medio
1964,Leopardus wiedii,Leopardus wiedii,Leopardus pardalis,Leopardus guttulus,Leopardus guttulus,Leopardus wiedii,Leopardus guttulus,Leopardus guttulus,Leopardus pardalis,Leopardus pardalis,Leopardus pardalis,Leopardus wiedii,Leopardus,Felidae,3,Medio
1965,Leopardus wiedii,Leopardus pardalis mitis,Leopardus pardalis mitis,Leopardus guttulus,Leopardus guttulus,Leopardus guttulus,Leopardus guttulus,Leopardus guttulus,Leopardus pardalis mitis,Leopardus pardalis mitis,Leopardus pardalis mitis,Leopardus pardalis mitis,Leopardus,Felidae,3,Medio
1966,Leopardus wiedii,Leopardus wiedii,Eira barbara,Eira barbara,Eira barbara,Eira barbara,Leopardus wiedii,Aramides saracura,Eira barbara,Eira barbara,Eira barbara,Leopardus wiedii,Leopardus,Felidae,3,Medio
1967,Leopardus wiedii,Leopardus pardalis mitis,Leopardus pardalis mitis,Leopardus pardalis,Leopardus pardalis,Leopardus wiedii,Leopardus guttulus,Leopardus wiedii,Leopardus pardalis mitis,Leopardus pardalis mitis,Leopardus pardalis mitis,Leopardus pardalis mitis,Leopardus,Felidae,3,Medio
1968,Leopardus wiedii,Leopardus wiedii,Leopardus wiedii,Leopardus guttulus,Leopardus wiedii,Leopardus guttulus,Leopardus guttulus,Leopardus guttulus,Leopardus wiedii,Leopardus wiedii,Leopardus wiedii,Leopardus wiedii,Leopardus,Felidae,3,Medio
1969,Leopardus wiedii,Leopardus guttulus,Leopardus pardalis mitis,Leopardus pardalis,Leopardus guttulus,Leopardus guttulus,Leopardus guttulus,Leopardus wiedii,Leopardus pardalis mitis,Leopardus pardalis mitis,Leopardus pardalis mitis,Leopardus pardalis mitis,Leopardus,Felidae,3,Medio
1971,Leopardus wiedii,Leopardus guttulus,Leopardus wiedii,Leopardus guttulus,Leopardus guttulus,Leopardus guttulus,Leopardus guttulus,Leopardus guttulus,Leopardus wiedii,Leopardus wiedii,Leopardus wiedii,Leopardus guttulus,Leopardus,Felidae,3,Medio
1972,Leopardus wiedii,Leopardus guttulus,Leopardus pardalis,Leopardus wiedii,Leopardus pardalis,Leopardus guttulus,Leopardus guttulus,Leopardus guttulus,Leopardus pardalis,Leopardus pardalis,Leopardus pardalis,Leopardus guttulus,Leopardus,Felidae,3,Medio
1973,Leopardus wiedii,Leopardus guttulus,Leopardus wiedii,Leopardus guttulus,Leopardus guttulus,Leopardus guttulus,Leopardus guttulus,Leopardus guttulus,Leopardus wiedii,Leopardus wiedii,Leopardus wiedii,Leopardus guttulus,Leopardus,Felidae,3,Medio
1974,Leopardus wiedii,Leopardus guttulus,Leopardus pardalis mitis,Leopardus pardalis,Leopardus wiedii,Leopardus guttulus,Leopardus guttulus,Leopardus guttulus,Leopardus pardalis mitis,Leopardus pardalis mitis,Leopardus pardalis mitis,Leopardus pardalis mitis,Leopardus,Felidae,3,Medio
1976,Leopardus wiedii,Leopardus guttulus,Leopardus wiedii,Leopardus wiedii,Leopardus wiedii,Leopardus wiedii,Leopardus guttulus,Leopardus guttulus,Leopardus wiedii,Leopardus wiedii,Leopardus wiedii,Leopardus guttulus,Leopardus,Felidae,3,Medio
1977,Leopardus wiedii,Procyon cancrivorus,Procyon cancrivorus,Leopardus pardalis mitis,Procyon cancrivorus,Nasua nasua,Leopardus guttulus,Nasua nasua,Procyon cancrivorus,Procyon cancrivorus,Procyon cancrivorus,Procyon cancrivorus,Leopardus,Felidae,3,Medio
1978,Leopardus wiedii,Leopardus guttulus,Leopardus wiedii,Leopardus guttulus,Leopardus pardalis,Leopardus guttulus,Leopardus guttulus,Leopardus guttulus,Leopardus wiedii,Leopardus wiedii,Leopardus wiedii,Leopardus guttulus,Leopardus,Felidae,3,Medio
1979,Leopardus wiedii,Panthera onca,Leopardus guttulus,Panthera onca,Panthera onca,Leopardus guttulus,Leopardus guttulus,Leopardus wiedii,Leopardus guttulus,Leopardus guttulus,Leopardus guttulus,Panthera onca,Leopardus,Felidae,3,Medio
1980,Leopardus wiedii,Leopardus wiedii,Leopardus wiedii,Leopardus wiedii,Leopardus wiedii,Leopardus guttulus,Leopardus guttulus,Leopardus guttulus,Leopardus wiedii,Leopardus wiedii,Leopardus wiedii,Leopardus wiedii,Leopardus,Felidae,3,Medio
1982,Leopardus wiedii,Leopardus guttulus,Leopardus wiedii,Leopardus guttulus,Leopardus guttulus,Leopardus guttulus,Leopardus guttulus,Leopardus guttulus,Leopardus wiedii,Leopardus wiedii,Leopardus wiedii,Leopardus guttulus,Leopardus,Felidae,3,Medio
1983,Leopardus wiedii,Leopardus wiedii,Leopardus wiedii,Leopardus wiedii,Leopardus wiedii,Leopardus wiedii,Leopardus guttulus,Leopardus wiedii,Leopardus wiedii,Leopardus wiedii,Leopardus wiedii,Leopardus wiedii,Leopardus,Felidae,3,Medio
1984,Leopardus wiedii,Leopardus guttulus,Leopardus pardalis,Leopardus guttulus,Leopardus guttulus,Leopardus guttulus,Leopardus guttulus,Leopardus guttulus,Leopardus pardalis,Leopardus pardalis,Leopardus pardalis,Leopardus guttulus,Leopardus,Felidae,3,Medio
1985,Leopardus wiedii,Leopardus guttulus,Leopardus pardalis mitis,Leopardus pardalis,Leopardus guttulus,Leopardus guttulus,Leopardus guttulus,Leopardus guttulus,Leopardus pardalis mitis,Leopardus pardalis mitis,Leopardus pardalis mitis,Leopardus pardalis mitis,Leopardus,Felidae,3,Medio
1986,Leopardus wiedii,Leopardus guttulus,Leopardus pardalis,Leopardus guttulus,Leopardus guttulus,Leopardus guttulus,Leopardus guttulus,Leopardus guttulus,Leopardus pardalis,Leopardus pardalis,Leopardus pardalis,Leopardus guttulus,Leopardus,Felidae,3,Medio
1987,Leopardus wiedii,Leopardus guttulus,Leopardus wiedii,Leopardus wiedii,Leopardus guttulus,Leopardus guttulus,Leopardus guttulus,Lepus europaeus,Leopardus wiedii,Leopardus wiedii,Leopardus wiedii,Leopardus guttulus,Leopardus,Felidae,3,Medio
1988,Leopardus wiedii,Leopardus guttulus,Leopardus wiedii,Leopardus guttulus,Leopardus guttulus,Leopardus guttulus,Leopardus guttulus,Hypoedaleus guttatus,Leopardus wiedii,Leopardus wiedii,Leopardus wiedii,Leopardus guttulus,Leopardus,Felidae,3,Medio
1990,Leopardus wiedii,Leopardus guttulus,Leopardus wiedii,Leopardus guttulus,Leopardus guttulus,Leopardus guttulus,Leopardus guttulus,Leopardus wiedii,Leopardus wiedii,Leopardus wiedii,Leopardus wiedii,Leopardus guttulus,Leopardus,Felidae,3,Medio
1992,Leopardus wiedii,Leopardus guttulus,Leopardus pardalis,Leopardus guttulus,Leopardus guttulus,Leopardus guttulus,Leopardus guttulus,Leopardus guttulus,Leopardus pardalis,Leopardus pardalis,Leopardus pardalis,Leopardus guttulus,Leopardus,Felidae,3,Medio
1993,Leopardus wiedii,Leopardus pardalis mitis,Leopardus pardalis mitis,Leopardus guttulus,Leopardus wiedii,Leopardus guttulus,Leopardus guttulus,Leopardus wiedii,Leopardus pardalis mitis,Leopardus pardalis mitis,Leopardus pardalis mitis,Leopardus pardalis mitis,Leopardus,Felidae,3,Medio
1994,Leopardus wiedii,Leopardus guttulus,Leopardus wiedii,Leopardus wiedii,Leopardus guttulus,Leopardus wiedii,Leopardus guttulus,Leopardus guttulus,Leopardus wiedii,Leopardus wiedii,Leopardus wiedii,Leopardus pardalis mitis,Leopardus,Felidae,3,Medio
1995,Leopardus wiedii,Leopardus wiedii,Leopardus wiedii,Didelphis albiventris,Didelphis albiventris,Nasua nasua,Leopardus wiedii,Dasypus novemcinctus,Leopardus wiedii,Leopardus wiedii,Leopardus wiedii,Leopardus wiedii,Leopardus,Felidae,3,Medio
1996,Leopardus wiedii,Leopardus guttulus,Leopardus guttulus,Leopardus guttulus,Leopardus guttulus,Leopardus guttulus,Leopardus guttulus,Leopardus guttulus,Leopardus guttulus,Leopardus guttulus,Leopardus guttulus,Leopardus guttulus,Leopardus,Felidae,3,Medio
1997,Leopardus wiedii,Leopardus guttulus,Leopardus wiedii,Leopardus wiedii,Leopardus guttulus,Leopardus guttulus,Leopardus guttulus,Leopardus guttulus,Leopardus wiedii,Leopardus wiedii,Leopardus wiedii,Leopardus guttulus,Leopardus,Felidae,3,Medio
1998,Leopardus wiedii,Leopardus guttulus,Nasua nasua,Leopardus pardalis mitis,Nasua nasua,Nasua nasua,Leopardus guttulus,Leopardus pardalis,Nasua nasua,Nasua nasua,Nasua nasua,Nasua nasua,Leopardus,Felidae,3,Medio
2000,Leopardus wiedii,Cuniculus paca,Cuniculus paca,Cuniculus paca,Cuniculus paca,Cuniculus paca,Leopardus guttulus,Dasypus novemcinctus,Cuniculus paca,Cuniculus paca,Cuniculus paca,Cuniculus paca,Leopardus,Felidae,3,Medio
2001,Leopardus wiedii,Leopardus guttulus,Leopardus pardalis,Leopardus guttulus,Leopardus guttulus,Leopardus guttulus,Leopardus guttulus,Leopardus guttulus,Leopardus pardalis,Leopardus pardalis,Leopardus pardalis,Leopardus guttulus,Leopardus,Felidae,3,Medio
2003,Leopardus wiedii,Leopardus guttulus,Leopardus pardalis,Leopardus pardalis,Leopardus pardalis,Leopardus wiedii,Leopardus guttulus,Leopardus guttulus,Leopardus pardalis,Leopardus pardalis,Leopardus pardalis,Leopardus guttulus,Leopardus,Felidae,3,Medio
2004,Leopardus wiedii,Leopardus guttulus,Leopardus pardalis mitis,Leopardus guttulus,Leopardus wiedii,Leopardus guttulus,Leopardus guttulus,Leopardus guttulus,Leopardus pardalis mitis,Leopardus pardalis mitis,Leopardus pardalis mitis,Leopardus pardalis mitis,Leopardus,Felidae,3,Medio
2008,Panthera onca,Panthera onca,Panthera onca,Panthera onca,Panthera onca,Panthera onca,Panthera onca,Panthera onca,Panthera onca,Panthera onca,Panthera onca,Panthera onca,Panthera,Felidae,6,Crítico
2009,Panthera onca,Panthera onca,Panthera onca,Panthera onca,Panthera onca,Panthera onca,Panthera onca,Panthera onca,Panthera onca,Panthera onca,Panthera onca,Panthera onca,Panthera,Felidae,6,Crítico
2010,Panthera onca,Panthera onca,Panthera onca,Panthera onca,Panthera onca,Panthera onca,Panthera onca,Panthera onca,Panthera onca,Panthera onca,Panthera onca,Panthera onca,Panthera,Felidae,6,Crítico
2011,Panthera onca,Cerdocyon thous,Herpailurus yagouaroundi,Herpailurus yagouaroundi,Lycalopex gymnocerca,Herpailurus yagouaroundi,Cerdocyon thous,Nasua nasua,Herpailurus yagouaroundi,Herpailurus yagouaroundi,Herpailurus yagouaroundi,Cerdocyon thous,Panthera,Felidae,6,Crítico
2013,Panthera onca,Leopardus wiedii,Subulo gouazoubira,Leopardus guttulus,Didelphis albiventris,Hydropsalis torquata,Leopardus guttulus,Myrmecophaga tridactyla,Subulo gouazoubira,Subulo gouazoubira,Subulo gouazoubira,Leopardus wiedii,Panthera,Felidae,6,Crítico
2014,Panthera onca,Panthera onca,Panthera onca,Panthera onca,Panthera onca,Panthera onca,Panthera onca,Panthera onca,Panthera onca,Panthera onca,Panthera onca,Panthera onca,Panthera,Felidae,6,Crítico
2015,Panthera onca,Panthera onca,Panthera onca,Panthera onca,Panthera onca,Panthera onca,Panthera onca,Panthera onca,Panthera onca,Panthera onca,Panthera onca,Panthera onca,Panthera,Felidae,6,Crítico
2016,Panthera onca,Panthera onca,Panthera onca,Panthera onca,Panthera onca,Panthera onca,Panthera onca,Panthera onca,Panthera onca,Panthera onca,Panthera onca,Panthera onca,Panthera,Felidae,6,Crítico
2017,Panthera onca,Panthera onca,Panthera onca,Panthera onca,Panthera onca,Panthera onca,Panthera onca,Panthera onca,Panthera onca,Panthera onca,Panthera onca,Panthera onca,Panthera,Felidae,6,Crítico
2018,Panthera onca,Panthera onca,Panthera onca,Panthera onca,Panthera onca,Panthera onca,Panthera onca,Panthera onca,Panthera onca,Panthera onca,Panthera onca,Panthera onca,Panthera,Felidae,6,Crítico
2019,Panthera onca,Panthera onca,Panthera onca,Panthera onca,Panthera onca,Panthera onca,Panthera onca,Panthera onca,Panthera onca,Panthera onca,Panthera onca,Panthera onca,Panthera,Felidae,6,Crítico
2020,Panthera onca,Panthera onca,Panthera onca,Panthera onca,Panthera onca,Panthera onca,Panthera onca,Panthera onca,Panthera onca,Panthera onca,Panthera onca,Panthera onca,Panthera,Felidae,6,Crítico
2021,Panthera onca,Panthera onca,Panthera onca,Panthera onca,Panthera onca,Panthera onca,Panthera onca,Panthera onca,Panthera onca,Panthera onca,Panthera onca,Panthera onca,Panthera,Felidae,6,Crítico
2022,Panthera onca,Panthera onca,Panthera onca,Panthera onca,Panthera onca,Panthera onca,Panthera onca,Panthera onca,Panthera onca,Panthera onca,Panthera onca,Panthera onca,Panthera,Felidae,6,Crítico
2023,Panthera onca,Panthera onca,Panthera onca,Panthera onca,Panthera onca,Panthera onca,Panthera onca,Panthera onca,Panthera onca,Panthera onca,Panthera onca,Panthera onca,Panthera,Felidae,6,Crítico
2025,Panthera onca,Panthera onca,Panthera onca,Panthera onca,Panthera onca,Panthera onca,Panthera onca,Panthera onca,Panthera onca,Panthera onca,Panthera onca,Panthera onca,Panthera,Felidae,6,Crítico
2026,Panthera onca,Panthera onca,Panthera onca,Panthera onca,Panthera onca,Panthera onca,Panthera onca,Panthera onca,Panthera onca,Panthera onca,Panthera onca,Panthera onca,Panthera,Felidae,6,Crítico
2027,Panthera onca,Panthera onca,Panthera onca,Panthera onca,Panthera onca,Panthera onca,Panthera onca,Panthera onca,Panthera onca,Panthera onca,Panthera onca,Panthera onca,Panthera,Felidae,6,Crítico
2028,Panthera onca,Panthera onca,Panthera onca,Panthera onca,Panthera onca,Panthera onca,Panthera onca,Panthera onca,Panthera onca,Panthera onca,Panthera onca,Panthera onca,Panthera,Felidae,6,Crítico
2029,Panthera onca,Panthera onca,Panthera onca,Panthera onca,Panthera onca,Panthera onca,Panthera onca,Panthera onca,Panthera onca,Panthera onca,Panthera onca,Panthera onca,Panthera,Felidae,6,Crítico
2030,Panthera onca,Panthera onca,Panthera onca,Panthera onca,Panthera onca,Panthera onca,Panthera onca,Panthera onca,Panthera onca,Panthera onca,Panthera onca,Panthera onca,Panthera,Felidae,6,Crítico
2031,Panthera onca,Panthera onca,Panthera onca,Panthera onca,Panthera onca,Panthera onca,Panthera onca,Panthera onca,Panthera onca,Panthera onca,Panthera onca,Panthera onca,Panthera,Felidae,6,Crítico
2032,Panthera onca,Panthera onca,Panthera onca,Panthera onca,Panthera onca,Panthera onca,Panthera onca,Panthera onca,Panthera onca,Panthera onca,Panthera onca,Panthera onca,Panthera,Felidae,6,Crítico
2033,Panthera onca,Panthera onca,Panthera onca,Panthera onca,Panthera onca,Panthera onca,Panthera onca,Panthera onca,Panthera onca,Panthera onca,Panthera onca,Panthera onca,Panthera,Felidae,6,Crítico
2034,Panthera onca,Leopardus wiedii,Panthera onca,Dasyprocta azarae,Dasyprocta azarae,Panthera onca,Galictis cuja,Panthera onca,Panthera onca,Panthera onca,Panthera onca,Leopardus wiedii,Panthera,Felidae,6,Crítico
2036,Panthera onca,Panthera onca,Panthera onca,Panthera onca,Panthera onca,Panthera onca,Panthera onca,Panthera onca,Panthera onca,Panthera onca,Panthera onca,Panthera onca,Panthera,Felidae,6,Crítico
2037,Panthera onca,Leopardus wiedii,Galictis cuja,Galictis cuja,Galictis cuja,Leopardus guttulus,Leopardus guttulus,Subulo gouazoubira,Galictis cuja,Galictis cuja,Galictis cuja,Leopardus wiedii,Panthera,Felidae,6,Crítico
2038,Panthera onca,Leopardus wiedii,Panthera onca,Axis axis,Panthera onca,Axis axis,Leopardus guttulus,Lepus europaeus,Panthera onca,Panthera onca,Panthera onca,Axis axis,Panthera,Felidae,6,Crítico
2042,Puma concolor,Puma concolor,Puma concolor concolor,Herpailurus yagouaroundi,Cerdocyon thous,Canis familiaris,Leopardus guttulus,Leopardus wiedii,Puma concolor concolor,Puma concolor concolor,Puma concolor concolor,Puma concolor,Puma,Felidae,2,Bajo
2044,Puma concolor,Herpailurus yagouaroundi,Eira barbara,Eira barbara,Panthera onca,Eira barbara,Eira barbara,Leopardus guttulus,Eira barbara,Eira barbara,Eira barbara,Herpailurus yagouaroundi,Puma,Felidae,2,Bajo
2045,Puma concolor,Puma concolor,Leopardus wiedii,Aramides saracura,Aramides saracura,Dasyprocta azarae,Dasyprocta azarae,Leopardus guttulus,Leopardus wiedii,Leopardus wiedii,Leopardus wiedii,Puma concolor,Puma,Felidae,2,Bajo
2046,Puma concolor,Puma concolor concolor,Puma concolor concolor,Panthera onca,Puma concolor concolor,Panthera onca,Lycalopex gymnocerca,Leopardus wiedii,Puma concolor concolor,Puma concolor concolor,Puma concolor concolor,Puma concolor concolor,Puma,Felidae,2,Bajo
2047,Puma concolor,Puma concolor concolor,Puma concolor concolor,Herpailurus yagouaroundi,Panthera onca,Canis familiaris,Cerdocyon thous,Puma concolor concolor,Puma concolor concolor,Puma concolor concolor,Puma concolor concolor,Puma concolor concolor,Puma,Felidae,2,Bajo
2048,Puma concolor,Puma concolor concolor,Puma concolor concolor,Puma concolor concolor,Canis familiaris,Canis familiaris,Subulo gouazoubira,Lycalopex gymnocerca,Puma concolor concolor,Puma concolor concolor,Puma concolor concolor,Puma concolor concolor,Puma,Felidae,2,Bajo
2049,Puma concolor,Puma concolor,Canis familiaris,Canis familiaris,Canis familiaris,Lepus europaeus,Cerdocyon thous,Lepus europaeus,Canis familiaris,Canis familiaris,Canis familiaris,Puma concolor,Puma,Felidae,2,Bajo
2051,Puma concolor,Puma concolor concolor,Puma concolor concolor,Mazama nanus,Puma concolor concolor,Puma concolor concolor,Lycalopex gymnocerca,Cerdocyon thous,Puma concolor concolor,Puma concolor concolor,Puma concolor concolor,Puma concolor concolor,Puma,Felidae,2,Bajo
2052,Puma concolor,Puma concolor concolor,Puma concolor,Puma concolor concolor,Puma concolor concolor,Lepus europaeus,Lepus europaeus,Lepus europaeus,Puma concolor,Puma concolor,Puma concolor,Puma concolor concolor,Puma,Felidae,2,Bajo
2053,Puma concolor,Puma concolor,Puma concolor concolor,Puma concolor concolor,Panthera onca,Panthera onca,Leopardus guttulus,Cerdocyon thous,Puma concolor concolor,Puma concolor concolor,Puma concolor concolor,Puma concolor concolor,Puma,Felidae,2,Bajo
2054,Puma concolor,Puma concolor concolor,Puma concolor concolor,Puma concolor concolor,Puma concolor concolor,Puma concolor concolor,Cerdocyon thous,Cerdocyon thous,Puma concolor concolor,Puma concolor concolor,Puma concolor concolor,Puma concolor concolor,Puma,Felidae,2,Bajo
2055,Puma concolor,Procyon cancrivorus,Herpailurus yagouaroundi,Didelphis albiventris,Cerdocyon thous,Panthera onca,Cerdocyon thous,Dasyprocta azarae,Herpailurus yagouaroundi,Herpailurus yagouaroundi,Herpailurus yagouaroundi,Procyon cancrivorus,Puma,Felidae,2,Bajo
2056,Puma concolor,Axis axis,Axis axis,Axis axis,Axis axis,Lepus europaeus,Lepus europaeus,Lepus europaeus,Axis axis,Axis axis,Axis axis,Axis axis,Puma,Felidae,2,Bajo
2059,Puma concolor concolor,Puma concolor concolor,Puma concolor concolor,Puma concolor concolor,Puma concolor concolor,Canis familiaris,Cerdocyon thous,Cerdocyon thous,Puma concolor concolor,Puma concolor concolor,Puma concolor concolor,Puma concolor concolor,Puma,Felidae,2,Bajo
2061,Puma concolor concolor,Puma concolor concolor,Puma concolor concolor,Puma concolor concolor,Puma concolor concolor,Puma concolor concolor,Subulo gouazoubira,Cerdocyon thous,Puma concolor concolor,Puma concolor concolor,Puma concolor concolor,Puma concolor concolor,Puma,Felidae,2,Bajo
2062,Puma concolor concolor,Puma concolor concolor,Puma concolor concolor,Puma concolor concolor,Puma concolor concolor,Canis familiaris,Canis familiaris,Canis familiaris,Puma concolor concolor,Puma concolor concolor,Puma concolor concolor,Puma concolor concolor,Puma,Felidae,2,Bajo
2063,Chamaeza campanisona,Chamaeza campanisona,Chamaeza campanisona,Chamaeza campanisona,Chamaeza campanisona,Chamaeza campanisona,Nyctidromus albicollis,Chamaeza campanisona,Chamaeza campanisona,Chamaeza campanisona,Chamaeza campanisona,Chamaeza campanisona,Chamaeza,Formicariidae,1,Bajo
2065,Chamaeza campanisona,Chamaeza campanisona,Chamaeza campanisona,Chamaeza campanisona,Chamaeza campanisona,Chamaeza campanisona,Chamaeza campanisona,Chamaeza campanisona,Chamaeza campanisona,Chamaeza campanisona,Chamaeza campanisona,Chamaeza campanisona,Chamaeza,Formicariidae,1,Bajo
2066,Chamaeza campanisona,Chamaeza campanisona,Chamaeza campanisona,Chamaeza campanisona,Chamaeza campanisona,Chamaeza campanisona,Chamaeza campanisona,Aramides saracura,Chamaeza campanisona,Chamaeza campanisona,Chamaeza campanisona,Chamaeza campanisona,Chamaeza,Formicariidae,1,Bajo
2067,Chamaeza campanisona,Herpailurus yagouaroundi,Geotrygon montana,Chamaeza campanisona,Chamaeza campanisona,Chamaeza campanisona,Nyctidromus albicollis,Nyctidromus albicollis,Geotrygon montana,Geotrygon montana,Geotrygon montana,Herpailurus yagouaroundi,Chamaeza,Formicariidae,1,Bajo
2068,Chamaeza campanisona,Chamaeza campanisona,Chamaeza campanisona,Chamaeza campanisona,Chamaeza campanisona,Chamaeza campanisona,Chamaeza campanisona,Leopardus guttulus,Chamaeza campanisona,Chamaeza campanisona,Chamaeza campanisona,Chamaeza campanisona,Chamaeza,Formicariidae,1,Bajo
2070,Chamaeza campanisona,Chamaeza campanisona,Chamaeza campanisona,Chamaeza campanisona,Chamaeza campanisona,Chamaeza campanisona,Chamaeza campanisona,Chamaeza campanisona,Chamaeza campanisona,Chamaeza campanisona,Chamaeza campanisona,Chamaeza campanisona,Chamaeza,Formicariidae,1,Bajo
2072,Chamaeza campanisona,Chamaeza campanisona,Chamaeza campanisona,Chamaeza campanisona,Chamaeza campanisona,Chamaeza campanisona,Chamaeza campanisona,Chamaeza campanisona,Chamaeza campanisona,Chamaeza campanisona,Chamaeza campanisona,Chamaeza campanisona,Chamaeza,Formicariidae,1,Bajo
2073,Chamaeza campanisona,Chamaeza campanisona,Cryptopezus nattereri,Chamaeza campanisona,Chamaeza campanisona,Chamaeza campanisona,Chamaeza campanisona,Chamaeza campanisona,Cryptopezus nattereri,Cryptopezus nattereri,Cryptopezus nattereri,Chamaeza campanisona,Chamaeza,Formicariidae,1,Bajo
2074,Chamaeza campanisona,Chamaeza campanisona,Chamaeza campanisona,Chamaeza campanisona,Chamaeza campanisona,Chamaeza campanisona,Chamaeza campanisona,Chamaeza campanisona,Chamaeza campanisona,Chamaeza campanisona,Chamaeza campanisona,Chamaeza campanisona,Chamaeza,Formicariidae,1,Bajo
2075,Chamaeza campanisona,Chamaeza campanisona,Chamaeza campanisona,Chamaeza campanisona,Chamaeza campanisona,Chamaeza campanisona,Chamaeza campanisona,Chamaeza campanisona,Chamaeza campanisona,Chamaeza campanisona,Chamaeza campanisona,Chamaeza campanisona,Chamaeza,Formicariidae,1,Bajo
2076,Chamaeza campanisona,Chamaeza campanisona,Cryptopezus nattereri,Chamaeza campanisona,Chamaeza campanisona,Chamaeza campanisona,Chamaeza campanisona,Chamaeza campanisona,Cryptopezus nattereri,Cryptopezus nattereri,Cryptopezus nattereri,Chamaeza campanisona,Chamaeza,Formicariidae,1,Bajo
2077,Chamaeza campanisona,Chamaeza campanisona,Chamaeza campanisona,Chamaeza campanisona,Chamaeza campanisona,Chamaeza campanisona,Chamaeza campanisona,Myiothlypis leucoblephara,Chamaeza campanisona,Chamaeza campanisona,Chamaeza campanisona,Chamaeza campanisona,Chamaeza,Formicariidae,1,Bajo
2078,Chamaeza campanisona,Chamaeza campanisona,Chamaeza campanisona,Chamaeza campanisona,Chamaeza campanisona,Chamaeza campanisona,Chamaeza campanisona,Chamaeza campanisona,Chamaeza campanisona,Chamaeza campanisona,Chamaeza campanisona,Chamaeza campanisona,Chamaeza,Formicariidae,1,Bajo
2080,Chamaeza campanisona,Pyriglena leucoptera,Geotrygon montana,Chamaeza campanisona,Chamaeza campanisona,Pyriglena leucoptera,Pyriglena leucoptera,Myiothlypis leucoblephara,Geotrygon montana,Geotrygon montana,Geotrygon montana,Conopophaga lineata vulgaris,Chamaeza,Formicariidae,1,Bajo
2081,Chamaeza campanisona,Chamaeza campanisona,Chamaeza campanisona,Chamaeza campanisona,Chamaeza campanisona,Chamaeza campanisona,Chamaeza campanisona,Chamaeza campanisona,Chamaeza campanisona,Chamaeza campanisona,Chamaeza campanisona,Chamaeza campanisona,Chamaeza,Formicariidae,1,Bajo
2082,Chamaeza campanisona,Chamaeza campanisona,Chamaeza campanisona,Chamaeza campanisona,Chamaeza campanisona,Chamaeza campanisona,Chamaeza campanisona,Chamaeza campanisona,Chamaeza campanisona,Chamaeza campanisona,Chamaeza campanisona,Chamaeza campanisona,Chamaeza,Formicariidae,1,Bajo
2083,Chamaeza campanisona,Chamaeza campanisona,Chamaeza campanisona,Chamaeza campanisona,Chamaeza campanisona,Chamaeza campanisona,Chamaeza campanisona,Conopophaga lineata,Chamaeza campanisona,Chamaeza campanisona,Chamaeza campanisona,Chamaeza campanisona,Chamaeza,Formicariidae,1,Bajo
2084,Chamaeza campanisona,Chamaeza campanisona,Chamaeza campanisona,Chamaeza campanisona,Chamaeza campanisona,Chamaeza campanisona,Chamaeza campanisona,Chamaeza campanisona,Chamaeza campanisona,Chamaeza campanisona,Chamaeza campanisona,Chamaeza campanisona,Chamaeza,Formicariidae,1,Bajo
2085,Chamaeza campanisona,Chamaeza campanisona,Chamaeza campanisona,Chamaeza campanisona,Chamaeza campanisona,Chamaeza campanisona,Chamaeza campanisona,Chamaeza campanisona,Chamaeza campanisona,Chamaeza campanisona,Chamaeza campanisona,Chamaeza campanisona,Chamaeza,Formicariidae,1,Bajo
2086,Chamaeza campanisona,Chamaeza campanisona,Chamaeza campanisona,Chamaeza campanisona,Chamaeza campanisona,Chamaeza campanisona,Chamaeza campanisona,Chamaeza campanisona,Chamaeza campanisona,Chamaeza campanisona,Chamaeza campanisona,Chamaeza campanisona,Chamaeza,Formicariidae,1,Bajo
2087,Chamaeza campanisona,Chamaeza campanisona,Chamaeza campanisona,Chamaeza campanisona,Chamaeza campanisona,Chamaeza campanisona,Chamaeza campanisona,Chamaeza campanisona,Chamaeza campanisona,Chamaeza campanisona,Chamaeza campanisona,Chamaeza campanisona,Chamaeza,Formicariidae,1,Bajo
2089,Chamaeza campanisona,Chamaeza campanisona,Chamaeza campanisona,Chamaeza campanisona,Chamaeza campanisona,Chamaeza campanisona,Chamaeza campanisona,Hypoedaleus guttatus,Chamaeza campanisona,Chamaeza campanisona,Chamaeza campanisona,Chamaeza campanisona,Chamaeza,Formicariidae,1,Bajo
2090,Chamaeza campanisona,Dasyprocta azarae,Leptotila verreauxi,Eira barbara,Eira barbara,Eira barbara,Eira barbara,Dasyprocta azarae,Leptotila verreauxi,Leptotila verreauxi,Leptotila verreauxi,Dasyprocta azarae,Chamaeza,Formicariidae,1,Bajo
2092,Chamaeza campanisona,Chamaeza campanisona,Chamaeza campanisona,Chamaeza campanisona,Chamaeza campanisona,Chamaeza campanisona,Chamaeza campanisona,Chamaeza campanisona,Chamaeza campanisona,Chamaeza campanisona,Chamaeza campanisona,Chamaeza campanisona,Chamaeza,Formicariidae,1,Bajo
2093,Chamaeza campanisona,Chamaeza campanisona,Chamaeza campanisona,Chamaeza campanisona,Chamaeza campanisona,Chamaeza campanisona,Chamaeza campanisona,Chamaeza campanisona,Chamaeza campanisona,Chamaeza campanisona,Chamaeza campanisona,Chamaeza campanisona,Chamaeza,Formicariidae,1,Bajo
2095,Chamaeza campanisona,Hydropsalis torquata,Hydropsalis torquata,Chamaeza campanisona,Hydropsalis torquata,Hydropsalis torquata,Hydropsalis torquata,Hydropsalis torquata,Hydropsalis torquata,Hydropsalis torquata,Hydropsalis torquata,Hydropsalis torquata,Chamaeza,Formicariidae,1,Bajo
2096,Chamaeza campanisona,Conopophaga lineata vulgaris,Baryphthengus ruficapillus,Baryphthengus ruficapillus,Conopophaga lineata vulgaris,Leptotila rufaxilla,Pyriglena leucoptera,Pyriglena leucoptera,Baryphthengus ruficapillus,Baryphthengus ruficapillus,Baryphthengus ruficapillus,Conopophaga lineata vulgaris,Chamaeza,Formicariidae,1,Bajo
2097,Chamaeza campanisona,Chamaeza campanisona,Chamaeza campanisona,Chamaeza campanisona,Chamaeza campanisona,Chamaeza campanisona,Chamaeza campanisona,Chamaeza campanisona,Chamaeza campanisona,Chamaeza campanisona,Chamaeza campanisona,Chamaeza campanisona,Chamaeza,Formicariidae,1,Bajo
2098,Chamaeza campanisona,Chamaeza campanisona,Chamaeza campanisona,Chamaeza campanisona,Chamaeza campanisona,Chamaeza campanisona,Chamaeza campanisona,Chamaeza campanisona,Chamaeza campanisona,Chamaeza campanisona,Chamaeza campanisona,Chamaeza campanisona,Chamaeza,Formicariidae,1,Bajo
2099,Chamaeza campanisona,Chamaeza campanisona,Chamaeza campanisona,Chamaeza campanisona,Chamaeza campanisona,Chamaeza campanisona,Chamaeza campanisona,Chamaeza campanisona,Chamaeza campanisona,Chamaeza campanisona,Chamaeza campanisona,Chamaeza campanisona,Chamaeza,Formicariidae,1,Bajo
2100,Chamaeza campanisona,Chamaeza campanisona,Chamaeza campanisona,Chamaeza campanisona,Chamaeza campanisona,Chamaeza campanisona,Chamaeza campanisona,Chamaeza campanisona,Chamaeza campanisona,Chamaeza campanisona,Chamaeza campanisona,Chamaeza campanisona,Chamaeza,Formicariidae,1,Bajo
2101,Chamaeza campanisona,Chamaeza campanisona,Chamaeza campanisona,Chamaeza campanisona,Chamaeza campanisona,Chamaeza campanisona,Chamaeza campanisona,Chamaeza campanisona,Chamaeza campanisona,Chamaeza campanisona,Chamaeza campanisona,Chamaeza campanisona,Chamaeza,Formicariidae,1,Bajo
2102,Synallaxis ruficapilla,Synallaxis ruficapilla,Synallaxis ruficapilla,Synallaxis ruficapilla,Synallaxis ruficapilla,Synallaxis ruficapilla,Synallaxis ruficapilla,Synallaxis ruficapilla,Synallaxis ruficapilla,Synallaxis ruficapilla,Synallaxis ruficapilla,Synallaxis ruficapilla,Synallaxis,Furnariidae,3,Medio
2103,Synallaxis ruficapilla,Synallaxis ruficapilla,Aramides saracura,Aramides saracura,Synallaxis ruficapilla,Synallaxis ruficapilla,Synallaxis ruficapilla,Cyanoloxia brissonii,Aramides saracura,Aramides saracura,Aramides saracura,Synallaxis ruficapilla,Synallaxis,Furnariidae,3,Medio
2104,Synallaxis ruficapilla,Synallaxis ruficapilla,Synallaxis ruficapilla,Synallaxis ruficapilla,Synallaxis ruficapilla,Synallaxis ruficapilla,Synallaxis ruficapilla,Synallaxis ruficapilla,Synallaxis ruficapilla,Synallaxis ruficapilla,Synallaxis ruficapilla,Synallaxis ruficapilla,Synallaxis,Furnariidae,3,Medio
2105,Synallaxis ruficapilla,Synallaxis ruficapilla,Synallaxis ruficapilla,Synallaxis ruficapilla,Synallaxis ruficapilla,Synallaxis ruficapilla,Synallaxis ruficapilla,Synallaxis ruficapilla,Synallaxis ruficapilla,Synallaxis ruficapilla,Synallaxis ruficapilla,Synallaxis ruficapilla,Synallaxis,Furnariidae,3,Medio
2107,Synallaxis ruficapilla,Synallaxis ruficapilla,Habia rubica,Habia rubica,Conopophaga lineata vulgaris,Habia rubica,Pyriglena leucoptera,Habia rubica,Habia rubica,Habia rubica,Habia rubica,Synallaxis ruficapilla,Synallaxis,Furnariidae,3,Medio
2108,Synallaxis ruficapilla,Biatas nigropectus,Habia rubica,Synallaxis ruficapilla,Biatas nigropectus,Habia rubica,Habia rubica,Habia rubica,Habia rubica,Habia rubica,Habia rubica,Biatas nigropectus,Synallaxis,Furnariidae,3,Medio
2110,Synallaxis ruficapilla,Synallaxis ruficapilla,Synallaxis ruficapilla,Synallaxis ruficapilla,Synallaxis ruficapilla,Synallaxis ruficapilla,Synallaxis ruficapilla,Habia rubica,Synallaxis ruficapilla,Synallaxis ruficapilla,Synallaxis ruficapilla,Synallaxis ruficapilla,Synallaxis,Furnariidae,3,Medio
2112,Synallaxis ruficapilla,Synallaxis ruficapilla,Synallaxis ruficapilla,Synallaxis ruficapilla,Synallaxis ruficapilla,Synallaxis ruficapilla,Synallaxis ruficapilla,Synallaxis ruficapilla,Synallaxis ruficapilla,Synallaxis ruficapilla,Synallaxis ruficapilla,Synallaxis ruficapilla,Synallaxis,Furnariidae,3,Medio
2114,Synallaxis ruficapilla,Synallaxis ruficapilla,Synallaxis ruficapilla,Synallaxis ruficapilla,Synallaxis ruficapilla,Synallaxis ruficapilla,Synallaxis ruficapilla,Synallaxis ruficapilla,Synallaxis ruficapilla,Synallaxis ruficapilla,Synallaxis ruficapilla,Synallaxis ruficapilla,Synallaxis,Furnariidae,3,Medio
2115,Synallaxis ruficapilla,Synallaxis ruficapilla,Habia rubica,Habia rubica,Habia rubica,Pyriglena leucoptera,Pyriglena leucoptera,Baryphthengus ruficapillus,Habia rubica,Habia rubica,Habia rubica,Synallaxis ruficapilla,Synallaxis,Furnariidae,3,Medio
2116,Synallaxis ruficapilla,Synallaxis ruficapilla,Synallaxis ruficapilla,Synallaxis ruficapilla,Synallaxis ruficapilla,Synallaxis ruficapilla,Synallaxis ruficapilla,Synallaxis ruficapilla,Synallaxis ruficapilla,Synallaxis ruficapilla,Synallaxis ruficapilla,Synallaxis ruficapilla,Synallaxis,Furnariidae,3,Medio
2118,Synallaxis ruficapilla,Synallaxis ruficapilla,Synallaxis ruficapilla,Synallaxis ruficapilla,Synallaxis ruficapilla,Synallaxis ruficapilla,Synallaxis ruficapilla,Synallaxis ruficapilla,Synallaxis ruficapilla,Synallaxis ruficapilla,Synallaxis ruficapilla,Synallaxis ruficapilla,Synallaxis,Furnariidae,3,Medio
2119,Synallaxis ruficapilla,Synallaxis ruficapilla,Synallaxis ruficapilla,Synallaxis ruficapilla,Synallaxis ruficapilla,Synallaxis ruficapilla,Synallaxis ruficapilla,Synallaxis ruficapilla,Synallaxis ruficapilla,Synallaxis ruficapilla,Synallaxis ruficapilla,Synallaxis ruficapilla,Synallaxis,Furnariidae,3,Medio
2122,Synallaxis ruficapilla,Synallaxis ruficapilla,Synallaxis ruficapilla,Synallaxis ruficapilla,Synallaxis ruficapilla,Synallaxis ruficapilla,Synallaxis ruficapilla,Synallaxis ruficapilla,Synallaxis ruficapilla,Synallaxis ruficapilla,Synallaxis ruficapilla,Synallaxis ruficapilla,Synallaxis,Furnariidae,3,Medio
2123,Synallaxis ruficapilla,Synallaxis ruficapilla,Synallaxis ruficapilla,Synallaxis ruficapilla,Synallaxis ruficapilla,Synallaxis ruficapilla,Synallaxis ruficapilla,Synallaxis ruficapilla,Synallaxis ruficapilla,Synallaxis ruficapilla,Synallaxis ruficapilla,Synallaxis ruficapilla,Synallaxis,Furnariidae,3,Medio
2124,Synallaxis ruficapilla,Pyriglena leucoptera,Leopardus pardalis,Leopardus pardalis,Crypturellus obsoletus,Pyriglena leucoptera,Pyriglena leucoptera,Biatas nigropectus,Leopardus pardalis,Leopardus pardalis,Leopardus pardalis,Conopophaga lineata vulgaris,Synallaxis,Furnariidae,3,Medio
2125,Synallaxis ruficapilla,Synallaxis ruficapilla,Synallaxis ruficapilla,Synallaxis ruficapilla,Synallaxis ruficapilla,Synallaxis ruficapilla,Synallaxis ruficapilla,Synallaxis ruficapilla,Synallaxis ruficapilla,Synallaxis ruficapilla,Synallaxis ruficapilla,Synallaxis ruficapilla,Synallaxis,Furnariidae,3,Medio
2126,Synallaxis ruficapilla,Synallaxis ruficapilla,Synallaxis ruficapilla,Synallaxis ruficapilla,Synallaxis ruficapilla,Synallaxis ruficapilla,Synallaxis ruficapilla,Synallaxis ruficapilla,Synallaxis ruficapilla,Synallaxis ruficapilla,Synallaxis ruficapilla,Synallaxis ruficapilla,Synallaxis,Furnariidae,3,Medio
2127,Synallaxis ruficapilla,Synallaxis ruficapilla,Pyriglena leucoptera,Habia rubica,Biatas nigropectus,Biatas nigropectus,Pyriglena leucoptera,Synallaxis ruficapilla,Pyriglena leucoptera,Pyriglena leucoptera,Pyriglena leucoptera,Synallaxis ruficapilla,Synallaxis,Furnariidae,3,Medio
2128,Synallaxis ruficapilla,Galictis cuja,Penelope superciliaris,Cyanocorax chrysops,Biatas nigropectus,Pyriglena leucoptera,Nyctidromus albicollis,Alouatta guariba clamitans,Penelope superciliaris,Penelope superciliaris,Penelope superciliaris,Pyriglena leucoptera,Synallaxis,Furnariidae,3,Medio
2129,Synallaxis ruficapilla,Synallaxis ruficapilla,Synallaxis ruficapilla,Synallaxis ruficapilla,Synallaxis ruficapilla,Synallaxis ruficapilla,Synallaxis ruficapilla,Synallaxis ruficapilla,Synallaxis ruficapilla,Synallaxis ruficapilla,Synallaxis ruficapilla,Synallaxis ruficapilla,Synallaxis,Furnariidae,3,Medio
2130,Synallaxis ruficapilla,Synallaxis ruficapilla,Synallaxis ruficapilla,Synallaxis ruficapilla,Synallaxis ruficapilla,Synallaxis ruficapilla,Synallaxis ruficapilla,Synallaxis ruficapilla,Synallaxis ruficapilla,Synallaxis ruficapilla,Synallaxis ruficapilla,Synallaxis ruficapilla,Synallaxis,Furnariidae,3,Medio
2131,Synallaxis ruficapilla,Synallaxis ruficapilla,Synallaxis ruficapilla,Synallaxis ruficapilla,Synallaxis ruficapilla,Synallaxis ruficapilla,Synallaxis ruficapilla,Synallaxis ruficapilla,Synallaxis ruficapilla,Synallaxis ruficapilla,Synallaxis ruficapilla,Synallaxis ruficapilla,Synallaxis,Furnariidae,3,Medio
2132,Synallaxis ruficapilla,Synallaxis ruficapilla,Synallaxis ruficapilla,Synallaxis ruficapilla,Synallaxis ruficapilla,Synallaxis ruficapilla,Synallaxis ruficapilla,Synallaxis ruficapilla,Synallaxis ruficapilla,Synallaxis ruficapilla,Synallaxis ruficapilla,Synallaxis ruficapilla,Synallaxis,Furnariidae,3,Medio
2133,Synallaxis ruficapilla,Synallaxis ruficapilla,Synallaxis ruficapilla,Synallaxis ruficapilla,Synallaxis ruficapilla,Synallaxis ruficapilla,Synallaxis ruficapilla,Synallaxis ruficapilla,Synallaxis ruficapilla,Synallaxis ruficapilla,Synallaxis ruficapilla,Synallaxis ruficapilla,Synallaxis,Furnariidae,3,Medio
2134,Synallaxis ruficapilla,Synallaxis ruficapilla,Biatas nigropectus,Biatas nigropectus,Biatas nigropectus,Synallaxis ruficapilla,Hypoedaleus guttatus,Lontra longicaudis,Biatas nigropectus,Biatas nigropectus,Biatas nigropectus,Synallaxis ruficapilla,Synallaxis,Furnariidae,3,Medio
2135,Synallaxis ruficapilla,Synallaxis ruficapilla,Synallaxis ruficapilla,Synallaxis ruficapilla,Synallaxis ruficapilla,Synallaxis ruficapilla,Synallaxis ruficapilla,Synallaxis ruficapilla,Synallaxis ruficapilla,Synallaxis ruficapilla,Synallaxis ruficapilla,Synallaxis ruficapilla,Synallaxis,Furnariidae,3,Medio
2136,Synallaxis ruficapilla,Synallaxis ruficapilla,Synallaxis ruficapilla,Synallaxis ruficapilla,Synallaxis ruficapilla,Synallaxis ruficapilla,Synallaxis ruficapilla,Synallaxis ruficapilla,Synallaxis ruficapilla,Synallaxis ruficapilla,Synallaxis ruficapilla,Synallaxis ruficapilla,Synallaxis,Furnariidae,3,Medio
2137,Synallaxis ruficapilla,Synallaxis ruficapilla,Synallaxis ruficapilla,Synallaxis ruficapilla,Synallaxis ruficapilla,Synallaxis ruficapilla,Synallaxis ruficapilla,Synallaxis ruficapilla,Synallaxis ruficapilla,Synallaxis ruficapilla,Synallaxis ruficapilla,Synallaxis ruficapilla,Synallaxis,Furnariidae,3,Medio
2139,Synallaxis ruficapilla,Synallaxis ruficapilla,Synallaxis ruficapilla,Synallaxis ruficapilla,Synallaxis ruficapilla,Synallaxis ruficapilla,Synallaxis ruficapilla,Synallaxis ruficapilla,Synallaxis ruficapilla,Synallaxis ruficapilla,Synallaxis ruficapilla,Synallaxis ruficapilla,Synallaxis,Furnariidae,3,Medio
2140,Synallaxis ruficapilla,Synallaxis ruficapilla,Synallaxis ruficapilla,Synallaxis ruficapilla,Synallaxis ruficapilla,Synallaxis ruficapilla,Synallaxis ruficapilla,Synallaxis ruficapilla,Synallaxis ruficapilla,Synallaxis ruficapilla,Synallaxis ruficapilla,Synallaxis ruficapilla,Synallaxis,Furnariidae,3,Medio
2142,Synallaxis ruficapilla,Synallaxis ruficapilla,Synallaxis ruficapilla,Synallaxis ruficapilla,Synallaxis ruficapilla,Synallaxis ruficapilla,Synallaxis ruficapilla,Synallaxis ruficapilla,Synallaxis ruficapilla,Synallaxis ruficapilla,Synallaxis ruficapilla,Synallaxis ruficapilla,Synallaxis,Furnariidae,3,Medio
2143,Synallaxis ruficapilla,Synallaxis ruficapilla,Synallaxis ruficapilla,Synallaxis ruficapilla,Synallaxis ruficapilla,Synallaxis ruficapilla,Synallaxis ruficapilla,Synallaxis ruficapilla,Synallaxis ruficapilla,Synallaxis ruficapilla,Synallaxis ruficapilla,Synallaxis ruficapilla,Synallaxis,Furnariidae,3,Medio
2144,Synallaxis ruficapilla,Synallaxis ruficapilla,Synallaxis ruficapilla,Synallaxis ruficapilla,Synallaxis ruficapilla,Synallaxis ruficapilla,Synallaxis ruficapilla,Synallaxis ruficapilla,Synallaxis ruficapilla,Synallaxis ruficapilla,Synallaxis ruficapilla,Synallaxis ruficapilla,Synallaxis,Furnariidae,3,Medio
2145,Synallaxis ruficapilla,Synallaxis ruficapilla,Synallaxis ruficapilla,Synallaxis ruficapilla,Synallaxis ruficapilla,Synallaxis ruficapilla,Synallaxis ruficapilla,Synallaxis ruficapilla,Synallaxis ruficapilla,Synallaxis ruficapilla,Synallaxis ruficapilla,Synallaxis ruficapilla,Synallaxis,Furnariidae,3,Medio
2146,Synallaxis ruficapilla,Biatas nigropectus,Synallaxis ruficapilla,Synallaxis ruficapilla,Synallaxis ruficapilla,Biatas nigropectus,Biatas nigropectus,Habia rubica,Synallaxis ruficapilla,Synallaxis ruficapilla,Synallaxis ruficapilla,Biatas nigropectus,Synallaxis,Furnariidae,3,Medio
2148,Synallaxis ruficapilla,Synallaxis ruficapilla,Synallaxis ruficapilla,Synallaxis ruficapilla,Synallaxis ruficapilla,Synallaxis ruficapilla,Synallaxis ruficapilla,Synallaxis ruficapilla,Synallaxis ruficapilla,Synallaxis ruficapilla,Synallaxis ruficapilla,Synallaxis ruficapilla,Synallaxis,Furnariidae,3,Medio
2149,Synallaxis ruficapilla,Synallaxis ruficapilla,Synallaxis ruficapilla,Synallaxis ruficapilla,Synallaxis ruficapilla,Synallaxis ruficapilla,Synallaxis ruficapilla,Synallaxis ruficapilla,Synallaxis ruficapilla,Synallaxis ruficapilla,Synallaxis ruficapilla,Synallaxis ruficapilla,Synallaxis,Furnariidae,3,Medio
2150,Synallaxis ruficapilla,Biatas nigropectus,Biatas nigropectus,Biatas nigropectus,Biatas nigropectus,Biatas nigropectus,Synallaxis ruficapilla,Biatas nigropectus,Biatas nigropectus,Biatas nigropectus,Biatas nigropectus,Biatas nigropectus,Synallaxis,Furnariidae,3,Medio
2152,Synallaxis ruficapilla,Synallaxis ruficapilla,Synallaxis ruficapilla,Synallaxis ruficapilla,Synallaxis ruficapilla,Conopophaga lineata,Conopophaga lineata,Conopophaga lineata,Synallaxis ruficapilla,Synallaxis ruficapilla,Synallaxis ruficapilla,Synallaxis ruficapilla,Synallaxis,Furnariidae,3,Medio
2153,Synallaxis ruficapilla,Synallaxis ruficapilla,Synallaxis ruficapilla,Synallaxis ruficapilla,Synallaxis ruficapilla,Synallaxis ruficapilla,Synallaxis ruficapilla,Synallaxis ruficapilla,Synallaxis ruficapilla,Synallaxis ruficapilla,Synallaxis ruficapilla,Synallaxis ruficapilla,Synallaxis,Furnariidae,3,Medio
2154,Synallaxis ruficapilla,Synallaxis ruficapilla,Synallaxis ruficapilla,Synallaxis ruficapilla,Synallaxis ruficapilla,Synallaxis ruficapilla,Synallaxis ruficapilla,Synallaxis ruficapilla,Synallaxis ruficapilla,Synallaxis ruficapilla,Synallaxis ruficapilla,Synallaxis ruficapilla,Synallaxis,Furnariidae,3,Medio
2155,Synallaxis ruficapilla,Synallaxis ruficapilla,Synallaxis ruficapilla,Synallaxis ruficapilla,Synallaxis ruficapilla,Synallaxis ruficapilla,Synallaxis ruficapilla,Synallaxis ruficapilla,Synallaxis ruficapilla,Synallaxis ruficapilla,Synallaxis ruficapilla,Synallaxis ruficapilla,Synallaxis,Furnariidae,3,Medio
2156,Synallaxis ruficapilla,Synallaxis ruficapilla,Synallaxis ruficapilla,Synallaxis ruficapilla,Synallaxis ruficapilla,Alouatta guariba clamitans,Pyriglena leucoptera,Habia rubica,Synallaxis ruficapilla,Synallaxis ruficapilla,Synallaxis ruficapilla,Synallaxis ruficapilla,Synallaxis,Furnariidae,3,Medio
2157,Synallaxis ruficapilla,Synallaxis ruficapilla,Synallaxis ruficapilla,Synallaxis ruficapilla,Synallaxis ruficapilla,Synallaxis ruficapilla,Synallaxis ruficapilla,Synallaxis ruficapilla,Synallaxis ruficapilla,Synallaxis ruficapilla,Synallaxis ruficapilla,Synallaxis ruficapilla,Synallaxis,Furnariidae,3,Medio
2158,Synallaxis ruficapilla,Synallaxis ruficapilla,Synallaxis ruficapilla,Synallaxis ruficapilla,Synallaxis ruficapilla,Synallaxis ruficapilla,Synallaxis ruficapilla,Synallaxis ruficapilla,Synallaxis ruficapilla,Synallaxis ruficapilla,Synallaxis ruficapilla,Synallaxis ruficapilla,Synallaxis,Furnariidae,3,Medio
2159,Synallaxis ruficapilla,Synallaxis ruficapilla,Synallaxis ruficapilla,Synallaxis ruficapilla,Synallaxis ruficapilla,Synallaxis ruficapilla,Synallaxis ruficapilla,Synallaxis ruficapilla,Synallaxis ruficapilla,Synallaxis ruficapilla,Synallaxis ruficapilla,Synallaxis ruficapilla,Synallaxis,Furnariidae,3,Medio
2160,Synallaxis ruficapilla,Synallaxis ruficapilla,Synallaxis ruficapilla,Synallaxis ruficapilla,Synallaxis ruficapilla,Synallaxis ruficapilla,Synallaxis ruficapilla,Habia rubica,Synallaxis ruficapilla,Synallaxis ruficapilla,Synallaxis ruficapilla,Synallaxis ruficapilla,Synallaxis,Furnariidae,3,Medio
2161,Synallaxis ruficapilla,Synallaxis ruficapilla,Synallaxis ruficapilla,Synallaxis ruficapilla,Synallaxis ruficapilla,Synallaxis ruficapilla,Synallaxis ruficapilla,Synallaxis ruficapilla,Synallaxis ruficapilla,Synallaxis ruficapilla,Synallaxis ruficapilla,Synallaxis ruficapilla,Synallaxis,Furnariidae,3,Medio
2162,Synallaxis ruficapilla,Synallaxis ruficapilla,Synallaxis ruficapilla,Synallaxis ruficapilla,Synallaxis ruficapilla,Synallaxis ruficapilla,Synallaxis ruficapilla,Synallaxis ruficapilla,Synallaxis ruficapilla,Synallaxis ruficapilla,Synallaxis ruficapilla,Synallaxis ruficapilla,Synallaxis,Furnariidae,3,Medio
2163,Synallaxis ruficapilla,Synallaxis ruficapilla,Synallaxis ruficapilla,Synallaxis ruficapilla,Synallaxis ruficapilla,Synallaxis ruficapilla,Synallaxis ruficapilla,Synallaxis ruficapilla,Synallaxis ruficapilla,Synallaxis ruficapilla,Synallaxis ruficapilla,Synallaxis ruficapilla,Synallaxis,Furnariidae,3,Medio
2166,Cryptopezus nattereri,Cryptopezus nattereri,Cryptopezus nattereri,Cryptopezus nattereri,Cryptopezus nattereri,Cryptopezus nattereri,Cryptopezus nattereri,Cryptopezus nattereri,Cryptopezus nattereri,Cryptopezus nattereri,Cryptopezus nattereri,Cryptopezus nattereri,Cryptopezus,Grallariidae,5,Crítico
2168,Cryptopezus nattereri,Cryptopezus nattereri,Cryptopezus nattereri,Cryptopezus nattereri,Cryptopezus nattereri,Cryptopezus nattereri,Chamaeza campanisona,Cryptopezus nattereri,Cryptopezus nattereri,Cryptopezus nattereri,Cryptopezus nattereri,Cryptopezus nattereri,Cryptopezus,Grallariidae,5,Crítico
2169,Cryptopezus nattereri,Cryptopezus nattereri,Cryptopezus nattereri,Cryptopezus nattereri,Cryptopezus nattereri,Cryptopezus nattereri,Chamaeza campanisona,Cryptopezus nattereri,Cryptopezus nattereri,Cryptopezus nattereri,Cryptopezus nattereri,Cryptopezus nattereri,Cryptopezus,Grallariidae,5,Crítico
2170,Cryptopezus nattereri,Cryptopezus nattereri,Cryptopezus nattereri,Cryptopezus nattereri,Chamaeza campanisona,Chamaeza campanisona,Chamaeza campanisona,Chamaeza campanisona,Cryptopezus nattereri,Cryptopezus nattereri,Cryptopezus nattereri,Cryptopezus nattereri,Cryptopezus,Grallariidae,5,Crítico
2171,Grallaria varia,Grallaria varia,Grallaria varia,Grallaria varia,Cryptopezus nattereri,Grallaria varia,Chamaeza campanisona,Nothura maculosa,Grallaria varia,Grallaria varia,Grallaria varia,Grallaria varia,Grallaria,Grallariidae,3,Medio
2172,Grallaria varia,Conopophaga lineata vulgaris,Conopophaga lineata vulgaris,Conopophaga lineata,Conopophaga lineata,Chamaeza campanisona,Conopophaga lineata,Turdus albicollis,Conopophaga lineata vulgaris,Conopophaga lineata vulgaris,Conopophaga lineata vulgaris,Conopophaga lineata vulgaris,Grallaria,Grallariidae,3,Medio
2173,Grallaria varia,Mackenziaena severa,Mackenziaena severa,Mackenziaena severa,Mackenziaena severa,Leopardus wiedii,Nyctidromus albicollis,Conopophaga lineata,Mackenziaena severa,Mackenziaena severa,Mackenziaena severa,Mackenziaena severa,Grallaria,Grallariidae,3,Medio
2174,Grallaria varia,Eira barbara,Leptotila verreauxi,Aramides saracura,Aramides saracura,Eira barbara,Eira barbara,Chamaeza campanisona,Leptotila verreauxi,Leptotila verreauxi,Leptotila verreauxi,Eira barbara,Grallaria,Grallariidae,3,Medio
2177,Grallaria varia,Grallaria varia,Grallaria varia,Grallaria varia,Grallaria varia,Grallaria varia,Crypturellus tataupa,Baryphthengus ruficapillus,Grallaria varia,Grallaria varia,Grallaria varia,Grallaria varia,Grallaria,Grallariidae,3,Medio
2178,Grallaria varia,Grallaria varia,Grallaria varia,Grallaria varia,Cryptopezus nattereri,Grallaria varia,Chamaeza campanisona,Penelope superciliaris,Grallaria varia,Grallaria varia,Grallaria varia,Grallaria varia,Grallaria,Grallariidae,3,Medio
2180,Grallaria varia,Grallaria varia,Grallaria varia,Grallaria varia,Cryptopezus nattereri,Grallaria varia,Chamaeza campanisona,Penelope superciliaris,Grallaria varia,Grallaria varia,Grallaria varia,Grallaria varia,Grallaria,Grallariidae,3,Medio
2181,Grallaria varia,Grallaria varia,Grallaria varia,Cryptopezus nattereri,Grallaria varia,Grallaria varia,Chamaeza campanisona,Grallaria varia,Grallaria varia,Grallaria varia,Grallaria varia,Grallaria varia,Grallaria,Grallariidae,3,Medio
2182,Grallaria varia,Grallaria varia,Grallaria varia,Grallaria varia,Grallaria varia,Grallaria varia,Mackenziaena severa,Aramides saracura,Grallaria varia,Grallaria varia,Grallaria varia,Grallaria varia,Grallaria,Grallariidae,3,Medio
2183,Grallaria varia,Grallaria varia,Mackenziaena severa,Grallaria varia,Grallaria varia,Mackenziaena severa,Tachyphonus coronatus,Mackenziaena severa,Mackenziaena severa,Mackenziaena severa,Mackenziaena severa,Grallaria varia,Grallaria,Grallariidae,3,Medio
2184,Grallaria varia,Grallaria varia,Grallaria varia,Grallaria varia,Cryptopezus nattereri,Grallaria varia,Chamaeza campanisona,Grallaria varia,Grallaria varia,Grallaria varia,Grallaria varia,Grallaria varia,Grallaria,Grallariidae,3,Medio
2185,Grallaria varia,Grallaria varia,Grallaria varia,Grallaria varia,Grallaria varia,Grallaria varia,Chamaeza campanisona,Chamaeza campanisona,Grallaria varia,Grallaria varia,Grallaria varia,Grallaria varia,Grallaria,Grallariidae,3,Medio
2186,Grallaria varia,Grallaria varia,Grallaria varia,Grallaria varia,Grallaria varia,Grallaria varia,Turdus rufiventris,Hydropsalis torquata,Grallaria varia,Grallaria varia,Grallaria varia,Grallaria varia,Grallaria,Grallariidae,3,Medio
2187,Grallaria varia,Grallaria varia,Hypoedaleus guttatus,Hypoedaleus guttatus,Grallaria varia,Hypoedaleus guttatus,Hypoedaleus guttatus,Hypoedaleus guttatus,Hypoedaleus guttatus,Hypoedaleus guttatus,Hypoedaleus guttatus,Grallaria varia,Grallaria,Grallariidae,3,Medio
2188,Grallaria varia,Grallaria varia,Grallaria varia,Grallaria varia,Grallaria varia,Grallaria varia,Chamaeza campanisona,Hydropsalis torquata,Grallaria varia,Grallaria varia,Grallaria varia,Grallaria varia,Grallaria,Grallariidae,3,Medio
2189,Grallaria varia,Grallaria varia,Grallaria varia,Grallaria varia,Grallaria varia,Turdus rufiventris,Turdus rufiventris,Grallaria varia,Grallaria varia,Grallaria varia,Grallaria varia,Grallaria varia,Grallaria,Grallariidae,3,Medio
2190,Lepus europaeus,Lepus europaeus,Lepus europaeus,Lepus europaeus,Lepus europaeus,Lepus europaeus,Lepus europaeus,Lepus europaeus,Lepus europaeus,Lepus europaeus,Lepus europaeus,Lepus europaeus,Lepus,Leporidae,0,Exótica/Invasora
2191,Lepus europaeus,Lepus europaeus,Lepus europaeus,Lepus europaeus,Lepus europaeus,Lepus europaeus,Lepus europaeus,Lepus europaeus,Lepus europaeus,Lepus europaeus,Lepus europaeus,Lepus europaeus,Lepus,Leporidae,0,Exótica/Invasora
2193,Lepus europaeus,Lepus europaeus,Lepus europaeus,Lepus europaeus,Lepus europaeus,Lepus europaeus,Lepus europaeus,Lepus europaeus,Lepus europaeus,Lepus europaeus,Lepus europaeus,Lepus europaeus,Lepus,Leporidae,0,Exótica/Invasora
2195,Lepus europaeus,Sporophila pileata,Nothura maculosa,Galictis cuja,Galictis cuja,Sporophila pileata,Galictis cuja,Sporophila pileata,Nothura maculosa,Nothura maculosa,Nothura maculosa,Sporophila pileata,Lepus,Leporidae,0,Exótica/Invasora
2197,Lepus europaeus,Lepus europaeus,Lepus europaeus,Lepus europaeus,Lepus europaeus,Lepus europaeus,Lepus europaeus,Lepus europaeus,Lepus europaeus,Lepus europaeus,Lepus europaeus,Lepus europaeus,Lepus,Leporidae,0,Exótica/Invasora
2198,Lepus europaeus,Lepus europaeus,Lepus europaeus,Lepus europaeus,Lepus europaeus,Lepus europaeus,Lepus europaeus,Lepus europaeus,Lepus europaeus,Lepus europaeus,Lepus europaeus,Lepus europaeus,Lepus,Leporidae,0,Exótica/Invasora
2199,Lepus europaeus,Lepus europaeus,Lepus europaeus,Lepus europaeus,Lepus europaeus,Lepus europaeus,Lepus europaeus,Lepus europaeus,Lepus europaeus,Lepus europaeus,Lepus europaeus,Lepus europaeus,Lepus,Leporidae,0,Exótica/Invasora
2200,Lepus europaeus,Lepus europaeus,Lepus europaeus,Lepus europaeus,Lepus europaeus,Lepus europaeus,Lepus europaeus,Lepus europaeus,Lepus europaeus,Lepus europaeus,Lepus europaeus,Lepus europaeus,Lepus,Leporidae,0,Exótica/Invasora
2201,Lepus europaeus,Lepus europaeus,Lepus europaeus,Lepus europaeus,Lepus europaeus,Lepus europaeus,Lepus europaeus,Lepus europaeus,Lepus europaeus,Lepus europaeus,Lepus europaeus,Lepus europaeus,Lepus,Leporidae,0,Exótica/Invasora
2202,Lepus europaeus,Lepus europaeus,Galictis cuja,Lepus europaeus,Lepus europaeus,Lepus europaeus,Lepus europaeus,Lepus europaeus,Galictis cuja,Galictis cuja,Galictis cuja,Lepus europaeus,Lepus,Leporidae,0,Exótica/Invasora
2203,Lepus europaeus,Lepus europaeus,Lepus europaeus,Lepus europaeus,Lepus europaeus,Lepus europaeus,Lepus europaeus,Lepus europaeus,Lepus europaeus,Lepus europaeus,Lepus europaeus,Lepus europaeus,Lepus,Leporidae,0,Exótica/Invasora
2204,Lepus europaeus,Lepus europaeus,Sylvilagus brasiliensis,Sylvilagus brasiliensis,Lepus europaeus,Lepus europaeus,Lepus europaeus,Lepus europaeus,Sylvilagus brasiliensis,Sylvilagus brasiliensis,Sylvilagus brasiliensis,Lepus europaeus,Lepus,Leporidae,0,Exótica/Invasora
2205,Lepus europaeus,Lepus europaeus,Lepus europaeus,Lepus europaeus,Lepus europaeus,Lepus europaeus,Lepus europaeus,Cerdocyon thous,Lepus europaeus,Lepus europaeus,Lepus europaeus,Lepus europaeus,Lepus,Leporidae,0,Exótica/Invasora
2206,Lepus europaeus,Lepus europaeus,Lepus europaeus,Lepus europaeus,Lepus europaeus,Lepus europaeus,Lepus europaeus,Lepus europaeus,Lepus europaeus,Lepus europaeus,Lepus europaeus,Lepus europaeus,Lepus,Leporidae,0,Exótica/Invasora
2208,Lepus europaeus,Lepus europaeus,Lepus europaeus,Lepus europaeus,Lepus europaeus,Lepus europaeus,Lepus europaeus,Lepus europaeus,Lepus europaeus,Lepus europaeus,Lepus europaeus,Lepus europaeus,Lepus,Leporidae,0,Exótica/Invasora
2210,Lepus europaeus,Lepus europaeus,Lepus europaeus,Sylvilagus brasiliensis,Sylvilagus brasiliensis,Lepus europaeus,Lepus europaeus,Lepus europaeus,Lepus europaeus,Lepus europaeus,Lepus europaeus,Lepus europaeus,Lepus,Leporidae,0,Exótica/Invasora
2211,Lepus europaeus,Lycalopex gymnocerca,Lycalopex gymnocerca,Lycalopex gymnocerca,Lycalopex gymnocerca,Lycalopex gymnocerca,Lycalopex gymnocerca,Cerdocyon thous,Lycalopex gymnocerca,Lycalopex gymnocerca,Lycalopex gymnocerca,Lycalopex gymnocerca,Lepus,Leporidae,0,Exótica/Invasora
2213,Lepus europaeus,Canis familiaris,Galictis cuja,Aramides saracura,Galictis cuja,Aramides saracura,Lontra longicaudis,Leopardus guttulus,Galictis cuja,Galictis cuja,Galictis cuja,Canis familiaris,Lepus,Leporidae,0,Exótica/Invasora
2214,Lepus europaeus,Lepus europaeus,Canis familiaris,Canis familiaris,Lepus europaeus,Lepus europaeus,Lepus europaeus,Lepus europaeus,Canis familiaris,Canis familiaris,Canis familiaris,Lepus europaeus,Lepus,Leporidae,0,Exótica/Invasora
2215,Lepus europaeus,Lepus europaeus,Lepus europaeus,Lepus europaeus,Lepus europaeus,Lepus europaeus,Lepus europaeus,Lepus europaeus,Lepus europaeus,Lepus europaeus,Lepus europaeus,Lepus europaeus,Lepus,Leporidae,0,Exótica/Invasora
2216,Lepus europaeus,Lepus europaeus,Lepus europaeus,Lepus europaeus,Lepus europaeus,Lepus europaeus,Lepus europaeus,Lepus europaeus,Lepus europaeus,Lepus europaeus,Lepus europaeus,Lepus europaeus,Lepus,Leporidae,0,Exótica/Invasora
2217,Lepus europaeus,Lepus europaeus,Lepus europaeus,Lepus europaeus,Lepus europaeus,Lepus europaeus,Lepus europaeus,Lepus europaeus,Lepus europaeus,Lepus europaeus,Lepus europaeus,Lepus europaeus,Lepus,Leporidae,0,Exótica/Invasora
2218,Lepus europaeus,Dasyprocta azarae,Dasyprocta azarae,Lycalopex gymnocerca,Lycalopex gymnocerca,Dasyprocta azarae,Dasyprocta azarae,Dasyprocta azarae,Dasyprocta azarae,Dasyprocta azarae,Dasyprocta azarae,Dasyprocta azarae,Lepus,Leporidae,0,Exótica/Invasora
2219,Lepus europaeus,Lepus europaeus,Sylvilagus brasiliensis,Sylvilagus brasiliensis,Sylvilagus brasiliensis,Lepus europaeus,Lepus europaeus,Lepus europaeus,Sylvilagus brasiliensis,Sylvilagus brasiliensis,Sylvilagus brasiliensis,Lepus europaeus,Lepus,Leporidae,0,Exótica/Invasora
2220,Lepus europaeus,Lepus europaeus,Lepus europaeus,Sylvilagus brasiliensis,Sylvilagus brasiliensis,Lepus europaeus,Lepus europaeus,Lepus europaeus,Lepus europaeus,Lepus europaeus,Lepus europaeus,Lepus europaeus,Lepus,Leporidae,0,Exótica/Invasora
2221,Lepus europaeus,Lepus europaeus,Lepus europaeus,Lepus europaeus,Sylvilagus brasiliensis,Lepus europaeus,Lepus europaeus,Lepus europaeus,Lepus europaeus,Lepus europaeus,Lepus europaeus,Lepus europaeus,Lepus,Leporidae,0,Exótica/Invasora
2222,Lepus europaeus,Lepus europaeus,Lepus europaeus,Axis axis,Axis axis,Lepus europaeus,Lepus europaeus,Hydrochoerus hydrochaeris,Lepus europaeus,Lepus europaeus,Lepus europaeus,Axis axis,Lepus,Leporidae,0,Exótica/Invasora
2223,Lepus europaeus,Lepus europaeus,Lepus europaeus,Lepus europaeus,Lepus europaeus,Lepus europaeus,Lepus europaeus,Lepus europaeus,Lepus europaeus,Lepus europaeus,Lepus europaeus,Lepus europaeus,Lepus,Leporidae,0,Exótica/Invasora
2224,Lepus europaeus,Lepus europaeus,Lepus europaeus,Lepus europaeus,Lepus europaeus,Lepus europaeus,Lepus europaeus,Lepus europaeus,Lepus europaeus,Lepus europaeus,Lepus europaeus,Lepus europaeus,Lepus,Leporidae,0,Exótica/Invasora
2225,Lepus europaeus,Lepus europaeus,Lepus europaeus,Lepus europaeus,Lepus europaeus,Lepus europaeus,Lepus europaeus,Lepus europaeus,Lepus europaeus,Lepus europaeus,Lepus europaeus,Lepus europaeus,Lepus,Leporidae,0,Exótica/Invasora
2227,Lepus europaeus,Galictis cuja,Hydrochoerus hydrochaeris,Galictis cuja,Dasyprocta azarae,Galictis cuja,Galictis cuja,Dasyprocta azarae,Hydrochoerus hydrochaeris,Hydrochoerus hydrochaeris,Hydrochoerus hydrochaeris,Herpailurus yagouaroundi,Lepus,Leporidae,0,Exótica/Invasora
2228,Lepus europaeus,Lepus europaeus,Lepus europaeus,Lepus europaeus,Lepus europaeus,Lepus europaeus,Lepus europaeus,Lepus europaeus,Lepus europaeus,Lepus europaeus,Lepus europaeus,Lepus europaeus,Lepus,Leporidae,0,Exótica/Invasora
2229,Lepus europaeus,Lepus europaeus,Lepus europaeus,Lepus europaeus,Lepus europaeus,Lepus europaeus,Lepus europaeus,Lepus europaeus,Lepus europaeus,Lepus europaeus,Lepus europaeus,Lepus europaeus,Lepus,Leporidae,0,Exótica/Invasora
2230,Lepus europaeus,Lepus europaeus,Lepus europaeus,Lepus europaeus,Lepus europaeus,Lepus europaeus,Lepus europaeus,Lepus europaeus,Lepus europaeus,Lepus europaeus,Lepus europaeus,Lepus europaeus,Lepus,Leporidae,0,Exótica/Invasora
2232,Lepus europaeus,Lepus europaeus,Lepus europaeus,Lepus europaeus,Lepus europaeus,Lepus europaeus,Lepus europaeus,Lepus europaeus,Lepus europaeus,Lepus europaeus,Lepus europaeus,Lepus europaeus,Lepus,Leporidae,0,Exótica/Invasora
2233,Lepus europaeus,Lepus europaeus,Lepus europaeus,Lepus europaeus,Lepus europaeus,Lepus europaeus,Lepus europaeus,Lepus europaeus,Lepus europaeus,Lepus europaeus,Lepus europaeus,Lepus europaeus,Lepus,Leporidae,0,Exótica/Invasora
2234,Lepus europaeus,Lepus europaeus,Sylvilagus brasiliensis,Dasyprocta azarae,Lepus europaeus,Lepus europaeus,Lepus europaeus,Lepus europaeus,Sylvilagus brasiliensis,Sylvilagus brasiliensis,Sylvilagus brasiliensis,Lepus europaeus,Lepus,Leporidae,0,Exótica/Invasora
2235,Lepus europaeus,Lepus europaeus,Lepus europaeus,Lepus europaeus,Lepus europaeus,Lepus europaeus,Lepus europaeus,Lepus europaeus,Lepus europaeus,Lepus europaeus,Lepus europaeus,Lepus europaeus,Lepus,Leporidae,0,Exótica/Invasora
2237,Lepus europaeus,Lepus europaeus,Lepus europaeus,Lepus europaeus,Lepus europaeus,Lepus europaeus,Lepus europaeus,Lepus europaeus,Lepus europaeus,Lepus europaeus,Lepus europaeus,Lepus europaeus,Lepus,Leporidae,0,Exótica/Invasora
2238,Lepus europaeus,Lepus europaeus,Lepus europaeus,Lepus europaeus,Lepus europaeus,Lepus europaeus,Lepus europaeus,Lepus europaeus,Lepus europaeus,Lepus europaeus,Lepus europaeus,Lepus europaeus,Lepus,Leporidae,0,Exótica/Invasora
2239,Lepus europaeus,Lepus europaeus,Lepus europaeus,Lepus europaeus,Lepus europaeus,Lepus europaeus,Lepus europaeus,Lepus europaeus,Lepus europaeus,Lepus europaeus,Lepus europaeus,Lepus europaeus,Lepus,Leporidae,0,Exótica/Invasora
2241,Lepus europaeus,Lepus europaeus,Lepus europaeus,Lepus europaeus,Lepus europaeus,Lepus europaeus,Lepus europaeus,Lepus europaeus,Lepus europaeus,Lepus europaeus,Lepus europaeus,Lepus europaeus,Lepus,Leporidae,0,Exótica/Invasora
2243,Lepus europaeus,Lepus europaeus,Herpailurus yagouaroundi,Galictis cuja,Galictis cuja,Lepus europaeus,Lepus europaeus,Lepus europaeus,Herpailurus yagouaroundi,Herpailurus yagouaroundi,Herpailurus yagouaroundi,Lepus europaeus,Lepus,Leporidae,0,Exótica/Invasora
2244,Lepus europaeus,Sylvilagus brasiliensis,Lepus europaeus,Cerdocyon thous,Cerdocyon thous,Lepus europaeus,Cerdocyon thous,Lepus europaeus,Lepus europaeus,Lepus europaeus,Lepus europaeus,Sylvilagus brasiliensis,Lepus,Leporidae,0,Exótica/Invasora
2245,Lepus europaeus,Lepus europaeus,Lepus europaeus,Lepus europaeus,Lepus europaeus,Lepus europaeus,Lepus europaeus,Lepus europaeus,Lepus europaeus,Lepus europaeus,Lepus europaeus,Lepus europaeus,Lepus,Leporidae,0,Exótica/Invasora
2246,Lepus europaeus,Lepus europaeus,Lepus europaeus,Lepus europaeus,Lepus europaeus,Lepus europaeus,Lepus europaeus,Lepus europaeus,Lepus europaeus,Lepus europaeus,Lepus europaeus,Lepus europaeus,Lepus,Leporidae,0,Exótica/Invasora
2247,Lepus europaeus,Lepus europaeus,Lepus europaeus,Lepus europaeus,Lepus europaeus,Lepus europaeus,Lepus europaeus,Lepus europaeus,Lepus europaeus,Lepus europaeus,Lepus europaeus,Lepus europaeus,Lepus,Leporidae,0,Exótica/Invasora
2248,Lepus europaeus,Lepus europaeus,Sylvilagus brasiliensis,Lepus europaeus,Lepus europaeus,Lepus europaeus,Lepus europaeus,Lepus europaeus,Sylvilagus brasiliensis,Sylvilagus brasiliensis,Sylvilagus brasiliensis,Lepus europaeus,Lepus,Leporidae,0,Exótica/Invasora
2249,Lepus europaeus,Lepus europaeus,Lepus europaeus,Lepus europaeus,Lepus europaeus,Lepus europaeus,Lepus europaeus,Lepus europaeus,Lepus europaeus,Lepus europaeus,Lepus europaeus,Lepus europaeus,Lepus,Leporidae,0,Exótica/Invasora
2251,Lepus europaeus,Lepus europaeus,Lepus europaeus,Lepus europaeus,Lepus europaeus,Lepus europaeus,Lepus europaeus,Lepus europaeus,Lepus europaeus,Lepus europaeus,Lepus europaeus,Lepus europaeus,Lepus,Leporidae,0,Exótica/Invasora
2252,Lepus europaeus,Lepus europaeus,Lepus europaeus,Lepus europaeus,Lepus europaeus,Lepus europaeus,Lepus europaeus,Lepus europaeus,Lepus europaeus,Lepus europaeus,Lepus europaeus,Lepus europaeus,Lepus,Leporidae,0,Exótica/Invasora
2253,Lepus europaeus,Galictis cuja,Nasua nasua,Galictis cuja,Galictis cuja,Alouatta guariba clamitans,Galictis cuja,Leopardus guttulus,Nasua nasua,Nasua nasua,Nasua nasua,Galictis cuja,Lepus,Leporidae,0,Exótica/Invasora
2254,Lepus europaeus,Lepus europaeus,Sylvilagus brasiliensis,Lepus europaeus,Lepus europaeus,Lepus europaeus,Lepus europaeus,Lepus europaeus,Sylvilagus brasiliensis,Sylvilagus brasiliensis,Sylvilagus brasiliensis,Lepus europaeus,Lepus,Leporidae,0,Exótica/Invasora
2256,Sylvilagus brasiliensis,Sylvilagus brasiliensis,Sylvilagus brasiliensis,Sylvilagus brasiliensis,Sylvilagus brasiliensis,Sylvilagus brasiliensis,Sylvilagus brasiliensis,Lepus europaeus,Sylvilagus brasiliensis,Sylvilagus brasiliensis,Sylvilagus brasiliensis,Sylvilagus brasiliensis,Sylvilagus,Leporidae,1,Bajo
2257,Sylvilagus brasiliensis,Odontophorus capueira,Sylvilagus brasiliensis,Dasyprocta azarae,Odontophorus capueira,Sylvilagus brasiliensis,Sylvilagus brasiliensis,Baryphthengus ruficapillus,Sylvilagus brasiliensis,Sylvilagus brasiliensis,Sylvilagus brasiliensis,Odontophorus capueira,Sylvilagus,Leporidae,1,Bajo
2258,Sylvilagus brasiliensis,Lepus europaeus,Dasyprocta azarae,Dasyprocta azarae,Lepus europaeus,Lepus europaeus,Lepus europaeus,Lepus europaeus,Dasyprocta azarae,Dasyprocta azarae,Dasyprocta azarae,Lepus europaeus,Sylvilagus,Leporidae,1,Bajo
2259,Sylvilagus brasiliensis,Sylvilagus brasiliensis,Sylvilagus brasiliensis,Sylvilagus brasiliensis,Sylvilagus brasiliensis,Sylvilagus brasiliensis,Sylvilagus brasiliensis,Sylvilagus brasiliensis,Sylvilagus brasiliensis,Sylvilagus brasiliensis,Sylvilagus brasiliensis,Sylvilagus brasiliensis,Sylvilagus,Leporidae,1,Bajo
2261,Sylvilagus brasiliensis,Sylvilagus brasiliensis,Sylvilagus brasiliensis,Sylvilagus brasiliensis,Sylvilagus brasiliensis,Sylvilagus brasiliensis,Sylvilagus brasiliensis,Sylvilagus brasiliensis,Sylvilagus brasiliensis,Sylvilagus brasiliensis,Sylvilagus brasiliensis,Sylvilagus brasiliensis,Sylvilagus,Leporidae,1,Bajo
2264,Sylvilagus brasiliensis,Sylvilagus brasiliensis,Sylvilagus brasiliensis,Sylvilagus brasiliensis,Sylvilagus brasiliensis,Sylvilagus brasiliensis,Sylvilagus brasiliensis,Lycalopex gymnocerca,Sylvilagus brasiliensis,Sylvilagus brasiliensis,Sylvilagus brasiliensis,Sylvilagus brasiliensis,Sylvilagus,Leporidae,1,Bajo
2266,Sylvilagus brasiliensis,Sylvilagus brasiliensis,Sylvilagus brasiliensis,Sylvilagus brasiliensis,Sylvilagus brasiliensis,Sylvilagus brasiliensis,Sylvilagus brasiliensis,Sylvilagus brasiliensis,Sylvilagus brasiliensis,Sylvilagus brasiliensis,Sylvilagus brasiliensis,Sylvilagus brasiliensis,Sylvilagus,Leporidae,1,Bajo
2267,Sylvilagus brasiliensis,Sylvilagus brasiliensis,Sylvilagus brasiliensis,Sylvilagus brasiliensis,Sylvilagus brasiliensis,Sylvilagus brasiliensis,Sylvilagus brasiliensis,Sylvilagus brasiliensis,Sylvilagus brasiliensis,Sylvilagus brasiliensis,Sylvilagus brasiliensis,Sylvilagus brasiliensis,Sylvilagus,Leporidae,1,Bajo
2268,Sylvilagus brasiliensis,Sylvilagus brasiliensis,Sylvilagus brasiliensis,Sylvilagus brasiliensis,Sylvilagus brasiliensis,Sylvilagus brasiliensis,Sylvilagus brasiliensis,Lepus europaeus,Sylvilagus brasiliensis,Sylvilagus brasiliensis,Sylvilagus brasiliensis,Sylvilagus brasiliensis,Sylvilagus,Leporidae,1,Bajo
2269,Sylvilagus brasiliensis,Lepus europaeus,Cerdocyon thous,Cerdocyon thous,Sylvilagus brasiliensis,Lepus europaeus,Lepus europaeus,Lepus europaeus,Cerdocyon thous,Cerdocyon thous,Cerdocyon thous,Lepus europaeus,Sylvilagus,Leporidae,1,Bajo
2270,Sylvilagus brasiliensis,Sylvilagus brasiliensis,Sylvilagus brasiliensis,Sylvilagus brasiliensis,Sylvilagus brasiliensis,Sylvilagus brasiliensis,Sylvilagus brasiliensis,Sylvilagus brasiliensis,Sylvilagus brasiliensis,Sylvilagus brasiliensis,Sylvilagus brasiliensis,Sylvilagus brasiliensis,Sylvilagus,Leporidae,1,Bajo
2271,Sylvilagus brasiliensis,Cuniculus paca,Cabassous tatouay,Aramides saracura,Aramides saracura,Cuniculus paca,Lepus europaeus,Dasypus novemcinctus,Cabassous tatouay,Cabassous tatouay,Cabassous tatouay,Cuniculus paca,Sylvilagus,Leporidae,1,Bajo
2272,Sylvilagus brasiliensis,Lepus europaeus,Sylvilagus brasiliensis,Cerdocyon thous,Sylvilagus brasiliensis,Sylvilagus brasiliensis,Sylvilagus brasiliensis,Sylvilagus brasiliensis,Sylvilagus brasiliensis,Sylvilagus brasiliensis,Sylvilagus brasiliensis,Lepus europaeus,Sylvilagus,Leporidae,1,Bajo
2273,Sylvilagus brasiliensis,Sylvilagus brasiliensis,Sylvilagus brasiliensis,Sylvilagus brasiliensis,Sylvilagus brasiliensis,Sylvilagus brasiliensis,Sylvilagus brasiliensis,Sylvilagus brasiliensis,Sylvilagus brasiliensis,Sylvilagus brasiliensis,Sylvilagus brasiliensis,Sylvilagus brasiliensis,Sylvilagus,Leporidae,1,Bajo
2274,Sylvilagus brasiliensis,Sylvilagus brasiliensis,Sylvilagus brasiliensis,Sylvilagus brasiliensis,Sylvilagus brasiliensis,Sylvilagus brasiliensis,Sylvilagus brasiliensis,Sylvilagus brasiliensis,Sylvilagus brasiliensis,Sylvilagus brasiliensis,Sylvilagus brasiliensis,Sylvilagus brasiliensis,Sylvilagus,Leporidae,1,Bajo
2276,Sylvilagus brasiliensis,Lepus europaeus,Cerdocyon thous,Sylvilagus brasiliensis,Sylvilagus brasiliensis,Lepus europaeus,Lepus europaeus,Lepus europaeus,Cerdocyon thous,Cerdocyon thous,Cerdocyon thous,Lepus europaeus,Sylvilagus,Leporidae,1,Bajo
2277,Sylvilagus brasiliensis,Didelphis albiventris,Nasua nasua,Didelphis albiventris,Nasua nasua,Nasua nasua,Galictis cuja,Didelphis albiventris,Nasua nasua,Nasua nasua,Nasua nasua,Nasua nasua,Sylvilagus,Leporidae,1,Bajo
2279,Sylvilagus brasiliensis,Lepus europaeus,Lepus europaeus,Lepus europaeus,Lepus europaeus,Lepus europaeus,Lepus europaeus,Lepus europaeus,Lepus europaeus,Lepus europaeus,Lepus europaeus,Lepus europaeus,Sylvilagus,Leporidae,1,Bajo
2281,Sylvilagus brasiliensis,Sylvilagus brasiliensis,Sylvilagus brasiliensis,Sylvilagus brasiliensis,Sylvilagus brasiliensis,Sylvilagus brasiliensis,Sylvilagus brasiliensis,Sylvilagus brasiliensis,Sylvilagus brasiliensis,Sylvilagus brasiliensis,Sylvilagus brasiliensis,Sylvilagus brasiliensis,Sylvilagus,Leporidae,1,Bajo
2283,Sylvilagus brasiliensis,Sylvilagus brasiliensis,Sylvilagus brasiliensis,Sylvilagus brasiliensis,Sylvilagus brasiliensis,Sylvilagus brasiliensis,Sylvilagus brasiliensis,Sylvilagus brasiliensis,Sylvilagus brasiliensis,Sylvilagus brasiliensis,Sylvilagus brasiliensis,Sylvilagus brasiliensis,Sylvilagus,Leporidae,1,Bajo
2284,Sylvilagus brasiliensis,Sylvilagus brasiliensis,Galictis cuja,Cuniculus paca,Sylvilagus brasiliensis,Sylvilagus brasiliensis,Lepus europaeus,Dasypus novemcinctus,Galictis cuja,Galictis cuja,Galictis cuja,Sylvilagus brasiliensis,Sylvilagus,Leporidae,1,Bajo
2285,Sylvilagus brasiliensis,Sylvilagus brasiliensis,Sylvilagus brasiliensis,Sylvilagus brasiliensis,Sylvilagus brasiliensis,Sylvilagus brasiliensis,Sylvilagus brasiliensis,Sylvilagus brasiliensis,Sylvilagus brasiliensis,Sylvilagus brasiliensis,Sylvilagus brasiliensis,Sylvilagus brasiliensis,Sylvilagus,Leporidae,1,Bajo
2287,Sylvilagus brasiliensis,Lepus europaeus,Sylvilagus brasiliensis,Sylvilagus brasiliensis,Sylvilagus brasiliensis,Sylvilagus brasiliensis,Lepus europaeus,Lepus europaeus,Sylvilagus brasiliensis,Sylvilagus brasiliensis,Sylvilagus brasiliensis,Sylvilagus brasiliensis,Sylvilagus,Leporidae,1,Bajo
2288,Sylvilagus brasiliensis,Sylvilagus brasiliensis,Sylvilagus brasiliensis,Sylvilagus brasiliensis,Sylvilagus brasiliensis,Sylvilagus brasiliensis,Sylvilagus brasiliensis,Sylvilagus brasiliensis,Sylvilagus brasiliensis,Sylvilagus brasiliensis,Sylvilagus brasiliensis,Sylvilagus brasiliensis,Sylvilagus,Leporidae,1,Bajo
2289,Sylvilagus brasiliensis,Sylvilagus brasiliensis,Sylvilagus brasiliensis,Sylvilagus brasiliensis,Sylvilagus brasiliensis,Sylvilagus brasiliensis,Sylvilagus brasiliensis,Lepus europaeus,Sylvilagus brasiliensis,Sylvilagus brasiliensis,Sylvilagus brasiliensis,Sylvilagus brasiliensis,Sylvilagus,Leporidae,1,Bajo
2290,Sylvilagus brasiliensis,Lepus europaeus,Lepus europaeus,Dasyprocta azarae,Sylvilagus brasiliensis,Lepus europaeus,Lepus europaeus,Lepus europaeus,Lepus europaeus,Lepus europaeus,Lepus europaeus,Lepus europaeus,Sylvilagus,Leporidae,1,Bajo
2291,Sylvilagus brasiliensis,Sylvilagus brasiliensis,Lepus europaeus,Lepus europaeus,Sylvilagus brasiliensis,Sylvilagus brasiliensis,Sylvilagus brasiliensis,Lepus europaeus,Lepus europaeus,Lepus europaeus,Lepus europaeus,Sylvilagus brasiliensis,Sylvilagus,Leporidae,1,Bajo
2292,Sylvilagus brasiliensis,Didelphis albiventris,Galictis cuja,Galictis cuja,Galictis cuja,Hydropsalis torquata,Galictis cuja,Tamandua tetradactyla,Galictis cuja,Galictis cuja,Galictis cuja,Didelphis albiventris,Sylvilagus,Leporidae,1,Bajo
2293,Sylvilagus brasiliensis,Sylvilagus brasiliensis,Sylvilagus brasiliensis,Sylvilagus brasiliensis,Sylvilagus brasiliensis,Sylvilagus brasiliensis,Sylvilagus brasiliensis,Sylvilagus brasiliensis,Sylvilagus brasiliensis,Sylvilagus brasiliensis,Sylvilagus brasiliensis,Sylvilagus brasiliensis,Sylvilagus,Leporidae,1,Bajo
2294,Sylvilagus brasiliensis,Cuniculus paca,Eira barbara,Eira barbara,Eira barbara,Didelphis aurita,Nyctidromus albicollis,Cuniculus paca,Eira barbara,Eira barbara,Eira barbara,Cuniculus paca,Sylvilagus,Leporidae,1,Bajo
2295,Sylvilagus brasiliensis,Sylvilagus brasiliensis,Sylvilagus brasiliensis,Sylvilagus brasiliensis,Sylvilagus brasiliensis,Sylvilagus brasiliensis,Sylvilagus brasiliensis,Sylvilagus brasiliensis,Sylvilagus brasiliensis,Sylvilagus brasiliensis,Sylvilagus brasiliensis,Sylvilagus brasiliensis,Sylvilagus,Leporidae,1,Bajo
2296,Sylvilagus brasiliensis,Sylvilagus brasiliensis,Sylvilagus brasiliensis,Sylvilagus brasiliensis,Sylvilagus brasiliensis,Sylvilagus brasiliensis,Sylvilagus brasiliensis,Sylvilagus brasiliensis,Sylvilagus brasiliensis,Sylvilagus brasiliensis,Sylvilagus brasiliensis,Sylvilagus brasiliensis,Sylvilagus,Leporidae,1,Bajo
2297,Sylvilagus brasiliensis,Sylvilagus brasiliensis,Sylvilagus brasiliensis,Sylvilagus brasiliensis,Sylvilagus brasiliensis,Sylvilagus brasiliensis,Sylvilagus brasiliensis,Sylvilagus brasiliensis,Sylvilagus brasiliensis,Sylvilagus brasiliensis,Sylvilagus brasiliensis,Sylvilagus brasiliensis,Sylvilagus,Leporidae,1,Bajo
2298,Sylvilagus brasiliensis,Nyctidromus albicollis,Galictis cuja,Galictis cuja,Cerdocyon thous,Sylvilagus brasiliensis,Nyctidromus albicollis,Hydropsalis torquata,Galictis cuja,Galictis cuja,Galictis cuja,Nyctidromus albicollis,Sylvilagus,Leporidae,1,Bajo
2299,Sylvilagus brasiliensis,Cuniculus paca,Cuniculus paca,Cuniculus paca,Cuniculus paca,Cuniculus paca,Galictis cuja,Galictis cuja,Cuniculus paca,Cuniculus paca,Cuniculus paca,Cuniculus paca,Sylvilagus,Leporidae,1,Bajo
2301,Sylvilagus brasiliensis,Sylvilagus brasiliensis,Sylvilagus brasiliensis,Sylvilagus brasiliensis,Sylvilagus brasiliensis,Sylvilagus brasiliensis,Sylvilagus brasiliensis,Sylvilagus brasiliensis,Sylvilagus brasiliensis,Sylvilagus brasiliensis,Sylvilagus brasiliensis,Sylvilagus brasiliensis,Sylvilagus,Leporidae,1,Bajo
2302,Sylvilagus brasiliensis,Tamandua tetradactyla,Didelphis albiventris,Didelphis albiventris,Didelphis albiventris,Amazona aestiva,Tamandua tetradactyla,Conopophaga lineata,Didelphis albiventris,Didelphis albiventris,Didelphis albiventris,Canis familiaris,Sylvilagus,Leporidae,1,Bajo
2303,Sylvilagus brasiliensis,Sylvilagus brasiliensis,Sylvilagus brasiliensis,Sylvilagus brasiliensis,Sylvilagus brasiliensis,Sylvilagus brasiliensis,Sylvilagus brasiliensis,Sylvilagus brasiliensis,Sylvilagus brasiliensis,Sylvilagus brasiliensis,Sylvilagus brasiliensis,Sylvilagus brasiliensis,Sylvilagus,Leporidae,1,Bajo
2304,Sylvilagus brasiliensis,Sylvilagus brasiliensis,Sylvilagus brasiliensis,Sylvilagus brasiliensis,Sylvilagus brasiliensis,Sylvilagus brasiliensis,Sylvilagus brasiliensis,Sylvilagus brasiliensis,Sylvilagus brasiliensis,Sylvilagus brasiliensis,Sylvilagus brasiliensis,Sylvilagus brasiliensis,Sylvilagus,Leporidae,1,Bajo
2305,Sylvilagus brasiliensis,Lepus europaeus,Sylvilagus brasiliensis,Lepus europaeus,Sylvilagus brasiliensis,Sylvilagus brasiliensis,Lepus europaeus,Lepus europaeus,Sylvilagus brasiliensis,Sylvilagus brasiliensis,Sylvilagus brasiliensis,Lepus europaeus,Sylvilagus,Leporidae,1,Bajo
2306,Sylvilagus brasiliensis,Cuniculus paca,Lepus europaeus,Cabassous tatouay,Cabassous tatouay,Sylvilagus brasiliensis,Sylvilagus brasiliensis,Sylvilagus brasiliensis,Lepus europaeus,Lepus europaeus,Lepus europaeus,Cuniculus paca,Sylvilagus,Leporidae,1,Bajo
2307,Sylvilagus brasiliensis,Sylvilagus brasiliensis,Lepus europaeus,Sylvilagus brasiliensis,Sylvilagus brasiliensis,Sylvilagus brasiliensis,Sylvilagus brasiliensis,Sylvilagus brasiliensis,Lepus europaeus,Lepus europaeus,Lepus europaeus,Sylvilagus brasiliensis,Sylvilagus,Leporidae,1,Bajo
2308,Sylvilagus brasiliensis,Sylvilagus brasiliensis,Sylvilagus brasiliensis,Sylvilagus brasiliensis,Sylvilagus brasiliensis,Sylvilagus brasiliensis,Sylvilagus brasiliensis,Sylvilagus brasiliensis,Sylvilagus brasiliensis,Sylvilagus brasiliensis,Sylvilagus brasiliensis,Sylvilagus brasiliensis,Sylvilagus,Leporidae,1,Bajo
2309,Sylvilagus brasiliensis,Sylvilagus brasiliensis,Sylvilagus brasiliensis,Sylvilagus brasiliensis,Sylvilagus brasiliensis,Sylvilagus brasiliensis,Sylvilagus brasiliensis,Sylvilagus brasiliensis,Sylvilagus brasiliensis,Sylvilagus brasiliensis,Sylvilagus brasiliensis,Sylvilagus brasiliensis,Sylvilagus,Leporidae,1,Bajo
2310,Sylvilagus brasiliensis,Sylvilagus brasiliensis,Nyctidromus albicollis,Sylvilagus brasiliensis,Sylvilagus brasiliensis,Sylvilagus brasiliensis,Sylvilagus brasiliensis,Sylvilagus brasiliensis,Nyctidromus albicollis,Nyctidromus albicollis,Nyctidromus albicollis,Sylvilagus brasiliensis,Sylvilagus,Leporidae,1,Bajo
2311,Sylvilagus brasiliensis,Sylvilagus brasiliensis,Sylvilagus brasiliensis,Sylvilagus brasiliensis,Sylvilagus brasiliensis,Sylvilagus brasiliensis,Sylvilagus brasiliensis,Sylvilagus brasiliensis,Sylvilagus brasiliensis,Sylvilagus brasiliensis,Sylvilagus brasiliensis,Sylvilagus brasiliensis,Sylvilagus,Leporidae,1,Bajo
2313,Sylvilagus brasiliensis,Sylvilagus brasiliensis,Sylvilagus brasiliensis,Sylvilagus brasiliensis,Sylvilagus brasiliensis,Sylvilagus brasiliensis,Sylvilagus brasiliensis,Sylvilagus brasiliensis,Sylvilagus brasiliensis,Sylvilagus brasiliensis,Sylvilagus brasiliensis,Sylvilagus brasiliensis,Sylvilagus,Leporidae,1,Bajo
2314,Sylvilagus brasiliensis,Cuniculus paca,Cuniculus paca,Cuniculus paca,Cuniculus paca,Cuniculus paca,Leopardus guttulus,Cuniculus paca,Cuniculus paca,Cuniculus paca,Cuniculus paca,Cuniculus paca,Sylvilagus,Leporidae,1,Bajo
2315,Sylvilagus brasiliensis,Cuniculus paca,Cuniculus paca,Cuniculus paca,Leopardus guttulus,Cuniculus paca,Leopardus guttulus,Cuniculus paca,Cuniculus paca,Cuniculus paca,Cuniculus paca,Cuniculus paca,Sylvilagus,Leporidae,1,Bajo
2316,Sylvilagus brasiliensis,Lepus europaeus,Sylvilagus brasiliensis,Sylvilagus brasiliensis,Sylvilagus brasiliensis,Sylvilagus brasiliensis,Lepus europaeus,Nothura maculosa,Sylvilagus brasiliensis,Sylvilagus brasiliensis,Sylvilagus brasiliensis,Lepus europaeus,Sylvilagus,Leporidae,1,Bajo
2318,Sylvilagus brasiliensis,Leopardus wiedii,Leopardus wiedii,Leopardus wiedii,Didelphis albiventris,Lontra longicaudis,Lontra longicaudis,Sus scrofa,Leopardus wiedii,Leopardus wiedii,Leopardus wiedii,Leopardus wiedii,Sylvilagus,Leporidae,1,Bajo
2319,Baryphthengus ruficapillus,Baryphthengus ruficapillus,Penelope superciliaris,Baryphthengus ruficapillus,Baryphthengus ruficapillus,Penelope superciliaris,Penelope superciliaris,Hydropsalis torquata,Penelope superciliaris,Penelope superciliaris,Penelope superciliaris,Baryphthengus ruficapillus,Baryphthengus,Momotidae,3,Medio
2320,Baryphthengus ruficapillus,Baryphthengus ruficapillus,Baryphthengus ruficapillus,Baryphthengus ruficapillus,Baryphthengus ruficapillus,Baryphthengus ruficapillus,Baryphthengus ruficapillus,Notharchus swainsoni,Baryphthengus ruficapillus,Baryphthengus ruficapillus,Baryphthengus ruficapillus,Baryphthengus ruficapillus,Baryphthengus,Momotidae,3,Medio
2321,Baryphthengus ruficapillus,Baryphthengus ruficapillus,Baryphthengus ruficapillus,Baryphthengus ruficapillus,Baryphthengus ruficapillus,Baryphthengus ruficapillus,Baryphthengus ruficapillus,Baryphthengus ruficapillus,Baryphthengus ruficapillus,Baryphthengus ruficapillus,Baryphthengus ruficapillus,Baryphthengus ruficapillus,Baryphthengus,Momotidae,3,Medio
2322,Baryphthengus ruficapillus,Baryphthengus ruficapillus,Baryphthengus ruficapillus,Baryphthengus ruficapillus,Baryphthengus ruficapillus,Baryphthengus ruficapillus,Baryphthengus ruficapillus,Baryphthengus ruficapillus,Baryphthengus ruficapillus,Baryphthengus ruficapillus,Baryphthengus ruficapillus,Baryphthengus ruficapillus,Baryphthengus,Momotidae,3,Medio
2323,Baryphthengus ruficapillus,Baryphthengus ruficapillus,Baryphthengus ruficapillus,Baryphthengus ruficapillus,Baryphthengus ruficapillus,Baryphthengus ruficapillus,Baryphthengus ruficapillus,Baryphthengus ruficapillus,Baryphthengus ruficapillus,Baryphthengus ruficapillus,Baryphthengus ruficapillus,Baryphthengus ruficapillus,Baryphthengus,Momotidae,3,Medio
2324,Baryphthengus ruficapillus,Myiothlypis leucoblephara,Turdus albicollis,Myiothlypis leucoblephara,Chamaeza campanisona,Synallaxis ruficapilla,Pyriglena leucoptera,Turdus albicollis,Turdus albicollis,Turdus albicollis,Turdus albicollis,Myiothlypis leucoblephara,Baryphthengus,Momotidae,3,Medio
2325,Baryphthengus ruficapillus,Baryphthengus ruficapillus,Baryphthengus ruficapillus,Baryphthengus ruficapillus,Baryphthengus ruficapillus,Baryphthengus ruficapillus,Baryphthengus ruficapillus,Baryphthengus ruficapillus,Baryphthengus ruficapillus,Baryphthengus ruficapillus,Baryphthengus ruficapillus,Baryphthengus ruficapillus,Baryphthengus,Momotidae,3,Medio
2326,Baryphthengus ruficapillus,Baryphthengus ruficapillus,Baryphthengus ruficapillus,Baryphthengus ruficapillus,Baryphthengus ruficapillus,Baryphthengus ruficapillus,Baryphthengus ruficapillus,Baryphthengus ruficapillus,Baryphthengus ruficapillus,Baryphthengus ruficapillus,Baryphthengus ruficapillus,Baryphthengus ruficapillus,Baryphthengus,Momotidae,3,Medio
2328,Baryphthengus ruficapillus,Baryphthengus ruficapillus,Baryphthengus ruficapillus,Baryphthengus ruficapillus,Baryphthengus ruficapillus,Baryphthengus ruficapillus,Baryphthengus ruficapillus,Baryphthengus ruficapillus,Baryphthengus ruficapillus,Baryphthengus ruficapillus,Baryphthengus ruficapillus,Baryphthengus ruficapillus,Baryphthengus,Momotidae,3,Medio
2329,Baryphthengus ruficapillus,Baryphthengus ruficapillus,Baryphthengus ruficapillus,Baryphthengus ruficapillus,Baryphthengus ruficapillus,Baryphthengus ruficapillus,Baryphthengus ruficapillus,Baryphthengus ruficapillus,Baryphthengus ruficapillus,Baryphthengus ruficapillus,Baryphthengus ruficapillus,Baryphthengus ruficapillus,Baryphthengus,Momotidae,3,Medio
2330,Baryphthengus ruficapillus,Baryphthengus ruficapillus,Baryphthengus ruficapillus,Baryphthengus ruficapillus,Baryphthengus ruficapillus,Baryphthengus ruficapillus,Baryphthengus ruficapillus,Baryphthengus ruficapillus,Baryphthengus ruficapillus,Baryphthengus ruficapillus,Baryphthengus ruficapillus,Baryphthengus ruficapillus,Baryphthengus,Momotidae,3,Medio
2332,Baryphthengus ruficapillus,Baryphthengus ruficapillus,Baryphthengus ruficapillus,Baryphthengus ruficapillus,Baryphthengus ruficapillus,Baryphthengus ruficapillus,Baryphthengus ruficapillus,Baryphthengus ruficapillus,Baryphthengus ruficapillus,Baryphthengus ruficapillus,Baryphthengus ruficapillus,Baryphthengus ruficapillus,Baryphthengus,Momotidae,3,Medio
2333,Baryphthengus ruficapillus,Penelope superciliaris,Penelope superciliaris,Baryphthengus ruficapillus,Baryphthengus ruficapillus,Penelope superciliaris,Penelope superciliaris,Penelope superciliaris,Penelope superciliaris,Penelope superciliaris,Penelope superciliaris,Penelope superciliaris,Baryphthengus,Momotidae,3,Medio
2335,Baryphthengus ruficapillus,Baryphthengus ruficapillus,Baryphthengus ruficapillus,Baryphthengus ruficapillus,Baryphthengus ruficapillus,Baryphthengus ruficapillus,Baryphthengus ruficapillus,Baryphthengus ruficapillus,Baryphthengus ruficapillus,Baryphthengus ruficapillus,Baryphthengus ruficapillus,Baryphthengus ruficapillus,Baryphthengus,Momotidae,3,Medio
2336,Baryphthengus ruficapillus,Baryphthengus ruficapillus,Baryphthengus ruficapillus,Baryphthengus ruficapillus,Baryphthengus ruficapillus,Baryphthengus ruficapillus,Baryphthengus ruficapillus,Baryphthengus ruficapillus,Baryphthengus ruficapillus,Baryphthengus ruficapillus,Baryphthengus ruficapillus,Baryphthengus ruficapillus,Baryphthengus,Momotidae,3,Medio
2337,Baryphthengus ruficapillus,Penelope superciliaris,Selenidera maculirostris,Celeus galeatus,Celeus galeatus,Penelope superciliaris,Baryphthengus ruficapillus,Gubernetes yetapa,Selenidera maculirostris,Selenidera maculirostris,Selenidera maculirostris,Penelope superciliaris,Baryphthengus,Momotidae,3,Medio
2338,Baryphthengus ruficapillus,Baryphthengus ruficapillus,Baryphthengus ruficapillus,Baryphthengus ruficapillus,Baryphthengus ruficapillus,Baryphthengus ruficapillus,Baryphthengus ruficapillus,Baryphthengus ruficapillus,Baryphthengus ruficapillus,Baryphthengus ruficapillus,Baryphthengus ruficapillus,Baryphthengus ruficapillus,Baryphthengus,Momotidae,3,Medio
2339,Baryphthengus ruficapillus,Baryphthengus ruficapillus,Baryphthengus ruficapillus,Baryphthengus ruficapillus,Baryphthengus ruficapillus,Baryphthengus ruficapillus,Baryphthengus ruficapillus,Baryphthengus ruficapillus,Baryphthengus ruficapillus,Baryphthengus ruficapillus,Baryphthengus ruficapillus,Baryphthengus ruficapillus,Baryphthengus,Momotidae,3,Medio
2340,Baryphthengus ruficapillus,Baryphthengus ruficapillus,Baryphthengus ruficapillus,Baryphthengus ruficapillus,Baryphthengus ruficapillus,Baryphthengus ruficapillus,Baryphthengus ruficapillus,Baryphthengus ruficapillus,Baryphthengus ruficapillus,Baryphthengus ruficapillus,Baryphthengus ruficapillus,Baryphthengus ruficapillus,Baryphthengus,Momotidae,3,Medio
2341,Baryphthengus ruficapillus,Baryphthengus ruficapillus,Baryphthengus ruficapillus,Baryphthengus ruficapillus,Baryphthengus ruficapillus,Baryphthengus ruficapillus,Baryphthengus ruficapillus,Baryphthengus ruficapillus,Baryphthengus ruficapillus,Baryphthengus ruficapillus,Baryphthengus ruficapillus,Baryphthengus ruficapillus,Baryphthengus,Momotidae,3,Medio
2342,Baryphthengus ruficapillus,Baryphthengus ruficapillus,Baryphthengus ruficapillus,Baryphthengus ruficapillus,Baryphthengus ruficapillus,Baryphthengus ruficapillus,Baryphthengus ruficapillus,Baryphthengus ruficapillus,Baryphthengus ruficapillus,Baryphthengus ruficapillus,Baryphthengus ruficapillus,Baryphthengus ruficapillus,Baryphthengus,Momotidae,3,Medio
2343,Baryphthengus ruficapillus,Baryphthengus ruficapillus,Baryphthengus ruficapillus,Baryphthengus ruficapillus,Baryphthengus ruficapillus,Baryphthengus ruficapillus,Baryphthengus ruficapillus,Baryphthengus ruficapillus,Baryphthengus ruficapillus,Baryphthengus ruficapillus,Baryphthengus ruficapillus,Baryphthengus ruficapillus,Baryphthengus,Momotidae,3,Medio
2344,Baryphthengus ruficapillus,Baryphthengus ruficapillus,Baryphthengus ruficapillus,Baryphthengus ruficapillus,Baryphthengus ruficapillus,Baryphthengus ruficapillus,Baryphthengus ruficapillus,Baryphthengus ruficapillus,Baryphthengus ruficapillus,Baryphthengus ruficapillus,Baryphthengus ruficapillus,Baryphthengus ruficapillus,Baryphthengus,Momotidae,3,Medio
2345,Baryphthengus ruficapillus,Baryphthengus ruficapillus,Baryphthengus ruficapillus,Baryphthengus ruficapillus,Baryphthengus ruficapillus,Baryphthengus ruficapillus,Baryphthengus ruficapillus,Baryphthengus ruficapillus,Baryphthengus ruficapillus,Baryphthengus ruficapillus,Baryphthengus ruficapillus,Baryphthengus ruficapillus,Baryphthengus,Momotidae,3,Medio
2346,Baryphthengus ruficapillus,Baryphthengus ruficapillus,Baryphthengus ruficapillus,Baryphthengus ruficapillus,Baryphthengus ruficapillus,Baryphthengus ruficapillus,Baryphthengus ruficapillus,Baryphthengus ruficapillus,Baryphthengus ruficapillus,Baryphthengus ruficapillus,Baryphthengus ruficapillus,Baryphthengus ruficapillus,Baryphthengus,Momotidae,3,Medio
2347,Baryphthengus ruficapillus,Habia rubica,Habia rubica,Habia rubica,Habia rubica,Habia rubica,Habia rubica,Habia rubica,Habia rubica,Habia rubica,Habia rubica,Habia rubica,Baryphthengus,Momotidae,3,Medio
2348,Baryphthengus ruficapillus,Baryphthengus ruficapillus,Baryphthengus ruficapillus,Baryphthengus ruficapillus,Baryphthengus ruficapillus,Baryphthengus ruficapillus,Baryphthengus ruficapillus,Baryphthengus ruficapillus,Baryphthengus ruficapillus,Baryphthengus ruficapillus,Baryphthengus ruficapillus,Baryphthengus ruficapillus,Baryphthengus,Momotidae,3,Medio
2349,Baryphthengus ruficapillus,Baryphthengus ruficapillus,Baryphthengus ruficapillus,Baryphthengus ruficapillus,Baryphthengus ruficapillus,Baryphthengus ruficapillus,Baryphthengus ruficapillus,Baryphthengus ruficapillus,Baryphthengus ruficapillus,Baryphthengus ruficapillus,Baryphthengus ruficapillus,Baryphthengus ruficapillus,Baryphthengus,Momotidae,3,Medio
2350,Baryphthengus ruficapillus,Baryphthengus ruficapillus,Baryphthengus ruficapillus,Baryphthengus ruficapillus,Baryphthengus ruficapillus,Baryphthengus ruficapillus,Baryphthengus ruficapillus,Baryphthengus ruficapillus,Baryphthengus ruficapillus,Baryphthengus ruficapillus,Baryphthengus ruficapillus,Baryphthengus ruficapillus,Baryphthengus,Momotidae,3,Medio
2351,Baryphthengus ruficapillus,Baryphthengus ruficapillus,Baryphthengus ruficapillus,Baryphthengus ruficapillus,Baryphthengus ruficapillus,Baryphthengus ruficapillus,Baryphthengus ruficapillus,Baryphthengus ruficapillus,Baryphthengus ruficapillus,Baryphthengus ruficapillus,Baryphthengus ruficapillus,Baryphthengus ruficapillus,Baryphthengus,Momotidae,3,Medio
2352,Baryphthengus ruficapillus,Baryphthengus ruficapillus,Mackenziaena leachii,Mackenziaena leachii,Mackenziaena leachii,Sapajus nigritus,Penelope superciliaris,Baryphthengus ruficapillus,Mackenziaena leachii,Mackenziaena leachii,Mackenziaena leachii,Baryphthengus ruficapillus,Baryphthengus,Momotidae,3,Medio
2353,Baryphthengus ruficapillus,Baryphthengus ruficapillus,Baryphthengus ruficapillus,Baryphthengus ruficapillus,Baryphthengus ruficapillus,Baryphthengus ruficapillus,Baryphthengus ruficapillus,Baryphthengus ruficapillus,Baryphthengus ruficapillus,Baryphthengus ruficapillus,Baryphthengus ruficapillus,Baryphthengus ruficapillus,Baryphthengus,Momotidae,3,Medio
2354,Baryphthengus ruficapillus,Baryphthengus ruficapillus,Baryphthengus ruficapillus,Baryphthengus ruficapillus,Baryphthengus ruficapillus,Baryphthengus ruficapillus,Baryphthengus ruficapillus,Baryphthengus ruficapillus,Baryphthengus ruficapillus,Baryphthengus ruficapillus,Baryphthengus ruficapillus,Baryphthengus ruficapillus,Baryphthengus,Momotidae,3,Medio
2356,Baryphthengus ruficapillus,Baryphthengus ruficapillus,Baryphthengus ruficapillus,Baryphthengus ruficapillus,Baryphthengus ruficapillus,Baryphthengus ruficapillus,Baryphthengus ruficapillus,Baryphthengus ruficapillus,Baryphthengus ruficapillus,Baryphthengus ruficapillus,Baryphthengus ruficapillus,Baryphthengus ruficapillus,Baryphthengus,Momotidae,3,Medio
2357,Baryphthengus ruficapillus,Baryphthengus ruficapillus,Baryphthengus ruficapillus,Baryphthengus ruficapillus,Baryphthengus ruficapillus,Baryphthengus ruficapillus,Baryphthengus ruficapillus,Baryphthengus ruficapillus,Baryphthengus ruficapillus,Baryphthengus ruficapillus,Baryphthengus ruficapillus,Baryphthengus ruficapillus,Baryphthengus,Momotidae,3,Medio
2359,Baryphthengus ruficapillus,Baryphthengus ruficapillus,Baryphthengus ruficapillus,Baryphthengus ruficapillus,Baryphthengus ruficapillus,Baryphthengus ruficapillus,Baryphthengus ruficapillus,Baryphthengus ruficapillus,Baryphthengus ruficapillus,Baryphthengus ruficapillus,Baryphthengus ruficapillus,Baryphthengus ruficapillus,Baryphthengus,Momotidae,3,Medio
2360,Baryphthengus ruficapillus,Baryphthengus ruficapillus,Baryphthengus ruficapillus,Baryphthengus ruficapillus,Baryphthengus ruficapillus,Baryphthengus ruficapillus,Baryphthengus ruficapillus,Baryphthengus ruficapillus,Baryphthengus ruficapillus,Baryphthengus ruficapillus,Baryphthengus ruficapillus,Baryphthengus ruficapillus,Baryphthengus,Momotidae,3,Medio
2361,Baryphthengus ruficapillus,Turdus rufiventris,Turdus rufiventris,Turdus rufiventris,Turdus rufiventris,Turdus rufiventris,Turdus rufiventris,Notharchus swainsoni,Turdus rufiventris,Turdus rufiventris,Turdus rufiventris,Turdus rufiventris,Baryphthengus,Momotidae,3,Medio
2362,Baryphthengus ruficapillus,Baryphthengus ruficapillus,Baryphthengus ruficapillus,Baryphthengus ruficapillus,Baryphthengus ruficapillus,Baryphthengus ruficapillus,Baryphthengus ruficapillus,Baryphthengus ruficapillus,Baryphthengus ruficapillus,Baryphthengus ruficapillus,Baryphthengus ruficapillus,Baryphthengus ruficapillus,Baryphthengus,Momotidae,3,Medio
2363,Baryphthengus ruficapillus,Baryphthengus ruficapillus,Baryphthengus ruficapillus,Baryphthengus ruficapillus,Baryphthengus ruficapillus,Baryphthengus ruficapillus,Baryphthengus ruficapillus,Baryphthengus ruficapillus,Baryphthengus ruficapillus,Baryphthengus ruficapillus,Baryphthengus ruficapillus,Baryphthengus ruficapillus,Baryphthengus,Momotidae,3,Medio
2364,Baryphthengus ruficapillus,Baryphthengus ruficapillus,Baryphthengus ruficapillus,Baryphthengus ruficapillus,Baryphthengus ruficapillus,Baryphthengus ruficapillus,Baryphthengus ruficapillus,Baryphthengus ruficapillus,Baryphthengus ruficapillus,Baryphthengus ruficapillus,Baryphthengus ruficapillus,Baryphthengus ruficapillus,Baryphthengus,Momotidae,3,Medio
2365,Baryphthengus ruficapillus,Baryphthengus ruficapillus,Baryphthengus ruficapillus,Baryphthengus ruficapillus,Baryphthengus ruficapillus,Baryphthengus ruficapillus,Baryphthengus ruficapillus,Baryphthengus ruficapillus,Baryphthengus ruficapillus,Baryphthengus ruficapillus,Baryphthengus ruficapillus,Baryphthengus ruficapillus,Baryphthengus,Momotidae,3,Medio
2366,Baryphthengus ruficapillus,Baryphthengus ruficapillus,Baryphthengus ruficapillus,Baryphthengus ruficapillus,Baryphthengus ruficapillus,Baryphthengus ruficapillus,Baryphthengus ruficapillus,Baryphthengus ruficapillus,Baryphthengus ruficapillus,Baryphthengus ruficapillus,Baryphthengus ruficapillus,Baryphthengus ruficapillus,Baryphthengus,Momotidae,3,Medio
2367,Baryphthengus ruficapillus,Baryphthengus ruficapillus,Baryphthengus ruficapillus,Baryphthengus ruficapillus,Baryphthengus ruficapillus,Baryphthengus ruficapillus,Baryphthengus ruficapillus,Baryphthengus ruficapillus,Baryphthengus ruficapillus,Baryphthengus ruficapillus,Baryphthengus ruficapillus,Baryphthengus ruficapillus,Baryphthengus,Momotidae,3,Medio
2368,Baryphthengus ruficapillus,Baryphthengus ruficapillus,Alouatta guariba clamitans,Alouatta guariba clamitans,Turdus rufiventris,Baryphthengus ruficapillus,Baryphthengus ruficapillus,Baryphthengus ruficapillus,Alouatta guariba clamitans,Alouatta guariba clamitans,Alouatta guariba clamitans,Baryphthengus ruficapillus,Baryphthengus,Momotidae,3,Medio
2370,Baryphthengus ruficapillus,Baryphthengus ruficapillus,Baryphthengus ruficapillus,Baryphthengus ruficapillus,Baryphthengus ruficapillus,Baryphthengus ruficapillus,Baryphthengus ruficapillus,Baryphthengus ruficapillus,Baryphthengus ruficapillus,Baryphthengus ruficapillus,Baryphthengus ruficapillus,Baryphthengus ruficapillus,Baryphthengus,Momotidae,3,Medio
2371,Baryphthengus ruficapillus,Baryphthengus ruficapillus,Baryphthengus ruficapillus,Baryphthengus ruficapillus,Baryphthengus ruficapillus,Baryphthengus ruficapillus,Baryphthengus ruficapillus,Notharchus swainsoni,Baryphthengus ruficapillus,Baryphthengus ruficapillus,Baryphthengus ruficapillus,Baryphthengus ruficapillus,Baryphthengus,Momotidae,3,Medio
2373,Baryphthengus ruficapillus,Baryphthengus ruficapillus,Baryphthengus ruficapillus,Baryphthengus ruficapillus,Baryphthengus ruficapillus,Baryphthengus ruficapillus,Baryphthengus ruficapillus,Baryphthengus ruficapillus,Baryphthengus ruficapillus,Baryphthengus ruficapillus,Baryphthengus ruficapillus,Baryphthengus ruficapillus,Baryphthengus,Momotidae,3,Medio
2374,Baryphthengus ruficapillus,Baryphthengus ruficapillus,Baryphthengus ruficapillus,Baryphthengus ruficapillus,Baryphthengus ruficapillus,Baryphthengus ruficapillus,Baryphthengus ruficapillus,Baryphthengus ruficapillus,Baryphthengus ruficapillus,Baryphthengus ruficapillus,Baryphthengus ruficapillus,Baryphthengus ruficapillus,Baryphthengus,Momotidae,3,Medio
2377,Baryphthengus ruficapillus,Baryphthengus ruficapillus,Baryphthengus ruficapillus,Baryphthengus ruficapillus,Baryphthengus ruficapillus,Baryphthengus ruficapillus,Baryphthengus ruficapillus,Baryphthengus ruficapillus,Baryphthengus ruficapillus,Baryphthengus ruficapillus,Baryphthengus ruficapillus,Baryphthengus ruficapillus,Baryphthengus,Momotidae,3,Medio
2378,Baryphthengus ruficapillus,Baryphthengus ruficapillus,Baryphthengus ruficapillus,Baryphthengus ruficapillus,Baryphthengus ruficapillus,Baryphthengus ruficapillus,Baryphthengus ruficapillus,Baryphthengus ruficapillus,Baryphthengus ruficapillus,Baryphthengus ruficapillus,Baryphthengus ruficapillus,Baryphthengus ruficapillus,Baryphthengus,Momotidae,3,Medio
2380,Baryphthengus ruficapillus,Sapajus nigritus,Pipile jacutinga,Cyanocorax chrysops,Cyanocorax chrysops,Sapajus nigritus,Sapajus nigritus,Alouatta guariba clamitans,Pipile jacutinga,Pipile jacutinga,Pipile jacutinga,Sapajus nigritus,Baryphthengus,Momotidae,3,Medio
2382,Baryphthengus ruficapillus,Baryphthengus ruficapillus,Baryphthengus ruficapillus,Baryphthengus ruficapillus,Baryphthengus ruficapillus,Baryphthengus ruficapillus,Baryphthengus ruficapillus,Baryphthengus ruficapillus,Baryphthengus ruficapillus,Baryphthengus ruficapillus,Baryphthengus ruficapillus,Baryphthengus ruficapillus,Baryphthengus,Momotidae,3,Medio
2384,Baryphthengus ruficapillus,Baryphthengus ruficapillus,Baryphthengus ruficapillus,Baryphthengus ruficapillus,Baryphthengus ruficapillus,Baryphthengus ruficapillus,Baryphthengus ruficapillus,Baryphthengus ruficapillus,Baryphthengus ruficapillus,Baryphthengus ruficapillus,Baryphthengus ruficapillus,Baryphthengus ruficapillus,Baryphthengus,Momotidae,3,Medio
2385,Baryphthengus ruficapillus,Baryphthengus ruficapillus,Baryphthengus ruficapillus,Baryphthengus ruficapillus,Baryphthengus ruficapillus,Baryphthengus ruficapillus,Baryphthengus ruficapillus,Baryphthengus ruficapillus,Baryphthengus ruficapillus,Baryphthengus ruficapillus,Baryphthengus ruficapillus,Baryphthengus ruficapillus,Baryphthengus,Momotidae,3,Medio
2387,Baryphthengus ruficapillus,Baryphthengus ruficapillus,Baryphthengus ruficapillus,Baryphthengus ruficapillus,Baryphthengus ruficapillus,Baryphthengus ruficapillus,Baryphthengus ruficapillus,Habia rubica,Baryphthengus ruficapillus,Baryphthengus ruficapillus,Baryphthengus ruficapillus,Baryphthengus ruficapillus,Baryphthengus,Momotidae,3,Medio
2388,Eira barbara,Eira barbara,Dasyprocta azarae,Dasyprocta azarae,Dasyprocta azarae,Eira barbara,Eira barbara,Dasyprocta azarae,Dasyprocta azarae,Dasyprocta azarae,Dasyprocta azarae,Eira barbara,Eira,Mustelidae,2,Bajo
2389,Eira barbara,Galictis cuja,Galictis cuja,Galictis cuja,Galictis cuja,Galictis cuja,Galictis cuja,Didelphis aurita,Galictis cuja,Galictis cuja,Galictis cuja,Galictis cuja,Eira,Mustelidae,2,Bajo
2390,Eira barbara,Procyon cancrivorus,Tamandua tetradactyla,Eira barbara,Procyon cancrivorus,Eira barbara,Eira barbara,Eira barbara,Tamandua tetradactyla,Tamandua tetradactyla,Tamandua tetradactyla,Procyon cancrivorus,Eira,Mustelidae,2,Bajo
2391,Eira barbara,Eira barbara,Galictis cuja,Aramides saracura,Eira barbara,Myrmecophaga tridactyla,Eira barbara,Amazona vinacea,Galictis cuja,Galictis cuja,Galictis cuja,Eira barbara,Eira,Mustelidae,2,Bajo
2392,Eira barbara,Myrmecophaga tridactyla,Myrmecophaga tridactyla,Myrmecophaga tridactyla,Myrmecophaga tridactyla,Myrmecophaga tridactyla,Myrmecophaga tridactyla,Myrmecophaga tridactyla,Myrmecophaga tridactyla,Myrmecophaga tridactyla,Myrmecophaga tridactyla,Myrmecophaga tridactyla,Eira,Mustelidae,2,Bajo
2395,Eira barbara,Galictis cuja,Turdus rufiventris,Dasyprocta azarae,Dasyprocta azarae,Leopardus guttulus,Galictis cuja,Aramides saracura,Turdus rufiventris,Turdus rufiventris,Turdus rufiventris,Galictis cuja,Eira,Mustelidae,2,Bajo
2396,Eira barbara,Eira barbara,Eira barbara,Eira barbara,Eira barbara,Eira barbara,Eira barbara,Eira barbara,Eira barbara,Eira barbara,Eira barbara,Eira barbara,Eira,Mustelidae,2,Bajo
2398,Eira barbara,Eira barbara,Eira barbara,Eira barbara,Eira barbara,Eira barbara,Eira barbara,Eira barbara,Eira barbara,Eira barbara,Eira barbara,Eira barbara,Eira,Mustelidae,2,Bajo
2399,Eira barbara,Eira barbara,Eira barbara,Eira barbara,Eira barbara,Eira barbara,Eira barbara,Eira barbara,Eira barbara,Eira barbara,Eira barbara,Eira barbara,Eira,Mustelidae,2,Bajo
2400,Eira barbara,Eira barbara,Eira barbara,Eira barbara,Eira barbara,Eira barbara,Eira barbara,Eira barbara,Eira barbara,Eira barbara,Eira barbara,Eira barbara,Eira,Mustelidae,2,Bajo
2401,Eira barbara,Eira barbara,Eira barbara,Eira barbara,Eira barbara,Eira barbara,Eira barbara,Eira barbara,Eira barbara,Eira barbara,Eira barbara,Eira barbara,Eira,Mustelidae,2,Bajo
2402,Eira barbara,Eira barbara,Eira barbara,Eira barbara,Eira barbara,Eira barbara,Eira barbara,Eira barbara,Eira barbara,Eira barbara,Eira barbara,Eira barbara,Eira,Mustelidae,2,Bajo
2403,Eira barbara,Cerdocyon thous,Dasyprocta azarae,Dasyprocta azarae,Dasyprocta azarae,Eira barbara,Cerdocyon thous,Cerdocyon thous,Dasyprocta azarae,Dasyprocta azarae,Dasyprocta azarae,Dasyprocta azarae,Eira,Mustelidae,2,Bajo
2404,Eira barbara,Eira barbara,Eira barbara,Eira barbara,Eira barbara,Eira barbara,Eira barbara,Eira barbara,Eira barbara,Eira barbara,Eira barbara,Eira barbara,Eira,Mustelidae,2,Bajo
2405,Eira barbara,Eira barbara,Eira barbara,Eira barbara,Eira barbara,Eira barbara,Eira barbara,Eira barbara,Eira barbara,Eira barbara,Eira barbara,Eira barbara,Eira,Mustelidae,2,Bajo
2406,Eira barbara,Eira barbara,Eira barbara,Eira barbara,Eira barbara,Eira barbara,Eira barbara,Eira barbara,Eira barbara,Eira barbara,Eira barbara,Eira barbara,Eira,Mustelidae,2,Bajo
2407,Eira barbara,Lontra longicaudis,Sus scrofa,Crax fasciolata,Sus scrofa,Herpailurus yagouaroundi,Galictis cuja,Leopardus wiedii,Sus scrofa,Sus scrofa,Sus scrofa,Herpailurus yagouaroundi,Eira,Mustelidae,2,Bajo
2408,Eira barbara,Eira barbara,Eira barbara,Eira barbara,Eira barbara,Eira barbara,Eira barbara,Eira barbara,Eira barbara,Eira barbara,Eira barbara,Eira barbara,Eira,Mustelidae,2,Bajo
2409,Eira barbara,Eira barbara,Eira barbara,Eira barbara,Eira barbara,Eira barbara,Eira barbara,Eira barbara,Eira barbara,Eira barbara,Eira barbara,Eira barbara,Eira,Mustelidae,2,Bajo
2410,Eira barbara,Eira barbara,Eira barbara,Dasyprocta azarae,Eira barbara,Eira barbara,Eira barbara,Galictis cuja,Eira barbara,Eira barbara,Eira barbara,Eira barbara,Eira,Mustelidae,2,Bajo
2411,Eira barbara,Eira barbara,Dasyprocta azarae,Dasyprocta azarae,Dasyprocta azarae,Eira barbara,Eira barbara,Eira barbara,Dasyprocta azarae,Dasyprocta azarae,Dasyprocta azarae,Eira barbara,Eira,Mustelidae,2,Bajo
2412,Eira barbara,Eira barbara,Odontophorus capueira,Eira barbara,Eira barbara,Penelope superciliaris,Eira barbara,Aramides saracura,Odontophorus capueira,Odontophorus capueira,Odontophorus capueira,Eira barbara,Eira,Mustelidae,2,Bajo
2413,Eira barbara,Eira barbara,Eira barbara,Eira barbara,Eira barbara,Eira barbara,Eira barbara,Eira barbara,Eira barbara,Eira barbara,Eira barbara,Eira barbara,Eira,Mustelidae,2,Bajo
2414,Eira barbara,Eira barbara,Galictis cuja,Dasyprocta azarae,Eira barbara,Eira barbara,Eira barbara,Eira barbara,Galictis cuja,Galictis cuja,Galictis cuja,Eira barbara,Eira,Mustelidae,2,Bajo
2415,Eira barbara,Galictis cuja,Galictis cuja,Galictis cuja,Crypturellus tataupa,Galictis cuja,Eira barbara,Dasyprocta azarae,Galictis cuja,Galictis cuja,Galictis cuja,Eira barbara,Eira,Mustelidae,2,Bajo
2417,Eira barbara,Eira barbara,Eira barbara,Eira barbara,Eira barbara,Eira barbara,Eira barbara,Eira barbara,Eira barbara,Eira barbara,Eira barbara,Eira barbara,Eira,Mustelidae,2,Bajo
2419,Eira barbara,Galictis cuja,Eira barbara,Eira barbara,Eira barbara,Galictis cuja,Galictis cuja,Galictis cuja,Eira barbara,Eira barbara,Eira barbara,Galictis cuja,Eira,Mustelidae,2,Bajo
2420,Eira barbara,Didelphis aurita,Didelphis aurita,Didelphis aurita,Didelphis aurita,Didelphis aurita,Didelphis aurita,Galictis cuja,Didelphis aurita,Didelphis aurita,Didelphis aurita,Didelphis aurita,Eira,Mustelidae,2,Bajo
2421,Eira barbara,Eira barbara,Leptotila verreauxi,Aramides saracura,Aramides saracura,Mackenziaena leachii,Eira barbara,Sapajus nigritus,Leptotila verreauxi,Leptotila verreauxi,Leptotila verreauxi,Eira barbara,Eira,Mustelidae,2,Bajo
2423,Eira barbara,Eira barbara,Eira barbara,Eira barbara,Eira barbara,Eira barbara,Eira barbara,Eira barbara,Eira barbara,Eira barbara,Eira barbara,Eira barbara,Eira,Mustelidae,2,Bajo
2424,Eira barbara,Eira barbara,Eira barbara,Eira barbara,Eira barbara,Eira barbara,Eira barbara,Eira barbara,Eira barbara,Eira barbara,Eira barbara,Eira barbara,Eira,Mustelidae,2,Bajo
2425,Eira barbara,Eira barbara,Eira barbara,Eira barbara,Eira barbara,Eira barbara,Eira barbara,Eira barbara,Eira barbara,Eira barbara,Eira barbara,Eira barbara,Eira,Mustelidae,2,Bajo
2426,Eira barbara,Eira barbara,Eira barbara,Eira barbara,Eira barbara,Eira barbara,Eira barbara,Eira barbara,Eira barbara,Eira barbara,Eira barbara,Eira barbara,Eira,Mustelidae,2,Bajo
2428,Eira barbara,Eira barbara,Eira barbara,Eira barbara,Eira barbara,Eira barbara,Eira barbara,Eira barbara,Eira barbara,Eira barbara,Eira barbara,Eira barbara,Eira,Mustelidae,2,Bajo
2430,Eira barbara,Eira barbara,Eira barbara,Eira barbara,Eira barbara,Eira barbara,Eira barbara,Eira barbara,Eira barbara,Eira barbara,Eira barbara,Eira barbara,Eira,Mustelidae,2,Bajo
2431,Eira barbara,Eira barbara,Eira barbara,Eira barbara,Eira barbara,Eira barbara,Eira barbara,Eira barbara,Eira barbara,Eira barbara,Eira barbara,Eira barbara,Eira,Mustelidae,2,Bajo
2432,Eira barbara,Eira barbara,Eira barbara,Eira barbara,Eira barbara,Eira barbara,Eira barbara,Eira barbara,Eira barbara,Eira barbara,Eira barbara,Eira barbara,Eira,Mustelidae,2,Bajo
2434,Eira barbara,Eira barbara,Galictis cuja,Eira barbara,Eira barbara,Eira barbara,Eira barbara,Nasua nasua,Galictis cuja,Galictis cuja,Galictis cuja,Eira barbara,Eira,Mustelidae,2,Bajo
2435,Eira barbara,Herpailurus yagouaroundi,Tayassu pecari,Dasyprocta azarae,Cerdocyon thous,Galictis cuja,Galictis cuja,Hydrochoerus hydrochaeris,Tayassu pecari,Tayassu pecari,Tayassu pecari,Herpailurus yagouaroundi,Eira,Mustelidae,2,Bajo
2436,Eira barbara,Eira barbara,Eira barbara,Eira barbara,Eira barbara,Eira barbara,Eira barbara,Eira barbara,Eira barbara,Eira barbara,Eira barbara,Eira barbara,Eira,Mustelidae,2,Bajo
2437,Eira barbara,Galictis cuja,Galictis cuja,Galictis cuja,Galictis cuja,Galictis cuja,Galictis cuja,Galictis cuja,Galictis cuja,Galictis cuja,Galictis cuja,Galictis cuja,Eira,Mustelidae,2,Bajo
2440,Eira barbara,Eira barbara,Eira barbara,Eira barbara,Eira barbara,Eira barbara,Eira barbara,Eira barbara,Eira barbara,Eira barbara,Eira barbara,Eira barbara,Eira,Mustelidae,2,Bajo
2443,Eira barbara,Myrmecophaga tridactyla,Eira barbara,Eira barbara,Eira barbara,Eira barbara,Eira barbara,Dasyprocta azarae,Eira barbara,Eira barbara,Eira barbara,Myrmecophaga tridactyla,Eira,Mustelidae,2,Bajo
2444,Eira barbara,Crypturellus tataupa,Leptotila verreauxi,Aramides saracura,Aramides saracura,Leptotila verreauxi,Eira barbara,Hydropsalis torquata,Leptotila verreauxi,Leptotila verreauxi,Leptotila verreauxi,Crypturellus tataupa,Eira,Mustelidae,2,Bajo
2445,Eira barbara,Eira barbara,Eira barbara,Eira barbara,Eira barbara,Eira barbara,Eira barbara,Eira barbara,Eira barbara,Eira barbara,Eira barbara,Eira barbara,Eira,Mustelidae,2,Bajo
2446,Eira barbara,Eira barbara,Sapajus nigritus,Galictis cuja,Eira barbara,Eira barbara,Eira barbara,Galictis cuja,Sapajus nigritus,Sapajus nigritus,Sapajus nigritus,Eira barbara,Eira,Mustelidae,2,Bajo
2447,Eira barbara,Eira barbara,Eira barbara,Eira barbara,Eira barbara,Eira barbara,Eira barbara,Eira barbara,Eira barbara,Eira barbara,Eira barbara,Eira barbara,Eira,Mustelidae,2,Bajo
2448,Eira barbara,Eira barbara,Eira barbara,Eira barbara,Eira barbara,Eira barbara,Eira barbara,Eira barbara,Eira barbara,Eira barbara,Eira barbara,Eira barbara,Eira,Mustelidae,2,Bajo
2449,Eira barbara,Sapajus nigritus,Sapajus nigritus,Sapajus nigritus,Eira barbara,Eira barbara,Sapajus nigritus,Eira barbara,Sapajus nigritus,Sapajus nigritus,Sapajus nigritus,Sapajus nigritus,Eira,Mustelidae,2,Bajo
2450,Eira barbara,Sapajus nigritus,Pecari tajacu,Eira barbara,Eira barbara,Sapajus nigritus,Eira barbara,Sapajus nigritus,Pecari tajacu,Pecari tajacu,Pecari tajacu,Tayassu pecari,Eira,Mustelidae,2,Bajo
2451,Eira barbara,Eira barbara,Galictis cuja,Eira barbara,Eira barbara,Eira barbara,Eira barbara,Eira barbara,Galictis cuja,Galictis cuja,Galictis cuja,Eira barbara,Eira,Mustelidae,2,Bajo
2452,Eira barbara,Eira barbara,Eira barbara,Eira barbara,Eira barbara,Eira barbara,Eira barbara,Eira barbara,Eira barbara,Eira barbara,Eira barbara,Eira barbara,Eira,Mustelidae,2,Bajo
2453,Eira barbara,Galictis cuja,Eira barbara,Eira barbara,Eira barbara,Eira barbara,Galictis cuja,Tamandua tetradactyla,Eira barbara,Eira barbara,Eira barbara,Galictis cuja,Eira,Mustelidae,2,Bajo
2454,Eira barbara,Eira barbara,Eira barbara,Eira barbara,Eira barbara,Eira barbara,Eira barbara,Eira barbara,Eira barbara,Eira barbara,Eira barbara,Eira barbara,Eira,Mustelidae,2,Bajo
2455,Galictis cuja,Galictis cuja,Myrmecophaga tridactyla,Didelphis aurita,Didelphis aurita,Galictis cuja,Galictis cuja,Didelphis aurita,Myrmecophaga tridactyla,Myrmecophaga tridactyla,Myrmecophaga tridactyla,Galictis cuja,Galictis,Mustelidae,1,Bajo
2456,Galictis cuja,Galictis cuja,Cerdocyon thous,Cerdocyon thous,Cerdocyon thous,Cerdocyon thous,Galictis cuja,Didelphis aurita,Cerdocyon thous,Cerdocyon thous,Cerdocyon thous,Cerdocyon thous,Galictis,Mustelidae,1,Bajo
2457,Galictis cuja,Galictis cuja,Didelphis aurita,Didelphis aurita,Didelphis aurita,Galictis cuja,Galictis cuja,Galictis cuja,Didelphis aurita,Didelphis aurita,Didelphis aurita,Galictis cuja,Galictis,Mustelidae,1,Bajo
2458,Galictis cuja,Eira barbara,Dasyprocta azarae,Dasyprocta azarae,Dasyprocta azarae,Eira barbara,Eira barbara,Penelope superciliaris,Dasyprocta azarae,Dasyprocta azarae,Dasyprocta azarae,Eira barbara,Galictis,Mustelidae,1,Bajo
2459,Galictis cuja,Nothura maculosa,Lepus europaeus,Nothura maculosa,Nothura maculosa,Nothura maculosa,Nothura maculosa,Nothura maculosa,Lepus europaeus,Lepus europaeus,Lepus europaeus,Nothura maculosa,Galictis,Mustelidae,1,Bajo
2460,Galictis cuja,Galictis cuja,Galictis cuja,Galictis cuja,Galictis cuja,Galictis cuja,Galictis cuja,Galictis cuja,Galictis cuja,Galictis cuja,Galictis cuja,Galictis cuja,Galictis,Mustelidae,1,Bajo
2463,Galictis cuja,Galictis cuja,Myrmecophaga tridactyla,Galictis cuja,Didelphis aurita,Galictis cuja,Galictis cuja,Didelphis aurita,Myrmecophaga tridactyla,Myrmecophaga tridactyla,Myrmecophaga tridactyla,Myrmecophaga tridactyla,Galictis,Mustelidae,1,Bajo
2464,Galictis cuja,Galictis cuja,Galictis cuja,Galictis cuja,Galictis cuja,Galictis cuja,Galictis cuja,Galictis cuja,Galictis cuja,Galictis cuja,Galictis cuja,Galictis cuja,Galictis,Mustelidae,1,Bajo
2465,Galictis cuja,Didelphis albiventris,Myrmecophaga tridactyla,Didelphis albiventris,Didelphis albiventris,Galictis cuja,Didelphis albiventris,Didelphis albiventris,Myrmecophaga tridactyla,Myrmecophaga tridactyla,Myrmecophaga tridactyla,Didelphis albiventris,Galictis,Mustelidae,1,Bajo
2466,Galictis cuja,Tamandua tetradactyla,Nasua nasua,Galictis cuja,Galictis cuja,Tamandua tetradactyla,Tamandua tetradactyla,Galictis cuja,Nasua nasua,Nasua nasua,Nasua nasua,Tamandua tetradactyla,Galictis,Mustelidae,1,Bajo
2467,Galictis cuja,Eira barbara,Tamandua tetradactyla,Eira barbara,Eira barbara,Nasua nasua,Eira barbara,Eira barbara,Tamandua tetradactyla,Tamandua tetradactyla,Tamandua tetradactyla,Eira barbara,Galictis,Mustelidae,1,Bajo
2468,Galictis cuja,Galictis cuja,Galictis cuja,Galictis cuja,Pecari tajacu,Galictis cuja,Galictis cuja,Galictis cuja,Galictis cuja,Galictis cuja,Galictis cuja,Galictis cuja,Galictis,Mustelidae,1,Bajo
2469,Galictis cuja,Leopardus wiedii,Eira barbara,Eira barbara,Eira barbara,Galictis cuja,Galictis cuja,Eira barbara,Eira barbara,Eira barbara,Eira barbara,Leopardus pardalis,Galictis,Mustelidae,1,Bajo
2470,Galictis cuja,Galictis cuja,Myrmecophaga tridactyla,Galictis cuja,Galictis cuja,Galictis cuja,Galictis cuja,Eira barbara,Myrmecophaga tridactyla,Myrmecophaga tridactyla,Myrmecophaga tridactyla,Galictis cuja,Galictis,Mustelidae,1,Bajo
2471,Galictis cuja,Galictis cuja,Herpailurus yagouaroundi,Galictis cuja,Galictis cuja,Galictis cuja,Galictis cuja,Eira barbara,Herpailurus yagouaroundi,Herpailurus yagouaroundi,Herpailurus yagouaroundi,Galictis cuja,Galictis,Mustelidae,1,Bajo
2472,Galictis cuja,Leopardus wiedii,Leptotila verreauxi,Aramides saracura,Aramides saracura,Leptotila verreauxi,Dasyprocta azarae,Aramides saracura,Leptotila verreauxi,Leptotila verreauxi,Leptotila verreauxi,Tayassu pecari,Galictis,Mustelidae,1,Bajo
2473,Galictis cuja,Galictis cuja,Pecari tajacu,Pecari tajacu,Galictis cuja,Galictis cuja,Galictis cuja,Lontra longicaudis,Pecari tajacu,Pecari tajacu,Pecari tajacu,Galictis cuja,Galictis,Mustelidae,1,Bajo
2475,Galictis cuja,Galictis cuja,Didelphis aurita,Didelphis aurita,Didelphis aurita,Galictis cuja,Galictis cuja,Galictis cuja,Didelphis aurita,Didelphis aurita,Didelphis aurita,Galictis cuja,Galictis,Mustelidae,1,Bajo
2476,Galictis cuja,Galictis cuja,Myrmecophaga tridactyla,Myrmecophaga tridactyla,Nasua nasua,Galictis cuja,Galictis cuja,Didelphis aurita,Myrmecophaga tridactyla,Myrmecophaga tridactyla,Myrmecophaga tridactyla,Galictis cuja,Galictis,Mustelidae,1,Bajo
2477,Galictis cuja,Galictis cuja,Galictis cuja,Galictis cuja,Galictis cuja,Galictis cuja,Galictis cuja,Galictis cuja,Galictis cuja,Galictis cuja,Galictis cuja,Galictis cuja,Galictis,Mustelidae,1,Bajo
2478,Galictis cuja,Galictis cuja,Galictis cuja,Galictis cuja,Galictis cuja,Galictis cuja,Galictis cuja,Galictis cuja,Galictis cuja,Galictis cuja,Galictis cuja,Galictis cuja,Galictis,Mustelidae,1,Bajo
2479,Galictis cuja,Procyon cancrivorus,Procyon cancrivorus,Herpailurus yagouaroundi,Procyon cancrivorus,Galictis cuja,Galictis cuja,Eira barbara,Procyon cancrivorus,Procyon cancrivorus,Procyon cancrivorus,Procyon cancrivorus,Galictis,Mustelidae,1,Bajo
2480,Galictis cuja,Galictis cuja,Nasua nasua,Nasua nasua,Nasua nasua,Nasua nasua,Galictis cuja,Nasua nasua,Nasua nasua,Nasua nasua,Nasua nasua,Nasua nasua,Galictis,Mustelidae,1,Bajo
2482,Galictis cuja,Galictis cuja,Galictis cuja,Galictis cuja,Galictis cuja,Galictis cuja,Galictis cuja,Galictis cuja,Galictis cuja,Galictis cuja,Galictis cuja,Galictis cuja,Galictis,Mustelidae,1,Bajo
2483,Galictis cuja,Galictis cuja,Myrmecophaga tridactyla,Didelphis albiventris,Nasua nasua,Myrmecophaga tridactyla,Galictis cuja,Didelphis aurita,Myrmecophaga tridactyla,Myrmecophaga tridactyla,Myrmecophaga tridactyla,Galictis cuja,Galictis,Mustelidae,1,Bajo
2484,Galictis cuja,Galictis cuja,Herpailurus yagouaroundi,Cyanocorax chrysops,Cyanocorax chrysops,Cyanocorax chrysops,Galictis cuja,Galictis cuja,Herpailurus yagouaroundi,Herpailurus yagouaroundi,Herpailurus yagouaroundi,Cyanocorax chrysops,Galictis,Mustelidae,1,Bajo
2485,Galictis cuja,Galictis cuja,Didelphis aurita,Galictis cuja,Galictis cuja,Galictis cuja,Galictis cuja,Didelphis aurita,Didelphis aurita,Didelphis aurita,Didelphis aurita,Galictis cuja,Galictis,Mustelidae,1,Bajo
2486,Galictis cuja,Galictis cuja,Galictis cuja,Galictis cuja,Galictis cuja,Galictis cuja,Galictis cuja,Didelphis aurita,Galictis cuja,Galictis cuja,Galictis cuja,Galictis cuja,Galictis,Mustelidae,1,Bajo
2487,Galictis cuja,Galictis cuja,Galictis cuja,Dasypus novemcinctus,Galictis cuja,Salvator merianae,Galictis cuja,Salvator merianae,Galictis cuja,Galictis cuja,Galictis cuja,Herpailurus yagouaroundi,Galictis,Mustelidae,1,Bajo
2488,Galictis cuja,Didelphis albiventris,Sapajus nigritus,Myiothlypis leucoblephara,Myiothlypis leucoblephara,Didelphis albiventris,Didelphis albiventris,Sapajus nigritus,Sapajus nigritus,Sapajus nigritus,Sapajus nigritus,Didelphis albiventris,Galictis,Mustelidae,1,Bajo
2489,Galictis cuja,Galictis cuja,Galictis cuja,Galictis cuja,Galictis cuja,Galictis cuja,Galictis cuja,Galictis cuja,Galictis cuja,Galictis cuja,Galictis cuja,Galictis cuja,Galictis,Mustelidae,1,Bajo
2490,Galictis cuja,Galictis cuja,Galictis cuja,Galictis cuja,Galictis cuja,Galictis cuja,Galictis cuja,Galictis cuja,Galictis cuja,Galictis cuja,Galictis cuja,Galictis cuja,Galictis,Mustelidae,1,Bajo
2491,Galictis cuja,Galictis cuja,Galictis cuja,Galictis cuja,Galictis cuja,Galictis cuja,Galictis cuja,Galictis cuja,Galictis cuja,Galictis cuja,Galictis cuja,Galictis cuja,Galictis,Mustelidae,1,Bajo
2494,Galictis cuja,Galictis cuja,Galictis cuja,Cerdocyon thous,Cerdocyon thous,Galictis cuja,Galictis cuja,Didelphis aurita,Galictis cuja,Galictis cuja,Galictis cuja,Galictis cuja,Galictis,Mustelidae,1,Bajo
2496,Galictis cuja,Galictis cuja,Galictis cuja,Galictis cuja,Galictis cuja,Galictis cuja,Galictis cuja,Galictis cuja,Galictis cuja,Galictis cuja,Galictis cuja,Galictis cuja,Galictis,Mustelidae,1,Bajo
2497,Galictis cuja,Galictis cuja,Didelphis aurita,Didelphis aurita,Didelphis aurita,Galictis cuja,Galictis cuja,Galictis cuja,Didelphis aurita,Didelphis aurita,Didelphis aurita,Galictis cuja,Galictis,Mustelidae,1,Bajo
2498,Galictis cuja,Galictis cuja,Sus scrofa,Didelphis aurita,Didelphis aurita,Galictis cuja,Galictis cuja,Myrmecophaga tridactyla,Sus scrofa,Sus scrofa,Sus scrofa,Galictis cuja,Galictis,Mustelidae,1,Bajo
2499,Galictis cuja,Galictis cuja,Nasua nasua,Nasua nasua,Nasua nasua,Galictis cuja,Galictis cuja,Galictis cuja,Nasua nasua,Nasua nasua,Nasua nasua,Galictis cuja,Galictis,Mustelidae,1,Bajo
2500,Galictis cuja,Galictis cuja,Galictis cuja,Galictis cuja,Galictis cuja,Galictis cuja,Galictis cuja,Galictis cuja,Galictis cuja,Galictis cuja,Galictis cuja,Galictis cuja,Galictis,Mustelidae,1,Bajo
2501,Galictis cuja,Tamandua tetradactyla,Myrmecophaga tridactyla,Euphractus sexcinctus,Dasypus novemcinctus,Lontra longicaudis,Galictis cuja,Hydrochoerus hydrochaeris,Myrmecophaga tridactyla,Myrmecophaga tridactyla,Myrmecophaga tridactyla,Tamandua tetradactyla,Galictis,Mustelidae,1,Bajo
2502,Galictis cuja,Galictis cuja,Galictis cuja,Galictis cuja,Galictis cuja,Galictis cuja,Galictis cuja,Galictis cuja,Galictis cuja,Galictis cuja,Galictis cuja,Galictis cuja,Galictis,Mustelidae,1,Bajo
2503,Galictis cuja,Galictis cuja,Galictis cuja,Galictis cuja,Galictis cuja,Galictis cuja,Galictis cuja,Galictis cuja,Galictis cuja,Galictis cuja,Galictis cuja,Galictis cuja,Galictis,Mustelidae,1,Bajo
2504,Galictis cuja,Galictis cuja,Myrmecophaga tridactyla,Galictis cuja,Didelphis albiventris,Galictis cuja,Galictis cuja,Galictis cuja,Myrmecophaga tridactyla,Myrmecophaga tridactyla,Myrmecophaga tridactyla,Galictis cuja,Galictis,Mustelidae,1,Bajo
2505,Galictis cuja,Galictis cuja,Pecari tajacu,Galictis cuja,Hydrochoerus hydrochaeris,Galictis cuja,Galictis cuja,Galictis cuja,Pecari tajacu,Pecari tajacu,Pecari tajacu,Galictis cuja,Galictis,Mustelidae,1,Bajo
2506,Galictis cuja,Galictis cuja,Galictis cuja,Galictis cuja,Galictis cuja,Galictis cuja,Galictis cuja,Galictis cuja,Galictis cuja,Galictis cuja,Galictis cuja,Galictis cuja,Galictis,Mustelidae,1,Bajo
2507,Galictis cuja,Galictis cuja,Eira barbara,Eira barbara,Eira barbara,Galictis cuja,Galictis cuja,Hydrochoerus hydrochaeris,Eira barbara,Eira barbara,Eira barbara,Galictis cuja,Galictis,Mustelidae,1,Bajo
2508,Galictis cuja,Eira barbara,Eira barbara,Crypturellus tataupa,Crypturellus tataupa,Eira barbara,Eira barbara,Crypturellus tataupa,Eira barbara,Eira barbara,Eira barbara,Eira barbara,Galictis,Mustelidae,1,Bajo
2510,Galictis cuja,Galictis cuja,Myrmecophaga tridactyla,Myrmecophaga tridactyla,Myrmecophaga tridactyla,Galictis cuja,Galictis cuja,Gubernetes yetapa,Myrmecophaga tridactyla,Myrmecophaga tridactyla,Myrmecophaga tridactyla,Galictis cuja,Galictis,Mustelidae,1,Bajo
2512,Galictis cuja,Galictis cuja,Galictis cuja,Galictis cuja,Galictis cuja,Galictis cuja,Galictis cuja,Myrmecophaga tridactyla,Galictis cuja,Galictis cuja,Galictis cuja,Galictis cuja,Galictis,Mustelidae,1,Bajo
2514,Galictis cuja,Galictis cuja,Myrmecophaga tridactyla,Didelphis albiventris,Didelphis albiventris,Galictis cuja,Galictis cuja,Myrmecophaga tridactyla,Myrmecophaga tridactyla,Myrmecophaga tridactyla,Myrmecophaga tridactyla,Galictis cuja,Galictis,Mustelidae,1,Bajo
2518,Galictis cuja,Galictis cuja,Nothura maculosa,Aramides saracura,Aramides saracura,Galictis cuja,Galictis cuja,Baryphthengus ruficapillus,Nothura maculosa,Nothura maculosa,Nothura maculosa,Aramides saracura,Galictis,Mustelidae,1,Bajo
2519,Galictis cuja,Galictis cuja,Myrmecophaga tridactyla,Myrmecophaga tridactyla,Myrmecophaga tridactyla,Galictis cuja,Galictis cuja,Eira barbara,Myrmecophaga tridactyla,Myrmecophaga tridactyla,Myrmecophaga tridactyla,Myrmecophaga tridactyla,Galictis,Mustelidae,1,Bajo
2520,Galictis cuja,Galictis cuja,Lontra longicaudis,Eira barbara,Eira barbara,Galictis cuja,Galictis cuja,Lontra longicaudis,Lontra longicaudis,Lontra longicaudis,Lontra longicaudis,Galictis cuja,Galictis,Mustelidae,1,Bajo
2521,Galictis cuja,Didelphis albiventris,Didelphis albiventris,Didelphis albiventris,Didelphis albiventris,Tamandua tetradactyla,Didelphis albiventris,Lontra longicaudis,Didelphis albiventris,Didelphis albiventris,Didelphis albiventris,Didelphis albiventris,Galictis,Mustelidae,1,Bajo
2522,Lontra longicaudis,Lontra longicaudis,Lontra longicaudis,Lontra longicaudis,Herpailurus yagouaroundi,Lontra longicaudis,Lontra longicaudis,Subulo gouazoubira,Lontra longicaudis,Lontra longicaudis,Lontra longicaudis,Lontra longicaudis,Lontra,Mustelidae,4,Alto
2523,Lontra longicaudis,Lontra longicaudis,Lontra longicaudis,Lontra longicaudis,Lontra longicaudis,Lontra longicaudis,Lontra longicaudis,Lontra longicaudis,Lontra longicaudis,Lontra longicaudis,Lontra longicaudis,Lontra longicaudis,Lontra,Mustelidae,4,Alto
2524,Lontra longicaudis,Lontra longicaudis,Herpailurus yagouaroundi,Herpailurus yagouaroundi,Lontra longicaudis,Lontra longicaudis,Lontra longicaudis,Herpailurus yagouaroundi,Herpailurus yagouaroundi,Herpailurus yagouaroundi,Herpailurus yagouaroundi,Lontra longicaudis,Lontra,Mustelidae,4,Alto
2525,Lontra longicaudis,Lontra longicaudis,Lontra longicaudis,Lontra longicaudis,Hydrochoerus hydrochaeris,Lontra longicaudis,Lontra longicaudis,Eira barbara,Lontra longicaudis,Lontra longicaudis,Lontra longicaudis,Lontra longicaudis,Lontra,Mustelidae,4,Alto
2526,Lontra longicaudis,Lontra longicaudis,Cerdocyon thous,Cerdocyon thous,Hydrochoerus hydrochaeris,Lontra longicaudis,Lontra longicaudis,Hydrochoerus hydrochaeris,Cerdocyon thous,Cerdocyon thous,Cerdocyon thous,Lontra longicaudis,Lontra,Mustelidae,4,Alto
2527,Lontra longicaudis,Cerdocyon thous,Cerdocyon thous,Cerdocyon thous,Cerdocyon thous,Cerdocyon thous,Cerdocyon thous,Cerdocyon thous,Cerdocyon thous,Cerdocyon thous,Cerdocyon thous,Cerdocyon thous,Lontra,Mustelidae,4,Alto
2528,Lontra longicaudis,Eira barbara,Herpailurus yagouaroundi,Crypturellus tataupa,Eira barbara,Eira barbara,Eira barbara,Eira barbara,Herpailurus yagouaroundi,Herpailurus yagouaroundi,Herpailurus yagouaroundi,Eira barbara,Lontra,Mustelidae,4,Alto
2530,Lontra longicaudis,Lontra longicaudis,Lontra longicaudis,Lontra longicaudis,Lontra longicaudis,Lontra longicaudis,Lontra longicaudis,Lontra longicaudis,Lontra longicaudis,Lontra longicaudis,Lontra longicaudis,Lontra longicaudis,Lontra,Mustelidae,4,Alto
2531,Lontra longicaudis,Lontra longicaudis,Lontra longicaudis,Lontra longicaudis,Lontra longicaudis,Lontra longicaudis,Lontra longicaudis,Lontra longicaudis,Lontra longicaudis,Lontra longicaudis,Lontra longicaudis,Lontra longicaudis,Lontra,Mustelidae,4,Alto
2532,Lontra longicaudis,Lontra longicaudis,Lontra longicaudis,Lontra longicaudis,Lontra longicaudis,Lontra longicaudis,Lontra longicaudis,Cyanoloxia brissonii,Lontra longicaudis,Lontra longicaudis,Lontra longicaudis,Lontra longicaudis,Lontra,Mustelidae,4,Alto
2533,Lontra longicaudis,Lontra longicaudis,Lontra longicaudis,Lontra longicaudis,Lontra longicaudis,Lontra longicaudis,Lontra longicaudis,Panthera onca,Lontra longicaudis,Lontra longicaudis,Lontra longicaudis,Lontra longicaudis,Lontra,Mustelidae,4,Alto
2534,Lontra longicaudis,Lontra longicaudis,Lontra longicaudis,Lontra longicaudis,Lontra longicaudis,Lontra longicaudis,Lontra longicaudis,Lontra longicaudis,Lontra longicaudis,Lontra longicaudis,Lontra longicaudis,Lontra longicaudis,Lontra,Mustelidae,4,Alto
2536,Lontra longicaudis,Eira barbara,Salvator merianae,Salvator merianae,Salvator merianae,Salvator merianae,Salvator merianae,Lontra longicaudis,Salvator merianae,Salvator merianae,Salvator merianae,Eira barbara,Lontra,Mustelidae,4,Alto
2538,Lontra longicaudis,Lontra longicaudis,Lontra longicaudis,Eira barbara,Eira barbara,Lontra longicaudis,Eira barbara,Procyon cancrivorus,Lontra longicaudis,Lontra longicaudis,Lontra longicaudis,Eira barbara,Lontra,Mustelidae,4,Alto
2539,Lontra longicaudis,Lontra longicaudis,Subulo gouazoubira,Lontra longicaudis,Lontra longicaudis,Lontra longicaudis,Lontra longicaudis,Lontra longicaudis,Subulo gouazoubira,Subulo gouazoubira,Subulo gouazoubira,Lontra longicaudis,Lontra,Mustelidae,4,Alto
2540,Lontra longicaudis,Lontra longicaudis,Lontra longicaudis,Lontra longicaudis,Lontra longicaudis,Lontra longicaudis,Lontra longicaudis,Lontra longicaudis,Lontra longicaudis,Lontra longicaudis,Lontra longicaudis,Lontra longicaudis,Lontra,Mustelidae,4,Alto
2542,Lontra longicaudis,Lontra longicaudis,Lontra longicaudis,Lontra longicaudis,Lontra longicaudis,Lontra longicaudis,Lontra longicaudis,Lontra longicaudis,Lontra longicaudis,Lontra longicaudis,Lontra longicaudis,Lontra longicaudis,Lontra,Mustelidae,4,Alto
2543,Lontra longicaudis,Lontra longicaudis,Salvator merianae,Cyanocorax chrysops,Cyanocorax chrysops,Brotogeris chiriri,Lontra longicaudis,Lontra longicaudis,Salvator merianae,Salvator merianae,Salvator merianae,Lontra longicaudis,Lontra,Mustelidae,4,Alto
2545,Lontra longicaudis,Lontra longicaudis,Lontra longicaudis,Lontra longicaudis,Lontra longicaudis,Lontra longicaudis,Lontra longicaudis,Pecari tajacu,Lontra longicaudis,Lontra longicaudis,Lontra longicaudis,Lontra longicaudis,Lontra,Mustelidae,4,Alto
2546,Lontra longicaudis,Lontra longicaudis,Lontra longicaudis,Lontra longicaudis,Lontra longicaudis,Lontra longicaudis,Lontra longicaudis,Sus scrofa,Lontra longicaudis,Lontra longicaudis,Lontra longicaudis,Lontra longicaudis,Lontra,Mustelidae,4,Alto
2547,Lontra longicaudis,Lontra longicaudis,Lontra longicaudis,Lontra longicaudis,Lontra longicaudis,Pipile jacutinga,Lontra longicaudis,Dasypus novemcinctus,Lontra longicaudis,Lontra longicaudis,Lontra longicaudis,Lontra longicaudis,Lontra,Mustelidae,4,Alto
2548,Lontra longicaudis,Lontra longicaudis,Lontra longicaudis,Lontra longicaudis,Lontra longicaudis,Lontra longicaudis,Lontra longicaudis,Lontra longicaudis,Lontra longicaudis,Lontra longicaudis,Lontra longicaudis,Lontra longicaudis,Lontra,Mustelidae,4,Alto
2550,Lontra longicaudis,Lontra longicaudis,Lontra longicaudis,Lontra longicaudis,Lontra longicaudis,Lontra longicaudis,Lontra longicaudis,Lontra longicaudis,Lontra longicaudis,Lontra longicaudis,Lontra longicaudis,Lontra longicaudis,Lontra,Mustelidae,4,Alto
2552,Lontra longicaudis,Lontra longicaudis,Lontra longicaudis,Lontra longicaudis,Lontra longicaudis,Lontra longicaudis,Lontra longicaudis,Lontra longicaudis,Lontra longicaudis,Lontra longicaudis,Lontra longicaudis,Lontra longicaudis,Lontra,Mustelidae,4,Alto
2553,Lontra longicaudis,Lontra longicaudis,Lontra longicaudis,Lontra longicaudis,Lontra longicaudis,Lontra longicaudis,Lontra longicaudis,Lontra longicaudis,Lontra longicaudis,Lontra longicaudis,Lontra longicaudis,Lontra longicaudis,Lontra,Mustelidae,4,Alto
2554,Lontra longicaudis,Lontra longicaudis,Lontra longicaudis,Lontra longicaudis,Lontra longicaudis,Lontra longicaudis,Lontra longicaudis,Lontra longicaudis,Lontra longicaudis,Lontra longicaudis,Lontra longicaudis,Lontra longicaudis,Lontra,Mustelidae,4,Alto
2555,Lontra longicaudis,Lontra longicaudis,Hydrochoerus hydrochaeris,Lontra longicaudis,Lontra longicaudis,Lontra longicaudis,Lontra longicaudis,Lontra longicaudis,Hydrochoerus hydrochaeris,Hydrochoerus hydrochaeris,Hydrochoerus hydrochaeris,Lontra longicaudis,Lontra,Mustelidae,4,Alto
2556,Lontra longicaudis,Salvator merianae,Dasypus novemcinctus,Dasypus novemcinctus,Salvator merianae,Salvator merianae,Salvator merianae,Salvator merianae,Dasypus novemcinctus,Dasypus novemcinctus,Dasypus novemcinctus,Salvator merianae,Lontra,Mustelidae,4,Alto
2557,Lontra longicaudis,Herpailurus yagouaroundi,Lontra longicaudis,Lontra longicaudis,Lontra longicaudis,Lontra longicaudis,Lontra longicaudis,Galictis cuja,Lontra longicaudis,Lontra longicaudis,Lontra longicaudis,Herpailurus yagouaroundi,Lontra,Mustelidae,4,Alto
2559,Lontra longicaudis,Herpailurus yagouaroundi,Eira barbara,Eira barbara,Eira barbara,Eira barbara,Eira barbara,Hydrochoerus hydrochaeris,Eira barbara,Eira barbara,Eira barbara,Eira barbara,Lontra,Mustelidae,4,Alto
2560,Lontra longicaudis,Lontra longicaudis,Cyanocorax chrysops,Lontra longicaudis,Lontra longicaudis,Lontra longicaudis,Lontra longicaudis,Sus scrofa,Cyanocorax chrysops,Cyanocorax chrysops,Cyanocorax chrysops,Lontra longicaudis,Lontra,Mustelidae,4,Alto
2561,Lontra longicaudis,Lontra longicaudis,Lontra longicaudis,Lontra longicaudis,Lontra longicaudis,Lontra longicaudis,Lontra longicaudis,Lontra longicaudis,Lontra longicaudis,Lontra longicaudis,Lontra longicaudis,Lontra longicaudis,Lontra,Mustelidae,4,Alto
2563,Lontra longicaudis,Lontra longicaudis,Lontra longicaudis,Lontra longicaudis,Aramides saracura,Lontra longicaudis,Lontra longicaudis,Lontra longicaudis,Lontra longicaudis,Lontra longicaudis,Lontra longicaudis,Lontra longicaudis,Lontra,Mustelidae,4,Alto
2564,Lontra longicaudis,Lontra longicaudis,Lontra longicaudis,Lontra longicaudis,Lontra longicaudis,Lontra longicaudis,Lontra longicaudis,Lontra longicaudis,Lontra longicaudis,Lontra longicaudis,Lontra longicaudis,Lontra longicaudis,Lontra,Mustelidae,4,Alto
2565,Lontra longicaudis,Lontra longicaudis,Lontra longicaudis,Hydrochoerus hydrochaeris,Hydrochoerus hydrochaeris,Lontra longicaudis,Lontra longicaudis,Baryphthengus ruficapillus,Lontra longicaudis,Lontra longicaudis,Lontra longicaudis,Lontra longicaudis,Lontra,Mustelidae,4,Alto
2566,Lontra longicaudis,Lontra longicaudis,Lontra longicaudis,Lontra longicaudis,Lontra longicaudis,Lontra longicaudis,Lontra longicaudis,Lontra longicaudis,Lontra longicaudis,Lontra longicaudis,Lontra longicaudis,Lontra longicaudis,Lontra,Mustelidae,4,Alto
2567,Lontra longicaudis,Lontra longicaudis,Lontra longicaudis,Lontra longicaudis,Lontra longicaudis,Lontra longicaudis,Lontra longicaudis,Lontra longicaudis,Lontra longicaudis,Lontra longicaudis,Lontra longicaudis,Lontra longicaudis,Lontra,Mustelidae,4,Alto
2568,Lontra longicaudis,Herpailurus yagouaroundi,Turdus rufiventris,Tachyphonus coronatus,Turdus albicollis,Turdus albicollis,Lontra longicaudis,Amazona aestiva,Turdus rufiventris,Turdus rufiventris,Turdus rufiventris,Herpailurus yagouaroundi,Lontra,Mustelidae,4,Alto
2569,Lontra longicaudis,Lontra longicaudis,Lontra longicaudis,Lontra longicaudis,Lontra longicaudis,Lontra longicaudis,Lontra longicaudis,Lontra longicaudis,Lontra longicaudis,Lontra longicaudis,Lontra longicaudis,Lontra longicaudis,Lontra,Mustelidae,4,Alto
2570,Lontra longicaudis,Herpailurus yagouaroundi,Hydrochoerus hydrochaeris,Herpailurus yagouaroundi,Lontra longicaudis,Herpailurus yagouaroundi,Galictis cuja,Hydrochoerus hydrochaeris,Hydrochoerus hydrochaeris,Hydrochoerus hydrochaeris,Hydrochoerus hydrochaeris,Herpailurus yagouaroundi,Lontra,Mustelidae,4,Alto
2573,Lontra longicaudis,Subulo gouazoubira,Subulo gouazoubira,Subulo gouazoubira,Subulo gouazoubira,Subulo gouazoubira,Subulo gouazoubira,Lycalopex gymnocerca,Subulo gouazoubira,Subulo gouazoubira,Subulo gouazoubira,Subulo gouazoubira,Lontra,Mustelidae,4,Alto
2574,Lontra longicaudis,Lontra longicaudis,Lontra longicaudis,Lontra longicaudis,Lontra longicaudis,Lontra longicaudis,Lontra longicaudis,Lontra longicaudis,Lontra longicaudis,Lontra longicaudis,Lontra longicaudis,Lontra longicaudis,Lontra,Mustelidae,4,Alto
2575,Lontra longicaudis,Galictis cuja,Herpailurus yagouaroundi,Cerdocyon thous,Cerdocyon thous,Lontra longicaudis,Galictis cuja,Galictis cuja,Herpailurus yagouaroundi,Herpailurus yagouaroundi,Herpailurus yagouaroundi,Galictis cuja,Lontra,Mustelidae,4,Alto
2576,Lontra longicaudis,Canis familiaris,Puma concolor concolor,Canis familiaris,Canis familiaris,Lepus europaeus,Lepus europaeus,Lepus europaeus,Puma concolor concolor,Puma concolor concolor,Puma concolor concolor,Puma concolor concolor,Lontra,Mustelidae,4,Alto
2577,Lontra longicaudis,Lontra longicaudis,Lontra longicaudis,Cyanocorax chrysops,Leopardus wiedii,Lontra longicaudis,Lontra longicaudis,Salvator merianae,Lontra longicaudis,Lontra longicaudis,Lontra longicaudis,Lontra longicaudis,Lontra,Mustelidae,4,Alto
2578,Lontra longicaudis,Lontra longicaudis,Phrynops williamsi,Phrynops williamsi,Phrynops williamsi,Lontra longicaudis,Lontra longicaudis,Lontra longicaudis,Phrynops williamsi,Phrynops williamsi,Phrynops williamsi,Lontra longicaudis,Lontra,Mustelidae,4,Alto
2579,Lontra longicaudis,Lontra longicaudis,Hydrochoerus hydrochaeris,Lontra longicaudis,Lontra longicaudis,Lontra longicaudis,Lontra longicaudis,Hydrochoerus hydrochaeris,Hydrochoerus hydrochaeris,Hydrochoerus hydrochaeris,Hydrochoerus hydrochaeris,Lontra longicaudis,Lontra,Mustelidae,4,Alto
2581,Lontra longicaudis,Lontra longicaudis,Lontra longicaudis,Lontra longicaudis,Lontra longicaudis,Lontra longicaudis,Lontra longicaudis,Lontra longicaudis,Lontra longicaudis,Lontra longicaudis,Lontra longicaudis,Lontra longicaudis,Lontra,Mustelidae,4,Alto
2582,Myrmecophaga tridactyla,Myrmecophaga tridactyla,Myrmecophaga tridactyla,Myrmecophaga tridactyla,Myrmecophaga tridactyla,Myrmecophaga tridactyla,Myrmecophaga tridactyla,Myrmecophaga tridactyla,Myrmecophaga tridactyla,Myrmecophaga tridactyla,Myrmecophaga tridactyla,Myrmecophaga tridactyla,Myrmecophaga,Myrmecophagidae,3,Medio
2583,Myrmecophaga tridactyla,Myrmecophaga tridactyla,Myrmecophaga tridactyla,Myrmecophaga tridactyla,Myrmecophaga tridactyla,Myrmecophaga tridactyla,Myrmecophaga tridactyla,Myrmecophaga tridactyla,Myrmecophaga tridactyla,Myrmecophaga tridactyla,Myrmecophaga tridactyla,Myrmecophaga tridactyla,Myrmecophaga,Myrmecophagidae,3,Medio
2584,Myrmecophaga tridactyla,Eira barbara,Procyon cancrivorus,Eira barbara,Crax fasciolata,Eira barbara,Eira barbara,Eira barbara,Procyon cancrivorus,Procyon cancrivorus,Procyon cancrivorus,Eira barbara,Myrmecophaga,Myrmecophagidae,3,Medio
2585,Myrmecophaga tridactyla,Myrmecophaga tridactyla,Myrmecophaga tridactyla,Hydrochoerus hydrochaeris,Myrmecophaga tridactyla,Myrmecophaga tridactyla,Myrmecophaga tridactyla,Sus scrofa,Myrmecophaga tridactyla,Myrmecophaga tridactyla,Myrmecophaga tridactyla,Myrmecophaga tridactyla,Myrmecophaga,Myrmecophagidae,3,Medio
2586,Myrmecophaga tridactyla,Myrmecophaga tridactyla,Cerdocyon thous,Myrmecophaga tridactyla,Myrmecophaga tridactyla,Myrmecophaga tridactyla,Myrmecophaga tridactyla,Leopardus wiedii,Cerdocyon thous,Cerdocyon thous,Cerdocyon thous,Myrmecophaga tridactyla,Myrmecophaga,Myrmecophagidae,3,Medio
2587,Myrmecophaga tridactyla,Myrmecophaga tridactyla,Myrmecophaga tridactyla,Hydrochoerus hydrochaeris,Myrmecophaga tridactyla,Myrmecophaga tridactyla,Myrmecophaga tridactyla,Didelphis aurita,Myrmecophaga tridactyla,Myrmecophaga tridactyla,Myrmecophaga tridactyla,Myrmecophaga tridactyla,Myrmecophaga,Myrmecophagidae,3,Medio
2588,Myrmecophaga tridactyla,Myrmecophaga tridactyla,Sus scrofa,Myrmecophaga tridactyla,Eira barbara,Myrmecophaga tridactyla,Myrmecophaga tridactyla,Sus scrofa,Sus scrofa,Sus scrofa,Sus scrofa,Myrmecophaga tridactyla,Myrmecophaga,Myrmecophagidae,3,Medio
2589,Myrmecophaga tridactyla,Myrmecophaga tridactyla,Myrmecophaga tridactyla,Myrmecophaga tridactyla,Myrmecophaga tridactyla,Myrmecophaga tridactyla,Myrmecophaga tridactyla,Hydrochoerus hydrochaeris,Myrmecophaga tridactyla,Myrmecophaga tridactyla,Myrmecophaga tridactyla,Myrmecophaga tridactyla,Myrmecophaga,Myrmecophagidae,3,Medio
2590,Myrmecophaga tridactyla,Myrmecophaga tridactyla,Myrmecophaga tridactyla,Myrmecophaga tridactyla,Myrmecophaga tridactyla,Myrmecophaga tridactyla,Myrmecophaga tridactyla,Myrmecophaga tridactyla,Myrmecophaga tridactyla,Myrmecophaga tridactyla,Myrmecophaga tridactyla,Myrmecophaga tridactyla,Myrmecophaga,Myrmecophagidae,3,Medio
2591,Myrmecophaga tridactyla,Myrmecophaga tridactyla,Tamandua tetradactyla,Myrmecophaga tridactyla,Myrmecophaga tridactyla,Myrmecophaga tridactyla,Myrmecophaga tridactyla,Myrmecophaga tridactyla,Tamandua tetradactyla,Tamandua tetradactyla,Tamandua tetradactyla,Myrmecophaga tridactyla,Myrmecophaga,Myrmecophagidae,3,Medio
2592,Myrmecophaga tridactyla,Myrmecophaga tridactyla,Myrmecophaga tridactyla,Myrmecophaga tridactyla,Myrmecophaga tridactyla,Myrmecophaga tridactyla,Myrmecophaga tridactyla,Myrmecophaga tridactyla,Myrmecophaga tridactyla,Myrmecophaga tridactyla,Myrmecophaga tridactyla,Myrmecophaga tridactyla,Myrmecophaga,Myrmecophagidae,3,Medio
2593,Myrmecophaga tridactyla,Canis familiaris,Canis familiaris,Canis familiaris,Canis familiaris,Canis familiaris,Sus scrofa,Sus scrofa,Canis familiaris,Canis familiaris,Canis familiaris,Canis familiaris,Myrmecophaga,Myrmecophagidae,3,Medio
2594,Myrmecophaga tridactyla,Myrmecophaga tridactyla,Hydrochoerus hydrochaeris,Myrmecophaga tridactyla,Myrmecophaga tridactyla,Myrmecophaga tridactyla,Myrmecophaga tridactyla,Hydrochoerus hydrochaeris,Hydrochoerus hydrochaeris,Hydrochoerus hydrochaeris,Hydrochoerus hydrochaeris,Myrmecophaga tridactyla,Myrmecophaga,Myrmecophagidae,3,Medio
2595,Myrmecophaga tridactyla,Didelphis albiventris,Didelphis albiventris,Didelphis albiventris,Didelphis albiventris,Didelphis albiventris,Didelphis albiventris,Didelphis albiventris,Didelphis albiventris,Didelphis albiventris,Didelphis albiventris,Didelphis albiventris,Myrmecophaga,Myrmecophagidae,3,Medio
2596,Myrmecophaga tridactyla,Myrmecophaga tridactyla,Myrmecophaga tridactyla,Myrmecophaga tridactyla,Myrmecophaga tridactyla,Myrmecophaga tridactyla,Myrmecophaga tridactyla,Myrmecophaga tridactyla,Myrmecophaga tridactyla,Myrmecophaga tridactyla,Myrmecophaga tridactyla,Myrmecophaga tridactyla,Myrmecophaga,Myrmecophagidae,3,Medio
2598,Myrmecophaga tridactyla,Sus scrofa,Herpailurus yagouaroundi,Eira barbara,Eira barbara,Sus scrofa,Sus scrofa,Tamandua tetradactyla,Herpailurus yagouaroundi,Herpailurus yagouaroundi,Herpailurus yagouaroundi,Procyon cancrivorus,Myrmecophaga,Myrmecophagidae,3,Medio
2599,Myrmecophaga tridactyla,Myrmecophaga tridactyla,Tayassu pecari,Eira barbara,Eira barbara,Myrmecophaga tridactyla,Galictis cuja,Cerdocyon thous,Tayassu pecari,Tayassu pecari,Tayassu pecari,Myrmecophaga tridactyla,Myrmecophaga,Myrmecophagidae,3,Medio
2600,Myrmecophaga tridactyla,Myrmecophaga tridactyla,Sus scrofa,Hydrochoerus hydrochaeris,Myrmecophaga tridactyla,Myrmecophaga tridactyla,Myrmecophaga tridactyla,Myrmecophaga tridactyla,Sus scrofa,Sus scrofa,Sus scrofa,Myrmecophaga tridactyla,Myrmecophaga,Myrmecophagidae,3,Medio
2601,Myrmecophaga tridactyla,Sus scrofa,Hydrochoerus hydrochaeris,Hydrochoerus hydrochaeris,Sus scrofa,Myrmecophaga tridactyla,Sus scrofa,Sus scrofa,Hydrochoerus hydrochaeris,Hydrochoerus hydrochaeris,Hydrochoerus hydrochaeris,Sus scrofa,Myrmecophaga,Myrmecophagidae,3,Medio
2603,Myrmecophaga tridactyla,Myrmecophaga tridactyla,Myrmecophaga tridactyla,Myrmecophaga tridactyla,Myrmecophaga tridactyla,Myrmecophaga tridactyla,Myrmecophaga tridactyla,Myrmecophaga tridactyla,Myrmecophaga tridactyla,Myrmecophaga tridactyla,Myrmecophaga tridactyla,Myrmecophaga tridactyla,Myrmecophaga,Myrmecophagidae,3,Medio
2604,Myrmecophaga tridactyla,Myrmecophaga tridactyla,Myrmecophaga tridactyla,Myrmecophaga tridactyla,Myrmecophaga tridactyla,Myrmecophaga tridactyla,Myrmecophaga tridactyla,Galictis cuja,Myrmecophaga tridactyla,Myrmecophaga tridactyla,Myrmecophaga tridactyla,Myrmecophaga tridactyla,Myrmecophaga,Myrmecophagidae,3,Medio
2605,Myrmecophaga tridactyla,Lontra longicaudis,Hydrochoerus hydrochaeris,Hydrochoerus hydrochaeris,Hydrochoerus hydrochaeris,Hydrochoerus hydrochaeris,Lontra longicaudis,Lontra longicaudis,Hydrochoerus hydrochaeris,Hydrochoerus hydrochaeris,Hydrochoerus hydrochaeris,Hydrochoerus hydrochaeris,Myrmecophaga,Myrmecophagidae,3,Medio
2606,Myrmecophaga tridactyla,Myrmecophaga tridactyla,Myrmecophaga tridactyla,Myrmecophaga tridactyla,Myrmecophaga tridactyla,Myrmecophaga tridactyla,Myrmecophaga tridactyla,Myrmecophaga tridactyla,Myrmecophaga tridactyla,Myrmecophaga tridactyla,Myrmecophaga tridactyla,Myrmecophaga tridactyla,Myrmecophaga,Myrmecophagidae,3,Medio
2607,Myrmecophaga tridactyla,Myrmecophaga tridactyla,Myrmecophaga tridactyla,Myrmecophaga tridactyla,Myrmecophaga tridactyla,Myrmecophaga tridactyla,Myrmecophaga tridactyla,Galictis cuja,Myrmecophaga tridactyla,Myrmecophaga tridactyla,Myrmecophaga tridactyla,Myrmecophaga tridactyla,Myrmecophaga,Myrmecophagidae,3,Medio
2608,Myrmecophaga tridactyla,Myrmecophaga tridactyla,Myrmecophaga tridactyla,Myrmecophaga tridactyla,Myrmecophaga tridactyla,Myrmecophaga tridactyla,Myrmecophaga tridactyla,Herpailurus yagouaroundi,Myrmecophaga tridactyla,Myrmecophaga tridactyla,Myrmecophaga tridactyla,Myrmecophaga tridactyla,Myrmecophaga,Myrmecophagidae,3,Medio
2609,Myrmecophaga tridactyla,Myrmecophaga tridactyla,Myrmecophaga tridactyla,Myrmecophaga tridactyla,Myrmecophaga tridactyla,Myrmecophaga tridactyla,Myrmecophaga tridactyla,Myrmecophaga tridactyla,Myrmecophaga tridactyla,Myrmecophaga tridactyla,Myrmecophaga tridactyla,Myrmecophaga tridactyla,Myrmecophaga,Myrmecophagidae,3,Medio
2610,Myrmecophaga tridactyla,Myrmecophaga tridactyla,Myrmecophaga tridactyla,Myrmecophaga tridactyla,Myrmecophaga tridactyla,Myrmecophaga tridactyla,Myrmecophaga tridactyla,Myrmecophaga tridactyla,Myrmecophaga tridactyla,Myrmecophaga tridactyla,Myrmecophaga tridactyla,Myrmecophaga tridactyla,Myrmecophaga,Myrmecophagidae,3,Medio
2611,Myrmecophaga tridactyla,Myrmecophaga tridactyla,Sus scrofa,Sus scrofa,Sus scrofa,Myrmecophaga tridactyla,Myrmecophaga tridactyla,Myrmecophaga tridactyla,Sus scrofa,Sus scrofa,Sus scrofa,Myrmecophaga tridactyla,Myrmecophaga,Myrmecophagidae,3,Medio
2612,Myrmecophaga tridactyla,Myrmecophaga tridactyla,Myrmecophaga tridactyla,Myrmecophaga tridactyla,Myrmecophaga tridactyla,Myrmecophaga tridactyla,Myrmecophaga tridactyla,Sus scrofa,Myrmecophaga tridactyla,Myrmecophaga tridactyla,Myrmecophaga tridactyla,Myrmecophaga tridactyla,Myrmecophaga,Myrmecophagidae,3,Medio
2613,Myrmecophaga tridactyla,Myrmecophaga tridactyla,Myrmecophaga tridactyla,Myrmecophaga tridactyla,Myrmecophaga tridactyla,Myrmecophaga tridactyla,Myrmecophaga tridactyla,Myrmecophaga tridactyla,Myrmecophaga tridactyla,Myrmecophaga tridactyla,Myrmecophaga tridactyla,Myrmecophaga tridactyla,Myrmecophaga,Myrmecophagidae,3,Medio
2614,Myrmecophaga tridactyla,Myrmecophaga tridactyla,Myrmecophaga tridactyla,Myrmecophaga tridactyla,Myrmecophaga tridactyla,Myrmecophaga tridactyla,Myrmecophaga tridactyla,Myrmecophaga tridactyla,Myrmecophaga tridactyla,Myrmecophaga tridactyla,Myrmecophaga tridactyla,Myrmecophaga tridactyla,Myrmecophaga,Myrmecophagidae,3,Medio
2617,Myrmecophaga tridactyla,Sus scrofa,Tamandua tetradactyla,Eira barbara,Sus scrofa,Sus scrofa,Sus scrofa,Sus scrofa,Tamandua tetradactyla,Tamandua tetradactyla,Tamandua tetradactyla,Sus scrofa,Myrmecophaga,Myrmecophagidae,3,Medio
2618,Myrmecophaga tridactyla,Myrmecophaga tridactyla,Myrmecophaga tridactyla,Sus scrofa,Sus scrofa,Myrmecophaga tridactyla,Myrmecophaga tridactyla,Sus scrofa,Myrmecophaga tridactyla,Myrmecophaga tridactyla,Myrmecophaga tridactyla,Myrmecophaga tridactyla,Myrmecophaga,Myrmecophagidae,3,Medio
2620,Myrmecophaga tridactyla,Eira barbara,Eira barbara,Eira barbara,Eira barbara,Eira barbara,Eira barbara,Eira barbara,Eira barbara,Eira barbara,Eira barbara,Eira barbara,Myrmecophaga,Myrmecophagidae,3,Medio
2621,Myrmecophaga tridactyla,Myrmecophaga tridactyla,Hydrochoerus hydrochaeris,Myrmecophaga tridactyla,Myrmecophaga tridactyla,Myrmecophaga tridactyla,Myrmecophaga tridactyla,Myrmecophaga tridactyla,Hydrochoerus hydrochaeris,Hydrochoerus hydrochaeris,Hydrochoerus hydrochaeris,Myrmecophaga tridactyla,Myrmecophaga,Myrmecophagidae,3,Medio
2622,Myrmecophaga tridactyla,Myrmecophaga tridactyla,Euphractus sexcinctus,Euphractus sexcinctus,Hydrochoerus hydrochaeris,Myrmecophaga tridactyla,Myrmecophaga tridactyla,Euphractus sexcinctus,Euphractus sexcinctus,Euphractus sexcinctus,Euphractus sexcinctus,Myrmecophaga tridactyla,Myrmecophaga,Myrmecophagidae,3,Medio
2626,Myrmecophaga tridactyla,Myrmecophaga tridactyla,Sus scrofa,Myrmecophaga tridactyla,Myrmecophaga tridactyla,Myrmecophaga tridactyla,Myrmecophaga tridactyla,Myrmecophaga tridactyla,Sus scrofa,Sus scrofa,Sus scrofa,Myrmecophaga tridactyla,Myrmecophaga,Myrmecophagidae,3,Medio
2627,Myrmecophaga tridactyla,Tayassu pecari,Tayassu pecari,Dasyprocta azarae,Pecari tajacu,Pecari tajacu,Eira barbara,Pecari tajacu,Tayassu pecari,Tayassu pecari,Tayassu pecari,Tayassu pecari,Myrmecophaga,Myrmecophagidae,3,Medio
2629,Myrmecophaga tridactyla,Myrmecophaga tridactyla,Myrmecophaga tridactyla,Myrmecophaga tridactyla,Myrmecophaga tridactyla,Myrmecophaga tridactyla,Myrmecophaga tridactyla,Myrmecophaga tridactyla,Myrmecophaga tridactyla,Myrmecophaga tridactyla,Myrmecophaga tridactyla,Myrmecophaga tridactyla,Myrmecophaga,Myrmecophagidae,3,Medio
2630,Myrmecophaga tridactyla,Myrmecophaga tridactyla,Myrmecophaga tridactyla,Myrmecophaga tridactyla,Hydrochoerus hydrochaeris,Myrmecophaga tridactyla,Myrmecophaga tridactyla,Myrmecophaga tridactyla,Myrmecophaga tridactyla,Myrmecophaga tridactyla,Myrmecophaga tridactyla,Myrmecophaga tridactyla,Myrmecophaga,Myrmecophagidae,3,Medio
2632,Myrmecophaga tridactyla,Myrmecophaga tridactyla,Pecari tajacu,Herpailurus yagouaroundi,Myrmecophaga tridactyla,Myrmecophaga tridactyla,Myrmecophaga tridactyla,Herpailurus yagouaroundi,Pecari tajacu,Pecari tajacu,Pecari tajacu,Myrmecophaga tridactyla,Myrmecophaga,Myrmecophagidae,3,Medio
2633,Myrmecophaga tridactyla,Sus scrofa,Sus scrofa,Sus scrofa,Sus scrofa,Sus scrofa,Sus scrofa,Sus scrofa,Sus scrofa,Sus scrofa,Sus scrofa,Sus scrofa,Myrmecophaga,Myrmecophagidae,3,Medio
2634,Myrmecophaga tridactyla,Myrmecophaga tridactyla,Myrmecophaga tridactyla,Myrmecophaga tridactyla,Myrmecophaga tridactyla,Myrmecophaga tridactyla,Myrmecophaga tridactyla,Sus scrofa,Myrmecophaga tridactyla,Myrmecophaga tridactyla,Myrmecophaga tridactyla,Myrmecophaga tridactyla,Myrmecophaga,Myrmecophagidae,3,Medio
2636,Myrmecophaga tridactyla,Myrmecophaga tridactyla,Subulo gouazoubira,Myrmecophaga tridactyla,Leopardus guttulus,Myrmecophaga tridactyla,Myrmecophaga tridactyla,Myrmecophaga tridactyla,Subulo gouazoubira,Subulo gouazoubira,Subulo gouazoubira,Myrmecophaga tridactyla,Myrmecophaga,Myrmecophagidae,3,Medio
2637,Myrmecophaga tridactyla,Myrmecophaga tridactyla,Myrmecophaga tridactyla,Myrmecophaga tridactyla,Sus scrofa,Myrmecophaga tridactyla,Myrmecophaga tridactyla,Pecari tajacu,Myrmecophaga tridactyla,Myrmecophaga tridactyla,Myrmecophaga tridactyla,Myrmecophaga tridactyla,Myrmecophaga,Myrmecophagidae,3,Medio
2638,Tamandua tetradactyla,Tamandua tetradactyla,Tamandua tetradactyla,Tamandua tetradactyla,Tamandua tetradactyla,Tamandua tetradactyla,Tamandua tetradactyla,Tamandua tetradactyla,Tamandua tetradactyla,Tamandua tetradactyla,Tamandua tetradactyla,Tamandua tetradactyla,Tamandua,Myrmecophagidae,2,Bajo
2640,Tamandua tetradactyla,Tamandua tetradactyla,Tamandua tetradactyla,Tamandua tetradactyla,Tamandua tetradactyla,Tamandua tetradactyla,Tamandua tetradactyla,Tamandua tetradactyla,Tamandua tetradactyla,Tamandua tetradactyla,Tamandua tetradactyla,Tamandua tetradactyla,Tamandua,Myrmecophagidae,2,Bajo
2641,Tamandua tetradactyla,Tamandua tetradactyla,Myrmecophaga tridactyla,Didelphis aurita,Didelphis aurita,Tamandua tetradactyla,Tamandua tetradactyla,Tamandua tetradactyla,Myrmecophaga tridactyla,Myrmecophaga tridactyla,Myrmecophaga tridactyla,Tamandua tetradactyla,Tamandua,Myrmecophagidae,2,Bajo
2642,Tamandua tetradactyla,Tamandua tetradactyla,Tamandua tetradactyla,Tamandua tetradactyla,Tamandua tetradactyla,Tamandua tetradactyla,Tamandua tetradactyla,Tamandua tetradactyla,Tamandua tetradactyla,Tamandua tetradactyla,Tamandua tetradactyla,Tamandua tetradactyla,Tamandua,Myrmecophagidae,2,Bajo
2643,Tamandua tetradactyla,Tamandua tetradactyla,Tamandua tetradactyla,Tamandua tetradactyla,Tamandua tetradactyla,Tamandua tetradactyla,Tamandua tetradactyla,Tamandua tetradactyla,Tamandua tetradactyla,Tamandua tetradactyla,Tamandua tetradactyla,Tamandua tetradactyla,Tamandua,Myrmecophagidae,2,Bajo
2645,Tamandua tetradactyla,Myrmecophaga tridactyla,Myrmecophaga tridactyla,Myrmecophaga tridactyla,Myrmecophaga tridactyla,Myrmecophaga tridactyla,Myrmecophaga tridactyla,Tamandua tetradactyla,Myrmecophaga tridactyla,Myrmecophaga tridactyla,Myrmecophaga tridactyla,Myrmecophaga tridactyla,Tamandua,Myrmecophagidae,2,Bajo
2647,Tamandua tetradactyla,Tamandua tetradactyla,Tamandua tetradactyla,Tamandua tetradactyla,Myrmecophaga tridactyla,Tamandua tetradactyla,Tamandua tetradactyla,Tamandua tetradactyla,Tamandua tetradactyla,Tamandua tetradactyla,Tamandua tetradactyla,Tamandua tetradactyla,Tamandua,Myrmecophagidae,2,Bajo
2648,Tamandua tetradactyla,Tamandua tetradactyla,Tamandua tetradactyla,Tamandua tetradactyla,Didelphis albiventris,Tamandua tetradactyla,Tamandua tetradactyla,Tamandua tetradactyla,Tamandua tetradactyla,Tamandua tetradactyla,Tamandua tetradactyla,Tamandua tetradactyla,Tamandua,Myrmecophagidae,2,Bajo
2649,Tamandua tetradactyla,Tamandua tetradactyla,Tamandua tetradactyla,Tamandua tetradactyla,Tamandua tetradactyla,Tamandua tetradactyla,Tamandua tetradactyla,Tamandua tetradactyla,Tamandua tetradactyla,Tamandua tetradactyla,Tamandua tetradactyla,Tamandua tetradactyla,Tamandua,Myrmecophagidae,2,Bajo
2650,Tamandua tetradactyla,Galictis cuja,Galictis cuja,Galictis cuja,Didelphis albiventris,Galictis cuja,Galictis cuja,Didelphis aurita,Galictis cuja,Galictis cuja,Galictis cuja,Galictis cuja,Tamandua,Myrmecophagidae,2,Bajo
2651,Tamandua tetradactyla,Tamandua tetradactyla,Tamandua tetradactyla,Tamandua tetradactyla,Tamandua tetradactyla,Tamandua tetradactyla,Tamandua tetradactyla,Tamandua tetradactyla,Tamandua tetradactyla,Tamandua tetradactyla,Tamandua tetradactyla,Tamandua tetradactyla,Tamandua,Myrmecophagidae,2,Bajo
2652,Tamandua tetradactyla,Tamandua tetradactyla,Tamandua tetradactyla,Tamandua tetradactyla,Nasua nasua,Tamandua tetradactyla,Tamandua tetradactyla,Nasua nasua,Tamandua tetradactyla,Tamandua tetradactyla,Tamandua tetradactyla,Tamandua tetradactyla,Tamandua,Myrmecophagidae,2,Bajo
2653,Tamandua tetradactyla,Tamandua tetradactyla,Baryphthengus ruficapillus,Baryphthengus ruficapillus,Baryphthengus ruficapillus,Galictis cuja,Galictis cuja,Leptotila verreauxi,Baryphthengus ruficapillus,Baryphthengus ruficapillus,Baryphthengus ruficapillus,Didelphis albiventris,Tamandua,Myrmecophagidae,2,Bajo
2654,Tamandua tetradactyla,Sapajus nigritus,Alouatta caraya,Alouatta caraya,Sapajus nigritus,Sapajus nigritus,Sapajus nigritus,Leptotila rufaxilla,Alouatta caraya,Alouatta caraya,Alouatta caraya,Sapajus nigritus,Tamandua,Myrmecophagidae,2,Bajo
2655,Tamandua tetradactyla,Tamandua tetradactyla,Tamandua tetradactyla,Tamandua tetradactyla,Tamandua tetradactyla,Tamandua tetradactyla,Tamandua tetradactyla,Didelphis albiventris,Tamandua tetradactyla,Tamandua tetradactyla,Tamandua tetradactyla,Tamandua tetradactyla,Tamandua,Myrmecophagidae,2,Bajo
2656,Tamandua tetradactyla,Tamandua tetradactyla,Tamandua tetradactyla,Tamandua tetradactyla,Tamandua tetradactyla,Tamandua tetradactyla,Tamandua tetradactyla,Tamandua tetradactyla,Tamandua tetradactyla,Tamandua tetradactyla,Tamandua tetradactyla,Tamandua tetradactyla,Tamandua,Myrmecophagidae,2,Bajo
2658,Tamandua tetradactyla,Tamandua tetradactyla,Tamandua tetradactyla,Tamandua tetradactyla,Tamandua tetradactyla,Tamandua tetradactyla,Tamandua tetradactyla,Tamandua tetradactyla,Tamandua tetradactyla,Tamandua tetradactyla,Tamandua tetradactyla,Tamandua tetradactyla,Tamandua,Myrmecophagidae,2,Bajo
2659,Tamandua tetradactyla,Procyon cancrivorus,Procyon cancrivorus,Procyon cancrivorus,Procyon cancrivorus,Didelphis albiventris,Didelphis albiventris,Didelphis albiventris,Procyon cancrivorus,Procyon cancrivorus,Procyon cancrivorus,Procyon cancrivorus,Tamandua,Myrmecophagidae,2,Bajo
2660,Tamandua tetradactyla,Tamandua tetradactyla,Tamandua tetradactyla,Tamandua tetradactyla,Tamandua tetradactyla,Tamandua tetradactyla,Tamandua tetradactyla,Didelphis aurita,Tamandua tetradactyla,Tamandua tetradactyla,Tamandua tetradactyla,Tamandua tetradactyla,Tamandua,Myrmecophagidae,2,Bajo
2661,Tamandua tetradactyla,Hydrochoerus hydrochaeris,Nasua nasua,Hydrochoerus hydrochaeris,Hydrochoerus hydrochaeris,Hydrochoerus hydrochaeris,Hydrochoerus hydrochaeris,Hydrochoerus hydrochaeris,Nasua nasua,Nasua nasua,Nasua nasua,Hydrochoerus hydrochaeris,Tamandua,Myrmecophagidae,2,Bajo
2662,Tamandua tetradactyla,Tamandua tetradactyla,Nasua nasua,Tamandua tetradactyla,Cerdocyon thous,Tamandua tetradactyla,Tamandua tetradactyla,Cerdocyon thous,Nasua nasua,Nasua nasua,Nasua nasua,Tamandua tetradactyla,Tamandua,Myrmecophagidae,2,Bajo
2663,Tamandua tetradactyla,Tamandua tetradactyla,Tamandua tetradactyla,Tamandua tetradactyla,Tamandua tetradactyla,Tamandua tetradactyla,Tamandua tetradactyla,Tamandua tetradactyla,Tamandua tetradactyla,Tamandua tetradactyla,Tamandua tetradactyla,Tamandua tetradactyla,Tamandua,Myrmecophagidae,2,Bajo
2665,Tamandua tetradactyla,Tamandua tetradactyla,Tamandua tetradactyla,Tamandua tetradactyla,Tamandua tetradactyla,Tamandua tetradactyla,Tamandua tetradactyla,Tamandua tetradactyla,Tamandua tetradactyla,Tamandua tetradactyla,Tamandua tetradactyla,Tamandua tetradactyla,Tamandua,Myrmecophagidae,2,Bajo
2666,Tamandua tetradactyla,Tamandua tetradactyla,Tamandua tetradactyla,Tamandua tetradactyla,Tamandua tetradactyla,Tamandua tetradactyla,Tamandua tetradactyla,Tamandua tetradactyla,Tamandua tetradactyla,Tamandua tetradactyla,Tamandua tetradactyla,Tamandua tetradactyla,Tamandua,Myrmecophagidae,2,Bajo
2668,Tamandua tetradactyla,Tamandua tetradactyla,Tamandua tetradactyla,Tamandua tetradactyla,Tamandua tetradactyla,Tamandua tetradactyla,Tamandua tetradactyla,Tamandua tetradactyla,Tamandua tetradactyla,Tamandua tetradactyla,Tamandua tetradactyla,Tamandua tetradactyla,Tamandua,Myrmecophagidae,2,Bajo
2670,Tamandua tetradactyla,Tamandua tetradactyla,Tamandua tetradactyla,Tamandua tetradactyla,Tamandua tetradactyla,Tamandua tetradactyla,Tamandua tetradactyla,Alouatta caraya,Tamandua tetradactyla,Tamandua tetradactyla,Tamandua tetradactyla,Tamandua tetradactyla,Tamandua,Myrmecophagidae,2,Bajo
2671,Tamandua tetradactyla,Tamandua tetradactyla,Tamandua tetradactyla,Tamandua tetradactyla,Tamandua tetradactyla,Tamandua tetradactyla,Tamandua tetradactyla,Tamandua tetradactyla,Tamandua tetradactyla,Tamandua tetradactyla,Tamandua tetradactyla,Tamandua tetradactyla,Tamandua,Myrmecophagidae,2,Bajo
2672,Tamandua tetradactyla,Didelphis albiventris,Myiothlypis leucoblephara,Didelphis aurita,Didelphis aurita,Didelphis albiventris,Dasypus novemcinctus,Leopardus wiedii,Myiothlypis leucoblephara,Myiothlypis leucoblephara,Myiothlypis leucoblephara,Cuniculus paca,Tamandua,Myrmecophagidae,2,Bajo
2673,Tamandua tetradactyla,Procyon cancrivorus,Procyon cancrivorus,Procyon cancrivorus,Procyon cancrivorus,Tamandua tetradactyla,Tamandua tetradactyla,Dasypus novemcinctus,Procyon cancrivorus,Procyon cancrivorus,Procyon cancrivorus,Procyon cancrivorus,Tamandua,Myrmecophagidae,2,Bajo
2674,Tamandua tetradactyla,Didelphis albiventris,Didelphis albiventris,Didelphis albiventris,Didelphis albiventris,Tamandua tetradactyla,Tamandua tetradactyla,Didelphis aurita,Didelphis albiventris,Didelphis albiventris,Didelphis albiventris,Didelphis albiventris,Tamandua,Myrmecophagidae,2,Bajo
2676,Tamandua tetradactyla,Tamandua tetradactyla,Tamandua tetradactyla,Cerdocyon thous,Tamandua tetradactyla,Tamandua tetradactyla,Tamandua tetradactyla,Tamandua tetradactyla,Tamandua tetradactyla,Tamandua tetradactyla,Tamandua tetradactyla,Tamandua tetradactyla,Tamandua,Myrmecophagidae,2,Bajo
2677,Tamandua tetradactyla,Tamandua tetradactyla,Tamandua tetradactyla,Tamandua tetradactyla,Tamandua tetradactyla,Tamandua tetradactyla,Tamandua tetradactyla,Tamandua tetradactyla,Tamandua tetradactyla,Tamandua tetradactyla,Tamandua tetradactyla,Tamandua tetradactyla,Tamandua,Myrmecophagidae,2,Bajo
2678,Tamandua tetradactyla,Tamandua tetradactyla,Tamandua tetradactyla,Tamandua tetradactyla,Tamandua tetradactyla,Tamandua tetradactyla,Tamandua tetradactyla,Tamandua tetradactyla,Tamandua tetradactyla,Tamandua tetradactyla,Tamandua tetradactyla,Tamandua tetradactyla,Tamandua,Myrmecophagidae,2,Bajo
2681,Tamandua tetradactyla,Tamandua tetradactyla,Tamandua tetradactyla,Didelphis albiventris,Tamandua tetradactyla,Tamandua tetradactyla,Tamandua tetradactyla,Didelphis aurita,Tamandua tetradactyla,Tamandua tetradactyla,Tamandua tetradactyla,Tamandua tetradactyla,Tamandua,Myrmecophagidae,2,Bajo
2682,Tamandua tetradactyla,Leopardus wiedii,Panthera onca,Dasyprocta azarae,Dasyprocta azarae,Leopardus guttulus,Galictis cuja,Lepus europaeus,Panthera onca,Panthera onca,Panthera onca,Leopardus wiedii,Tamandua,Myrmecophagidae,2,Bajo
2683,Tamandua tetradactyla,Tamandua tetradactyla,Tamandua tetradactyla,Tamandua tetradactyla,Tamandua tetradactyla,Tamandua tetradactyla,Tamandua tetradactyla,Tamandua tetradactyla,Tamandua tetradactyla,Tamandua tetradactyla,Tamandua tetradactyla,Tamandua tetradactyla,Tamandua,Myrmecophagidae,2,Bajo
2684,Tamandua tetradactyla,Didelphis aurita,Tamandua tetradactyla,Tamandua tetradactyla,Didelphis albiventris,Tamandua tetradactyla,Tamandua tetradactyla,Tamandua tetradactyla,Tamandua tetradactyla,Tamandua tetradactyla,Tamandua tetradactyla,Didelphis aurita,Tamandua,Myrmecophagidae,2,Bajo
2686,Tamandua tetradactyla,Tamandua tetradactyla,Tamandua tetradactyla,Tamandua tetradactyla,Tamandua tetradactyla,Tamandua tetradactyla,Tamandua tetradactyla,Tamandua tetradactyla,Tamandua tetradactyla,Tamandua tetradactyla,Tamandua tetradactyla,Tamandua tetradactyla,Tamandua,Myrmecophagidae,2,Bajo
2687,Tamandua tetradactyla,Cuniculus paca,Cuniculus paca,Cuniculus paca,Cuniculus paca,Cuniculus paca,Didelphis albiventris,Didelphis aurita,Cuniculus paca,Cuniculus paca,Cuniculus paca,Cuniculus paca,Tamandua,Myrmecophagidae,2,Bajo
2688,Tamandua tetradactyla,Procyon cancrivorus,Procyon cancrivorus,Didelphis albiventris,Myrmecophaga tridactyla,Myrmecophaga tridactyla,Myrmecophaga tridactyla,Myrmecophaga tridactyla,Procyon cancrivorus,Procyon cancrivorus,Procyon cancrivorus,Procyon cancrivorus,Tamandua,Myrmecophagidae,2,Bajo
2689,Tamandua tetradactyla,Tamandua tetradactyla,Tamandua tetradactyla,Tamandua tetradactyla,Tamandua tetradactyla,Tamandua tetradactyla,Tamandua tetradactyla,Tamandua tetradactyla,Tamandua tetradactyla,Tamandua tetradactyla,Tamandua tetradactyla,Tamandua tetradactyla,Tamandua,Myrmecophagidae,2,Bajo
2690,Tamandua tetradactyla,Tamandua tetradactyla,Tamandua tetradactyla,Tamandua tetradactyla,Tamandua tetradactyla,Tamandua tetradactyla,Tamandua tetradactyla,Tamandua tetradactyla,Tamandua tetradactyla,Tamandua tetradactyla,Tamandua tetradactyla,Tamandua tetradactyla,Tamandua,Myrmecophagidae,2,Bajo
2691,Tamandua tetradactyla,Tamandua tetradactyla,Myrmecophaga tridactyla,Myrmecophaga tridactyla,Tamandua tetradactyla,Tamandua tetradactyla,Tamandua tetradactyla,Tamandua tetradactyla,Myrmecophaga tridactyla,Myrmecophaga tridactyla,Myrmecophaga tridactyla,Tamandua tetradactyla,Tamandua,Myrmecophagidae,2,Bajo
2692,Tamandua tetradactyla,Tamandua tetradactyla,Tamandua tetradactyla,Cerdocyon thous,Dasyprocta azarae,Tamandua tetradactyla,Tamandua tetradactyla,Didelphis albiventris,Tamandua tetradactyla,Tamandua tetradactyla,Tamandua tetradactyla,Tamandua tetradactyla,Tamandua,Myrmecophagidae,2,Bajo
2693,Tamandua tetradactyla,Tamandua tetradactyla,Tamandua tetradactyla,Tamandua tetradactyla,Tamandua tetradactyla,Tamandua tetradactyla,Tamandua tetradactyla,Tamandua tetradactyla,Tamandua tetradactyla,Tamandua tetradactyla,Tamandua tetradactyla,Tamandua tetradactyla,Tamandua,Myrmecophagidae,2,Bajo
2694,Odontophorus capueira,Odontophorus capueira,Odontophorus capueira capueira,Odontophorus capueira capueira,Odontophorus capueira capueira,Odontophorus capueira,Odontophorus capueira,Strix hylophila,Odontophorus capueira capueira,Odontophorus capueira capueira,Odontophorus capueira capueira,Odontophorus capueira,Odontophorus,Odontophoridae,5,Crítico
2696,Odontophorus capueira,Odontophorus capueira,Odontophorus capueira,Odontophorus capueira,Odontophorus capueira capueira,Odontophorus capueira,Odontophorus capueira,Odontophorus capueira capueira,Odontophorus capueira,Odontophorus capueira,Odontophorus capueira,Odontophorus capueira,Odontophorus,Odontophoridae,5,Crítico
2698,Odontophorus capueira,Odontophorus capueira capueira,Odontophorus capueira capueira,Odontophorus capueira capueira,Odontophorus capueira capueira,Odontophorus capueira capueira,Odontophorus capueira,Odontophorus capueira capueira,Odontophorus capueira capueira,Odontophorus capueira capueira,Odontophorus capueira capueira,Odontophorus capueira capueira,Odontophorus,Odontophoridae,5,Crítico
2699,Odontophorus capueira,Odontophorus capueira capueira,Odontophorus capueira,Odontophorus capueira capueira,Odontophorus capueira capueira,Odontophorus capueira,Odontophorus capueira,Odontophorus capueira,Odontophorus capueira,Odontophorus capueira,Odontophorus capueira,Odontophorus capueira capueira,Odontophorus,Odontophoridae,5,Crítico
2700,Odontophorus capueira,Odontophorus capueira capueira,Odontophorus capueira capueira,Odontophorus capueira capueira,Odontophorus capueira capueira,Odontophorus capueira capueira,Odontophorus capueira,Odontophorus capueira,Odontophorus capueira capueira,Odontophorus capueira capueira,Odontophorus capueira capueira,Odontophorus capueira capueira,Odontophorus,Odontophoridae,5,Crítico
2701,Odontophorus capueira,Odontophorus capueira capueira,Odontophorus capueira capueira,Odontophorus capueira capueira,Odontophorus capueira capueira,Odontophorus capueira capueira,Odontophorus capueira,Odontophorus capueira capueira,Odontophorus capueira capueira,Odontophorus capueira capueira,Odontophorus capueira capueira,Odontophorus capueira capueira,Odontophorus,Odontophoridae,5,Crítico
2702,Odontophorus capueira,Odontophorus capueira,Odontophorus capueira,Aramides saracura,Odontophorus capueira capueira,Odontophorus capueira,Odontophorus capueira,Aramides saracura,Odontophorus capueira,Odontophorus capueira,Odontophorus capueira,Odontophorus capueira,Odontophorus,Odontophoridae,5,Crítico
2703,Odontophorus capueira,Odontophorus capueira,Odontophorus capueira capueira,Odontophorus capueira capueira,Odontophorus capueira capueira,Strix hylophila,Odontophorus capueira,Strix hylophila,Odontophorus capueira capueira,Odontophorus capueira capueira,Odontophorus capueira capueira,Odontophorus capueira,Odontophorus,Odontophoridae,5,Crítico
2704,Odontophorus capueira,Odontophorus capueira,Odontophorus capueira,Odontophorus capueira,Mackenziaena severa,Hypoedaleus guttatus,Odontophorus capueira,Hypoedaleus guttatus,Odontophorus capueira,Odontophorus capueira,Odontophorus capueira,Odontophorus capueira,Odontophorus,Odontophoridae,5,Crítico
2705,Odontophorus capueira,Odontophorus capueira capueira,Odontophorus capueira capueira,Odontophorus capueira,Odontophorus capueira capueira,Odontophorus capueira capueira,Odontophorus capueira,Odontophorus capueira,Odontophorus capueira capueira,Odontophorus capueira capueira,Odontophorus capueira capueira,Odontophorus capueira capueira,Odontophorus,Odontophoridae,5,Crítico
2707,Odontophorus capueira,Odontophorus capueira capueira,Odontophorus capueira capueira,Odontophorus capueira capueira,Odontophorus capueira capueira,Odontophorus capueira capueira,Odontophorus capueira,Odontophorus capueira capueira,Odontophorus capueira capueira,Odontophorus capueira capueira,Odontophorus capueira capueira,Odontophorus capueira capueira,Odontophorus,Odontophoridae,5,Crítico
2708,Odontophorus capueira,Odontophorus capueira,Odontophorus capueira capueira,Odontophorus capueira,Odontophorus capueira capueira,Odontophorus capueira,Odontophorus capueira,Odontophorus capueira,Odontophorus capueira capueira,Odontophorus capueira capueira,Odontophorus capueira capueira,Odontophorus capueira,Odontophorus,Odontophoridae,5,Crítico
2709,Odontophorus capueira,Odontophorus capueira capueira,Odontophorus capueira,Odontophorus capueira capueira,Odontophorus capueira capueira,Odontophorus capueira capueira,Odontophorus capueira,Odontophorus capueira capueira,Odontophorus capueira,Odontophorus capueira,Odontophorus capueira,Odontophorus capueira capueira,Odontophorus,Odontophoridae,5,Crítico
2710,Odontophorus capueira,Odontophorus capueira,Odontophorus capueira capueira,Odontophorus capueira,Odontophorus capueira,Odontophorus capueira,Odontophorus capueira,Tinamus solitarius,Odontophorus capueira capueira,Odontophorus capueira capueira,Odontophorus capueira capueira,Odontophorus capueira,Odontophorus,Odontophoridae,5,Crítico
2712,Odontophorus capueira,Odontophorus capueira,Odontophorus capueira,Odontophorus capueira capueira,Odontophorus capueira capueira,Odontophorus capueira,Odontophorus capueira,Odontophorus capueira,Odontophorus capueira,Odontophorus capueira,Odontophorus capueira,Odontophorus capueira,Odontophorus,Odontophoridae,5,Crítico
2714,Odontophorus capueira,Odontophorus capueira,Odontophorus capueira,Grallaria varia,Odontophorus capueira,Chamaeza campanisona,Odontophorus capueira,Nothura maculosa,Odontophorus capueira,Odontophorus capueira,Odontophorus capueira,Odontophorus capueira,Odontophorus,Odontophoridae,5,Crítico
2715,Odontophorus capueira,Odontophorus capueira capueira,Odontophorus capueira capueira,Odontophorus capueira capueira,Odontophorus capueira,Odontophorus capueira,Odontophorus capueira,Odontophorus capueira,Odontophorus capueira capueira,Odontophorus capueira capueira,Odontophorus capueira capueira,Odontophorus capueira capueira,Odontophorus,Odontophoridae,5,Crítico
2717,Odontophorus capueira,Odontophorus capueira,Odontophorus capueira,Odontophorus capueira,Odontophorus capueira,Odontophorus capueira,Odontophorus capueira,Odontophorus capueira capueira,Odontophorus capueira,Odontophorus capueira,Odontophorus capueira,Odontophorus capueira,Odontophorus,Odontophoridae,5,Crítico
2718,Odontophorus capueira,Chamaeza campanisona,Odontophorus capueira,Odontophorus capueira,Chamaeza campanisona,Chamaeza campanisona,Nyctidromus albicollis,Myiothlypis leucoblephara,Odontophorus capueira,Odontophorus capueira,Odontophorus capueira,Chamaeza campanisona,Odontophorus,Odontophoridae,5,Crítico
2719,Odontophorus capueira,Odontophorus capueira,Odontophorus capueira,Odontophorus capueira,Odontophorus capueira,Odontophorus capueira,Odontophorus capueira,Mackenziaena severa,Odontophorus capueira,Odontophorus capueira,Odontophorus capueira,Odontophorus capueira,Odontophorus,Odontophoridae,5,Crítico
2720,Odontophorus capueira,Odontophorus capueira capueira,Odontophorus capueira capueira,Odontophorus capueira capueira,Odontophorus capueira capueira,Odontophorus capueira capueira,Odontophorus capueira,Odontophorus capueira capueira,Odontophorus capueira capueira,Odontophorus capueira capueira,Odontophorus capueira capueira,Odontophorus capueira capueira,Odontophorus,Odontophoridae,5,Crítico
2721,Odontophorus capueira,Odontophorus capueira,Odontophorus capueira,Odontophorus capueira,Odontophorus capueira,Nyctidromus albicollis,Odontophorus capueira,Pipile jacutinga,Odontophorus capueira,Odontophorus capueira,Odontophorus capueira,Odontophorus capueira,Odontophorus,Odontophoridae,5,Crítico
2722,Odontophorus capueira,Odontophorus capueira,Odontophorus capueira capueira,Odontophorus capueira,Odontophorus capueira,Odontophorus capueira,Odontophorus capueira,Odontophorus capueira,Odontophorus capueira capueira,Odontophorus capueira capueira,Odontophorus capueira capueira,Odontophorus capueira,Odontophorus,Odontophoridae,5,Crítico
2723,Odontophorus capueira,Odontophorus capueira capueira,Odontophorus capueira,Odontophorus capueira capueira,Odontophorus capueira capueira,Odontophorus capueira capueira,Odontophorus capueira,Odontophorus capueira,Odontophorus capueira,Odontophorus capueira,Odontophorus capueira,Odontophorus capueira capueira,Odontophorus,Odontophoridae,5,Crítico
2725,Odontophorus capueira,Odontophorus capueira capueira,Odontophorus capueira,Odontophorus capueira capueira,Odontophorus capueira capueira,Odontophorus capueira capueira,Odontophorus capueira,Odontophorus capueira capueira,Odontophorus capueira,Odontophorus capueira,Odontophorus capueira,Odontophorus capueira capueira,Odontophorus,Odontophoridae,5,Crítico
2726,Odontophorus capueira,Odontophorus capueira capueira,Odontophorus capueira,Odontophorus capueira,Odontophorus capueira capueira,Odontophorus capueira capueira,Odontophorus capueira,Odontophorus capueira,Odontophorus capueira,Odontophorus capueira,Odontophorus capueira,Odontophorus capueira capueira,Odontophorus,Odontophoridae,5,Crítico
2727,Odontophorus capueira,Odontophorus capueira capueira,Odontophorus capueira,Odontophorus capueira,Odontophorus capueira capueira,Odontophorus capueira capueira,Odontophorus capueira,Odontophorus capueira,Odontophorus capueira,Odontophorus capueira,Odontophorus capueira,Odontophorus capueira capueira,Odontophorus,Odontophoridae,5,Crítico
2728,Odontophorus capueira,Odontophorus capueira,Odontophorus capueira capueira,Odontophorus capueira capueira,Odontophorus capueira capueira,Nyctidromus albicollis,Nyctidromus albicollis,Hypoedaleus guttatus,Odontophorus capueira capueira,Odontophorus capueira capueira,Odontophorus capueira capueira,Odontophorus capueira capueira,Odontophorus,Odontophoridae,5,Crítico
2729,Odontophorus capueira,Odontophorus capueira,Odontophorus capueira,Odontophorus capueira,Odontophorus capueira,Odontophorus capueira,Odontophorus capueira,Odontophorus capueira,Odontophorus capueira,Odontophorus capueira,Odontophorus capueira,Odontophorus capueira,Odontophorus,Odontophoridae,5,Crítico
2730,Odontophorus capueira,Odontophorus capueira capueira,Odontophorus capueira capueira,Odontophorus capueira capueira,Odontophorus capueira capueira,Odontophorus capueira capueira,Odontophorus capueira,Odontophorus capueira capueira,Odontophorus capueira capueira,Odontophorus capueira capueira,Odontophorus capueira capueira,Odontophorus capueira capueira,Odontophorus,Odontophoridae,5,Crítico
2731,Odontophorus capueira,Odontophorus capueira,Odontophorus capueira,Odontophorus capueira capueira,Odontophorus capueira capueira,Odontophorus capueira,Odontophorus capueira,Odontophorus capueira,Odontophorus capueira,Odontophorus capueira,Odontophorus capueira,Odontophorus capueira capueira,Odontophorus,Odontophoridae,5,Crítico
2732,Odontophorus capueira,Odontophorus capueira,Odontophorus capueira,Odontophorus capueira,Odontophorus capueira,Odontophorus capueira,Odontophorus capueira,Odontophorus capueira,Odontophorus capueira,Odontophorus capueira,Odontophorus capueira,Odontophorus capueira,Odontophorus,Odontophoridae,5,Crítico
2733,Odontophorus capueira,Odontophorus capueira,Odontophorus capueira,Odontophorus capueira capueira,Odontophorus capueira,Odontophorus capueira,Odontophorus capueira,Odontophorus capueira,Odontophorus capueira,Odontophorus capueira,Odontophorus capueira,Odontophorus capueira,Odontophorus,Odontophoridae,5,Crítico
2734,Odontophorus capueira,Odontophorus capueira capueira,Odontophorus capueira capueira,Odontophorus capueira capueira,Odontophorus capueira capueira,Odontophorus capueira capueira,Odontophorus capueira,Odontophorus capueira,Odontophorus capueira capueira,Odontophorus capueira capueira,Odontophorus capueira capueira,Odontophorus capueira capueira,Odontophorus,Odontophoridae,5,Crítico
2735,Odontophorus capueira,Odontophorus capueira,Odontophorus capueira capueira,Odontophorus capueira,Odontophorus capueira capueira,Odontophorus capueira,Odontophorus capueira,Odontophorus capueira,Odontophorus capueira capueira,Odontophorus capueira capueira,Odontophorus capueira capueira,Odontophorus capueira,Odontophorus,Odontophoridae,5,Crítico
2737,Odontophorus capueira,Odontophorus capueira,Odontophorus capueira,Odontophorus capueira capueira,Odontophorus capueira,Odontophorus capueira,Odontophorus capueira,Odontophorus capueira,Odontophorus capueira,Odontophorus capueira,Odontophorus capueira,Odontophorus capueira,Odontophorus,Odontophoridae,5,Crítico
2740,Odontophorus capueira capueira,Odontophorus capueira capueira,Odontophorus capueira,Odontophorus capueira capueira,Odontophorus capueira capueira,Odontophorus capueira capueira,Odontophorus capueira,Odontophorus capueira capueira,Odontophorus capueira,Odontophorus capueira,Odontophorus capueira,Odontophorus capueira capueira,Odontophorus,Odontophoridae,5,Crítico
2741,Odontophorus capueira capueira,Crypturellus tataupa,Procyon cancrivorus,Eira barbara,Eira barbara,Cerdocyon thous,Cerdocyon thous,Galictis cuja,Procyon cancrivorus,Procyon cancrivorus,Procyon cancrivorus,Crypturellus tataupa,Odontophorus,Odontophoridae,5,Crítico
2742,Odontophorus capueira capueira,Odontophorus capueira,Odontophorus capueira,Odontophorus capueira,Odontophorus capueira,Odontophorus capueira,Odontophorus capueira,Nothura maculosa,Odontophorus capueira,Odontophorus capueira,Odontophorus capueira,Odontophorus capueira,Odontophorus,Odontophoridae,5,Crítico
2743,Odontophorus capueira capueira,Myiothlypis leucoblephara,Myiothlypis leucoblephara,Geotrygon montana,Myiothlypis leucoblephara,Myiothlypis leucoblephara,Myiothlypis leucoblephara,Celeus galeatus,Myiothlypis leucoblephara,Myiothlypis leucoblephara,Myiothlypis leucoblephara,Myiothlypis leucoblephara,Odontophorus,Odontophoridae,5,Crítico
2744,Odontophorus capueira capueira,Odontophorus capueira capueira,Odontophorus capueira capueira,Odontophorus capueira,Odontophorus capueira capueira,Odontophorus capueira capueira,Odontophorus capueira,Odontophorus capueira,Odontophorus capueira capueira,Odontophorus capueira capueira,Odontophorus capueira capueira,Odontophorus capueira capueira,Odontophorus,Odontophoridae,5,Crítico
2745,Odontophorus capueira capueira,Odontophorus capueira capueira,Odontophorus capueira,Odontophorus capueira capueira,Odontophorus capueira capueira,Odontophorus capueira capueira,Odontophorus capueira,Odontophorus capueira,Odontophorus capueira,Odontophorus capueira,Odontophorus capueira,Odontophorus capueira capueira,Odontophorus,Odontophoridae,5,Crítico
2746,Odontophorus capueira capueira,Odontophorus capueira capueira,Odontophorus capueira capueira,Odontophorus capueira capueira,Odontophorus capueira capueira,Odontophorus capueira capueira,Odontophorus capueira,Odontophorus capueira capueira,Odontophorus capueira capueira,Odontophorus capueira capueira,Odontophorus capueira capueira,Odontophorus capueira capueira,Odontophorus,Odontophoridae,5,Crítico
2748,Odontophorus capueira capueira,Odontophorus capueira capueira,Odontophorus capueira capueira,Odontophorus capueira capueira,Odontophorus capueira capueira,Odontophorus capueira capueira,Odontophorus capueira,Odontophorus capueira capueira,Odontophorus capueira capueira,Odontophorus capueira capueira,Odontophorus capueira capueira,Odontophorus capueira capueira,Odontophorus,Odontophoridae,5,Crítico
2749,Odontophorus capueira capueira,Odontophorus capueira,Odontophorus capueira,Odontophorus capueira,Odontophorus capueira,Chamaeza campanisona,Odontophorus capueira,Nothura maculosa,Odontophorus capueira,Odontophorus capueira,Odontophorus capueira,Odontophorus capueira,Odontophorus,Odontophoridae,5,Crítico
2750,Odontophorus capueira capueira,Odontophorus capueira capueira,Odontophorus capueira capueira,Odontophorus capueira capueira,Odontophorus capueira capueira,Odontophorus capueira capueira,Odontophorus capueira,Odontophorus capueira,Odontophorus capueira capueira,Odontophorus capueira capueira,Odontophorus capueira capueira,Odontophorus capueira capueira,Odontophorus,Odontophoridae,5,Crítico
2751,Odontophorus capueira capueira,Odontophorus capueira capueira,Odontophorus capueira capueira,Odontophorus capueira capueira,Odontophorus capueira capueira,Odontophorus capueira capueira,Odontophorus capueira,Odontophorus capueira capueira,Odontophorus capueira capueira,Odontophorus capueira capueira,Odontophorus capueira capueira,Odontophorus capueira capueira,Odontophorus,Odontophoridae,5,Crítico
2752,Odontophorus capueira capueira,Odontophorus capueira capueira,Odontophorus capueira capueira,Odontophorus capueira capueira,Odontophorus capueira,Odontophorus capueira capueira,Odontophorus capueira,Odontophorus capueira,Odontophorus capueira capueira,Odontophorus capueira capueira,Odontophorus capueira capueira,Odontophorus capueira capueira,Odontophorus,Odontophoridae,5,Crítico
2753,Odontophorus capueira capueira,Odontophorus capueira capueira,Odontophorus capueira capueira,Odontophorus capueira capueira,Odontophorus capueira capueira,Odontophorus capueira,Odontophorus capueira,Odontophorus capueira,Odontophorus capueira capueira,Odontophorus capueira capueira,Odontophorus capueira capueira,Odontophorus capueira capueira,Odontophorus,Odontophoridae,5,Crítico
2755,Odontophorus capueira capueira,Odontophorus capueira capueira,Odontophorus capueira,Odontophorus capueira capueira,Odontophorus capueira capueira,Odontophorus capueira capueira,Odontophorus capueira,Odontophorus capueira,Odontophorus capueira,Odontophorus capueira,Odontophorus capueira,Odontophorus capueira capueira,Odontophorus,Odontophoridae,5,Crítico
2756,Odontophorus capueira capueira,Odontophorus capueira,Odontophorus capueira,Odontophorus capueira capueira,Odontophorus capueira capueira,Nyctidromus albicollis,Odontophorus capueira,Odontophorus capueira,Odontophorus capueira,Odontophorus capueira,Odontophorus capueira,Odontophorus capueira,Odontophorus,Odontophoridae,5,Crítico
2757,Odontophorus capueira capueira,Odontophorus capueira capueira,Odontophorus capueira capueira,Odontophorus capueira capueira,Odontophorus capueira capueira,Odontophorus capueira capueira,Odontophorus capueira,Odontophorus capueira,Odontophorus capueira capueira,Odontophorus capueira capueira,Odontophorus capueira capueira,Odontophorus capueira capueira,Odontophorus,Odontophoridae,5,Crítico
2758,Odontophorus capueira capueira,Odontophorus capueira capueira,Odontophorus capueira capueira,Odontophorus capueira capueira,Odontophorus capueira,Odontophorus capueira capueira,Odontophorus capueira,Odontophorus capueira,Odontophorus capueira capueira,Odontophorus capueira capueira,Odontophorus capueira capueira,Odontophorus capueira capueira,Odontophorus,Odontophoridae,5,Crítico
2759,Odontophorus capueira capueira,Odontophorus capueira capueira,Odontophorus capueira capueira,Odontophorus capueira,Odontophorus capueira capueira,Odontophorus capueira capueira,Odontophorus capueira,Odontophorus capueira capueira,Odontophorus capueira capueira,Odontophorus capueira capueira,Odontophorus capueira capueira,Odontophorus capueira capueira,Odontophorus,Odontophoridae,5,Crítico
2760,Odontophorus capueira capueira,Odontophorus capueira,Mackenziaena severa,Mackenziaena severa,Odontophorus capueira,Odontophorus capueira,Odontophorus capueira,Odontophorus capueira,Mackenziaena severa,Mackenziaena severa,Mackenziaena severa,Odontophorus capueira,Odontophorus,Odontophoridae,5,Crítico
2762,Odontophorus capueira capueira,Odontophorus capueira capueira,Odontophorus capueira capueira,Odontophorus capueira capueira,Odontophorus capueira capueira,Odontophorus capueira capueira,Odontophorus capueira,Odontophorus capueira capueira,Odontophorus capueira capueira,Odontophorus capueira capueira,Odontophorus capueira capueira,Odontophorus capueira capueira,Odontophorus,Odontophoridae,5,Crítico
2763,Odontophorus capueira capueira,Odontophorus capueira,Odontophorus capueira capueira,Odontophorus capueira capueira,Odontophorus capueira capueira,Odontophorus capueira,Odontophorus capueira,Odontophorus capueira capueira,Odontophorus capueira capueira,Odontophorus capueira capueira,Odontophorus capueira capueira,Odontophorus capueira,Odontophorus,Odontophoridae,5,Crítico
2764,Odontophorus capueira capueira,Odontophorus capueira,Odontophorus capueira,Odontophorus capueira capueira,Odontophorus capueira,Odontophorus capueira,Odontophorus capueira,Odontophorus capueira,Odontophorus capueira,Odontophorus capueira,Odontophorus capueira,Odontophorus capueira,Odontophorus,Odontophoridae,5,Crítico
2766,Odontophorus capueira capueira,Odontophorus capueira,Odontophorus capueira,Odontophorus capueira capueira,Odontophorus capueira capueira,Odontophorus capueira,Odontophorus capueira,Odontophorus capueira,Odontophorus capueira,Odontophorus capueira,Odontophorus capueira,Odontophorus capueira,Odontophorus,Odontophoridae,5,Crítico
2767,Odontophorus capueira capueira,Odontophorus capueira,Odontophorus capueira,Odontophorus capueira,Odontophorus capueira,Odontophorus capueira,Odontophorus capueira,Odontophorus capueira capueira,Odontophorus capueira,Odontophorus capueira,Odontophorus capueira,Odontophorus capueira,Odontophorus,Odontophoridae,5,Crítico
2768,Odontophorus capueira capueira,Odontophorus capueira capueira,Odontophorus capueira,Odontophorus capueira capueira,Odontophorus capueira capueira,Odontophorus capueira capueira,Odontophorus capueira,Odontophorus capueira,Odontophorus capueira,Odontophorus capueira,Odontophorus capueira,Odontophorus capueira capueira,Odontophorus,Odontophoridae,5,Crítico
2769,Odontophorus capueira capueira,Odontophorus capueira,Odontophorus capueira,Odontophorus capueira,Odontophorus capueira,Odontophorus capueira,Odontophorus capueira,Odontophorus capueira,Odontophorus capueira,Odontophorus capueira,Odontophorus capueira,Odontophorus capueira,Odontophorus,Odontophoridae,5,Crítico
2770,Myiothlypis leucoblephara,Myiothlypis leucoblephara,Myiothlypis leucoblephara,Myiothlypis leucoblephara,Myiothlypis leucoblephara,Myiothlypis leucoblephara,Myiothlypis leucoblephara,Myiothlypis leucoblephara,Myiothlypis leucoblephara,Myiothlypis leucoblephara,Myiothlypis leucoblephara,Myiothlypis leucoblephara,Myiothlypis,Parulidae,3,Medio
2771,Myiothlypis leucoblephara,Myiothlypis leucoblephara,Myiothlypis leucoblephara,Myiothlypis leucoblephara,Myiothlypis leucoblephara,Myiothlypis leucoblephara,Myiothlypis leucoblephara,Myiothlypis leucoblephara,Myiothlypis leucoblephara,Myiothlypis leucoblephara,Myiothlypis leucoblephara,Myiothlypis leucoblephara,Myiothlypis,Parulidae,3,Medio
2772,Myiothlypis leucoblephara,Myiothlypis leucoblephara,Myiothlypis leucoblephara,Myiothlypis leucoblephara,Myiothlypis leucoblephara,Myiothlypis leucoblephara,Myiothlypis leucoblephara,Myiothlypis leucoblephara,Myiothlypis leucoblephara,Myiothlypis leucoblephara,Myiothlypis leucoblephara,Myiothlypis leucoblephara,Myiothlypis,Parulidae,3,Medio
2773,Myiothlypis leucoblephara,Myiothlypis leucoblephara,Myiothlypis leucoblephara,Myiothlypis leucoblephara,Myiothlypis leucoblephara,Myiothlypis leucoblephara,Myiothlypis leucoblephara,Myiothlypis leucoblephara,Myiothlypis leucoblephara,Myiothlypis leucoblephara,Myiothlypis leucoblephara,Myiothlypis leucoblephara,Myiothlypis,Parulidae,3,Medio
2775,Myiothlypis leucoblephara,Myiothlypis leucoblephara,Myiothlypis leucoblephara,Myiothlypis leucoblephara,Myiothlypis leucoblephara,Myiothlypis leucoblephara,Myiothlypis leucoblephara,Myiothlypis leucoblephara,Myiothlypis leucoblephara,Myiothlypis leucoblephara,Myiothlypis leucoblephara,Myiothlypis leucoblephara,Myiothlypis,Parulidae,3,Medio
2776,Myiothlypis leucoblephara,Myiothlypis leucoblephara,Myiothlypis leucoblephara,Myiothlypis leucoblephara,Myiothlypis leucoblephara,Myiothlypis leucoblephara,Myiothlypis leucoblephara,Myiothlypis leucoblephara,Myiothlypis leucoblephara,Myiothlypis leucoblephara,Myiothlypis leucoblephara,Myiothlypis leucoblephara,Myiothlypis,Parulidae,3,Medio
2777,Myiothlypis leucoblephara,Myiothlypis leucoblephara,Myiothlypis leucoblephara,Myiothlypis leucoblephara,Myiothlypis leucoblephara,Myiothlypis leucoblephara,Myiothlypis leucoblephara,Myiothlypis leucoblephara,Myiothlypis leucoblephara,Myiothlypis leucoblephara,Myiothlypis leucoblephara,Myiothlypis leucoblephara,Myiothlypis,Parulidae,3,Medio
2778,Myiothlypis leucoblephara,Myiothlypis leucoblephara,Myiothlypis leucoblephara,Myiothlypis leucoblephara,Myiothlypis leucoblephara,Myiothlypis leucoblephara,Myiothlypis leucoblephara,Myiothlypis leucoblephara,Myiothlypis leucoblephara,Myiothlypis leucoblephara,Myiothlypis leucoblephara,Myiothlypis leucoblephara,Myiothlypis,Parulidae,3,Medio
2779,Myiothlypis leucoblephara,Myiothlypis leucoblephara,Myiothlypis leucoblephara,Myiothlypis leucoblephara,Myiothlypis leucoblephara,Myiothlypis leucoblephara,Myiothlypis leucoblephara,Myiothlypis leucoblephara,Myiothlypis leucoblephara,Myiothlypis leucoblephara,Myiothlypis leucoblephara,Myiothlypis leucoblephara,Myiothlypis,Parulidae,3,Medio
2782,Myiothlypis leucoblephara,Myiothlypis leucoblephara,Myiothlypis leucoblephara,Myiothlypis leucoblephara,Myiothlypis leucoblephara,Myiothlypis leucoblephara,Myiothlypis leucoblephara,Myiothlypis leucoblephara,Myiothlypis leucoblephara,Myiothlypis leucoblephara,Myiothlypis leucoblephara,Myiothlypis leucoblephara,Myiothlypis,Parulidae,3,Medio
2783,Myiothlypis leucoblephara,Myiothlypis leucoblephara,Myiothlypis leucoblephara,Myiothlypis leucoblephara,Myiothlypis leucoblephara,Myiothlypis leucoblephara,Myiothlypis leucoblephara,Myiothlypis leucoblephara,Myiothlypis leucoblephara,Myiothlypis leucoblephara,Myiothlypis leucoblephara,Myiothlypis leucoblephara,Myiothlypis,Parulidae,3,Medio
2785,Myiothlypis leucoblephara,Myiothlypis leucoblephara,Myiothlypis leucoblephara,Myiothlypis leucoblephara,Myiothlypis leucoblephara,Myiothlypis leucoblephara,Myiothlypis leucoblephara,Myiothlypis leucoblephara,Myiothlypis leucoblephara,Myiothlypis leucoblephara,Myiothlypis leucoblephara,Myiothlypis leucoblephara,Myiothlypis,Parulidae,3,Medio
2787,Myiothlypis leucoblephara,Myiothlypis leucoblephara,Myiothlypis leucoblephara,Myiothlypis leucoblephara,Myiothlypis leucoblephara,Myiothlypis leucoblephara,Myiothlypis leucoblephara,Myiothlypis leucoblephara,Myiothlypis leucoblephara,Myiothlypis leucoblephara,Myiothlypis leucoblephara,Myiothlypis leucoblephara,Myiothlypis,Parulidae,3,Medio
2788,Myiothlypis leucoblephara,Myiothlypis leucoblephara,Myiothlypis leucoblephara,Myiothlypis leucoblephara,Myiothlypis leucoblephara,Myiothlypis leucoblephara,Myiothlypis leucoblephara,Myiothlypis leucoblephara,Myiothlypis leucoblephara,Myiothlypis leucoblephara,Myiothlypis leucoblephara,Myiothlypis leucoblephara,Myiothlypis,Parulidae,3,Medio
2789,Myiothlypis leucoblephara,Leopardus wiedii,Cyanocorax chrysops,Biatas nigropectus,Sapajus nigritus,Leopardus wiedii,Sapajus nigritus,Amazona vinacea,Cyanocorax chrysops,Cyanocorax chrysops,Cyanocorax chrysops,Leopardus pardalis,Myiothlypis,Parulidae,3,Medio
2790,Myiothlypis leucoblephara,Myiothlypis leucoblephara,Myiothlypis leucoblephara,Myiothlypis leucoblephara,Myiothlypis leucoblephara,Myiothlypis leucoblephara,Myiothlypis leucoblephara,Myiothlypis leucoblephara,Myiothlypis leucoblephara,Myiothlypis leucoblephara,Myiothlypis leucoblephara,Myiothlypis leucoblephara,Myiothlypis,Parulidae,3,Medio
2791,Myiothlypis leucoblephara,Myiothlypis leucoblephara,Myiothlypis leucoblephara,Myiothlypis leucoblephara,Myiothlypis leucoblephara,Myiothlypis leucoblephara,Myiothlypis leucoblephara,Myiothlypis leucoblephara,Myiothlypis leucoblephara,Myiothlypis leucoblephara,Myiothlypis leucoblephara,Myiothlypis leucoblephara,Myiothlypis,Parulidae,3,Medio
2792,Myiothlypis leucoblephara,Myiothlypis leucoblephara,Myiothlypis leucoblephara,Myiothlypis leucoblephara,Myiothlypis leucoblephara,Myiothlypis leucoblephara,Myiothlypis leucoblephara,Myiothlypis leucoblephara,Myiothlypis leucoblephara,Myiothlypis leucoblephara,Myiothlypis leucoblephara,Myiothlypis leucoblephara,Myiothlypis,Parulidae,3,Medio
2793,Myiothlypis leucoblephara,Myiothlypis leucoblephara,Myiothlypis leucoblephara,Myiothlypis leucoblephara,Myiothlypis leucoblephara,Myiothlypis leucoblephara,Myiothlypis leucoblephara,Myiothlypis leucoblephara,Myiothlypis leucoblephara,Myiothlypis leucoblephara,Myiothlypis leucoblephara,Myiothlypis leucoblephara,Myiothlypis,Parulidae,3,Medio
2794,Myiothlypis leucoblephara,Myiothlypis leucoblephara,Myiothlypis leucoblephara,Myiothlypis leucoblephara,Myiothlypis leucoblephara,Myiothlypis leucoblephara,Myiothlypis leucoblephara,Myiothlypis leucoblephara,Myiothlypis leucoblephara,Myiothlypis leucoblephara,Myiothlypis leucoblephara,Myiothlypis leucoblephara,Myiothlypis,Parulidae,3,Medio
2795,Myiothlypis leucoblephara,Myiothlypis leucoblephara,Myiothlypis leucoblephara,Myiothlypis leucoblephara,Myiothlypis leucoblephara,Myiothlypis leucoblephara,Myiothlypis leucoblephara,Myiothlypis leucoblephara,Myiothlypis leucoblephara,Myiothlypis leucoblephara,Myiothlypis leucoblephara,Myiothlypis leucoblephara,Myiothlypis,Parulidae,3,Medio
2797,Myiothlypis leucoblephara,Myiothlypis leucoblephara,Myiothlypis leucoblephara,Myiothlypis leucoblephara,Myiothlypis leucoblephara,Myiothlypis leucoblephara,Myiothlypis leucoblephara,Myiothlypis leucoblephara,Myiothlypis leucoblephara,Myiothlypis leucoblephara,Myiothlypis leucoblephara,Myiothlypis leucoblephara,Myiothlypis,Parulidae,3,Medio
2798,Myiothlypis leucoblephara,Myiothlypis leucoblephara,Myiothlypis leucoblephara,Myiothlypis leucoblephara,Myiothlypis leucoblephara,Myiothlypis leucoblephara,Myiothlypis leucoblephara,Myiothlypis leucoblephara,Myiothlypis leucoblephara,Myiothlypis leucoblephara,Myiothlypis leucoblephara,Myiothlypis leucoblephara,Myiothlypis,Parulidae,3,Medio
2799,Myiothlypis leucoblephara,Myiothlypis leucoblephara,Myiothlypis leucoblephara,Myiothlypis leucoblephara,Myiothlypis leucoblephara,Myiothlypis leucoblephara,Myiothlypis leucoblephara,Myiothlypis leucoblephara,Myiothlypis leucoblephara,Myiothlypis leucoblephara,Myiothlypis leucoblephara,Myiothlypis leucoblephara,Myiothlypis,Parulidae,3,Medio
2800,Myiothlypis leucoblephara,Myiothlypis leucoblephara,Myiothlypis leucoblephara,Myiothlypis leucoblephara,Myiothlypis leucoblephara,Myiothlypis leucoblephara,Myiothlypis leucoblephara,Myiothlypis leucoblephara,Myiothlypis leucoblephara,Myiothlypis leucoblephara,Myiothlypis leucoblephara,Myiothlypis leucoblephara,Myiothlypis,Parulidae,3,Medio
2801,Myiothlypis leucoblephara,Myiothlypis leucoblephara,Myiothlypis leucoblephara,Myiothlypis leucoblephara,Myiothlypis leucoblephara,Myiothlypis leucoblephara,Myiothlypis leucoblephara,Myiothlypis leucoblephara,Myiothlypis leucoblephara,Myiothlypis leucoblephara,Myiothlypis leucoblephara,Myiothlypis leucoblephara,Myiothlypis,Parulidae,3,Medio
2803,Myiothlypis leucoblephara,Myiothlypis leucoblephara,Myiothlypis leucoblephara,Myiothlypis leucoblephara,Myiothlypis leucoblephara,Myiothlypis leucoblephara,Myiothlypis leucoblephara,Myiothlypis leucoblephara,Myiothlypis leucoblephara,Myiothlypis leucoblephara,Myiothlypis leucoblephara,Myiothlypis leucoblephara,Myiothlypis,Parulidae,3,Medio
2804,Myiothlypis leucoblephara,Brotogeris chiriri,Penelope superciliaris,Biatas nigropectus,Biatas nigropectus,Leptotila rufaxilla,Sapajus nigritus,Amazona aestiva,Penelope superciliaris,Penelope superciliaris,Penelope superciliaris,Brotogeris chiriri,Myiothlypis,Parulidae,3,Medio
2806,Myiothlypis leucoblephara,Myiothlypis leucoblephara,Myiothlypis leucoblephara,Myiothlypis leucoblephara,Myiothlypis leucoblephara,Myiothlypis leucoblephara,Myiothlypis leucoblephara,Myiothlypis leucoblephara,Myiothlypis leucoblephara,Myiothlypis leucoblephara,Myiothlypis leucoblephara,Myiothlypis leucoblephara,Myiothlypis,Parulidae,3,Medio
2807,Myiothlypis leucoblephara,Myiothlypis leucoblephara,Myiothlypis leucoblephara,Myiothlypis leucoblephara,Myiothlypis leucoblephara,Myiothlypis leucoblephara,Myiothlypis leucoblephara,Myiothlypis leucoblephara,Myiothlypis leucoblephara,Myiothlypis leucoblephara,Myiothlypis leucoblephara,Myiothlypis leucoblephara,Myiothlypis,Parulidae,3,Medio
2810,Myiothlypis leucoblephara,Myiothlypis leucoblephara,Myiothlypis leucoblephara,Myiothlypis leucoblephara,Myiothlypis leucoblephara,Myiothlypis leucoblephara,Myiothlypis leucoblephara,Myiothlypis leucoblephara,Myiothlypis leucoblephara,Myiothlypis leucoblephara,Myiothlypis leucoblephara,Myiothlypis leucoblephara,Myiothlypis,Parulidae,3,Medio
2811,Myiothlypis leucoblephara,Myiothlypis leucoblephara,Myiothlypis leucoblephara,Myiothlypis leucoblephara,Myiothlypis leucoblephara,Myiothlypis leucoblephara,Myiothlypis leucoblephara,Myiothlypis leucoblephara,Myiothlypis leucoblephara,Myiothlypis leucoblephara,Myiothlypis leucoblephara,Myiothlypis leucoblephara,Myiothlypis,Parulidae,3,Medio
2812,Myiothlypis leucoblephara,Myiothlypis leucoblephara,Myiothlypis leucoblephara,Myiothlypis leucoblephara,Myiothlypis leucoblephara,Myiothlypis leucoblephara,Myiothlypis leucoblephara,Myiothlypis leucoblephara,Myiothlypis leucoblephara,Myiothlypis leucoblephara,Myiothlypis leucoblephara,Myiothlypis leucoblephara,Myiothlypis,Parulidae,3,Medio
2813,Myiothlypis leucoblephara,Nyctidromus albicollis,Sapajus nigritus,Sapajus nigritus,Sapajus nigritus,Sapajus nigritus,Sapajus nigritus,Selenidera maculirostris,Sapajus nigritus,Sapajus nigritus,Sapajus nigritus,Conopophaga lineata vulgaris,Myiothlypis,Parulidae,3,Medio
2814,Myiothlypis leucoblephara,Myiothlypis leucoblephara,Myiothlypis leucoblephara,Myiothlypis leucoblephara,Myiothlypis leucoblephara,Myiothlypis leucoblephara,Myiothlypis leucoblephara,Myiothlypis leucoblephara,Myiothlypis leucoblephara,Myiothlypis leucoblephara,Myiothlypis leucoblephara,Myiothlypis leucoblephara,Myiothlypis,Parulidae,3,Medio
2815,Myiothlypis leucoblephara,Myiothlypis leucoblephara,Myiothlypis leucoblephara,Myiothlypis leucoblephara,Myiothlypis leucoblephara,Myiothlypis leucoblephara,Myiothlypis leucoblephara,Myiothlypis leucoblephara,Myiothlypis leucoblephara,Myiothlypis leucoblephara,Myiothlypis leucoblephara,Myiothlypis leucoblephara,Myiothlypis,Parulidae,3,Medio
2816,Myiothlypis leucoblephara,Myiothlypis leucoblephara,Myiothlypis leucoblephara,Myiothlypis leucoblephara,Myiothlypis leucoblephara,Myiothlypis leucoblephara,Myiothlypis leucoblephara,Myiothlypis leucoblephara,Myiothlypis leucoblephara,Myiothlypis leucoblephara,Myiothlypis leucoblephara,Myiothlypis leucoblephara,Myiothlypis,Parulidae,3,Medio
2817,Myiothlypis leucoblephara,Myiothlypis leucoblephara,Myiothlypis leucoblephara,Myiothlypis leucoblephara,Myiothlypis leucoblephara,Myiothlypis leucoblephara,Myiothlypis leucoblephara,Myiothlypis leucoblephara,Myiothlypis leucoblephara,Myiothlypis leucoblephara,Myiothlypis leucoblephara,Myiothlypis leucoblephara,Myiothlypis,Parulidae,3,Medio
2818,Myiothlypis leucoblephara,Myiothlypis leucoblephara,Myiothlypis leucoblephara,Myiothlypis leucoblephara,Myiothlypis leucoblephara,Myiothlypis leucoblephara,Myiothlypis leucoblephara,Myiothlypis leucoblephara,Myiothlypis leucoblephara,Myiothlypis leucoblephara,Myiothlypis leucoblephara,Myiothlypis leucoblephara,Myiothlypis,Parulidae,3,Medio
2819,Myiothlypis leucoblephara,Myiothlypis leucoblephara,Myiothlypis leucoblephara,Myiothlypis leucoblephara,Myiothlypis leucoblephara,Myiothlypis leucoblephara,Myiothlypis leucoblephara,Myiothlypis leucoblephara,Myiothlypis leucoblephara,Myiothlypis leucoblephara,Myiothlypis leucoblephara,Myiothlypis leucoblephara,Myiothlypis,Parulidae,3,Medio
2821,Myiothlypis leucoblephara,Myiothlypis leucoblephara,Myiothlypis leucoblephara,Myiothlypis leucoblephara,Myiothlypis leucoblephara,Myiothlypis leucoblephara,Myiothlypis leucoblephara,Myiothlypis leucoblephara,Myiothlypis leucoblephara,Myiothlypis leucoblephara,Myiothlypis leucoblephara,Myiothlypis leucoblephara,Myiothlypis,Parulidae,3,Medio
2822,Myiothlypis leucoblephara,Myiothlypis leucoblephara,Myiothlypis leucoblephara,Myiothlypis leucoblephara,Myiothlypis leucoblephara,Myiothlypis leucoblephara,Myiothlypis leucoblephara,Myiothlypis leucoblephara,Myiothlypis leucoblephara,Myiothlypis leucoblephara,Myiothlypis leucoblephara,Myiothlypis leucoblephara,Myiothlypis,Parulidae,3,Medio
2823,Myiothlypis leucoblephara,Myiothlypis leucoblephara,Myiothlypis leucoblephara,Myiothlypis leucoblephara,Myiothlypis leucoblephara,Myiothlypis leucoblephara,Myiothlypis leucoblephara,Myiothlypis leucoblephara,Myiothlypis leucoblephara,Myiothlypis leucoblephara,Myiothlypis leucoblephara,Myiothlypis leucoblephara,Myiothlypis,Parulidae,3,Medio
2824,Myiothlypis leucoblephara,Myiothlypis leucoblephara,Myiothlypis leucoblephara,Myiothlypis leucoblephara,Myiothlypis leucoblephara,Myiothlypis leucoblephara,Myiothlypis leucoblephara,Myiothlypis leucoblephara,Myiothlypis leucoblephara,Myiothlypis leucoblephara,Myiothlypis leucoblephara,Myiothlypis leucoblephara,Myiothlypis,Parulidae,3,Medio
2825,Myiothlypis leucoblephara,Myiothlypis leucoblephara,Myiothlypis leucoblephara,Myiothlypis leucoblephara,Myiothlypis leucoblephara,Myiothlypis leucoblephara,Myiothlypis leucoblephara,Myiothlypis leucoblephara,Myiothlypis leucoblephara,Myiothlypis leucoblephara,Myiothlypis leucoblephara,Myiothlypis leucoblephara,Myiothlypis,Parulidae,3,Medio
2826,Myiothlypis leucoblephara,Myiothlypis leucoblephara,Myiothlypis leucoblephara,Myiothlypis leucoblephara,Myiothlypis leucoblephara,Myiothlypis leucoblephara,Myiothlypis leucoblephara,Myiothlypis leucoblephara,Myiothlypis leucoblephara,Myiothlypis leucoblephara,Myiothlypis leucoblephara,Myiothlypis leucoblephara,Myiothlypis,Parulidae,3,Medio
2827,Myiothlypis leucoblephara,Myiothlypis leucoblephara,Myiothlypis leucoblephara,Myiothlypis leucoblephara,Myiothlypis leucoblephara,Myiothlypis leucoblephara,Myiothlypis leucoblephara,Cyanoloxia brissonii,Myiothlypis leucoblephara,Myiothlypis leucoblephara,Myiothlypis leucoblephara,Myiothlypis leucoblephara,Myiothlypis,Parulidae,3,Medio
2828,Celeus galeatus,Celeus galeatus,Celeus galeatus,Celeus galeatus,Celeus galeatus,Celeus galeatus,Celeus galeatus,Celeus galeatus,Celeus galeatus,Celeus galeatus,Celeus galeatus,Celeus galeatus,Celeus,Picidae,6,Crítico
2829,Celeus galeatus,Celeus galeatus,Celeus galeatus,Celeus galeatus,Celeus galeatus,Celeus galeatus,Celeus galeatus,Celeus galeatus,Celeus galeatus,Celeus galeatus,Celeus galeatus,Celeus galeatus,Celeus,Picidae,6,Crítico
2830,Celeus galeatus,Celeus galeatus,Celeus galeatus,Celeus galeatus,Celeus galeatus,Celeus galeatus,Amazona vinacea,Penelope superciliaris,Celeus galeatus,Celeus galeatus,Celeus galeatus,Celeus galeatus,Celeus,Picidae,6,Crítico
2831,Celeus galeatus,Celeus galeatus,Celeus galeatus,Celeus galeatus,Celeus galeatus,Celeus galeatus,Celeus galeatus,Celeus galeatus,Celeus galeatus,Celeus galeatus,Celeus galeatus,Celeus galeatus,Celeus,Picidae,6,Crítico
2832,Celeus galeatus,Celeus galeatus,Celeus galeatus,Celeus galeatus,Celeus galeatus,Celeus galeatus,Celeus galeatus,Celeus galeatus,Celeus galeatus,Celeus galeatus,Celeus galeatus,Celeus galeatus,Celeus,Picidae,6,Crítico
2833,Celeus galeatus,Celeus galeatus,Celeus galeatus,Celeus galeatus,Celeus galeatus,Celeus galeatus,Celeus galeatus,Celeus galeatus,Celeus galeatus,Celeus galeatus,Celeus galeatus,Celeus galeatus,Celeus,Picidae,6,Crítico
2834,Celeus galeatus,Celeus galeatus,Celeus galeatus,Celeus galeatus,Celeus galeatus,Celeus galeatus,Celeus galeatus,Celeus galeatus,Celeus galeatus,Celeus galeatus,Celeus galeatus,Celeus galeatus,Celeus,Picidae,6,Crítico
2836,Celeus galeatus,Celeus galeatus,Celeus galeatus,Celeus galeatus,Celeus galeatus,Celeus galeatus,Celeus galeatus,Celeus galeatus,Celeus galeatus,Celeus galeatus,Celeus galeatus,Celeus galeatus,Celeus,Picidae,6,Crítico
2839,Celeus galeatus,Celeus galeatus,Celeus galeatus,Celeus galeatus,Celeus galeatus,Celeus galeatus,Celeus galeatus,Celeus galeatus,Celeus galeatus,Celeus galeatus,Celeus galeatus,Celeus galeatus,Celeus,Picidae,6,Crítico
2842,Celeus galeatus,Celeus galeatus,Celeus galeatus,Celeus galeatus,Celeus galeatus,Celeus galeatus,Celeus galeatus,Celeus galeatus,Celeus galeatus,Celeus galeatus,Celeus galeatus,Celeus galeatus,Celeus,Picidae,6,Crítico
2843,Celeus galeatus,Celeus galeatus,Celeus galeatus,Celeus galeatus,Celeus galeatus,Celeus galeatus,Celeus galeatus,Celeus galeatus,Celeus galeatus,Celeus galeatus,Celeus galeatus,Celeus galeatus,Celeus,Picidae,6,Crítico
2844,Celeus galeatus,Celeus galeatus,Celeus galeatus,Celeus galeatus,Celeus galeatus,Celeus galeatus,Celeus galeatus,Celeus galeatus,Celeus galeatus,Celeus galeatus,Celeus galeatus,Celeus galeatus,Celeus,Picidae,6,Crítico
2845,Celeus galeatus,Celeus galeatus,Celeus galeatus,Celeus galeatus,Celeus galeatus,Celeus galeatus,Celeus galeatus,Hydropsalis torquata,Celeus galeatus,Celeus galeatus,Celeus galeatus,Celeus galeatus,Celeus,Picidae,6,Crítico
2846,Celeus galeatus,Celeus galeatus,Celeus galeatus,Celeus galeatus,Celeus galeatus,Celeus galeatus,Celeus galeatus,Celeus galeatus,Celeus galeatus,Celeus galeatus,Celeus galeatus,Celeus galeatus,Celeus,Picidae,6,Crítico
2848,Celeus galeatus,Celeus galeatus,Celeus galeatus,Celeus galeatus,Celeus galeatus,Celeus galeatus,Celeus galeatus,Celeus galeatus,Celeus galeatus,Celeus galeatus,Celeus galeatus,Celeus galeatus,Celeus,Picidae,6,Crítico
2849,Celeus galeatus,Celeus galeatus,Celeus galeatus,Celeus galeatus,Celeus galeatus,Celeus galeatus,Celeus galeatus,Celeus galeatus,Celeus galeatus,Celeus galeatus,Celeus galeatus,Celeus galeatus,Celeus,Picidae,6,Crítico
2850,Celeus galeatus,Celeus galeatus,Celeus galeatus,Celeus galeatus,Celeus galeatus,Celeus galeatus,Celeus galeatus,Celeus galeatus,Celeus galeatus,Celeus galeatus,Celeus galeatus,Celeus galeatus,Celeus,Picidae,6,Crítico
2851,Celeus galeatus,Celeus galeatus,Celeus galeatus,Celeus galeatus,Celeus galeatus,Celeus galeatus,Celeus galeatus,Celeus galeatus,Celeus galeatus,Celeus galeatus,Celeus galeatus,Celeus galeatus,Celeus,Picidae,6,Crítico
2852,Celeus galeatus,Celeus galeatus,Celeus galeatus,Celeus galeatus,Celeus galeatus,Celeus galeatus,Celeus galeatus,Celeus galeatus,Celeus galeatus,Celeus galeatus,Celeus galeatus,Celeus galeatus,Celeus,Picidae,6,Crítico
2853,Celeus galeatus,Celeus galeatus,Celeus galeatus,Celeus galeatus,Celeus galeatus,Celeus galeatus,Celeus galeatus,Celeus galeatus,Celeus galeatus,Celeus galeatus,Celeus galeatus,Celeus galeatus,Celeus,Picidae,6,Crítico
2854,Celeus galeatus,Celeus galeatus,Celeus galeatus,Celeus galeatus,Celeus galeatus,Celeus galeatus,Galictis cuja,Tachyphonus coronatus,Celeus galeatus,Celeus galeatus,Celeus galeatus,Celeus galeatus,Celeus,Picidae,6,Crítico
2855,Celeus galeatus,Celeus galeatus,Celeus galeatus,Celeus galeatus,Celeus galeatus,Celeus galeatus,Celeus galeatus,Celeus galeatus,Celeus galeatus,Celeus galeatus,Celeus galeatus,Celeus galeatus,Celeus,Picidae,6,Crítico
2856,Celeus galeatus,Celeus galeatus,Celeus galeatus,Celeus galeatus,Celeus galeatus,Celeus galeatus,Celeus galeatus,Celeus galeatus,Celeus galeatus,Celeus galeatus,Celeus galeatus,Celeus galeatus,Celeus,Picidae,6,Crítico
2858,Celeus galeatus,Celeus galeatus,Celeus galeatus,Celeus galeatus,Celeus galeatus,Celeus galeatus,Celeus galeatus,Celeus galeatus,Celeus galeatus,Celeus galeatus,Celeus galeatus,Celeus galeatus,Celeus,Picidae,6,Crítico
2859,Celeus galeatus,Celeus galeatus,Celeus galeatus,Celeus galeatus,Celeus galeatus,Celeus galeatus,Celeus galeatus,Celeus galeatus,Celeus galeatus,Celeus galeatus,Celeus galeatus,Celeus galeatus,Celeus,Picidae,6,Crítico
2860,Celeus galeatus,Celeus galeatus,Celeus galeatus,Celeus galeatus,Celeus galeatus,Celeus galeatus,Celeus galeatus,Celeus galeatus,Celeus galeatus,Celeus galeatus,Celeus galeatus,Celeus galeatus,Celeus,Picidae,6,Crítico
2861,Celeus galeatus,Celeus galeatus,Celeus galeatus,Celeus galeatus,Celeus galeatus,Celeus galeatus,Celeus galeatus,Celeus galeatus,Celeus galeatus,Celeus galeatus,Celeus galeatus,Celeus galeatus,Celeus,Picidae,6,Crítico
2862,Celeus galeatus,Celeus galeatus,Celeus galeatus,Celeus galeatus,Celeus galeatus,Celeus galeatus,Celeus galeatus,Celeus galeatus,Celeus galeatus,Celeus galeatus,Celeus galeatus,Celeus galeatus,Celeus,Picidae,6,Crítico
2863,Celeus galeatus,Celeus galeatus,Celeus galeatus,Celeus galeatus,Celeus galeatus,Celeus galeatus,Celeus galeatus,Celeus galeatus,Celeus galeatus,Celeus galeatus,Celeus galeatus,Celeus galeatus,Celeus,Picidae,6,Crítico
2864,Celeus galeatus,Celeus galeatus,Celeus galeatus,Celeus galeatus,Celeus galeatus,Celeus galeatus,Celeus galeatus,Celeus galeatus,Celeus galeatus,Celeus galeatus,Celeus galeatus,Celeus galeatus,Celeus,Picidae,6,Crítico
2865,Celeus galeatus,Celeus galeatus,Celeus galeatus,Celeus galeatus,Celeus galeatus,Celeus galeatus,Celeus galeatus,Celeus galeatus,Celeus galeatus,Celeus galeatus,Celeus galeatus,Celeus galeatus,Celeus,Picidae,6,Crítico
2866,Celeus galeatus,Celeus galeatus,Celeus galeatus,Celeus galeatus,Celeus galeatus,Celeus galeatus,Celeus galeatus,Celeus galeatus,Celeus galeatus,Celeus galeatus,Celeus galeatus,Celeus galeatus,Celeus,Picidae,6,Crítico
2868,Celeus galeatus,Celeus galeatus,Celeus galeatus,Celeus galeatus,Celeus galeatus,Celeus galeatus,Celeus galeatus,Celeus galeatus,Celeus galeatus,Celeus galeatus,Celeus galeatus,Celeus galeatus,Celeus,Picidae,6,Crítico
2869,Celeus galeatus,Celeus galeatus,Celeus galeatus,Celeus galeatus,Celeus galeatus,Celeus galeatus,Celeus galeatus,Celeus galeatus,Celeus galeatus,Celeus galeatus,Celeus galeatus,Celeus galeatus,Celeus,Picidae,6,Crítico
2870,Manacus manacus,Manacus manacus,Manacus manacus,Manacus manacus,Manacus manacus,Manacus manacus,Manacus manacus,Manacus manacus,Manacus manacus,Manacus manacus,Manacus manacus,Manacus manacus,Manacus,Pipridae,1,Bajo
2872,Manacus manacus,Manacus manacus,Manacus manacus,Manacus manacus,Manacus manacus,Manacus manacus,Manacus manacus,Manacus manacus,Manacus manacus,Manacus manacus,Manacus manacus,Manacus manacus,Manacus,Pipridae,1,Bajo
2874,Manacus manacus,Manacus manacus,Manacus manacus,Manacus manacus,Manacus manacus,Manacus manacus,Manacus manacus,Manacus manacus,Manacus manacus,Manacus manacus,Manacus manacus,Manacus manacus,Manacus,Pipridae,1,Bajo
2875,Manacus manacus,Manacus manacus,Manacus manacus,Manacus manacus,Manacus manacus,Manacus manacus,Manacus manacus,Cyanoloxia brissonii,Manacus manacus,Manacus manacus,Manacus manacus,Myiothlypis leucoblephara,Manacus,Pipridae,1,Bajo
2876,Manacus manacus,Manacus manacus,Manacus manacus,Manacus manacus,Manacus manacus,Manacus manacus,Manacus manacus,Manacus manacus,Manacus manacus,Manacus manacus,Manacus manacus,Manacus manacus,Manacus,Pipridae,1,Bajo
2877,Manacus manacus,Pyriglena leucoptera,Penelope superciliaris,Mackenziaena severa,Mackenziaena severa,Pyriglena leucoptera,Pyriglena leucoptera,Biatas nigropectus,Penelope superciliaris,Penelope superciliaris,Penelope superciliaris,Pyriglena leucoptera,Manacus,Pipridae,1,Bajo
2878,Manacus manacus,Manacus manacus,Manacus manacus,Manacus manacus,Manacus manacus,Manacus manacus,Manacus manacus,Manacus manacus,Manacus manacus,Manacus manacus,Manacus manacus,Manacus manacus,Manacus,Pipridae,1,Bajo
2879,Manacus manacus,Manacus manacus,Manacus manacus,Manacus manacus,Manacus manacus,Manacus manacus,Manacus manacus,Manacus manacus,Manacus manacus,Manacus manacus,Manacus manacus,Manacus manacus,Manacus,Pipridae,1,Bajo
2880,Manacus manacus,Manacus manacus,Manacus manacus,Manacus manacus,Manacus manacus,Manacus manacus,Manacus manacus,Manacus manacus,Manacus manacus,Manacus manacus,Manacus manacus,Manacus manacus,Manacus,Pipridae,1,Bajo
2881,Manacus manacus,Manacus manacus,Manacus manacus,Manacus manacus,Manacus manacus,Manacus manacus,Manacus manacus,Manacus manacus,Manacus manacus,Manacus manacus,Manacus manacus,Manacus manacus,Manacus,Pipridae,1,Bajo
2882,Manacus manacus,Myiothlypis leucoblephara,Myiothlypis leucoblephara,Habia rubica,Pogonotriccus eximius,Pogonotriccus eximius,Myiothlypis leucoblephara,Conopophaga lineata,Myiothlypis leucoblephara,Myiothlypis leucoblephara,Myiothlypis leucoblephara,Conopophaga lineata vulgaris,Manacus,Pipridae,1,Bajo
2883,Manacus manacus,Manacus manacus,Manacus manacus,Manacus manacus,Manacus manacus,Manacus manacus,Manacus manacus,Manacus manacus,Manacus manacus,Manacus manacus,Manacus manacus,Manacus manacus,Manacus,Pipridae,1,Bajo
2884,Manacus manacus,Manacus manacus,Manacus manacus,Manacus manacus,Manacus manacus,Manacus manacus,Manacus manacus,Manacus manacus,Manacus manacus,Manacus manacus,Manacus manacus,Manacus manacus,Manacus,Pipridae,1,Bajo
2885,Manacus manacus,Manacus manacus,Manacus manacus,Manacus manacus,Manacus manacus,Manacus manacus,Manacus manacus,Manacus manacus,Manacus manacus,Manacus manacus,Manacus manacus,Manacus manacus,Manacus,Pipridae,1,Bajo
2886,Manacus manacus,Manacus manacus,Manacus manacus,Manacus manacus,Manacus manacus,Manacus manacus,Manacus manacus,Manacus manacus,Manacus manacus,Manacus manacus,Manacus manacus,Manacus manacus,Manacus,Pipridae,1,Bajo
2887,Manacus manacus,Manacus manacus,Manacus manacus,Manacus manacus,Manacus manacus,Manacus manacus,Manacus manacus,Manacus manacus,Manacus manacus,Manacus manacus,Manacus manacus,Manacus manacus,Manacus,Pipridae,1,Bajo
2889,Manacus manacus,Manacus manacus,Manacus manacus,Manacus manacus,Manacus manacus,Manacus manacus,Manacus manacus,Manacus manacus,Manacus manacus,Manacus manacus,Manacus manacus,Manacus manacus,Manacus,Pipridae,1,Bajo
2890,Manacus manacus,Manacus manacus,Manacus manacus,Manacus manacus,Manacus manacus,Manacus manacus,Manacus manacus,Manacus manacus,Manacus manacus,Manacus manacus,Manacus manacus,Manacus manacus,Manacus,Pipridae,1,Bajo
2892,Manacus manacus,Manacus manacus,Manacus manacus,Manacus manacus,Manacus manacus,Manacus manacus,Manacus manacus,Manacus manacus,Manacus manacus,Manacus manacus,Manacus manacus,Manacus manacus,Manacus,Pipridae,1,Bajo
2894,Manacus manacus,Manacus manacus,Manacus manacus,Manacus manacus,Manacus manacus,Manacus manacus,Manacus manacus,Manacus manacus,Manacus manacus,Manacus manacus,Manacus manacus,Manacus manacus,Manacus,Pipridae,1,Bajo
2896,Manacus manacus,Manacus manacus,Manacus manacus,Manacus manacus,Manacus manacus,Manacus manacus,Manacus manacus,Manacus manacus,Manacus manacus,Manacus manacus,Manacus manacus,Manacus manacus,Manacus,Pipridae,1,Bajo
2898,Manacus manacus,Manacus manacus,Manacus manacus,Manacus manacus,Manacus manacus,Manacus manacus,Manacus manacus,Manacus manacus,Manacus manacus,Manacus manacus,Manacus manacus,Manacus manacus,Manacus,Pipridae,1,Bajo
2899,Manacus manacus,Manacus manacus,Manacus manacus,Manacus manacus,Manacus manacus,Manacus manacus,Manacus manacus,Manacus manacus,Manacus manacus,Manacus manacus,Manacus manacus,Manacus manacus,Manacus,Pipridae,1,Bajo
2900,Manacus manacus,Manacus manacus,Manacus manacus,Manacus manacus,Manacus manacus,Manacus manacus,Manacus manacus,Cyanoloxia brissonii,Manacus manacus,Manacus manacus,Manacus manacus,Manacus manacus,Manacus,Pipridae,1,Bajo
2902,Manacus manacus,Manacus manacus,Manacus manacus,Manacus manacus,Manacus manacus,Manacus manacus,Manacus manacus,Manacus manacus,Manacus manacus,Manacus manacus,Manacus manacus,Manacus manacus,Manacus,Pipridae,1,Bajo
2904,Manacus manacus,Manacus manacus,Manacus manacus,Manacus manacus,Manacus manacus,Manacus manacus,Manacus manacus,Myiothlypis leucoblephara,Manacus manacus,Manacus manacus,Manacus manacus,Manacus manacus,Manacus,Pipridae,1,Bajo
2905,Manacus manacus,Manacus manacus,Manacus manacus,Manacus manacus,Manacus manacus,Manacus manacus,Manacus manacus,Manacus manacus,Manacus manacus,Manacus manacus,Manacus manacus,Manacus manacus,Manacus,Pipridae,1,Bajo
2906,Manacus manacus,Pogonotriccus eximius,Pogonotriccus eximius,Habia rubica,Pogonotriccus eximius,Manacus manacus,Manacus manacus,Notharchus swainsoni,Pogonotriccus eximius,Pogonotriccus eximius,Pogonotriccus eximius,Pogonotriccus eximius,Manacus,Pipridae,1,Bajo
2907,Manacus manacus,Manacus manacus,Manacus manacus,Manacus manacus,Manacus manacus,Manacus manacus,Manacus manacus,Manacus manacus,Manacus manacus,Manacus manacus,Manacus manacus,Manacus manacus,Manacus,Pipridae,1,Bajo
2908,Manacus manacus,Manacus manacus,Manacus manacus,Manacus manacus,Manacus manacus,Manacus manacus,Manacus manacus,Manacus manacus,Manacus manacus,Manacus manacus,Manacus manacus,Manacus manacus,Manacus,Pipridae,1,Bajo
2909,Manacus manacus,Manacus manacus,Manacus manacus,Manacus manacus,Manacus manacus,Manacus manacus,Manacus manacus,Manacus manacus,Manacus manacus,Manacus manacus,Manacus manacus,Manacus manacus,Manacus,Pipridae,1,Bajo
2910,Manacus manacus,Manacus manacus,Manacus manacus,Manacus manacus,Manacus manacus,Manacus manacus,Manacus manacus,Manacus manacus,Manacus manacus,Manacus manacus,Manacus manacus,Manacus manacus,Manacus,Pipridae,1,Bajo
2911,Manacus manacus,Manacus manacus,Manacus manacus,Manacus manacus,Manacus manacus,Manacus manacus,Manacus manacus,Manacus manacus,Manacus manacus,Manacus manacus,Manacus manacus,Manacus manacus,Manacus,Pipridae,1,Bajo
2912,Manacus manacus,Manacus manacus,Manacus manacus,Manacus manacus,Manacus manacus,Manacus manacus,Manacus manacus,Manacus manacus,Manacus manacus,Manacus manacus,Manacus manacus,Manacus manacus,Manacus,Pipridae,1,Bajo
2913,Manacus manacus,Manacus manacus,Manacus manacus,Manacus manacus,Manacus manacus,Manacus manacus,Manacus manacus,Manacus manacus,Manacus manacus,Manacus manacus,Manacus manacus,Manacus manacus,Manacus,Pipridae,1,Bajo
2914,Manacus manacus,Manacus manacus,Selenidera maculirostris,Habia rubica,Manacus manacus,Manacus manacus,Manacus manacus,Baryphthengus ruficapillus,Selenidera maculirostris,Selenidera maculirostris,Selenidera maculirostris,Manacus manacus,Manacus,Pipridae,1,Bajo
2915,Manacus manacus,Manacus manacus,Manacus manacus,Manacus manacus,Manacus manacus,Manacus manacus,Manacus manacus,Manacus manacus,Manacus manacus,Manacus manacus,Manacus manacus,Manacus manacus,Manacus,Pipridae,1,Bajo
2916,Manacus manacus,Manacus manacus,Manacus manacus,Manacus manacus,Manacus manacus,Manacus manacus,Manacus manacus,Manacus manacus,Manacus manacus,Manacus manacus,Manacus manacus,Manacus manacus,Manacus,Pipridae,1,Bajo
2917,Manacus manacus,Amazona vinacea,Penelope superciliaris,Amazona vinacea,Pipile jacutinga,Amazona vinacea,Sapajus nigritus,Penelope superciliaris,Penelope superciliaris,Penelope superciliaris,Penelope superciliaris,Amazona vinacea,Manacus,Pipridae,1,Bajo
2918,Manacus manacus,Manacus manacus,Manacus manacus,Manacus manacus,Manacus manacus,Manacus manacus,Manacus manacus,Manacus manacus,Manacus manacus,Manacus manacus,Manacus manacus,Manacus manacus,Manacus,Pipridae,1,Bajo
2919,Manacus manacus,Manacus manacus,Manacus manacus,Manacus manacus,Manacus manacus,Manacus manacus,Manacus manacus,Manacus manacus,Manacus manacus,Manacus manacus,Manacus manacus,Manacus manacus,Manacus,Pipridae,1,Bajo
2920,Manacus manacus,Manacus manacus,Manacus manacus,Manacus manacus,Manacus manacus,Manacus manacus,Manacus manacus,Manacus manacus,Manacus manacus,Manacus manacus,Manacus manacus,Manacus manacus,Manacus,Pipridae,1,Bajo
2921,Manacus manacus,Manacus manacus,Manacus manacus,Manacus manacus,Manacus manacus,Manacus manacus,Manacus manacus,Manacus manacus,Manacus manacus,Manacus manacus,Manacus manacus,Manacus manacus,Manacus,Pipridae,1,Bajo
2922,Manacus manacus,Manacus manacus,Manacus manacus,Manacus manacus,Manacus manacus,Manacus manacus,Manacus manacus,Manacus manacus,Manacus manacus,Manacus manacus,Manacus manacus,Manacus manacus,Manacus,Pipridae,1,Bajo
2924,Manacus manacus,Penelope superciliaris,Penelope superciliaris,Mackenziaena severa,Penelope superciliaris,Penelope superciliaris,Penelope superciliaris,Baryphthengus ruficapillus,Penelope superciliaris,Penelope superciliaris,Penelope superciliaris,Penelope superciliaris,Manacus,Pipridae,1,Bajo
2925,Manacus manacus,Manacus manacus,Manacus manacus,Manacus manacus,Manacus manacus,Manacus manacus,Manacus manacus,Manacus manacus,Manacus manacus,Manacus manacus,Manacus manacus,Manacus manacus,Manacus,Pipridae,1,Bajo
2926,Manacus manacus,Brotogeris chiriri,Baryphthengus ruficapillus,Baryphthengus ruficapillus,Baryphthengus ruficapillus,Baryphthengus ruficapillus,Brotogeris chiriri,Baryphthengus ruficapillus,Baryphthengus ruficapillus,Baryphthengus ruficapillus,Baryphthengus ruficapillus,Brotogeris chiriri,Manacus,Pipridae,1,Bajo
2927,Manacus manacus,Manacus manacus,Manacus manacus,Manacus manacus,Manacus manacus,Manacus manacus,Manacus manacus,Manacus manacus,Manacus manacus,Manacus manacus,Manacus manacus,Manacus manacus,Manacus,Pipridae,1,Bajo
2929,Manacus manacus,Brotogeris chiriri,Biatas nigropectus,Biatas nigropectus,Sapajus nigritus,Biatas nigropectus,Sapajus nigritus,Amazona vinacea,Biatas nigropectus,Biatas nigropectus,Biatas nigropectus,Brotogeris chiriri,Manacus,Pipridae,1,Bajo
2931,Manacus manacus,Manacus manacus,Manacus manacus,Manacus manacus,Manacus manacus,Manacus manacus,Manacus manacus,Manacus manacus,Manacus manacus,Manacus manacus,Manacus manacus,Manacus manacus,Manacus,Pipridae,1,Bajo
2932,Manacus manacus,Manacus manacus,Manacus manacus,Manacus manacus,Manacus manacus,Manacus manacus,Manacus manacus,Manacus manacus,Manacus manacus,Manacus manacus,Manacus manacus,Manacus manacus,Manacus,Pipridae,1,Bajo
2933,Manacus manacus,Manacus manacus,Manacus manacus,Manacus manacus,Manacus manacus,Manacus manacus,Manacus manacus,Manacus manacus,Manacus manacus,Manacus manacus,Manacus manacus,Manacus manacus,Manacus,Pipridae,1,Bajo
2935,Manacus manacus,Manacus manacus,Manacus manacus,Manacus manacus,Manacus manacus,Manacus manacus,Manacus manacus,Manacus manacus,Manacus manacus,Manacus manacus,Manacus manacus,Manacus manacus,Manacus,Pipridae,1,Bajo
2936,Manacus manacus,Manacus manacus,Manacus manacus,Manacus manacus,Manacus manacus,Manacus manacus,Manacus manacus,Manacus manacus,Manacus manacus,Manacus manacus,Manacus manacus,Manacus manacus,Manacus,Pipridae,1,Bajo
2937,Manacus manacus,Manacus manacus,Turdus albicollis,Manacus manacus,Manacus manacus,Manacus manacus,Manacus manacus,Manacus manacus,Turdus albicollis,Turdus albicollis,Turdus albicollis,Manacus manacus,Manacus,Pipridae,1,Bajo
2938,Manacus manacus,Manacus manacus,Manacus manacus,Manacus manacus,Manacus manacus,Manacus manacus,Manacus manacus,Manacus manacus,Manacus manacus,Manacus manacus,Manacus manacus,Manacus manacus,Manacus,Pipridae,1,Bajo
2939,Nasua nasua,Nasua nasua,Nasua nasua,Nasua nasua,Nasua nasua,Nasua nasua,Nasua nasua,Nasua nasua,Nasua nasua,Nasua nasua,Nasua nasua,Nasua nasua,Nasua,Procyonidae,1,Bajo
2940,Nasua nasua,Nasua nasua,Nasua nasua,Nasua nasua,Nasua nasua,Nasua nasua,Nasua nasua,Nasua nasua,Nasua nasua,Nasua nasua,Nasua nasua,Nasua nasua,Nasua,Procyonidae,1,Bajo
2941,Nasua nasua,Nasua nasua,Nasua nasua,Nasua nasua,Nasua nasua,Nasua nasua,Nasua nasua,Nasua nasua,Nasua nasua,Nasua nasua,Nasua nasua,Nasua nasua,Nasua,Procyonidae,1,Bajo
2942,Nasua nasua,Nasua nasua,Nasua nasua,Nasua nasua,Nasua nasua,Nasua nasua,Nasua nasua,Nasua nasua,Nasua nasua,Nasua nasua,Nasua nasua,Nasua nasua,Nasua,Procyonidae,1,Bajo
2944,Nasua nasua,Nasua nasua,Nasua nasua,Nasua nasua,Nasua nasua,Nasua nasua,Nasua nasua,Nasua nasua,Nasua nasua,Nasua nasua,Nasua nasua,Nasua nasua,Nasua,Procyonidae,1,Bajo
2945,Nasua nasua,Alouatta caraya,Alouatta caraya,Alouatta caraya,Alouatta caraya,Nasua nasua,Alouatta caraya,Nasua nasua,Alouatta caraya,Alouatta caraya,Alouatta caraya,Nasua nasua,Nasua,Procyonidae,1,Bajo
2946,Nasua nasua,Nasua nasua,Nasua nasua,Leopardus pardalis mitis,Nasua nasua,Nasua nasua,Cerdocyon thous,Leopardus wiedii,Nasua nasua,Nasua nasua,Nasua nasua,Nasua nasua,Nasua,Procyonidae,1,Bajo
2947,Nasua nasua,Nasua nasua,Nasua nasua,Nasua nasua,Nasua nasua,Nasua nasua,Nasua nasua,Nasua nasua,Nasua nasua,Nasua nasua,Nasua nasua,Nasua nasua,Nasua,Procyonidae,1,Bajo
2948,Nasua nasua,Nasua nasua,Nasua nasua,Nasua nasua,Nasua nasua,Nasua nasua,Nasua nasua,Nasua nasua,Nasua nasua,Nasua nasua,Nasua nasua,Nasua nasua,Nasua,Procyonidae,1,Bajo
2949,Nasua nasua,Nasua nasua,Nasua nasua,Nasua nasua,Nasua nasua,Nasua nasua,Nasua nasua,Nasua nasua,Nasua nasua,Nasua nasua,Nasua nasua,Nasua nasua,Nasua,Procyonidae,1,Bajo
2950,Nasua nasua,Alouatta guariba,Alouatta guariba,Alouatta guariba,Alouatta guariba,Nasua nasua,Sapajus nigritus,Alouatta guariba,Alouatta guariba,Alouatta guariba,Alouatta guariba,Alouatta guariba,Nasua,Procyonidae,1,Bajo
2951,Nasua nasua,Dasyprocta azarae,Dasyprocta azarae,Dasyprocta azarae,Dasyprocta azarae,Galictis cuja,Galictis cuja,Dasyprocta azarae,Dasyprocta azarae,Dasyprocta azarae,Dasyprocta azarae,Dasyprocta azarae,Nasua,Procyonidae,1,Bajo
2952,Nasua nasua,Nasua nasua,Nasua nasua,Nasua nasua,Nasua nasua,Nasua nasua,Nasua nasua,Nasua nasua,Nasua nasua,Nasua nasua,Nasua nasua,Nasua nasua,Nasua,Procyonidae,1,Bajo
2953,Nasua nasua,Nasua nasua,Nasua nasua,Nasua nasua,Nasua nasua,Nasua nasua,Nasua nasua,Nasua nasua,Nasua nasua,Nasua nasua,Nasua nasua,Nasua nasua,Nasua,Procyonidae,1,Bajo
2954,Nasua nasua,Nasua nasua,Nasua nasua,Nasua nasua,Nasua nasua,Nasua nasua,Nasua nasua,Nasua nasua,Nasua nasua,Nasua nasua,Nasua nasua,Nasua nasua,Nasua,Procyonidae,1,Bajo
2955,Nasua nasua,Eira barbara,Eira barbara,Eira barbara,Eira barbara,Eira barbara,Eira barbara,Eira barbara,Eira barbara,Eira barbara,Eira barbara,Eira barbara,Nasua,Procyonidae,1,Bajo
2956,Nasua nasua,Nasua nasua,Nasua nasua,Nasua nasua,Nasua nasua,Nasua nasua,Nasua nasua,Nasua nasua,Nasua nasua,Nasua nasua,Nasua nasua,Nasua nasua,Nasua,Procyonidae,1,Bajo
2957,Nasua nasua,Didelphis aurita,Didelphis aurita,Didelphis aurita,Didelphis aurita,Didelphis aurita,Didelphis aurita,Pecari tajacu,Didelphis aurita,Didelphis aurita,Didelphis aurita,Didelphis aurita,Nasua,Procyonidae,1,Bajo
2959,Nasua nasua,Nasua nasua,Herpailurus yagouaroundi,Didelphis albiventris,Nasua nasua,Nasua nasua,Nasua nasua,Nasua nasua,Herpailurus yagouaroundi,Herpailurus yagouaroundi,Herpailurus yagouaroundi,Nasua nasua,Nasua,Procyonidae,1,Bajo
2962,Nasua nasua,Nasua nasua,Nasua nasua,Nasua nasua,Nasua nasua,Nasua nasua,Nasua nasua,Nasua nasua,Nasua nasua,Nasua nasua,Nasua nasua,Nasua nasua,Nasua,Procyonidae,1,Bajo
2963,Nasua nasua,Nasua nasua,Nasua nasua,Nasua nasua,Nasua nasua,Nasua nasua,Nasua nasua,Nasua nasua,Nasua nasua,Nasua nasua,Nasua nasua,Nasua nasua,Nasua,Procyonidae,1,Bajo
2965,Nasua nasua,Nasua nasua,Nasua nasua,Nasua nasua,Nasua nasua,Nasua nasua,Nasua nasua,Nasua nasua,Nasua nasua,Nasua nasua,Nasua nasua,Nasua nasua,Nasua,Procyonidae,1,Bajo
2966,Nasua nasua,Nasua nasua,Nasua nasua,Didelphis albiventris,Didelphis albiventris,Nasua nasua,Galictis cuja,Nasua nasua,Nasua nasua,Nasua nasua,Nasua nasua,Nasua nasua,Nasua,Procyonidae,1,Bajo
2967,Nasua nasua,Nasua nasua,Nasua nasua,Nasua nasua,Nasua nasua,Nasua nasua,Nasua nasua,Nasua nasua,Nasua nasua,Nasua nasua,Nasua nasua,Nasua nasua,Nasua,Procyonidae,1,Bajo
2968,Nasua nasua,Herpailurus yagouaroundi,Hydrochoerus hydrochaeris,Hydrochoerus hydrochaeris,Hydrochoerus hydrochaeris,Hydrochoerus hydrochaeris,Galictis cuja,Hydrochoerus hydrochaeris,Hydrochoerus hydrochaeris,Hydrochoerus hydrochaeris,Hydrochoerus hydrochaeris,Herpailurus yagouaroundi,Nasua,Procyonidae,1,Bajo
2969,Nasua nasua,Dasyprocta azarae,Dasyprocta azarae,Dasyprocta azarae,Dasyprocta azarae,Nasua nasua,Dasyprocta azarae,Nasua nasua,Dasyprocta azarae,Dasyprocta azarae,Dasyprocta azarae,Dasyprocta azarae,Nasua,Procyonidae,1,Bajo
2971,Nasua nasua,Nasua nasua,Nasua nasua,Nasua nasua,Nasua nasua,Nasua nasua,Nasua nasua,Nasua nasua,Nasua nasua,Nasua nasua,Nasua nasua,Nasua nasua,Nasua,Procyonidae,1,Bajo
2972,Nasua nasua,Didelphis albiventris,Nasua nasua,Nasua nasua,Didelphis albiventris,Nasua nasua,Didelphis albiventris,Didelphis albiventris,Nasua nasua,Nasua nasua,Nasua nasua,Nasua nasua,Nasua,Procyonidae,1,Bajo
2974,Nasua nasua,Galictis cuja,Galictis cuja,Galictis cuja,Galictis cuja,Sapajus nigritus,Galictis cuja,Didelphis aurita,Galictis cuja,Galictis cuja,Galictis cuja,Didelphis albiventris,Nasua,Procyonidae,1,Bajo
2975,Nasua nasua,Nasua nasua,Nasua nasua,Nasua nasua,Nasua nasua,Nasua nasua,Nasua nasua,Nasua nasua,Nasua nasua,Nasua nasua,Nasua nasua,Nasua nasua,Nasua,Procyonidae,1,Bajo
2978,Nasua nasua,Nasua nasua,Nasua nasua,Nasua nasua,Nasua nasua,Nasua nasua,Nasua nasua,Nasua nasua,Nasua nasua,Nasua nasua,Nasua nasua,Nasua nasua,Nasua,Procyonidae,1,Bajo
2979,Nasua nasua,Nasua nasua,Nasua nasua,Nasua nasua,Nasua nasua,Nasua nasua,Nasua nasua,Nasua nasua,Nasua nasua,Nasua nasua,Nasua nasua,Nasua nasua,Nasua,Procyonidae,1,Bajo
2980,Nasua nasua,Nasua nasua,Nasua nasua,Nasua nasua,Nasua nasua,Nasua nasua,Nasua nasua,Nasua nasua,Nasua nasua,Nasua nasua,Nasua nasua,Nasua nasua,Nasua,Procyonidae,1,Bajo
2981,Nasua nasua,Nasua nasua,Nasua nasua,Nasua nasua,Nasua nasua,Nasua nasua,Nasua nasua,Didelphis albiventris,Nasua nasua,Nasua nasua,Nasua nasua,Nasua nasua,Nasua,Procyonidae,1,Bajo
2982,Nasua nasua,Nasua nasua,Nasua nasua,Nasua nasua,Nasua nasua,Nasua nasua,Nasua nasua,Nasua nasua,Nasua nasua,Nasua nasua,Nasua nasua,Nasua nasua,Nasua,Procyonidae,1,Bajo
2983,Nasua nasua,Nasua nasua,Nasua nasua,Nasua nasua,Nasua nasua,Nasua nasua,Nasua nasua,Nasua nasua,Nasua nasua,Nasua nasua,Nasua nasua,Nasua nasua,Nasua,Procyonidae,1,Bajo
2984,Nasua nasua,Nasua nasua,Nasua nasua,Eira barbara,Nasua nasua,Nasua nasua,Nasua nasua,Nasua nasua,Nasua nasua,Nasua nasua,Nasua nasua,Nasua nasua,Nasua,Procyonidae,1,Bajo
2985,Nasua nasua,Nasua nasua,Nasua nasua,Nasua nasua,Nasua nasua,Nasua nasua,Nasua nasua,Nasua nasua,Nasua nasua,Nasua nasua,Nasua nasua,Nasua nasua,Nasua,Procyonidae,1,Bajo
2986,Nasua nasua,Nasua nasua,Nasua nasua,Nasua nasua,Nasua nasua,Nasua nasua,Nasua nasua,Nasua nasua,Nasua nasua,Nasua nasua,Nasua nasua,Nasua nasua,Nasua,Procyonidae,1,Bajo
2988,Nasua nasua,Nasua nasua,Nasua nasua,Nasua nasua,Nasua nasua,Nasua nasua,Nasua nasua,Nasua nasua,Nasua nasua,Nasua nasua,Nasua nasua,Nasua nasua,Nasua,Procyonidae,1,Bajo
2989,Nasua nasua,Nasua nasua,Nasua nasua,Nasua nasua,Nasua nasua,Nasua nasua,Nasua nasua,Nasua nasua,Nasua nasua,Nasua nasua,Nasua nasua,Nasua nasua,Nasua,Procyonidae,1,Bajo
2990,Nasua nasua,Nasua nasua,Nasua nasua,Nasua nasua,Nasua nasua,Nasua nasua,Nasua nasua,Nasua nasua,Nasua nasua,Nasua nasua,Nasua nasua,Nasua nasua,Nasua,Procyonidae,1,Bajo
2991,Nasua nasua,Nasua nasua,Nasua nasua,Nasua nasua,Nasua nasua,Nasua nasua,Nasua nasua,Nasua nasua,Nasua nasua,Nasua nasua,Nasua nasua,Nasua nasua,Nasua,Procyonidae,1,Bajo
2992,Nasua nasua,Nasua nasua,Nasua nasua,Nasua nasua,Nasua nasua,Nasua nasua,Nasua nasua,Didelphis aurita,Nasua nasua,Nasua nasua,Nasua nasua,Nasua nasua,Nasua,Procyonidae,1,Bajo
2993,Nasua nasua,Nasua nasua,Nasua nasua,Nasua nasua,Nasua nasua,Nasua nasua,Nasua nasua,Nasua nasua,Nasua nasua,Nasua nasua,Nasua nasua,Nasua nasua,Nasua,Procyonidae,1,Bajo
2994,Nasua nasua,Nasua nasua,Nasua nasua,Nasua nasua,Nasua nasua,Nasua nasua,Nasua nasua,Nasua nasua,Nasua nasua,Nasua nasua,Nasua nasua,Nasua nasua,Nasua,Procyonidae,1,Bajo
2995,Nasua nasua,Sapajus nigritus,Sapajus nigritus,Alouatta caraya,Alouatta caraya,Alouatta caraya,Sapajus nigritus,Alouatta guariba clamitans,Sapajus nigritus,Sapajus nigritus,Sapajus nigritus,Sapajus nigritus,Nasua,Procyonidae,1,Bajo
2996,Nasua nasua,Nasua nasua,Nasua nasua,Nasua nasua,Nasua nasua,Nasua nasua,Nasua nasua,Nasua nasua,Nasua nasua,Nasua nasua,Nasua nasua,Nasua nasua,Nasua,Procyonidae,1,Bajo
2997,Nasua nasua,Nasua nasua,Nasua nasua,Nasua nasua,Nasua nasua,Nasua nasua,Nasua nasua,Nasua nasua,Nasua nasua,Nasua nasua,Nasua nasua,Nasua nasua,Nasua,Procyonidae,1,Bajo
2998,Nasua nasua,Nasua nasua,Nasua nasua,Nasua nasua,Nasua nasua,Nasua nasua,Nasua nasua,Nasua nasua,Nasua nasua,Nasua nasua,Nasua nasua,Nasua nasua,Nasua,Procyonidae,1,Bajo
2999,Nasua nasua,Nasua nasua,Nasua nasua,Nasua nasua,Nasua nasua,Nasua nasua,Nasua nasua,Nasua nasua,Nasua nasua,Nasua nasua,Nasua nasua,Nasua nasua,Nasua,Procyonidae,1,Bajo
3001,Nasua nasua,Nasua nasua,Nasua nasua,Nasua nasua,Nasua nasua,Nasua nasua,Nasua nasua,Nasua nasua,Nasua nasua,Nasua nasua,Nasua nasua,Nasua nasua,Nasua,Procyonidae,1,Bajo
3002,Nasua nasua,Nasua nasua,Nasua nasua,Nasua nasua,Nasua nasua,Nasua nasua,Nasua nasua,Nasua nasua,Nasua nasua,Nasua nasua,Nasua nasua,Nasua nasua,Nasua,Procyonidae,1,Bajo
3003,Nasua nasua,Nasua nasua,Nasua nasua,Nasua nasua,Nasua nasua,Nasua nasua,Nasua nasua,Nasua nasua,Nasua nasua,Nasua nasua,Nasua nasua,Nasua nasua,Nasua,Procyonidae,1,Bajo
3004,Nasua nasua,Nasua nasua,Procyon cancrivorus,Cerdocyon thous,Nasua nasua,Nasua nasua,Cerdocyon thous,Cerdocyon thous,Procyon cancrivorus,Procyon cancrivorus,Procyon cancrivorus,Nasua nasua,Nasua,Procyonidae,1,Bajo
3005,Nasua nasua,Nasua nasua,Nasua nasua,Nasua nasua,Nasua nasua,Nasua nasua,Nasua nasua,Nasua nasua,Nasua nasua,Nasua nasua,Nasua nasua,Nasua nasua,Nasua,Procyonidae,1,Bajo
3008,Procyon cancrivorus,Nasua nasua,Nasua nasua,Nasua nasua,Nasua nasua,Nasua nasua,Nasua nasua,Nasua nasua,Nasua nasua,Nasua nasua,Nasua nasua,Nasua nasua,Procyon,Procyonidae,1,Bajo
3009,Procyon cancrivorus,Procyon cancrivorus,Procyon cancrivorus,Procyon cancrivorus,Procyon cancrivorus,Procyon cancrivorus,Procyon cancrivorus,Procyon cancrivorus,Procyon cancrivorus,Procyon cancrivorus,Procyon cancrivorus,Procyon cancrivorus,Procyon,Procyonidae,1,Bajo
3011,Procyon cancrivorus,Nasua nasua,Nasua nasua,Procyon cancrivorus,Nasua nasua,Nasua nasua,Nasua nasua,Nasua nasua,Nasua nasua,Nasua nasua,Nasua nasua,Nasua nasua,Procyon,Procyonidae,1,Bajo
3014,Procyon cancrivorus,Nasua nasua,Nasua nasua,Nasua nasua,Nasua nasua,Nasua nasua,Nasua nasua,Nasua nasua,Nasua nasua,Nasua nasua,Nasua nasua,Nasua nasua,Procyon,Procyonidae,1,Bajo
3015,Procyon cancrivorus,Didelphis albiventris,Didelphis albiventris,Didelphis albiventris,Didelphis albiventris,Nasua nasua,Didelphis aurita,Didelphis albiventris,Didelphis albiventris,Didelphis albiventris,Didelphis albiventris,Didelphis albiventris,Procyon,Procyonidae,1,Bajo
3016,Procyon cancrivorus,Cerdocyon thous,Dasyprocta azarae,Cerdocyon thous,Cerdocyon thous,Cerdocyon thous,Cerdocyon thous,Cerdocyon thous,Dasyprocta azarae,Dasyprocta azarae,Dasyprocta azarae,Cerdocyon thous,Procyon,Procyonidae,1,Bajo
3017,Procyon cancrivorus,Procyon cancrivorus,Procyon cancrivorus,Procyon cancrivorus,Didelphis albiventris,Nasua nasua,Didelphis albiventris,Didelphis albiventris,Procyon cancrivorus,Procyon cancrivorus,Procyon cancrivorus,Procyon cancrivorus,Procyon,Procyonidae,1,Bajo
3018,Procyon cancrivorus,Canis familiaris,Canis familiaris,Axis axis,Axis axis,Subulo gouazoubira,Lontra longicaudis,Conopophaga lineata,Canis familiaris,Canis familiaris,Canis familiaris,Canis familiaris,Procyon,Procyonidae,1,Bajo
3019,Procyon cancrivorus,Procyon cancrivorus,Didelphis albiventris,Procyon cancrivorus,Procyon cancrivorus,Didelphis albiventris,Didelphis albiventris,Didelphis albiventris,Didelphis albiventris,Didelphis albiventris,Didelphis albiventris,Procyon cancrivorus,Procyon,Procyonidae,1,Bajo
3020,Procyon cancrivorus,Procyon cancrivorus,Procyon cancrivorus,Procyon cancrivorus,Procyon cancrivorus,Procyon cancrivorus,Didelphis albiventris,Cerdocyon thous,Procyon cancrivorus,Procyon cancrivorus,Procyon cancrivorus,Procyon cancrivorus,Procyon,Procyonidae,1,Bajo
3021,Procyon cancrivorus,Nasua nasua,Procyon cancrivorus,Nasua nasua,Nasua nasua,Nasua nasua,Nasua nasua,Nasua nasua,Procyon cancrivorus,Procyon cancrivorus,Procyon cancrivorus,Nasua nasua,Procyon,Procyonidae,1,Bajo
3022,Procyon cancrivorus,Procyon cancrivorus,Procyon cancrivorus,Procyon cancrivorus,Procyon cancrivorus,Eira barbara,Cerdocyon thous,Procyon cancrivorus,Procyon cancrivorus,Procyon cancrivorus,Procyon cancrivorus,Procyon cancrivorus,Procyon,Procyonidae,1,Bajo
3024,Procyon cancrivorus,Procyon cancrivorus,Procyon cancrivorus,Procyon cancrivorus,Nasua nasua,Nasua nasua,Didelphis albiventris,Nasua nasua,Procyon cancrivorus,Procyon cancrivorus,Procyon cancrivorus,Procyon cancrivorus,Procyon,Procyonidae,1,Bajo
3025,Procyon cancrivorus,Procyon cancrivorus,Tamandua tetradactyla,Myrmecophaga tridactyla,Procyon cancrivorus,Tamandua tetradactyla,Didelphis albiventris,Galictis cuja,Tamandua tetradactyla,Tamandua tetradactyla,Tamandua tetradactyla,Procyon cancrivorus,Procyon,Procyonidae,1,Bajo
3026,Procyon cancrivorus,Didelphis aurita,Didelphis aurita,Didelphis aurita,Didelphis aurita,Didelphis aurita,Didelphis aurita,Gubernetes yetapa,Didelphis aurita,Didelphis aurita,Didelphis aurita,Didelphis aurita,Procyon,Procyonidae,1,Bajo
3027,Procyon cancrivorus,Nasua nasua,Nasua nasua,Nasua nasua,Nasua nasua,Nasua nasua,Eira barbara,Nasua nasua,Nasua nasua,Nasua nasua,Nasua nasua,Nasua nasua,Procyon,Procyonidae,1,Bajo
3028,Procyon cancrivorus,Cerdocyon thous,Galictis cuja,Galictis cuja,Lycalopex gymnocerca,Galictis cuja,Galictis cuja,Cerdocyon thous,Galictis cuja,Galictis cuja,Galictis cuja,Cerdocyon thous,Procyon,Procyonidae,1,Bajo
3029,Procyon cancrivorus,Procyon cancrivorus,Procyon cancrivorus,Cerdocyon thous,Cerdocyon thous,Cerdocyon thous,Cerdocyon thous,Sus scrofa,Procyon cancrivorus,Procyon cancrivorus,Procyon cancrivorus,Procyon cancrivorus,Procyon,Procyonidae,1,Bajo
3031,Procyon cancrivorus,Procyon cancrivorus,Procyon cancrivorus,Procyon cancrivorus,Procyon cancrivorus,Procyon cancrivorus,Cerdocyon thous,Subulo gouazoubira,Procyon cancrivorus,Procyon cancrivorus,Procyon cancrivorus,Procyon cancrivorus,Procyon,Procyonidae,1,Bajo
3032,Procyon cancrivorus,Procyon cancrivorus,Procyon cancrivorus,Procyon cancrivorus,Procyon cancrivorus,Procyon cancrivorus,Procyon cancrivorus,Nasua nasua,Procyon cancrivorus,Procyon cancrivorus,Procyon cancrivorus,Procyon cancrivorus,Procyon,Procyonidae,1,Bajo
3033,Procyon cancrivorus,Procyon cancrivorus,Tamandua tetradactyla,Procyon cancrivorus,Procyon cancrivorus,Procyon cancrivorus,Procyon cancrivorus,Eira barbara,Tamandua tetradactyla,Tamandua tetradactyla,Tamandua tetradactyla,Procyon cancrivorus,Procyon,Procyonidae,1,Bajo
3034,Procyon cancrivorus,Procyon cancrivorus,Procyon cancrivorus,Procyon cancrivorus,Nasua nasua,Procyon cancrivorus,Cerdocyon thous,Procyon cancrivorus,Procyon cancrivorus,Procyon cancrivorus,Procyon cancrivorus,Procyon cancrivorus,Procyon,Procyonidae,1,Bajo
3035,Procyon cancrivorus,Cerdocyon thous,Cerdocyon thous,Cerdocyon thous,Cerdocyon thous,Cerdocyon thous,Cerdocyon thous,Cerdocyon thous,Cerdocyon thous,Cerdocyon thous,Cerdocyon thous,Cerdocyon thous,Procyon,Procyonidae,1,Bajo
3036,Amazona aestiva,Amazona aestiva,Amazona aestiva,Amazona aestiva,Amazona aestiva,Amazona aestiva,Amazona aestiva,Amazona aestiva,Amazona aestiva,Amazona aestiva,Amazona aestiva,Amazona aestiva,Amazona,Psittacidae,4,Alto
3037,Amazona aestiva,Amazona vinacea,Amazona vinacea,Amazona aestiva,Amazona aestiva,Amazona vinacea,Amazona vinacea,Amazona vinacea,Amazona vinacea,Amazona vinacea,Amazona vinacea,Amazona vinacea,Amazona,Psittacidae,4,Alto
3039,Amazona aestiva,Amazona aestiva,Amazona aestiva,Amazona aestiva,Amazona aestiva,Amazona aestiva,Amazona aestiva,Amazona aestiva,Amazona aestiva,Amazona aestiva,Amazona aestiva,Amazona aestiva,Amazona,Psittacidae,4,Alto
3040,Amazona aestiva,Amazona aestiva,Amazona aestiva,Amazona aestiva,Amazona aestiva,Amazona aestiva,Amazona aestiva,Amazona aestiva,Amazona aestiva,Amazona aestiva,Amazona aestiva,Amazona aestiva,Amazona,Psittacidae,4,Alto
3041,Amazona aestiva,Amazona aestiva,Amazona aestiva,Amazona aestiva,Amazona aestiva,Amazona aestiva,Amazona aestiva,Amazona aestiva,Amazona aestiva,Amazona aestiva,Amazona aestiva,Amazona aestiva,Amazona,Psittacidae,4,Alto
3042,Amazona aestiva,Amazona aestiva,Amazona aestiva,Amazona aestiva,Amazona aestiva,Amazona aestiva,Amazona aestiva,Amazona aestiva,Amazona aestiva,Amazona aestiva,Amazona aestiva,Amazona aestiva,Amazona,Psittacidae,4,Alto
3043,Amazona aestiva,Amazona aestiva,Amazona aestiva,Amazona aestiva,Amazona aestiva,Amazona aestiva,Amazona aestiva,Amazona aestiva,Amazona aestiva,Amazona aestiva,Amazona aestiva,Amazona aestiva,Amazona,Psittacidae,4,Alto
3044,Amazona aestiva,Amazona aestiva,Amazona aestiva,Amazona aestiva,Amazona aestiva,Amazona aestiva,Amazona aestiva,Amazona aestiva,Amazona aestiva,Amazona aestiva,Amazona aestiva,Amazona aestiva,Amazona,Psittacidae,4,Alto
3045,Amazona aestiva,Amazona aestiva,Amazona aestiva,Amazona aestiva,Amazona aestiva,Amazona aestiva,Amazona aestiva,Amazona aestiva,Amazona aestiva,Amazona aestiva,Amazona aestiva,Amazona aestiva,Amazona,Psittacidae,4,Alto
3046,Amazona aestiva,Amazona aestiva,Amazona vinacea,Amazona aestiva,Amazona aestiva,Amazona aestiva,Amazona aestiva,Amazona aestiva,Amazona vinacea,Amazona vinacea,Amazona vinacea,Amazona aestiva,Amazona,Psittacidae,4,Alto
3047,Amazona aestiva,Amazona aestiva,Amazona aestiva,Amazona aestiva,Amazona aestiva,Amazona aestiva,Amazona aestiva,Amazona aestiva,Amazona aestiva,Amazona aestiva,Amazona aestiva,Amazona aestiva,Amazona,Psittacidae,4,Alto
3048,Amazona aestiva,Amazona aestiva,Amazona aestiva,Amazona aestiva,Amazona aestiva,Amazona aestiva,Amazona aestiva,Amazona aestiva,Amazona aestiva,Amazona aestiva,Amazona aestiva,Amazona aestiva,Amazona,Psittacidae,4,Alto
3049,Amazona aestiva,Amazona aestiva,Amazona aestiva,Amazona aestiva,Amazona aestiva,Amazona aestiva,Amazona aestiva,Amazona aestiva,Amazona aestiva,Amazona aestiva,Amazona aestiva,Amazona aestiva,Amazona,Psittacidae,4,Alto
3050,Amazona aestiva,Amazona aestiva,Amazona aestiva,Amazona aestiva,Amazona aestiva,Amazona aestiva,Amazona aestiva,Amazona aestiva,Amazona aestiva,Amazona aestiva,Amazona aestiva,Amazona aestiva,Amazona,Psittacidae,4,Alto
3051,Amazona aestiva,Amazona aestiva,Amazona aestiva,Amazona aestiva,Amazona aestiva,Amazona aestiva,Amazona aestiva,Amazona aestiva,Amazona aestiva,Amazona aestiva,Amazona aestiva,Amazona aestiva,Amazona,Psittacidae,4,Alto
3052,Amazona aestiva,Amazona aestiva,Amazona aestiva,Amazona aestiva,Amazona aestiva,Amazona aestiva,Amazona aestiva,Amazona aestiva,Amazona aestiva,Amazona aestiva,Amazona aestiva,Amazona aestiva,Amazona,Psittacidae,4,Alto
3053,Amazona aestiva,Amazona aestiva,Amazona aestiva,Amazona aestiva,Amazona aestiva,Amazona aestiva,Amazona aestiva,Amazona aestiva,Amazona aestiva,Amazona aestiva,Amazona aestiva,Amazona aestiva,Amazona,Psittacidae,4,Alto
3054,Amazona aestiva,Amazona aestiva,Amazona aestiva,Amazona aestiva,Amazona aestiva,Amazona aestiva,Amazona aestiva,Amazona aestiva,Amazona aestiva,Amazona aestiva,Amazona aestiva,Amazona aestiva,Amazona,Psittacidae,4,Alto
3056,Amazona aestiva,Amazona aestiva,Amazona aestiva,Amazona aestiva,Amazona aestiva,Amazona aestiva,Amazona aestiva,Amazona aestiva,Amazona aestiva,Amazona aestiva,Amazona aestiva,Amazona aestiva,Amazona,Psittacidae,4,Alto
3058,Amazona aestiva,Amazona aestiva,Amazona aestiva,Amazona aestiva,Amazona aestiva,Amazona aestiva,Amazona aestiva,Amazona aestiva,Amazona aestiva,Amazona aestiva,Amazona aestiva,Amazona aestiva,Amazona,Psittacidae,4,Alto
3059,Amazona aestiva,Amazona aestiva,Amazona aestiva,Amazona aestiva,Amazona aestiva,Amazona aestiva,Amazona aestiva,Brotogeris chiriri,Amazona aestiva,Amazona aestiva,Amazona aestiva,Amazona aestiva,Amazona,Psittacidae,4,Alto
3060,Amazona aestiva,Amazona aestiva,Amazona aestiva,Amazona aestiva,Amazona aestiva,Amazona aestiva,Amazona aestiva,Amazona aestiva,Amazona aestiva,Amazona aestiva,Amazona aestiva,Amazona aestiva,Amazona,Psittacidae,4,Alto
3061,Amazona aestiva,Amazona aestiva,Amazona aestiva,Amazona aestiva,Amazona aestiva,Amazona aestiva,Amazona aestiva,Amazona aestiva,Amazona aestiva,Amazona aestiva,Amazona aestiva,Amazona aestiva,Amazona,Psittacidae,4,Alto
3062,Amazona aestiva,Amazona aestiva,Amazona aestiva,Amazona aestiva,Amazona aestiva,Amazona aestiva,Amazona aestiva,Amazona aestiva,Amazona aestiva,Amazona aestiva,Amazona aestiva,Amazona aestiva,Amazona,Psittacidae,4,Alto
3063,Amazona aestiva,Amazona aestiva,Amazona aestiva,Amazona aestiva,Amazona aestiva,Amazona aestiva,Amazona aestiva,Amazona aestiva,Amazona aestiva,Amazona aestiva,Amazona aestiva,Amazona aestiva,Amazona,Psittacidae,4,Alto
3064,Amazona aestiva,Amazona aestiva,Amazona aestiva,Amazona aestiva,Amazona aestiva,Amazona aestiva,Amazona aestiva,Amazona aestiva,Amazona aestiva,Amazona aestiva,Amazona aestiva,Amazona aestiva,Amazona,Psittacidae,4,Alto
3065,Amazona aestiva,Amazona aestiva,Amazona aestiva,Amazona aestiva,Amazona aestiva,Amazona aestiva,Amazona aestiva,Amazona aestiva,Amazona aestiva,Amazona aestiva,Amazona aestiva,Amazona aestiva,Amazona,Psittacidae,4,Alto
3066,Amazona aestiva,Amazona aestiva,Amazona aestiva,Amazona aestiva,Amazona aestiva,Amazona aestiva,Amazona aestiva,Amazona aestiva,Amazona aestiva,Amazona aestiva,Amazona aestiva,Amazona aestiva,Amazona,Psittacidae,4,Alto
3067,Amazona aestiva,Brotogeris chiriri,Amazona vinacea,Amazona vinacea,Amazona aestiva,Amazona aestiva,Brotogeris chiriri,Amazona aestiva,Amazona vinacea,Amazona vinacea,Amazona vinacea,Amazona aestiva,Amazona,Psittacidae,4,Alto
3068,Amazona aestiva,Amazona aestiva,Amazona aestiva,Amazona aestiva,Amazona aestiva,Amazona aestiva,Amazona aestiva,Amazona aestiva,Amazona aestiva,Amazona aestiva,Amazona aestiva,Amazona aestiva,Amazona,Psittacidae,4,Alto
3069,Amazona aestiva,Amazona aestiva,Amazona aestiva,Amazona aestiva,Amazona aestiva,Amazona aestiva,Amazona aestiva,Amazona aestiva,Amazona aestiva,Amazona aestiva,Amazona aestiva,Amazona aestiva,Amazona,Psittacidae,4,Alto
3070,Amazona aestiva,Amazona aestiva,Amazona aestiva,Amazona aestiva,Amazona aestiva,Amazona aestiva,Amazona aestiva,Amazona aestiva,Amazona aestiva,Amazona aestiva,Amazona aestiva,Amazona aestiva,Amazona,Psittacidae,4,Alto
3071,Amazona aestiva,Amazona aestiva,Amazona aestiva,Amazona aestiva,Amazona aestiva,Amazona aestiva,Amazona aestiva,Amazona aestiva,Amazona aestiva,Amazona aestiva,Amazona aestiva,Amazona aestiva,Amazona,Psittacidae,4,Alto
3074,Amazona aestiva,Brotogeris chiriri,Amazona aestiva,Amazona aestiva,Amazona aestiva,Brotogeris chiriri,Brotogeris chiriri,Amazona aestiva,Amazona aestiva,Amazona aestiva,Amazona aestiva,Amazona aestiva,Amazona,Psittacidae,4,Alto
3075,Amazona aestiva,Amazona aestiva,Amazona aestiva,Amazona aestiva,Amazona aestiva,Amazona aestiva,Amazona aestiva,Amazona aestiva,Amazona aestiva,Amazona aestiva,Amazona aestiva,Amazona aestiva,Amazona,Psittacidae,4,Alto
3076,Amazona aestiva,Brotogeris chiriri,Biatas nigropectus,Amazona vinacea,Amazona vinacea,Baryphthengus ruficapillus,Brotogeris chiriri,Brotogeris chiriri,Biatas nigropectus,Biatas nigropectus,Biatas nigropectus,Amazona aestiva,Amazona,Psittacidae,4,Alto
3077,Amazona aestiva,Amazona aestiva,Amazona aestiva,Amazona aestiva,Amazona aestiva,Amazona aestiva,Amazona aestiva,Amazona aestiva,Amazona aestiva,Amazona aestiva,Amazona aestiva,Amazona aestiva,Amazona,Psittacidae,4,Alto
3078,Amazona aestiva,Amazona aestiva,Amazona vinacea,Amazona vinacea,Amazona aestiva,Amazona aestiva,Amazona aestiva,Amazona vinacea,Amazona vinacea,Amazona vinacea,Amazona vinacea,Amazona aestiva,Amazona,Psittacidae,4,Alto
3079,Amazona aestiva,Amazona aestiva,Amazona aestiva,Amazona aestiva,Amazona aestiva,Amazona aestiva,Amazona aestiva,Amazona aestiva,Amazona aestiva,Amazona aestiva,Amazona aestiva,Amazona aestiva,Amazona,Psittacidae,4,Alto
3080,Amazona aestiva,Amazona aestiva,Amazona aestiva,Amazona aestiva,Amazona aestiva,Amazona aestiva,Amazona aestiva,Amazona aestiva,Amazona aestiva,Amazona aestiva,Amazona aestiva,Amazona aestiva,Amazona,Psittacidae,4,Alto
3083,Amazona aestiva,Amazona aestiva,Amazona aestiva,Amazona aestiva,Amazona aestiva,Amazona aestiva,Amazona aestiva,Amazona aestiva,Amazona aestiva,Amazona aestiva,Amazona aestiva,Amazona aestiva,Amazona,Psittacidae,4,Alto
3084,Amazona aestiva,Amazona aestiva,Amazona aestiva,Amazona aestiva,Amazona aestiva,Amazona aestiva,Amazona aestiva,Amazona aestiva,Amazona aestiva,Amazona aestiva,Amazona aestiva,Amazona aestiva,Amazona,Psittacidae,4,Alto
3085,Amazona aestiva,Amazona aestiva,Amazona aestiva,Amazona aestiva,Amazona aestiva,Amazona aestiva,Amazona aestiva,Amazona aestiva,Amazona aestiva,Amazona aestiva,Amazona aestiva,Amazona aestiva,Amazona,Psittacidae,4,Alto
3088,Amazona aestiva,Amazona aestiva,Amazona aestiva,Amazona aestiva,Amazona aestiva,Brotogeris chiriri,Brotogeris chiriri,Amazona aestiva,Amazona aestiva,Amazona aestiva,Amazona aestiva,Amazona aestiva,Amazona,Psittacidae,4,Alto
3090,Amazona aestiva,Amazona aestiva,Amazona aestiva,Amazona aestiva,Amazona aestiva,Amazona aestiva,Amazona aestiva,Amazona aestiva,Amazona aestiva,Amazona aestiva,Amazona aestiva,Amazona aestiva,Amazona,Psittacidae,4,Alto
3091,Amazona aestiva,Amazona aestiva,Amazona aestiva,Amazona aestiva,Amazona aestiva,Amazona aestiva,Amazona aestiva,Amazona aestiva,Amazona aestiva,Amazona aestiva,Amazona aestiva,Amazona aestiva,Amazona,Psittacidae,4,Alto
3092,Amazona aestiva,Amazona aestiva,Amazona aestiva,Amazona aestiva,Amazona aestiva,Amazona aestiva,Amazona aestiva,Amazona aestiva,Amazona aestiva,Amazona aestiva,Amazona aestiva,Amazona aestiva,Amazona,Psittacidae,4,Alto
3093,Amazona aestiva,Amazona aestiva,Amazona aestiva,Amazona aestiva,Amazona aestiva,Amazona aestiva,Amazona aestiva,Amazona aestiva,Amazona aestiva,Amazona aestiva,Amazona aestiva,Amazona aestiva,Amazona,Psittacidae,4,Alto
3094,Amazona aestiva,Amazona aestiva,Amazona aestiva,Amazona aestiva,Amazona aestiva,Amazona aestiva,Amazona aestiva,Amazona aestiva,Amazona aestiva,Amazona aestiva,Amazona aestiva,Amazona aestiva,Amazona,Psittacidae,4,Alto
3095,Amazona aestiva,Amazona vinacea,Amazona vinacea,Brotogeris chiriri,Amazona vinacea,Brotogeris chiriri,Amazona vinacea,Brotogeris chiriri,Amazona vinacea,Amazona vinacea,Amazona vinacea,Amazona vinacea,Amazona,Psittacidae,4,Alto
3096,Amazona aestiva,Amazona aestiva,Amazona aestiva,Amazona aestiva,Amazona aestiva,Amazona aestiva,Amazona aestiva,Amazona aestiva,Amazona aestiva,Amazona aestiva,Amazona aestiva,Amazona aestiva,Amazona,Psittacidae,4,Alto
3098,Amazona aestiva,Amazona vinacea,Amazona vinacea,Amazona vinacea,Amazona vinacea,Amazona vinacea,Amazona vinacea,Amazona vinacea,Amazona vinacea,Amazona vinacea,Amazona vinacea,Amazona vinacea,Amazona,Psittacidae,4,Alto
3100,Amazona aestiva,Amazona aestiva,Amazona aestiva,Amazona aestiva,Amazona aestiva,Amazona aestiva,Amazona aestiva,Amazona aestiva,Amazona aestiva,Amazona aestiva,Amazona aestiva,Amazona aestiva,Amazona,Psittacidae,4,Alto
3101,Amazona aestiva,Amazona aestiva,Amazona aestiva,Amazona aestiva,Amazona aestiva,Amazona aestiva,Amazona aestiva,Amazona aestiva,Amazona aestiva,Amazona aestiva,Amazona aestiva,Amazona aestiva,Amazona,Psittacidae,4,Alto
3102,Amazona aestiva,Amazona aestiva,Amazona aestiva,Amazona aestiva,Amazona aestiva,Amazona aestiva,Amazona aestiva,Amazona aestiva,Amazona aestiva,Amazona aestiva,Amazona aestiva,Amazona aestiva,Amazona,Psittacidae,4,Alto
3103,Amazona aestiva,Amazona aestiva,Amazona aestiva,Amazona aestiva,Amazona aestiva,Amazona aestiva,Amazona aestiva,Amazona aestiva,Amazona aestiva,Amazona aestiva,Amazona aestiva,Amazona aestiva,Amazona,Psittacidae,4,Alto
3106,Amazona vinacea,Amazona vinacea,Amazona vinacea,Amazona vinacea,Amazona vinacea,Amazona vinacea,Amazona vinacea,Amazona vinacea,Amazona vinacea,Amazona vinacea,Amazona vinacea,Amazona vinacea,Amazona,Psittacidae,7,Crítico
3107,Amazona vinacea,Amazona vinacea,Amazona vinacea,Amazona vinacea,Amazona vinacea,Amazona vinacea,Amazona vinacea,Amazona vinacea,Amazona vinacea,Amazona vinacea,Amazona vinacea,Amazona vinacea,Amazona,Psittacidae,7,Crítico
3108,Amazona vinacea,Amazona vinacea,Amazona vinacea,Amazona vinacea,Amazona vinacea,Amazona vinacea,Amazona vinacea,Amazona aestiva,Amazona vinacea,Amazona vinacea,Amazona vinacea,Amazona vinacea,Amazona,Psittacidae,7,Crítico
3109,Amazona vinacea,Amazona vinacea,Amazona vinacea,Amazona vinacea,Amazona vinacea,Amazona vinacea,Amazona vinacea,Amazona vinacea,Amazona vinacea,Amazona vinacea,Amazona vinacea,Amazona vinacea,Amazona,Psittacidae,7,Crítico
3110,Amazona vinacea,Amazona vinacea,Pogonotriccus eximius,Amazona aestiva,Amazona aestiva,Amazona vinacea,Amazona vinacea,Amazona vinacea,Pogonotriccus eximius,Pogonotriccus eximius,Pogonotriccus eximius,Amazona vinacea,Amazona,Psittacidae,7,Crítico
3111,Amazona vinacea,Amazona vinacea,Amazona aestiva,Amazona vinacea,Amazona vinacea,Amazona vinacea,Amazona vinacea,Amazona vinacea,Amazona aestiva,Amazona aestiva,Amazona aestiva,Amazona vinacea,Amazona,Psittacidae,7,Crítico
3112,Amazona vinacea,Amazona vinacea,Amazona vinacea,Amazona vinacea,Amazona vinacea,Amazona vinacea,Amazona vinacea,Amazona vinacea,Amazona vinacea,Amazona vinacea,Amazona vinacea,Amazona vinacea,Amazona,Psittacidae,7,Crítico
3113,Amazona vinacea,Amazona vinacea,Amazona vinacea,Amazona vinacea,Amazona vinacea,Amazona vinacea,Amazona vinacea,Amazona vinacea,Amazona vinacea,Amazona vinacea,Amazona vinacea,Amazona vinacea,Amazona,Psittacidae,7,Crítico
3114,Amazona vinacea,Gubernetes yetapa,Gubernetes yetapa,Gubernetes yetapa,Gubernetes yetapa,Amazona vinacea,Gubernetes yetapa,Amazona vinacea,Gubernetes yetapa,Gubernetes yetapa,Gubernetes yetapa,Gubernetes yetapa,Amazona,Psittacidae,7,Crítico
3115,Amazona vinacea,Amazona vinacea,Amazona vinacea,Amazona vinacea,Amazona vinacea,Amazona vinacea,Amazona vinacea,Amazona vinacea,Amazona vinacea,Amazona vinacea,Amazona vinacea,Amazona vinacea,Amazona,Psittacidae,7,Crítico
3116,Amazona vinacea,Amazona vinacea,Amazona vinacea,Amazona vinacea,Amazona vinacea,Amazona vinacea,Amazona vinacea,Amazona vinacea,Amazona vinacea,Amazona vinacea,Amazona vinacea,Amazona vinacea,Amazona,Psittacidae,7,Crítico
3117,Amazona vinacea,Amazona vinacea,Amazona vinacea,Amazona vinacea,Amazona vinacea,Amazona vinacea,Amazona vinacea,Amazona vinacea,Amazona vinacea,Amazona vinacea,Amazona vinacea,Amazona vinacea,Amazona,Psittacidae,7,Crítico
3119,Amazona vinacea,Amazona vinacea,Amazona vinacea,Amazona vinacea,Amazona vinacea,Amazona vinacea,Amazona vinacea,Amazona vinacea,Amazona vinacea,Amazona vinacea,Amazona vinacea,Amazona vinacea,Amazona,Psittacidae,7,Crítico
3120,Amazona vinacea,Amazona vinacea,Amazona vinacea,Amazona vinacea,Amazona vinacea,Amazona vinacea,Amazona vinacea,Hydropsalis torquata,Amazona vinacea,Amazona vinacea,Amazona vinacea,Amazona vinacea,Amazona,Psittacidae,7,Crítico
3122,Amazona vinacea,Amazona vinacea,Amazona vinacea,Amazona vinacea,Amazona vinacea,Amazona vinacea,Amazona vinacea,Amazona aestiva,Amazona vinacea,Amazona vinacea,Amazona vinacea,Amazona vinacea,Amazona,Psittacidae,7,Crítico
3123,Amazona vinacea,Amazona vinacea,Amazona vinacea,Amazona vinacea,Amazona vinacea,Amazona vinacea,Amazona vinacea,Amazona vinacea,Amazona vinacea,Amazona vinacea,Amazona vinacea,Amazona vinacea,Amazona,Psittacidae,7,Crítico
3124,Amazona vinacea,Amazona vinacea,Amazona vinacea,Amazona vinacea,Amazona vinacea,Amazona vinacea,Amazona vinacea,Amazona vinacea,Amazona vinacea,Amazona vinacea,Amazona vinacea,Amazona vinacea,Amazona,Psittacidae,7,Crítico
3125,Amazona vinacea,Amazona vinacea,Amazona vinacea,Amazona vinacea,Amazona vinacea,Amazona vinacea,Amazona vinacea,Amazona vinacea,Amazona vinacea,Amazona vinacea,Amazona vinacea,Amazona vinacea,Amazona,Psittacidae,7,Crítico
3126,Amazona vinacea,Amazona vinacea,Amazona vinacea,Amazona vinacea,Amazona vinacea,Amazona vinacea,Amazona vinacea,Amazona vinacea,Amazona vinacea,Amazona vinacea,Amazona vinacea,Amazona vinacea,Amazona,Psittacidae,7,Crítico
3127,Amazona vinacea,Amazona vinacea,Amazona vinacea,Amazona vinacea,Amazona vinacea,Amazona vinacea,Amazona vinacea,Amazona vinacea,Amazona vinacea,Amazona vinacea,Amazona vinacea,Amazona vinacea,Amazona,Psittacidae,7,Crítico
3128,Amazona vinacea,Amazona vinacea,Amazona vinacea,Amazona vinacea,Amazona vinacea,Amazona vinacea,Amazona vinacea,Amazona vinacea,Amazona vinacea,Amazona vinacea,Amazona vinacea,Amazona vinacea,Amazona,Psittacidae,7,Crítico
3129,Amazona vinacea,Amazona vinacea,Amazona vinacea,Amazona vinacea,Amazona vinacea,Amazona vinacea,Amazona vinacea,Amazona vinacea,Amazona vinacea,Amazona vinacea,Amazona vinacea,Amazona vinacea,Amazona,Psittacidae,7,Crítico
3130,Amazona vinacea,Amazona vinacea,Amazona vinacea,Amazona vinacea,Amazona vinacea,Amazona vinacea,Amazona vinacea,Amazona vinacea,Amazona vinacea,Amazona vinacea,Amazona vinacea,Amazona vinacea,Amazona,Psittacidae,7,Crítico
3132,Amazona vinacea,Amazona vinacea,Amazona aestiva,Amazona aestiva,Amazona aestiva,Amazona vinacea,Amazona vinacea,Amazona vinacea,Amazona aestiva,Amazona aestiva,Amazona aestiva,Amazona vinacea,Amazona,Psittacidae,7,Crítico
3134,Amazona vinacea,Amazona vinacea,Amazona vinacea,Amazona vinacea,Amazona vinacea,Amazona vinacea,Amazona vinacea,Amazona vinacea,Amazona vinacea,Amazona vinacea,Amazona vinacea,Amazona vinacea,Amazona,Psittacidae,7,Crítico
3135,Amazona vinacea,Amazona aestiva,Amazona vinacea,Amazona vinacea,Amazona vinacea,Amazona vinacea,Amazona vinacea,Amazona vinacea,Amazona vinacea,Amazona vinacea,Amazona vinacea,Amazona aestiva,Amazona,Psittacidae,7,Crítico
3136,Amazona vinacea,Amazona vinacea,Amazona vinacea,Amazona vinacea,Amazona vinacea,Amazona vinacea,Amazona vinacea,Amazona vinacea,Amazona vinacea,Amazona vinacea,Amazona vinacea,Amazona vinacea,Amazona,Psittacidae,7,Crítico
3137,Amazona vinacea,Amazona vinacea,Amazona vinacea,Amazona vinacea,Amazona vinacea,Amazona vinacea,Amazona vinacea,Amazona vinacea,Amazona vinacea,Amazona vinacea,Amazona vinacea,Amazona vinacea,Amazona,Psittacidae,7,Crítico
3138,Amazona vinacea,Amazona vinacea,Amazona vinacea,Amazona vinacea,Amazona vinacea,Amazona vinacea,Amazona vinacea,Amazona vinacea,Amazona vinacea,Amazona vinacea,Amazona vinacea,Amazona vinacea,Amazona,Psittacidae,7,Crítico
3139,Amazona vinacea,Amazona vinacea,Amazona vinacea,Amazona vinacea,Amazona vinacea,Amazona vinacea,Amazona vinacea,Amazona vinacea,Amazona vinacea,Amazona vinacea,Amazona vinacea,Amazona vinacea,Amazona,Psittacidae,7,Crítico
3140,Amazona vinacea,Amazona vinacea,Amazona vinacea,Amazona vinacea,Amazona vinacea,Amazona vinacea,Amazona vinacea,Amazona vinacea,Amazona vinacea,Amazona vinacea,Amazona vinacea,Amazona vinacea,Amazona,Psittacidae,7,Crítico
3141,Amazona vinacea,Amazona vinacea,Amazona vinacea,Amazona vinacea,Amazona vinacea,Amazona vinacea,Amazona vinacea,Amazona aestiva,Amazona vinacea,Amazona vinacea,Amazona vinacea,Amazona vinacea,Amazona,Psittacidae,7,Crítico
3143,Amazona vinacea,Amazona vinacea,Amazona vinacea,Amazona vinacea,Amazona vinacea,Amazona vinacea,Amazona vinacea,Amazona vinacea,Amazona vinacea,Amazona vinacea,Amazona vinacea,Amazona vinacea,Amazona,Psittacidae,7,Crítico
3144,Amazona vinacea,Amazona vinacea,Amazona vinacea,Amazona vinacea,Amazona vinacea,Amazona vinacea,Amazona vinacea,Amazona vinacea,Amazona vinacea,Amazona vinacea,Amazona vinacea,Amazona vinacea,Amazona,Psittacidae,7,Crítico
3145,Amazona vinacea,Amazona vinacea,Amazona vinacea,Amazona vinacea,Amazona vinacea,Amazona vinacea,Amazona vinacea,Amazona vinacea,Amazona vinacea,Amazona vinacea,Amazona vinacea,Amazona vinacea,Amazona,Psittacidae,7,Crítico
3146,Amazona vinacea,Amazona aestiva,Amazona vinacea,Amazona aestiva,Amazona aestiva,Amazona vinacea,Amazona vinacea,Amazona vinacea,Amazona vinacea,Amazona vinacea,Amazona vinacea,Amazona aestiva,Amazona,Psittacidae,7,Crítico
3148,Amazona vinacea,Amazona vinacea,Amazona vinacea,Amazona vinacea,Amazona aestiva,Amazona vinacea,Amazona vinacea,Amazona vinacea,Amazona vinacea,Amazona vinacea,Amazona vinacea,Amazona vinacea,Amazona,Psittacidae,7,Crítico
3149,Amazona vinacea,Amazona vinacea,Amazona vinacea,Amazona vinacea,Amazona vinacea,Amazona vinacea,Amazona vinacea,Amazona vinacea,Amazona vinacea,Amazona vinacea,Amazona vinacea,Amazona vinacea,Amazona,Psittacidae,7,Crítico
3150,Amazona vinacea,Amazona vinacea,Amazona vinacea,Amazona vinacea,Amazona vinacea,Amazona vinacea,Amazona vinacea,Amazona vinacea,Amazona vinacea,Amazona vinacea,Amazona vinacea,Amazona vinacea,Amazona,Psittacidae,7,Crítico
3151,Amazona vinacea,Amazona vinacea,Amazona vinacea,Amazona vinacea,Amazona vinacea,Amazona vinacea,Amazona vinacea,Amazona vinacea,Amazona vinacea,Amazona vinacea,Amazona vinacea,Amazona vinacea,Amazona,Psittacidae,7,Crítico
3152,Amazona vinacea,Amazona vinacea,Amazona vinacea,Amazona vinacea,Amazona vinacea,Amazona vinacea,Amazona vinacea,Brotogeris chiriri,Amazona vinacea,Amazona vinacea,Amazona vinacea,Amazona vinacea,Amazona,Psittacidae,7,Crítico
3153,Amazona vinacea,Amazona vinacea,Amazona vinacea,Amazona vinacea,Amazona vinacea,Amazona vinacea,Amazona vinacea,Amazona vinacea,Amazona vinacea,Amazona vinacea,Amazona vinacea,Amazona vinacea,Amazona,Psittacidae,7,Crítico
3154,Amazona vinacea,Amazona vinacea,Amazona vinacea,Amazona vinacea,Amazona vinacea,Amazona vinacea,Amazona vinacea,Amazona vinacea,Amazona vinacea,Amazona vinacea,Amazona vinacea,Amazona vinacea,Amazona,Psittacidae,7,Crítico
3155,Amazona vinacea,Amazona aestiva,Amazona vinacea,Amazona vinacea,Amazona vinacea,Amazona vinacea,Amazona aestiva,Amazona vinacea,Amazona vinacea,Amazona vinacea,Amazona vinacea,Amazona aestiva,Amazona,Psittacidae,7,Crítico
3157,Amazona vinacea,Amazona vinacea,Amazona vinacea,Amazona vinacea,Amazona vinacea,Amazona vinacea,Amazona vinacea,Amazona vinacea,Amazona vinacea,Amazona vinacea,Amazona vinacea,Amazona vinacea,Amazona,Psittacidae,7,Crítico
3160,Amazona vinacea,Canis familiaris,Gubernetes yetapa,Crypturellus obsoletus,Crypturellus obsoletus,Canis familiaris,Amazona vinacea,Sporophila pileata,Gubernetes yetapa,Gubernetes yetapa,Gubernetes yetapa,Canis familiaris,Amazona,Psittacidae,7,Crítico
3161,Amazona vinacea,Amazona vinacea,Amazona vinacea,Amazona vinacea,Amazona vinacea,Amazona vinacea,Amazona vinacea,Amazona vinacea,Amazona vinacea,Amazona vinacea,Amazona vinacea,Amazona vinacea,Amazona,Psittacidae,7,Crítico
3163,Amazona vinacea,Amazona vinacea,Amazona vinacea,Amazona vinacea,Amazona vinacea,Amazona vinacea,Amazona vinacea,Amazona vinacea,Amazona vinacea,Amazona vinacea,Amazona vinacea,Amazona vinacea,Amazona,Psittacidae,7,Crítico
3164,Amazona vinacea,Amazona vinacea,Amazona vinacea,Amazona vinacea,Amazona vinacea,Amazona vinacea,Amazona vinacea,Amazona vinacea,Amazona vinacea,Amazona vinacea,Amazona vinacea,Amazona vinacea,Amazona,Psittacidae,7,Crítico
3165,Amazona vinacea,Amazona vinacea,Amazona vinacea,Amazona vinacea,Amazona vinacea,Amazona vinacea,Amazona vinacea,Amazona vinacea,Amazona vinacea,Amazona vinacea,Amazona vinacea,Amazona vinacea,Amazona,Psittacidae,7,Crítico
3166,Amazona vinacea,Amazona aestiva,Amazona vinacea,Amazona vinacea,Amazona vinacea,Amazona vinacea,Amazona aestiva,Amazona aestiva,Amazona vinacea,Amazona vinacea,Amazona vinacea,Amazona aestiva,Amazona,Psittacidae,7,Crítico
3167,Amazona vinacea,Amazona aestiva,Amazona aestiva,Amazona aestiva,Amazona aestiva,Amazona aestiva,Amazona aestiva,Amazona aestiva,Amazona aestiva,Amazona aestiva,Amazona aestiva,Amazona aestiva,Amazona,Psittacidae,7,Crítico
3168,Amazona vinacea,Amazona vinacea,Amazona vinacea,Amazona vinacea,Amazona vinacea,Amazona vinacea,Amazona vinacea,Amazona vinacea,Amazona vinacea,Amazona vinacea,Amazona vinacea,Amazona vinacea,Amazona,Psittacidae,7,Crítico
3171,Amazona vinacea,Amazona aestiva,Amazona vinacea,Amazona vinacea,Amazona aestiva,Amazona vinacea,Amazona aestiva,Amazona vinacea,Amazona vinacea,Amazona vinacea,Amazona vinacea,Amazona aestiva,Amazona,Psittacidae,7,Crítico
3173,Amazona vinacea,Amazona vinacea,Amazona vinacea,Amazona vinacea,Amazona vinacea,Amazona vinacea,Amazona vinacea,Amazona vinacea,Amazona vinacea,Amazona vinacea,Amazona vinacea,Amazona vinacea,Amazona,Psittacidae,7,Crítico
3174,Amazona vinacea,Amazona vinacea,Amazona vinacea,Amazona vinacea,Amazona vinacea,Amazona vinacea,Amazona vinacea,Amazona vinacea,Amazona vinacea,Amazona vinacea,Amazona vinacea,Amazona vinacea,Amazona,Psittacidae,7,Crítico
3175,Brotogeris chiriri,Amazona aestiva,Brotogeris chiriri,Brotogeris chiriri,Amazona aestiva,Selenidera maculirostris,Brotogeris chiriri,Amazona aestiva,Brotogeris chiriri,Brotogeris chiriri,Brotogeris chiriri,Amazona aestiva,Brotogeris,Psittacidae,1,Bajo
3176,Brotogeris chiriri,Amazona aestiva,Amazona aestiva,Amazona aestiva,Amazona aestiva,Amazona aestiva,Amazona aestiva,Amazona aestiva,Amazona aestiva,Amazona aestiva,Amazona aestiva,Amazona aestiva,Brotogeris,Psittacidae,1,Bajo
3177,Brotogeris chiriri,Brotogeris chiriri,Selenidera maculirostris,Selenidera maculirostris,Selenidera maculirostris,Brotogeris chiriri,Brotogeris chiriri,Selenidera maculirostris,Selenidera maculirostris,Selenidera maculirostris,Selenidera maculirostris,Brotogeris chiriri,Brotogeris,Psittacidae,1,Bajo
3178,Brotogeris chiriri,Brotogeris chiriri,Brotogeris chiriri,Brotogeris chiriri,Brotogeris chiriri,Brotogeris chiriri,Brotogeris chiriri,Brotogeris chiriri,Brotogeris chiriri,Brotogeris chiriri,Brotogeris chiriri,Brotogeris chiriri,Brotogeris,Psittacidae,1,Bajo
3179,Brotogeris chiriri,Brotogeris chiriri,Brotogeris chiriri,Brotogeris chiriri,Brotogeris chiriri,Brotogeris chiriri,Brotogeris chiriri,Brotogeris chiriri,Brotogeris chiriri,Brotogeris chiriri,Brotogeris chiriri,Brotogeris chiriri,Brotogeris,Psittacidae,1,Bajo
3180,Brotogeris chiriri,Brotogeris chiriri,Brotogeris chiriri,Brotogeris chiriri,Brotogeris chiriri,Brotogeris chiriri,Brotogeris chiriri,Brotogeris chiriri,Brotogeris chiriri,Brotogeris chiriri,Brotogeris chiriri,Brotogeris chiriri,Brotogeris,Psittacidae,1,Bajo
3182,Brotogeris chiriri,Brotogeris chiriri,Brotogeris chiriri,Brotogeris chiriri,Brotogeris chiriri,Brotogeris chiriri,Brotogeris chiriri,Brotogeris chiriri,Brotogeris chiriri,Brotogeris chiriri,Brotogeris chiriri,Brotogeris chiriri,Brotogeris,Psittacidae,1,Bajo
3183,Brotogeris chiriri,Amazona aestiva,Amazona aestiva,Amazona aestiva,Amazona aestiva,Amazona aestiva,Amazona aestiva,Amazona aestiva,Amazona aestiva,Amazona aestiva,Amazona aestiva,Amazona aestiva,Brotogeris,Psittacidae,1,Bajo
3186,Brotogeris chiriri,Brotogeris chiriri,Brotogeris chiriri,Brotogeris chiriri,Brotogeris chiriri,Brotogeris chiriri,Brotogeris chiriri,Brotogeris chiriri,Brotogeris chiriri,Brotogeris chiriri,Brotogeris chiriri,Brotogeris chiriri,Brotogeris,Psittacidae,1,Bajo
3187,Brotogeris chiriri,Brotogeris chiriri,Brotogeris chiriri,Brotogeris chiriri,Brotogeris chiriri,Brotogeris chiriri,Brotogeris chiriri,Brotogeris chiriri,Brotogeris chiriri,Brotogeris chiriri,Brotogeris chiriri,Brotogeris chiriri,Brotogeris,Psittacidae,1,Bajo
3188,Brotogeris chiriri,Brotogeris chiriri,Brotogeris chiriri,Brotogeris chiriri,Brotogeris chiriri,Brotogeris chiriri,Brotogeris chiriri,Brotogeris chiriri,Brotogeris chiriri,Brotogeris chiriri,Brotogeris chiriri,Brotogeris chiriri,Brotogeris,Psittacidae,1,Bajo
3189,Brotogeris chiriri,Brotogeris chiriri,Brotogeris chiriri,Brotogeris chiriri,Brotogeris chiriri,Brotogeris chiriri,Brotogeris chiriri,Brotogeris chiriri,Brotogeris chiriri,Brotogeris chiriri,Brotogeris chiriri,Brotogeris chiriri,Brotogeris,Psittacidae,1,Bajo
3190,Brotogeris chiriri,Brotogeris chiriri,Brotogeris chiriri,Brotogeris chiriri,Brotogeris chiriri,Brotogeris chiriri,Brotogeris chiriri,Brotogeris chiriri,Brotogeris chiriri,Brotogeris chiriri,Brotogeris chiriri,Brotogeris chiriri,Brotogeris,Psittacidae,1,Bajo
3191,Brotogeris chiriri,Brotogeris chiriri,Brotogeris chiriri,Brotogeris chiriri,Brotogeris chiriri,Brotogeris chiriri,Brotogeris chiriri,Brotogeris chiriri,Brotogeris chiriri,Brotogeris chiriri,Brotogeris chiriri,Brotogeris chiriri,Brotogeris,Psittacidae,1,Bajo
3192,Brotogeris chiriri,Brotogeris chiriri,Brotogeris chiriri,Brotogeris chiriri,Amazona aestiva,Baryphthengus ruficapillus,Brotogeris chiriri,Brotogeris chiriri,Brotogeris chiriri,Brotogeris chiriri,Brotogeris chiriri,Brotogeris chiriri,Brotogeris,Psittacidae,1,Bajo
3193,Brotogeris chiriri,Brotogeris chiriri,Brotogeris chiriri,Brotogeris chiriri,Brotogeris chiriri,Brotogeris chiriri,Brotogeris chiriri,Brotogeris chiriri,Brotogeris chiriri,Brotogeris chiriri,Brotogeris chiriri,Brotogeris chiriri,Brotogeris,Psittacidae,1,Bajo
3195,Brotogeris chiriri,Brotogeris chiriri,Brotogeris chiriri,Brotogeris chiriri,Amazona aestiva,Brotogeris chiriri,Brotogeris chiriri,Brotogeris chiriri,Brotogeris chiriri,Brotogeris chiriri,Brotogeris chiriri,Brotogeris chiriri,Brotogeris,Psittacidae,1,Bajo
3196,Brotogeris chiriri,Brotogeris chiriri,Brotogeris chiriri,Brotogeris chiriri,Brotogeris chiriri,Brotogeris chiriri,Brotogeris chiriri,Amazona aestiva,Brotogeris chiriri,Brotogeris chiriri,Brotogeris chiriri,Brotogeris chiriri,Brotogeris,Psittacidae,1,Bajo
3197,Brotogeris chiriri,Brotogeris chiriri,Brotogeris chiriri,Brotogeris chiriri,Brotogeris chiriri,Brotogeris chiriri,Brotogeris chiriri,Brotogeris chiriri,Brotogeris chiriri,Brotogeris chiriri,Brotogeris chiriri,Brotogeris chiriri,Brotogeris,Psittacidae,1,Bajo
3200,Brotogeris chiriri,Brotogeris chiriri,Brotogeris chiriri,Brotogeris chiriri,Brotogeris chiriri,Brotogeris chiriri,Brotogeris chiriri,Brotogeris chiriri,Brotogeris chiriri,Brotogeris chiriri,Brotogeris chiriri,Brotogeris chiriri,Brotogeris,Psittacidae,1,Bajo
3201,Brotogeris chiriri,Brotogeris chiriri,Amazona aestiva,Brotogeris chiriri,Brotogeris chiriri,Brotogeris chiriri,Brotogeris chiriri,Brotogeris chiriri,Amazona aestiva,Amazona aestiva,Amazona aestiva,Brotogeris chiriri,Brotogeris,Psittacidae,1,Bajo
3202,Brotogeris chiriri,Brotogeris chiriri,Hypoedaleus guttatus,Amazona aestiva,Alouatta caraya,Brotogeris chiriri,Brotogeris chiriri,Brotogeris chiriri,Hypoedaleus guttatus,Hypoedaleus guttatus,Hypoedaleus guttatus,Brotogeris chiriri,Brotogeris,Psittacidae,1,Bajo
3203,Brotogeris chiriri,Brotogeris chiriri,Brotogeris chiriri,Brotogeris chiriri,Brotogeris chiriri,Brotogeris chiriri,Brotogeris chiriri,Brotogeris chiriri,Brotogeris chiriri,Brotogeris chiriri,Brotogeris chiriri,Brotogeris chiriri,Brotogeris,Psittacidae,1,Bajo
3204,Brotogeris chiriri,Brotogeris chiriri,Brotogeris chiriri,Brotogeris chiriri,Brotogeris chiriri,Brotogeris chiriri,Brotogeris chiriri,Brotogeris chiriri,Brotogeris chiriri,Brotogeris chiriri,Brotogeris chiriri,Brotogeris chiriri,Brotogeris,Psittacidae,1,Bajo
3205,Brotogeris chiriri,Brotogeris chiriri,Brotogeris chiriri,Brotogeris chiriri,Brotogeris chiriri,Brotogeris chiriri,Brotogeris chiriri,Brotogeris chiriri,Brotogeris chiriri,Brotogeris chiriri,Brotogeris chiriri,Brotogeris chiriri,Brotogeris,Psittacidae,1,Bajo
3206,Brotogeris chiriri,Brotogeris chiriri,Amazona vinacea,Amazona vinacea,Amazona vinacea,Brotogeris chiriri,Brotogeris chiriri,Amazona vinacea,Amazona vinacea,Amazona vinacea,Amazona vinacea,Brotogeris chiriri,Brotogeris,Psittacidae,1,Bajo
3208,Brotogeris chiriri,Brotogeris chiriri,Amazona aestiva,Amazona aestiva,Brotogeris chiriri,Brotogeris chiriri,Brotogeris chiriri,Salvator merianae,Amazona aestiva,Amazona aestiva,Amazona aestiva,Brotogeris chiriri,Brotogeris,Psittacidae,1,Bajo
3210,Brotogeris chiriri,Brotogeris chiriri,Brotogeris chiriri,Brotogeris chiriri,Brotogeris chiriri,Brotogeris chiriri,Brotogeris chiriri,Amazona aestiva,Brotogeris chiriri,Brotogeris chiriri,Brotogeris chiriri,Brotogeris chiriri,Brotogeris,Psittacidae,1,Bajo
3211,Brotogeris chiriri,Brotogeris chiriri,Brotogeris chiriri,Brotogeris chiriri,Brotogeris chiriri,Brotogeris chiriri,Brotogeris chiriri,Brotogeris chiriri,Brotogeris chiriri,Brotogeris chiriri,Brotogeris chiriri,Brotogeris chiriri,Brotogeris,Psittacidae,1,Bajo
3212,Brotogeris chiriri,Brotogeris chiriri,Brotogeris chiriri,Brotogeris chiriri,Brotogeris chiriri,Brotogeris chiriri,Brotogeris chiriri,Brotogeris chiriri,Brotogeris chiriri,Brotogeris chiriri,Brotogeris chiriri,Brotogeris chiriri,Brotogeris,Psittacidae,1,Bajo
3214,Brotogeris chiriri,Brotogeris chiriri,Brotogeris chiriri,Amazona aestiva,Amazona aestiva,Brotogeris chiriri,Brotogeris chiriri,Amazona aestiva,Brotogeris chiriri,Brotogeris chiriri,Brotogeris chiriri,Brotogeris chiriri,Brotogeris,Psittacidae,1,Bajo
3216,Brotogeris chiriri,Brotogeris chiriri,Brotogeris chiriri,Brotogeris chiriri,Brotogeris chiriri,Brotogeris chiriri,Brotogeris chiriri,Brotogeris chiriri,Brotogeris chiriri,Brotogeris chiriri,Brotogeris chiriri,Brotogeris chiriri,Brotogeris,Psittacidae,1,Bajo
3217,Brotogeris chiriri,Amazona aestiva,Amazona aestiva,Amazona aestiva,Amazona aestiva,Amazona aestiva,Amazona aestiva,Amazona aestiva,Amazona aestiva,Amazona aestiva,Amazona aestiva,Amazona aestiva,Brotogeris,Psittacidae,1,Bajo
3218,Brotogeris chiriri,Brotogeris chiriri,Amazona aestiva,Brotogeris chiriri,Brotogeris chiriri,Brotogeris chiriri,Brotogeris chiriri,Amazona vinacea,Amazona aestiva,Amazona aestiva,Amazona aestiva,Brotogeris chiriri,Brotogeris,Psittacidae,1,Bajo
3219,Brotogeris chiriri,Brotogeris chiriri,Brotogeris chiriri,Amazona aestiva,Amazona aestiva,Brotogeris chiriri,Brotogeris chiriri,Brotogeris chiriri,Brotogeris chiriri,Brotogeris chiriri,Brotogeris chiriri,Brotogeris chiriri,Brotogeris,Psittacidae,1,Bajo
3220,Brotogeris chiriri,Brotogeris chiriri,Brotogeris chiriri,Brotogeris chiriri,Brotogeris chiriri,Brotogeris chiriri,Brotogeris chiriri,Brotogeris chiriri,Brotogeris chiriri,Brotogeris chiriri,Brotogeris chiriri,Brotogeris chiriri,Brotogeris,Psittacidae,1,Bajo
3221,Brotogeris chiriri,Brotogeris chiriri,Brotogeris chiriri,Brotogeris chiriri,Brotogeris chiriri,Brotogeris chiriri,Brotogeris chiriri,Brotogeris chiriri,Brotogeris chiriri,Brotogeris chiriri,Brotogeris chiriri,Brotogeris chiriri,Brotogeris,Psittacidae,1,Bajo
3222,Brotogeris chiriri,Brotogeris chiriri,Brotogeris chiriri,Brotogeris chiriri,Brotogeris chiriri,Brotogeris chiriri,Brotogeris chiriri,Brotogeris chiriri,Brotogeris chiriri,Brotogeris chiriri,Brotogeris chiriri,Brotogeris chiriri,Brotogeris,Psittacidae,1,Bajo
3223,Brotogeris chiriri,Brotogeris chiriri,Didelphis albiventris,Alouatta guariba clamitans,Selenidera maculirostris,Selenidera maculirostris,Brotogeris chiriri,Salvator merianae,Didelphis albiventris,Didelphis albiventris,Didelphis albiventris,Selenidera maculirostris,Brotogeris,Psittacidae,1,Bajo
3224,Brotogeris chiriri,Brotogeris chiriri,Brotogeris chiriri,Brotogeris chiriri,Brotogeris chiriri,Brotogeris chiriri,Brotogeris chiriri,Brotogeris chiriri,Brotogeris chiriri,Brotogeris chiriri,Brotogeris chiriri,Brotogeris chiriri,Brotogeris,Psittacidae,1,Bajo
3225,Brotogeris chiriri,Brotogeris chiriri,Brotogeris chiriri,Brotogeris chiriri,Brotogeris chiriri,Brotogeris chiriri,Brotogeris chiriri,Manacus manacus,Brotogeris chiriri,Brotogeris chiriri,Brotogeris chiriri,Brotogeris chiriri,Brotogeris,Psittacidae,1,Bajo
3228,Brotogeris chiriri,Brotogeris chiriri,Brotogeris chiriri,Brotogeris chiriri,Brotogeris chiriri,Brotogeris chiriri,Brotogeris chiriri,Brotogeris chiriri,Brotogeris chiriri,Brotogeris chiriri,Brotogeris chiriri,Brotogeris chiriri,Brotogeris,Psittacidae,1,Bajo
3229,Brotogeris chiriri,Brotogeris chiriri,Amazona aestiva,Amazona aestiva,Amazona aestiva,Brotogeris chiriri,Brotogeris chiriri,Amazona aestiva,Amazona aestiva,Amazona aestiva,Amazona aestiva,Amazona aestiva,Brotogeris,Psittacidae,1,Bajo
3230,Brotogeris chiriri,Brotogeris chiriri,Brotogeris chiriri,Amazona aestiva,Amazona aestiva,Brotogeris chiriri,Brotogeris chiriri,Brotogeris chiriri,Brotogeris chiriri,Brotogeris chiriri,Brotogeris chiriri,Brotogeris chiriri,Brotogeris,Psittacidae,1,Bajo
3231,Brotogeris chiriri,Brotogeris chiriri,Brotogeris chiriri,Brotogeris chiriri,Brotogeris chiriri,Brotogeris chiriri,Brotogeris chiriri,Brotogeris chiriri,Brotogeris chiriri,Brotogeris chiriri,Brotogeris chiriri,Brotogeris chiriri,Brotogeris,Psittacidae,1,Bajo
3232,Brotogeris chiriri,Brotogeris chiriri,Brotogeris chiriri,Brotogeris chiriri,Brotogeris chiriri,Brotogeris chiriri,Brotogeris chiriri,Brotogeris chiriri,Brotogeris chiriri,Brotogeris chiriri,Brotogeris chiriri,Brotogeris chiriri,Brotogeris,Psittacidae,1,Bajo
3233,Brotogeris chiriri,Brotogeris chiriri,Brotogeris chiriri,Brotogeris chiriri,Brotogeris chiriri,Brotogeris chiriri,Brotogeris chiriri,Brotogeris chiriri,Brotogeris chiriri,Brotogeris chiriri,Brotogeris chiriri,Brotogeris chiriri,Brotogeris,Psittacidae,1,Bajo
3234,Brotogeris chiriri,Brotogeris chiriri,Brotogeris chiriri,Brotogeris chiriri,Brotogeris chiriri,Brotogeris chiriri,Brotogeris chiriri,Brotogeris chiriri,Brotogeris chiriri,Brotogeris chiriri,Brotogeris chiriri,Brotogeris chiriri,Brotogeris,Psittacidae,1,Bajo
3236,Brotogeris chiriri,Brotogeris chiriri,Brotogeris chiriri,Brotogeris chiriri,Brotogeris chiriri,Brotogeris chiriri,Brotogeris chiriri,Brotogeris chiriri,Brotogeris chiriri,Brotogeris chiriri,Brotogeris chiriri,Brotogeris chiriri,Brotogeris,Psittacidae,1,Bajo
3237,Brotogeris chiriri,Brotogeris chiriri,Amazona vinacea,Amazona vinacea,Amazona vinacea,Amazona vinacea,Amazona vinacea,Amazona vinacea,Amazona vinacea,Amazona vinacea,Amazona vinacea,Brotogeris chiriri,Brotogeris,Psittacidae,1,Bajo
3238,Brotogeris chiriri,Brotogeris chiriri,Amazona vinacea,Brotogeris chiriri,Brotogeris chiriri,Brotogeris chiriri,Brotogeris chiriri,Amazona vinacea,Amazona vinacea,Amazona vinacea,Amazona vinacea,Brotogeris chiriri,Brotogeris,Psittacidae,1,Bajo
3239,Brotogeris chiriri,Brotogeris chiriri,Brotogeris chiriri,Brotogeris chiriri,Brotogeris chiriri,Brotogeris chiriri,Brotogeris chiriri,Brotogeris chiriri,Brotogeris chiriri,Brotogeris chiriri,Brotogeris chiriri,Brotogeris chiriri,Brotogeris,Psittacidae,1,Bajo
3240,Brotogeris chiriri,Brotogeris chiriri,Brotogeris chiriri,Brotogeris chiriri,Brotogeris chiriri,Brotogeris chiriri,Brotogeris chiriri,Brotogeris chiriri,Brotogeris chiriri,Brotogeris chiriri,Brotogeris chiriri,Brotogeris chiriri,Brotogeris,Psittacidae,1,Bajo
3241,Brotogeris chiriri,Amazona aestiva,Amazona aestiva,Amazona aestiva,Brotogeris chiriri,Amazona aestiva,Brotogeris chiriri,Brotogeris chiriri,Amazona aestiva,Amazona aestiva,Amazona aestiva,Amazona aestiva,Brotogeris,Psittacidae,1,Bajo
3242,Brotogeris chiriri,Brotogeris chiriri,Brotogeris chiriri,Brotogeris chiriri,Brotogeris chiriri,Brotogeris chiriri,Brotogeris chiriri,Brotogeris chiriri,Brotogeris chiriri,Brotogeris chiriri,Brotogeris chiriri,Brotogeris chiriri,Brotogeris,Psittacidae,1,Bajo
3243,Brotogeris chiriri,Brotogeris chiriri,Brotogeris chiriri,Brotogeris chiriri,Brotogeris chiriri,Brotogeris chiriri,Brotogeris chiriri,Amazona vinacea,Brotogeris chiriri,Brotogeris chiriri,Brotogeris chiriri,Brotogeris chiriri,Brotogeris,Psittacidae,1,Bajo
3244,Aramides saracura,Aramides saracura,Aramides saracura,Aramides saracura,Aramides saracura,Aramides saracura,Aramides saracura,Aramides saracura,Aramides saracura,Aramides saracura,Aramides saracura,Aramides saracura,Aramides,Rallidae,3,Medio
3245,Aramides saracura,Aramides saracura,Aramides saracura,Aramides saracura,Aramides saracura,Aramides saracura,Aramides saracura,Aramides saracura,Aramides saracura,Aramides saracura,Aramides saracura,Aramides saracura,Aramides,Rallidae,3,Medio
3246,Aramides saracura,Aramides saracura,Aramides saracura,Aramides saracura,Aramides saracura,Aramides saracura,Aramides saracura,Aramides saracura,Aramides saracura,Aramides saracura,Aramides saracura,Aramides saracura,Aramides,Rallidae,3,Medio
3247,Aramides saracura,Aramides saracura,Aramides saracura,Aramides saracura,Aramides saracura,Aramides saracura,Aramides saracura,Aramides saracura,Aramides saracura,Aramides saracura,Aramides saracura,Aramides saracura,Aramides,Rallidae,3,Medio
3248,Aramides saracura,Aramides saracura,Aramides saracura,Aramides saracura,Aramides saracura,Aramides saracura,Aramides saracura,Aramides saracura,Aramides saracura,Aramides saracura,Aramides saracura,Aramides saracura,Aramides,Rallidae,3,Medio
3249,Aramides saracura,Aramides saracura,Aramides saracura,Aramides saracura,Aramides saracura,Aramides saracura,Aramides saracura,Aramides saracura,Aramides saracura,Aramides saracura,Aramides saracura,Aramides saracura,Aramides,Rallidae,3,Medio
3250,Aramides saracura,Aramides saracura,Aramides saracura,Aramides saracura,Aramides saracura,Aramides saracura,Aramides saracura,Aramides saracura,Aramides saracura,Aramides saracura,Aramides saracura,Aramides saracura,Aramides,Rallidae,3,Medio
3251,Aramides saracura,Aramides saracura,Aramides saracura,Aramides saracura,Aramides saracura,Aramides saracura,Aramides saracura,Aramides saracura,Aramides saracura,Aramides saracura,Aramides saracura,Aramides saracura,Aramides,Rallidae,3,Medio
3252,Aramides saracura,Aramides saracura,Aramides saracura,Aramides saracura,Aramides saracura,Aramides saracura,Aramides saracura,Aramides saracura,Aramides saracura,Aramides saracura,Aramides saracura,Aramides saracura,Aramides,Rallidae,3,Medio
3253,Aramides saracura,Aramides saracura,Aramides saracura,Aramides saracura,Aramides saracura,Aramides saracura,Aramides saracura,Aramides saracura,Aramides saracura,Aramides saracura,Aramides saracura,Aramides saracura,Aramides,Rallidae,3,Medio
3254,Aramides saracura,Aramides saracura,Aramides saracura,Aramides saracura,Aramides saracura,Aramides saracura,Aramides saracura,Aramides saracura,Aramides saracura,Aramides saracura,Aramides saracura,Aramides saracura,Aramides,Rallidae,3,Medio
3256,Aramides saracura,Aramides saracura,Aramides saracura,Aramides saracura,Aramides saracura,Aramides saracura,Aramides saracura,Aramides saracura,Aramides saracura,Aramides saracura,Aramides saracura,Aramides saracura,Aramides,Rallidae,3,Medio
3257,Aramides saracura,Aramides saracura,Aramides saracura,Aramides saracura,Aramides saracura,Aramides saracura,Aramides saracura,Aramides saracura,Aramides saracura,Aramides saracura,Aramides saracura,Aramides saracura,Aramides,Rallidae,3,Medio
3258,Aramides saracura,Aramides saracura,Aramides saracura,Aramides saracura,Aramides saracura,Aramides saracura,Aramides saracura,Aramides saracura,Aramides saracura,Aramides saracura,Aramides saracura,Aramides saracura,Aramides,Rallidae,3,Medio
3259,Aramides saracura,Aramides saracura,Aramides saracura,Aramides saracura,Aramides saracura,Aramides saracura,Aramides saracura,Aramides saracura,Aramides saracura,Aramides saracura,Aramides saracura,Aramides saracura,Aramides,Rallidae,3,Medio
3260,Aramides saracura,Aramides saracura,Aramides saracura,Aramides saracura,Aramides saracura,Aramides saracura,Aramides saracura,Aramides saracura,Aramides saracura,Aramides saracura,Aramides saracura,Aramides saracura,Aramides,Rallidae,3,Medio
3261,Aramides saracura,Aramides saracura,Aramides saracura,Aramides saracura,Aramides saracura,Aramides saracura,Aramides saracura,Aramides saracura,Aramides saracura,Aramides saracura,Aramides saracura,Aramides saracura,Aramides,Rallidae,3,Medio
3262,Aramides saracura,Aramides saracura,Aramides saracura,Aramides saracura,Aramides saracura,Aramides saracura,Aramides saracura,Aramides saracura,Aramides saracura,Aramides saracura,Aramides saracura,Aramides saracura,Aramides,Rallidae,3,Medio
3264,Aramides saracura,Aramides saracura,Aramides saracura,Aramides saracura,Aramides saracura,Aramides saracura,Aramides saracura,Aramides saracura,Aramides saracura,Aramides saracura,Aramides saracura,Aramides saracura,Aramides,Rallidae,3,Medio
3265,Aramides saracura,Aramides saracura,Aramides saracura,Aramides saracura,Aramides saracura,Aramides saracura,Aramides saracura,Aramides saracura,Aramides saracura,Aramides saracura,Aramides saracura,Aramides saracura,Aramides,Rallidae,3,Medio
3266,Aramides saracura,Aramides saracura,Aramides saracura,Aramides saracura,Aramides saracura,Aramides saracura,Aramides saracura,Aramides saracura,Aramides saracura,Aramides saracura,Aramides saracura,Aramides saracura,Aramides,Rallidae,3,Medio
3268,Aramides saracura,Aramides saracura,Aramides saracura,Aramides saracura,Aramides saracura,Aramides saracura,Aramides saracura,Aramides saracura,Aramides saracura,Aramides saracura,Aramides saracura,Aramides saracura,Aramides,Rallidae,3,Medio
3269,Aramides saracura,Aramides saracura,Aramides saracura,Aramides saracura,Aramides saracura,Aramides saracura,Aramides saracura,Aramides saracura,Aramides saracura,Aramides saracura,Aramides saracura,Aramides saracura,Aramides,Rallidae,3,Medio
3270,Aramides saracura,Aramides saracura,Aramides saracura,Aramides saracura,Aramides saracura,Aramides saracura,Aramides saracura,Aramides saracura,Aramides saracura,Aramides saracura,Aramides saracura,Aramides saracura,Aramides,Rallidae,3,Medio
3271,Aramides saracura,Aramides saracura,Aramides saracura,Aramides saracura,Aramides saracura,Aramides saracura,Aramides saracura,Aramides saracura,Aramides saracura,Aramides saracura,Aramides saracura,Aramides saracura,Aramides,Rallidae,3,Medio
3272,Aramides saracura,Aramides saracura,Aramides saracura,Aramides saracura,Aramides saracura,Aramides saracura,Aramides saracura,Aramides saracura,Aramides saracura,Aramides saracura,Aramides saracura,Aramides saracura,Aramides,Rallidae,3,Medio
3273,Aramides saracura,Aramides saracura,Aramides saracura,Aramides saracura,Aramides saracura,Aramides saracura,Aramides saracura,Aramides saracura,Aramides saracura,Aramides saracura,Aramides saracura,Aramides saracura,Aramides,Rallidae,3,Medio
3275,Aramides saracura,Aramides saracura,Aramides saracura,Aramides saracura,Aramides saracura,Aramides saracura,Aramides saracura,Aramides saracura,Aramides saracura,Aramides saracura,Aramides saracura,Aramides saracura,Aramides,Rallidae,3,Medio
3276,Aramides saracura,Aramides saracura,Aramides saracura,Aramides saracura,Aramides saracura,Aramides saracura,Aramides saracura,Aramides saracura,Aramides saracura,Aramides saracura,Aramides saracura,Aramides saracura,Aramides,Rallidae,3,Medio
3278,Aramides saracura,Aramides saracura,Aramides saracura,Aramides saracura,Aramides saracura,Aramides saracura,Aramides saracura,Aramides saracura,Aramides saracura,Aramides saracura,Aramides saracura,Aramides saracura,Aramides,Rallidae,3,Medio
3279,Aramides saracura,Aramides saracura,Aramides saracura,Aramides saracura,Aramides saracura,Aramides saracura,Aramides saracura,Aramides saracura,Aramides saracura,Aramides saracura,Aramides saracura,Aramides saracura,Aramides,Rallidae,3,Medio
3280,Aramides saracura,Aramides saracura,Aramides saracura,Aramides saracura,Aramides saracura,Aramides saracura,Aramides saracura,Aramides saracura,Aramides saracura,Aramides saracura,Aramides saracura,Aramides saracura,Aramides,Rallidae,3,Medio
3281,Aramides saracura,Aramides saracura,Aramides saracura,Aramides saracura,Aramides saracura,Aramides saracura,Aramides saracura,Aramides saracura,Aramides saracura,Aramides saracura,Aramides saracura,Aramides saracura,Aramides,Rallidae,3,Medio
3282,Aramides saracura,Aramides saracura,Aramides saracura,Aramides saracura,Aramides saracura,Aramides saracura,Aramides saracura,Aramides saracura,Aramides saracura,Aramides saracura,Aramides saracura,Aramides saracura,Aramides,Rallidae,3,Medio
3283,Aramides saracura,Aramides saracura,Aramides saracura,Aramides saracura,Aramides saracura,Aramides saracura,Aramides saracura,Aramides saracura,Aramides saracura,Aramides saracura,Aramides saracura,Aramides saracura,Aramides,Rallidae,3,Medio
3285,Aramides saracura,Aramides saracura,Aramides saracura,Aramides saracura,Aramides saracura,Aramides saracura,Aramides saracura,Nothura maculosa,Aramides saracura,Aramides saracura,Aramides saracura,Aramides saracura,Aramides,Rallidae,3,Medio
3286,Aramides saracura,Odontophorus capueira,Aramides saracura,Aramides saracura,Aramides saracura,Aramides saracura,Aramides saracura,Aramides saracura,Aramides saracura,Aramides saracura,Aramides saracura,Odontophorus capueira,Aramides,Rallidae,3,Medio
3289,Aramides saracura,Aramides saracura,Aramides saracura,Aramides saracura,Aramides saracura,Aramides saracura,Aramides saracura,Aramides saracura,Aramides saracura,Aramides saracura,Aramides saracura,Aramides saracura,Aramides,Rallidae,3,Medio
3292,Aramides saracura,Aramides saracura,Aramides saracura,Aramides saracura,Aramides saracura,Aramides saracura,Aramides saracura,Aramides saracura,Aramides saracura,Aramides saracura,Aramides saracura,Aramides saracura,Aramides,Rallidae,3,Medio
3293,Aramides saracura,Aramides saracura,Aramides saracura,Aramides saracura,Aramides saracura,Aramides saracura,Aramides saracura,Aramides saracura,Aramides saracura,Aramides saracura,Aramides saracura,Aramides saracura,Aramides,Rallidae,3,Medio
3294,Aramides saracura,Aramides saracura,Aramides saracura,Aramides saracura,Aramides saracura,Aramides saracura,Aramides saracura,Aramides saracura,Aramides saracura,Aramides saracura,Aramides saracura,Aramides saracura,Aramides,Rallidae,3,Medio
3297,Aramides saracura,Aramides saracura,Aramides saracura,Aramides saracura,Aramides saracura,Aramides saracura,Aramides saracura,Aramides saracura,Aramides saracura,Aramides saracura,Aramides saracura,Aramides saracura,Aramides,Rallidae,3,Medio
3298,Aramides saracura,Aramides saracura,Aramides saracura,Aramides saracura,Aramides saracura,Aramides saracura,Aramides saracura,Aramides saracura,Aramides saracura,Aramides saracura,Aramides saracura,Aramides saracura,Aramides,Rallidae,3,Medio
3299,Aramides saracura,Aramides saracura,Aramides saracura,Aramides saracura,Aramides saracura,Aramides saracura,Aramides saracura,Aramides saracura,Aramides saracura,Aramides saracura,Aramides saracura,Aramides saracura,Aramides,Rallidae,3,Medio
3300,Aramides saracura,Aramides saracura,Aramides saracura,Aramides saracura,Aramides saracura,Aramides saracura,Aramides saracura,Aramides saracura,Aramides saracura,Aramides saracura,Aramides saracura,Aramides saracura,Aramides,Rallidae,3,Medio
3301,Aramides saracura,Aramides saracura,Aramides saracura,Aramides saracura,Aramides saracura,Aramides saracura,Aramides saracura,Aramides saracura,Aramides saracura,Aramides saracura,Aramides saracura,Aramides saracura,Aramides,Rallidae,3,Medio
3302,Aramides saracura,Aramides saracura,Aramides saracura,Aramides saracura,Aramides saracura,Aramides saracura,Aramides saracura,Aramides saracura,Aramides saracura,Aramides saracura,Aramides saracura,Aramides saracura,Aramides,Rallidae,3,Medio
3303,Aramides saracura,Aramides saracura,Aramides saracura,Aramides saracura,Aramides saracura,Aramides saracura,Aramides saracura,Aramides saracura,Aramides saracura,Aramides saracura,Aramides saracura,Aramides saracura,Aramides,Rallidae,3,Medio
3304,Aramides saracura,Aramides saracura,Aramides saracura,Aramides saracura,Aramides saracura,Aramides saracura,Aramides saracura,Aramides saracura,Aramides saracura,Aramides saracura,Aramides saracura,Aramides saracura,Aramides,Rallidae,3,Medio
3305,Aramides saracura,Crypturellus obsoletus,Aramides saracura,Aramides saracura,Aramides saracura,Aramides saracura,Aramides saracura,Aramides saracura,Aramides saracura,Aramides saracura,Aramides saracura,Crypturellus obsoletus,Aramides,Rallidae,3,Medio
3306,Aramides saracura,Leopardus wiedii,Leopardus wiedii,Dasyprocta azarae,Dasyprocta azarae,Dasyprocta azarae,Dasyprocta azarae,Leopardus wiedii,Leopardus wiedii,Leopardus wiedii,Leopardus wiedii,Dasyprocta azarae,Aramides,Rallidae,3,Medio
3307,Aramides saracura,Aramides saracura,Aramides saracura,Aramides saracura,Aramides saracura,Aramides saracura,Aramides saracura,Aramides saracura,Aramides saracura,Aramides saracura,Aramides saracura,Aramides saracura,Aramides,Rallidae,3,Medio
3308,Aramides saracura,Aramides saracura,Aramides saracura,Aramides saracura,Aramides saracura,Aramides saracura,Aramides saracura,Aramides saracura,Aramides saracura,Aramides saracura,Aramides saracura,Aramides saracura,Aramides,Rallidae,3,Medio
3309,Aramides saracura,Aramides saracura,Aramides saracura,Aramides saracura,Aramides saracura,Aramides saracura,Aramides saracura,Aramides saracura,Aramides saracura,Aramides saracura,Aramides saracura,Aramides saracura,Aramides,Rallidae,3,Medio
3311,Aramides saracura,Aramides saracura,Aramides saracura,Aramides saracura,Aramides saracura,Aramides saracura,Aramides saracura,Aramides saracura,Aramides saracura,Aramides saracura,Aramides saracura,Aramides saracura,Aramides,Rallidae,3,Medio
3312,Aramides saracura,Aramides saracura,Aramides saracura,Aramides saracura,Aramides saracura,Aramides saracura,Aramides saracura,Aramides saracura,Aramides saracura,Aramides saracura,Aramides saracura,Aramides saracura,Aramides,Rallidae,3,Medio
3314,Selenidera maculirostris,Selenidera maculirostris,Selenidera maculirostris,Selenidera maculirostris,Selenidera maculirostris,Selenidera maculirostris,Selenidera maculirostris,Amazona vinacea,Selenidera maculirostris,Selenidera maculirostris,Selenidera maculirostris,Selenidera maculirostris,Selenidera,Ramphastidae,5,Crítico
3315,Selenidera maculirostris,Selenidera maculirostris,Selenidera maculirostris,Selenidera maculirostris,Selenidera maculirostris,Selenidera maculirostris,Selenidera maculirostris,Baryphthengus ruficapillus,Selenidera maculirostris,Selenidera maculirostris,Selenidera maculirostris,Selenidera maculirostris,Selenidera,Ramphastidae,5,Crítico
3316,Selenidera maculirostris,Selenidera maculirostris,Selenidera maculirostris,Selenidera maculirostris,Selenidera maculirostris,Selenidera maculirostris,Selenidera maculirostris,Selenidera maculirostris,Selenidera maculirostris,Selenidera maculirostris,Selenidera maculirostris,Selenidera maculirostris,Selenidera,Ramphastidae,5,Crítico
3317,Selenidera maculirostris,Selenidera maculirostris,Selenidera maculirostris,Selenidera maculirostris,Selenidera maculirostris,Selenidera maculirostris,Sapajus nigritus,Selenidera maculirostris,Selenidera maculirostris,Selenidera maculirostris,Selenidera maculirostris,Selenidera maculirostris,Selenidera,Ramphastidae,5,Crítico
3318,Selenidera maculirostris,Selenidera maculirostris,Selenidera maculirostris,Selenidera maculirostris,Selenidera maculirostris,Selenidera maculirostris,Selenidera maculirostris,Selenidera maculirostris,Selenidera maculirostris,Selenidera maculirostris,Selenidera maculirostris,Selenidera maculirostris,Selenidera,Ramphastidae,5,Crítico
3320,Selenidera maculirostris,Selenidera maculirostris,Selenidera maculirostris,Selenidera maculirostris,Selenidera maculirostris,Selenidera maculirostris,Selenidera maculirostris,Selenidera maculirostris,Selenidera maculirostris,Selenidera maculirostris,Selenidera maculirostris,Selenidera maculirostris,Selenidera,Ramphastidae,5,Crítico
3321,Selenidera maculirostris,Selenidera maculirostris,Selenidera maculirostris,Selenidera maculirostris,Selenidera maculirostris,Selenidera maculirostris,Selenidera maculirostris,Selenidera maculirostris,Selenidera maculirostris,Selenidera maculirostris,Selenidera maculirostris,Selenidera maculirostris,Selenidera,Ramphastidae,5,Crítico
3324,Selenidera maculirostris,Baryphthengus ruficapillus,Selenidera maculirostris,Selenidera maculirostris,Baryphthengus ruficapillus,Selenidera maculirostris,Selenidera maculirostris,Baryphthengus ruficapillus,Selenidera maculirostris,Selenidera maculirostris,Selenidera maculirostris,Baryphthengus ruficapillus,Selenidera,Ramphastidae,5,Crítico
3326,Selenidera maculirostris,Selenidera maculirostris,Selenidera maculirostris,Selenidera maculirostris,Selenidera maculirostris,Selenidera maculirostris,Selenidera maculirostris,Selenidera maculirostris,Selenidera maculirostris,Selenidera maculirostris,Selenidera maculirostris,Selenidera maculirostris,Selenidera,Ramphastidae,5,Crítico
3327,Selenidera maculirostris,Selenidera maculirostris,Selenidera maculirostris,Selenidera maculirostris,Selenidera maculirostris,Selenidera maculirostris,Selenidera maculirostris,Selenidera maculirostris,Selenidera maculirostris,Selenidera maculirostris,Selenidera maculirostris,Selenidera maculirostris,Selenidera,Ramphastidae,5,Crítico
3330,Selenidera maculirostris,Brotogeris chiriri,Brotogeris chiriri,Brotogeris chiriri,Brotogeris chiriri,Brotogeris chiriri,Brotogeris chiriri,Hypoedaleus guttatus,Brotogeris chiriri,Brotogeris chiriri,Brotogeris chiriri,Brotogeris chiriri,Selenidera,Ramphastidae,5,Crítico
3331,Selenidera maculirostris,Selenidera maculirostris,Selenidera maculirostris,Selenidera maculirostris,Selenidera maculirostris,Selenidera maculirostris,Selenidera maculirostris,Selenidera maculirostris,Selenidera maculirostris,Selenidera maculirostris,Selenidera maculirostris,Selenidera maculirostris,Selenidera,Ramphastidae,5,Crítico
3332,Selenidera maculirostris,Selenidera maculirostris,Selenidera maculirostris,Selenidera maculirostris,Selenidera maculirostris,Selenidera maculirostris,Selenidera maculirostris,Selenidera maculirostris,Selenidera maculirostris,Selenidera maculirostris,Selenidera maculirostris,Selenidera maculirostris,Selenidera,Ramphastidae,5,Crítico
3333,Selenidera maculirostris,Baryphthengus ruficapillus,Turdus rufiventris,Habia rubica,Celeus galeatus,Penelope superciliaris,Baryphthengus ruficapillus,Habia rubica,Turdus rufiventris,Turdus rufiventris,Turdus rufiventris,Celeus galeatus,Selenidera,Ramphastidae,5,Crítico
3334,Selenidera maculirostris,Selenidera maculirostris,Selenidera maculirostris,Selenidera maculirostris,Selenidera maculirostris,Selenidera maculirostris,Selenidera maculirostris,Selenidera maculirostris,Selenidera maculirostris,Selenidera maculirostris,Selenidera maculirostris,Selenidera maculirostris,Selenidera,Ramphastidae,5,Crítico
3335,Selenidera maculirostris,Selenidera maculirostris,Selenidera maculirostris,Selenidera maculirostris,Selenidera maculirostris,Selenidera maculirostris,Selenidera maculirostris,Selenidera maculirostris,Selenidera maculirostris,Selenidera maculirostris,Selenidera maculirostris,Selenidera maculirostris,Selenidera,Ramphastidae,5,Crítico
3336,Selenidera maculirostris,Selenidera maculirostris,Selenidera maculirostris,Selenidera maculirostris,Selenidera maculirostris,Selenidera maculirostris,Selenidera maculirostris,Selenidera maculirostris,Selenidera maculirostris,Selenidera maculirostris,Selenidera maculirostris,Selenidera maculirostris,Selenidera,Ramphastidae,5,Crítico
3337,Selenidera maculirostris,Penelope superciliaris,Pipile jacutinga,Penelope superciliaris,Penelope superciliaris,Penelope superciliaris,Penelope superciliaris,Penelope superciliaris,Pipile jacutinga,Pipile jacutinga,Pipile jacutinga,Penelope superciliaris,Selenidera,Ramphastidae,5,Crítico
3338,Selenidera maculirostris,Selenidera maculirostris,Selenidera maculirostris,Selenidera maculirostris,Selenidera maculirostris,Selenidera maculirostris,Selenidera maculirostris,Selenidera maculirostris,Selenidera maculirostris,Selenidera maculirostris,Selenidera maculirostris,Selenidera maculirostris,Selenidera,Ramphastidae,5,Crítico
3339,Selenidera maculirostris,Selenidera maculirostris,Selenidera maculirostris,Selenidera maculirostris,Selenidera maculirostris,Selenidera maculirostris,Selenidera maculirostris,Selenidera maculirostris,Selenidera maculirostris,Selenidera maculirostris,Selenidera maculirostris,Selenidera maculirostris,Selenidera,Ramphastidae,5,Crítico
3340,Selenidera maculirostris,Selenidera maculirostris,Selenidera maculirostris,Selenidera maculirostris,Selenidera maculirostris,Selenidera maculirostris,Selenidera maculirostris,Selenidera maculirostris,Selenidera maculirostris,Selenidera maculirostris,Selenidera maculirostris,Selenidera maculirostris,Selenidera,Ramphastidae,5,Crítico
3341,Selenidera maculirostris,Baryphthengus ruficapillus,Baryphthengus ruficapillus,Baryphthengus ruficapillus,Baryphthengus ruficapillus,Baryphthengus ruficapillus,Baryphthengus ruficapillus,Baryphthengus ruficapillus,Baryphthengus ruficapillus,Baryphthengus ruficapillus,Baryphthengus ruficapillus,Baryphthengus ruficapillus,Selenidera,Ramphastidae,5,Crítico
3342,Selenidera maculirostris,Habia rubica,Habia rubica,Habia rubica,Habia rubica,Conopophaga lineata,Amazona vinacea,Baryphthengus ruficapillus,Habia rubica,Habia rubica,Habia rubica,Habia rubica,Selenidera,Ramphastidae,5,Crítico
3343,Selenidera maculirostris,Baryphthengus ruficapillus,Selenidera maculirostris,Selenidera maculirostris,Baryphthengus ruficapillus,Selenidera maculirostris,Baryphthengus ruficapillus,Baryphthengus ruficapillus,Selenidera maculirostris,Selenidera maculirostris,Selenidera maculirostris,Baryphthengus ruficapillus,Selenidera,Ramphastidae,5,Crítico
3344,Selenidera maculirostris,Selenidera maculirostris,Baryphthengus ruficapillus,Selenidera maculirostris,Selenidera maculirostris,Selenidera maculirostris,Selenidera maculirostris,Selenidera maculirostris,Baryphthengus ruficapillus,Baryphthengus ruficapillus,Baryphthengus ruficapillus,Selenidera maculirostris,Selenidera,Ramphastidae,5,Crítico
3345,Selenidera maculirostris,Selenidera maculirostris,Selenidera maculirostris,Selenidera maculirostris,Selenidera maculirostris,Selenidera maculirostris,Selenidera maculirostris,Selenidera maculirostris,Selenidera maculirostris,Selenidera maculirostris,Selenidera maculirostris,Selenidera maculirostris,Selenidera,Ramphastidae,5,Crítico
3346,Selenidera maculirostris,Selenidera maculirostris,Selenidera maculirostris,Selenidera maculirostris,Selenidera maculirostris,Selenidera maculirostris,Selenidera maculirostris,Selenidera maculirostris,Selenidera maculirostris,Selenidera maculirostris,Selenidera maculirostris,Selenidera maculirostris,Selenidera,Ramphastidae,5,Crítico
3347,Selenidera maculirostris,Selenidera maculirostris,Selenidera maculirostris,Selenidera maculirostris,Selenidera maculirostris,Selenidera maculirostris,Selenidera maculirostris,Selenidera maculirostris,Selenidera maculirostris,Selenidera maculirostris,Selenidera maculirostris,Selenidera maculirostris,Selenidera,Ramphastidae,5,Crítico
3348,Selenidera maculirostris,Selenidera maculirostris,Selenidera maculirostris,Selenidera maculirostris,Selenidera maculirostris,Selenidera maculirostris,Selenidera maculirostris,Selenidera maculirostris,Selenidera maculirostris,Selenidera maculirostris,Selenidera maculirostris,Selenidera maculirostris,Selenidera,Ramphastidae,5,Crítico
3350,Selenidera maculirostris,Selenidera maculirostris,Selenidera maculirostris,Selenidera maculirostris,Selenidera maculirostris,Selenidera maculirostris,Selenidera maculirostris,Selenidera maculirostris,Selenidera maculirostris,Selenidera maculirostris,Selenidera maculirostris,Selenidera maculirostris,Selenidera,Ramphastidae,5,Crítico
3351,Selenidera maculirostris,Selenidera maculirostris,Selenidera maculirostris,Selenidera maculirostris,Selenidera maculirostris,Selenidera maculirostris,Selenidera maculirostris,Selenidera maculirostris,Selenidera maculirostris,Selenidera maculirostris,Selenidera maculirostris,Selenidera maculirostris,Selenidera,Ramphastidae,5,Crítico
3352,Selenidera maculirostris,Selenidera maculirostris,Amazona aestiva,Selenidera maculirostris,Selenidera maculirostris,Selenidera maculirostris,Selenidera maculirostris,Selenidera maculirostris,Amazona aestiva,Amazona aestiva,Amazona aestiva,Selenidera maculirostris,Selenidera,Ramphastidae,5,Crítico
3354,Selenidera maculirostris,Selenidera maculirostris,Selenidera maculirostris,Selenidera maculirostris,Selenidera maculirostris,Selenidera maculirostris,Selenidera maculirostris,Selenidera maculirostris,Selenidera maculirostris,Selenidera maculirostris,Selenidera maculirostris,Selenidera maculirostris,Selenidera,Ramphastidae,5,Crítico
3356,Selenidera maculirostris,Alouatta guariba,Strix hylophila,Alouatta guariba,Alouatta guariba,Strix hylophila,Sapajus nigritus,Pipile jacutinga,Strix hylophila,Strix hylophila,Strix hylophila,Alouatta guariba,Selenidera,Ramphastidae,5,Crítico
3358,Selenidera maculirostris,Selenidera maculirostris,Selenidera maculirostris,Selenidera maculirostris,Selenidera maculirostris,Selenidera maculirostris,Selenidera maculirostris,Selenidera maculirostris,Selenidera maculirostris,Selenidera maculirostris,Selenidera maculirostris,Selenidera maculirostris,Selenidera,Ramphastidae,5,Crítico
3359,Selenidera maculirostris,Selenidera maculirostris,Selenidera maculirostris,Selenidera maculirostris,Selenidera maculirostris,Selenidera maculirostris,Selenidera maculirostris,Selenidera maculirostris,Selenidera maculirostris,Selenidera maculirostris,Selenidera maculirostris,Selenidera maculirostris,Selenidera,Ramphastidae,5,Crítico
3360,Selenidera maculirostris,Habia rubica,Selenidera maculirostris,Selenidera maculirostris,Selenidera maculirostris,Selenidera maculirostris,Selenidera maculirostris,Habia rubica,Selenidera maculirostris,Selenidera maculirostris,Selenidera maculirostris,Habia rubica,Selenidera,Ramphastidae,5,Crítico
3361,Selenidera maculirostris,Selenidera maculirostris,Selenidera maculirostris,Selenidera maculirostris,Selenidera maculirostris,Selenidera maculirostris,Selenidera maculirostris,Selenidera maculirostris,Selenidera maculirostris,Selenidera maculirostris,Selenidera maculirostris,Selenidera maculirostris,Selenidera,Ramphastidae,5,Crítico
3362,Selenidera maculirostris,Selenidera maculirostris,Selenidera maculirostris,Selenidera maculirostris,Selenidera maculirostris,Selenidera maculirostris,Selenidera maculirostris,Selenidera maculirostris,Selenidera maculirostris,Selenidera maculirostris,Selenidera maculirostris,Selenidera maculirostris,Selenidera,Ramphastidae,5,Crítico
3363,Selenidera maculirostris,Selenidera maculirostris,Selenidera maculirostris,Selenidera maculirostris,Selenidera maculirostris,Selenidera maculirostris,Selenidera maculirostris,Selenidera maculirostris,Selenidera maculirostris,Selenidera maculirostris,Selenidera maculirostris,Selenidera maculirostris,Selenidera,Ramphastidae,5,Crítico
3365,Selenidera maculirostris,Baryphthengus ruficapillus,Selenidera maculirostris,Selenidera maculirostris,Baryphthengus ruficapillus,Baryphthengus ruficapillus,Baryphthengus ruficapillus,Selenidera maculirostris,Selenidera maculirostris,Selenidera maculirostris,Selenidera maculirostris,Baryphthengus ruficapillus,Selenidera,Ramphastidae,5,Crítico
3366,Selenidera maculirostris,Selenidera maculirostris,Selenidera maculirostris,Selenidera maculirostris,Selenidera maculirostris,Selenidera maculirostris,Selenidera maculirostris,Selenidera maculirostris,Selenidera maculirostris,Selenidera maculirostris,Selenidera maculirostris,Selenidera maculirostris,Selenidera,Ramphastidae,5,Crítico
3367,Selenidera maculirostris,Selenidera maculirostris,Selenidera maculirostris,Selenidera maculirostris,Selenidera maculirostris,Selenidera maculirostris,Selenidera maculirostris,Selenidera maculirostris,Selenidera maculirostris,Selenidera maculirostris,Selenidera maculirostris,Selenidera maculirostris,Selenidera,Ramphastidae,5,Crítico
3368,Selenidera maculirostris,Selenidera maculirostris,Selenidera maculirostris,Selenidera maculirostris,Selenidera maculirostris,Selenidera maculirostris,Selenidera maculirostris,Selenidera maculirostris,Selenidera maculirostris,Selenidera maculirostris,Selenidera maculirostris,Selenidera maculirostris,Selenidera,Ramphastidae,5,Crítico
3369,Selenidera maculirostris,Selenidera maculirostris,Selenidera maculirostris,Selenidera maculirostris,Selenidera maculirostris,Selenidera maculirostris,Selenidera maculirostris,Selenidera maculirostris,Selenidera maculirostris,Selenidera maculirostris,Selenidera maculirostris,Selenidera maculirostris,Selenidera,Ramphastidae,5,Crítico
3371,Selenidera maculirostris,Selenidera maculirostris,Selenidera maculirostris,Selenidera maculirostris,Selenidera maculirostris,Selenidera maculirostris,Selenidera maculirostris,Baryphthengus ruficapillus,Selenidera maculirostris,Selenidera maculirostris,Selenidera maculirostris,Selenidera maculirostris,Selenidera,Ramphastidae,5,Crítico
3372,Selenidera maculirostris,Selenidera maculirostris,Selenidera maculirostris,Selenidera maculirostris,Pogonotriccus eximius,Selenidera maculirostris,Selenidera maculirostris,Gubernetes yetapa,Selenidera maculirostris,Selenidera maculirostris,Selenidera maculirostris,Selenidera maculirostris,Selenidera,Ramphastidae,5,Crítico
3373,Selenidera maculirostris,Selenidera maculirostris,Selenidera maculirostris,Selenidera maculirostris,Selenidera maculirostris,Selenidera maculirostris,Selenidera maculirostris,Selenidera maculirostris,Selenidera maculirostris,Selenidera maculirostris,Selenidera maculirostris,Selenidera maculirostris,Selenidera,Ramphastidae,5,Crítico
3374,Selenidera maculirostris,Selenidera maculirostris,Aramides saracura,Selenidera maculirostris,Selenidera maculirostris,Selenidera maculirostris,Baryphthengus ruficapillus,Pipile jacutinga,Aramides saracura,Aramides saracura,Aramides saracura,Selenidera maculirostris,Selenidera,Ramphastidae,5,Crítico
3376,Selenidera maculirostris,Selenidera maculirostris,Selenidera maculirostris,Selenidera maculirostris,Selenidera maculirostris,Selenidera maculirostris,Selenidera maculirostris,Selenidera maculirostris,Selenidera maculirostris,Selenidera maculirostris,Selenidera maculirostris,Selenidera maculirostris,Selenidera,Ramphastidae,5,Crítico
3377,Selenidera maculirostris,Selenidera maculirostris,Selenidera maculirostris,Selenidera maculirostris,Selenidera maculirostris,Selenidera maculirostris,Selenidera maculirostris,Selenidera maculirostris,Selenidera maculirostris,Selenidera maculirostris,Selenidera maculirostris,Selenidera maculirostris,Selenidera,Ramphastidae,5,Crítico
3379,Selenidera maculirostris,Selenidera maculirostris,Selenidera maculirostris,Selenidera maculirostris,Selenidera maculirostris,Selenidera maculirostris,Selenidera maculirostris,Selenidera maculirostris,Selenidera maculirostris,Selenidera maculirostris,Selenidera maculirostris,Selenidera maculirostris,Selenidera,Ramphastidae,5,Crítico
3380,Selenidera maculirostris,Selenidera maculirostris,Selenidera maculirostris,Selenidera maculirostris,Selenidera maculirostris,Selenidera maculirostris,Selenidera maculirostris,Selenidera maculirostris,Selenidera maculirostris,Selenidera maculirostris,Selenidera maculirostris,Selenidera maculirostris,Selenidera,Ramphastidae,5,Crítico
3381,Selenidera maculirostris,Selenidera maculirostris,Selenidera maculirostris,Selenidera maculirostris,Selenidera maculirostris,Selenidera maculirostris,Selenidera maculirostris,Selenidera maculirostris,Selenidera maculirostris,Selenidera maculirostris,Selenidera maculirostris,Selenidera maculirostris,Selenidera,Ramphastidae,5,Crítico
3382,Selenidera maculirostris,Selenidera maculirostris,Selenidera maculirostris,Selenidera maculirostris,Selenidera maculirostris,Selenidera maculirostris,Selenidera maculirostris,Selenidera maculirostris,Selenidera maculirostris,Selenidera maculirostris,Selenidera maculirostris,Selenidera maculirostris,Selenidera,Ramphastidae,5,Crítico
3383,Selenidera maculirostris,Selenidera maculirostris,Selenidera maculirostris,Selenidera maculirostris,Selenidera maculirostris,Selenidera maculirostris,Selenidera maculirostris,Selenidera maculirostris,Selenidera maculirostris,Selenidera maculirostris,Selenidera maculirostris,Selenidera maculirostris,Selenidera,Ramphastidae,5,Crítico
3384,Strix hylophila,Strix hylophila,Strix virgata,Strix hylophila,Strix hylophila,Strix hylophila,Strix hylophila,Strix hylophila,Strix virgata,Strix virgata,Strix virgata,Strix hylophila,Strix,Strigidae,6,Crítico
3386,Strix hylophila,Strix hylophila,Strix hylophila,Strix hylophila,Strix hylophila,Strix hylophila,Strix hylophila,Strix hylophila,Strix hylophila,Strix hylophila,Strix hylophila,Strix hylophila,Strix,Strigidae,6,Crítico
3387,Strix hylophila,Strix virgata borelliana,Strix virgata,Strix virgata,Strix virgata,Strix hylophila,Strix hylophila,Strix hylophila,Strix virgata,Strix virgata,Strix virgata,Strix virgata borelliana,Strix,Strigidae,6,Crítico
3389,Strix hylophila,Strix hylophila,Strix hylophila,Strix hylophila,Strix hylophila,Strix hylophila,Strix hylophila,Strix hylophila,Strix hylophila,Strix hylophila,Strix hylophila,Strix hylophila,Strix,Strigidae,6,Crítico
3392,Strix hylophila,Strix hylophila,Strix hylophila,Strix hylophila,Strix hylophila,Strix hylophila,Strix hylophila,Strix hylophila,Strix hylophila,Strix hylophila,Strix hylophila,Strix hylophila,Strix,Strigidae,6,Crítico
3394,Strix hylophila,Strix hylophila,Strix hylophila,Strix hylophila,Strix hylophila,Strix hylophila,Strix hylophila,Strix hylophila,Strix hylophila,Strix hylophila,Strix hylophila,Strix hylophila,Strix,Strigidae,6,Crítico
3395,Strix hylophila,Strix hylophila,Strix hylophila,Strix hylophila,Strix hylophila,Strix hylophila,Strix hylophila,Strix hylophila,Strix hylophila,Strix hylophila,Strix hylophila,Strix hylophila,Strix,Strigidae,6,Crítico
3396,Strix hylophila,Strix hylophila,Strix hylophila,Strix hylophila,Strix hylophila,Strix hylophila,Strix hylophila,Strix hylophila,Strix hylophila,Strix hylophila,Strix hylophila,Strix hylophila,Strix,Strigidae,6,Crítico
3397,Strix hylophila,Strix hylophila,Strix hylophila,Strix hylophila,Strix hylophila,Strix hylophila,Strix hylophila,Strix hylophila,Strix hylophila,Strix hylophila,Strix hylophila,Strix hylophila,Strix,Strigidae,6,Crítico
3398,Strix hylophila,Strix hylophila,Strix hylophila,Strix hylophila,Strix hylophila,Strix hylophila,Strix hylophila,Strix hylophila,Strix hylophila,Strix hylophila,Strix hylophila,Strix hylophila,Strix,Strigidae,6,Crítico
3399,Strix hylophila,Strix hylophila,Strix hylophila,Strix hylophila,Strix hylophila,Strix hylophila,Strix hylophila,Strix hylophila,Strix hylophila,Strix hylophila,Strix hylophila,Strix hylophila,Strix,Strigidae,6,Crítico
3400,Strix hylophila,Strix hylophila,Strix virgata,Strix hylophila,Strix hylophila,Strix hylophila,Strix hylophila,Strix hylophila,Strix virgata,Strix virgata,Strix virgata,Strix hylophila,Strix,Strigidae,6,Crítico
3401,Strix hylophila,Strix hylophila,Strix hylophila,Strix hylophila,Strix hylophila,Strix hylophila,Strix hylophila,Strix hylophila,Strix hylophila,Strix hylophila,Strix hylophila,Strix hylophila,Strix,Strigidae,6,Crítico
3402,Strix hylophila,Strix hylophila,Strix hylophila,Strix hylophila,Strix hylophila,Strix hylophila,Strix hylophila,Strix hylophila,Strix hylophila,Strix hylophila,Strix hylophila,Strix hylophila,Strix,Strigidae,6,Crítico
3403,Strix hylophila,Strix hylophila,Strix hylophila,Strix hylophila,Strix hylophila,Strix hylophila,Strix hylophila,Strix hylophila,Strix hylophila,Strix hylophila,Strix hylophila,Strix hylophila,Strix,Strigidae,6,Crítico
3404,Strix hylophila,Strix hylophila,Strix hylophila,Strix hylophila,Strix hylophila,Strix hylophila,Strix hylophila,Strix hylophila,Strix hylophila,Strix hylophila,Strix hylophila,Strix hylophila,Strix,Strigidae,6,Crítico
3405,Strix hylophila,Strix hylophila,Strix hylophila,Strix hylophila,Strix hylophila,Strix hylophila,Strix hylophila,Strix hylophila,Strix hylophila,Strix hylophila,Strix hylophila,Strix hylophila,Strix,Strigidae,6,Crítico
3406,Strix hylophila,Strix hylophila,Strix hylophila,Strix hylophila,Strix hylophila,Strix hylophila,Strix hylophila,Strix hylophila,Strix hylophila,Strix hylophila,Strix hylophila,Strix hylophila,Strix,Strigidae,6,Crítico
3407,Strix hylophila,Strix hylophila,Strix hylophila,Strix hylophila,Strix hylophila,Strix hylophila,Strix hylophila,Strix hylophila,Strix hylophila,Strix hylophila,Strix hylophila,Strix hylophila,Strix,Strigidae,6,Crítico
3408,Strix hylophila,Strix hylophila,Odontophorus capueira,Lontra longicaudis,Lontra longicaudis,Strix hylophila,Nyctidromus albicollis,Strix hylophila,Odontophorus capueira,Odontophorus capueira,Odontophorus capueira,Strix hylophila,Strix,Strigidae,6,Crítico
3410,Strix hylophila,Strix hylophila,Strix hylophila,Strix hylophila,Strix hylophila,Strix hylophila,Strix hylophila,Strix hylophila,Strix hylophila,Strix hylophila,Strix hylophila,Strix hylophila,Strix,Strigidae,6,Crítico
3411,Strix hylophila,Strix hylophila,Strix hylophila,Strix hylophila,Strix hylophila,Strix hylophila,Strix hylophila,Strix hylophila,Strix hylophila,Strix hylophila,Strix hylophila,Strix hylophila,Strix,Strigidae,6,Crítico
3412,Strix hylophila,Strix hylophila,Strix hylophila,Strix hylophila,Strix hylophila,Strix hylophila,Strix hylophila,Strix hylophila,Strix hylophila,Strix hylophila,Strix hylophila,Strix hylophila,Strix,Strigidae,6,Crítico
3413,Strix hylophila,Strix hylophila,Strix hylophila,Strix hylophila,Strix hylophila,Strix hylophila,Strix hylophila,Strix hylophila,Strix hylophila,Strix hylophila,Strix hylophila,Strix hylophila,Strix,Strigidae,6,Crítico
3414,Strix hylophila,Strix hylophila,Strix hylophila,Strix hylophila,Strix hylophila,Strix hylophila,Strix hylophila,Strix hylophila,Strix hylophila,Strix hylophila,Strix hylophila,Strix hylophila,Strix,Strigidae,6,Crítico
3415,Strix hylophila,Didelphis albiventris,Didelphis albiventris,Didelphis albiventris,Didelphis albiventris,Didelphis albiventris,Didelphis albiventris,Didelphis albiventris,Didelphis albiventris,Didelphis albiventris,Didelphis albiventris,Didelphis albiventris,Strix,Strigidae,6,Crítico
3417,Strix hylophila,Strix hylophila,Strix hylophila,Strix hylophila,Strix hylophila,Strix hylophila,Strix hylophila,Strix hylophila,Strix hylophila,Strix hylophila,Strix hylophila,Strix hylophila,Strix,Strigidae,6,Crítico
3418,Strix hylophila,Strix hylophila,Strix hylophila,Hydropsalis torquata,Strix hylophila,Strix hylophila,Hydropsalis torquata,Strix hylophila,Strix hylophila,Strix hylophila,Strix hylophila,Strix hylophila,Strix,Strigidae,6,Crítico
3419,Strix hylophila,Strix hylophila,Strix hylophila,Strix hylophila,Strix hylophila,Strix hylophila,Strix hylophila,Strix hylophila,Strix hylophila,Strix hylophila,Strix hylophila,Strix hylophila,Strix,Strigidae,6,Crítico
3420,Strix hylophila,Strix hylophila,Strix hylophila,Strix hylophila,Strix virgata,Strix hylophila,Strix hylophila,Strix hylophila,Strix hylophila,Strix hylophila,Strix hylophila,Strix hylophila,Strix,Strigidae,6,Crítico
3421,Strix hylophila,Strix hylophila,Galictis cuja,Galictis cuja,Galictis cuja,Strix hylophila,Hydropsalis torquata,Strix hylophila,Galictis cuja,Galictis cuja,Galictis cuja,Strix hylophila,Strix,Strigidae,6,Crítico
3422,Strix hylophila,Strix hylophila,Strix hylophila,Strix hylophila,Strix hylophila,Strix hylophila,Strix hylophila,Strix hylophila,Strix hylophila,Strix hylophila,Strix hylophila,Strix hylophila,Strix,Strigidae,6,Crítico
3423,Strix hylophila,Strix hylophila,Strix hylophila,Strix hylophila,Strix hylophila,Strix hylophila,Strix hylophila,Strix hylophila,Strix hylophila,Strix hylophila,Strix hylophila,Strix hylophila,Strix,Strigidae,6,Crítico
3425,Strix hylophila,Strix hylophila,Strix hylophila,Strix hylophila,Strix hylophila,Strix hylophila,Strix hylophila,Strix hylophila,Strix hylophila,Strix hylophila,Strix hylophila,Strix hylophila,Strix,Strigidae,6,Crítico
3426,Strix hylophila,Strix hylophila,Strix hylophila,Strix hylophila,Strix hylophila,Strix hylophila,Strix hylophila,Strix hylophila,Strix hylophila,Strix hylophila,Strix hylophila,Strix hylophila,Strix,Strigidae,6,Crítico
3428,Strix hylophila,Strix hylophila,Strix hylophila,Strix hylophila,Strix hylophila,Strix hylophila,Strix hylophila,Strix hylophila,Strix hylophila,Strix hylophila,Strix hylophila,Strix hylophila,Strix,Strigidae,6,Crítico
3429,Strix hylophila,Strix hylophila,Strix hylophila,Strix hylophila,Strix hylophila,Strix hylophila,Strix hylophila,Strix hylophila,Strix hylophila,Strix hylophila,Strix hylophila,Strix hylophila,Strix,Strigidae,6,Crítico
3430,Strix virgata,Cuniculus paca,Cuniculus paca,Cuniculus paca,Cuniculus paca,Cuniculus paca,Nyctidromus albicollis,Nyctidromus albicollis,Cuniculus paca,Cuniculus paca,Cuniculus paca,Cuniculus paca,Strix,Strigidae,1,Bajo
3431,Strix virgata,Strix virgata,Strix virgata,Strix virgata,Strix virgata,Strix virgata,Strix virgata,Strix virgata,Strix virgata,Strix virgata,Strix virgata,Strix virgata,Strix,Strigidae,1,Bajo
3432,Strix virgata,Strix virgata,Strix virgata,Strix virgata,Strix virgata,Strix virgata,Strix hylophila,Nyctidromus albicollis,Strix virgata,Strix virgata,Strix virgata,Strix virgata,Strix,Strigidae,1,Bajo
3433,Strix virgata,Strix virgata,Strix virgata,Strix virgata,Strix virgata,Strix virgata,Strix virgata,Strix virgata,Strix virgata,Strix virgata,Strix virgata,Strix virgata,Strix,Strigidae,1,Bajo
3435,Strix virgata,Strix virgata,Strix virgata borelliana,Strix virgata,Strix virgata,Strix virgata,Strix virgata,Strix virgata,Strix virgata borelliana,Strix virgata borelliana,Strix virgata borelliana,Strix virgata,Strix,Strigidae,1,Bajo
3436,Strix virgata,Strix virgata,Strix virgata,Strix virgata,Strix virgata,Strix virgata,Strix virgata,Strix virgata,Strix virgata,Strix virgata,Strix virgata,Strix virgata,Strix,Strigidae,1,Bajo
3437,Strix virgata,Strix virgata,Strix virgata,Strix virgata,Strix virgata,Strix virgata,Strix virgata,Strix virgata,Strix virgata,Strix virgata,Strix virgata,Strix virgata,Strix,Strigidae,1,Bajo
3438,Strix virgata,Strix virgata borelliana,Strix virgata,Strix virgata,Strix virgata,Strix virgata,Strix virgata,Strix hylophila,Strix virgata,Strix virgata,Strix virgata,Strix virgata borelliana,Strix,Strigidae,1,Bajo
3439,Strix virgata,Strix virgata,Strix virgata,Strix virgata,Strix virgata,Strix virgata,Strix virgata,Strix virgata,Strix virgata,Strix virgata,Strix virgata,Strix virgata,Strix,Strigidae,1,Bajo
3441,Strix virgata,Strix virgata,Strix virgata,Strix virgata,Strix virgata,Strix virgata,Strix virgata,Strix virgata,Strix virgata,Strix virgata,Strix virgata,Strix virgata,Strix,Strigidae,1,Bajo
3442,Strix virgata,Strix virgata,Strix virgata,Strix virgata,Strix virgata,Strix virgata,Strix virgata,Strix virgata,Strix virgata,Strix virgata,Strix virgata,Strix virgata,Strix,Strigidae,1,Bajo
3443,Strix virgata,Strix virgata,Strix virgata,Strix virgata,Strix virgata,Strix virgata,Strix virgata,Strix virgata,Strix virgata,Strix virgata,Strix virgata,Strix virgata borelliana,Strix,Strigidae,1,Bajo
3444,Strix virgata,Strix hylophila,Strix hylophila,Strix hylophila,Strix virgata,Strix hylophila,Strix hylophila,Strix hylophila,Strix hylophila,Strix hylophila,Strix hylophila,Strix virgata,Strix,Strigidae,1,Bajo
3447,Strix virgata,Nyctidromus albicollis,Strix virgata,Strix virgata borelliana,Strix virgata,Nyctidromus albicollis,Nyctidromus albicollis,Strix hylophila,Strix virgata,Strix virgata,Strix virgata,Strix virgata borelliana,Strix,Strigidae,1,Bajo
3449,Strix virgata,Strix virgata borelliana,Strix virgata borelliana,Strix virgata,Strix virgata,Strix virgata,Strix virgata,Strix hylophila,Strix virgata borelliana,Strix virgata borelliana,Strix virgata borelliana,Strix virgata borelliana,Strix,Strigidae,1,Bajo
3450,Strix virgata,Strix virgata borelliana,Strix virgata,Strix virgata borelliana,Strix virgata,Hydropsalis torquata,Hydropsalis torquata,Strix hylophila,Strix virgata,Strix virgata,Strix virgata,Strix virgata borelliana,Strix,Strigidae,1,Bajo
3451,Strix virgata,Strix virgata,Strix virgata,Strix virgata,Strix virgata,Strix virgata,Strix virgata,Strix virgata,Strix virgata,Strix virgata,Strix virgata,Strix virgata,Strix,Strigidae,1,Bajo
3452,Strix virgata,Strix virgata,Strix virgata borelliana,Strix virgata,Strix virgata,Strix virgata,Strix virgata,Strix virgata,Strix virgata borelliana,Strix virgata borelliana,Strix virgata borelliana,Strix virgata,Strix,Strigidae,1,Bajo
3453,Strix virgata,Strix virgata,Strix virgata,Strix virgata,Strix virgata,Strix virgata,Strix virgata,Strix virgata,Strix virgata,Strix virgata,Strix virgata,Strix virgata,Strix,Strigidae,1,Bajo
3454,Strix virgata,Strix virgata,Strix virgata,Strix virgata,Strix virgata,Strix hylophila,Strix hylophila,Strix virgata,Strix virgata,Strix virgata,Strix virgata,Strix virgata borelliana,Strix,Strigidae,1,Bajo
3455,Strix virgata,Strix virgata borelliana,Strix virgata borelliana,Strix virgata,Strix virgata,Strix virgata,Strix virgata,Strix hylophila,Strix virgata borelliana,Strix virgata borelliana,Strix virgata borelliana,Strix virgata borelliana,Strix,Strigidae,1,Bajo
3456,Strix virgata,Strix virgata borelliana,Strix virgata borelliana,Strix virgata,Strix virgata,Strix virgata,Strix virgata,Strix hylophila,Strix virgata borelliana,Strix virgata borelliana,Strix virgata borelliana,Strix virgata borelliana,Strix,Strigidae,1,Bajo
3457,Strix virgata,Leopardus wiedii,Nyctidromus albicollis,Didelphis aurita,Cyanocorax chrysops,Amazona vinacea,Sapajus nigritus,Strix hylophila,Nyctidromus albicollis,Nyctidromus albicollis,Nyctidromus albicollis,Leopardus pardalis,Strix,Strigidae,1,Bajo
3459,Strix virgata borelliana,Strix virgata borelliana,Strix virgata borelliana,Strix virgata,Strix virgata,Strix virgata,Strix virgata,Strix virgata,Strix virgata borelliana,Strix virgata borelliana,Strix virgata borelliana,Strix virgata borelliana,Strix,Strigidae,1,Bajo
3461,Sus scrofa,Sus scrofa,Sus scrofa domesticus,Sus scrofa,Sus scrofa,Sus scrofa,Sus scrofa,Sus scrofa,Sus scrofa domesticus,Sus scrofa domesticus,Sus scrofa domesticus,Sus scrofa,Sus,Suidae,0,Exótica/Invasora
3462,Sus scrofa,Lycalopex gymnocerca,Lycalopex gymnocerca,Lycalopex gymnocerca,Lycalopex gymnocerca,Nothura maculosa,Galictis cuja,Galictis cuja,Lycalopex gymnocerca,Lycalopex gymnocerca,Lycalopex gymnocerca,Lycalopex gymnocerca,Sus,Suidae,0,Exótica/Invasora
3464,Sus scrofa,Sus scrofa,Tayassu pecari,Pecari tajacu,Pecari tajacu,Sus scrofa,Sus scrofa,Pecari tajacu,Tayassu pecari,Tayassu pecari,Tayassu pecari,Sus scrofa,Sus,Suidae,0,Exótica/Invasora
3466,Sus scrofa,Cerdocyon thous,Sus scrofa,Procyon cancrivorus,Sus scrofa,Cerdocyon thous,Cerdocyon thous,Pecari tajacu,Sus scrofa,Sus scrofa,Sus scrofa,Cerdocyon thous,Sus,Suidae,0,Exótica/Invasora
3467,Sus scrofa,Hydrochoerus hydrochaeris,Hydrochoerus hydrochaeris,Hydrochoerus hydrochaeris,Hydrochoerus hydrochaeris,Hydrochoerus hydrochaeris,Hydrochoerus hydrochaeris,Hydrochoerus hydrochaeris,Hydrochoerus hydrochaeris,Hydrochoerus hydrochaeris,Hydrochoerus hydrochaeris,Hydrochoerus hydrochaeris,Sus,Suidae,0,Exótica/Invasora
3468,Sus scrofa,Sus scrofa,Sus scrofa,Sus scrofa,Pecari tajacu,Sus scrofa,Sus scrofa,Sus scrofa,Sus scrofa,Sus scrofa,Sus scrofa,Sus scrofa,Sus,Suidae,0,Exótica/Invasora
3469,Sus scrofa,Sus scrofa,Sus scrofa,Sus scrofa,Sus scrofa,Sus scrofa,Sus scrofa,Sus scrofa,Sus scrofa,Sus scrofa,Sus scrofa,Sus scrofa,Sus,Suidae,0,Exótica/Invasora
3471,Sus scrofa,Sus scrofa domesticus,Sus scrofa,Sus scrofa,Sus scrofa,Sus scrofa,Sus scrofa,Sus scrofa,Sus scrofa,Sus scrofa,Sus scrofa,Sus scrofa domesticus,Sus,Suidae,0,Exótica/Invasora
3472,Sus scrofa,Sus scrofa domesticus,Sus scrofa,Sus scrofa,Sus scrofa,Sus scrofa,Sus scrofa,Sus scrofa,Sus scrofa,Sus scrofa,Sus scrofa,Sus scrofa domesticus,Sus,Suidae,0,Exótica/Invasora
3473,Sus scrofa,Sus scrofa domesticus,Sus scrofa,Sus scrofa,Sus scrofa,Sus scrofa,Sus scrofa,Sus scrofa,Sus scrofa,Sus scrofa,Sus scrofa,Sus scrofa domesticus,Sus,Suidae,0,Exótica/Invasora
3474,Sus scrofa,Lontra longicaudis,Tamandua tetradactyla,Tamandua tetradactyla,Tamandua tetradactyla,Lontra longicaudis,Lontra longicaudis,Gubernetes yetapa,Tamandua tetradactyla,Tamandua tetradactyla,Tamandua tetradactyla,Lontra longicaudis,Sus,Suidae,0,Exótica/Invasora
3475,Sus scrofa,Hydrochoerus hydrochaeris,Hydrochoerus hydrochaeris,Hydrochoerus hydrochaeris,Hydrochoerus hydrochaeris,Hydrochoerus hydrochaeris,Hydrochoerus hydrochaeris,Hydrochoerus hydrochaeris,Hydrochoerus hydrochaeris,Hydrochoerus hydrochaeris,Hydrochoerus hydrochaeris,Hydrochoerus hydrochaeris,Sus,Suidae,0,Exótica/Invasora
3476,Sus scrofa,Sus scrofa domesticus,Pecari tajacu,Pecari tajacu,Pecari tajacu,Pecari tajacu,Pecari tajacu,Sus scrofa,Pecari tajacu,Pecari tajacu,Pecari tajacu,Sus scrofa domesticus,Sus,Suidae,0,Exótica/Invasora
3477,Sus scrofa,Sus scrofa,Hydrochoerus hydrochaeris,Hydrochoerus hydrochaeris,Hydrochoerus hydrochaeris,Myrmecophaga tridactyla,Sus scrofa,Sus scrofa,Hydrochoerus hydrochaeris,Hydrochoerus hydrochaeris,Hydrochoerus hydrochaeris,Sus scrofa,Sus,Suidae,0,Exótica/Invasora
3478,Sus scrofa,Sus scrofa,Sus scrofa,Pecari tajacu,Pecari tajacu,Pecari tajacu,Sus scrofa,Myrmecophaga tridactyla,Sus scrofa,Sus scrofa,Sus scrofa,Sus scrofa,Sus,Suidae,0,Exótica/Invasora
3479,Sus scrofa,Myrmecophaga tridactyla,Pecari tajacu,Hydrochoerus hydrochaeris,Cerdocyon thous,Myrmecophaga tridactyla,Lontra longicaudis,Lontra longicaudis,Pecari tajacu,Pecari tajacu,Pecari tajacu,Myrmecophaga tridactyla,Sus,Suidae,0,Exótica/Invasora
3480,Sus scrofa,Sus scrofa,Sus scrofa,Cerdocyon thous,Sus scrofa,Myrmecophaga tridactyla,Sus scrofa,Sus scrofa,Sus scrofa,Sus scrofa,Sus scrofa,Sus scrofa domesticus,Sus,Suidae,0,Exótica/Invasora
3481,Sus scrofa,Sus scrofa,Sus scrofa,Sus scrofa,Sus scrofa,Sus scrofa,Sus scrofa,Hydrochoerus hydrochaeris,Sus scrofa,Sus scrofa,Sus scrofa,Sus scrofa,Sus,Suidae,0,Exótica/Invasora
3482,Sus scrofa,Sus scrofa,Sus scrofa domesticus,Sus scrofa,Sus scrofa,Sus scrofa,Sus scrofa,Sus scrofa,Sus scrofa domesticus,Sus scrofa domesticus,Sus scrofa domesticus,Sus scrofa,Sus,Suidae,0,Exótica/Invasora
3483,Sus scrofa,Sus scrofa domesticus,Sus scrofa,Sus scrofa,Sus scrofa,Sus scrofa,Sus scrofa,Sus scrofa,Sus scrofa,Sus scrofa,Sus scrofa,Sus scrofa domesticus,Sus,Suidae,0,Exótica/Invasora
3485,Sus scrofa,Sus scrofa domesticus,Sus scrofa domesticus,Pecari tajacu,Sus scrofa,Pecari tajacu,Pecari tajacu,Pecari tajacu,Sus scrofa domesticus,Sus scrofa domesticus,Sus scrofa domesticus,Sus scrofa domesticus,Sus,Suidae,0,Exótica/Invasora
3486,Sus scrofa,Sus scrofa,Sus scrofa,Sus scrofa,Sus scrofa,Sus scrofa,Sus scrofa,Sus scrofa,Sus scrofa,Sus scrofa,Sus scrofa,Sus scrofa,Sus,Suidae,0,Exótica/Invasora
3487,Sus scrofa,Sus scrofa,Sus scrofa,Sus scrofa,Sus scrofa,Sus scrofa,Sus scrofa,Sus scrofa,Sus scrofa,Sus scrofa,Sus scrofa,Sus scrofa,Sus,Suidae,0,Exótica/Invasora
3488,Sus scrofa,Sus scrofa,Sus scrofa,Hydrochoerus hydrochaeris,Sus scrofa,Sus scrofa,Sus scrofa,Sus scrofa,Sus scrofa,Sus scrofa,Sus scrofa,Sus scrofa,Sus,Suidae,0,Exótica/Invasora
3490,Sus scrofa,Sus scrofa domesticus,Sus scrofa domesticus,Sus scrofa domesticus,Sus scrofa,Sus scrofa,Sus scrofa,Sus scrofa,Sus scrofa domesticus,Sus scrofa domesticus,Sus scrofa domesticus,Sus scrofa domesticus,Sus,Suidae,0,Exótica/Invasora
3491,Sus scrofa,Sus scrofa,Sus scrofa,Sus scrofa,Sus scrofa,Sus scrofa,Sus scrofa,Sus scrofa,Sus scrofa,Sus scrofa,Sus scrofa,Sus scrofa,Sus,Suidae,0,Exótica/Invasora
3492,Sus scrofa,Sus scrofa domesticus,Sus scrofa,Sus scrofa,Sus scrofa,Sus scrofa,Sus scrofa,Sus scrofa,Sus scrofa,Sus scrofa,Sus scrofa,Sus scrofa domesticus,Sus,Suidae,0,Exótica/Invasora
3493,Sus scrofa,Myrmecophaga tridactyla,Sus scrofa,Lycalopex gymnocerca,Cerdocyon thous,Nothura maculosa,Myrmecophaga tridactyla,Myrmecophaga tridactyla,Sus scrofa,Sus scrofa,Sus scrofa,Myrmecophaga tridactyla,Sus,Suidae,0,Exótica/Invasora
3496,Sus scrofa,Sus scrofa domesticus,Sus scrofa domesticus,Pecari tajacu,Pecari tajacu,Pecari tajacu,Pecari tajacu,Pecari tajacu,Sus scrofa domesticus,Sus scrofa domesticus,Sus scrofa domesticus,Sus scrofa domesticus,Sus,Suidae,0,Exótica/Invasora
3499,Sus scrofa,Tapirus terrestris,Hydrochoerus hydrochaeris,Herpailurus yagouaroundi,Sus scrofa,Lontra longicaudis,Sus scrofa,Sus scrofa,Hydrochoerus hydrochaeris,Hydrochoerus hydrochaeris,Hydrochoerus hydrochaeris,Tapirus terrestris,Sus,Suidae,0,Exótica/Invasora
3500,Sus scrofa,Myrmecophaga tridactyla,Sus scrofa,Sus scrofa,Panthera onca,Sus scrofa,Myrmecophaga tridactyla,Sapajus nigritus,Sus scrofa,Sus scrofa,Sus scrofa,Myrmecophaga tridactyla,Sus,Suidae,0,Exótica/Invasora
3501,Sus scrofa,Sus scrofa,Sus scrofa,Sus scrofa,Sus scrofa,Sus scrofa,Sus scrofa,Pecari tajacu,Sus scrofa,Sus scrofa,Sus scrofa,Sus scrofa,Sus,Suidae,0,Exótica/Invasora
3503,Sus scrofa,Sus scrofa,Sus scrofa,Sus scrofa,Sus scrofa,Sus scrofa,Sus scrofa,Pecari tajacu,Sus scrofa,Sus scrofa,Sus scrofa,Sus scrofa,Sus,Suidae,0,Exótica/Invasora
3504,Sus scrofa,Tamandua tetradactyla,Puma concolor concolor,Cerdocyon thous,Cerdocyon thous,Tamandua tetradactyla,Tamandua tetradactyla,Sus scrofa,Puma concolor concolor,Puma concolor concolor,Puma concolor concolor,Tamandua tetradactyla,Sus,Suidae,0,Exótica/Invasora
3505,Sus scrofa,Tamandua tetradactyla,Didelphis albiventris,Didelphis albiventris,Didelphis albiventris,Tamandua tetradactyla,Tamandua tetradactyla,Alouatta caraya,Didelphis albiventris,Didelphis albiventris,Didelphis albiventris,Tamandua tetradactyla,Sus,Suidae,0,Exótica/Invasora
3507,Sus scrofa,Sus scrofa,Sus scrofa domesticus,Sus scrofa domesticus,Sus scrofa domesticus,Hydrochoerus hydrochaeris,Hydrochoerus hydrochaeris,Hydrochoerus hydrochaeris,Sus scrofa domesticus,Sus scrofa domesticus,Sus scrofa domesticus,Sus scrofa domesticus,Sus,Suidae,0,Exótica/Invasora
3508,Sus scrofa,Sus scrofa,Sus scrofa,Sus scrofa,Sus scrofa,Sus scrofa,Sus scrofa,Sus scrofa,Sus scrofa,Sus scrofa,Sus scrofa,Sus scrofa,Sus,Suidae,0,Exótica/Invasora
3509,Sus scrofa,Lontra longicaudis,Sus scrofa,Sus scrofa,Sus scrofa,Lontra longicaudis,Lontra longicaudis,Sus scrofa,Sus scrofa,Sus scrofa,Sus scrofa,Lontra longicaudis,Sus,Suidae,0,Exótica/Invasora
3510,Sus scrofa,Leopardus wiedii,Panthera onca,Dasyprocta azarae,Dasyprocta azarae,Panthera onca,Galictis cuja,Panthera onca,Panthera onca,Panthera onca,Panthera onca,Leopardus wiedii,Sus,Suidae,0,Exótica/Invasora
3512,Sus scrofa,Myrmecophaga tridactyla,Herpailurus yagouaroundi,Cerdocyon thous,Cerdocyon thous,Myrmecophaga tridactyla,Myrmecophaga tridactyla,Lontra longicaudis,Herpailurus yagouaroundi,Herpailurus yagouaroundi,Herpailurus yagouaroundi,Myrmecophaga tridactyla,Sus,Suidae,0,Exótica/Invasora
3513,Sus scrofa,Sus scrofa,Sus scrofa,Sus scrofa,Myrmecophaga tridactyla,Sus scrofa,Lontra longicaudis,Lontra longicaudis,Sus scrofa,Sus scrofa,Sus scrofa,Sus scrofa,Sus,Suidae,0,Exótica/Invasora
3514,Sus scrofa,Myrmecophaga tridactyla,Sus scrofa domesticus,Euphractus sexcinctus,Euphractus sexcinctus,Myrmecophaga tridactyla,Myrmecophaga tridactyla,Sus scrofa,Sus scrofa domesticus,Sus scrofa domesticus,Sus scrofa domesticus,Myrmecophaga tridactyla,Sus,Suidae,0,Exótica/Invasora
3515,Sus scrofa,Sus scrofa,Sus scrofa,Pecari tajacu,Sus scrofa,Sus scrofa,Sus scrofa,Myrmecophaga tridactyla,Sus scrofa,Sus scrofa,Sus scrofa,Tayassu pecari,Sus,Suidae,0,Exótica/Invasora
3516,Sus scrofa,Sus scrofa,Sus scrofa,Sus scrofa,Sus scrofa,Sus scrofa,Sus scrofa,Sus scrofa,Sus scrofa,Sus scrofa,Sus scrofa,Sus scrofa,Sus,Suidae,0,Exótica/Invasora
3517,Sus scrofa,Myrmecophaga tridactyla,Sus scrofa,Sus scrofa,Sus scrofa,Sus scrofa,Myrmecophaga tridactyla,Tamandua tetradactyla,Sus scrofa,Sus scrofa,Sus scrofa,Sus scrofa,Sus,Suidae,0,Exótica/Invasora
3518,Sus scrofa,Sus scrofa,Sus scrofa,Pecari tajacu,Pecari tajacu,Sus scrofa,Sus scrofa,Sus scrofa,Sus scrofa,Sus scrofa,Sus scrofa,Sus scrofa,Sus,Suidae,0,Exótica/Invasora
3519,Sus scrofa,Sus scrofa,Sus scrofa,Sus scrofa,Sus scrofa,Sus scrofa,Sus scrofa,Sus scrofa,Sus scrofa,Sus scrofa,Sus scrofa,Sus scrofa,Sus,Suidae,0,Exótica/Invasora
3520,Sus scrofa,Sus scrofa domesticus,Sus scrofa,Sus scrofa,Sus scrofa,Sus scrofa,Sus scrofa,Pecari tajacu,Sus scrofa,Sus scrofa,Sus scrofa,Sus scrofa domesticus,Sus,Suidae,0,Exótica/Invasora
3521,Sus scrofa domesticus,Myrmecophaga tridactyla,Sapajus nigritus,Leopardus pardalis,Eira barbara,Leopardus guttulus,Galictis cuja,Nothura maculosa,Sapajus nigritus,Sapajus nigritus,Sapajus nigritus,Myrmecophaga tridactyla,Sus,Suidae,0,Doméstica
3522,Sus scrofa domesticus,Sus scrofa,Sus scrofa,Sus scrofa,Sus scrofa,Sus scrofa,Sus scrofa,Sus scrofa,Sus scrofa,Sus scrofa,Sus scrofa,Sus scrofa,Sus,Suidae,0,Doméstica
3523,Sus scrofa domesticus,Sus scrofa,Sus scrofa domesticus,Hydrochoerus hydrochaeris,Hydrochoerus hydrochaeris,Subulo gouazoubira,Myrmecophaga tridactyla,Myrmecophaga tridactyla,Sus scrofa domesticus,Sus scrofa domesticus,Sus scrofa domesticus,Sus scrofa domesticus,Sus,Suidae,0,Doméstica
3524,Sus scrofa domesticus,Sus scrofa domesticus,Sus scrofa,Sus scrofa,Sus scrofa,Sus scrofa,Sus scrofa,Sus scrofa,Sus scrofa,Sus scrofa,Sus scrofa,Sus scrofa domesticus,Sus,Suidae,0,Doméstica
3525,Sus scrofa domesticus,Pecari tajacu,Canis familiaris,Pecari tajacu,Pecari tajacu,Pecari tajacu,Pecari tajacu,Pecari tajacu,Canis familiaris,Canis familiaris,Canis familiaris,Pecari tajacu,Sus,Suidae,0,Doméstica
3527,Sus scrofa domesticus,Sus scrofa,Tayassu pecari,Pecari tajacu,Pecari tajacu,Sus scrofa,Sus scrofa,Sus scrofa,Tayassu pecari,Tayassu pecari,Tayassu pecari,Sus scrofa,Sus,Suidae,0,Doméstica
3528,Sus scrofa domesticus,Sus scrofa,Hydrochoerus hydrochaeris,Pecari tajacu,Pecari tajacu,Hydrochoerus hydrochaeris,Sus scrofa,Pecari tajacu,Hydrochoerus hydrochaeris,Hydrochoerus hydrochaeris,Hydrochoerus hydrochaeris,Sus scrofa,Sus,Suidae,0,Doméstica
3531,Tapirus terrestris,Tapirus terrestris,Pecari tajacu,Pecari tajacu,Tapirus terrestris,Tapirus terrestris,Sus scrofa,Pecari tajacu,Pecari tajacu,Pecari tajacu,Pecari tajacu,Tapirus terrestris,Tapirus,Tapiridae,4,Alto
3532,Tapirus terrestris,Lepus europaeus,Lepus europaeus,Aramides saracura,Aramides saracura,Lepus europaeus,Lepus europaeus,Cerdocyon thous,Lepus europaeus,Lepus europaeus,Lepus europaeus,Hydrochoerus hydrochaeris,Tapirus,Tapiridae,4,Alto
3533,Tapirus terrestris,Sus scrofa domesticus,Sus scrofa,Sus scrofa,Hydrochoerus hydrochaeris,Sus scrofa,Sus scrofa,Sus scrofa,Sus scrofa,Sus scrofa,Sus scrofa,Sus scrofa domesticus,Tapirus,Tapiridae,4,Alto
3534,Tapirus terrestris,Tapirus terrestris,Hydrochoerus hydrochaeris,Hydrochoerus hydrochaeris,Tapirus terrestris,Hydrochoerus hydrochaeris,Hydrochoerus hydrochaeris,Myrmecophaga tridactyla,Hydrochoerus hydrochaeris,Hydrochoerus hydrochaeris,Hydrochoerus hydrochaeris,Tapirus terrestris,Tapirus,Tapiridae,4,Alto
3535,Tapirus terrestris,Tapirus terrestris,Tapirus terrestris terrestris,Sus scrofa,Sus scrofa,Tapirus terrestris,Sus scrofa,Cerdocyon thous,Tapirus terrestris terrestris,Tapirus terrestris terrestris,Tapirus terrestris terrestris,Tapirus terrestris,Tapirus,Tapiridae,4,Alto
3536,Tapirus terrestris,Tapirus terrestris,Sus scrofa,Sus scrofa,Sus scrofa,Sus scrofa,Sus scrofa,Sus scrofa,Sus scrofa,Sus scrofa,Sus scrofa,Tapirus terrestris,Tapirus,Tapiridae,4,Alto
3537,Tapirus terrestris,Sus scrofa,Sus scrofa,Sus scrofa,Sus scrofa,Sus scrofa,Sus scrofa,Sus scrofa,Sus scrofa,Sus scrofa,Sus scrofa,Sus scrofa,Tapirus,Tapiridae,4,Alto
3538,Tapirus terrestris,Sus scrofa,Tapirus terrestris terrestris,Sus scrofa,Sus scrofa,Sus scrofa,Sus scrofa,Sus scrofa,Tapirus terrestris terrestris,Tapirus terrestris terrestris,Tapirus terrestris terrestris,Sus scrofa,Tapirus,Tapiridae,4,Alto
3539,Tapirus terrestris,Tapirus terrestris,Tapirus terrestris,Tapirus terrestris,Tapirus terrestris,Tapirus terrestris,Tapirus terrestris,Tapirus terrestris,Tapirus terrestris,Tapirus terrestris,Tapirus terrestris,Tapirus terrestris,Tapirus,Tapiridae,4,Alto
3540,Tapirus terrestris,Tapirus terrestris,Tapirus terrestris,Tapirus terrestris,Tapirus terrestris,Tapirus terrestris,Sus scrofa,Tapirus terrestris,Tapirus terrestris,Tapirus terrestris,Tapirus terrestris,Tapirus terrestris,Tapirus,Tapiridae,4,Alto
3541,Tapirus terrestris,Tapirus terrestris,Tapirus terrestris,Tapirus terrestris,Hydrochoerus hydrochaeris,Tapirus terrestris,Sus scrofa,Sus scrofa,Tapirus terrestris,Tapirus terrestris,Tapirus terrestris,Tapirus terrestris,Tapirus,Tapiridae,4,Alto
3542,Tapirus terrestris,Tapirus terrestris,Tapirus terrestris terrestris,Tapirus terrestris,Tapirus terrestris,Tapirus terrestris,Sus scrofa,Hydrochoerus hydrochaeris,Tapirus terrestris terrestris,Tapirus terrestris terrestris,Tapirus terrestris terrestris,Tapirus terrestris,Tapirus,Tapiridae,4,Alto
3544,Tapirus terrestris,Tamandua tetradactyla,Sapajus nigritus,Mazama nanus,Baryphthengus ruficapillus,Leptotila rufaxilla,Sapajus nigritus,Lepus europaeus,Sapajus nigritus,Sapajus nigritus,Sapajus nigritus,Puma concolor,Tapirus,Tapiridae,4,Alto
3545,Tapirus terrestris,Tamandua tetradactyla,Penelope superciliaris,Myrmecophaga tridactyla,Myrmecophaga tridactyla,Sapajus nigritus,Sapajus nigritus,Notharchus swainsoni,Penelope superciliaris,Penelope superciliaris,Penelope superciliaris,Tamandua tetradactyla,Tapirus,Tapiridae,4,Alto
3546,Tapirus terrestris,Sus scrofa,Sus scrofa,Sus scrofa,Sus scrofa,Sus scrofa,Sus scrofa,Sus scrofa,Sus scrofa,Sus scrofa,Sus scrofa,Sus scrofa,Tapirus,Tapiridae,4,Alto
3547,Tapirus terrestris,Tapirus terrestris,Tapirus terrestris terrestris,Pecari tajacu,Hydrochoerus hydrochaeris,Pecari tajacu,Pecari tajacu,Pecari tajacu,Tapirus terrestris terrestris,Tapirus terrestris terrestris,Tapirus terrestris terrestris,Tapirus terrestris,Tapirus,Tapiridae,4,Alto
3548,Tapirus terrestris,Sus scrofa,Sus scrofa,Sus scrofa,Sus scrofa,Sus scrofa,Sus scrofa,Sus scrofa,Sus scrofa,Sus scrofa,Sus scrofa,Sus scrofa,Tapirus,Tapiridae,4,Alto
3550,Tapirus terrestris,Sus scrofa,Pecari tajacu,Hydrochoerus hydrochaeris,Hydrochoerus hydrochaeris,Hydrochoerus hydrochaeris,Hydrochoerus hydrochaeris,Hydrochoerus hydrochaeris,Pecari tajacu,Pecari tajacu,Pecari tajacu,Sus scrofa,Tapirus,Tapiridae,4,Alto
3552,Tapirus terrestris,Dasypus novemcinctus,Canis familiaris,Canis familiaris,Canis familiaris,Dasypus novemcinctus,Dasypus novemcinctus,Subulo gouazoubira,Canis familiaris,Canis familiaris,Canis familiaris,Canis familiaris,Tapirus,Tapiridae,4,Alto
3554,Tapirus terrestris,Tapirus terrestris,Tapirus terrestris,Tapirus terrestris,Tapirus terrestris,Tapirus terrestris,Tapirus terrestris,Hydrochoerus hydrochaeris,Tapirus terrestris,Tapirus terrestris,Tapirus terrestris,Tapirus terrestris,Tapirus,Tapiridae,4,Alto
3556,Tapirus terrestris terrestris,Tapirus terrestris,Tapirus terrestris,Tapirus terrestris,Tapirus terrestris,Tapirus terrestris,Lontra longicaudis,Tapirus terrestris,Tapirus terrestris,Tapirus terrestris,Tapirus terrestris,Tapirus terrestris,Tapirus,Tapiridae,4,Alto
3559,Pecari tajacu,Tayassu pecari,Pecari tajacu,Dasyprocta azarae,Dasyprocta azarae,Pecari tajacu,Pecari tajacu,Pecari tajacu,Pecari tajacu,Pecari tajacu,Pecari tajacu,Tayassu pecari,Pecari,Tayassuidae,3,Medio
3561,Pecari tajacu,Tayassu pecari,Dasyprocta azarae,Dasyprocta azarae,Crypturellus tataupa,Eira barbara,Eira barbara,Dasyprocta azarae,Dasyprocta azarae,Dasyprocta azarae,Dasyprocta azarae,Tayassu pecari,Pecari,Tayassuidae,3,Medio
3563,Pecari tajacu,Pecari tajacu,Pecari tajacu,Pecari tajacu,Pecari tajacu,Pecari tajacu,Pecari tajacu,Pecari tajacu,Pecari tajacu,Pecari tajacu,Pecari tajacu,Pecari tajacu,Pecari,Tayassuidae,3,Medio
3564,Pecari tajacu,Pecari tajacu,Pecari tajacu,Pecari tajacu,Pecari tajacu,Pecari tajacu,Pecari tajacu,Pecari tajacu,Pecari tajacu,Pecari tajacu,Pecari tajacu,Pecari tajacu,Pecari,Tayassuidae,3,Medio
3565,Pecari tajacu,Pecari tajacu,Pecari tajacu,Pecari tajacu,Pecari tajacu,Pecari tajacu,Pecari tajacu,Pecari tajacu,Pecari tajacu,Pecari tajacu,Pecari tajacu,Pecari tajacu,Pecari,Tayassuidae,3,Medio
3566,Pecari tajacu,Cerdocyon thous,Cerdocyon thous,Cerdocyon thous,Cerdocyon thous,Cerdocyon thous,Cerdocyon thous,Pecari tajacu,Cerdocyon thous,Cerdocyon thous,Cerdocyon thous,Cerdocyon thous,Pecari,Tayassuidae,3,Medio
3567,Pecari tajacu,Pecari tajacu,Pecari tajacu,Pecari tajacu,Pecari tajacu,Pecari tajacu,Pecari tajacu,Pecari tajacu,Pecari tajacu,Pecari tajacu,Pecari tajacu,Pecari tajacu,Pecari,Tayassuidae,3,Medio
3568,Pecari tajacu,Pecari tajacu,Pecari tajacu,Pecari tajacu,Pecari tajacu,Pecari tajacu,Pecari tajacu,Pecari tajacu,Pecari tajacu,Pecari tajacu,Pecari tajacu,Pecari tajacu,Pecari,Tayassuidae,3,Medio
3569,Pecari tajacu,Pecari tajacu,Pecari tajacu,Pecari tajacu,Pecari tajacu,Pecari tajacu,Pecari tajacu,Pecari tajacu,Pecari tajacu,Pecari tajacu,Pecari tajacu,Pecari tajacu,Pecari,Tayassuidae,3,Medio
3570,Pecari tajacu,Pecari tajacu,Pecari tajacu,Pecari tajacu,Pecari tajacu,Pecari tajacu,Pecari tajacu,Pecari tajacu,Pecari tajacu,Pecari tajacu,Pecari tajacu,Pecari tajacu,Pecari,Tayassuidae,3,Medio
3571,Pecari tajacu,Sus scrofa,Sus scrofa,Sus scrofa,Pecari tajacu,Sus scrofa,Sus scrofa,Sus scrofa,Sus scrofa,Sus scrofa,Sus scrofa,Sus scrofa,Pecari,Tayassuidae,3,Medio
3572,Pecari tajacu,Pecari tajacu,Pecari tajacu,Pecari tajacu,Pecari tajacu,Pecari tajacu,Pecari tajacu,Pecari tajacu,Pecari tajacu,Pecari tajacu,Pecari tajacu,Pecari tajacu,Pecari,Tayassuidae,3,Medio
3573,Pecari tajacu,Pecari tajacu,Pecari tajacu,Pecari tajacu,Pecari tajacu,Pecari tajacu,Pecari tajacu,Pecari tajacu,Pecari tajacu,Pecari tajacu,Pecari tajacu,Pecari tajacu,Pecari,Tayassuidae,3,Medio
3574,Pecari tajacu,Cerdocyon thous,Pecari tajacu,Dasyprocta azarae,Cerdocyon thous,Cerdocyon thous,Cerdocyon thous,Cerdocyon thous,Pecari tajacu,Pecari tajacu,Pecari tajacu,Cerdocyon thous,Pecari,Tayassuidae,3,Medio
3575,Pecari tajacu,Pecari tajacu,Pecari tajacu,Pecari tajacu,Pecari tajacu,Pecari tajacu,Pecari tajacu,Pecari tajacu,Pecari tajacu,Pecari tajacu,Pecari tajacu,Pecari tajacu,Pecari,Tayassuidae,3,Medio
3576,Pecari tajacu,Pecari tajacu,Pecari tajacu,Pecari tajacu,Pecari tajacu,Pecari tajacu,Pecari tajacu,Pecari tajacu,Pecari tajacu,Pecari tajacu,Pecari tajacu,Pecari tajacu,Pecari,Tayassuidae,3,Medio
3577,Pecari tajacu,Pecari tajacu,Pecari tajacu,Pecari tajacu,Pecari tajacu,Pecari tajacu,Pecari tajacu,Pecari tajacu,Pecari tajacu,Pecari tajacu,Pecari tajacu,Pecari tajacu,Pecari,Tayassuidae,3,Medio
3578,Pecari tajacu,Sus scrofa,Hydrochoerus hydrochaeris,Hydrochoerus hydrochaeris,Pecari tajacu,Sus scrofa,Sus scrofa,Sus scrofa,Hydrochoerus hydrochaeris,Hydrochoerus hydrochaeris,Hydrochoerus hydrochaeris,Sus scrofa,Pecari,Tayassuidae,3,Medio
3579,Pecari tajacu,Pecari tajacu,Pecari tajacu,Pecari tajacu,Pecari tajacu,Pecari tajacu,Pecari tajacu,Pecari tajacu,Pecari tajacu,Pecari tajacu,Pecari tajacu,Pecari tajacu,Pecari,Tayassuidae,3,Medio
3580,Pecari tajacu,Procyon cancrivorus,Procyon cancrivorus,Cabassous tatouay,Cabassous tatouay,Pecari tajacu,Cerdocyon thous,Pecari tajacu,Procyon cancrivorus,Procyon cancrivorus,Procyon cancrivorus,Procyon cancrivorus,Pecari,Tayassuidae,3,Medio
3581,Pecari tajacu,Pecari tajacu,Pecari tajacu,Pecari tajacu,Pecari tajacu,Pecari tajacu,Pecari tajacu,Pecari tajacu,Pecari tajacu,Pecari tajacu,Pecari tajacu,Pecari tajacu,Pecari,Tayassuidae,3,Medio
3582,Pecari tajacu,Pecari tajacu,Pecari tajacu,Pecari tajacu,Pecari tajacu,Pecari tajacu,Pecari tajacu,Pecari tajacu,Pecari tajacu,Pecari tajacu,Pecari tajacu,Pecari tajacu,Pecari,Tayassuidae,3,Medio
3586,Pecari tajacu,Pecari tajacu,Pecari tajacu,Pecari tajacu,Pecari tajacu,Pecari tajacu,Pecari tajacu,Pecari tajacu,Pecari tajacu,Pecari tajacu,Pecari tajacu,Pecari tajacu,Pecari,Tayassuidae,3,Medio
3587,Pecari tajacu,Pecari tajacu,Pecari tajacu,Pecari tajacu,Pecari tajacu,Pecari tajacu,Pecari tajacu,Pecari tajacu,Pecari tajacu,Pecari tajacu,Pecari tajacu,Pecari tajacu,Pecari,Tayassuidae,3,Medio
3589,Pecari tajacu,Pecari tajacu,Pecari tajacu,Pecari tajacu,Pecari tajacu,Pecari tajacu,Pecari tajacu,Pecari tajacu,Pecari tajacu,Pecari tajacu,Pecari tajacu,Pecari tajacu,Pecari,Tayassuidae,3,Medio
3590,Pecari tajacu,Pecari tajacu,Pecari tajacu,Pecari tajacu,Pecari tajacu,Pecari tajacu,Pecari tajacu,Pecari tajacu,Pecari tajacu,Pecari tajacu,Pecari tajacu,Pecari tajacu,Pecari,Tayassuidae,3,Medio
3591,Pecari tajacu,Pecari tajacu,Pecari tajacu,Pecari tajacu,Pecari tajacu,Pecari tajacu,Pecari tajacu,Pecari tajacu,Pecari tajacu,Pecari tajacu,Pecari tajacu,Pecari tajacu,Pecari,Tayassuidae,3,Medio
3592,Pecari tajacu,Pecari tajacu,Pecari tajacu,Pecari tajacu,Pecari tajacu,Pecari tajacu,Pecari tajacu,Pecari tajacu,Pecari tajacu,Pecari tajacu,Pecari tajacu,Pecari tajacu,Pecari,Tayassuidae,3,Medio
3593,Pecari tajacu,Pecari tajacu,Tayassu pecari,Tayassu pecari,Pecari tajacu,Pecari tajacu,Pecari tajacu,Pecari tajacu,Tayassu pecari,Tayassu pecari,Tayassu pecari,Pecari tajacu,Pecari,Tayassuidae,3,Medio
3594,Pecari tajacu,Pecari tajacu,Pecari tajacu,Pecari tajacu,Pecari tajacu,Pecari tajacu,Pecari tajacu,Pecari tajacu,Pecari tajacu,Pecari tajacu,Pecari tajacu,Pecari tajacu,Pecari,Tayassuidae,3,Medio
3595,Pecari tajacu,Pecari tajacu,Pecari tajacu,Pecari tajacu,Pecari tajacu,Pecari tajacu,Pecari tajacu,Pecari tajacu,Pecari tajacu,Pecari tajacu,Pecari tajacu,Pecari tajacu,Pecari,Tayassuidae,3,Medio
3596,Pecari tajacu,Pecari tajacu,Pecari tajacu,Pecari tajacu,Pecari tajacu,Pecari tajacu,Pecari tajacu,Pecari tajacu,Pecari tajacu,Pecari tajacu,Pecari tajacu,Pecari tajacu,Pecari,Tayassuidae,3,Medio
3597,Pecari tajacu,Pecari tajacu,Pecari tajacu,Pecari tajacu,Pecari tajacu,Pecari tajacu,Pecari tajacu,Pecari tajacu,Pecari tajacu,Pecari tajacu,Pecari tajacu,Pecari tajacu,Pecari,Tayassuidae,3,Medio
3598,Pecari tajacu,Pecari tajacu,Pecari tajacu,Pecari tajacu,Pecari tajacu,Pecari tajacu,Pecari tajacu,Pecari tajacu,Pecari tajacu,Pecari tajacu,Pecari tajacu,Pecari tajacu,Pecari,Tayassuidae,3,Medio
3600,Pecari tajacu,Leopardus wiedii,Dasyprocta azarae,Dasyprocta azarae,Dasyprocta azarae,Eira barbara,Galictis cuja,Myiothlypis leucoblephara,Dasyprocta azarae,Dasyprocta azarae,Dasyprocta azarae,Dasyprocta azarae,Pecari,Tayassuidae,3,Medio
3601,Pecari tajacu,Herpailurus yagouaroundi,Puma concolor,Leptotila verreauxi,Galictis cuja,Puma concolor,Galictis cuja,Pipile jacutinga,Puma concolor,Puma concolor,Puma concolor,Puma concolor,Pecari,Tayassuidae,3,Medio
3602,Pecari tajacu,Pecari tajacu,Pecari tajacu,Pecari tajacu,Pecari tajacu,Pecari tajacu,Pecari tajacu,Pecari tajacu,Pecari tajacu,Pecari tajacu,Pecari tajacu,Pecari tajacu,Pecari,Tayassuidae,3,Medio
3603,Pecari tajacu,Pecari tajacu,Pecari tajacu,Pecari tajacu,Pecari tajacu,Pecari tajacu,Pecari tajacu,Pecari tajacu,Pecari tajacu,Pecari tajacu,Pecari tajacu,Pecari tajacu,Pecari,Tayassuidae,3,Medio
3604,Pecari tajacu,Pecari tajacu,Pecari tajacu,Pecari tajacu,Pecari tajacu,Pecari tajacu,Pecari tajacu,Pecari tajacu,Pecari tajacu,Pecari tajacu,Pecari tajacu,Pecari tajacu,Pecari,Tayassuidae,3,Medio
3606,Pecari tajacu,Pecari tajacu,Pecari tajacu,Pecari tajacu,Pecari tajacu,Pecari tajacu,Pecari tajacu,Pecari tajacu,Pecari tajacu,Pecari tajacu,Pecari tajacu,Pecari tajacu,Pecari,Tayassuidae,3,Medio
3607,Pecari tajacu,Pecari tajacu,Pecari tajacu,Pecari tajacu,Pecari tajacu,Pecari tajacu,Pecari tajacu,Pecari tajacu,Pecari tajacu,Pecari tajacu,Pecari tajacu,Pecari tajacu,Pecari,Tayassuidae,3,Medio
3608,Pecari tajacu,Pecari tajacu,Pecari tajacu,Pecari tajacu,Pecari tajacu,Pecari tajacu,Pecari tajacu,Pecari tajacu,Pecari tajacu,Pecari tajacu,Pecari tajacu,Pecari tajacu,Pecari,Tayassuidae,3,Medio
3609,Pecari tajacu,Pecari tajacu,Pecari tajacu,Pecari tajacu,Pecari tajacu,Pecari tajacu,Pecari tajacu,Pecari tajacu,Pecari tajacu,Pecari tajacu,Pecari tajacu,Pecari tajacu,Pecari,Tayassuidae,3,Medio
3610,Pecari tajacu,Pecari tajacu,Pecari tajacu,Pecari tajacu,Pecari tajacu,Pecari tajacu,Pecari tajacu,Pecari tajacu,Pecari tajacu,Pecari tajacu,Pecari tajacu,Pecari tajacu,Pecari,Tayassuidae,3,Medio
3611,Pecari tajacu,Pecari tajacu,Pecari tajacu,Pecari tajacu,Pecari tajacu,Pecari tajacu,Pecari tajacu,Pecari tajacu,Pecari tajacu,Pecari tajacu,Pecari tajacu,Pecari tajacu,Pecari,Tayassuidae,3,Medio
3612,Pecari tajacu,Pecari tajacu,Pecari tajacu,Pecari tajacu,Pecari tajacu,Pecari tajacu,Pecari tajacu,Pecari tajacu,Pecari tajacu,Pecari tajacu,Pecari tajacu,Pecari tajacu,Pecari,Tayassuidae,3,Medio
3613,Pecari tajacu,Pecari tajacu,Pecari tajacu,Pecari tajacu,Pecari tajacu,Pecari tajacu,Pecari tajacu,Pecari tajacu,Pecari tajacu,Pecari tajacu,Pecari tajacu,Pecari tajacu,Pecari,Tayassuidae,3,Medio
3614,Pecari tajacu,Dasyprocta azarae,Dasyprocta azarae,Dasyprocta azarae,Pecari tajacu,Sylvilagus brasiliensis,Dasyprocta azarae,Pecari tajacu,Dasyprocta azarae,Dasyprocta azarae,Dasyprocta azarae,Dasyprocta azarae,Pecari,Tayassuidae,3,Medio
3615,Pecari tajacu,Pecari tajacu,Pecari tajacu,Pecari tajacu,Pecari tajacu,Pecari tajacu,Pecari tajacu,Pecari tajacu,Pecari tajacu,Pecari tajacu,Pecari tajacu,Pecari tajacu,Pecari,Tayassuidae,3,Medio
3616,Pecari tajacu,Pecari tajacu,Tayassu pecari,Pecari tajacu,Pecari tajacu,Pecari tajacu,Pecari tajacu,Pecari tajacu,Tayassu pecari,Tayassu pecari,Tayassu pecari,Pecari tajacu,Pecari,Tayassuidae,3,Medio
3617,Pecari tajacu,Tayassu pecari,Dasyprocta azarae,Dasyprocta azarae,Dasyprocta azarae,Pecari tajacu,Dasyprocta azarae,Dasyprocta azarae,Dasyprocta azarae,Dasyprocta azarae,Dasyprocta azarae,Tayassu pecari,Pecari,Tayassuidae,3,Medio
3619,Pecari tajacu,Pecari tajacu,Pecari tajacu,Pecari tajacu,Pecari tajacu,Pecari tajacu,Pecari tajacu,Pecari tajacu,Pecari tajacu,Pecari tajacu,Pecari tajacu,Pecari tajacu,Pecari,Tayassuidae,3,Medio
3621,Pecari tajacu,Pecari tajacu,Pecari tajacu,Pecari tajacu,Pecari tajacu,Pecari tajacu,Pecari tajacu,Pecari tajacu,Pecari tajacu,Pecari tajacu,Pecari tajacu,Pecari tajacu,Pecari,Tayassuidae,3,Medio
3624,Pecari tajacu,Pecari tajacu,Pecari tajacu,Pecari tajacu,Pecari tajacu,Pecari tajacu,Pecari tajacu,Pecari tajacu,Pecari tajacu,Pecari tajacu,Pecari tajacu,Pecari tajacu,Pecari,Tayassuidae,3,Medio
3625,Pecari tajacu,Pecari tajacu,Pecari tajacu,Pecari tajacu,Pecari tajacu,Pecari tajacu,Pecari tajacu,Pecari tajacu,Pecari tajacu,Pecari tajacu,Pecari tajacu,Pecari tajacu,Pecari,Tayassuidae,3,Medio
3626,Tayassu pecari,Myrmecophaga tridactyla,Pecari tajacu,Pecari tajacu,Pecari tajacu,Myrmecophaga tridactyla,Myrmecophaga tridactyla,Sus scrofa,Pecari tajacu,Pecari tajacu,Pecari tajacu,Myrmecophaga tridactyla,Tayassu,Tayassuidae,4,Alto
3627,Tayassu pecari,Tayassu pecari,Tayassu pecari,Pecari tajacu,Pecari tajacu,Pecari tajacu,Cerdocyon thous,Tayassu pecari,Tayassu pecari,Tayassu pecari,Tayassu pecari,Tayassu pecari,Tayassu,Tayassuidae,4,Alto
3628,Tayassu pecari,Pecari tajacu,Pecari tajacu,Pecari tajacu,Pecari tajacu,Pecari tajacu,Pecari tajacu,Sus scrofa,Pecari tajacu,Pecari tajacu,Pecari tajacu,Pecari tajacu,Tayassu,Tayassuidae,4,Alto
3629,Tayassu pecari,Sus scrofa,Sus scrofa,Pecari tajacu,Pecari tajacu,Pecari tajacu,Sus scrofa,Sus scrofa,Sus scrofa,Sus scrofa,Sus scrofa,Sus scrofa,Tayassu,Tayassuidae,4,Alto
3630,Tayassu pecari,Tayassu pecari,Tayassu pecari,Pecari tajacu,Pecari tajacu,Pecari tajacu,Pecari tajacu,Pecari tajacu,Tayassu pecari,Tayassu pecari,Tayassu pecari,Tayassu pecari,Tayassu,Tayassuidae,4,Alto
3631,Tayassu pecari,Sus scrofa,Pecari tajacu,Pecari tajacu,Pecari tajacu,Pecari tajacu,Pecari tajacu,Sus scrofa,Pecari tajacu,Pecari tajacu,Pecari tajacu,Sus scrofa,Tayassu,Tayassuidae,4,Alto
3632,Tayassu pecari,Procyon cancrivorus,Tamandua tetradactyla,Leopardus guttulus,Cerdocyon thous,Sus scrofa,Myrmecophaga tridactyla,Leopardus guttulus,Tamandua tetradactyla,Tamandua tetradactyla,Tamandua tetradactyla,Procyon cancrivorus,Tayassu,Tayassuidae,4,Alto
3633,Tayassu pecari,Sus scrofa,Tayassu pecari,Pecari tajacu,Pecari tajacu,Sus scrofa,Sus scrofa,Sus scrofa,Tayassu pecari,Tayassu pecari,Tayassu pecari,Sus scrofa,Tayassu,Tayassuidae,4,Alto
3634,Tayassu pecari,Pecari tajacu,Pecari tajacu,Pecari tajacu,Pecari tajacu,Pecari tajacu,Pecari tajacu,Pecari tajacu,Pecari tajacu,Pecari tajacu,Pecari tajacu,Pecari tajacu,Tayassu,Tayassuidae,4,Alto
3635,Tayassu pecari,Eira barbara,Tayassu pecari,Cerdocyon thous,Cerdocyon thous,Eira barbara,Eira barbara,Cerdocyon thous,Tayassu pecari,Tayassu pecari,Tayassu pecari,Tayassu pecari,Tayassu,Tayassuidae,4,Alto
3637,Tayassu pecari,Hydrochoerus hydrochaeris,Hydrochoerus hydrochaeris,Hydrochoerus hydrochaeris,Hydrochoerus hydrochaeris,Lontra longicaudis,Hydrochoerus hydrochaeris,Eira barbara,Hydrochoerus hydrochaeris,Hydrochoerus hydrochaeris,Hydrochoerus hydrochaeris,Hydrochoerus hydrochaeris,Tayassu,Tayassuidae,4,Alto
3639,Tayassu pecari,Eira barbara,Eira barbara,Crypturellus obsoletus,Eira barbara,Lontra longicaudis,Eira barbara,Tinamus solitarius,Eira barbara,Eira barbara,Eira barbara,Tayassu pecari,Tayassu,Tayassuidae,4,Alto
3641,Tayassu pecari,Tayassu pecari,Tayassu pecari,Pecari tajacu,Pecari tajacu,Tayassu pecari,Pecari tajacu,Tayassu pecari,Tayassu pecari,Tayassu pecari,Tayassu pecari,Tayassu pecari,Tayassu,Tayassuidae,4,Alto
3642,Tayassu pecari,Tayassu pecari,Tayassu pecari,Pecari tajacu,Pecari tajacu,Tayassu pecari,Pecari tajacu,Tayassu pecari,Tayassu pecari,Tayassu pecari,Tayassu pecari,Tayassu pecari,Tayassu,Tayassuidae,4,Alto
3643,Tayassu pecari,Pecari tajacu,Tayassu pecari,Pecari tajacu,Pecari tajacu,Pecari tajacu,Pecari tajacu,Pecari tajacu,Tayassu pecari,Tayassu pecari,Tayassu pecari,Pecari tajacu,Tayassu,Tayassuidae,4,Alto
3644,Salvator merianae,Salvator merianae,Salvator merianae,Salvator merianae,Salvator merianae,Salvator merianae,Salvator merianae,Salvator merianae,Salvator merianae,Salvator merianae,Salvator merianae,Salvator merianae,Salvator,Teiidae,1,Bajo
3645,Salvator merianae,Salvator merianae,Salvator merianae,Salvator merianae,Salvator merianae,Salvator merianae,Salvator merianae,Salvator merianae,Salvator merianae,Salvator merianae,Salvator merianae,Salvator merianae,Salvator,Teiidae,1,Bajo
3646,Salvator merianae,Salvator merianae,Salvator merianae,Salvator merianae,Salvator merianae,Salvator merianae,Salvator merianae,Salvator merianae,Salvator merianae,Salvator merianae,Salvator merianae,Salvator merianae,Salvator,Teiidae,1,Bajo
3647,Salvator merianae,Salvator merianae,Salvator merianae,Salvator merianae,Salvator merianae,Salvator merianae,Salvator merianae,Salvator merianae,Salvator merianae,Salvator merianae,Salvator merianae,Salvator merianae,Salvator,Teiidae,1,Bajo
3650,Salvator merianae,Salvator merianae,Salvator merianae,Salvator merianae,Salvator merianae,Salvator merianae,Salvator merianae,Salvator merianae,Salvator merianae,Salvator merianae,Salvator merianae,Salvator merianae,Salvator,Teiidae,1,Bajo
3651,Salvator merianae,Salvator merianae,Salvator merianae,Salvator merianae,Salvator merianae,Salvator merianae,Salvator merianae,Salvator merianae,Salvator merianae,Salvator merianae,Salvator merianae,Salvator merianae,Salvator,Teiidae,1,Bajo
3655,Salvator merianae,Salvator merianae,Salvator merianae,Salvator merianae,Salvator merianae,Salvator merianae,Salvator merianae,Salvator merianae,Salvator merianae,Salvator merianae,Salvator merianae,Salvator merianae,Salvator,Teiidae,1,Bajo
3656,Salvator merianae,Salvator merianae,Salvator merianae,Salvator merianae,Salvator merianae,Salvator merianae,Salvator merianae,Salvator merianae,Salvator merianae,Salvator merianae,Salvator merianae,Salvator merianae,Salvator,Teiidae,1,Bajo
3657,Salvator merianae,Tamandua tetradactyla,Nothura maculosa,Euphractus sexcinctus,Euphractus sexcinctus,Sporophila pileata,Tamandua tetradactyla,Lontra longicaudis,Nothura maculosa,Nothura maculosa,Nothura maculosa,Puma concolor,Salvator,Teiidae,1,Bajo
3658,Salvator merianae,Salvator merianae,Salvator merianae,Salvator merianae,Salvator merianae,Salvator merianae,Salvator merianae,Salvator merianae,Salvator merianae,Salvator merianae,Salvator merianae,Salvator merianae,Salvator,Teiidae,1,Bajo
3659,Salvator merianae,Salvator merianae,Salvator merianae,Salvator merianae,Salvator merianae,Salvator merianae,Salvator merianae,Salvator merianae,Salvator merianae,Salvator merianae,Salvator merianae,Salvator merianae,Salvator,Teiidae,1,Bajo
3660,Salvator merianae,Salvator merianae,Salvator merianae,Salvator merianae,Salvator merianae,Salvator merianae,Salvator merianae,Euphractus sexcinctus,Salvator merianae,Salvator merianae,Salvator merianae,Salvator merianae,Salvator,Teiidae,1,Bajo
3661,Salvator merianae,Salvator merianae,Salvator merianae,Salvator merianae,Salvator merianae,Salvator merianae,Salvator merianae,Salvator merianae,Salvator merianae,Salvator merianae,Salvator merianae,Salvator merianae,Salvator,Teiidae,1,Bajo
3662,Salvator merianae,Salvator merianae,Salvator merianae,Salvator merianae,Salvator merianae,Salvator merianae,Salvator merianae,Salvator merianae,Salvator merianae,Salvator merianae,Salvator merianae,Salvator merianae,Salvator,Teiidae,1,Bajo
3663,Salvator merianae,Salvator merianae,Salvator merianae,Salvator merianae,Salvator merianae,Salvator merianae,Salvator merianae,Salvator merianae,Salvator merianae,Salvator merianae,Salvator merianae,Salvator merianae,Salvator,Teiidae,1,Bajo
3664,Salvator merianae,Salvator merianae,Salvator merianae,Salvator merianae,Salvator merianae,Salvator merianae,Salvator merianae,Brotogeris chiriri,Salvator merianae,Salvator merianae,Salvator merianae,Salvator merianae,Salvator,Teiidae,1,Bajo
3665,Salvator merianae,Salvator merianae,Salvator merianae,Salvator merianae,Salvator merianae,Salvator merianae,Salvator merianae,Salvator merianae,Salvator merianae,Salvator merianae,Salvator merianae,Salvator merianae,Salvator,Teiidae,1,Bajo
3666,Salvator merianae,Salvator merianae,Salvator merianae,Salvator merianae,Salvator merianae,Salvator merianae,Salvator merianae,Salvator merianae,Salvator merianae,Salvator merianae,Salvator merianae,Salvator merianae,Salvator,Teiidae,1,Bajo
3667,Salvator merianae,Salvator merianae,Salvator merianae,Salvator merianae,Salvator merianae,Salvator merianae,Salvator merianae,Salvator merianae,Salvator merianae,Salvator merianae,Salvator merianae,Salvator merianae,Salvator,Teiidae,1,Bajo
3668,Salvator merianae,Salvator merianae,Salvator merianae,Salvator merianae,Salvator merianae,Salvator merianae,Salvator merianae,Salvator merianae,Salvator merianae,Salvator merianae,Salvator merianae,Salvator merianae,Salvator,Teiidae,1,Bajo
3669,Salvator merianae,Salvator merianae,Salvator merianae,Salvator merianae,Salvator merianae,Salvator merianae,Salvator merianae,Salvator merianae,Salvator merianae,Salvator merianae,Salvator merianae,Salvator merianae,Salvator,Teiidae,1,Bajo
3670,Salvator merianae,Salvator merianae,Salvator merianae,Salvator merianae,Salvator merianae,Salvator merianae,Salvator merianae,Salvator merianae,Salvator merianae,Salvator merianae,Salvator merianae,Salvator merianae,Salvator,Teiidae,1,Bajo
3671,Salvator merianae,Salvator merianae,Salvator merianae,Salvator merianae,Salvator merianae,Salvator merianae,Salvator merianae,Salvator merianae,Salvator merianae,Salvator merianae,Salvator merianae,Salvator merianae,Salvator,Teiidae,1,Bajo
3672,Salvator merianae,Salvator merianae,Salvator merianae,Salvator merianae,Salvator merianae,Salvator merianae,Salvator merianae,Salvator merianae,Salvator merianae,Salvator merianae,Salvator merianae,Salvator merianae,Salvator,Teiidae,1,Bajo
3673,Salvator merianae,Salvator merianae,Salvator merianae,Salvator merianae,Salvator merianae,Salvator merianae,Salvator merianae,Salvator merianae,Salvator merianae,Salvator merianae,Salvator merianae,Salvator merianae,Salvator,Teiidae,1,Bajo
3674,Salvator merianae,Salvator merianae,Salvator merianae,Salvator merianae,Salvator merianae,Salvator merianae,Salvator merianae,Salvator merianae,Salvator merianae,Salvator merianae,Salvator merianae,Salvator merianae,Salvator,Teiidae,1,Bajo
3675,Salvator merianae,Salvator merianae,Salvator merianae,Salvator merianae,Salvator merianae,Salvator merianae,Salvator merianae,Salvator merianae,Salvator merianae,Salvator merianae,Salvator merianae,Salvator merianae,Salvator,Teiidae,1,Bajo
3676,Salvator merianae,Salvator merianae,Salvator merianae,Salvator merianae,Salvator merianae,Salvator merianae,Salvator merianae,Salvator merianae,Salvator merianae,Salvator merianae,Salvator merianae,Salvator merianae,Salvator,Teiidae,1,Bajo
3678,Salvator merianae,Salvator merianae,Salvator merianae,Salvator merianae,Salvator merianae,Salvator merianae,Salvator merianae,Salvator merianae,Salvator merianae,Salvator merianae,Salvator merianae,Salvator merianae,Salvator,Teiidae,1,Bajo
3679,Salvator merianae,Salvator merianae,Salvator merianae,Salvator merianae,Salvator merianae,Salvator merianae,Salvator merianae,Salvator merianae,Salvator merianae,Salvator merianae,Salvator merianae,Salvator merianae,Salvator,Teiidae,1,Bajo
3681,Salvator merianae,Salvator merianae,Salvator merianae,Salvator merianae,Salvator merianae,Salvator merianae,Salvator merianae,Salvator merianae,Salvator merianae,Salvator merianae,Salvator merianae,Salvator merianae,Salvator,Teiidae,1,Bajo
3682,Salvator merianae,Salvator merianae,Salvator merianae,Salvator merianae,Salvator merianae,Salvator merianae,Salvator merianae,Salvator merianae,Salvator merianae,Salvator merianae,Salvator merianae,Salvator merianae,Salvator,Teiidae,1,Bajo
3683,Salvator merianae,Salvator merianae,Salvator merianae,Salvator merianae,Salvator merianae,Salvator merianae,Salvator merianae,Salvator merianae,Salvator merianae,Salvator merianae,Salvator merianae,Salvator merianae,Salvator,Teiidae,1,Bajo
3684,Salvator merianae,Salvator merianae,Salvator merianae,Salvator merianae,Salvator merianae,Salvator merianae,Salvator merianae,Salvator merianae,Salvator merianae,Salvator merianae,Salvator merianae,Salvator merianae,Salvator,Teiidae,1,Bajo
3686,Salvator merianae,Salvator merianae,Salvator merianae,Salvator merianae,Salvator merianae,Salvator merianae,Salvator merianae,Salvator merianae,Salvator merianae,Salvator merianae,Salvator merianae,Salvator merianae,Salvator,Teiidae,1,Bajo
3687,Salvator merianae,Salvator merianae,Salvator merianae,Salvator merianae,Salvator merianae,Salvator merianae,Salvator merianae,Salvator merianae,Salvator merianae,Salvator merianae,Salvator merianae,Salvator merianae,Salvator,Teiidae,1,Bajo
3688,Salvator merianae,Salvator merianae,Salvator merianae,Salvator merianae,Salvator merianae,Salvator merianae,Salvator merianae,Salvator merianae,Salvator merianae,Salvator merianae,Salvator merianae,Salvator merianae,Salvator,Teiidae,1,Bajo
3690,Salvator merianae,Salvator merianae,Salvator merianae,Salvator merianae,Salvator merianae,Salvator merianae,Salvator merianae,Didelphis albiventris,Salvator merianae,Salvator merianae,Salvator merianae,Salvator merianae,Salvator,Teiidae,1,Bajo
3692,Salvator merianae,Salvator merianae,Salvator merianae,Salvator merianae,Salvator merianae,Salvator merianae,Salvator merianae,Salvator merianae,Salvator merianae,Salvator merianae,Salvator merianae,Salvator merianae,Salvator,Teiidae,1,Bajo
3694,Salvator merianae,Salvator merianae,Salvator merianae,Salvator merianae,Salvator merianae,Salvator merianae,Salvator merianae,Salvator merianae,Salvator merianae,Salvator merianae,Salvator merianae,Salvator merianae,Salvator,Teiidae,1,Bajo
3695,Salvator merianae,Salvator merianae,Salvator merianae,Salvator merianae,Salvator merianae,Salvator merianae,Salvator merianae,Salvator merianae,Salvator merianae,Salvator merianae,Salvator merianae,Salvator merianae,Salvator,Teiidae,1,Bajo
3696,Salvator merianae,Salvator merianae,Salvator merianae,Salvator merianae,Salvator merianae,Salvator merianae,Salvator merianae,Salvator merianae,Salvator merianae,Salvator merianae,Salvator merianae,Salvator merianae,Salvator,Teiidae,1,Bajo
3697,Salvator merianae,Tamandua tetradactyla,Salvator merianae,Herpailurus yagouaroundi,Didelphis aurita,Tamandua tetradactyla,Tamandua tetradactyla,Salvator merianae,Salvator merianae,Salvator merianae,Salvator merianae,Tamandua tetradactyla,Salvator,Teiidae,1,Bajo
3698,Salvator merianae,Salvator merianae,Salvator merianae,Salvator merianae,Salvator merianae,Salvator merianae,Salvator merianae,Salvator merianae,Salvator merianae,Salvator merianae,Salvator merianae,Salvator merianae,Salvator,Teiidae,1,Bajo
3700,Salvator merianae,Salvator merianae,Salvator merianae,Salvator merianae,Salvator merianae,Salvator merianae,Salvator merianae,Salvator merianae,Salvator merianae,Salvator merianae,Salvator merianae,Salvator merianae,Salvator,Teiidae,1,Bajo
3701,Salvator merianae,Salvator merianae,Salvator merianae,Salvator merianae,Salvator merianae,Salvator merianae,Salvator merianae,Salvator merianae,Salvator merianae,Salvator merianae,Salvator merianae,Salvator merianae,Salvator,Teiidae,1,Bajo
3702,Salvator merianae,Salvator merianae,Salvator merianae,Salvator merianae,Salvator merianae,Salvator merianae,Salvator merianae,Salvator merianae,Salvator merianae,Salvator merianae,Salvator merianae,Salvator merianae,Salvator,Teiidae,1,Bajo
3703,Salvator merianae,Salvator merianae,Salvator merianae,Salvator merianae,Salvator merianae,Salvator merianae,Salvator merianae,Salvator merianae,Salvator merianae,Salvator merianae,Salvator merianae,Salvator merianae,Salvator,Teiidae,1,Bajo
3705,Salvator merianae,Salvator merianae,Salvator merianae,Salvator merianae,Salvator merianae,Salvator merianae,Salvator merianae,Salvator merianae,Salvator merianae,Salvator merianae,Salvator merianae,Salvator merianae,Salvator,Teiidae,1,Bajo
3706,Salvator merianae,Salvator merianae,Dasypus novemcinctus,Dasypus novemcinctus,Dasypus novemcinctus,Hydropsalis torquata,Salvator merianae,Salvator merianae,Dasypus novemcinctus,Dasypus novemcinctus,Dasypus novemcinctus,Salvator merianae,Salvator,Teiidae,1,Bajo
3707,Salvator merianae,Salvator merianae,Salvator merianae,Salvator merianae,Salvator merianae,Salvator merianae,Salvator merianae,Salvator merianae,Salvator merianae,Salvator merianae,Salvator merianae,Salvator merianae,Salvator,Teiidae,1,Bajo
3708,Salvator merianae,Salvator merianae,Salvator merianae,Salvator merianae,Salvator merianae,Salvator merianae,Salvator merianae,Salvator merianae,Salvator merianae,Salvator merianae,Salvator merianae,Salvator merianae,Salvator,Teiidae,1,Bajo
3709,Salvator merianae,Salvator merianae,Salvator merianae,Salvator merianae,Salvator merianae,Salvator merianae,Salvator merianae,Salvator merianae,Salvator merianae,Salvator merianae,Salvator merianae,Salvator merianae,Salvator,Teiidae,1,Bajo
3710,Salvator merianae,Salvator merianae,Salvator merianae,Salvator merianae,Salvator merianae,Salvator merianae,Salvator merianae,Salvator merianae,Salvator merianae,Salvator merianae,Salvator merianae,Salvator merianae,Salvator,Teiidae,1,Bajo
3711,Salvator merianae,Salvator merianae,Salvator merianae,Salvator merianae,Salvator merianae,Salvator merianae,Salvator merianae,Salvator merianae,Salvator merianae,Salvator merianae,Salvator merianae,Salvator merianae,Salvator,Teiidae,1,Bajo
3712,Salvator merianae,Salvator merianae,Salvator merianae,Salvator merianae,Salvator merianae,Salvator merianae,Salvator merianae,Salvator merianae,Salvator merianae,Salvator merianae,Salvator merianae,Salvator merianae,Salvator,Teiidae,1,Bajo
3713,Biatas nigropectus,Biatas nigropectus,Biatas nigropectus,Biatas nigropectus,Biatas nigropectus,Biatas nigropectus,Biatas nigropectus,Biatas nigropectus,Biatas nigropectus,Biatas nigropectus,Biatas nigropectus,Biatas nigropectus,Biatas,Thamnophilidae,6,Crítico
3714,Biatas nigropectus,Biatas nigropectus,Biatas nigropectus,Biatas nigropectus,Biatas nigropectus,Biatas nigropectus,Biatas nigropectus,Synallaxis ruficapilla,Biatas nigropectus,Biatas nigropectus,Biatas nigropectus,Biatas nigropectus,Biatas,Thamnophilidae,6,Crítico
3715,Biatas nigropectus,Biatas nigropectus,Biatas nigropectus,Biatas nigropectus,Biatas nigropectus,Biatas nigropectus,Biatas nigropectus,Biatas nigropectus,Biatas nigropectus,Biatas nigropectus,Biatas nigropectus,Biatas nigropectus,Biatas,Thamnophilidae,6,Crítico
3717,Biatas nigropectus,Biatas nigropectus,Biatas nigropectus,Biatas nigropectus,Biatas nigropectus,Biatas nigropectus,Biatas nigropectus,Biatas nigropectus,Biatas nigropectus,Biatas nigropectus,Biatas nigropectus,Biatas nigropectus,Biatas,Thamnophilidae,6,Crítico
3719,Biatas nigropectus,Biatas nigropectus,Biatas nigropectus,Biatas nigropectus,Biatas nigropectus,Biatas nigropectus,Biatas nigropectus,Biatas nigropectus,Biatas nigropectus,Biatas nigropectus,Biatas nigropectus,Biatas nigropectus,Biatas,Thamnophilidae,6,Crítico
3720,Biatas nigropectus,Conopophaga lineata vulgaris,Habia rubica,Biatas nigropectus,Habia rubica,Dasyprocta azarae,Alouatta caraya,Synallaxis ruficapilla,Habia rubica,Habia rubica,Habia rubica,Conopophaga lineata vulgaris,Biatas,Thamnophilidae,6,Crítico
3723,Biatas nigropectus,Conopophaga lineata,Habia rubica,Habia rubica,Conopophaga lineata,Habia rubica,Habia rubica,Habia rubica,Habia rubica,Habia rubica,Habia rubica,Conopophaga lineata,Biatas,Thamnophilidae,6,Crítico
3725,Biatas nigropectus,Biatas nigropectus,Biatas nigropectus,Biatas nigropectus,Biatas nigropectus,Biatas nigropectus,Biatas nigropectus,Biatas nigropectus,Biatas nigropectus,Biatas nigropectus,Biatas nigropectus,Biatas nigropectus,Biatas,Thamnophilidae,6,Crítico
3727,Biatas nigropectus,Biatas nigropectus,Biatas nigropectus,Biatas nigropectus,Biatas nigropectus,Synallaxis ruficapilla,Synallaxis ruficapilla,Notharchus swainsoni,Biatas nigropectus,Biatas nigropectus,Biatas nigropectus,Biatas nigropectus,Biatas,Thamnophilidae,6,Crítico
3728,Biatas nigropectus,Biatas nigropectus,Biatas nigropectus,Biatas nigropectus,Biatas nigropectus,Biatas nigropectus,Biatas nigropectus,Biatas nigropectus,Biatas nigropectus,Biatas nigropectus,Biatas nigropectus,Biatas nigropectus,Biatas,Thamnophilidae,6,Crítico
3729,Biatas nigropectus,Biatas nigropectus,Biatas nigropectus,Biatas nigropectus,Biatas nigropectus,Biatas nigropectus,Biatas nigropectus,Biatas nigropectus,Biatas nigropectus,Biatas nigropectus,Biatas nigropectus,Biatas nigropectus,Biatas,Thamnophilidae,6,Crítico
3730,Biatas nigropectus,Synallaxis ruficapilla,Synallaxis ruficapilla,Synallaxis ruficapilla,Synallaxis ruficapilla,Synallaxis ruficapilla,Synallaxis ruficapilla,Synallaxis ruficapilla,Synallaxis ruficapilla,Synallaxis ruficapilla,Synallaxis ruficapilla,Synallaxis ruficapilla,Biatas,Thamnophilidae,6,Crítico
3731,Biatas nigropectus,Biatas nigropectus,Biatas nigropectus,Biatas nigropectus,Biatas nigropectus,Biatas nigropectus,Biatas nigropectus,Biatas nigropectus,Biatas nigropectus,Biatas nigropectus,Biatas nigropectus,Biatas nigropectus,Biatas,Thamnophilidae,6,Crítico
3732,Biatas nigropectus,Biatas nigropectus,Biatas nigropectus,Biatas nigropectus,Biatas nigropectus,Biatas nigropectus,Biatas nigropectus,Biatas nigropectus,Biatas nigropectus,Biatas nigropectus,Biatas nigropectus,Biatas nigropectus,Biatas,Thamnophilidae,6,Crítico
3733,Biatas nigropectus,Brotogeris chiriri,Biatas nigropectus,Biatas nigropectus,Biatas nigropectus,Brotogeris chiriri,Brotogeris chiriri,Penelope superciliaris,Biatas nigropectus,Biatas nigropectus,Biatas nigropectus,Brotogeris chiriri,Biatas,Thamnophilidae,6,Crítico
3734,Biatas nigropectus,Biatas nigropectus,Biatas nigropectus,Biatas nigropectus,Biatas nigropectus,Biatas nigropectus,Biatas nigropectus,Biatas nigropectus,Biatas nigropectus,Biatas nigropectus,Biatas nigropectus,Biatas nigropectus,Biatas,Thamnophilidae,6,Crítico
3735,Biatas nigropectus,Biatas nigropectus,Biatas nigropectus,Biatas nigropectus,Biatas nigropectus,Biatas nigropectus,Biatas nigropectus,Synallaxis ruficapilla,Biatas nigropectus,Biatas nigropectus,Biatas nigropectus,Biatas nigropectus,Biatas,Thamnophilidae,6,Crítico
3736,Biatas nigropectus,Biatas nigropectus,Biatas nigropectus,Biatas nigropectus,Biatas nigropectus,Biatas nigropectus,Biatas nigropectus,Biatas nigropectus,Biatas nigropectus,Biatas nigropectus,Biatas nigropectus,Biatas nigropectus,Biatas,Thamnophilidae,6,Crítico
3737,Biatas nigropectus,Biatas nigropectus,Biatas nigropectus,Biatas nigropectus,Biatas nigropectus,Biatas nigropectus,Biatas nigropectus,Biatas nigropectus,Biatas nigropectus,Biatas nigropectus,Biatas nigropectus,Biatas nigropectus,Biatas,Thamnophilidae,6,Crítico
3738,Biatas nigropectus,Biatas nigropectus,Biatas nigropectus,Biatas nigropectus,Biatas nigropectus,Biatas nigropectus,Biatas nigropectus,Biatas nigropectus,Biatas nigropectus,Biatas nigropectus,Biatas nigropectus,Biatas nigropectus,Biatas,Thamnophilidae,6,Crítico
3739,Biatas nigropectus,Biatas nigropectus,Biatas nigropectus,Biatas nigropectus,Biatas nigropectus,Biatas nigropectus,Biatas nigropectus,Synallaxis ruficapilla,Biatas nigropectus,Biatas nigropectus,Biatas nigropectus,Biatas nigropectus,Biatas,Thamnophilidae,6,Crítico
3740,Biatas nigropectus,Biatas nigropectus,Biatas nigropectus,Biatas nigropectus,Biatas nigropectus,Biatas nigropectus,Biatas nigropectus,Biatas nigropectus,Biatas nigropectus,Biatas nigropectus,Biatas nigropectus,Biatas nigropectus,Biatas,Thamnophilidae,6,Crítico
3741,Biatas nigropectus,Biatas nigropectus,Biatas nigropectus,Biatas nigropectus,Biatas nigropectus,Biatas nigropectus,Biatas nigropectus,Biatas nigropectus,Biatas nigropectus,Biatas nigropectus,Biatas nigropectus,Biatas nigropectus,Biatas,Thamnophilidae,6,Crítico
3742,Biatas nigropectus,Synallaxis ruficapilla,Synallaxis ruficapilla,Synallaxis ruficapilla,Synallaxis ruficapilla,Synallaxis ruficapilla,Synallaxis ruficapilla,Synallaxis ruficapilla,Synallaxis ruficapilla,Synallaxis ruficapilla,Synallaxis ruficapilla,Synallaxis ruficapilla,Biatas,Thamnophilidae,6,Crítico
3743,Biatas nigropectus,Biatas nigropectus,Biatas nigropectus,Biatas nigropectus,Biatas nigropectus,Biatas nigropectus,Biatas nigropectus,Biatas nigropectus,Biatas nigropectus,Biatas nigropectus,Biatas nigropectus,Biatas nigropectus,Biatas,Thamnophilidae,6,Crítico
3744,Biatas nigropectus,Biatas nigropectus,Biatas nigropectus,Biatas nigropectus,Biatas nigropectus,Biatas nigropectus,Biatas nigropectus,Synallaxis ruficapilla,Biatas nigropectus,Biatas nigropectus,Biatas nigropectus,Biatas nigropectus,Biatas,Thamnophilidae,6,Crítico
3747,Biatas nigropectus,Biatas nigropectus,Habia rubica,Biatas nigropectus,Biatas nigropectus,Biatas nigropectus,Habia rubica,Biatas nigropectus,Habia rubica,Habia rubica,Habia rubica,Biatas nigropectus,Biatas,Thamnophilidae,6,Crítico
3748,Biatas nigropectus,Biatas nigropectus,Biatas nigropectus,Biatas nigropectus,Biatas nigropectus,Biatas nigropectus,Biatas nigropectus,Biatas nigropectus,Biatas nigropectus,Biatas nigropectus,Biatas nigropectus,Biatas nigropectus,Biatas,Thamnophilidae,6,Crítico
3749,Biatas nigropectus,Biatas nigropectus,Biatas nigropectus,Biatas nigropectus,Biatas nigropectus,Biatas nigropectus,Biatas nigropectus,Biatas nigropectus,Biatas nigropectus,Biatas nigropectus,Biatas nigropectus,Biatas nigropectus,Biatas,Thamnophilidae,6,Crítico
3750,Biatas nigropectus,Biatas nigropectus,Biatas nigropectus,Biatas nigropectus,Biatas nigropectus,Biatas nigropectus,Biatas nigropectus,Biatas nigropectus,Biatas nigropectus,Biatas nigropectus,Biatas nigropectus,Biatas nigropectus,Biatas,Thamnophilidae,6,Crítico
3751,Biatas nigropectus,Biatas nigropectus,Biatas nigropectus,Biatas nigropectus,Biatas nigropectus,Biatas nigropectus,Biatas nigropectus,Biatas nigropectus,Biatas nigropectus,Biatas nigropectus,Biatas nigropectus,Biatas nigropectus,Biatas,Thamnophilidae,6,Crítico
3752,Biatas nigropectus,Biatas nigropectus,Biatas nigropectus,Biatas nigropectus,Biatas nigropectus,Biatas nigropectus,Biatas nigropectus,Biatas nigropectus,Biatas nigropectus,Biatas nigropectus,Biatas nigropectus,Biatas nigropectus,Biatas,Thamnophilidae,6,Crítico
3753,Biatas nigropectus,Biatas nigropectus,Biatas nigropectus,Biatas nigropectus,Biatas nigropectus,Biatas nigropectus,Biatas nigropectus,Biatas nigropectus,Biatas nigropectus,Biatas nigropectus,Biatas nigropectus,Biatas nigropectus,Biatas,Thamnophilidae,6,Crítico
3755,Biatas nigropectus,Biatas nigropectus,Biatas nigropectus,Biatas nigropectus,Biatas nigropectus,Biatas nigropectus,Biatas nigropectus,Biatas nigropectus,Biatas nigropectus,Biatas nigropectus,Biatas nigropectus,Biatas nigropectus,Biatas,Thamnophilidae,6,Crítico
3756,Biatas nigropectus,Biatas nigropectus,Biatas nigropectus,Biatas nigropectus,Biatas nigropectus,Biatas nigropectus,Biatas nigropectus,Synallaxis ruficapilla,Biatas nigropectus,Biatas nigropectus,Biatas nigropectus,Biatas nigropectus,Biatas,Thamnophilidae,6,Crítico
3757,Biatas nigropectus,Biatas nigropectus,Biatas nigropectus,Biatas nigropectus,Biatas nigropectus,Biatas nigropectus,Biatas nigropectus,Biatas nigropectus,Biatas nigropectus,Biatas nigropectus,Biatas nigropectus,Biatas nigropectus,Biatas,Thamnophilidae,6,Crítico
3758,Biatas nigropectus,Biatas nigropectus,Biatas nigropectus,Biatas nigropectus,Biatas nigropectus,Biatas nigropectus,Biatas nigropectus,Biatas nigropectus,Biatas nigropectus,Biatas nigropectus,Biatas nigropectus,Biatas nigropectus,Biatas,Thamnophilidae,6,Crítico
3759,Biatas nigropectus,Biatas nigropectus,Biatas nigropectus,Biatas nigropectus,Biatas nigropectus,Biatas nigropectus,Biatas nigropectus,Biatas nigropectus,Biatas nigropectus,Biatas nigropectus,Biatas nigropectus,Biatas nigropectus,Biatas,Thamnophilidae,6,Crítico
3760,Biatas nigropectus,Synallaxis ruficapilla,Biatas nigropectus,Biatas nigropectus,Synallaxis ruficapilla,Synallaxis ruficapilla,Synallaxis ruficapilla,Biatas nigropectus,Biatas nigropectus,Biatas nigropectus,Biatas nigropectus,Synallaxis ruficapilla,Biatas,Thamnophilidae,6,Crítico
3761,Hypoedaleus guttatus,Hypoedaleus guttatus,Hypoedaleus guttatus,Hypoedaleus guttatus,Hypoedaleus guttatus,Hypoedaleus guttatus,Hypoedaleus guttatus,Hypoedaleus guttatus,Hypoedaleus guttatus,Hypoedaleus guttatus,Hypoedaleus guttatus,Hypoedaleus guttatus,Hypoedaleus,Thamnophilidae,3,Medio
3762,Hypoedaleus guttatus,Hypoedaleus guttatus,Hypoedaleus guttatus,Hypoedaleus guttatus,Hypoedaleus guttatus,Hypoedaleus guttatus,Hypoedaleus guttatus,Hypoedaleus guttatus,Hypoedaleus guttatus,Hypoedaleus guttatus,Hypoedaleus guttatus,Hypoedaleus guttatus,Hypoedaleus,Thamnophilidae,3,Medio
3763,Hypoedaleus guttatus,Hypoedaleus guttatus,Hypoedaleus guttatus,Hypoedaleus guttatus,Hypoedaleus guttatus,Hypoedaleus guttatus,Hypoedaleus guttatus,Hypoedaleus guttatus,Hypoedaleus guttatus,Hypoedaleus guttatus,Hypoedaleus guttatus,Hypoedaleus guttatus,Hypoedaleus,Thamnophilidae,3,Medio
3764,Hypoedaleus guttatus,Hypoedaleus guttatus,Pogonotriccus eximius,Hypoedaleus guttatus,Pogonotriccus eximius,Hypoedaleus guttatus,Hypoedaleus guttatus,Hypoedaleus guttatus,Pogonotriccus eximius,Pogonotriccus eximius,Pogonotriccus eximius,Hypoedaleus guttatus,Hypoedaleus,Thamnophilidae,3,Medio
3765,Hypoedaleus guttatus,Hypoedaleus guttatus,Biatas nigropectus,Amazona vinacea,Amazona vinacea,Hypoedaleus guttatus,Hypoedaleus guttatus,Hypoedaleus guttatus,Biatas nigropectus,Biatas nigropectus,Biatas nigropectus,Hypoedaleus guttatus,Hypoedaleus,Thamnophilidae,3,Medio
3767,Hypoedaleus guttatus,Hypoedaleus guttatus,Hypoedaleus guttatus,Hypoedaleus guttatus,Hypoedaleus guttatus,Hypoedaleus guttatus,Hypoedaleus guttatus,Hypoedaleus guttatus,Hypoedaleus guttatus,Hypoedaleus guttatus,Hypoedaleus guttatus,Hypoedaleus guttatus,Hypoedaleus,Thamnophilidae,3,Medio
3768,Hypoedaleus guttatus,Hypoedaleus guttatus,Hypoedaleus guttatus,Hypoedaleus guttatus,Hypoedaleus guttatus,Hypoedaleus guttatus,Hypoedaleus guttatus,Hypoedaleus guttatus,Hypoedaleus guttatus,Hypoedaleus guttatus,Hypoedaleus guttatus,Hypoedaleus guttatus,Hypoedaleus,Thamnophilidae,3,Medio
3769,Hypoedaleus guttatus,Salvator merianae,Hypoedaleus guttatus,Hypoedaleus guttatus,Hypoedaleus guttatus,Salvator merianae,Salvator merianae,Hypoedaleus guttatus,Hypoedaleus guttatus,Hypoedaleus guttatus,Hypoedaleus guttatus,Salvator merianae,Hypoedaleus,Thamnophilidae,3,Medio
3771,Hypoedaleus guttatus,Hypoedaleus guttatus,Hypoedaleus guttatus,Hypoedaleus guttatus,Hypoedaleus guttatus,Hypoedaleus guttatus,Hypoedaleus guttatus,Hypoedaleus guttatus,Hypoedaleus guttatus,Hypoedaleus guttatus,Hypoedaleus guttatus,Hypoedaleus guttatus,Hypoedaleus,Thamnophilidae,3,Medio
3772,Hypoedaleus guttatus,Hypoedaleus guttatus,Hypoedaleus guttatus,Hypoedaleus guttatus,Hypoedaleus guttatus,Hypoedaleus guttatus,Hypoedaleus guttatus,Hypoedaleus guttatus,Hypoedaleus guttatus,Hypoedaleus guttatus,Hypoedaleus guttatus,Hypoedaleus guttatus,Hypoedaleus,Thamnophilidae,3,Medio
3773,Hypoedaleus guttatus,Hypoedaleus guttatus,Hypoedaleus guttatus,Hypoedaleus guttatus,Hypoedaleus guttatus,Hypoedaleus guttatus,Hypoedaleus guttatus,Hypoedaleus guttatus,Hypoedaleus guttatus,Hypoedaleus guttatus,Hypoedaleus guttatus,Hypoedaleus guttatus,Hypoedaleus,Thamnophilidae,3,Medio
3774,Hypoedaleus guttatus,Hypoedaleus guttatus,Hypoedaleus guttatus,Hypoedaleus guttatus,Hypoedaleus guttatus,Hypoedaleus guttatus,Hypoedaleus guttatus,Hypoedaleus guttatus,Hypoedaleus guttatus,Hypoedaleus guttatus,Hypoedaleus guttatus,Hypoedaleus guttatus,Hypoedaleus,Thamnophilidae,3,Medio
3775,Hypoedaleus guttatus,Hypoedaleus guttatus,Hypoedaleus guttatus,Hypoedaleus guttatus,Hypoedaleus guttatus,Hypoedaleus guttatus,Hypoedaleus guttatus,Hypoedaleus guttatus,Hypoedaleus guttatus,Hypoedaleus guttatus,Hypoedaleus guttatus,Hypoedaleus guttatus,Hypoedaleus,Thamnophilidae,3,Medio
3776,Hypoedaleus guttatus,Hypoedaleus guttatus,Hypoedaleus guttatus,Hypoedaleus guttatus,Hypoedaleus guttatus,Hypoedaleus guttatus,Hypoedaleus guttatus,Hypoedaleus guttatus,Hypoedaleus guttatus,Hypoedaleus guttatus,Hypoedaleus guttatus,Hypoedaleus guttatus,Hypoedaleus,Thamnophilidae,3,Medio
3777,Hypoedaleus guttatus,Hypoedaleus guttatus,Hypoedaleus guttatus,Hypoedaleus guttatus,Hypoedaleus guttatus,Hypoedaleus guttatus,Hypoedaleus guttatus,Hypoedaleus guttatus,Hypoedaleus guttatus,Hypoedaleus guttatus,Hypoedaleus guttatus,Hypoedaleus guttatus,Hypoedaleus,Thamnophilidae,3,Medio
3778,Hypoedaleus guttatus,Hypoedaleus guttatus,Mackenziaena leachii,Hypoedaleus guttatus,Hypoedaleus guttatus,Hypoedaleus guttatus,Hypoedaleus guttatus,Hypoedaleus guttatus,Mackenziaena leachii,Mackenziaena leachii,Mackenziaena leachii,Hypoedaleus guttatus,Hypoedaleus,Thamnophilidae,3,Medio
3779,Hypoedaleus guttatus,Hypoedaleus guttatus,Hypoedaleus guttatus,Hypoedaleus guttatus,Hypoedaleus guttatus,Hypoedaleus guttatus,Hypoedaleus guttatus,Hypoedaleus guttatus,Hypoedaleus guttatus,Hypoedaleus guttatus,Hypoedaleus guttatus,Hypoedaleus guttatus,Hypoedaleus,Thamnophilidae,3,Medio
3780,Hypoedaleus guttatus,Hypoedaleus guttatus,Hypoedaleus guttatus,Hypoedaleus guttatus,Hypoedaleus guttatus,Hypoedaleus guttatus,Hypoedaleus guttatus,Hypoedaleus guttatus,Hypoedaleus guttatus,Hypoedaleus guttatus,Hypoedaleus guttatus,Hypoedaleus guttatus,Hypoedaleus,Thamnophilidae,3,Medio
3781,Hypoedaleus guttatus,Hypoedaleus guttatus,Hypoedaleus guttatus,Hypoedaleus guttatus,Hypoedaleus guttatus,Hypoedaleus guttatus,Hypoedaleus guttatus,Hypoedaleus guttatus,Hypoedaleus guttatus,Hypoedaleus guttatus,Hypoedaleus guttatus,Hypoedaleus guttatus,Hypoedaleus,Thamnophilidae,3,Medio
3782,Hypoedaleus guttatus,Hypoedaleus guttatus,Hypoedaleus guttatus,Hypoedaleus guttatus,Hypoedaleus guttatus,Hypoedaleus guttatus,Hypoedaleus guttatus,Hypoedaleus guttatus,Hypoedaleus guttatus,Hypoedaleus guttatus,Hypoedaleus guttatus,Hypoedaleus guttatus,Hypoedaleus,Thamnophilidae,3,Medio
3783,Hypoedaleus guttatus,Hypoedaleus guttatus,Hypoedaleus guttatus,Hypoedaleus guttatus,Hypoedaleus guttatus,Hypoedaleus guttatus,Hypoedaleus guttatus,Hypoedaleus guttatus,Hypoedaleus guttatus,Hypoedaleus guttatus,Hypoedaleus guttatus,Hypoedaleus guttatus,Hypoedaleus,Thamnophilidae,3,Medio
3784,Hypoedaleus guttatus,Hypoedaleus guttatus,Hypoedaleus guttatus,Hypoedaleus guttatus,Hypoedaleus guttatus,Hypoedaleus guttatus,Hypoedaleus guttatus,Hypoedaleus guttatus,Hypoedaleus guttatus,Hypoedaleus guttatus,Hypoedaleus guttatus,Hypoedaleus guttatus,Hypoedaleus,Thamnophilidae,3,Medio
3788,Hypoedaleus guttatus,Hypoedaleus guttatus,Hypoedaleus guttatus,Hypoedaleus guttatus,Hypoedaleus guttatus,Hypoedaleus guttatus,Hypoedaleus guttatus,Hypoedaleus guttatus,Hypoedaleus guttatus,Hypoedaleus guttatus,Hypoedaleus guttatus,Hypoedaleus guttatus,Hypoedaleus,Thamnophilidae,3,Medio
3789,Hypoedaleus guttatus,Mackenziaena leachii,Mackenziaena leachii,Crax fasciolata,Hypoedaleus guttatus,Mackenziaena leachii,Hypoedaleus guttatus,Hypoedaleus guttatus,Mackenziaena leachii,Mackenziaena leachii,Mackenziaena leachii,Mackenziaena leachii,Hypoedaleus,Thamnophilidae,3,Medio
3790,Hypoedaleus guttatus,Hypoedaleus guttatus,Hypoedaleus guttatus,Hypoedaleus guttatus,Hypoedaleus guttatus,Hypoedaleus guttatus,Hypoedaleus guttatus,Hypoedaleus guttatus,Hypoedaleus guttatus,Hypoedaleus guttatus,Hypoedaleus guttatus,Hypoedaleus guttatus,Hypoedaleus,Thamnophilidae,3,Medio
3791,Hypoedaleus guttatus,Hypoedaleus guttatus,Hypoedaleus guttatus,Hypoedaleus guttatus,Hypoedaleus guttatus,Hypoedaleus guttatus,Hypoedaleus guttatus,Salvator merianae,Hypoedaleus guttatus,Hypoedaleus guttatus,Hypoedaleus guttatus,Hypoedaleus guttatus,Hypoedaleus,Thamnophilidae,3,Medio
3792,Hypoedaleus guttatus,Hypoedaleus guttatus,Hypoedaleus guttatus,Hypoedaleus guttatus,Hypoedaleus guttatus,Hypoedaleus guttatus,Hypoedaleus guttatus,Hypoedaleus guttatus,Hypoedaleus guttatus,Hypoedaleus guttatus,Hypoedaleus guttatus,Hypoedaleus guttatus,Hypoedaleus,Thamnophilidae,3,Medio
3793,Hypoedaleus guttatus,Hypoedaleus guttatus,Hypoedaleus guttatus,Hypoedaleus guttatus,Hypoedaleus guttatus,Hypoedaleus guttatus,Hypoedaleus guttatus,Hypoedaleus guttatus,Hypoedaleus guttatus,Hypoedaleus guttatus,Hypoedaleus guttatus,Hypoedaleus guttatus,Hypoedaleus,Thamnophilidae,3,Medio
3795,Hypoedaleus guttatus,Hypoedaleus guttatus,Hypoedaleus guttatus,Hypoedaleus guttatus,Hypoedaleus guttatus,Hypoedaleus guttatus,Hypoedaleus guttatus,Hypoedaleus guttatus,Hypoedaleus guttatus,Hypoedaleus guttatus,Hypoedaleus guttatus,Hypoedaleus guttatus,Hypoedaleus,Thamnophilidae,3,Medio
3796,Hypoedaleus guttatus,Hypoedaleus guttatus,Hypoedaleus guttatus,Hypoedaleus guttatus,Hypoedaleus guttatus,Hypoedaleus guttatus,Hypoedaleus guttatus,Hypoedaleus guttatus,Hypoedaleus guttatus,Hypoedaleus guttatus,Hypoedaleus guttatus,Hypoedaleus guttatus,Hypoedaleus,Thamnophilidae,3,Medio
3797,Hypoedaleus guttatus,Hypoedaleus guttatus,Hypoedaleus guttatus,Hypoedaleus guttatus,Hypoedaleus guttatus,Hypoedaleus guttatus,Hypoedaleus guttatus,Hypoedaleus guttatus,Hypoedaleus guttatus,Hypoedaleus guttatus,Hypoedaleus guttatus,Hypoedaleus guttatus,Hypoedaleus,Thamnophilidae,3,Medio
3799,Hypoedaleus guttatus,Hypoedaleus guttatus,Hypoedaleus guttatus,Hypoedaleus guttatus,Hypoedaleus guttatus,Hypoedaleus guttatus,Hypoedaleus guttatus,Hypoedaleus guttatus,Hypoedaleus guttatus,Hypoedaleus guttatus,Hypoedaleus guttatus,Hypoedaleus guttatus,Hypoedaleus,Thamnophilidae,3,Medio
3800,Hypoedaleus guttatus,Hypoedaleus guttatus,Hypoedaleus guttatus,Hypoedaleus guttatus,Hypoedaleus guttatus,Hypoedaleus guttatus,Hypoedaleus guttatus,Hypoedaleus guttatus,Hypoedaleus guttatus,Hypoedaleus guttatus,Hypoedaleus guttatus,Hypoedaleus guttatus,Hypoedaleus,Thamnophilidae,3,Medio
3801,Hypoedaleus guttatus,Conopophaga lineata,Conopophaga lineata,Turdus albicollis,Conopophaga lineata,Conopophaga lineata,Turdus albicollis,Hypoedaleus guttatus,Conopophaga lineata,Conopophaga lineata,Conopophaga lineata,Conopophaga lineata,Hypoedaleus,Thamnophilidae,3,Medio
3803,Hypoedaleus guttatus,Hypoedaleus guttatus,Hypoedaleus guttatus,Hypoedaleus guttatus,Hypoedaleus guttatus,Hypoedaleus guttatus,Hypoedaleus guttatus,Hypoedaleus guttatus,Hypoedaleus guttatus,Hypoedaleus guttatus,Hypoedaleus guttatus,Hypoedaleus guttatus,Hypoedaleus,Thamnophilidae,3,Medio
3804,Hypoedaleus guttatus,Hypoedaleus guttatus,Hypoedaleus guttatus,Hypoedaleus guttatus,Hypoedaleus guttatus,Hypoedaleus guttatus,Hypoedaleus guttatus,Hypoedaleus guttatus,Hypoedaleus guttatus,Hypoedaleus guttatus,Hypoedaleus guttatus,Hypoedaleus guttatus,Hypoedaleus,Thamnophilidae,3,Medio
3805,Hypoedaleus guttatus,Hypoedaleus guttatus,Hypoedaleus guttatus,Hypoedaleus guttatus,Hypoedaleus guttatus,Hypoedaleus guttatus,Hypoedaleus guttatus,Hypoedaleus guttatus,Hypoedaleus guttatus,Hypoedaleus guttatus,Hypoedaleus guttatus,Hypoedaleus guttatus,Hypoedaleus,Thamnophilidae,3,Medio
3808,Hypoedaleus guttatus,Hypoedaleus guttatus,Hypoedaleus guttatus,Hypoedaleus guttatus,Hypoedaleus guttatus,Hypoedaleus guttatus,Hypoedaleus guttatus,Hypoedaleus guttatus,Hypoedaleus guttatus,Hypoedaleus guttatus,Hypoedaleus guttatus,Hypoedaleus guttatus,Hypoedaleus,Thamnophilidae,3,Medio
3809,Hypoedaleus guttatus,Baryphthengus ruficapillus,Amazona aestiva,Amazona aestiva,Baryphthengus ruficapillus,Baryphthengus ruficapillus,Baryphthengus ruficapillus,Selenidera maculirostris,Amazona aestiva,Amazona aestiva,Amazona aestiva,Baryphthengus ruficapillus,Hypoedaleus,Thamnophilidae,3,Medio
3810,Hypoedaleus guttatus,Hypoedaleus guttatus,Hypoedaleus guttatus,Hypoedaleus guttatus,Hypoedaleus guttatus,Hypoedaleus guttatus,Hypoedaleus guttatus,Hypoedaleus guttatus,Hypoedaleus guttatus,Hypoedaleus guttatus,Hypoedaleus guttatus,Hypoedaleus guttatus,Hypoedaleus,Thamnophilidae,3,Medio
3811,Hypoedaleus guttatus,Hypoedaleus guttatus,Hypoedaleus guttatus,Hypoedaleus guttatus,Hypoedaleus guttatus,Hypoedaleus guttatus,Hypoedaleus guttatus,Hypoedaleus guttatus,Hypoedaleus guttatus,Hypoedaleus guttatus,Hypoedaleus guttatus,Hypoedaleus guttatus,Hypoedaleus,Thamnophilidae,3,Medio
3812,Hypoedaleus guttatus,Hypoedaleus guttatus,Hypoedaleus guttatus,Hypoedaleus guttatus,Hypoedaleus guttatus,Hypoedaleus guttatus,Hypoedaleus guttatus,Hypoedaleus guttatus,Hypoedaleus guttatus,Hypoedaleus guttatus,Hypoedaleus guttatus,Hypoedaleus guttatus,Hypoedaleus,Thamnophilidae,3,Medio
3813,Hypoedaleus guttatus,Hypoedaleus guttatus,Hypoedaleus guttatus,Hypoedaleus guttatus,Hypoedaleus guttatus,Hypoedaleus guttatus,Hypoedaleus guttatus,Hypoedaleus guttatus,Hypoedaleus guttatus,Hypoedaleus guttatus,Hypoedaleus guttatus,Hypoedaleus guttatus,Hypoedaleus,Thamnophilidae,3,Medio
3814,Hypoedaleus guttatus,Hypoedaleus guttatus,Hypoedaleus guttatus,Hypoedaleus guttatus,Hypoedaleus guttatus,Hypoedaleus guttatus,Hypoedaleus guttatus,Hypoedaleus guttatus,Hypoedaleus guttatus,Hypoedaleus guttatus,Hypoedaleus guttatus,Hypoedaleus guttatus,Hypoedaleus,Thamnophilidae,3,Medio
3815,Hypoedaleus guttatus,Hypoedaleus guttatus,Hypoedaleus guttatus,Hypoedaleus guttatus,Hypoedaleus guttatus,Hypoedaleus guttatus,Hypoedaleus guttatus,Hypoedaleus guttatus,Hypoedaleus guttatus,Hypoedaleus guttatus,Hypoedaleus guttatus,Hypoedaleus guttatus,Hypoedaleus,Thamnophilidae,3,Medio
3818,Hypoedaleus guttatus,Hypoedaleus guttatus,Hypoedaleus guttatus,Hypoedaleus guttatus,Hypoedaleus guttatus,Hypoedaleus guttatus,Hypoedaleus guttatus,Hypoedaleus guttatus,Hypoedaleus guttatus,Hypoedaleus guttatus,Hypoedaleus guttatus,Hypoedaleus guttatus,Hypoedaleus,Thamnophilidae,3,Medio
3819,Hypoedaleus guttatus,Hypoedaleus guttatus,Hypoedaleus guttatus,Hypoedaleus guttatus,Hypoedaleus guttatus,Hypoedaleus guttatus,Hypoedaleus guttatus,Hypoedaleus guttatus,Hypoedaleus guttatus,Hypoedaleus guttatus,Hypoedaleus guttatus,Hypoedaleus guttatus,Hypoedaleus,Thamnophilidae,3,Medio
3820,Hypoedaleus guttatus,Hypoedaleus guttatus,Hypoedaleus guttatus,Hypoedaleus guttatus,Hypoedaleus guttatus,Hypoedaleus guttatus,Hypoedaleus guttatus,Hypoedaleus guttatus,Hypoedaleus guttatus,Hypoedaleus guttatus,Hypoedaleus guttatus,Hypoedaleus guttatus,Hypoedaleus,Thamnophilidae,3,Medio
3821,Hypoedaleus guttatus,Hypoedaleus guttatus,Hypoedaleus guttatus,Hypoedaleus guttatus,Hypoedaleus guttatus,Hypoedaleus guttatus,Hypoedaleus guttatus,Hypoedaleus guttatus,Hypoedaleus guttatus,Hypoedaleus guttatus,Hypoedaleus guttatus,Hypoedaleus guttatus,Hypoedaleus,Thamnophilidae,3,Medio
3823,Hypoedaleus guttatus,Hypoedaleus guttatus,Hypoedaleus guttatus,Hypoedaleus guttatus,Hypoedaleus guttatus,Hypoedaleus guttatus,Hypoedaleus guttatus,Hypoedaleus guttatus,Hypoedaleus guttatus,Hypoedaleus guttatus,Hypoedaleus guttatus,Hypoedaleus guttatus,Hypoedaleus,Thamnophilidae,3,Medio
3824,Hypoedaleus guttatus,Hypoedaleus guttatus,Hypoedaleus guttatus,Hypoedaleus guttatus,Hypoedaleus guttatus,Hypoedaleus guttatus,Hypoedaleus guttatus,Hypoedaleus guttatus,Hypoedaleus guttatus,Hypoedaleus guttatus,Hypoedaleus guttatus,Hypoedaleus guttatus,Hypoedaleus,Thamnophilidae,3,Medio
3825,Hypoedaleus guttatus,Hypoedaleus guttatus,Hypoedaleus guttatus,Hypoedaleus guttatus,Hypoedaleus guttatus,Hypoedaleus guttatus,Hypoedaleus guttatus,Hypoedaleus guttatus,Hypoedaleus guttatus,Hypoedaleus guttatus,Hypoedaleus guttatus,Hypoedaleus guttatus,Hypoedaleus,Thamnophilidae,3,Medio
3826,Hypoedaleus guttatus,Hypoedaleus guttatus,Hypoedaleus guttatus,Hypoedaleus guttatus,Hypoedaleus guttatus,Hypoedaleus guttatus,Hypoedaleus guttatus,Hypoedaleus guttatus,Hypoedaleus guttatus,Hypoedaleus guttatus,Hypoedaleus guttatus,Hypoedaleus guttatus,Hypoedaleus,Thamnophilidae,3,Medio
3827,Hypoedaleus guttatus,Hypoedaleus guttatus,Hypoedaleus guttatus,Hypoedaleus guttatus,Hypoedaleus guttatus,Hypoedaleus guttatus,Hypoedaleus guttatus,Hypoedaleus guttatus,Hypoedaleus guttatus,Hypoedaleus guttatus,Hypoedaleus guttatus,Hypoedaleus guttatus,Hypoedaleus,Thamnophilidae,3,Medio
3829,Hypoedaleus guttatus,Myiothlypis leucoblephara,Myiothlypis leucoblephara,Myiothlypis leucoblephara,Myiothlypis leucoblephara,Myiothlypis leucoblephara,Myiothlypis leucoblephara,Hypoedaleus guttatus,Myiothlypis leucoblephara,Myiothlypis leucoblephara,Myiothlypis leucoblephara,Myiothlypis leucoblephara,Hypoedaleus,Thamnophilidae,3,Medio
3830,Hypoedaleus guttatus,Hypoedaleus guttatus,Hypoedaleus guttatus,Hypoedaleus guttatus,Hypoedaleus guttatus,Hypoedaleus guttatus,Hypoedaleus guttatus,Hypoedaleus guttatus,Hypoedaleus guttatus,Hypoedaleus guttatus,Hypoedaleus guttatus,Hypoedaleus guttatus,Hypoedaleus,Thamnophilidae,3,Medio
3831,Mackenziaena leachii,Mackenziaena leachii,Mackenziaena leachii,Mackenziaena leachii,Mackenziaena leachii,Mackenziaena leachii,Mackenziaena leachii,Mackenziaena leachii,Mackenziaena leachii,Mackenziaena leachii,Mackenziaena leachii,Mackenziaena leachii,Mackenziaena,Thamnophilidae,3,Medio
3832,Mackenziaena leachii,Mackenziaena leachii,Mackenziaena leachii,Mackenziaena leachii,Mackenziaena leachii,Mackenziaena leachii,Mackenziaena leachii,Mackenziaena leachii,Mackenziaena leachii,Mackenziaena leachii,Mackenziaena leachii,Mackenziaena leachii,Mackenziaena,Thamnophilidae,3,Medio
3833,Mackenziaena leachii,Mackenziaena leachii,Mackenziaena leachii,Mackenziaena leachii,Mackenziaena leachii,Mackenziaena leachii,Mackenziaena leachii,Mackenziaena leachii,Mackenziaena leachii,Mackenziaena leachii,Mackenziaena leachii,Mackenziaena leachii,Mackenziaena,Thamnophilidae,3,Medio
3835,Mackenziaena leachii,Mackenziaena leachii,Mackenziaena leachii,Mackenziaena leachii,Mackenziaena leachii,Mackenziaena leachii,Mackenziaena leachii,Hypoedaleus guttatus,Mackenziaena leachii,Mackenziaena leachii,Mackenziaena leachii,Mackenziaena leachii,Mackenziaena,Thamnophilidae,3,Medio
3836,Mackenziaena leachii,Mackenziaena leachii,Mackenziaena severa,Mackenziaena severa,Mackenziaena severa,Mackenziaena leachii,Mackenziaena severa,Hypoedaleus guttatus,Mackenziaena severa,Mackenziaena severa,Mackenziaena severa,Mackenziaena leachii,Mackenziaena,Thamnophilidae,3,Medio
3837,Mackenziaena leachii,Mackenziaena leachii,Mackenziaena leachii,Mackenziaena leachii,Mackenziaena leachii,Mackenziaena leachii,Mackenziaena leachii,Mackenziaena leachii,Mackenziaena leachii,Mackenziaena leachii,Mackenziaena leachii,Mackenziaena leachii,Mackenziaena,Thamnophilidae,3,Medio
3838,Mackenziaena leachii,Mackenziaena leachii,Mackenziaena leachii,Mackenziaena leachii,Mackenziaena leachii,Mackenziaena leachii,Mackenziaena leachii,Mackenziaena leachii,Mackenziaena leachii,Mackenziaena leachii,Mackenziaena leachii,Mackenziaena leachii,Mackenziaena,Thamnophilidae,3,Medio
3839,Mackenziaena leachii,Mackenziaena leachii,Mackenziaena leachii,Mackenziaena leachii,Mackenziaena leachii,Mackenziaena leachii,Mackenziaena leachii,Mackenziaena leachii,Mackenziaena leachii,Mackenziaena leachii,Mackenziaena leachii,Mackenziaena leachii,Mackenziaena,Thamnophilidae,3,Medio
3840,Mackenziaena leachii,Mackenziaena leachii,Mackenziaena leachii,Mackenziaena leachii,Mackenziaena leachii,Mackenziaena leachii,Mackenziaena leachii,Mackenziaena leachii,Mackenziaena leachii,Mackenziaena leachii,Mackenziaena leachii,Mackenziaena leachii,Mackenziaena,Thamnophilidae,3,Medio
3841,Mackenziaena leachii,Mackenziaena leachii,Mackenziaena leachii,Mackenziaena leachii,Mackenziaena leachii,Mackenziaena leachii,Mackenziaena leachii,Mackenziaena leachii,Mackenziaena leachii,Mackenziaena leachii,Mackenziaena leachii,Mackenziaena leachii,Mackenziaena,Thamnophilidae,3,Medio
3842,Mackenziaena leachii,Mackenziaena leachii,Mackenziaena leachii,Mackenziaena leachii,Mackenziaena leachii,Mackenziaena leachii,Mackenziaena leachii,Mackenziaena leachii,Mackenziaena leachii,Mackenziaena leachii,Mackenziaena leachii,Mackenziaena leachii,Mackenziaena,Thamnophilidae,3,Medio
3843,Mackenziaena leachii,Mackenziaena leachii,Mackenziaena leachii,Mackenziaena leachii,Mackenziaena leachii,Mackenziaena leachii,Mackenziaena leachii,Mackenziaena leachii,Mackenziaena leachii,Mackenziaena leachii,Mackenziaena leachii,Mackenziaena leachii,Mackenziaena,Thamnophilidae,3,Medio
3845,Mackenziaena leachii,Mackenziaena leachii,Mackenziaena leachii,Mackenziaena leachii,Mackenziaena leachii,Mackenziaena leachii,Mackenziaena leachii,Mackenziaena leachii,Mackenziaena leachii,Mackenziaena leachii,Mackenziaena leachii,Mackenziaena leachii,Mackenziaena,Thamnophilidae,3,Medio
3846,Mackenziaena leachii,Mackenziaena leachii,Mackenziaena leachii,Mackenziaena leachii,Mackenziaena leachii,Mackenziaena leachii,Mackenziaena leachii,Hypoedaleus guttatus,Mackenziaena leachii,Mackenziaena leachii,Mackenziaena leachii,Mackenziaena leachii,Mackenziaena,Thamnophilidae,3,Medio
3847,Mackenziaena leachii,Penelope superciliaris,Pyriglena leucoptera,Odontophorus capueira,Cyanocorax chrysops,Penelope superciliaris,Penelope superciliaris,Penelope superciliaris,Pyriglena leucoptera,Pyriglena leucoptera,Pyriglena leucoptera,Penelope superciliaris,Mackenziaena,Thamnophilidae,3,Medio
3848,Mackenziaena leachii,Mackenziaena leachii,Mackenziaena leachii,Mackenziaena leachii,Mackenziaena leachii,Mackenziaena leachii,Mackenziaena leachii,Hypoedaleus guttatus,Mackenziaena leachii,Mackenziaena leachii,Mackenziaena leachii,Mackenziaena leachii,Mackenziaena,Thamnophilidae,3,Medio
3849,Mackenziaena leachii,Mackenziaena leachii,Mackenziaena leachii,Mackenziaena leachii,Mackenziaena leachii,Mackenziaena leachii,Mackenziaena leachii,Mackenziaena leachii,Mackenziaena leachii,Mackenziaena leachii,Mackenziaena leachii,Mackenziaena leachii,Mackenziaena,Thamnophilidae,3,Medio
3850,Mackenziaena leachii,Mackenziaena leachii,Mackenziaena leachii,Mackenziaena leachii,Mackenziaena leachii,Mackenziaena leachii,Mackenziaena leachii,Mackenziaena leachii,Mackenziaena leachii,Mackenziaena leachii,Mackenziaena leachii,Mackenziaena leachii,Mackenziaena,Thamnophilidae,3,Medio
3851,Mackenziaena leachii,Mackenziaena leachii,Mackenziaena leachii,Mackenziaena leachii,Mackenziaena leachii,Mackenziaena leachii,Mackenziaena leachii,Mackenziaena leachii,Mackenziaena leachii,Mackenziaena leachii,Mackenziaena leachii,Mackenziaena leachii,Mackenziaena,Thamnophilidae,3,Medio
3853,Mackenziaena leachii,Mackenziaena leachii,Mackenziaena leachii,Mackenziaena leachii,Mackenziaena leachii,Mackenziaena leachii,Mackenziaena leachii,Mackenziaena leachii,Mackenziaena leachii,Mackenziaena leachii,Mackenziaena leachii,Mackenziaena leachii,Mackenziaena,Thamnophilidae,3,Medio
3854,Mackenziaena leachii,Mackenziaena leachii,Mackenziaena leachii,Mackenziaena leachii,Mackenziaena leachii,Mackenziaena leachii,Mackenziaena leachii,Mackenziaena leachii,Mackenziaena leachii,Mackenziaena leachii,Mackenziaena leachii,Mackenziaena leachii,Mackenziaena,Thamnophilidae,3,Medio
3855,Mackenziaena leachii,Mackenziaena leachii,Mackenziaena leachii,Mackenziaena leachii,Mackenziaena leachii,Mackenziaena leachii,Mackenziaena leachii,Mackenziaena leachii,Mackenziaena leachii,Mackenziaena leachii,Mackenziaena leachii,Mackenziaena leachii,Mackenziaena,Thamnophilidae,3,Medio
3856,Mackenziaena leachii,Mackenziaena leachii,Mackenziaena leachii,Mackenziaena leachii,Mackenziaena leachii,Mackenziaena leachii,Mackenziaena leachii,Hypoedaleus guttatus,Mackenziaena leachii,Mackenziaena leachii,Mackenziaena leachii,Mackenziaena leachii,Mackenziaena,Thamnophilidae,3,Medio
3857,Mackenziaena leachii,Mackenziaena leachii,Mackenziaena leachii,Mackenziaena leachii,Mackenziaena leachii,Mackenziaena leachii,Mackenziaena leachii,Hypoedaleus guttatus,Mackenziaena leachii,Mackenziaena leachii,Mackenziaena leachii,Mackenziaena leachii,Mackenziaena,Thamnophilidae,3,Medio
3858,Mackenziaena leachii,Mackenziaena leachii,Mackenziaena leachii,Mackenziaena leachii,Mackenziaena leachii,Mackenziaena leachii,Mackenziaena leachii,Mackenziaena leachii,Mackenziaena leachii,Mackenziaena leachii,Mackenziaena leachii,Mackenziaena leachii,Mackenziaena,Thamnophilidae,3,Medio
3859,Mackenziaena leachii,Hypoedaleus guttatus,Mackenziaena severa,Mackenziaena severa,Mackenziaena severa,Mackenziaena severa,Mackenziaena severa,Hypoedaleus guttatus,Mackenziaena severa,Mackenziaena severa,Mackenziaena severa,Mackenziaena leachii,Mackenziaena,Thamnophilidae,3,Medio
3863,Mackenziaena leachii,Mackenziaena leachii,Mackenziaena leachii,Mackenziaena leachii,Mackenziaena leachii,Mackenziaena leachii,Mackenziaena leachii,Mackenziaena leachii,Mackenziaena leachii,Mackenziaena leachii,Mackenziaena leachii,Mackenziaena leachii,Mackenziaena,Thamnophilidae,3,Medio
3864,Mackenziaena leachii,Mackenziaena leachii,Mackenziaena leachii,Mackenziaena leachii,Mackenziaena leachii,Mackenziaena leachii,Mackenziaena leachii,Mackenziaena leachii,Mackenziaena leachii,Mackenziaena leachii,Mackenziaena leachii,Mackenziaena leachii,Mackenziaena,Thamnophilidae,3,Medio
3865,Mackenziaena leachii,Mackenziaena leachii,Mackenziaena leachii,Mackenziaena leachii,Mackenziaena leachii,Mackenziaena leachii,Mackenziaena leachii,Mackenziaena leachii,Mackenziaena leachii,Mackenziaena leachii,Mackenziaena leachii,Mackenziaena leachii,Mackenziaena,Thamnophilidae,3,Medio
3867,Mackenziaena leachii,Mackenziaena leachii,Mackenziaena leachii,Mackenziaena leachii,Mackenziaena leachii,Mackenziaena leachii,Mackenziaena leachii,Mackenziaena leachii,Mackenziaena leachii,Mackenziaena leachii,Mackenziaena leachii,Mackenziaena leachii,Mackenziaena,Thamnophilidae,3,Medio
3868,Mackenziaena leachii,Mackenziaena leachii,Mackenziaena leachii,Mackenziaena leachii,Mackenziaena leachii,Mackenziaena leachii,Mackenziaena leachii,Mackenziaena leachii,Mackenziaena leachii,Mackenziaena leachii,Mackenziaena leachii,Mackenziaena leachii,Mackenziaena,Thamnophilidae,3,Medio
3869,Mackenziaena severa,Mackenziaena severa,Mackenziaena severa,Mackenziaena severa,Mackenziaena severa,Mackenziaena severa,Mackenziaena severa,Hypoedaleus guttatus,Mackenziaena severa,Mackenziaena severa,Mackenziaena severa,Mackenziaena severa,Mackenziaena,Thamnophilidae,3,Medio
3870,Mackenziaena severa,Mackenziaena severa,Mackenziaena severa,Mackenziaena severa,Mackenziaena severa,Mackenziaena severa,Mackenziaena severa,Mackenziaena severa,Mackenziaena severa,Mackenziaena severa,Mackenziaena severa,Mackenziaena severa,Mackenziaena,Thamnophilidae,3,Medio
3871,Mackenziaena severa,Mackenziaena severa,Mackenziaena severa,Mackenziaena severa,Mackenziaena severa,Mackenziaena severa,Mackenziaena severa,Pyriglena leucoptera,Mackenziaena severa,Mackenziaena severa,Mackenziaena severa,Mackenziaena severa,Mackenziaena,Thamnophilidae,3,Medio
3873,Mackenziaena severa,Mackenziaena severa,Mackenziaena severa,Mackenziaena severa,Mackenziaena severa,Mackenziaena severa,Mackenziaena severa,Mackenziaena severa,Mackenziaena severa,Mackenziaena severa,Mackenziaena severa,Mackenziaena severa,Mackenziaena,Thamnophilidae,3,Medio
3874,Mackenziaena severa,Mackenziaena severa,Mackenziaena severa,Mackenziaena severa,Mackenziaena severa,Mackenziaena severa,Mackenziaena severa,Mackenziaena severa,Mackenziaena severa,Mackenziaena severa,Mackenziaena severa,Mackenziaena severa,Mackenziaena,Thamnophilidae,3,Medio
3875,Mackenziaena severa,Mackenziaena severa,Mackenziaena severa,Mackenziaena severa,Mackenziaena severa,Mackenziaena severa,Mackenziaena severa,Mackenziaena severa,Mackenziaena severa,Mackenziaena severa,Mackenziaena severa,Mackenziaena severa,Mackenziaena,Thamnophilidae,3,Medio
3876,Mackenziaena severa,Pyriglena leucoptera,Amazona vinacea,Amazona vinacea,Amazona vinacea,Amazona vinacea,Pyriglena leucoptera,Pipile jacutinga,Amazona vinacea,Amazona vinacea,Amazona vinacea,Pyriglena leucoptera,Mackenziaena,Thamnophilidae,3,Medio
3877,Mackenziaena severa,Odontophorus capueira,Mackenziaena severa,Mackenziaena severa,Mackenziaena severa,Mackenziaena severa,Mackenziaena severa,Odontophorus capueira,Mackenziaena severa,Mackenziaena severa,Mackenziaena severa,Odontophorus capueira,Mackenziaena,Thamnophilidae,3,Medio
3878,Mackenziaena severa,Pyriglena leucoptera,Mackenziaena severa,Mackenziaena severa,Mackenziaena severa,Mackenziaena severa,Pyriglena leucoptera,Pyriglena leucoptera,Mackenziaena severa,Mackenziaena severa,Mackenziaena severa,Pyriglena leucoptera,Mackenziaena,Thamnophilidae,3,Medio
3879,Mackenziaena severa,Mackenziaena severa,Mackenziaena severa,Mackenziaena severa,Mackenziaena severa,Mackenziaena severa,Mackenziaena severa,Mackenziaena severa,Mackenziaena severa,Mackenziaena severa,Mackenziaena severa,Mackenziaena severa,Mackenziaena,Thamnophilidae,3,Medio
3881,Mackenziaena severa,Mackenziaena severa,Mackenziaena severa,Mackenziaena severa,Mackenziaena severa,Mackenziaena severa,Penelope superciliaris,Aramides saracura,Mackenziaena severa,Mackenziaena severa,Mackenziaena severa,Mackenziaena severa,Mackenziaena,Thamnophilidae,3,Medio
3882,Mackenziaena severa,Mackenziaena severa,Mackenziaena severa,Mackenziaena severa,Mackenziaena severa,Mackenziaena severa,Mackenziaena severa,Pyriglena leucoptera,Mackenziaena severa,Mackenziaena severa,Mackenziaena severa,Mackenziaena severa,Mackenziaena,Thamnophilidae,3,Medio
3883,Mackenziaena severa,Conopophaga lineata,Mackenziaena severa,Conopophaga lineata,Conopophaga lineata,Mackenziaena severa,Pyriglena leucoptera,Conopophaga lineata,Mackenziaena severa,Mackenziaena severa,Mackenziaena severa,Conopophaga lineata,Mackenziaena,Thamnophilidae,3,Medio
3886,Mackenziaena severa,Mackenziaena severa,Mackenziaena severa,Mackenziaena severa,Mackenziaena severa,Mackenziaena severa,Mackenziaena severa,Mackenziaena severa,Mackenziaena severa,Mackenziaena severa,Mackenziaena severa,Mackenziaena severa,Mackenziaena,Thamnophilidae,3,Medio
3887,Mackenziaena severa,Mackenziaena severa,Tachyphonus coronatus,Mackenziaena severa,Mackenziaena severa,Mackenziaena severa,Mackenziaena severa,Tachyphonus coronatus,Tachyphonus coronatus,Tachyphonus coronatus,Tachyphonus coronatus,Mackenziaena severa,Mackenziaena,Thamnophilidae,3,Medio
3888,Mackenziaena severa,Mackenziaena leachii,Mackenziaena severa,Mackenziaena severa,Mackenziaena severa,Mackenziaena severa,Mackenziaena severa,Mackenziaena severa,Mackenziaena severa,Mackenziaena severa,Mackenziaena severa,Mackenziaena leachii,Mackenziaena,Thamnophilidae,3,Medio
3889,Mackenziaena severa,Hydropsalis torquata,Odontophorus capueira,Chamaeza campanisona,Turdus rufiventris,Hydropsalis torquata,Hydropsalis torquata,Mackenziaena leachii,Odontophorus capueira,Odontophorus capueira,Odontophorus capueira,Hydropsalis torquata,Mackenziaena,Thamnophilidae,3,Medio
3890,Mackenziaena severa,Mackenziaena severa,Mackenziaena severa,Mackenziaena severa,Mackenziaena severa,Mackenziaena severa,Mackenziaena severa,Mackenziaena severa,Mackenziaena severa,Mackenziaena severa,Mackenziaena severa,Mackenziaena severa,Mackenziaena,Thamnophilidae,3,Medio
3891,Mackenziaena severa,Mackenziaena severa,Mackenziaena severa,Mackenziaena severa,Mackenziaena severa,Mackenziaena severa,Mackenziaena severa,Mackenziaena severa,Mackenziaena severa,Mackenziaena severa,Mackenziaena severa,Mackenziaena severa,Mackenziaena,Thamnophilidae,3,Medio
3892,Mackenziaena severa,Odontophorus capueira,Mackenziaena severa,Mackenziaena severa,Mackenziaena severa,Mackenziaena severa,Mackenziaena severa,Aramides saracura,Mackenziaena severa,Mackenziaena severa,Mackenziaena severa,Odontophorus capueira,Mackenziaena,Thamnophilidae,3,Medio
3893,Mackenziaena severa,Pyriglena leucoptera,Mackenziaena severa,Tachyphonus coronatus,Mackenziaena severa,Pyriglena leucoptera,Pyriglena leucoptera,Mackenziaena severa,Mackenziaena severa,Mackenziaena severa,Mackenziaena severa,Pyriglena leucoptera,Mackenziaena,Thamnophilidae,3,Medio
3894,Mackenziaena severa,Mackenziaena severa,Mackenziaena severa,Mackenziaena severa,Mackenziaena severa,Mackenziaena severa,Mackenziaena severa,Mackenziaena severa,Mackenziaena severa,Mackenziaena severa,Mackenziaena severa,Mackenziaena severa,Mackenziaena,Thamnophilidae,3,Medio
3895,Mackenziaena severa,Mackenziaena severa,Mackenziaena severa,Mackenziaena severa,Mackenziaena severa,Mackenziaena severa,Mackenziaena severa,Mackenziaena severa,Mackenziaena severa,Mackenziaena severa,Mackenziaena severa,Mackenziaena severa,Mackenziaena,Thamnophilidae,3,Medio
3896,Mackenziaena severa,Mackenziaena severa,Mackenziaena severa,Mackenziaena severa,Mackenziaena severa,Mackenziaena severa,Mackenziaena severa,Mackenziaena severa,Mackenziaena severa,Mackenziaena severa,Mackenziaena severa,Mackenziaena severa,Mackenziaena,Thamnophilidae,3,Medio
3897,Mackenziaena severa,Mackenziaena severa,Mackenziaena severa,Mackenziaena severa,Mackenziaena severa,Mackenziaena severa,Mackenziaena severa,Mackenziaena severa,Mackenziaena severa,Mackenziaena severa,Mackenziaena severa,Mackenziaena severa,Mackenziaena,Thamnophilidae,3,Medio
3899,Mackenziaena severa,Pyriglena leucoptera,Mackenziaena severa,Mackenziaena severa,Mackenziaena severa,Pyriglena leucoptera,Pyriglena leucoptera,Mackenziaena leachii,Mackenziaena severa,Mackenziaena severa,Mackenziaena severa,Pyriglena leucoptera,Mackenziaena,Thamnophilidae,3,Medio
3900,Mackenziaena severa,Mackenziaena severa,Mackenziaena severa,Mackenziaena severa,Mackenziaena severa,Mackenziaena severa,Mackenziaena severa,Mackenziaena severa,Mackenziaena severa,Mackenziaena severa,Mackenziaena severa,Mackenziaena severa,Mackenziaena,Thamnophilidae,3,Medio
3901,Mackenziaena severa,Penelope superciliaris,Eira barbara,Eira barbara,Eira barbara,Penelope superciliaris,Penelope superciliaris,Pipile jacutinga,Eira barbara,Eira barbara,Eira barbara,Penelope superciliaris,Mackenziaena,Thamnophilidae,3,Medio
3902,Mackenziaena severa,Mackenziaena severa,Mackenziaena severa,Mackenziaena severa,Mackenziaena severa,Mackenziaena severa,Mackenziaena severa,Mackenziaena severa,Mackenziaena severa,Mackenziaena severa,Mackenziaena severa,Mackenziaena severa,Mackenziaena,Thamnophilidae,3,Medio
3903,Mackenziaena severa,Mackenziaena severa,Mackenziaena severa,Mackenziaena severa,Mackenziaena severa,Mackenziaena severa,Mackenziaena severa,Mackenziaena severa,Mackenziaena severa,Mackenziaena severa,Mackenziaena severa,Mackenziaena severa,Mackenziaena,Thamnophilidae,3,Medio
3904,Mackenziaena severa,Pyriglena leucoptera,Pyriglena leucoptera,Mackenziaena severa,Mackenziaena severa,Mackenziaena severa,Pyriglena leucoptera,Pyriglena leucoptera,Pyriglena leucoptera,Pyriglena leucoptera,Pyriglena leucoptera,Pyriglena leucoptera,Mackenziaena,Thamnophilidae,3,Medio
3908,Mackenziaena severa,Mackenziaena severa,Mackenziaena severa,Mackenziaena severa,Mackenziaena severa,Mackenziaena severa,Mackenziaena severa,Mackenziaena severa,Mackenziaena severa,Mackenziaena severa,Mackenziaena severa,Mackenziaena severa,Mackenziaena,Thamnophilidae,3,Medio
3909,Mackenziaena severa,Mackenziaena severa,Mackenziaena severa,Mackenziaena severa,Mackenziaena severa,Mackenziaena severa,Mackenziaena severa,Mackenziaena severa,Mackenziaena severa,Mackenziaena severa,Mackenziaena severa,Mackenziaena severa,Mackenziaena,Thamnophilidae,3,Medio
3911,Mackenziaena severa,Mackenziaena severa,Mackenziaena severa,Mackenziaena severa,Mackenziaena severa,Mackenziaena severa,Mackenziaena severa,Mackenziaena severa,Mackenziaena severa,Mackenziaena severa,Mackenziaena severa,Mackenziaena severa,Mackenziaena,Thamnophilidae,3,Medio
3912,Mackenziaena severa,Mackenziaena severa,Mackenziaena severa,Mackenziaena severa,Mackenziaena severa,Mackenziaena severa,Mackenziaena severa,Synallaxis ruficapilla,Mackenziaena severa,Mackenziaena severa,Mackenziaena severa,Mackenziaena severa,Mackenziaena,Thamnophilidae,3,Medio
3913,Mackenziaena severa,Mackenziaena severa,Mackenziaena severa,Mackenziaena severa,Mackenziaena severa,Mackenziaena severa,Mackenziaena severa,Mackenziaena severa,Mackenziaena severa,Mackenziaena severa,Mackenziaena severa,Mackenziaena severa,Mackenziaena,Thamnophilidae,3,Medio
3914,Mackenziaena severa,Tachyphonus coronatus,Tachyphonus coronatus,Mackenziaena severa,Mackenziaena severa,Pyriglena leucoptera,Tachyphonus coronatus,Tachyphonus coronatus,Tachyphonus coronatus,Tachyphonus coronatus,Tachyphonus coronatus,Tachyphonus coronatus,Mackenziaena,Thamnophilidae,3,Medio
3915,Mackenziaena severa,Mackenziaena severa,Mackenziaena severa,Mackenziaena severa,Mackenziaena severa,Mackenziaena severa,Mackenziaena severa,Mackenziaena severa,Mackenziaena severa,Mackenziaena severa,Mackenziaena severa,Mackenziaena severa,Mackenziaena,Thamnophilidae,3,Medio
3916,Mackenziaena severa,Mackenziaena severa,Mackenziaena severa,Mackenziaena severa,Mackenziaena severa,Mackenziaena severa,Mackenziaena severa,Mackenziaena severa,Mackenziaena severa,Mackenziaena severa,Mackenziaena severa,Mackenziaena severa,Mackenziaena,Thamnophilidae,3,Medio
3917,Mackenziaena severa,Mackenziaena severa,Mackenziaena leachii,Mackenziaena leachii,Mackenziaena leachii,Mackenziaena severa,Mackenziaena severa,Penelope superciliaris,Mackenziaena leachii,Mackenziaena leachii,Mackenziaena leachii,Mackenziaena severa,Mackenziaena,Thamnophilidae,3,Medio
3918,Mackenziaena severa,Mackenziaena severa,Mackenziaena severa,Mackenziaena severa,Mackenziaena severa,Mackenziaena severa,Mackenziaena severa,Pyriglena leucoptera,Mackenziaena severa,Mackenziaena severa,Mackenziaena severa,Mackenziaena severa,Mackenziaena,Thamnophilidae,3,Medio
3919,Mackenziaena severa,Mackenziaena severa,Mackenziaena severa,Mackenziaena severa,Mackenziaena severa,Mackenziaena severa,Mackenziaena severa,Mackenziaena severa,Mackenziaena severa,Mackenziaena severa,Mackenziaena severa,Mackenziaena severa,Mackenziaena,Thamnophilidae,3,Medio
3920,Mackenziaena severa,Cyanoloxia brissonii,Cyanoloxia brissonii,Cyanoloxia brissonii,Cyanoloxia brissonii,Cyanoloxia brissonii,Cyanoloxia brissonii,Cyanoloxia brissonii,Cyanoloxia brissonii,Cyanoloxia brissonii,Cyanoloxia brissonii,Cyanoloxia brissonii,Mackenziaena,Thamnophilidae,3,Medio
3921,Mackenziaena severa,Mackenziaena severa,Mackenziaena severa,Mackenziaena severa,Mackenziaena severa,Mackenziaena severa,Mackenziaena severa,Mackenziaena severa,Mackenziaena severa,Mackenziaena severa,Mackenziaena severa,Mackenziaena severa,Mackenziaena,Thamnophilidae,3,Medio
3923,Mackenziaena severa,Mackenziaena severa,Mackenziaena severa,Mackenziaena severa,Mackenziaena severa,Mackenziaena severa,Mackenziaena severa,Mackenziaena severa,Mackenziaena severa,Mackenziaena severa,Mackenziaena severa,Mackenziaena severa,Mackenziaena,Thamnophilidae,3,Medio
3925,Mackenziaena severa,Mackenziaena severa,Mackenziaena severa,Mackenziaena severa,Mackenziaena severa,Mackenziaena severa,Mackenziaena severa,Mackenziaena severa,Mackenziaena severa,Mackenziaena severa,Mackenziaena severa,Mackenziaena severa,Mackenziaena,Thamnophilidae,3,Medio
3926,Pyriglena leucoptera,Pyriglena leucoptera,Pyriglena leucoptera,Pyriglena leucoptera,Pyriglena leucoptera,Pyriglena leucoptera,Pyriglena leucoptera,Pyriglena leucoptera,Pyriglena leucoptera,Pyriglena leucoptera,Pyriglena leucoptera,Pyriglena leucoptera,Pyriglena,Thamnophilidae,3,Medio
3927,Pyriglena leucoptera,Pyriglena leucoptera,Pyriglena leucoptera,Pyriglena leucoptera,Pyriglena leucoptera,Pyriglena leucoptera,Pyriglena leucoptera,Pyriglena leucoptera,Pyriglena leucoptera,Pyriglena leucoptera,Pyriglena leucoptera,Pyriglena leucoptera,Pyriglena,Thamnophilidae,3,Medio
3929,Pyriglena leucoptera,Pyriglena leucoptera,Pyriglena leucoptera,Pyriglena leucoptera,Pyriglena leucoptera,Pyriglena leucoptera,Pyriglena leucoptera,Cyanoloxia brissonii,Pyriglena leucoptera,Pyriglena leucoptera,Pyriglena leucoptera,Pyriglena leucoptera,Pyriglena,Thamnophilidae,3,Medio
3930,Pyriglena leucoptera,Pyriglena leucoptera,Pyriglena leucoptera,Pyriglena leucoptera,Pyriglena leucoptera,Pyriglena leucoptera,Pyriglena leucoptera,Pyriglena leucoptera,Pyriglena leucoptera,Pyriglena leucoptera,Pyriglena leucoptera,Pyriglena leucoptera,Pyriglena,Thamnophilidae,3,Medio
3931,Pyriglena leucoptera,Pyriglena leucoptera,Cyanoloxia brissonii,Cyanoloxia brissonii,Mackenziaena severa,Mackenziaena severa,Pyriglena leucoptera,Pyriglena leucoptera,Cyanoloxia brissonii,Cyanoloxia brissonii,Cyanoloxia brissonii,Pyriglena leucoptera,Pyriglena,Thamnophilidae,3,Medio
3932,Pyriglena leucoptera,Pyriglena leucoptera,Pyriglena leucoptera,Pyriglena leucoptera,Pyriglena leucoptera,Pyriglena leucoptera,Pyriglena leucoptera,Pyriglena leucoptera,Pyriglena leucoptera,Pyriglena leucoptera,Pyriglena leucoptera,Pyriglena leucoptera,Pyriglena,Thamnophilidae,3,Medio
3933,Pyriglena leucoptera,Pyriglena leucoptera,Pyriglena leucoptera,Pyriglena leucoptera,Pyriglena leucoptera,Pyriglena leucoptera,Pyriglena leucoptera,Conopophaga lineata,Pyriglena leucoptera,Pyriglena leucoptera,Pyriglena leucoptera,Pyriglena leucoptera,Pyriglena,Thamnophilidae,3,Medio
3936,Pyriglena leucoptera,Pyriglena leucoptera,Myiothlypis leucoblephara,Chamaeza campanisona,Chamaeza campanisona,Habia rubica,Pyriglena leucoptera,Conopophaga lineata,Myiothlypis leucoblephara,Myiothlypis leucoblephara,Myiothlypis leucoblephara,Myiothlypis leucoblephara,Pyriglena,Thamnophilidae,3,Medio
3937,Pyriglena leucoptera,Synallaxis ruficapilla,Pyriglena leucoptera,Synallaxis ruficapilla,Synallaxis ruficapilla,Synallaxis ruficapilla,Pyriglena leucoptera,Baryphthengus ruficapillus,Pyriglena leucoptera,Pyriglena leucoptera,Pyriglena leucoptera,Synallaxis ruficapilla,Pyriglena,Thamnophilidae,3,Medio
3938,Pyriglena leucoptera,Synallaxis ruficapilla,Synallaxis ruficapilla,Synallaxis ruficapilla,Synallaxis ruficapilla,Synallaxis ruficapilla,Synallaxis ruficapilla,Habia rubica,Synallaxis ruficapilla,Synallaxis ruficapilla,Synallaxis ruficapilla,Synallaxis ruficapilla,Pyriglena,Thamnophilidae,3,Medio
3939,Pyriglena leucoptera,Pyriglena leucoptera,Turdus albicollis,Myiothlypis leucoblephara,Conopophaga lineata,Mackenziaena severa,Pyriglena leucoptera,Myiothlypis leucoblephara,Turdus albicollis,Turdus albicollis,Turdus albicollis,Conopophaga lineata vulgaris,Pyriglena,Thamnophilidae,3,Medio
3940,Pyriglena leucoptera,Pyriglena leucoptera,Pyriglena leucoptera,Pyriglena leucoptera,Pyriglena leucoptera,Pyriglena leucoptera,Pyriglena leucoptera,Tachyphonus coronatus,Pyriglena leucoptera,Pyriglena leucoptera,Pyriglena leucoptera,Pyriglena leucoptera,Pyriglena,Thamnophilidae,3,Medio
3941,Pyriglena leucoptera,Pyriglena leucoptera,Pyriglena leucoptera,Pyriglena leucoptera,Pyriglena leucoptera,Pyriglena leucoptera,Pyriglena leucoptera,Pyriglena leucoptera,Pyriglena leucoptera,Pyriglena leucoptera,Pyriglena leucoptera,Pyriglena leucoptera,Pyriglena,Thamnophilidae,3,Medio
3942,Pyriglena leucoptera,Pyriglena leucoptera,Pyriglena leucoptera,Pyriglena leucoptera,Pyriglena leucoptera,Pyriglena leucoptera,Pyriglena leucoptera,Tachyphonus coronatus,Pyriglena leucoptera,Pyriglena leucoptera,Pyriglena leucoptera,Pyriglena leucoptera,Pyriglena,Thamnophilidae,3,Medio
3943,Pyriglena leucoptera,Pyriglena leucoptera,Pyriglena leucoptera,Pyriglena leucoptera,Pyriglena leucoptera,Pyriglena leucoptera,Pyriglena leucoptera,Pyriglena leucoptera,Pyriglena leucoptera,Pyriglena leucoptera,Pyriglena leucoptera,Pyriglena leucoptera,Pyriglena,Thamnophilidae,3,Medio
3944,Pyriglena leucoptera,Pyriglena leucoptera,Pyriglena leucoptera,Pyriglena leucoptera,Pyriglena leucoptera,Pyriglena leucoptera,Pyriglena leucoptera,Pyriglena leucoptera,Pyriglena leucoptera,Pyriglena leucoptera,Pyriglena leucoptera,Pyriglena leucoptera,Pyriglena,Thamnophilidae,3,Medio
3945,Pyriglena leucoptera,Pyriglena leucoptera,Penelope superciliaris,Pyriglena leucoptera,Pyriglena leucoptera,Pyriglena leucoptera,Pyriglena leucoptera,Myiothlypis leucoblephara,Penelope superciliaris,Penelope superciliaris,Penelope superciliaris,Pyriglena leucoptera,Pyriglena,Thamnophilidae,3,Medio
3946,Pyriglena leucoptera,Pyriglena leucoptera,Pyriglena leucoptera,Pyriglena leucoptera,Pyriglena leucoptera,Pyriglena leucoptera,Pyriglena leucoptera,Pyriglena leucoptera,Pyriglena leucoptera,Pyriglena leucoptera,Pyriglena leucoptera,Pyriglena leucoptera,Pyriglena,Thamnophilidae,3,Medio
3947,Pyriglena leucoptera,Pyriglena leucoptera,Pyriglena leucoptera,Pyriglena leucoptera,Pyriglena leucoptera,Pyriglena leucoptera,Pyriglena leucoptera,Habia rubica,Pyriglena leucoptera,Pyriglena leucoptera,Pyriglena leucoptera,Turdus albicollis,Pyriglena,Thamnophilidae,3,Medio
3948,Pyriglena leucoptera,Pyriglena leucoptera,Pyriglena leucoptera,Pyriglena leucoptera,Pyriglena leucoptera,Pyriglena leucoptera,Pyriglena leucoptera,Conopophaga lineata,Pyriglena leucoptera,Pyriglena leucoptera,Pyriglena leucoptera,Pyriglena leucoptera,Pyriglena,Thamnophilidae,3,Medio
3949,Pyriglena leucoptera,Pyriglena leucoptera,Pyriglena leucoptera,Pyriglena leucoptera,Pyriglena leucoptera,Pyriglena leucoptera,Pyriglena leucoptera,Pyriglena leucoptera,Pyriglena leucoptera,Pyriglena leucoptera,Pyriglena leucoptera,Pyriglena leucoptera,Pyriglena,Thamnophilidae,3,Medio
3951,Pyriglena leucoptera,Pyriglena leucoptera,Mackenziaena severa,Mackenziaena severa,Pyriglena leucoptera,Pyriglena leucoptera,Pyriglena leucoptera,Pyriglena leucoptera,Mackenziaena severa,Mackenziaena severa,Mackenziaena severa,Pyriglena leucoptera,Pyriglena,Thamnophilidae,3,Medio
3952,Pyriglena leucoptera,Pyriglena leucoptera,Pyriglena leucoptera,Pyriglena leucoptera,Pyriglena leucoptera,Pyriglena leucoptera,Pyriglena leucoptera,Pyriglena leucoptera,Pyriglena leucoptera,Pyriglena leucoptera,Pyriglena leucoptera,Pyriglena leucoptera,Pyriglena,Thamnophilidae,3,Medio
3953,Pyriglena leucoptera,Mackenziaena severa,Mackenziaena severa,Mackenziaena severa,Mackenziaena severa,Mackenziaena severa,Mackenziaena severa,Mackenziaena severa,Mackenziaena severa,Mackenziaena severa,Mackenziaena severa,Mackenziaena severa,Pyriglena,Thamnophilidae,3,Medio
3954,Pyriglena leucoptera,Pyriglena leucoptera,Pyriglena leucoptera,Pyriglena leucoptera,Pyriglena leucoptera,Pyriglena leucoptera,Pyriglena leucoptera,Pyriglena leucoptera,Pyriglena leucoptera,Pyriglena leucoptera,Pyriglena leucoptera,Pyriglena leucoptera,Pyriglena,Thamnophilidae,3,Medio
3955,Pyriglena leucoptera,Pyriglena leucoptera,Pyriglena leucoptera,Pyriglena leucoptera,Pyriglena leucoptera,Pyriglena leucoptera,Pyriglena leucoptera,Pyriglena leucoptera,Pyriglena leucoptera,Pyriglena leucoptera,Pyriglena leucoptera,Pyriglena leucoptera,Pyriglena,Thamnophilidae,3,Medio
3958,Pyriglena leucoptera,Pyriglena leucoptera,Pyriglena leucoptera,Pyriglena leucoptera,Pyriglena leucoptera,Pyriglena leucoptera,Pyriglena leucoptera,Pyriglena leucoptera,Pyriglena leucoptera,Pyriglena leucoptera,Pyriglena leucoptera,Pyriglena leucoptera,Pyriglena,Thamnophilidae,3,Medio
3959,Pyriglena leucoptera,Pyriglena leucoptera,Pyriglena leucoptera,Pyriglena leucoptera,Pyriglena leucoptera,Pyriglena leucoptera,Pyriglena leucoptera,Tachyphonus coronatus,Pyriglena leucoptera,Pyriglena leucoptera,Pyriglena leucoptera,Pyriglena leucoptera,Pyriglena,Thamnophilidae,3,Medio
3960,Pyriglena leucoptera,Tachyphonus coronatus,Pyriglena leucoptera,Cyanoloxia brissonii,Tachyphonus coronatus,Tachyphonus coronatus,Tachyphonus coronatus,Tachyphonus coronatus,Pyriglena leucoptera,Pyriglena leucoptera,Pyriglena leucoptera,Tachyphonus coronatus,Pyriglena,Thamnophilidae,3,Medio
3961,Pyriglena leucoptera,Pyriglena leucoptera,Pyriglena leucoptera,Pyriglena leucoptera,Pyriglena leucoptera,Pyriglena leucoptera,Pyriglena leucoptera,Pyriglena leucoptera,Pyriglena leucoptera,Pyriglena leucoptera,Pyriglena leucoptera,Pyriglena leucoptera,Pyriglena,Thamnophilidae,3,Medio
3965,Pyriglena leucoptera,Synallaxis ruficapilla,Tachyphonus coronatus,Habia rubica,Synallaxis ruficapilla,Synallaxis ruficapilla,Synallaxis ruficapilla,Pyriglena leucoptera,Tachyphonus coronatus,Tachyphonus coronatus,Tachyphonus coronatus,Synallaxis ruficapilla,Pyriglena,Thamnophilidae,3,Medio
3966,Pyriglena leucoptera,Pyriglena leucoptera,Pyriglena leucoptera,Pyriglena leucoptera,Pyriglena leucoptera,Pyriglena leucoptera,Pyriglena leucoptera,Tachyphonus coronatus,Pyriglena leucoptera,Pyriglena leucoptera,Pyriglena leucoptera,Pyriglena leucoptera,Pyriglena,Thamnophilidae,3,Medio
3967,Pyriglena leucoptera,Pyriglena leucoptera,Pyriglena leucoptera,Pyriglena leucoptera,Pyriglena leucoptera,Pyriglena leucoptera,Pyriglena leucoptera,Turdus albicollis,Pyriglena leucoptera,Pyriglena leucoptera,Pyriglena leucoptera,Pyriglena leucoptera,Pyriglena,Thamnophilidae,3,Medio
3968,Pyriglena leucoptera,Pyriglena leucoptera,Pyriglena leucoptera,Biatas nigropectus,Biatas nigropectus,Pyriglena leucoptera,Pyriglena leucoptera,Cyanoloxia brissonii,Pyriglena leucoptera,Pyriglena leucoptera,Pyriglena leucoptera,Pyriglena leucoptera,Pyriglena,Thamnophilidae,3,Medio
3969,Pyriglena leucoptera,Tachyphonus coronatus,Tachyphonus coronatus,Tachyphonus coronatus,Tachyphonus coronatus,Tachyphonus coronatus,Tachyphonus coronatus,Cyanoloxia brissonii,Tachyphonus coronatus,Tachyphonus coronatus,Tachyphonus coronatus,Tachyphonus coronatus,Pyriglena,Thamnophilidae,3,Medio
3970,Pyriglena leucoptera,Pyriglena leucoptera,Pyriglena leucoptera,Pyriglena leucoptera,Conopophaga lineata,Pyriglena leucoptera,Pyriglena leucoptera,Tinamus solitarius,Pyriglena leucoptera,Pyriglena leucoptera,Pyriglena leucoptera,Pyriglena leucoptera,Pyriglena,Thamnophilidae,3,Medio
3971,Pyriglena leucoptera,Pyriglena leucoptera,Pyriglena leucoptera,Pyriglena leucoptera,Pyriglena leucoptera,Pyriglena leucoptera,Pyriglena leucoptera,Tachyphonus coronatus,Pyriglena leucoptera,Pyriglena leucoptera,Pyriglena leucoptera,Pyriglena leucoptera,Pyriglena,Thamnophilidae,3,Medio
3972,Pyriglena leucoptera,Pyriglena leucoptera,Pyriglena leucoptera,Pyriglena leucoptera,Pyriglena leucoptera,Pipile jacutinga,Pyriglena leucoptera,Pyriglena leucoptera,Pyriglena leucoptera,Pyriglena leucoptera,Pyriglena leucoptera,Pyriglena leucoptera,Pyriglena,Thamnophilidae,3,Medio
3975,Pyriglena leucoptera,Tachyphonus coronatus,Tachyphonus coronatus,Tachyphonus coronatus,Pyriglena leucoptera,Pyriglena leucoptera,Pyriglena leucoptera,Mackenziaena severa,Tachyphonus coronatus,Tachyphonus coronatus,Tachyphonus coronatus,Tachyphonus coronatus,Pyriglena,Thamnophilidae,3,Medio
3976,Pyriglena leucoptera,Pyriglena leucoptera,Pyriglena leucoptera,Pyriglena leucoptera,Pyriglena leucoptera,Pyriglena leucoptera,Pyriglena leucoptera,Pyriglena leucoptera,Pyriglena leucoptera,Pyriglena leucoptera,Pyriglena leucoptera,Pyriglena leucoptera,Pyriglena,Thamnophilidae,3,Medio
3977,Pyriglena leucoptera,Pyriglena leucoptera,Pyriglena leucoptera,Pyriglena leucoptera,Pyriglena leucoptera,Pyriglena leucoptera,Pyriglena leucoptera,Pyriglena leucoptera,Pyriglena leucoptera,Pyriglena leucoptera,Pyriglena leucoptera,Pyriglena leucoptera,Pyriglena,Thamnophilidae,3,Medio
3979,Pyriglena leucoptera,Pyriglena leucoptera,Pyriglena leucoptera,Pyriglena leucoptera,Pyriglena leucoptera,Pyriglena leucoptera,Pyriglena leucoptera,Pyriglena leucoptera,Pyriglena leucoptera,Pyriglena leucoptera,Pyriglena leucoptera,Pyriglena leucoptera,Pyriglena,Thamnophilidae,3,Medio
3980,Pyriglena leucoptera,Pyriglena leucoptera,Pyriglena leucoptera,Pyriglena leucoptera,Pyriglena leucoptera,Pyriglena leucoptera,Pyriglena leucoptera,Tachyphonus coronatus,Pyriglena leucoptera,Pyriglena leucoptera,Pyriglena leucoptera,Pyriglena leucoptera,Pyriglena,Thamnophilidae,3,Medio
3981,Pyriglena leucoptera,Sapajus nigritus,Penelope superciliaris,Cyanoloxia brissonii,Cyanocorax chrysops,Penelope superciliaris,Penelope superciliaris,Penelope superciliaris,Penelope superciliaris,Penelope superciliaris,Penelope superciliaris,Penelope superciliaris,Pyriglena,Thamnophilidae,3,Medio
3982,Pyriglena leucoptera,Pyriglena leucoptera,Pyriglena leucoptera,Pyriglena leucoptera,Pyriglena leucoptera,Pyriglena leucoptera,Pyriglena leucoptera,Pyriglena leucoptera,Pyriglena leucoptera,Pyriglena leucoptera,Pyriglena leucoptera,Pyriglena leucoptera,Pyriglena,Thamnophilidae,3,Medio
3983,Pyriglena leucoptera,Pyriglena leucoptera,Pyriglena leucoptera,Pyriglena leucoptera,Pyriglena leucoptera,Pyriglena leucoptera,Pyriglena leucoptera,Pyriglena leucoptera,Pyriglena leucoptera,Pyriglena leucoptera,Pyriglena leucoptera,Pyriglena leucoptera,Pyriglena,Thamnophilidae,3,Medio
3984,Pyriglena leucoptera,Tachyphonus coronatus,Tachyphonus coronatus,Habia rubica,Habia rubica,Selenidera maculirostris,Tachyphonus coronatus,Selenidera maculirostris,Tachyphonus coronatus,Tachyphonus coronatus,Tachyphonus coronatus,Mackenziaena severa,Pyriglena,Thamnophilidae,3,Medio
3985,Pyriglena leucoptera,Pyriglena leucoptera,Pyriglena leucoptera,Pyriglena leucoptera,Pyriglena leucoptera,Pyriglena leucoptera,Pyriglena leucoptera,Pyriglena leucoptera,Pyriglena leucoptera,Pyriglena leucoptera,Pyriglena leucoptera,Pyriglena leucoptera,Pyriglena,Thamnophilidae,3,Medio
3986,Pyriglena leucoptera,Pyriglena leucoptera,Pyriglena leucoptera,Pyriglena leucoptera,Pyriglena leucoptera,Pyriglena leucoptera,Pyriglena leucoptera,Pyriglena leucoptera,Pyriglena leucoptera,Pyriglena leucoptera,Pyriglena leucoptera,Pyriglena leucoptera,Pyriglena,Thamnophilidae,3,Medio
3987,Sporophila pileata,Sporophila pileata,Sporophila pileata,Sporophila pileata,Sporophila pileata,Sporophila pileata,Sporophila pileata,Sporophila pileata,Sporophila pileata,Sporophila pileata,Sporophila pileata,Sporophila pileata,Sporophila,Thraupidae,4,Alto
3990,Sporophila pileata,Sporophila pileata,Sporophila pileata,Sporophila pileata,Sporophila pileata,Sporophila pileata,Sporophila pileata,Sporophila pileata,Sporophila pileata,Sporophila pileata,Sporophila pileata,Sporophila pileata,Sporophila,Thraupidae,4,Alto
3991,Sporophila pileata,Sporophila pileata,Sporophila pileata,Sporophila pileata,Sporophila pileata,Galictis cuja,Galictis cuja,Sporophila pileata,Sporophila pileata,Sporophila pileata,Sporophila pileata,Sporophila pileata,Sporophila,Thraupidae,4,Alto
3995,Sporophila pileata,Sporophila pileata,Sporophila pileata,Sporophila pileata,Sporophila pileata,Sporophila pileata,Sporophila pileata,Sporophila pileata,Sporophila pileata,Sporophila pileata,Sporophila pileata,Sporophila pileata,Sporophila,Thraupidae,4,Alto
3996,Sporophila pileata,Sporophila pileata,Sporophila pileata,Sporophila pileata,Sporophila pileata,Sporophila pileata,Sporophila pileata,Sporophila pileata,Sporophila pileata,Sporophila pileata,Sporophila pileata,Sporophila pileata,Sporophila,Thraupidae,4,Alto
3997,Sporophila pileata,Sporophila pileata,Sporophila pileata,Sporophila pileata,Sporophila pileata,Sporophila pileata,Sporophila pileata,Sporophila pileata,Sporophila pileata,Sporophila pileata,Sporophila pileata,Sporophila pileata,Sporophila,Thraupidae,4,Alto
3998,Sporophila pileata,Sporophila pileata,Sporophila pileata,Sporophila pileata,Sporophila pileata,Sporophila pileata,Sporophila pileata,Sporophila pileata,Sporophila pileata,Sporophila pileata,Sporophila pileata,Sporophila pileata,Sporophila,Thraupidae,4,Alto
3999,Sporophila pileata,Sporophila pileata,Sporophila pileata,Sporophila pileata,Sporophila pileata,Sporophila pileata,Sporophila pileata,Sporophila pileata,Sporophila pileata,Sporophila pileata,Sporophila pileata,Sporophila pileata,Sporophila,Thraupidae,4,Alto
4000,Sporophila pileata,Sporophila pileata,Sporophila pileata,Sporophila pileata,Sporophila pileata,Sporophila pileata,Sporophila pileata,Sporophila pileata,Sporophila pileata,Sporophila pileata,Sporophila pileata,Sporophila pileata,Sporophila,Thraupidae,4,Alto
4001,Sporophila pileata,Sporophila pileata,Sporophila pileata,Sporophila pileata,Sporophila pileata,Sporophila pileata,Sporophila pileata,Sporophila pileata,Sporophila pileata,Sporophila pileata,Sporophila pileata,Sporophila pileata,Sporophila,Thraupidae,4,Alto
4002,Sporophila pileata,Sporophila pileata,Sporophila pileata,Sporophila pileata,Sporophila pileata,Sporophila pileata,Sporophila pileata,Sporophila pileata,Sporophila pileata,Sporophila pileata,Sporophila pileata,Sporophila pileata,Sporophila,Thraupidae,4,Alto
4003,Sporophila pileata,Sporophila pileata,Sporophila pileata,Sporophila pileata,Sporophila pileata,Sporophila pileata,Sporophila pileata,Sporophila pileata,Sporophila pileata,Sporophila pileata,Sporophila pileata,Sporophila pileata,Sporophila,Thraupidae,4,Alto
4004,Sporophila pileata,Sporophila pileata,Sporophila pileata,Sporophila pileata,Sporophila pileata,Sporophila pileata,Sporophila pileata,Lepus europaeus,Sporophila pileata,Sporophila pileata,Sporophila pileata,Sporophila pileata,Sporophila,Thraupidae,4,Alto
4005,Sporophila pileata,Sporophila pileata,Sporophila pileata,Sporophila pileata,Sporophila pileata,Sporophila pileata,Sporophila pileata,Sporophila pileata,Sporophila pileata,Sporophila pileata,Sporophila pileata,Sporophila pileata,Sporophila,Thraupidae,4,Alto
4006,Sporophila pileata,Sporophila pileata,Sporophila pileata,Sporophila pileata,Sporophila pileata,Sporophila pileata,Sporophila pileata,Sporophila pileata,Sporophila pileata,Sporophila pileata,Sporophila pileata,Sporophila pileata,Sporophila,Thraupidae,4,Alto
4007,Sporophila pileata,Sporophila pileata,Sporophila pileata,Sporophila pileata,Sporophila pileata,Sporophila pileata,Sporophila pileata,Sporophila pileata,Sporophila pileata,Sporophila pileata,Sporophila pileata,Sporophila pileata,Sporophila,Thraupidae,4,Alto
4008,Sporophila pileata,Sporophila pileata,Sporophila pileata,Sporophila pileata,Sporophila pileata,Sporophila pileata,Sporophila pileata,Sporophila pileata,Sporophila pileata,Sporophila pileata,Sporophila pileata,Sporophila pileata,Sporophila,Thraupidae,4,Alto
4010,Sporophila pileata,Sporophila pileata,Sporophila pileata,Sporophila pileata,Sporophila pileata,Sporophila pileata,Sporophila pileata,Sporophila pileata,Sporophila pileata,Sporophila pileata,Sporophila pileata,Sporophila pileata,Sporophila,Thraupidae,4,Alto
4011,Sporophila pileata,Sporophila pileata,Sporophila pileata,Sporophila pileata,Sporophila pileata,Sporophila pileata,Sporophila pileata,Sporophila pileata,Sporophila pileata,Sporophila pileata,Sporophila pileata,Sporophila pileata,Sporophila,Thraupidae,4,Alto
4012,Sporophila pileata,Sporophila pileata,Sporophila pileata,Sporophila pileata,Sporophila pileata,Sporophila pileata,Sporophila pileata,Sporophila pileata,Sporophila pileata,Sporophila pileata,Sporophila pileata,Sporophila pileata,Sporophila,Thraupidae,4,Alto
4013,Sporophila pileata,Sporophila pileata,Sporophila pileata,Sporophila pileata,Sporophila pileata,Sporophila pileata,Sporophila pileata,Sporophila pileata,Sporophila pileata,Sporophila pileata,Sporophila pileata,Sporophila pileata,Sporophila,Thraupidae,4,Alto
4015,Sporophila pileata,Sporophila pileata,Sporophila pileata,Sporophila pileata,Sporophila pileata,Sporophila pileata,Sporophila pileata,Sporophila pileata,Sporophila pileata,Sporophila pileata,Sporophila pileata,Sporophila pileata,Sporophila,Thraupidae,4,Alto
4016,Sporophila pileata,Sporophila pileata,Sporophila pileata,Sporophila pileata,Sporophila pileata,Sporophila pileata,Sporophila pileata,Sporophila pileata,Sporophila pileata,Sporophila pileata,Sporophila pileata,Sporophila pileata,Sporophila,Thraupidae,4,Alto
4017,Sporophila pileata,Sporophila pileata,Sporophila pileata,Sporophila pileata,Sporophila pileata,Sporophila pileata,Sporophila pileata,Sporophila pileata,Sporophila pileata,Sporophila pileata,Sporophila pileata,Sporophila pileata,Sporophila,Thraupidae,4,Alto
4018,Sporophila pileata,Sporophila pileata,Sporophila pileata,Sporophila pileata,Sporophila pileata,Sporophila pileata,Sporophila pileata,Sporophila pileata,Sporophila pileata,Sporophila pileata,Sporophila pileata,Sporophila pileata,Sporophila,Thraupidae,4,Alto
4020,Sporophila pileata,Sporophila pileata,Sporophila pileata,Gubernetes yetapa,Gubernetes yetapa,Sporophila pileata,Sporophila pileata,Sporophila pileata,Sporophila pileata,Sporophila pileata,Sporophila pileata,Sporophila pileata,Sporophila,Thraupidae,4,Alto
4021,Sporophila pileata,Sporophila pileata,Sporophila pileata,Sporophila pileata,Sporophila pileata,Sporophila pileata,Sporophila pileata,Sporophila pileata,Sporophila pileata,Sporophila pileata,Sporophila pileata,Sporophila pileata,Sporophila,Thraupidae,4,Alto
4023,Sporophila pileata,Sporophila pileata,Sporophila pileata,Sporophila pileata,Sporophila pileata,Sporophila pileata,Sporophila pileata,Sporophila pileata,Sporophila pileata,Sporophila pileata,Sporophila pileata,Sporophila pileata,Sporophila,Thraupidae,4,Alto
4025,Sporophila pileata,Sporophila pileata,Sporophila pileata,Sporophila pileata,Sporophila pileata,Sporophila pileata,Sporophila pileata,Sporophila pileata,Sporophila pileata,Sporophila pileata,Sporophila pileata,Sporophila pileata,Sporophila,Thraupidae,4,Alto
4026,Sporophila pileata,Sporophila pileata,Sporophila pileata,Sporophila pileata,Sporophila pileata,Sporophila pileata,Sporophila pileata,Sporophila pileata,Sporophila pileata,Sporophila pileata,Sporophila pileata,Sporophila pileata,Sporophila,Thraupidae,4,Alto
4027,Sporophila pileata,Sporophila pileata,Sporophila pileata,Sporophila pileata,Sporophila pileata,Sporophila pileata,Sporophila pileata,Sporophila pileata,Sporophila pileata,Sporophila pileata,Sporophila pileata,Sporophila pileata,Sporophila,Thraupidae,4,Alto
4029,Sporophila pileata,Sporophila pileata,Sporophila pileata,Sporophila pileata,Sporophila pileata,Sporophila pileata,Sporophila pileata,Sporophila pileata,Sporophila pileata,Sporophila pileata,Sporophila pileata,Sporophila pileata,Sporophila,Thraupidae,4,Alto
4030,Sporophila pileata,Sporophila pileata,Sporophila pileata,Sporophila pileata,Sporophila pileata,Sporophila pileata,Sporophila pileata,Sporophila pileata,Sporophila pileata,Sporophila pileata,Sporophila pileata,Sporophila pileata,Sporophila,Thraupidae,4,Alto
4031,Sporophila pileata,Sporophila pileata,Sporophila pileata,Gubernetes yetapa,Sporophila pileata,Sporophila pileata,Sporophila pileata,Sporophila pileata,Sporophila pileata,Sporophila pileata,Sporophila pileata,Sporophila pileata,Sporophila,Thraupidae,4,Alto
4032,Sporophila pileata,Sporophila pileata,Sporophila pileata,Sporophila pileata,Sporophila pileata,Sporophila pileata,Sporophila pileata,Sporophila pileata,Sporophila pileata,Sporophila pileata,Sporophila pileata,Sporophila pileata,Sporophila,Thraupidae,4,Alto
4033,Sporophila pileata,Sporophila pileata,Sporophila pileata,Sporophila pileata,Sporophila pileata,Sporophila pileata,Sporophila pileata,Sporophila pileata,Sporophila pileata,Sporophila pileata,Sporophila pileata,Sporophila pileata,Sporophila,Thraupidae,4,Alto
4034,Sporophila pileata,Sporophila pileata,Sporophila pileata,Pyriglena leucoptera,Sporophila pileata,Sporophila pileata,Sporophila pileata,Hypoedaleus guttatus,Sporophila pileata,Sporophila pileata,Sporophila pileata,Sporophila pileata,Sporophila,Thraupidae,4,Alto
4035,Sporophila pileata,Sporophila pileata,Sporophila pileata,Sporophila pileata,Sporophila pileata,Sporophila pileata,Sporophila pileata,Sporophila pileata,Sporophila pileata,Sporophila pileata,Sporophila pileata,Sporophila pileata,Sporophila,Thraupidae,4,Alto
4036,Sporophila pileata,Sporophila pileata,Sporophila pileata,Sporophila pileata,Sporophila pileata,Sporophila pileata,Sporophila pileata,Sporophila pileata,Sporophila pileata,Sporophila pileata,Sporophila pileata,Sporophila pileata,Sporophila,Thraupidae,4,Alto
4037,Sporophila pileata,Sporophila pileata,Sporophila pileata,Sporophila pileata,Sporophila pileata,Sporophila pileata,Sporophila pileata,Sporophila pileata,Sporophila pileata,Sporophila pileata,Sporophila pileata,Sporophila pileata,Sporophila,Thraupidae,4,Alto
4038,Sporophila pileata,Sporophila pileata,Sporophila pileata,Sporophila pileata,Sporophila pileata,Sporophila pileata,Sporophila pileata,Sporophila pileata,Sporophila pileata,Sporophila pileata,Sporophila pileata,Sporophila pileata,Sporophila,Thraupidae,4,Alto
4039,Sporophila pileata,Sporophila pileata,Sporophila pileata,Sporophila pileata,Sporophila pileata,Sporophila pileata,Sporophila pileata,Sporophila pileata,Sporophila pileata,Sporophila pileata,Sporophila pileata,Sporophila pileata,Sporophila,Thraupidae,4,Alto
4040,Sporophila pileata,Sporophila pileata,Sporophila pileata,Sporophila pileata,Sporophila pileata,Sporophila pileata,Sporophila pileata,Sporophila pileata,Sporophila pileata,Sporophila pileata,Sporophila pileata,Sporophila pileata,Sporophila,Thraupidae,4,Alto
4041,Sporophila pileata,Sporophila pileata,Sporophila pileata,Sporophila pileata,Sporophila pileata,Sporophila pileata,Sporophila pileata,Sporophila pileata,Sporophila pileata,Sporophila pileata,Sporophila pileata,Sporophila pileata,Sporophila,Thraupidae,4,Alto
4042,Sporophila pileata,Sporophila pileata,Sporophila pileata,Sporophila pileata,Sporophila pileata,Sporophila pileata,Sporophila pileata,Sporophila pileata,Sporophila pileata,Sporophila pileata,Sporophila pileata,Sporophila pileata,Sporophila,Thraupidae,4,Alto
4043,Sporophila pileata,Sporophila pileata,Sporophila pileata,Sporophila pileata,Sporophila pileata,Sporophila pileata,Sporophila pileata,Sporophila pileata,Sporophila pileata,Sporophila pileata,Sporophila pileata,Sporophila pileata,Sporophila,Thraupidae,4,Alto
4044,Sporophila pileata,Sporophila pileata,Sporophila pileata,Sporophila pileata,Sporophila pileata,Sporophila pileata,Sporophila pileata,Sporophila pileata,Sporophila pileata,Sporophila pileata,Sporophila pileata,Sporophila pileata,Sporophila,Thraupidae,4,Alto
4045,Sporophila pileata,Sporophila pileata,Sporophila pileata,Sporophila pileata,Sporophila pileata,Sporophila pileata,Sporophila pileata,Sporophila pileata,Sporophila pileata,Sporophila pileata,Sporophila pileata,Sporophila pileata,Sporophila,Thraupidae,4,Alto
4046,Sporophila pileata,Sporophila pileata,Sporophila pileata,Sporophila pileata,Sporophila pileata,Sporophila pileata,Sporophila pileata,Sporophila pileata,Sporophila pileata,Sporophila pileata,Sporophila pileata,Sporophila pileata,Sporophila,Thraupidae,4,Alto
4048,Tachyphonus coronatus,Pyriglena leucoptera,Tachyphonus coronatus,Pipile jacutinga,Pyriglena leucoptera,Amazona vinacea,Pyriglena leucoptera,Pipile jacutinga,Tachyphonus coronatus,Tachyphonus coronatus,Tachyphonus coronatus,Pyriglena leucoptera,Tachyphonus,Thraupidae,3,Medio
4049,Tachyphonus coronatus,Tachyphonus coronatus,Leopardus guttulus,Cyanoloxia brissonii,Cyanoloxia brissonii,Tachyphonus coronatus,Tachyphonus coronatus,Cyanoloxia brissonii,Leopardus guttulus,Leopardus guttulus,Leopardus guttulus,Tachyphonus coronatus,Tachyphonus,Thraupidae,3,Medio
4050,Tachyphonus coronatus,Tachyphonus coronatus,Tachyphonus coronatus,Tachyphonus coronatus,Tachyphonus coronatus,Tachyphonus coronatus,Tachyphonus coronatus,Cyanoloxia brissonii,Tachyphonus coronatus,Tachyphonus coronatus,Tachyphonus coronatus,Tachyphonus coronatus,Tachyphonus,Thraupidae,3,Medio
4051,Tachyphonus coronatus,Tachyphonus coronatus,Tachyphonus coronatus,Tachyphonus coronatus,Tachyphonus coronatus,Tachyphonus coronatus,Tachyphonus coronatus,Tachyphonus coronatus,Tachyphonus coronatus,Tachyphonus coronatus,Tachyphonus coronatus,Tachyphonus coronatus,Tachyphonus,Thraupidae,3,Medio
4053,Tachyphonus coronatus,Habia rubica,Synallaxis ruficapilla,Biatas nigropectus,Habia rubica,Habia rubica,Habia rubica,Habia rubica,Synallaxis ruficapilla,Synallaxis ruficapilla,Synallaxis ruficapilla,Habia rubica,Tachyphonus,Thraupidae,3,Medio
4054,Tachyphonus coronatus,Habia rubica,Tachyphonus coronatus,Tachyphonus coronatus,Habia rubica,Tachyphonus coronatus,Habia rubica,Habia rubica,Tachyphonus coronatus,Tachyphonus coronatus,Tachyphonus coronatus,Habia rubica,Tachyphonus,Thraupidae,3,Medio
4055,Tachyphonus coronatus,Tachyphonus coronatus,Tachyphonus coronatus,Tachyphonus coronatus,Tachyphonus coronatus,Tachyphonus coronatus,Tachyphonus coronatus,Tachyphonus coronatus,Tachyphonus coronatus,Tachyphonus coronatus,Tachyphonus coronatus,Tachyphonus coronatus,Tachyphonus,Thraupidae,3,Medio
4056,Tachyphonus coronatus,Tachyphonus coronatus,Tachyphonus coronatus,Tachyphonus coronatus,Tachyphonus coronatus,Tachyphonus coronatus,Tachyphonus coronatus,Tachyphonus coronatus,Tachyphonus coronatus,Tachyphonus coronatus,Tachyphonus coronatus,Tachyphonus coronatus,Tachyphonus,Thraupidae,3,Medio
4057,Tachyphonus coronatus,Tachyphonus coronatus,Galictis cuja,Galictis cuja,Turdus rufiventris,Tachyphonus coronatus,Tachyphonus coronatus,Manacus manacus,Galictis cuja,Galictis cuja,Galictis cuja,Tachyphonus coronatus,Tachyphonus,Thraupidae,3,Medio
4059,Tachyphonus coronatus,Habia rubica,Tachyphonus coronatus,Tachyphonus coronatus,Habia rubica,Tachyphonus coronatus,Habia rubica,Habia rubica,Tachyphonus coronatus,Tachyphonus coronatus,Tachyphonus coronatus,Habia rubica,Tachyphonus,Thraupidae,3,Medio
4060,Tachyphonus coronatus,Pyriglena leucoptera,Pyriglena leucoptera,Pyriglena leucoptera,Pyriglena leucoptera,Pyriglena leucoptera,Pyriglena leucoptera,Selenidera maculirostris,Pyriglena leucoptera,Pyriglena leucoptera,Pyriglena leucoptera,Pyriglena leucoptera,Tachyphonus,Thraupidae,3,Medio
4061,Tachyphonus coronatus,Tachyphonus coronatus,Tachyphonus coronatus,Tachyphonus coronatus,Cyanoloxia brissonii,Tachyphonus coronatus,Tachyphonus coronatus,Tachyphonus coronatus,Tachyphonus coronatus,Tachyphonus coronatus,Tachyphonus coronatus,Tachyphonus coronatus,Tachyphonus,Thraupidae,3,Medio
4062,Tachyphonus coronatus,Tachyphonus coronatus,Tachyphonus coronatus,Tachyphonus coronatus,Tachyphonus coronatus,Tachyphonus coronatus,Tachyphonus coronatus,Tachyphonus coronatus,Tachyphonus coronatus,Tachyphonus coronatus,Tachyphonus coronatus,Tachyphonus coronatus,Tachyphonus,Thraupidae,3,Medio
4063,Tachyphonus coronatus,Tachyphonus coronatus,Tachyphonus coronatus,Cyanoloxia brissonii,Cyanoloxia brissonii,Cyanoloxia brissonii,Tachyphonus coronatus,Cyanoloxia brissonii,Tachyphonus coronatus,Tachyphonus coronatus,Tachyphonus coronatus,Cyanoloxia brissonii,Tachyphonus,Thraupidae,3,Medio
4064,Tachyphonus coronatus,Tachyphonus coronatus,Cyanoloxia brissonii,Penelope superciliaris,Penelope superciliaris,Tachyphonus coronatus,Tachyphonus coronatus,Cyanoloxia brissonii,Cyanoloxia brissonii,Cyanoloxia brissonii,Cyanoloxia brissonii,Tachyphonus coronatus,Tachyphonus,Thraupidae,3,Medio
4065,Tachyphonus coronatus,Tachyphonus coronatus,Tachyphonus coronatus,Tachyphonus coronatus,Tachyphonus coronatus,Tachyphonus coronatus,Tachyphonus coronatus,Tachyphonus coronatus,Tachyphonus coronatus,Tachyphonus coronatus,Tachyphonus coronatus,Tachyphonus coronatus,Tachyphonus,Thraupidae,3,Medio
4066,Tachyphonus coronatus,Tachyphonus coronatus,Tachyphonus coronatus,Tachyphonus coronatus,Tachyphonus coronatus,Tachyphonus coronatus,Tachyphonus coronatus,Tachyphonus coronatus,Tachyphonus coronatus,Tachyphonus coronatus,Tachyphonus coronatus,Tachyphonus coronatus,Tachyphonus,Thraupidae,3,Medio
4067,Tachyphonus coronatus,Tachyphonus coronatus,Tachyphonus coronatus,Tachyphonus coronatus,Tachyphonus coronatus,Tachyphonus coronatus,Tachyphonus coronatus,Tachyphonus coronatus,Tachyphonus coronatus,Tachyphonus coronatus,Tachyphonus coronatus,Tachyphonus coronatus,Tachyphonus,Thraupidae,3,Medio
4068,Tachyphonus coronatus,Tachyphonus coronatus,Cyanoloxia brissonii,Tachyphonus coronatus,Tachyphonus coronatus,Tachyphonus coronatus,Tachyphonus coronatus,Cyanoloxia brissonii,Cyanoloxia brissonii,Cyanoloxia brissonii,Cyanoloxia brissonii,Tachyphonus coronatus,Tachyphonus,Thraupidae,3,Medio
4069,Tachyphonus coronatus,Tachyphonus coronatus,Tachyphonus coronatus,Tachyphonus coronatus,Tachyphonus coronatus,Tachyphonus coronatus,Tachyphonus coronatus,Tachyphonus coronatus,Tachyphonus coronatus,Tachyphonus coronatus,Tachyphonus coronatus,Tachyphonus coronatus,Tachyphonus,Thraupidae,3,Medio
4071,Tachyphonus coronatus,Tachyphonus coronatus,Tachyphonus coronatus,Tachyphonus coronatus,Tachyphonus coronatus,Tachyphonus coronatus,Tachyphonus coronatus,Tachyphonus coronatus,Tachyphonus coronatus,Tachyphonus coronatus,Tachyphonus coronatus,Tachyphonus coronatus,Tachyphonus,Thraupidae,3,Medio
4072,Tachyphonus coronatus,Tachyphonus coronatus,Tachyphonus coronatus,Tachyphonus coronatus,Tachyphonus coronatus,Tachyphonus coronatus,Tachyphonus coronatus,Mackenziaena severa,Tachyphonus coronatus,Tachyphonus coronatus,Tachyphonus coronatus,Tachyphonus coronatus,Tachyphonus,Thraupidae,3,Medio
4073,Tachyphonus coronatus,Tachyphonus coronatus,Tachyphonus coronatus,Tachyphonus coronatus,Tachyphonus coronatus,Tachyphonus coronatus,Tachyphonus coronatus,Cyanoloxia brissonii,Tachyphonus coronatus,Tachyphonus coronatus,Tachyphonus coronatus,Tachyphonus coronatus,Tachyphonus,Thraupidae,3,Medio
4075,Tachyphonus coronatus,Tachyphonus coronatus,Tachyphonus coronatus,Tachyphonus coronatus,Pyriglena leucoptera,Pyriglena leucoptera,Tachyphonus coronatus,Tachyphonus coronatus,Tachyphonus coronatus,Tachyphonus coronatus,Tachyphonus coronatus,Tachyphonus coronatus,Tachyphonus,Thraupidae,3,Medio
4076,Tachyphonus coronatus,Tachyphonus coronatus,Tachyphonus coronatus,Tachyphonus coronatus,Tachyphonus coronatus,Tachyphonus coronatus,Tachyphonus coronatus,Tachyphonus coronatus,Tachyphonus coronatus,Tachyphonus coronatus,Tachyphonus coronatus,Tachyphonus coronatus,Tachyphonus,Thraupidae,3,Medio
4077,Tachyphonus coronatus,Cyanoloxia brissonii,Cyanoloxia brissonii,Cyanoloxia brissonii,Cyanoloxia brissonii,Cyanoloxia brissonii,Cyanoloxia brissonii,Cyanoloxia brissonii,Cyanoloxia brissonii,Cyanoloxia brissonii,Cyanoloxia brissonii,Cyanoloxia brissonii,Tachyphonus,Thraupidae,3,Medio
4078,Tachyphonus coronatus,Cyanoloxia brissonii,Cyanoloxia brissonii,Cyanoloxia brissonii,Cyanoloxia brissonii,Cyanoloxia brissonii,Tachyphonus coronatus,Cyanoloxia brissonii,Cyanoloxia brissonii,Cyanoloxia brissonii,Cyanoloxia brissonii,Cyanoloxia brissonii,Tachyphonus,Thraupidae,3,Medio
4079,Tachyphonus coronatus,Tachyphonus coronatus,Tachyphonus coronatus,Tachyphonus coronatus,Tachyphonus coronatus,Tachyphonus coronatus,Tachyphonus coronatus,Tachyphonus coronatus,Tachyphonus coronatus,Tachyphonus coronatus,Tachyphonus coronatus,Tachyphonus coronatus,Tachyphonus,Thraupidae,3,Medio
4080,Tachyphonus coronatus,Tachyphonus coronatus,Cyanoloxia brissonii,Cyanoloxia brissonii,Cyanoloxia brissonii,Cyanoloxia brissonii,Cyanoloxia brissonii,Cyanoloxia brissonii,Cyanoloxia brissonii,Cyanoloxia brissonii,Cyanoloxia brissonii,Cyanoloxia brissonii,Tachyphonus,Thraupidae,3,Medio
4081,Tachyphonus coronatus,Tachyphonus coronatus,Cyanoloxia brissonii,Cyanoloxia brissonii,Cyanoloxia brissonii,Cyanocorax chrysops,Tachyphonus coronatus,Cyanocorax chrysops,Cyanoloxia brissonii,Cyanoloxia brissonii,Cyanoloxia brissonii,Tachyphonus coronatus,Tachyphonus,Thraupidae,3,Medio
4082,Tachyphonus coronatus,Tachyphonus coronatus,Tachyphonus coronatus,Tachyphonus coronatus,Tachyphonus coronatus,Tachyphonus coronatus,Tachyphonus coronatus,Tachyphonus coronatus,Tachyphonus coronatus,Tachyphonus coronatus,Tachyphonus coronatus,Tachyphonus coronatus,Tachyphonus,Thraupidae,3,Medio
4083,Tachyphonus coronatus,Pyriglena leucoptera,Cyanoloxia brissonii,Cyanoloxia brissonii,Cyanoloxia brissonii,Penelope superciliaris,Pyriglena leucoptera,Pyriglena leucoptera,Cyanoloxia brissonii,Cyanoloxia brissonii,Cyanoloxia brissonii,Pyriglena leucoptera,Tachyphonus,Thraupidae,3,Medio
4084,Tachyphonus coronatus,Habia rubica,Habia rubica,Biatas nigropectus,Habia rubica,Habia rubica,Habia rubica,Habia rubica,Habia rubica,Habia rubica,Habia rubica,Habia rubica,Tachyphonus,Thraupidae,3,Medio
4085,Tachyphonus coronatus,Tachyphonus coronatus,Tachyphonus coronatus,Tachyphonus coronatus,Tachyphonus coronatus,Tachyphonus coronatus,Tachyphonus coronatus,Cyanoloxia brissonii,Tachyphonus coronatus,Tachyphonus coronatus,Tachyphonus coronatus,Tachyphonus coronatus,Tachyphonus,Thraupidae,3,Medio
4086,Tachyphonus coronatus,Habia rubica,Habia rubica,Habia rubica,Habia rubica,Habia rubica,Habia rubica,Habia rubica,Habia rubica,Habia rubica,Habia rubica,Habia rubica,Tachyphonus,Thraupidae,3,Medio
4087,Tachyphonus coronatus,Habia rubica,Habia rubica,Habia rubica,Habia rubica,Habia rubica,Habia rubica,Habia rubica,Habia rubica,Habia rubica,Habia rubica,Habia rubica,Tachyphonus,Thraupidae,3,Medio
4088,Tachyphonus coronatus,Tachyphonus coronatus,Tachyphonus coronatus,Tachyphonus coronatus,Tachyphonus coronatus,Tachyphonus coronatus,Tachyphonus coronatus,Tachyphonus coronatus,Tachyphonus coronatus,Tachyphonus coronatus,Tachyphonus coronatus,Tachyphonus coronatus,Tachyphonus,Thraupidae,3,Medio
4089,Tachyphonus coronatus,Tachyphonus coronatus,Tachyphonus coronatus,Tachyphonus coronatus,Tachyphonus coronatus,Tachyphonus coronatus,Tachyphonus coronatus,Tachyphonus coronatus,Tachyphonus coronatus,Tachyphonus coronatus,Tachyphonus coronatus,Tachyphonus coronatus,Tachyphonus,Thraupidae,3,Medio
4091,Tachyphonus coronatus,Habia rubica,Habia rubica,Habia rubica,Habia rubica,Habia rubica,Habia rubica,Habia rubica,Habia rubica,Habia rubica,Habia rubica,Habia rubica,Tachyphonus,Thraupidae,3,Medio
4093,Tachyphonus coronatus,Tachyphonus coronatus,Tachyphonus coronatus,Tachyphonus coronatus,Tachyphonus coronatus,Tachyphonus coronatus,Tachyphonus coronatus,Cyanoloxia brissonii,Tachyphonus coronatus,Tachyphonus coronatus,Tachyphonus coronatus,Tachyphonus coronatus,Tachyphonus,Thraupidae,3,Medio
4096,Tachyphonus coronatus,Tachyphonus coronatus,Cyanoloxia brissonii,Cyanoloxia brissonii,Cyanoloxia brissonii,Tachyphonus coronatus,Tachyphonus coronatus,Cyanoloxia brissonii,Cyanoloxia brissonii,Cyanoloxia brissonii,Cyanoloxia brissonii,Tachyphonus coronatus,Tachyphonus,Thraupidae,3,Medio
4097,Tachyphonus coronatus,Tachyphonus coronatus,Tachyphonus coronatus,Tachyphonus coronatus,Tachyphonus coronatus,Tachyphonus coronatus,Tachyphonus coronatus,Tachyphonus coronatus,Tachyphonus coronatus,Tachyphonus coronatus,Tachyphonus coronatus,Tachyphonus coronatus,Tachyphonus,Thraupidae,3,Medio
4098,Tachyphonus coronatus,Tachyphonus coronatus,Tachyphonus coronatus,Tachyphonus coronatus,Tachyphonus coronatus,Tachyphonus coronatus,Tachyphonus coronatus,Tachyphonus coronatus,Tachyphonus coronatus,Tachyphonus coronatus,Tachyphonus coronatus,Tachyphonus coronatus,Tachyphonus,Thraupidae,3,Medio
4100,Tachyphonus coronatus,Habia rubica,Habia rubica,Habia rubica,Habia rubica,Habia rubica,Habia rubica,Habia rubica,Habia rubica,Habia rubica,Habia rubica,Habia rubica,Tachyphonus,Thraupidae,3,Medio
4101,Tachyphonus coronatus,Cyanoloxia brissonii,Pogonotriccus eximius,Didelphis albiventris,Cyanoloxia brissonii,Sapajus nigritus,Sapajus nigritus,Manacus manacus,Pogonotriccus eximius,Pogonotriccus eximius,Pogonotriccus eximius,Cyanoloxia brissonii,Tachyphonus,Thraupidae,3,Medio
4103,Tachyphonus coronatus,Tachyphonus coronatus,Tachyphonus coronatus,Tachyphonus coronatus,Tachyphonus coronatus,Tachyphonus coronatus,Tachyphonus coronatus,Tachyphonus coronatus,Tachyphonus coronatus,Tachyphonus coronatus,Tachyphonus coronatus,Tachyphonus coronatus,Tachyphonus,Thraupidae,3,Medio
4104,Tachyphonus coronatus,Tachyphonus coronatus,Tachyphonus coronatus,Tachyphonus coronatus,Tachyphonus coronatus,Tachyphonus coronatus,Tachyphonus coronatus,Cyanoloxia brissonii,Tachyphonus coronatus,Tachyphonus coronatus,Tachyphonus coronatus,Tachyphonus coronatus,Tachyphonus,Thraupidae,3,Medio
4105,Tachyphonus coronatus,Tachyphonus coronatus,Tachyphonus coronatus,Tachyphonus coronatus,Tachyphonus coronatus,Tachyphonus coronatus,Tachyphonus coronatus,Tachyphonus coronatus,Tachyphonus coronatus,Tachyphonus coronatus,Tachyphonus coronatus,Tachyphonus coronatus,Tachyphonus,Thraupidae,3,Medio
4106,Tachyphonus coronatus,Tachyphonus coronatus,Cyanoloxia brissonii,Cyanoloxia brissonii,Cyanoloxia brissonii,Cyanoloxia brissonii,Tachyphonus coronatus,Tachyphonus coronatus,Cyanoloxia brissonii,Cyanoloxia brissonii,Cyanoloxia brissonii,Tachyphonus coronatus,Tachyphonus,Thraupidae,3,Medio
4108,Tachyphonus coronatus,Nyctidromus albicollis,Cyanoloxia brissonii,Habia rubica,Habia rubica,Habia rubica,Habia rubica,Hypoedaleus guttatus,Cyanoloxia brissonii,Cyanoloxia brissonii,Cyanoloxia brissonii,Grallaria varia,Tachyphonus,Thraupidae,3,Medio
4110,Tachyphonus coronatus,Tachyphonus coronatus,Tachyphonus coronatus,Tachyphonus coronatus,Tachyphonus coronatus,Tachyphonus coronatus,Tachyphonus coronatus,Tachyphonus coronatus,Tachyphonus coronatus,Tachyphonus coronatus,Tachyphonus coronatus,Tachyphonus coronatus,Tachyphonus,Thraupidae,3,Medio
4111,Tachyphonus coronatus,Habia rubica,Tachyphonus coronatus,Habia rubica,Habia rubica,Habia rubica,Habia rubica,Tachyphonus coronatus,Tachyphonus coronatus,Tachyphonus coronatus,Tachyphonus coronatus,Habia rubica,Tachyphonus,Thraupidae,3,Medio
4113,Tachyphonus coronatus,Habia rubica,Habia rubica,Tachyphonus coronatus,Habia rubica,Tachyphonus coronatus,Habia rubica,Habia rubica,Habia rubica,Habia rubica,Habia rubica,Habia rubica,Tachyphonus,Thraupidae,3,Medio
4114,Tachyphonus coronatus,Tachyphonus coronatus,Tachyphonus coronatus,Tachyphonus coronatus,Tachyphonus coronatus,Tachyphonus coronatus,Tachyphonus coronatus,Cyanoloxia brissonii,Tachyphonus coronatus,Tachyphonus coronatus,Tachyphonus coronatus,Tachyphonus coronatus,Tachyphonus,Thraupidae,3,Medio
4115,Tachyphonus coronatus,Cyanoloxia brissonii,Tachyphonus coronatus,Tachyphonus coronatus,Cyanoloxia brissonii,Cyanoloxia brissonii,Cyanoloxia brissonii,Cyanoloxia brissonii,Tachyphonus coronatus,Tachyphonus coronatus,Tachyphonus coronatus,Cyanoloxia brissonii,Tachyphonus,Thraupidae,3,Medio
4116,Crypturellus obsoletus,Crypturellus obsoletus,Crypturellus obsoletus,Crypturellus obsoletus,Crypturellus obsoletus,Crypturellus obsoletus,Crypturellus obsoletus,Crypturellus obsoletus,Crypturellus obsoletus,Crypturellus obsoletus,Crypturellus obsoletus,Crypturellus obsoletus,Crypturellus,Tinamidae,1,Bajo
4117,Crypturellus obsoletus,Crypturellus obsoletus,Crypturellus obsoletus,Crypturellus obsoletus,Crypturellus obsoletus,Penelope superciliaris,Penelope superciliaris,Penelope superciliaris,Crypturellus obsoletus,Crypturellus obsoletus,Crypturellus obsoletus,Crypturellus obsoletus,Crypturellus,Tinamidae,1,Bajo
4118,Crypturellus obsoletus,Crypturellus obsoletus,Crypturellus obsoletus,Crypturellus obsoletus,Crypturellus obsoletus,Crypturellus obsoletus,Crypturellus obsoletus,Crypturellus obsoletus,Crypturellus obsoletus,Crypturellus obsoletus,Crypturellus obsoletus,Crypturellus obsoletus,Crypturellus,Tinamidae,1,Bajo
4119,Crypturellus obsoletus,Crypturellus obsoletus,Crypturellus obsoletus,Crypturellus obsoletus,Crypturellus obsoletus,Crypturellus obsoletus,Crypturellus obsoletus,Aramides saracura,Crypturellus obsoletus,Crypturellus obsoletus,Crypturellus obsoletus,Crypturellus obsoletus,Crypturellus,Tinamidae,1,Bajo
4120,Crypturellus obsoletus,Crypturellus tataupa,Crypturellus tataupa,Aramides saracura,Crypturellus tataupa,Crypturellus tataupa,Dasyprocta azarae,Crypturellus tataupa,Crypturellus tataupa,Crypturellus tataupa,Crypturellus tataupa,Crypturellus tataupa,Crypturellus,Tinamidae,1,Bajo
4122,Crypturellus obsoletus,Crypturellus obsoletus,Crypturellus obsoletus,Crypturellus obsoletus,Crypturellus obsoletus,Crypturellus obsoletus,Crypturellus obsoletus,Aramides saracura,Crypturellus obsoletus,Crypturellus obsoletus,Crypturellus obsoletus,Crypturellus obsoletus,Crypturellus,Tinamidae,1,Bajo
4123,Crypturellus obsoletus,Crypturellus obsoletus,Crypturellus obsoletus,Crypturellus obsoletus,Crypturellus obsoletus,Crypturellus obsoletus,Crypturellus obsoletus,Aramides saracura,Crypturellus obsoletus,Crypturellus obsoletus,Crypturellus obsoletus,Crypturellus obsoletus,Crypturellus,Tinamidae,1,Bajo
4124,Crypturellus obsoletus,Crypturellus obsoletus,Tinamus solitarius,Leptotila rufaxilla,Crypturellus obsoletus,Leptotila rufaxilla,Crypturellus obsoletus,Leptotila rufaxilla,Tinamus solitarius,Tinamus solitarius,Tinamus solitarius,Crypturellus obsoletus,Crypturellus,Tinamidae,1,Bajo
4125,Crypturellus obsoletus,Crypturellus obsoletus,Crypturellus obsoletus,Crypturellus obsoletus,Crypturellus obsoletus,Leptotila rufaxilla,Crypturellus obsoletus,Crypturellus obsoletus,Crypturellus obsoletus,Crypturellus obsoletus,Crypturellus obsoletus,Crypturellus obsoletus,Crypturellus,Tinamidae,1,Bajo
4126,Crypturellus obsoletus,Crypturellus obsoletus,Crypturellus obsoletus,Crypturellus obsoletus,Crypturellus obsoletus,Crypturellus obsoletus,Crypturellus obsoletus,Crypturellus obsoletus,Crypturellus obsoletus,Crypturellus obsoletus,Crypturellus obsoletus,Crypturellus obsoletus,Crypturellus,Tinamidae,1,Bajo
4127,Crypturellus obsoletus,Tinamus solitarius,Tinamus solitarius,Crypturellus obsoletus,Tinamus solitarius,Tinamus solitarius,Tinamus solitarius,Tinamus solitarius,Tinamus solitarius,Tinamus solitarius,Tinamus solitarius,Tinamus solitarius,Crypturellus,Tinamidae,1,Bajo
4128,Crypturellus obsoletus,Crypturellus obsoletus,Crypturellus obsoletus,Crypturellus obsoletus,Crypturellus obsoletus,Crypturellus obsoletus,Crypturellus obsoletus,Crypturellus obsoletus,Crypturellus obsoletus,Crypturellus obsoletus,Crypturellus obsoletus,Crypturellus obsoletus,Crypturellus,Tinamidae,1,Bajo
4129,Crypturellus obsoletus,Crypturellus obsoletus,Crypturellus obsoletus,Crypturellus obsoletus,Crypturellus obsoletus,Crypturellus obsoletus,Crypturellus obsoletus,Crypturellus obsoletus,Crypturellus obsoletus,Crypturellus obsoletus,Crypturellus obsoletus,Crypturellus obsoletus,Crypturellus,Tinamidae,1,Bajo
4130,Crypturellus obsoletus,Pyriglena leucoptera,Crypturellus tataupa,Crypturellus tataupa,Crypturellus tataupa,Mackenziaena severa,Pyriglena leucoptera,Galictis cuja,Crypturellus tataupa,Crypturellus tataupa,Crypturellus tataupa,Pyriglena leucoptera,Crypturellus,Tinamidae,1,Bajo
4131,Crypturellus obsoletus,Crypturellus obsoletus,Crypturellus obsoletus,Crypturellus obsoletus,Crypturellus obsoletus,Crypturellus obsoletus,Crypturellus obsoletus,Crypturellus obsoletus,Crypturellus obsoletus,Crypturellus obsoletus,Crypturellus obsoletus,Crypturellus obsoletus,Crypturellus,Tinamidae,1,Bajo
4132,Crypturellus obsoletus,Pyriglena leucoptera,Myiothlypis leucoblephara,Conopophaga lineata,Conopophaga lineata,Leopardus wiedii,Nyctidromus albicollis,Biatas nigropectus,Myiothlypis leucoblephara,Myiothlypis leucoblephara,Myiothlypis leucoblephara,Grallaria varia,Crypturellus,Tinamidae,1,Bajo
4133,Crypturellus obsoletus,Crypturellus obsoletus,Crypturellus obsoletus,Crypturellus obsoletus,Crypturellus obsoletus,Crypturellus obsoletus,Crypturellus obsoletus,Crypturellus obsoletus,Crypturellus obsoletus,Crypturellus obsoletus,Crypturellus obsoletus,Crypturellus obsoletus,Crypturellus,Tinamidae,1,Bajo
4134,Crypturellus obsoletus,Crypturellus obsoletus,Crypturellus obsoletus,Crypturellus obsoletus,Crypturellus obsoletus,Crypturellus obsoletus,Crypturellus obsoletus,Crypturellus obsoletus,Crypturellus obsoletus,Crypturellus obsoletus,Crypturellus obsoletus,Crypturellus obsoletus,Crypturellus,Tinamidae,1,Bajo
4136,Crypturellus obsoletus,Dasyprocta azarae,Crypturellus obsoletus,Crypturellus obsoletus,Crypturellus obsoletus,Dasyprocta azarae,Dasyprocta azarae,Aramides saracura,Crypturellus obsoletus,Crypturellus obsoletus,Crypturellus obsoletus,Dasyprocta azarae,Crypturellus,Tinamidae,1,Bajo
4138,Crypturellus obsoletus,Crypturellus obsoletus,Crypturellus obsoletus,Crypturellus obsoletus,Crypturellus obsoletus,Crypturellus obsoletus,Crypturellus obsoletus,Crypturellus obsoletus,Crypturellus obsoletus,Crypturellus obsoletus,Crypturellus obsoletus,Crypturellus obsoletus,Crypturellus,Tinamidae,1,Bajo
4139,Crypturellus obsoletus,Crypturellus obsoletus,Crypturellus obsoletus,Crypturellus obsoletus,Crypturellus obsoletus,Crypturellus obsoletus,Crypturellus obsoletus,Aramides saracura,Crypturellus obsoletus,Crypturellus obsoletus,Crypturellus obsoletus,Crypturellus obsoletus,Crypturellus,Tinamidae,1,Bajo
4140,Crypturellus obsoletus,Crypturellus obsoletus,Crypturellus obsoletus,Crypturellus obsoletus,Crypturellus obsoletus,Crypturellus obsoletus,Crypturellus obsoletus,Leptotila rufaxilla,Crypturellus obsoletus,Crypturellus obsoletus,Crypturellus obsoletus,Crypturellus obsoletus,Crypturellus,Tinamidae,1,Bajo
4141,Crypturellus obsoletus,Crypturellus obsoletus,Crypturellus obsoletus,Crypturellus obsoletus,Crypturellus obsoletus,Crypturellus obsoletus,Crypturellus obsoletus,Crypturellus obsoletus,Crypturellus obsoletus,Crypturellus obsoletus,Crypturellus obsoletus,Crypturellus obsoletus,Crypturellus,Tinamidae,1,Bajo
4144,Crypturellus obsoletus,Crypturellus obsoletus,Crypturellus obsoletus,Crypturellus obsoletus,Crypturellus obsoletus,Leptotila verreauxi,Crypturellus obsoletus,Leptotila rufaxilla,Crypturellus obsoletus,Crypturellus obsoletus,Crypturellus obsoletus,Crypturellus obsoletus,Crypturellus,Tinamidae,1,Bajo
4145,Crypturellus obsoletus,Crypturellus obsoletus,Crypturellus obsoletus,Crypturellus obsoletus,Crypturellus obsoletus,Crypturellus obsoletus,Crypturellus obsoletus,Crypturellus obsoletus,Crypturellus obsoletus,Crypturellus obsoletus,Crypturellus obsoletus,Crypturellus obsoletus,Crypturellus,Tinamidae,1,Bajo
4146,Crypturellus obsoletus,Crypturellus obsoletus,Crypturellus obsoletus,Crypturellus obsoletus,Crypturellus obsoletus,Crypturellus obsoletus,Crypturellus obsoletus,Crypturellus obsoletus,Crypturellus obsoletus,Crypturellus obsoletus,Crypturellus obsoletus,Crypturellus obsoletus,Crypturellus,Tinamidae,1,Bajo
4147,Crypturellus obsoletus,Crypturellus obsoletus,Crypturellus obsoletus,Crypturellus obsoletus,Crypturellus obsoletus,Crypturellus obsoletus,Crypturellus obsoletus,Crypturellus obsoletus,Crypturellus obsoletus,Crypturellus obsoletus,Crypturellus obsoletus,Crypturellus obsoletus,Crypturellus,Tinamidae,1,Bajo
4148,Crypturellus obsoletus,Crypturellus obsoletus,Crypturellus obsoletus,Crypturellus obsoletus,Crypturellus obsoletus,Crypturellus obsoletus,Crypturellus obsoletus,Crypturellus obsoletus,Crypturellus obsoletus,Crypturellus obsoletus,Crypturellus obsoletus,Crypturellus obsoletus,Crypturellus,Tinamidae,1,Bajo
4149,Crypturellus obsoletus,Crypturellus obsoletus,Aramides saracura,Aramides saracura,Aramides saracura,Herpailurus yagouaroundi,Turdus albicollis,Crypturellus obsoletus,Aramides saracura,Aramides saracura,Aramides saracura,Crypturellus obsoletus,Crypturellus,Tinamidae,1,Bajo
4150,Crypturellus obsoletus,Aramides saracura,Aramides saracura,Aramides saracura,Aramides saracura,Aramides saracura,Aramides saracura,Galictis cuja,Aramides saracura,Aramides saracura,Aramides saracura,Aramides saracura,Crypturellus,Tinamidae,1,Bajo
4151,Crypturellus obsoletus,Crypturellus obsoletus,Crypturellus obsoletus,Crypturellus obsoletus,Crypturellus obsoletus,Crypturellus obsoletus,Crypturellus obsoletus,Aramides saracura,Crypturellus obsoletus,Crypturellus obsoletus,Crypturellus obsoletus,Crypturellus obsoletus,Crypturellus,Tinamidae,1,Bajo
4152,Crypturellus obsoletus,Crypturellus tataupa,Crypturellus obsoletus,Crypturellus obsoletus,Crypturellus obsoletus,Crypturellus tataupa,Crypturellus obsoletus,Aramides saracura,Crypturellus obsoletus,Crypturellus obsoletus,Crypturellus obsoletus,Crypturellus tataupa,Crypturellus,Tinamidae,1,Bajo
4154,Crypturellus obsoletus,Tinamus solitarius,Tinamus solitarius,Tinamus solitarius,Tinamus solitarius,Tinamus solitarius,Tinamus solitarius,Tinamus solitarius,Tinamus solitarius,Tinamus solitarius,Tinamus solitarius,Tinamus solitarius,Crypturellus,Tinamidae,1,Bajo
4155,Crypturellus obsoletus,Crypturellus obsoletus,Crypturellus obsoletus,Crypturellus obsoletus,Crypturellus obsoletus,Crypturellus obsoletus,Crypturellus obsoletus,Crypturellus obsoletus,Crypturellus obsoletus,Crypturellus obsoletus,Crypturellus obsoletus,Crypturellus obsoletus,Crypturellus,Tinamidae,1,Bajo
4156,Crypturellus obsoletus,Crypturellus obsoletus,Crypturellus obsoletus,Crypturellus obsoletus,Crypturellus obsoletus,Crypturellus obsoletus,Crypturellus obsoletus,Crypturellus obsoletus,Crypturellus obsoletus,Crypturellus obsoletus,Crypturellus obsoletus,Crypturellus obsoletus,Crypturellus,Tinamidae,1,Bajo
4158,Crypturellus obsoletus,Crypturellus obsoletus,Crypturellus obsoletus,Crypturellus obsoletus,Crypturellus obsoletus,Crypturellus obsoletus,Crypturellus obsoletus,Tinamus solitarius,Crypturellus obsoletus,Crypturellus obsoletus,Crypturellus obsoletus,Crypturellus obsoletus,Crypturellus,Tinamidae,1,Bajo
4159,Crypturellus obsoletus,Crypturellus obsoletus,Crypturellus obsoletus,Crypturellus obsoletus,Crypturellus obsoletus,Crypturellus obsoletus,Crypturellus obsoletus,Crypturellus obsoletus,Crypturellus obsoletus,Crypturellus obsoletus,Crypturellus obsoletus,Crypturellus obsoletus,Crypturellus,Tinamidae,1,Bajo
4162,Crypturellus tataupa,Crypturellus tataupa,Crypturellus tataupa,Crypturellus tataupa,Crypturellus obsoletus,Crypturellus tataupa,Crypturellus tataupa,Aramides saracura,Crypturellus tataupa,Crypturellus tataupa,Crypturellus tataupa,Crypturellus tataupa,Crypturellus,Tinamidae,1,Bajo
4163,Crypturellus tataupa,Crypturellus tataupa,Crypturellus tataupa,Crypturellus tataupa,Crypturellus tataupa,Crypturellus tataupa,Crypturellus tataupa,Crypturellus tataupa,Crypturellus tataupa,Crypturellus tataupa,Crypturellus tataupa,Crypturellus tataupa,Crypturellus,Tinamidae,1,Bajo
4165,Crypturellus tataupa,Crypturellus tataupa,Crypturellus tataupa,Crypturellus tataupa,Aramides saracura,Crypturellus tataupa,Crypturellus tataupa,Crypturellus obsoletus,Crypturellus tataupa,Crypturellus tataupa,Crypturellus tataupa,Crypturellus tataupa,Crypturellus,Tinamidae,1,Bajo
4166,Crypturellus tataupa,Crypturellus obsoletus,Crypturellus obsoletus,Crypturellus obsoletus,Crypturellus obsoletus,Crypturellus obsoletus,Crypturellus obsoletus,Tinamus solitarius,Crypturellus obsoletus,Crypturellus obsoletus,Crypturellus obsoletus,Crypturellus obsoletus,Crypturellus,Tinamidae,1,Bajo
4167,Crypturellus tataupa,Crypturellus obsoletus,Crypturellus tataupa,Aramides saracura,Aramides saracura,Crypturellus obsoletus,Crypturellus obsoletus,Aramides saracura,Crypturellus tataupa,Crypturellus tataupa,Crypturellus tataupa,Crypturellus obsoletus,Crypturellus,Tinamidae,1,Bajo
4169,Crypturellus tataupa,Aramides saracura,Aramides saracura,Aramides saracura,Aramides saracura,Aramides saracura,Aramides saracura,Aramides saracura,Aramides saracura,Aramides saracura,Aramides saracura,Aramides saracura,Crypturellus,Tinamidae,1,Bajo
4171,Crypturellus tataupa,Crypturellus tataupa,Aramides saracura,Crypturellus obsoletus,Aramides saracura,Crypturellus tataupa,Crypturellus tataupa,Crypturellus tataupa,Aramides saracura,Aramides saracura,Aramides saracura,Crypturellus tataupa,Crypturellus,Tinamidae,1,Bajo
4172,Crypturellus tataupa,Crypturellus tataupa,Crypturellus tataupa,Crypturellus tataupa,Aramides saracura,Crypturellus tataupa,Crypturellus tataupa,Crypturellus tataupa,Crypturellus tataupa,Crypturellus tataupa,Crypturellus tataupa,Crypturellus tataupa,Crypturellus,Tinamidae,1,Bajo
4173,Crypturellus tataupa,Crypturellus tataupa,Crypturellus tataupa,Crypturellus tataupa,Crypturellus tataupa,Crypturellus tataupa,Crypturellus tataupa,Aramides saracura,Crypturellus tataupa,Crypturellus tataupa,Crypturellus tataupa,Crypturellus tataupa,Crypturellus,Tinamidae,1,Bajo
4175,Crypturellus tataupa,Crypturellus tataupa,Crypturellus tataupa,Crypturellus tataupa,Crypturellus tataupa,Crypturellus tataupa,Crypturellus tataupa,Crypturellus tataupa,Crypturellus tataupa,Crypturellus tataupa,Crypturellus tataupa,Crypturellus tataupa,Crypturellus,Tinamidae,1,Bajo
4177,Crypturellus tataupa,Crypturellus tataupa,Crypturellus tataupa,Crypturellus tataupa,Crypturellus tataupa,Crypturellus tataupa,Crypturellus tataupa,Crypturellus tataupa,Crypturellus tataupa,Crypturellus tataupa,Crypturellus tataupa,Crypturellus tataupa,Crypturellus,Tinamidae,1,Bajo
4178,Crypturellus tataupa,Crypturellus tataupa,Crypturellus tataupa,Aramides saracura,Aramides saracura,Aramides saracura,Aramides saracura,Aramides saracura,Crypturellus tataupa,Crypturellus tataupa,Crypturellus tataupa,Crypturellus tataupa,Crypturellus,Tinamidae,1,Bajo
4179,Crypturellus tataupa,Crypturellus obsoletus,Crypturellus obsoletus,Crypturellus obsoletus,Crypturellus obsoletus,Crypturellus obsoletus,Crypturellus obsoletus,Crypturellus obsoletus,Crypturellus obsoletus,Crypturellus obsoletus,Crypturellus obsoletus,Crypturellus obsoletus,Crypturellus,Tinamidae,1,Bajo
4180,Crypturellus tataupa,Herpailurus yagouaroundi,Geotrygon montana,Crypturellus obsoletus,Crypturellus obsoletus,Leptotila rufaxilla,Lontra longicaudis,Brotogeris chiriri,Geotrygon montana,Geotrygon montana,Geotrygon montana,Herpailurus yagouaroundi,Crypturellus,Tinamidae,1,Bajo
4181,Crypturellus tataupa,Crypturellus tataupa,Crypturellus tataupa,Crypturellus tataupa,Crypturellus tataupa,Crypturellus tataupa,Crypturellus tataupa,Crypturellus tataupa,Crypturellus tataupa,Crypturellus tataupa,Crypturellus tataupa,Crypturellus tataupa,Crypturellus,Tinamidae,1,Bajo
4182,Crypturellus tataupa,Crypturellus tataupa,Crypturellus tataupa,Crypturellus tataupa,Crypturellus tataupa,Crypturellus tataupa,Crypturellus tataupa,Crypturellus tataupa,Crypturellus tataupa,Crypturellus tataupa,Crypturellus tataupa,Crypturellus tataupa,Crypturellus,Tinamidae,1,Bajo
4183,Crypturellus tataupa,Aramides saracura,Aramides saracura,Aramides saracura,Aramides saracura,Aramides saracura,Aramides saracura,Aramides saracura,Aramides saracura,Aramides saracura,Aramides saracura,Aramides saracura,Crypturellus,Tinamidae,1,Bajo
4184,Crypturellus tataupa,Crypturellus tataupa,Crypturellus tataupa,Crypturellus tataupa,Crypturellus tataupa,Crypturellus tataupa,Crypturellus tataupa,Crypturellus tataupa,Crypturellus tataupa,Crypturellus tataupa,Crypturellus tataupa,Crypturellus tataupa,Crypturellus,Tinamidae,1,Bajo
4185,Crypturellus tataupa,Leptotila verreauxi,Leptotila verreauxi,Dasypus novemcinctus,Leptotila verreauxi,Leptotila verreauxi,Leptotila verreauxi,Leptotila verreauxi,Leptotila verreauxi,Leptotila verreauxi,Leptotila verreauxi,Leptotila verreauxi,Crypturellus,Tinamidae,1,Bajo
4186,Crypturellus tataupa,Crypturellus tataupa,Crypturellus tataupa,Crypturellus tataupa,Crypturellus tataupa,Crypturellus tataupa,Crypturellus tataupa,Crypturellus tataupa,Crypturellus tataupa,Crypturellus tataupa,Crypturellus tataupa,Crypturellus tataupa,Crypturellus,Tinamidae,1,Bajo
4189,Crypturellus tataupa,Grallaria varia,Grallaria varia,Grallaria varia,Grallaria varia,Crypturellus obsoletus,Crypturellus obsoletus,Turdus albicollis,Grallaria varia,Grallaria varia,Grallaria varia,Grallaria varia,Crypturellus,Tinamidae,1,Bajo
4190,Crypturellus tataupa,Crypturellus tataupa,Aramides saracura,Aramides saracura,Aramides saracura,Crypturellus tataupa,Crypturellus tataupa,Crypturellus tataupa,Aramides saracura,Aramides saracura,Aramides saracura,Crypturellus tataupa,Crypturellus,Tinamidae,1,Bajo
4191,Crypturellus tataupa,Herpailurus yagouaroundi,Hydrochoerus hydrochaeris,Herpailurus yagouaroundi,Galictis cuja,Galictis cuja,Galictis cuja,Salvator merianae,Hydrochoerus hydrochaeris,Hydrochoerus hydrochaeris,Hydrochoerus hydrochaeris,Herpailurus yagouaroundi,Crypturellus,Tinamidae,1,Bajo
4192,Crypturellus tataupa,Crypturellus tataupa,Crypturellus tataupa,Crypturellus tataupa,Crypturellus tataupa,Crypturellus tataupa,Crypturellus tataupa,Crypturellus tataupa,Crypturellus tataupa,Crypturellus tataupa,Crypturellus tataupa,Crypturellus tataupa,Crypturellus,Tinamidae,1,Bajo
4193,Crypturellus tataupa,Crypturellus tataupa,Crypturellus tataupa,Aramides saracura,Aramides saracura,Crypturellus tataupa,Crypturellus tataupa,Crypturellus tataupa,Crypturellus tataupa,Crypturellus tataupa,Crypturellus tataupa,Crypturellus tataupa,Crypturellus,Tinamidae,1,Bajo
4194,Crypturellus tataupa,Crypturellus tataupa,Crypturellus tataupa,Crypturellus tataupa,Crypturellus tataupa,Crypturellus tataupa,Crypturellus tataupa,Crypturellus tataupa,Crypturellus tataupa,Crypturellus tataupa,Crypturellus tataupa,Crypturellus tataupa,Crypturellus,Tinamidae,1,Bajo
4195,Crypturellus tataupa,Crypturellus tataupa,Crypturellus tataupa,Crypturellus tataupa,Crypturellus tataupa,Crypturellus tataupa,Crypturellus tataupa,Aramides saracura,Crypturellus tataupa,Crypturellus tataupa,Crypturellus tataupa,Crypturellus tataupa,Crypturellus,Tinamidae,1,Bajo
4196,Crypturellus tataupa,Crypturellus tataupa,Aramides saracura,Crypturellus tataupa,Crypturellus tataupa,Crypturellus tataupa,Crypturellus tataupa,Aramides saracura,Aramides saracura,Aramides saracura,Aramides saracura,Crypturellus tataupa,Crypturellus,Tinamidae,1,Bajo
4198,Crypturellus tataupa,Crypturellus tataupa,Crypturellus tataupa,Crypturellus tataupa,Crypturellus tataupa,Crypturellus tataupa,Crypturellus tataupa,Crypturellus tataupa,Crypturellus tataupa,Crypturellus tataupa,Crypturellus tataupa,Crypturellus tataupa,Crypturellus,Tinamidae,1,Bajo
4199,Crypturellus tataupa,Crypturellus tataupa,Aramides saracura,Crypturellus tataupa,Aramides saracura,Crypturellus tataupa,Crypturellus obsoletus,Crypturellus tataupa,Aramides saracura,Aramides saracura,Aramides saracura,Crypturellus tataupa,Crypturellus,Tinamidae,1,Bajo
4200,Crypturellus tataupa,Crypturellus tataupa,Crypturellus tataupa,Aramides saracura,Aramides saracura,Crypturellus tataupa,Crypturellus tataupa,Aramides saracura,Crypturellus tataupa,Crypturellus tataupa,Crypturellus tataupa,Crypturellus tataupa,Crypturellus,Tinamidae,1,Bajo
4201,Crypturellus tataupa,Crypturellus tataupa,Crypturellus tataupa,Crypturellus tataupa,Crypturellus tataupa,Crypturellus tataupa,Crypturellus tataupa,Aramides saracura,Crypturellus tataupa,Crypturellus tataupa,Crypturellus tataupa,Crypturellus tataupa,Crypturellus,Tinamidae,1,Bajo
4204,Nothura maculosa,Nothura maculosa,Nothura maculosa,Nothura maculosa,Nothura maculosa,Nothura maculosa,Nothura maculosa,Nothura maculosa,Nothura maculosa,Nothura maculosa,Nothura maculosa,Nothura maculosa,Nothura,Tinamidae,1,Bajo
4205,Nothura maculosa,Nyctidromus albicollis,Nothura maculosa,Nothura maculosa,Nothura maculosa,Nothura maculosa,Nyctidromus albicollis,Sporophila pileata,Nothura maculosa,Nothura maculosa,Nothura maculosa,Nyctidromus albicollis,Nothura,Tinamidae,1,Bajo
4206,Nothura maculosa,Nothura maculosa,Nothura maculosa,Nothura maculosa,Nothura maculosa,Nothura maculosa,Nothura maculosa,Nothura maculosa,Nothura maculosa,Nothura maculosa,Nothura maculosa,Nothura maculosa,Nothura,Tinamidae,1,Bajo
4207,Nothura maculosa,Nothura maculosa,Nothura maculosa,Nothura maculosa,Nothura maculosa,Nothura maculosa,Nothura maculosa,Nothura maculosa,Nothura maculosa,Nothura maculosa,Nothura maculosa,Nothura maculosa,Nothura,Tinamidae,1,Bajo
4208,Nothura maculosa,Nothura maculosa,Nothura maculosa,Nothura maculosa,Nothura maculosa,Nothura maculosa,Nothura maculosa,Nothura maculosa,Nothura maculosa,Nothura maculosa,Nothura maculosa,Nothura maculosa,Nothura,Tinamidae,1,Bajo
4209,Nothura maculosa,Nothura maculosa,Nothura maculosa,Nothura maculosa,Nothura maculosa,Nothura maculosa,Nothura maculosa,Nothura maculosa,Nothura maculosa,Nothura maculosa,Nothura maculosa,Nothura maculosa,Nothura,Tinamidae,1,Bajo
4210,Nothura maculosa,Nothura maculosa,Nothura maculosa,Nothura maculosa,Nothura maculosa,Nothura maculosa,Nothura maculosa,Nothura maculosa,Nothura maculosa,Nothura maculosa,Nothura maculosa,Nothura maculosa,Nothura,Tinamidae,1,Bajo
4211,Nothura maculosa,Nothura maculosa,Nothura maculosa,Nothura maculosa,Nothura maculosa,Nothura maculosa,Nothura maculosa,Nothura maculosa,Nothura maculosa,Nothura maculosa,Nothura maculosa,Nothura maculosa,Nothura,Tinamidae,1,Bajo
4212,Nothura maculosa,Nothura maculosa,Nothura maculosa,Nothura maculosa,Nothura maculosa,Nothura maculosa,Nothura maculosa,Nothura maculosa,Nothura maculosa,Nothura maculosa,Nothura maculosa,Nothura maculosa,Nothura,Tinamidae,1,Bajo
4213,Nothura maculosa,Nothura maculosa,Nothura maculosa,Nothura maculosa,Nothura maculosa,Nothura maculosa,Nothura maculosa,Nothura maculosa,Nothura maculosa,Nothura maculosa,Nothura maculosa,Nothura maculosa,Nothura,Tinamidae,1,Bajo
4214,Nothura maculosa,Nothura maculosa,Nothura maculosa,Nothura maculosa,Nothura maculosa,Nothura maculosa,Nothura maculosa,Nothura maculosa,Nothura maculosa,Nothura maculosa,Nothura maculosa,Nothura maculosa,Nothura,Tinamidae,1,Bajo
4215,Nothura maculosa,Nothura maculosa,Nothura maculosa,Nothura maculosa,Nothura maculosa,Nothura maculosa,Nothura maculosa,Nothura maculosa,Nothura maculosa,Nothura maculosa,Nothura maculosa,Nothura maculosa,Nothura,Tinamidae,1,Bajo
4216,Nothura maculosa,Nothura maculosa,Nothura maculosa,Nothura maculosa,Nothura maculosa,Nothura maculosa,Nothura maculosa,Nothura maculosa,Nothura maculosa,Nothura maculosa,Nothura maculosa,Nothura maculosa,Nothura,Tinamidae,1,Bajo
4217,Nothura maculosa,Nothura maculosa,Nothura maculosa,Nothura maculosa,Nothura maculosa,Nothura maculosa,Nothura maculosa,Nothura maculosa,Nothura maculosa,Nothura maculosa,Nothura maculosa,Nothura maculosa,Nothura,Tinamidae,1,Bajo
4219,Nothura maculosa,Nothura maculosa,Nothura maculosa,Nothura maculosa,Nothura maculosa,Nothura maculosa,Nothura maculosa,Nothura maculosa,Nothura maculosa,Nothura maculosa,Nothura maculosa,Nothura maculosa,Nothura,Tinamidae,1,Bajo
4220,Nothura maculosa,Nothura maculosa,Nothura maculosa,Nothura maculosa,Nothura maculosa,Nothura maculosa,Nothura maculosa,Nothura maculosa,Nothura maculosa,Nothura maculosa,Nothura maculosa,Nothura maculosa,Nothura,Tinamidae,1,Bajo
4223,Nothura maculosa,Nothura maculosa,Nothura maculosa,Nothura maculosa,Nothura maculosa,Nothura maculosa,Nothura maculosa,Nothura maculosa,Nothura maculosa,Nothura maculosa,Nothura maculosa,Nothura maculosa,Nothura,Tinamidae,1,Bajo
4224,Nothura maculosa,Nothura maculosa,Nothura maculosa,Nothura maculosa,Nothura maculosa,Nothura maculosa,Nothura maculosa,Nothura maculosa,Nothura maculosa,Nothura maculosa,Nothura maculosa,Nothura maculosa,Nothura,Tinamidae,1,Bajo
4225,Nothura maculosa,Nothura maculosa,Nothura maculosa,Nothura maculosa,Nothura maculosa,Nothura maculosa,Nothura maculosa,Nothura maculosa,Nothura maculosa,Nothura maculosa,Nothura maculosa,Nothura maculosa,Nothura,Tinamidae,1,Bajo
4226,Nothura maculosa,Nothura maculosa,Nothura maculosa,Nothura maculosa,Nothura maculosa,Nothura maculosa,Nothura maculosa,Nothura maculosa,Nothura maculosa,Nothura maculosa,Nothura maculosa,Nothura maculosa,Nothura,Tinamidae,1,Bajo
4227,Nothura maculosa,Nothura maculosa,Nothura maculosa,Nothura maculosa,Nothura maculosa,Nothura maculosa,Nothura maculosa,Nothura maculosa,Nothura maculosa,Nothura maculosa,Nothura maculosa,Nothura maculosa,Nothura,Tinamidae,1,Bajo
4228,Nothura maculosa,Nothura maculosa,Nothura maculosa,Nothura maculosa,Nothura maculosa,Nothura maculosa,Nothura maculosa,Nothura maculosa,Nothura maculosa,Nothura maculosa,Nothura maculosa,Nothura maculosa,Nothura,Tinamidae,1,Bajo
4229,Nothura maculosa,Nothura maculosa,Nothura maculosa,Nothura maculosa,Nothura maculosa,Nothura maculosa,Nothura maculosa,Nothura maculosa,Nothura maculosa,Nothura maculosa,Nothura maculosa,Nothura maculosa,Nothura,Tinamidae,1,Bajo
4230,Nothura maculosa,Sporophila pileata,Nothura maculosa,Nothura maculosa,Nothura maculosa,Nothura maculosa,Nothura maculosa,Sporophila pileata,Nothura maculosa,Nothura maculosa,Nothura maculosa,Nothura maculosa,Nothura,Tinamidae,1,Bajo
4232,Nothura maculosa,Nothura maculosa,Nothura maculosa,Nothura maculosa,Nothura maculosa,Nothura maculosa,Nothura maculosa,Nothura maculosa,Nothura maculosa,Nothura maculosa,Nothura maculosa,Nothura maculosa,Nothura,Tinamidae,1,Bajo
4234,Nothura maculosa,Nothura maculosa,Nothura maculosa,Nothura maculosa,Nothura maculosa,Nothura maculosa,Nothura maculosa,Nothura maculosa,Nothura maculosa,Nothura maculosa,Nothura maculosa,Nothura maculosa,Nothura,Tinamidae,1,Bajo
4235,Nothura maculosa,Nothura maculosa,Nothura maculosa,Nothura maculosa,Nothura maculosa,Nothura maculosa,Nothura maculosa,Nothura maculosa,Nothura maculosa,Nothura maculosa,Nothura maculosa,Nothura maculosa,Nothura,Tinamidae,1,Bajo
4236,Nothura maculosa,Nothura maculosa,Nothura maculosa,Nothura maculosa,Nothura maculosa,Nothura maculosa,Nothura maculosa,Nothura maculosa,Nothura maculosa,Nothura maculosa,Nothura maculosa,Nothura maculosa,Nothura,Tinamidae,1,Bajo
4237,Nothura maculosa,Nothura maculosa,Nothura maculosa,Nothura maculosa,Nothura maculosa,Nothura maculosa,Nothura maculosa,Nothura maculosa,Nothura maculosa,Nothura maculosa,Nothura maculosa,Nothura maculosa,Nothura,Tinamidae,1,Bajo
4238,Nothura maculosa,Nothura maculosa,Nothura maculosa,Nothura maculosa,Nothura maculosa,Nothura maculosa,Nothura maculosa,Nothura maculosa,Nothura maculosa,Nothura maculosa,Nothura maculosa,Nothura maculosa,Nothura,Tinamidae,1,Bajo
4239,Nothura maculosa,Nothura maculosa,Nothura maculosa,Nothura maculosa,Nothura maculosa,Nothura maculosa,Nothura maculosa,Nothura maculosa,Nothura maculosa,Nothura maculosa,Nothura maculosa,Nothura maculosa,Nothura,Tinamidae,1,Bajo
4242,Nothura maculosa,Nothura maculosa,Nothura maculosa,Nothura maculosa,Nothura maculosa,Nothura maculosa,Nothura maculosa,Nothura maculosa,Nothura maculosa,Nothura maculosa,Nothura maculosa,Nothura maculosa,Nothura,Tinamidae,1,Bajo
4243,Nothura maculosa,Nothura maculosa,Nothura maculosa,Dasyprocta azarae,Nothura maculosa,Nothura maculosa,Nothura maculosa,Nothura maculosa,Nothura maculosa,Nothura maculosa,Nothura maculosa,Nothura maculosa,Nothura,Tinamidae,1,Bajo
4244,Nothura maculosa,Nothura maculosa,Nothura maculosa,Nothura maculosa,Nothura maculosa,Nothura maculosa,Nothura maculosa,Nothura maculosa,Nothura maculosa,Nothura maculosa,Nothura maculosa,Nothura maculosa,Nothura,Tinamidae,1,Bajo
4245,Nothura maculosa,Leopardus guttulus,Chamaeza campanisona,Chamaeza campanisona,Chamaeza campanisona,Nothura maculosa,Nothura maculosa,Leopardus guttulus,Chamaeza campanisona,Chamaeza campanisona,Chamaeza campanisona,Crax fasciolata,Nothura,Tinamidae,1,Bajo
4246,Nothura maculosa,Nothura maculosa,Aramides saracura,Aramides saracura,Aramides saracura,Nothura maculosa,Nothura maculosa,Nothura maculosa,Aramides saracura,Aramides saracura,Aramides saracura,Nothura maculosa,Nothura,Tinamidae,1,Bajo
4247,Nothura maculosa,Nothura maculosa,Nothura maculosa,Nothura maculosa,Nothura maculosa,Nothura maculosa,Nothura maculosa,Nothura maculosa,Nothura maculosa,Nothura maculosa,Nothura maculosa,Nothura maculosa,Nothura,Tinamidae,1,Bajo
4248,Nothura maculosa,Nothura maculosa,Nothura maculosa,Nothura maculosa,Nothura maculosa,Nothura maculosa,Nothura maculosa,Nothura maculosa,Nothura maculosa,Nothura maculosa,Nothura maculosa,Nothura maculosa,Nothura,Tinamidae,1,Bajo
4249,Nothura maculosa,Nothura maculosa,Nothura maculosa,Nothura maculosa,Nothura maculosa,Nothura maculosa,Nothura maculosa,Nothura maculosa,Nothura maculosa,Nothura maculosa,Nothura maculosa,Nothura maculosa,Nothura,Tinamidae,1,Bajo
4251,Nothura maculosa,Nothura maculosa,Nothura maculosa,Nothura maculosa,Nothura maculosa,Nothura maculosa,Nothura maculosa,Nothura maculosa,Nothura maculosa,Nothura maculosa,Nothura maculosa,Nothura maculosa,Nothura,Tinamidae,1,Bajo
4252,Nothura maculosa,Nothura maculosa,Nothura maculosa,Nothura maculosa,Nothura maculosa,Nothura maculosa,Nothura maculosa,Nothura maculosa,Nothura maculosa,Nothura maculosa,Nothura maculosa,Nothura maculosa,Nothura,Tinamidae,1,Bajo
4253,Nothura maculosa,Nothura maculosa,Nothura maculosa,Nothura maculosa,Nothura maculosa,Nothura maculosa,Nothura maculosa,Nothura maculosa,Nothura maculosa,Nothura maculosa,Nothura maculosa,Nothura maculosa,Nothura,Tinamidae,1,Bajo
4254,Nothura maculosa,Nothura maculosa,Nothura maculosa,Nothura maculosa,Nothura maculosa,Nothura maculosa,Lepus europaeus,Subulo gouazoubira,Nothura maculosa,Nothura maculosa,Nothura maculosa,Nothura maculosa,Nothura,Tinamidae,1,Bajo
4255,Nothura maculosa,Nothura maculosa,Nothura maculosa,Nothura maculosa,Nothura maculosa,Nothura maculosa,Nothura maculosa,Nothura maculosa,Nothura maculosa,Nothura maculosa,Nothura maculosa,Nothura maculosa,Nothura,Tinamidae,1,Bajo
4256,Nothura maculosa,Nothura maculosa,Nothura maculosa,Nothura maculosa,Nothura maculosa,Nothura maculosa,Nothura maculosa,Nothura maculosa,Nothura maculosa,Nothura maculosa,Nothura maculosa,Nothura maculosa,Nothura,Tinamidae,1,Bajo
4257,Nothura maculosa,Nothura maculosa,Nothura maculosa,Nothura maculosa,Nothura maculosa,Nothura maculosa,Nothura maculosa,Nothura maculosa,Nothura maculosa,Nothura maculosa,Nothura maculosa,Nothura maculosa,Nothura,Tinamidae,1,Bajo
4258,Nothura maculosa,Nothura maculosa,Nothura maculosa,Nothura maculosa,Nothura maculosa,Nothura maculosa,Nothura maculosa,Nothura maculosa,Nothura maculosa,Nothura maculosa,Nothura maculosa,Nothura maculosa,Nothura,Tinamidae,1,Bajo
4259,Nothura maculosa,Nothura maculosa,Nothura maculosa,Nothura maculosa,Nothura maculosa,Nothura maculosa,Nothura maculosa,Nothura maculosa,Nothura maculosa,Nothura maculosa,Nothura maculosa,Nothura maculosa,Nothura,Tinamidae,1,Bajo
4261,Nothura maculosa,Nothura maculosa,Nothura maculosa,Nothura maculosa,Nothura maculosa,Nothura maculosa,Nothura maculosa,Nothura maculosa,Nothura maculosa,Nothura maculosa,Nothura maculosa,Nothura maculosa,Nothura,Tinamidae,1,Bajo
4262,Nothura maculosa,Nothura maculosa,Nothura maculosa,Nothura maculosa,Nothura maculosa,Nothura maculosa,Nothura maculosa,Nothura maculosa,Nothura maculosa,Nothura maculosa,Nothura maculosa,Nothura maculosa,Nothura,Tinamidae,1,Bajo
4263,Nothura maculosa,Nothura maculosa,Nothura maculosa,Nothura maculosa,Nothura maculosa,Nothura maculosa,Nothura maculosa,Nothura maculosa,Nothura maculosa,Nothura maculosa,Nothura maculosa,Nothura maculosa,Nothura,Tinamidae,1,Bajo
4264,Nothura maculosa,Nothura maculosa,Nothura maculosa,Nothura maculosa,Nothura maculosa,Nothura maculosa,Nothura maculosa,Nothura maculosa,Nothura maculosa,Nothura maculosa,Nothura maculosa,Nothura maculosa,Nothura,Tinamidae,1,Bajo
4265,Nothura maculosa,Nothura maculosa,Nothura maculosa,Nothura maculosa,Nothura maculosa,Nothura maculosa,Nothura maculosa,Nothura maculosa,Nothura maculosa,Nothura maculosa,Nothura maculosa,Nothura maculosa,Nothura,Tinamidae,1,Bajo
4266,Nothura maculosa,Nothura maculosa,Nothura maculosa,Nothura maculosa,Nothura maculosa,Nothura maculosa,Nothura maculosa,Nothura maculosa,Nothura maculosa,Nothura maculosa,Nothura maculosa,Nothura maculosa,Nothura,Tinamidae,1,Bajo
4267,Nothura maculosa,Nothura maculosa,Nothura maculosa,Nothura maculosa,Nothura maculosa,Nothura maculosa,Nothura maculosa,Nothura maculosa,Nothura maculosa,Nothura maculosa,Nothura maculosa,Nothura maculosa,Nothura,Tinamidae,1,Bajo
4268,Nothura maculosa,Nothura maculosa,Nothura maculosa,Nothura maculosa,Nothura maculosa,Nothura maculosa,Nothura maculosa,Nothura maculosa,Nothura maculosa,Nothura maculosa,Nothura maculosa,Nothura maculosa,Nothura,Tinamidae,1,Bajo
4271,Tinamus solitarius,Tinamus solitarius,Tinamus solitarius,Tinamus solitarius,Tinamus solitarius,Tinamus solitarius,Tinamus solitarius,Dasypus novemcinctus,Tinamus solitarius,Tinamus solitarius,Tinamus solitarius,Tinamus solitarius,Tinamus,Tinamidae,6,Crítico
4272,Tinamus solitarius,Tinamus solitarius,Tinamus solitarius,Tinamus solitarius,Tinamus solitarius,Tinamus solitarius,Tinamus solitarius,Tinamus solitarius,Tinamus solitarius,Tinamus solitarius,Tinamus solitarius,Tinamus solitarius,Tinamus,Tinamidae,6,Crítico
4273,Tinamus solitarius,Dasypus novemcinctus,Salvator merianae,Dasypus novemcinctus,Dasypus novemcinctus,Tinamus solitarius,Dasypus novemcinctus,Hydrochoerus hydrochaeris,Salvator merianae,Salvator merianae,Salvator merianae,Dasypus novemcinctus,Tinamus,Tinamidae,6,Crítico
4274,Tinamus solitarius,Tinamus solitarius,Tinamus solitarius,Tinamus solitarius,Tinamus solitarius,Tinamus solitarius,Tinamus solitarius,Tinamus solitarius,Tinamus solitarius,Tinamus solitarius,Tinamus solitarius,Tinamus solitarius,Tinamus,Tinamidae,6,Crítico
4275,Tinamus solitarius,Tinamus solitarius,Tinamus solitarius,Tinamus solitarius,Tinamus solitarius,Tinamus solitarius,Tinamus solitarius,Tinamus solitarius,Tinamus solitarius,Tinamus solitarius,Tinamus solitarius,Tinamus solitarius,Tinamus,Tinamidae,6,Crítico
4276,Tinamus solitarius,Tinamus solitarius,Crypturellus obsoletus,Crypturellus obsoletus,Tinamus solitarius,Tinamus solitarius,Tinamus solitarius,Aramides saracura,Crypturellus obsoletus,Crypturellus obsoletus,Crypturellus obsoletus,Tinamus solitarius,Tinamus,Tinamidae,6,Crítico
4277,Tinamus solitarius,Tinamus solitarius,Dasyprocta azarae,Crypturellus obsoletus,Tinamus solitarius,Tinamus solitarius,Tinamus solitarius,Tinamus solitarius,Dasyprocta azarae,Dasyprocta azarae,Dasyprocta azarae,Tinamus solitarius,Tinamus,Tinamidae,6,Crítico
4278,Tinamus solitarius,Tinamus solitarius,Tinamus solitarius,Tinamus solitarius,Tinamus solitarius,Tinamus solitarius,Tinamus solitarius,Tinamus solitarius,Tinamus solitarius,Tinamus solitarius,Tinamus solitarius,Tinamus solitarius,Tinamus,Tinamidae,6,Crítico
4279,Tinamus solitarius,Tinamus solitarius,Tinamus solitarius,Tinamus solitarius,Tinamus solitarius,Tinamus solitarius,Tinamus solitarius,Tinamus solitarius,Tinamus solitarius,Tinamus solitarius,Tinamus solitarius,Tinamus solitarius,Tinamus,Tinamidae,6,Crítico
4280,Tinamus solitarius,Tinamus solitarius,Tinamus solitarius,Tinamus solitarius,Tinamus solitarius,Tinamus solitarius,Tinamus solitarius,Tinamus solitarius,Tinamus solitarius,Tinamus solitarius,Tinamus solitarius,Tinamus solitarius,Tinamus,Tinamidae,6,Crítico
4281,Tinamus solitarius,Tinamus solitarius,Crypturellus obsoletus,Crypturellus obsoletus,Crypturellus obsoletus,Tinamus solitarius,Tinamus solitarius,Aramides saracura,Crypturellus obsoletus,Crypturellus obsoletus,Crypturellus obsoletus,Tinamus solitarius,Tinamus,Tinamidae,6,Crítico
4282,Tinamus solitarius,Tinamus solitarius,Tinamus solitarius,Tinamus solitarius,Tinamus solitarius,Tinamus solitarius,Tinamus solitarius,Tinamus solitarius,Tinamus solitarius,Tinamus solitarius,Tinamus solitarius,Tinamus solitarius,Tinamus,Tinamidae,6,Crítico
4285,Tinamus solitarius,Tinamus solitarius,Tinamus solitarius,Tinamus solitarius,Tinamus solitarius,Tinamus solitarius,Tinamus solitarius,Tinamus solitarius,Tinamus solitarius,Tinamus solitarius,Tinamus solitarius,Tinamus solitarius,Tinamus,Tinamidae,6,Crítico
4286,Tinamus solitarius,Tinamus solitarius,Tinamus solitarius,Tinamus solitarius,Tinamus solitarius,Tinamus solitarius,Tinamus solitarius,Tinamus solitarius,Tinamus solitarius,Tinamus solitarius,Tinamus solitarius,Tinamus solitarius,Tinamus,Tinamidae,6,Crítico
4287,Tinamus solitarius,Tinamus solitarius,Tinamus solitarius,Tinamus solitarius,Tinamus solitarius,Tinamus solitarius,Tinamus solitarius,Tinamus solitarius,Tinamus solitarius,Tinamus solitarius,Tinamus solitarius,Tinamus solitarius,Tinamus,Tinamidae,6,Crítico
4288,Tinamus solitarius,Eira barbara,Eira barbara,Crypturellus tataupa,Crypturellus tataupa,Eira barbara,Eira barbara,Eira barbara,Eira barbara,Eira barbara,Eira barbara,Eira barbara,Tinamus,Tinamidae,6,Crítico
4289,Tinamus solitarius,Tinamus solitarius,Tinamus solitarius,Tinamus solitarius,Tinamus solitarius,Tinamus solitarius,Tinamus solitarius,Tinamus solitarius,Tinamus solitarius,Tinamus solitarius,Tinamus solitarius,Tinamus solitarius,Tinamus,Tinamidae,6,Crítico
4290,Tinamus solitarius,Tinamus solitarius,Tinamus solitarius,Tinamus solitarius,Tinamus solitarius,Tinamus solitarius,Tinamus solitarius,Tinamus solitarius,Tinamus solitarius,Tinamus solitarius,Tinamus solitarius,Tinamus solitarius,Tinamus,Tinamidae,6,Crítico
4291,Tinamus solitarius,Tinamus solitarius,Tinamus solitarius,Tinamus solitarius,Tinamus solitarius,Tinamus solitarius,Tinamus solitarius,Tinamus solitarius,Tinamus solitarius,Tinamus solitarius,Tinamus solitarius,Tinamus solitarius,Tinamus,Tinamidae,6,Crítico
4294,Tinamus solitarius,Tinamus solitarius,Tinamus solitarius,Tinamus solitarius,Tinamus solitarius,Tinamus solitarius,Tinamus solitarius,Tinamus solitarius,Tinamus solitarius,Tinamus solitarius,Tinamus solitarius,Tinamus solitarius,Tinamus,Tinamidae,6,Crítico
4295,Tinamus solitarius,Tinamus solitarius,Tinamus solitarius,Tinamus solitarius,Tinamus solitarius,Tinamus solitarius,Tinamus solitarius,Dasyprocta azarae,Tinamus solitarius,Tinamus solitarius,Tinamus solitarius,Tinamus solitarius,Tinamus,Tinamidae,6,Crítico
4297,Tinamus solitarius,Cuniculus paca,Tinamus solitarius,Dasypus novemcinctus,Cerdocyon thous,Tinamus solitarius,Tinamus solitarius,Tinamus solitarius,Tinamus solitarius,Tinamus solitarius,Tinamus solitarius,Cuniculus paca,Tinamus,Tinamidae,6,Crítico
4298,Tinamus solitarius,Tinamus solitarius,Tinamus solitarius,Tinamus solitarius,Tinamus solitarius,Tinamus solitarius,Tinamus solitarius,Tinamus solitarius,Tinamus solitarius,Tinamus solitarius,Tinamus solitarius,Tinamus solitarius,Tinamus,Tinamidae,6,Crítico
4301,Tinamus solitarius,Tinamus solitarius,Tinamus solitarius,Tinamus solitarius,Tinamus solitarius,Tinamus solitarius,Tinamus solitarius,Tinamus solitarius,Tinamus solitarius,Tinamus solitarius,Tinamus solitarius,Tinamus solitarius,Tinamus,Tinamidae,6,Crítico
4303,Tinamus solitarius,Tinamus solitarius,Crypturellus obsoletus,Crypturellus obsoletus,Crypturellus obsoletus,Tinamus solitarius,Tinamus solitarius,Pecari tajacu,Crypturellus obsoletus,Crypturellus obsoletus,Crypturellus obsoletus,Tinamus solitarius,Tinamus,Tinamidae,6,Crítico
4304,Tinamus solitarius,Tinamus solitarius,Tinamus solitarius,Tinamus solitarius,Tinamus solitarius,Tinamus solitarius,Tinamus solitarius,Tinamus solitarius,Tinamus solitarius,Tinamus solitarius,Tinamus solitarius,Tinamus solitarius,Tinamus,Tinamidae,6,Crítico
4306,Tinamus solitarius,Pyriglena leucoptera,Biatas nigropectus,Biatas nigropectus,Biatas nigropectus,Nyctidromus albicollis,Nyctidromus albicollis,Tinamus solitarius,Biatas nigropectus,Biatas nigropectus,Biatas nigropectus,Pyriglena leucoptera,Tinamus,Tinamidae,6,Crítico
4307,Tinamus solitarius,Tinamus solitarius,Tinamus solitarius,Tinamus solitarius,Tinamus solitarius,Tinamus solitarius,Tinamus solitarius,Tinamus solitarius,Tinamus solitarius,Tinamus solitarius,Tinamus solitarius,Tinamus solitarius,Tinamus,Tinamidae,6,Crítico
4308,Tinamus solitarius,Tinamus solitarius,Tinamus solitarius,Tinamus solitarius,Tinamus solitarius,Tinamus solitarius,Tinamus solitarius,Tinamus solitarius,Tinamus solitarius,Tinamus solitarius,Tinamus solitarius,Tinamus solitarius,Tinamus,Tinamidae,6,Crítico
4309,Tinamus solitarius,Tinamus solitarius,Tinamus solitarius,Tinamus solitarius,Tinamus solitarius,Tinamus solitarius,Tinamus solitarius,Tinamus solitarius,Tinamus solitarius,Tinamus solitarius,Tinamus solitarius,Tinamus solitarius,Tinamus,Tinamidae,6,Crítico
4310,Tinamus solitarius,Tinamus solitarius,Tinamus solitarius,Tinamus solitarius,Tinamus solitarius,Tinamus solitarius,Tinamus solitarius,Tinamus solitarius,Tinamus solitarius,Tinamus solitarius,Tinamus solitarius,Tinamus solitarius,Tinamus,Tinamidae,6,Crítico
4311,Tinamus solitarius,Tinamus solitarius,Tinamus solitarius,Tinamus solitarius,Tinamus solitarius,Tinamus solitarius,Tinamus solitarius,Tinamus solitarius,Tinamus solitarius,Tinamus solitarius,Tinamus solitarius,Tinamus solitarius,Tinamus,Tinamidae,6,Crítico
4312,Tinamus solitarius,Tinamus solitarius,Tinamus solitarius,Tinamus solitarius,Tinamus solitarius,Tinamus solitarius,Tinamus solitarius,Tinamus solitarius,Tinamus solitarius,Tinamus solitarius,Tinamus solitarius,Tinamus solitarius,Tinamus,Tinamidae,6,Crítico
4313,Tinamus solitarius,Tinamus solitarius,Tinamus solitarius,Tinamus solitarius,Tinamus solitarius,Tinamus solitarius,Tinamus solitarius,Tinamus solitarius,Tinamus solitarius,Tinamus solitarius,Tinamus solitarius,Tinamus solitarius,Tinamus,Tinamidae,6,Crítico
4315,Tinamus solitarius,Tinamus solitarius,Tinamus solitarius,Tinamus solitarius,Tinamus solitarius,Tinamus solitarius,Tinamus solitarius,Tinamus solitarius,Tinamus solitarius,Tinamus solitarius,Tinamus solitarius,Tinamus solitarius,Tinamus,Tinamidae,6,Crítico
4316,Tinamus solitarius,Tinamus solitarius,Tinamus solitarius,Tinamus solitarius,Tinamus solitarius,Tinamus solitarius,Tinamus solitarius,Tinamus solitarius,Tinamus solitarius,Tinamus solitarius,Tinamus solitarius,Tinamus solitarius,Tinamus,Tinamidae,6,Crítico
4317,Tinamus solitarius,Tinamus solitarius,Tinamus solitarius,Tinamus solitarius,Tinamus solitarius,Tinamus solitarius,Tinamus solitarius,Tinamus solitarius,Tinamus solitarius,Tinamus solitarius,Tinamus solitarius,Tinamus solitarius,Tinamus,Tinamidae,6,Crítico
4318,Tinamus solitarius,Tinamus solitarius,Tinamus solitarius,Tinamus solitarius,Tinamus solitarius,Tinamus solitarius,Tinamus solitarius,Tinamus solitarius,Tinamus solitarius,Tinamus solitarius,Tinamus solitarius,Tinamus solitarius,Tinamus,Tinamidae,6,Crítico
4319,Tinamus solitarius,Tinamus solitarius,Tinamus solitarius,Tinamus solitarius,Tinamus solitarius,Tinamus solitarius,Tinamus solitarius,Tinamus solitarius,Tinamus solitarius,Tinamus solitarius,Tinamus solitarius,Tinamus solitarius,Tinamus,Tinamidae,6,Crítico
4321,Tinamus solitarius,Tinamus solitarius,Tinamus solitarius,Tinamus solitarius,Tinamus solitarius,Tinamus solitarius,Tinamus solitarius,Tinamus solitarius,Tinamus solitarius,Tinamus solitarius,Tinamus solitarius,Tinamus solitarius,Tinamus,Tinamidae,6,Crítico
4322,Tinamus solitarius,Tinamus solitarius,Tinamus solitarius,Tinamus solitarius,Tinamus solitarius,Tinamus solitarius,Tinamus solitarius,Tinamus solitarius,Tinamus solitarius,Tinamus solitarius,Tinamus solitarius,Tinamus solitarius,Tinamus,Tinamidae,6,Crítico
4323,Tinamus solitarius,Tinamus solitarius,Tinamus solitarius,Tinamus solitarius,Tinamus solitarius,Tinamus solitarius,Tinamus solitarius,Tinamus solitarius,Tinamus solitarius,Tinamus solitarius,Tinamus solitarius,Tinamus solitarius,Tinamus,Tinamidae,6,Crítico
4324,Tinamus solitarius,Crypturellus tataupa,Aramides saracura,Aramides saracura,Crypturellus tataupa,Crypturellus tataupa,Dasyprocta azarae,Crypturellus tataupa,Aramides saracura,Aramides saracura,Aramides saracura,Crypturellus tataupa,Tinamus,Tinamidae,6,Crítico
4325,Tinamus solitarius,Leopardus wiedii,Leptotila verreauxi,Dasyprocta azarae,Dasyprocta azarae,Cyanoloxia brissonii,Eira barbara,Leopardus wiedii,Leptotila verreauxi,Leptotila verreauxi,Leptotila verreauxi,Leopardus wiedii,Tinamus,Tinamidae,6,Crítico
4326,Tinamus solitarius,Tinamus solitarius,Tinamus solitarius,Tinamus solitarius,Tinamus solitarius,Tinamus solitarius,Tinamus solitarius,Tinamus solitarius,Tinamus solitarius,Tinamus solitarius,Tinamus solitarius,Tinamus solitarius,Tinamus,Tinamidae,6,Crítico
4328,Tinamus solitarius,Tinamus solitarius,Tinamus solitarius,Tinamus solitarius,Tinamus solitarius,Tinamus solitarius,Tinamus solitarius,Tinamus solitarius,Tinamus solitarius,Tinamus solitarius,Tinamus solitarius,Tinamus solitarius,Tinamus,Tinamidae,6,Crítico
4329,Tinamus solitarius,Tinamus solitarius,Tinamus solitarius,Tinamus solitarius,Tinamus solitarius,Tinamus solitarius,Tinamus solitarius,Tinamus solitarius,Tinamus solitarius,Tinamus solitarius,Tinamus solitarius,Tinamus solitarius,Tinamus,Tinamidae,6,Crítico
4330,Tinamus solitarius,Tinamus solitarius,Tinamus solitarius,Tinamus solitarius,Tinamus solitarius,Tinamus solitarius,Tinamus solitarius,Tinamus solitarius,Tinamus solitarius,Tinamus solitarius,Tinamus solitarius,Tinamus solitarius,Tinamus,Tinamidae,6,Crítico
4331,Turdus albicollis,Turdus albicollis,Turdus albicollis,Turdus albicollis,Turdus albicollis,Turdus albicollis,Turdus albicollis,Turdus albicollis,Turdus albicollis,Turdus albicollis,Turdus albicollis,Turdus albicollis,Turdus,Turdidae,1,Bajo
4332,Turdus albicollis,Turdus albicollis,Turdus albicollis,Turdus albicollis,Turdus albicollis,Turdus albicollis,Turdus albicollis,Turdus albicollis,Turdus albicollis,Turdus albicollis,Turdus albicollis,Turdus albicollis,Turdus,Turdidae,1,Bajo
4333,Turdus albicollis,Turdus albicollis,Turdus albicollis,Turdus albicollis,Turdus albicollis,Turdus albicollis,Turdus albicollis,Turdus albicollis,Turdus albicollis,Turdus albicollis,Turdus albicollis,Turdus albicollis,Turdus,Turdidae,1,Bajo
4334,Turdus albicollis,Turdus albicollis,Turdus albicollis,Turdus albicollis,Turdus albicollis,Turdus albicollis,Turdus albicollis,Turdus albicollis,Turdus albicollis,Turdus albicollis,Turdus albicollis,Turdus albicollis,Turdus,Turdidae,1,Bajo
4335,Turdus albicollis,Sporophila pileata,Sporophila pileata,Myiothlypis leucoblephara,Didelphis albiventris,Lepus europaeus,Sporophila pileata,Gubernetes yetapa,Sporophila pileata,Sporophila pileata,Sporophila pileata,Sporophila pileata,Turdus,Turdidae,1,Bajo
4336,Turdus albicollis,Turdus albicollis,Turdus albicollis,Turdus albicollis,Turdus albicollis,Turdus albicollis,Turdus albicollis,Turdus albicollis,Turdus albicollis,Turdus albicollis,Turdus albicollis,Turdus albicollis,Turdus,Turdidae,1,Bajo
4337,Turdus albicollis,Turdus albicollis,Turdus albicollis,Turdus albicollis,Turdus albicollis,Turdus albicollis,Turdus albicollis,Turdus albicollis,Turdus albicollis,Turdus albicollis,Turdus albicollis,Turdus albicollis,Turdus,Turdidae,1,Bajo
4339,Turdus albicollis,Turdus albicollis,Turdus albicollis,Turdus albicollis,Turdus albicollis,Turdus albicollis,Turdus albicollis,Turdus albicollis,Turdus albicollis,Turdus albicollis,Turdus albicollis,Turdus albicollis,Turdus,Turdidae,1,Bajo
4340,Turdus albicollis,Turdus albicollis,Myiothlypis leucoblephara,Turdus albicollis,Turdus albicollis,Turdus albicollis,Turdus albicollis,Myiothlypis leucoblephara,Myiothlypis leucoblephara,Myiothlypis leucoblephara,Myiothlypis leucoblephara,Turdus albicollis,Turdus,Turdidae,1,Bajo
4341,Turdus albicollis,Turdus albicollis,Turdus albicollis,Turdus albicollis,Turdus albicollis,Turdus albicollis,Turdus albicollis,Turdus albicollis,Turdus albicollis,Turdus albicollis,Turdus albicollis,Turdus albicollis,Turdus,Turdidae,1,Bajo
4342,Turdus albicollis,Turdus albicollis,Turdus albicollis,Turdus albicollis,Turdus albicollis,Turdus albicollis,Turdus albicollis,Turdus albicollis,Turdus albicollis,Turdus albicollis,Turdus albicollis,Turdus albicollis,Turdus,Turdidae,1,Bajo
4343,Turdus albicollis,Turdus albicollis,Turdus albicollis,Turdus albicollis,Turdus albicollis,Turdus albicollis,Turdus albicollis,Turdus albicollis,Turdus albicollis,Turdus albicollis,Turdus albicollis,Turdus albicollis,Turdus,Turdidae,1,Bajo
4344,Turdus albicollis,Turdus albicollis,Turdus albicollis,Chamaeza campanisona,Turdus albicollis,Myiothlypis leucoblephara,Turdus albicollis,Turdus albicollis,Turdus albicollis,Turdus albicollis,Turdus albicollis,Turdus albicollis,Turdus,Turdidae,1,Bajo
4347,Turdus albicollis,Turdus albicollis,Turdus albicollis,Turdus albicollis,Turdus albicollis,Turdus albicollis,Turdus albicollis,Turdus albicollis,Turdus albicollis,Turdus albicollis,Turdus albicollis,Turdus albicollis,Turdus,Turdidae,1,Bajo
4348,Turdus albicollis,Turdus albicollis,Turdus albicollis,Turdus albicollis,Turdus albicollis,Turdus albicollis,Turdus albicollis,Turdus albicollis,Turdus albicollis,Turdus albicollis,Turdus albicollis,Turdus albicollis,Turdus,Turdidae,1,Bajo
4349,Turdus albicollis,Turdus albicollis,Turdus albicollis,Turdus albicollis,Turdus albicollis,Turdus albicollis,Turdus albicollis,Turdus albicollis,Turdus albicollis,Turdus albicollis,Turdus albicollis,Turdus albicollis,Turdus,Turdidae,1,Bajo
4350,Turdus albicollis,Turdus albicollis,Turdus albicollis,Turdus albicollis,Turdus albicollis,Turdus albicollis,Turdus albicollis,Turdus albicollis,Turdus albicollis,Turdus albicollis,Turdus albicollis,Turdus albicollis,Turdus,Turdidae,1,Bajo
4351,Turdus albicollis,Turdus albicollis,Turdus albicollis,Turdus albicollis,Turdus albicollis,Turdus albicollis,Turdus albicollis,Turdus albicollis,Turdus albicollis,Turdus albicollis,Turdus albicollis,Turdus albicollis,Turdus,Turdidae,1,Bajo
4352,Turdus albicollis,Turdus albicollis,Turdus albicollis,Turdus albicollis,Turdus albicollis,Turdus albicollis,Turdus albicollis,Turdus albicollis,Turdus albicollis,Turdus albicollis,Turdus albicollis,Turdus albicollis,Turdus,Turdidae,1,Bajo
4353,Turdus albicollis,Turdus albicollis,Turdus albicollis,Turdus albicollis,Turdus albicollis,Turdus albicollis,Turdus albicollis,Turdus albicollis,Turdus albicollis,Turdus albicollis,Turdus albicollis,Turdus albicollis,Turdus,Turdidae,1,Bajo
4354,Turdus albicollis,Turdus albicollis,Turdus albicollis,Turdus albicollis,Turdus albicollis,Turdus albicollis,Turdus albicollis,Turdus albicollis,Turdus albicollis,Turdus albicollis,Turdus albicollis,Turdus albicollis,Turdus,Turdidae,1,Bajo
4355,Turdus albicollis,Biatas nigropectus,Turdus rufiventris,Galictis cuja,Turdus rufiventris,Salvator merianae,Nyctidromus albicollis,Hydropsalis torquata,Turdus rufiventris,Turdus rufiventris,Turdus rufiventris,Notharchus swainsoni,Turdus,Turdidae,1,Bajo
4356,Turdus albicollis,Turdus albicollis,Turdus albicollis,Turdus albicollis,Turdus albicollis,Turdus albicollis,Turdus albicollis,Turdus albicollis,Turdus albicollis,Turdus albicollis,Turdus albicollis,Turdus albicollis,Turdus,Turdidae,1,Bajo
4357,Turdus albicollis,Turdus albicollis,Turdus albicollis,Turdus albicollis,Turdus albicollis,Turdus albicollis,Turdus albicollis,Turdus albicollis,Turdus albicollis,Turdus albicollis,Turdus albicollis,Turdus albicollis,Turdus,Turdidae,1,Bajo
4360,Turdus albicollis,Turdus albicollis,Turdus albicollis,Turdus albicollis,Turdus albicollis,Turdus albicollis,Turdus albicollis,Turdus albicollis,Turdus albicollis,Turdus albicollis,Turdus albicollis,Turdus albicollis,Turdus,Turdidae,1,Bajo
4361,Turdus albicollis,Turdus albicollis,Turdus albicollis,Turdus albicollis,Turdus albicollis,Turdus albicollis,Turdus albicollis,Turdus albicollis,Turdus albicollis,Turdus albicollis,Turdus albicollis,Turdus albicollis,Turdus,Turdidae,1,Bajo
4365,Turdus albicollis,Turdus albicollis,Turdus albicollis,Turdus albicollis,Turdus albicollis,Turdus albicollis,Turdus albicollis,Turdus albicollis,Turdus albicollis,Turdus albicollis,Turdus albicollis,Turdus albicollis,Turdus,Turdidae,1,Bajo
4366,Turdus albicollis,Turdus albicollis,Turdus albicollis,Turdus albicollis,Turdus albicollis,Turdus albicollis,Turdus albicollis,Turdus albicollis,Turdus albicollis,Turdus albicollis,Turdus albicollis,Turdus albicollis,Turdus,Turdidae,1,Bajo
4368,Turdus albicollis,Pyriglena leucoptera,Baryphthengus ruficapillus,Baryphthengus ruficapillus,Conopophaga lineata,Pyriglena leucoptera,Pyriglena leucoptera,Turdus albicollis,Baryphthengus ruficapillus,Baryphthengus ruficapillus,Baryphthengus ruficapillus,Pyriglena leucoptera,Turdus,Turdidae,1,Bajo
4369,Turdus albicollis,Turdus albicollis,Turdus albicollis,Turdus albicollis,Turdus albicollis,Turdus albicollis,Turdus albicollis,Turdus albicollis,Turdus albicollis,Turdus albicollis,Turdus albicollis,Turdus albicollis,Turdus,Turdidae,1,Bajo
4370,Turdus albicollis,Turdus albicollis,Turdus albicollis,Turdus albicollis,Turdus albicollis,Turdus albicollis,Turdus albicollis,Turdus albicollis,Turdus albicollis,Turdus albicollis,Turdus albicollis,Turdus albicollis,Turdus,Turdidae,1,Bajo
4371,Turdus albicollis,Amazona vinacea,Hypoedaleus guttatus,Amazona vinacea,Amazona vinacea,Amazona vinacea,Amazona vinacea,Amazona vinacea,Hypoedaleus guttatus,Hypoedaleus guttatus,Hypoedaleus guttatus,Amazona vinacea,Turdus,Turdidae,1,Bajo
4373,Turdus albicollis,Turdus albicollis,Turdus albicollis,Turdus albicollis,Turdus albicollis,Turdus albicollis,Turdus albicollis,Turdus albicollis,Turdus albicollis,Turdus albicollis,Turdus albicollis,Turdus albicollis,Turdus,Turdidae,1,Bajo
4374,Turdus albicollis,Nyctidromus albicollis,Myiothlypis leucoblephara,Chamaeza campanisona,Chamaeza campanisona,Nyctidromus albicollis,Nyctidromus albicollis,Alouatta guariba clamitans,Myiothlypis leucoblephara,Myiothlypis leucoblephara,Myiothlypis leucoblephara,Grallaria varia,Turdus,Turdidae,1,Bajo
4375,Turdus albicollis,Leptotila rufaxilla,Notharchus swainsoni,Notharchus swainsoni,Notharchus swainsoni,Leptotila rufaxilla,Leptotila rufaxilla,Notharchus swainsoni,Notharchus swainsoni,Notharchus swainsoni,Notharchus swainsoni,Leptotila rufaxilla,Turdus,Turdidae,1,Bajo
4377,Turdus albicollis,Turdus albicollis,Turdus albicollis,Turdus albicollis,Turdus albicollis,Turdus albicollis,Turdus albicollis,Turdus albicollis,Turdus albicollis,Turdus albicollis,Turdus albicollis,Turdus albicollis,Turdus,Turdidae,1,Bajo
4378,Turdus albicollis,Turdus albicollis,Turdus albicollis,Turdus albicollis,Turdus albicollis,Turdus albicollis,Turdus albicollis,Turdus albicollis,Turdus albicollis,Turdus albicollis,Turdus albicollis,Turdus albicollis,Turdus,Turdidae,1,Bajo
4379,Turdus albicollis,Pyriglena leucoptera,Turdus albicollis,Crypturellus tataupa,Pyriglena leucoptera,Pyriglena leucoptera,Pyriglena leucoptera,Pyriglena leucoptera,Turdus albicollis,Turdus albicollis,Turdus albicollis,Pyriglena leucoptera,Turdus,Turdidae,1,Bajo
4380,Turdus albicollis,Turdus albicollis,Turdus albicollis,Turdus albicollis,Turdus albicollis,Turdus albicollis,Turdus albicollis,Turdus albicollis,Turdus albicollis,Turdus albicollis,Turdus albicollis,Turdus albicollis,Turdus,Turdidae,1,Bajo
4381,Turdus albicollis,Turdus albicollis,Turdus albicollis,Turdus albicollis,Turdus albicollis,Turdus albicollis,Turdus albicollis,Turdus albicollis,Turdus albicollis,Turdus albicollis,Turdus albicollis,Turdus albicollis,Turdus,Turdidae,1,Bajo
4382,Turdus albicollis,Turdus albicollis,Turdus albicollis,Turdus albicollis,Turdus albicollis,Turdus albicollis,Turdus albicollis,Turdus albicollis,Turdus albicollis,Turdus albicollis,Turdus albicollis,Turdus albicollis,Turdus,Turdidae,1,Bajo
4383,Turdus albicollis,Turdus albicollis,Turdus albicollis,Turdus albicollis,Turdus albicollis,Turdus albicollis,Turdus albicollis,Sporophila pileata,Turdus albicollis,Turdus albicollis,Turdus albicollis,Turdus albicollis,Turdus,Turdidae,1,Bajo
4384,Turdus albicollis,Turdus albicollis,Turdus albicollis,Turdus albicollis,Turdus albicollis,Turdus albicollis,Turdus albicollis,Turdus albicollis,Turdus albicollis,Turdus albicollis,Turdus albicollis,Turdus albicollis,Turdus,Turdidae,1,Bajo
4386,Turdus albicollis,Turdus albicollis,Turdus albicollis,Turdus albicollis,Turdus albicollis,Turdus albicollis,Turdus albicollis,Turdus albicollis,Turdus albicollis,Turdus albicollis,Turdus albicollis,Turdus albicollis,Turdus,Turdidae,1,Bajo
4387,Turdus albicollis,Turdus albicollis,Turdus albicollis,Turdus albicollis,Turdus albicollis,Turdus albicollis,Turdus albicollis,Turdus albicollis,Turdus albicollis,Turdus albicollis,Turdus albicollis,Turdus albicollis,Turdus,Turdidae,1,Bajo
4388,Turdus albicollis,Turdus albicollis,Turdus albicollis,Turdus albicollis,Turdus albicollis,Turdus albicollis,Turdus albicollis,Turdus albicollis,Turdus albicollis,Turdus albicollis,Turdus albicollis,Turdus albicollis,Turdus,Turdidae,1,Bajo
4389,Turdus albicollis,Turdus albicollis,Turdus albicollis,Turdus albicollis,Turdus albicollis,Turdus albicollis,Turdus albicollis,Turdus albicollis,Turdus albicollis,Turdus albicollis,Turdus albicollis,Turdus albicollis,Turdus,Turdidae,1,Bajo
4390,Turdus albicollis,Turdus albicollis,Turdus albicollis,Turdus albicollis,Turdus albicollis,Turdus albicollis,Turdus albicollis,Turdus albicollis,Turdus albicollis,Turdus albicollis,Turdus albicollis,Turdus albicollis,Turdus,Turdidae,1,Bajo
4392,Turdus albicollis,Turdus albicollis,Turdus albicollis,Turdus albicollis,Turdus albicollis,Turdus albicollis,Turdus albicollis,Turdus albicollis,Turdus albicollis,Turdus albicollis,Turdus albicollis,Turdus albicollis,Turdus,Turdidae,1,Bajo
4393,Turdus albicollis,Turdus albicollis,Turdus albicollis,Turdus albicollis,Turdus albicollis,Turdus albicollis,Turdus albicollis,Turdus albicollis,Turdus albicollis,Turdus albicollis,Turdus albicollis,Turdus albicollis,Turdus,Turdidae,1,Bajo
4395,Turdus albicollis,Turdus albicollis,Turdus albicollis,Turdus albicollis,Turdus albicollis,Turdus albicollis,Turdus albicollis,Turdus albicollis,Turdus albicollis,Turdus albicollis,Turdus albicollis,Turdus albicollis,Turdus,Turdidae,1,Bajo
4396,Turdus albicollis,Turdus albicollis,Turdus albicollis,Turdus albicollis,Turdus albicollis,Turdus albicollis,Turdus albicollis,Conopophaga lineata,Turdus albicollis,Turdus albicollis,Turdus albicollis,Turdus albicollis,Turdus,Turdidae,1,Bajo
4397,Turdus albicollis,Turdus albicollis,Turdus albicollis,Turdus albicollis,Turdus albicollis,Turdus albicollis,Turdus albicollis,Turdus albicollis,Turdus albicollis,Turdus albicollis,Turdus albicollis,Turdus albicollis,Turdus,Turdidae,1,Bajo
4398,Turdus albicollis,Turdus albicollis,Turdus albicollis,Turdus albicollis,Turdus albicollis,Turdus albicollis,Turdus albicollis,Turdus albicollis,Turdus albicollis,Turdus albicollis,Turdus albicollis,Turdus albicollis,Turdus,Turdidae,1,Bajo
4399,Turdus albicollis,Turdus albicollis,Turdus albicollis,Turdus albicollis,Turdus albicollis,Turdus albicollis,Turdus albicollis,Turdus albicollis,Turdus albicollis,Turdus albicollis,Turdus albicollis,Turdus albicollis,Turdus,Turdidae,1,Bajo
4400,Turdus albicollis,Chamaeza campanisona,Chamaeza campanisona,Chamaeza campanisona,Chamaeza campanisona,Chamaeza campanisona,Turdus albicollis,Chamaeza campanisona,Chamaeza campanisona,Chamaeza campanisona,Chamaeza campanisona,Chamaeza campanisona,Turdus,Turdidae,1,Bajo
4401,Turdus rufiventris,Turdus rufiventris,Turdus albicollis,Turdus albicollis,Turdus rufiventris,Turdus rufiventris,Turdus rufiventris,Didelphis aurita,Turdus albicollis,Turdus albicollis,Turdus albicollis,Turdus rufiventris,Turdus,Turdidae,1,Bajo
4402,Turdus rufiventris,Brotogeris chiriri,Brotogeris chiriri,Axis axis,Axis axis,Hypoedaleus guttatus,Brotogeris chiriri,Brotogeris chiriri,Brotogeris chiriri,Brotogeris chiriri,Brotogeris chiriri,Axis axis,Turdus,Turdidae,1,Bajo
4403,Turdus rufiventris,Turdus rufiventris,Turdus rufiventris,Turdus rufiventris,Turdus rufiventris,Turdus rufiventris,Turdus rufiventris,Turdus rufiventris,Turdus rufiventris,Turdus rufiventris,Turdus rufiventris,Turdus rufiventris,Turdus,Turdidae,1,Bajo
4406,Turdus rufiventris,Galictis cuja,Galictis cuja,Salvator merianae,Galictis cuja,Galictis cuja,Salvator merianae,Salvator merianae,Galictis cuja,Galictis cuja,Galictis cuja,Galictis cuja,Turdus,Turdidae,1,Bajo
4407,Turdus rufiventris,Turdus rufiventris,Turdus rufiventris,Turdus rufiventris,Turdus rufiventris,Turdus rufiventris,Turdus rufiventris,Turdus rufiventris,Turdus rufiventris,Turdus rufiventris,Turdus rufiventris,Turdus rufiventris,Turdus,Turdidae,1,Bajo
4409,Turdus rufiventris,Turdus rufiventris,Turdus rufiventris,Turdus rufiventris,Turdus rufiventris,Turdus rufiventris,Turdus rufiventris,Turdus rufiventris,Turdus rufiventris,Turdus rufiventris,Turdus rufiventris,Turdus rufiventris,Turdus,Turdidae,1,Bajo
4410,Turdus rufiventris,Turdus rufiventris,Turdus rufiventris,Turdus rufiventris,Turdus rufiventris,Turdus rufiventris,Turdus rufiventris,Turdus rufiventris,Turdus rufiventris,Turdus rufiventris,Turdus rufiventris,Turdus rufiventris,Turdus,Turdidae,1,Bajo
4412,Turdus rufiventris,Didelphis albiventris,Hypoedaleus guttatus,Alouatta caraya,Alouatta caraya,Leptotila rufaxilla,Sapajus nigritus,Didelphis albiventris,Hypoedaleus guttatus,Hypoedaleus guttatus,Hypoedaleus guttatus,Didelphis albiventris,Turdus,Turdidae,1,Bajo
4414,Turdus rufiventris,Turdus rufiventris,Turdus rufiventris,Turdus rufiventris,Turdus rufiventris,Turdus rufiventris,Turdus rufiventris,Turdus rufiventris,Turdus rufiventris,Turdus rufiventris,Turdus rufiventris,Turdus rufiventris,Turdus,Turdidae,1,Bajo
4415,Turdus rufiventris,Turdus rufiventris,Turdus rufiventris,Turdus rufiventris,Turdus rufiventris,Turdus rufiventris,Turdus rufiventris,Turdus rufiventris,Turdus rufiventris,Turdus rufiventris,Turdus rufiventris,Turdus rufiventris,Turdus,Turdidae,1,Bajo
4416,Turdus rufiventris,Turdus rufiventris,Turdus rufiventris,Turdus rufiventris,Turdus albicollis,Turdus rufiventris,Turdus rufiventris,Turdus albicollis,Turdus rufiventris,Turdus rufiventris,Turdus rufiventris,Turdus rufiventris,Turdus,Turdidae,1,Bajo
4417,Turdus rufiventris,Turdus rufiventris,Turdus rufiventris,Turdus rufiventris,Turdus rufiventris,Turdus rufiventris,Turdus rufiventris,Turdus rufiventris,Turdus rufiventris,Turdus rufiventris,Turdus rufiventris,Turdus rufiventris,Turdus,Turdidae,1,Bajo
4418,Turdus rufiventris,Leptotila verreauxi,Leptotila verreauxi,Baryphthengus ruficapillus,Leptotila verreauxi,Amazona vinacea,Leptotila verreauxi,Leopardus guttulus,Leptotila verreauxi,Leptotila verreauxi,Leptotila verreauxi,Leptotila verreauxi,Turdus,Turdidae,1,Bajo
4419,Turdus rufiventris,Turdus rufiventris,Turdus rufiventris,Turdus rufiventris,Turdus rufiventris,Turdus rufiventris,Turdus rufiventris,Turdus rufiventris,Turdus rufiventris,Turdus rufiventris,Turdus rufiventris,Turdus rufiventris,Turdus,Turdidae,1,Bajo
4421,Turdus rufiventris,Turdus rufiventris,Turdus albicollis,Turdus albicollis,Turdus rufiventris,Turdus albicollis,Turdus rufiventris,Pyriglena leucoptera,Turdus albicollis,Turdus albicollis,Turdus albicollis,Turdus rufiventris,Turdus,Turdidae,1,Bajo
4422,Turdus rufiventris,Turdus albicollis,Pogonotriccus eximius,Turdus albicollis,Turdus albicollis,Turdus albicollis,Brotogeris chiriri,Sporophila pileata,Pogonotriccus eximius,Pogonotriccus eximius,Pogonotriccus eximius,Turdus albicollis,Turdus,Turdidae,1,Bajo
4423,Turdus rufiventris,Turdus rufiventris,Turdus rufiventris,Turdus rufiventris,Turdus rufiventris,Turdus rufiventris,Turdus rufiventris,Turdus rufiventris,Turdus rufiventris,Turdus rufiventris,Turdus rufiventris,Turdus rufiventris,Turdus,Turdidae,1,Bajo
4424,Turdus rufiventris,Turdus rufiventris,Turdus rufiventris,Turdus rufiventris,Turdus rufiventris,Turdus rufiventris,Turdus rufiventris,Turdus rufiventris,Turdus rufiventris,Turdus rufiventris,Turdus rufiventris,Turdus rufiventris,Turdus,Turdidae,1,Bajo
4425,Turdus rufiventris,Turdus rufiventris,Turdus rufiventris,Turdus rufiventris,Turdus rufiventris,Turdus rufiventris,Turdus rufiventris,Turdus rufiventris,Turdus rufiventris,Turdus rufiventris,Turdus rufiventris,Turdus rufiventris,Turdus,Turdidae,1,Bajo
4426,Turdus rufiventris,Turdus rufiventris,Turdus rufiventris,Turdus rufiventris,Turdus rufiventris,Turdus rufiventris,Turdus rufiventris,Turdus rufiventris,Turdus rufiventris,Turdus rufiventris,Turdus rufiventris,Turdus rufiventris,Turdus,Turdidae,1,Bajo
4427,Turdus rufiventris,Turdus rufiventris,Turdus rufiventris,Turdus rufiventris,Turdus rufiventris,Turdus rufiventris,Turdus rufiventris,Turdus rufiventris,Turdus rufiventris,Turdus rufiventris,Turdus rufiventris,Turdus rufiventris,Turdus,Turdidae,1,Bajo
4428,Turdus rufiventris,Turdus rufiventris,Turdus rufiventris,Turdus rufiventris,Turdus rufiventris,Turdus rufiventris,Turdus rufiventris,Turdus rufiventris,Turdus rufiventris,Turdus rufiventris,Turdus rufiventris,Turdus rufiventris,Turdus,Turdidae,1,Bajo
4429,Turdus rufiventris,Turdus rufiventris,Turdus rufiventris,Turdus rufiventris,Turdus rufiventris,Turdus rufiventris,Turdus rufiventris,Turdus rufiventris,Turdus rufiventris,Turdus rufiventris,Turdus rufiventris,Turdus rufiventris,Turdus,Turdidae,1,Bajo
4430,Turdus rufiventris,Turdus rufiventris,Turdus rufiventris,Turdus rufiventris,Turdus rufiventris,Turdus rufiventris,Turdus rufiventris,Turdus rufiventris,Turdus rufiventris,Turdus rufiventris,Turdus rufiventris,Turdus rufiventris,Turdus,Turdidae,1,Bajo
4431,Turdus rufiventris,Turdus rufiventris,Turdus rufiventris,Turdus rufiventris,Turdus rufiventris,Turdus rufiventris,Turdus rufiventris,Turdus rufiventris,Turdus rufiventris,Turdus rufiventris,Turdus rufiventris,Turdus rufiventris,Turdus,Turdidae,1,Bajo
4432,Turdus rufiventris,Turdus rufiventris,Turdus rufiventris,Turdus rufiventris,Turdus rufiventris,Turdus rufiventris,Turdus rufiventris,Turdus rufiventris,Turdus rufiventris,Turdus rufiventris,Turdus rufiventris,Turdus rufiventris,Turdus,Turdidae,1,Bajo
4433,Turdus rufiventris,Turdus rufiventris,Turdus rufiventris,Turdus rufiventris,Turdus rufiventris,Turdus rufiventris,Turdus rufiventris,Turdus rufiventris,Turdus rufiventris,Turdus rufiventris,Turdus rufiventris,Turdus rufiventris,Turdus,Turdidae,1,Bajo
4434,Turdus rufiventris,Turdus albicollis,Galictis cuja,Dasypus novemcinctus,Dasypus novemcinctus,Turdus rufiventris,Galictis cuja,Turdus rufiventris,Galictis cuja,Galictis cuja,Galictis cuja,Turdus albicollis,Turdus,Turdidae,1,Bajo
4435,Turdus rufiventris,Turdus rufiventris,Turdus rufiventris,Turdus rufiventris,Turdus rufiventris,Turdus rufiventris,Turdus rufiventris,Turdus rufiventris,Turdus rufiventris,Turdus rufiventris,Turdus rufiventris,Turdus rufiventris,Turdus,Turdidae,1,Bajo
4437,Turdus rufiventris,Turdus rufiventris,Turdus rufiventris,Turdus rufiventris,Turdus rufiventris,Turdus rufiventris,Turdus rufiventris,Turdus rufiventris,Turdus rufiventris,Turdus rufiventris,Turdus rufiventris,Turdus rufiventris,Turdus,Turdidae,1,Bajo
4438,Turdus rufiventris,Turdus albicollis,Leptotila rufaxilla,Conopophaga lineata,Conopophaga lineata,Turdus albicollis,Pyriglena leucoptera,Conopophaga lineata,Leptotila rufaxilla,Leptotila rufaxilla,Leptotila rufaxilla,Turdus albicollis,Turdus,Turdidae,1,Bajo
4439,Turdus rufiventris,Turdus rufiventris,Turdus rufiventris,Turdus rufiventris,Turdus rufiventris,Turdus rufiventris,Turdus rufiventris,Turdus rufiventris,Turdus rufiventris,Turdus rufiventris,Turdus rufiventris,Turdus rufiventris,Turdus,Turdidae,1,Bajo
4440,Turdus rufiventris,Turdus rufiventris,Turdus rufiventris,Turdus rufiventris,Turdus rufiventris,Turdus rufiventris,Turdus rufiventris,Turdus rufiventris,Turdus rufiventris,Turdus rufiventris,Turdus rufiventris,Turdus rufiventris,Turdus,Turdidae,1,Bajo
4442,Turdus rufiventris,Galictis cuja,Lycalopex gymnocerca,Amazona vinacea,Amazona vinacea,Euphractus sexcinctus,Galictis cuja,Gubernetes yetapa,Lycalopex gymnocerca,Lycalopex gymnocerca,Lycalopex gymnocerca,Dasyprocta azarae,Turdus,Turdidae,1,Bajo
4443,Turdus rufiventris,Turdus rufiventris,Turdus rufiventris,Turdus rufiventris,Turdus rufiventris,Turdus rufiventris,Turdus rufiventris,Turdus rufiventris,Turdus rufiventris,Turdus rufiventris,Turdus rufiventris,Turdus rufiventris,Turdus,Turdidae,1,Bajo
4445,Turdus rufiventris,Turdus rufiventris,Turdus rufiventris,Turdus rufiventris,Turdus rufiventris,Turdus rufiventris,Turdus rufiventris,Turdus rufiventris,Turdus rufiventris,Turdus rufiventris,Turdus rufiventris,Turdus rufiventris,Turdus,Turdidae,1,Bajo
4446,Turdus rufiventris,Turdus albicollis,Hydropsalis torquata,Galictis cuja,Turdus rufiventris,Hydropsalis torquata,Turdus albicollis,Galictis cuja,Hydropsalis torquata,Hydropsalis torquata,Hydropsalis torquata,Turdus albicollis,Turdus,Turdidae,1,Bajo
4447,Turdus rufiventris,Turdus rufiventris,Turdus rufiventris,Turdus rufiventris,Turdus rufiventris,Turdus rufiventris,Turdus rufiventris,Turdus rufiventris,Turdus rufiventris,Turdus rufiventris,Turdus rufiventris,Turdus rufiventris,Turdus,Turdidae,1,Bajo
4448,Turdus rufiventris,Turdus rufiventris,Turdus rufiventris,Turdus rufiventris,Turdus rufiventris,Turdus rufiventris,Turdus rufiventris,Turdus rufiventris,Turdus rufiventris,Turdus rufiventris,Turdus rufiventris,Turdus rufiventris,Turdus,Turdidae,1,Bajo
4450,Turdus rufiventris,Turdus rufiventris,Turdus rufiventris,Turdus rufiventris,Turdus rufiventris,Turdus rufiventris,Turdus rufiventris,Turdus rufiventris,Turdus rufiventris,Turdus rufiventris,Turdus rufiventris,Turdus rufiventris,Turdus,Turdidae,1,Bajo
4451,Turdus rufiventris,Turdus rufiventris,Alouatta guariba,Alouatta guariba,Alouatta guariba,Turdus rufiventris,Alouatta guariba,Turdus rufiventris,Alouatta guariba,Alouatta guariba,Alouatta guariba,Turdus rufiventris,Turdus,Turdidae,1,Bajo
4452,Turdus rufiventris,Nyctidromus albicollis,Nyctidromus albicollis,Nyctidromus albicollis,Hydropsalis torquata,Nyctidromus albicollis,Nyctidromus albicollis,Leptotila rufaxilla,Nyctidromus albicollis,Nyctidromus albicollis,Nyctidromus albicollis,Nyctidromus albicollis,Turdus,Turdidae,1,Bajo
4453,Turdus rufiventris,Turdus rufiventris,Turdus rufiventris,Turdus rufiventris,Turdus rufiventris,Turdus rufiventris,Turdus rufiventris,Turdus rufiventris,Turdus rufiventris,Turdus rufiventris,Turdus rufiventris,Turdus rufiventris,Turdus,Turdidae,1,Bajo
4454,Turdus rufiventris,Turdus rufiventris,Turdus rufiventris,Turdus rufiventris,Turdus rufiventris,Turdus rufiventris,Turdus rufiventris,Turdus rufiventris,Turdus rufiventris,Turdus rufiventris,Turdus rufiventris,Turdus rufiventris,Turdus,Turdidae,1,Bajo
4456,Turdus rufiventris,Grallaria varia,Hypoedaleus guttatus,Habia rubica,Cryptopezus nattereri,Turdus rufiventris,Hypoedaleus guttatus,Biatas nigropectus,Hypoedaleus guttatus,Hypoedaleus guttatus,Hypoedaleus guttatus,Grallaria varia,Turdus,Turdidae,1,Bajo
4457,Turdus rufiventris,Tamandua tetradactyla,Herpailurus yagouaroundi,Herpailurus yagouaroundi,Gubernetes yetapa,Amazona vinacea,Tamandua tetradactyla,Aramides saracura,Herpailurus yagouaroundi,Herpailurus yagouaroundi,Herpailurus yagouaroundi,Herpailurus yagouaroundi,Turdus,Turdidae,1,Bajo
4458,Turdus rufiventris,Habia rubica,Habia rubica,Habia rubica,Habia rubica,Habia rubica,Habia rubica,Habia rubica,Habia rubica,Habia rubica,Habia rubica,Habia rubica,Turdus,Turdidae,1,Bajo
4459,Turdus rufiventris,Turdus rufiventris,Turdus rufiventris,Turdus rufiventris,Turdus rufiventris,Turdus rufiventris,Turdus rufiventris,Turdus rufiventris,Turdus rufiventris,Turdus rufiventris,Turdus rufiventris,Turdus rufiventris,Turdus,Turdidae,1,Bajo
4460,Gubernetes yetapa,Gubernetes yetapa,Sporophila pileata,Gubernetes yetapa,Gubernetes yetapa,Gubernetes yetapa,Gubernetes yetapa,Sporophila pileata,Sporophila pileata,Sporophila pileata,Sporophila pileata,Gubernetes yetapa,Gubernetes,Tyrannidae,1,Bajo
4461,Gubernetes yetapa,Gubernetes yetapa,Gubernetes yetapa,Gubernetes yetapa,Gubernetes yetapa,Gubernetes yetapa,Gubernetes yetapa,Gubernetes yetapa,Gubernetes yetapa,Gubernetes yetapa,Gubernetes yetapa,Gubernetes yetapa,Gubernetes,Tyrannidae,1,Bajo
4462,Gubernetes yetapa,Gubernetes yetapa,Gubernetes yetapa,Gubernetes yetapa,Gubernetes yetapa,Gubernetes yetapa,Gubernetes yetapa,Gubernetes yetapa,Gubernetes yetapa,Gubernetes yetapa,Gubernetes yetapa,Gubernetes yetapa,Gubernetes,Tyrannidae,1,Bajo
4463,Gubernetes yetapa,Gubernetes yetapa,Gubernetes yetapa,Gubernetes yetapa,Gubernetes yetapa,Gubernetes yetapa,Gubernetes yetapa,Gubernetes yetapa,Gubernetes yetapa,Gubernetes yetapa,Gubernetes yetapa,Gubernetes yetapa,Gubernetes,Tyrannidae,1,Bajo
4464,Gubernetes yetapa,Gubernetes yetapa,Gubernetes yetapa,Gubernetes yetapa,Gubernetes yetapa,Gubernetes yetapa,Gubernetes yetapa,Gubernetes yetapa,Gubernetes yetapa,Gubernetes yetapa,Gubernetes yetapa,Gubernetes yetapa,Gubernetes,Tyrannidae,1,Bajo
4465,Gubernetes yetapa,Gubernetes yetapa,Gubernetes yetapa,Gubernetes yetapa,Gubernetes yetapa,Gubernetes yetapa,Gubernetes yetapa,Gubernetes yetapa,Gubernetes yetapa,Gubernetes yetapa,Gubernetes yetapa,Gubernetes yetapa,Gubernetes,Tyrannidae,1,Bajo
4466,Gubernetes yetapa,Gubernetes yetapa,Gubernetes yetapa,Gubernetes yetapa,Gubernetes yetapa,Gubernetes yetapa,Gubernetes yetapa,Gubernetes yetapa,Gubernetes yetapa,Gubernetes yetapa,Gubernetes yetapa,Gubernetes yetapa,Gubernetes,Tyrannidae,1,Bajo
4467,Gubernetes yetapa,Gubernetes yetapa,Gubernetes yetapa,Gubernetes yetapa,Gubernetes yetapa,Gubernetes yetapa,Gubernetes yetapa,Gubernetes yetapa,Gubernetes yetapa,Gubernetes yetapa,Gubernetes yetapa,Gubernetes yetapa,Gubernetes,Tyrannidae,1,Bajo
4470,Gubernetes yetapa,Gubernetes yetapa,Gubernetes yetapa,Gubernetes yetapa,Gubernetes yetapa,Gubernetes yetapa,Gubernetes yetapa,Gubernetes yetapa,Gubernetes yetapa,Gubernetes yetapa,Gubernetes yetapa,Gubernetes yetapa,Gubernetes,Tyrannidae,1,Bajo
4471,Gubernetes yetapa,Gubernetes yetapa,Gubernetes yetapa,Gubernetes yetapa,Gubernetes yetapa,Gubernetes yetapa,Gubernetes yetapa,Gubernetes yetapa,Gubernetes yetapa,Gubernetes yetapa,Gubernetes yetapa,Gubernetes yetapa,Gubernetes,Tyrannidae,1,Bajo
4472,Gubernetes yetapa,Gubernetes yetapa,Gubernetes yetapa,Gubernetes yetapa,Gubernetes yetapa,Gubernetes yetapa,Gubernetes yetapa,Gubernetes yetapa,Gubernetes yetapa,Gubernetes yetapa,Gubernetes yetapa,Gubernetes yetapa,Gubernetes,Tyrannidae,1,Bajo
4473,Gubernetes yetapa,Gubernetes yetapa,Gubernetes yetapa,Gubernetes yetapa,Gubernetes yetapa,Gubernetes yetapa,Gubernetes yetapa,Gubernetes yetapa,Gubernetes yetapa,Gubernetes yetapa,Gubernetes yetapa,Gubernetes yetapa,Gubernetes,Tyrannidae,1,Bajo
4474,Gubernetes yetapa,Gubernetes yetapa,Gubernetes yetapa,Gubernetes yetapa,Gubernetes yetapa,Gubernetes yetapa,Gubernetes yetapa,Gubernetes yetapa,Gubernetes yetapa,Gubernetes yetapa,Gubernetes yetapa,Gubernetes yetapa,Gubernetes,Tyrannidae,1,Bajo
4475,Gubernetes yetapa,Gubernetes yetapa,Gubernetes yetapa,Gubernetes yetapa,Gubernetes yetapa,Gubernetes yetapa,Gubernetes yetapa,Gubernetes yetapa,Gubernetes yetapa,Gubernetes yetapa,Gubernetes yetapa,Gubernetes yetapa,Gubernetes,Tyrannidae,1,Bajo
4476,Gubernetes yetapa,Gubernetes yetapa,Gubernetes yetapa,Gubernetes yetapa,Gubernetes yetapa,Gubernetes yetapa,Gubernetes yetapa,Gubernetes yetapa,Gubernetes yetapa,Gubernetes yetapa,Gubernetes yetapa,Gubernetes yetapa,Gubernetes,Tyrannidae,1,Bajo
4477,Gubernetes yetapa,Gubernetes yetapa,Gubernetes yetapa,Gubernetes yetapa,Gubernetes yetapa,Gubernetes yetapa,Gubernetes yetapa,Gubernetes yetapa,Gubernetes yetapa,Gubernetes yetapa,Gubernetes yetapa,Gubernetes yetapa,Gubernetes,Tyrannidae,1,Bajo
4478,Gubernetes yetapa,Gubernetes yetapa,Gubernetes yetapa,Gubernetes yetapa,Gubernetes yetapa,Gubernetes yetapa,Gubernetes yetapa,Gubernetes yetapa,Gubernetes yetapa,Gubernetes yetapa,Gubernetes yetapa,Gubernetes yetapa,Gubernetes,Tyrannidae,1,Bajo
4479,Gubernetes yetapa,Galictis cuja,Alouatta guariba clamitans,Alouatta guariba clamitans,Alouatta caraya,Amazona vinacea,Galictis cuja,Amazona vinacea,Alouatta guariba clamitans,Alouatta guariba clamitans,Alouatta guariba clamitans,Didelphis albiventris,Gubernetes,Tyrannidae,1,Bajo
4480,Gubernetes yetapa,Gubernetes yetapa,Gubernetes yetapa,Gubernetes yetapa,Gubernetes yetapa,Gubernetes yetapa,Gubernetes yetapa,Gubernetes yetapa,Gubernetes yetapa,Gubernetes yetapa,Gubernetes yetapa,Gubernetes yetapa,Gubernetes,Tyrannidae,1,Bajo
4481,Gubernetes yetapa,Sporophila pileata,Gubernetes yetapa,Gubernetes yetapa,Gubernetes yetapa,Gubernetes yetapa,Gubernetes yetapa,Lepus europaeus,Gubernetes yetapa,Gubernetes yetapa,Gubernetes yetapa,Gubernetes yetapa,Gubernetes,Tyrannidae,1,Bajo
4482,Gubernetes yetapa,Gubernetes yetapa,Gubernetes yetapa,Gubernetes yetapa,Gubernetes yetapa,Gubernetes yetapa,Gubernetes yetapa,Gubernetes yetapa,Gubernetes yetapa,Gubernetes yetapa,Gubernetes yetapa,Gubernetes yetapa,Gubernetes,Tyrannidae,1,Bajo
4483,Gubernetes yetapa,Gubernetes yetapa,Gubernetes yetapa,Gubernetes yetapa,Gubernetes yetapa,Gubernetes yetapa,Gubernetes yetapa,Gubernetes yetapa,Gubernetes yetapa,Gubernetes yetapa,Gubernetes yetapa,Gubernetes yetapa,Gubernetes,Tyrannidae,1,Bajo
4484,Gubernetes yetapa,Gubernetes yetapa,Gubernetes yetapa,Gubernetes yetapa,Gubernetes yetapa,Gubernetes yetapa,Gubernetes yetapa,Gubernetes yetapa,Gubernetes yetapa,Gubernetes yetapa,Gubernetes yetapa,Gubernetes yetapa,Gubernetes,Tyrannidae,1,Bajo
4488,Gubernetes yetapa,Gubernetes yetapa,Gubernetes yetapa,Gubernetes yetapa,Gubernetes yetapa,Gubernetes yetapa,Gubernetes yetapa,Gubernetes yetapa,Gubernetes yetapa,Gubernetes yetapa,Gubernetes yetapa,Gubernetes yetapa,Gubernetes,Tyrannidae,1,Bajo
4489,Gubernetes yetapa,Gubernetes yetapa,Gubernetes yetapa,Gubernetes yetapa,Gubernetes yetapa,Gubernetes yetapa,Gubernetes yetapa,Gubernetes yetapa,Gubernetes yetapa,Gubernetes yetapa,Gubernetes yetapa,Gubernetes yetapa,Gubernetes,Tyrannidae,1,Bajo
4490,Gubernetes yetapa,Gubernetes yetapa,Sporophila pileata,Gubernetes yetapa,Gubernetes yetapa,Gubernetes yetapa,Gubernetes yetapa,Sporophila pileata,Sporophila pileata,Sporophila pileata,Sporophila pileata,Gubernetes yetapa,Gubernetes,Tyrannidae,1,Bajo
4491,Gubernetes yetapa,Gubernetes yetapa,Gubernetes yetapa,Gubernetes yetapa,Gubernetes yetapa,Gubernetes yetapa,Gubernetes yetapa,Galictis cuja,Gubernetes yetapa,Gubernetes yetapa,Gubernetes yetapa,Gubernetes yetapa,Gubernetes,Tyrannidae,1,Bajo
4493,Gubernetes yetapa,Gubernetes yetapa,Gubernetes yetapa,Gubernetes yetapa,Gubernetes yetapa,Gubernetes yetapa,Gubernetes yetapa,Gubernetes yetapa,Gubernetes yetapa,Gubernetes yetapa,Gubernetes yetapa,Gubernetes yetapa,Gubernetes,Tyrannidae,1,Bajo
4494,Gubernetes yetapa,Gubernetes yetapa,Gubernetes yetapa,Gubernetes yetapa,Gubernetes yetapa,Gubernetes yetapa,Gubernetes yetapa,Gubernetes yetapa,Gubernetes yetapa,Gubernetes yetapa,Gubernetes yetapa,Gubernetes yetapa,Gubernetes,Tyrannidae,1,Bajo
4496,Gubernetes yetapa,Gubernetes yetapa,Gubernetes yetapa,Gubernetes yetapa,Gubernetes yetapa,Gubernetes yetapa,Gubernetes yetapa,Gubernetes yetapa,Gubernetes yetapa,Gubernetes yetapa,Gubernetes yetapa,Gubernetes yetapa,Gubernetes,Tyrannidae,1,Bajo
4498,Gubernetes yetapa,Gubernetes yetapa,Gubernetes yetapa,Gubernetes yetapa,Gubernetes yetapa,Gubernetes yetapa,Gubernetes yetapa,Gubernetes yetapa,Gubernetes yetapa,Gubernetes yetapa,Gubernetes yetapa,Gubernetes yetapa,Gubernetes,Tyrannidae,1,Bajo
4499,Gubernetes yetapa,Gubernetes yetapa,Gubernetes yetapa,Gubernetes yetapa,Gubernetes yetapa,Gubernetes yetapa,Gubernetes yetapa,Gubernetes yetapa,Gubernetes yetapa,Gubernetes yetapa,Gubernetes yetapa,Gubernetes yetapa,Gubernetes,Tyrannidae,1,Bajo
4500,Gubernetes yetapa,Gubernetes yetapa,Gubernetes yetapa,Gubernetes yetapa,Gubernetes yetapa,Gubernetes yetapa,Gubernetes yetapa,Gubernetes yetapa,Gubernetes yetapa,Gubernetes yetapa,Gubernetes yetapa,Gubernetes yetapa,Gubernetes,Tyrannidae,1,Bajo
4501,Gubernetes yetapa,Gubernetes yetapa,Gubernetes yetapa,Gubernetes yetapa,Gubernetes yetapa,Gubernetes yetapa,Gubernetes yetapa,Gubernetes yetapa,Gubernetes yetapa,Gubernetes yetapa,Gubernetes yetapa,Gubernetes yetapa,Gubernetes,Tyrannidae,1,Bajo
4502,Gubernetes yetapa,Sporophila pileata,Gubernetes yetapa,Gubernetes yetapa,Gubernetes yetapa,Gubernetes yetapa,Gubernetes yetapa,Sporophila pileata,Gubernetes yetapa,Gubernetes yetapa,Gubernetes yetapa,Gubernetes yetapa,Gubernetes,Tyrannidae,1,Bajo
4503,Gubernetes yetapa,Sporophila pileata,Sporophila pileata,Sporophila pileata,Sporophila pileata,Sporophila pileata,Sporophila pileata,Sporophila pileata,Sporophila pileata,Sporophila pileata,Sporophila pileata,Sporophila pileata,Gubernetes,Tyrannidae,1,Bajo
4504,Gubernetes yetapa,Gubernetes yetapa,Gubernetes yetapa,Gubernetes yetapa,Gubernetes yetapa,Gubernetes yetapa,Gubernetes yetapa,Gubernetes yetapa,Gubernetes yetapa,Gubernetes yetapa,Gubernetes yetapa,Gubernetes yetapa,Gubernetes,Tyrannidae,1,Bajo
4507,Gubernetes yetapa,Gubernetes yetapa,Gubernetes yetapa,Gubernetes yetapa,Gubernetes yetapa,Gubernetes yetapa,Gubernetes yetapa,Gubernetes yetapa,Gubernetes yetapa,Gubernetes yetapa,Gubernetes yetapa,Gubernetes yetapa,Gubernetes,Tyrannidae,1,Bajo
4508,Gubernetes yetapa,Gubernetes yetapa,Gubernetes yetapa,Gubernetes yetapa,Gubernetes yetapa,Gubernetes yetapa,Gubernetes yetapa,Gubernetes yetapa,Gubernetes yetapa,Gubernetes yetapa,Gubernetes yetapa,Gubernetes yetapa,Gubernetes,Tyrannidae,1,Bajo
4509,Gubernetes yetapa,Gubernetes yetapa,Gubernetes yetapa,Gubernetes yetapa,Gubernetes yetapa,Gubernetes yetapa,Gubernetes yetapa,Gubernetes yetapa,Gubernetes yetapa,Gubernetes yetapa,Gubernetes yetapa,Gubernetes yetapa,Gubernetes,Tyrannidae,1,Bajo
4510,Gubernetes yetapa,Gubernetes yetapa,Gubernetes yetapa,Gubernetes yetapa,Gubernetes yetapa,Gubernetes yetapa,Gubernetes yetapa,Gubernetes yetapa,Gubernetes yetapa,Gubernetes yetapa,Gubernetes yetapa,Gubernetes yetapa,Gubernetes,Tyrannidae,1,Bajo
4511,Gubernetes yetapa,Gubernetes yetapa,Gubernetes yetapa,Gubernetes yetapa,Gubernetes yetapa,Gubernetes yetapa,Gubernetes yetapa,Gubernetes yetapa,Gubernetes yetapa,Gubernetes yetapa,Gubernetes yetapa,Gubernetes yetapa,Gubernetes,Tyrannidae,1,Bajo
4513,Gubernetes yetapa,Gubernetes yetapa,Gubernetes yetapa,Gubernetes yetapa,Gubernetes yetapa,Gubernetes yetapa,Gubernetes yetapa,Gubernetes yetapa,Gubernetes yetapa,Gubernetes yetapa,Gubernetes yetapa,Gubernetes yetapa,Gubernetes,Tyrannidae,1,Bajo
4514,Gubernetes yetapa,Gubernetes yetapa,Gubernetes yetapa,Gubernetes yetapa,Gubernetes yetapa,Gubernetes yetapa,Gubernetes yetapa,Gubernetes yetapa,Gubernetes yetapa,Gubernetes yetapa,Gubernetes yetapa,Gubernetes yetapa,Gubernetes,Tyrannidae,1,Bajo
4515,Gubernetes yetapa,Gubernetes yetapa,Gubernetes yetapa,Gubernetes yetapa,Gubernetes yetapa,Gubernetes yetapa,Gubernetes yetapa,Gubernetes yetapa,Gubernetes yetapa,Gubernetes yetapa,Gubernetes yetapa,Gubernetes yetapa,Gubernetes,Tyrannidae,1,Bajo
4516,Gubernetes yetapa,Gubernetes yetapa,Gubernetes yetapa,Gubernetes yetapa,Gubernetes yetapa,Gubernetes yetapa,Gubernetes yetapa,Gubernetes yetapa,Gubernetes yetapa,Gubernetes yetapa,Gubernetes yetapa,Gubernetes yetapa,Gubernetes,Tyrannidae,1,Bajo
4517,Gubernetes yetapa,Gubernetes yetapa,Gubernetes yetapa,Gubernetes yetapa,Gubernetes yetapa,Gubernetes yetapa,Gubernetes yetapa,Gubernetes yetapa,Gubernetes yetapa,Gubernetes yetapa,Gubernetes yetapa,Gubernetes yetapa,Gubernetes,Tyrannidae,1,Bajo
4518,Gubernetes yetapa,Sporophila pileata,Gubernetes yetapa,Sporophila pileata,Sporophila pileata,Sporophila pileata,Sporophila pileata,Sporophila pileata,Gubernetes yetapa,Gubernetes yetapa,Gubernetes yetapa,Sporophila pileata,Gubernetes,Tyrannidae,1,Bajo
4519,Gubernetes yetapa,Gubernetes yetapa,Gubernetes yetapa,Gubernetes yetapa,Gubernetes yetapa,Gubernetes yetapa,Gubernetes yetapa,Gubernetes yetapa,Gubernetes yetapa,Gubernetes yetapa,Gubernetes yetapa,Gubernetes yetapa,Gubernetes,Tyrannidae,1,Bajo
4520,Gubernetes yetapa,Gubernetes yetapa,Gubernetes yetapa,Gubernetes yetapa,Gubernetes yetapa,Gubernetes yetapa,Gubernetes yetapa,Gubernetes yetapa,Gubernetes yetapa,Gubernetes yetapa,Gubernetes yetapa,Gubernetes yetapa,Gubernetes,Tyrannidae,1,Bajo
4521,Gubernetes yetapa,Gubernetes yetapa,Gubernetes yetapa,Gubernetes yetapa,Gubernetes yetapa,Gubernetes yetapa,Gubernetes yetapa,Gubernetes yetapa,Gubernetes yetapa,Gubernetes yetapa,Gubernetes yetapa,Gubernetes yetapa,Gubernetes,Tyrannidae,1,Bajo
4523,Gubernetes yetapa,Gubernetes yetapa,Gubernetes yetapa,Gubernetes yetapa,Gubernetes yetapa,Gubernetes yetapa,Gubernetes yetapa,Gubernetes yetapa,Gubernetes yetapa,Gubernetes yetapa,Gubernetes yetapa,Gubernetes yetapa,Gubernetes,Tyrannidae,1,Bajo
4525,Gubernetes yetapa,Gubernetes yetapa,Gubernetes yetapa,Gubernetes yetapa,Gubernetes yetapa,Gubernetes yetapa,Gubernetes yetapa,Gubernetes yetapa,Gubernetes yetapa,Gubernetes yetapa,Gubernetes yetapa,Gubernetes yetapa,Gubernetes,Tyrannidae,1,Bajo
4526,Gubernetes yetapa,Gubernetes yetapa,Gubernetes yetapa,Gubernetes yetapa,Gubernetes yetapa,Gubernetes yetapa,Gubernetes yetapa,Gubernetes yetapa,Gubernetes yetapa,Gubernetes yetapa,Gubernetes yetapa,Gubernetes yetapa,Gubernetes,Tyrannidae,1,Bajo
4527,Gubernetes yetapa,Sporophila pileata,Sporophila pileata,Cyanocorax chrysops,Cyanoloxia brissonii,Lontra longicaudis,Sporophila pileata,Sporophila pileata,Sporophila pileata,Sporophila pileata,Sporophila pileata,Sporophila pileata,Gubernetes,Tyrannidae,1,Bajo
4528,Pogonotriccus eximius,Pogonotriccus eximius,Pogonotriccus eximius,Pogonotriccus eximius,Pogonotriccus eximius,Pogonotriccus eximius,Pogonotriccus eximius,Pogonotriccus eximius,Pogonotriccus eximius,Pogonotriccus eximius,Pogonotriccus eximius,Pogonotriccus eximius,Pogonotriccus,Tyrannidae,4,Alto
4529,Pogonotriccus eximius,Pogonotriccus eximius,Pogonotriccus eximius,Pogonotriccus eximius,Pogonotriccus eximius,Pogonotriccus eximius,Pogonotriccus eximius,Pogonotriccus eximius,Pogonotriccus eximius,Pogonotriccus eximius,Pogonotriccus eximius,Pogonotriccus eximius,Pogonotriccus,Tyrannidae,4,Alto
4530,Pogonotriccus eximius,Pogonotriccus eximius,Pogonotriccus eximius,Pogonotriccus eximius,Pogonotriccus eximius,Pogonotriccus eximius,Pogonotriccus eximius,Pogonotriccus eximius,Pogonotriccus eximius,Pogonotriccus eximius,Pogonotriccus eximius,Pogonotriccus eximius,Pogonotriccus,Tyrannidae,4,Alto
4531,Pogonotriccus eximius,Pogonotriccus eximius,Pogonotriccus eximius,Pogonotriccus eximius,Pogonotriccus eximius,Pogonotriccus eximius,Pogonotriccus eximius,Pogonotriccus eximius,Pogonotriccus eximius,Pogonotriccus eximius,Pogonotriccus eximius,Pogonotriccus eximius,Pogonotriccus,Tyrannidae,4,Alto
4532,Pogonotriccus eximius,Pogonotriccus eximius,Pogonotriccus eximius,Pogonotriccus eximius,Pogonotriccus eximius,Pogonotriccus eximius,Pogonotriccus eximius,Pogonotriccus eximius,Pogonotriccus eximius,Pogonotriccus eximius,Pogonotriccus eximius,Pogonotriccus eximius,Pogonotriccus,Tyrannidae,4,Alto
4533,Pogonotriccus eximius,Pogonotriccus eximius,Pogonotriccus eximius,Pogonotriccus eximius,Pogonotriccus eximius,Pogonotriccus eximius,Pogonotriccus eximius,Pogonotriccus eximius,Pogonotriccus eximius,Pogonotriccus eximius,Pogonotriccus eximius,Pogonotriccus eximius,Pogonotriccus,Tyrannidae,4,Alto
4534,Pogonotriccus eximius,Pogonotriccus eximius,Pogonotriccus eximius,Pogonotriccus eximius,Pogonotriccus eximius,Pogonotriccus eximius,Pogonotriccus eximius,Pogonotriccus eximius,Pogonotriccus eximius,Pogonotriccus eximius,Pogonotriccus eximius,Pogonotriccus eximius,Pogonotriccus,Tyrannidae,4,Alto
4535,Pogonotriccus eximius,Pogonotriccus eximius,Pogonotriccus eximius,Pogonotriccus eximius,Pogonotriccus eximius,Pogonotriccus eximius,Pogonotriccus eximius,Pogonotriccus eximius,Pogonotriccus eximius,Pogonotriccus eximius,Pogonotriccus eximius,Pogonotriccus eximius,Pogonotriccus,Tyrannidae,4,Alto
4536,Pogonotriccus eximius,Pogonotriccus eximius,Pogonotriccus eximius,Pogonotriccus eximius,Pogonotriccus eximius,Pogonotriccus eximius,Pogonotriccus eximius,Pogonotriccus eximius,Pogonotriccus eximius,Pogonotriccus eximius,Pogonotriccus eximius,Pogonotriccus eximius,Pogonotriccus,Tyrannidae,4,Alto
4537,Pogonotriccus eximius,Pogonotriccus eximius,Pogonotriccus eximius,Pogonotriccus eximius,Pogonotriccus eximius,Pogonotriccus eximius,Pogonotriccus eximius,Lepus europaeus,Pogonotriccus eximius,Pogonotriccus eximius,Pogonotriccus eximius,Pogonotriccus eximius,Pogonotriccus,Tyrannidae,4,Alto
4538,Pogonotriccus eximius,Pogonotriccus eximius,Pogonotriccus eximius,Pogonotriccus eximius,Pogonotriccus eximius,Pogonotriccus eximius,Pogonotriccus eximius,Pogonotriccus eximius,Pogonotriccus eximius,Pogonotriccus eximius,Pogonotriccus eximius,Pogonotriccus eximius,Pogonotriccus,Tyrannidae,4,Alto
4539,Pogonotriccus eximius,Pogonotriccus eximius,Pogonotriccus eximius,Pogonotriccus eximius,Pogonotriccus eximius,Pogonotriccus eximius,Pogonotriccus eximius,Pogonotriccus eximius,Pogonotriccus eximius,Pogonotriccus eximius,Pogonotriccus eximius,Pogonotriccus eximius,Pogonotriccus,Tyrannidae,4,Alto
4540,Pogonotriccus eximius,Pogonotriccus eximius,Pogonotriccus eximius,Pogonotriccus eximius,Pogonotriccus eximius,Pogonotriccus eximius,Pogonotriccus eximius,Baryphthengus ruficapillus,Pogonotriccus eximius,Pogonotriccus eximius,Pogonotriccus eximius,Pogonotriccus eximius,Pogonotriccus,Tyrannidae,4,Alto
4541,Pogonotriccus eximius,Pogonotriccus eximius,Pogonotriccus eximius,Pogonotriccus eximius,Pogonotriccus eximius,Pogonotriccus eximius,Pogonotriccus eximius,Pogonotriccus eximius,Pogonotriccus eximius,Pogonotriccus eximius,Pogonotriccus eximius,Pogonotriccus eximius,Pogonotriccus,Tyrannidae,4,Alto
4542,Pogonotriccus eximius,Pogonotriccus eximius,Pogonotriccus eximius,Pogonotriccus eximius,Pogonotriccus eximius,Pogonotriccus eximius,Pogonotriccus eximius,Pogonotriccus eximius,Pogonotriccus eximius,Pogonotriccus eximius,Pogonotriccus eximius,Pogonotriccus eximius,Pogonotriccus,Tyrannidae,4,Alto
4543,Pogonotriccus eximius,Pogonotriccus eximius,Pogonotriccus eximius,Pogonotriccus eximius,Pogonotriccus eximius,Pogonotriccus eximius,Pogonotriccus eximius,Manacus manacus,Pogonotriccus eximius,Pogonotriccus eximius,Pogonotriccus eximius,Pogonotriccus eximius,Pogonotriccus,Tyrannidae,4,Alto
4544,Pogonotriccus eximius,Pogonotriccus eximius,Pogonotriccus eximius,Pogonotriccus eximius,Pogonotriccus eximius,Pogonotriccus eximius,Pogonotriccus eximius,Pogonotriccus eximius,Pogonotriccus eximius,Pogonotriccus eximius,Pogonotriccus eximius,Pogonotriccus eximius,Pogonotriccus,Tyrannidae,4,Alto
4546,Pogonotriccus eximius,Pogonotriccus eximius,Pogonotriccus eximius,Pogonotriccus eximius,Pogonotriccus eximius,Pogonotriccus eximius,Pogonotriccus eximius,Pogonotriccus eximius,Pogonotriccus eximius,Pogonotriccus eximius,Pogonotriccus eximius,Pogonotriccus eximius,Pogonotriccus,Tyrannidae,4,Alto
4548,Pogonotriccus eximius,Pogonotriccus eximius,Pogonotriccus eximius,Pogonotriccus eximius,Pogonotriccus eximius,Pogonotriccus eximius,Pogonotriccus eximius,Pogonotriccus eximius,Pogonotriccus eximius,Pogonotriccus eximius,Pogonotriccus eximius,Pogonotriccus eximius,Pogonotriccus,Tyrannidae,4,Alto
4549,Pogonotriccus eximius,Pogonotriccus eximius,Pogonotriccus eximius,Pogonotriccus eximius,Pogonotriccus eximius,Pogonotriccus eximius,Pogonotriccus eximius,Pogonotriccus eximius,Pogonotriccus eximius,Pogonotriccus eximius,Pogonotriccus eximius,Pogonotriccus eximius,Pogonotriccus,Tyrannidae,4,Alto
4551,Pogonotriccus eximius,Pogonotriccus eximius,Pogonotriccus eximius,Pogonotriccus eximius,Pogonotriccus eximius,Pogonotriccus eximius,Pogonotriccus eximius,Pogonotriccus eximius,Pogonotriccus eximius,Pogonotriccus eximius,Pogonotriccus eximius,Pogonotriccus eximius,Pogonotriccus,Tyrannidae,4,Alto
4552,Pogonotriccus eximius,Pogonotriccus eximius,Pogonotriccus eximius,Pogonotriccus eximius,Pogonotriccus eximius,Pogonotriccus eximius,Pogonotriccus eximius,Pogonotriccus eximius,Pogonotriccus eximius,Pogonotriccus eximius,Pogonotriccus eximius,Pogonotriccus eximius,Pogonotriccus,Tyrannidae,4,Alto
4553,Pogonotriccus eximius,Pogonotriccus eximius,Pogonotriccus eximius,Pogonotriccus eximius,Pogonotriccus eximius,Pogonotriccus eximius,Pogonotriccus eximius,Pogonotriccus eximius,Pogonotriccus eximius,Pogonotriccus eximius,Pogonotriccus eximius,Pogonotriccus eximius,Pogonotriccus,Tyrannidae,4,Alto
4554,Pogonotriccus eximius,Pogonotriccus eximius,Pogonotriccus eximius,Pogonotriccus eximius,Pogonotriccus eximius,Pogonotriccus eximius,Pogonotriccus eximius,Pogonotriccus eximius,Pogonotriccus eximius,Pogonotriccus eximius,Pogonotriccus eximius,Pogonotriccus eximius,Pogonotriccus,Tyrannidae,4,Alto
4557,Pogonotriccus eximius,Pogonotriccus eximius,Pogonotriccus eximius,Pogonotriccus eximius,Pogonotriccus eximius,Pogonotriccus eximius,Pogonotriccus eximius,Pogonotriccus eximius,Pogonotriccus eximius,Pogonotriccus eximius,Pogonotriccus eximius,Pogonotriccus eximius,Pogonotriccus,Tyrannidae,4,Alto
4558,Pogonotriccus eximius,Pogonotriccus eximius,Pogonotriccus eximius,Pogonotriccus eximius,Pogonotriccus eximius,Pogonotriccus eximius,Pogonotriccus eximius,Pogonotriccus eximius,Pogonotriccus eximius,Pogonotriccus eximius,Pogonotriccus eximius,Pogonotriccus eximius,Pogonotriccus,Tyrannidae,4,Alto
4559,Pogonotriccus eximius,Pogonotriccus eximius,Pogonotriccus eximius,Pogonotriccus eximius,Pogonotriccus eximius,Pogonotriccus eximius,Pogonotriccus eximius,Pogonotriccus eximius,Pogonotriccus eximius,Pogonotriccus eximius,Pogonotriccus eximius,Pogonotriccus eximius,Pogonotriccus,Tyrannidae,4,Alto
4561,Pogonotriccus eximius,Brotogeris chiriri,Hypoedaleus guttatus,Cyanocorax chrysops,Biatas nigropectus,Baryphthengus ruficapillus,Sapajus nigritus,Amazona vinacea,Hypoedaleus guttatus,Hypoedaleus guttatus,Hypoedaleus guttatus,Pogonotriccus eximius,Pogonotriccus,Tyrannidae,4,Alto
