idx,y_true,pred_Nearest Centroid,pred_KNN (k=1),pred_KNN (k=3),pred_KNN (k=5),pred_Linear SVM,pred_RBF SVM,pred_Random Forest,pred_Faiss KNN (k=1),pred_Faiss KNN (k=3),pred_Faiss KNN (k=5),pred_Faiss Nearest Centroid,genus,family,ivc_score,ivc_category
0,Alouatta caraya,Alouatta caraya,Brotogeris chiriri,Alouatta caraya,Brotogeris chiriri,Brotogeris chiriri,Brotogeris chiriri,Sapajus nigritus,Brotogeris chiriri,Brotogeris chiriri,Brotogeris chiriri,Alouatta caraya,Alouatta,Atelidae,3,Medio
1,Alouatta caraya,Alouatta caraya,Alouatta guariba clamitans,Alouatta caraya,Alouatta caraya,Alouatta caraya,Alouatta caraya,Alouatta caraya,Alouatta guariba clamitans,Alouatta guariba clamitans,Alouatta guariba clamitans,Alouatta caraya,Alouatta,Atelidae,3,Medio
2,Alouatta caraya,Alouatta caraya,Alouatta caraya,Alouatta caraya,Alouatta caraya,Alouatta caraya,Alouatta guariba clamitans,Alouatta caraya,Alouatta caraya,Alouatta caraya,Alouatta caraya,Alouatta caraya,Alouatta,Atelidae,3,Medio
3,Alouatta caraya,Alouatta caraya,Alouatta caraya,Alouatta caraya,Alouatta caraya,Alouatta caraya,Alouatta caraya,Alouatta caraya,Alouatta caraya,Alouatta caraya,Alouatta caraya,Alouatta caraya,Alouatta,Atelidae,3,Medio
4,Alouatta caraya,Alouatta caraya,Alouatta caraya,Alouatta caraya,Alouatta caraya,Alouatta caraya,Alouatta caraya,Alouatta caraya,Alouatta caraya,Alouatta caraya,Alouatta caraya,Alouatta caraya,Alouatta,Atelidae,3,Medio
5,Alouatta caraya,Alouatta guariba,Alouatta guariba,Alouatta guariba,Alouatta guariba,Sapajus nigritus,Alouatta guariba clamitans,Alouatta guariba,Alouatta guariba,Alouatta guariba,Alouatta guariba,Alouatta guariba,Alouatta,Atelidae,3,Medio
6,Alouatta caraya,Alouatta caraya,Alouatta caraya,Alouatta caraya,Alouatta caraya,Alouatta caraya,Alouatta caraya,Alouatta caraya,Alouatta caraya,Alouatta caraya,Alouatta caraya,Alouatta caraya,Alouatta,Atelidae,3,Medio
11,Alouatta caraya,Alouatta guariba,Alouatta caraya,Alouatta caraya,Alouatta caraya,Alouatta caraya,Alouatta guariba clamitans,Alouatta caraya,Alouatta caraya,Alouatta caraya,Alouatta caraya,Alouatta guariba,Alouatta,Atelidae,3,Medio
12,Alouatta caraya,Alouatta caraya,Alouatta guariba,Alouatta guariba,Alouatta guariba,Sapajus nigritus,Alouatta caraya,Alouatta caraya,Alouatta guariba,Alouatta guariba,Alouatta guariba,Alouatta caraya,Alouatta,Atelidae,3,Medio
13,Alouatta caraya,Alouatta caraya,Alouatta caraya,Alouatta caraya,Alouatta caraya,Alouatta caraya,Alouatta caraya,Alouatta caraya,Alouatta caraya,Alouatta caraya,Alouatta caraya,Alouatta caraya,Alouatta,Atelidae,3,Medio
14,Alouatta caraya,Alouatta guariba,Alouatta guariba clamitans,Alouatta caraya,Alouatta guariba,Alouatta guariba,Alouatta guariba clamitans,Alouatta guariba,Alouatta guariba clamitans,Alouatta guariba clamitans,Alouatta guariba clamitans,Alouatta guariba,Alouatta,Atelidae,3,Medio
15,Alouatta caraya,Alouatta guariba clamitans,Alouatta caraya,Alouatta caraya,Alouatta caraya,Alouatta caraya,Alouatta guariba clamitans,Alouatta caraya,Alouatta caraya,Alouatta caraya,Alouatta caraya,Alouatta guariba clamitans,Alouatta,Atelidae,3,Medio
16,Alouatta caraya,Alouatta caraya,Alouatta caraya,Alouatta caraya,Alouatta caraya,Alouatta caraya,Alouatta caraya,Alouatta caraya,Alouatta caraya,Alouatta caraya,Alouatta caraya,Alouatta caraya,Alouatta,Atelidae,3,Medio
17,Alouatta caraya,Alouatta guariba clamitans,Alouatta guariba clamitans,Alouatta guariba clamitans,Alouatta guariba clamitans,Alouatta caraya,Alouatta guariba clamitans,Alouatta guariba clamitans,Alouatta guariba clamitans,Alouatta guariba clamitans,Alouatta guariba clamitans,Alouatta guariba clamitans,Alouatta,Atelidae,3,Medio
18,Alouatta caraya,Alouatta guariba clamitans,Alouatta guariba clamitans,Alouatta guariba clamitans,Alouatta guariba,Alouatta guariba clamitans,Alouatta guariba clamitans,Alouatta guariba clamitans,Alouatta guariba clamitans,Alouatta guariba clamitans,Alouatta guariba clamitans,Alouatta guariba clamitans,Alouatta,Atelidae,3,Medio
20,Alouatta caraya,Alouatta guariba clamitans,Alouatta caraya,Alouatta caraya,Alouatta guariba,Alouatta caraya,Alouatta guariba clamitans,Alouatta caraya,Alouatta caraya,Alouatta caraya,Alouatta caraya,Alouatta guariba clamitans,Alouatta,Atelidae,3,Medio
21,Alouatta caraya,Alouatta caraya,Alouatta caraya,Alouatta caraya,Alouatta caraya,Alouatta caraya,Alouatta caraya,Alouatta caraya,Alouatta caraya,Alouatta caraya,Alouatta caraya,Alouatta caraya,Alouatta,Atelidae,3,Medio
22,Alouatta caraya,Alouatta caraya,Alouatta guariba,Alouatta caraya,Alouatta caraya,Alouatta caraya,Alouatta caraya,Alouatta caraya,Alouatta guariba,Alouatta guariba,Alouatta guariba,Alouatta caraya,Alouatta,Atelidae,3,Medio
23,Alouatta caraya,Alouatta guariba,Sapajus nigritus,Alouatta guariba,Alouatta guariba,Sapajus nigritus,Sapajus nigritus,Alouatta caraya,Sapajus nigritus,Sapajus nigritus,Sapajus nigritus,Alouatta guariba,Alouatta,Atelidae,3,Medio
24,Alouatta caraya,Alouatta caraya,Alouatta guariba,Alouatta caraya,Alouatta caraya,Alouatta caraya,Alouatta caraya,Alouatta caraya,Alouatta guariba,Alouatta guariba,Alouatta guariba,Alouatta caraya,Alouatta,Atelidae,3,Medio
26,Alouatta caraya,Alouatta caraya,Alouatta caraya,Alouatta caraya,Alouatta caraya,Alouatta caraya,Alouatta caraya,Alouatta caraya,Alouatta caraya,Alouatta caraya,Alouatta caraya,Alouatta caraya,Alouatta,Atelidae,3,Medio
27,Alouatta caraya,Alouatta caraya,Alouatta caraya,Alouatta caraya,Alouatta caraya,Alouatta caraya,Alouatta caraya,Alouatta caraya,Alouatta caraya,Alouatta caraya,Alouatta caraya,Alouatta caraya,Alouatta,Atelidae,3,Medio
29,Alouatta caraya,Alouatta caraya,Alouatta caraya,Alouatta caraya,Alouatta caraya,Alouatta caraya,Alouatta caraya,Alouatta caraya,Alouatta caraya,Alouatta caraya,Alouatta caraya,Alouatta caraya,Alouatta,Atelidae,3,Medio
30,Alouatta caraya,Alouatta caraya,Alouatta caraya,Alouatta caraya,Alouatta caraya,Alouatta caraya,Alouatta caraya,Alouatta caraya,Alouatta caraya,Alouatta caraya,Alouatta caraya,Alouatta caraya,Alouatta,Atelidae,3,Medio
31,Alouatta caraya,Alouatta caraya,Sapajus nigritus,Sapajus nigritus,Sapajus nigritus,Sapajus nigritus,Alouatta caraya,Alouatta caraya,Sapajus nigritus,Sapajus nigritus,Sapajus nigritus,Alouatta caraya,Alouatta,Atelidae,3,Medio
32,Alouatta caraya,Alouatta caraya,Alouatta caraya,Alouatta caraya,Alouatta caraya,Alouatta caraya,Alouatta caraya,Alouatta caraya,Alouatta caraya,Alouatta caraya,Alouatta caraya,Alouatta caraya,Alouatta,Atelidae,3,Medio
33,Alouatta caraya,Alouatta caraya,Alouatta caraya,Alouatta caraya,Alouatta caraya,Alouatta caraya,Alouatta caraya,Alouatta caraya,Alouatta caraya,Alouatta caraya,Alouatta caraya,Alouatta caraya,Alouatta,Atelidae,3,Medio
34,Alouatta caraya,Alouatta caraya,Alouatta guariba,Alouatta caraya,Alouatta caraya,Sapajus nigritus,Alouatta caraya,Alouatta guariba clamitans,Alouatta guariba,Alouatta guariba,Alouatta guariba,Alouatta caraya,Alouatta,Atelidae,3,Medio
35,Alouatta caraya,Alouatta caraya,Alouatta caraya,Alouatta caraya,Alouatta caraya,Alouatta caraya,Alouatta guariba clamitans,Alouatta caraya,Alouatta caraya,Alouatta caraya,Alouatta caraya,Alouatta caraya,Alouatta,Atelidae,3,Medio
36,Alouatta caraya,Alouatta guariba,Sapajus nigritus,Alouatta caraya,Alouatta guariba clamitans,Alouatta guariba clamitans,Alouatta guariba clamitans,Alouatta caraya,Sapajus nigritus,Sapajus nigritus,Sapajus nigritus,Alouatta guariba,Alouatta,Atelidae,3,Medio
38,Alouatta caraya,Alouatta caraya,Alouatta caraya,Alouatta caraya,Alouatta caraya,Alouatta caraya,Alouatta caraya,Alouatta caraya,Alouatta caraya,Alouatta caraya,Alouatta caraya,Alouatta caraya,Alouatta,Atelidae,3,Medio
39,Alouatta caraya,Alouatta caraya,Alouatta caraya,Alouatta caraya,Alouatta caraya,Alouatta caraya,Alouatta caraya,Alouatta caraya,Alouatta caraya,Alouatta caraya,Alouatta caraya,Alouatta caraya,Alouatta,Atelidae,3,Medio
40,Alouatta caraya,Sapajus nigritus,Sapajus nigritus,Sapajus nigritus,Sapajus nigritus,Sapajus nigritus,Sapajus nigritus,Sapajus nigritus,Sapajus nigritus,Sapajus nigritus,Sapajus nigritus,Sapajus nigritus,Alouatta,Atelidae,3,Medio
42,Alouatta caraya,Alouatta caraya,Alouatta caraya,Alouatta caraya,Alouatta caraya,Alouatta caraya,Alouatta caraya,Alouatta caraya,Alouatta caraya,Alouatta caraya,Alouatta caraya,Alouatta caraya,Alouatta,Atelidae,3,Medio
43,Alouatta caraya,Alouatta caraya,Alouatta caraya,Alouatta caraya,Alouatta caraya,Alouatta caraya,Alouatta caraya,Alouatta caraya,Alouatta caraya,Alouatta caraya,Alouatta caraya,Alouatta caraya,Alouatta,Atelidae,3,Medio
45,Alouatta caraya,Alouatta caraya,Alouatta caraya,Alouatta caraya,Alouatta caraya,Alouatta caraya,Alouatta caraya,Sapajus nigritus,Alouatta caraya,Alouatta caraya,Alouatta caraya,Alouatta caraya,Alouatta,Atelidae,3,Medio
46,Alouatta caraya,Alouatta caraya,Alouatta guariba,Alouatta guariba clamitans,Alouatta guariba,Alouatta caraya,Alouatta guariba clamitans,Alouatta caraya,Alouatta guariba,Alouatta guariba,Alouatta guariba,Alouatta caraya,Alouatta,Atelidae,3,Medio
47,Alouatta caraya,Alouatta caraya,Alouatta caraya,Alouatta caraya,Alouatta caraya,Alouatta caraya,Alouatta caraya,Alouatta caraya,Alouatta caraya,Alouatta caraya,Alouatta caraya,Alouatta caraya,Alouatta,Atelidae,3,Medio
48,Alouatta caraya,Alouatta caraya,Alouatta caraya,Alouatta caraya,Alouatta caraya,Alouatta caraya,Alouatta caraya,Alouatta caraya,Alouatta caraya,Alouatta caraya,Alouatta caraya,Alouatta caraya,Alouatta,Atelidae,3,Medio
50,Alouatta caraya,Alouatta caraya,Alouatta guariba,Alouatta caraya,Alouatta caraya,Alouatta caraya,Alouatta caraya,Alouatta caraya,Alouatta guariba,Alouatta guariba,Alouatta guariba,Alouatta caraya,Alouatta,Atelidae,3,Medio
51,Alouatta caraya,Alouatta caraya,Alouatta caraya,Alouatta caraya,Alouatta caraya,Alouatta caraya,Alouatta caraya,Alouatta caraya,Alouatta caraya,Alouatta caraya,Alouatta caraya,Alouatta caraya,Alouatta,Atelidae,3,Medio
52,Alouatta caraya,Alouatta guariba clamitans,Sapajus nigritus,Sapajus nigritus,Alouatta guariba clamitans,Alouatta guariba clamitans,Alouatta guariba clamitans,Sapajus nigritus,Sapajus nigritus,Sapajus nigritus,Sapajus nigritus,Alouatta guariba clamitans,Alouatta,Atelidae,3,Medio
53,Alouatta caraya,Sapajus nigritus,Alouatta guariba clamitans,Alouatta caraya,Alouatta guariba clamitans,Sapajus nigritus,Sapajus nigritus,Sapajus nigritus,Alouatta guariba clamitans,Alouatta guariba clamitans,Alouatta guariba clamitans,Sapajus nigritus,Alouatta,Atelidae,3,Medio
54,Alouatta caraya,Alouatta caraya,Alouatta caraya,Alouatta caraya,Alouatta caraya,Alouatta caraya,Alouatta caraya,Alouatta caraya,Alouatta caraya,Alouatta caraya,Alouatta caraya,Alouatta caraya,Alouatta,Atelidae,3,Medio
55,Alouatta caraya,Alouatta guariba clamitans,Alouatta guariba,Alouatta caraya,Alouatta caraya,Alouatta caraya,Alouatta guariba clamitans,Alouatta caraya,Alouatta guariba,Alouatta guariba,Alouatta guariba,Alouatta guariba clamitans,Alouatta,Atelidae,3,Medio
56,Alouatta caraya,Alouatta caraya,Alouatta caraya,Alouatta caraya,Alouatta caraya,Alouatta caraya,Alouatta caraya,Alouatta caraya,Alouatta caraya,Alouatta caraya,Alouatta caraya,Alouatta caraya,Alouatta,Atelidae,3,Medio
57,Alouatta caraya,Alouatta guariba,Sapajus nigritus,Sapajus nigritus,Sapajus nigritus,Sapajus nigritus,Sapajus nigritus,Alouatta caraya,Sapajus nigritus,Sapajus nigritus,Sapajus nigritus,Alouatta guariba,Alouatta,Atelidae,3,Medio
59,Alouatta caraya,Alouatta caraya,Alouatta guariba,Alouatta caraya,Alouatta guariba,Alouatta caraya,Alouatta guariba clamitans,Alouatta caraya,Alouatta guariba,Alouatta guariba,Alouatta guariba,Alouatta caraya,Alouatta,Atelidae,3,Medio
60,Alouatta caraya,Alouatta caraya,Alouatta guariba clamitans,Alouatta caraya,Alouatta caraya,Alouatta caraya,Alouatta caraya,Alouatta caraya,Alouatta guariba clamitans,Alouatta guariba clamitans,Alouatta guariba clamitans,Alouatta caraya,Alouatta,Atelidae,3,Medio
61,Alouatta caraya,Alouatta caraya,Alouatta caraya,Alouatta caraya,Alouatta caraya,Alouatta caraya,Alouatta caraya,Alouatta caraya,Alouatta caraya,Alouatta caraya,Alouatta caraya,Alouatta caraya,Alouatta,Atelidae,3,Medio
62,Alouatta caraya,Alouatta caraya,Alouatta guariba,Alouatta caraya,Alouatta caraya,Alouatta caraya,Alouatta caraya,Alouatta caraya,Alouatta guariba,Alouatta guariba,Alouatta guariba,Alouatta caraya,Alouatta,Atelidae,3,Medio
63,Alouatta caraya,Alouatta caraya,Alouatta guariba,Alouatta caraya,Alouatta caraya,Alouatta caraya,Alouatta caraya,Alouatta caraya,Alouatta guariba,Alouatta guariba,Alouatta guariba,Alouatta caraya,Alouatta,Atelidae,3,Medio
64,Alouatta caraya,Alouatta caraya,Alouatta caraya,Alouatta caraya,Alouatta caraya,Alouatta caraya,Alouatta caraya,Alouatta caraya,Alouatta caraya,Alouatta caraya,Alouatta caraya,Alouatta caraya,Alouatta,Atelidae,3,Medio
65,Alouatta caraya,Alouatta caraya,Alouatta caraya,Alouatta caraya,Alouatta caraya,Alouatta caraya,Alouatta caraya,Alouatta caraya,Alouatta caraya,Alouatta caraya,Alouatta caraya,Alouatta caraya,Alouatta,Atelidae,3,Medio
66,Alouatta caraya,Alouatta caraya,Alouatta caraya,Alouatta caraya,Alouatta caraya,Alouatta caraya,Alouatta caraya,Alouatta caraya,Alouatta caraya,Alouatta caraya,Alouatta caraya,Alouatta caraya,Alouatta,Atelidae,3,Medio
68,Alouatta guariba,Alouatta guariba clamitans,Alouatta guariba,Alouatta guariba clamitans,Alouatta guariba clamitans,Alouatta guariba clamitans,Alouatta guariba clamitans,Alouatta guariba,Alouatta guariba,Alouatta guariba,Alouatta guariba,Alouatta guariba clamitans,Alouatta,Atelidae,7,Crítico
69,Alouatta guariba,Alouatta guariba clamitans,Alouatta guariba clamitans,Alouatta guariba,Alouatta guariba,Alouatta guariba clamitans,Alouatta guariba clamitans,Alouatta guariba,Alouatta guariba clamitans,Alouatta guariba clamitans,Alouatta guariba clamitans,Alouatta guariba clamitans,Alouatta,Atelidae,7,Crítico
71,Alouatta guariba,Alouatta guariba clamitans,Alouatta guariba,Alouatta guariba,Alouatta guariba clamitans,Alouatta guariba clamitans,Alouatta guariba clamitans,Alouatta guariba clamitans,Alouatta guariba,Alouatta guariba,Alouatta guariba,Alouatta guariba clamitans,Alouatta,Atelidae,7,Crítico
72,Alouatta guariba,Alouatta guariba clamitans,Alouatta guariba clamitans,Alouatta guariba,Alouatta guariba clamitans,Alouatta guariba clamitans,Alouatta guariba clamitans,Alouatta guariba clamitans,Alouatta guariba clamitans,Alouatta guariba clamitans,Alouatta guariba clamitans,Alouatta guariba clamitans,Alouatta,Atelidae,7,Crítico
73,Alouatta guariba,Alouatta guariba,Alouatta guariba,Alouatta guariba,Alouatta guariba,Alouatta guariba,Alouatta guariba clamitans,Alouatta guariba,Alouatta guariba,Alouatta guariba,Alouatta guariba,Alouatta guariba,Alouatta,Atelidae,7,Crítico
74,Alouatta guariba,Puma concolor,Leopardus pardalis,Didelphis aurita,Didelphis aurita,Myrmecophaga tridactyla,Galictis cuja,Didelphis aurita,Leopardus pardalis,Leopardus pardalis,Leopardus pardalis,Puma concolor,Alouatta,Atelidae,7,Crítico
75,Alouatta guariba,Alouatta guariba clamitans,Alouatta guariba clamitans,Alouatta guariba clamitans,Alouatta guariba clamitans,Alouatta guariba clamitans,Alouatta guariba clamitans,Alouatta guariba clamitans,Alouatta guariba clamitans,Alouatta guariba clamitans,Alouatta guariba clamitans,Alouatta guariba clamitans,Alouatta,Atelidae,7,Crítico
77,Alouatta guariba,Alouatta guariba,Alouatta guariba,Alouatta guariba,Alouatta guariba clamitans,Alouatta guariba clamitans,Alouatta guariba clamitans,Alouatta guariba,Alouatta guariba,Alouatta guariba,Alouatta guariba,Alouatta guariba,Alouatta,Atelidae,7,Crítico
78,Alouatta guariba,Alouatta guariba,Alouatta guariba clamitans,Alouatta guariba clamitans,Alouatta guariba clamitans,Alouatta guariba clamitans,Alouatta guariba clamitans,Alouatta guariba clamitans,Alouatta guariba clamitans,Alouatta guariba clamitans,Alouatta guariba clamitans,Alouatta guariba,Alouatta,Atelidae,7,Crítico
79,Alouatta guariba,Alouatta guariba clamitans,Alouatta guariba,Alouatta guariba clamitans,Alouatta guariba clamitans,Alouatta guariba clamitans,Alouatta guariba clamitans,Alouatta guariba clamitans,Alouatta guariba,Alouatta guariba,Alouatta guariba,Alouatta guariba clamitans,Alouatta,Atelidae,7,Crítico
81,Alouatta guariba,Didelphis albiventris,Alouatta guariba,Alouatta guariba,Alouatta guariba,Alouatta guariba,Alouatta guariba clamitans,Alouatta caraya,Alouatta guariba,Alouatta guariba,Alouatta guariba,Didelphis albiventris,Alouatta,Atelidae,7,Crítico
82,Alouatta guariba,Alouatta guariba clamitans,Alouatta guariba,Alouatta guariba clamitans,Alouatta guariba clamitans,Alouatta guariba clamitans,Alouatta guariba clamitans,Alouatta guariba clamitans,Alouatta guariba,Alouatta guariba,Alouatta guariba,Alouatta guariba clamitans,Alouatta,Atelidae,7,Crítico
85,Alouatta guariba,Alouatta guariba clamitans,Alouatta guariba,Alouatta guariba clamitans,Alouatta guariba clamitans,Alouatta guariba clamitans,Alouatta guariba clamitans,Alouatta guariba clamitans,Alouatta guariba,Alouatta guariba,Alouatta guariba,Alouatta guariba clamitans,Alouatta,Atelidae,7,Crítico
86,Alouatta guariba,Alouatta guariba,Alouatta guariba,Alouatta guariba,Alouatta guariba,Sapajus nigritus,Sapajus nigritus,Alouatta guariba,Alouatta guariba,Alouatta guariba,Alouatta guariba,Alouatta guariba,Alouatta,Atelidae,7,Crítico
87,Alouatta guariba,Alouatta guariba,Alouatta guariba,Alouatta guariba,Alouatta guariba,Alouatta guariba clamitans,Alouatta guariba clamitans,Alouatta guariba,Alouatta guariba,Alouatta guariba,Alouatta guariba,Alouatta guariba,Alouatta,Atelidae,7,Crítico
88,Alouatta guariba,Alouatta guariba,Alouatta guariba,Alouatta guariba,Alouatta guariba,Alouatta guariba,Alouatta guariba clamitans,Alouatta guariba,Alouatta guariba,Alouatta guariba,Alouatta guariba,Alouatta guariba,Alouatta,Atelidae,7,Crítico
89,Alouatta guariba,Alouatta guariba clamitans,Alouatta guariba clamitans,Alouatta guariba clamitans,Alouatta guariba clamitans,Alouatta guariba clamitans,Alouatta guariba clamitans,Alouatta guariba clamitans,Alouatta guariba clamitans,Alouatta guariba clamitans,Alouatta guariba clamitans,Alouatta guariba clamitans,Alouatta,Atelidae,7,Crítico
90,Alouatta guariba,Alouatta guariba clamitans,Alouatta guariba,Alouatta guariba clamitans,Alouatta guariba,Alouatta guariba clamitans,Alouatta guariba clamitans,Alouatta guariba clamitans,Alouatta guariba,Alouatta guariba,Alouatta guariba,Alouatta guariba clamitans,Alouatta,Atelidae,7,Crítico
91,Alouatta guariba,Alouatta guariba clamitans,Alouatta guariba,Alouatta guariba,Alouatta guariba,Alouatta guariba clamitans,Alouatta guariba clamitans,Alouatta guariba clamitans,Alouatta guariba,Alouatta guariba,Alouatta guariba,Alouatta guariba clamitans,Alouatta,Atelidae,7,Crítico
92,Alouatta guariba,Alouatta guariba clamitans,Alouatta guariba clamitans,Alouatta guariba clamitans,Alouatta guariba clamitans,Alouatta guariba clamitans,Alouatta guariba clamitans,Alouatta guariba clamitans,Alouatta guariba clamitans,Alouatta guariba clamitans,Alouatta guariba clamitans,Alouatta guariba clamitans,Alouatta,Atelidae,7,Crítico
93,Alouatta guariba,Alouatta guariba,Alouatta guariba,Sapajus nigritus,Sapajus nigritus,Alouatta guariba,Alouatta guariba clamitans,Sapajus nigritus,Alouatta guariba,Alouatta guariba,Alouatta guariba,Alouatta guariba,Alouatta,Atelidae,7,Crítico
94,Alouatta guariba,Alouatta guariba,Alouatta caraya,Alouatta caraya,Alouatta guariba,Alouatta guariba,Alouatta guariba clamitans,Alouatta caraya,Alouatta caraya,Alouatta caraya,Alouatta caraya,Alouatta guariba,Alouatta,Atelidae,7,Crítico
96,Alouatta guariba,Alouatta guariba,Alouatta guariba,Alouatta guariba clamitans,Alouatta guariba clamitans,Alouatta guariba,Alouatta guariba clamitans,Alouatta guariba,Alouatta guariba,Alouatta guariba,Alouatta guariba,Alouatta guariba,Alouatta,Atelidae,7,Crítico
97,Alouatta guariba,Alouatta guariba,Alouatta guariba,Alouatta guariba clamitans,Alouatta guariba clamitans,Alouatta guariba clamitans,Alouatta guariba clamitans,Alouatta guariba clamitans,Alouatta guariba,Alouatta guariba,Alouatta guariba,Alouatta guariba,Alouatta,Atelidae,7,Crítico
98,Alouatta guariba,Alouatta guariba clamitans,Alouatta guariba clamitans,Alouatta caraya,Alouatta guariba clamitans,Alouatta guariba clamitans,Alouatta guariba clamitans,Alouatta caraya,Alouatta guariba clamitans,Alouatta guariba clamitans,Alouatta guariba clamitans,Alouatta guariba clamitans,Alouatta,Atelidae,7,Crítico
99,Alouatta guariba,Alouatta caraya,Alouatta guariba,Alouatta guariba clamitans,Alouatta guariba clamitans,Alouatta guariba clamitans,Alouatta guariba clamitans,Alouatta guariba,Alouatta guariba,Alouatta guariba,Alouatta guariba,Alouatta caraya,Alouatta,Atelidae,7,Crítico
100,Alouatta guariba,Alouatta guariba,Alouatta guariba clamitans,Alouatta guariba,Alouatta guariba,Alouatta guariba clamitans,Alouatta guariba clamitans,Alouatta guariba,Alouatta guariba clamitans,Alouatta guariba clamitans,Alouatta guariba clamitans,Alouatta guariba,Alouatta,Atelidae,7,Crítico
101,Alouatta guariba,Alouatta caraya,Alouatta guariba clamitans,Alouatta guariba,Alouatta caraya,Alouatta caraya,Alouatta caraya,Alouatta caraya,Alouatta guariba clamitans,Alouatta guariba clamitans,Alouatta guariba clamitans,Alouatta caraya,Alouatta,Atelidae,7,Crítico
102,Alouatta guariba,Alouatta guariba,Alouatta guariba,Alouatta guariba,Alouatta guariba,Alouatta guariba clamitans,Alouatta guariba clamitans,Alouatta caraya,Alouatta guariba,Alouatta guariba,Alouatta guariba,Alouatta guariba,Alouatta,Atelidae,7,Crítico
103,Alouatta guariba,Alouatta guariba clamitans,Alouatta guariba,Alouatta guariba clamitans,Alouatta guariba clamitans,Alouatta guariba clamitans,Alouatta guariba clamitans,Alouatta guariba clamitans,Alouatta guariba,Alouatta guariba,Alouatta guariba,Alouatta guariba clamitans,Alouatta,Atelidae,7,Crítico
104,Alouatta guariba,Alouatta guariba,Alouatta caraya,Alouatta guariba,Alouatta guariba,Alouatta guariba clamitans,Alouatta guariba clamitans,Alouatta guariba clamitans,Alouatta caraya,Alouatta caraya,Alouatta caraya,Alouatta guariba,Alouatta,Atelidae,7,Crítico
105,Alouatta guariba,Alouatta guariba clamitans,Alouatta guariba clamitans,Alouatta guariba clamitans,Alouatta guariba clamitans,Alouatta guariba clamitans,Alouatta guariba clamitans,Alouatta guariba clamitans,Alouatta guariba clamitans,Alouatta guariba clamitans,Alouatta guariba clamitans,Alouatta guariba clamitans,Alouatta,Atelidae,7,Crítico
106,Alouatta guariba,Alouatta guariba clamitans,Alouatta guariba clamitans,Alouatta guariba,Alouatta guariba clamitans,Alouatta guariba clamitans,Alouatta guariba clamitans,Alouatta guariba clamitans,Alouatta guariba clamitans,Alouatta guariba clamitans,Alouatta guariba clamitans,Alouatta guariba clamitans,Alouatta,Atelidae,7,Crítico
107,Alouatta guariba,Alouatta guariba,Alouatta caraya,Alouatta caraya,Alouatta guariba,Alouatta guariba clamitans,Alouatta guariba clamitans,Alouatta caraya,Alouatta caraya,Alouatta caraya,Alouatta caraya,Alouatta guariba,Alouatta,Atelidae,7,Crítico
109,Alouatta guariba,Alouatta guariba,Alouatta guariba clamitans,Alouatta guariba,Alouatta guariba clamitans,Alouatta guariba,Alouatta guariba clamitans,Alouatta guariba,Alouatta guariba clamitans,Alouatta guariba clamitans,Alouatta guariba clamitans,Alouatta guariba,Alouatta,Atelidae,7,Crítico
111,Alouatta guariba,Alouatta guariba,Alouatta guariba clamitans,Alouatta guariba clamitans,Alouatta guariba,Alouatta guariba clamitans,Alouatta guariba clamitans,Alouatta guariba clamitans,Alouatta guariba clamitans,Alouatta guariba clamitans,Alouatta guariba clamitans,Alouatta guariba,Alouatta,Atelidae,7,Crítico
112,Alouatta guariba,Alouatta guariba clamitans,Alouatta guariba clamitans,Alouatta guariba clamitans,Alouatta guariba clamitans,Alouatta guariba clamitans,Alouatta guariba clamitans,Alouatta guariba clamitans,Alouatta guariba clamitans,Alouatta guariba clamitans,Alouatta guariba clamitans,Alouatta guariba clamitans,Alouatta,Atelidae,7,Crítico
114,Alouatta guariba,Alouatta guariba clamitans,Alouatta guariba clamitans,Alouatta guariba clamitans,Alouatta guariba clamitans,Alouatta guariba clamitans,Alouatta guariba clamitans,Alouatta guariba clamitans,Alouatta guariba clamitans,Alouatta guariba clamitans,Alouatta guariba clamitans,Alouatta guariba clamitans,Alouatta,Atelidae,7,Crítico
115,Alouatta guariba,Alouatta guariba clamitans,Alouatta guariba,Alouatta guariba clamitans,Alouatta guariba,Alouatta guariba clamitans,Alouatta guariba clamitans,Alouatta guariba clamitans,Alouatta guariba,Alouatta guariba,Alouatta guariba,Alouatta guariba clamitans,Alouatta,Atelidae,7,Crítico
116,Alouatta guariba,Alouatta guariba clamitans,Alouatta guariba clamitans,Alouatta guariba clamitans,Alouatta guariba clamitans,Alouatta guariba clamitans,Alouatta guariba clamitans,Alouatta guariba clamitans,Alouatta guariba clamitans,Alouatta guariba clamitans,Alouatta guariba clamitans,Alouatta guariba clamitans,Alouatta,Atelidae,7,Crítico
118,Alouatta guariba,Alouatta guariba clamitans,Sapajus nigritus,Alouatta guariba,Alouatta guariba,Alouatta guariba clamitans,Alouatta guariba clamitans,Alouatta guariba clamitans,Sapajus nigritus,Sapajus nigritus,Sapajus nigritus,Alouatta guariba clamitans,Alouatta,Atelidae,7,Crítico
119,Alouatta guariba,Alouatta guariba,Alouatta guariba,Alouatta guariba,Alouatta guariba,Alouatta guariba clamitans,Alouatta guariba clamitans,Alouatta guariba clamitans,Alouatta guariba,Alouatta guariba,Alouatta guariba,Alouatta guariba,Alouatta,Atelidae,7,Crítico
120,Alouatta guariba,Alouatta guariba,Alouatta guariba clamitans,Alouatta caraya,Alouatta caraya,Alouatta guariba clamitans,Alouatta guariba clamitans,Alouatta caraya,Alouatta guariba clamitans,Alouatta guariba clamitans,Alouatta guariba clamitans,Alouatta guariba,Alouatta,Atelidae,7,Crítico
122,Alouatta guariba clamitans,Alouatta guariba clamitans,Alouatta guariba clamitans,Alouatta guariba clamitans,Alouatta guariba,Alouatta guariba clamitans,Alouatta guariba clamitans,Alouatta guariba,Alouatta guariba clamitans,Alouatta guariba clamitans,Alouatta guariba clamitans,Alouatta guariba clamitans,Alouatta,Atelidae,7,Crítico
123,Alouatta guariba clamitans,Alouatta guariba clamitans,Alouatta guariba clamitans,Alouatta guariba clamitans,Alouatta guariba,Alouatta guariba clamitans,Alouatta guariba clamitans,Alouatta guariba,Alouatta guariba clamitans,Alouatta guariba clamitans,Alouatta guariba clamitans,Alouatta guariba clamitans,Alouatta,Atelidae,7,Crítico
124,Alouatta guariba clamitans,Alouatta guariba clamitans,Alouatta guariba clamitans,Alouatta guariba clamitans,Alouatta guariba clamitans,Alouatta guariba clamitans,Alouatta guariba clamitans,Alouatta guariba clamitans,Alouatta guariba clamitans,Alouatta guariba clamitans,Alouatta guariba clamitans,Alouatta guariba clamitans,Alouatta,Atelidae,7,Crítico
125,Alouatta guariba clamitans,Alouatta guariba,Alouatta guariba,Alouatta guariba,Alouatta guariba,Alouatta guariba,Alouatta guariba clamitans,Alouatta guariba,Alouatta guariba,Alouatta guariba,Alouatta guariba,Alouatta guariba,Alouatta,Atelidae,7,Crítico
126,Alouatta guariba clamitans,Alouatta guariba,Alouatta guariba clamitans,Alouatta guariba clamitans,Alouatta guariba clamitans,Alouatta guariba clamitans,Alouatta guariba clamitans,Alouatta guariba clamitans,Alouatta guariba clamitans,Alouatta guariba clamitans,Alouatta guariba clamitans,Alouatta guariba,Alouatta,Atelidae,7,Crítico
127,Alouatta guariba clamitans,Alouatta guariba clamitans,Alouatta guariba clamitans,Alouatta guariba clamitans,Alouatta guariba clamitans,Alouatta guariba clamitans,Alouatta guariba clamitans,Alouatta guariba clamitans,Alouatta guariba clamitans,Alouatta guariba clamitans,Alouatta guariba clamitans,Alouatta guariba clamitans,Alouatta,Atelidae,7,Crítico
128,Alouatta guariba clamitans,Alouatta guariba clamitans,Alouatta caraya,Alouatta guariba clamitans,Alouatta guariba clamitans,Alouatta guariba clamitans,Alouatta guariba clamitans,Alouatta guariba clamitans,Alouatta caraya,Alouatta caraya,Alouatta caraya,Alouatta guariba clamitans,Alouatta,Atelidae,7,Crítico
131,Alouatta guariba clamitans,Alouatta guariba,Alouatta guariba,Alouatta caraya,Sapajus nigritus,Alouatta guariba,Alouatta guariba clamitans,Alouatta guariba,Alouatta guariba,Alouatta guariba,Alouatta guariba,Alouatta guariba,Alouatta,Atelidae,7,Crítico
132,Alouatta guariba clamitans,Alouatta caraya,Alouatta guariba,Alouatta guariba clamitans,Alouatta guariba,Alouatta caraya,Alouatta guariba clamitans,Alouatta guariba,Alouatta guariba,Alouatta guariba,Alouatta guariba,Alouatta caraya,Alouatta,Atelidae,7,Crítico
133,Alouatta guariba clamitans,Alouatta guariba clamitans,Alouatta guariba clamitans,Alouatta guariba clamitans,Alouatta guariba clamitans,Alouatta guariba clamitans,Alouatta guariba clamitans,Alouatta guariba clamitans,Alouatta guariba clamitans,Alouatta guariba clamitans,Alouatta guariba clamitans,Alouatta guariba clamitans,Alouatta,Atelidae,7,Crítico
135,Alouatta guariba clamitans,Alouatta guariba,Sapajus nigritus,Alouatta guariba,Alouatta guariba,Sapajus nigritus,Alouatta guariba clamitans,Alouatta guariba clamitans,Sapajus nigritus,Sapajus nigritus,Sapajus nigritus,Alouatta guariba,Alouatta,Atelidae,7,Crítico
136,Alouatta guariba clamitans,Alouatta guariba clamitans,Alouatta guariba clamitans,Alouatta guariba clamitans,Alouatta guariba,Alouatta guariba clamitans,Alouatta guariba clamitans,Alouatta guariba clamitans,Alouatta guariba clamitans,Alouatta guariba clamitans,Alouatta guariba clamitans,Alouatta guariba clamitans,Alouatta,Atelidae,7,Crítico
137,Alouatta guariba clamitans,Alouatta guariba,Alouatta caraya,Alouatta guariba,Alouatta guariba,Alouatta guariba clamitans,Alouatta guariba clamitans,Alouatta guariba,Alouatta caraya,Alouatta caraya,Alouatta caraya,Alouatta guariba,Alouatta,Atelidae,7,Crítico
138,Alouatta guariba clamitans,Alouatta guariba,Alouatta guariba,Alouatta caraya,Alouatta guariba clamitans,Alouatta guariba clamitans,Alouatta guariba clamitans,Alouatta guariba,Alouatta guariba,Alouatta guariba,Alouatta guariba,Alouatta guariba,Alouatta,Atelidae,7,Crítico
139,Alouatta guariba clamitans,Alouatta guariba,Sapajus nigritus,Alouatta caraya,Alouatta guariba clamitans,Alouatta guariba clamitans,Alouatta guariba clamitans,Alouatta caraya,Sapajus nigritus,Sapajus nigritus,Sapajus nigritus,Alouatta guariba,Alouatta,Atelidae,7,Crítico
140,Alouatta guariba clamitans,Alouatta caraya,Alouatta guariba clamitans,Alouatta guariba,Alouatta guariba,Sapajus nigritus,Alouatta guariba clamitans,Alouatta caraya,Alouatta guariba clamitans,Alouatta guariba clamitans,Alouatta guariba clamitans,Alouatta caraya,Alouatta,Atelidae,7,Crítico
141,Alouatta guariba clamitans,Alouatta guariba,Sapajus nigritus,Alouatta caraya,Alouatta caraya,Alouatta caraya,Alouatta caraya,Alouatta guariba,Sapajus nigritus,Sapajus nigritus,Sapajus nigritus,Alouatta guariba,Alouatta,Atelidae,7,Crítico
142,Alouatta guariba clamitans,Alouatta guariba,Alouatta guariba clamitans,Alouatta guariba,Alouatta guariba clamitans,Alouatta guariba clamitans,Alouatta guariba clamitans,Alouatta guariba clamitans,Alouatta guariba clamitans,Alouatta guariba clamitans,Alouatta guariba clamitans,Alouatta guariba,Alouatta,Atelidae,7,Crítico
143,Alouatta guariba clamitans,Alouatta guariba,Alouatta caraya,Alouatta caraya,Alouatta guariba,Alouatta guariba clamitans,Alouatta guariba clamitans,Alouatta guariba,Alouatta caraya,Alouatta caraya,Alouatta caraya,Alouatta guariba,Alouatta,Atelidae,7,Crítico
144,Alouatta guariba clamitans,Alouatta guariba clamitans,Alouatta guariba clamitans,Alouatta guariba clamitans,Alouatta guariba clamitans,Alouatta guariba clamitans,Alouatta guariba clamitans,Alouatta guariba clamitans,Alouatta guariba clamitans,Alouatta guariba clamitans,Alouatta guariba clamitans,Alouatta guariba clamitans,Alouatta,Atelidae,7,Crítico
145,Alouatta guariba clamitans,Alouatta guariba clamitans,Alouatta guariba clamitans,Alouatta guariba clamitans,Alouatta guariba clamitans,Alouatta guariba clamitans,Alouatta guariba clamitans,Alouatta guariba clamitans,Alouatta guariba clamitans,Alouatta guariba clamitans,Alouatta guariba clamitans,Alouatta guariba clamitans,Alouatta,Atelidae,7,Crítico
146,Alouatta guariba clamitans,Alouatta guariba clamitans,Alouatta guariba clamitans,Alouatta guariba clamitans,Alouatta guariba,Alouatta guariba clamitans,Alouatta guariba clamitans,Alouatta guariba clamitans,Alouatta guariba clamitans,Alouatta guariba clamitans,Alouatta guariba clamitans,Alouatta guariba clamitans,Alouatta,Atelidae,7,Crítico
147,Alouatta guariba clamitans,Alouatta guariba clamitans,Alouatta guariba,Alouatta guariba clamitans,Alouatta guariba,Alouatta guariba clamitans,Alouatta guariba clamitans,Alouatta guariba,Alouatta guariba,Alouatta guariba,Alouatta guariba,Alouatta guariba clamitans,Alouatta,Atelidae,7,Crítico
148,Alouatta guariba clamitans,Alouatta guariba clamitans,Alouatta guariba clamitans,Alouatta guariba clamitans,Alouatta guariba clamitans,Alouatta guariba clamitans,Alouatta guariba clamitans,Alouatta guariba clamitans,Alouatta guariba clamitans,Alouatta guariba clamitans,Alouatta guariba clamitans,Alouatta guariba clamitans,Alouatta,Atelidae,7,Crítico
149,Alouatta guariba clamitans,Alouatta guariba clamitans,Alouatta guariba clamitans,Alouatta guariba clamitans,Alouatta guariba clamitans,Alouatta guariba clamitans,Alouatta guariba clamitans,Alouatta guariba clamitans,Alouatta guariba clamitans,Alouatta guariba clamitans,Alouatta guariba clamitans,Alouatta guariba clamitans,Alouatta,Atelidae,7,Crítico
150,Alouatta guariba clamitans,Alouatta guariba clamitans,Alouatta guariba,Alouatta guariba clamitans,Alouatta guariba clamitans,Alouatta guariba clamitans,Alouatta guariba clamitans,Alouatta guariba clamitans,Alouatta guariba,Alouatta guariba,Alouatta guariba,Alouatta guariba clamitans,Alouatta,Atelidae,7,Crítico
151,Alouatta guariba clamitans,Alouatta guariba clamitans,Alouatta guariba clamitans,Alouatta guariba clamitans,Alouatta guariba clamitans,Alouatta guariba clamitans,Alouatta guariba clamitans,Alouatta caraya,Alouatta guariba clamitans,Alouatta guariba clamitans,Alouatta guariba clamitans,Alouatta guariba clamitans,Alouatta,Atelidae,7,Crítico
152,Alouatta guariba clamitans,Alouatta caraya,Alouatta guariba clamitans,Alouatta guariba clamitans,Alouatta caraya,Alouatta guariba clamitans,Alouatta guariba clamitans,Alouatta guariba clamitans,Alouatta guariba clamitans,Alouatta guariba clamitans,Alouatta guariba clamitans,Alouatta caraya,Alouatta,Atelidae,7,Crítico
156,Alouatta guariba clamitans,Alouatta guariba,Alouatta guariba clamitans,Alouatta caraya,Alouatta caraya,Alouatta guariba clamitans,Alouatta guariba clamitans,Alouatta caraya,Alouatta guariba clamitans,Alouatta guariba clamitans,Alouatta guariba clamitans,Alouatta guariba,Alouatta,Atelidae,7,Crítico
158,Alouatta guariba clamitans,Alouatta guariba clamitans,Alouatta guariba,Alouatta guariba clamitans,Alouatta guariba clamitans,Alouatta guariba clamitans,Alouatta guariba clamitans,Alouatta guariba clamitans,Alouatta guariba,Alouatta guariba,Alouatta guariba,Alouatta guariba clamitans,Alouatta,Atelidae,7,Crítico
159,Alouatta guariba clamitans,Sapajus nigritus,Alouatta caraya,Alouatta caraya,Alouatta caraya,Sapajus nigritus,Sapajus nigritus,Alouatta caraya,Alouatta caraya,Alouatta caraya,Alouatta caraya,Sapajus nigritus,Alouatta,Atelidae,7,Crítico
160,Alouatta guariba clamitans,Alouatta guariba,Alouatta guariba,Alouatta guariba clamitans,Alouatta guariba clamitans,Alouatta guariba clamitans,Alouatta guariba clamitans,Alouatta guariba,Alouatta guariba,Alouatta guariba,Alouatta guariba,Alouatta guariba,Alouatta,Atelidae,7,Crítico
161,Alouatta guariba clamitans,Alouatta guariba clamitans,Alouatta guariba clamitans,Alouatta guariba clamitans,Alouatta guariba clamitans,Alouatta guariba clamitans,Alouatta guariba clamitans,Alouatta guariba clamitans,Alouatta guariba clamitans,Alouatta guariba clamitans,Alouatta guariba clamitans,Alouatta guariba clamitans,Alouatta,Atelidae,7,Crítico
162,Alouatta guariba clamitans,Alouatta guariba,Alouatta guariba clamitans,Sapajus nigritus,Sapajus nigritus,Sapajus nigritus,Sapajus nigritus,Sapajus nigritus,Alouatta guariba clamitans,Alouatta guariba clamitans,Alouatta guariba clamitans,Alouatta guariba,Alouatta,Atelidae,7,Crítico
163,Alouatta guariba clamitans,Alouatta guariba,Alouatta guariba,Alouatta guariba,Alouatta guariba,Alouatta guariba,Alouatta guariba clamitans,Alouatta guariba,Alouatta guariba,Alouatta guariba,Alouatta guariba,Alouatta guariba,Alouatta,Atelidae,7,Crítico
164,Alouatta guariba clamitans,Puma concolor,Galictis cuja,Alouatta caraya,Alouatta caraya,Alouatta caraya,Galictis cuja,Alouatta guariba clamitans,Galictis cuja,Galictis cuja,Galictis cuja,Puma concolor,Alouatta,Atelidae,7,Crítico
166,Alouatta guariba clamitans,Alouatta guariba,Alouatta guariba,Alouatta guariba,Alouatta guariba,Alouatta guariba,Alouatta guariba clamitans,Alouatta guariba,Alouatta guariba,Alouatta guariba,Alouatta guariba,Alouatta guariba,Alouatta,Atelidae,7,Crítico
168,Alouatta guariba clamitans,Sapajus nigritus,Sapajus nigritus,Alouatta caraya,Alouatta caraya,Sapajus nigritus,Sapajus nigritus,Sapajus nigritus,Sapajus nigritus,Sapajus nigritus,Sapajus nigritus,Sapajus nigritus,Alouatta,Atelidae,7,Crítico
169,Alouatta guariba clamitans,Alouatta guariba clamitans,Alouatta caraya,Alouatta caraya,Alouatta caraya,Alouatta guariba clamitans,Alouatta guariba clamitans,Alouatta caraya,Alouatta caraya,Alouatta caraya,Alouatta caraya,Alouatta guariba clamitans,Alouatta,Atelidae,7,Crítico
170,Alouatta guariba clamitans,Alouatta guariba clamitans,Alouatta guariba clamitans,Alouatta guariba clamitans,Alouatta guariba clamitans,Alouatta guariba clamitans,Alouatta guariba clamitans,Alouatta guariba clamitans,Alouatta guariba clamitans,Alouatta guariba clamitans,Alouatta guariba clamitans,Alouatta guariba clamitans,Alouatta,Atelidae,7,Crítico
172,Alouatta guariba clamitans,Alouatta guariba clamitans,Alouatta guariba clamitans,Alouatta guariba clamitans,Alouatta guariba clamitans,Alouatta guariba clamitans,Alouatta guariba clamitans,Alouatta guariba clamitans,Alouatta guariba clamitans,Alouatta guariba clamitans,Alouatta guariba clamitans,Alouatta guariba clamitans,Alouatta,Atelidae,7,Crítico
173,Alouatta guariba clamitans,Alouatta guariba clamitans,Alouatta guariba,Alouatta guariba clamitans,Alouatta guariba clamitans,Alouatta guariba clamitans,Alouatta guariba clamitans,Alouatta guariba clamitans,Alouatta guariba,Alouatta guariba,Alouatta guariba,Alouatta guariba clamitans,Alouatta,Atelidae,7,Crítico
174,Alouatta guariba clamitans,Alouatta guariba clamitans,Alouatta guariba,Alouatta guariba,Alouatta guariba clamitans,Alouatta guariba clamitans,Alouatta guariba clamitans,Alouatta guariba clamitans,Alouatta guariba,Alouatta guariba,Alouatta guariba,Alouatta guariba clamitans,Alouatta,Atelidae,7,Crítico
175,Alouatta guariba clamitans,Alouatta guariba clamitans,Alouatta guariba clamitans,Alouatta guariba clamitans,Alouatta guariba clamitans,Alouatta guariba clamitans,Alouatta guariba clamitans,Alouatta guariba clamitans,Alouatta guariba clamitans,Alouatta guariba clamitans,Alouatta guariba clamitans,Alouatta guariba clamitans,Alouatta,Atelidae,7,Crítico
176,Alouatta guariba clamitans,Alouatta guariba,Sapajus nigritus,Sapajus nigritus,Alouatta caraya,Sapajus nigritus,Sapajus nigritus,Sapajus nigritus,Sapajus nigritus,Sapajus nigritus,Sapajus nigritus,Alouatta guariba,Alouatta,Atelidae,7,Crítico
177,Alouatta guariba clamitans,Alouatta caraya,Alouatta guariba clamitans,Alouatta guariba clamitans,Alouatta caraya,Alouatta caraya,Alouatta guariba clamitans,Alouatta caraya,Alouatta guariba clamitans,Alouatta guariba clamitans,Alouatta guariba clamitans,Alouatta caraya,Alouatta,Atelidae,7,Crítico
179,Alouatta guariba clamitans,Alouatta guariba,Sapajus nigritus,Alouatta caraya,Alouatta caraya,Sapajus nigritus,Sapajus nigritus,Alouatta caraya,Sapajus nigritus,Sapajus nigritus,Sapajus nigritus,Alouatta guariba,Alouatta,Atelidae,7,Crítico
180,Alouatta guariba clamitans,Alouatta guariba clamitans,Alouatta guariba,Alouatta guariba clamitans,Alouatta guariba clamitans,Alouatta guariba clamitans,Alouatta guariba clamitans,Alouatta guariba clamitans,Alouatta guariba,Alouatta guariba,Alouatta guariba,Alouatta guariba clamitans,Alouatta,Atelidae,7,Crítico
182,Alouatta guariba clamitans,Alouatta guariba,Alouatta guariba clamitans,Alouatta guariba,Alouatta guariba,Alouatta guariba clamitans,Alouatta guariba clamitans,Alouatta guariba,Alouatta guariba clamitans,Alouatta guariba clamitans,Alouatta guariba clamitans,Alouatta guariba,Alouatta,Atelidae,7,Crítico
184,Alouatta guariba clamitans,Alouatta guariba clamitans,Alouatta guariba clamitans,Alouatta guariba clamitans,Alouatta guariba,Alouatta guariba clamitans,Alouatta guariba clamitans,Alouatta guariba clamitans,Alouatta guariba clamitans,Alouatta guariba clamitans,Alouatta guariba clamitans,Alouatta guariba clamitans,Alouatta,Atelidae,7,Crítico
185,Alouatta guariba clamitans,Alouatta guariba clamitans,Alouatta caraya,Alouatta caraya,Alouatta guariba clamitans,Alouatta guariba clamitans,Alouatta guariba clamitans,Alouatta guariba clamitans,Alouatta caraya,Alouatta caraya,Alouatta caraya,Alouatta guariba clamitans,Alouatta,Atelidae,7,Crítico
186,Alouatta guariba clamitans,Alouatta guariba clamitans,Alouatta guariba clamitans,Alouatta guariba clamitans,Alouatta guariba clamitans,Alouatta guariba clamitans,Alouatta guariba clamitans,Alouatta guariba clamitans,Alouatta guariba clamitans,Alouatta guariba clamitans,Alouatta guariba clamitans,Alouatta guariba clamitans,Alouatta,Atelidae,7,Crítico
187,Alouatta guariba clamitans,Alouatta guariba clamitans,Alouatta guariba,Alouatta guariba,Alouatta guariba,Alouatta guariba clamitans,Alouatta guariba clamitans,Alouatta guariba clamitans,Alouatta guariba,Alouatta guariba,Alouatta guariba,Alouatta guariba clamitans,Alouatta,Atelidae,7,Crítico
188,Alouatta guariba clamitans,Alouatta guariba clamitans,Alouatta guariba clamitans,Alouatta guariba,Alouatta guariba,Alouatta guariba clamitans,Alouatta guariba clamitans,Alouatta caraya,Alouatta guariba clamitans,Alouatta guariba clamitans,Alouatta guariba clamitans,Alouatta guariba clamitans,Alouatta,Atelidae,7,Crítico
189,Alouatta guariba clamitans,Alouatta guariba,Sapajus nigritus,Alouatta caraya,Alouatta guariba,Alouatta caraya,Alouatta guariba clamitans,Alouatta caraya,Sapajus nigritus,Sapajus nigritus,Sapajus nigritus,Alouatta guariba,Alouatta,Atelidae,7,Crítico
190,Alouatta guariba clamitans,Alouatta guariba clamitans,Alouatta guariba clamitans,Alouatta guariba clamitans,Alouatta caraya,Alouatta guariba clamitans,Alouatta guariba clamitans,Alouatta guariba clamitans,Alouatta guariba clamitans,Alouatta guariba clamitans,Alouatta guariba clamitans,Alouatta guariba clamitans,Alouatta,Atelidae,7,Crítico
191,Notharchus swainsoni,Notharchus swainsoni,Notharchus swainsoni,Notharchus swainsoni,Notharchus swainsoni,Notharchus swainsoni,Notharchus swainsoni,Notharchus swainsoni,Notharchus swainsoni,Notharchus swainsoni,Notharchus swainsoni,Notharchus swainsoni,Notharchus,Bucconidae,5,Crítico
194,Notharchus swainsoni,Notharchus swainsoni,Notharchus swainsoni,Notharchus swainsoni,Notharchus swainsoni,Notharchus swainsoni,Notharchus swainsoni,Notharchus swainsoni,Notharchus swainsoni,Notharchus swainsoni,Notharchus swainsoni,Notharchus swainsoni,Notharchus,Bucconidae,5,Crítico
196,Notharchus swainsoni,Notharchus swainsoni,Notharchus swainsoni,Biatas nigropectus,Notharchus swainsoni,Notharchus swainsoni,Notharchus swainsoni,Notharchus swainsoni,Notharchus swainsoni,Notharchus swainsoni,Notharchus swainsoni,Notharchus swainsoni,Notharchus,Bucconidae,5,Crítico
197,Notharchus swainsoni,Notharchus swainsoni,Notharchus swainsoni,Notharchus swainsoni,Notharchus swainsoni,Notharchus swainsoni,Notharchus swainsoni,Notharchus swainsoni,Notharchus swainsoni,Notharchus swainsoni,Notharchus swainsoni,Notharchus swainsoni,Notharchus,Bucconidae,5,Crítico
198,Notharchus swainsoni,Notharchus swainsoni,Notharchus swainsoni,Notharchus swainsoni,Notharchus swainsoni,Notharchus swainsoni,Notharchus swainsoni,Notharchus swainsoni,Notharchus swainsoni,Notharchus swainsoni,Notharchus swainsoni,Notharchus swainsoni,Notharchus,Bucconidae,5,Crítico
199,Notharchus swainsoni,Notharchus swainsoni,Notharchus swainsoni,Notharchus swainsoni,Notharchus swainsoni,Notharchus swainsoni,Notharchus swainsoni,Notharchus swainsoni,Notharchus swainsoni,Notharchus swainsoni,Notharchus swainsoni,Notharchus swainsoni,Notharchus,Bucconidae,5,Crítico
202,Notharchus swainsoni,Notharchus swainsoni,Notharchus swainsoni,Notharchus swainsoni,Notharchus swainsoni,Notharchus swainsoni,Notharchus swainsoni,Notharchus swainsoni,Notharchus swainsoni,Notharchus swainsoni,Notharchus swainsoni,Notharchus swainsoni,Notharchus,Bucconidae,5,Crítico
203,Notharchus swainsoni,Notharchus swainsoni,Notharchus swainsoni,Notharchus swainsoni,Notharchus swainsoni,Notharchus swainsoni,Notharchus swainsoni,Notharchus swainsoni,Notharchus swainsoni,Notharchus swainsoni,Notharchus swainsoni,Notharchus swainsoni,Notharchus,Bucconidae,5,Crítico
204,Notharchus swainsoni,Notharchus swainsoni,Notharchus swainsoni,Notharchus swainsoni,Notharchus swainsoni,Notharchus swainsoni,Notharchus swainsoni,Notharchus swainsoni,Notharchus swainsoni,Notharchus swainsoni,Notharchus swainsoni,Notharchus swainsoni,Notharchus,Bucconidae,5,Crítico
207,Notharchus swainsoni,Notharchus swainsoni,Notharchus swainsoni,Notharchus swainsoni,Notharchus swainsoni,Notharchus swainsoni,Notharchus swainsoni,Notharchus swainsoni,Notharchus swainsoni,Notharchus swainsoni,Notharchus swainsoni,Notharchus swainsoni,Notharchus,Bucconidae,5,Crítico
208,Notharchus swainsoni,Notharchus swainsoni,Notharchus swainsoni,Notharchus swainsoni,Notharchus swainsoni,Notharchus swainsoni,Notharchus swainsoni,Notharchus swainsoni,Notharchus swainsoni,Notharchus swainsoni,Notharchus swainsoni,Notharchus swainsoni,Notharchus,Bucconidae,5,Crítico
209,Notharchus swainsoni,Notharchus swainsoni,Notharchus swainsoni,Notharchus swainsoni,Notharchus swainsoni,Notharchus swainsoni,Notharchus swainsoni,Notharchus swainsoni,Notharchus swainsoni,Notharchus swainsoni,Notharchus swainsoni,Notharchus swainsoni,Notharchus,Bucconidae,5,Crítico
210,Notharchus swainsoni,Notharchus swainsoni,Notharchus swainsoni,Notharchus swainsoni,Notharchus swainsoni,Notharchus swainsoni,Notharchus swainsoni,Notharchus swainsoni,Notharchus swainsoni,Notharchus swainsoni,Notharchus swainsoni,Notharchus swainsoni,Notharchus,Bucconidae,5,Crítico
211,Notharchus swainsoni,Notharchus swainsoni,Notharchus swainsoni,Notharchus swainsoni,Notharchus swainsoni,Notharchus swainsoni,Notharchus swainsoni,Notharchus swainsoni,Notharchus swainsoni,Notharchus swainsoni,Notharchus swainsoni,Notharchus swainsoni,Notharchus,Bucconidae,5,Crítico
212,Notharchus swainsoni,Notharchus swainsoni,Notharchus swainsoni,Notharchus swainsoni,Notharchus swainsoni,Notharchus swainsoni,Notharchus swainsoni,Notharchus swainsoni,Notharchus swainsoni,Notharchus swainsoni,Notharchus swainsoni,Notharchus swainsoni,Notharchus,Bucconidae,5,Crítico
213,Notharchus swainsoni,Notharchus swainsoni,Notharchus swainsoni,Notharchus swainsoni,Notharchus swainsoni,Notharchus swainsoni,Notharchus swainsoni,Notharchus swainsoni,Notharchus swainsoni,Notharchus swainsoni,Notharchus swainsoni,Notharchus swainsoni,Notharchus,Bucconidae,5,Crítico
214,Notharchus swainsoni,Notharchus swainsoni,Notharchus swainsoni,Notharchus swainsoni,Notharchus swainsoni,Notharchus swainsoni,Notharchus swainsoni,Cyanocorax chrysops,Notharchus swainsoni,Notharchus swainsoni,Notharchus swainsoni,Notharchus swainsoni,Notharchus,Bucconidae,5,Crítico
215,Notharchus swainsoni,Notharchus swainsoni,Notharchus swainsoni,Notharchus swainsoni,Notharchus swainsoni,Notharchus swainsoni,Notharchus swainsoni,Notharchus swainsoni,Notharchus swainsoni,Notharchus swainsoni,Notharchus swainsoni,Notharchus swainsoni,Notharchus,Bucconidae,5,Crítico
216,Notharchus swainsoni,Notharchus swainsoni,Notharchus swainsoni,Notharchus swainsoni,Notharchus swainsoni,Notharchus swainsoni,Notharchus swainsoni,Notharchus swainsoni,Notharchus swainsoni,Notharchus swainsoni,Notharchus swainsoni,Notharchus swainsoni,Notharchus,Bucconidae,5,Crítico
217,Notharchus swainsoni,Notharchus swainsoni,Notharchus swainsoni,Notharchus swainsoni,Notharchus swainsoni,Notharchus swainsoni,Notharchus swainsoni,Notharchus swainsoni,Notharchus swainsoni,Notharchus swainsoni,Notharchus swainsoni,Notharchus swainsoni,Notharchus,Bucconidae,5,Crítico
218,Notharchus swainsoni,Notharchus swainsoni,Notharchus swainsoni,Notharchus swainsoni,Notharchus swainsoni,Notharchus swainsoni,Notharchus swainsoni,Notharchus swainsoni,Notharchus swainsoni,Notharchus swainsoni,Notharchus swainsoni,Notharchus swainsoni,Notharchus,Bucconidae,5,Crítico
219,Notharchus swainsoni,Notharchus swainsoni,Notharchus swainsoni,Notharchus swainsoni,Notharchus swainsoni,Notharchus swainsoni,Notharchus swainsoni,Notharchus swainsoni,Notharchus swainsoni,Notharchus swainsoni,Notharchus swainsoni,Notharchus swainsoni,Notharchus,Bucconidae,5,Crítico
220,Notharchus swainsoni,Notharchus swainsoni,Notharchus swainsoni,Notharchus swainsoni,Notharchus swainsoni,Notharchus swainsoni,Notharchus swainsoni,Notharchus swainsoni,Notharchus swainsoni,Notharchus swainsoni,Notharchus swainsoni,Notharchus swainsoni,Notharchus,Bucconidae,5,Crítico
221,Notharchus swainsoni,Notharchus swainsoni,Notharchus swainsoni,Notharchus swainsoni,Notharchus swainsoni,Notharchus swainsoni,Notharchus swainsoni,Notharchus swainsoni,Notharchus swainsoni,Notharchus swainsoni,Notharchus swainsoni,Notharchus swainsoni,Notharchus,Bucconidae,5,Crítico
222,Notharchus swainsoni,Notharchus swainsoni,Notharchus swainsoni,Notharchus swainsoni,Notharchus swainsoni,Notharchus swainsoni,Notharchus swainsoni,Notharchus swainsoni,Notharchus swainsoni,Notharchus swainsoni,Notharchus swainsoni,Notharchus swainsoni,Notharchus,Bucconidae,5,Crítico
223,Notharchus swainsoni,Notharchus swainsoni,Notharchus swainsoni,Notharchus swainsoni,Notharchus swainsoni,Notharchus swainsoni,Notharchus swainsoni,Notharchus swainsoni,Notharchus swainsoni,Notharchus swainsoni,Notharchus swainsoni,Notharchus swainsoni,Notharchus,Bucconidae,5,Crítico
224,Notharchus swainsoni,Notharchus swainsoni,Notharchus swainsoni,Notharchus swainsoni,Notharchus swainsoni,Notharchus swainsoni,Notharchus swainsoni,Notharchus swainsoni,Notharchus swainsoni,Notharchus swainsoni,Notharchus swainsoni,Notharchus swainsoni,Notharchus,Bucconidae,5,Crítico
226,Notharchus swainsoni,Notharchus swainsoni,Notharchus swainsoni,Notharchus swainsoni,Notharchus swainsoni,Notharchus swainsoni,Notharchus swainsoni,Notharchus swainsoni,Notharchus swainsoni,Notharchus swainsoni,Notharchus swainsoni,Notharchus swainsoni,Notharchus,Bucconidae,5,Crítico
227,Notharchus swainsoni,Notharchus swainsoni,Notharchus swainsoni,Notharchus swainsoni,Notharchus swainsoni,Notharchus swainsoni,Notharchus swainsoni,Notharchus swainsoni,Notharchus swainsoni,Notharchus swainsoni,Notharchus swainsoni,Notharchus swainsoni,Notharchus,Bucconidae,5,Crítico
228,Notharchus swainsoni,Notharchus swainsoni,Notharchus swainsoni,Notharchus swainsoni,Notharchus swainsoni,Notharchus swainsoni,Notharchus swainsoni,Notharchus swainsoni,Notharchus swainsoni,Notharchus swainsoni,Notharchus swainsoni,Notharchus swainsoni,Notharchus,Bucconidae,5,Crítico
229,Notharchus swainsoni,Notharchus swainsoni,Myiothlypis leucoblephara,Baryphthengus ruficapillus,Notharchus swainsoni,Notharchus swainsoni,Notharchus swainsoni,Turdus rufiventris,Myiothlypis leucoblephara,Myiothlypis leucoblephara,Myiothlypis leucoblephara,Notharchus swainsoni,Notharchus,Bucconidae,5,Crítico
230,Notharchus swainsoni,Notharchus swainsoni,Notharchus swainsoni,Notharchus swainsoni,Notharchus swainsoni,Notharchus swainsoni,Notharchus swainsoni,Notharchus swainsoni,Notharchus swainsoni,Notharchus swainsoni,Notharchus swainsoni,Notharchus swainsoni,Notharchus,Bucconidae,5,Crítico
231,Notharchus swainsoni,Notharchus swainsoni,Notharchus swainsoni,Notharchus swainsoni,Notharchus swainsoni,Notharchus swainsoni,Notharchus swainsoni,Notharchus swainsoni,Notharchus swainsoni,Notharchus swainsoni,Notharchus swainsoni,Notharchus swainsoni,Notharchus,Bucconidae,5,Crítico
232,Notharchus swainsoni,Notharchus swainsoni,Notharchus swainsoni,Notharchus swainsoni,Notharchus swainsoni,Notharchus swainsoni,Notharchus swainsoni,Notharchus swainsoni,Notharchus swainsoni,Notharchus swainsoni,Notharchus swainsoni,Notharchus swainsoni,Notharchus,Bucconidae,5,Crítico
233,Notharchus swainsoni,Notharchus swainsoni,Notharchus swainsoni,Notharchus swainsoni,Notharchus swainsoni,Notharchus swainsoni,Notharchus swainsoni,Notharchus swainsoni,Notharchus swainsoni,Notharchus swainsoni,Notharchus swainsoni,Notharchus swainsoni,Notharchus,Bucconidae,5,Crítico
234,Notharchus swainsoni,Notharchus swainsoni,Notharchus swainsoni,Notharchus swainsoni,Notharchus swainsoni,Notharchus swainsoni,Notharchus swainsoni,Notharchus swainsoni,Notharchus swainsoni,Notharchus swainsoni,Notharchus swainsoni,Notharchus swainsoni,Notharchus,Bucconidae,5,Crítico
235,Notharchus swainsoni,Notharchus swainsoni,Notharchus swainsoni,Notharchus swainsoni,Notharchus swainsoni,Notharchus swainsoni,Notharchus swainsoni,Notharchus swainsoni,Notharchus swainsoni,Notharchus swainsoni,Notharchus swainsoni,Notharchus swainsoni,Notharchus,Bucconidae,5,Crítico
236,Notharchus swainsoni,Notharchus swainsoni,Notharchus swainsoni,Notharchus swainsoni,Notharchus swainsoni,Notharchus swainsoni,Notharchus swainsoni,Notharchus swainsoni,Notharchus swainsoni,Notharchus swainsoni,Notharchus swainsoni,Notharchus swainsoni,Notharchus,Bucconidae,5,Crítico
237,Notharchus swainsoni,Notharchus swainsoni,Notharchus swainsoni,Notharchus swainsoni,Notharchus swainsoni,Notharchus swainsoni,Notharchus swainsoni,Notharchus swainsoni,Notharchus swainsoni,Notharchus swainsoni,Notharchus swainsoni,Notharchus swainsoni,Notharchus,Bucconidae,5,Crítico
238,Notharchus swainsoni,Notharchus swainsoni,Notharchus swainsoni,Notharchus swainsoni,Notharchus swainsoni,Notharchus swainsoni,Notharchus swainsoni,Notharchus swainsoni,Notharchus swainsoni,Notharchus swainsoni,Notharchus swainsoni,Notharchus swainsoni,Notharchus,Bucconidae,5,Crítico
239,Notharchus swainsoni,Notharchus swainsoni,Notharchus swainsoni,Notharchus swainsoni,Notharchus swainsoni,Notharchus swainsoni,Notharchus swainsoni,Notharchus swainsoni,Notharchus swainsoni,Notharchus swainsoni,Notharchus swainsoni,Notharchus swainsoni,Notharchus,Bucconidae,5,Crítico
240,Notharchus swainsoni,Notharchus swainsoni,Notharchus swainsoni,Notharchus swainsoni,Notharchus swainsoni,Notharchus swainsoni,Notharchus swainsoni,Notharchus swainsoni,Notharchus swainsoni,Notharchus swainsoni,Notharchus swainsoni,Notharchus swainsoni,Notharchus,Bucconidae,5,Crítico
241,Notharchus swainsoni,Notharchus swainsoni,Notharchus swainsoni,Notharchus swainsoni,Notharchus swainsoni,Notharchus swainsoni,Notharchus swainsoni,Notharchus swainsoni,Notharchus swainsoni,Notharchus swainsoni,Notharchus swainsoni,Notharchus swainsoni,Notharchus,Bucconidae,5,Crítico
244,Notharchus swainsoni,Notharchus swainsoni,Notharchus swainsoni,Notharchus swainsoni,Notharchus swainsoni,Notharchus swainsoni,Notharchus swainsoni,Notharchus swainsoni,Notharchus swainsoni,Notharchus swainsoni,Notharchus swainsoni,Notharchus swainsoni,Notharchus,Bucconidae,5,Crítico
245,Notharchus swainsoni,Notharchus swainsoni,Notharchus swainsoni,Notharchus swainsoni,Notharchus swainsoni,Notharchus swainsoni,Notharchus swainsoni,Notharchus swainsoni,Notharchus swainsoni,Notharchus swainsoni,Notharchus swainsoni,Notharchus swainsoni,Notharchus,Bucconidae,5,Crítico
246,Notharchus swainsoni,Notharchus swainsoni,Notharchus swainsoni,Notharchus swainsoni,Notharchus swainsoni,Notharchus swainsoni,Notharchus swainsoni,Notharchus swainsoni,Notharchus swainsoni,Notharchus swainsoni,Notharchus swainsoni,Notharchus swainsoni,Notharchus,Bucconidae,5,Crítico
250,Notharchus swainsoni,Notharchus swainsoni,Notharchus swainsoni,Notharchus swainsoni,Notharchus swainsoni,Notharchus swainsoni,Notharchus swainsoni,Notharchus swainsoni,Notharchus swainsoni,Notharchus swainsoni,Notharchus swainsoni,Notharchus swainsoni,Notharchus,Bucconidae,5,Crítico
251,Notharchus swainsoni,Notharchus swainsoni,Notharchus swainsoni,Notharchus swainsoni,Notharchus swainsoni,Notharchus swainsoni,Notharchus swainsoni,Notharchus swainsoni,Notharchus swainsoni,Notharchus swainsoni,Notharchus swainsoni,Notharchus swainsoni,Notharchus,Bucconidae,5,Crítico
252,Notharchus swainsoni,Notharchus swainsoni,Notharchus swainsoni,Notharchus swainsoni,Notharchus swainsoni,Notharchus swainsoni,Notharchus swainsoni,Notharchus swainsoni,Notharchus swainsoni,Notharchus swainsoni,Notharchus swainsoni,Notharchus swainsoni,Notharchus,Bucconidae,5,Crítico
253,Notharchus swainsoni,Notharchus swainsoni,Notharchus swainsoni,Notharchus swainsoni,Notharchus swainsoni,Notharchus swainsoni,Notharchus swainsoni,Notharchus swainsoni,Notharchus swainsoni,Notharchus swainsoni,Notharchus swainsoni,Notharchus swainsoni,Notharchus,Bucconidae,5,Crítico
254,Notharchus swainsoni,Notharchus swainsoni,Notharchus swainsoni,Notharchus swainsoni,Notharchus swainsoni,Notharchus swainsoni,Notharchus swainsoni,Notharchus swainsoni,Notharchus swainsoni,Notharchus swainsoni,Notharchus swainsoni,Notharchus swainsoni,Notharchus,Bucconidae,5,Crítico
255,Notharchus swainsoni,Notharchus swainsoni,Notharchus swainsoni,Notharchus swainsoni,Notharchus swainsoni,Notharchus swainsoni,Notharchus swainsoni,Notharchus swainsoni,Notharchus swainsoni,Notharchus swainsoni,Notharchus swainsoni,Notharchus swainsoni,Notharchus,Bucconidae,5,Crítico
256,Notharchus swainsoni,Notharchus swainsoni,Notharchus swainsoni,Notharchus swainsoni,Notharchus swainsoni,Notharchus swainsoni,Notharchus swainsoni,Notharchus swainsoni,Notharchus swainsoni,Notharchus swainsoni,Notharchus swainsoni,Notharchus swainsoni,Notharchus,Bucconidae,5,Crítico
257,Notharchus swainsoni,Notharchus swainsoni,Notharchus swainsoni,Notharchus swainsoni,Notharchus swainsoni,Notharchus swainsoni,Notharchus swainsoni,Notharchus swainsoni,Notharchus swainsoni,Notharchus swainsoni,Notharchus swainsoni,Notharchus swainsoni,Notharchus,Bucconidae,5,Crítico
258,Notharchus swainsoni,Notharchus swainsoni,Notharchus swainsoni,Notharchus swainsoni,Notharchus swainsoni,Notharchus swainsoni,Notharchus swainsoni,Notharchus swainsoni,Notharchus swainsoni,Notharchus swainsoni,Notharchus swainsoni,Notharchus swainsoni,Notharchus,Bucconidae,5,Crítico
260,Notharchus swainsoni,Notharchus swainsoni,Notharchus swainsoni,Notharchus swainsoni,Notharchus swainsoni,Notharchus swainsoni,Notharchus swainsoni,Notharchus swainsoni,Notharchus swainsoni,Notharchus swainsoni,Notharchus swainsoni,Notharchus swainsoni,Notharchus,Bucconidae,5,Crítico
262,Canis familiaris,Canis familiaris,Pecari tajacu,Canis familiaris,Herpailurus yagouaroundi,Canis familiaris,Lycalopex gymnocerca,Lycalopex gymnocerca,Pecari tajacu,Pecari tajacu,Pecari tajacu,Canis familiaris,Canis,Canidae,0,Doméstica
264,Canis familiaris,Canis familiaris,Canis familiaris,Canis familiaris,Canis familiaris,Canis familiaris,Canis familiaris,Canis familiaris,Canis familiaris,Canis familiaris,Canis familiaris,Canis familiaris,Canis,Canidae,0,Doméstica
265,Canis familiaris,Canis familiaris,Canis familiaris,Canis familiaris,Canis familiaris,Canis familiaris,Canis familiaris,Lycalopex gymnocerca,Canis familiaris,Canis familiaris,Canis familiaris,Canis familiaris,Canis,Canidae,0,Doméstica
266,Canis familiaris,Cabassous tatouay,Cuniculus paca,Cerdocyon thous,Cerdocyon thous,Cerdocyon thous,Cerdocyon thous,Cerdocyon thous,Cuniculus paca,Cuniculus paca,Cuniculus paca,Cabassous tatouay,Canis,Canidae,0,Doméstica
267,Canis familiaris,Canis familiaris,Canis familiaris,Canis familiaris,Canis familiaris,Canis familiaris,Canis familiaris,Canis familiaris,Canis familiaris,Canis familiaris,Canis familiaris,Canis familiaris,Canis,Canidae,0,Doméstica
268,Canis familiaris,Canis familiaris,Canis familiaris,Canis familiaris,Canis familiaris,Canis familiaris,Canis familiaris,Sus scrofa,Canis familiaris,Canis familiaris,Canis familiaris,Canis familiaris,Canis,Canidae,0,Doméstica
269,Canis familiaris,Canis familiaris,Canis familiaris,Canis familiaris,Canis familiaris,Canis familiaris,Canis familiaris,Phrynops williamsi,Canis familiaris,Canis familiaris,Canis familiaris,Canis familiaris,Canis,Canidae,0,Doméstica
270,Canis familiaris,Canis familiaris,Canis familiaris,Canis familiaris,Canis familiaris,Canis familiaris,Canis familiaris,Canis familiaris,Canis familiaris,Canis familiaris,Canis familiaris,Canis familiaris,Canis,Canidae,0,Doméstica
271,Canis familiaris,Canis familiaris,Canis familiaris,Canis familiaris,Canis familiaris,Canis familiaris,Canis familiaris,Canis familiaris,Canis familiaris,Canis familiaris,Canis familiaris,Canis familiaris,Canis,Canidae,0,Doméstica
272,Canis familiaris,Canis familiaris,Canis familiaris,Canis familiaris,Canis familiaris,Canis familiaris,Canis familiaris,Canis familiaris,Canis familiaris,Canis familiaris,Canis familiaris,Canis familiaris,Canis,Canidae,0,Doméstica
273,Canis familiaris,Canis familiaris,Canis familiaris,Canis familiaris,Canis familiaris,Canis familiaris,Canis familiaris,Canis familiaris,Canis familiaris,Canis familiaris,Canis familiaris,Canis familiaris,Canis,Canidae,0,Doméstica
274,Canis familiaris,Canis familiaris,Canis familiaris,Canis familiaris,Canis familiaris,Canis familiaris,Canis familiaris,Canis familiaris,Canis familiaris,Canis familiaris,Canis familiaris,Canis familiaris,Canis,Canidae,0,Doméstica
276,Canis familiaris,Canis familiaris,Canis familiaris,Canis familiaris,Canis familiaris,Canis familiaris,Canis familiaris,Cerdocyon thous,Canis familiaris,Canis familiaris,Canis familiaris,Canis familiaris,Canis,Canidae,0,Doméstica
277,Canis familiaris,Lycalopex gymnocerca,Lycalopex gymnocerca,Lycalopex gymnocerca,Lycalopex gymnocerca,Lycalopex gymnocerca,Lycalopex gymnocerca,Cerdocyon thous,Lycalopex gymnocerca,Lycalopex gymnocerca,Lycalopex gymnocerca,Lycalopex gymnocerca,Canis,Canidae,0,Doméstica
278,Canis familiaris,Canis familiaris,Canis familiaris,Canis familiaris,Canis familiaris,Canis familiaris,Canis familiaris,Gubernetes yetapa,Canis familiaris,Canis familiaris,Canis familiaris,Canis familiaris,Canis,Canidae,0,Doméstica
279,Canis familiaris,Canis familiaris,Canis familiaris,Canis familiaris,Canis familiaris,Canis familiaris,Canis familiaris,Tamandua tetradactyla,Canis familiaris,Canis familiaris,Canis familiaris,Canis familiaris,Canis,Canidae,0,Doméstica
280,Canis familiaris,Canis familiaris,Canis familiaris,Canis familiaris,Canis familiaris,Canis familiaris,Canis familiaris,Canis familiaris,Canis familiaris,Canis familiaris,Canis familiaris,Canis familiaris,Canis,Canidae,0,Doméstica
281,Canis familiaris,Canis familiaris,Canis familiaris,Canis familiaris,Canis familiaris,Canis familiaris,Canis familiaris,Lycalopex gymnocerca,Canis familiaris,Canis familiaris,Canis familiaris,Canis familiaris,Canis,Canidae,0,Doméstica
283,Canis familiaris,Canis familiaris,Canis familiaris,Canis familiaris,Canis familiaris,Canis familiaris,Canis familiaris,Canis familiaris,Canis familiaris,Canis familiaris,Canis familiaris,Canis familiaris,Canis,Canidae,0,Doméstica
284,Canis familiaris,Canis familiaris,Canis familiaris,Canis familiaris,Canis familiaris,Canis familiaris,Canis familiaris,Salvator merianae,Canis familiaris,Canis familiaris,Canis familiaris,Canis familiaris,Canis,Canidae,0,Doméstica
285,Canis familiaris,Canis familiaris,Canis familiaris,Lycalopex gymnocerca,Lycalopex gymnocerca,Canis familiaris,Canis familiaris,Hydrochoerus hydrochaeris,Canis familiaris,Canis familiaris,Canis familiaris,Canis familiaris,Canis,Canidae,0,Doméstica
286,Canis familiaris,Puma concolor,Tayassu pecari,Dasyprocta azarae,Cerdocyon thous,Puma concolor,Cerdocyon thous,Pecari tajacu,Tayassu pecari,Tayassu pecari,Tayassu pecari,Puma concolor,Canis,Canidae,0,Doméstica
288,Canis familiaris,Herpailurus yagouaroundi,Tayassu pecari,Sus scrofa,Herpailurus yagouaroundi,Sus scrofa,Cerdocyon thous,Cerdocyon thous,Tayassu pecari,Tayassu pecari,Tayassu pecari,Herpailurus yagouaroundi,Canis,Canidae,0,Doméstica
290,Cerdocyon thous,Herpailurus yagouaroundi,Didelphis aurita,Dasypus novemcinctus,Cuniculus paca,Lontra longicaudis,Eira barbara,Didelphis albiventris,Didelphis aurita,Didelphis aurita,Didelphis aurita,Herpailurus yagouaroundi,Cerdocyon,Canidae,1,Bajo
291,Cerdocyon thous,Cerdocyon thous,Cerdocyon thous,Cerdocyon thous,Cerdocyon thous,Cerdocyon thous,Cerdocyon thous,Cerdocyon thous,Cerdocyon thous,Cerdocyon thous,Cerdocyon thous,Cerdocyon thous,Cerdocyon,Canidae,1,Bajo
292,Cerdocyon thous,Cerdocyon thous,Herpailurus yagouaroundi,Cerdocyon thous,Cerdocyon thous,Cerdocyon thous,Cerdocyon thous,Cerdocyon thous,Herpailurus yagouaroundi,Herpailurus yagouaroundi,Herpailurus yagouaroundi,Cerdocyon thous,Cerdocyon,Canidae,1,Bajo
293,Cerdocyon thous,Lycalopex gymnocerca,Lycalopex gymnocerca,Lycalopex gymnocerca,Lycalopex gymnocerca,Lycalopex gymnocerca,Lycalopex gymnocerca,Lycalopex gymnocerca,Lycalopex gymnocerca,Lycalopex gymnocerca,Lycalopex gymnocerca,Lycalopex gymnocerca,Cerdocyon,Canidae,1,Bajo
294,Cerdocyon thous,Cerdocyon thous,Cerdocyon thous,Cerdocyon thous,Cerdocyon thous,Cerdocyon thous,Cerdocyon thous,Cerdocyon thous,Cerdocyon thous,Cerdocyon thous,Cerdocyon thous,Cerdocyon thous,Cerdocyon,Canidae,1,Bajo
296,Cerdocyon thous,Cerdocyon thous,Cerdocyon thous,Cerdocyon thous,Cerdocyon thous,Cerdocyon thous,Cerdocyon thous,Cerdocyon thous,Cerdocyon thous,Cerdocyon thous,Cerdocyon thous,Cerdocyon thous,Cerdocyon,Canidae,1,Bajo
297,Cerdocyon thous,Cerdocyon thous,Cerdocyon thous,Cerdocyon thous,Lycalopex gymnocerca,Cerdocyon thous,Cerdocyon thous,Cerdocyon thous,Cerdocyon thous,Cerdocyon thous,Cerdocyon thous,Cerdocyon thous,Cerdocyon,Canidae,1,Bajo
298,Cerdocyon thous,Cerdocyon thous,Lycalopex gymnocerca,Cerdocyon thous,Lycalopex gymnocerca,Cerdocyon thous,Cerdocyon thous,Cerdocyon thous,Lycalopex gymnocerca,Lycalopex gymnocerca,Lycalopex gymnocerca,Cerdocyon thous,Cerdocyon,Canidae,1,Bajo
299,Cerdocyon thous,Cerdocyon thous,Cerdocyon thous,Cerdocyon thous,Cerdocyon thous,Cerdocyon thous,Cerdocyon thous,Cerdocyon thous,Cerdocyon thous,Cerdocyon thous,Cerdocyon thous,Cerdocyon thous,Cerdocyon,Canidae,1,Bajo
300,Cerdocyon thous,Cerdocyon thous,Cerdocyon thous,Cerdocyon thous,Cerdocyon thous,Cerdocyon thous,Cerdocyon thous,Cerdocyon thous,Cerdocyon thous,Cerdocyon thous,Cerdocyon thous,Cerdocyon thous,Cerdocyon,Canidae,1,Bajo
301,Cerdocyon thous,Cerdocyon thous,Cerdocyon thous,Cerdocyon thous,Cerdocyon thous,Cerdocyon thous,Cerdocyon thous,Cerdocyon thous,Cerdocyon thous,Cerdocyon thous,Cerdocyon thous,Cerdocyon thous,Cerdocyon,Canidae,1,Bajo
302,Cerdocyon thous,Lycalopex gymnocerca,Lycalopex gymnocerca,Lycalopex gymnocerca,Lycalopex gymnocerca,Lycalopex gymnocerca,Lycalopex gymnocerca,Lycalopex gymnocerca,Lycalopex gymnocerca,Lycalopex gymnocerca,Lycalopex gymnocerca,Lycalopex gymnocerca,Cerdocyon,Canidae,1,Bajo
303,Cerdocyon thous,Cerdocyon thous,Cerdocyon thous,Cerdocyon thous,Cerdocyon thous,Cerdocyon thous,Cerdocyon thous,Cerdocyon thous,Cerdocyon thous,Cerdocyon thous,Cerdocyon thous,Cerdocyon thous,Cerdocyon,Canidae,1,Bajo
304,Cerdocyon thous,Cerdocyon thous,Lycalopex gymnocerca,Cerdocyon thous,Cerdocyon thous,Cerdocyon thous,Cerdocyon thous,Lycalopex gymnocerca,Lycalopex gymnocerca,Lycalopex gymnocerca,Lycalopex gymnocerca,Cerdocyon thous,Cerdocyon,Canidae,1,Bajo
305,Cerdocyon thous,Galictis cuja,Cerdocyon thous,Cerdocyon thous,Cerdocyon thous,Galictis cuja,Galictis cuja,Galictis cuja,Cerdocyon thous,Cerdocyon thous,Cerdocyon thous,Galictis cuja,Cerdocyon,Canidae,1,Bajo
306,Cerdocyon thous,Cerdocyon thous,Cerdocyon thous,Cerdocyon thous,Cerdocyon thous,Cerdocyon thous,Cerdocyon thous,Cerdocyon thous,Cerdocyon thous,Cerdocyon thous,Cerdocyon thous,Cerdocyon thous,Cerdocyon,Canidae,1,Bajo
307,Cerdocyon thous,Cerdocyon thous,Herpailurus yagouaroundi,Cerdocyon thous,Cerdocyon thous,Cerdocyon thous,Cerdocyon thous,Cerdocyon thous,Herpailurus yagouaroundi,Herpailurus yagouaroundi,Herpailurus yagouaroundi,Cerdocyon thous,Cerdocyon,Canidae,1,Bajo
308,Cerdocyon thous,Lycalopex gymnocerca,Cerdocyon thous,Cerdocyon thous,Cerdocyon thous,Lycalopex gymnocerca,Lycalopex gymnocerca,Cerdocyon thous,Cerdocyon thous,Cerdocyon thous,Cerdocyon thous,Lycalopex gymnocerca,Cerdocyon,Canidae,1,Bajo
309,Cerdocyon thous,Cerdocyon thous,Cerdocyon thous,Cerdocyon thous,Cerdocyon thous,Cerdocyon thous,Cerdocyon thous,Cerdocyon thous,Cerdocyon thous,Cerdocyon thous,Cerdocyon thous,Cerdocyon thous,Cerdocyon,Canidae,1,Bajo
310,Cerdocyon thous,Lycalopex gymnocerca,Lycalopex gymnocerca,Lycalopex gymnocerca,Lycalopex gymnocerca,Lycalopex gymnocerca,Lycalopex gymnocerca,Lycalopex gymnocerca,Lycalopex gymnocerca,Lycalopex gymnocerca,Lycalopex gymnocerca,Lycalopex gymnocerca,Cerdocyon,Canidae,1,Bajo
312,Cerdocyon thous,Cerdocyon thous,Cerdocyon thous,Cerdocyon thous,Cerdocyon thous,Cerdocyon thous,Cerdocyon thous,Cerdocyon thous,Cerdocyon thous,Cerdocyon thous,Cerdocyon thous,Cerdocyon thous,Cerdocyon,Canidae,1,Bajo
313,Cerdocyon thous,Lycalopex gymnocerca,Lycalopex gymnocerca,Lycalopex gymnocerca,Lycalopex gymnocerca,Lycalopex gymnocerca,Lycalopex gymnocerca,Eira barbara,Lycalopex gymnocerca,Lycalopex gymnocerca,Lycalopex gymnocerca,Lycalopex gymnocerca,Cerdocyon,Canidae,1,Bajo
314,Cerdocyon thous,Cerdocyon thous,Cerdocyon thous,Cerdocyon thous,Cerdocyon thous,Cerdocyon thous,Cerdocyon thous,Cerdocyon thous,Cerdocyon thous,Cerdocyon thous,Cerdocyon thous,Cerdocyon thous,Cerdocyon,Canidae,1,Bajo
315,Cerdocyon thous,Lycalopex gymnocerca,Lycalopex gymnocerca,Lycalopex gymnocerca,Lycalopex gymnocerca,Lycalopex gymnocerca,Lycalopex gymnocerca,Lycalopex gymnocerca,Lycalopex gymnocerca,Lycalopex gymnocerca,Lycalopex gymnocerca,Lycalopex gymnocerca,Cerdocyon,Canidae,1,Bajo
316,Cerdocyon thous,Herpailurus yagouaroundi,Galictis cuja,Cerdocyon thous,Cerdocyon thous,Cerdocyon thous,Cerdocyon thous,Cerdocyon thous,Galictis cuja,Galictis cuja,Galictis cuja,Herpailurus yagouaroundi,Cerdocyon,Canidae,1,Bajo
320,Cerdocyon thous,Cerdocyon thous,Lycalopex gymnocerca,Cerdocyon thous,Lycalopex gymnocerca,Lycalopex gymnocerca,Lycalopex gymnocerca,Cerdocyon thous,Lycalopex gymnocerca,Lycalopex gymnocerca,Lycalopex gymnocerca,Cerdocyon thous,Cerdocyon,Canidae,1,Bajo
322,Cerdocyon thous,Cerdocyon thous,Cerdocyon thous,Cerdocyon thous,Cerdocyon thous,Cerdocyon thous,Cerdocyon thous,Cerdocyon thous,Cerdocyon thous,Cerdocyon thous,Cerdocyon thous,Cerdocyon thous,Cerdocyon,Canidae,1,Bajo
323,Cerdocyon thous,Cerdocyon thous,Cerdocyon thous,Cerdocyon thous,Cerdocyon thous,Cerdocyon thous,Cerdocyon thous,Cerdocyon thous,Cerdocyon thous,Cerdocyon thous,Cerdocyon thous,Cerdocyon thous,Cerdocyon,Canidae,1,Bajo
327,Cerdocyon thous,Cerdocyon thous,Cerdocyon thous,Cerdocyon thous,Cerdocyon thous,Cerdocyon thous,Cerdocyon thous,Cerdocyon thous,Cerdocyon thous,Cerdocyon thous,Cerdocyon thous,Cerdocyon thous,Cerdocyon,Canidae,1,Bajo
329,Cerdocyon thous,Herpailurus yagouaroundi,Herpailurus yagouaroundi,Herpailurus yagouaroundi,Herpailurus yagouaroundi,Sylvilagus brasiliensis,Didelphis albiventris,Leopardus guttulus,Herpailurus yagouaroundi,Herpailurus yagouaroundi,Herpailurus yagouaroundi,Herpailurus yagouaroundi,Cerdocyon,Canidae,1,Bajo
330,Cerdocyon thous,Cerdocyon thous,Cerdocyon thous,Cerdocyon thous,Cerdocyon thous,Cerdocyon thous,Cerdocyon thous,Cerdocyon thous,Cerdocyon thous,Cerdocyon thous,Cerdocyon thous,Cerdocyon thous,Cerdocyon,Canidae,1,Bajo
331,Cerdocyon thous,Cerdocyon thous,Cerdocyon thous,Cerdocyon thous,Cerdocyon thous,Cerdocyon thous,Cerdocyon thous,Cerdocyon thous,Cerdocyon thous,Cerdocyon thous,Cerdocyon thous,Cerdocyon thous,Cerdocyon,Canidae,1,Bajo
332,Cerdocyon thous,Leopardus wiedii,Cerdocyon thous,Cerdocyon thous,Cerdocyon thous,Cerdocyon thous,Cerdocyon thous,Cerdocyon thous,Cerdocyon thous,Cerdocyon thous,Cerdocyon thous,Leopardus wiedii,Cerdocyon,Canidae,1,Bajo
333,Cerdocyon thous,Cerdocyon thous,Cerdocyon thous,Cerdocyon thous,Cerdocyon thous,Cerdocyon thous,Cerdocyon thous,Cerdocyon thous,Cerdocyon thous,Cerdocyon thous,Cerdocyon thous,Cerdocyon thous,Cerdocyon,Canidae,1,Bajo
334,Cerdocyon thous,Cerdocyon thous,Cerdocyon thous,Cerdocyon thous,Cerdocyon thous,Cerdocyon thous,Cerdocyon thous,Cerdocyon thous,Cerdocyon thous,Cerdocyon thous,Cerdocyon thous,Cerdocyon thous,Cerdocyon,Canidae,1,Bajo
335,Cerdocyon thous,Eira barbara,Didelphis albiventris,Eira barbara,Didelphis albiventris,Eira barbara,Eira barbara,Didelphis albiventris,Didelphis albiventris,Didelphis albiventris,Didelphis albiventris,Eira barbara,Cerdocyon,Canidae,1,Bajo
337,Cerdocyon thous,Herpailurus yagouaroundi,Herpailurus yagouaroundi,Herpailurus yagouaroundi,Herpailurus yagouaroundi,Herpailurus yagouaroundi,Herpailurus yagouaroundi,Cerdocyon thous,Herpailurus yagouaroundi,Herpailurus yagouaroundi,Herpailurus yagouaroundi,Herpailurus yagouaroundi,Cerdocyon,Canidae,1,Bajo
338,Cerdocyon thous,Cerdocyon thous,Cerdocyon thous,Cerdocyon thous,Cerdocyon thous,Lycalopex gymnocerca,Cerdocyon thous,Cerdocyon thous,Cerdocyon thous,Cerdocyon thous,Cerdocyon thous,Cerdocyon thous,Cerdocyon,Canidae,1,Bajo
339,Cerdocyon thous,Lycalopex gymnocerca,Lycalopex gymnocerca,Lycalopex gymnocerca,Lycalopex gymnocerca,Lycalopex gymnocerca,Lycalopex gymnocerca,Lycalopex gymnocerca,Lycalopex gymnocerca,Lycalopex gymnocerca,Lycalopex gymnocerca,Lycalopex gymnocerca,Cerdocyon,Canidae,1,Bajo
340,Cerdocyon thous,Lycalopex gymnocerca,Lycalopex gymnocerca,Lycalopex gymnocerca,Lycalopex gymnocerca,Lycalopex gymnocerca,Lycalopex gymnocerca,Lycalopex gymnocerca,Lycalopex gymnocerca,Lycalopex gymnocerca,Lycalopex gymnocerca,Lycalopex gymnocerca,Cerdocyon,Canidae,1,Bajo
342,Cerdocyon thous,Lycalopex gymnocerca,Cerdocyon thous,Lycalopex gymnocerca,Lycalopex gymnocerca,Lycalopex gymnocerca,Lycalopex gymnocerca,Lycalopex gymnocerca,Cerdocyon thous,Cerdocyon thous,Cerdocyon thous,Lycalopex gymnocerca,Cerdocyon,Canidae,1,Bajo
343,Cerdocyon thous,Cerdocyon thous,Cerdocyon thous,Cerdocyon thous,Cerdocyon thous,Cerdocyon thous,Cerdocyon thous,Cerdocyon thous,Cerdocyon thous,Cerdocyon thous,Cerdocyon thous,Cerdocyon thous,Cerdocyon,Canidae,1,Bajo
344,Cerdocyon thous,Cerdocyon thous,Cerdocyon thous,Cerdocyon thous,Cerdocyon thous,Cerdocyon thous,Cerdocyon thous,Lycalopex gymnocerca,Cerdocyon thous,Cerdocyon thous,Cerdocyon thous,Cerdocyon thous,Cerdocyon,Canidae,1,Bajo
345,Cerdocyon thous,Lycalopex gymnocerca,Lycalopex gymnocerca,Lycalopex gymnocerca,Lycalopex gymnocerca,Lycalopex gymnocerca,Lycalopex gymnocerca,Lycalopex gymnocerca,Lycalopex gymnocerca,Lycalopex gymnocerca,Lycalopex gymnocerca,Lycalopex gymnocerca,Cerdocyon,Canidae,1,Bajo
346,Cerdocyon thous,Lycalopex gymnocerca,Cerdocyon thous,Lycalopex gymnocerca,Lycalopex gymnocerca,Lycalopex gymnocerca,Lycalopex gymnocerca,Lycalopex gymnocerca,Cerdocyon thous,Cerdocyon thous,Cerdocyon thous,Lycalopex gymnocerca,Cerdocyon,Canidae,1,Bajo
347,Cerdocyon thous,Cerdocyon thous,Lycalopex gymnocerca,Lycalopex gymnocerca,Lycalopex gymnocerca,Lycalopex gymnocerca,Lycalopex gymnocerca,Lycalopex gymnocerca,Lycalopex gymnocerca,Lycalopex gymnocerca,Lycalopex gymnocerca,Cerdocyon thous,Cerdocyon,Canidae,1,Bajo
348,Cerdocyon thous,Cerdocyon thous,Lycalopex gymnocerca,Lycalopex gymnocerca,Lycalopex gymnocerca,Lycalopex gymnocerca,Lycalopex gymnocerca,Herpailurus yagouaroundi,Lycalopex gymnocerca,Lycalopex gymnocerca,Lycalopex gymnocerca,Herpailurus yagouaroundi,Cerdocyon,Canidae,1,Bajo
349,Cerdocyon thous,Cerdocyon thous,Leopardus wiedii,Cerdocyon thous,Cerdocyon thous,Cerdocyon thous,Cerdocyon thous,Cerdocyon thous,Leopardus wiedii,Leopardus wiedii,Leopardus wiedii,Cerdocyon thous,Cerdocyon,Canidae,1,Bajo
350,Cerdocyon thous,Cerdocyon thous,Cerdocyon thous,Cerdocyon thous,Cerdocyon thous,Cerdocyon thous,Cerdocyon thous,Lycalopex gymnocerca,Cerdocyon thous,Cerdocyon thous,Cerdocyon thous,Cerdocyon thous,Cerdocyon,Canidae,1,Bajo
351,Cerdocyon thous,Cerdocyon thous,Cerdocyon thous,Cerdocyon thous,Cerdocyon thous,Cerdocyon thous,Cerdocyon thous,Lycalopex gymnocerca,Cerdocyon thous,Cerdocyon thous,Cerdocyon thous,Cerdocyon thous,Cerdocyon,Canidae,1,Bajo
352,Cerdocyon thous,Cerdocyon thous,Cerdocyon thous,Cerdocyon thous,Cerdocyon thous,Cerdocyon thous,Cerdocyon thous,Cerdocyon thous,Cerdocyon thous,Cerdocyon thous,Cerdocyon thous,Cerdocyon thous,Cerdocyon,Canidae,1,Bajo
353,Cerdocyon thous,Lycalopex gymnocerca,Cerdocyon thous,Cerdocyon thous,Cerdocyon thous,Cerdocyon thous,Cerdocyon thous,Cerdocyon thous,Cerdocyon thous,Cerdocyon thous,Cerdocyon thous,Lycalopex gymnocerca,Cerdocyon,Canidae,1,Bajo
354,Lycalopex gymnocerca,Lycalopex gymnocerca,Lycalopex gymnocerca,Lycalopex gymnocerca,Lycalopex gymnocerca,Lycalopex gymnocerca,Lycalopex gymnocerca,Lycalopex gymnocerca,Lycalopex gymnocerca,Lycalopex gymnocerca,Lycalopex gymnocerca,Lycalopex gymnocerca,Lycalopex,Canidae,1,Bajo
355,Lycalopex gymnocerca,Cerdocyon thous,Lycalopex gymnocerca,Cerdocyon thous,Cerdocyon thous,Lycalopex gymnocerca,Cerdocyon thous,Cerdocyon thous,Lycalopex gymnocerca,Lycalopex gymnocerca,Lycalopex gymnocerca,Cerdocyon thous,Lycalopex,Canidae,1,Bajo
357,Lycalopex gymnocerca,Lycalopex gymnocerca,Lycalopex gymnocerca,Lycalopex gymnocerca,Lycalopex gymnocerca,Lycalopex gymnocerca,Lycalopex gymnocerca,Lycalopex gymnocerca,Lycalopex gymnocerca,Lycalopex gymnocerca,Lycalopex gymnocerca,Lycalopex gymnocerca,Lycalopex,Canidae,1,Bajo
358,Lycalopex gymnocerca,Lycalopex gymnocerca,Lycalopex gymnocerca,Lycalopex gymnocerca,Lycalopex gymnocerca,Lycalopex gymnocerca,Lycalopex gymnocerca,Lycalopex gymnocerca,Lycalopex gymnocerca,Lycalopex gymnocerca,Lycalopex gymnocerca,Lycalopex gymnocerca,Lycalopex,Canidae,1,Bajo
359,Lycalopex gymnocerca,Lycalopex gymnocerca,Lycalopex gymnocerca,Lycalopex gymnocerca,Lycalopex gymnocerca,Lycalopex gymnocerca,Lycalopex gymnocerca,Lycalopex gymnocerca,Lycalopex gymnocerca,Lycalopex gymnocerca,Lycalopex gymnocerca,Lycalopex gymnocerca,Lycalopex,Canidae,1,Bajo
360,Lycalopex gymnocerca,Lycalopex gymnocerca,Cerdocyon thous,Lycalopex gymnocerca,Lycalopex gymnocerca,Lycalopex gymnocerca,Lycalopex gymnocerca,Lycalopex gymnocerca,Cerdocyon thous,Cerdocyon thous,Cerdocyon thous,Lycalopex gymnocerca,Lycalopex,Canidae,1,Bajo
362,Lycalopex gymnocerca,Lycalopex gymnocerca,Lycalopex gymnocerca,Lycalopex gymnocerca,Lycalopex gymnocerca,Lycalopex gymnocerca,Lycalopex gymnocerca,Lycalopex gymnocerca,Lycalopex gymnocerca,Lycalopex gymnocerca,Lycalopex gymnocerca,Lycalopex gymnocerca,Lycalopex,Canidae,1,Bajo
364,Lycalopex gymnocerca,Lycalopex gymnocerca,Lycalopex gymnocerca,Lycalopex gymnocerca,Lycalopex gymnocerca,Lycalopex gymnocerca,Lycalopex gymnocerca,Lycalopex gymnocerca,Lycalopex gymnocerca,Lycalopex gymnocerca,Lycalopex gymnocerca,Lycalopex gymnocerca,Lycalopex,Canidae,1,Bajo
365,Lycalopex gymnocerca,Lycalopex gymnocerca,Lycalopex gymnocerca,Lycalopex gymnocerca,Lycalopex gymnocerca,Lycalopex gymnocerca,Lycalopex gymnocerca,Lycalopex gymnocerca,Lycalopex gymnocerca,Lycalopex gymnocerca,Lycalopex gymnocerca,Lycalopex gymnocerca,Lycalopex,Canidae,1,Bajo
366,Lycalopex gymnocerca,Puma concolor,Puma concolor,Leopardus pardalis,Didelphis aurita,Puma concolor,Didelphis albiventris,Tayassu pecari,Puma concolor,Puma concolor,Puma concolor,Puma concolor,Lycalopex,Canidae,1,Bajo
368,Lycalopex gymnocerca,Lycalopex gymnocerca,Lycalopex gymnocerca,Lycalopex gymnocerca,Lycalopex gymnocerca,Lycalopex gymnocerca,Lycalopex gymnocerca,Lycalopex gymnocerca,Lycalopex gymnocerca,Lycalopex gymnocerca,Lycalopex gymnocerca,Lycalopex gymnocerca,Lycalopex,Canidae,1,Bajo
370,Lycalopex gymnocerca,Lycalopex gymnocerca,Lycalopex gymnocerca,Lycalopex gymnocerca,Lycalopex gymnocerca,Lycalopex gymnocerca,Lycalopex gymnocerca,Lycalopex gymnocerca,Lycalopex gymnocerca,Lycalopex gymnocerca,Lycalopex gymnocerca,Lycalopex gymnocerca,Lycalopex,Canidae,1,Bajo
371,Lycalopex gymnocerca,Cerdocyon thous,Lycalopex gymnocerca,Cerdocyon thous,Lycalopex gymnocerca,Lycalopex gymnocerca,Lycalopex gymnocerca,Cerdocyon thous,Lycalopex gymnocerca,Lycalopex gymnocerca,Lycalopex gymnocerca,Cerdocyon thous,Lycalopex,Canidae,1,Bajo
372,Lycalopex gymnocerca,Lycalopex gymnocerca,Lycalopex gymnocerca,Lycalopex gymnocerca,Lycalopex gymnocerca,Lycalopex gymnocerca,Lycalopex gymnocerca,Lycalopex gymnocerca,Lycalopex gymnocerca,Lycalopex gymnocerca,Lycalopex gymnocerca,Lycalopex gymnocerca,Lycalopex,Canidae,1,Bajo
373,Lycalopex gymnocerca,Lycalopex gymnocerca,Lycalopex gymnocerca,Lycalopex gymnocerca,Lycalopex gymnocerca,Lycalopex gymnocerca,Lycalopex gymnocerca,Lycalopex gymnocerca,Lycalopex gymnocerca,Lycalopex gymnocerca,Lycalopex gymnocerca,Lycalopex gymnocerca,Lycalopex,Canidae,1,Bajo
375,Lycalopex gymnocerca,Lycalopex gymnocerca,Lycalopex gymnocerca,Lycalopex gymnocerca,Lycalopex gymnocerca,Lycalopex gymnocerca,Lycalopex gymnocerca,Lycalopex gymnocerca,Lycalopex gymnocerca,Lycalopex gymnocerca,Lycalopex gymnocerca,Lycalopex gymnocerca,Lycalopex,Canidae,1,Bajo
376,Lycalopex gymnocerca,Lycalopex gymnocerca,Lycalopex gymnocerca,Lycalopex gymnocerca,Lycalopex gymnocerca,Lycalopex gymnocerca,Lycalopex gymnocerca,Lycalopex gymnocerca,Lycalopex gymnocerca,Lycalopex gymnocerca,Lycalopex gymnocerca,Lycalopex gymnocerca,Lycalopex,Canidae,1,Bajo
377,Lycalopex gymnocerca,Lycalopex gymnocerca,Lycalopex gymnocerca,Lycalopex gymnocerca,Lycalopex gymnocerca,Lycalopex gymnocerca,Lycalopex gymnocerca,Lycalopex gymnocerca,Lycalopex gymnocerca,Lycalopex gymnocerca,Lycalopex gymnocerca,Lycalopex gymnocerca,Lycalopex,Canidae,1,Bajo
378,Lycalopex gymnocerca,Lycalopex gymnocerca,Lycalopex gymnocerca,Lycalopex gymnocerca,Lycalopex gymnocerca,Lycalopex gymnocerca,Lycalopex gymnocerca,Lycalopex gymnocerca,Lycalopex gymnocerca,Lycalopex gymnocerca,Lycalopex gymnocerca,Lycalopex gymnocerca,Lycalopex,Canidae,1,Bajo
379,Lycalopex gymnocerca,Lycalopex gymnocerca,Lycalopex gymnocerca,Lycalopex gymnocerca,Lycalopex gymnocerca,Lycalopex gymnocerca,Lycalopex gymnocerca,Lycalopex gymnocerca,Lycalopex gymnocerca,Lycalopex gymnocerca,Lycalopex gymnocerca,Lycalopex gymnocerca,Lycalopex,Canidae,1,Bajo
380,Lycalopex gymnocerca,Lycalopex gymnocerca,Lycalopex gymnocerca,Lycalopex gymnocerca,Lycalopex gymnocerca,Lycalopex gymnocerca,Lycalopex gymnocerca,Lycalopex gymnocerca,Lycalopex gymnocerca,Lycalopex gymnocerca,Lycalopex gymnocerca,Lycalopex gymnocerca,Lycalopex,Canidae,1,Bajo
381,Lycalopex gymnocerca,Lycalopex gymnocerca,Lycalopex gymnocerca,Lycalopex gymnocerca,Lycalopex gymnocerca,Lycalopex gymnocerca,Lycalopex gymnocerca,Lycalopex gymnocerca,Lycalopex gymnocerca,Lycalopex gymnocerca,Lycalopex gymnocerca,Lycalopex gymnocerca,Lycalopex,Canidae,1,Bajo
382,Lycalopex gymnocerca,Cerdocyon thous,Lycalopex gymnocerca,Lycalopex gymnocerca,Lycalopex gymnocerca,Lycalopex gymnocerca,Lycalopex gymnocerca,Lycalopex gymnocerca,Lycalopex gymnocerca,Lycalopex gymnocerca,Lycalopex gymnocerca,Cerdocyon thous,Lycalopex,Canidae,1,Bajo
383,Lycalopex gymnocerca,Lycalopex gymnocerca,Lycalopex gymnocerca,Lycalopex gymnocerca,Lycalopex gymnocerca,Lycalopex gymnocerca,Lycalopex gymnocerca,Lycalopex gymnocerca,Lycalopex gymnocerca,Lycalopex gymnocerca,Lycalopex gymnocerca,Lycalopex gymnocerca,Lycalopex,Canidae,1,Bajo
385,Lycalopex gymnocerca,Lycalopex gymnocerca,Cerdocyon thous,Lycalopex gymnocerca,Lycalopex gymnocerca,Lycalopex gymnocerca,Lycalopex gymnocerca,Lycalopex gymnocerca,Cerdocyon thous,Cerdocyon thous,Cerdocyon thous,Lycalopex gymnocerca,Lycalopex,Canidae,1,Bajo
386,Lycalopex gymnocerca,Cerdocyon thous,Cerdocyon thous,Cerdocyon thous,Cerdocyon thous,Cerdocyon thous,Cerdocyon thous,Cerdocyon thous,Cerdocyon thous,Cerdocyon thous,Cerdocyon thous,Cerdocyon thous,Lycalopex,Canidae,1,Bajo
387,Lycalopex gymnocerca,Lycalopex gymnocerca,Lycalopex gymnocerca,Lycalopex gymnocerca,Lycalopex gymnocerca,Lycalopex gymnocerca,Lycalopex gymnocerca,Lycalopex gymnocerca,Lycalopex gymnocerca,Lycalopex gymnocerca,Lycalopex gymnocerca,Lycalopex gymnocerca,Lycalopex,Canidae,1,Bajo
389,Lycalopex gymnocerca,Lycalopex gymnocerca,Lycalopex gymnocerca,Lycalopex gymnocerca,Lycalopex gymnocerca,Lycalopex gymnocerca,Lycalopex gymnocerca,Lycalopex gymnocerca,Lycalopex gymnocerca,Lycalopex gymnocerca,Lycalopex gymnocerca,Lycalopex gymnocerca,Lycalopex,Canidae,1,Bajo
390,Lycalopex gymnocerca,Lycalopex gymnocerca,Lycalopex gymnocerca,Lycalopex gymnocerca,Lycalopex gymnocerca,Lycalopex gymnocerca,Lycalopex gymnocerca,Lycalopex gymnocerca,Lycalopex gymnocerca,Lycalopex gymnocerca,Lycalopex gymnocerca,Lycalopex gymnocerca,Lycalopex,Canidae,1,Bajo
391,Lycalopex gymnocerca,Sus scrofa,Lontra longicaudis,Lontra longicaudis,Euphractus sexcinctus,Galictis cuja,Galictis cuja,Sus scrofa,Lontra longicaudis,Lontra longicaudis,Lontra longicaudis,Sus scrofa,Lycalopex,Canidae,1,Bajo
392,Lycalopex gymnocerca,Galictis cuja,Cerdocyon thous,Cerdocyon thous,Cerdocyon thous,Galictis cuja,Galictis cuja,Galictis cuja,Cerdocyon thous,Cerdocyon thous,Cerdocyon thous,Galictis cuja,Lycalopex,Canidae,1,Bajo
393,Lycalopex gymnocerca,Galictis cuja,Cerdocyon thous,Cerdocyon thous,Cerdocyon thous,Galictis cuja,Cerdocyon thous,Tamandua tetradactyla,Cerdocyon thous,Cerdocyon thous,Cerdocyon thous,Galictis cuja,Lycalopex,Canidae,1,Bajo
394,Lycalopex gymnocerca,Lycalopex gymnocerca,Lycalopex gymnocerca,Lycalopex gymnocerca,Lycalopex gymnocerca,Lycalopex gymnocerca,Lycalopex gymnocerca,Lycalopex gymnocerca,Lycalopex gymnocerca,Lycalopex gymnocerca,Lycalopex gymnocerca,Lycalopex gymnocerca,Lycalopex,Canidae,1,Bajo
395,Lycalopex gymnocerca,Lycalopex gymnocerca,Lycalopex gymnocerca,Lycalopex gymnocerca,Lycalopex gymnocerca,Lycalopex gymnocerca,Lycalopex gymnocerca,Lycalopex gymnocerca,Lycalopex gymnocerca,Lycalopex gymnocerca,Lycalopex gymnocerca,Lycalopex gymnocerca,Lycalopex,Canidae,1,Bajo
397,Lycalopex gymnocerca,Lycalopex gymnocerca,Lycalopex gymnocerca,Lycalopex gymnocerca,Lycalopex gymnocerca,Lycalopex gymnocerca,Lycalopex gymnocerca,Lycalopex gymnocerca,Lycalopex gymnocerca,Lycalopex gymnocerca,Lycalopex gymnocerca,Lycalopex gymnocerca,Lycalopex,Canidae,1,Bajo
398,Lycalopex gymnocerca,Lycalopex gymnocerca,Lycalopex gymnocerca,Lycalopex gymnocerca,Lycalopex gymnocerca,Lycalopex gymnocerca,Lycalopex gymnocerca,Lycalopex gymnocerca,Lycalopex gymnocerca,Lycalopex gymnocerca,Lycalopex gymnocerca,Lycalopex gymnocerca,Lycalopex,Canidae,1,Bajo
399,Lycalopex gymnocerca,Lycalopex gymnocerca,Lycalopex gymnocerca,Lycalopex gymnocerca,Lycalopex gymnocerca,Lycalopex gymnocerca,Lycalopex gymnocerca,Lycalopex gymnocerca,Lycalopex gymnocerca,Lycalopex gymnocerca,Lycalopex gymnocerca,Lycalopex gymnocerca,Lycalopex,Canidae,1,Bajo
400,Lycalopex gymnocerca,Lycalopex gymnocerca,Lycalopex gymnocerca,Lycalopex gymnocerca,Lycalopex gymnocerca,Lycalopex gymnocerca,Lycalopex gymnocerca,Lycalopex gymnocerca,Lycalopex gymnocerca,Lycalopex gymnocerca,Lycalopex gymnocerca,Lycalopex gymnocerca,Lycalopex,Canidae,1,Bajo
402,Lycalopex gymnocerca,Lycalopex gymnocerca,Lycalopex gymnocerca,Lycalopex gymnocerca,Lycalopex gymnocerca,Lycalopex gymnocerca,Lycalopex gymnocerca,Lycalopex gymnocerca,Lycalopex gymnocerca,Lycalopex gymnocerca,Lycalopex gymnocerca,Lycalopex gymnocerca,Lycalopex,Canidae,1,Bajo
404,Lycalopex gymnocerca,Herpailurus yagouaroundi,Sus scrofa,Nothura maculosa,Sus scrofa,Lycalopex gymnocerca,Lycalopex gymnocerca,Canis familiaris,Sus scrofa,Sus scrofa,Sus scrofa,Herpailurus yagouaroundi,Lycalopex,Canidae,1,Bajo
405,Lycalopex gymnocerca,Lycalopex gymnocerca,Lycalopex gymnocerca,Lycalopex gymnocerca,Lycalopex gymnocerca,Lycalopex gymnocerca,Lycalopex gymnocerca,Lycalopex gymnocerca,Lycalopex gymnocerca,Lycalopex gymnocerca,Lycalopex gymnocerca,Lycalopex gymnocerca,Lycalopex,Canidae,1,Bajo
407,Lycalopex gymnocerca,Lycalopex gymnocerca,Lycalopex gymnocerca,Lycalopex gymnocerca,Lycalopex gymnocerca,Lycalopex gymnocerca,Lycalopex gymnocerca,Lycalopex gymnocerca,Lycalopex gymnocerca,Lycalopex gymnocerca,Lycalopex gymnocerca,Lycalopex gymnocerca,Lycalopex,Canidae,1,Bajo
409,Lycalopex gymnocerca,Lycalopex gymnocerca,Lycalopex gymnocerca,Lycalopex gymnocerca,Lycalopex gymnocerca,Lycalopex gymnocerca,Lycalopex gymnocerca,Lycalopex gymnocerca,Lycalopex gymnocerca,Lycalopex gymnocerca,Lycalopex gymnocerca,Lycalopex gymnocerca,Lycalopex,Canidae,1,Bajo
410,Lycalopex gymnocerca,Lycalopex gymnocerca,Lycalopex gymnocerca,Lycalopex gymnocerca,Lycalopex gymnocerca,Lycalopex gymnocerca,Lycalopex gymnocerca,Lycalopex gymnocerca,Lycalopex gymnocerca,Lycalopex gymnocerca,Lycalopex gymnocerca,Lycalopex gymnocerca,Lycalopex,Canidae,1,Bajo
411,Lycalopex gymnocerca,Lycalopex gymnocerca,Lycalopex gymnocerca,Lycalopex gymnocerca,Lycalopex gymnocerca,Lycalopex gymnocerca,Lycalopex gymnocerca,Lycalopex gymnocerca,Lycalopex gymnocerca,Lycalopex gymnocerca,Lycalopex gymnocerca,Lycalopex gymnocerca,Lycalopex,Canidae,1,Bajo
412,Lycalopex gymnocerca,Lycalopex gymnocerca,Lycalopex gymnocerca,Lycalopex gymnocerca,Lycalopex gymnocerca,Lycalopex gymnocerca,Lycalopex gymnocerca,Lycalopex gymnocerca,Lycalopex gymnocerca,Lycalopex gymnocerca,Lycalopex gymnocerca,Lycalopex gymnocerca,Lycalopex,Canidae,1,Bajo
413,Lycalopex gymnocerca,Lycalopex gymnocerca,Lycalopex gymnocerca,Lycalopex gymnocerca,Lycalopex gymnocerca,Lycalopex gymnocerca,Lycalopex gymnocerca,Lycalopex gymnocerca,Lycalopex gymnocerca,Lycalopex gymnocerca,Lycalopex gymnocerca,Lycalopex gymnocerca,Lycalopex,Canidae,1,Bajo
414,Lycalopex gymnocerca,Lycalopex gymnocerca,Lycalopex gymnocerca,Lycalopex gymnocerca,Lycalopex gymnocerca,Lycalopex gymnocerca,Lycalopex gymnocerca,Lycalopex gymnocerca,Lycalopex gymnocerca,Lycalopex gymnocerca,Lycalopex gymnocerca,Lycalopex gymnocerca,Lycalopex,Canidae,1,Bajo
415,Lycalopex gymnocerca,Cerdocyon thous,Eira barbara,Cerdocyon thous,Cerdocyon thous,Lycalopex gymnocerca,Cerdocyon thous,Cerdocyon thous,Eira barbara,Eira barbara,Eira barbara,Cerdocyon thous,Lycalopex,Canidae,1,Bajo
416,Lycalopex gymnocerca,Lycalopex gymnocerca,Lycalopex gymnocerca,Lycalopex gymnocerca,Lycalopex gymnocerca,Lycalopex gymnocerca,Lycalopex gymnocerca,Lycalopex gymnocerca,Lycalopex gymnocerca,Lycalopex gymnocerca,Lycalopex gymnocerca,Lycalopex gymnocerca,Lycalopex,Canidae,1,Bajo
417,Lycalopex gymnocerca,Lycalopex gymnocerca,Lycalopex gymnocerca,Lycalopex gymnocerca,Lycalopex gymnocerca,Lycalopex gymnocerca,Lycalopex gymnocerca,Lycalopex gymnocerca,Lycalopex gymnocerca,Lycalopex gymnocerca,Lycalopex gymnocerca,Lycalopex gymnocerca,Lycalopex,Canidae,1,Bajo
419,Lycalopex gymnocerca,Lycalopex gymnocerca,Lycalopex gymnocerca,Lycalopex gymnocerca,Lycalopex gymnocerca,Lycalopex gymnocerca,Lycalopex gymnocerca,Lycalopex gymnocerca,Lycalopex gymnocerca,Lycalopex gymnocerca,Lycalopex gymnocerca,Lycalopex gymnocerca,Lycalopex,Canidae,1,Bajo
420,Lycalopex gymnocerca,Lycalopex gymnocerca,Lycalopex gymnocerca,Lycalopex gymnocerca,Lycalopex gymnocerca,Lycalopex gymnocerca,Lycalopex gymnocerca,Lycalopex gymnocerca,Lycalopex gymnocerca,Lycalopex gymnocerca,Lycalopex gymnocerca,Lycalopex gymnocerca,Lycalopex,Canidae,1,Bajo
421,Lycalopex gymnocerca,Lycalopex gymnocerca,Lycalopex gymnocerca,Lycalopex gymnocerca,Lycalopex gymnocerca,Lycalopex gymnocerca,Lycalopex gymnocerca,Lycalopex gymnocerca,Lycalopex gymnocerca,Lycalopex gymnocerca,Lycalopex gymnocerca,Lycalopex gymnocerca,Lycalopex,Canidae,1,Bajo
422,Lycalopex gymnocerca,Lycalopex gymnocerca,Lycalopex gymnocerca,Lycalopex gymnocerca,Lycalopex gymnocerca,Lycalopex gymnocerca,Lycalopex gymnocerca,Lycalopex gymnocerca,Lycalopex gymnocerca,Lycalopex gymnocerca,Lycalopex gymnocerca,Lycalopex gymnocerca,Lycalopex,Canidae,1,Bajo
423,Lycalopex gymnocerca,Lycalopex gymnocerca,Lycalopex gymnocerca,Lycalopex gymnocerca,Lycalopex gymnocerca,Lycalopex gymnocerca,Lycalopex gymnocerca,Lycalopex gymnocerca,Lycalopex gymnocerca,Lycalopex gymnocerca,Lycalopex gymnocerca,Lycalopex gymnocerca,Lycalopex,Canidae,1,Bajo
424,Hydropsalis torquata,Nyctidromus albicollis,Hydropsalis torquata,Hydropsalis torquata,Nyctidromus albicollis,Hydropsalis torquata,Hydropsalis torquata,Nyctidromus albicollis,Hydropsalis torquata,Hydropsalis torquata,Hydropsalis torquata,Nyctidromus albicollis,Hydropsalis,Caprimulgidae,1,Bajo
425,Hydropsalis torquata,Hydropsalis torquata,Hydropsalis torquata,Hydropsalis torquata,Hydropsalis torquata,Hydropsalis torquata,Hydropsalis torquata,Hydropsalis torquata,Hydropsalis torquata,Hydropsalis torquata,Hydropsalis torquata,Hydropsalis torquata,Hydropsalis,Caprimulgidae,1,Bajo
429,Hydropsalis torquata,Hydropsalis torquata,Nyctidromus albicollis,Nyctidromus albicollis,Nyctidromus albicollis,Hydropsalis torquata,Hydropsalis torquata,Hydropsalis torquata,Nyctidromus albicollis,Nyctidromus albicollis,Nyctidromus albicollis,Hydropsalis torquata,Hydropsalis,Caprimulgidae,1,Bajo
430,Hydropsalis torquata,Hydropsalis torquata,Nyctidromus albicollis,Nyctidromus albicollis,Nyctidromus albicollis,Hydropsalis torquata,Hydropsalis torquata,Hydropsalis torquata,Nyctidromus albicollis,Nyctidromus albicollis,Nyctidromus albicollis,Hydropsalis torquata,Hydropsalis,Caprimulgidae,1,Bajo
431,Hydropsalis torquata,Hydropsalis torquata,Hydropsalis torquata,Hydropsalis torquata,Nyctidromus albicollis,Hydropsalis torquata,Hydropsalis torquata,Hydropsalis torquata,Hydropsalis torquata,Hydropsalis torquata,Hydropsalis torquata,Hydropsalis torquata,Hydropsalis,Caprimulgidae,1,Bajo
432,Hydropsalis torquata,Nyctidromus albicollis,Hydropsalis torquata,Nyctidromus albicollis,Nyctidromus albicollis,Nyctidromus albicollis,Hydropsalis torquata,Nyctidromus albicollis,Hydropsalis torquata,Hydropsalis torquata,Hydropsalis torquata,Nyctidromus albicollis,Hydropsalis,Caprimulgidae,1,Bajo
433,Hydropsalis torquata,Hydropsalis torquata,Hydropsalis torquata,Hydropsalis torquata,Hydropsalis torquata,Hydropsalis torquata,Hydropsalis torquata,Hydropsalis torquata,Hydropsalis torquata,Hydropsalis torquata,Hydropsalis torquata,Hydropsalis torquata,Hydropsalis,Caprimulgidae,1,Bajo
434,Hydropsalis torquata,Hydropsalis torquata,Hydropsalis torquata,Hydropsalis torquata,Nyctidromus albicollis,Hydropsalis torquata,Hydropsalis torquata,Hydropsalis torquata,Hydropsalis torquata,Hydropsalis torquata,Hydropsalis torquata,Hydropsalis torquata,Hydropsalis,Caprimulgidae,1,Bajo
435,Hydropsalis torquata,Hydropsalis torquata,Hydropsalis torquata,Hydropsalis torquata,Hydropsalis torquata,Hydropsalis torquata,Hydropsalis torquata,Hydropsalis torquata,Hydropsalis torquata,Hydropsalis torquata,Hydropsalis torquata,Hydropsalis torquata,Hydropsalis,Caprimulgidae,1,Bajo
436,Hydropsalis torquata,Hydropsalis torquata,Nyctidromus albicollis,Nyctidromus albicollis,Hydropsalis torquata,Hydropsalis torquata,Hydropsalis torquata,Hydropsalis torquata,Nyctidromus albicollis,Nyctidromus albicollis,Nyctidromus albicollis,Hydropsalis torquata,Hydropsalis,Caprimulgidae,1,Bajo
437,Hydropsalis torquata,Hydropsalis torquata,Hydropsalis torquata,Hydropsalis torquata,Hydropsalis torquata,Hydropsalis torquata,Hydropsalis torquata,Hydropsalis torquata,Hydropsalis torquata,Hydropsalis torquata,Hydropsalis torquata,Hydropsalis torquata,Hydropsalis,Caprimulgidae,1,Bajo
439,Hydropsalis torquata,Nyctidromus albicollis,Hydropsalis torquata,Nyctidromus albicollis,Nyctidromus albicollis,Hydropsalis torquata,Hydropsalis torquata,Hydropsalis torquata,Hydropsalis torquata,Hydropsalis torquata,Hydropsalis torquata,Nyctidromus albicollis,Hydropsalis,Caprimulgidae,1,Bajo
440,Hydropsalis torquata,Nyctidromus albicollis,Hydropsalis torquata,Nyctidromus albicollis,Nyctidromus albicollis,Hydropsalis torquata,Hydropsalis torquata,Hydropsalis torquata,Hydropsalis torquata,Hydropsalis torquata,Hydropsalis torquata,Nyctidromus albicollis,Hydropsalis,Caprimulgidae,1,Bajo
441,Hydropsalis torquata,Nyctidromus albicollis,Nyctidromus albicollis,Nyctidromus albicollis,Nyctidromus albicollis,Nyctidromus albicollis,Hydropsalis torquata,Nyctidromus albicollis,Nyctidromus albicollis,Nyctidromus albicollis,Nyctidromus albicollis,Nyctidromus albicollis,Hydropsalis,Caprimulgidae,1,Bajo
442,Hydropsalis torquata,Nyctidromus albicollis,Nyctidromus albicollis,Nyctidromus albicollis,Nyctidromus albicollis,Nyctidromus albicollis,Hydropsalis torquata,Nyctidromus albicollis,Nyctidromus albicollis,Nyctidromus albicollis,Nyctidromus albicollis,Nyctidromus albicollis,Hydropsalis,Caprimulgidae,1,Bajo
445,Hydropsalis torquata,Hydropsalis torquata,Nyctidromus albicollis,Nyctidromus albicollis,Nyctidromus albicollis,Hydropsalis torquata,Hydropsalis torquata,Hydropsalis torquata,Nyctidromus albicollis,Nyctidromus albicollis,Nyctidromus albicollis,Hydropsalis torquata,Hydropsalis,Caprimulgidae,1,Bajo
447,Hydropsalis torquata,Hydropsalis torquata,Nyctidromus albicollis,Nyctidromus albicollis,Nyctidromus albicollis,Hydropsalis torquata,Hydropsalis torquata,Hydropsalis torquata,Nyctidromus albicollis,Nyctidromus albicollis,Nyctidromus albicollis,Hydropsalis torquata,Hydropsalis,Caprimulgidae,1,Bajo
448,Hydropsalis torquata,Hydropsalis torquata,Nyctidromus albicollis,Nyctidromus albicollis,Hydropsalis torquata,Hydropsalis torquata,Hydropsalis torquata,Hydropsalis torquata,Nyctidromus albicollis,Nyctidromus albicollis,Nyctidromus albicollis,Hydropsalis torquata,Hydropsalis,Caprimulgidae,1,Bajo
449,Hydropsalis torquata,Hydropsalis torquata,Nyctidromus albicollis,Hydropsalis torquata,Hydropsalis torquata,Hydropsalis torquata,Hydropsalis torquata,Hydropsalis torquata,Nyctidromus albicollis,Nyctidromus albicollis,Nyctidromus albicollis,Hydropsalis torquata,Hydropsalis,Caprimulgidae,1,Bajo
450,Hydropsalis torquata,Hydropsalis torquata,Nyctidromus albicollis,Nyctidromus albicollis,Hydropsalis torquata,Hydropsalis torquata,Hydropsalis torquata,Hydropsalis torquata,Nyctidromus albicollis,Nyctidromus albicollis,Nyctidromus albicollis,Hydropsalis torquata,Hydropsalis,Caprimulgidae,1,Bajo
451,Hydropsalis torquata,Hydropsalis torquata,Hydropsalis torquata,Nyctidromus albicollis,Hydropsalis torquata,Hydropsalis torquata,Hydropsalis torquata,Hydropsalis torquata,Hydropsalis torquata,Hydropsalis torquata,Hydropsalis torquata,Hydropsalis torquata,Hydropsalis,Caprimulgidae,1,Bajo
452,Hydropsalis torquata,Hydropsalis torquata,Hydropsalis torquata,Hydropsalis torquata,Hydropsalis torquata,Hydropsalis torquata,Hydropsalis torquata,Hydropsalis torquata,Hydropsalis torquata,Hydropsalis torquata,Hydropsalis torquata,Hydropsalis torquata,Hydropsalis,Caprimulgidae,1,Bajo
453,Hydropsalis torquata,Hydropsalis torquata,Hydropsalis torquata,Hydropsalis torquata,Hydropsalis torquata,Hydropsalis torquata,Hydropsalis torquata,Hydropsalis torquata,Hydropsalis torquata,Hydropsalis torquata,Hydropsalis torquata,Hydropsalis torquata,Hydropsalis,Caprimulgidae,1,Bajo
454,Hydropsalis torquata,Hydropsalis torquata,Hydropsalis torquata,Hydropsalis torquata,Nyctidromus albicollis,Hydropsalis torquata,Hydropsalis torquata,Hydropsalis torquata,Hydropsalis torquata,Hydropsalis torquata,Hydropsalis torquata,Hydropsalis torquata,Hydropsalis,Caprimulgidae,1,Bajo
455,Hydropsalis torquata,Hydropsalis torquata,Hydropsalis torquata,Hydropsalis torquata,Hydropsalis torquata,Hydropsalis torquata,Hydropsalis torquata,Hydropsalis torquata,Hydropsalis torquata,Hydropsalis torquata,Hydropsalis torquata,Hydropsalis torquata,Hydropsalis,Caprimulgidae,1,Bajo
456,Hydropsalis torquata,Hydropsalis torquata,Nyctidromus albicollis,Nyctidromus albicollis,Hydropsalis torquata,Hydropsalis torquata,Hydropsalis torquata,Hydropsalis torquata,Nyctidromus albicollis,Nyctidromus albicollis,Nyctidromus albicollis,Hydropsalis torquata,Hydropsalis,Caprimulgidae,1,Bajo
458,Hydropsalis torquata,Hydropsalis torquata,Hydropsalis torquata,Nyctidromus albicollis,Hydropsalis torquata,Hydropsalis torquata,Hydropsalis torquata,Hydropsalis torquata,Hydropsalis torquata,Hydropsalis torquata,Hydropsalis torquata,Hydropsalis torquata,Hydropsalis,Caprimulgidae,1,Bajo
459,Hydropsalis torquata,Hydropsalis torquata,Nyctidromus albicollis,Nyctidromus albicollis,Nyctidromus albicollis,Hydropsalis torquata,Hydropsalis torquata,Hydropsalis torquata,Nyctidromus albicollis,Nyctidromus albicollis,Nyctidromus albicollis,Hydropsalis torquata,Hydropsalis,Caprimulgidae,1,Bajo
460,Hydropsalis torquata,Hydropsalis torquata,Hydropsalis torquata,Hydropsalis torquata,Hydropsalis torquata,Hydropsalis torquata,Hydropsalis torquata,Hydropsalis torquata,Hydropsalis torquata,Hydropsalis torquata,Hydropsalis torquata,Hydropsalis torquata,Hydropsalis,Caprimulgidae,1,Bajo
461,Hydropsalis torquata,Hydropsalis torquata,Hydropsalis torquata,Hydropsalis torquata,Hydropsalis torquata,Hydropsalis torquata,Hydropsalis torquata,Hydropsalis torquata,Hydropsalis torquata,Hydropsalis torquata,Hydropsalis torquata,Hydropsalis torquata,Hydropsalis,Caprimulgidae,1,Bajo
462,Hydropsalis torquata,Hydropsalis torquata,Hydropsalis torquata,Nyctidromus albicollis,Nyctidromus albicollis,Hydropsalis torquata,Hydropsalis torquata,Hydropsalis torquata,Hydropsalis torquata,Hydropsalis torquata,Hydropsalis torquata,Hydropsalis torquata,Hydropsalis,Caprimulgidae,1,Bajo
463,Hydropsalis torquata,Nyctidromus albicollis,Nyctidromus albicollis,Hydropsalis torquata,Nyctidromus albicollis,Hydropsalis torquata,Hydropsalis torquata,Nyctidromus albicollis,Nyctidromus albicollis,Nyctidromus albicollis,Nyctidromus albicollis,Nyctidromus albicollis,Hydropsalis,Caprimulgidae,1,Bajo
464,Hydropsalis torquata,Hydropsalis torquata,Hydropsalis torquata,Hydropsalis torquata,Hydropsalis torquata,Hydropsalis torquata,Hydropsalis torquata,Hydropsalis torquata,Hydropsalis torquata,Hydropsalis torquata,Hydropsalis torquata,Hydropsalis torquata,Hydropsalis,Caprimulgidae,1,Bajo
465,Hydropsalis torquata,Hydropsalis torquata,Hydropsalis torquata,Nyctidromus albicollis,Nyctidromus albicollis,Hydropsalis torquata,Hydropsalis torquata,Hydropsalis torquata,Hydropsalis torquata,Hydropsalis torquata,Hydropsalis torquata,Hydropsalis torquata,Hydropsalis,Caprimulgidae,1,Bajo
467,Hydropsalis torquata,Turdus rufiventris,Tachyphonus coronatus,Crypturellus obsoletus,Crypturellus obsoletus,Turdus rufiventris,Turdus rufiventris,Sporophila pileata,Tachyphonus coronatus,Tachyphonus coronatus,Tachyphonus coronatus,Turdus rufiventris,Hydropsalis,Caprimulgidae,1,Bajo
468,Hydropsalis torquata,Hydropsalis torquata,Hydropsalis torquata,Hydropsalis torquata,Nyctidromus albicollis,Hydropsalis torquata,Hydropsalis torquata,Hydropsalis torquata,Hydropsalis torquata,Hydropsalis torquata,Hydropsalis torquata,Hydropsalis torquata,Hydropsalis,Caprimulgidae,1,Bajo
469,Hydropsalis torquata,Hydropsalis torquata,Hydropsalis torquata,Hydropsalis torquata,Hydropsalis torquata,Hydropsalis torquata,Hydropsalis torquata,Hydropsalis torquata,Hydropsalis torquata,Hydropsalis torquata,Hydropsalis torquata,Hydropsalis torquata,Hydropsalis,Caprimulgidae,1,Bajo
470,Hydropsalis torquata,Salvator merianae,Nyctidromus albicollis,Nyctidromus albicollis,Nyctidromus albicollis,Salvator merianae,Salvator merianae,Nyctidromus albicollis,Nyctidromus albicollis,Nyctidromus albicollis,Nyctidromus albicollis,Salvator merianae,Hydropsalis,Caprimulgidae,1,Bajo
471,Hydropsalis torquata,Hydropsalis torquata,Nyctidromus albicollis,Nyctidromus albicollis,Nyctidromus albicollis,Hydropsalis torquata,Hydropsalis torquata,Hydropsalis torquata,Nyctidromus albicollis,Nyctidromus albicollis,Nyctidromus albicollis,Hydropsalis torquata,Hydropsalis,Caprimulgidae,1,Bajo
473,Hydropsalis torquata,Hydropsalis torquata,Hydropsalis torquata,Nyctidromus albicollis,Hydropsalis torquata,Hydropsalis torquata,Hydropsalis torquata,Nyctidromus albicollis,Hydropsalis torquata,Hydropsalis torquata,Hydropsalis torquata,Hydropsalis torquata,Hydropsalis,Caprimulgidae,1,Bajo
474,Hydropsalis torquata,Hydropsalis torquata,Hydropsalis torquata,Hydropsalis torquata,Nyctidromus albicollis,Hydropsalis torquata,Hydropsalis torquata,Nyctidromus albicollis,Hydropsalis torquata,Hydropsalis torquata,Hydropsalis torquata,Hydropsalis torquata,Hydropsalis,Caprimulgidae,1,Bajo
476,Hydropsalis torquata,Hydropsalis torquata,Nyctidromus albicollis,Nyctidromus albicollis,Nyctidromus albicollis,Hydropsalis torquata,Hydropsalis torquata,Nyctidromus albicollis,Nyctidromus albicollis,Nyctidromus albicollis,Nyctidromus albicollis,Hydropsalis torquata,Hydropsalis,Caprimulgidae,1,Bajo
477,Hydropsalis torquata,Amazona aestiva,Brotogeris chiriri,Amazona aestiva,Amazona aestiva,Didelphis albiventris,Didelphis albiventris,Alouatta caraya,Brotogeris chiriri,Brotogeris chiriri,Brotogeris chiriri,Amazona aestiva,Hydropsalis,Caprimulgidae,1,Bajo
478,Hydropsalis torquata,Nyctidromus albicollis,Hydropsalis torquata,Nyctidromus albicollis,Nyctidromus albicollis,Nyctidromus albicollis,Hydropsalis torquata,Hydropsalis torquata,Hydropsalis torquata,Hydropsalis torquata,Hydropsalis torquata,Nyctidromus albicollis,Hydropsalis,Caprimulgidae,1,Bajo
480,Hydropsalis torquata,Nyctidromus albicollis,Nyctidromus albicollis,Nyctidromus albicollis,Nyctidromus albicollis,Hydropsalis torquata,Hydropsalis torquata,Nyctidromus albicollis,Nyctidromus albicollis,Nyctidromus albicollis,Nyctidromus albicollis,Nyctidromus albicollis,Hydropsalis,Caprimulgidae,1,Bajo
481,Hydropsalis torquata,Hydropsalis torquata,Hydropsalis torquata,Hydropsalis torquata,Nyctidromus albicollis,Hydropsalis torquata,Hydropsalis torquata,Hydropsalis torquata,Hydropsalis torquata,Hydropsalis torquata,Hydropsalis torquata,Hydropsalis torquata,Hydropsalis,Caprimulgidae,1,Bajo
482,Hydropsalis torquata,Hydropsalis torquata,Hydropsalis torquata,Nyctidromus albicollis,Nyctidromus albicollis,Hydropsalis torquata,Hydropsalis torquata,Hydropsalis torquata,Hydropsalis torquata,Hydropsalis torquata,Hydropsalis torquata,Hydropsalis torquata,Hydropsalis,Caprimulgidae,1,Bajo
483,Hydropsalis torquata,Hydropsalis torquata,Hydropsalis torquata,Hydropsalis torquata,Hydropsalis torquata,Hydropsalis torquata,Hydropsalis torquata,Hydropsalis torquata,Hydropsalis torquata,Hydropsalis torquata,Hydropsalis torquata,Hydropsalis torquata,Hydropsalis,Caprimulgidae,1,Bajo
484,Hydropsalis torquata,Hydropsalis torquata,Nyctidromus albicollis,Hydropsalis torquata,Hydropsalis torquata,Hydropsalis torquata,Hydropsalis torquata,Hydropsalis torquata,Nyctidromus albicollis,Nyctidromus albicollis,Nyctidromus albicollis,Hydropsalis torquata,Hydropsalis,Caprimulgidae,1,Bajo
485,Hydropsalis torquata,Hydropsalis torquata,Hydropsalis torquata,Nyctidromus albicollis,Nyctidromus albicollis,Hydropsalis torquata,Hydropsalis torquata,Hydropsalis torquata,Hydropsalis torquata,Hydropsalis torquata,Hydropsalis torquata,Hydropsalis torquata,Hydropsalis,Caprimulgidae,1,Bajo
486,Hydropsalis torquata,Hydropsalis torquata,Hydropsalis torquata,Nyctidromus albicollis,Nyctidromus albicollis,Nyctidromus albicollis,Hydropsalis torquata,Nyctidromus albicollis,Hydropsalis torquata,Hydropsalis torquata,Hydropsalis torquata,Hydropsalis torquata,Hydropsalis,Caprimulgidae,1,Bajo
487,Hydropsalis torquata,Hydropsalis torquata,Nyctidromus albicollis,Nyctidromus albicollis,Nyctidromus albicollis,Hydropsalis torquata,Hydropsalis torquata,Hydropsalis torquata,Nyctidromus albicollis,Nyctidromus albicollis,Nyctidromus albicollis,Hydropsalis torquata,Hydropsalis,Caprimulgidae,1,Bajo
489,Hydropsalis torquata,Hydropsalis torquata,Nyctidromus albicollis,Nyctidromus albicollis,Nyctidromus albicollis,Hydropsalis torquata,Hydropsalis torquata,Hydropsalis torquata,Nyctidromus albicollis,Nyctidromus albicollis,Nyctidromus albicollis,Hydropsalis torquata,Hydropsalis,Caprimulgidae,1,Bajo
490,Nyctidromus albicollis,Nyctidromus albicollis,Nyctidromus albicollis,Nyctidromus albicollis,Nyctidromus albicollis,Nyctidromus albicollis,Hydropsalis torquata,Nyctidromus albicollis,Nyctidromus albicollis,Nyctidromus albicollis,Nyctidromus albicollis,Nyctidromus albicollis,Nyctidromus,Caprimulgidae,1,Bajo
492,Nyctidromus albicollis,Nyctidromus albicollis,Hydropsalis torquata,Nyctidromus albicollis,Nyctidromus albicollis,Nyctidromus albicollis,Hydropsalis torquata,Hydropsalis torquata,Hydropsalis torquata,Hydropsalis torquata,Hydropsalis torquata,Nyctidromus albicollis,Nyctidromus,Caprimulgidae,1,Bajo
493,Nyctidromus albicollis,Salvator merianae,Leopardus pardalis,Didelphis aurita,Dasypus novemcinctus,Salvator merianae,Salvator merianae,Salvator merianae,Leopardus pardalis,Leopardus pardalis,Leopardus pardalis,Salvator merianae,Nyctidromus,Caprimulgidae,1,Bajo
494,Nyctidromus albicollis,Nyctidromus albicollis,Nyctidromus albicollis,Nyctidromus albicollis,Nyctidromus albicollis,Nyctidromus albicollis,Hydropsalis torquata,Nyctidromus albicollis,Nyctidromus albicollis,Nyctidromus albicollis,Nyctidromus albicollis,Nyctidromus albicollis,Nyctidromus,Caprimulgidae,1,Bajo
495,Nyctidromus albicollis,Nyctidromus albicollis,Nyctidromus albicollis,Nyctidromus albicollis,Nyctidromus albicollis,Nyctidromus albicollis,Hydropsalis torquata,Nyctidromus albicollis,Nyctidromus albicollis,Nyctidromus albicollis,Nyctidromus albicollis,Nyctidromus albicollis,Nyctidromus,Caprimulgidae,1,Bajo
496,Nyctidromus albicollis,Nyctidromus albicollis,Hydropsalis torquata,Nyctidromus albicollis,Nyctidromus albicollis,Nyctidromus albicollis,Hydropsalis torquata,Hydropsalis torquata,Hydropsalis torquata,Hydropsalis torquata,Hydropsalis torquata,Nyctidromus albicollis,Nyctidromus,Caprimulgidae,1,Bajo
498,Nyctidromus albicollis,Hydropsalis torquata,Nyctidromus albicollis,Nyctidromus albicollis,Nyctidromus albicollis,Nyctidromus albicollis,Hydropsalis torquata,Nyctidromus albicollis,Nyctidromus albicollis,Nyctidromus albicollis,Nyctidromus albicollis,Hydropsalis torquata,Nyctidromus,Caprimulgidae,1,Bajo
500,Nyctidromus albicollis,Nyctidromus albicollis,Nyctidromus albicollis,Nyctidromus albicollis,Nyctidromus albicollis,Nyctidromus albicollis,Hydropsalis torquata,Nyctidromus albicollis,Nyctidromus albicollis,Nyctidromus albicollis,Nyctidromus albicollis,Nyctidromus albicollis,Nyctidromus,Caprimulgidae,1,Bajo
502,Nyctidromus albicollis,Nyctidromus albicollis,Nyctidromus albicollis,Nyctidromus albicollis,Nyctidromus albicollis,Nyctidromus albicollis,Hydropsalis torquata,Nyctidromus albicollis,Nyctidromus albicollis,Nyctidromus albicollis,Nyctidromus albicollis,Nyctidromus albicollis,Nyctidromus,Caprimulgidae,1,Bajo
503,Nyctidromus albicollis,Nyctidromus albicollis,Nyctidromus albicollis,Nyctidromus albicollis,Nyctidromus albicollis,Nyctidromus albicollis,Hydropsalis torquata,Nyctidromus albicollis,Nyctidromus albicollis,Nyctidromus albicollis,Nyctidromus albicollis,Nyctidromus albicollis,Nyctidromus,Caprimulgidae,1,Bajo
505,Nyctidromus albicollis,Nyctidromus albicollis,Nyctidromus albicollis,Nyctidromus albicollis,Nyctidromus albicollis,Nyctidromus albicollis,Hydropsalis torquata,Nyctidromus albicollis,Nyctidromus albicollis,Nyctidromus albicollis,Nyctidromus albicollis,Nyctidromus albicollis,Nyctidromus,Caprimulgidae,1,Bajo
506,Nyctidromus albicollis,Nyctidromus albicollis,Hydropsalis torquata,Didelphis albiventris,Dasypus novemcinctus,Nyctidromus albicollis,Hydropsalis torquata,Hydropsalis torquata,Hydropsalis torquata,Hydropsalis torquata,Hydropsalis torquata,Nyctidromus albicollis,Nyctidromus,Caprimulgidae,1,Bajo
507,Nyctidromus albicollis,Nyctidromus albicollis,Hydropsalis torquata,Hydropsalis torquata,Nyctidromus albicollis,Hydropsalis torquata,Hydropsalis torquata,Hydropsalis torquata,Hydropsalis torquata,Hydropsalis torquata,Hydropsalis torquata,Nyctidromus albicollis,Nyctidromus,Caprimulgidae,1,Bajo
508,Nyctidromus albicollis,Nyctidromus albicollis,Nyctidromus albicollis,Nyctidromus albicollis,Nyctidromus albicollis,Nyctidromus albicollis,Hydropsalis torquata,Nyctidromus albicollis,Nyctidromus albicollis,Nyctidromus albicollis,Nyctidromus albicollis,Nyctidromus albicollis,Nyctidromus,Caprimulgidae,1,Bajo
509,Nyctidromus albicollis,Nyctidromus albicollis,Hydropsalis torquata,Nyctidromus albicollis,Nyctidromus albicollis,Nyctidromus albicollis,Hydropsalis torquata,Hydropsalis torquata,Hydropsalis torquata,Hydropsalis torquata,Hydropsalis torquata,Nyctidromus albicollis,Nyctidromus,Caprimulgidae,1,Bajo
510,Nyctidromus albicollis,Nyctidromus albicollis,Nyctidromus albicollis,Nyctidromus albicollis,Nyctidromus albicollis,Nyctidromus albicollis,Nyctidromus albicollis,Nyctidromus albicollis,Nyctidromus albicollis,Nyctidromus albicollis,Nyctidromus albicollis,Nyctidromus albicollis,Nyctidromus,Caprimulgidae,1,Bajo
511,Nyctidromus albicollis,Nyctidromus albicollis,Hydropsalis torquata,Hydropsalis torquata,Hydropsalis torquata,Nyctidromus albicollis,Hydropsalis torquata,Nyctidromus albicollis,Hydropsalis torquata,Hydropsalis torquata,Hydropsalis torquata,Nyctidromus albicollis,Nyctidromus,Caprimulgidae,1,Bajo
513,Nyctidromus albicollis,Nyctidromus albicollis,Hydropsalis torquata,Hydropsalis torquata,Nyctidromus albicollis,Nyctidromus albicollis,Nyctidromus albicollis,Nyctidromus albicollis,Hydropsalis torquata,Hydropsalis torquata,Hydropsalis torquata,Nyctidromus albicollis,Nyctidromus,Caprimulgidae,1,Bajo
514,Nyctidromus albicollis,Nyctidromus albicollis,Nyctidromus albicollis,Nyctidromus albicollis,Nyctidromus albicollis,Nyctidromus albicollis,Hydropsalis torquata,Hydropsalis torquata,Nyctidromus albicollis,Nyctidromus albicollis,Nyctidromus albicollis,Nyctidromus albicollis,Nyctidromus,Caprimulgidae,1,Bajo
515,Nyctidromus albicollis,Hydropsalis torquata,Nyctidromus albicollis,Nyctidromus albicollis,Nyctidromus albicollis,Hydropsalis torquata,Hydropsalis torquata,Nyctidromus albicollis,Nyctidromus albicollis,Nyctidromus albicollis,Nyctidromus albicollis,Hydropsalis torquata,Nyctidromus,Caprimulgidae,1,Bajo
516,Nyctidromus albicollis,Nyctidromus albicollis,Nyctidromus albicollis,Nyctidromus albicollis,Nyctidromus albicollis,Nyctidromus albicollis,Hydropsalis torquata,Hydropsalis torquata,Nyctidromus albicollis,Nyctidromus albicollis,Nyctidromus albicollis,Nyctidromus albicollis,Nyctidromus,Caprimulgidae,1,Bajo
517,Nyctidromus albicollis,Nyctidromus albicollis,Nyctidromus albicollis,Hydropsalis torquata,Hydropsalis torquata,Nyctidromus albicollis,Hydropsalis torquata,Hydropsalis torquata,Nyctidromus albicollis,Nyctidromus albicollis,Nyctidromus albicollis,Nyctidromus albicollis,Nyctidromus,Caprimulgidae,1,Bajo
518,Nyctidromus albicollis,Hydropsalis torquata,Hydropsalis torquata,Hydropsalis torquata,Nyctidromus albicollis,Hydropsalis torquata,Hydropsalis torquata,Nyctidromus albicollis,Hydropsalis torquata,Hydropsalis torquata,Hydropsalis torquata,Hydropsalis torquata,Nyctidromus,Caprimulgidae,1,Bajo
519,Nyctidromus albicollis,Nyctidromus albicollis,Nyctidromus albicollis,Nyctidromus albicollis,Nyctidromus albicollis,Nyctidromus albicollis,Hydropsalis torquata,Nyctidromus albicollis,Nyctidromus albicollis,Nyctidromus albicollis,Nyctidromus albicollis,Nyctidromus albicollis,Nyctidromus,Caprimulgidae,1,Bajo
520,Nyctidromus albicollis,Nyctidromus albicollis,Nyctidromus albicollis,Nyctidromus albicollis,Nyctidromus albicollis,Nyctidromus albicollis,Hydropsalis torquata,Hydropsalis torquata,Nyctidromus albicollis,Nyctidromus albicollis,Nyctidromus albicollis,Nyctidromus albicollis,Nyctidromus,Caprimulgidae,1,Bajo
521,Nyctidromus albicollis,Nyctidromus albicollis,Nyctidromus albicollis,Nyctidromus albicollis,Nyctidromus albicollis,Nyctidromus albicollis,Hydropsalis torquata,Nyctidromus albicollis,Nyctidromus albicollis,Nyctidromus albicollis,Nyctidromus albicollis,Nyctidromus albicollis,Nyctidromus,Caprimulgidae,1,Bajo
522,Nyctidromus albicollis,Nyctidromus albicollis,Nyctidromus albicollis,Nyctidromus albicollis,Nyctidromus albicollis,Nyctidromus albicollis,Hydropsalis torquata,Nyctidromus albicollis,Nyctidromus albicollis,Nyctidromus albicollis,Nyctidromus albicollis,Nyctidromus albicollis,Nyctidromus,Caprimulgidae,1,Bajo
523,Nyctidromus albicollis,Nyctidromus albicollis,Nyctidromus albicollis,Nyctidromus albicollis,Nyctidromus albicollis,Nyctidromus albicollis,Nyctidromus albicollis,Nyctidromus albicollis,Nyctidromus albicollis,Nyctidromus albicollis,Nyctidromus albicollis,Nyctidromus albicollis,Nyctidromus,Caprimulgidae,1,Bajo
524,Nyctidromus albicollis,Nyctidromus albicollis,Nyctidromus albicollis,Nyctidromus albicollis,Nyctidromus albicollis,Nyctidromus albicollis,Hydropsalis torquata,Nyctidromus albicollis,Nyctidromus albicollis,Nyctidromus albicollis,Nyctidromus albicollis,Nyctidromus albicollis,Nyctidromus,Caprimulgidae,1,Bajo
525,Nyctidromus albicollis,Nyctidromus albicollis,Nyctidromus albicollis,Nyctidromus albicollis,Nyctidromus albicollis,Nyctidromus albicollis,Nyctidromus albicollis,Nyctidromus albicollis,Nyctidromus albicollis,Nyctidromus albicollis,Nyctidromus albicollis,Nyctidromus albicollis,Nyctidromus,Caprimulgidae,1,Bajo
526,Nyctidromus albicollis,Hydropsalis torquata,Nyctidromus albicollis,Nyctidromus albicollis,Nyctidromus albicollis,Nyctidromus albicollis,Hydropsalis torquata,Nyctidromus albicollis,Nyctidromus albicollis,Nyctidromus albicollis,Nyctidromus albicollis,Hydropsalis torquata,Nyctidromus,Caprimulgidae,1,Bajo
527,Nyctidromus albicollis,Nyctidromus albicollis,Nyctidromus albicollis,Nyctidromus albicollis,Nyctidromus albicollis,Nyctidromus albicollis,Hydropsalis torquata,Nyctidromus albicollis,Nyctidromus albicollis,Nyctidromus albicollis,Nyctidromus albicollis,Nyctidromus albicollis,Nyctidromus,Caprimulgidae,1,Bajo
528,Nyctidromus albicollis,Hydropsalis torquata,Nyctidromus albicollis,Nyctidromus albicollis,Nyctidromus albicollis,Hydropsalis torquata,Hydropsalis torquata,Nyctidromus albicollis,Nyctidromus albicollis,Nyctidromus albicollis,Nyctidromus albicollis,Hydropsalis torquata,Nyctidromus,Caprimulgidae,1,Bajo
529,Nyctidromus albicollis,Nyctidromus albicollis,Nyctidromus albicollis,Nyctidromus albicollis,Nyctidromus albicollis,Nyctidromus albicollis,Hydropsalis torquata,Nyctidromus albicollis,Nyctidromus albicollis,Nyctidromus albicollis,Nyctidromus albicollis,Nyctidromus albicollis,Nyctidromus,Caprimulgidae,1,Bajo
530,Nyctidromus albicollis,Nyctidromus albicollis,Nyctidromus albicollis,Nyctidromus albicollis,Nyctidromus albicollis,Nyctidromus albicollis,Hydropsalis torquata,Nyctidromus albicollis,Nyctidromus albicollis,Nyctidromus albicollis,Nyctidromus albicollis,Nyctidromus albicollis,Nyctidromus,Caprimulgidae,1,Bajo
531,Nyctidromus albicollis,Nyctidromus albicollis,Nyctidromus albicollis,Nyctidromus albicollis,Nyctidromus albicollis,Nyctidromus albicollis,Hydropsalis torquata,Nyctidromus albicollis,Nyctidromus albicollis,Nyctidromus albicollis,Nyctidromus albicollis,Nyctidromus albicollis,Nyctidromus,Caprimulgidae,1,Bajo
532,Nyctidromus albicollis,Nyctidromus albicollis,Nyctidromus albicollis,Nyctidromus albicollis,Nyctidromus albicollis,Nyctidromus albicollis,Hydropsalis torquata,Hydropsalis torquata,Nyctidromus albicollis,Nyctidromus albicollis,Nyctidromus albicollis,Nyctidromus albicollis,Nyctidromus,Caprimulgidae,1,Bajo
533,Nyctidromus albicollis,Nyctidromus albicollis,Nyctidromus albicollis,Hydropsalis torquata,Hydropsalis torquata,Hydropsalis torquata,Hydropsalis torquata,Hydropsalis torquata,Nyctidromus albicollis,Nyctidromus albicollis,Nyctidromus albicollis,Nyctidromus albicollis,Nyctidromus,Caprimulgidae,1,Bajo
534,Nyctidromus albicollis,Nyctidromus albicollis,Hydropsalis torquata,Nyctidromus albicollis,Hydropsalis torquata,Nyctidromus albicollis,Hydropsalis torquata,Nyctidromus albicollis,Hydropsalis torquata,Hydropsalis torquata,Hydropsalis torquata,Nyctidromus albicollis,Nyctidromus,Caprimulgidae,1,Bajo
535,Nyctidromus albicollis,Nyctidromus albicollis,Nyctidromus albicollis,Nyctidromus albicollis,Nyctidromus albicollis,Nyctidromus albicollis,Hydropsalis torquata,Nyctidromus albicollis,Nyctidromus albicollis,Nyctidromus albicollis,Nyctidromus albicollis,Nyctidromus albicollis,Nyctidromus,Caprimulgidae,1,Bajo
537,Nyctidromus albicollis,Nyctidromus albicollis,Nyctidromus albicollis,Nyctidromus albicollis,Nyctidromus albicollis,Nyctidromus albicollis,Hydropsalis torquata,Nyctidromus albicollis,Nyctidromus albicollis,Nyctidromus albicollis,Nyctidromus albicollis,Nyctidromus albicollis,Nyctidromus,Caprimulgidae,1,Bajo
540,Nyctidromus albicollis,Nyctidromus albicollis,Nyctidromus albicollis,Nyctidromus albicollis,Nyctidromus albicollis,Nyctidromus albicollis,Hydropsalis torquata,Nyctidromus albicollis,Nyctidromus albicollis,Nyctidromus albicollis,Nyctidromus albicollis,Nyctidromus albicollis,Nyctidromus,Caprimulgidae,1,Bajo
541,Nyctidromus albicollis,Nyctidromus albicollis,Nyctidromus albicollis,Nyctidromus albicollis,Nyctidromus albicollis,Nyctidromus albicollis,Hydropsalis torquata,Nyctidromus albicollis,Nyctidromus albicollis,Nyctidromus albicollis,Nyctidromus albicollis,Nyctidromus albicollis,Nyctidromus,Caprimulgidae,1,Bajo
542,Nyctidromus albicollis,Nyctidromus albicollis,Nyctidromus albicollis,Nyctidromus albicollis,Nyctidromus albicollis,Nyctidromus albicollis,Hydropsalis torquata,Nyctidromus albicollis,Nyctidromus albicollis,Nyctidromus albicollis,Nyctidromus albicollis,Nyctidromus albicollis,Nyctidromus,Caprimulgidae,1,Bajo
543,Nyctidromus albicollis,Nyctidromus albicollis,Hydropsalis torquata,Nyctidromus albicollis,Hydropsalis torquata,Nyctidromus albicollis,Hydropsalis torquata,Hydropsalis torquata,Hydropsalis torquata,Hydropsalis torquata,Hydropsalis torquata,Nyctidromus albicollis,Nyctidromus,Caprimulgidae,1,Bajo
544,Nyctidromus albicollis,Nyctidromus albicollis,Nyctidromus albicollis,Nyctidromus albicollis,Nyctidromus albicollis,Nyctidromus albicollis,Hydropsalis torquata,Nyctidromus albicollis,Nyctidromus albicollis,Nyctidromus albicollis,Nyctidromus albicollis,Nyctidromus albicollis,Nyctidromus,Caprimulgidae,1,Bajo
545,Nyctidromus albicollis,Nyctidromus albicollis,Hydropsalis torquata,Hydropsalis torquata,Nyctidromus albicollis,Nyctidromus albicollis,Hydropsalis torquata,Nyctidromus albicollis,Hydropsalis torquata,Hydropsalis torquata,Hydropsalis torquata,Nyctidromus albicollis,Nyctidromus,Caprimulgidae,1,Bajo
546,Nyctidromus albicollis,Nyctidromus albicollis,Nyctidromus albicollis,Nyctidromus albicollis,Nyctidromus albicollis,Nyctidromus albicollis,Hydropsalis torquata,Nyctidromus albicollis,Nyctidromus albicollis,Nyctidromus albicollis,Nyctidromus albicollis,Nyctidromus albicollis,Nyctidromus,Caprimulgidae,1,Bajo
547,Nyctidromus albicollis,Nyctidromus albicollis,Nyctidromus albicollis,Nyctidromus albicollis,Nyctidromus albicollis,Nyctidromus albicollis,Hydropsalis torquata,Nyctidromus albicollis,Nyctidromus albicollis,Nyctidromus albicollis,Nyctidromus albicollis,Nyctidromus albicollis,Nyctidromus,Caprimulgidae,1,Bajo
549,Nyctidromus albicollis,Nyctidromus albicollis,Nyctidromus albicollis,Nyctidromus albicollis,Nyctidromus albicollis,Nyctidromus albicollis,Hydropsalis torquata,Nyctidromus albicollis,Nyctidromus albicollis,Nyctidromus albicollis,Nyctidromus albicollis,Nyctidromus albicollis,Nyctidromus,Caprimulgidae,1,Bajo
552,Nyctidromus albicollis,Puma concolor,Hydropsalis torquata,Dasypus novemcinctus,Hydropsalis torquata,Hydropsalis torquata,Didelphis albiventris,Didelphis aurita,Hydropsalis torquata,Hydropsalis torquata,Hydropsalis torquata,Puma concolor,Nyctidromus,Caprimulgidae,1,Bajo
554,Cyanoloxia brissonii,Cyanoloxia brissonii,Cyanoloxia brissonii,Cyanoloxia brissonii,Cyanoloxia brissonii,Cyanoloxia brissonii,Cyanoloxia brissonii,Cyanoloxia brissonii,Cyanoloxia brissonii,Cyanoloxia brissonii,Cyanoloxia brissonii,Cyanoloxia brissonii,Cyanoloxia,Cardinalidae,1,Bajo
555,Cyanoloxia brissonii,Cyanoloxia brissonii,Cyanoloxia brissonii,Cyanoloxia brissonii,Cyanoloxia brissonii,Cyanoloxia brissonii,Cyanoloxia brissonii,Cyanoloxia brissonii,Cyanoloxia brissonii,Cyanoloxia brissonii,Cyanoloxia brissonii,Cyanoloxia brissonii,Cyanoloxia,Cardinalidae,1,Bajo
557,Cyanoloxia brissonii,Turdus rufiventris,Turdus rufiventris,Myiothlypis leucoblephara,Myiothlypis leucoblephara,Turdus rufiventris,Turdus rufiventris,Sporophila pileata,Turdus rufiventris,Turdus rufiventris,Turdus rufiventris,Turdus rufiventris,Cyanoloxia,Cardinalidae,1,Bajo
558,Cyanoloxia brissonii,Cyanoloxia brissonii,Cyanoloxia brissonii,Cyanoloxia brissonii,Cyanoloxia brissonii,Cyanoloxia brissonii,Cyanoloxia brissonii,Cyanoloxia brissonii,Cyanoloxia brissonii,Cyanoloxia brissonii,Cyanoloxia brissonii,Cyanoloxia brissonii,Cyanoloxia,Cardinalidae,1,Bajo
560,Cyanoloxia brissonii,Cyanoloxia brissonii,Cyanoloxia brissonii,Cyanoloxia brissonii,Cyanoloxia brissonii,Cyanoloxia brissonii,Cyanoloxia brissonii,Cyanoloxia brissonii,Cyanoloxia brissonii,Cyanoloxia brissonii,Cyanoloxia brissonii,Cyanoloxia brissonii,Cyanoloxia,Cardinalidae,1,Bajo
563,Cyanoloxia brissonii,Habia rubica,Habia rubica,Habia rubica,Habia rubica,Habia rubica,Habia rubica,Habia rubica,Habia rubica,Habia rubica,Habia rubica,Habia rubica,Cyanoloxia,Cardinalidae,1,Bajo
564,Cyanoloxia brissonii,Cyanoloxia brissonii,Cyanoloxia brissonii,Cyanoloxia brissonii,Cyanoloxia brissonii,Cyanoloxia brissonii,Cyanoloxia brissonii,Cyanoloxia brissonii,Cyanoloxia brissonii,Cyanoloxia brissonii,Cyanoloxia brissonii,Cyanoloxia brissonii,Cyanoloxia,Cardinalidae,1,Bajo
565,Cyanoloxia brissonii,Habia rubica,Cyanoloxia brissonii,Cyanoloxia brissonii,Habia rubica,Habia rubica,Habia rubica,Cyanoloxia brissonii,Cyanoloxia brissonii,Cyanoloxia brissonii,Cyanoloxia brissonii,Habia rubica,Cyanoloxia,Cardinalidae,1,Bajo
566,Cyanoloxia brissonii,Tachyphonus coronatus,Conopophaga lineata,Conopophaga lineata,Conopophaga lineata,Cyanoloxia brissonii,Habia rubica,Cyanoloxia brissonii,Conopophaga lineata,Conopophaga lineata,Conopophaga lineata,Tachyphonus coronatus,Cyanoloxia,Cardinalidae,1,Bajo
568,Cyanoloxia brissonii,Tachyphonus coronatus,Cyanoloxia brissonii,Cyanoloxia brissonii,Cyanoloxia brissonii,Tachyphonus coronatus,Tachyphonus coronatus,Cyanoloxia brissonii,Cyanoloxia brissonii,Cyanoloxia brissonii,Cyanoloxia brissonii,Tachyphonus coronatus,Cyanoloxia,Cardinalidae,1,Bajo
569,Cyanoloxia brissonii,Cyanoloxia brissonii,Cyanoloxia brissonii,Cyanoloxia brissonii,Cyanoloxia brissonii,Cyanoloxia brissonii,Cyanoloxia brissonii,Cyanoloxia brissonii,Cyanoloxia brissonii,Cyanoloxia brissonii,Cyanoloxia brissonii,Cyanoloxia brissonii,Cyanoloxia,Cardinalidae,1,Bajo
570,Cyanoloxia brissonii,Cyanoloxia brissonii,Cyanoloxia brissonii,Cyanoloxia brissonii,Cyanoloxia brissonii,Cyanoloxia brissonii,Cyanoloxia brissonii,Cyanoloxia brissonii,Cyanoloxia brissonii,Cyanoloxia brissonii,Cyanoloxia brissonii,Cyanoloxia brissonii,Cyanoloxia,Cardinalidae,1,Bajo
571,Cyanoloxia brissonii,Cyanoloxia brissonii,Cyanoloxia brissonii,Cyanoloxia brissonii,Cyanoloxia brissonii,Cyanoloxia brissonii,Cyanoloxia brissonii,Cyanoloxia brissonii,Cyanoloxia brissonii,Cyanoloxia brissonii,Cyanoloxia brissonii,Cyanoloxia brissonii,Cyanoloxia,Cardinalidae,1,Bajo
573,Cyanoloxia brissonii,Cyanoloxia brissonii,Cyanoloxia brissonii,Cyanoloxia brissonii,Cyanoloxia brissonii,Cyanoloxia brissonii,Cyanoloxia brissonii,Cyanoloxia brissonii,Cyanoloxia brissonii,Cyanoloxia brissonii,Cyanoloxia brissonii,Cyanoloxia brissonii,Cyanoloxia,Cardinalidae,1,Bajo
575,Cyanoloxia brissonii,Pyriglena leucoptera,Cyanoloxia brissonii,Tachyphonus coronatus,Tachyphonus coronatus,Cyanoloxia brissonii,Cyanoloxia brissonii,Cyanoloxia brissonii,Cyanoloxia brissonii,Cyanoloxia brissonii,Cyanoloxia brissonii,Pyriglena leucoptera,Cyanoloxia,Cardinalidae,1,Bajo
576,Cyanoloxia brissonii,Cyanoloxia brissonii,Cyanoloxia brissonii,Cyanoloxia brissonii,Cyanoloxia brissonii,Cyanoloxia brissonii,Cyanoloxia brissonii,Cyanoloxia brissonii,Cyanoloxia brissonii,Cyanoloxia brissonii,Cyanoloxia brissonii,Cyanoloxia brissonii,Cyanoloxia,Cardinalidae,1,Bajo
577,Cyanoloxia brissonii,Cyanoloxia brissonii,Cyanoloxia brissonii,Cyanoloxia brissonii,Cyanoloxia brissonii,Cyanoloxia brissonii,Cyanoloxia brissonii,Cyanoloxia brissonii,Cyanoloxia brissonii,Cyanoloxia brissonii,Cyanoloxia brissonii,Cyanoloxia brissonii,Cyanoloxia,Cardinalidae,1,Bajo
578,Cyanoloxia brissonii,Cyanoloxia brissonii,Cyanoloxia brissonii,Cyanoloxia brissonii,Cyanoloxia brissonii,Cyanoloxia brissonii,Cyanoloxia brissonii,Cyanoloxia brissonii,Cyanoloxia brissonii,Cyanoloxia brissonii,Cyanoloxia brissonii,Cyanoloxia brissonii,Cyanoloxia,Cardinalidae,1,Bajo
579,Cyanoloxia brissonii,Cyanoloxia brissonii,Cyanoloxia brissonii,Cyanoloxia brissonii,Cyanoloxia brissonii,Cyanoloxia brissonii,Cyanoloxia brissonii,Cyanoloxia brissonii,Cyanoloxia brissonii,Cyanoloxia brissonii,Cyanoloxia brissonii,Cyanoloxia brissonii,Cyanoloxia,Cardinalidae,1,Bajo
581,Cyanoloxia brissonii,Cyanoloxia brissonii,Cyanoloxia brissonii,Cyanoloxia brissonii,Cyanoloxia brissonii,Cyanoloxia brissonii,Cyanoloxia brissonii,Cyanoloxia brissonii,Cyanoloxia brissonii,Cyanoloxia brissonii,Cyanoloxia brissonii,Cyanoloxia brissonii,Cyanoloxia,Cardinalidae,1,Bajo
582,Cyanoloxia brissonii,Cyanoloxia brissonii,Cyanoloxia brissonii,Cyanoloxia brissonii,Cyanoloxia brissonii,Cyanoloxia brissonii,Cyanoloxia brissonii,Cyanoloxia brissonii,Cyanoloxia brissonii,Cyanoloxia brissonii,Cyanoloxia brissonii,Cyanoloxia brissonii,Cyanoloxia,Cardinalidae,1,Bajo
583,Cyanoloxia brissonii,Cyanoloxia brissonii,Cyanoloxia brissonii,Habia rubica,Habia rubica,Cyanoloxia brissonii,Habia rubica,Cyanoloxia brissonii,Cyanoloxia brissonii,Cyanoloxia brissonii,Cyanoloxia brissonii,Cyanoloxia brissonii,Cyanoloxia,Cardinalidae,1,Bajo
584,Cyanoloxia brissonii,Cyanoloxia brissonii,Cyanoloxia brissonii,Cyanoloxia brissonii,Cyanoloxia brissonii,Cyanoloxia brissonii,Cyanoloxia brissonii,Cyanoloxia brissonii,Cyanoloxia brissonii,Cyanoloxia brissonii,Cyanoloxia brissonii,Cyanoloxia brissonii,Cyanoloxia,Cardinalidae,1,Bajo
585,Cyanoloxia brissonii,Cyanoloxia brissonii,Tachyphonus coronatus,Tachyphonus coronatus,Cyanoloxia brissonii,Cyanoloxia brissonii,Cyanoloxia brissonii,Tachyphonus coronatus,Tachyphonus coronatus,Tachyphonus coronatus,Tachyphonus coronatus,Cyanoloxia brissonii,Cyanoloxia,Cardinalidae,1,Bajo
586,Cyanoloxia brissonii,Tachyphonus coronatus,Cyanoloxia brissonii,Tachyphonus coronatus,Tachyphonus coronatus,Cyanoloxia brissonii,Tachyphonus coronatus,Tachyphonus coronatus,Cyanoloxia brissonii,Cyanoloxia brissonii,Cyanoloxia brissonii,Tachyphonus coronatus,Cyanoloxia,Cardinalidae,1,Bajo
588,Cyanoloxia brissonii,Tachyphonus coronatus,Cyanoloxia brissonii,Tachyphonus coronatus,Tachyphonus coronatus,Cyanoloxia brissonii,Cyanoloxia brissonii,Cyanoloxia brissonii,Cyanoloxia brissonii,Cyanoloxia brissonii,Cyanoloxia brissonii,Tachyphonus coronatus,Cyanoloxia,Cardinalidae,1,Bajo
589,Cyanoloxia brissonii,Habia rubica,Habia rubica,Habia rubica,Habia rubica,Habia rubica,Habia rubica,Habia rubica,Habia rubica,Habia rubica,Habia rubica,Habia rubica,Cyanoloxia,Cardinalidae,1,Bajo
590,Cyanoloxia brissonii,Cyanoloxia brissonii,Cyanoloxia brissonii,Cyanoloxia brissonii,Cyanoloxia brissonii,Cyanoloxia brissonii,Cyanoloxia brissonii,Cyanoloxia brissonii,Cyanoloxia brissonii,Cyanoloxia brissonii,Cyanoloxia brissonii,Cyanoloxia brissonii,Cyanoloxia,Cardinalidae,1,Bajo
591,Cyanoloxia brissonii,Cyanoloxia brissonii,Cyanoloxia brissonii,Cyanoloxia brissonii,Cyanoloxia brissonii,Cyanoloxia brissonii,Cyanoloxia brissonii,Cyanoloxia brissonii,Cyanoloxia brissonii,Cyanoloxia brissonii,Cyanoloxia brissonii,Cyanoloxia brissonii,Cyanoloxia,Cardinalidae,1,Bajo
593,Cyanoloxia brissonii,Habia rubica,Cyanoloxia brissonii,Cyanoloxia brissonii,Habia rubica,Habia rubica,Habia rubica,Cyanoloxia brissonii,Cyanoloxia brissonii,Cyanoloxia brissonii,Cyanoloxia brissonii,Habia rubica,Cyanoloxia,Cardinalidae,1,Bajo
594,Cyanoloxia brissonii,Cyanoloxia brissonii,Cyanoloxia brissonii,Cyanoloxia brissonii,Cyanoloxia brissonii,Cyanoloxia brissonii,Cyanoloxia brissonii,Cyanoloxia brissonii,Cyanoloxia brissonii,Cyanoloxia brissonii,Cyanoloxia brissonii,Cyanoloxia brissonii,Cyanoloxia,Cardinalidae,1,Bajo
596,Cyanoloxia brissonii,Cyanoloxia brissonii,Cyanoloxia brissonii,Cyanoloxia brissonii,Cyanoloxia brissonii,Cyanoloxia brissonii,Cyanoloxia brissonii,Cyanoloxia brissonii,Cyanoloxia brissonii,Cyanoloxia brissonii,Cyanoloxia brissonii,Cyanoloxia brissonii,Cyanoloxia,Cardinalidae,1,Bajo
597,Cyanoloxia brissonii,Habia rubica,Habia rubica,Habia rubica,Habia rubica,Habia rubica,Habia rubica,Cyanoloxia brissonii,Habia rubica,Habia rubica,Habia rubica,Habia rubica,Cyanoloxia,Cardinalidae,1,Bajo
598,Cyanoloxia brissonii,Cyanoloxia brissonii,Cyanoloxia brissonii,Cyanoloxia brissonii,Habia rubica,Cyanoloxia brissonii,Cyanoloxia brissonii,Habia rubica,Cyanoloxia brissonii,Cyanoloxia brissonii,Cyanoloxia brissonii,Cyanoloxia brissonii,Cyanoloxia,Cardinalidae,1,Bajo
599,Cyanoloxia brissonii,Cyanoloxia brissonii,Cyanoloxia brissonii,Tachyphonus coronatus,Tachyphonus coronatus,Cyanoloxia brissonii,Cyanoloxia brissonii,Cyanoloxia brissonii,Cyanoloxia brissonii,Cyanoloxia brissonii,Cyanoloxia brissonii,Cyanoloxia brissonii,Cyanoloxia,Cardinalidae,1,Bajo
600,Cyanoloxia brissonii,Habia rubica,Cyanoloxia brissonii,Habia rubica,Habia rubica,Habia rubica,Habia rubica,Cyanoloxia brissonii,Cyanoloxia brissonii,Cyanoloxia brissonii,Cyanoloxia brissonii,Habia rubica,Cyanoloxia,Cardinalidae,1,Bajo
601,Cyanoloxia brissonii,Habia rubica,Habia rubica,Habia rubica,Habia rubica,Cyanoloxia brissonii,Habia rubica,Cyanoloxia brissonii,Habia rubica,Habia rubica,Habia rubica,Habia rubica,Cyanoloxia,Cardinalidae,1,Bajo
602,Cyanoloxia brissonii,Cyanoloxia brissonii,Cyanoloxia brissonii,Cyanoloxia brissonii,Cyanoloxia brissonii,Cyanoloxia brissonii,Cyanoloxia brissonii,Cyanoloxia brissonii,Cyanoloxia brissonii,Cyanoloxia brissonii,Cyanoloxia brissonii,Cyanoloxia brissonii,Cyanoloxia,Cardinalidae,1,Bajo
603,Cyanoloxia brissonii,Cyanoloxia brissonii,Cyanoloxia brissonii,Cyanoloxia brissonii,Cyanoloxia brissonii,Cyanoloxia brissonii,Cyanoloxia brissonii,Cyanoloxia brissonii,Cyanoloxia brissonii,Cyanoloxia brissonii,Cyanoloxia brissonii,Cyanoloxia brissonii,Cyanoloxia,Cardinalidae,1,Bajo
604,Cyanoloxia brissonii,Tachyphonus coronatus,Tachyphonus coronatus,Tachyphonus coronatus,Cyanoloxia brissonii,Tachyphonus coronatus,Tachyphonus coronatus,Cyanoloxia brissonii,Tachyphonus coronatus,Tachyphonus coronatus,Tachyphonus coronatus,Tachyphonus coronatus,Cyanoloxia,Cardinalidae,1,Bajo
605,Cyanoloxia brissonii,Cyanoloxia brissonii,Cyanoloxia brissonii,Cyanoloxia brissonii,Cyanoloxia brissonii,Cyanoloxia brissonii,Cyanoloxia brissonii,Cyanoloxia brissonii,Cyanoloxia brissonii,Cyanoloxia brissonii,Cyanoloxia brissonii,Cyanoloxia brissonii,Cyanoloxia,Cardinalidae,1,Bajo
606,Cyanoloxia brissonii,Tachyphonus coronatus,Tachyphonus coronatus,Tachyphonus coronatus,Tachyphonus coronatus,Tachyphonus coronatus,Tachyphonus coronatus,Hypoedaleus guttatus,Tachyphonus coronatus,Tachyphonus coronatus,Tachyphonus coronatus,Tachyphonus coronatus,Cyanoloxia,Cardinalidae,1,Bajo
607,Cyanoloxia brissonii,Tachyphonus coronatus,Cyanoloxia brissonii,Cyanoloxia brissonii,Cyanoloxia brissonii,Cyanoloxia brissonii,Cyanoloxia brissonii,Cyanoloxia brissonii,Cyanoloxia brissonii,Cyanoloxia brissonii,Cyanoloxia brissonii,Tachyphonus coronatus,Cyanoloxia,Cardinalidae,1,Bajo
608,Cyanoloxia brissonii,Cyanoloxia brissonii,Cyanoloxia brissonii,Cyanoloxia brissonii,Cyanoloxia brissonii,Cyanoloxia brissonii,Cyanoloxia brissonii,Cyanoloxia brissonii,Cyanoloxia brissonii,Cyanoloxia brissonii,Cyanoloxia brissonii,Cyanoloxia brissonii,Cyanoloxia,Cardinalidae,1,Bajo
609,Cyanoloxia brissonii,Tachyphonus coronatus,Cyanoloxia brissonii,Cyanoloxia brissonii,Cyanoloxia brissonii,Cyanoloxia brissonii,Tachyphonus coronatus,Mackenziaena severa,Cyanoloxia brissonii,Cyanoloxia brissonii,Cyanoloxia brissonii,Tachyphonus coronatus,Cyanoloxia,Cardinalidae,1,Bajo
611,Cyanoloxia brissonii,Cyanoloxia brissonii,Cyanoloxia brissonii,Cyanoloxia brissonii,Cyanoloxia brissonii,Cyanoloxia brissonii,Cyanoloxia brissonii,Cyanoloxia brissonii,Cyanoloxia brissonii,Cyanoloxia brissonii,Cyanoloxia brissonii,Cyanoloxia brissonii,Cyanoloxia,Cardinalidae,1,Bajo
612,Cyanoloxia brissonii,Cyanoloxia brissonii,Cyanoloxia brissonii,Cyanoloxia brissonii,Cyanoloxia brissonii,Cyanoloxia brissonii,Cyanoloxia brissonii,Cyanoloxia brissonii,Cyanoloxia brissonii,Cyanoloxia brissonii,Cyanoloxia brissonii,Cyanoloxia brissonii,Cyanoloxia,Cardinalidae,1,Bajo
613,Cyanoloxia brissonii,Habia rubica,Cyanoloxia brissonii,Cyanoloxia brissonii,Cyanoloxia brissonii,Habia rubica,Habia rubica,Cyanoloxia brissonii,Cyanoloxia brissonii,Cyanoloxia brissonii,Cyanoloxia brissonii,Habia rubica,Cyanoloxia,Cardinalidae,1,Bajo
614,Cyanoloxia brissonii,Tachyphonus coronatus,Cyanoloxia brissonii,Cyanoloxia brissonii,Cyanoloxia brissonii,Cyanoloxia brissonii,Cyanoloxia brissonii,Cyanoloxia brissonii,Cyanoloxia brissonii,Cyanoloxia brissonii,Cyanoloxia brissonii,Tachyphonus coronatus,Cyanoloxia,Cardinalidae,1,Bajo
616,Cyanoloxia brissonii,Tachyphonus coronatus,Cyanoloxia brissonii,Cyanoloxia brissonii,Tachyphonus coronatus,Cyanoloxia brissonii,Cyanoloxia brissonii,Cyanoloxia brissonii,Cyanoloxia brissonii,Cyanoloxia brissonii,Cyanoloxia brissonii,Tachyphonus coronatus,Cyanoloxia,Cardinalidae,1,Bajo
617,Cyanoloxia brissonii,Cyanoloxia brissonii,Cyanoloxia brissonii,Cyanoloxia brissonii,Cyanoloxia brissonii,Cyanoloxia brissonii,Cyanoloxia brissonii,Cyanoloxia brissonii,Cyanoloxia brissonii,Cyanoloxia brissonii,Cyanoloxia brissonii,Cyanoloxia brissonii,Cyanoloxia,Cardinalidae,1,Bajo
618,Cyanoloxia brissonii,Tachyphonus coronatus,Cyanoloxia brissonii,Cyanoloxia brissonii,Cyanoloxia brissonii,Tachyphonus coronatus,Tachyphonus coronatus,Tachyphonus coronatus,Cyanoloxia brissonii,Cyanoloxia brissonii,Cyanoloxia brissonii,Tachyphonus coronatus,Cyanoloxia,Cardinalidae,1,Bajo
619,Cyanoloxia brissonii,Cyanoloxia brissonii,Cyanoloxia brissonii,Cyanoloxia brissonii,Cyanoloxia brissonii,Cyanoloxia brissonii,Cyanoloxia brissonii,Cyanoloxia brissonii,Cyanoloxia brissonii,Cyanoloxia brissonii,Cyanoloxia brissonii,Cyanoloxia brissonii,Cyanoloxia,Cardinalidae,1,Bajo
620,Cyanoloxia brissonii,Habia rubica,Habia rubica,Habia rubica,Habia rubica,Habia rubica,Habia rubica,Cyanoloxia brissonii,Habia rubica,Habia rubica,Habia rubica,Habia rubica,Cyanoloxia,Cardinalidae,1,Bajo
621,Cyanoloxia brissonii,Cyanoloxia brissonii,Cyanoloxia brissonii,Cyanoloxia brissonii,Tachyphonus coronatus,Cyanoloxia brissonii,Cyanoloxia brissonii,Cyanoloxia brissonii,Cyanoloxia brissonii,Cyanoloxia brissonii,Cyanoloxia brissonii,Cyanoloxia brissonii,Cyanoloxia,Cardinalidae,1,Bajo
622,Cyanoloxia brissonii,Cyanoloxia brissonii,Cyanoloxia brissonii,Cyanoloxia brissonii,Cyanoloxia brissonii,Cyanoloxia brissonii,Cyanoloxia brissonii,Cyanoloxia brissonii,Cyanoloxia brissonii,Cyanoloxia brissonii,Cyanoloxia brissonii,Cyanoloxia brissonii,Cyanoloxia,Cardinalidae,1,Bajo
624,Habia rubica,Habia rubica,Habia rubica,Habia rubica,Habia rubica,Habia rubica,Habia rubica,Habia rubica,Habia rubica,Habia rubica,Habia rubica,Habia rubica,Habia,Cardinalidae,1,Bajo
625,Habia rubica,Habia rubica,Habia rubica,Habia rubica,Habia rubica,Habia rubica,Habia rubica,Habia rubica,Habia rubica,Habia rubica,Habia rubica,Habia rubica,Habia,Cardinalidae,1,Bajo
626,Habia rubica,Pyriglena leucoptera,Tachyphonus coronatus,Biatas nigropectus,Biatas nigropectus,Biatas nigropectus,Habia rubica,Pyriglena leucoptera,Tachyphonus coronatus,Tachyphonus coronatus,Tachyphonus coronatus,Pyriglena leucoptera,Habia,Cardinalidae,1,Bajo
627,Habia rubica,Turdus rufiventris,Synallaxis ruficapilla,Tachyphonus coronatus,Tachyphonus coronatus,Tachyphonus coronatus,Turdus rufiventris,Tachyphonus coronatus,Synallaxis ruficapilla,Synallaxis ruficapilla,Synallaxis ruficapilla,Turdus rufiventris,Habia,Cardinalidae,1,Bajo
629,Habia rubica,Habia rubica,Habia rubica,Habia rubica,Habia rubica,Habia rubica,Habia rubica,Habia rubica,Habia rubica,Habia rubica,Habia rubica,Habia rubica,Habia,Cardinalidae,1,Bajo
630,Habia rubica,Habia rubica,Habia rubica,Habia rubica,Habia rubica,Habia rubica,Habia rubica,Habia rubica,Habia rubica,Habia rubica,Habia rubica,Habia rubica,Habia,Cardinalidae,1,Bajo
632,Habia rubica,Habia rubica,Habia rubica,Habia rubica,Habia rubica,Habia rubica,Habia rubica,Habia rubica,Habia rubica,Habia rubica,Habia rubica,Habia rubica,Habia,Cardinalidae,1,Bajo
633,Habia rubica,Habia rubica,Habia rubica,Habia rubica,Habia rubica,Habia rubica,Habia rubica,Habia rubica,Habia rubica,Habia rubica,Habia rubica,Habia rubica,Habia,Cardinalidae,1,Bajo
634,Habia rubica,Habia rubica,Habia rubica,Habia rubica,Habia rubica,Habia rubica,Habia rubica,Habia rubica,Habia rubica,Habia rubica,Habia rubica,Habia rubica,Habia,Cardinalidae,1,Bajo
635,Habia rubica,Pyriglena leucoptera,Habia rubica,Conopophaga lineata vulgaris,Habia rubica,Habia rubica,Habia rubica,Habia rubica,Habia rubica,Habia rubica,Habia rubica,Pyriglena leucoptera,Habia,Cardinalidae,1,Bajo
636,Habia rubica,Tachyphonus coronatus,Tachyphonus coronatus,Tachyphonus coronatus,Tachyphonus coronatus,Tachyphonus coronatus,Tachyphonus coronatus,Tachyphonus coronatus,Tachyphonus coronatus,Tachyphonus coronatus,Tachyphonus coronatus,Tachyphonus coronatus,Habia,Cardinalidae,1,Bajo
637,Habia rubica,Habia rubica,Habia rubica,Habia rubica,Habia rubica,Habia rubica,Habia rubica,Habia rubica,Habia rubica,Habia rubica,Habia rubica,Habia rubica,Habia,Cardinalidae,1,Bajo
639,Habia rubica,Habia rubica,Habia rubica,Habia rubica,Habia rubica,Habia rubica,Habia rubica,Habia rubica,Habia rubica,Habia rubica,Habia rubica,Habia rubica,Habia,Cardinalidae,1,Bajo
640,Habia rubica,Habia rubica,Habia rubica,Habia rubica,Habia rubica,Habia rubica,Habia rubica,Habia rubica,Habia rubica,Habia rubica,Habia rubica,Habia rubica,Habia,Cardinalidae,1,Bajo
642,Habia rubica,Habia rubica,Habia rubica,Habia rubica,Habia rubica,Habia rubica,Habia rubica,Habia rubica,Habia rubica,Habia rubica,Habia rubica,Habia rubica,Habia,Cardinalidae,1,Bajo
643,Habia rubica,Habia rubica,Habia rubica,Habia rubica,Habia rubica,Habia rubica,Habia rubica,Habia rubica,Habia rubica,Habia rubica,Habia rubica,Habia rubica,Habia,Cardinalidae,1,Bajo
645,Habia rubica,Pyriglena leucoptera,Habia rubica,Habia rubica,Habia rubica,Habia rubica,Habia rubica,Habia rubica,Habia rubica,Habia rubica,Habia rubica,Pyriglena leucoptera,Habia,Cardinalidae,1,Bajo
647,Habia rubica,Habia rubica,Habia rubica,Habia rubica,Habia rubica,Habia rubica,Habia rubica,Habia rubica,Habia rubica,Habia rubica,Habia rubica,Habia rubica,Habia,Cardinalidae,1,Bajo
648,Habia rubica,Habia rubica,Habia rubica,Habia rubica,Habia rubica,Habia rubica,Habia rubica,Habia rubica,Habia rubica,Habia rubica,Habia rubica,Habia rubica,Habia,Cardinalidae,1,Bajo
649,Habia rubica,Turdus rufiventris,Tachyphonus coronatus,Penelope superciliaris,Penelope superciliaris,Tachyphonus coronatus,Tachyphonus coronatus,Tachyphonus coronatus,Tachyphonus coronatus,Tachyphonus coronatus,Tachyphonus coronatus,Turdus rufiventris,Habia,Cardinalidae,1,Bajo
650,Habia rubica,Habia rubica,Habia rubica,Conopophaga lineata,Habia rubica,Habia rubica,Habia rubica,Habia rubica,Habia rubica,Habia rubica,Habia rubica,Habia rubica,Habia,Cardinalidae,1,Bajo
651,Habia rubica,Pyriglena leucoptera,Pyriglena leucoptera,Pyriglena leucoptera,Pyriglena leucoptera,Pyriglena leucoptera,Pyriglena leucoptera,Habia rubica,Pyriglena leucoptera,Pyriglena leucoptera,Pyriglena leucoptera,Pyriglena leucoptera,Habia,Cardinalidae,1,Bajo
652,Habia rubica,Habia rubica,Habia rubica,Habia rubica,Habia rubica,Habia rubica,Habia rubica,Habia rubica,Habia rubica,Habia rubica,Habia rubica,Habia rubica,Habia,Cardinalidae,1,Bajo
653,Habia rubica,Habia rubica,Habia rubica,Habia rubica,Habia rubica,Habia rubica,Habia rubica,Habia rubica,Habia rubica,Habia rubica,Habia rubica,Habia rubica,Habia,Cardinalidae,1,Bajo
654,Habia rubica,Pyriglena leucoptera,Pyriglena leucoptera,Habia rubica,Habia rubica,Habia rubica,Habia rubica,Habia rubica,Pyriglena leucoptera,Pyriglena leucoptera,Pyriglena leucoptera,Pyriglena leucoptera,Habia,Cardinalidae,1,Bajo
657,Habia rubica,Pyriglena leucoptera,Pyriglena leucoptera,Biatas nigropectus,Biatas nigropectus,Biatas nigropectus,Pyriglena leucoptera,Habia rubica,Pyriglena leucoptera,Pyriglena leucoptera,Pyriglena leucoptera,Pyriglena leucoptera,Habia,Cardinalidae,1,Bajo
658,Habia rubica,Habia rubica,Habia rubica,Habia rubica,Habia rubica,Habia rubica,Habia rubica,Habia rubica,Habia rubica,Habia rubica,Habia rubica,Habia rubica,Habia,Cardinalidae,1,Bajo
659,Habia rubica,Habia rubica,Baryphthengus ruficapillus,Baryphthengus ruficapillus,Habia rubica,Habia rubica,Habia rubica,Habia rubica,Baryphthengus ruficapillus,Baryphthengus ruficapillus,Baryphthengus ruficapillus,Habia rubica,Habia,Cardinalidae,1,Bajo
660,Habia rubica,Habia rubica,Cyanoloxia brissonii,Cyanoloxia brissonii,Habia rubica,Habia rubica,Habia rubica,Habia rubica,Cyanoloxia brissonii,Cyanoloxia brissonii,Cyanoloxia brissonii,Habia rubica,Habia,Cardinalidae,1,Bajo
661,Habia rubica,Tachyphonus coronatus,Hypoedaleus guttatus,Hypoedaleus guttatus,Habia rubica,Habia rubica,Habia rubica,Habia rubica,Hypoedaleus guttatus,Hypoedaleus guttatus,Hypoedaleus guttatus,Tachyphonus coronatus,Habia,Cardinalidae,1,Bajo
663,Habia rubica,Habia rubica,Habia rubica,Habia rubica,Habia rubica,Habia rubica,Habia rubica,Habia rubica,Habia rubica,Habia rubica,Habia rubica,Habia rubica,Habia,Cardinalidae,1,Bajo
664,Habia rubica,Sapajus nigritus,Sapajus nigritus,Biatas nigropectus,Sapajus nigritus,Brotogeris chiriri,Sapajus nigritus,Didelphis albiventris,Sapajus nigritus,Sapajus nigritus,Sapajus nigritus,Alouatta guariba,Habia,Cardinalidae,1,Bajo
665,Habia rubica,Turdus rufiventris,Habia rubica,Habia rubica,Habia rubica,Habia rubica,Turdus albicollis,Baryphthengus ruficapillus,Habia rubica,Habia rubica,Habia rubica,Turdus rufiventris,Habia,Cardinalidae,1,Bajo
666,Habia rubica,Pyriglena leucoptera,Pyriglena leucoptera,Conopophaga lineata,Conopophaga lineata,Habia rubica,Pyriglena leucoptera,Pyriglena leucoptera,Pyriglena leucoptera,Pyriglena leucoptera,Pyriglena leucoptera,Pyriglena leucoptera,Habia,Cardinalidae,1,Bajo
669,Habia rubica,Habia rubica,Habia rubica,Habia rubica,Habia rubica,Habia rubica,Habia rubica,Habia rubica,Habia rubica,Habia rubica,Habia rubica,Habia rubica,Habia,Cardinalidae,1,Bajo
670,Habia rubica,Habia rubica,Habia rubica,Habia rubica,Habia rubica,Habia rubica,Habia rubica,Habia rubica,Habia rubica,Habia rubica,Habia rubica,Habia rubica,Habia,Cardinalidae,1,Bajo
671,Habia rubica,Habia rubica,Pogonotriccus eximius,Habia rubica,Habia rubica,Habia rubica,Habia rubica,Habia rubica,Pogonotriccus eximius,Pogonotriccus eximius,Pogonotriccus eximius,Habia rubica,Habia,Cardinalidae,1,Bajo
672,Habia rubica,Pyriglena leucoptera,Turdus albicollis,Habia rubica,Hypoedaleus guttatus,Habia rubica,Habia rubica,Pogonotriccus eximius,Turdus albicollis,Turdus albicollis,Turdus albicollis,Pyriglena leucoptera,Habia,Cardinalidae,1,Bajo
673,Habia rubica,Habia rubica,Habia rubica,Habia rubica,Habia rubica,Habia rubica,Habia rubica,Habia rubica,Habia rubica,Habia rubica,Habia rubica,Habia rubica,Habia,Cardinalidae,1,Bajo
674,Habia rubica,Habia rubica,Habia rubica,Habia rubica,Habia rubica,Habia rubica,Habia rubica,Habia rubica,Habia rubica,Habia rubica,Habia rubica,Habia rubica,Habia,Cardinalidae,1,Bajo
675,Habia rubica,Habia rubica,Tachyphonus coronatus,Habia rubica,Habia rubica,Habia rubica,Habia rubica,Habia rubica,Tachyphonus coronatus,Tachyphonus coronatus,Tachyphonus coronatus,Habia rubica,Habia,Cardinalidae,1,Bajo
676,Habia rubica,Habia rubica,Habia rubica,Habia rubica,Habia rubica,Habia rubica,Habia rubica,Habia rubica,Habia rubica,Habia rubica,Habia rubica,Habia rubica,Habia,Cardinalidae,1,Bajo
677,Habia rubica,Tachyphonus coronatus,Synallaxis ruficapilla,Geotrygon montana,Baryphthengus ruficapillus,Geotrygon montana,Tachyphonus coronatus,Tachyphonus coronatus,Synallaxis ruficapilla,Synallaxis ruficapilla,Synallaxis ruficapilla,Tachyphonus coronatus,Habia,Cardinalidae,1,Bajo
678,Habia rubica,Habia rubica,Habia rubica,Habia rubica,Habia rubica,Habia rubica,Habia rubica,Habia rubica,Habia rubica,Habia rubica,Habia rubica,Habia rubica,Habia,Cardinalidae,1,Bajo
679,Habia rubica,Habia rubica,Turdus rufiventris,Habia rubica,Habia rubica,Habia rubica,Habia rubica,Habia rubica,Turdus rufiventris,Turdus rufiventris,Turdus rufiventris,Habia rubica,Habia,Cardinalidae,1,Bajo
680,Habia rubica,Habia rubica,Habia rubica,Habia rubica,Habia rubica,Habia rubica,Habia rubica,Habia rubica,Habia rubica,Habia rubica,Habia rubica,Habia rubica,Habia,Cardinalidae,1,Bajo
682,Habia rubica,Habia rubica,Habia rubica,Habia rubica,Habia rubica,Habia rubica,Habia rubica,Habia rubica,Habia rubica,Habia rubica,Habia rubica,Habia rubica,Habia,Cardinalidae,1,Bajo
683,Habia rubica,Habia rubica,Habia rubica,Habia rubica,Habia rubica,Habia rubica,Habia rubica,Habia rubica,Habia rubica,Habia rubica,Habia rubica,Habia rubica,Habia,Cardinalidae,1,Bajo
684,Habia rubica,Habia rubica,Habia rubica,Habia rubica,Habia rubica,Habia rubica,Habia rubica,Habia rubica,Habia rubica,Habia rubica,Habia rubica,Habia rubica,Habia,Cardinalidae,1,Bajo
685,Habia rubica,Turdus rufiventris,Turdus rufiventris,Habia rubica,Turdus rufiventris,Turdus rufiventris,Turdus rufiventris,Habia rubica,Turdus rufiventris,Turdus rufiventris,Turdus rufiventris,Turdus rufiventris,Habia,Cardinalidae,1,Bajo
687,Habia rubica,Habia rubica,Turdus rufiventris,Habia rubica,Habia rubica,Habia rubica,Habia rubica,Habia rubica,Turdus rufiventris,Turdus rufiventris,Turdus rufiventris,Habia rubica,Habia,Cardinalidae,1,Bajo
688,Habia rubica,Habia rubica,Habia rubica,Habia rubica,Habia rubica,Habia rubica,Habia rubica,Habia rubica,Habia rubica,Habia rubica,Habia rubica,Habia rubica,Habia,Cardinalidae,1,Bajo
689,Habia rubica,Habia rubica,Habia rubica,Habia rubica,Habia rubica,Habia rubica,Habia rubica,Habia rubica,Habia rubica,Habia rubica,Habia rubica,Habia rubica,Habia,Cardinalidae,1,Bajo
690,Habia rubica,Habia rubica,Turdus rufiventris,Habia rubica,Habia rubica,Habia rubica,Habia rubica,Habia rubica,Turdus rufiventris,Turdus rufiventris,Turdus rufiventris,Habia rubica,Habia,Cardinalidae,1,Bajo
691,Habia rubica,Habia rubica,Habia rubica,Habia rubica,Habia rubica,Habia rubica,Habia rubica,Habia rubica,Habia rubica,Habia rubica,Habia rubica,Habia rubica,Habia,Cardinalidae,1,Bajo
692,Habia rubica,Habia rubica,Habia rubica,Habia rubica,Habia rubica,Habia rubica,Habia rubica,Habia rubica,Habia rubica,Habia rubica,Habia rubica,Habia rubica,Habia,Cardinalidae,1,Bajo
694,Hydrochoerus hydrochaeris,Hydrochoerus hydrochaeris,Hydrochoerus hydrochaeris,Hydrochoerus hydrochaeris,Hydrochoerus hydrochaeris,Hydrochoerus hydrochaeris,Hydrochoerus hydrochaeris,Hydrochoerus hydrochaeris,Hydrochoerus hydrochaeris,Hydrochoerus hydrochaeris,Hydrochoerus hydrochaeris,Hydrochoerus hydrochaeris,Hydrochoerus,Caviidae,2,Bajo
695,Hydrochoerus hydrochaeris,Hydrochoerus hydrochaeris,Hydrochoerus hydrochaeris,Hydrochoerus hydrochaeris,Hydrochoerus hydrochaeris,Hydrochoerus hydrochaeris,Hydrochoerus hydrochaeris,Hydrochoerus hydrochaeris,Hydrochoerus hydrochaeris,Hydrochoerus hydrochaeris,Hydrochoerus hydrochaeris,Hydrochoerus hydrochaeris,Hydrochoerus,Caviidae,2,Bajo
696,Hydrochoerus hydrochaeris,Hydrochoerus hydrochaeris,Hydrochoerus hydrochaeris,Hydrochoerus hydrochaeris,Hydrochoerus hydrochaeris,Hydrochoerus hydrochaeris,Hydrochoerus hydrochaeris,Hydrochoerus hydrochaeris,Hydrochoerus hydrochaeris,Hydrochoerus hydrochaeris,Hydrochoerus hydrochaeris,Hydrochoerus hydrochaeris,Hydrochoerus,Caviidae,2,Bajo
698,Hydrochoerus hydrochaeris,Hydrochoerus hydrochaeris,Hydrochoerus hydrochaeris,Hydrochoerus hydrochaeris,Hydrochoerus hydrochaeris,Hydrochoerus hydrochaeris,Hydrochoerus hydrochaeris,Hydrochoerus hydrochaeris,Hydrochoerus hydrochaeris,Hydrochoerus hydrochaeris,Hydrochoerus hydrochaeris,Hydrochoerus hydrochaeris,Hydrochoerus,Caviidae,2,Bajo
700,Hydrochoerus hydrochaeris,Sus scrofa,Sus scrofa,Sus scrofa,Sus scrofa,Sus scrofa,Sus scrofa,Sus scrofa,Sus scrofa,Sus scrofa,Sus scrofa,Sus scrofa,Hydrochoerus,Caviidae,2,Bajo
701,Hydrochoerus hydrochaeris,Hydrochoerus hydrochaeris,Hydrochoerus hydrochaeris,Hydrochoerus hydrochaeris,Hydrochoerus hydrochaeris,Hydrochoerus hydrochaeris,Hydrochoerus hydrochaeris,Hydrochoerus hydrochaeris,Hydrochoerus hydrochaeris,Hydrochoerus hydrochaeris,Hydrochoerus hydrochaeris,Hydrochoerus hydrochaeris,Hydrochoerus,Caviidae,2,Bajo
702,Hydrochoerus hydrochaeris,Hydrochoerus hydrochaeris,Pecari tajacu,Pecari tajacu,Pecari tajacu,Hydrochoerus hydrochaeris,Hydrochoerus hydrochaeris,Hydrochoerus hydrochaeris,Pecari tajacu,Pecari tajacu,Pecari tajacu,Hydrochoerus hydrochaeris,Hydrochoerus,Caviidae,2,Bajo
705,Hydrochoerus hydrochaeris,Hydrochoerus hydrochaeris,Hydrochoerus hydrochaeris,Hydrochoerus hydrochaeris,Hydrochoerus hydrochaeris,Hydrochoerus hydrochaeris,Hydrochoerus hydrochaeris,Hydrochoerus hydrochaeris,Hydrochoerus hydrochaeris,Hydrochoerus hydrochaeris,Hydrochoerus hydrochaeris,Hydrochoerus hydrochaeris,Hydrochoerus,Caviidae,2,Bajo
707,Hydrochoerus hydrochaeris,Hydrochoerus hydrochaeris,Lontra longicaudis,Hydrochoerus hydrochaeris,Hydrochoerus hydrochaeris,Hydrochoerus hydrochaeris,Hydrochoerus hydrochaeris,Hydrochoerus hydrochaeris,Lontra longicaudis,Lontra longicaudis,Lontra longicaudis,Hydrochoerus hydrochaeris,Hydrochoerus,Caviidae,2,Bajo
708,Hydrochoerus hydrochaeris,Hydrochoerus hydrochaeris,Hydrochoerus hydrochaeris,Hydrochoerus hydrochaeris,Hydrochoerus hydrochaeris,Hydrochoerus hydrochaeris,Hydrochoerus hydrochaeris,Hydrochoerus hydrochaeris,Hydrochoerus hydrochaeris,Hydrochoerus hydrochaeris,Hydrochoerus hydrochaeris,Hydrochoerus hydrochaeris,Hydrochoerus,Caviidae,2,Bajo
709,Hydrochoerus hydrochaeris,Hydrochoerus hydrochaeris,Hydrochoerus hydrochaeris,Hydrochoerus hydrochaeris,Hydrochoerus hydrochaeris,Hydrochoerus hydrochaeris,Hydrochoerus hydrochaeris,Hydrochoerus hydrochaeris,Hydrochoerus hydrochaeris,Hydrochoerus hydrochaeris,Hydrochoerus hydrochaeris,Hydrochoerus hydrochaeris,Hydrochoerus,Caviidae,2,Bajo
710,Hydrochoerus hydrochaeris,Hydrochoerus hydrochaeris,Hydrochoerus hydrochaeris,Hydrochoerus hydrochaeris,Hydrochoerus hydrochaeris,Hydrochoerus hydrochaeris,Hydrochoerus hydrochaeris,Hydrochoerus hydrochaeris,Hydrochoerus hydrochaeris,Hydrochoerus hydrochaeris,Hydrochoerus hydrochaeris,Hydrochoerus hydrochaeris,Hydrochoerus,Caviidae,2,Bajo
711,Hydrochoerus hydrochaeris,Hydrochoerus hydrochaeris,Hydrochoerus hydrochaeris,Hydrochoerus hydrochaeris,Hydrochoerus hydrochaeris,Hydrochoerus hydrochaeris,Hydrochoerus hydrochaeris,Hydrochoerus hydrochaeris,Hydrochoerus hydrochaeris,Hydrochoerus hydrochaeris,Hydrochoerus hydrochaeris,Hydrochoerus hydrochaeris,Hydrochoerus,Caviidae,2,Bajo
712,Hydrochoerus hydrochaeris,Hydrochoerus hydrochaeris,Hydrochoerus hydrochaeris,Hydrochoerus hydrochaeris,Hydrochoerus hydrochaeris,Hydrochoerus hydrochaeris,Hydrochoerus hydrochaeris,Hydrochoerus hydrochaeris,Hydrochoerus hydrochaeris,Hydrochoerus hydrochaeris,Hydrochoerus hydrochaeris,Hydrochoerus hydrochaeris,Hydrochoerus,Caviidae,2,Bajo
713,Hydrochoerus hydrochaeris,Hydrochoerus hydrochaeris,Hydrochoerus hydrochaeris,Hydrochoerus hydrochaeris,Hydrochoerus hydrochaeris,Hydrochoerus hydrochaeris,Hydrochoerus hydrochaeris,Hydrochoerus hydrochaeris,Hydrochoerus hydrochaeris,Hydrochoerus hydrochaeris,Hydrochoerus hydrochaeris,Hydrochoerus hydrochaeris,Hydrochoerus,Caviidae,2,Bajo
714,Hydrochoerus hydrochaeris,Hydrochoerus hydrochaeris,Hydrochoerus hydrochaeris,Hydrochoerus hydrochaeris,Hydrochoerus hydrochaeris,Hydrochoerus hydrochaeris,Hydrochoerus hydrochaeris,Hydrochoerus hydrochaeris,Hydrochoerus hydrochaeris,Hydrochoerus hydrochaeris,Hydrochoerus hydrochaeris,Hydrochoerus hydrochaeris,Hydrochoerus,Caviidae,2,Bajo
715,Hydrochoerus hydrochaeris,Hydrochoerus hydrochaeris,Hydrochoerus hydrochaeris,Hydrochoerus hydrochaeris,Hydrochoerus hydrochaeris,Hydrochoerus hydrochaeris,Hydrochoerus hydrochaeris,Hydrochoerus hydrochaeris,Hydrochoerus hydrochaeris,Hydrochoerus hydrochaeris,Hydrochoerus hydrochaeris,Hydrochoerus hydrochaeris,Hydrochoerus,Caviidae,2,Bajo
716,Hydrochoerus hydrochaeris,Hydrochoerus hydrochaeris,Hydrochoerus hydrochaeris,Hydrochoerus hydrochaeris,Hydrochoerus hydrochaeris,Hydrochoerus hydrochaeris,Hydrochoerus hydrochaeris,Hydrochoerus hydrochaeris,Hydrochoerus hydrochaeris,Hydrochoerus hydrochaeris,Hydrochoerus hydrochaeris,Hydrochoerus hydrochaeris,Hydrochoerus,Caviidae,2,Bajo
717,Hydrochoerus hydrochaeris,Hydrochoerus hydrochaeris,Hydrochoerus hydrochaeris,Hydrochoerus hydrochaeris,Hydrochoerus hydrochaeris,Hydrochoerus hydrochaeris,Hydrochoerus hydrochaeris,Hydrochoerus hydrochaeris,Hydrochoerus hydrochaeris,Hydrochoerus hydrochaeris,Hydrochoerus hydrochaeris,Hydrochoerus hydrochaeris,Hydrochoerus,Caviidae,2,Bajo
718,Hydrochoerus hydrochaeris,Hydrochoerus hydrochaeris,Hydrochoerus hydrochaeris,Hydrochoerus hydrochaeris,Hydrochoerus hydrochaeris,Hydrochoerus hydrochaeris,Hydrochoerus hydrochaeris,Hydrochoerus hydrochaeris,Hydrochoerus hydrochaeris,Hydrochoerus hydrochaeris,Hydrochoerus hydrochaeris,Hydrochoerus hydrochaeris,Hydrochoerus,Caviidae,2,Bajo
719,Hydrochoerus hydrochaeris,Hydrochoerus hydrochaeris,Hydrochoerus hydrochaeris,Hydrochoerus hydrochaeris,Hydrochoerus hydrochaeris,Hydrochoerus hydrochaeris,Hydrochoerus hydrochaeris,Hydrochoerus hydrochaeris,Hydrochoerus hydrochaeris,Hydrochoerus hydrochaeris,Hydrochoerus hydrochaeris,Hydrochoerus hydrochaeris,Hydrochoerus,Caviidae,2,Bajo
721,Hydrochoerus hydrochaeris,Hydrochoerus hydrochaeris,Hydrochoerus hydrochaeris,Hydrochoerus hydrochaeris,Hydrochoerus hydrochaeris,Hydrochoerus hydrochaeris,Hydrochoerus hydrochaeris,Hydrochoerus hydrochaeris,Hydrochoerus hydrochaeris,Hydrochoerus hydrochaeris,Hydrochoerus hydrochaeris,Hydrochoerus hydrochaeris,Hydrochoerus,Caviidae,2,Bajo
722,Hydrochoerus hydrochaeris,Hydrochoerus hydrochaeris,Hydrochoerus hydrochaeris,Hydrochoerus hydrochaeris,Hydrochoerus hydrochaeris,Hydrochoerus hydrochaeris,Hydrochoerus hydrochaeris,Hydrochoerus hydrochaeris,Hydrochoerus hydrochaeris,Hydrochoerus hydrochaeris,Hydrochoerus hydrochaeris,Hydrochoerus hydrochaeris,Hydrochoerus,Caviidae,2,Bajo
723,Hydrochoerus hydrochaeris,Hydrochoerus hydrochaeris,Hydrochoerus hydrochaeris,Hydrochoerus hydrochaeris,Hydrochoerus hydrochaeris,Hydrochoerus hydrochaeris,Hydrochoerus hydrochaeris,Hydrochoerus hydrochaeris,Hydrochoerus hydrochaeris,Hydrochoerus hydrochaeris,Hydrochoerus hydrochaeris,Hydrochoerus hydrochaeris,Hydrochoerus,Caviidae,2,Bajo
725,Hydrochoerus hydrochaeris,Hydrochoerus hydrochaeris,Hydrochoerus hydrochaeris,Hydrochoerus hydrochaeris,Hydrochoerus hydrochaeris,Hydrochoerus hydrochaeris,Hydrochoerus hydrochaeris,Hydrochoerus hydrochaeris,Hydrochoerus hydrochaeris,Hydrochoerus hydrochaeris,Hydrochoerus hydrochaeris,Hydrochoerus hydrochaeris,Hydrochoerus,Caviidae,2,Bajo
726,Hydrochoerus hydrochaeris,Hydrochoerus hydrochaeris,Hydrochoerus hydrochaeris,Hydrochoerus hydrochaeris,Hydrochoerus hydrochaeris,Hydrochoerus hydrochaeris,Hydrochoerus hydrochaeris,Hydrochoerus hydrochaeris,Hydrochoerus hydrochaeris,Hydrochoerus hydrochaeris,Hydrochoerus hydrochaeris,Hydrochoerus hydrochaeris,Hydrochoerus,Caviidae,2,Bajo
727,Hydrochoerus hydrochaeris,Hydrochoerus hydrochaeris,Hydrochoerus hydrochaeris,Hydrochoerus hydrochaeris,Hydrochoerus hydrochaeris,Hydrochoerus hydrochaeris,Hydrochoerus hydrochaeris,Hydrochoerus hydrochaeris,Hydrochoerus hydrochaeris,Hydrochoerus hydrochaeris,Hydrochoerus hydrochaeris,Hydrochoerus hydrochaeris,Hydrochoerus,Caviidae,2,Bajo
728,Hydrochoerus hydrochaeris,Hydrochoerus hydrochaeris,Hydrochoerus hydrochaeris,Hydrochoerus hydrochaeris,Hydrochoerus hydrochaeris,Hydrochoerus hydrochaeris,Hydrochoerus hydrochaeris,Hydrochoerus hydrochaeris,Hydrochoerus hydrochaeris,Hydrochoerus hydrochaeris,Hydrochoerus hydrochaeris,Hydrochoerus hydrochaeris,Hydrochoerus,Caviidae,2,Bajo
729,Hydrochoerus hydrochaeris,Hydrochoerus hydrochaeris,Hydrochoerus hydrochaeris,Hydrochoerus hydrochaeris,Hydrochoerus hydrochaeris,Hydrochoerus hydrochaeris,Hydrochoerus hydrochaeris,Sporophila pileata,Hydrochoerus hydrochaeris,Hydrochoerus hydrochaeris,Hydrochoerus hydrochaeris,Hydrochoerus hydrochaeris,Hydrochoerus,Caviidae,2,Bajo
730,Hydrochoerus hydrochaeris,Hydrochoerus hydrochaeris,Hydrochoerus hydrochaeris,Hydrochoerus hydrochaeris,Hydrochoerus hydrochaeris,Hydrochoerus hydrochaeris,Hydrochoerus hydrochaeris,Hydrochoerus hydrochaeris,Hydrochoerus hydrochaeris,Hydrochoerus hydrochaeris,Hydrochoerus hydrochaeris,Hydrochoerus hydrochaeris,Hydrochoerus,Caviidae,2,Bajo
731,Hydrochoerus hydrochaeris,Hydrochoerus hydrochaeris,Hydrochoerus hydrochaeris,Hydrochoerus hydrochaeris,Hydrochoerus hydrochaeris,Hydrochoerus hydrochaeris,Hydrochoerus hydrochaeris,Hydrochoerus hydrochaeris,Hydrochoerus hydrochaeris,Hydrochoerus hydrochaeris,Hydrochoerus hydrochaeris,Hydrochoerus hydrochaeris,Hydrochoerus,Caviidae,2,Bajo
732,Hydrochoerus hydrochaeris,Hydrochoerus hydrochaeris,Hydrochoerus hydrochaeris,Hydrochoerus hydrochaeris,Hydrochoerus hydrochaeris,Hydrochoerus hydrochaeris,Hydrochoerus hydrochaeris,Hydrochoerus hydrochaeris,Hydrochoerus hydrochaeris,Hydrochoerus hydrochaeris,Hydrochoerus hydrochaeris,Hydrochoerus hydrochaeris,Hydrochoerus,Caviidae,2,Bajo
733,Hydrochoerus hydrochaeris,Hydrochoerus hydrochaeris,Hydrochoerus hydrochaeris,Hydrochoerus hydrochaeris,Hydrochoerus hydrochaeris,Hydrochoerus hydrochaeris,Hydrochoerus hydrochaeris,Hydrochoerus hydrochaeris,Hydrochoerus hydrochaeris,Hydrochoerus hydrochaeris,Hydrochoerus hydrochaeris,Hydrochoerus hydrochaeris,Hydrochoerus,Caviidae,2,Bajo
734,Hydrochoerus hydrochaeris,Hydrochoerus hydrochaeris,Hydrochoerus hydrochaeris,Hydrochoerus hydrochaeris,Hydrochoerus hydrochaeris,Hydrochoerus hydrochaeris,Hydrochoerus hydrochaeris,Hydrochoerus hydrochaeris,Hydrochoerus hydrochaeris,Hydrochoerus hydrochaeris,Hydrochoerus hydrochaeris,Hydrochoerus hydrochaeris,Hydrochoerus,Caviidae,2,Bajo
735,Hydrochoerus hydrochaeris,Hydrochoerus hydrochaeris,Hydrochoerus hydrochaeris,Hydrochoerus hydrochaeris,Hydrochoerus hydrochaeris,Hydrochoerus hydrochaeris,Hydrochoerus hydrochaeris,Hydrochoerus hydrochaeris,Hydrochoerus hydrochaeris,Hydrochoerus hydrochaeris,Hydrochoerus hydrochaeris,Hydrochoerus hydrochaeris,Hydrochoerus,Caviidae,2,Bajo
736,Hydrochoerus hydrochaeris,Hydrochoerus hydrochaeris,Hydrochoerus hydrochaeris,Hydrochoerus hydrochaeris,Hydrochoerus hydrochaeris,Hydrochoerus hydrochaeris,Hydrochoerus hydrochaeris,Hydrochoerus hydrochaeris,Hydrochoerus hydrochaeris,Hydrochoerus hydrochaeris,Hydrochoerus hydrochaeris,Hydrochoerus hydrochaeris,Hydrochoerus,Caviidae,2,Bajo
737,Hydrochoerus hydrochaeris,Hydrochoerus hydrochaeris,Hydrochoerus hydrochaeris,Hydrochoerus hydrochaeris,Hydrochoerus hydrochaeris,Hydrochoerus hydrochaeris,Hydrochoerus hydrochaeris,Hydrochoerus hydrochaeris,Hydrochoerus hydrochaeris,Hydrochoerus hydrochaeris,Hydrochoerus hydrochaeris,Hydrochoerus hydrochaeris,Hydrochoerus,Caviidae,2,Bajo
738,Hydrochoerus hydrochaeris,Hydrochoerus hydrochaeris,Hydrochoerus hydrochaeris,Hydrochoerus hydrochaeris,Hydrochoerus hydrochaeris,Hydrochoerus hydrochaeris,Hydrochoerus hydrochaeris,Hydrochoerus hydrochaeris,Hydrochoerus hydrochaeris,Hydrochoerus hydrochaeris,Hydrochoerus hydrochaeris,Hydrochoerus hydrochaeris,Hydrochoerus,Caviidae,2,Bajo
740,Hydrochoerus hydrochaeris,Hydrochoerus hydrochaeris,Hydrochoerus hydrochaeris,Hydrochoerus hydrochaeris,Hydrochoerus hydrochaeris,Hydrochoerus hydrochaeris,Hydrochoerus hydrochaeris,Hydrochoerus hydrochaeris,Hydrochoerus hydrochaeris,Hydrochoerus hydrochaeris,Hydrochoerus hydrochaeris,Hydrochoerus hydrochaeris,Hydrochoerus,Caviidae,2,Bajo
741,Hydrochoerus hydrochaeris,Hydrochoerus hydrochaeris,Tapirus terrestris,Sus scrofa,Tapirus terrestris,Hydrochoerus hydrochaeris,Lontra longicaudis,Hydrochoerus hydrochaeris,Tapirus terrestris,Tapirus terrestris,Tapirus terrestris,Hydrochoerus hydrochaeris,Hydrochoerus,Caviidae,2,Bajo
742,Hydrochoerus hydrochaeris,Hydrochoerus hydrochaeris,Pecari tajacu,Hydrochoerus hydrochaeris,Hydrochoerus hydrochaeris,Hydrochoerus hydrochaeris,Hydrochoerus hydrochaeris,Hydrochoerus hydrochaeris,Pecari tajacu,Pecari tajacu,Pecari tajacu,Hydrochoerus hydrochaeris,Hydrochoerus,Caviidae,2,Bajo
743,Hydrochoerus hydrochaeris,Hydrochoerus hydrochaeris,Hydrochoerus hydrochaeris,Hydrochoerus hydrochaeris,Hydrochoerus hydrochaeris,Hydrochoerus hydrochaeris,Hydrochoerus hydrochaeris,Hydrochoerus hydrochaeris,Hydrochoerus hydrochaeris,Hydrochoerus hydrochaeris,Hydrochoerus hydrochaeris,Hydrochoerus hydrochaeris,Hydrochoerus,Caviidae,2,Bajo
744,Hydrochoerus hydrochaeris,Hydrochoerus hydrochaeris,Hydrochoerus hydrochaeris,Hydrochoerus hydrochaeris,Hydrochoerus hydrochaeris,Hydrochoerus hydrochaeris,Hydrochoerus hydrochaeris,Hydrochoerus hydrochaeris,Hydrochoerus hydrochaeris,Hydrochoerus hydrochaeris,Hydrochoerus hydrochaeris,Hydrochoerus hydrochaeris,Hydrochoerus,Caviidae,2,Bajo
745,Hydrochoerus hydrochaeris,Hydrochoerus hydrochaeris,Hydrochoerus hydrochaeris,Hydrochoerus hydrochaeris,Hydrochoerus hydrochaeris,Hydrochoerus hydrochaeris,Hydrochoerus hydrochaeris,Hydrochoerus hydrochaeris,Hydrochoerus hydrochaeris,Hydrochoerus hydrochaeris,Hydrochoerus hydrochaeris,Hydrochoerus hydrochaeris,Hydrochoerus,Caviidae,2,Bajo
746,Hydrochoerus hydrochaeris,Hydrochoerus hydrochaeris,Hydrochoerus hydrochaeris,Hydrochoerus hydrochaeris,Hydrochoerus hydrochaeris,Hydrochoerus hydrochaeris,Hydrochoerus hydrochaeris,Hydrochoerus hydrochaeris,Hydrochoerus hydrochaeris,Hydrochoerus hydrochaeris,Hydrochoerus hydrochaeris,Hydrochoerus hydrochaeris,Hydrochoerus,Caviidae,2,Bajo
747,Hydrochoerus hydrochaeris,Hydrochoerus hydrochaeris,Hydrochoerus hydrochaeris,Hydrochoerus hydrochaeris,Hydrochoerus hydrochaeris,Hydrochoerus hydrochaeris,Hydrochoerus hydrochaeris,Hydrochoerus hydrochaeris,Hydrochoerus hydrochaeris,Hydrochoerus hydrochaeris,Hydrochoerus hydrochaeris,Hydrochoerus hydrochaeris,Hydrochoerus,Caviidae,2,Bajo
749,Hydrochoerus hydrochaeris,Hydrochoerus hydrochaeris,Pecari tajacu,Hydrochoerus hydrochaeris,Hydrochoerus hydrochaeris,Hydrochoerus hydrochaeris,Hydrochoerus hydrochaeris,Hydrochoerus hydrochaeris,Pecari tajacu,Pecari tajacu,Pecari tajacu,Hydrochoerus hydrochaeris,Hydrochoerus,Caviidae,2,Bajo
750,Hydrochoerus hydrochaeris,Hydrochoerus hydrochaeris,Hydrochoerus hydrochaeris,Hydrochoerus hydrochaeris,Hydrochoerus hydrochaeris,Hydrochoerus hydrochaeris,Hydrochoerus hydrochaeris,Hydrochoerus hydrochaeris,Hydrochoerus hydrochaeris,Hydrochoerus hydrochaeris,Hydrochoerus hydrochaeris,Hydrochoerus hydrochaeris,Hydrochoerus,Caviidae,2,Bajo
751,Hydrochoerus hydrochaeris,Hydrochoerus hydrochaeris,Hydrochoerus hydrochaeris,Hydrochoerus hydrochaeris,Hydrochoerus hydrochaeris,Hydrochoerus hydrochaeris,Hydrochoerus hydrochaeris,Hydrochoerus hydrochaeris,Hydrochoerus hydrochaeris,Hydrochoerus hydrochaeris,Hydrochoerus hydrochaeris,Hydrochoerus hydrochaeris,Hydrochoerus,Caviidae,2,Bajo
754,Hydrochoerus hydrochaeris,Tapirus terrestris,Pecari tajacu,Pecari tajacu,Pecari tajacu,Sus scrofa,Sus scrofa,Mazama nanus,Pecari tajacu,Pecari tajacu,Pecari tajacu,Tapirus terrestris,Hydrochoerus,Caviidae,2,Bajo
755,Hydrochoerus hydrochaeris,Hydrochoerus hydrochaeris,Hydrochoerus hydrochaeris,Hydrochoerus hydrochaeris,Hydrochoerus hydrochaeris,Hydrochoerus hydrochaeris,Hydrochoerus hydrochaeris,Hydrochoerus hydrochaeris,Hydrochoerus hydrochaeris,Hydrochoerus hydrochaeris,Hydrochoerus hydrochaeris,Hydrochoerus hydrochaeris,Hydrochoerus,Caviidae,2,Bajo
756,Hydrochoerus hydrochaeris,Hydrochoerus hydrochaeris,Hydrochoerus hydrochaeris,Hydrochoerus hydrochaeris,Hydrochoerus hydrochaeris,Hydrochoerus hydrochaeris,Hydrochoerus hydrochaeris,Hydrochoerus hydrochaeris,Hydrochoerus hydrochaeris,Hydrochoerus hydrochaeris,Hydrochoerus hydrochaeris,Hydrochoerus hydrochaeris,Hydrochoerus,Caviidae,2,Bajo
757,Hydrochoerus hydrochaeris,Hydrochoerus hydrochaeris,Hydrochoerus hydrochaeris,Hydrochoerus hydrochaeris,Hydrochoerus hydrochaeris,Hydrochoerus hydrochaeris,Hydrochoerus hydrochaeris,Hydrochoerus hydrochaeris,Hydrochoerus hydrochaeris,Hydrochoerus hydrochaeris,Hydrochoerus hydrochaeris,Hydrochoerus hydrochaeris,Hydrochoerus,Caviidae,2,Bajo
758,Hydrochoerus hydrochaeris,Hydrochoerus hydrochaeris,Hydrochoerus hydrochaeris,Hydrochoerus hydrochaeris,Hydrochoerus hydrochaeris,Hydrochoerus hydrochaeris,Hydrochoerus hydrochaeris,Hydrochoerus hydrochaeris,Hydrochoerus hydrochaeris,Hydrochoerus hydrochaeris,Hydrochoerus hydrochaeris,Hydrochoerus hydrochaeris,Hydrochoerus,Caviidae,2,Bajo
759,Hydrochoerus hydrochaeris,Hydrochoerus hydrochaeris,Hydrochoerus hydrochaeris,Hydrochoerus hydrochaeris,Hydrochoerus hydrochaeris,Hydrochoerus hydrochaeris,Hydrochoerus hydrochaeris,Hydrochoerus hydrochaeris,Hydrochoerus hydrochaeris,Hydrochoerus hydrochaeris,Hydrochoerus hydrochaeris,Hydrochoerus hydrochaeris,Hydrochoerus,Caviidae,2,Bajo
761,Sapajus nigritus,Sapajus nigritus,Sapajus nigritus,Sapajus nigritus,Sapajus nigritus,Sapajus nigritus,Sapajus nigritus,Sapajus nigritus,Sapajus nigritus,Sapajus nigritus,Sapajus nigritus,Sapajus nigritus,Sapajus,Cebidae,3,Medio
762,Sapajus nigritus,Sapajus nigritus,Sapajus nigritus,Sapajus nigritus,Sapajus nigritus,Sapajus nigritus,Sapajus nigritus,Sapajus nigritus,Sapajus nigritus,Sapajus nigritus,Sapajus nigritus,Sapajus nigritus,Sapajus,Cebidae,3,Medio
763,Sapajus nigritus,Sapajus nigritus,Sapajus nigritus,Sapajus nigritus,Sapajus nigritus,Sapajus nigritus,Sapajus nigritus,Sapajus nigritus,Sapajus nigritus,Sapajus nigritus,Sapajus nigritus,Sapajus nigritus,Sapajus,Cebidae,3,Medio
764,Sapajus nigritus,Sapajus nigritus,Sapajus nigritus,Sapajus nigritus,Sapajus nigritus,Sapajus nigritus,Sapajus nigritus,Sapajus nigritus,Sapajus nigritus,Sapajus nigritus,Sapajus nigritus,Sapajus nigritus,Sapajus,Cebidae,3,Medio
766,Sapajus nigritus,Sapajus nigritus,Sapajus nigritus,Sapajus nigritus,Sapajus nigritus,Sapajus nigritus,Sapajus nigritus,Sapajus nigritus,Sapajus nigritus,Sapajus nigritus,Sapajus nigritus,Sapajus nigritus,Sapajus,Cebidae,3,Medio
768,Sapajus nigritus,Sapajus nigritus,Cyanocorax chrysops,Sapajus nigritus,Sapajus nigritus,Sapajus nigritus,Sapajus nigritus,Sapajus nigritus,Cyanocorax chrysops,Cyanocorax chrysops,Cyanocorax chrysops,Sapajus nigritus,Sapajus,Cebidae,3,Medio
769,Sapajus nigritus,Sapajus nigritus,Sapajus nigritus,Sapajus nigritus,Sapajus nigritus,Sapajus nigritus,Sapajus nigritus,Sapajus nigritus,Sapajus nigritus,Sapajus nigritus,Sapajus nigritus,Sapajus nigritus,Sapajus,Cebidae,3,Medio
770,Sapajus nigritus,Sapajus nigritus,Sapajus nigritus,Sapajus nigritus,Sapajus nigritus,Sapajus nigritus,Sapajus nigritus,Sapajus nigritus,Sapajus nigritus,Sapajus nigritus,Sapajus nigritus,Sapajus nigritus,Sapajus,Cebidae,3,Medio
771,Sapajus nigritus,Sapajus nigritus,Sapajus nigritus,Sapajus nigritus,Sapajus nigritus,Sapajus nigritus,Sapajus nigritus,Sapajus nigritus,Sapajus nigritus,Sapajus nigritus,Sapajus nigritus,Sapajus nigritus,Sapajus,Cebidae,3,Medio
772,Sapajus nigritus,Sapajus nigritus,Sapajus nigritus,Sapajus nigritus,Alouatta caraya,Sapajus nigritus,Sapajus nigritus,Sapajus nigritus,Sapajus nigritus,Sapajus nigritus,Sapajus nigritus,Sapajus nigritus,Sapajus,Cebidae,3,Medio
774,Sapajus nigritus,Sapajus nigritus,Sapajus nigritus,Sapajus nigritus,Sapajus nigritus,Sapajus nigritus,Sapajus nigritus,Sapajus nigritus,Sapajus nigritus,Sapajus nigritus,Sapajus nigritus,Sapajus nigritus,Sapajus,Cebidae,3,Medio
775,Sapajus nigritus,Sapajus nigritus,Sapajus nigritus,Sapajus nigritus,Sapajus nigritus,Sapajus nigritus,Sapajus nigritus,Sapajus nigritus,Sapajus nigritus,Sapajus nigritus,Sapajus nigritus,Sapajus nigritus,Sapajus,Cebidae,3,Medio
776,Sapajus nigritus,Sapajus nigritus,Alouatta guariba,Alouatta guariba clamitans,Alouatta caraya,Sapajus nigritus,Sapajus nigritus,Alouatta guariba,Alouatta guariba,Alouatta guariba,Alouatta guariba,Sapajus nigritus,Sapajus,Cebidae,3,Medio
777,Sapajus nigritus,Sapajus nigritus,Sapajus nigritus,Sapajus nigritus,Sapajus nigritus,Sapajus nigritus,Sapajus nigritus,Sapajus nigritus,Sapajus nigritus,Sapajus nigritus,Sapajus nigritus,Sapajus nigritus,Sapajus,Cebidae,3,Medio
779,Sapajus nigritus,Sapajus nigritus,Sapajus nigritus,Sapajus nigritus,Sapajus nigritus,Sapajus nigritus,Sapajus nigritus,Sapajus nigritus,Sapajus nigritus,Sapajus nigritus,Sapajus nigritus,Sapajus nigritus,Sapajus,Cebidae,3,Medio
780,Sapajus nigritus,Sapajus nigritus,Sapajus nigritus,Sapajus nigritus,Sapajus nigritus,Sapajus nigritus,Sapajus nigritus,Sapajus nigritus,Sapajus nigritus,Sapajus nigritus,Sapajus nigritus,Sapajus nigritus,Sapajus,Cebidae,3,Medio
781,Sapajus nigritus,Sapajus nigritus,Sapajus nigritus,Sapajus nigritus,Sapajus nigritus,Sapajus nigritus,Sapajus nigritus,Sapajus nigritus,Sapajus nigritus,Sapajus nigritus,Sapajus nigritus,Sapajus nigritus,Sapajus,Cebidae,3,Medio
783,Sapajus nigritus,Sapajus nigritus,Sapajus nigritus,Sapajus nigritus,Sapajus nigritus,Sapajus nigritus,Sapajus nigritus,Sapajus nigritus,Sapajus nigritus,Sapajus nigritus,Sapajus nigritus,Sapajus nigritus,Sapajus,Cebidae,3,Medio
784,Sapajus nigritus,Sapajus nigritus,Sapajus nigritus,Sapajus nigritus,Sapajus nigritus,Sapajus nigritus,Sapajus nigritus,Sapajus nigritus,Sapajus nigritus,Sapajus nigritus,Sapajus nigritus,Sapajus nigritus,Sapajus,Cebidae,3,Medio
785,Sapajus nigritus,Sapajus nigritus,Sapajus nigritus,Sapajus nigritus,Sapajus nigritus,Sapajus nigritus,Sapajus nigritus,Sapajus nigritus,Sapajus nigritus,Sapajus nigritus,Sapajus nigritus,Sapajus nigritus,Sapajus,Cebidae,3,Medio
787,Sapajus nigritus,Sapajus nigritus,Sapajus nigritus,Sapajus nigritus,Sapajus nigritus,Sapajus nigritus,Sapajus nigritus,Sapajus nigritus,Sapajus nigritus,Sapajus nigritus,Sapajus nigritus,Sapajus nigritus,Sapajus,Cebidae,3,Medio
788,Sapajus nigritus,Sapajus nigritus,Didelphis albiventris,Alouatta guariba,Alouatta guariba,Sapajus nigritus,Sapajus nigritus,Sapajus nigritus,Didelphis albiventris,Didelphis albiventris,Didelphis albiventris,Sapajus nigritus,Sapajus,Cebidae,3,Medio
789,Sapajus nigritus,Sapajus nigritus,Sapajus nigritus,Sapajus nigritus,Sapajus nigritus,Sapajus nigritus,Sapajus nigritus,Sapajus nigritus,Sapajus nigritus,Sapajus nigritus,Sapajus nigritus,Sapajus nigritus,Sapajus,Cebidae,3,Medio
790,Sapajus nigritus,Sapajus nigritus,Sapajus nigritus,Sapajus nigritus,Sapajus nigritus,Sapajus nigritus,Sapajus nigritus,Sapajus nigritus,Sapajus nigritus,Sapajus nigritus,Sapajus nigritus,Sapajus nigritus,Sapajus,Cebidae,3,Medio
791,Sapajus nigritus,Sapajus nigritus,Sapajus nigritus,Sapajus nigritus,Sapajus nigritus,Sapajus nigritus,Sapajus nigritus,Alouatta caraya,Sapajus nigritus,Sapajus nigritus,Sapajus nigritus,Sapajus nigritus,Sapajus,Cebidae,3,Medio
792,Sapajus nigritus,Sapajus nigritus,Sapajus nigritus,Sapajus nigritus,Sapajus nigritus,Sapajus nigritus,Sapajus nigritus,Sapajus nigritus,Sapajus nigritus,Sapajus nigritus,Sapajus nigritus,Sapajus nigritus,Sapajus,Cebidae,3,Medio
794,Sapajus nigritus,Sapajus nigritus,Sapajus nigritus,Sapajus nigritus,Sapajus nigritus,Sapajus nigritus,Sapajus nigritus,Sapajus nigritus,Sapajus nigritus,Sapajus nigritus,Sapajus nigritus,Sapajus nigritus,Sapajus,Cebidae,3,Medio
795,Sapajus nigritus,Sapajus nigritus,Sapajus nigritus,Sapajus nigritus,Sapajus nigritus,Sapajus nigritus,Sapajus nigritus,Sapajus nigritus,Sapajus nigritus,Sapajus nigritus,Sapajus nigritus,Sapajus nigritus,Sapajus,Cebidae,3,Medio
796,Sapajus nigritus,Sapajus nigritus,Alouatta caraya,Sapajus nigritus,Sapajus nigritus,Sapajus nigritus,Sapajus nigritus,Sapajus nigritus,Alouatta caraya,Alouatta caraya,Alouatta caraya,Sapajus nigritus,Sapajus,Cebidae,3,Medio
799,Sapajus nigritus,Sapajus nigritus,Sapajus nigritus,Sapajus nigritus,Sapajus nigritus,Sapajus nigritus,Sapajus nigritus,Sapajus nigritus,Sapajus nigritus,Sapajus nigritus,Sapajus nigritus,Sapajus nigritus,Sapajus,Cebidae,3,Medio
800,Sapajus nigritus,Didelphis albiventris,Didelphis albiventris,Alouatta guariba,Didelphis albiventris,Didelphis albiventris,Didelphis albiventris,Gubernetes yetapa,Didelphis albiventris,Didelphis albiventris,Didelphis albiventris,Didelphis albiventris,Sapajus,Cebidae,3,Medio
801,Sapajus nigritus,Sapajus nigritus,Sapajus nigritus,Sapajus nigritus,Sapajus nigritus,Sapajus nigritus,Sapajus nigritus,Sapajus nigritus,Sapajus nigritus,Sapajus nigritus,Sapajus nigritus,Sapajus nigritus,Sapajus,Cebidae,3,Medio
802,Sapajus nigritus,Sapajus nigritus,Sapajus nigritus,Sapajus nigritus,Sapajus nigritus,Sapajus nigritus,Sapajus nigritus,Sapajus nigritus,Sapajus nigritus,Sapajus nigritus,Sapajus nigritus,Sapajus nigritus,Sapajus,Cebidae,3,Medio
803,Sapajus nigritus,Sapajus nigritus,Sapajus nigritus,Sapajus nigritus,Sapajus nigritus,Sapajus nigritus,Sapajus nigritus,Sapajus nigritus,Sapajus nigritus,Sapajus nigritus,Sapajus nigritus,Sapajus nigritus,Sapajus,Cebidae,3,Medio
804,Sapajus nigritus,Sapajus nigritus,Sapajus nigritus,Sapajus nigritus,Sapajus nigritus,Sapajus nigritus,Sapajus nigritus,Sapajus nigritus,Sapajus nigritus,Sapajus nigritus,Sapajus nigritus,Sapajus nigritus,Sapajus,Cebidae,3,Medio
805,Sapajus nigritus,Sapajus nigritus,Sapajus nigritus,Sapajus nigritus,Sapajus nigritus,Sapajus nigritus,Sapajus nigritus,Sapajus nigritus,Sapajus nigritus,Sapajus nigritus,Sapajus nigritus,Sapajus nigritus,Sapajus,Cebidae,3,Medio
806,Sapajus nigritus,Sapajus nigritus,Alouatta guariba clamitans,Sapajus nigritus,Sapajus nigritus,Sapajus nigritus,Sapajus nigritus,Sapajus nigritus,Alouatta guariba clamitans,Alouatta guariba clamitans,Alouatta guariba clamitans,Sapajus nigritus,Sapajus,Cebidae,3,Medio
807,Sapajus nigritus,Sapajus nigritus,Sapajus nigritus,Sapajus nigritus,Sapajus nigritus,Sapajus nigritus,Sapajus nigritus,Sapajus nigritus,Sapajus nigritus,Sapajus nigritus,Sapajus nigritus,Sapajus nigritus,Sapajus,Cebidae,3,Medio
808,Sapajus nigritus,Sapajus nigritus,Alouatta caraya,Alouatta caraya,Alouatta caraya,Sapajus nigritus,Sapajus nigritus,Alouatta caraya,Alouatta caraya,Alouatta caraya,Alouatta caraya,Sapajus nigritus,Sapajus,Cebidae,3,Medio
810,Sapajus nigritus,Sapajus nigritus,Alouatta caraya,Alouatta caraya,Alouatta caraya,Sapajus nigritus,Sapajus nigritus,Sapajus nigritus,Alouatta caraya,Alouatta caraya,Alouatta caraya,Sapajus nigritus,Sapajus,Cebidae,3,Medio
812,Sapajus nigritus,Sapajus nigritus,Sapajus nigritus,Sapajus nigritus,Sapajus nigritus,Sapajus nigritus,Sapajus nigritus,Sapajus nigritus,Sapajus nigritus,Sapajus nigritus,Sapajus nigritus,Sapajus nigritus,Sapajus,Cebidae,3,Medio
813,Sapajus nigritus,Sapajus nigritus,Sapajus nigritus,Sapajus nigritus,Sapajus nigritus,Sapajus nigritus,Sapajus nigritus,Sapajus nigritus,Sapajus nigritus,Sapajus nigritus,Sapajus nigritus,Sapajus nigritus,Sapajus,Cebidae,3,Medio
816,Sapajus nigritus,Sapajus nigritus,Sapajus nigritus,Sapajus nigritus,Sapajus nigritus,Sapajus nigritus,Sapajus nigritus,Sapajus nigritus,Sapajus nigritus,Sapajus nigritus,Sapajus nigritus,Sapajus nigritus,Sapajus,Cebidae,3,Medio
817,Sapajus nigritus,Sapajus nigritus,Sapajus nigritus,Sapajus nigritus,Sapajus nigritus,Sapajus nigritus,Sapajus nigritus,Sapajus nigritus,Sapajus nigritus,Sapajus nigritus,Sapajus nigritus,Sapajus nigritus,Sapajus,Cebidae,3,Medio
818,Sapajus nigritus,Sapajus nigritus,Alouatta caraya,Alouatta caraya,Alouatta caraya,Alouatta caraya,Sapajus nigritus,Alouatta caraya,Alouatta caraya,Alouatta caraya,Alouatta caraya,Sapajus nigritus,Sapajus,Cebidae,3,Medio
819,Sapajus nigritus,Sapajus nigritus,Sapajus nigritus,Sapajus nigritus,Sapajus nigritus,Sapajus nigritus,Sapajus nigritus,Sapajus nigritus,Sapajus nigritus,Sapajus nigritus,Sapajus nigritus,Sapajus nigritus,Sapajus,Cebidae,3,Medio
820,Sapajus nigritus,Sapajus nigritus,Sapajus nigritus,Sapajus nigritus,Sapajus nigritus,Sapajus nigritus,Sapajus nigritus,Sapajus nigritus,Sapajus nigritus,Sapajus nigritus,Sapajus nigritus,Sapajus nigritus,Sapajus,Cebidae,3,Medio
821,Sapajus nigritus,Sapajus nigritus,Sapajus nigritus,Alouatta caraya,Sapajus nigritus,Sapajus nigritus,Sapajus nigritus,Sapajus nigritus,Sapajus nigritus,Sapajus nigritus,Sapajus nigritus,Sapajus nigritus,Sapajus,Cebidae,3,Medio
822,Sapajus nigritus,Sapajus nigritus,Sapajus nigritus,Sapajus nigritus,Sapajus nigritus,Sapajus nigritus,Sapajus nigritus,Sapajus nigritus,Sapajus nigritus,Sapajus nigritus,Sapajus nigritus,Sapajus nigritus,Sapajus,Cebidae,3,Medio
823,Sapajus nigritus,Sapajus nigritus,Sapajus nigritus,Sapajus nigritus,Sapajus nigritus,Sapajus nigritus,Sapajus nigritus,Sapajus nigritus,Sapajus nigritus,Sapajus nigritus,Sapajus nigritus,Sapajus nigritus,Sapajus,Cebidae,3,Medio
824,Sapajus nigritus,Sapajus nigritus,Sapajus nigritus,Sapajus nigritus,Sapajus nigritus,Sapajus nigritus,Sapajus nigritus,Sapajus nigritus,Sapajus nigritus,Sapajus nigritus,Sapajus nigritus,Sapajus nigritus,Sapajus,Cebidae,3,Medio
826,Sapajus nigritus,Sapajus nigritus,Sapajus nigritus,Sapajus nigritus,Sapajus nigritus,Sapajus nigritus,Sapajus nigritus,Sapajus nigritus,Sapajus nigritus,Sapajus nigritus,Sapajus nigritus,Sapajus nigritus,Sapajus,Cebidae,3,Medio
827,Sapajus nigritus,Sapajus nigritus,Sapajus nigritus,Sapajus nigritus,Sapajus nigritus,Sapajus nigritus,Sapajus nigritus,Sapajus nigritus,Sapajus nigritus,Sapajus nigritus,Sapajus nigritus,Sapajus nigritus,Sapajus,Cebidae,3,Medio
828,Sapajus nigritus,Sapajus nigritus,Sapajus nigritus,Sapajus nigritus,Sapajus nigritus,Sapajus nigritus,Sapajus nigritus,Sapajus nigritus,Sapajus nigritus,Sapajus nigritus,Sapajus nigritus,Sapajus nigritus,Sapajus,Cebidae,3,Medio
829,Sapajus nigritus,Sapajus nigritus,Sapajus nigritus,Sapajus nigritus,Sapajus nigritus,Sapajus nigritus,Sapajus nigritus,Sapajus nigritus,Sapajus nigritus,Sapajus nigritus,Sapajus nigritus,Sapajus nigritus,Sapajus,Cebidae,3,Medio
830,Sapajus nigritus,Sapajus nigritus,Sapajus nigritus,Sapajus nigritus,Sapajus nigritus,Sapajus nigritus,Sapajus nigritus,Sapajus nigritus,Sapajus nigritus,Sapajus nigritus,Sapajus nigritus,Sapajus nigritus,Sapajus,Cebidae,3,Medio
833,Axis axis,Axis axis,Axis axis,Axis axis,Subulo gouazoubira,Subulo gouazoubira,Subulo gouazoubira,Subulo gouazoubira,Axis axis,Axis axis,Axis axis,Axis axis,Axis,Cervidae,0,Exótica/Invasora
834,Axis axis,Puma concolor,Didelphis albiventris,Didelphis albiventris,Didelphis albiventris,Axis axis,Sus scrofa,Cuniculus paca,Didelphis albiventris,Didelphis albiventris,Didelphis albiventris,Axis axis,Axis,Cervidae,0,Exótica/Invasora
835,Axis axis,Axis axis,Axis axis,Axis axis,Subulo gouazoubira,Axis axis,Subulo gouazoubira,Subulo gouazoubira,Axis axis,Axis axis,Axis axis,Axis axis,Axis,Cervidae,0,Exótica/Invasora
836,Axis axis,Puma concolor,Mazama nanus,Axis axis,Axis axis,Myrmecophaga tridactyla,Myrmecophaga tridactyla,Mazama nanus,Mazama nanus,Mazama nanus,Mazama nanus,Axis axis,Axis,Cervidae,0,Exótica/Invasora
837,Axis axis,Subulo gouazoubira,Axis axis,Subulo gouazoubira,Subulo gouazoubira,Subulo gouazoubira,Subulo gouazoubira,Subulo gouazoubira,Axis axis,Axis axis,Axis axis,Subulo gouazoubira,Axis,Cervidae,0,Exótica/Invasora
838,Axis axis,Axis axis,Axis axis,Axis axis,Axis axis,Axis axis,Subulo gouazoubira,Subulo gouazoubira,Axis axis,Axis axis,Axis axis,Axis axis,Axis,Cervidae,0,Exótica/Invasora
839,Axis axis,Axis axis,Subulo gouazoubira,Axis axis,Subulo gouazoubira,Subulo gouazoubira,Subulo gouazoubira,Subulo gouazoubira,Subulo gouazoubira,Subulo gouazoubira,Subulo gouazoubira,Axis axis,Axis,Cervidae,0,Exótica/Invasora
840,Axis axis,Axis axis,Axis axis,Subulo gouazoubira,Subulo gouazoubira,Subulo gouazoubira,Subulo gouazoubira,Lycalopex gymnocerca,Axis axis,Axis axis,Axis axis,Axis axis,Axis,Cervidae,0,Exótica/Invasora
841,Mazama nanus,Mazama nanus,Mazama nanus,Mazama nanus,Mazama nanus,Mazama nanus,Subulo gouazoubira,Mazama nanus,Mazama nanus,Mazama nanus,Mazama nanus,Mazama nanus,Mazama,Cervidae,4,Alto
842,Mazama nanus,Mazama nanus,Mazama nanus,Dasyprocta azarae,Mazama nanus,Subulo gouazoubira,Subulo gouazoubira,Subulo gouazoubira,Mazama nanus,Mazama nanus,Mazama nanus,Mazama nanus,Mazama,Cervidae,4,Alto
844,Mazama nanus,Cuniculus paca,Dasyprocta azarae,Dasyprocta azarae,Dasyprocta azarae,Subulo gouazoubira,Dasyprocta azarae,Dasyprocta azarae,Dasyprocta azarae,Dasyprocta azarae,Dasyprocta azarae,Cuniculus paca,Mazama,Cervidae,4,Alto
845,Mazama nanus,Cuniculus paca,Cerdocyon thous,Cerdocyon thous,Cerdocyon thous,Subulo gouazoubira,Cerdocyon thous,Cerdocyon thous,Cerdocyon thous,Cerdocyon thous,Cerdocyon thous,Cuniculus paca,Mazama,Cervidae,4,Alto
847,Mazama nanus,Mazama nanus,Mazama nanus,Mazama nanus,Mazama nanus,Subulo gouazoubira,Subulo gouazoubira,Mazama nanus,Mazama nanus,Mazama nanus,Mazama nanus,Mazama nanus,Mazama,Cervidae,4,Alto
848,Mazama nanus,Mazama nanus,Mazama nanus,Mazama nanus,Mazama nanus,Mazama nanus,Subulo gouazoubira,Mazama nanus,Mazama nanus,Mazama nanus,Mazama nanus,Mazama nanus,Mazama,Cervidae,4,Alto
849,Mazama nanus,Mazama nanus,Subulo gouazoubira,Mazama nanus,Mazama nanus,Subulo gouazoubira,Subulo gouazoubira,Subulo gouazoubira,Subulo gouazoubira,Subulo gouazoubira,Subulo gouazoubira,Mazama nanus,Mazama,Cervidae,4,Alto
850,Mazama nanus,Cabassous tatouay,Cerdocyon thous,Cerdocyon thous,Cabassous tatouay,Subulo gouazoubira,Cerdocyon thous,Mazama nanus,Cerdocyon thous,Cerdocyon thous,Cerdocyon thous,Cabassous tatouay,Mazama,Cervidae,4,Alto
851,Mazama nanus,Cabassous tatouay,Procyon cancrivorus,Cerdocyon thous,Cuniculus paca,Subulo gouazoubira,Cerdocyon thous,Lepus europaeus,Procyon cancrivorus,Procyon cancrivorus,Procyon cancrivorus,Cabassous tatouay,Mazama,Cervidae,4,Alto
852,Mazama nanus,Mazama nanus,Dasyprocta azarae,Mazama nanus,Mazama nanus,Mazama nanus,Subulo gouazoubira,Mazama nanus,Dasyprocta azarae,Dasyprocta azarae,Dasyprocta azarae,Mazama nanus,Mazama,Cervidae,4,Alto
853,Mazama nanus,Mazama nanus,Mazama nanus,Mazama nanus,Mazama nanus,Subulo gouazoubira,Subulo gouazoubira,Subulo gouazoubira,Mazama nanus,Mazama nanus,Mazama nanus,Mazama nanus,Mazama,Cervidae,4,Alto
854,Mazama nanus,Subulo gouazoubira,Mazama nanus,Mazama nanus,Mazama nanus,Subulo gouazoubira,Subulo gouazoubira,Mazama nanus,Mazama nanus,Mazama nanus,Mazama nanus,Subulo gouazoubira,Mazama,Cervidae,4,Alto
855,Mazama nanus,Mazama nanus,Mazama nanus,Mazama nanus,Mazama nanus,Mazama nanus,Subulo gouazoubira,Subulo gouazoubira,Mazama nanus,Mazama nanus,Mazama nanus,Mazama nanus,Mazama,Cervidae,4,Alto
856,Mazama nanus,Mazama nanus,Mazama nanus,Subulo gouazoubira,Subulo gouazoubira,Subulo gouazoubira,Subulo gouazoubira,Subulo gouazoubira,Mazama nanus,Mazama nanus,Mazama nanus,Mazama nanus,Mazama,Cervidae,4,Alto
857,Mazama nanus,Mazama nanus,Mazama nanus,Mazama nanus,Mazama nanus,Subulo gouazoubira,Subulo gouazoubira,Subulo gouazoubira,Mazama nanus,Mazama nanus,Mazama nanus,Mazama nanus,Mazama,Cervidae,4,Alto
858,Mazama nanus,Subulo gouazoubira,Mazama nanus,Mazama nanus,Mazama nanus,Subulo gouazoubira,Subulo gouazoubira,Subulo gouazoubira,Mazama nanus,Mazama nanus,Mazama nanus,Subulo gouazoubira,Mazama,Cervidae,4,Alto
859,Mazama nanus,Subulo gouazoubira,Subulo gouazoubira,Subulo gouazoubira,Subulo gouazoubira,Subulo gouazoubira,Subulo gouazoubira,Subulo gouazoubira,Subulo gouazoubira,Subulo gouazoubira,Subulo gouazoubira,Subulo gouazoubira,Mazama,Cervidae,4,Alto
861,Mazama nanus,Leopardus wiedii,Cerdocyon thous,Cerdocyon thous,Cerdocyon thous,Leopardus wiedii,Cerdocyon thous,Cerdocyon thous,Cerdocyon thous,Cerdocyon thous,Cerdocyon thous,Leopardus wiedii,Mazama,Cervidae,4,Alto
862,Mazama nanus,Subulo gouazoubira,Subulo gouazoubira,Subulo gouazoubira,Subulo gouazoubira,Subulo gouazoubira,Subulo gouazoubira,Subulo gouazoubira,Subulo gouazoubira,Subulo gouazoubira,Subulo gouazoubira,Subulo gouazoubira,Mazama,Cervidae,4,Alto
863,Mazama nanus,Mazama nanus,Mazama nanus,Mazama nanus,Mazama nanus,Subulo gouazoubira,Subulo gouazoubira,Subulo gouazoubira,Mazama nanus,Mazama nanus,Mazama nanus,Mazama nanus,Mazama,Cervidae,4,Alto
864,Mazama nanus,Mazama nanus,Mazama nanus,Mazama nanus,Mazama nanus,Subulo gouazoubira,Subulo gouazoubira,Mazama nanus,Mazama nanus,Mazama nanus,Mazama nanus,Mazama nanus,Mazama,Cervidae,4,Alto
867,Mazama nanus,Mazama nanus,Subulo gouazoubira,Mazama nanus,Mazama nanus,Subulo gouazoubira,Subulo gouazoubira,Subulo gouazoubira,Subulo gouazoubira,Subulo gouazoubira,Subulo gouazoubira,Mazama nanus,Mazama,Cervidae,4,Alto
868,Mazama nanus,Mazama nanus,Mazama nanus,Mazama nanus,Mazama nanus,Mazama nanus,Subulo gouazoubira,Subulo gouazoubira,Mazama nanus,Mazama nanus,Mazama nanus,Mazama nanus,Mazama,Cervidae,4,Alto
870,Mazama nanus,Mazama nanus,Mazama nanus,Mazama nanus,Mazama nanus,Mazama nanus,Subulo gouazoubira,Mazama nanus,Mazama nanus,Mazama nanus,Mazama nanus,Mazama nanus,Mazama,Cervidae,4,Alto
871,Mazama nanus,Mazama nanus,Mazama nanus,Mazama nanus,Mazama nanus,Subulo gouazoubira,Subulo gouazoubira,Mazama nanus,Mazama nanus,Mazama nanus,Mazama nanus,Mazama nanus,Mazama,Cervidae,4,Alto
872,Mazama nanus,Subulo gouazoubira,Mazama nanus,Mazama nanus,Mazama nanus,Subulo gouazoubira,Subulo gouazoubira,Subulo gouazoubira,Mazama nanus,Mazama nanus,Mazama nanus,Subulo gouazoubira,Mazama,Cervidae,4,Alto
873,Subulo gouazoubira,Subulo gouazoubira,Mazama nanus,Mazama nanus,Subulo gouazoubira,Subulo gouazoubira,Subulo gouazoubira,Subulo gouazoubira,Mazama nanus,Mazama nanus,Mazama nanus,Subulo gouazoubira,Subulo,Cervidae,1,Bajo
874,Subulo gouazoubira,Subulo gouazoubira,Lycalopex gymnocerca,Lycalopex gymnocerca,Canis familiaris,Subulo gouazoubira,Subulo gouazoubira,Subulo gouazoubira,Lycalopex gymnocerca,Lycalopex gymnocerca,Lycalopex gymnocerca,Subulo gouazoubira,Subulo,Cervidae,1,Bajo
875,Subulo gouazoubira,Mazama nanus,Mazama nanus,Mazama nanus,Mazama nanus,Subulo gouazoubira,Subulo gouazoubira,Subulo gouazoubira,Mazama nanus,Mazama nanus,Mazama nanus,Mazama nanus,Subulo,Cervidae,1,Bajo
877,Subulo gouazoubira,Subulo gouazoubira,Subulo gouazoubira,Subulo gouazoubira,Subulo gouazoubira,Subulo gouazoubira,Subulo gouazoubira,Subulo gouazoubira,Subulo gouazoubira,Subulo gouazoubira,Subulo gouazoubira,Subulo gouazoubira,Subulo,Cervidae,1,Bajo
878,Subulo gouazoubira,Subulo gouazoubira,Subulo gouazoubira,Mazama nanus,Subulo gouazoubira,Subulo gouazoubira,Subulo gouazoubira,Subulo gouazoubira,Subulo gouazoubira,Subulo gouazoubira,Subulo gouazoubira,Subulo gouazoubira,Subulo,Cervidae,1,Bajo
879,Subulo gouazoubira,Subulo gouazoubira,Subulo gouazoubira,Subulo gouazoubira,Subulo gouazoubira,Subulo gouazoubira,Subulo gouazoubira,Subulo gouazoubira,Subulo gouazoubira,Subulo gouazoubira,Subulo gouazoubira,Subulo gouazoubira,Subulo,Cervidae,1,Bajo
880,Subulo gouazoubira,Subulo gouazoubira,Mazama nanus,Subulo gouazoubira,Subulo gouazoubira,Subulo gouazoubira,Subulo gouazoubira,Subulo gouazoubira,Mazama nanus,Mazama nanus,Mazama nanus,Subulo gouazoubira,Subulo,Cervidae,1,Bajo
881,Subulo gouazoubira,Subulo gouazoubira,Subulo gouazoubira,Subulo gouazoubira,Subulo gouazoubira,Subulo gouazoubira,Subulo gouazoubira,Subulo gouazoubira,Subulo gouazoubira,Subulo gouazoubira,Subulo gouazoubira,Subulo gouazoubira,Subulo,Cervidae,1,Bajo
884,Subulo gouazoubira,Subulo gouazoubira,Subulo gouazoubira,Subulo gouazoubira,Subulo gouazoubira,Subulo gouazoubira,Subulo gouazoubira,Subulo gouazoubira,Subulo gouazoubira,Subulo gouazoubira,Subulo gouazoubira,Subulo gouazoubira,Subulo,Cervidae,1,Bajo
885,Subulo gouazoubira,Subulo gouazoubira,Subulo gouazoubira,Subulo gouazoubira,Subulo gouazoubira,Subulo gouazoubira,Subulo gouazoubira,Subulo gouazoubira,Subulo gouazoubira,Subulo gouazoubira,Subulo gouazoubira,Subulo gouazoubira,Subulo,Cervidae,1,Bajo
886,Subulo gouazoubira,Puma concolor,Puma concolor,Puma concolor,Hydrochoerus hydrochaeris,Lycalopex gymnocerca,Lycalopex gymnocerca,Lycalopex gymnocerca,Puma concolor,Puma concolor,Puma concolor,Puma concolor,Subulo,Cervidae,1,Bajo
887,Subulo gouazoubira,Subulo gouazoubira,Mazama nanus,Axis axis,Mazama nanus,Subulo gouazoubira,Subulo gouazoubira,Subulo gouazoubira,Mazama nanus,Mazama nanus,Mazama nanus,Subulo gouazoubira,Subulo,Cervidae,1,Bajo
888,Subulo gouazoubira,Subulo gouazoubira,Mazama nanus,Lycalopex gymnocerca,Alouatta caraya,Subulo gouazoubira,Subulo gouazoubira,Mazama nanus,Mazama nanus,Mazama nanus,Mazama nanus,Subulo gouazoubira,Subulo,Cervidae,1,Bajo
889,Subulo gouazoubira,Mazama nanus,Mazama nanus,Mazama nanus,Mazama nanus,Subulo gouazoubira,Subulo gouazoubira,Subulo gouazoubira,Mazama nanus,Mazama nanus,Mazama nanus,Mazama nanus,Subulo,Cervidae,1,Bajo
890,Subulo gouazoubira,Mazama nanus,Mazama nanus,Mazama nanus,Mazama nanus,Subulo gouazoubira,Subulo gouazoubira,Subulo gouazoubira,Mazama nanus,Mazama nanus,Mazama nanus,Mazama nanus,Subulo,Cervidae,1,Bajo
892,Subulo gouazoubira,Subulo gouazoubira,Subulo gouazoubira,Subulo gouazoubira,Subulo gouazoubira,Subulo gouazoubira,Subulo gouazoubira,Subulo gouazoubira,Subulo gouazoubira,Subulo gouazoubira,Subulo gouazoubira,Subulo gouazoubira,Subulo,Cervidae,1,Bajo
893,Subulo gouazoubira,Subulo gouazoubira,Subulo gouazoubira,Subulo gouazoubira,Subulo gouazoubira,Subulo gouazoubira,Subulo gouazoubira,Subulo gouazoubira,Subulo gouazoubira,Subulo gouazoubira,Subulo gouazoubira,Subulo gouazoubira,Subulo,Cervidae,1,Bajo
896,Subulo gouazoubira,Subulo gouazoubira,Subulo gouazoubira,Subulo gouazoubira,Subulo gouazoubira,Subulo gouazoubira,Subulo gouazoubira,Subulo gouazoubira,Subulo gouazoubira,Subulo gouazoubira,Subulo gouazoubira,Subulo gouazoubira,Subulo,Cervidae,1,Bajo
897,Subulo gouazoubira,Cabassous tatouay,Cerdocyon thous,Cerdocyon thous,Cerdocyon thous,Subulo gouazoubira,Cerdocyon thous,Mazama nanus,Cerdocyon thous,Cerdocyon thous,Cerdocyon thous,Cabassous tatouay,Subulo,Cervidae,1,Bajo
898,Subulo gouazoubira,Subulo gouazoubira,Subulo gouazoubira,Subulo gouazoubira,Subulo gouazoubira,Subulo gouazoubira,Subulo gouazoubira,Subulo gouazoubira,Subulo gouazoubira,Subulo gouazoubira,Subulo gouazoubira,Subulo gouazoubira,Subulo,Cervidae,1,Bajo
899,Subulo gouazoubira,Mazama nanus,Subulo gouazoubira,Mazama nanus,Mazama nanus,Subulo gouazoubira,Subulo gouazoubira,Subulo gouazoubira,Subulo gouazoubira,Subulo gouazoubira,Subulo gouazoubira,Mazama nanus,Subulo,Cervidae,1,Bajo
900,Subulo gouazoubira,Mazama nanus,Mazama nanus,Mazama nanus,Mazama nanus,Subulo gouazoubira,Subulo gouazoubira,Subulo gouazoubira,Mazama nanus,Mazama nanus,Mazama nanus,Mazama nanus,Subulo,Cervidae,1,Bajo
902,Subulo gouazoubira,Subulo gouazoubira,Subulo gouazoubira,Subulo gouazoubira,Subulo gouazoubira,Subulo gouazoubira,Subulo gouazoubira,Subulo gouazoubira,Subulo gouazoubira,Subulo gouazoubira,Subulo gouazoubira,Subulo gouazoubira,Subulo,Cervidae,1,Bajo
903,Subulo gouazoubira,Subulo gouazoubira,Subulo gouazoubira,Subulo gouazoubira,Subulo gouazoubira,Subulo gouazoubira,Subulo gouazoubira,Subulo gouazoubira,Subulo gouazoubira,Subulo gouazoubira,Subulo gouazoubira,Subulo gouazoubira,Subulo,Cervidae,1,Bajo
904,Subulo gouazoubira,Mazama nanus,Mazama nanus,Mazama nanus,Mazama nanus,Subulo gouazoubira,Subulo gouazoubira,Subulo gouazoubira,Mazama nanus,Mazama nanus,Mazama nanus,Mazama nanus,Subulo,Cervidae,1,Bajo
905,Subulo gouazoubira,Lycalopex gymnocerca,Axis axis,Axis axis,Lycalopex gymnocerca,Lycalopex gymnocerca,Lycalopex gymnocerca,Subulo gouazoubira,Axis axis,Axis axis,Axis axis,Lycalopex gymnocerca,Subulo,Cervidae,1,Bajo
906,Subulo gouazoubira,Puma concolor,Mazama nanus,Mazama nanus,Lycalopex gymnocerca,Subulo gouazoubira,Sus scrofa,Subulo gouazoubira,Mazama nanus,Mazama nanus,Mazama nanus,Puma concolor,Subulo,Cervidae,1,Bajo
907,Subulo gouazoubira,Mazama nanus,Dasyprocta azarae,Dasyprocta azarae,Mazama nanus,Subulo gouazoubira,Subulo gouazoubira,Subulo gouazoubira,Dasyprocta azarae,Dasyprocta azarae,Dasyprocta azarae,Mazama nanus,Subulo,Cervidae,1,Bajo
908,Subulo gouazoubira,Subulo gouazoubira,Cerdocyon thous,Cerdocyon thous,Cerdocyon thous,Subulo gouazoubira,Subulo gouazoubira,Subulo gouazoubira,Cerdocyon thous,Cerdocyon thous,Cerdocyon thous,Cuniculus paca,Subulo,Cervidae,1,Bajo
910,Subulo gouazoubira,Cuniculus paca,Cerdocyon thous,Cerdocyon thous,Cerdocyon thous,Subulo gouazoubira,Cerdocyon thous,Mazama nanus,Cerdocyon thous,Cerdocyon thous,Cerdocyon thous,Cuniculus paca,Subulo,Cervidae,1,Bajo
911,Subulo gouazoubira,Subulo gouazoubira,Subulo gouazoubira,Subulo gouazoubira,Subulo gouazoubira,Subulo gouazoubira,Subulo gouazoubira,Subulo gouazoubira,Subulo gouazoubira,Subulo gouazoubira,Subulo gouazoubira,Subulo gouazoubira,Subulo,Cervidae,1,Bajo
912,Subulo gouazoubira,Subulo gouazoubira,Cerdocyon thous,Cerdocyon thous,Cerdocyon thous,Subulo gouazoubira,Subulo gouazoubira,Subulo gouazoubira,Cerdocyon thous,Cerdocyon thous,Cerdocyon thous,Procyon cancrivorus,Subulo,Cervidae,1,Bajo
913,Subulo gouazoubira,Subulo gouazoubira,Mazama nanus,Mazama nanus,Mazama nanus,Subulo gouazoubira,Subulo gouazoubira,Subulo gouazoubira,Mazama nanus,Mazama nanus,Mazama nanus,Subulo gouazoubira,Subulo,Cervidae,1,Bajo
914,Subulo gouazoubira,Puma concolor,Axis axis,Axis axis,Subulo gouazoubira,Subulo gouazoubira,Subulo gouazoubira,Subulo gouazoubira,Axis axis,Axis axis,Axis axis,Axis axis,Subulo,Cervidae,1,Bajo
915,Subulo gouazoubira,Lepus europaeus,Lepus europaeus,Lepus europaeus,Lepus europaeus,Lepus europaeus,Lepus europaeus,Subulo gouazoubira,Lepus europaeus,Lepus europaeus,Lepus europaeus,Lepus europaeus,Subulo,Cervidae,1,Bajo
917,Subulo gouazoubira,Subulo gouazoubira,Subulo gouazoubira,Subulo gouazoubira,Subulo gouazoubira,Subulo gouazoubira,Subulo gouazoubira,Subulo gouazoubira,Subulo gouazoubira,Subulo gouazoubira,Subulo gouazoubira,Subulo gouazoubira,Subulo,Cervidae,1,Bajo
918,Subulo gouazoubira,Mazama nanus,Mazama nanus,Mazama nanus,Mazama nanus,Subulo gouazoubira,Subulo gouazoubira,Subulo gouazoubira,Mazama nanus,Mazama nanus,Mazama nanus,Mazama nanus,Subulo,Cervidae,1,Bajo
919,Subulo gouazoubira,Subulo gouazoubira,Subulo gouazoubira,Subulo gouazoubira,Subulo gouazoubira,Subulo gouazoubira,Subulo gouazoubira,Subulo gouazoubira,Subulo gouazoubira,Subulo gouazoubira,Subulo gouazoubira,Subulo gouazoubira,Subulo,Cervidae,1,Bajo
920,Subulo gouazoubira,Subulo gouazoubira,Subulo gouazoubira,Subulo gouazoubira,Subulo gouazoubira,Subulo gouazoubira,Subulo gouazoubira,Subulo gouazoubira,Subulo gouazoubira,Subulo gouazoubira,Subulo gouazoubira,Subulo gouazoubira,Subulo,Cervidae,1,Bajo
921,Subulo gouazoubira,Mazama nanus,Mazama nanus,Mazama nanus,Mazama nanus,Subulo gouazoubira,Subulo gouazoubira,Subulo gouazoubira,Mazama nanus,Mazama nanus,Mazama nanus,Mazama nanus,Subulo,Cervidae,1,Bajo
922,Subulo gouazoubira,Mazama nanus,Mazama nanus,Mazama nanus,Mazama nanus,Subulo gouazoubira,Subulo gouazoubira,Mazama nanus,Mazama nanus,Mazama nanus,Mazama nanus,Mazama nanus,Subulo,Cervidae,1,Bajo
923,Subulo gouazoubira,Subulo gouazoubira,Subulo gouazoubira,Subulo gouazoubira,Subulo gouazoubira,Subulo gouazoubira,Subulo gouazoubira,Subulo gouazoubira,Subulo gouazoubira,Subulo gouazoubira,Subulo gouazoubira,Subulo gouazoubira,Subulo,Cervidae,1,Bajo
924,Subulo gouazoubira,Subulo gouazoubira,Mazama nanus,Mazama nanus,Mazama nanus,Subulo gouazoubira,Subulo gouazoubira,Subulo gouazoubira,Mazama nanus,Mazama nanus,Mazama nanus,Subulo gouazoubira,Subulo,Cervidae,1,Bajo
925,Subulo gouazoubira,Puma concolor,Mazama nanus,Dasyprocta azarae,Dasyprocta azarae,Subulo gouazoubira,Dasyprocta azarae,Subulo gouazoubira,Mazama nanus,Mazama nanus,Mazama nanus,Puma concolor,Subulo,Cervidae,1,Bajo
927,Subulo gouazoubira,Mazama nanus,Mazama nanus,Mazama nanus,Mazama nanus,Subulo gouazoubira,Subulo gouazoubira,Subulo gouazoubira,Mazama nanus,Mazama nanus,Mazama nanus,Mazama nanus,Subulo,Cervidae,1,Bajo
928,Subulo gouazoubira,Subulo gouazoubira,Subulo gouazoubira,Subulo gouazoubira,Subulo gouazoubira,Subulo gouazoubira,Subulo gouazoubira,Subulo gouazoubira,Subulo gouazoubira,Subulo gouazoubira,Subulo gouazoubira,Subulo gouazoubira,Subulo,Cervidae,1,Bajo
929,Subulo gouazoubira,Subulo gouazoubira,Subulo gouazoubira,Subulo gouazoubira,Subulo gouazoubira,Subulo gouazoubira,Subulo gouazoubira,Subulo gouazoubira,Subulo gouazoubira,Subulo gouazoubira,Subulo gouazoubira,Subulo gouazoubira,Subulo,Cervidae,1,Bajo
931,Subulo gouazoubira,Subulo gouazoubira,Subulo gouazoubira,Subulo gouazoubira,Subulo gouazoubira,Subulo gouazoubira,Subulo gouazoubira,Subulo gouazoubira,Subulo gouazoubira,Subulo gouazoubira,Subulo gouazoubira,Subulo gouazoubira,Subulo,Cervidae,1,Bajo
932,Subulo gouazoubira,Mazama nanus,Mazama nanus,Mazama nanus,Mazama nanus,Subulo gouazoubira,Subulo gouazoubira,Subulo gouazoubira,Mazama nanus,Mazama nanus,Mazama nanus,Mazama nanus,Subulo,Cervidae,1,Bajo
933,Subulo gouazoubira,Subulo gouazoubira,Subulo gouazoubira,Mazama nanus,Mazama nanus,Subulo gouazoubira,Subulo gouazoubira,Mazama nanus,Subulo gouazoubira,Subulo gouazoubira,Subulo gouazoubira,Mazama nanus,Subulo,Cervidae,1,Bajo
935,Subulo gouazoubira,Subulo gouazoubira,Subulo gouazoubira,Subulo gouazoubira,Subulo gouazoubira,Subulo gouazoubira,Subulo gouazoubira,Subulo gouazoubira,Subulo gouazoubira,Subulo gouazoubira,Subulo gouazoubira,Subulo gouazoubira,Subulo,Cervidae,1,Bajo
936,Subulo gouazoubira,Subulo gouazoubira,Mazama nanus,Alouatta caraya,Alouatta caraya,Subulo gouazoubira,Subulo gouazoubira,Sapajus nigritus,Mazama nanus,Mazama nanus,Mazama nanus,Subulo gouazoubira,Subulo,Cervidae,1,Bajo
937,Subulo gouazoubira,Subulo gouazoubira,Cerdocyon thous,Cerdocyon thous,Dasyprocta azarae,Subulo gouazoubira,Subulo gouazoubira,Subulo gouazoubira,Cerdocyon thous,Cerdocyon thous,Cerdocyon thous,Mazama nanus,Subulo,Cervidae,1,Bajo
938,Subulo gouazoubira,Puma concolor,Lycalopex gymnocerca,Lycalopex gymnocerca,Sylvilagus brasiliensis,Subulo gouazoubira,Didelphis albiventris,Subulo gouazoubira,Lycalopex gymnocerca,Lycalopex gymnocerca,Lycalopex gymnocerca,Puma concolor,Subulo,Cervidae,1,Bajo
939,Subulo gouazoubira,Subulo gouazoubira,Subulo gouazoubira,Subulo gouazoubira,Subulo gouazoubira,Subulo gouazoubira,Subulo gouazoubira,Subulo gouazoubira,Subulo gouazoubira,Subulo gouazoubira,Subulo gouazoubira,Subulo gouazoubira,Subulo,Cervidae,1,Bajo
941,Phrynops williamsi,Phrynops williamsi,Phrynops williamsi,Phrynops williamsi,Phrynops williamsi,Phrynops williamsi,Phrynops williamsi,Phrynops williamsi,Phrynops williamsi,Phrynops williamsi,Phrynops williamsi,Phrynops williamsi,Phrynops,Chelidae,6,Crítico
942,Phrynops williamsi,Phrynops williamsi,Phrynops williamsi,Phrynops williamsi,Phrynops williamsi,Phrynops williamsi,Phrynops williamsi,Phrynops williamsi,Phrynops williamsi,Phrynops williamsi,Phrynops williamsi,Phrynops williamsi,Phrynops,Chelidae,6,Crítico
943,Phrynops williamsi,Phrynops williamsi,Phrynops williamsi,Phrynops williamsi,Phrynops williamsi,Phrynops williamsi,Phrynops williamsi,Phrynops williamsi,Phrynops williamsi,Phrynops williamsi,Phrynops williamsi,Phrynops williamsi,Phrynops,Chelidae,6,Crítico
944,Phrynops williamsi,Phrynops williamsi,Phrynops williamsi,Phrynops williamsi,Phrynops williamsi,Phrynops williamsi,Phrynops williamsi,Phrynops williamsi,Phrynops williamsi,Phrynops williamsi,Phrynops williamsi,Phrynops williamsi,Phrynops,Chelidae,6,Crítico
945,Phrynops williamsi,Phrynops williamsi,Phrynops williamsi,Phrynops williamsi,Phrynops williamsi,Phrynops williamsi,Phrynops williamsi,Phrynops williamsi,Phrynops williamsi,Phrynops williamsi,Phrynops williamsi,Phrynops williamsi,Phrynops,Chelidae,6,Crítico
946,Phrynops williamsi,Phrynops williamsi,Phrynops williamsi,Phrynops williamsi,Phrynops williamsi,Phrynops williamsi,Phrynops williamsi,Phrynops williamsi,Phrynops williamsi,Phrynops williamsi,Phrynops williamsi,Phrynops williamsi,Phrynops,Chelidae,6,Crítico
948,Phrynops williamsi,Phrynops williamsi,Phrynops williamsi,Phrynops williamsi,Phrynops williamsi,Phrynops williamsi,Phrynops williamsi,Phrynops williamsi,Phrynops williamsi,Phrynops williamsi,Phrynops williamsi,Phrynops williamsi,Phrynops,Chelidae,6,Crítico
949,Phrynops williamsi,Phrynops williamsi,Phrynops williamsi,Phrynops williamsi,Phrynops williamsi,Phrynops williamsi,Phrynops williamsi,Phrynops williamsi,Phrynops williamsi,Phrynops williamsi,Phrynops williamsi,Phrynops williamsi,Phrynops,Chelidae,6,Crítico
952,Phrynops williamsi,Phrynops williamsi,Phrynops williamsi,Phrynops williamsi,Phrynops williamsi,Phrynops williamsi,Phrynops williamsi,Phrynops williamsi,Phrynops williamsi,Phrynops williamsi,Phrynops williamsi,Phrynops williamsi,Phrynops,Chelidae,6,Crítico
953,Phrynops williamsi,Phrynops williamsi,Phrynops williamsi,Phrynops williamsi,Phrynops williamsi,Phrynops williamsi,Phrynops williamsi,Phrynops williamsi,Phrynops williamsi,Phrynops williamsi,Phrynops williamsi,Phrynops williamsi,Phrynops,Chelidae,6,Crítico
955,Phrynops williamsi,Phrynops williamsi,Phrynops williamsi,Phrynops williamsi,Phrynops williamsi,Phrynops williamsi,Phrynops williamsi,Phrynops williamsi,Phrynops williamsi,Phrynops williamsi,Phrynops williamsi,Phrynops williamsi,Phrynops,Chelidae,6,Crítico
956,Phrynops williamsi,Phrynops williamsi,Phrynops williamsi,Phrynops williamsi,Phrynops williamsi,Phrynops williamsi,Phrynops williamsi,Phrynops williamsi,Phrynops williamsi,Phrynops williamsi,Phrynops williamsi,Phrynops williamsi,Phrynops,Chelidae,6,Crítico
957,Phrynops williamsi,Phrynops williamsi,Phrynops williamsi,Phrynops williamsi,Phrynops williamsi,Phrynops williamsi,Phrynops williamsi,Phrynops williamsi,Phrynops williamsi,Phrynops williamsi,Phrynops williamsi,Phrynops williamsi,Phrynops,Chelidae,6,Crítico
958,Phrynops williamsi,Phrynops williamsi,Phrynops williamsi,Phrynops williamsi,Phrynops williamsi,Phrynops williamsi,Phrynops williamsi,Phrynops williamsi,Phrynops williamsi,Phrynops williamsi,Phrynops williamsi,Phrynops williamsi,Phrynops,Chelidae,6,Crítico
959,Phrynops williamsi,Phrynops williamsi,Phrynops williamsi,Phrynops williamsi,Phrynops williamsi,Phrynops williamsi,Phrynops williamsi,Phrynops williamsi,Phrynops williamsi,Phrynops williamsi,Phrynops williamsi,Phrynops williamsi,Phrynops,Chelidae,6,Crítico
960,Phrynops williamsi,Phrynops williamsi,Phrynops williamsi,Phrynops williamsi,Phrynops williamsi,Phrynops williamsi,Phrynops williamsi,Phrynops williamsi,Phrynops williamsi,Phrynops williamsi,Phrynops williamsi,Phrynops williamsi,Phrynops,Chelidae,6,Crítico
961,Phrynops williamsi,Phrynops williamsi,Phrynops williamsi,Phrynops williamsi,Phrynops williamsi,Phrynops williamsi,Phrynops williamsi,Phrynops williamsi,Phrynops williamsi,Phrynops williamsi,Phrynops williamsi,Phrynops williamsi,Phrynops,Chelidae,6,Crítico
962,Phrynops williamsi,Phrynops williamsi,Phrynops williamsi,Phrynops williamsi,Phrynops williamsi,Phrynops williamsi,Phrynops williamsi,Phrynops williamsi,Phrynops williamsi,Phrynops williamsi,Phrynops williamsi,Phrynops williamsi,Phrynops,Chelidae,6,Crítico
964,Phrynops williamsi,Phrynops williamsi,Phrynops williamsi,Phrynops williamsi,Phrynops williamsi,Phrynops williamsi,Phrynops williamsi,Phrynops williamsi,Phrynops williamsi,Phrynops williamsi,Phrynops williamsi,Phrynops williamsi,Phrynops,Chelidae,6,Crítico
965,Phrynops williamsi,Phrynops williamsi,Phrynops williamsi,Phrynops williamsi,Phrynops williamsi,Phrynops williamsi,Phrynops williamsi,Phrynops williamsi,Phrynops williamsi,Phrynops williamsi,Phrynops williamsi,Phrynops williamsi,Phrynops,Chelidae,6,Crítico
966,Phrynops williamsi,Phrynops williamsi,Phrynops williamsi,Phrynops williamsi,Phrynops williamsi,Phrynops williamsi,Phrynops williamsi,Phrynops williamsi,Phrynops williamsi,Phrynops williamsi,Phrynops williamsi,Phrynops williamsi,Phrynops,Chelidae,6,Crítico
967,Phrynops williamsi,Phrynops williamsi,Phrynops williamsi,Phrynops williamsi,Phrynops williamsi,Phrynops williamsi,Phrynops williamsi,Phrynops williamsi,Phrynops williamsi,Phrynops williamsi,Phrynops williamsi,Phrynops williamsi,Phrynops,Chelidae,6,Crítico
968,Phrynops williamsi,Phrynops williamsi,Phrynops williamsi,Phrynops williamsi,Phrynops williamsi,Phrynops williamsi,Phrynops williamsi,Phrynops williamsi,Phrynops williamsi,Phrynops williamsi,Phrynops williamsi,Phrynops williamsi,Phrynops,Chelidae,6,Crítico
969,Phrynops williamsi,Phrynops williamsi,Phrynops williamsi,Phrynops williamsi,Phrynops williamsi,Phrynops williamsi,Phrynops williamsi,Phrynops williamsi,Phrynops williamsi,Phrynops williamsi,Phrynops williamsi,Phrynops williamsi,Phrynops,Chelidae,6,Crítico
970,Phrynops williamsi,Phrynops williamsi,Phrynops williamsi,Phrynops williamsi,Phrynops williamsi,Phrynops williamsi,Phrynops williamsi,Phrynops williamsi,Phrynops williamsi,Phrynops williamsi,Phrynops williamsi,Phrynops williamsi,Phrynops,Chelidae,6,Crítico
972,Phrynops williamsi,Phrynops williamsi,Phrynops williamsi,Phrynops williamsi,Phrynops williamsi,Phrynops williamsi,Phrynops williamsi,Phrynops williamsi,Phrynops williamsi,Phrynops williamsi,Phrynops williamsi,Phrynops williamsi,Phrynops,Chelidae,6,Crítico
973,Phrynops williamsi,Phrynops williamsi,Phrynops williamsi,Phrynops williamsi,Phrynops williamsi,Phrynops williamsi,Phrynops williamsi,Phrynops williamsi,Phrynops williamsi,Phrynops williamsi,Phrynops williamsi,Phrynops williamsi,Phrynops,Chelidae,6,Crítico
974,Phrynops williamsi,Phrynops williamsi,Phrynops williamsi,Phrynops williamsi,Phrynops williamsi,Phrynops williamsi,Phrynops williamsi,Phrynops williamsi,Phrynops williamsi,Phrynops williamsi,Phrynops williamsi,Phrynops williamsi,Phrynops,Chelidae,6,Crítico
979,Phrynops williamsi,Phrynops williamsi,Phrynops williamsi,Phrynops williamsi,Phrynops williamsi,Phrynops williamsi,Phrynops williamsi,Phrynops williamsi,Phrynops williamsi,Phrynops williamsi,Phrynops williamsi,Phrynops williamsi,Phrynops,Chelidae,6,Crítico
980,Phrynops williamsi,Phrynops williamsi,Phrynops williamsi,Phrynops williamsi,Phrynops williamsi,Phrynops williamsi,Phrynops williamsi,Phrynops williamsi,Phrynops williamsi,Phrynops williamsi,Phrynops williamsi,Phrynops williamsi,Phrynops,Chelidae,6,Crítico
981,Phrynops williamsi,Phrynops williamsi,Phrynops williamsi,Phrynops williamsi,Phrynops williamsi,Phrynops williamsi,Phrynops williamsi,Phrynops williamsi,Phrynops williamsi,Phrynops williamsi,Phrynops williamsi,Phrynops williamsi,Phrynops,Chelidae,6,Crítico
982,Phrynops williamsi,Phrynops williamsi,Phrynops williamsi,Phrynops williamsi,Phrynops williamsi,Phrynops williamsi,Phrynops williamsi,Phrynops williamsi,Phrynops williamsi,Phrynops williamsi,Phrynops williamsi,Phrynops williamsi,Phrynops,Chelidae,6,Crítico
983,Phrynops williamsi,Phrynops williamsi,Phrynops williamsi,Phrynops williamsi,Phrynops williamsi,Phrynops williamsi,Phrynops williamsi,Phrynops williamsi,Phrynops williamsi,Phrynops williamsi,Phrynops williamsi,Phrynops williamsi,Phrynops,Chelidae,6,Crítico
984,Phrynops williamsi,Phrynops williamsi,Phrynops williamsi,Phrynops williamsi,Phrynops williamsi,Phrynops williamsi,Phrynops williamsi,Phrynops williamsi,Phrynops williamsi,Phrynops williamsi,Phrynops williamsi,Phrynops williamsi,Phrynops,Chelidae,6,Crítico
985,Phrynops williamsi,Phrynops williamsi,Phrynops williamsi,Phrynops williamsi,Phrynops williamsi,Phrynops williamsi,Phrynops williamsi,Phrynops williamsi,Phrynops williamsi,Phrynops williamsi,Phrynops williamsi,Phrynops williamsi,Phrynops,Chelidae,6,Crítico
986,Phrynops williamsi,Phrynops williamsi,Phrynops williamsi,Phrynops williamsi,Phrynops williamsi,Phrynops williamsi,Phrynops williamsi,Phrynops williamsi,Phrynops williamsi,Phrynops williamsi,Phrynops williamsi,Phrynops williamsi,Phrynops,Chelidae,6,Crítico
987,Phrynops williamsi,Phrynops williamsi,Phrynops williamsi,Phrynops williamsi,Phrynops williamsi,Phrynops williamsi,Phrynops williamsi,Phrynops williamsi,Phrynops williamsi,Phrynops williamsi,Phrynops williamsi,Phrynops williamsi,Phrynops,Chelidae,6,Crítico
988,Phrynops williamsi,Phrynops williamsi,Phrynops williamsi,Phrynops williamsi,Phrynops williamsi,Phrynops williamsi,Phrynops williamsi,Phrynops williamsi,Phrynops williamsi,Phrynops williamsi,Phrynops williamsi,Phrynops williamsi,Phrynops,Chelidae,6,Crítico
989,Phrynops williamsi,Phrynops williamsi,Phrynops williamsi,Phrynops williamsi,Phrynops williamsi,Phrynops williamsi,Phrynops williamsi,Phrynops williamsi,Phrynops williamsi,Phrynops williamsi,Phrynops williamsi,Phrynops williamsi,Phrynops,Chelidae,6,Crítico
990,Phrynops williamsi,Phrynops williamsi,Phrynops williamsi,Phrynops williamsi,Phrynops williamsi,Phrynops williamsi,Phrynops williamsi,Phrynops williamsi,Phrynops williamsi,Phrynops williamsi,Phrynops williamsi,Phrynops williamsi,Phrynops,Chelidae,6,Crítico
991,Phrynops williamsi,Phrynops williamsi,Phrynops williamsi,Phrynops williamsi,Phrynops williamsi,Phrynops williamsi,Phrynops williamsi,Phrynops williamsi,Phrynops williamsi,Phrynops williamsi,Phrynops williamsi,Phrynops williamsi,Phrynops,Chelidae,6,Crítico
992,Phrynops williamsi,Phrynops williamsi,Phrynops williamsi,Phrynops williamsi,Phrynops williamsi,Phrynops williamsi,Phrynops williamsi,Phrynops williamsi,Phrynops williamsi,Phrynops williamsi,Phrynops williamsi,Phrynops williamsi,Phrynops,Chelidae,6,Crítico
993,Phrynops williamsi,Phrynops williamsi,Phrynops williamsi,Phrynops williamsi,Phrynops williamsi,Phrynops williamsi,Phrynops williamsi,Phrynops williamsi,Phrynops williamsi,Phrynops williamsi,Phrynops williamsi,Phrynops williamsi,Phrynops,Chelidae,6,Crítico
994,Phrynops williamsi,Phrynops williamsi,Phrynops williamsi,Phrynops williamsi,Phrynops williamsi,Phrynops williamsi,Phrynops williamsi,Phrynops williamsi,Phrynops williamsi,Phrynops williamsi,Phrynops williamsi,Phrynops williamsi,Phrynops,Chelidae,6,Crítico
995,Phrynops williamsi,Phrynops williamsi,Phrynops williamsi,Phrynops williamsi,Phrynops williamsi,Phrynops williamsi,Phrynops williamsi,Phrynops williamsi,Phrynops williamsi,Phrynops williamsi,Phrynops williamsi,Phrynops williamsi,Phrynops,Chelidae,6,Crítico
996,Phrynops williamsi,Phrynops williamsi,Phrynops williamsi,Phrynops williamsi,Phrynops williamsi,Phrynops williamsi,Phrynops williamsi,Phrynops williamsi,Phrynops williamsi,Phrynops williamsi,Phrynops williamsi,Phrynops williamsi,Phrynops,Chelidae,6,Crítico
998,Phrynops williamsi,Phrynops williamsi,Phrynops williamsi,Phrynops williamsi,Phrynops williamsi,Phrynops williamsi,Phrynops williamsi,Phrynops williamsi,Phrynops williamsi,Phrynops williamsi,Phrynops williamsi,Phrynops williamsi,Phrynops,Chelidae,6,Crítico
999,Phrynops williamsi,Phrynops williamsi,Phrynops williamsi,Phrynops williamsi,Phrynops williamsi,Phrynops williamsi,Phrynops williamsi,Phrynops williamsi,Phrynops williamsi,Phrynops williamsi,Phrynops williamsi,Phrynops williamsi,Phrynops,Chelidae,6,Crítico
1000,Phrynops williamsi,Phrynops williamsi,Phrynops williamsi,Phrynops williamsi,Phrynops williamsi,Phrynops williamsi,Phrynops williamsi,Phrynops williamsi,Phrynops williamsi,Phrynops williamsi,Phrynops williamsi,Phrynops williamsi,Phrynops,Chelidae,6,Crítico
1003,Phrynops williamsi,Phrynops williamsi,Phrynops williamsi,Phrynops williamsi,Phrynops williamsi,Phrynops williamsi,Phrynops williamsi,Phrynops williamsi,Phrynops williamsi,Phrynops williamsi,Phrynops williamsi,Phrynops williamsi,Phrynops,Chelidae,6,Crítico
1004,Phrynops williamsi,Phrynops williamsi,Phrynops williamsi,Phrynops williamsi,Phrynops williamsi,Phrynops williamsi,Phrynops williamsi,Phrynops williamsi,Phrynops williamsi,Phrynops williamsi,Phrynops williamsi,Phrynops williamsi,Phrynops,Chelidae,6,Crítico
1005,Phrynops williamsi,Phrynops williamsi,Phrynops williamsi,Phrynops williamsi,Phrynops williamsi,Phrynops williamsi,Phrynops williamsi,Phrynops williamsi,Phrynops williamsi,Phrynops williamsi,Phrynops williamsi,Phrynops williamsi,Phrynops,Chelidae,6,Crítico
1006,Phrynops williamsi,Phrynops williamsi,Phrynops williamsi,Phrynops williamsi,Phrynops williamsi,Phrynops williamsi,Phrynops williamsi,Phrynops williamsi,Phrynops williamsi,Phrynops williamsi,Phrynops williamsi,Phrynops williamsi,Phrynops,Chelidae,6,Crítico
1007,Phrynops williamsi,Lontra longicaudis,Phrynops williamsi,Phrynops williamsi,Phrynops williamsi,Lontra longicaudis,Lontra longicaudis,Phrynops williamsi,Phrynops williamsi,Phrynops williamsi,Phrynops williamsi,Lontra longicaudis,Phrynops,Chelidae,6,Crítico
1008,Phrynops williamsi,Phrynops williamsi,Phrynops williamsi,Phrynops williamsi,Phrynops williamsi,Phrynops williamsi,Phrynops williamsi,Phrynops williamsi,Phrynops williamsi,Phrynops williamsi,Phrynops williamsi,Phrynops williamsi,Phrynops,Chelidae,6,Crítico
1009,Phrynops williamsi,Phrynops williamsi,Phrynops williamsi,Phrynops williamsi,Phrynops williamsi,Phrynops williamsi,Phrynops williamsi,Phrynops williamsi,Phrynops williamsi,Phrynops williamsi,Phrynops williamsi,Phrynops williamsi,Phrynops,Chelidae,6,Crítico
1011,Cabassous tatouay,Euphractus sexcinctus,Dasypus novemcinctus,Dasypus novemcinctus,Dasypus novemcinctus,Dasypus novemcinctus,Dasypus novemcinctus,Dasypus novemcinctus,Dasypus novemcinctus,Dasypus novemcinctus,Dasypus novemcinctus,Euphractus sexcinctus,Cabassous,Chlamyphoridae,5,Crítico
1012,Cabassous tatouay,Cabassous tatouay,Cabassous tatouay,Dasypus novemcinctus,Dasypus novemcinctus,Dasypus novemcinctus,Dasypus novemcinctus,Dasypus novemcinctus,Cabassous tatouay,Cabassous tatouay,Cabassous tatouay,Cabassous tatouay,Cabassous,Chlamyphoridae,5,Crítico
1013,Cabassous tatouay,Dasypus novemcinctus,Dasypus novemcinctus,Dasypus novemcinctus,Dasypus novemcinctus,Dasypus novemcinctus,Dasypus novemcinctus,Dasypus novemcinctus,Dasypus novemcinctus,Dasypus novemcinctus,Dasypus novemcinctus,Dasypus novemcinctus,Cabassous,Chlamyphoridae,5,Crítico
1014,Cabassous tatouay,Euphractus sexcinctus,Euphractus sexcinctus,Dasypus novemcinctus,Dasypus novemcinctus,Dasypus novemcinctus,Dasypus novemcinctus,Dasypus novemcinctus,Euphractus sexcinctus,Euphractus sexcinctus,Euphractus sexcinctus,Euphractus sexcinctus,Cabassous,Chlamyphoridae,5,Crítico
1015,Cabassous tatouay,Euphractus sexcinctus,Euphractus sexcinctus,Dasypus novemcinctus,Dasypus novemcinctus,Dasypus novemcinctus,Dasypus novemcinctus,Dasypus novemcinctus,Euphractus sexcinctus,Euphractus sexcinctus,Euphractus sexcinctus,Euphractus sexcinctus,Cabassous,Chlamyphoridae,5,Crítico
1018,Cabassous tatouay,Euphractus sexcinctus,Dasypus novemcinctus,Euphractus sexcinctus,Euphractus sexcinctus,Dasypus novemcinctus,Dasypus novemcinctus,Dasypus novemcinctus,Dasypus novemcinctus,Dasypus novemcinctus,Dasypus novemcinctus,Euphractus sexcinctus,Cabassous,Chlamyphoridae,5,Crítico
1019,Cabassous tatouay,Euphractus sexcinctus,Dasypus novemcinctus,Dasypus novemcinctus,Dasypus novemcinctus,Dasypus novemcinctus,Dasypus novemcinctus,Dasypus novemcinctus,Dasypus novemcinctus,Dasypus novemcinctus,Dasypus novemcinctus,Euphractus sexcinctus,Cabassous,Chlamyphoridae,5,Crítico
1020,Cabassous tatouay,Euphractus sexcinctus,Dasypus novemcinctus,Dasypus novemcinctus,Dasypus novemcinctus,Dasypus novemcinctus,Dasypus novemcinctus,Dasypus novemcinctus,Dasypus novemcinctus,Dasypus novemcinctus,Dasypus novemcinctus,Euphractus sexcinctus,Cabassous,Chlamyphoridae,5,Crítico
1021,Cabassous tatouay,Cabassous tatouay,Cabassous tatouay,Cabassous tatouay,Cuniculus paca,Euphractus sexcinctus,Cerdocyon thous,Dasypus novemcinctus,Cabassous tatouay,Cabassous tatouay,Cabassous tatouay,Cabassous tatouay,Cabassous,Chlamyphoridae,5,Crítico
1022,Cabassous tatouay,Cabassous tatouay,Cabassous tatouay,Cabassous tatouay,Cabassous tatouay,Dasypus novemcinctus,Dasypus novemcinctus,Dasypus novemcinctus,Cabassous tatouay,Cabassous tatouay,Cabassous tatouay,Cabassous tatouay,Cabassous,Chlamyphoridae,5,Crítico
1023,Euphractus sexcinctus,Euphractus sexcinctus,Euphractus sexcinctus,Euphractus sexcinctus,Euphractus sexcinctus,Dasypus novemcinctus,Dasypus novemcinctus,Dasypus novemcinctus,Euphractus sexcinctus,Euphractus sexcinctus,Euphractus sexcinctus,Euphractus sexcinctus,Euphractus,Chlamyphoridae,1,Bajo
1024,Euphractus sexcinctus,Dasypus novemcinctus,Dasypus novemcinctus,Euphractus sexcinctus,Dasypus novemcinctus,Dasypus novemcinctus,Dasypus novemcinctus,Dasypus novemcinctus,Dasypus novemcinctus,Dasypus novemcinctus,Dasypus novemcinctus,Dasypus novemcinctus,Euphractus,Chlamyphoridae,1,Bajo
1025,Euphractus sexcinctus,Euphractus sexcinctus,Dasypus novemcinctus,Dasypus novemcinctus,Dasypus novemcinctus,Dasypus novemcinctus,Dasypus novemcinctus,Dasypus novemcinctus,Dasypus novemcinctus,Dasypus novemcinctus,Dasypus novemcinctus,Euphractus sexcinctus,Euphractus,Chlamyphoridae,1,Bajo
1027,Euphractus sexcinctus,Cabassous tatouay,Cabassous tatouay,Cabassous tatouay,Cuniculus paca,Dasypus novemcinctus,Dasypus novemcinctus,Dasypus novemcinctus,Cabassous tatouay,Cabassous tatouay,Cabassous tatouay,Cabassous tatouay,Euphractus,Chlamyphoridae,1,Bajo
1028,Euphractus sexcinctus,Euphractus sexcinctus,Dasypus novemcinctus,Dasypus novemcinctus,Dasypus novemcinctus,Euphractus sexcinctus,Dasypus novemcinctus,Euphractus sexcinctus,Dasypus novemcinctus,Dasypus novemcinctus,Dasypus novemcinctus,Euphractus sexcinctus,Euphractus,Chlamyphoridae,1,Bajo
1029,Euphractus sexcinctus,Euphractus sexcinctus,Euphractus sexcinctus,Euphractus sexcinctus,Euphractus sexcinctus,Euphractus sexcinctus,Dasypus novemcinctus,Euphractus sexcinctus,Euphractus sexcinctus,Euphractus sexcinctus,Euphractus sexcinctus,Euphractus sexcinctus,Euphractus,Chlamyphoridae,1,Bajo
1030,Euphractus sexcinctus,Euphractus sexcinctus,Dasypus novemcinctus,Dasypus novemcinctus,Euphractus sexcinctus,Dasypus novemcinctus,Dasypus novemcinctus,Euphractus sexcinctus,Dasypus novemcinctus,Dasypus novemcinctus,Dasypus novemcinctus,Euphractus sexcinctus,Euphractus,Chlamyphoridae,1,Bajo
1031,Euphractus sexcinctus,Cabassous tatouay,Cabassous tatouay,Dasypus novemcinctus,Dasypus novemcinctus,Dasypus novemcinctus,Dasypus novemcinctus,Dasypus novemcinctus,Cabassous tatouay,Cabassous tatouay,Cabassous tatouay,Cabassous tatouay,Euphractus,Chlamyphoridae,1,Bajo
1032,Euphractus sexcinctus,Dasypus novemcinctus,Dasypus novemcinctus,Dasypus novemcinctus,Dasypus novemcinctus,Dasypus novemcinctus,Dasypus novemcinctus,Dasypus novemcinctus,Dasypus novemcinctus,Dasypus novemcinctus,Dasypus novemcinctus,Dasypus novemcinctus,Euphractus,Chlamyphoridae,1,Bajo
1033,Euphractus sexcinctus,Dasypus novemcinctus,Dasypus novemcinctus,Dasypus novemcinctus,Dasypus novemcinctus,Dasypus novemcinctus,Dasypus novemcinctus,Dasypus novemcinctus,Dasypus novemcinctus,Dasypus novemcinctus,Dasypus novemcinctus,Dasypus novemcinctus,Euphractus,Chlamyphoridae,1,Bajo
1034,Euphractus sexcinctus,Euphractus sexcinctus,Dasypus novemcinctus,Dasypus novemcinctus,Euphractus sexcinctus,Dasypus novemcinctus,Dasypus novemcinctus,Dasypus novemcinctus,Dasypus novemcinctus,Dasypus novemcinctus,Dasypus novemcinctus,Euphractus sexcinctus,Euphractus,Chlamyphoridae,1,Bajo
1035,Euphractus sexcinctus,Dasypus novemcinctus,Dasypus novemcinctus,Dasypus novemcinctus,Dasypus novemcinctus,Dasypus novemcinctus,Dasypus novemcinctus,Dasypus novemcinctus,Dasypus novemcinctus,Dasypus novemcinctus,Dasypus novemcinctus,Dasypus novemcinctus,Euphractus,Chlamyphoridae,1,Bajo
1039,Euphractus sexcinctus,Euphractus sexcinctus,Dasypus novemcinctus,Dasypus novemcinctus,Dasypus novemcinctus,Dasypus novemcinctus,Dasypus novemcinctus,Dasypus novemcinctus,Dasypus novemcinctus,Dasypus novemcinctus,Dasypus novemcinctus,Euphractus sexcinctus,Euphractus,Chlamyphoridae,1,Bajo
1040,Euphractus sexcinctus,Cabassous tatouay,Cabassous tatouay,Dasypus novemcinctus,Dasypus novemcinctus,Dasypus novemcinctus,Dasypus novemcinctus,Dasypus novemcinctus,Cabassous tatouay,Cabassous tatouay,Cabassous tatouay,Cabassous tatouay,Euphractus,Chlamyphoridae,1,Bajo
1041,Euphractus sexcinctus,Dasypus novemcinctus,Dasypus novemcinctus,Dasypus novemcinctus,Dasypus novemcinctus,Dasypus novemcinctus,Dasypus novemcinctus,Dasypus novemcinctus,Dasypus novemcinctus,Dasypus novemcinctus,Dasypus novemcinctus,Dasypus novemcinctus,Euphractus,Chlamyphoridae,1,Bajo
1042,Euphractus sexcinctus,Euphractus sexcinctus,Dasypus novemcinctus,Dasypus novemcinctus,Dasypus novemcinctus,Dasypus novemcinctus,Dasypus novemcinctus,Dasypus novemcinctus,Dasypus novemcinctus,Dasypus novemcinctus,Dasypus novemcinctus,Euphractus sexcinctus,Euphractus,Chlamyphoridae,1,Bajo
1044,Euphractus sexcinctus,Euphractus sexcinctus,Dasypus novemcinctus,Dasypus novemcinctus,Dasypus novemcinctus,Dasypus novemcinctus,Dasypus novemcinctus,Dasypus novemcinctus,Dasypus novemcinctus,Dasypus novemcinctus,Dasypus novemcinctus,Euphractus sexcinctus,Euphractus,Chlamyphoridae,1,Bajo
1046,Euphractus sexcinctus,Euphractus sexcinctus,Dasypus novemcinctus,Euphractus sexcinctus,Euphractus sexcinctus,Dasypus novemcinctus,Dasypus novemcinctus,Dasypus novemcinctus,Dasypus novemcinctus,Dasypus novemcinctus,Dasypus novemcinctus,Euphractus sexcinctus,Euphractus,Chlamyphoridae,1,Bajo
1048,Euphractus sexcinctus,Euphractus sexcinctus,Dasypus novemcinctus,Euphractus sexcinctus,Dasypus novemcinctus,Dasypus novemcinctus,Dasypus novemcinctus,Dasypus novemcinctus,Dasypus novemcinctus,Dasypus novemcinctus,Dasypus novemcinctus,Euphractus sexcinctus,Euphractus,Chlamyphoridae,1,Bajo
1049,Euphractus sexcinctus,Tamandua tetradactyla,Euphractus sexcinctus,Dasypus novemcinctus,Dasypus novemcinctus,Tamandua tetradactyla,Tamandua tetradactyla,Dasypus novemcinctus,Euphractus sexcinctus,Euphractus sexcinctus,Euphractus sexcinctus,Tamandua tetradactyla,Euphractus,Chlamyphoridae,1,Bajo
1050,Euphractus sexcinctus,Euphractus sexcinctus,Dasypus novemcinctus,Euphractus sexcinctus,Dasypus novemcinctus,Dasypus novemcinctus,Dasypus novemcinctus,Dasypus novemcinctus,Dasypus novemcinctus,Dasypus novemcinctus,Dasypus novemcinctus,Euphractus sexcinctus,Euphractus,Chlamyphoridae,1,Bajo
1051,Euphractus sexcinctus,Euphractus sexcinctus,Dasypus novemcinctus,Euphractus sexcinctus,Euphractus sexcinctus,Dasypus novemcinctus,Dasypus novemcinctus,Dasypus novemcinctus,Dasypus novemcinctus,Dasypus novemcinctus,Dasypus novemcinctus,Euphractus sexcinctus,Euphractus,Chlamyphoridae,1,Bajo
1052,Euphractus sexcinctus,Dasypus novemcinctus,Dasypus novemcinctus,Euphractus sexcinctus,Dasypus novemcinctus,Dasypus novemcinctus,Dasypus novemcinctus,Dasypus novemcinctus,Dasypus novemcinctus,Dasypus novemcinctus,Dasypus novemcinctus,Dasypus novemcinctus,Euphractus,Chlamyphoridae,1,Bajo
1053,Euphractus sexcinctus,Euphractus sexcinctus,Euphractus sexcinctus,Euphractus sexcinctus,Dasypus novemcinctus,Dasypus novemcinctus,Dasypus novemcinctus,Dasypus novemcinctus,Euphractus sexcinctus,Euphractus sexcinctus,Euphractus sexcinctus,Euphractus sexcinctus,Euphractus,Chlamyphoridae,1,Bajo
1054,Euphractus sexcinctus,Cuniculus paca,Cuniculus paca,Cuniculus paca,Cuniculus paca,Cerdocyon thous,Cerdocyon thous,Cerdocyon thous,Cuniculus paca,Cuniculus paca,Cuniculus paca,Cuniculus paca,Euphractus,Chlamyphoridae,1,Bajo
1055,Euphractus sexcinctus,Cabassous tatouay,Cabassous tatouay,Dasypus novemcinctus,Dasypus novemcinctus,Dasypus novemcinctus,Dasypus novemcinctus,Dasypus novemcinctus,Cabassous tatouay,Cabassous tatouay,Cabassous tatouay,Cabassous tatouay,Euphractus,Chlamyphoridae,1,Bajo
1056,Euphractus sexcinctus,Euphractus sexcinctus,Dasypus novemcinctus,Dasypus novemcinctus,Dasypus novemcinctus,Dasypus novemcinctus,Dasypus novemcinctus,Dasypus novemcinctus,Dasypus novemcinctus,Dasypus novemcinctus,Dasypus novemcinctus,Euphractus sexcinctus,Euphractus,Chlamyphoridae,1,Bajo
1057,Euphractus sexcinctus,Euphractus sexcinctus,Euphractus sexcinctus,Euphractus sexcinctus,Euphractus sexcinctus,Dasypus novemcinctus,Dasypus novemcinctus,Euphractus sexcinctus,Euphractus sexcinctus,Euphractus sexcinctus,Euphractus sexcinctus,Euphractus sexcinctus,Euphractus,Chlamyphoridae,1,Bajo
1058,Euphractus sexcinctus,Euphractus sexcinctus,Euphractus sexcinctus,Euphractus sexcinctus,Dasypus novemcinctus,Dasypus novemcinctus,Dasypus novemcinctus,Euphractus sexcinctus,Euphractus sexcinctus,Euphractus sexcinctus,Euphractus sexcinctus,Euphractus sexcinctus,Euphractus,Chlamyphoridae,1,Bajo
1059,Geotrygon montana,Geotrygon montana,Geotrygon montana,Leptotila rufaxilla,Leptotila rufaxilla,Geotrygon montana,Leptotila rufaxilla,Leptotila verreauxi,Geotrygon montana,Geotrygon montana,Geotrygon montana,Geotrygon montana,Geotrygon,Columbidae,1,Bajo
1060,Geotrygon montana,Salvator merianae,Leopardus pardalis,Didelphis albiventris,Nyctidromus albicollis,Leptotila rufaxilla,Nyctidromus albicollis,Salvator merianae,Leopardus pardalis,Leopardus pardalis,Leopardus pardalis,Salvator merianae,Geotrygon,Columbidae,1,Bajo
1061,Geotrygon montana,Geotrygon montana,Geotrygon montana,Crypturellus obsoletus,Geotrygon montana,Habia rubica,Leptotila rufaxilla,Leptotila rufaxilla,Geotrygon montana,Geotrygon montana,Geotrygon montana,Geotrygon montana,Geotrygon,Columbidae,1,Bajo
1062,Geotrygon montana,Crypturellus obsoletus,Geotrygon montana,Geotrygon montana,Geotrygon montana,Leptotila rufaxilla,Crypturellus obsoletus,Geotrygon montana,Geotrygon montana,Geotrygon montana,Geotrygon montana,Crypturellus obsoletus,Geotrygon,Columbidae,1,Bajo
1063,Geotrygon montana,Crypturellus obsoletus,Geotrygon montana,Crypturellus obsoletus,Crypturellus obsoletus,Geotrygon montana,Tinamus solitarius,Crypturellus tataupa,Geotrygon montana,Geotrygon montana,Geotrygon montana,Crypturellus obsoletus,Geotrygon,Columbidae,1,Bajo
1065,Geotrygon montana,Geotrygon montana,Leptotila rufaxilla,Crypturellus obsoletus,Crypturellus tataupa,Leptotila rufaxilla,Leptotila rufaxilla,Leptotila rufaxilla,Leptotila rufaxilla,Leptotila rufaxilla,Leptotila rufaxilla,Geotrygon montana,Geotrygon,Columbidae,1,Bajo
1066,Geotrygon montana,Leptotila rufaxilla,Crypturellus tataupa,Crypturellus tataupa,Geotrygon montana,Leptotila rufaxilla,Leptotila rufaxilla,Leptotila rufaxilla,Crypturellus tataupa,Crypturellus tataupa,Crypturellus tataupa,Leptotila rufaxilla,Geotrygon,Columbidae,1,Bajo
1067,Geotrygon montana,Crypturellus obsoletus,Geotrygon montana,Crypturellus obsoletus,Crypturellus obsoletus,Crypturellus obsoletus,Tinamus solitarius,Crypturellus obsoletus,Geotrygon montana,Geotrygon montana,Geotrygon montana,Crypturellus obsoletus,Geotrygon,Columbidae,1,Bajo
1068,Geotrygon montana,Geotrygon montana,Leptotila rufaxilla,Leptotila rufaxilla,Leptotila rufaxilla,Geotrygon montana,Leptotila rufaxilla,Leptotila rufaxilla,Leptotila rufaxilla,Leptotila rufaxilla,Leptotila rufaxilla,Geotrygon montana,Geotrygon,Columbidae,1,Bajo
1069,Geotrygon montana,Leptotila rufaxilla,Leptotila verreauxi,Aramides saracura,Crypturellus tataupa,Leptotila rufaxilla,Leptotila rufaxilla,Leptotila rufaxilla,Leptotila verreauxi,Leptotila verreauxi,Leptotila verreauxi,Leptotila rufaxilla,Geotrygon,Columbidae,1,Bajo
1070,Geotrygon montana,Geotrygon montana,Geotrygon montana,Geotrygon montana,Geotrygon montana,Geotrygon montana,Leptotila rufaxilla,Geotrygon montana,Geotrygon montana,Geotrygon montana,Geotrygon montana,Geotrygon montana,Geotrygon,Columbidae,1,Bajo
1071,Geotrygon montana,Nyctidromus albicollis,Leptotila rufaxilla,Brotogeris chiriri,Brotogeris chiriri,Leptotila rufaxilla,Leptotila verreauxi,Leptotila rufaxilla,Leptotila rufaxilla,Leptotila rufaxilla,Leptotila rufaxilla,Nyctidromus albicollis,Geotrygon,Columbidae,1,Bajo
1072,Geotrygon montana,Leptotila rufaxilla,Geotrygon montana,Geotrygon montana,Leptotila rufaxilla,Leptotila rufaxilla,Leptotila rufaxilla,Leptotila rufaxilla,Geotrygon montana,Geotrygon montana,Geotrygon montana,Leptotila rufaxilla,Geotrygon,Columbidae,1,Bajo
1073,Geotrygon montana,Geotrygon montana,Geotrygon montana,Aramides saracura,Aramides saracura,Geotrygon montana,Crypturellus obsoletus,Geotrygon montana,Geotrygon montana,Geotrygon montana,Geotrygon montana,Geotrygon montana,Geotrygon,Columbidae,1,Bajo
1074,Geotrygon montana,Geotrygon montana,Geotrygon montana,Leptotila rufaxilla,Leptotila rufaxilla,Geotrygon montana,Leptotila rufaxilla,Leptotila verreauxi,Geotrygon montana,Geotrygon montana,Geotrygon montana,Geotrygon montana,Geotrygon,Columbidae,1,Bajo
1075,Geotrygon montana,Crypturellus obsoletus,Leptotila rufaxilla,Crypturellus obsoletus,Crypturellus obsoletus,Crypturellus obsoletus,Crypturellus obsoletus,Crypturellus obsoletus,Leptotila rufaxilla,Leptotila rufaxilla,Leptotila rufaxilla,Crypturellus obsoletus,Geotrygon,Columbidae,1,Bajo
1076,Geotrygon montana,Geotrygon montana,Geotrygon montana,Geotrygon montana,Geotrygon montana,Geotrygon montana,Leptotila rufaxilla,Pipile jacutinga,Geotrygon montana,Geotrygon montana,Geotrygon montana,Geotrygon montana,Geotrygon,Columbidae,1,Bajo
1077,Geotrygon montana,Geotrygon montana,Geotrygon montana,Geotrygon montana,Geotrygon montana,Geotrygon montana,Leptotila rufaxilla,Geotrygon montana,Geotrygon montana,Geotrygon montana,Geotrygon montana,Geotrygon montana,Geotrygon,Columbidae,1,Bajo
1079,Geotrygon montana,Geotrygon montana,Geotrygon montana,Leptotila rufaxilla,Geotrygon montana,Leptotila rufaxilla,Leptotila rufaxilla,Leptotila rufaxilla,Geotrygon montana,Geotrygon montana,Geotrygon montana,Geotrygon montana,Geotrygon,Columbidae,1,Bajo
1081,Geotrygon montana,Geotrygon montana,Geotrygon montana,Leptotila rufaxilla,Leptotila rufaxilla,Leptotila rufaxilla,Leptotila rufaxilla,Leptotila rufaxilla,Geotrygon montana,Geotrygon montana,Geotrygon montana,Geotrygon montana,Geotrygon,Columbidae,1,Bajo
1082,Geotrygon montana,Geotrygon montana,Geotrygon montana,Geotrygon montana,Geotrygon montana,Geotrygon montana,Leptotila rufaxilla,Leptotila verreauxi,Geotrygon montana,Geotrygon montana,Geotrygon montana,Geotrygon montana,Geotrygon,Columbidae,1,Bajo
1083,Geotrygon montana,Cuniculus paca,Aramides saracura,Aramides saracura,Aramides saracura,Aramides saracura,Aramides saracura,Crypturellus tataupa,Aramides saracura,Aramides saracura,Aramides saracura,Cuniculus paca,Geotrygon,Columbidae,1,Bajo
1085,Geotrygon montana,Geotrygon montana,Synallaxis ruficapilla,Geotrygon montana,Aramides saracura,Nyctidromus albicollis,Aramides saracura,Aramides saracura,Synallaxis ruficapilla,Synallaxis ruficapilla,Synallaxis ruficapilla,Geotrygon montana,Geotrygon,Columbidae,1,Bajo
1087,Geotrygon montana,Geotrygon montana,Geotrygon montana,Geotrygon montana,Geotrygon montana,Geotrygon montana,Leptotila rufaxilla,Geotrygon montana,Geotrygon montana,Geotrygon montana,Geotrygon montana,Geotrygon montana,Geotrygon,Columbidae,1,Bajo
1088,Geotrygon montana,Geotrygon montana,Geotrygon montana,Leptotila rufaxilla,Leptotila rufaxilla,Leptotila rufaxilla,Leptotila rufaxilla,Leptotila rufaxilla,Geotrygon montana,Geotrygon montana,Geotrygon montana,Geotrygon montana,Geotrygon,Columbidae,1,Bajo
1090,Geotrygon montana,Nyctidromus albicollis,Geotrygon montana,Geotrygon montana,Geotrygon montana,Geotrygon montana,Hydropsalis torquata,Hydropsalis torquata,Geotrygon montana,Geotrygon montana,Geotrygon montana,Nyctidromus albicollis,Geotrygon,Columbidae,1,Bajo
1091,Leptotila rufaxilla,Leptotila rufaxilla,Leptotila rufaxilla,Leptotila rufaxilla,Leptotila rufaxilla,Leptotila rufaxilla,Leptotila rufaxilla,Leptotila rufaxilla,Leptotila rufaxilla,Leptotila rufaxilla,Leptotila rufaxilla,Leptotila rufaxilla,Leptotila,Columbidae,1,Bajo
1092,Leptotila rufaxilla,Leptotila rufaxilla,Leptotila rufaxilla,Leptotila rufaxilla,Leptotila rufaxilla,Leptotila rufaxilla,Leptotila rufaxilla,Leptotila rufaxilla,Leptotila rufaxilla,Leptotila rufaxilla,Leptotila rufaxilla,Leptotila rufaxilla,Leptotila,Columbidae,1,Bajo
1093,Leptotila rufaxilla,Leptotila rufaxilla,Geotrygon montana,Leptotila rufaxilla,Leptotila rufaxilla,Leptotila rufaxilla,Leptotila rufaxilla,Leptotila rufaxilla,Geotrygon montana,Geotrygon montana,Geotrygon montana,Leptotila rufaxilla,Leptotila,Columbidae,1,Bajo
1096,Leptotila rufaxilla,Leptotila rufaxilla,Leptotila rufaxilla,Leptotila rufaxilla,Leptotila rufaxilla,Leptotila rufaxilla,Leptotila rufaxilla,Leptotila rufaxilla,Leptotila rufaxilla,Leptotila rufaxilla,Leptotila rufaxilla,Leptotila rufaxilla,Leptotila,Columbidae,1,Bajo
1097,Leptotila rufaxilla,Leptotila rufaxilla,Leptotila rufaxilla,Leptotila rufaxilla,Leptotila rufaxilla,Leptotila rufaxilla,Leptotila rufaxilla,Leptotila rufaxilla,Leptotila rufaxilla,Leptotila rufaxilla,Leptotila rufaxilla,Leptotila rufaxilla,Leptotila,Columbidae,1,Bajo
1098,Leptotila rufaxilla,Leptotila rufaxilla,Leptotila rufaxilla,Leptotila rufaxilla,Leptotila rufaxilla,Leptotila rufaxilla,Leptotila rufaxilla,Leptotila rufaxilla,Leptotila rufaxilla,Leptotila rufaxilla,Leptotila rufaxilla,Leptotila rufaxilla,Leptotila,Columbidae,1,Bajo
1099,Leptotila rufaxilla,Leptotila rufaxilla,Leptotila verreauxi,Leptotila verreauxi,Leptotila rufaxilla,Leptotila rufaxilla,Leptotila rufaxilla,Leptotila rufaxilla,Leptotila verreauxi,Leptotila verreauxi,Leptotila verreauxi,Leptotila rufaxilla,Leptotila,Columbidae,1,Bajo
1100,Leptotila rufaxilla,Leptotila verreauxi,Leptotila rufaxilla,Leptotila rufaxilla,Leptotila rufaxilla,Leptotila verreauxi,Leptotila verreauxi,Leptotila verreauxi,Leptotila rufaxilla,Leptotila rufaxilla,Leptotila rufaxilla,Leptotila verreauxi,Leptotila,Columbidae,1,Bajo
1101,Leptotila rufaxilla,Leptotila verreauxi,Leptotila rufaxilla,Leptotila rufaxilla,Leptotila rufaxilla,Leptotila rufaxilla,Leptotila rufaxilla,Leptotila verreauxi,Leptotila rufaxilla,Leptotila rufaxilla,Leptotila rufaxilla,Leptotila verreauxi,Leptotila,Columbidae,1,Bajo
1102,Leptotila rufaxilla,Leptotila rufaxilla,Leptotila rufaxilla,Leptotila rufaxilla,Leptotila rufaxilla,Leptotila rufaxilla,Leptotila rufaxilla,Leptotila rufaxilla,Leptotila rufaxilla,Leptotila rufaxilla,Leptotila rufaxilla,Leptotila rufaxilla,Leptotila,Columbidae,1,Bajo
1103,Leptotila rufaxilla,Leptotila rufaxilla,Leptotila rufaxilla,Leptotila rufaxilla,Leptotila rufaxilla,Leptotila rufaxilla,Leptotila rufaxilla,Leptotila rufaxilla,Leptotila rufaxilla,Leptotila rufaxilla,Leptotila rufaxilla,Leptotila rufaxilla,Leptotila,Columbidae,1,Bajo
1104,Leptotila rufaxilla,Leptotila rufaxilla,Leptotila rufaxilla,Leptotila rufaxilla,Leptotila rufaxilla,Leptotila rufaxilla,Leptotila rufaxilla,Leptotila rufaxilla,Leptotila rufaxilla,Leptotila rufaxilla,Leptotila rufaxilla,Leptotila rufaxilla,Leptotila,Columbidae,1,Bajo
1105,Leptotila rufaxilla,Leptotila rufaxilla,Leptotila rufaxilla,Leptotila rufaxilla,Leptotila rufaxilla,Leptotila rufaxilla,Leptotila rufaxilla,Leptotila rufaxilla,Leptotila rufaxilla,Leptotila rufaxilla,Leptotila rufaxilla,Leptotila rufaxilla,Leptotila,Columbidae,1,Bajo
1106,Leptotila rufaxilla,Leptotila rufaxilla,Leptotila rufaxilla,Leptotila rufaxilla,Leptotila rufaxilla,Leptotila rufaxilla,Leptotila rufaxilla,Leptotila rufaxilla,Leptotila rufaxilla,Leptotila rufaxilla,Leptotila rufaxilla,Leptotila rufaxilla,Leptotila,Columbidae,1,Bajo
1107,Leptotila rufaxilla,Leptotila rufaxilla,Leptotila rufaxilla,Leptotila rufaxilla,Leptotila rufaxilla,Leptotila rufaxilla,Leptotila rufaxilla,Leptotila verreauxi,Leptotila rufaxilla,Leptotila rufaxilla,Leptotila rufaxilla,Leptotila rufaxilla,Leptotila,Columbidae,1,Bajo
1109,Leptotila rufaxilla,Leptotila rufaxilla,Leptotila rufaxilla,Leptotila rufaxilla,Leptotila rufaxilla,Leptotila rufaxilla,Leptotila rufaxilla,Leptotila verreauxi,Leptotila rufaxilla,Leptotila rufaxilla,Leptotila rufaxilla,Leptotila rufaxilla,Leptotila,Columbidae,1,Bajo
1110,Leptotila rufaxilla,Leptotila rufaxilla,Leptotila rufaxilla,Leptotila rufaxilla,Leptotila rufaxilla,Leptotila rufaxilla,Leptotila rufaxilla,Leptotila rufaxilla,Leptotila rufaxilla,Leptotila rufaxilla,Leptotila rufaxilla,Leptotila rufaxilla,Leptotila,Columbidae,1,Bajo
1111,Leptotila rufaxilla,Leptotila rufaxilla,Leptotila rufaxilla,Leptotila rufaxilla,Leptotila rufaxilla,Leptotila rufaxilla,Leptotila rufaxilla,Leptotila rufaxilla,Leptotila rufaxilla,Leptotila rufaxilla,Leptotila rufaxilla,Leptotila rufaxilla,Leptotila,Columbidae,1,Bajo
1112,Leptotila rufaxilla,Leptotila rufaxilla,Leptotila rufaxilla,Leptotila rufaxilla,Leptotila rufaxilla,Leptotila rufaxilla,Leptotila rufaxilla,Leptotila rufaxilla,Leptotila rufaxilla,Leptotila rufaxilla,Leptotila rufaxilla,Leptotila rufaxilla,Leptotila,Columbidae,1,Bajo
1113,Leptotila rufaxilla,Leptotila rufaxilla,Leptotila rufaxilla,Leptotila rufaxilla,Leptotila rufaxilla,Leptotila verreauxi,Leptotila rufaxilla,Leptotila verreauxi,Leptotila rufaxilla,Leptotila rufaxilla,Leptotila rufaxilla,Leptotila rufaxilla,Leptotila,Columbidae,1,Bajo
1114,Leptotila rufaxilla,Leptotila rufaxilla,Leptotila rufaxilla,Leptotila rufaxilla,Leptotila rufaxilla,Leptotila rufaxilla,Leptotila rufaxilla,Leptotila rufaxilla,Leptotila rufaxilla,Leptotila rufaxilla,Leptotila rufaxilla,Leptotila rufaxilla,Leptotila,Columbidae,1,Bajo
1115,Leptotila rufaxilla,Leptotila rufaxilla,Geotrygon montana,Leptotila rufaxilla,Leptotila rufaxilla,Leptotila rufaxilla,Leptotila rufaxilla,Leptotila rufaxilla,Geotrygon montana,Geotrygon montana,Geotrygon montana,Leptotila rufaxilla,Leptotila,Columbidae,1,Bajo
1116,Leptotila rufaxilla,Geotrygon montana,Geotrygon montana,Geotrygon montana,Geotrygon montana,Geotrygon montana,Leptotila rufaxilla,Leptotila verreauxi,Geotrygon montana,Geotrygon montana,Geotrygon montana,Geotrygon montana,Leptotila,Columbidae,1,Bajo
1117,Leptotila rufaxilla,Leptotila rufaxilla,Leptotila rufaxilla,Leptotila rufaxilla,Leptotila rufaxilla,Leptotila rufaxilla,Leptotila rufaxilla,Leptotila rufaxilla,Leptotila rufaxilla,Leptotila rufaxilla,Leptotila rufaxilla,Leptotila rufaxilla,Leptotila,Columbidae,1,Bajo
1118,Leptotila rufaxilla,Leptotila rufaxilla,Leptotila rufaxilla,Leptotila rufaxilla,Leptotila rufaxilla,Leptotila rufaxilla,Leptotila rufaxilla,Leptotila rufaxilla,Leptotila rufaxilla,Leptotila rufaxilla,Leptotila rufaxilla,Leptotila rufaxilla,Leptotila,Columbidae,1,Bajo
1120,Leptotila rufaxilla,Leptotila rufaxilla,Leptotila rufaxilla,Leptotila rufaxilla,Leptotila rufaxilla,Leptotila rufaxilla,Leptotila rufaxilla,Leptotila verreauxi,Leptotila rufaxilla,Leptotila rufaxilla,Leptotila rufaxilla,Leptotila rufaxilla,Leptotila,Columbidae,1,Bajo
1121,Leptotila rufaxilla,Leptotila rufaxilla,Leptotila rufaxilla,Leptotila rufaxilla,Leptotila rufaxilla,Leptotila rufaxilla,Leptotila rufaxilla,Leptotila rufaxilla,Leptotila rufaxilla,Leptotila rufaxilla,Leptotila rufaxilla,Leptotila rufaxilla,Leptotila,Columbidae,1,Bajo
1122,Leptotila rufaxilla,Leptotila rufaxilla,Leptotila rufaxilla,Leptotila rufaxilla,Leptotila rufaxilla,Leptotila rufaxilla,Leptotila rufaxilla,Leptotila rufaxilla,Leptotila rufaxilla,Leptotila rufaxilla,Leptotila rufaxilla,Leptotila rufaxilla,Leptotila,Columbidae,1,Bajo
1125,Leptotila rufaxilla,Leptotila rufaxilla,Leptotila rufaxilla,Leptotila rufaxilla,Leptotila rufaxilla,Leptotila rufaxilla,Leptotila rufaxilla,Leptotila rufaxilla,Leptotila rufaxilla,Leptotila rufaxilla,Leptotila rufaxilla,Leptotila rufaxilla,Leptotila,Columbidae,1,Bajo
1127,Leptotila rufaxilla,Leptotila rufaxilla,Leptotila rufaxilla,Leptotila rufaxilla,Leptotila rufaxilla,Leptotila rufaxilla,Leptotila rufaxilla,Leptotila rufaxilla,Leptotila rufaxilla,Leptotila rufaxilla,Leptotila rufaxilla,Leptotila rufaxilla,Leptotila,Columbidae,1,Bajo
1128,Leptotila rufaxilla,Leptotila rufaxilla,Leptotila rufaxilla,Leptotila rufaxilla,Leptotila rufaxilla,Leptotila rufaxilla,Leptotila rufaxilla,Leptotila rufaxilla,Leptotila rufaxilla,Leptotila rufaxilla,Leptotila rufaxilla,Leptotila rufaxilla,Leptotila,Columbidae,1,Bajo
1129,Leptotila rufaxilla,Leptotila verreauxi,Leptotila rufaxilla,Leptotila rufaxilla,Leptotila rufaxilla,Leptotila verreauxi,Leptotila verreauxi,Leptotila verreauxi,Leptotila rufaxilla,Leptotila rufaxilla,Leptotila rufaxilla,Leptotila verreauxi,Leptotila,Columbidae,1,Bajo
1131,Leptotila rufaxilla,Leptotila verreauxi,Leptotila rufaxilla,Leptotila rufaxilla,Leptotila rufaxilla,Leptotila rufaxilla,Leptotila verreauxi,Leptotila verreauxi,Leptotila rufaxilla,Leptotila rufaxilla,Leptotila rufaxilla,Leptotila verreauxi,Leptotila,Columbidae,1,Bajo
1132,Leptotila rufaxilla,Leptotila rufaxilla,Leptotila rufaxilla,Leptotila rufaxilla,Leptotila rufaxilla,Leptotila rufaxilla,Leptotila rufaxilla,Leptotila rufaxilla,Leptotila rufaxilla,Leptotila rufaxilla,Leptotila rufaxilla,Leptotila rufaxilla,Leptotila,Columbidae,1,Bajo
1133,Leptotila rufaxilla,Leptotila rufaxilla,Leptotila rufaxilla,Leptotila rufaxilla,Leptotila rufaxilla,Leptotila rufaxilla,Leptotila rufaxilla,Leptotila rufaxilla,Leptotila rufaxilla,Leptotila rufaxilla,Leptotila rufaxilla,Leptotila rufaxilla,Leptotila,Columbidae,1,Bajo
1134,Leptotila rufaxilla,Leptotila verreauxi,Leptotila verreauxi,Leptotila verreauxi,Leptotila verreauxi,Leptotila verreauxi,Leptotila verreauxi,Leptotila verreauxi,Leptotila verreauxi,Leptotila verreauxi,Leptotila verreauxi,Leptotila verreauxi,Leptotila,Columbidae,1,Bajo
1135,Leptotila rufaxilla,Leptotila rufaxilla,Geotrygon montana,Leptotila rufaxilla,Leptotila rufaxilla,Leptotila rufaxilla,Leptotila rufaxilla,Leptotila verreauxi,Geotrygon montana,Geotrygon montana,Geotrygon montana,Leptotila rufaxilla,Leptotila,Columbidae,1,Bajo
1137,Leptotila rufaxilla,Leptotila rufaxilla,Leptotila verreauxi,Leptotila verreauxi,Leptotila verreauxi,Leptotila rufaxilla,Leptotila rufaxilla,Leptotila verreauxi,Leptotila verreauxi,Leptotila verreauxi,Leptotila verreauxi,Leptotila rufaxilla,Leptotila,Columbidae,1,Bajo
1138,Leptotila rufaxilla,Geotrygon montana,Crypturellus obsoletus,Crypturellus obsoletus,Crypturellus obsoletus,Leptotila verreauxi,Leptotila verreauxi,Crypturellus obsoletus,Crypturellus obsoletus,Crypturellus obsoletus,Crypturellus obsoletus,Geotrygon montana,Leptotila,Columbidae,1,Bajo
1140,Leptotila rufaxilla,Leptotila rufaxilla,Leptotila rufaxilla,Leptotila rufaxilla,Leptotila rufaxilla,Leptotila rufaxilla,Leptotila rufaxilla,Leptotila rufaxilla,Leptotila rufaxilla,Leptotila rufaxilla,Leptotila rufaxilla,Leptotila rufaxilla,Leptotila,Columbidae,1,Bajo
1142,Leptotila rufaxilla,Leptotila rufaxilla,Leptotila rufaxilla,Leptotila rufaxilla,Leptotila rufaxilla,Leptotila rufaxilla,Leptotila rufaxilla,Leptotila rufaxilla,Leptotila rufaxilla,Leptotila rufaxilla,Leptotila rufaxilla,Leptotila rufaxilla,Leptotila,Columbidae,1,Bajo
1143,Leptotila rufaxilla,Leptotila rufaxilla,Leptotila rufaxilla,Leptotila rufaxilla,Leptotila rufaxilla,Leptotila rufaxilla,Leptotila rufaxilla,Leptotila rufaxilla,Leptotila rufaxilla,Leptotila rufaxilla,Leptotila rufaxilla,Leptotila rufaxilla,Leptotila,Columbidae,1,Bajo
1144,Leptotila rufaxilla,Leptotila rufaxilla,Leptotila rufaxilla,Leptotila rufaxilla,Leptotila rufaxilla,Leptotila rufaxilla,Leptotila rufaxilla,Leptotila rufaxilla,Leptotila rufaxilla,Leptotila rufaxilla,Leptotila rufaxilla,Leptotila rufaxilla,Leptotila,Columbidae,1,Bajo
1145,Leptotila rufaxilla,Leptotila rufaxilla,Leptotila rufaxilla,Leptotila rufaxilla,Leptotila rufaxilla,Leptotila rufaxilla,Leptotila rufaxilla,Leptotila rufaxilla,Leptotila rufaxilla,Leptotila rufaxilla,Leptotila rufaxilla,Leptotila rufaxilla,Leptotila,Columbidae,1,Bajo
1147,Leptotila rufaxilla,Leptotila rufaxilla,Leptotila rufaxilla,Leptotila rufaxilla,Leptotila rufaxilla,Leptotila verreauxi,Leptotila rufaxilla,Leptotila verreauxi,Leptotila rufaxilla,Leptotila rufaxilla,Leptotila rufaxilla,Leptotila rufaxilla,Leptotila,Columbidae,1,Bajo
1148,Leptotila rufaxilla,Leptotila rufaxilla,Leptotila rufaxilla,Leptotila rufaxilla,Leptotila rufaxilla,Leptotila rufaxilla,Leptotila rufaxilla,Leptotila rufaxilla,Leptotila rufaxilla,Leptotila rufaxilla,Leptotila rufaxilla,Leptotila rufaxilla,Leptotila,Columbidae,1,Bajo
1149,Leptotila rufaxilla,Leptotila rufaxilla,Leptotila verreauxi,Leptotila rufaxilla,Leptotila rufaxilla,Leptotila rufaxilla,Leptotila rufaxilla,Leptotila rufaxilla,Leptotila verreauxi,Leptotila verreauxi,Leptotila verreauxi,Leptotila rufaxilla,Leptotila,Columbidae,1,Bajo
1150,Leptotila rufaxilla,Leptotila verreauxi,Leptotila verreauxi,Leptotila verreauxi,Leptotila verreauxi,Leptotila verreauxi,Leptotila verreauxi,Leptotila verreauxi,Leptotila verreauxi,Leptotila verreauxi,Leptotila verreauxi,Leptotila verreauxi,Leptotila,Columbidae,1,Bajo
1151,Leptotila rufaxilla,Leptotila rufaxilla,Leptotila rufaxilla,Leptotila rufaxilla,Leptotila rufaxilla,Leptotila rufaxilla,Leptotila rufaxilla,Leptotila rufaxilla,Leptotila rufaxilla,Leptotila rufaxilla,Leptotila rufaxilla,Leptotila rufaxilla,Leptotila,Columbidae,1,Bajo
1152,Leptotila rufaxilla,Leptotila rufaxilla,Leptotila rufaxilla,Leptotila rufaxilla,Leptotila rufaxilla,Leptotila rufaxilla,Leptotila rufaxilla,Leptotila rufaxilla,Leptotila rufaxilla,Leptotila rufaxilla,Leptotila rufaxilla,Leptotila rufaxilla,Leptotila,Columbidae,1,Bajo
1153,Leptotila rufaxilla,Leptotila rufaxilla,Leptotila rufaxilla,Leptotila rufaxilla,Leptotila rufaxilla,Leptotila rufaxilla,Leptotila rufaxilla,Leptotila rufaxilla,Leptotila rufaxilla,Leptotila rufaxilla,Leptotila rufaxilla,Leptotila rufaxilla,Leptotila,Columbidae,1,Bajo
1155,Leptotila rufaxilla,Leptotila verreauxi,Leptotila rufaxilla,Leptotila rufaxilla,Leptotila verreauxi,Leptotila verreauxi,Leptotila verreauxi,Leptotila verreauxi,Leptotila rufaxilla,Leptotila rufaxilla,Leptotila rufaxilla,Leptotila verreauxi,Leptotila,Columbidae,1,Bajo
1156,Leptotila rufaxilla,Leptotila rufaxilla,Leptotila rufaxilla,Leptotila rufaxilla,Leptotila rufaxilla,Leptotila rufaxilla,Leptotila rufaxilla,Leptotila rufaxilla,Leptotila rufaxilla,Leptotila rufaxilla,Leptotila rufaxilla,Leptotila rufaxilla,Leptotila,Columbidae,1,Bajo
1157,Leptotila rufaxilla,Crypturellus obsoletus,Crypturellus obsoletus,Crypturellus obsoletus,Crypturellus obsoletus,Crypturellus obsoletus,Aramides saracura,Crypturellus obsoletus,Crypturellus obsoletus,Crypturellus obsoletus,Crypturellus obsoletus,Crypturellus obsoletus,Leptotila,Columbidae,1,Bajo
1158,Leptotila rufaxilla,Leptotila rufaxilla,Leptotila rufaxilla,Leptotila rufaxilla,Leptotila rufaxilla,Leptotila rufaxilla,Leptotila rufaxilla,Leptotila rufaxilla,Leptotila rufaxilla,Leptotila rufaxilla,Leptotila rufaxilla,Leptotila rufaxilla,Leptotila,Columbidae,1,Bajo
1159,Leptotila verreauxi,Leptotila verreauxi,Leptotila rufaxilla,Leptotila rufaxilla,Leptotila rufaxilla,Leptotila verreauxi,Leptotila verreauxi,Leptotila verreauxi,Leptotila rufaxilla,Leptotila rufaxilla,Leptotila rufaxilla,Leptotila verreauxi,Leptotila,Columbidae,1,Bajo
1161,Leptotila verreauxi,Leptotila rufaxilla,Geotrygon montana,Leptotila rufaxilla,Leptotila rufaxilla,Leptotila verreauxi,Leptotila rufaxilla,Leptotila verreauxi,Geotrygon montana,Geotrygon montana,Geotrygon montana,Leptotila rufaxilla,Leptotila,Columbidae,1,Bajo
1162,Leptotila verreauxi,Leptotila verreauxi,Leptotila rufaxilla,Leptotila rufaxilla,Leptotila rufaxilla,Leptotila verreauxi,Leptotila verreauxi,Leptotila rufaxilla,Leptotila rufaxilla,Leptotila rufaxilla,Leptotila rufaxilla,Leptotila verreauxi,Leptotila,Columbidae,1,Bajo
1163,Leptotila verreauxi,Leptotila rufaxilla,Leptotila rufaxilla,Leptotila rufaxilla,Leptotila rufaxilla,Leptotila rufaxilla,Leptotila rufaxilla,Leptotila rufaxilla,Leptotila rufaxilla,Leptotila rufaxilla,Leptotila rufaxilla,Leptotila rufaxilla,Leptotila,Columbidae,1,Bajo
1164,Leptotila verreauxi,Leptotila rufaxilla,Crypturellus obsoletus,Crypturellus obsoletus,Leptotila rufaxilla,Turdus rufiventris,Leptotila rufaxilla,Leptotila rufaxilla,Crypturellus obsoletus,Crypturellus obsoletus,Crypturellus obsoletus,Leptotila rufaxilla,Leptotila,Columbidae,1,Bajo
1165,Leptotila verreauxi,Leptotila verreauxi,Leptotila verreauxi,Leptotila verreauxi,Leptotila rufaxilla,Leptotila verreauxi,Leptotila verreauxi,Leptotila verreauxi,Leptotila verreauxi,Leptotila verreauxi,Leptotila verreauxi,Leptotila verreauxi,Leptotila,Columbidae,1,Bajo
1166,Leptotila verreauxi,Leptotila rufaxilla,Leptotila rufaxilla,Leptotila rufaxilla,Leptotila rufaxilla,Leptotila rufaxilla,Leptotila rufaxilla,Leptotila rufaxilla,Leptotila rufaxilla,Leptotila rufaxilla,Leptotila rufaxilla,Leptotila rufaxilla,Leptotila,Columbidae,1,Bajo
1167,Leptotila verreauxi,Leptotila verreauxi,Leptotila rufaxilla,Leptotila rufaxilla,Leptotila rufaxilla,Leptotila verreauxi,Leptotila rufaxilla,Leptotila rufaxilla,Leptotila rufaxilla,Leptotila rufaxilla,Leptotila rufaxilla,Leptotila verreauxi,Leptotila,Columbidae,1,Bajo
1168,Leptotila verreauxi,Leptotila rufaxilla,Leptotila rufaxilla,Leptotila rufaxilla,Leptotila rufaxilla,Leptotila rufaxilla,Leptotila rufaxilla,Leptotila rufaxilla,Leptotila rufaxilla,Leptotila rufaxilla,Leptotila rufaxilla,Leptotila rufaxilla,Leptotila,Columbidae,1,Bajo
1169,Leptotila verreauxi,Leptotila verreauxi,Leptotila verreauxi,Leptotila rufaxilla,Leptotila rufaxilla,Leptotila verreauxi,Leptotila verreauxi,Leptotila verreauxi,Leptotila verreauxi,Leptotila verreauxi,Leptotila verreauxi,Leptotila verreauxi,Leptotila,Columbidae,1,Bajo
1170,Leptotila verreauxi,Leptotila verreauxi,Leptotila rufaxilla,Leptotila rufaxilla,Leptotila rufaxilla,Leptotila verreauxi,Leptotila rufaxilla,Leptotila verreauxi,Leptotila rufaxilla,Leptotila rufaxilla,Leptotila rufaxilla,Leptotila verreauxi,Leptotila,Columbidae,1,Bajo
1171,Leptotila verreauxi,Leptotila verreauxi,Leptotila rufaxilla,Leptotila rufaxilla,Leptotila rufaxilla,Leptotila verreauxi,Leptotila verreauxi,Leptotila verreauxi,Leptotila rufaxilla,Leptotila rufaxilla,Leptotila rufaxilla,Leptotila verreauxi,Leptotila,Columbidae,1,Bajo
1172,Leptotila verreauxi,Leptotila verreauxi,Leptotila rufaxilla,Leptotila rufaxilla,Leptotila rufaxilla,Leptotila verreauxi,Leptotila verreauxi,Leptotila verreauxi,Leptotila rufaxilla,Leptotila rufaxilla,Leptotila rufaxilla,Leptotila verreauxi,Leptotila,Columbidae,1,Bajo
1173,Leptotila verreauxi,Leptotila rufaxilla,Leptotila rufaxilla,Leptotila rufaxilla,Leptotila rufaxilla,Leptotila verreauxi,Leptotila rufaxilla,Leptotila verreauxi,Leptotila rufaxilla,Leptotila rufaxilla,Leptotila rufaxilla,Leptotila verreauxi,Leptotila,Columbidae,1,Bajo
1174,Leptotila verreauxi,Leptotila verreauxi,Leptotila verreauxi,Leptotila verreauxi,Leptotila verreauxi,Leptotila verreauxi,Leptotila verreauxi,Leptotila verreauxi,Leptotila verreauxi,Leptotila verreauxi,Leptotila verreauxi,Leptotila verreauxi,Leptotila,Columbidae,1,Bajo
1175,Leptotila verreauxi,Odontophorus capueira,Crypturellus obsoletus,Chamaeza campanisona,Odontophorus capueira,Odontophorus capueira,Odontophorus capueira,Odontophorus capueira,Crypturellus obsoletus,Crypturellus obsoletus,Crypturellus obsoletus,Odontophorus capueira,Leptotila,Columbidae,1,Bajo
1176,Leptotila verreauxi,Leptotila rufaxilla,Leptotila rufaxilla,Leptotila rufaxilla,Leptotila rufaxilla,Leptotila rufaxilla,Leptotila rufaxilla,Leptotila verreauxi,Leptotila rufaxilla,Leptotila rufaxilla,Leptotila rufaxilla,Leptotila rufaxilla,Leptotila,Columbidae,1,Bajo
1177,Leptotila verreauxi,Leptotila verreauxi,Chamaeza campanisona,Leptotila rufaxilla,Leptotila rufaxilla,Leptotila verreauxi,Leptotila verreauxi,Leptotila verreauxi,Chamaeza campanisona,Chamaeza campanisona,Chamaeza campanisona,Leptotila verreauxi,Leptotila,Columbidae,1,Bajo
1178,Leptotila verreauxi,Crypturellus obsoletus,Tinamus solitarius,Crypturellus obsoletus,Crypturellus obsoletus,Leptotila verreauxi,Leptotila verreauxi,Crypturellus obsoletus,Tinamus solitarius,Tinamus solitarius,Tinamus solitarius,Crypturellus obsoletus,Leptotila,Columbidae,1,Bajo
1179,Leptotila verreauxi,Leptotila rufaxilla,Leptotila verreauxi,Leptotila rufaxilla,Leptotila verreauxi,Leptotila verreauxi,Leptotila rufaxilla,Leptotila rufaxilla,Leptotila verreauxi,Leptotila verreauxi,Leptotila verreauxi,Leptotila rufaxilla,Leptotila,Columbidae,1,Bajo
1181,Leptotila verreauxi,Leptotila verreauxi,Leptotila rufaxilla,Leptotila rufaxilla,Leptotila rufaxilla,Leptotila verreauxi,Leptotila verreauxi,Leptotila verreauxi,Leptotila rufaxilla,Leptotila rufaxilla,Leptotila rufaxilla,Leptotila verreauxi,Leptotila,Columbidae,1,Bajo
1183,Leptotila verreauxi,Leptotila verreauxi,Leptotila verreauxi,Leptotila rufaxilla,Leptotila rufaxilla,Leptotila verreauxi,Leptotila verreauxi,Leptotila rufaxilla,Leptotila verreauxi,Leptotila verreauxi,Leptotila verreauxi,Leptotila verreauxi,Leptotila,Columbidae,1,Bajo
1184,Leptotila verreauxi,Leptotila rufaxilla,Leptotila verreauxi,Leptotila rufaxilla,Leptotila rufaxilla,Leptotila rufaxilla,Leptotila rufaxilla,Leptotila rufaxilla,Leptotila verreauxi,Leptotila verreauxi,Leptotila verreauxi,Leptotila rufaxilla,Leptotila,Columbidae,1,Bajo
1185,Leptotila verreauxi,Leptotila verreauxi,Leptotila verreauxi,Leptotila rufaxilla,Leptotila rufaxilla,Leptotila rufaxilla,Leptotila verreauxi,Leptotila rufaxilla,Leptotila verreauxi,Leptotila verreauxi,Leptotila verreauxi,Leptotila verreauxi,Leptotila,Columbidae,1,Bajo
1186,Leptotila verreauxi,Leptotila rufaxilla,Leptotila rufaxilla,Leptotila rufaxilla,Leptotila rufaxilla,Leptotila verreauxi,Leptotila rufaxilla,Leptotila rufaxilla,Leptotila rufaxilla,Leptotila rufaxilla,Leptotila rufaxilla,Leptotila rufaxilla,Leptotila,Columbidae,1,Bajo
1187,Leptotila verreauxi,Leptotila rufaxilla,Leptotila rufaxilla,Leptotila rufaxilla,Leptotila rufaxilla,Leptotila rufaxilla,Leptotila rufaxilla,Leptotila rufaxilla,Leptotila rufaxilla,Leptotila rufaxilla,Leptotila rufaxilla,Leptotila rufaxilla,Leptotila,Columbidae,1,Bajo
1188,Leptotila verreauxi,Leptotila rufaxilla,Leptotila rufaxilla,Leptotila rufaxilla,Leptotila rufaxilla,Leptotila rufaxilla,Leptotila rufaxilla,Leptotila verreauxi,Leptotila rufaxilla,Leptotila rufaxilla,Leptotila rufaxilla,Leptotila rufaxilla,Leptotila,Columbidae,1,Bajo
1189,Leptotila verreauxi,Leptotila verreauxi,Leptotila verreauxi,Leptotila verreauxi,Leptotila rufaxilla,Leptotila rufaxilla,Leptotila verreauxi,Leptotila rufaxilla,Leptotila verreauxi,Leptotila verreauxi,Leptotila verreauxi,Leptotila verreauxi,Leptotila,Columbidae,1,Bajo
1190,Leptotila verreauxi,Leptotila verreauxi,Leptotila verreauxi,Leptotila verreauxi,Leptotila verreauxi,Leptotila verreauxi,Leptotila verreauxi,Leptotila verreauxi,Leptotila verreauxi,Leptotila verreauxi,Leptotila verreauxi,Leptotila verreauxi,Leptotila,Columbidae,1,Bajo
1191,Leptotila verreauxi,Leptotila rufaxilla,Leptotila rufaxilla,Leptotila rufaxilla,Leptotila rufaxilla,Leptotila rufaxilla,Leptotila rufaxilla,Leptotila rufaxilla,Leptotila rufaxilla,Leptotila rufaxilla,Leptotila rufaxilla,Leptotila rufaxilla,Leptotila,Columbidae,1,Bajo
1192,Leptotila verreauxi,Leptotila rufaxilla,Leptotila rufaxilla,Leptotila rufaxilla,Leptotila rufaxilla,Leptotila rufaxilla,Leptotila rufaxilla,Leptotila rufaxilla,Leptotila rufaxilla,Leptotila rufaxilla,Leptotila rufaxilla,Leptotila rufaxilla,Leptotila,Columbidae,1,Bajo
1194,Leptotila verreauxi,Leptotila verreauxi,Leptotila verreauxi,Leptotila verreauxi,Leptotila verreauxi,Leptotila verreauxi,Leptotila verreauxi,Leptotila verreauxi,Leptotila verreauxi,Leptotila verreauxi,Leptotila verreauxi,Leptotila verreauxi,Leptotila,Columbidae,1,Bajo
1195,Leptotila verreauxi,Leptotila verreauxi,Leptotila verreauxi,Leptotila verreauxi,Leptotila verreauxi,Leptotila verreauxi,Leptotila verreauxi,Leptotila verreauxi,Leptotila verreauxi,Leptotila verreauxi,Leptotila verreauxi,Leptotila verreauxi,Leptotila,Columbidae,1,Bajo
1198,Leptotila verreauxi,Leptotila verreauxi,Leptotila rufaxilla,Leptotila rufaxilla,Leptotila rufaxilla,Leptotila verreauxi,Leptotila verreauxi,Leptotila rufaxilla,Leptotila rufaxilla,Leptotila rufaxilla,Leptotila rufaxilla,Leptotila verreauxi,Leptotila,Columbidae,1,Bajo
1199,Leptotila verreauxi,Leptotila verreauxi,Leptotila verreauxi,Leptotila verreauxi,Leptotila rufaxilla,Leptotila verreauxi,Leptotila verreauxi,Leptotila verreauxi,Leptotila verreauxi,Leptotila verreauxi,Leptotila verreauxi,Leptotila verreauxi,Leptotila,Columbidae,1,Bajo
1200,Leptotila verreauxi,Leptotila verreauxi,Leptotila verreauxi,Leptotila verreauxi,Leptotila verreauxi,Leptotila verreauxi,Leptotila verreauxi,Leptotila verreauxi,Leptotila verreauxi,Leptotila verreauxi,Leptotila verreauxi,Leptotila verreauxi,Leptotila,Columbidae,1,Bajo
1201,Leptotila verreauxi,Leptotila rufaxilla,Leptotila rufaxilla,Leptotila rufaxilla,Leptotila rufaxilla,Leptotila rufaxilla,Leptotila rufaxilla,Leptotila rufaxilla,Leptotila rufaxilla,Leptotila rufaxilla,Leptotila rufaxilla,Leptotila rufaxilla,Leptotila,Columbidae,1,Bajo
1203,Leptotila verreauxi,Leptotila rufaxilla,Leptotila rufaxilla,Leptotila rufaxilla,Leptotila rufaxilla,Leptotila rufaxilla,Leptotila rufaxilla,Leptotila rufaxilla,Leptotila rufaxilla,Leptotila rufaxilla,Leptotila rufaxilla,Leptotila verreauxi,Leptotila,Columbidae,1,Bajo
1204,Leptotila verreauxi,Leptotila verreauxi,Leptotila rufaxilla,Leptotila rufaxilla,Leptotila rufaxilla,Leptotila verreauxi,Leptotila verreauxi,Leptotila verreauxi,Leptotila rufaxilla,Leptotila rufaxilla,Leptotila rufaxilla,Leptotila verreauxi,Leptotila,Columbidae,1,Bajo
1205,Leptotila verreauxi,Leptotila verreauxi,Geotrygon montana,Leptotila rufaxilla,Leptotila rufaxilla,Leptotila verreauxi,Leptotila rufaxilla,Leptotila rufaxilla,Geotrygon montana,Geotrygon montana,Geotrygon montana,Leptotila verreauxi,Leptotila,Columbidae,1,Bajo
1206,Leptotila verreauxi,Leptotila rufaxilla,Leptotila rufaxilla,Leptotila rufaxilla,Leptotila rufaxilla,Leptotila rufaxilla,Leptotila rufaxilla,Leptotila verreauxi,Leptotila rufaxilla,Leptotila rufaxilla,Leptotila rufaxilla,Leptotila rufaxilla,Leptotila,Columbidae,1,Bajo
1207,Leptotila verreauxi,Leptotila verreauxi,Leptotila verreauxi,Leptotila rufaxilla,Leptotila rufaxilla,Leptotila verreauxi,Leptotila verreauxi,Leptotila rufaxilla,Leptotila verreauxi,Leptotila verreauxi,Leptotila verreauxi,Leptotila verreauxi,Leptotila,Columbidae,1,Bajo
1209,Leptotila verreauxi,Leptotila verreauxi,Leptotila verreauxi,Leptotila verreauxi,Leptotila verreauxi,Leptotila verreauxi,Leptotila verreauxi,Turdus rufiventris,Leptotila verreauxi,Leptotila verreauxi,Leptotila verreauxi,Leptotila verreauxi,Leptotila,Columbidae,1,Bajo
1211,Leptotila verreauxi,Leptotila verreauxi,Leptotila verreauxi,Leptotila rufaxilla,Leptotila rufaxilla,Leptotila verreauxi,Leptotila verreauxi,Leptotila verreauxi,Leptotila verreauxi,Leptotila verreauxi,Leptotila verreauxi,Leptotila verreauxi,Leptotila,Columbidae,1,Bajo
1215,Leptotila verreauxi,Leptotila verreauxi,Leptotila verreauxi,Leptotila verreauxi,Leptotila rufaxilla,Leptotila verreauxi,Leptotila verreauxi,Leptotila verreauxi,Leptotila verreauxi,Leptotila verreauxi,Leptotila verreauxi,Leptotila verreauxi,Leptotila,Columbidae,1,Bajo
1216,Leptotila verreauxi,Leptotila verreauxi,Leptotila verreauxi,Leptotila verreauxi,Leptotila rufaxilla,Leptotila verreauxi,Leptotila verreauxi,Leptotila verreauxi,Leptotila verreauxi,Leptotila verreauxi,Leptotila verreauxi,Leptotila verreauxi,Leptotila,Columbidae,1,Bajo
1217,Leptotila verreauxi,Leptotila rufaxilla,Leptotila rufaxilla,Leptotila rufaxilla,Leptotila rufaxilla,Leptotila rufaxilla,Leptotila rufaxilla,Leptotila verreauxi,Leptotila rufaxilla,Leptotila rufaxilla,Leptotila rufaxilla,Leptotila rufaxilla,Leptotila,Columbidae,1,Bajo
1218,Leptotila verreauxi,Leptotila rufaxilla,Leptotila verreauxi,Geotrygon montana,Leptotila rufaxilla,Leptotila verreauxi,Leptotila rufaxilla,Leptotila verreauxi,Leptotila verreauxi,Leptotila verreauxi,Leptotila verreauxi,Leptotila rufaxilla,Leptotila,Columbidae,1,Bajo
1219,Leptotila verreauxi,Leptotila rufaxilla,Leptotila rufaxilla,Leptotila rufaxilla,Leptotila rufaxilla,Leptotila verreauxi,Leptotila rufaxilla,Leptotila rufaxilla,Leptotila rufaxilla,Leptotila rufaxilla,Leptotila rufaxilla,Leptotila rufaxilla,Leptotila,Columbidae,1,Bajo
1220,Leptotila verreauxi,Leptotila rufaxilla,Leptotila rufaxilla,Leptotila rufaxilla,Leptotila rufaxilla,Leptotila rufaxilla,Leptotila rufaxilla,Leptotila rufaxilla,Leptotila rufaxilla,Leptotila rufaxilla,Leptotila rufaxilla,Leptotila rufaxilla,Leptotila,Columbidae,1,Bajo
1221,Leptotila verreauxi,Leptotila verreauxi,Leptotila rufaxilla,Leptotila verreauxi,Leptotila verreauxi,Leptotila rufaxilla,Leptotila verreauxi,Leptotila verreauxi,Leptotila rufaxilla,Leptotila rufaxilla,Leptotila rufaxilla,Leptotila verreauxi,Leptotila,Columbidae,1,Bajo
1223,Leptotila verreauxi,Leptotila rufaxilla,Leptotila rufaxilla,Leptotila rufaxilla,Leptotila rufaxilla,Leptotila rufaxilla,Leptotila rufaxilla,Leptotila rufaxilla,Leptotila rufaxilla,Leptotila rufaxilla,Leptotila rufaxilla,Leptotila rufaxilla,Leptotila,Columbidae,1,Bajo
1224,Leptotila verreauxi,Leptotila verreauxi,Leptotila verreauxi,Leptotila rufaxilla,Leptotila rufaxilla,Leptotila verreauxi,Leptotila verreauxi,Leptotila verreauxi,Leptotila verreauxi,Leptotila verreauxi,Leptotila verreauxi,Leptotila verreauxi,Leptotila,Columbidae,1,Bajo
1225,Leptotila verreauxi,Leptotila rufaxilla,Leptotila verreauxi,Leptotila rufaxilla,Leptotila rufaxilla,Leptotila verreauxi,Leptotila rufaxilla,Leptotila verreauxi,Leptotila verreauxi,Leptotila verreauxi,Leptotila verreauxi,Leptotila rufaxilla,Leptotila,Columbidae,1,Bajo
1226,Leptotila verreauxi,Leptotila rufaxilla,Leptotila rufaxilla,Leptotila rufaxilla,Leptotila rufaxilla,Leptotila verreauxi,Leptotila rufaxilla,Leptotila rufaxilla,Leptotila rufaxilla,Leptotila rufaxilla,Leptotila rufaxilla,Leptotila rufaxilla,Leptotila,Columbidae,1,Bajo
1227,Conopophaga lineata,Conopophaga lineata,Conopophaga lineata,Conopophaga lineata,Conopophaga lineata,Conopophaga lineata,Conopophaga lineata,Conopophaga lineata,Conopophaga lineata,Conopophaga lineata,Conopophaga lineata,Conopophaga lineata,Conopophaga,Conopophagidae,1,Bajo
1229,Conopophaga lineata,Conopophaga lineata,Conopophaga lineata,Conopophaga lineata,Conopophaga lineata,Conopophaga lineata,Conopophaga lineata,Conopophaga lineata,Conopophaga lineata,Conopophaga lineata,Conopophaga lineata,Conopophaga lineata,Conopophaga,Conopophagidae,1,Bajo
1230,Conopophaga lineata,Conopophaga lineata,Conopophaga lineata,Conopophaga lineata,Conopophaga lineata,Conopophaga lineata,Conopophaga lineata,Conopophaga lineata,Conopophaga lineata,Conopophaga lineata,Conopophaga lineata,Conopophaga lineata,Conopophaga,Conopophagidae,1,Bajo
1231,Conopophaga lineata,Myiothlypis leucoblephara,Myiothlypis leucoblephara,Myiothlypis leucoblephara,Myiothlypis leucoblephara,Myiothlypis leucoblephara,Myiothlypis leucoblephara,Myiothlypis leucoblephara,Myiothlypis leucoblephara,Myiothlypis leucoblephara,Myiothlypis leucoblephara,Myiothlypis leucoblephara,Conopophaga,Conopophagidae,1,Bajo
1232,Conopophaga lineata,Conopophaga lineata,Conopophaga lineata,Conopophaga lineata,Conopophaga lineata,Conopophaga lineata,Conopophaga lineata,Conopophaga lineata,Conopophaga lineata,Conopophaga lineata,Conopophaga lineata,Conopophaga lineata,Conopophaga,Conopophagidae,1,Bajo
1233,Conopophaga lineata,Conopophaga lineata,Conopophaga lineata,Conopophaga lineata,Conopophaga lineata,Conopophaga lineata,Conopophaga lineata,Conopophaga lineata,Conopophaga lineata,Conopophaga lineata,Conopophaga lineata,Conopophaga lineata,Conopophaga,Conopophagidae,1,Bajo
1234,Conopophaga lineata,Conopophaga lineata,Conopophaga lineata,Conopophaga lineata,Conopophaga lineata,Conopophaga lineata,Conopophaga lineata,Conopophaga lineata,Conopophaga lineata,Conopophaga lineata,Conopophaga lineata,Conopophaga lineata,Conopophaga,Conopophagidae,1,Bajo
1235,Conopophaga lineata,Conopophaga lineata,Conopophaga lineata,Conopophaga lineata,Conopophaga lineata,Conopophaga lineata,Conopophaga lineata,Conopophaga lineata,Conopophaga lineata,Conopophaga lineata,Conopophaga lineata,Conopophaga lineata,Conopophaga,Conopophagidae,1,Bajo
1236,Conopophaga lineata,Conopophaga lineata,Conopophaga lineata,Conopophaga lineata,Conopophaga lineata,Conopophaga lineata,Conopophaga lineata,Conopophaga lineata,Conopophaga lineata,Conopophaga lineata,Conopophaga lineata,Conopophaga lineata,Conopophaga,Conopophagidae,1,Bajo
1237,Conopophaga lineata,Conopophaga lineata,Conopophaga lineata,Conopophaga lineata,Conopophaga lineata,Conopophaga lineata,Conopophaga lineata,Conopophaga lineata,Conopophaga lineata,Conopophaga lineata,Conopophaga lineata,Conopophaga lineata,Conopophaga,Conopophagidae,1,Bajo
1238,Conopophaga lineata,Conopophaga lineata,Conopophaga lineata,Conopophaga lineata,Conopophaga lineata,Conopophaga lineata,Conopophaga lineata,Conopophaga lineata,Conopophaga lineata,Conopophaga lineata,Conopophaga lineata,Conopophaga lineata,Conopophaga,Conopophagidae,1,Bajo
1240,Conopophaga lineata,Conopophaga lineata,Conopophaga lineata,Conopophaga lineata,Conopophaga lineata,Conopophaga lineata,Conopophaga lineata,Conopophaga lineata,Conopophaga lineata,Conopophaga lineata,Conopophaga lineata,Conopophaga lineata,Conopophaga,Conopophagidae,1,Bajo
1241,Conopophaga lineata,Conopophaga lineata,Conopophaga lineata,Conopophaga lineata,Conopophaga lineata,Conopophaga lineata,Conopophaga lineata,Conopophaga lineata,Conopophaga lineata,Conopophaga lineata,Conopophaga lineata,Conopophaga lineata,Conopophaga,Conopophagidae,1,Bajo
1242,Conopophaga lineata,Conopophaga lineata,Conopophaga lineata,Conopophaga lineata,Conopophaga lineata,Conopophaga lineata,Conopophaga lineata,Conopophaga lineata,Conopophaga lineata,Conopophaga lineata,Conopophaga lineata,Conopophaga lineata,Conopophaga,Conopophagidae,1,Bajo
1244,Conopophaga lineata,Conopophaga lineata,Conopophaga lineata,Conopophaga lineata,Conopophaga lineata,Conopophaga lineata,Conopophaga lineata,Conopophaga lineata,Conopophaga lineata,Conopophaga lineata,Conopophaga lineata,Conopophaga lineata,Conopophaga,Conopophagidae,1,Bajo
1245,Conopophaga lineata,Conopophaga lineata,Conopophaga lineata,Conopophaga lineata,Conopophaga lineata,Conopophaga lineata,Conopophaga lineata,Conopophaga lineata,Conopophaga lineata,Conopophaga lineata,Conopophaga lineata,Conopophaga lineata,Conopophaga,Conopophagidae,1,Bajo
1247,Conopophaga lineata,Conopophaga lineata,Conopophaga lineata,Conopophaga lineata,Conopophaga lineata,Conopophaga lineata,Conopophaga lineata,Conopophaga lineata,Conopophaga lineata,Conopophaga lineata,Conopophaga lineata,Conopophaga lineata,Conopophaga,Conopophagidae,1,Bajo
1248,Conopophaga lineata,Conopophaga lineata,Conopophaga lineata,Conopophaga lineata,Conopophaga lineata,Conopophaga lineata,Conopophaga lineata,Conopophaga lineata,Conopophaga lineata,Conopophaga lineata,Conopophaga lineata,Conopophaga lineata,Conopophaga,Conopophagidae,1,Bajo
1249,Conopophaga lineata,Conopophaga lineata,Conopophaga lineata,Conopophaga lineata,Conopophaga lineata,Conopophaga lineata,Conopophaga lineata,Conopophaga lineata,Conopophaga lineata,Conopophaga lineata,Conopophaga lineata,Conopophaga lineata,Conopophaga,Conopophagidae,1,Bajo
1250,Conopophaga lineata,Conopophaga lineata,Conopophaga lineata,Conopophaga lineata,Conopophaga lineata,Conopophaga lineata,Conopophaga lineata,Conopophaga lineata,Conopophaga lineata,Conopophaga lineata,Conopophaga lineata,Conopophaga lineata,Conopophaga,Conopophagidae,1,Bajo
1252,Conopophaga lineata,Conopophaga lineata vulgaris,Conopophaga lineata,Conopophaga lineata,Conopophaga lineata,Conopophaga lineata,Conopophaga lineata,Conopophaga lineata,Conopophaga lineata,Conopophaga lineata,Conopophaga lineata,Conopophaga lineata vulgaris,Conopophaga,Conopophagidae,1,Bajo
1253,Conopophaga lineata,Conopophaga lineata,Conopophaga lineata,Conopophaga lineata,Conopophaga lineata,Conopophaga lineata,Conopophaga lineata,Conopophaga lineata,Conopophaga lineata,Conopophaga lineata,Conopophaga lineata,Conopophaga lineata,Conopophaga,Conopophagidae,1,Bajo
1254,Conopophaga lineata,Conopophaga lineata,Conopophaga lineata,Conopophaga lineata,Conopophaga lineata,Conopophaga lineata,Conopophaga lineata,Conopophaga lineata,Conopophaga lineata,Conopophaga lineata,Conopophaga lineata,Conopophaga lineata,Conopophaga,Conopophagidae,1,Bajo
1256,Conopophaga lineata,Conopophaga lineata,Conopophaga lineata,Conopophaga lineata,Conopophaga lineata,Conopophaga lineata,Conopophaga lineata,Conopophaga lineata,Conopophaga lineata,Conopophaga lineata,Conopophaga lineata,Conopophaga lineata,Conopophaga,Conopophagidae,1,Bajo
1257,Conopophaga lineata,Conopophaga lineata,Conopophaga lineata,Conopophaga lineata,Conopophaga lineata,Conopophaga lineata,Conopophaga lineata,Conopophaga lineata,Conopophaga lineata,Conopophaga lineata,Conopophaga lineata,Conopophaga lineata,Conopophaga,Conopophagidae,1,Bajo
1258,Conopophaga lineata,Conopophaga lineata,Conopophaga lineata,Conopophaga lineata,Conopophaga lineata,Conopophaga lineata,Conopophaga lineata,Conopophaga lineata,Conopophaga lineata,Conopophaga lineata,Conopophaga lineata,Conopophaga lineata,Conopophaga,Conopophagidae,1,Bajo
1259,Conopophaga lineata,Conopophaga lineata,Conopophaga lineata,Conopophaga lineata,Conopophaga lineata,Conopophaga lineata,Conopophaga lineata,Conopophaga lineata,Conopophaga lineata,Conopophaga lineata,Conopophaga lineata,Conopophaga lineata,Conopophaga,Conopophagidae,1,Bajo
1261,Conopophaga lineata,Conopophaga lineata,Conopophaga lineata,Conopophaga lineata,Conopophaga lineata,Conopophaga lineata,Conopophaga lineata,Conopophaga lineata,Conopophaga lineata,Conopophaga lineata,Conopophaga lineata,Conopophaga lineata,Conopophaga,Conopophagidae,1,Bajo
1262,Conopophaga lineata,Conopophaga lineata,Conopophaga lineata,Conopophaga lineata,Conopophaga lineata,Conopophaga lineata,Conopophaga lineata,Conopophaga lineata,Conopophaga lineata,Conopophaga lineata,Conopophaga lineata,Conopophaga lineata,Conopophaga,Conopophagidae,1,Bajo
1263,Conopophaga lineata,Conopophaga lineata,Conopophaga lineata,Conopophaga lineata,Conopophaga lineata,Conopophaga lineata,Conopophaga lineata,Conopophaga lineata,Conopophaga lineata,Conopophaga lineata,Conopophaga lineata,Conopophaga lineata,Conopophaga,Conopophagidae,1,Bajo
1264,Conopophaga lineata,Conopophaga lineata,Conopophaga lineata,Conopophaga lineata,Conopophaga lineata,Conopophaga lineata,Conopophaga lineata,Conopophaga lineata,Conopophaga lineata,Conopophaga lineata,Conopophaga lineata,Conopophaga lineata,Conopophaga,Conopophagidae,1,Bajo
1266,Conopophaga lineata,Conopophaga lineata vulgaris,Habia rubica,Habia rubica,Habia rubica,Hypoedaleus guttatus,Conopophaga lineata,Conopophaga lineata,Habia rubica,Habia rubica,Habia rubica,Conopophaga lineata vulgaris,Conopophaga,Conopophagidae,1,Bajo
1267,Conopophaga lineata,Conopophaga lineata,Conopophaga lineata,Conopophaga lineata,Conopophaga lineata,Conopophaga lineata,Conopophaga lineata,Conopophaga lineata,Conopophaga lineata,Conopophaga lineata,Conopophaga lineata,Conopophaga lineata,Conopophaga,Conopophagidae,1,Bajo
1268,Conopophaga lineata,Conopophaga lineata,Conopophaga lineata,Conopophaga lineata,Conopophaga lineata,Conopophaga lineata,Conopophaga lineata,Conopophaga lineata,Conopophaga lineata,Conopophaga lineata,Conopophaga lineata,Conopophaga lineata,Conopophaga,Conopophagidae,1,Bajo
1270,Conopophaga lineata,Conopophaga lineata vulgaris,Turdus albicollis,Habia rubica,Myiothlypis leucoblephara,Turdus albicollis,Turdus albicollis,Turdus albicollis,Turdus albicollis,Turdus albicollis,Turdus albicollis,Conopophaga lineata vulgaris,Conopophaga,Conopophagidae,1,Bajo
1271,Conopophaga lineata,Conopophaga lineata,Conopophaga lineata,Conopophaga lineata,Conopophaga lineata,Conopophaga lineata,Conopophaga lineata,Conopophaga lineata,Conopophaga lineata,Conopophaga lineata,Conopophaga lineata,Conopophaga lineata,Conopophaga,Conopophagidae,1,Bajo
1272,Conopophaga lineata,Conopophaga lineata,Conopophaga lineata,Conopophaga lineata,Conopophaga lineata,Conopophaga lineata,Habia rubica,Conopophaga lineata,Conopophaga lineata,Conopophaga lineata,Conopophaga lineata,Conopophaga lineata,Conopophaga,Conopophagidae,1,Bajo
1273,Conopophaga lineata,Conopophaga lineata,Conopophaga lineata vulgaris,Conopophaga lineata,Conopophaga lineata,Conopophaga lineata,Conopophaga lineata,Conopophaga lineata,Conopophaga lineata vulgaris,Conopophaga lineata vulgaris,Conopophaga lineata vulgaris,Conopophaga lineata,Conopophaga,Conopophagidae,1,Bajo
1274,Conopophaga lineata,Conopophaga lineata,Conopophaga lineata,Conopophaga lineata,Conopophaga lineata,Conopophaga lineata,Conopophaga lineata,Conopophaga lineata,Conopophaga lineata,Conopophaga lineata,Conopophaga lineata,Conopophaga lineata,Conopophaga,Conopophagidae,1,Bajo
1275,Conopophaga lineata,Conopophaga lineata,Habia rubica,Conopophaga lineata,Conopophaga lineata,Conopophaga lineata,Conopophaga lineata,Turdus albicollis,Habia rubica,Habia rubica,Habia rubica,Conopophaga lineata,Conopophaga,Conopophagidae,1,Bajo
1276,Conopophaga lineata,Pyriglena leucoptera,Conopophaga lineata,Conopophaga lineata,Biatas nigropectus,Conopophaga lineata,Conopophaga lineata,Pyriglena leucoptera,Conopophaga lineata,Conopophaga lineata,Conopophaga lineata,Pyriglena leucoptera,Conopophaga,Conopophagidae,1,Bajo
1277,Conopophaga lineata,Conopophaga lineata,Conopophaga lineata,Conopophaga lineata,Conopophaga lineata,Conopophaga lineata,Conopophaga lineata,Conopophaga lineata,Conopophaga lineata,Conopophaga lineata,Conopophaga lineata,Conopophaga lineata,Conopophaga,Conopophagidae,1,Bajo
1278,Conopophaga lineata,Conopophaga lineata,Conopophaga lineata,Conopophaga lineata,Conopophaga lineata,Conopophaga lineata,Conopophaga lineata,Conopophaga lineata,Conopophaga lineata,Conopophaga lineata,Conopophaga lineata,Conopophaga lineata,Conopophaga,Conopophagidae,1,Bajo
1279,Conopophaga lineata,Conopophaga lineata,Conopophaga lineata,Conopophaga lineata,Conopophaga lineata,Conopophaga lineata,Conopophaga lineata,Conopophaga lineata,Conopophaga lineata,Conopophaga lineata,Conopophaga lineata,Conopophaga lineata,Conopophaga,Conopophagidae,1,Bajo
1280,Conopophaga lineata,Conopophaga lineata,Conopophaga lineata,Chamaeza campanisona,Chamaeza campanisona,Conopophaga lineata,Conopophaga lineata,Conopophaga lineata,Conopophaga lineata,Conopophaga lineata,Conopophaga lineata,Conopophaga lineata,Conopophaga,Conopophagidae,1,Bajo
1284,Conopophaga lineata,Conopophaga lineata,Conopophaga lineata,Conopophaga lineata,Conopophaga lineata,Conopophaga lineata,Conopophaga lineata,Conopophaga lineata,Conopophaga lineata,Conopophaga lineata,Conopophaga lineata,Conopophaga lineata,Conopophaga,Conopophagidae,1,Bajo
1285,Conopophaga lineata,Conopophaga lineata,Conopophaga lineata,Conopophaga lineata,Conopophaga lineata,Conopophaga lineata,Conopophaga lineata,Conopophaga lineata,Conopophaga lineata,Conopophaga lineata,Conopophaga lineata,Conopophaga lineata,Conopophaga,Conopophagidae,1,Bajo
1286,Conopophaga lineata,Pyriglena leucoptera,Habia rubica,Habia rubica,Synallaxis ruficapilla,Habia rubica,Pyriglena leucoptera,Habia rubica,Habia rubica,Habia rubica,Habia rubica,Pyriglena leucoptera,Conopophaga,Conopophagidae,1,Bajo
1288,Conopophaga lineata,Conopophaga lineata,Conopophaga lineata,Conopophaga lineata,Conopophaga lineata,Conopophaga lineata,Conopophaga lineata,Conopophaga lineata,Conopophaga lineata,Conopophaga lineata,Conopophaga lineata,Conopophaga lineata,Conopophaga,Conopophagidae,1,Bajo
1289,Conopophaga lineata,Conopophaga lineata,Conopophaga lineata,Conopophaga lineata,Conopophaga lineata,Conopophaga lineata,Conopophaga lineata,Conopophaga lineata,Conopophaga lineata,Conopophaga lineata,Conopophaga lineata,Conopophaga lineata,Conopophaga,Conopophagidae,1,Bajo
1290,Conopophaga lineata,Conopophaga lineata,Conopophaga lineata,Conopophaga lineata,Conopophaga lineata,Conopophaga lineata,Conopophaga lineata,Conopophaga lineata,Conopophaga lineata,Conopophaga lineata,Conopophaga lineata,Conopophaga lineata,Conopophaga,Conopophagidae,1,Bajo
1291,Conopophaga lineata,Conopophaga lineata,Conopophaga lineata,Conopophaga lineata,Conopophaga lineata,Conopophaga lineata,Conopophaga lineata,Conopophaga lineata,Conopophaga lineata,Conopophaga lineata,Conopophaga lineata,Conopophaga lineata,Conopophaga,Conopophagidae,1,Bajo
1292,Conopophaga lineata,Conopophaga lineata,Conopophaga lineata,Conopophaga lineata,Conopophaga lineata,Conopophaga lineata,Conopophaga lineata,Conopophaga lineata,Conopophaga lineata,Conopophaga lineata,Conopophaga lineata,Conopophaga lineata,Conopophaga,Conopophagidae,1,Bajo
1294,Conopophaga lineata,Conopophaga lineata,Conopophaga lineata,Conopophaga lineata,Conopophaga lineata,Conopophaga lineata,Conopophaga lineata,Conopophaga lineata,Conopophaga lineata,Conopophaga lineata,Conopophaga lineata,Conopophaga lineata,Conopophaga,Conopophagidae,1,Bajo
1295,Conopophaga lineata,Conopophaga lineata,Conopophaga lineata,Conopophaga lineata,Conopophaga lineata,Conopophaga lineata,Conopophaga lineata,Conopophaga lineata,Conopophaga lineata,Conopophaga lineata,Conopophaga lineata,Conopophaga lineata,Conopophaga,Conopophagidae,1,Bajo
1296,Conopophaga lineata,Turdus rufiventris,Conopophaga lineata vulgaris,Conopophaga lineata,Conopophaga lineata,Conopophaga lineata,Conopophaga lineata,Conopophaga lineata,Conopophaga lineata vulgaris,Conopophaga lineata vulgaris,Conopophaga lineata vulgaris,Conopophaga lineata,Conopophaga,Conopophagidae,1,Bajo
1299,Conopophaga lineata vulgaris,Conopophaga lineata,Conopophaga lineata,Conopophaga lineata,Conopophaga lineata,Conopophaga lineata,Conopophaga lineata,Conopophaga lineata,Conopophaga lineata,Conopophaga lineata,Conopophaga lineata,Conopophaga lineata,Conopophaga,Conopophagidae,1,Bajo
1301,Cyanocorax chrysops,Cyanocorax chrysops,Cyanocorax chrysops,Cyanocorax chrysops,Cyanocorax chrysops,Cyanocorax chrysops,Cyanocorax chrysops,Cyanocorax chrysops,Cyanocorax chrysops,Cyanocorax chrysops,Cyanocorax chrysops,Cyanocorax chrysops,Cyanocorax,Corvidae,1,Bajo
1302,Cyanocorax chrysops,Cyanocorax chrysops,Cyanocorax chrysops,Cyanocorax chrysops,Cyanocorax chrysops,Cyanocorax chrysops,Cyanocorax chrysops,Cyanocorax chrysops,Cyanocorax chrysops,Cyanocorax chrysops,Cyanocorax chrysops,Cyanocorax chrysops,Cyanocorax,Corvidae,1,Bajo
1303,Cyanocorax chrysops,Cyanocorax chrysops,Cyanocorax chrysops,Cyanocorax chrysops,Cyanocorax chrysops,Cyanocorax chrysops,Cyanocorax chrysops,Cyanocorax chrysops,Cyanocorax chrysops,Cyanocorax chrysops,Cyanocorax chrysops,Cyanocorax chrysops,Cyanocorax,Corvidae,1,Bajo
1304,Cyanocorax chrysops,Cyanocorax chrysops,Cyanocorax chrysops,Cyanocorax chrysops,Cyanocorax chrysops,Cyanocorax chrysops,Cyanocorax chrysops,Cyanocorax chrysops,Cyanocorax chrysops,Cyanocorax chrysops,Cyanocorax chrysops,Cyanocorax chrysops,Cyanocorax,Corvidae,1,Bajo
1305,Cyanocorax chrysops,Cyanocorax chrysops,Penelope superciliaris,Cyanocorax chrysops,Alouatta guariba clamitans,Cyanocorax chrysops,Cyanocorax chrysops,Cyanocorax chrysops,Penelope superciliaris,Penelope superciliaris,Penelope superciliaris,Cyanocorax chrysops,Cyanocorax,Corvidae,1,Bajo
1307,Cyanocorax chrysops,Cyanocorax chrysops,Cyanocorax chrysops,Cyanocorax chrysops,Cyanocorax chrysops,Cyanocorax chrysops,Cyanocorax chrysops,Cyanocorax chrysops,Cyanocorax chrysops,Cyanocorax chrysops,Cyanocorax chrysops,Cyanocorax chrysops,Cyanocorax,Corvidae,1,Bajo
1308,Cyanocorax chrysops,Cyanocorax chrysops,Cyanocorax chrysops,Cyanocorax chrysops,Cyanocorax chrysops,Cyanocorax chrysops,Cyanocorax chrysops,Cyanocorax chrysops,Cyanocorax chrysops,Cyanocorax chrysops,Cyanocorax chrysops,Cyanocorax chrysops,Cyanocorax,Corvidae,1,Bajo
1309,Cyanocorax chrysops,Cyanocorax chrysops,Cyanocorax chrysops,Cyanocorax chrysops,Cyanocorax chrysops,Cyanocorax chrysops,Cyanocorax chrysops,Cyanocorax chrysops,Cyanocorax chrysops,Cyanocorax chrysops,Cyanocorax chrysops,Cyanocorax chrysops,Cyanocorax,Corvidae,1,Bajo
1310,Cyanocorax chrysops,Cyanocorax chrysops,Cyanocorax chrysops,Cyanocorax chrysops,Cyanocorax chrysops,Cyanocorax chrysops,Cyanocorax chrysops,Cyanocorax chrysops,Cyanocorax chrysops,Cyanocorax chrysops,Cyanocorax chrysops,Cyanocorax chrysops,Cyanocorax,Corvidae,1,Bajo
1311,Cyanocorax chrysops,Cyanocorax chrysops,Cyanocorax chrysops,Cyanocorax chrysops,Cyanocorax chrysops,Cyanocorax chrysops,Cyanocorax chrysops,Cyanocorax chrysops,Cyanocorax chrysops,Cyanocorax chrysops,Cyanocorax chrysops,Cyanocorax chrysops,Cyanocorax,Corvidae,1,Bajo
1312,Cyanocorax chrysops,Cyanocorax chrysops,Cyanocorax chrysops,Cyanocorax chrysops,Cyanocorax chrysops,Cyanocorax chrysops,Cyanocorax chrysops,Cyanocorax chrysops,Cyanocorax chrysops,Cyanocorax chrysops,Cyanocorax chrysops,Cyanocorax chrysops,Cyanocorax,Corvidae,1,Bajo
1313,Cyanocorax chrysops,Cyanocorax chrysops,Cyanocorax chrysops,Cyanocorax chrysops,Cyanocorax chrysops,Cyanocorax chrysops,Cyanocorax chrysops,Cyanocorax chrysops,Cyanocorax chrysops,Cyanocorax chrysops,Cyanocorax chrysops,Cyanocorax chrysops,Cyanocorax,Corvidae,1,Bajo
1314,Cyanocorax chrysops,Cyanocorax chrysops,Cyanocorax chrysops,Cyanocorax chrysops,Cyanocorax chrysops,Cyanocorax chrysops,Cyanocorax chrysops,Cyanocorax chrysops,Cyanocorax chrysops,Cyanocorax chrysops,Cyanocorax chrysops,Cyanocorax chrysops,Cyanocorax,Corvidae,1,Bajo
1315,Cyanocorax chrysops,Cyanocorax chrysops,Cyanocorax chrysops,Cyanocorax chrysops,Cyanocorax chrysops,Cyanocorax chrysops,Cyanocorax chrysops,Cyanocorax chrysops,Cyanocorax chrysops,Cyanocorax chrysops,Cyanocorax chrysops,Cyanocorax chrysops,Cyanocorax,Corvidae,1,Bajo
1316,Cyanocorax chrysops,Cyanocorax chrysops,Cyanocorax chrysops,Cyanocorax chrysops,Cyanocorax chrysops,Cyanocorax chrysops,Cyanocorax chrysops,Cyanocorax chrysops,Cyanocorax chrysops,Cyanocorax chrysops,Cyanocorax chrysops,Cyanocorax chrysops,Cyanocorax,Corvidae,1,Bajo
1317,Cyanocorax chrysops,Cyanocorax chrysops,Cyanocorax chrysops,Cyanocorax chrysops,Cyanocorax chrysops,Cyanocorax chrysops,Cyanocorax chrysops,Cyanocorax chrysops,Cyanocorax chrysops,Cyanocorax chrysops,Cyanocorax chrysops,Cyanocorax chrysops,Cyanocorax,Corvidae,1,Bajo
1319,Cyanocorax chrysops,Cyanocorax chrysops,Cyanocorax chrysops,Cyanocorax chrysops,Cyanocorax chrysops,Cyanocorax chrysops,Cyanocorax chrysops,Cyanocorax chrysops,Cyanocorax chrysops,Cyanocorax chrysops,Cyanocorax chrysops,Cyanocorax chrysops,Cyanocorax,Corvidae,1,Bajo
1320,Cyanocorax chrysops,Cyanocorax chrysops,Cyanocorax chrysops,Cyanocorax chrysops,Cyanocorax chrysops,Cyanocorax chrysops,Cyanocorax chrysops,Cyanocorax chrysops,Cyanocorax chrysops,Cyanocorax chrysops,Cyanocorax chrysops,Cyanocorax chrysops,Cyanocorax,Corvidae,1,Bajo
1321,Cyanocorax chrysops,Cyanocorax chrysops,Cyanocorax chrysops,Cyanocorax chrysops,Cyanocorax chrysops,Cyanocorax chrysops,Cyanocorax chrysops,Cyanocorax chrysops,Cyanocorax chrysops,Cyanocorax chrysops,Cyanocorax chrysops,Cyanocorax chrysops,Cyanocorax,Corvidae,1,Bajo
1322,Cyanocorax chrysops,Cyanocorax chrysops,Cyanocorax chrysops,Cyanocorax chrysops,Cyanocorax chrysops,Cyanocorax chrysops,Cyanocorax chrysops,Cyanocorax chrysops,Cyanocorax chrysops,Cyanocorax chrysops,Cyanocorax chrysops,Cyanocorax chrysops,Cyanocorax,Corvidae,1,Bajo
1323,Cyanocorax chrysops,Cyanocorax chrysops,Cyanocorax chrysops,Cyanocorax chrysops,Cyanocorax chrysops,Cyanocorax chrysops,Cyanocorax chrysops,Cyanocorax chrysops,Cyanocorax chrysops,Cyanocorax chrysops,Cyanocorax chrysops,Cyanocorax chrysops,Cyanocorax,Corvidae,1,Bajo
1324,Cyanocorax chrysops,Cyanocorax chrysops,Cyanocorax chrysops,Cyanocorax chrysops,Cyanocorax chrysops,Cyanocorax chrysops,Cyanocorax chrysops,Cyanocorax chrysops,Cyanocorax chrysops,Cyanocorax chrysops,Cyanocorax chrysops,Cyanocorax chrysops,Cyanocorax,Corvidae,1,Bajo
1326,Cyanocorax chrysops,Cyanocorax chrysops,Cyanocorax chrysops,Cyanocorax chrysops,Cyanocorax chrysops,Cyanocorax chrysops,Cyanocorax chrysops,Cyanocorax chrysops,Cyanocorax chrysops,Cyanocorax chrysops,Cyanocorax chrysops,Cyanocorax chrysops,Cyanocorax,Corvidae,1,Bajo
1327,Cyanocorax chrysops,Cyanocorax chrysops,Amazona vinacea,Amazona vinacea,Amazona vinacea,Amazona vinacea,Cyanocorax chrysops,Cyanocorax chrysops,Amazona vinacea,Amazona vinacea,Amazona vinacea,Cyanocorax chrysops,Cyanocorax,Corvidae,1,Bajo
1328,Cyanocorax chrysops,Cyanocorax chrysops,Cyanocorax chrysops,Cyanocorax chrysops,Cyanocorax chrysops,Cyanocorax chrysops,Cyanocorax chrysops,Cyanocorax chrysops,Cyanocorax chrysops,Cyanocorax chrysops,Cyanocorax chrysops,Cyanocorax chrysops,Cyanocorax,Corvidae,1,Bajo
1329,Cyanocorax chrysops,Cyanocorax chrysops,Cyanocorax chrysops,Cyanocorax chrysops,Cyanocorax chrysops,Cyanocorax chrysops,Cyanocorax chrysops,Cyanocorax chrysops,Cyanocorax chrysops,Cyanocorax chrysops,Cyanocorax chrysops,Cyanocorax chrysops,Cyanocorax,Corvidae,1,Bajo
1332,Cyanocorax chrysops,Cyanocorax chrysops,Cyanocorax chrysops,Cyanocorax chrysops,Cyanocorax chrysops,Cyanocorax chrysops,Cyanocorax chrysops,Cyanocorax chrysops,Cyanocorax chrysops,Cyanocorax chrysops,Cyanocorax chrysops,Cyanocorax chrysops,Cyanocorax,Corvidae,1,Bajo
1334,Cyanocorax chrysops,Cyanocorax chrysops,Cyanocorax chrysops,Cyanocorax chrysops,Cyanocorax chrysops,Cyanocorax chrysops,Cyanocorax chrysops,Cyanocorax chrysops,Cyanocorax chrysops,Cyanocorax chrysops,Cyanocorax chrysops,Cyanocorax chrysops,Cyanocorax,Corvidae,1,Bajo
1335,Cyanocorax chrysops,Cyanocorax chrysops,Cyanocorax chrysops,Cyanocorax chrysops,Cyanocorax chrysops,Cyanocorax chrysops,Cyanocorax chrysops,Cyanocorax chrysops,Cyanocorax chrysops,Cyanocorax chrysops,Cyanocorax chrysops,Cyanocorax chrysops,Cyanocorax,Corvidae,1,Bajo
1336,Cyanocorax chrysops,Cyanocorax chrysops,Cyanocorax chrysops,Cyanocorax chrysops,Cyanocorax chrysops,Cyanocorax chrysops,Cyanocorax chrysops,Cyanocorax chrysops,Cyanocorax chrysops,Cyanocorax chrysops,Cyanocorax chrysops,Cyanocorax chrysops,Cyanocorax,Corvidae,1,Bajo
1339,Cyanocorax chrysops,Cyanocorax chrysops,Cyanocorax chrysops,Cyanocorax chrysops,Cyanocorax chrysops,Cyanocorax chrysops,Cyanocorax chrysops,Cyanocorax chrysops,Cyanocorax chrysops,Cyanocorax chrysops,Cyanocorax chrysops,Cyanocorax chrysops,Cyanocorax,Corvidae,1,Bajo
1340,Cyanocorax chrysops,Cyanocorax chrysops,Cyanocorax chrysops,Cyanocorax chrysops,Cyanocorax chrysops,Cyanocorax chrysops,Cyanocorax chrysops,Cyanocorax chrysops,Cyanocorax chrysops,Cyanocorax chrysops,Cyanocorax chrysops,Cyanocorax chrysops,Cyanocorax,Corvidae,1,Bajo
1341,Cyanocorax chrysops,Cyanocorax chrysops,Cyanocorax chrysops,Cyanocorax chrysops,Cyanocorax chrysops,Cyanocorax chrysops,Cyanocorax chrysops,Cyanocorax chrysops,Cyanocorax chrysops,Cyanocorax chrysops,Cyanocorax chrysops,Cyanocorax chrysops,Cyanocorax,Corvidae,1,Bajo
1344,Cyanocorax chrysops,Cyanocorax chrysops,Cyanocorax chrysops,Cyanocorax chrysops,Cyanocorax chrysops,Cyanocorax chrysops,Cyanocorax chrysops,Cyanocorax chrysops,Cyanocorax chrysops,Cyanocorax chrysops,Cyanocorax chrysops,Cyanocorax chrysops,Cyanocorax,Corvidae,1,Bajo
1345,Cyanocorax chrysops,Cyanocorax chrysops,Cyanocorax chrysops,Cyanocorax chrysops,Cyanocorax chrysops,Cyanocorax chrysops,Cyanocorax chrysops,Cyanocorax chrysops,Cyanocorax chrysops,Cyanocorax chrysops,Cyanocorax chrysops,Cyanocorax chrysops,Cyanocorax,Corvidae,1,Bajo
1346,Cyanocorax chrysops,Cyanocorax chrysops,Cyanocorax chrysops,Cyanocorax chrysops,Cyanocorax chrysops,Cyanocorax chrysops,Cyanocorax chrysops,Cyanocorax chrysops,Cyanocorax chrysops,Cyanocorax chrysops,Cyanocorax chrysops,Cyanocorax chrysops,Cyanocorax,Corvidae,1,Bajo
1347,Cyanocorax chrysops,Cyanocorax chrysops,Cyanocorax chrysops,Cyanocorax chrysops,Cyanocorax chrysops,Cyanocorax chrysops,Cyanocorax chrysops,Cyanocorax chrysops,Cyanocorax chrysops,Cyanocorax chrysops,Cyanocorax chrysops,Cyanocorax chrysops,Cyanocorax,Corvidae,1,Bajo
1348,Cyanocorax chrysops,Cyanocorax chrysops,Cyanocorax chrysops,Cyanocorax chrysops,Cyanocorax chrysops,Cyanocorax chrysops,Cyanocorax chrysops,Cyanocorax chrysops,Cyanocorax chrysops,Cyanocorax chrysops,Cyanocorax chrysops,Cyanocorax chrysops,Cyanocorax,Corvidae,1,Bajo
1349,Cyanocorax chrysops,Cyanocorax chrysops,Cyanocorax chrysops,Cyanocorax chrysops,Cyanocorax chrysops,Cyanocorax chrysops,Cyanocorax chrysops,Cyanocorax chrysops,Cyanocorax chrysops,Cyanocorax chrysops,Cyanocorax chrysops,Cyanocorax chrysops,Cyanocorax,Corvidae,1,Bajo
1350,Cyanocorax chrysops,Cyanocorax chrysops,Cyanocorax chrysops,Cyanocorax chrysops,Cyanocorax chrysops,Cyanocorax chrysops,Cyanocorax chrysops,Cyanocorax chrysops,Cyanocorax chrysops,Cyanocorax chrysops,Cyanocorax chrysops,Cyanocorax chrysops,Cyanocorax,Corvidae,1,Bajo
1351,Cyanocorax chrysops,Cyanocorax chrysops,Cyanocorax chrysops,Cyanocorax chrysops,Cyanocorax chrysops,Cyanocorax chrysops,Cyanocorax chrysops,Cyanocorax chrysops,Cyanocorax chrysops,Cyanocorax chrysops,Cyanocorax chrysops,Cyanocorax chrysops,Cyanocorax,Corvidae,1,Bajo
1352,Cyanocorax chrysops,Cyanocorax chrysops,Cyanocorax chrysops,Cyanocorax chrysops,Cyanocorax chrysops,Cyanocorax chrysops,Cyanocorax chrysops,Cyanocorax chrysops,Cyanocorax chrysops,Cyanocorax chrysops,Cyanocorax chrysops,Cyanocorax chrysops,Cyanocorax,Corvidae,1,Bajo
1353,Cyanocorax chrysops,Cyanocorax chrysops,Cyanocorax chrysops,Cyanocorax chrysops,Cyanocorax chrysops,Cyanocorax chrysops,Cyanocorax chrysops,Cyanocorax chrysops,Cyanocorax chrysops,Cyanocorax chrysops,Cyanocorax chrysops,Cyanocorax chrysops,Cyanocorax,Corvidae,1,Bajo
1354,Cyanocorax chrysops,Cyanocorax chrysops,Cyanocorax chrysops,Cyanocorax chrysops,Cyanocorax chrysops,Cyanocorax chrysops,Cyanocorax chrysops,Cyanocorax chrysops,Cyanocorax chrysops,Cyanocorax chrysops,Cyanocorax chrysops,Cyanocorax chrysops,Cyanocorax,Corvidae,1,Bajo
1357,Cyanocorax chrysops,Cyanocorax chrysops,Cyanocorax chrysops,Cyanocorax chrysops,Cyanocorax chrysops,Cyanocorax chrysops,Cyanocorax chrysops,Cyanocorax chrysops,Cyanocorax chrysops,Cyanocorax chrysops,Cyanocorax chrysops,Cyanocorax chrysops,Cyanocorax,Corvidae,1,Bajo
1358,Cyanocorax chrysops,Cyanocorax chrysops,Cyanocorax chrysops,Cyanocorax chrysops,Cyanocorax chrysops,Cyanocorax chrysops,Cyanocorax chrysops,Cyanocorax chrysops,Cyanocorax chrysops,Cyanocorax chrysops,Cyanocorax chrysops,Cyanocorax chrysops,Cyanocorax,Corvidae,1,Bajo
1359,Cyanocorax chrysops,Cyanocorax chrysops,Cyanocorax chrysops,Cyanocorax chrysops,Cyanocorax chrysops,Cyanocorax chrysops,Cyanocorax chrysops,Cyanocorax chrysops,Cyanocorax chrysops,Cyanocorax chrysops,Cyanocorax chrysops,Cyanocorax chrysops,Cyanocorax,Corvidae,1,Bajo
1360,Cyanocorax chrysops,Cyanocorax chrysops,Cyanocorax chrysops,Cyanocorax chrysops,Cyanocorax chrysops,Cyanocorax chrysops,Cyanocorax chrysops,Cyanocorax chrysops,Cyanocorax chrysops,Cyanocorax chrysops,Cyanocorax chrysops,Cyanocorax chrysops,Cyanocorax,Corvidae,1,Bajo
1361,Cyanocorax chrysops,Cyanocorax chrysops,Cyanocorax chrysops,Cyanocorax chrysops,Cyanocorax chrysops,Cyanocorax chrysops,Cyanocorax chrysops,Cyanocorax chrysops,Cyanocorax chrysops,Cyanocorax chrysops,Cyanocorax chrysops,Cyanocorax chrysops,Cyanocorax,Corvidae,1,Bajo
1362,Cyanocorax chrysops,Cyanocorax chrysops,Cyanocorax chrysops,Cyanocorax chrysops,Cyanocorax chrysops,Cyanocorax chrysops,Cyanocorax chrysops,Cyanocorax chrysops,Cyanocorax chrysops,Cyanocorax chrysops,Cyanocorax chrysops,Cyanocorax chrysops,Cyanocorax,Corvidae,1,Bajo
1364,Cyanocorax chrysops,Cyanocorax chrysops,Cyanocorax chrysops,Cyanocorax chrysops,Cyanocorax chrysops,Cyanocorax chrysops,Cyanocorax chrysops,Cyanocorax chrysops,Cyanocorax chrysops,Cyanocorax chrysops,Cyanocorax chrysops,Cyanocorax chrysops,Cyanocorax,Corvidae,1,Bajo
1365,Cyanocorax chrysops,Cyanocorax chrysops,Cyanocorax chrysops,Cyanocorax chrysops,Cyanocorax chrysops,Cyanocorax chrysops,Cyanocorax chrysops,Cyanocorax chrysops,Cyanocorax chrysops,Cyanocorax chrysops,Cyanocorax chrysops,Cyanocorax chrysops,Cyanocorax,Corvidae,1,Bajo
1366,Cyanocorax chrysops,Cyanocorax chrysops,Cyanocorax chrysops,Cyanocorax chrysops,Cyanocorax chrysops,Cyanocorax chrysops,Cyanocorax chrysops,Cyanocorax chrysops,Cyanocorax chrysops,Cyanocorax chrysops,Cyanocorax chrysops,Cyanocorax chrysops,Cyanocorax,Corvidae,1,Bajo
1367,Cyanocorax chrysops,Cyanocorax chrysops,Cyanocorax chrysops,Cyanocorax chrysops,Cyanocorax chrysops,Cyanocorax chrysops,Cyanocorax chrysops,Cyanocorax chrysops,Cyanocorax chrysops,Cyanocorax chrysops,Cyanocorax chrysops,Cyanocorax chrysops,Cyanocorax,Corvidae,1,Bajo
1368,Cyanocorax chrysops,Cyanocorax chrysops,Cyanocorax chrysops,Cyanocorax chrysops,Cyanocorax chrysops,Cyanocorax chrysops,Cyanocorax chrysops,Cyanocorax chrysops,Cyanocorax chrysops,Cyanocorax chrysops,Cyanocorax chrysops,Cyanocorax chrysops,Cyanocorax,Corvidae,1,Bajo
1369,Cyanocorax chrysops,Cyanocorax chrysops,Cyanocorax chrysops,Cyanocorax chrysops,Cyanocorax chrysops,Cyanocorax chrysops,Cyanocorax chrysops,Cyanocorax chrysops,Cyanocorax chrysops,Cyanocorax chrysops,Cyanocorax chrysops,Cyanocorax chrysops,Cyanocorax,Corvidae,1,Bajo
1370,Crax fasciolata,Crax fasciolata,Crax fasciolata,Crax fasciolata,Crax fasciolata,Crax fasciolata,Pipile jacutinga,Odontophorus capueira,Crax fasciolata,Crax fasciolata,Crax fasciolata,Crax fasciolata,Crax,Cracidae,4,Alto
1372,Crax fasciolata,Crax fasciolata,Crax fasciolata,Crax fasciolata,Crax fasciolata,Crax fasciolata,Penelope superciliaris,Penelope superciliaris,Crax fasciolata,Crax fasciolata,Crax fasciolata,Crax fasciolata,Crax,Cracidae,4,Alto
1373,Crax fasciolata,Crax fasciolata,Crax fasciolata,Crax fasciolata,Crax fasciolata,Crax fasciolata,Penelope superciliaris,Crax fasciolata,Crax fasciolata,Crax fasciolata,Crax fasciolata,Crax fasciolata,Crax,Cracidae,4,Alto
1374,Crax fasciolata,Crax fasciolata,Crax fasciolata,Crax fasciolata,Crax fasciolata,Crax fasciolata,Penelope superciliaris,Pipile jacutinga,Crax fasciolata,Crax fasciolata,Crax fasciolata,Crax fasciolata,Crax,Cracidae,4,Alto
1375,Crax fasciolata,Crax fasciolata,Crax fasciolata,Crax fasciolata,Crax fasciolata,Pipile jacutinga,Pipile jacutinga,Pipile jacutinga,Crax fasciolata,Crax fasciolata,Crax fasciolata,Crax fasciolata,Crax,Cracidae,4,Alto
1376,Crax fasciolata,Crax fasciolata,Crax fasciolata,Pipile jacutinga,Pipile jacutinga,Crax fasciolata,Pipile jacutinga,Pipile jacutinga,Crax fasciolata,Crax fasciolata,Crax fasciolata,Crax fasciolata,Crax,Cracidae,4,Alto
1378,Crax fasciolata,Crax fasciolata,Penelope superciliaris,Penelope superciliaris,Crax fasciolata,Penelope superciliaris,Penelope superciliaris,Penelope superciliaris,Penelope superciliaris,Penelope superciliaris,Penelope superciliaris,Crax fasciolata,Crax,Cracidae,4,Alto
1379,Crax fasciolata,Crax fasciolata,Odontophorus capueira capueira,Crax fasciolata,Crax fasciolata,Pipile jacutinga,Pipile jacutinga,Crax fasciolata,Odontophorus capueira capueira,Odontophorus capueira capueira,Odontophorus capueira capueira,Crax fasciolata,Crax,Cracidae,4,Alto
1380,Crax fasciolata,Crax fasciolata,Crax fasciolata,Aramides saracura,Aramides saracura,Crax fasciolata,Penelope superciliaris,Crax fasciolata,Crax fasciolata,Crax fasciolata,Crax fasciolata,Crax fasciolata,Crax,Cracidae,4,Alto
1381,Crax fasciolata,Crax fasciolata,Crypturellus tataupa,Aramides saracura,Crypturellus tataupa,Crypturellus tataupa,Penelope superciliaris,Penelope superciliaris,Crypturellus tataupa,Crypturellus tataupa,Crypturellus tataupa,Crax fasciolata,Crax,Cracidae,4,Alto
1383,Crax fasciolata,Crax fasciolata,Crax fasciolata,Crax fasciolata,Crax fasciolata,Crax fasciolata,Penelope superciliaris,Pipile jacutinga,Crax fasciolata,Crax fasciolata,Crax fasciolata,Crax fasciolata,Crax,Cracidae,4,Alto
1385,Crax fasciolata,Crax fasciolata,Pipile jacutinga,Crax fasciolata,Crax fasciolata,Pipile jacutinga,Pipile jacutinga,Pipile jacutinga,Pipile jacutinga,Pipile jacutinga,Pipile jacutinga,Crax fasciolata,Crax,Cracidae,4,Alto
1386,Crax fasciolata,Crax fasciolata,Crax fasciolata,Crax fasciolata,Crax fasciolata,Crax fasciolata,Pipile jacutinga,Nothura maculosa,Crax fasciolata,Crax fasciolata,Crax fasciolata,Crax fasciolata,Crax,Cracidae,4,Alto
1387,Crax fasciolata,Pipile jacutinga,Odontophorus capueira,Pipile jacutinga,Pipile jacutinga,Pipile jacutinga,Pipile jacutinga,Pipile jacutinga,Odontophorus capueira,Odontophorus capueira,Odontophorus capueira,Pipile jacutinga,Crax,Cracidae,4,Alto
1388,Crax fasciolata,Pipile jacutinga,Pipile jacutinga,Pipile jacutinga,Pipile jacutinga,Pipile jacutinga,Pipile jacutinga,Pipile jacutinga,Pipile jacutinga,Pipile jacutinga,Pipile jacutinga,Pipile jacutinga,Crax,Cracidae,4,Alto
1389,Crax fasciolata,Crax fasciolata,Crax fasciolata,Crax fasciolata,Crax fasciolata,Crax fasciolata,Pipile jacutinga,Penelope superciliaris,Crax fasciolata,Crax fasciolata,Crax fasciolata,Crax fasciolata,Crax,Cracidae,4,Alto
1390,Crax fasciolata,Crax fasciolata,Penelope superciliaris,Penelope superciliaris,Crax fasciolata,Crax fasciolata,Penelope superciliaris,Penelope superciliaris,Penelope superciliaris,Penelope superciliaris,Penelope superciliaris,Crax fasciolata,Crax,Cracidae,4,Alto
1392,Penelope superciliaris,Penelope superciliaris,Penelope superciliaris,Penelope superciliaris,Penelope superciliaris,Penelope superciliaris,Penelope superciliaris,Penelope superciliaris,Penelope superciliaris,Penelope superciliaris,Penelope superciliaris,Penelope superciliaris,Penelope,Cracidae,3,Medio
1393,Penelope superciliaris,Penelope superciliaris,Penelope superciliaris,Penelope superciliaris,Penelope superciliaris,Penelope superciliaris,Penelope superciliaris,Penelope superciliaris,Penelope superciliaris,Penelope superciliaris,Penelope superciliaris,Penelope superciliaris,Penelope,Cracidae,3,Medio
1394,Penelope superciliaris,Penelope superciliaris,Penelope superciliaris,Penelope superciliaris,Penelope superciliaris,Penelope superciliaris,Penelope superciliaris,Penelope superciliaris,Penelope superciliaris,Penelope superciliaris,Penelope superciliaris,Penelope superciliaris,Penelope,Cracidae,3,Medio
1395,Penelope superciliaris,Penelope superciliaris,Penelope superciliaris,Penelope superciliaris,Penelope superciliaris,Penelope superciliaris,Penelope superciliaris,Penelope superciliaris,Penelope superciliaris,Penelope superciliaris,Penelope superciliaris,Penelope superciliaris,Penelope,Cracidae,3,Medio
1396,Penelope superciliaris,Penelope superciliaris,Aramides saracura,Aramides saracura,Aramides saracura,Penelope superciliaris,Penelope superciliaris,Aramides saracura,Aramides saracura,Aramides saracura,Aramides saracura,Penelope superciliaris,Penelope,Cracidae,3,Medio
1397,Penelope superciliaris,Penelope superciliaris,Penelope superciliaris,Penelope superciliaris,Penelope superciliaris,Penelope superciliaris,Penelope superciliaris,Penelope superciliaris,Penelope superciliaris,Penelope superciliaris,Penelope superciliaris,Penelope superciliaris,Penelope,Cracidae,3,Medio
1398,Penelope superciliaris,Penelope superciliaris,Penelope superciliaris,Penelope superciliaris,Penelope superciliaris,Penelope superciliaris,Penelope superciliaris,Penelope superciliaris,Penelope superciliaris,Penelope superciliaris,Penelope superciliaris,Penelope superciliaris,Penelope,Cracidae,3,Medio
1399,Penelope superciliaris,Penelope superciliaris,Penelope superciliaris,Pipile jacutinga,Pipile jacutinga,Penelope superciliaris,Penelope superciliaris,Penelope superciliaris,Penelope superciliaris,Penelope superciliaris,Penelope superciliaris,Penelope superciliaris,Penelope,Cracidae,3,Medio
1400,Penelope superciliaris,Penelope superciliaris,Penelope superciliaris,Penelope superciliaris,Penelope superciliaris,Penelope superciliaris,Penelope superciliaris,Penelope superciliaris,Penelope superciliaris,Penelope superciliaris,Penelope superciliaris,Penelope superciliaris,Penelope,Cracidae,3,Medio
1402,Penelope superciliaris,Penelope superciliaris,Penelope superciliaris,Penelope superciliaris,Penelope superciliaris,Penelope superciliaris,Penelope superciliaris,Penelope superciliaris,Penelope superciliaris,Penelope superciliaris,Penelope superciliaris,Penelope superciliaris,Penelope,Cracidae,3,Medio
1403,Penelope superciliaris,Penelope superciliaris,Penelope superciliaris,Penelope superciliaris,Penelope superciliaris,Penelope superciliaris,Penelope superciliaris,Penelope superciliaris,Penelope superciliaris,Penelope superciliaris,Penelope superciliaris,Penelope superciliaris,Penelope,Cracidae,3,Medio
1405,Penelope superciliaris,Penelope superciliaris,Penelope superciliaris,Penelope superciliaris,Penelope superciliaris,Penelope superciliaris,Penelope superciliaris,Penelope superciliaris,Penelope superciliaris,Penelope superciliaris,Penelope superciliaris,Penelope superciliaris,Penelope,Cracidae,3,Medio
1407,Penelope superciliaris,Penelope superciliaris,Penelope superciliaris,Penelope superciliaris,Penelope superciliaris,Penelope superciliaris,Penelope superciliaris,Penelope superciliaris,Penelope superciliaris,Penelope superciliaris,Penelope superciliaris,Penelope superciliaris,Penelope,Cracidae,3,Medio
1408,Penelope superciliaris,Penelope superciliaris,Penelope superciliaris,Penelope superciliaris,Penelope superciliaris,Penelope superciliaris,Penelope superciliaris,Penelope superciliaris,Penelope superciliaris,Penelope superciliaris,Penelope superciliaris,Penelope superciliaris,Penelope,Cracidae,3,Medio
1411,Penelope superciliaris,Penelope superciliaris,Penelope superciliaris,Penelope superciliaris,Penelope superciliaris,Penelope superciliaris,Penelope superciliaris,Penelope superciliaris,Penelope superciliaris,Penelope superciliaris,Penelope superciliaris,Penelope superciliaris,Penelope,Cracidae,3,Medio
1412,Penelope superciliaris,Penelope superciliaris,Penelope superciliaris,Penelope superciliaris,Penelope superciliaris,Penelope superciliaris,Penelope superciliaris,Penelope superciliaris,Penelope superciliaris,Penelope superciliaris,Penelope superciliaris,Penelope superciliaris,Penelope,Cracidae,3,Medio
1413,Penelope superciliaris,Penelope superciliaris,Tinamus solitarius,Tinamus solitarius,Tinamus solitarius,Penelope superciliaris,Penelope superciliaris,Penelope superciliaris,Tinamus solitarius,Tinamus solitarius,Tinamus solitarius,Penelope superciliaris,Penelope,Cracidae,3,Medio
1414,Penelope superciliaris,Odontophorus capueira,Odontophorus capueira,Aramides saracura,Crypturellus tataupa,Penelope superciliaris,Odontophorus capueira,Tinamus solitarius,Odontophorus capueira,Odontophorus capueira,Odontophorus capueira,Odontophorus capueira,Penelope,Cracidae,3,Medio
1415,Penelope superciliaris,Penelope superciliaris,Aramides saracura,Penelope superciliaris,Penelope superciliaris,Penelope superciliaris,Penelope superciliaris,Aramides saracura,Aramides saracura,Aramides saracura,Aramides saracura,Penelope superciliaris,Penelope,Cracidae,3,Medio
1416,Penelope superciliaris,Penelope superciliaris,Penelope superciliaris,Penelope superciliaris,Penelope superciliaris,Penelope superciliaris,Penelope superciliaris,Penelope superciliaris,Penelope superciliaris,Penelope superciliaris,Penelope superciliaris,Penelope superciliaris,Penelope,Cracidae,3,Medio
1418,Penelope superciliaris,Penelope superciliaris,Penelope superciliaris,Penelope superciliaris,Penelope superciliaris,Penelope superciliaris,Penelope superciliaris,Penelope superciliaris,Penelope superciliaris,Penelope superciliaris,Penelope superciliaris,Penelope superciliaris,Penelope,Cracidae,3,Medio
1419,Penelope superciliaris,Penelope superciliaris,Penelope superciliaris,Penelope superciliaris,Penelope superciliaris,Penelope superciliaris,Penelope superciliaris,Penelope superciliaris,Penelope superciliaris,Penelope superciliaris,Penelope superciliaris,Penelope superciliaris,Penelope,Cracidae,3,Medio
1420,Penelope superciliaris,Penelope superciliaris,Pipile jacutinga,Hypoedaleus guttatus,Penelope superciliaris,Penelope superciliaris,Penelope superciliaris,Penelope superciliaris,Pipile jacutinga,Pipile jacutinga,Pipile jacutinga,Penelope superciliaris,Penelope,Cracidae,3,Medio
1421,Penelope superciliaris,Penelope superciliaris,Penelope superciliaris,Penelope superciliaris,Penelope superciliaris,Penelope superciliaris,Penelope superciliaris,Penelope superciliaris,Penelope superciliaris,Penelope superciliaris,Penelope superciliaris,Penelope superciliaris,Penelope,Cracidae,3,Medio
1424,Penelope superciliaris,Penelope superciliaris,Pipile jacutinga,Pipile jacutinga,Penelope superciliaris,Penelope superciliaris,Penelope superciliaris,Penelope superciliaris,Pipile jacutinga,Pipile jacutinga,Pipile jacutinga,Penelope superciliaris,Penelope,Cracidae,3,Medio
1425,Penelope superciliaris,Penelope superciliaris,Penelope superciliaris,Penelope superciliaris,Penelope superciliaris,Penelope superciliaris,Penelope superciliaris,Penelope superciliaris,Penelope superciliaris,Penelope superciliaris,Penelope superciliaris,Penelope superciliaris,Penelope,Cracidae,3,Medio
1426,Penelope superciliaris,Penelope superciliaris,Penelope superciliaris,Penelope superciliaris,Penelope superciliaris,Penelope superciliaris,Penelope superciliaris,Penelope superciliaris,Penelope superciliaris,Penelope superciliaris,Penelope superciliaris,Penelope superciliaris,Penelope,Cracidae,3,Medio
1427,Penelope superciliaris,Penelope superciliaris,Penelope superciliaris,Penelope superciliaris,Penelope superciliaris,Penelope superciliaris,Penelope superciliaris,Penelope superciliaris,Penelope superciliaris,Penelope superciliaris,Penelope superciliaris,Penelope superciliaris,Penelope,Cracidae,3,Medio
1428,Penelope superciliaris,Crypturellus tataupa,Odontophorus capueira,Aramides saracura,Crypturellus tataupa,Penelope superciliaris,Aramides saracura,Crypturellus tataupa,Odontophorus capueira,Odontophorus capueira,Odontophorus capueira,Crypturellus tataupa,Penelope,Cracidae,3,Medio
1430,Penelope superciliaris,Penelope superciliaris,Penelope superciliaris,Penelope superciliaris,Penelope superciliaris,Penelope superciliaris,Penelope superciliaris,Penelope superciliaris,Penelope superciliaris,Penelope superciliaris,Penelope superciliaris,Penelope superciliaris,Penelope,Cracidae,3,Medio
1431,Penelope superciliaris,Penelope superciliaris,Penelope superciliaris,Penelope superciliaris,Penelope superciliaris,Penelope superciliaris,Penelope superciliaris,Penelope superciliaris,Penelope superciliaris,Penelope superciliaris,Penelope superciliaris,Penelope superciliaris,Penelope,Cracidae,3,Medio
1432,Penelope superciliaris,Penelope superciliaris,Penelope superciliaris,Penelope superciliaris,Penelope superciliaris,Penelope superciliaris,Penelope superciliaris,Penelope superciliaris,Penelope superciliaris,Penelope superciliaris,Penelope superciliaris,Penelope superciliaris,Penelope,Cracidae,3,Medio
1433,Penelope superciliaris,Cuniculus paca,Aramides saracura,Aramides saracura,Aramides saracura,Penelope superciliaris,Penelope superciliaris,Aramides saracura,Aramides saracura,Aramides saracura,Aramides saracura,Cuniculus paca,Penelope,Cracidae,3,Medio
1435,Penelope superciliaris,Penelope superciliaris,Penelope superciliaris,Penelope superciliaris,Penelope superciliaris,Penelope superciliaris,Penelope superciliaris,Penelope superciliaris,Penelope superciliaris,Penelope superciliaris,Penelope superciliaris,Penelope superciliaris,Penelope,Cracidae,3,Medio
1436,Penelope superciliaris,Penelope superciliaris,Penelope superciliaris,Penelope superciliaris,Penelope superciliaris,Penelope superciliaris,Penelope superciliaris,Penelope superciliaris,Penelope superciliaris,Penelope superciliaris,Penelope superciliaris,Penelope superciliaris,Penelope,Cracidae,3,Medio
1437,Penelope superciliaris,Penelope superciliaris,Penelope superciliaris,Penelope superciliaris,Penelope superciliaris,Penelope superciliaris,Penelope superciliaris,Penelope superciliaris,Penelope superciliaris,Penelope superciliaris,Penelope superciliaris,Penelope superciliaris,Penelope,Cracidae,3,Medio
1438,Penelope superciliaris,Penelope superciliaris,Penelope superciliaris,Penelope superciliaris,Penelope superciliaris,Penelope superciliaris,Penelope superciliaris,Penelope superciliaris,Penelope superciliaris,Penelope superciliaris,Penelope superciliaris,Penelope superciliaris,Penelope,Cracidae,3,Medio
1439,Penelope superciliaris,Penelope superciliaris,Penelope superciliaris,Penelope superciliaris,Penelope superciliaris,Penelope superciliaris,Penelope superciliaris,Penelope superciliaris,Penelope superciliaris,Penelope superciliaris,Penelope superciliaris,Penelope superciliaris,Penelope,Cracidae,3,Medio
1440,Penelope superciliaris,Penelope superciliaris,Penelope superciliaris,Penelope superciliaris,Penelope superciliaris,Penelope superciliaris,Penelope superciliaris,Penelope superciliaris,Penelope superciliaris,Penelope superciliaris,Penelope superciliaris,Penelope superciliaris,Penelope,Cracidae,3,Medio
1441,Penelope superciliaris,Penelope superciliaris,Penelope superciliaris,Penelope superciliaris,Penelope superciliaris,Penelope superciliaris,Penelope superciliaris,Penelope superciliaris,Penelope superciliaris,Penelope superciliaris,Penelope superciliaris,Penelope superciliaris,Penelope,Cracidae,3,Medio
1442,Penelope superciliaris,Penelope superciliaris,Penelope superciliaris,Penelope superciliaris,Penelope superciliaris,Penelope superciliaris,Penelope superciliaris,Penelope superciliaris,Penelope superciliaris,Penelope superciliaris,Penelope superciliaris,Penelope superciliaris,Penelope,Cracidae,3,Medio
1443,Penelope superciliaris,Penelope superciliaris,Tinamus solitarius,Penelope superciliaris,Penelope superciliaris,Penelope superciliaris,Penelope superciliaris,Penelope superciliaris,Tinamus solitarius,Tinamus solitarius,Tinamus solitarius,Tinamus solitarius,Penelope,Cracidae,3,Medio
1444,Penelope superciliaris,Penelope superciliaris,Penelope superciliaris,Penelope superciliaris,Penelope superciliaris,Penelope superciliaris,Penelope superciliaris,Penelope superciliaris,Penelope superciliaris,Penelope superciliaris,Penelope superciliaris,Penelope superciliaris,Penelope,Cracidae,3,Medio
1445,Penelope superciliaris,Penelope superciliaris,Penelope superciliaris,Penelope superciliaris,Penelope superciliaris,Penelope superciliaris,Penelope superciliaris,Penelope superciliaris,Penelope superciliaris,Penelope superciliaris,Penelope superciliaris,Penelope superciliaris,Penelope,Cracidae,3,Medio
1446,Penelope superciliaris,Penelope superciliaris,Aramides saracura,Aramides saracura,Crypturellus tataupa,Penelope superciliaris,Penelope superciliaris,Aramides saracura,Aramides saracura,Aramides saracura,Aramides saracura,Penelope superciliaris,Penelope,Cracidae,3,Medio
1448,Penelope superciliaris,Penelope superciliaris,Penelope superciliaris,Penelope superciliaris,Penelope superciliaris,Penelope superciliaris,Penelope superciliaris,Penelope superciliaris,Penelope superciliaris,Penelope superciliaris,Penelope superciliaris,Penelope superciliaris,Penelope,Cracidae,3,Medio
1449,Penelope superciliaris,Leptotila verreauxi,Penelope superciliaris,Conopophaga lineata,Amazona vinacea,Penelope superciliaris,Penelope superciliaris,Penelope superciliaris,Penelope superciliaris,Penelope superciliaris,Penelope superciliaris,Leptotila verreauxi,Penelope,Cracidae,3,Medio
1450,Penelope superciliaris,Crypturellus tataupa,Aramides saracura,Aramides saracura,Crypturellus tataupa,Penelope superciliaris,Penelope superciliaris,Penelope superciliaris,Aramides saracura,Aramides saracura,Aramides saracura,Crypturellus tataupa,Penelope,Cracidae,3,Medio
1451,Penelope superciliaris,Penelope superciliaris,Penelope superciliaris,Pipile jacutinga,Pipile jacutinga,Penelope superciliaris,Penelope superciliaris,Pipile jacutinga,Penelope superciliaris,Penelope superciliaris,Penelope superciliaris,Penelope superciliaris,Penelope,Cracidae,3,Medio
1452,Penelope superciliaris,Penelope superciliaris,Penelope superciliaris,Penelope superciliaris,Penelope superciliaris,Penelope superciliaris,Penelope superciliaris,Penelope superciliaris,Penelope superciliaris,Penelope superciliaris,Penelope superciliaris,Penelope superciliaris,Penelope,Cracidae,3,Medio
1453,Penelope superciliaris,Penelope superciliaris,Penelope superciliaris,Penelope superciliaris,Penelope superciliaris,Penelope superciliaris,Penelope superciliaris,Penelope superciliaris,Penelope superciliaris,Penelope superciliaris,Penelope superciliaris,Penelope superciliaris,Penelope,Cracidae,3,Medio
1454,Penelope superciliaris,Penelope superciliaris,Penelope superciliaris,Penelope superciliaris,Penelope superciliaris,Penelope superciliaris,Penelope superciliaris,Penelope superciliaris,Penelope superciliaris,Penelope superciliaris,Penelope superciliaris,Penelope superciliaris,Penelope,Cracidae,3,Medio
1455,Penelope superciliaris,Penelope superciliaris,Aramides saracura,Aramides saracura,Penelope superciliaris,Penelope superciliaris,Penelope superciliaris,Penelope superciliaris,Aramides saracura,Aramides saracura,Aramides saracura,Penelope superciliaris,Penelope,Cracidae,3,Medio
1456,Penelope superciliaris,Crypturellus tataupa,Crypturellus tataupa,Aramides saracura,Crypturellus tataupa,Penelope superciliaris,Penelope superciliaris,Crypturellus tataupa,Crypturellus tataupa,Crypturellus tataupa,Crypturellus tataupa,Crypturellus tataupa,Penelope,Cracidae,3,Medio
1457,Penelope superciliaris,Penelope superciliaris,Penelope superciliaris,Penelope superciliaris,Penelope superciliaris,Penelope superciliaris,Penelope superciliaris,Penelope superciliaris,Penelope superciliaris,Penelope superciliaris,Penelope superciliaris,Penelope superciliaris,Penelope,Cracidae,3,Medio
1459,Penelope superciliaris,Penelope superciliaris,Penelope superciliaris,Penelope superciliaris,Penelope superciliaris,Penelope superciliaris,Penelope superciliaris,Penelope superciliaris,Penelope superciliaris,Penelope superciliaris,Penelope superciliaris,Penelope superciliaris,Penelope,Cracidae,3,Medio
1461,Pipile jacutinga,Pipile jacutinga,Pipile jacutinga,Pipile jacutinga,Pipile jacutinga,Pipile jacutinga,Pipile jacutinga,Pipile jacutinga,Pipile jacutinga,Pipile jacutinga,Pipile jacutinga,Pipile jacutinga,Pipile,Cracidae,6,Crítico
1462,Pipile jacutinga,Pipile jacutinga,Penelope superciliaris,Penelope superciliaris,Penelope superciliaris,Pipile jacutinga,Penelope superciliaris,Penelope superciliaris,Penelope superciliaris,Penelope superciliaris,Penelope superciliaris,Pipile jacutinga,Pipile,Cracidae,6,Crítico
1463,Pipile jacutinga,Pipile jacutinga,Pipile jacutinga,Pipile jacutinga,Pipile jacutinga,Pipile jacutinga,Pipile jacutinga,Pipile jacutinga,Pipile jacutinga,Pipile jacutinga,Pipile jacutinga,Pipile jacutinga,Pipile,Cracidae,6,Crítico
1464,Pipile jacutinga,Pipile jacutinga,Pipile jacutinga,Penelope superciliaris,Pipile jacutinga,Pipile jacutinga,Pipile jacutinga,Pipile jacutinga,Pipile jacutinga,Pipile jacutinga,Pipile jacutinga,Pipile jacutinga,Pipile,Cracidae,6,Crítico
1466,Pipile jacutinga,Pipile jacutinga,Pipile jacutinga,Pipile jacutinga,Pipile jacutinga,Pipile jacutinga,Pipile jacutinga,Pipile jacutinga,Pipile jacutinga,Pipile jacutinga,Pipile jacutinga,Pipile jacutinga,Pipile,Cracidae,6,Crítico
1467,Pipile jacutinga,Pipile jacutinga,Pipile jacutinga,Pipile jacutinga,Pipile jacutinga,Pipile jacutinga,Pipile jacutinga,Pipile jacutinga,Pipile jacutinga,Pipile jacutinga,Pipile jacutinga,Pipile jacutinga,Pipile,Cracidae,6,Crítico
1468,Pipile jacutinga,Pipile jacutinga,Pipile jacutinga,Penelope superciliaris,Penelope superciliaris,Pipile jacutinga,Pipile jacutinga,Pipile jacutinga,Pipile jacutinga,Pipile jacutinga,Pipile jacutinga,Pipile jacutinga,Pipile,Cracidae,6,Crítico
1469,Pipile jacutinga,Pipile jacutinga,Penelope superciliaris,Pipile jacutinga,Pipile jacutinga,Pipile jacutinga,Pipile jacutinga,Pipile jacutinga,Penelope superciliaris,Penelope superciliaris,Penelope superciliaris,Pipile jacutinga,Pipile,Cracidae,6,Crítico
1470,Pipile jacutinga,Pipile jacutinga,Pipile jacutinga,Pipile jacutinga,Pipile jacutinga,Pipile jacutinga,Pipile jacutinga,Pipile jacutinga,Pipile jacutinga,Pipile jacutinga,Pipile jacutinga,Pipile jacutinga,Pipile,Cracidae,6,Crítico
1471,Pipile jacutinga,Penelope superciliaris,Pipile jacutinga,Penelope superciliaris,Penelope superciliaris,Penelope superciliaris,Penelope superciliaris,Pipile jacutinga,Pipile jacutinga,Pipile jacutinga,Pipile jacutinga,Penelope superciliaris,Pipile,Cracidae,6,Crítico
1472,Pipile jacutinga,Pipile jacutinga,Penelope superciliaris,Pipile jacutinga,Pipile jacutinga,Pipile jacutinga,Pipile jacutinga,Pipile jacutinga,Penelope superciliaris,Penelope superciliaris,Penelope superciliaris,Pipile jacutinga,Pipile,Cracidae,6,Crítico
1474,Pipile jacutinga,Pipile jacutinga,Pipile jacutinga,Pipile jacutinga,Pipile jacutinga,Pipile jacutinga,Pipile jacutinga,Pipile jacutinga,Pipile jacutinga,Pipile jacutinga,Pipile jacutinga,Pipile jacutinga,Pipile,Cracidae,6,Crítico
1475,Pipile jacutinga,Pipile jacutinga,Pipile jacutinga,Pipile jacutinga,Pipile jacutinga,Pipile jacutinga,Pipile jacutinga,Pipile jacutinga,Pipile jacutinga,Pipile jacutinga,Pipile jacutinga,Pipile jacutinga,Pipile,Cracidae,6,Crítico
1476,Pipile jacutinga,Pipile jacutinga,Pipile jacutinga,Pipile jacutinga,Pipile jacutinga,Pipile jacutinga,Pipile jacutinga,Pipile jacutinga,Pipile jacutinga,Pipile jacutinga,Pipile jacutinga,Pipile jacutinga,Pipile,Cracidae,6,Crítico
1478,Pipile jacutinga,Pipile jacutinga,Pipile jacutinga,Pipile jacutinga,Pipile jacutinga,Pipile jacutinga,Pipile jacutinga,Pipile jacutinga,Pipile jacutinga,Pipile jacutinga,Pipile jacutinga,Pipile jacutinga,Pipile,Cracidae,6,Crítico
1479,Pipile jacutinga,Pipile jacutinga,Pipile jacutinga,Pipile jacutinga,Pipile jacutinga,Pipile jacutinga,Pipile jacutinga,Pipile jacutinga,Pipile jacutinga,Pipile jacutinga,Pipile jacutinga,Pipile jacutinga,Pipile,Cracidae,6,Crítico
1480,Pipile jacutinga,Pipile jacutinga,Pipile jacutinga,Pipile jacutinga,Pipile jacutinga,Pipile jacutinga,Pipile jacutinga,Pipile jacutinga,Pipile jacutinga,Pipile jacutinga,Pipile jacutinga,Pipile jacutinga,Pipile,Cracidae,6,Crítico
1482,Pipile jacutinga,Pipile jacutinga,Pipile jacutinga,Pipile jacutinga,Pipile jacutinga,Pipile jacutinga,Pipile jacutinga,Pipile jacutinga,Pipile jacutinga,Pipile jacutinga,Pipile jacutinga,Pipile jacutinga,Pipile,Cracidae,6,Crítico
1484,Pipile jacutinga,Pipile jacutinga,Pipile jacutinga,Pipile jacutinga,Pipile jacutinga,Pipile jacutinga,Pipile jacutinga,Pipile jacutinga,Pipile jacutinga,Pipile jacutinga,Pipile jacutinga,Pipile jacutinga,Pipile,Cracidae,6,Crítico
1486,Pipile jacutinga,Pipile jacutinga,Pipile jacutinga,Pipile jacutinga,Pipile jacutinga,Pipile jacutinga,Pipile jacutinga,Pipile jacutinga,Pipile jacutinga,Pipile jacutinga,Pipile jacutinga,Pipile jacutinga,Pipile,Cracidae,6,Crítico
1487,Pipile jacutinga,Pipile jacutinga,Pipile jacutinga,Pipile jacutinga,Pipile jacutinga,Pipile jacutinga,Pipile jacutinga,Pipile jacutinga,Pipile jacutinga,Pipile jacutinga,Pipile jacutinga,Pipile jacutinga,Pipile,Cracidae,6,Crítico
1488,Pipile jacutinga,Pipile jacutinga,Pipile jacutinga,Pipile jacutinga,Pipile jacutinga,Pipile jacutinga,Pipile jacutinga,Pipile jacutinga,Pipile jacutinga,Pipile jacutinga,Pipile jacutinga,Pipile jacutinga,Pipile,Cracidae,6,Crítico
1489,Pipile jacutinga,Pipile jacutinga,Pipile jacutinga,Pipile jacutinga,Pipile jacutinga,Pipile jacutinga,Pipile jacutinga,Pipile jacutinga,Pipile jacutinga,Pipile jacutinga,Pipile jacutinga,Pipile jacutinga,Pipile,Cracidae,6,Crítico
1490,Pipile jacutinga,Pipile jacutinga,Pipile jacutinga,Pipile jacutinga,Pipile jacutinga,Pipile jacutinga,Pipile jacutinga,Pipile jacutinga,Pipile jacutinga,Pipile jacutinga,Pipile jacutinga,Pipile jacutinga,Pipile,Cracidae,6,Crítico
1491,Pipile jacutinga,Pipile jacutinga,Pipile jacutinga,Pipile jacutinga,Pipile jacutinga,Pipile jacutinga,Pipile jacutinga,Pipile jacutinga,Pipile jacutinga,Pipile jacutinga,Pipile jacutinga,Pipile jacutinga,Pipile,Cracidae,6,Crítico
1492,Pipile jacutinga,Penelope superciliaris,Aramides saracura,Aramides saracura,Pipile jacutinga,Pipile jacutinga,Penelope superciliaris,Aramides saracura,Aramides saracura,Aramides saracura,Aramides saracura,Penelope superciliaris,Pipile,Cracidae,6,Crítico
1493,Pipile jacutinga,Pipile jacutinga,Pipile jacutinga,Pipile jacutinga,Pipile jacutinga,Pipile jacutinga,Pipile jacutinga,Pipile jacutinga,Pipile jacutinga,Pipile jacutinga,Pipile jacutinga,Pipile jacutinga,Pipile,Cracidae,6,Crítico
1495,Pipile jacutinga,Pipile jacutinga,Pipile jacutinga,Pipile jacutinga,Pipile jacutinga,Pipile jacutinga,Pipile jacutinga,Pipile jacutinga,Pipile jacutinga,Pipile jacutinga,Pipile jacutinga,Pipile jacutinga,Pipile,Cracidae,6,Crítico
1496,Pipile jacutinga,Pipile jacutinga,Pipile jacutinga,Pipile jacutinga,Pipile jacutinga,Pipile jacutinga,Pipile jacutinga,Pipile jacutinga,Pipile jacutinga,Pipile jacutinga,Pipile jacutinga,Pipile jacutinga,Pipile,Cracidae,6,Crítico
1497,Pipile jacutinga,Pipile jacutinga,Pipile jacutinga,Pipile jacutinga,Pipile jacutinga,Pipile jacutinga,Pipile jacutinga,Pipile jacutinga,Pipile jacutinga,Pipile jacutinga,Pipile jacutinga,Pipile jacutinga,Pipile,Cracidae,6,Crítico
1498,Pipile jacutinga,Pipile jacutinga,Penelope superciliaris,Pipile jacutinga,Penelope superciliaris,Pipile jacutinga,Pipile jacutinga,Pipile jacutinga,Penelope superciliaris,Penelope superciliaris,Penelope superciliaris,Pipile jacutinga,Pipile,Cracidae,6,Crítico
1499,Pipile jacutinga,Pipile jacutinga,Pipile jacutinga,Pipile jacutinga,Pipile jacutinga,Pipile jacutinga,Pipile jacutinga,Pipile jacutinga,Pipile jacutinga,Pipile jacutinga,Pipile jacutinga,Pipile jacutinga,Pipile,Cracidae,6,Crítico
1501,Pipile jacutinga,Penelope superciliaris,Pipile jacutinga,Brotogeris chiriri,Cyanocorax chrysops,Penelope superciliaris,Penelope superciliaris,Salvator merianae,Pipile jacutinga,Pipile jacutinga,Pipile jacutinga,Penelope superciliaris,Pipile,Cracidae,6,Crítico
1502,Pipile jacutinga,Pipile jacutinga,Pipile jacutinga,Pipile jacutinga,Pipile jacutinga,Pipile jacutinga,Pipile jacutinga,Pipile jacutinga,Pipile jacutinga,Pipile jacutinga,Pipile jacutinga,Pipile jacutinga,Pipile,Cracidae,6,Crítico
1503,Pipile jacutinga,Pipile jacutinga,Pipile jacutinga,Pipile jacutinga,Pipile jacutinga,Pipile jacutinga,Pipile jacutinga,Pipile jacutinga,Pipile jacutinga,Pipile jacutinga,Pipile jacutinga,Pipile jacutinga,Pipile,Cracidae,6,Crítico
1504,Pipile jacutinga,Pipile jacutinga,Pipile jacutinga,Pipile jacutinga,Pipile jacutinga,Pipile jacutinga,Pipile jacutinga,Pipile jacutinga,Pipile jacutinga,Pipile jacutinga,Pipile jacutinga,Pipile jacutinga,Pipile,Cracidae,6,Crítico
1507,Pipile jacutinga,Pipile jacutinga,Pipile jacutinga,Pipile jacutinga,Pipile jacutinga,Pipile jacutinga,Pipile jacutinga,Pipile jacutinga,Pipile jacutinga,Pipile jacutinga,Pipile jacutinga,Pipile jacutinga,Pipile,Cracidae,6,Crítico
1508,Pipile jacutinga,Pipile jacutinga,Pipile jacutinga,Pipile jacutinga,Pipile jacutinga,Pipile jacutinga,Pipile jacutinga,Pipile jacutinga,Pipile jacutinga,Pipile jacutinga,Pipile jacutinga,Pipile jacutinga,Pipile,Cracidae,6,Crítico
1509,Pipile jacutinga,Pipile jacutinga,Pipile jacutinga,Pipile jacutinga,Pipile jacutinga,Pipile jacutinga,Pipile jacutinga,Pipile jacutinga,Pipile jacutinga,Pipile jacutinga,Pipile jacutinga,Pipile jacutinga,Pipile,Cracidae,6,Crítico
1510,Pipile jacutinga,Pipile jacutinga,Pipile jacutinga,Pipile jacutinga,Pipile jacutinga,Pipile jacutinga,Pipile jacutinga,Pipile jacutinga,Pipile jacutinga,Pipile jacutinga,Pipile jacutinga,Pipile jacutinga,Pipile,Cracidae,6,Crítico
1511,Pipile jacutinga,Pipile jacutinga,Pipile jacutinga,Pipile jacutinga,Pipile jacutinga,Pipile jacutinga,Pipile jacutinga,Pipile jacutinga,Pipile jacutinga,Pipile jacutinga,Pipile jacutinga,Pipile jacutinga,Pipile,Cracidae,6,Crítico
1512,Pipile jacutinga,Pipile jacutinga,Pipile jacutinga,Pipile jacutinga,Pipile jacutinga,Pipile jacutinga,Pipile jacutinga,Pipile jacutinga,Pipile jacutinga,Pipile jacutinga,Pipile jacutinga,Pipile jacutinga,Pipile,Cracidae,6,Crítico
1515,Pipile jacutinga,Lontra longicaudis,Pipile jacutinga,Lontra longicaudis,Lontra longicaudis,Pipile jacutinga,Lontra longicaudis,Lontra longicaudis,Pipile jacutinga,Pipile jacutinga,Pipile jacutinga,Lontra longicaudis,Pipile,Cracidae,6,Crítico
1516,Pipile jacutinga,Pipile jacutinga,Pipile jacutinga,Pipile jacutinga,Penelope superciliaris,Pipile jacutinga,Pipile jacutinga,Pipile jacutinga,Pipile jacutinga,Pipile jacutinga,Pipile jacutinga,Pipile jacutinga,Pipile,Cracidae,6,Crítico
1517,Pipile jacutinga,Penelope superciliaris,Pipile jacutinga,Penelope superciliaris,Penelope superciliaris,Penelope superciliaris,Penelope superciliaris,Penelope superciliaris,Pipile jacutinga,Pipile jacutinga,Pipile jacutinga,Penelope superciliaris,Pipile,Cracidae,6,Crítico
1518,Pipile jacutinga,Pipile jacutinga,Pipile jacutinga,Pipile jacutinga,Pipile jacutinga,Pipile jacutinga,Pipile jacutinga,Pipile jacutinga,Pipile jacutinga,Pipile jacutinga,Pipile jacutinga,Pipile jacutinga,Pipile,Cracidae,6,Crítico
1520,Pipile jacutinga,Pipile jacutinga,Pipile jacutinga,Pipile jacutinga,Pipile jacutinga,Pipile jacutinga,Pipile jacutinga,Pipile jacutinga,Pipile jacutinga,Pipile jacutinga,Pipile jacutinga,Pipile jacutinga,Pipile,Cracidae,6,Crítico
1521,Pipile jacutinga,Pipile jacutinga,Pipile jacutinga,Pipile jacutinga,Pipile jacutinga,Pipile jacutinga,Pipile jacutinga,Pipile jacutinga,Pipile jacutinga,Pipile jacutinga,Pipile jacutinga,Pipile jacutinga,Pipile,Cracidae,6,Crítico
1522,Pipile jacutinga,Pipile jacutinga,Pipile jacutinga,Pipile jacutinga,Pipile jacutinga,Pipile jacutinga,Pipile jacutinga,Pipile jacutinga,Pipile jacutinga,Pipile jacutinga,Pipile jacutinga,Pipile jacutinga,Pipile,Cracidae,6,Crítico
1523,Pipile jacutinga,Pipile jacutinga,Mackenziaena leachii,Mackenziaena leachii,Cyanoloxia brissonii,Pipile jacutinga,Penelope superciliaris,Pipile jacutinga,Mackenziaena leachii,Mackenziaena leachii,Mackenziaena leachii,Pipile jacutinga,Pipile,Cracidae,6,Crítico
1524,Pipile jacutinga,Pipile jacutinga,Pipile jacutinga,Pipile jacutinga,Penelope superciliaris,Pipile jacutinga,Pipile jacutinga,Pipile jacutinga,Pipile jacutinga,Pipile jacutinga,Pipile jacutinga,Pipile jacutinga,Pipile,Cracidae,6,Crítico
1525,Pipile jacutinga,Pipile jacutinga,Pipile jacutinga,Pipile jacutinga,Pipile jacutinga,Pipile jacutinga,Pipile jacutinga,Pipile jacutinga,Pipile jacutinga,Pipile jacutinga,Pipile jacutinga,Pipile jacutinga,Pipile,Cracidae,6,Crítico
1526,Pipile jacutinga,Sapajus nigritus,Pipile jacutinga,Amazona vinacea,Amazona vinacea,Pipile jacutinga,Pipile jacutinga,Amazona vinacea,Pipile jacutinga,Pipile jacutinga,Pipile jacutinga,Amazona vinacea,Pipile,Cracidae,6,Crítico
1527,Pipile jacutinga,Pipile jacutinga,Penelope superciliaris,Pipile jacutinga,Pipile jacutinga,Pipile jacutinga,Pipile jacutinga,Pipile jacutinga,Penelope superciliaris,Penelope superciliaris,Penelope superciliaris,Pipile jacutinga,Pipile,Cracidae,6,Crítico
1528,Pipile jacutinga,Pipile jacutinga,Pipile jacutinga,Crax fasciolata,Pipile jacutinga,Pipile jacutinga,Pipile jacutinga,Pipile jacutinga,Pipile jacutinga,Pipile jacutinga,Pipile jacutinga,Pipile jacutinga,Pipile,Cracidae,6,Crítico
1530,Pipile jacutinga,Pipile jacutinga,Pipile jacutinga,Pipile jacutinga,Pipile jacutinga,Pipile jacutinga,Pipile jacutinga,Pipile jacutinga,Pipile jacutinga,Pipile jacutinga,Pipile jacutinga,Pipile jacutinga,Pipile,Cracidae,6,Crítico
1531,Cuniculus paca,Cuniculus paca,Cuniculus paca,Cuniculus paca,Cuniculus paca,Cuniculus paca,Cerdocyon thous,Cuniculus paca,Cuniculus paca,Cuniculus paca,Cuniculus paca,Cuniculus paca,Cuniculus,Cuniculidae,2,Bajo
1532,Cuniculus paca,Cuniculus paca,Cuniculus paca,Cuniculus paca,Cuniculus paca,Cuniculus paca,Cerdocyon thous,Cuniculus paca,Cuniculus paca,Cuniculus paca,Cuniculus paca,Cuniculus paca,Cuniculus,Cuniculidae,2,Bajo
1533,Cuniculus paca,Cabassous tatouay,Cabassous tatouay,Cabassous tatouay,Cuniculus paca,Cuniculus paca,Cerdocyon thous,Cuniculus paca,Cabassous tatouay,Cabassous tatouay,Cabassous tatouay,Cabassous tatouay,Cuniculus,Cuniculidae,2,Bajo
1534,Cuniculus paca,Cuniculus paca,Cuniculus paca,Cuniculus paca,Cuniculus paca,Cuniculus paca,Cerdocyon thous,Cuniculus paca,Cuniculus paca,Cuniculus paca,Cuniculus paca,Cuniculus paca,Cuniculus,Cuniculidae,2,Bajo
1535,Cuniculus paca,Cuniculus paca,Cuniculus paca,Cuniculus paca,Cuniculus paca,Cuniculus paca,Cerdocyon thous,Pecari tajacu,Cuniculus paca,Cuniculus paca,Cuniculus paca,Cuniculus paca,Cuniculus,Cuniculidae,2,Bajo
1536,Cuniculus paca,Cuniculus paca,Cuniculus paca,Dasyprocta azarae,Dasyprocta azarae,Dasyprocta azarae,Dasyprocta azarae,Dasyprocta azarae,Cuniculus paca,Cuniculus paca,Cuniculus paca,Cuniculus paca,Cuniculus,Cuniculidae,2,Bajo
1538,Cuniculus paca,Cuniculus paca,Didelphis albiventris,Cerdocyon thous,Cuniculus paca,Eira barbara,Eira barbara,Cerdocyon thous,Didelphis albiventris,Didelphis albiventris,Didelphis albiventris,Cuniculus paca,Cuniculus,Cuniculidae,2,Bajo
1539,Cuniculus paca,Cuniculus paca,Cuniculus paca,Cuniculus paca,Cuniculus paca,Cuniculus paca,Cerdocyon thous,Cerdocyon thous,Cuniculus paca,Cuniculus paca,Cuniculus paca,Cuniculus paca,Cuniculus,Cuniculidae,2,Bajo
1541,Cuniculus paca,Cuniculus paca,Cuniculus paca,Cuniculus paca,Cuniculus paca,Cuniculus paca,Dasyprocta azarae,Dasyprocta azarae,Cuniculus paca,Cuniculus paca,Cuniculus paca,Cuniculus paca,Cuniculus,Cuniculidae,2,Bajo
1542,Cuniculus paca,Cuniculus paca,Procyon cancrivorus,Cabassous tatouay,Cabassous tatouay,Cuniculus paca,Cerdocyon thous,Leopardus guttulus,Procyon cancrivorus,Procyon cancrivorus,Procyon cancrivorus,Cuniculus paca,Cuniculus,Cuniculidae,2,Bajo
1543,Cuniculus paca,Procyon cancrivorus,Procyon cancrivorus,Cuniculus paca,Cuniculus paca,Procyon cancrivorus,Didelphis albiventris,Didelphis albiventris,Procyon cancrivorus,Procyon cancrivorus,Procyon cancrivorus,Procyon cancrivorus,Cuniculus,Cuniculidae,2,Bajo
1544,Cuniculus paca,Kannabateomys amblyonyx,Cuniculus paca,Kannabateomys amblyonyx,Kannabateomys amblyonyx,Cuniculus paca,Dasyprocta azarae,Dasyprocta azarae,Cuniculus paca,Cuniculus paca,Cuniculus paca,Kannabateomys amblyonyx,Cuniculus,Cuniculidae,2,Bajo
1545,Cuniculus paca,Cuniculus paca,Cuniculus paca,Cuniculus paca,Cuniculus paca,Cuniculus paca,Dasyprocta azarae,Cuniculus paca,Cuniculus paca,Cuniculus paca,Cuniculus paca,Cuniculus paca,Cuniculus,Cuniculidae,2,Bajo
1546,Cuniculus paca,Cuniculus paca,Cuniculus paca,Cuniculus paca,Cuniculus paca,Cuniculus paca,Cerdocyon thous,Cuniculus paca,Cuniculus paca,Cuniculus paca,Cuniculus paca,Cuniculus paca,Cuniculus,Cuniculidae,2,Bajo
1547,Cuniculus paca,Cabassous tatouay,Myrmecophaga tridactyla,Cabassous tatouay,Cabassous tatouay,Lontra longicaudis,Leopardus wiedii,Myrmecophaga tridactyla,Myrmecophaga tridactyla,Myrmecophaga tridactyla,Myrmecophaga tridactyla,Cabassous tatouay,Cuniculus,Cuniculidae,2,Bajo
1550,Cuniculus paca,Cuniculus paca,Cuniculus paca,Cuniculus paca,Cuniculus paca,Cuniculus paca,Dasyprocta azarae,Cuniculus paca,Cuniculus paca,Cuniculus paca,Cuniculus paca,Cuniculus paca,Cuniculus,Cuniculidae,2,Bajo
1551,Cuniculus paca,Cuniculus paca,Cuniculus paca,Cerdocyon thous,Cerdocyon thous,Cuniculus paca,Cerdocyon thous,Leopardus guttulus,Cuniculus paca,Cuniculus paca,Cuniculus paca,Cuniculus paca,Cuniculus,Cuniculidae,2,Bajo
1552,Cuniculus paca,Cuniculus paca,Cuniculus paca,Cuniculus paca,Cuniculus paca,Cuniculus paca,Dasyprocta azarae,Cuniculus paca,Cuniculus paca,Cuniculus paca,Cuniculus paca,Cuniculus paca,Cuniculus,Cuniculidae,2,Bajo
1553,Cuniculus paca,Puma concolor,Myrmecophaga tridactyla,Leopardus wiedii,Cuniculus paca,Leopardus wiedii,Leopardus wiedii,Cuniculus paca,Myrmecophaga tridactyla,Myrmecophaga tridactyla,Myrmecophaga tridactyla,Puma concolor,Cuniculus,Cuniculidae,2,Bajo
1554,Cuniculus paca,Cuniculus paca,Cuniculus paca,Cuniculus paca,Cuniculus paca,Cuniculus paca,Dasyprocta azarae,Cuniculus paca,Cuniculus paca,Cuniculus paca,Cuniculus paca,Cuniculus paca,Cuniculus,Cuniculidae,2,Bajo
1555,Dasypus novemcinctus,Dasypus novemcinctus,Dasypus novemcinctus,Dasypus novemcinctus,Dasypus novemcinctus,Dasypus novemcinctus,Dasypus novemcinctus,Dasypus novemcinctus,Dasypus novemcinctus,Dasypus novemcinctus,Dasypus novemcinctus,Dasypus novemcinctus,Dasypus,Dasypodidae,1,Bajo
1556,Dasypus novemcinctus,Euphractus sexcinctus,Euphractus sexcinctus,Euphractus sexcinctus,Dasypus novemcinctus,Dasypus novemcinctus,Dasypus novemcinctus,Dasypus novemcinctus,Euphractus sexcinctus,Euphractus sexcinctus,Euphractus sexcinctus,Euphractus sexcinctus,Dasypus,Dasypodidae,1,Bajo
1557,Dasypus novemcinctus,Euphractus sexcinctus,Dasypus novemcinctus,Euphractus sexcinctus,Euphractus sexcinctus,Dasypus novemcinctus,Dasypus novemcinctus,Dasypus novemcinctus,Dasypus novemcinctus,Dasypus novemcinctus,Dasypus novemcinctus,Euphractus sexcinctus,Dasypus,Dasypodidae,1,Bajo
1558,Dasypus novemcinctus,Dasypus novemcinctus,Dasypus novemcinctus,Dasypus novemcinctus,Dasypus novemcinctus,Dasypus novemcinctus,Dasypus novemcinctus,Dasypus novemcinctus,Dasypus novemcinctus,Dasypus novemcinctus,Dasypus novemcinctus,Dasypus novemcinctus,Dasypus,Dasypodidae,1,Bajo
1559,Dasypus novemcinctus,Dasypus novemcinctus,Cabassous tatouay,Dasypus novemcinctus,Dasypus novemcinctus,Dasypus novemcinctus,Dasypus novemcinctus,Dasypus novemcinctus,Cabassous tatouay,Cabassous tatouay,Cabassous tatouay,Dasypus novemcinctus,Dasypus,Dasypodidae,1,Bajo
1560,Dasypus novemcinctus,Dasyprocta azarae,Didelphis aurita,Dasyprocta azarae,Dasyprocta azarae,Dasyprocta azarae,Dasyprocta azarae,Dasyprocta azarae,Didelphis aurita,Didelphis aurita,Didelphis aurita,Dasyprocta azarae,Dasypus,Dasypodidae,1,Bajo
1561,Dasypus novemcinctus,Dasypus novemcinctus,Dasypus novemcinctus,Euphractus sexcinctus,Euphractus sexcinctus,Dasypus novemcinctus,Dasypus novemcinctus,Dasypus novemcinctus,Dasypus novemcinctus,Dasypus novemcinctus,Dasypus novemcinctus,Dasypus novemcinctus,Dasypus,Dasypodidae,1,Bajo
1562,Dasypus novemcinctus,Lontra longicaudis,Sus scrofa,Hydrochoerus hydrochaeris,Lontra longicaudis,Salvator merianae,Lontra longicaudis,Lontra longicaudis,Sus scrofa,Sus scrofa,Sus scrofa,Lontra longicaudis,Dasypus,Dasypodidae,1,Bajo
1563,Dasypus novemcinctus,Salvator merianae,Salvator merianae,Salvator merianae,Salvator merianae,Salvator merianae,Salvator merianae,Leopardus guttulus,Salvator merianae,Salvator merianae,Salvator merianae,Salvator merianae,Dasypus,Dasypodidae,1,Bajo
1564,Dasypus novemcinctus,Cuniculus paca,Procyon cancrivorus,Cuniculus paca,Cabassous tatouay,Cuniculus paca,Cerdocyon thous,Cuniculus paca,Procyon cancrivorus,Procyon cancrivorus,Procyon cancrivorus,Cuniculus paca,Dasypus,Dasypodidae,1,Bajo
1565,Dasypus novemcinctus,Dasypus novemcinctus,Dasypus novemcinctus,Dasypus novemcinctus,Dasypus novemcinctus,Dasypus novemcinctus,Dasypus novemcinctus,Dasypus novemcinctus,Dasypus novemcinctus,Dasypus novemcinctus,Dasypus novemcinctus,Dasypus novemcinctus,Dasypus,Dasypodidae,1,Bajo
1566,Dasypus novemcinctus,Dasypus novemcinctus,Dasypus novemcinctus,Dasypus novemcinctus,Dasypus novemcinctus,Dasypus novemcinctus,Dasypus novemcinctus,Dasypus novemcinctus,Dasypus novemcinctus,Dasypus novemcinctus,Dasypus novemcinctus,Dasypus novemcinctus,Dasypus,Dasypodidae,1,Bajo
1567,Dasypus novemcinctus,Euphractus sexcinctus,Dasypus novemcinctus,Euphractus sexcinctus,Euphractus sexcinctus,Dasypus novemcinctus,Dasypus novemcinctus,Euphractus sexcinctus,Dasypus novemcinctus,Dasypus novemcinctus,Dasypus novemcinctus,Euphractus sexcinctus,Dasypus,Dasypodidae,1,Bajo
1568,Dasypus novemcinctus,Dasypus novemcinctus,Dasypus novemcinctus,Euphractus sexcinctus,Dasypus novemcinctus,Dasypus novemcinctus,Dasypus novemcinctus,Dasypus novemcinctus,Dasypus novemcinctus,Dasypus novemcinctus,Dasypus novemcinctus,Dasypus novemcinctus,Dasypus,Dasypodidae,1,Bajo
1569,Dasypus novemcinctus,Dasypus novemcinctus,Dasypus novemcinctus,Dasypus novemcinctus,Dasypus novemcinctus,Dasypus novemcinctus,Dasypus novemcinctus,Dasypus novemcinctus,Dasypus novemcinctus,Dasypus novemcinctus,Dasypus novemcinctus,Dasypus novemcinctus,Dasypus,Dasypodidae,1,Bajo
1570,Dasypus novemcinctus,Cabassous tatouay,Cabassous tatouay,Cabassous tatouay,Cuniculus paca,Dasypus novemcinctus,Dasypus novemcinctus,Dasypus novemcinctus,Cabassous tatouay,Cabassous tatouay,Cabassous tatouay,Cabassous tatouay,Dasypus,Dasypodidae,1,Bajo
1571,Dasypus novemcinctus,Dasypus novemcinctus,Dasypus novemcinctus,Dasypus novemcinctus,Dasypus novemcinctus,Dasypus novemcinctus,Dasypus novemcinctus,Dasypus novemcinctus,Dasypus novemcinctus,Dasypus novemcinctus,Dasypus novemcinctus,Dasypus novemcinctus,Dasypus,Dasypodidae,1,Bajo
1572,Dasypus novemcinctus,Dasypus novemcinctus,Dasypus novemcinctus,Dasypus novemcinctus,Dasypus novemcinctus,Dasypus novemcinctus,Dasypus novemcinctus,Dasypus novemcinctus,Dasypus novemcinctus,Dasypus novemcinctus,Dasypus novemcinctus,Dasypus novemcinctus,Dasypus,Dasypodidae,1,Bajo
1573,Dasypus novemcinctus,Dasypus novemcinctus,Dasypus novemcinctus,Dasypus novemcinctus,Dasypus novemcinctus,Dasypus novemcinctus,Dasypus novemcinctus,Dasypus novemcinctus,Dasypus novemcinctus,Dasypus novemcinctus,Dasypus novemcinctus,Dasypus novemcinctus,Dasypus,Dasypodidae,1,Bajo
1575,Dasypus novemcinctus,Dasypus novemcinctus,Dasypus novemcinctus,Dasypus novemcinctus,Euphractus sexcinctus,Dasypus novemcinctus,Dasypus novemcinctus,Dasypus novemcinctus,Dasypus novemcinctus,Dasypus novemcinctus,Dasypus novemcinctus,Dasypus novemcinctus,Dasypus,Dasypodidae,1,Bajo
1578,Dasypus novemcinctus,Euphractus sexcinctus,Euphractus sexcinctus,Euphractus sexcinctus,Euphractus sexcinctus,Dasypus novemcinctus,Dasypus novemcinctus,Dasypus novemcinctus,Euphractus sexcinctus,Euphractus sexcinctus,Euphractus sexcinctus,Euphractus sexcinctus,Dasypus,Dasypodidae,1,Bajo
1579,Dasypus novemcinctus,Dasypus novemcinctus,Euphractus sexcinctus,Dasypus novemcinctus,Dasypus novemcinctus,Dasypus novemcinctus,Dasypus novemcinctus,Dasypus novemcinctus,Euphractus sexcinctus,Euphractus sexcinctus,Euphractus sexcinctus,Dasypus novemcinctus,Dasypus,Dasypodidae,1,Bajo
1580,Dasypus novemcinctus,Dasypus novemcinctus,Dasypus novemcinctus,Dasypus novemcinctus,Dasypus novemcinctus,Dasypus novemcinctus,Dasypus novemcinctus,Dasypus novemcinctus,Dasypus novemcinctus,Dasypus novemcinctus,Dasypus novemcinctus,Dasypus novemcinctus,Dasypus,Dasypodidae,1,Bajo
1583,Dasypus novemcinctus,Euphractus sexcinctus,Euphractus sexcinctus,Dasypus novemcinctus,Dasypus novemcinctus,Dasypus novemcinctus,Dasypus novemcinctus,Dasypus novemcinctus,Euphractus sexcinctus,Euphractus sexcinctus,Euphractus sexcinctus,Euphractus sexcinctus,Dasypus,Dasypodidae,1,Bajo
1584,Dasypus novemcinctus,Euphractus sexcinctus,Dasypus novemcinctus,Dasypus novemcinctus,Dasypus novemcinctus,Dasypus novemcinctus,Dasypus novemcinctus,Dasypus novemcinctus,Dasypus novemcinctus,Dasypus novemcinctus,Dasypus novemcinctus,Euphractus sexcinctus,Dasypus,Dasypodidae,1,Bajo
1585,Dasypus novemcinctus,Dasypus novemcinctus,Dasypus novemcinctus,Dasypus novemcinctus,Dasypus novemcinctus,Dasypus novemcinctus,Dasypus novemcinctus,Dasypus novemcinctus,Dasypus novemcinctus,Dasypus novemcinctus,Dasypus novemcinctus,Dasypus novemcinctus,Dasypus,Dasypodidae,1,Bajo
1586,Dasypus novemcinctus,Euphractus sexcinctus,Euphractus sexcinctus,Euphractus sexcinctus,Dasypus novemcinctus,Dasypus novemcinctus,Dasypus novemcinctus,Dasypus novemcinctus,Euphractus sexcinctus,Euphractus sexcinctus,Euphractus sexcinctus,Euphractus sexcinctus,Dasypus,Dasypodidae,1,Bajo
1587,Dasypus novemcinctus,Lontra longicaudis,Lontra longicaudis,Crypturellus obsoletus,Lontra longicaudis,Lontra longicaudis,Lontra longicaudis,Lontra longicaudis,Lontra longicaudis,Lontra longicaudis,Lontra longicaudis,Lontra longicaudis,Dasypus,Dasypodidae,1,Bajo
1589,Dasypus novemcinctus,Dasypus novemcinctus,Dasypus novemcinctus,Dasypus novemcinctus,Dasypus novemcinctus,Dasypus novemcinctus,Dasypus novemcinctus,Dasypus novemcinctus,Dasypus novemcinctus,Dasypus novemcinctus,Dasypus novemcinctus,Dasypus novemcinctus,Dasypus,Dasypodidae,1,Bajo
1590,Dasypus novemcinctus,Dasypus novemcinctus,Dasypus novemcinctus,Dasypus novemcinctus,Dasypus novemcinctus,Dasypus novemcinctus,Dasypus novemcinctus,Dasypus novemcinctus,Dasypus novemcinctus,Dasypus novemcinctus,Dasypus novemcinctus,Dasypus novemcinctus,Dasypus,Dasypodidae,1,Bajo
1591,Dasypus novemcinctus,Cabassous tatouay,Cabassous tatouay,Cabassous tatouay,Cuniculus paca,Dasypus novemcinctus,Dasypus novemcinctus,Dasypus novemcinctus,Cabassous tatouay,Cabassous tatouay,Cabassous tatouay,Cabassous tatouay,Dasypus,Dasypodidae,1,Bajo
1592,Dasypus novemcinctus,Dasypus novemcinctus,Dasypus novemcinctus,Dasypus novemcinctus,Dasypus novemcinctus,Dasypus novemcinctus,Dasypus novemcinctus,Dasypus novemcinctus,Dasypus novemcinctus,Dasypus novemcinctus,Dasypus novemcinctus,Dasypus novemcinctus,Dasypus,Dasypodidae,1,Bajo
1593,Dasypus novemcinctus,Dasypus novemcinctus,Dasypus novemcinctus,Dasypus novemcinctus,Dasypus novemcinctus,Dasypus novemcinctus,Dasypus novemcinctus,Dasypus novemcinctus,Dasypus novemcinctus,Dasypus novemcinctus,Dasypus novemcinctus,Dasypus novemcinctus,Dasypus,Dasypodidae,1,Bajo
1594,Dasypus novemcinctus,Dasypus novemcinctus,Dasypus novemcinctus,Dasypus novemcinctus,Dasypus novemcinctus,Dasypus novemcinctus,Dasypus novemcinctus,Dasypus novemcinctus,Dasypus novemcinctus,Dasypus novemcinctus,Dasypus novemcinctus,Dasypus novemcinctus,Dasypus,Dasypodidae,1,Bajo
1595,Dasypus novemcinctus,Dasypus novemcinctus,Dasypus novemcinctus,Dasypus novemcinctus,Dasypus novemcinctus,Dasypus novemcinctus,Dasypus novemcinctus,Dasypus novemcinctus,Dasypus novemcinctus,Dasypus novemcinctus,Dasypus novemcinctus,Dasypus novemcinctus,Dasypus,Dasypodidae,1,Bajo
1596,Dasypus novemcinctus,Dasypus novemcinctus,Dasypus novemcinctus,Dasypus novemcinctus,Dasypus novemcinctus,Dasypus novemcinctus,Dasypus novemcinctus,Dasypus novemcinctus,Dasypus novemcinctus,Dasypus novemcinctus,Dasypus novemcinctus,Dasypus novemcinctus,Dasypus,Dasypodidae,1,Bajo
1597,Dasypus novemcinctus,Cabassous tatouay,Cabassous tatouay,Cabassous tatouay,Dasypus novemcinctus,Dasypus novemcinctus,Dasypus novemcinctus,Dasypus novemcinctus,Cabassous tatouay,Cabassous tatouay,Cabassous tatouay,Cabassous tatouay,Dasypus,Dasypodidae,1,Bajo
1598,Dasypus novemcinctus,Cuniculus paca,Procyon cancrivorus,Cuniculus paca,Cuniculus paca,Cuniculus paca,Cerdocyon thous,Dasyprocta azarae,Procyon cancrivorus,Procyon cancrivorus,Procyon cancrivorus,Cuniculus paca,Dasypus,Dasypodidae,1,Bajo
1599,Dasypus novemcinctus,Euphractus sexcinctus,Euphractus sexcinctus,Dasypus novemcinctus,Euphractus sexcinctus,Euphractus sexcinctus,Dasypus novemcinctus,Euphractus sexcinctus,Euphractus sexcinctus,Euphractus sexcinctus,Euphractus sexcinctus,Euphractus sexcinctus,Dasypus,Dasypodidae,1,Bajo
1600,Dasypus novemcinctus,Dasypus novemcinctus,Euphractus sexcinctus,Dasypus novemcinctus,Dasypus novemcinctus,Dasypus novemcinctus,Dasypus novemcinctus,Dasypus novemcinctus,Euphractus sexcinctus,Euphractus sexcinctus,Euphractus sexcinctus,Dasypus novemcinctus,Dasypus,Dasypodidae,1,Bajo
1605,Dasypus novemcinctus,Cabassous tatouay,Dasypus novemcinctus,Cabassous tatouay,Cabassous tatouay,Dasypus novemcinctus,Dasypus novemcinctus,Dasypus novemcinctus,Dasypus novemcinctus,Dasypus novemcinctus,Dasypus novemcinctus,Cabassous tatouay,Dasypus,Dasypodidae,1,Bajo
1607,Dasypus novemcinctus,Euphractus sexcinctus,Euphractus sexcinctus,Euphractus sexcinctus,Euphractus sexcinctus,Dasypus novemcinctus,Dasypus novemcinctus,Dasypus novemcinctus,Euphractus sexcinctus,Euphractus sexcinctus,Euphractus sexcinctus,Euphractus sexcinctus,Dasypus,Dasypodidae,1,Bajo
1608,Dasypus novemcinctus,Dasypus novemcinctus,Dasypus novemcinctus,Dasypus novemcinctus,Dasypus novemcinctus,Dasypus novemcinctus,Dasypus novemcinctus,Dasypus novemcinctus,Dasypus novemcinctus,Dasypus novemcinctus,Dasypus novemcinctus,Dasypus novemcinctus,Dasypus,Dasypodidae,1,Bajo
1609,Dasypus novemcinctus,Dasypus novemcinctus,Cabassous tatouay,Dasypus novemcinctus,Dasypus novemcinctus,Dasypus novemcinctus,Dasypus novemcinctus,Dasypus novemcinctus,Cabassous tatouay,Cabassous tatouay,Cabassous tatouay,Dasypus novemcinctus,Dasypus,Dasypodidae,1,Bajo
1610,Dasypus novemcinctus,Dasypus novemcinctus,Dasypus novemcinctus,Dasypus novemcinctus,Dasypus novemcinctus,Dasypus novemcinctus,Dasypus novemcinctus,Dasypus novemcinctus,Dasypus novemcinctus,Dasypus novemcinctus,Dasypus novemcinctus,Dasypus novemcinctus,Dasypus,Dasypodidae,1,Bajo
1611,Dasypus novemcinctus,Dasypus novemcinctus,Dasypus novemcinctus,Dasypus novemcinctus,Dasypus novemcinctus,Dasypus novemcinctus,Dasypus novemcinctus,Dasypus novemcinctus,Dasypus novemcinctus,Dasypus novemcinctus,Dasypus novemcinctus,Dasypus novemcinctus,Dasypus,Dasypodidae,1,Bajo
1612,Dasypus novemcinctus,Dasypus novemcinctus,Dasypus novemcinctus,Dasypus novemcinctus,Dasypus novemcinctus,Dasypus novemcinctus,Dasypus novemcinctus,Dasypus novemcinctus,Dasypus novemcinctus,Dasypus novemcinctus,Dasypus novemcinctus,Dasypus novemcinctus,Dasypus,Dasypodidae,1,Bajo
1613,Dasypus novemcinctus,Dasypus novemcinctus,Euphractus sexcinctus,Dasypus novemcinctus,Dasypus novemcinctus,Dasypus novemcinctus,Dasypus novemcinctus,Euphractus sexcinctus,Euphractus sexcinctus,Euphractus sexcinctus,Euphractus sexcinctus,Dasypus novemcinctus,Dasypus,Dasypodidae,1,Bajo
1614,Dasypus novemcinctus,Dasypus novemcinctus,Dasypus novemcinctus,Dasypus novemcinctus,Dasypus novemcinctus,Dasypus novemcinctus,Dasypus novemcinctus,Dasypus novemcinctus,Dasypus novemcinctus,Dasypus novemcinctus,Dasypus novemcinctus,Dasypus novemcinctus,Dasypus,Dasypodidae,1,Bajo
1615,Dasypus novemcinctus,Euphractus sexcinctus,Dasypus novemcinctus,Dasypus novemcinctus,Dasypus novemcinctus,Dasypus novemcinctus,Dasypus novemcinctus,Dasypus novemcinctus,Dasypus novemcinctus,Dasypus novemcinctus,Dasypus novemcinctus,Euphractus sexcinctus,Dasypus,Dasypodidae,1,Bajo
1617,Dasypus novemcinctus,Dasypus novemcinctus,Dasypus novemcinctus,Dasypus novemcinctus,Dasypus novemcinctus,Dasypus novemcinctus,Dasypus novemcinctus,Dasypus novemcinctus,Dasypus novemcinctus,Dasypus novemcinctus,Dasypus novemcinctus,Dasypus novemcinctus,Dasypus,Dasypodidae,1,Bajo
1618,Dasypus novemcinctus,Dasypus novemcinctus,Dasypus novemcinctus,Dasypus novemcinctus,Euphractus sexcinctus,Dasypus novemcinctus,Dasypus novemcinctus,Dasypus novemcinctus,Dasypus novemcinctus,Dasypus novemcinctus,Dasypus novemcinctus,Dasypus novemcinctus,Dasypus,Dasypodidae,1,Bajo
1619,Dasyprocta azarae,Dasyprocta azarae,Dasyprocta azarae,Dasyprocta azarae,Dasyprocta azarae,Dasyprocta azarae,Dasyprocta azarae,Dasyprocta azarae,Dasyprocta azarae,Dasyprocta azarae,Dasyprocta azarae,Dasyprocta azarae,Dasyprocta,Dasyproctidae,3,Medio
1621,Dasyprocta azarae,Dasyprocta azarae,Pecari tajacu,Pecari tajacu,Dasyprocta azarae,Dasyprocta azarae,Dasyprocta azarae,Dasyprocta azarae,Pecari tajacu,Pecari tajacu,Pecari tajacu,Dasyprocta azarae,Dasyprocta,Dasyproctidae,3,Medio
1622,Dasyprocta azarae,Puma concolor,Salvator merianae,Leopardus pardalis,Leopardus pardalis,Salvator merianae,Salvator merianae,Leopardus guttulus,Salvator merianae,Salvator merianae,Salvator merianae,Puma concolor,Dasyprocta,Dasyproctidae,3,Medio
1624,Dasyprocta azarae,Dasyprocta azarae,Pecari tajacu,Dasyprocta azarae,Cuniculus paca,Dasyprocta azarae,Dasyprocta azarae,Subulo gouazoubira,Pecari tajacu,Pecari tajacu,Pecari tajacu,Dasyprocta azarae,Dasyprocta,Dasyproctidae,3,Medio
1625,Dasyprocta azarae,Dasyprocta azarae,Dasyprocta azarae,Pecari tajacu,Dasyprocta azarae,Dasyprocta azarae,Dasyprocta azarae,Dasyprocta azarae,Dasyprocta azarae,Dasyprocta azarae,Dasyprocta azarae,Dasyprocta azarae,Dasyprocta,Dasyproctidae,3,Medio
1626,Dasyprocta azarae,Dasyprocta azarae,Dasyprocta azarae,Dasyprocta azarae,Dasyprocta azarae,Dasyprocta azarae,Dasyprocta azarae,Dasyprocta azarae,Dasyprocta azarae,Dasyprocta azarae,Dasyprocta azarae,Dasyprocta azarae,Dasyprocta,Dasyproctidae,3,Medio
1627,Dasyprocta azarae,Dasyprocta azarae,Dasyprocta azarae,Dasyprocta azarae,Dasyprocta azarae,Dasyprocta azarae,Dasyprocta azarae,Dasyprocta azarae,Dasyprocta azarae,Dasyprocta azarae,Dasyprocta azarae,Dasyprocta azarae,Dasyprocta,Dasyproctidae,3,Medio
1628,Dasyprocta azarae,Dasyprocta azarae,Dasyprocta azarae,Dasyprocta azarae,Dasyprocta azarae,Dasyprocta azarae,Dasyprocta azarae,Dasyprocta azarae,Dasyprocta azarae,Dasyprocta azarae,Dasyprocta azarae,Dasyprocta azarae,Dasyprocta,Dasyproctidae,3,Medio
1629,Dasyprocta azarae,Dasyprocta azarae,Dasyprocta azarae,Dasyprocta azarae,Dasyprocta azarae,Dasyprocta azarae,Dasyprocta azarae,Dasyprocta azarae,Dasyprocta azarae,Dasyprocta azarae,Dasyprocta azarae,Dasyprocta azarae,Dasyprocta,Dasyproctidae,3,Medio
1631,Dasyprocta azarae,Dasyprocta azarae,Dasyprocta azarae,Dasyprocta azarae,Dasyprocta azarae,Dasyprocta azarae,Dasyprocta azarae,Dasyprocta azarae,Dasyprocta azarae,Dasyprocta azarae,Dasyprocta azarae,Dasyprocta azarae,Dasyprocta,Dasyproctidae,3,Medio
1632,Dasyprocta azarae,Dasyprocta azarae,Dasyprocta azarae,Dasyprocta azarae,Dasyprocta azarae,Dasyprocta azarae,Dasyprocta azarae,Dasyprocta azarae,Dasyprocta azarae,Dasyprocta azarae,Dasyprocta azarae,Dasyprocta azarae,Dasyprocta,Dasyproctidae,3,Medio
1633,Dasyprocta azarae,Dasyprocta azarae,Dasyprocta azarae,Dasyprocta azarae,Dasyprocta azarae,Dasyprocta azarae,Dasyprocta azarae,Dasyprocta azarae,Dasyprocta azarae,Dasyprocta azarae,Dasyprocta azarae,Dasyprocta azarae,Dasyprocta,Dasyproctidae,3,Medio
1634,Dasyprocta azarae,Dasyprocta azarae,Dasyprocta azarae,Dasyprocta azarae,Dasyprocta azarae,Dasyprocta azarae,Dasyprocta azarae,Dasyprocta azarae,Dasyprocta azarae,Dasyprocta azarae,Dasyprocta azarae,Dasyprocta azarae,Dasyprocta,Dasyproctidae,3,Medio
1635,Dasyprocta azarae,Dasyprocta azarae,Dasyprocta azarae,Dasyprocta azarae,Dasyprocta azarae,Dasyprocta azarae,Dasyprocta azarae,Dasyprocta azarae,Dasyprocta azarae,Dasyprocta azarae,Dasyprocta azarae,Dasyprocta azarae,Dasyprocta,Dasyproctidae,3,Medio
1636,Dasyprocta azarae,Dasyprocta azarae,Pecari tajacu,Dasyprocta azarae,Dasyprocta azarae,Dasyprocta azarae,Dasyprocta azarae,Dasyprocta azarae,Pecari tajacu,Pecari tajacu,Pecari tajacu,Dasyprocta azarae,Dasyprocta,Dasyproctidae,3,Medio
1637,Dasyprocta azarae,Dasyprocta azarae,Dasyprocta azarae,Dasyprocta azarae,Dasyprocta azarae,Dasyprocta azarae,Dasyprocta azarae,Dasyprocta azarae,Dasyprocta azarae,Dasyprocta azarae,Dasyprocta azarae,Dasyprocta azarae,Dasyprocta,Dasyproctidae,3,Medio
1638,Dasyprocta azarae,Dasyprocta azarae,Kannabateomys amblyonyx,Cuniculus paca,Dasyprocta azarae,Dasyprocta azarae,Dasyprocta azarae,Dasyprocta azarae,Kannabateomys amblyonyx,Kannabateomys amblyonyx,Kannabateomys amblyonyx,Dasyprocta azarae,Dasyprocta,Dasyproctidae,3,Medio
1639,Dasyprocta azarae,Dasyprocta azarae,Cuniculus paca,Dasyprocta azarae,Dasyprocta azarae,Dasyprocta azarae,Dasyprocta azarae,Dasyprocta azarae,Cuniculus paca,Cuniculus paca,Cuniculus paca,Dasyprocta azarae,Dasyprocta,Dasyproctidae,3,Medio
1640,Dasyprocta azarae,Dasyprocta azarae,Pecari tajacu,Dasyprocta azarae,Dasyprocta azarae,Dasyprocta azarae,Dasyprocta azarae,Dasyprocta azarae,Pecari tajacu,Pecari tajacu,Pecari tajacu,Dasyprocta azarae,Dasyprocta,Dasyproctidae,3,Medio
1641,Dasyprocta azarae,Dasyprocta azarae,Dasyprocta azarae,Dasyprocta azarae,Dasyprocta azarae,Dasyprocta azarae,Dasyprocta azarae,Dasyprocta azarae,Dasyprocta azarae,Dasyprocta azarae,Dasyprocta azarae,Dasyprocta azarae,Dasyprocta,Dasyproctidae,3,Medio
1642,Dasyprocta azarae,Dasyprocta azarae,Dasyprocta azarae,Cuniculus paca,Dasyprocta azarae,Dasyprocta azarae,Dasyprocta azarae,Dasyprocta azarae,Dasyprocta azarae,Dasyprocta azarae,Dasyprocta azarae,Dasyprocta azarae,Dasyprocta,Dasyproctidae,3,Medio
1643,Dasyprocta azarae,Dasyprocta azarae,Dasyprocta azarae,Dasyprocta azarae,Dasyprocta azarae,Dasyprocta azarae,Dasyprocta azarae,Dasyprocta azarae,Dasyprocta azarae,Dasyprocta azarae,Dasyprocta azarae,Dasyprocta azarae,Dasyprocta,Dasyproctidae,3,Medio
1644,Dasyprocta azarae,Dasyprocta azarae,Dasyprocta azarae,Dasyprocta azarae,Dasyprocta azarae,Dasyprocta azarae,Dasyprocta azarae,Dasyprocta azarae,Dasyprocta azarae,Dasyprocta azarae,Dasyprocta azarae,Dasyprocta azarae,Dasyprocta,Dasyproctidae,3,Medio
1645,Dasyprocta azarae,Dasyprocta azarae,Pecari tajacu,Dasyprocta azarae,Pecari tajacu,Dasyprocta azarae,Dasyprocta azarae,Dasyprocta azarae,Pecari tajacu,Pecari tajacu,Pecari tajacu,Dasyprocta azarae,Dasyprocta,Dasyproctidae,3,Medio
1646,Dasyprocta azarae,Dasyprocta azarae,Dasyprocta azarae,Dasyprocta azarae,Dasyprocta azarae,Dasyprocta azarae,Dasyprocta azarae,Pecari tajacu,Dasyprocta azarae,Dasyprocta azarae,Dasyprocta azarae,Dasyprocta azarae,Dasyprocta,Dasyproctidae,3,Medio
1648,Dasyprocta azarae,Dasyprocta azarae,Pecari tajacu,Dasyprocta azarae,Dasyprocta azarae,Dasyprocta azarae,Dasyprocta azarae,Dasyprocta azarae,Pecari tajacu,Pecari tajacu,Pecari tajacu,Dasyprocta azarae,Dasyprocta,Dasyproctidae,3,Medio
1649,Dasyprocta azarae,Dasyprocta azarae,Dasyprocta azarae,Dasyprocta azarae,Dasyprocta azarae,Dasyprocta azarae,Dasyprocta azarae,Dasyprocta azarae,Dasyprocta azarae,Dasyprocta azarae,Dasyprocta azarae,Dasyprocta azarae,Dasyprocta,Dasyproctidae,3,Medio
1651,Dasyprocta azarae,Dasyprocta azarae,Dasyprocta azarae,Dasyprocta azarae,Dasyprocta azarae,Dasyprocta azarae,Dasyprocta azarae,Dasyprocta azarae,Dasyprocta azarae,Dasyprocta azarae,Dasyprocta azarae,Dasyprocta azarae,Dasyprocta,Dasyproctidae,3,Medio
1652,Dasyprocta azarae,Dasyprocta azarae,Dasyprocta azarae,Dasyprocta azarae,Dasyprocta azarae,Dasyprocta azarae,Dasyprocta azarae,Dasyprocta azarae,Dasyprocta azarae,Dasyprocta azarae,Dasyprocta azarae,Dasyprocta azarae,Dasyprocta,Dasyproctidae,3,Medio
1653,Dasyprocta azarae,Dasyprocta azarae,Dasyprocta azarae,Dasyprocta azarae,Dasyprocta azarae,Dasyprocta azarae,Dasyprocta azarae,Dasyprocta azarae,Dasyprocta azarae,Dasyprocta azarae,Dasyprocta azarae,Dasyprocta azarae,Dasyprocta,Dasyproctidae,3,Medio
1654,Dasyprocta azarae,Dasyprocta azarae,Dasyprocta azarae,Dasyprocta azarae,Dasyprocta azarae,Dasyprocta azarae,Dasyprocta azarae,Dasyprocta azarae,Dasyprocta azarae,Dasyprocta azarae,Dasyprocta azarae,Dasyprocta azarae,Dasyprocta,Dasyproctidae,3,Medio
1656,Dasyprocta azarae,Dasyprocta azarae,Kannabateomys amblyonyx,Dasyprocta azarae,Dasyprocta azarae,Dasyprocta azarae,Dasyprocta azarae,Dasyprocta azarae,Kannabateomys amblyonyx,Kannabateomys amblyonyx,Kannabateomys amblyonyx,Dasyprocta azarae,Dasyprocta,Dasyproctidae,3,Medio
1657,Dasyprocta azarae,Dasyprocta azarae,Dasyprocta azarae,Dasyprocta azarae,Eira barbara,Dasyprocta azarae,Eira barbara,Eira barbara,Dasyprocta azarae,Dasyprocta azarae,Dasyprocta azarae,Dasyprocta azarae,Dasyprocta,Dasyproctidae,3,Medio
1658,Dasyprocta azarae,Dasyprocta azarae,Dasyprocta azarae,Dasyprocta azarae,Dasyprocta azarae,Dasyprocta azarae,Dasyprocta azarae,Dasyprocta azarae,Dasyprocta azarae,Dasyprocta azarae,Dasyprocta azarae,Dasyprocta azarae,Dasyprocta,Dasyproctidae,3,Medio
1659,Dasyprocta azarae,Dasyprocta azarae,Pecari tajacu,Pecari tajacu,Dasyprocta azarae,Dasyprocta azarae,Dasyprocta azarae,Dasyprocta azarae,Pecari tajacu,Pecari tajacu,Pecari tajacu,Dasyprocta azarae,Dasyprocta,Dasyproctidae,3,Medio
1660,Dasyprocta azarae,Dasyprocta azarae,Dasyprocta azarae,Dasyprocta azarae,Dasyprocta azarae,Dasyprocta azarae,Dasyprocta azarae,Dasyprocta azarae,Dasyprocta azarae,Dasyprocta azarae,Dasyprocta azarae,Dasyprocta azarae,Dasyprocta,Dasyproctidae,3,Medio
1662,Dasyprocta azarae,Dasyprocta azarae,Dasyprocta azarae,Dasyprocta azarae,Dasyprocta azarae,Dasyprocta azarae,Dasyprocta azarae,Dasyprocta azarae,Dasyprocta azarae,Dasyprocta azarae,Dasyprocta azarae,Dasyprocta azarae,Dasyprocta,Dasyproctidae,3,Medio
1663,Dasyprocta azarae,Dasyprocta azarae,Dasyprocta azarae,Dasyprocta azarae,Dasyprocta azarae,Dasyprocta azarae,Dasyprocta azarae,Dasyprocta azarae,Dasyprocta azarae,Dasyprocta azarae,Dasyprocta azarae,Dasyprocta azarae,Dasyprocta,Dasyproctidae,3,Medio
1664,Dasyprocta azarae,Dasyprocta azarae,Dasyprocta azarae,Dasyprocta azarae,Dasyprocta azarae,Dasyprocta azarae,Dasyprocta azarae,Dasyprocta azarae,Dasyprocta azarae,Dasyprocta azarae,Dasyprocta azarae,Dasyprocta azarae,Dasyprocta,Dasyproctidae,3,Medio
1665,Dasyprocta azarae,Dasyprocta azarae,Dasyprocta azarae,Dasyprocta azarae,Dasyprocta azarae,Dasyprocta azarae,Dasyprocta azarae,Dasyprocta azarae,Dasyprocta azarae,Dasyprocta azarae,Dasyprocta azarae,Dasyprocta azarae,Dasyprocta,Dasyproctidae,3,Medio
1668,Dasyprocta azarae,Dasyprocta azarae,Sus scrofa,Didelphis aurita,Didelphis aurita,Dasyprocta azarae,Dasyprocta azarae,Sus scrofa,Sus scrofa,Sus scrofa,Sus scrofa,Dasyprocta azarae,Dasyprocta,Dasyproctidae,3,Medio
1669,Dasyprocta azarae,Dasyprocta azarae,Dasyprocta azarae,Dasyprocta azarae,Dasyprocta azarae,Dasyprocta azarae,Dasyprocta azarae,Dasyprocta azarae,Dasyprocta azarae,Dasyprocta azarae,Dasyprocta azarae,Dasyprocta azarae,Dasyprocta,Dasyproctidae,3,Medio
1670,Dasyprocta azarae,Sus scrofa,Myrmecophaga tridactyla,Dasyprocta azarae,Sus scrofa,Myrmecophaga tridactyla,Sus scrofa,Penelope superciliaris,Myrmecophaga tridactyla,Myrmecophaga tridactyla,Myrmecophaga tridactyla,Sus scrofa,Dasyprocta,Dasyproctidae,3,Medio
1673,Dasyprocta azarae,Dasyprocta azarae,Dasyprocta azarae,Dasyprocta azarae,Dasyprocta azarae,Dasyprocta azarae,Dasyprocta azarae,Dasyprocta azarae,Dasyprocta azarae,Dasyprocta azarae,Dasyprocta azarae,Dasyprocta azarae,Dasyprocta,Dasyproctidae,3,Medio
1675,Dasyprocta azarae,Cuniculus paca,Cuniculus paca,Cuniculus paca,Cuniculus paca,Dasyprocta azarae,Dasyprocta azarae,Dasyprocta azarae,Cuniculus paca,Cuniculus paca,Cuniculus paca,Cuniculus paca,Dasyprocta,Dasyproctidae,3,Medio
1676,Dasyprocta azarae,Dasyprocta azarae,Dasyprocta azarae,Dasyprocta azarae,Dasyprocta azarae,Dasyprocta azarae,Dasyprocta azarae,Dasyprocta azarae,Dasyprocta azarae,Dasyprocta azarae,Dasyprocta azarae,Dasyprocta azarae,Dasyprocta,Dasyproctidae,3,Medio
1677,Dasyprocta azarae,Dasyprocta azarae,Dasyprocta azarae,Dasyprocta azarae,Dasyprocta azarae,Dasyprocta azarae,Dasyprocta azarae,Dasyprocta azarae,Dasyprocta azarae,Dasyprocta azarae,Dasyprocta azarae,Dasyprocta azarae,Dasyprocta,Dasyproctidae,3,Medio
1678,Dasyprocta azarae,Dasyprocta azarae,Dasyprocta azarae,Dasyprocta azarae,Dasyprocta azarae,Dasyprocta azarae,Dasyprocta azarae,Dasyprocta azarae,Dasyprocta azarae,Dasyprocta azarae,Dasyprocta azarae,Dasyprocta azarae,Dasyprocta,Dasyproctidae,3,Medio
1679,Dasyprocta azarae,Dasyprocta azarae,Mazama nanus,Mazama nanus,Mazama nanus,Dasyprocta azarae,Dasyprocta azarae,Dasyprocta azarae,Mazama nanus,Mazama nanus,Mazama nanus,Dasyprocta azarae,Dasyprocta,Dasyproctidae,3,Medio
1681,Dasyprocta azarae,Dasyprocta azarae,Galictis cuja,Galictis cuja,Dasyprocta azarae,Dasyprocta azarae,Dasyprocta azarae,Salvator merianae,Galictis cuja,Galictis cuja,Galictis cuja,Dasyprocta azarae,Dasyprocta,Dasyproctidae,3,Medio
1682,Dasyprocta azarae,Dasyprocta azarae,Dasyprocta azarae,Dasyprocta azarae,Dasyprocta azarae,Dasyprocta azarae,Dasyprocta azarae,Dasyprocta azarae,Dasyprocta azarae,Dasyprocta azarae,Dasyprocta azarae,Dasyprocta azarae,Dasyprocta,Dasyproctidae,3,Medio
1683,Dasyprocta azarae,Dasyprocta azarae,Dasyprocta azarae,Dasyprocta azarae,Dasyprocta azarae,Dasyprocta azarae,Dasyprocta azarae,Dasyprocta azarae,Dasyprocta azarae,Dasyprocta azarae,Dasyprocta azarae,Dasyprocta azarae,Dasyprocta,Dasyproctidae,3,Medio
1684,Dasyprocta azarae,Dasyprocta azarae,Dasyprocta azarae,Dasyprocta azarae,Dasyprocta azarae,Dasyprocta azarae,Dasyprocta azarae,Dasyprocta azarae,Dasyprocta azarae,Dasyprocta azarae,Dasyprocta azarae,Dasyprocta azarae,Dasyprocta,Dasyproctidae,3,Medio
1685,Dasyprocta azarae,Dasyprocta azarae,Dasyprocta azarae,Dasyprocta azarae,Dasyprocta azarae,Dasyprocta azarae,Dasyprocta azarae,Dasyprocta azarae,Dasyprocta azarae,Dasyprocta azarae,Dasyprocta azarae,Dasyprocta azarae,Dasyprocta,Dasyproctidae,3,Medio
1686,Dasyprocta azarae,Dasyprocta azarae,Dasyprocta azarae,Dasyprocta azarae,Dasyprocta azarae,Dasyprocta azarae,Dasyprocta azarae,Dasyprocta azarae,Dasyprocta azarae,Dasyprocta azarae,Dasyprocta azarae,Dasyprocta azarae,Dasyprocta,Dasyproctidae,3,Medio
1687,Dasyprocta azarae,Dasyprocta azarae,Dasyprocta azarae,Dasyprocta azarae,Dasyprocta azarae,Dasyprocta azarae,Dasyprocta azarae,Dasyprocta azarae,Dasyprocta azarae,Dasyprocta azarae,Dasyprocta azarae,Dasyprocta azarae,Dasyprocta,Dasyproctidae,3,Medio
1689,Didelphis albiventris,Sapajus nigritus,Alouatta caraya,Alouatta caraya,Alouatta caraya,Sapajus nigritus,Sapajus nigritus,Sapajus nigritus,Alouatta caraya,Alouatta caraya,Alouatta caraya,Sapajus nigritus,Didelphis,Didelphidae,1,Bajo
1691,Didelphis albiventris,Didelphis aurita,Didelphis aurita,Didelphis aurita,Didelphis aurita,Didelphis aurita,Didelphis aurita,Didelphis aurita,Didelphis aurita,Didelphis aurita,Didelphis aurita,Didelphis aurita,Didelphis,Didelphidae,1,Bajo
1692,Didelphis albiventris,Sapajus nigritus,Alouatta guariba,Sapajus nigritus,Sapajus nigritus,Sapajus nigritus,Sapajus nigritus,Sapajus nigritus,Alouatta guariba,Alouatta guariba,Alouatta guariba,Sapajus nigritus,Didelphis,Didelphidae,1,Bajo
1693,Didelphis albiventris,Didelphis aurita,Didelphis aurita,Didelphis aurita,Didelphis aurita,Didelphis aurita,Didelphis aurita,Didelphis aurita,Didelphis aurita,Didelphis aurita,Didelphis aurita,Didelphis aurita,Didelphis,Didelphidae,1,Bajo
1694,Didelphis albiventris,Didelphis albiventris,Didelphis albiventris,Didelphis aurita,Didelphis aurita,Didelphis aurita,Didelphis aurita,Didelphis aurita,Didelphis albiventris,Didelphis albiventris,Didelphis albiventris,Didelphis albiventris,Didelphis,Didelphidae,1,Bajo
1695,Didelphis albiventris,Didelphis albiventris,Didelphis albiventris,Didelphis albiventris,Sapajus nigritus,Didelphis albiventris,Didelphis aurita,Didelphis albiventris,Didelphis albiventris,Didelphis albiventris,Didelphis albiventris,Didelphis albiventris,Didelphis,Didelphidae,1,Bajo
1696,Didelphis albiventris,Didelphis aurita,Didelphis aurita,Didelphis albiventris,Didelphis albiventris,Didelphis aurita,Didelphis aurita,Didelphis aurita,Didelphis aurita,Didelphis aurita,Didelphis aurita,Didelphis aurita,Didelphis,Didelphidae,1,Bajo
1697,Didelphis albiventris,Didelphis albiventris,Didelphis albiventris,Didelphis albiventris,Didelphis albiventris,Didelphis albiventris,Didelphis aurita,Didelphis albiventris,Didelphis albiventris,Didelphis albiventris,Didelphis albiventris,Didelphis albiventris,Didelphis,Didelphidae,1,Bajo
1698,Didelphis albiventris,Didelphis aurita,Didelphis albiventris,Didelphis aurita,Didelphis aurita,Didelphis aurita,Didelphis aurita,Didelphis aurita,Didelphis albiventris,Didelphis albiventris,Didelphis albiventris,Didelphis aurita,Didelphis,Didelphidae,1,Bajo
1700,Didelphis albiventris,Cuniculus paca,Didelphis albiventris,Didelphis albiventris,Cerdocyon thous,Didelphis albiventris,Didelphis albiventris,Didelphis albiventris,Didelphis albiventris,Didelphis albiventris,Didelphis albiventris,Cuniculus paca,Didelphis,Didelphidae,1,Bajo
1701,Didelphis albiventris,Didelphis albiventris,Didelphis aurita,Didelphis aurita,Didelphis albiventris,Didelphis aurita,Didelphis aurita,Didelphis aurita,Didelphis aurita,Didelphis aurita,Didelphis aurita,Didelphis albiventris,Didelphis,Didelphidae,1,Bajo
1702,Didelphis albiventris,Didelphis aurita,Didelphis aurita,Didelphis albiventris,Didelphis albiventris,Didelphis aurita,Didelphis aurita,Didelphis aurita,Didelphis aurita,Didelphis aurita,Didelphis aurita,Didelphis aurita,Didelphis,Didelphidae,1,Bajo
1703,Didelphis albiventris,Didelphis albiventris,Didelphis albiventris,Didelphis aurita,Didelphis aurita,Didelphis albiventris,Didelphis aurita,Didelphis albiventris,Didelphis albiventris,Didelphis albiventris,Didelphis albiventris,Didelphis albiventris,Didelphis,Didelphidae,1,Bajo
1704,Didelphis albiventris,Didelphis albiventris,Didelphis albiventris,Cuniculus paca,Cerdocyon thous,Didelphis aurita,Didelphis aurita,Didelphis albiventris,Didelphis albiventris,Didelphis albiventris,Didelphis albiventris,Didelphis albiventris,Didelphis,Didelphidae,1,Bajo
1705,Didelphis albiventris,Didelphis aurita,Didelphis aurita,Didelphis aurita,Didelphis aurita,Didelphis aurita,Didelphis aurita,Didelphis aurita,Didelphis aurita,Didelphis aurita,Didelphis aurita,Didelphis aurita,Didelphis,Didelphidae,1,Bajo
1706,Didelphis albiventris,Didelphis aurita,Didelphis albiventris,Didelphis albiventris,Didelphis albiventris,Didelphis aurita,Didelphis aurita,Didelphis albiventris,Didelphis albiventris,Didelphis albiventris,Didelphis albiventris,Didelphis aurita,Didelphis,Didelphidae,1,Bajo
1707,Didelphis albiventris,Didelphis aurita,Didelphis aurita,Didelphis aurita,Didelphis aurita,Didelphis aurita,Didelphis aurita,Didelphis aurita,Didelphis aurita,Didelphis aurita,Didelphis aurita,Didelphis aurita,Didelphis,Didelphidae,1,Bajo
1708,Didelphis albiventris,Didelphis aurita,Didelphis aurita,Didelphis albiventris,Didelphis aurita,Didelphis aurita,Didelphis aurita,Didelphis aurita,Didelphis aurita,Didelphis aurita,Didelphis aurita,Didelphis aurita,Didelphis,Didelphidae,1,Bajo
1709,Didelphis albiventris,Didelphis aurita,Didelphis aurita,Didelphis albiventris,Didelphis aurita,Didelphis aurita,Didelphis aurita,Didelphis aurita,Didelphis aurita,Didelphis aurita,Didelphis aurita,Didelphis aurita,Didelphis,Didelphidae,1,Bajo
1710,Didelphis albiventris,Didelphis aurita,Didelphis albiventris,Didelphis aurita,Didelphis aurita,Didelphis aurita,Didelphis aurita,Didelphis aurita,Didelphis albiventris,Didelphis albiventris,Didelphis albiventris,Didelphis aurita,Didelphis,Didelphidae,1,Bajo
1711,Didelphis albiventris,Cuniculus paca,Didelphis albiventris,Cerdocyon thous,Cerdocyon thous,Didelphis albiventris,Didelphis albiventris,Didelphis albiventris,Didelphis albiventris,Didelphis albiventris,Didelphis albiventris,Cuniculus paca,Didelphis,Didelphidae,1,Bajo
1712,Didelphis albiventris,Didelphis albiventris,Didelphis aurita,Didelphis aurita,Didelphis aurita,Didelphis aurita,Didelphis aurita,Didelphis albiventris,Didelphis aurita,Didelphis aurita,Didelphis aurita,Didelphis albiventris,Didelphis,Didelphidae,1,Bajo
1713,Didelphis albiventris,Didelphis aurita,Didelphis aurita,Didelphis aurita,Didelphis aurita,Didelphis aurita,Didelphis aurita,Didelphis aurita,Didelphis aurita,Didelphis aurita,Didelphis aurita,Didelphis aurita,Didelphis,Didelphidae,1,Bajo
1714,Didelphis albiventris,Didelphis albiventris,Didelphis aurita,Didelphis aurita,Didelphis aurita,Didelphis aurita,Didelphis aurita,Didelphis aurita,Didelphis aurita,Didelphis aurita,Didelphis aurita,Didelphis albiventris,Didelphis,Didelphidae,1,Bajo
1715,Didelphis albiventris,Didelphis albiventris,Didelphis aurita,Didelphis aurita,Didelphis albiventris,Didelphis aurita,Didelphis aurita,Didelphis albiventris,Didelphis aurita,Didelphis aurita,Didelphis aurita,Didelphis albiventris,Didelphis,Didelphidae,1,Bajo
1716,Didelphis albiventris,Didelphis aurita,Didelphis aurita,Didelphis aurita,Didelphis aurita,Didelphis aurita,Didelphis aurita,Didelphis aurita,Didelphis aurita,Didelphis aurita,Didelphis aurita,Didelphis aurita,Didelphis,Didelphidae,1,Bajo
1717,Didelphis albiventris,Didelphis albiventris,Didelphis aurita,Baryphthengus ruficapillus,Alouatta guariba clamitans,Didelphis aurita,Didelphis aurita,Didelphis albiventris,Didelphis aurita,Didelphis aurita,Didelphis aurita,Didelphis albiventris,Didelphis,Didelphidae,1,Bajo
1719,Didelphis albiventris,Didelphis aurita,Didelphis albiventris,Didelphis albiventris,Didelphis aurita,Didelphis aurita,Didelphis aurita,Didelphis aurita,Didelphis albiventris,Didelphis albiventris,Didelphis albiventris,Didelphis aurita,Didelphis,Didelphidae,1,Bajo
1720,Didelphis albiventris,Didelphis aurita,Didelphis albiventris,Didelphis albiventris,Didelphis aurita,Didelphis aurita,Didelphis aurita,Didelphis albiventris,Didelphis albiventris,Didelphis albiventris,Didelphis albiventris,Didelphis aurita,Didelphis,Didelphidae,1,Bajo
1721,Didelphis albiventris,Didelphis albiventris,Didelphis albiventris,Didelphis aurita,Didelphis aurita,Didelphis albiventris,Didelphis aurita,Didelphis aurita,Didelphis albiventris,Didelphis albiventris,Didelphis albiventris,Didelphis albiventris,Didelphis,Didelphidae,1,Bajo
1722,Didelphis albiventris,Didelphis aurita,Didelphis aurita,Didelphis aurita,Didelphis aurita,Didelphis aurita,Didelphis aurita,Didelphis aurita,Didelphis aurita,Didelphis aurita,Didelphis aurita,Didelphis aurita,Didelphis,Didelphidae,1,Bajo
1724,Didelphis albiventris,Didelphis aurita,Didelphis aurita,Didelphis aurita,Didelphis albiventris,Didelphis aurita,Didelphis aurita,Didelphis aurita,Didelphis aurita,Didelphis aurita,Didelphis aurita,Didelphis aurita,Didelphis,Didelphidae,1,Bajo
1725,Didelphis albiventris,Puma concolor,Puma concolor,Cuniculus paca,Cuniculus paca,Puma concolor,Eira barbara,Galictis cuja,Puma concolor,Puma concolor,Puma concolor,Cuniculus paca,Didelphis,Didelphidae,1,Bajo
1726,Didelphis albiventris,Didelphis albiventris,Didelphis aurita,Didelphis aurita,Didelphis albiventris,Didelphis albiventris,Didelphis aurita,Didelphis aurita,Didelphis aurita,Didelphis aurita,Didelphis aurita,Didelphis albiventris,Didelphis,Didelphidae,1,Bajo
1727,Didelphis albiventris,Didelphis albiventris,Didelphis aurita,Didelphis aurita,Didelphis albiventris,Didelphis albiventris,Didelphis aurita,Didelphis albiventris,Didelphis aurita,Didelphis aurita,Didelphis aurita,Didelphis albiventris,Didelphis,Didelphidae,1,Bajo
1728,Didelphis albiventris,Didelphis aurita,Didelphis albiventris,Didelphis aurita,Didelphis aurita,Didelphis aurita,Didelphis aurita,Didelphis aurita,Didelphis albiventris,Didelphis albiventris,Didelphis albiventris,Didelphis aurita,Didelphis,Didelphidae,1,Bajo
1729,Didelphis albiventris,Didelphis albiventris,Didelphis albiventris,Didelphis aurita,Didelphis aurita,Didelphis aurita,Didelphis aurita,Didelphis aurita,Didelphis albiventris,Didelphis albiventris,Didelphis albiventris,Didelphis albiventris,Didelphis,Didelphidae,1,Bajo
1730,Didelphis albiventris,Didelphis aurita,Didelphis albiventris,Didelphis aurita,Didelphis aurita,Didelphis aurita,Didelphis aurita,Didelphis aurita,Didelphis albiventris,Didelphis albiventris,Didelphis albiventris,Didelphis aurita,Didelphis,Didelphidae,1,Bajo
1731,Didelphis albiventris,Didelphis aurita,Didelphis aurita,Didelphis aurita,Didelphis aurita,Didelphis aurita,Didelphis aurita,Didelphis aurita,Didelphis aurita,Didelphis aurita,Didelphis aurita,Didelphis aurita,Didelphis,Didelphidae,1,Bajo
1732,Didelphis albiventris,Cuniculus paca,Didelphis albiventris,Dasyprocta azarae,Cuniculus paca,Eira barbara,Eira barbara,Didelphis albiventris,Didelphis albiventris,Didelphis albiventris,Didelphis albiventris,Cuniculus paca,Didelphis,Didelphidae,1,Bajo
1735,Didelphis albiventris,Didelphis aurita,Didelphis aurita,Didelphis aurita,Didelphis aurita,Didelphis aurita,Didelphis aurita,Didelphis aurita,Didelphis aurita,Didelphis aurita,Didelphis aurita,Didelphis aurita,Didelphis,Didelphidae,1,Bajo
1736,Didelphis albiventris,Didelphis aurita,Didelphis aurita,Didelphis aurita,Didelphis aurita,Didelphis aurita,Didelphis aurita,Didelphis aurita,Didelphis aurita,Didelphis aurita,Didelphis aurita,Didelphis aurita,Didelphis,Didelphidae,1,Bajo
1737,Didelphis albiventris,Didelphis albiventris,Didelphis aurita,Didelphis aurita,Didelphis albiventris,Didelphis aurita,Didelphis aurita,Didelphis albiventris,Didelphis aurita,Didelphis aurita,Didelphis aurita,Didelphis albiventris,Didelphis,Didelphidae,1,Bajo
1738,Didelphis albiventris,Didelphis aurita,Didelphis albiventris,Didelphis aurita,Didelphis aurita,Didelphis aurita,Didelphis aurita,Didelphis aurita,Didelphis albiventris,Didelphis albiventris,Didelphis albiventris,Didelphis aurita,Didelphis,Didelphidae,1,Bajo
1739,Didelphis albiventris,Didelphis albiventris,Didelphis albiventris,Didelphis albiventris,Didelphis albiventris,Didelphis albiventris,Didelphis albiventris,Didelphis albiventris,Didelphis albiventris,Didelphis albiventris,Didelphis albiventris,Didelphis albiventris,Didelphis,Didelphidae,1,Bajo
1740,Didelphis albiventris,Didelphis aurita,Didelphis aurita,Didelphis aurita,Didelphis aurita,Didelphis aurita,Didelphis aurita,Didelphis aurita,Didelphis aurita,Didelphis aurita,Didelphis aurita,Didelphis aurita,Didelphis,Didelphidae,1,Bajo
1744,Didelphis albiventris,Didelphis aurita,Didelphis albiventris,Didelphis albiventris,Didelphis aurita,Didelphis aurita,Didelphis aurita,Didelphis aurita,Didelphis albiventris,Didelphis albiventris,Didelphis albiventris,Didelphis aurita,Didelphis,Didelphidae,1,Bajo
1745,Didelphis albiventris,Didelphis aurita,Didelphis albiventris,Didelphis albiventris,Didelphis aurita,Didelphis aurita,Didelphis aurita,Didelphis aurita,Didelphis albiventris,Didelphis albiventris,Didelphis albiventris,Didelphis aurita,Didelphis,Didelphidae,1,Bajo
1747,Didelphis albiventris,Didelphis aurita,Didelphis aurita,Didelphis aurita,Didelphis aurita,Didelphis aurita,Didelphis aurita,Didelphis aurita,Didelphis aurita,Didelphis aurita,Didelphis aurita,Didelphis aurita,Didelphis,Didelphidae,1,Bajo
1749,Didelphis albiventris,Didelphis albiventris,Didelphis albiventris,Didelphis albiventris,Didelphis albiventris,Didelphis albiventris,Didelphis aurita,Didelphis albiventris,Didelphis albiventris,Didelphis albiventris,Didelphis albiventris,Didelphis albiventris,Didelphis,Didelphidae,1,Bajo
1750,Didelphis aurita,Didelphis aurita,Didelphis albiventris,Didelphis albiventris,Didelphis aurita,Didelphis aurita,Didelphis aurita,Didelphis aurita,Didelphis albiventris,Didelphis albiventris,Didelphis albiventris,Didelphis aurita,Didelphis,Didelphidae,3,Medio
1751,Didelphis aurita,Didelphis aurita,Didelphis aurita,Didelphis aurita,Didelphis aurita,Didelphis aurita,Didelphis aurita,Didelphis aurita,Didelphis aurita,Didelphis aurita,Didelphis aurita,Didelphis aurita,Didelphis,Didelphidae,3,Medio
1755,Didelphis aurita,Didelphis albiventris,Cuniculus paca,Crypturellus obsoletus,Herpailurus yagouaroundi,Galictis cuja,Didelphis albiventris,Didelphis aurita,Cuniculus paca,Cuniculus paca,Cuniculus paca,Didelphis albiventris,Didelphis,Didelphidae,3,Medio
1756,Didelphis aurita,Didelphis aurita,Didelphis aurita,Didelphis albiventris,Didelphis aurita,Didelphis aurita,Didelphis aurita,Didelphis aurita,Didelphis aurita,Didelphis aurita,Didelphis aurita,Didelphis aurita,Didelphis,Didelphidae,3,Medio
1757,Didelphis aurita,Didelphis aurita,Didelphis albiventris,Didelphis aurita,Didelphis aurita,Didelphis aurita,Didelphis aurita,Didelphis albiventris,Didelphis albiventris,Didelphis albiventris,Didelphis albiventris,Didelphis aurita,Didelphis,Didelphidae,3,Medio
1758,Didelphis aurita,Eira barbara,Didelphis albiventris,Cuniculus paca,Cerdocyon thous,Didelphis albiventris,Didelphis aurita,Didelphis albiventris,Didelphis albiventris,Didelphis albiventris,Didelphis albiventris,Eira barbara,Didelphis,Didelphidae,3,Medio
1760,Didelphis aurita,Didelphis aurita,Didelphis aurita,Didelphis aurita,Didelphis aurita,Didelphis aurita,Didelphis aurita,Didelphis aurita,Didelphis aurita,Didelphis aurita,Didelphis aurita,Didelphis aurita,Didelphis,Didelphidae,3,Medio
1761,Didelphis aurita,Didelphis albiventris,Didelphis albiventris,Didelphis aurita,Didelphis aurita,Didelphis aurita,Didelphis aurita,Didelphis aurita,Didelphis albiventris,Didelphis albiventris,Didelphis albiventris,Didelphis albiventris,Didelphis,Didelphidae,3,Medio
1762,Didelphis aurita,Didelphis aurita,Didelphis aurita,Didelphis aurita,Didelphis aurita,Didelphis aurita,Didelphis aurita,Didelphis aurita,Didelphis aurita,Didelphis aurita,Didelphis aurita,Didelphis aurita,Didelphis,Didelphidae,3,Medio
1763,Didelphis aurita,Didelphis aurita,Didelphis aurita,Didelphis aurita,Didelphis aurita,Didelphis aurita,Didelphis aurita,Didelphis aurita,Didelphis aurita,Didelphis aurita,Didelphis aurita,Didelphis aurita,Didelphis,Didelphidae,3,Medio
1764,Didelphis aurita,Didelphis aurita,Didelphis aurita,Didelphis aurita,Didelphis aurita,Didelphis aurita,Didelphis aurita,Didelphis aurita,Didelphis aurita,Didelphis aurita,Didelphis aurita,Didelphis aurita,Didelphis,Didelphidae,3,Medio
1766,Didelphis aurita,Didelphis aurita,Didelphis aurita,Didelphis aurita,Didelphis aurita,Didelphis aurita,Didelphis aurita,Didelphis albiventris,Didelphis aurita,Didelphis aurita,Didelphis aurita,Didelphis aurita,Didelphis,Didelphidae,3,Medio
1767,Didelphis aurita,Didelphis aurita,Didelphis aurita,Didelphis aurita,Didelphis aurita,Didelphis aurita,Didelphis aurita,Didelphis aurita,Didelphis aurita,Didelphis aurita,Didelphis aurita,Didelphis aurita,Didelphis,Didelphidae,3,Medio
1768,Didelphis aurita,Didelphis aurita,Didelphis aurita,Didelphis albiventris,Didelphis aurita,Didelphis aurita,Didelphis aurita,Didelphis aurita,Didelphis aurita,Didelphis aurita,Didelphis aurita,Didelphis aurita,Didelphis,Didelphidae,3,Medio
1769,Didelphis aurita,Didelphis aurita,Didelphis aurita,Didelphis aurita,Didelphis albiventris,Didelphis aurita,Didelphis aurita,Didelphis aurita,Didelphis aurita,Didelphis aurita,Didelphis aurita,Didelphis aurita,Didelphis,Didelphidae,3,Medio
1770,Didelphis aurita,Didelphis aurita,Didelphis aurita,Didelphis aurita,Didelphis aurita,Didelphis aurita,Didelphis aurita,Didelphis aurita,Didelphis aurita,Didelphis aurita,Didelphis aurita,Didelphis aurita,Didelphis,Didelphidae,3,Medio
1771,Didelphis aurita,Didelphis albiventris,Didelphis albiventris,Didelphis aurita,Didelphis albiventris,Didelphis albiventris,Didelphis aurita,Didelphis albiventris,Didelphis albiventris,Didelphis albiventris,Didelphis albiventris,Didelphis albiventris,Didelphis,Didelphidae,3,Medio
1772,Didelphis aurita,Didelphis aurita,Didelphis aurita,Didelphis aurita,Didelphis aurita,Didelphis aurita,Didelphis aurita,Didelphis albiventris,Didelphis aurita,Didelphis aurita,Didelphis aurita,Didelphis aurita,Didelphis,Didelphidae,3,Medio
1773,Didelphis aurita,Didelphis albiventris,Didelphis aurita,Didelphis aurita,Didelphis aurita,Didelphis aurita,Didelphis aurita,Didelphis aurita,Didelphis aurita,Didelphis aurita,Didelphis aurita,Didelphis albiventris,Didelphis,Didelphidae,3,Medio
1774,Didelphis aurita,Didelphis albiventris,Didelphis albiventris,Didelphis aurita,Didelphis aurita,Didelphis aurita,Didelphis aurita,Didelphis aurita,Didelphis albiventris,Didelphis albiventris,Didelphis albiventris,Didelphis albiventris,Didelphis,Didelphidae,3,Medio
1775,Didelphis aurita,Didelphis albiventris,Sapajus nigritus,Alouatta caraya,Sapajus nigritus,Didelphis albiventris,Didelphis aurita,Sapajus nigritus,Sapajus nigritus,Sapajus nigritus,Sapajus nigritus,Didelphis albiventris,Didelphis,Didelphidae,3,Medio
1777,Didelphis aurita,Didelphis albiventris,Didelphis aurita,Didelphis aurita,Didelphis albiventris,Didelphis albiventris,Didelphis aurita,Didelphis albiventris,Didelphis aurita,Didelphis aurita,Didelphis aurita,Didelphis albiventris,Didelphis,Didelphidae,3,Medio
1779,Didelphis aurita,Didelphis aurita,Didelphis aurita,Didelphis aurita,Didelphis aurita,Didelphis aurita,Didelphis aurita,Didelphis albiventris,Didelphis aurita,Didelphis aurita,Didelphis aurita,Didelphis aurita,Didelphis,Didelphidae,3,Medio
1781,Didelphis aurita,Didelphis albiventris,Didelphis albiventris,Didelphis albiventris,Didelphis albiventris,Didelphis albiventris,Didelphis albiventris,Didelphis albiventris,Didelphis albiventris,Didelphis albiventris,Didelphis albiventris,Didelphis albiventris,Didelphis,Didelphidae,3,Medio
1782,Didelphis aurita,Didelphis aurita,Didelphis aurita,Didelphis aurita,Didelphis aurita,Didelphis aurita,Didelphis aurita,Didelphis aurita,Didelphis aurita,Didelphis aurita,Didelphis aurita,Didelphis aurita,Didelphis,Didelphidae,3,Medio
1783,Didelphis aurita,Didelphis albiventris,Cabassous tatouay,Cabassous tatouay,Cabassous tatouay,Didelphis aurita,Didelphis aurita,Didelphis albiventris,Cabassous tatouay,Cabassous tatouay,Cabassous tatouay,Didelphis albiventris,Didelphis,Didelphidae,3,Medio
1784,Didelphis aurita,Didelphis albiventris,Didelphis aurita,Didelphis albiventris,Didelphis aurita,Didelphis aurita,Didelphis aurita,Didelphis albiventris,Didelphis aurita,Didelphis aurita,Didelphis aurita,Didelphis albiventris,Didelphis,Didelphidae,3,Medio
1785,Didelphis aurita,Didelphis aurita,Didelphis aurita,Didelphis aurita,Didelphis aurita,Didelphis aurita,Didelphis aurita,Didelphis aurita,Didelphis aurita,Didelphis aurita,Didelphis aurita,Didelphis aurita,Didelphis,Didelphidae,3,Medio
1786,Didelphis aurita,Didelphis aurita,Didelphis aurita,Didelphis aurita,Didelphis aurita,Didelphis aurita,Didelphis aurita,Didelphis aurita,Didelphis aurita,Didelphis aurita,Didelphis aurita,Didelphis aurita,Didelphis,Didelphidae,3,Medio
1787,Didelphis aurita,Didelphis aurita,Didelphis aurita,Didelphis aurita,Didelphis albiventris,Didelphis aurita,Didelphis aurita,Didelphis aurita,Didelphis aurita,Didelphis aurita,Didelphis aurita,Didelphis aurita,Didelphis,Didelphidae,3,Medio
1788,Didelphis aurita,Didelphis albiventris,Didelphis albiventris,Baryphthengus ruficapillus,Baryphthengus ruficapillus,Didelphis aurita,Didelphis aurita,Phrynops williamsi,Didelphis albiventris,Didelphis albiventris,Didelphis albiventris,Didelphis albiventris,Didelphis,Didelphidae,3,Medio
1789,Didelphis aurita,Didelphis aurita,Didelphis aurita,Didelphis aurita,Didelphis aurita,Didelphis aurita,Didelphis aurita,Didelphis albiventris,Didelphis aurita,Didelphis aurita,Didelphis aurita,Didelphis aurita,Didelphis,Didelphidae,3,Medio
1790,Didelphis aurita,Didelphis albiventris,Didelphis aurita,Didelphis albiventris,Didelphis albiventris,Didelphis albiventris,Didelphis aurita,Didelphis albiventris,Didelphis aurita,Didelphis aurita,Didelphis aurita,Didelphis albiventris,Didelphis,Didelphidae,3,Medio
1791,Didelphis aurita,Didelphis aurita,Didelphis aurita,Didelphis aurita,Didelphis aurita,Didelphis aurita,Didelphis aurita,Didelphis aurita,Didelphis aurita,Didelphis aurita,Didelphis aurita,Didelphis aurita,Didelphis,Didelphidae,3,Medio
1792,Didelphis aurita,Didelphis albiventris,Didelphis albiventris,Didelphis aurita,Didelphis albiventris,Didelphis albiventris,Didelphis aurita,Didelphis albiventris,Didelphis albiventris,Didelphis albiventris,Didelphis albiventris,Didelphis albiventris,Didelphis,Didelphidae,3,Medio
1794,Didelphis aurita,Didelphis albiventris,Didelphis albiventris,Didelphis albiventris,Didelphis albiventris,Didelphis albiventris,Didelphis albiventris,Didelphis albiventris,Didelphis albiventris,Didelphis albiventris,Didelphis albiventris,Didelphis albiventris,Didelphis,Didelphidae,3,Medio
1795,Didelphis aurita,Didelphis aurita,Didelphis aurita,Didelphis aurita,Didelphis aurita,Didelphis aurita,Didelphis aurita,Didelphis aurita,Didelphis aurita,Didelphis aurita,Didelphis aurita,Didelphis aurita,Didelphis,Didelphidae,3,Medio
1796,Didelphis aurita,Didelphis albiventris,Didelphis albiventris,Didelphis albiventris,Didelphis albiventris,Didelphis albiventris,Didelphis albiventris,Didelphis aurita,Didelphis albiventris,Didelphis albiventris,Didelphis albiventris,Didelphis albiventris,Didelphis,Didelphidae,3,Medio
1797,Didelphis aurita,Didelphis aurita,Didelphis aurita,Didelphis aurita,Didelphis aurita,Didelphis aurita,Didelphis aurita,Didelphis aurita,Didelphis aurita,Didelphis aurita,Didelphis aurita,Didelphis aurita,Didelphis,Didelphidae,3,Medio
1798,Didelphis aurita,Didelphis aurita,Didelphis aurita,Didelphis aurita,Didelphis albiventris,Didelphis aurita,Didelphis aurita,Didelphis aurita,Didelphis aurita,Didelphis aurita,Didelphis aurita,Didelphis aurita,Didelphis,Didelphidae,3,Medio
1799,Didelphis aurita,Didelphis albiventris,Didelphis albiventris,Didelphis albiventris,Didelphis albiventris,Didelphis albiventris,Didelphis albiventris,Didelphis albiventris,Didelphis albiventris,Didelphis albiventris,Didelphis albiventris,Didelphis albiventris,Didelphis,Didelphidae,3,Medio
1800,Didelphis aurita,Didelphis aurita,Didelphis aurita,Didelphis aurita,Didelphis aurita,Didelphis aurita,Didelphis aurita,Didelphis aurita,Didelphis aurita,Didelphis aurita,Didelphis aurita,Didelphis aurita,Didelphis,Didelphidae,3,Medio
1802,Didelphis aurita,Didelphis aurita,Didelphis aurita,Didelphis aurita,Didelphis aurita,Didelphis aurita,Didelphis aurita,Didelphis aurita,Didelphis aurita,Didelphis aurita,Didelphis aurita,Didelphis aurita,Didelphis,Didelphidae,3,Medio
1804,Didelphis aurita,Didelphis albiventris,Sapajus nigritus,Dasyprocta azarae,Didelphis albiventris,Sapajus nigritus,Sapajus nigritus,Dasyprocta azarae,Sapajus nigritus,Sapajus nigritus,Sapajus nigritus,Didelphis albiventris,Didelphis,Didelphidae,3,Medio
1805,Didelphis aurita,Didelphis aurita,Didelphis albiventris,Didelphis aurita,Didelphis aurita,Didelphis aurita,Didelphis aurita,Didelphis aurita,Didelphis albiventris,Didelphis albiventris,Didelphis albiventris,Didelphis aurita,Didelphis,Didelphidae,3,Medio
1806,Didelphis aurita,Didelphis albiventris,Didelphis aurita,Didelphis albiventris,Didelphis albiventris,Didelphis albiventris,Didelphis aurita,Didelphis albiventris,Didelphis aurita,Didelphis aurita,Didelphis aurita,Didelphis albiventris,Didelphis,Didelphidae,3,Medio
1807,Didelphis aurita,Didelphis aurita,Didelphis albiventris,Didelphis aurita,Didelphis aurita,Didelphis aurita,Didelphis aurita,Didelphis aurita,Didelphis albiventris,Didelphis albiventris,Didelphis albiventris,Didelphis aurita,Didelphis,Didelphidae,3,Medio
1809,Didelphis aurita,Didelphis aurita,Didelphis albiventris,Didelphis aurita,Didelphis aurita,Didelphis aurita,Didelphis aurita,Didelphis aurita,Didelphis albiventris,Didelphis albiventris,Didelphis albiventris,Didelphis aurita,Didelphis,Didelphidae,3,Medio
1810,Didelphis aurita,Didelphis aurita,Didelphis aurita,Didelphis aurita,Didelphis aurita,Didelphis aurita,Didelphis aurita,Didelphis aurita,Didelphis aurita,Didelphis aurita,Didelphis aurita,Didelphis aurita,Didelphis,Didelphidae,3,Medio
1811,Didelphis aurita,Didelphis aurita,Didelphis albiventris,Didelphis albiventris,Didelphis aurita,Didelphis aurita,Didelphis aurita,Didelphis aurita,Didelphis albiventris,Didelphis albiventris,Didelphis albiventris,Didelphis aurita,Didelphis,Didelphidae,3,Medio
1812,Didelphis aurita,Didelphis aurita,Didelphis aurita,Didelphis albiventris,Didelphis aurita,Didelphis aurita,Didelphis aurita,Didelphis aurita,Didelphis aurita,Didelphis aurita,Didelphis aurita,Didelphis aurita,Didelphis,Didelphidae,3,Medio
1813,Didelphis aurita,Cuniculus paca,Dasyprocta azarae,Cuniculus paca,Cuniculus paca,Didelphis albiventris,Didelphis albiventris,Didelphis albiventris,Dasyprocta azarae,Dasyprocta azarae,Dasyprocta azarae,Cuniculus paca,Didelphis,Didelphidae,3,Medio
1814,Didelphis aurita,Didelphis aurita,Didelphis aurita,Didelphis aurita,Didelphis aurita,Didelphis aurita,Didelphis aurita,Didelphis aurita,Didelphis aurita,Didelphis aurita,Didelphis aurita,Didelphis aurita,Didelphis,Didelphidae,3,Medio
1816,Didelphis aurita,Didelphis aurita,Didelphis aurita,Didelphis aurita,Didelphis aurita,Didelphis aurita,Didelphis aurita,Didelphis aurita,Didelphis aurita,Didelphis aurita,Didelphis aurita,Didelphis aurita,Didelphis,Didelphidae,3,Medio
1817,Didelphis aurita,Didelphis aurita,Didelphis aurita,Didelphis albiventris,Didelphis aurita,Didelphis aurita,Didelphis aurita,Didelphis albiventris,Didelphis aurita,Didelphis aurita,Didelphis aurita,Didelphis aurita,Didelphis,Didelphidae,3,Medio
1818,Didelphis aurita,Didelphis aurita,Didelphis aurita,Didelphis aurita,Didelphis aurita,Didelphis aurita,Didelphis aurita,Didelphis aurita,Didelphis aurita,Didelphis aurita,Didelphis aurita,Didelphis aurita,Didelphis,Didelphidae,3,Medio
1819,Kannabateomys amblyonyx,Kannabateomys amblyonyx,Kannabateomys amblyonyx,Kannabateomys amblyonyx,Kannabateomys amblyonyx,Kannabateomys amblyonyx,Dasyprocta azarae,Kannabateomys amblyonyx,Kannabateomys amblyonyx,Kannabateomys amblyonyx,Kannabateomys amblyonyx,Kannabateomys amblyonyx,Kannabateomys,Echimyidae,4,Alto
1820,Kannabateomys amblyonyx,Kannabateomys amblyonyx,Kannabateomys amblyonyx,Kannabateomys amblyonyx,Kannabateomys amblyonyx,Kannabateomys amblyonyx,Dasyprocta azarae,Kannabateomys amblyonyx,Kannabateomys amblyonyx,Kannabateomys amblyonyx,Kannabateomys amblyonyx,Kannabateomys amblyonyx,Kannabateomys,Echimyidae,4,Alto
1821,Kannabateomys amblyonyx,Kannabateomys amblyonyx,Kannabateomys amblyonyx,Kannabateomys amblyonyx,Kannabateomys amblyonyx,Kannabateomys amblyonyx,Dasyprocta azarae,Kannabateomys amblyonyx,Kannabateomys amblyonyx,Kannabateomys amblyonyx,Kannabateomys amblyonyx,Kannabateomys amblyonyx,Kannabateomys,Echimyidae,4,Alto
1822,Kannabateomys amblyonyx,Kannabateomys amblyonyx,Kannabateomys amblyonyx,Kannabateomys amblyonyx,Kannabateomys amblyonyx,Kannabateomys amblyonyx,Didelphis aurita,Kannabateomys amblyonyx,Kannabateomys amblyonyx,Kannabateomys amblyonyx,Kannabateomys amblyonyx,Kannabateomys amblyonyx,Kannabateomys,Echimyidae,4,Alto
1823,Kannabateomys amblyonyx,Kannabateomys amblyonyx,Kannabateomys amblyonyx,Kannabateomys amblyonyx,Kannabateomys amblyonyx,Kannabateomys amblyonyx,Dasyprocta azarae,Kannabateomys amblyonyx,Kannabateomys amblyonyx,Kannabateomys amblyonyx,Kannabateomys amblyonyx,Kannabateomys amblyonyx,Kannabateomys,Echimyidae,4,Alto
1824,Kannabateomys amblyonyx,Kannabateomys amblyonyx,Kannabateomys amblyonyx,Kannabateomys amblyonyx,Kannabateomys amblyonyx,Kannabateomys amblyonyx,Dasyprocta azarae,Kannabateomys amblyonyx,Kannabateomys amblyonyx,Kannabateomys amblyonyx,Kannabateomys amblyonyx,Kannabateomys amblyonyx,Kannabateomys,Echimyidae,4,Alto
1825,Kannabateomys amblyonyx,Kannabateomys amblyonyx,Kannabateomys amblyonyx,Kannabateomys amblyonyx,Kannabateomys amblyonyx,Kannabateomys amblyonyx,Dasyprocta azarae,Kannabateomys amblyonyx,Kannabateomys amblyonyx,Kannabateomys amblyonyx,Kannabateomys amblyonyx,Kannabateomys amblyonyx,Kannabateomys,Echimyidae,4,Alto
1826,Kannabateomys amblyonyx,Kannabateomys amblyonyx,Kannabateomys amblyonyx,Kannabateomys amblyonyx,Kannabateomys amblyonyx,Kannabateomys amblyonyx,Dasyprocta azarae,Kannabateomys amblyonyx,Kannabateomys amblyonyx,Kannabateomys amblyonyx,Kannabateomys amblyonyx,Kannabateomys amblyonyx,Kannabateomys,Echimyidae,4,Alto
1827,Kannabateomys amblyonyx,Didelphis aurita,Didelphis aurita,Dasyprocta azarae,Didelphis aurita,Didelphis aurita,Didelphis aurita,Hydrochoerus hydrochaeris,Didelphis aurita,Didelphis aurita,Didelphis aurita,Didelphis aurita,Kannabateomys,Echimyidae,4,Alto
1829,Kannabateomys amblyonyx,Kannabateomys amblyonyx,Kannabateomys amblyonyx,Kannabateomys amblyonyx,Kannabateomys amblyonyx,Kannabateomys amblyonyx,Dasyprocta azarae,Kannabateomys amblyonyx,Kannabateomys amblyonyx,Kannabateomys amblyonyx,Kannabateomys amblyonyx,Kannabateomys amblyonyx,Kannabateomys,Echimyidae,4,Alto
1830,Kannabateomys amblyonyx,Kannabateomys amblyonyx,Kannabateomys amblyonyx,Kannabateomys amblyonyx,Kannabateomys amblyonyx,Kannabateomys amblyonyx,Didelphis aurita,Kannabateomys amblyonyx,Kannabateomys amblyonyx,Kannabateomys amblyonyx,Kannabateomys amblyonyx,Kannabateomys amblyonyx,Kannabateomys,Echimyidae,4,Alto
1831,Kannabateomys amblyonyx,Kannabateomys amblyonyx,Kannabateomys amblyonyx,Kannabateomys amblyonyx,Kannabateomys amblyonyx,Kannabateomys amblyonyx,Dasyprocta azarae,Kannabateomys amblyonyx,Kannabateomys amblyonyx,Kannabateomys amblyonyx,Kannabateomys amblyonyx,Kannabateomys amblyonyx,Kannabateomys,Echimyidae,4,Alto
1833,Kannabateomys amblyonyx,Kannabateomys amblyonyx,Kannabateomys amblyonyx,Kannabateomys amblyonyx,Kannabateomys amblyonyx,Kannabateomys amblyonyx,Didelphis aurita,Aramides saracura,Kannabateomys amblyonyx,Kannabateomys amblyonyx,Kannabateomys amblyonyx,Kannabateomys amblyonyx,Kannabateomys,Echimyidae,4,Alto
1834,Kannabateomys amblyonyx,Didelphis aurita,Didelphis aurita,Didelphis albiventris,Didelphis aurita,Didelphis aurita,Didelphis aurita,Didelphis aurita,Didelphis aurita,Didelphis aurita,Didelphis aurita,Didelphis aurita,Kannabateomys,Echimyidae,4,Alto
1836,Herpailurus yagouaroundi,Herpailurus yagouaroundi,Herpailurus yagouaroundi,Dasyprocta azarae,Dasyprocta azarae,Eira barbara,Eira barbara,Eira barbara,Herpailurus yagouaroundi,Herpailurus yagouaroundi,Herpailurus yagouaroundi,Herpailurus yagouaroundi,Herpailurus,Felidae,1,Bajo
1838,Herpailurus yagouaroundi,Herpailurus yagouaroundi,Herpailurus yagouaroundi,Herpailurus yagouaroundi,Herpailurus yagouaroundi,Herpailurus yagouaroundi,Herpailurus yagouaroundi,Herpailurus yagouaroundi,Herpailurus yagouaroundi,Herpailurus yagouaroundi,Herpailurus yagouaroundi,Herpailurus yagouaroundi,Herpailurus,Felidae,1,Bajo
1840,Herpailurus yagouaroundi,Herpailurus yagouaroundi,Puma concolor,Eira barbara,Eira barbara,Eira barbara,Eira barbara,Leopardus wiedii,Puma concolor,Puma concolor,Puma concolor,Herpailurus yagouaroundi,Herpailurus,Felidae,1,Bajo
1842,Herpailurus yagouaroundi,Herpailurus yagouaroundi,Didelphis aurita,Didelphis albiventris,Didelphis aurita,Herpailurus yagouaroundi,Galictis cuja,Didelphis albiventris,Didelphis aurita,Didelphis aurita,Didelphis aurita,Herpailurus yagouaroundi,Herpailurus,Felidae,1,Bajo
1843,Herpailurus yagouaroundi,Puma concolor,Myrmecophaga tridactyla,Cabassous tatouay,Eira barbara,Myiothlypis leucoblephara,Eira barbara,Eira barbara,Myrmecophaga tridactyla,Myrmecophaga tridactyla,Myrmecophaga tridactyla,Puma concolor,Herpailurus,Felidae,1,Bajo
1844,Herpailurus yagouaroundi,Herpailurus yagouaroundi,Herpailurus yagouaroundi,Didelphis aurita,Didelphis aurita,Herpailurus yagouaroundi,Cerdocyon thous,Galictis cuja,Herpailurus yagouaroundi,Herpailurus yagouaroundi,Herpailurus yagouaroundi,Herpailurus yagouaroundi,Herpailurus,Felidae,1,Bajo
1845,Herpailurus yagouaroundi,Eira barbara,Eira barbara,Eira barbara,Eira barbara,Eira barbara,Eira barbara,Eira barbara,Eira barbara,Eira barbara,Eira barbara,Eira barbara,Herpailurus,Felidae,1,Bajo
1846,Herpailurus yagouaroundi,Herpailurus yagouaroundi,Eira barbara,Eira barbara,Eira barbara,Eira barbara,Eira barbara,Eira barbara,Eira barbara,Eira barbara,Eira barbara,Herpailurus yagouaroundi,Herpailurus,Felidae,1,Bajo
1847,Herpailurus yagouaroundi,Puma concolor,Penelope superciliaris,Leopardus pardalis,Leopardus pardalis,Salvator merianae,Penelope superciliaris,Cerdocyon thous,Penelope superciliaris,Penelope superciliaris,Penelope superciliaris,Puma concolor,Herpailurus,Felidae,1,Bajo
1848,Herpailurus yagouaroundi,Herpailurus yagouaroundi,Herpailurus yagouaroundi,Herpailurus yagouaroundi,Eira barbara,Eira barbara,Eira barbara,Herpailurus yagouaroundi,Herpailurus yagouaroundi,Herpailurus yagouaroundi,Herpailurus yagouaroundi,Herpailurus yagouaroundi,Herpailurus,Felidae,1,Bajo
1849,Herpailurus yagouaroundi,Herpailurus yagouaroundi,Herpailurus yagouaroundi,Eira barbara,Eira barbara,Eira barbara,Leopardus guttulus,Leopardus guttulus,Herpailurus yagouaroundi,Herpailurus yagouaroundi,Herpailurus yagouaroundi,Herpailurus yagouaroundi,Herpailurus,Felidae,1,Bajo
1850,Herpailurus yagouaroundi,Herpailurus yagouaroundi,Eira barbara,Eira barbara,Eira barbara,Herpailurus yagouaroundi,Eira barbara,Eira barbara,Eira barbara,Eira barbara,Eira barbara,Herpailurus yagouaroundi,Herpailurus,Felidae,1,Bajo
1853,Herpailurus yagouaroundi,Eira barbara,Eira barbara,Eira barbara,Eira barbara,Eira barbara,Eira barbara,Eira barbara,Eira barbara,Eira barbara,Eira barbara,Eira barbara,Herpailurus,Felidae,1,Bajo
1855,Herpailurus yagouaroundi,Herpailurus yagouaroundi,Herpailurus yagouaroundi,Herpailurus yagouaroundi,Herpailurus yagouaroundi,Herpailurus yagouaroundi,Eira barbara,Herpailurus yagouaroundi,Herpailurus yagouaroundi,Herpailurus yagouaroundi,Herpailurus yagouaroundi,Herpailurus yagouaroundi,Herpailurus,Felidae,1,Bajo
1856,Herpailurus yagouaroundi,Herpailurus yagouaroundi,Herpailurus yagouaroundi,Herpailurus yagouaroundi,Herpailurus yagouaroundi,Herpailurus yagouaroundi,Eira barbara,Herpailurus yagouaroundi,Herpailurus yagouaroundi,Herpailurus yagouaroundi,Herpailurus yagouaroundi,Herpailurus yagouaroundi,Herpailurus,Felidae,1,Bajo
1857,Herpailurus yagouaroundi,Eira barbara,Eira barbara,Eira barbara,Eira barbara,Eira barbara,Eira barbara,Eira barbara,Eira barbara,Eira barbara,Eira barbara,Eira barbara,Herpailurus,Felidae,1,Bajo
1858,Herpailurus yagouaroundi,Eira barbara,Eira barbara,Eira barbara,Eira barbara,Eira barbara,Eira barbara,Eira barbara,Eira barbara,Eira barbara,Eira barbara,Eira barbara,Herpailurus,Felidae,1,Bajo
1859,Herpailurus yagouaroundi,Herpailurus yagouaroundi,Leopardus guttulus,Cerdocyon thous,Cerdocyon thous,Herpailurus yagouaroundi,Leopardus guttulus,Herpailurus yagouaroundi,Leopardus guttulus,Leopardus guttulus,Leopardus guttulus,Herpailurus yagouaroundi,Herpailurus,Felidae,1,Bajo
1860,Herpailurus yagouaroundi,Herpailurus yagouaroundi,Herpailurus yagouaroundi,Herpailurus yagouaroundi,Eira barbara,Herpailurus yagouaroundi,Eira barbara,Eira barbara,Herpailurus yagouaroundi,Herpailurus yagouaroundi,Herpailurus yagouaroundi,Herpailurus yagouaroundi,Herpailurus,Felidae,1,Bajo
1861,Herpailurus yagouaroundi,Herpailurus yagouaroundi,Herpailurus yagouaroundi,Herpailurus yagouaroundi,Herpailurus yagouaroundi,Herpailurus yagouaroundi,Leopardus guttulus,Galictis cuja,Herpailurus yagouaroundi,Herpailurus yagouaroundi,Herpailurus yagouaroundi,Herpailurus yagouaroundi,Herpailurus,Felidae,1,Bajo
1862,Herpailurus yagouaroundi,Herpailurus yagouaroundi,Eira barbara,Eira barbara,Eira barbara,Herpailurus yagouaroundi,Leopardus guttulus,Herpailurus yagouaroundi,Eira barbara,Eira barbara,Eira barbara,Herpailurus yagouaroundi,Herpailurus,Felidae,1,Bajo
1863,Herpailurus yagouaroundi,Leopardus wiedii,Leopardus wiedii,Leopardus wiedii,Leopardus wiedii,Eira barbara,Eira barbara,Leopardus guttulus,Leopardus wiedii,Leopardus wiedii,Leopardus wiedii,Leopardus wiedii,Herpailurus,Felidae,1,Bajo
1864,Herpailurus yagouaroundi,Herpailurus yagouaroundi,Herpailurus yagouaroundi,Herpailurus yagouaroundi,Herpailurus yagouaroundi,Herpailurus yagouaroundi,Herpailurus yagouaroundi,Herpailurus yagouaroundi,Herpailurus yagouaroundi,Herpailurus yagouaroundi,Herpailurus yagouaroundi,Herpailurus yagouaroundi,Herpailurus,Felidae,1,Bajo
1865,Herpailurus yagouaroundi,Herpailurus yagouaroundi,Herpailurus yagouaroundi,Herpailurus yagouaroundi,Herpailurus yagouaroundi,Herpailurus yagouaroundi,Herpailurus yagouaroundi,Herpailurus yagouaroundi,Herpailurus yagouaroundi,Herpailurus yagouaroundi,Herpailurus yagouaroundi,Herpailurus yagouaroundi,Herpailurus,Felidae,1,Bajo
1866,Herpailurus yagouaroundi,Eira barbara,Herpailurus yagouaroundi,Dasyprocta azarae,Eira barbara,Eira barbara,Eira barbara,Eira barbara,Herpailurus yagouaroundi,Herpailurus yagouaroundi,Herpailurus yagouaroundi,Eira barbara,Herpailurus,Felidae,1,Bajo
1867,Herpailurus yagouaroundi,Herpailurus yagouaroundi,Herpailurus yagouaroundi,Eira barbara,Eira barbara,Eira barbara,Eira barbara,Eira barbara,Herpailurus yagouaroundi,Herpailurus yagouaroundi,Herpailurus yagouaroundi,Herpailurus yagouaroundi,Herpailurus,Felidae,1,Bajo
1869,Herpailurus yagouaroundi,Eira barbara,Eira barbara,Eira barbara,Eira barbara,Nasua nasua,Eira barbara,Nasua nasua,Eira barbara,Eira barbara,Eira barbara,Eira barbara,Herpailurus,Felidae,1,Bajo
1870,Herpailurus yagouaroundi,Herpailurus yagouaroundi,Herpailurus yagouaroundi,Herpailurus yagouaroundi,Herpailurus yagouaroundi,Herpailurus yagouaroundi,Leopardus guttulus,Leopardus guttulus,Herpailurus yagouaroundi,Herpailurus yagouaroundi,Herpailurus yagouaroundi,Herpailurus yagouaroundi,Herpailurus,Felidae,1,Bajo
1871,Herpailurus yagouaroundi,Herpailurus yagouaroundi,Herpailurus yagouaroundi,Herpailurus yagouaroundi,Herpailurus yagouaroundi,Herpailurus yagouaroundi,Eira barbara,Leopardus guttulus,Herpailurus yagouaroundi,Herpailurus yagouaroundi,Herpailurus yagouaroundi,Herpailurus yagouaroundi,Herpailurus,Felidae,1,Bajo
1876,Leopardus guttulus,Panthera onca,Panthera onca,Panthera onca,Panthera onca,Panthera onca,Leopardus guttulus,Panthera onca,Panthera onca,Panthera onca,Panthera onca,Panthera onca,Leopardus,Felidae,5,Crítico
1877,Leopardus guttulus,Leopardus wiedii,Leopardus guttulus,Leopardus guttulus,Leopardus guttulus,Leopardus guttulus,Leopardus guttulus,Leopardus guttulus,Leopardus guttulus,Leopardus guttulus,Leopardus guttulus,Leopardus wiedii,Leopardus,Felidae,5,Crítico
1878,Leopardus guttulus,Leopardus guttulus,Leopardus guttulus,Leopardus guttulus,Leopardus guttulus,Leopardus guttulus,Leopardus guttulus,Leopardus guttulus,Leopardus guttulus,Leopardus guttulus,Leopardus guttulus,Leopardus guttulus,Leopardus,Felidae,5,Crítico
1879,Leopardus guttulus,Leopardus guttulus,Leopardus guttulus,Leopardus guttulus,Leopardus guttulus,Leopardus guttulus,Leopardus guttulus,Leopardus guttulus,Leopardus guttulus,Leopardus guttulus,Leopardus guttulus,Leopardus guttulus,Leopardus,Felidae,5,Crítico
1880,Leopardus guttulus,Leopardus guttulus,Leopardus guttulus,Leopardus guttulus,Leopardus guttulus,Leopardus guttulus,Leopardus guttulus,Leopardus guttulus,Leopardus guttulus,Leopardus guttulus,Leopardus guttulus,Leopardus guttulus,Leopardus,Felidae,5,Crítico
1881,Leopardus guttulus,Leopardus guttulus,Leopardus guttulus,Leopardus guttulus,Leopardus guttulus,Leopardus guttulus,Leopardus guttulus,Leopardus guttulus,Leopardus guttulus,Leopardus guttulus,Leopardus guttulus,Leopardus guttulus,Leopardus,Felidae,5,Crítico
1882,Leopardus guttulus,Cabassous tatouay,Puma concolor,Cuniculus paca,Cabassous tatouay,Leopardus wiedii,Didelphis albiventris,Cabassous tatouay,Puma concolor,Puma concolor,Puma concolor,Cabassous tatouay,Leopardus,Felidae,5,Crítico
1883,Leopardus guttulus,Leopardus guttulus,Leopardus wiedii,Leopardus guttulus,Leopardus guttulus,Leopardus guttulus,Leopardus guttulus,Leopardus guttulus,Leopardus wiedii,Leopardus wiedii,Leopardus wiedii,Leopardus guttulus,Leopardus,Felidae,5,Crítico
1884,Leopardus guttulus,Leopardus guttulus,Leopardus guttulus,Leopardus guttulus,Leopardus guttulus,Leopardus guttulus,Leopardus guttulus,Leopardus guttulus,Leopardus guttulus,Leopardus guttulus,Leopardus guttulus,Leopardus guttulus,Leopardus,Felidae,5,Crítico
1885,Leopardus guttulus,Leopardus guttulus,Leopardus wiedii,Leopardus wiedii,Leopardus guttulus,Leopardus guttulus,Leopardus guttulus,Leopardus guttulus,Leopardus wiedii,Leopardus wiedii,Leopardus wiedii,Leopardus guttulus,Leopardus,Felidae,5,Crítico
1886,Leopardus guttulus,Leopardus wiedii,Leopardus pardalis,Leopardus guttulus,Leopardus guttulus,Leopardus guttulus,Leopardus guttulus,Leopardus guttulus,Leopardus pardalis,Leopardus pardalis,Leopardus pardalis,Leopardus wiedii,Leopardus,Felidae,5,Crítico
1887,Leopardus guttulus,Leopardus guttulus,Leopardus guttulus,Leopardus guttulus,Leopardus guttulus,Leopardus guttulus,Leopardus guttulus,Leopardus guttulus,Leopardus guttulus,Leopardus guttulus,Leopardus guttulus,Leopardus guttulus,Leopardus,Felidae,5,Crítico
1888,Leopardus guttulus,Leopardus guttulus,Leopardus guttulus,Leopardus guttulus,Leopardus guttulus,Leopardus guttulus,Leopardus guttulus,Leopardus guttulus,Leopardus guttulus,Leopardus guttulus,Leopardus guttulus,Leopardus guttulus,Leopardus,Felidae,5,Crítico
1889,Leopardus guttulus,Leopardus pardalis,Leopardus guttulus,Leopardus pardalis,Leopardus guttulus,Leopardus guttulus,Leopardus guttulus,Panthera onca,Leopardus guttulus,Leopardus guttulus,Leopardus guttulus,Leopardus pardalis,Leopardus,Felidae,5,Crítico
1890,Leopardus guttulus,Leopardus wiedii,Leopardus guttulus,Leopardus guttulus,Leopardus guttulus,Leopardus guttulus,Leopardus guttulus,Leopardus guttulus,Leopardus guttulus,Leopardus guttulus,Leopardus guttulus,Leopardus wiedii,Leopardus,Felidae,5,Crítico
1892,Leopardus guttulus,Leopardus wiedii,Leopardus guttulus,Leopardus guttulus,Leopardus wiedii,Leopardus guttulus,Leopardus guttulus,Leopardus guttulus,Leopardus guttulus,Leopardus guttulus,Leopardus guttulus,Leopardus wiedii,Leopardus,Felidae,5,Crítico
1893,Leopardus guttulus,Leopardus guttulus,Leopardus guttulus,Leopardus guttulus,Leopardus guttulus,Leopardus guttulus,Leopardus guttulus,Leopardus guttulus,Leopardus guttulus,Leopardus guttulus,Leopardus guttulus,Leopardus guttulus,Leopardus,Felidae,5,Crítico
1894,Leopardus guttulus,Leopardus guttulus,Leopardus guttulus,Cerdocyon thous,Leopardus guttulus,Leopardus guttulus,Leopardus guttulus,Leopardus guttulus,Leopardus guttulus,Leopardus guttulus,Leopardus guttulus,Leopardus guttulus,Leopardus,Felidae,5,Crítico
1895,Leopardus guttulus,Leopardus wiedii,Leopardus guttulus,Leopardus guttulus,Leopardus guttulus,Leopardus guttulus,Leopardus guttulus,Leopardus guttulus,Leopardus guttulus,Leopardus guttulus,Leopardus guttulus,Leopardus wiedii,Leopardus,Felidae,5,Crítico
1897,Leopardus guttulus,Leopardus guttulus,Leopardus guttulus,Leopardus guttulus,Leopardus guttulus,Leopardus guttulus,Leopardus guttulus,Leopardus guttulus,Leopardus guttulus,Leopardus guttulus,Leopardus guttulus,Leopardus guttulus,Leopardus,Felidae,5,Crítico
1898,Leopardus guttulus,Leopardus wiedii,Leopardus guttulus,Cuniculus paca,Cuniculus paca,Leopardus guttulus,Leopardus guttulus,Leopardus guttulus,Leopardus guttulus,Leopardus guttulus,Leopardus guttulus,Leopardus wiedii,Leopardus,Felidae,5,Crítico
1899,Leopardus guttulus,Leopardus guttulus,Leopardus guttulus,Leopardus guttulus,Leopardus guttulus,Leopardus guttulus,Leopardus guttulus,Leopardus guttulus,Leopardus guttulus,Leopardus guttulus,Leopardus guttulus,Leopardus guttulus,Leopardus,Felidae,5,Crítico
1900,Leopardus guttulus,Leopardus wiedii,Leopardus guttulus,Leopardus guttulus,Leopardus guttulus,Leopardus guttulus,Leopardus guttulus,Leopardus wiedii,Leopardus guttulus,Leopardus guttulus,Leopardus guttulus,Leopardus wiedii,Leopardus,Felidae,5,Crítico
1901,Leopardus guttulus,Leopardus guttulus,Leopardus guttulus,Leopardus guttulus,Leopardus guttulus,Leopardus guttulus,Leopardus guttulus,Leopardus guttulus,Leopardus guttulus,Leopardus guttulus,Leopardus guttulus,Leopardus guttulus,Leopardus,Felidae,5,Crítico
1903,Leopardus guttulus,Leopardus guttulus,Leopardus guttulus,Leopardus guttulus,Leopardus guttulus,Leopardus guttulus,Leopardus guttulus,Leopardus guttulus,Leopardus guttulus,Leopardus guttulus,Leopardus guttulus,Leopardus guttulus,Leopardus,Felidae,5,Crítico
1904,Leopardus guttulus,Leopardus guttulus,Leopardus guttulus,Leopardus guttulus,Leopardus guttulus,Leopardus guttulus,Leopardus guttulus,Leopardus guttulus,Leopardus guttulus,Leopardus guttulus,Leopardus guttulus,Leopardus guttulus,Leopardus,Felidae,5,Crítico
1905,Leopardus guttulus,Leopardus wiedii,Leopardus guttulus,Leopardus wiedii,Leopardus wiedii,Leopardus guttulus,Leopardus guttulus,Leopardus guttulus,Leopardus guttulus,Leopardus guttulus,Leopardus guttulus,Leopardus wiedii,Leopardus,Felidae,5,Crítico
1906,Leopardus guttulus,Leopardus wiedii,Leopardus guttulus,Leopardus guttulus,Leopardus guttulus,Leopardus guttulus,Leopardus guttulus,Leopardus guttulus,Leopardus guttulus,Leopardus guttulus,Leopardus guttulus,Leopardus wiedii,Leopardus,Felidae,5,Crítico
1907,Leopardus guttulus,Leopardus guttulus,Leopardus guttulus,Herpailurus yagouaroundi,Leopardus guttulus,Leopardus guttulus,Leopardus guttulus,Leopardus guttulus,Leopardus guttulus,Leopardus guttulus,Leopardus guttulus,Leopardus guttulus,Leopardus,Felidae,5,Crítico
1908,Leopardus guttulus,Leopardus guttulus,Leopardus guttulus,Herpailurus yagouaroundi,Leopardus guttulus,Leopardus guttulus,Leopardus guttulus,Leopardus guttulus,Leopardus guttulus,Leopardus guttulus,Leopardus guttulus,Leopardus guttulus,Leopardus,Felidae,5,Crítico
1911,Leopardus guttulus,Leopardus guttulus,Leopardus guttulus,Leopardus guttulus,Leopardus guttulus,Leopardus guttulus,Leopardus guttulus,Leopardus guttulus,Leopardus guttulus,Leopardus guttulus,Leopardus guttulus,Leopardus guttulus,Leopardus,Felidae,5,Crítico
1912,Leopardus guttulus,Leopardus guttulus,Leopardus guttulus,Leopardus guttulus,Leopardus guttulus,Leopardus guttulus,Leopardus guttulus,Leopardus guttulus,Leopardus guttulus,Leopardus guttulus,Leopardus guttulus,Leopardus guttulus,Leopardus,Felidae,5,Crítico
1913,Leopardus guttulus,Leopardus guttulus,Leopardus guttulus,Leopardus guttulus,Leopardus guttulus,Leopardus guttulus,Leopardus guttulus,Leopardus guttulus,Leopardus guttulus,Leopardus guttulus,Leopardus guttulus,Leopardus guttulus,Leopardus,Felidae,5,Crítico
1917,Leopardus guttulus,Leopardus guttulus,Leopardus guttulus,Leopardus guttulus,Leopardus guttulus,Leopardus guttulus,Leopardus guttulus,Leopardus guttulus,Leopardus guttulus,Leopardus guttulus,Leopardus guttulus,Leopardus guttulus,Leopardus,Felidae,5,Crítico
1918,Leopardus guttulus,Leopardus guttulus,Leopardus pardalis,Leopardus guttulus,Leopardus guttulus,Leopardus guttulus,Leopardus guttulus,Leopardus guttulus,Leopardus pardalis,Leopardus pardalis,Leopardus pardalis,Leopardus guttulus,Leopardus,Felidae,5,Crítico
1919,Leopardus guttulus,Leopardus wiedii,Leopardus guttulus,Leopardus guttulus,Leopardus guttulus,Leopardus guttulus,Leopardus guttulus,Leopardus guttulus,Leopardus guttulus,Leopardus guttulus,Leopardus guttulus,Leopardus wiedii,Leopardus,Felidae,5,Crítico
1920,Leopardus guttulus,Leopardus guttulus,Leopardus guttulus,Leopardus guttulus,Leopardus guttulus,Leopardus guttulus,Leopardus guttulus,Leopardus guttulus,Leopardus guttulus,Leopardus guttulus,Leopardus guttulus,Leopardus guttulus,Leopardus,Felidae,5,Crítico
1921,Leopardus guttulus,Leopardus guttulus,Leopardus wiedii,Leopardus guttulus,Leopardus guttulus,Leopardus guttulus,Leopardus guttulus,Leopardus guttulus,Leopardus wiedii,Leopardus wiedii,Leopardus wiedii,Leopardus guttulus,Leopardus,Felidae,5,Crítico
1922,Leopardus guttulus,Leopardus guttulus,Leopardus wiedii,Leopardus wiedii,Leopardus guttulus,Leopardus guttulus,Leopardus guttulus,Leopardus guttulus,Leopardus wiedii,Leopardus wiedii,Leopardus wiedii,Leopardus guttulus,Leopardus,Felidae,5,Crítico
1923,Leopardus guttulus,Leopardus guttulus,Leopardus wiedii,Leopardus wiedii,Leopardus guttulus,Leopardus guttulus,Leopardus guttulus,Leopardus wiedii,Leopardus wiedii,Leopardus wiedii,Leopardus wiedii,Leopardus guttulus,Leopardus,Felidae,5,Crítico
1924,Leopardus guttulus,Leopardus guttulus,Leopardus guttulus,Herpailurus yagouaroundi,Herpailurus yagouaroundi,Leopardus guttulus,Leopardus guttulus,Leopardus guttulus,Leopardus guttulus,Leopardus guttulus,Leopardus guttulus,Leopardus guttulus,Leopardus,Felidae,5,Crítico
1925,Leopardus guttulus,Leopardus wiedii,Leopardus guttulus,Leopardus guttulus,Leopardus guttulus,Leopardus guttulus,Leopardus guttulus,Leopardus guttulus,Leopardus guttulus,Leopardus guttulus,Leopardus guttulus,Leopardus wiedii,Leopardus,Felidae,5,Crítico
1926,Leopardus guttulus,Leopardus guttulus,Leopardus guttulus,Leopardus guttulus,Leopardus guttulus,Leopardus guttulus,Leopardus guttulus,Leopardus guttulus,Leopardus guttulus,Leopardus guttulus,Leopardus guttulus,Leopardus guttulus,Leopardus,Felidae,5,Crítico
1927,Leopardus guttulus,Leopardus wiedii,Leopardus guttulus,Leopardus wiedii,Leopardus pardalis,Leopardus guttulus,Leopardus guttulus,Leopardus guttulus,Leopardus guttulus,Leopardus guttulus,Leopardus guttulus,Leopardus wiedii,Leopardus,Felidae,5,Crítico
1929,Leopardus guttulus,Leopardus wiedii,Leopardus wiedii,Leopardus wiedii,Leopardus guttulus,Leopardus wiedii,Leopardus guttulus,Leopardus wiedii,Leopardus wiedii,Leopardus wiedii,Leopardus wiedii,Leopardus wiedii,Leopardus,Felidae,5,Crítico
1930,Leopardus guttulus,Leopardus wiedii,Leopardus guttulus,Leopardus guttulus,Leopardus pardalis,Leopardus guttulus,Leopardus guttulus,Leopardus guttulus,Leopardus guttulus,Leopardus guttulus,Leopardus guttulus,Leopardus wiedii,Leopardus,Felidae,5,Crítico
1931,Leopardus guttulus,Leopardus guttulus,Leopardus guttulus,Leopardus guttulus,Leopardus guttulus,Leopardus guttulus,Leopardus guttulus,Leopardus guttulus,Leopardus guttulus,Leopardus guttulus,Leopardus guttulus,Leopardus guttulus,Leopardus,Felidae,5,Crítico
1932,Leopardus guttulus,Leopardus guttulus,Leopardus guttulus,Leopardus guttulus,Leopardus guttulus,Leopardus guttulus,Leopardus guttulus,Leopardus guttulus,Leopardus guttulus,Leopardus guttulus,Leopardus guttulus,Leopardus guttulus,Leopardus,Felidae,5,Crítico
1933,Leopardus guttulus,Leopardus wiedii,Leopardus guttulus,Leopardus guttulus,Leopardus guttulus,Leopardus guttulus,Leopardus guttulus,Leopardus guttulus,Leopardus guttulus,Leopardus guttulus,Leopardus guttulus,Leopardus wiedii,Leopardus,Felidae,5,Crítico
1934,Leopardus guttulus,Galictis cuja,Procyon cancrivorus,Herpailurus yagouaroundi,Cerdocyon thous,Leopardus guttulus,Leopardus guttulus,Leopardus guttulus,Procyon cancrivorus,Procyon cancrivorus,Procyon cancrivorus,Galictis cuja,Leopardus,Felidae,5,Crítico
1935,Leopardus guttulus,Leopardus pardalis,Leopardus guttulus,Leopardus guttulus,Leopardus guttulus,Leopardus guttulus,Leopardus guttulus,Leopardus guttulus,Leopardus guttulus,Leopardus guttulus,Leopardus guttulus,Leopardus pardalis,Leopardus,Felidae,5,Crítico
1936,Leopardus guttulus,Leopardus guttulus,Leopardus guttulus,Leopardus guttulus,Leopardus guttulus,Leopardus guttulus,Leopardus guttulus,Leopardus guttulus,Leopardus guttulus,Leopardus guttulus,Leopardus guttulus,Leopardus guttulus,Leopardus,Felidae,5,Crítico
1937,Leopardus guttulus,Leopardus guttulus,Leopardus guttulus,Leopardus guttulus,Leopardus guttulus,Leopardus guttulus,Leopardus guttulus,Leopardus guttulus,Leopardus guttulus,Leopardus guttulus,Leopardus guttulus,Leopardus guttulus,Leopardus,Felidae,5,Crítico
1938,Leopardus guttulus,Leopardus guttulus,Leopardus guttulus,Leopardus guttulus,Leopardus guttulus,Leopardus guttulus,Leopardus guttulus,Leopardus guttulus,Leopardus guttulus,Leopardus guttulus,Leopardus guttulus,Leopardus guttulus,Leopardus,Felidae,5,Crítico
1939,Leopardus pardalis,Leopardus guttulus,Leopardus pardalis,Leopardus guttulus,Leopardus guttulus,Leopardus guttulus,Leopardus guttulus,Leopardus guttulus,Leopardus pardalis,Leopardus pardalis,Leopardus pardalis,Leopardus guttulus,Leopardus,Felidae,3,Medio
1940,Leopardus pardalis,Leopardus pardalis,Leopardus pardalis,Leopardus guttulus,Leopardus guttulus,Leopardus guttulus,Leopardus guttulus,Leopardus guttulus,Leopardus pardalis,Leopardus pardalis,Leopardus pardalis,Leopardus pardalis,Leopardus,Felidae,3,Medio
1941,Leopardus pardalis,Leopardus pardalis,Leopardus pardalis,Leopardus guttulus,Leopardus guttulus,Leopardus guttulus,Leopardus guttulus,Leopardus guttulus,Leopardus pardalis,Leopardus pardalis,Leopardus pardalis,Leopardus pardalis,Leopardus,Felidae,3,Medio
1943,Leopardus pardalis,Leopardus wiedii,Leopardus guttulus,Didelphis albiventris,Leopardus guttulus,Leopardus guttulus,Leopardus guttulus,Leopardus wiedii,Leopardus guttulus,Leopardus guttulus,Leopardus guttulus,Leopardus wiedii,Leopardus,Felidae,3,Medio
1945,Leopardus pardalis,Sapajus nigritus,Leopardus pardalis,Alouatta guariba clamitans,Sapajus nigritus,Sapajus nigritus,Sapajus nigritus,Didelphis albiventris,Leopardus pardalis,Leopardus pardalis,Leopardus pardalis,Sapajus nigritus,Leopardus,Felidae,3,Medio
1946,Leopardus pardalis,Leopardus guttulus,Leopardus guttulus,Leopardus guttulus,Leopardus guttulus,Leopardus guttulus,Leopardus guttulus,Leopardus guttulus,Leopardus guttulus,Leopardus guttulus,Leopardus guttulus,Leopardus guttulus,Leopardus,Felidae,3,Medio
1947,Leopardus pardalis,Leopardus pardalis,Leopardus pardalis,Leopardus guttulus,Leopardus guttulus,Leopardus wiedii,Leopardus guttulus,Leopardus guttulus,Leopardus pardalis,Leopardus pardalis,Leopardus pardalis,Leopardus pardalis,Leopardus,Felidae,3,Medio
1948,Leopardus pardalis,Leopardus pardalis,Leopardus pardalis,Leopardus guttulus,Leopardus guttulus,Leopardus guttulus,Leopardus guttulus,Leopardus guttulus,Leopardus pardalis,Leopardus pardalis,Leopardus pardalis,Leopardus pardalis,Leopardus,Felidae,3,Medio
1949,Leopardus pardalis,Leopardus wiedii,Leopardus pardalis,Leopardus guttulus,Leopardus guttulus,Leopardus guttulus,Leopardus guttulus,Leopardus guttulus,Leopardus pardalis,Leopardus pardalis,Leopardus pardalis,Leopardus wiedii,Leopardus,Felidae,3,Medio
1950,Leopardus pardalis,Leopardus guttulus,Leopardus guttulus,Leopardus guttulus,Leopardus guttulus,Leopardus guttulus,Leopardus guttulus,Leopardus guttulus,Leopardus guttulus,Leopardus guttulus,Leopardus guttulus,Leopardus guttulus,Leopardus,Felidae,3,Medio
1951,Leopardus pardalis,Leopardus guttulus,Leopardus pardalis,Leopardus guttulus,Leopardus guttulus,Leopardus guttulus,Leopardus guttulus,Leopardus guttulus,Leopardus pardalis,Leopardus pardalis,Leopardus pardalis,Leopardus guttulus,Leopardus,Felidae,3,Medio
1952,Leopardus pardalis,Leopardus guttulus,Leopardus pardalis,Leopardus guttulus,Leopardus guttulus,Leopardus guttulus,Leopardus guttulus,Leopardus guttulus,Leopardus pardalis,Leopardus pardalis,Leopardus pardalis,Leopardus guttulus,Leopardus,Felidae,3,Medio
1954,Leopardus pardalis,Leopardus pardalis,Leopardus pardalis,Leopardus guttulus,Leopardus guttulus,Leopardus guttulus,Leopardus guttulus,Leopardus guttulus,Leopardus pardalis,Leopardus pardalis,Leopardus pardalis,Leopardus pardalis,Leopardus,Felidae,3,Medio
1955,Leopardus pardalis,Leopardus guttulus,Leopardus pardalis,Leopardus guttulus,Leopardus guttulus,Leopardus guttulus,Leopardus guttulus,Leopardus guttulus,Leopardus pardalis,Leopardus pardalis,Leopardus pardalis,Leopardus guttulus,Leopardus,Felidae,3,Medio
1957,Leopardus pardalis,Leopardus pardalis,Leopardus pardalis,Leopardus guttulus,Leopardus guttulus,Leopardus guttulus,Leopardus guttulus,Leopardus guttulus,Leopardus pardalis,Leopardus pardalis,Leopardus pardalis,Leopardus pardalis,Leopardus,Felidae,3,Medio
1958,Leopardus pardalis,Leopardus guttulus,Leopardus pardalis,Leopardus guttulus,Leopardus guttulus,Leopardus guttulus,Leopardus guttulus,Didelphis albiventris,Leopardus pardalis,Leopardus pardalis,Leopardus pardalis,Leopardus guttulus,Leopardus,Felidae,3,Medio
1959,Leopardus pardalis mitis,Leopardus guttulus,Leopardus wiedii,Herpailurus yagouaroundi,Leopardus guttulus,Leopardus guttulus,Leopardus guttulus,Leopardus wiedii,Leopardus wiedii,Leopardus wiedii,Leopardus wiedii,Leopardus guttulus,Leopardus,Felidae,3,Medio
1961,Leopardus wiedii,Leopardus wiedii,Leopardus guttulus,Leopardus guttulus,Leopardus guttulus,Leopardus guttulus,Leopardus guttulus,Leopardus guttulus,Leopardus guttulus,Leopardus guttulus,Leopardus guttulus,Leopardus wiedii,Leopardus,Felidae,3,Medio
1962,Leopardus wiedii,Leopardus guttulus,Leopardus guttulus,Leopardus guttulus,Leopardus guttulus,Leopardus guttulus,Leopardus guttulus,Leopardus guttulus,Leopardus guttulus,Leopardus guttulus,Leopardus guttulus,Leopardus guttulus,Leopardus,Felidae,3,Medio
1963,Leopardus wiedii,Leopardus wiedii,Leopardus guttulus,Leopardus guttulus,Leopardus guttulus,Leopardus guttulus,Leopardus guttulus,Leopardus guttulus,Leopardus guttulus,Leopardus guttulus,Leopardus guttulus,Leopardus wiedii,Leopardus,Felidae,3,Medio
1964,Leopardus wiedii,Leopardus pardalis,Leopardus pardalis,Leopardus guttulus,Leopardus guttulus,Leopardus guttulus,Leopardus guttulus,Leopardus guttulus,Leopardus pardalis,Leopardus pardalis,Leopardus pardalis,Leopardus pardalis,Leopardus,Felidae,3,Medio
1965,Leopardus wiedii,Leopardus pardalis mitis,Leopardus pardalis mitis,Leopardus pardalis,Leopardus wiedii,Leopardus guttulus,Leopardus guttulus,Leopardus guttulus,Leopardus pardalis mitis,Leopardus pardalis mitis,Leopardus pardalis mitis,Leopardus pardalis mitis,Leopardus,Felidae,3,Medio
1966,Leopardus wiedii,Leopardus pardalis mitis,Leopardus pardalis mitis,Leopardus wiedii,Leopardus wiedii,Panthera onca,Leopardus guttulus,Panthera onca,Leopardus pardalis mitis,Leopardus pardalis mitis,Leopardus pardalis mitis,Leopardus pardalis mitis,Leopardus,Felidae,3,Medio
1967,Leopardus wiedii,Leopardus wiedii,Leopardus pardalis mitis,Leopardus guttulus,Leopardus guttulus,Leopardus guttulus,Leopardus guttulus,Leopardus guttulus,Leopardus pardalis mitis,Leopardus pardalis mitis,Leopardus pardalis mitis,Leopardus pardalis mitis,Leopardus,Felidae,3,Medio
1968,Leopardus wiedii,Leopardus guttulus,Leopardus guttulus,Leopardus guttulus,Leopardus guttulus,Leopardus guttulus,Leopardus guttulus,Leopardus guttulus,Leopardus guttulus,Leopardus guttulus,Leopardus guttulus,Leopardus guttulus,Leopardus,Felidae,3,Medio
1969,Leopardus wiedii,Leopardus guttulus,Leopardus guttulus,Leopardus guttulus,Leopardus guttulus,Leopardus guttulus,Leopardus guttulus,Leopardus guttulus,Leopardus guttulus,Leopardus guttulus,Leopardus guttulus,Leopardus guttulus,Leopardus,Felidae,3,Medio
1971,Leopardus wiedii,Leopardus guttulus,Leopardus guttulus,Leopardus guttulus,Leopardus guttulus,Leopardus guttulus,Leopardus guttulus,Leopardus wiedii,Leopardus guttulus,Leopardus guttulus,Leopardus guttulus,Leopardus guttulus,Leopardus,Felidae,3,Medio
1972,Leopardus wiedii,Leopardus guttulus,Leopardus wiedii,Leopardus wiedii,Leopardus guttulus,Leopardus guttulus,Leopardus guttulus,Leopardus wiedii,Leopardus wiedii,Leopardus wiedii,Leopardus wiedii,Leopardus guttulus,Leopardus,Felidae,3,Medio
1973,Leopardus wiedii,Leopardus guttulus,Leopardus guttulus,Leopardus guttulus,Leopardus guttulus,Leopardus guttulus,Leopardus guttulus,Leopardus guttulus,Leopardus guttulus,Leopardus guttulus,Leopardus guttulus,Leopardus guttulus,Leopardus,Felidae,3,Medio
1974,Leopardus wiedii,Leopardus guttulus,Leopardus guttulus,Leopardus guttulus,Leopardus guttulus,Leopardus guttulus,Leopardus guttulus,Leopardus guttulus,Leopardus guttulus,Leopardus guttulus,Leopardus guttulus,Leopardus guttulus,Leopardus,Felidae,3,Medio
1976,Leopardus wiedii,Leopardus guttulus,Leopardus wiedii,Leopardus wiedii,Leopardus guttulus,Leopardus guttulus,Leopardus guttulus,Leopardus guttulus,Leopardus wiedii,Leopardus wiedii,Leopardus wiedii,Leopardus guttulus,Leopardus,Felidae,3,Medio
1977,Leopardus wiedii,Leopardus guttulus,Leopardus pardalis mitis,Leopardus guttulus,Leopardus guttulus,Leopardus guttulus,Leopardus guttulus,Leopardus guttulus,Leopardus pardalis mitis,Leopardus pardalis mitis,Leopardus pardalis mitis,Leopardus guttulus,Leopardus,Felidae,3,Medio
1978,Leopardus wiedii,Leopardus guttulus,Leopardus guttulus,Leopardus guttulus,Leopardus guttulus,Leopardus guttulus,Leopardus guttulus,Leopardus guttulus,Leopardus guttulus,Leopardus guttulus,Leopardus guttulus,Leopardus guttulus,Leopardus,Felidae,3,Medio
1979,Leopardus wiedii,Leopardus guttulus,Leopardus guttulus,Leopardus guttulus,Leopardus guttulus,Leopardus guttulus,Leopardus guttulus,Leopardus guttulus,Leopardus guttulus,Leopardus guttulus,Leopardus guttulus,Leopardus guttulus,Leopardus,Felidae,3,Medio
1980,Leopardus wiedii,Leopardus wiedii,Leopardus guttulus,Leopardus guttulus,Leopardus guttulus,Leopardus guttulus,Leopardus guttulus,Leopardus guttulus,Leopardus guttulus,Leopardus guttulus,Leopardus guttulus,Leopardus wiedii,Leopardus,Felidae,3,Medio
1982,Leopardus wiedii,Leopardus guttulus,Leopardus guttulus,Leopardus guttulus,Leopardus guttulus,Leopardus guttulus,Leopardus guttulus,Leopardus guttulus,Leopardus guttulus,Leopardus guttulus,Leopardus guttulus,Leopardus guttulus,Leopardus,Felidae,3,Medio
1983,Leopardus wiedii,Leopardus wiedii,Leopardus guttulus,Leopardus guttulus,Leopardus wiedii,Leopardus guttulus,Leopardus guttulus,Leopardus guttulus,Leopardus guttulus,Leopardus guttulus,Leopardus guttulus,Leopardus wiedii,Leopardus,Felidae,3,Medio
1984,Leopardus wiedii,Leopardus guttulus,Leopardus guttulus,Leopardus guttulus,Leopardus guttulus,Leopardus guttulus,Leopardus guttulus,Leopardus guttulus,Leopardus guttulus,Leopardus guttulus,Leopardus guttulus,Leopardus guttulus,Leopardus,Felidae,3,Medio
1985,Leopardus wiedii,Leopardus wiedii,Leopardus pardalis,Leopardus guttulus,Leopardus guttulus,Leopardus guttulus,Leopardus guttulus,Leopardus guttulus,Leopardus pardalis,Leopardus pardalis,Leopardus pardalis,Leopardus wiedii,Leopardus,Felidae,3,Medio
1986,Leopardus wiedii,Leopardus guttulus,Leopardus guttulus,Leopardus guttulus,Leopardus guttulus,Leopardus guttulus,Leopardus guttulus,Leopardus guttulus,Leopardus guttulus,Leopardus guttulus,Leopardus guttulus,Leopardus guttulus,Leopardus,Felidae,3,Medio
1987,Leopardus wiedii,Leopardus guttulus,Leopardus wiedii,Leopardus guttulus,Leopardus guttulus,Leopardus wiedii,Leopardus guttulus,Leopardus guttulus,Leopardus wiedii,Leopardus wiedii,Leopardus wiedii,Leopardus guttulus,Leopardus,Felidae,3,Medio
1988,Leopardus wiedii,Leopardus guttulus,Leopardus wiedii,Herpailurus yagouaroundi,Leopardus guttulus,Leopardus guttulus,Leopardus guttulus,Leopardus guttulus,Leopardus wiedii,Leopardus wiedii,Leopardus wiedii,Leopardus guttulus,Leopardus,Felidae,3,Medio
1990,Leopardus wiedii,Leopardus wiedii,Leopardus wiedii,Leopardus wiedii,Leopardus guttulus,Leopardus guttulus,Leopardus guttulus,Leopardus wiedii,Leopardus wiedii,Leopardus wiedii,Leopardus wiedii,Leopardus wiedii,Leopardus,Felidae,3,Medio
1992,Leopardus wiedii,Leopardus guttulus,Leopardus guttulus,Leopardus guttulus,Leopardus guttulus,Leopardus guttulus,Leopardus guttulus,Leopardus guttulus,Leopardus guttulus,Leopardus guttulus,Leopardus guttulus,Leopardus guttulus,Leopardus,Felidae,3,Medio
1993,Leopardus wiedii,Leopardus guttulus,Leopardus guttulus,Leopardus guttulus,Leopardus guttulus,Leopardus guttulus,Leopardus guttulus,Leopardus guttulus,Leopardus guttulus,Leopardus guttulus,Leopardus guttulus,Leopardus guttulus,Leopardus,Felidae,3,Medio
1994,Leopardus wiedii,Leopardus guttulus,Leopardus wiedii,Leopardus wiedii,Leopardus guttulus,Leopardus guttulus,Leopardus guttulus,Leopardus guttulus,Leopardus wiedii,Leopardus wiedii,Leopardus wiedii,Leopardus guttulus,Leopardus,Felidae,3,Medio
1995,Leopardus wiedii,Leopardus guttulus,Leopardus wiedii,Leopardus guttulus,Leopardus guttulus,Leopardus guttulus,Leopardus guttulus,Leopardus guttulus,Leopardus wiedii,Leopardus wiedii,Leopardus wiedii,Leopardus guttulus,Leopardus,Felidae,3,Medio
1996,Leopardus wiedii,Leopardus guttulus,Leopardus guttulus,Leopardus guttulus,Leopardus guttulus,Leopardus guttulus,Leopardus guttulus,Leopardus guttulus,Leopardus guttulus,Leopardus guttulus,Leopardus guttulus,Leopardus guttulus,Leopardus,Felidae,3,Medio
1997,Leopardus wiedii,Leopardus guttulus,Leopardus wiedii,Leopardus guttulus,Leopardus guttulus,Leopardus guttulus,Leopardus guttulus,Leopardus guttulus,Leopardus wiedii,Leopardus wiedii,Leopardus wiedii,Leopardus guttulus,Leopardus,Felidae,3,Medio
1998,Leopardus wiedii,Leopardus guttulus,Leopardus guttulus,Leopardus guttulus,Leopardus guttulus,Leopardus guttulus,Leopardus guttulus,Leopardus guttulus,Leopardus guttulus,Leopardus guttulus,Leopardus guttulus,Leopardus guttulus,Leopardus,Felidae,3,Medio
2000,Leopardus wiedii,Leopardus wiedii,Leopardus guttulus,Cuniculus paca,Leopardus guttulus,Leopardus guttulus,Leopardus guttulus,Leopardus wiedii,Leopardus guttulus,Leopardus guttulus,Leopardus guttulus,Leopardus wiedii,Leopardus,Felidae,3,Medio
2001,Leopardus wiedii,Leopardus guttulus,Leopardus wiedii,Leopardus guttulus,Leopardus guttulus,Leopardus guttulus,Leopardus guttulus,Leopardus guttulus,Leopardus wiedii,Leopardus wiedii,Leopardus wiedii,Leopardus guttulus,Leopardus,Felidae,3,Medio
2003,Leopardus wiedii,Leopardus wiedii,Leopardus wiedii,Leopardus wiedii,Leopardus guttulus,Leopardus guttulus,Leopardus guttulus,Leopardus guttulus,Leopardus wiedii,Leopardus wiedii,Leopardus wiedii,Leopardus wiedii,Leopardus,Felidae,3,Medio
2004,Leopardus wiedii,Leopardus wiedii,Leopardus guttulus,Leopardus guttulus,Leopardus guttulus,Leopardus guttulus,Leopardus guttulus,Leopardus wiedii,Leopardus guttulus,Leopardus guttulus,Leopardus guttulus,Leopardus wiedii,Leopardus,Felidae,3,Medio
2008,Panthera onca,Panthera onca,Panthera onca,Panthera onca,Panthera onca,Panthera onca,Panthera onca,Panthera onca,Panthera onca,Panthera onca,Panthera onca,Panthera onca,Panthera,Felidae,6,Crítico
2009,Panthera onca,Panthera onca,Panthera onca,Panthera onca,Panthera onca,Panthera onca,Panthera onca,Panthera onca,Panthera onca,Panthera onca,Panthera onca,Panthera onca,Panthera,Felidae,6,Crítico
2010,Panthera onca,Panthera onca,Panthera onca,Panthera onca,Panthera onca,Panthera onca,Panthera onca,Panthera onca,Panthera onca,Panthera onca,Panthera onca,Panthera onca,Panthera,Felidae,6,Crítico
2011,Panthera onca,Herpailurus yagouaroundi,Pecari tajacu,Pecari tajacu,Pecari tajacu,Lycalopex gymnocerca,Herpailurus yagouaroundi,Lycalopex gymnocerca,Pecari tajacu,Pecari tajacu,Pecari tajacu,Herpailurus yagouaroundi,Panthera,Felidae,6,Crítico
2013,Panthera onca,Leopardus wiedii,Sus scrofa,Herpailurus yagouaroundi,Herpailurus yagouaroundi,Leopardus guttulus,Leopardus guttulus,Leopardus guttulus,Sus scrofa,Sus scrofa,Sus scrofa,Leopardus wiedii,Panthera,Felidae,6,Crítico
2014,Panthera onca,Panthera onca,Leopardus guttulus,Panthera onca,Panthera onca,Panthera onca,Panthera onca,Panthera onca,Leopardus guttulus,Leopardus guttulus,Leopardus guttulus,Panthera onca,Panthera,Felidae,6,Crítico
2015,Panthera onca,Panthera onca,Panthera onca,Panthera onca,Panthera onca,Panthera onca,Panthera onca,Panthera onca,Panthera onca,Panthera onca,Panthera onca,Panthera onca,Panthera,Felidae,6,Crítico
2016,Panthera onca,Panthera onca,Panthera onca,Panthera onca,Leopardus wiedii,Panthera onca,Panthera onca,Panthera onca,Panthera onca,Panthera onca,Panthera onca,Panthera onca,Panthera,Felidae,6,Crítico
2017,Panthera onca,Panthera onca,Panthera onca,Panthera onca,Panthera onca,Panthera onca,Leopardus guttulus,Panthera onca,Panthera onca,Panthera onca,Panthera onca,Panthera onca,Panthera,Felidae,6,Crítico
2018,Panthera onca,Panthera onca,Panthera onca,Panthera onca,Panthera onca,Panthera onca,Panthera onca,Panthera onca,Panthera onca,Panthera onca,Panthera onca,Panthera onca,Panthera,Felidae,6,Crítico
2019,Panthera onca,Panthera onca,Panthera onca,Panthera onca,Panthera onca,Panthera onca,Panthera onca,Panthera onca,Panthera onca,Panthera onca,Panthera onca,Panthera onca,Panthera,Felidae,6,Crítico
2020,Panthera onca,Panthera onca,Panthera onca,Panthera onca,Panthera onca,Panthera onca,Panthera onca,Panthera onca,Panthera onca,Panthera onca,Panthera onca,Panthera onca,Panthera,Felidae,6,Crítico
2021,Panthera onca,Panthera onca,Panthera onca,Panthera onca,Panthera onca,Panthera onca,Panthera onca,Panthera onca,Panthera onca,Panthera onca,Panthera onca,Panthera onca,Panthera,Felidae,6,Crítico
2022,Panthera onca,Panthera onca,Panthera onca,Panthera onca,Panthera onca,Panthera onca,Panthera onca,Panthera onca,Panthera onca,Panthera onca,Panthera onca,Panthera onca,Panthera,Felidae,6,Crítico
2023,Panthera onca,Panthera onca,Panthera onca,Panthera onca,Panthera onca,Panthera onca,Panthera onca,Panthera onca,Panthera onca,Panthera onca,Panthera onca,Panthera onca,Panthera,Felidae,6,Crítico
2025,Panthera onca,Panthera onca,Panthera onca,Panthera onca,Leopardus wiedii,Panthera onca,Panthera onca,Panthera onca,Panthera onca,Panthera onca,Panthera onca,Panthera onca,Panthera,Felidae,6,Crítico
2026,Panthera onca,Panthera onca,Leopardus pardalis,Panthera onca,Panthera onca,Panthera onca,Panthera onca,Panthera onca,Leopardus pardalis,Leopardus pardalis,Leopardus pardalis,Panthera onca,Panthera,Felidae,6,Crítico
2027,Panthera onca,Panthera onca,Panthera onca,Panthera onca,Panthera onca,Panthera onca,Panthera onca,Panthera onca,Panthera onca,Panthera onca,Panthera onca,Panthera onca,Panthera,Felidae,6,Crítico
2028,Panthera onca,Panthera onca,Panthera onca,Panthera onca,Panthera onca,Panthera onca,Panthera onca,Panthera onca,Panthera onca,Panthera onca,Panthera onca,Panthera onca,Panthera,Felidae,6,Crítico
2029,Panthera onca,Panthera onca,Panthera onca,Panthera onca,Panthera onca,Panthera onca,Panthera onca,Panthera onca,Panthera onca,Panthera onca,Panthera onca,Panthera onca,Panthera,Felidae,6,Crítico
2030,Panthera onca,Panthera onca,Panthera onca,Panthera onca,Panthera onca,Panthera onca,Leopardus guttulus,Panthera onca,Panthera onca,Panthera onca,Panthera onca,Panthera onca,Panthera,Felidae,6,Crítico
2031,Panthera onca,Panthera onca,Panthera onca,Panthera onca,Panthera onca,Panthera onca,Panthera onca,Panthera onca,Panthera onca,Panthera onca,Panthera onca,Panthera onca,Panthera,Felidae,6,Crítico
2032,Panthera onca,Panthera onca,Panthera onca,Panthera onca,Panthera onca,Panthera onca,Panthera onca,Panthera onca,Panthera onca,Panthera onca,Panthera onca,Panthera onca,Panthera,Felidae,6,Crítico
2033,Panthera onca,Panthera onca,Panthera onca,Panthera onca,Panthera onca,Panthera onca,Panthera onca,Panthera onca,Panthera onca,Panthera onca,Panthera onca,Panthera onca,Panthera,Felidae,6,Crítico
2034,Panthera onca,Tayassu pecari,Panthera onca,Panthera onca,Dasyprocta azarae,Sus scrofa,Cerdocyon thous,Eira barbara,Panthera onca,Panthera onca,Panthera onca,Tayassu pecari,Panthera,Felidae,6,Crítico
2036,Panthera onca,Panthera onca,Panthera onca,Panthera onca,Panthera onca,Panthera onca,Panthera onca,Panthera onca,Panthera onca,Panthera onca,Panthera onca,Panthera onca,Panthera,Felidae,6,Crítico
2037,Panthera onca,Panthera onca,Leopardus guttulus,Panthera onca,Panthera onca,Panthera onca,Panthera onca,Panthera onca,Leopardus guttulus,Leopardus guttulus,Leopardus guttulus,Panthera onca,Panthera,Felidae,6,Crítico
2038,Panthera onca,Panthera onca,Lycalopex gymnocerca,Leopardus guttulus,Hydrochoerus hydrochaeris,Panthera onca,Leopardus guttulus,Sus scrofa,Lycalopex gymnocerca,Lycalopex gymnocerca,Lycalopex gymnocerca,Panthera onca,Panthera,Felidae,6,Crítico
2042,Puma concolor,Puma concolor,Puma concolor,Puma concolor,Puma concolor,Puma concolor,Leopardus guttulus,Leopardus wiedii,Puma concolor,Puma concolor,Puma concolor,Puma concolor,Puma,Felidae,2,Bajo
2044,Puma concolor,Leopardus wiedii,Leopardus wiedii,Herpailurus yagouaroundi,Cerdocyon thous,Cerdocyon thous,Cerdocyon thous,Cerdocyon thous,Leopardus wiedii,Leopardus wiedii,Leopardus wiedii,Leopardus wiedii,Puma,Felidae,2,Bajo
2045,Puma concolor,Puma concolor,Dasyprocta azarae,Dasyprocta azarae,Puma concolor,Puma concolor,Leopardus guttulus,Leopardus guttulus,Dasyprocta azarae,Dasyprocta azarae,Dasyprocta azarae,Puma concolor,Puma,Felidae,2,Bajo
2046,Puma concolor,Puma concolor,Puma concolor,Dasyprocta azarae,Puma concolor,Puma concolor concolor,Leopardus guttulus,Leopardus guttulus,Puma concolor,Puma concolor,Puma concolor,Puma concolor,Puma,Felidae,2,Bajo
2047,Puma concolor,Puma concolor,Puma concolor,Puma concolor,Puma concolor,Herpailurus yagouaroundi,Leopardus guttulus,Leopardus guttulus,Puma concolor,Puma concolor,Puma concolor,Puma concolor,Puma,Felidae,2,Bajo
2048,Puma concolor,Puma concolor,Sapajus nigritus,Nasua nasua,Herpailurus yagouaroundi,Puma concolor,Sapajus nigritus,Hydrochoerus hydrochaeris,Sapajus nigritus,Sapajus nigritus,Sapajus nigritus,Puma concolor,Puma,Felidae,2,Bajo
2049,Puma concolor,Puma concolor,Puma concolor,Puma concolor,Puma concolor,Puma concolor,Leopardus guttulus,Herpailurus yagouaroundi,Puma concolor,Puma concolor,Puma concolor,Puma concolor,Puma,Felidae,2,Bajo
2051,Puma concolor,Puma concolor concolor,Herpailurus yagouaroundi,Herpailurus yagouaroundi,Didelphis aurita,Herpailurus yagouaroundi,Leopardus guttulus,Herpailurus yagouaroundi,Herpailurus yagouaroundi,Herpailurus yagouaroundi,Herpailurus yagouaroundi,Puma concolor concolor,Puma,Felidae,2,Bajo
2052,Puma concolor,Herpailurus yagouaroundi,Herpailurus yagouaroundi,Herpailurus yagouaroundi,Herpailurus yagouaroundi,Herpailurus yagouaroundi,Leopardus guttulus,Herpailurus yagouaroundi,Herpailurus yagouaroundi,Herpailurus yagouaroundi,Herpailurus yagouaroundi,Herpailurus yagouaroundi,Puma,Felidae,2,Bajo
2053,Puma concolor,Puma concolor,Puma concolor,Puma concolor,Puma concolor,Puma concolor,Leopardus guttulus,Leopardus wiedii,Puma concolor,Puma concolor,Puma concolor,Puma concolor,Puma,Felidae,2,Bajo
2054,Puma concolor,Puma concolor,Puma concolor,Puma concolor,Puma concolor,Puma concolor,Cerdocyon thous,Puma concolor,Puma concolor,Puma concolor,Puma concolor,Puma concolor,Puma,Felidae,2,Bajo
2055,Puma concolor,Puma concolor,Puma concolor,Puma concolor,Puma concolor,Puma concolor,Leopardus guttulus,Puma concolor,Puma concolor,Puma concolor,Puma concolor,Puma concolor,Puma,Felidae,2,Bajo
2056,Puma concolor,Puma concolor,Myrmecophaga tridactyla,Myrmecophaga tridactyla,Myrmecophaga tridactyla,Myrmecophaga tridactyla,Myrmecophaga tridactyla,Myrmecophaga tridactyla,Myrmecophaga tridactyla,Myrmecophaga tridactyla,Myrmecophaga tridactyla,Puma concolor,Puma,Felidae,2,Bajo
2059,Puma concolor concolor,Puma concolor,Puma concolor,Puma concolor,Puma concolor,Cerdocyon thous,Leopardus guttulus,Cerdocyon thous,Puma concolor,Puma concolor,Puma concolor,Puma concolor,Puma,Felidae,2,Bajo
2061,Puma concolor concolor,Puma concolor concolor,Herpailurus yagouaroundi,Herpailurus yagouaroundi,Didelphis aurita,Puma concolor concolor,Leopardus guttulus,Tamandua tetradactyla,Herpailurus yagouaroundi,Herpailurus yagouaroundi,Herpailurus yagouaroundi,Puma concolor concolor,Puma,Felidae,2,Bajo
2062,Puma concolor concolor,Puma concolor,Puma concolor,Panthera onca,Panthera onca,Puma concolor,Leopardus guttulus,Leopardus guttulus,Puma concolor,Puma concolor,Puma concolor,Puma concolor,Puma,Felidae,2,Bajo
2063,Chamaeza campanisona,Chamaeza campanisona,Chamaeza campanisona,Chamaeza campanisona,Chamaeza campanisona,Chamaeza campanisona,Chamaeza campanisona,Chamaeza campanisona,Chamaeza campanisona,Chamaeza campanisona,Chamaeza campanisona,Chamaeza campanisona,Chamaeza,Formicariidae,1,Bajo
2065,Chamaeza campanisona,Chamaeza campanisona,Chamaeza campanisona,Chamaeza campanisona,Chamaeza campanisona,Chamaeza campanisona,Chamaeza campanisona,Chamaeza campanisona,Chamaeza campanisona,Chamaeza campanisona,Chamaeza campanisona,Chamaeza campanisona,Chamaeza,Formicariidae,1,Bajo
2066,Chamaeza campanisona,Odontophorus capueira,Crypturellus tataupa,Odontophorus capueira,Odontophorus capueira,Nothura maculosa,Odontophorus capueira,Odontophorus capueira,Crypturellus tataupa,Crypturellus tataupa,Crypturellus tataupa,Odontophorus capueira,Chamaeza,Formicariidae,1,Bajo
2067,Chamaeza campanisona,Chamaeza campanisona,Chamaeza campanisona,Chamaeza campanisona,Chamaeza campanisona,Chamaeza campanisona,Turdus albicollis,Sporophila pileata,Chamaeza campanisona,Chamaeza campanisona,Chamaeza campanisona,Chamaeza campanisona,Chamaeza,Formicariidae,1,Bajo
2068,Chamaeza campanisona,Turdus rufiventris,Aramides saracura,Aramides saracura,Aramides saracura,Myiothlypis leucoblephara,Myiothlypis leucoblephara,Baryphthengus ruficapillus,Aramides saracura,Aramides saracura,Aramides saracura,Turdus rufiventris,Chamaeza,Formicariidae,1,Bajo
2070,Chamaeza campanisona,Grallaria varia,Grallaria varia,Chamaeza campanisona,Chamaeza campanisona,Chamaeza campanisona,Turdus albicollis,Turdus albicollis,Grallaria varia,Grallaria varia,Grallaria varia,Grallaria varia,Chamaeza,Formicariidae,1,Bajo
2072,Chamaeza campanisona,Cryptopezus nattereri,Cryptopezus nattereri,Cryptopezus nattereri,Chamaeza campanisona,Chamaeza campanisona,Turdus albicollis,Cryptopezus nattereri,Cryptopezus nattereri,Cryptopezus nattereri,Cryptopezus nattereri,Cryptopezus nattereri,Chamaeza,Formicariidae,1,Bajo
2073,Chamaeza campanisona,Chamaeza campanisona,Chamaeza campanisona,Chamaeza campanisona,Chamaeza campanisona,Chamaeza campanisona,Chamaeza campanisona,Chamaeza campanisona,Chamaeza campanisona,Chamaeza campanisona,Chamaeza campanisona,Chamaeza campanisona,Chamaeza,Formicariidae,1,Bajo
2074,Chamaeza campanisona,Chamaeza campanisona,Chamaeza campanisona,Chamaeza campanisona,Chamaeza campanisona,Chamaeza campanisona,Chamaeza campanisona,Chamaeza campanisona,Chamaeza campanisona,Chamaeza campanisona,Chamaeza campanisona,Chamaeza campanisona,Chamaeza,Formicariidae,1,Bajo
2075,Chamaeza campanisona,Chamaeza campanisona,Chamaeza campanisona,Chamaeza campanisona,Chamaeza campanisona,Chamaeza campanisona,Chamaeza campanisona,Chamaeza campanisona,Chamaeza campanisona,Chamaeza campanisona,Chamaeza campanisona,Chamaeza campanisona,Chamaeza,Formicariidae,1,Bajo
2076,Chamaeza campanisona,Chamaeza campanisona,Cryptopezus nattereri,Chamaeza campanisona,Chamaeza campanisona,Chamaeza campanisona,Chamaeza campanisona,Chamaeza campanisona,Cryptopezus nattereri,Cryptopezus nattereri,Cryptopezus nattereri,Chamaeza campanisona,Chamaeza,Formicariidae,1,Bajo
2077,Chamaeza campanisona,Chamaeza campanisona,Chamaeza campanisona,Chamaeza campanisona,Chamaeza campanisona,Chamaeza campanisona,Chamaeza campanisona,Chamaeza campanisona,Chamaeza campanisona,Chamaeza campanisona,Chamaeza campanisona,Chamaeza campanisona,Chamaeza,Formicariidae,1,Bajo
2078,Chamaeza campanisona,Chamaeza campanisona,Chamaeza campanisona,Chamaeza campanisona,Chamaeza campanisona,Chamaeza campanisona,Chamaeza campanisona,Aramides saracura,Chamaeza campanisona,Chamaeza campanisona,Chamaeza campanisona,Chamaeza campanisona,Chamaeza,Formicariidae,1,Bajo
2080,Chamaeza campanisona,Chamaeza campanisona,Myiothlypis leucoblephara,Myiothlypis leucoblephara,Chamaeza campanisona,Chamaeza campanisona,Myiothlypis leucoblephara,Myiothlypis leucoblephara,Myiothlypis leucoblephara,Myiothlypis leucoblephara,Myiothlypis leucoblephara,Chamaeza campanisona,Chamaeza,Formicariidae,1,Bajo
2081,Chamaeza campanisona,Chamaeza campanisona,Chamaeza campanisona,Chamaeza campanisona,Chamaeza campanisona,Chamaeza campanisona,Chamaeza campanisona,Aramides saracura,Chamaeza campanisona,Chamaeza campanisona,Chamaeza campanisona,Chamaeza campanisona,Chamaeza,Formicariidae,1,Bajo
2082,Chamaeza campanisona,Chamaeza campanisona,Chamaeza campanisona,Chamaeza campanisona,Chamaeza campanisona,Chamaeza campanisona,Conopophaga lineata,Chamaeza campanisona,Chamaeza campanisona,Chamaeza campanisona,Chamaeza campanisona,Cryptopezus nattereri,Chamaeza,Formicariidae,1,Bajo
2083,Chamaeza campanisona,Turdus albicollis,Turdus albicollis,Turdus albicollis,Turdus albicollis,Hypoedaleus guttatus,Turdus albicollis,Hypoedaleus guttatus,Turdus albicollis,Turdus albicollis,Turdus albicollis,Turdus albicollis,Chamaeza,Formicariidae,1,Bajo
2084,Chamaeza campanisona,Chamaeza campanisona,Chamaeza campanisona,Chamaeza campanisona,Chamaeza campanisona,Chamaeza campanisona,Chamaeza campanisona,Chamaeza campanisona,Chamaeza campanisona,Chamaeza campanisona,Chamaeza campanisona,Cryptopezus nattereri,Chamaeza,Formicariidae,1,Bajo
2085,Chamaeza campanisona,Chamaeza campanisona,Chamaeza campanisona,Chamaeza campanisona,Chamaeza campanisona,Chamaeza campanisona,Chamaeza campanisona,Hypoedaleus guttatus,Chamaeza campanisona,Chamaeza campanisona,Chamaeza campanisona,Chamaeza campanisona,Chamaeza,Formicariidae,1,Bajo
2086,Chamaeza campanisona,Chamaeza campanisona,Grallaria varia,Chamaeza campanisona,Chamaeza campanisona,Chamaeza campanisona,Turdus albicollis,Turdus albicollis,Grallaria varia,Grallaria varia,Grallaria varia,Chamaeza campanisona,Chamaeza,Formicariidae,1,Bajo
2087,Chamaeza campanisona,Chamaeza campanisona,Chamaeza campanisona,Chamaeza campanisona,Chamaeza campanisona,Chamaeza campanisona,Chamaeza campanisona,Chamaeza campanisona,Chamaeza campanisona,Chamaeza campanisona,Chamaeza campanisona,Chamaeza campanisona,Chamaeza,Formicariidae,1,Bajo
2089,Chamaeza campanisona,Chamaeza campanisona,Chamaeza campanisona,Chamaeza campanisona,Chamaeza campanisona,Chamaeza campanisona,Chamaeza campanisona,Hypoedaleus guttatus,Chamaeza campanisona,Chamaeza campanisona,Chamaeza campanisona,Chamaeza campanisona,Chamaeza,Formicariidae,1,Bajo
2090,Chamaeza campanisona,Cuniculus paca,Dasyprocta azarae,Aramides saracura,Aramides saracura,Salvator merianae,Eira barbara,Galictis cuja,Dasyprocta azarae,Dasyprocta azarae,Dasyprocta azarae,Cuniculus paca,Chamaeza,Formicariidae,1,Bajo
2092,Chamaeza campanisona,Chamaeza campanisona,Chamaeza campanisona,Chamaeza campanisona,Chamaeza campanisona,Chamaeza campanisona,Chamaeza campanisona,Chamaeza campanisona,Chamaeza campanisona,Chamaeza campanisona,Chamaeza campanisona,Chamaeza campanisona,Chamaeza,Formicariidae,1,Bajo
2093,Chamaeza campanisona,Cryptopezus nattereri,Cryptopezus nattereri,Cryptopezus nattereri,Chamaeza campanisona,Chamaeza campanisona,Chamaeza campanisona,Cryptopezus nattereri,Cryptopezus nattereri,Cryptopezus nattereri,Cryptopezus nattereri,Cryptopezus nattereri,Chamaeza,Formicariidae,1,Bajo
2095,Chamaeza campanisona,Chamaeza campanisona,Hypoedaleus guttatus,Nyctidromus albicollis,Chamaeza campanisona,Hypoedaleus guttatus,Hydropsalis torquata,Hydropsalis torquata,Hypoedaleus guttatus,Hypoedaleus guttatus,Hypoedaleus guttatus,Chamaeza campanisona,Chamaeza,Formicariidae,1,Bajo
2096,Chamaeza campanisona,Grallaria varia,Pyriglena leucoptera,Conopophaga lineata,Conopophaga lineata,Chamaeza campanisona,Pyriglena leucoptera,Hypoedaleus guttatus,Pyriglena leucoptera,Pyriglena leucoptera,Pyriglena leucoptera,Grallaria varia,Chamaeza,Formicariidae,1,Bajo
2097,Chamaeza campanisona,Chamaeza campanisona,Chamaeza campanisona,Chamaeza campanisona,Chamaeza campanisona,Chamaeza campanisona,Turdus albicollis,Pipile jacutinga,Chamaeza campanisona,Chamaeza campanisona,Chamaeza campanisona,Chamaeza campanisona,Chamaeza,Formicariidae,1,Bajo
2098,Chamaeza campanisona,Chamaeza campanisona,Chamaeza campanisona,Chamaeza campanisona,Chamaeza campanisona,Chamaeza campanisona,Chamaeza campanisona,Turdus albicollis,Chamaeza campanisona,Chamaeza campanisona,Chamaeza campanisona,Chamaeza campanisona,Chamaeza,Formicariidae,1,Bajo
2099,Chamaeza campanisona,Chamaeza campanisona,Chamaeza campanisona,Chamaeza campanisona,Chamaeza campanisona,Chamaeza campanisona,Chamaeza campanisona,Chamaeza campanisona,Chamaeza campanisona,Chamaeza campanisona,Chamaeza campanisona,Chamaeza campanisona,Chamaeza,Formicariidae,1,Bajo
2100,Chamaeza campanisona,Chamaeza campanisona,Chamaeza campanisona,Chamaeza campanisona,Chamaeza campanisona,Chamaeza campanisona,Chamaeza campanisona,Chamaeza campanisona,Chamaeza campanisona,Chamaeza campanisona,Chamaeza campanisona,Chamaeza campanisona,Chamaeza,Formicariidae,1,Bajo
2101,Chamaeza campanisona,Hypoedaleus guttatus,Hypoedaleus guttatus,Hypoedaleus guttatus,Hypoedaleus guttatus,Hypoedaleus guttatus,Hypoedaleus guttatus,Hypoedaleus guttatus,Hypoedaleus guttatus,Hypoedaleus guttatus,Hypoedaleus guttatus,Hypoedaleus guttatus,Chamaeza,Formicariidae,1,Bajo
2102,Synallaxis ruficapilla,Synallaxis ruficapilla,Synallaxis ruficapilla,Synallaxis ruficapilla,Synallaxis ruficapilla,Synallaxis ruficapilla,Synallaxis ruficapilla,Synallaxis ruficapilla,Synallaxis ruficapilla,Synallaxis ruficapilla,Synallaxis ruficapilla,Synallaxis ruficapilla,Synallaxis,Furnariidae,3,Medio
2103,Synallaxis ruficapilla,Synallaxis ruficapilla,Conopophaga lineata,Conopophaga lineata,Synallaxis ruficapilla,Synallaxis ruficapilla,Synallaxis ruficapilla,Synallaxis ruficapilla,Conopophaga lineata,Conopophaga lineata,Conopophaga lineata,Synallaxis ruficapilla,Synallaxis,Furnariidae,3,Medio
2104,Synallaxis ruficapilla,Synallaxis ruficapilla,Synallaxis ruficapilla,Synallaxis ruficapilla,Synallaxis ruficapilla,Synallaxis ruficapilla,Synallaxis ruficapilla,Synallaxis ruficapilla,Synallaxis ruficapilla,Synallaxis ruficapilla,Synallaxis ruficapilla,Synallaxis ruficapilla,Synallaxis,Furnariidae,3,Medio
2105,Synallaxis ruficapilla,Synallaxis ruficapilla,Synallaxis ruficapilla,Synallaxis ruficapilla,Synallaxis ruficapilla,Synallaxis ruficapilla,Synallaxis ruficapilla,Synallaxis ruficapilla,Synallaxis ruficapilla,Synallaxis ruficapilla,Synallaxis ruficapilla,Synallaxis ruficapilla,Synallaxis,Furnariidae,3,Medio
2107,Synallaxis ruficapilla,Pyriglena leucoptera,Habia rubica,Conopophaga lineata vulgaris,Habia rubica,Habia rubica,Habia rubica,Tachyphonus coronatus,Habia rubica,Habia rubica,Habia rubica,Pyriglena leucoptera,Synallaxis,Furnariidae,3,Medio
2108,Synallaxis ruficapilla,Synallaxis ruficapilla,Synallaxis ruficapilla,Synallaxis ruficapilla,Synallaxis ruficapilla,Synallaxis ruficapilla,Synallaxis ruficapilla,Pyriglena leucoptera,Synallaxis ruficapilla,Synallaxis ruficapilla,Synallaxis ruficapilla,Synallaxis ruficapilla,Synallaxis,Furnariidae,3,Medio
2110,Synallaxis ruficapilla,Conopophaga lineata vulgaris,Synallaxis ruficapilla,Biatas nigropectus,Synallaxis ruficapilla,Biatas nigropectus,Synallaxis ruficapilla,Pyriglena leucoptera,Synallaxis ruficapilla,Synallaxis ruficapilla,Synallaxis ruficapilla,Conopophaga lineata vulgaris,Synallaxis,Furnariidae,3,Medio
2112,Synallaxis ruficapilla,Synallaxis ruficapilla,Synallaxis ruficapilla,Synallaxis ruficapilla,Synallaxis ruficapilla,Synallaxis ruficapilla,Synallaxis ruficapilla,Synallaxis ruficapilla,Synallaxis ruficapilla,Synallaxis ruficapilla,Synallaxis ruficapilla,Synallaxis ruficapilla,Synallaxis,Furnariidae,3,Medio
2114,Synallaxis ruficapilla,Synallaxis ruficapilla,Synallaxis ruficapilla,Synallaxis ruficapilla,Synallaxis ruficapilla,Synallaxis ruficapilla,Synallaxis ruficapilla,Synallaxis ruficapilla,Synallaxis ruficapilla,Synallaxis ruficapilla,Synallaxis ruficapilla,Synallaxis ruficapilla,Synallaxis,Furnariidae,3,Medio
2115,Synallaxis ruficapilla,Synallaxis ruficapilla,Synallaxis ruficapilla,Synallaxis ruficapilla,Synallaxis ruficapilla,Synallaxis ruficapilla,Synallaxis ruficapilla,Synallaxis ruficapilla,Synallaxis ruficapilla,Synallaxis ruficapilla,Synallaxis ruficapilla,Synallaxis ruficapilla,Synallaxis,Furnariidae,3,Medio
2116,Synallaxis ruficapilla,Synallaxis ruficapilla,Synallaxis ruficapilla,Synallaxis ruficapilla,Synallaxis ruficapilla,Synallaxis ruficapilla,Synallaxis ruficapilla,Synallaxis ruficapilla,Synallaxis ruficapilla,Synallaxis ruficapilla,Synallaxis ruficapilla,Synallaxis ruficapilla,Synallaxis,Furnariidae,3,Medio
2118,Synallaxis ruficapilla,Synallaxis ruficapilla,Synallaxis ruficapilla,Synallaxis ruficapilla,Synallaxis ruficapilla,Synallaxis ruficapilla,Synallaxis ruficapilla,Synallaxis ruficapilla,Synallaxis ruficapilla,Synallaxis ruficapilla,Synallaxis ruficapilla,Synallaxis ruficapilla,Synallaxis,Furnariidae,3,Medio
2119,Synallaxis ruficapilla,Synallaxis ruficapilla,Synallaxis ruficapilla,Synallaxis ruficapilla,Synallaxis ruficapilla,Synallaxis ruficapilla,Synallaxis ruficapilla,Synallaxis ruficapilla,Synallaxis ruficapilla,Synallaxis ruficapilla,Synallaxis ruficapilla,Synallaxis ruficapilla,Synallaxis,Furnariidae,3,Medio
2122,Synallaxis ruficapilla,Synallaxis ruficapilla,Synallaxis ruficapilla,Synallaxis ruficapilla,Synallaxis ruficapilla,Synallaxis ruficapilla,Synallaxis ruficapilla,Synallaxis ruficapilla,Synallaxis ruficapilla,Synallaxis ruficapilla,Synallaxis ruficapilla,Synallaxis ruficapilla,Synallaxis,Furnariidae,3,Medio
2123,Synallaxis ruficapilla,Synallaxis ruficapilla,Synallaxis ruficapilla,Synallaxis ruficapilla,Synallaxis ruficapilla,Synallaxis ruficapilla,Synallaxis ruficapilla,Synallaxis ruficapilla,Synallaxis ruficapilla,Synallaxis ruficapilla,Synallaxis ruficapilla,Synallaxis ruficapilla,Synallaxis,Furnariidae,3,Medio
2124,Synallaxis ruficapilla,Conopophaga lineata vulgaris,Conopophaga lineata vulgaris,Conopophaga lineata vulgaris,Conopophaga lineata vulgaris,Chamaeza campanisona,Pyriglena leucoptera,Pyriglena leucoptera,Conopophaga lineata vulgaris,Conopophaga lineata vulgaris,Conopophaga lineata vulgaris,Conopophaga lineata vulgaris,Synallaxis,Furnariidae,3,Medio
2125,Synallaxis ruficapilla,Synallaxis ruficapilla,Synallaxis ruficapilla,Synallaxis ruficapilla,Synallaxis ruficapilla,Synallaxis ruficapilla,Synallaxis ruficapilla,Synallaxis ruficapilla,Synallaxis ruficapilla,Synallaxis ruficapilla,Synallaxis ruficapilla,Synallaxis ruficapilla,Synallaxis,Furnariidae,3,Medio
2126,Synallaxis ruficapilla,Synallaxis ruficapilla,Synallaxis ruficapilla,Synallaxis ruficapilla,Synallaxis ruficapilla,Synallaxis ruficapilla,Synallaxis ruficapilla,Synallaxis ruficapilla,Synallaxis ruficapilla,Synallaxis ruficapilla,Synallaxis ruficapilla,Synallaxis ruficapilla,Synallaxis,Furnariidae,3,Medio
2127,Synallaxis ruficapilla,Synallaxis ruficapilla,Habia rubica,Synallaxis ruficapilla,Synallaxis ruficapilla,Synallaxis ruficapilla,Synallaxis ruficapilla,Synallaxis ruficapilla,Habia rubica,Habia rubica,Habia rubica,Synallaxis ruficapilla,Synallaxis,Furnariidae,3,Medio
2128,Synallaxis ruficapilla,Didelphis albiventris,Sapajus nigritus,Leopardus pardalis,Alouatta guariba,Didelphis aurita,Hypoedaleus guttatus,Brotogeris chiriri,Sapajus nigritus,Sapajus nigritus,Sapajus nigritus,Sapajus nigritus,Synallaxis,Furnariidae,3,Medio
2129,Synallaxis ruficapilla,Synallaxis ruficapilla,Synallaxis ruficapilla,Synallaxis ruficapilla,Synallaxis ruficapilla,Synallaxis ruficapilla,Synallaxis ruficapilla,Synallaxis ruficapilla,Synallaxis ruficapilla,Synallaxis ruficapilla,Synallaxis ruficapilla,Synallaxis ruficapilla,Synallaxis,Furnariidae,3,Medio
2130,Synallaxis ruficapilla,Synallaxis ruficapilla,Synallaxis ruficapilla,Synallaxis ruficapilla,Synallaxis ruficapilla,Synallaxis ruficapilla,Synallaxis ruficapilla,Synallaxis ruficapilla,Synallaxis ruficapilla,Synallaxis ruficapilla,Synallaxis ruficapilla,Synallaxis ruficapilla,Synallaxis,Furnariidae,3,Medio
2131,Synallaxis ruficapilla,Synallaxis ruficapilla,Synallaxis ruficapilla,Synallaxis ruficapilla,Synallaxis ruficapilla,Synallaxis ruficapilla,Synallaxis ruficapilla,Synallaxis ruficapilla,Synallaxis ruficapilla,Synallaxis ruficapilla,Synallaxis ruficapilla,Synallaxis ruficapilla,Synallaxis,Furnariidae,3,Medio
2132,Synallaxis ruficapilla,Synallaxis ruficapilla,Synallaxis ruficapilla,Synallaxis ruficapilla,Synallaxis ruficapilla,Synallaxis ruficapilla,Synallaxis ruficapilla,Synallaxis ruficapilla,Synallaxis ruficapilla,Synallaxis ruficapilla,Synallaxis ruficapilla,Synallaxis ruficapilla,Synallaxis,Furnariidae,3,Medio
2133,Synallaxis ruficapilla,Synallaxis ruficapilla,Synallaxis ruficapilla,Synallaxis ruficapilla,Synallaxis ruficapilla,Synallaxis ruficapilla,Synallaxis ruficapilla,Synallaxis ruficapilla,Synallaxis ruficapilla,Synallaxis ruficapilla,Synallaxis ruficapilla,Synallaxis ruficapilla,Synallaxis,Furnariidae,3,Medio
2134,Synallaxis ruficapilla,Synallaxis ruficapilla,Pyriglena leucoptera,Biatas nigropectus,Biatas nigropectus,Biatas nigropectus,Synallaxis ruficapilla,Synallaxis ruficapilla,Pyriglena leucoptera,Pyriglena leucoptera,Pyriglena leucoptera,Synallaxis ruficapilla,Synallaxis,Furnariidae,3,Medio
2135,Synallaxis ruficapilla,Synallaxis ruficapilla,Synallaxis ruficapilla,Synallaxis ruficapilla,Synallaxis ruficapilla,Synallaxis ruficapilla,Synallaxis ruficapilla,Synallaxis ruficapilla,Synallaxis ruficapilla,Synallaxis ruficapilla,Synallaxis ruficapilla,Synallaxis ruficapilla,Synallaxis,Furnariidae,3,Medio
2136,Synallaxis ruficapilla,Synallaxis ruficapilla,Synallaxis ruficapilla,Synallaxis ruficapilla,Synallaxis ruficapilla,Synallaxis ruficapilla,Synallaxis ruficapilla,Synallaxis ruficapilla,Synallaxis ruficapilla,Synallaxis ruficapilla,Synallaxis ruficapilla,Synallaxis ruficapilla,Synallaxis,Furnariidae,3,Medio
2137,Synallaxis ruficapilla,Synallaxis ruficapilla,Synallaxis ruficapilla,Synallaxis ruficapilla,Synallaxis ruficapilla,Synallaxis ruficapilla,Synallaxis ruficapilla,Synallaxis ruficapilla,Synallaxis ruficapilla,Synallaxis ruficapilla,Synallaxis ruficapilla,Synallaxis ruficapilla,Synallaxis,Furnariidae,3,Medio
2139,Synallaxis ruficapilla,Synallaxis ruficapilla,Synallaxis ruficapilla,Synallaxis ruficapilla,Synallaxis ruficapilla,Synallaxis ruficapilla,Synallaxis ruficapilla,Synallaxis ruficapilla,Synallaxis ruficapilla,Synallaxis ruficapilla,Synallaxis ruficapilla,Synallaxis ruficapilla,Synallaxis,Furnariidae,3,Medio
2140,Synallaxis ruficapilla,Synallaxis ruficapilla,Synallaxis ruficapilla,Synallaxis ruficapilla,Synallaxis ruficapilla,Synallaxis ruficapilla,Synallaxis ruficapilla,Synallaxis ruficapilla,Synallaxis ruficapilla,Synallaxis ruficapilla,Synallaxis ruficapilla,Synallaxis ruficapilla,Synallaxis,Furnariidae,3,Medio
2142,Synallaxis ruficapilla,Synallaxis ruficapilla,Synallaxis ruficapilla,Synallaxis ruficapilla,Synallaxis ruficapilla,Synallaxis ruficapilla,Synallaxis ruficapilla,Synallaxis ruficapilla,Synallaxis ruficapilla,Synallaxis ruficapilla,Synallaxis ruficapilla,Synallaxis ruficapilla,Synallaxis,Furnariidae,3,Medio
2143,Synallaxis ruficapilla,Synallaxis ruficapilla,Synallaxis ruficapilla,Synallaxis ruficapilla,Synallaxis ruficapilla,Synallaxis ruficapilla,Synallaxis ruficapilla,Synallaxis ruficapilla,Synallaxis ruficapilla,Synallaxis ruficapilla,Synallaxis ruficapilla,Synallaxis ruficapilla,Synallaxis,Furnariidae,3,Medio
2144,Synallaxis ruficapilla,Synallaxis ruficapilla,Synallaxis ruficapilla,Synallaxis ruficapilla,Synallaxis ruficapilla,Synallaxis ruficapilla,Synallaxis ruficapilla,Synallaxis ruficapilla,Synallaxis ruficapilla,Synallaxis ruficapilla,Synallaxis ruficapilla,Synallaxis ruficapilla,Synallaxis,Furnariidae,3,Medio
2145,Synallaxis ruficapilla,Synallaxis ruficapilla,Synallaxis ruficapilla,Synallaxis ruficapilla,Synallaxis ruficapilla,Synallaxis ruficapilla,Synallaxis ruficapilla,Synallaxis ruficapilla,Synallaxis ruficapilla,Synallaxis ruficapilla,Synallaxis ruficapilla,Synallaxis ruficapilla,Synallaxis,Furnariidae,3,Medio
2146,Synallaxis ruficapilla,Pyriglena leucoptera,Synallaxis ruficapilla,Habia rubica,Synallaxis ruficapilla,Synallaxis ruficapilla,Synallaxis ruficapilla,Penelope superciliaris,Synallaxis ruficapilla,Synallaxis ruficapilla,Synallaxis ruficapilla,Pyriglena leucoptera,Synallaxis,Furnariidae,3,Medio
2148,Synallaxis ruficapilla,Synallaxis ruficapilla,Synallaxis ruficapilla,Synallaxis ruficapilla,Synallaxis ruficapilla,Synallaxis ruficapilla,Synallaxis ruficapilla,Synallaxis ruficapilla,Synallaxis ruficapilla,Synallaxis ruficapilla,Synallaxis ruficapilla,Synallaxis ruficapilla,Synallaxis,Furnariidae,3,Medio
2149,Synallaxis ruficapilla,Synallaxis ruficapilla,Synallaxis ruficapilla,Synallaxis ruficapilla,Synallaxis ruficapilla,Synallaxis ruficapilla,Synallaxis ruficapilla,Synallaxis ruficapilla,Synallaxis ruficapilla,Synallaxis ruficapilla,Synallaxis ruficapilla,Synallaxis ruficapilla,Synallaxis,Furnariidae,3,Medio
2150,Synallaxis ruficapilla,Synallaxis ruficapilla,Habia rubica,Conopophaga lineata,Conopophaga lineata,Synallaxis ruficapilla,Baryphthengus ruficapillus,Synallaxis ruficapilla,Habia rubica,Habia rubica,Habia rubica,Synallaxis ruficapilla,Synallaxis,Furnariidae,3,Medio
2152,Synallaxis ruficapilla,Conopophaga lineata vulgaris,Synallaxis ruficapilla,Conopophaga lineata vulgaris,Synallaxis ruficapilla,Synallaxis ruficapilla,Synallaxis ruficapilla,Conopophaga lineata,Synallaxis ruficapilla,Synallaxis ruficapilla,Synallaxis ruficapilla,Conopophaga lineata vulgaris,Synallaxis,Furnariidae,3,Medio
2153,Synallaxis ruficapilla,Synallaxis ruficapilla,Synallaxis ruficapilla,Synallaxis ruficapilla,Synallaxis ruficapilla,Synallaxis ruficapilla,Synallaxis ruficapilla,Synallaxis ruficapilla,Synallaxis ruficapilla,Synallaxis ruficapilla,Synallaxis ruficapilla,Synallaxis ruficapilla,Synallaxis,Furnariidae,3,Medio
2154,Synallaxis ruficapilla,Synallaxis ruficapilla,Synallaxis ruficapilla,Synallaxis ruficapilla,Synallaxis ruficapilla,Synallaxis ruficapilla,Synallaxis ruficapilla,Synallaxis ruficapilla,Synallaxis ruficapilla,Synallaxis ruficapilla,Synallaxis ruficapilla,Synallaxis ruficapilla,Synallaxis,Furnariidae,3,Medio
2155,Synallaxis ruficapilla,Synallaxis ruficapilla,Synallaxis ruficapilla,Synallaxis ruficapilla,Synallaxis ruficapilla,Synallaxis ruficapilla,Synallaxis ruficapilla,Synallaxis ruficapilla,Synallaxis ruficapilla,Synallaxis ruficapilla,Synallaxis ruficapilla,Synallaxis ruficapilla,Synallaxis,Furnariidae,3,Medio
2156,Synallaxis ruficapilla,Synallaxis ruficapilla,Synallaxis ruficapilla,Synallaxis ruficapilla,Synallaxis ruficapilla,Synallaxis ruficapilla,Synallaxis ruficapilla,Synallaxis ruficapilla,Synallaxis ruficapilla,Synallaxis ruficapilla,Synallaxis ruficapilla,Synallaxis ruficapilla,Synallaxis,Furnariidae,3,Medio
2157,Synallaxis ruficapilla,Synallaxis ruficapilla,Synallaxis ruficapilla,Synallaxis ruficapilla,Synallaxis ruficapilla,Synallaxis ruficapilla,Synallaxis ruficapilla,Synallaxis ruficapilla,Synallaxis ruficapilla,Synallaxis ruficapilla,Synallaxis ruficapilla,Synallaxis ruficapilla,Synallaxis,Furnariidae,3,Medio
2158,Synallaxis ruficapilla,Baryphthengus ruficapillus,Baryphthengus ruficapillus,Baryphthengus ruficapillus,Baryphthengus ruficapillus,Aramides saracura,Baryphthengus ruficapillus,Pyriglena leucoptera,Baryphthengus ruficapillus,Baryphthengus ruficapillus,Baryphthengus ruficapillus,Baryphthengus ruficapillus,Synallaxis,Furnariidae,3,Medio
2159,Synallaxis ruficapilla,Synallaxis ruficapilla,Synallaxis ruficapilla,Synallaxis ruficapilla,Synallaxis ruficapilla,Synallaxis ruficapilla,Synallaxis ruficapilla,Synallaxis ruficapilla,Synallaxis ruficapilla,Synallaxis ruficapilla,Synallaxis ruficapilla,Synallaxis ruficapilla,Synallaxis,Furnariidae,3,Medio
2160,Synallaxis ruficapilla,Synallaxis ruficapilla,Habia rubica,Synallaxis ruficapilla,Synallaxis ruficapilla,Synallaxis ruficapilla,Synallaxis ruficapilla,Myiothlypis leucoblephara,Habia rubica,Habia rubica,Habia rubica,Synallaxis ruficapilla,Synallaxis,Furnariidae,3,Medio
2161,Synallaxis ruficapilla,Synallaxis ruficapilla,Synallaxis ruficapilla,Synallaxis ruficapilla,Synallaxis ruficapilla,Synallaxis ruficapilla,Synallaxis ruficapilla,Synallaxis ruficapilla,Synallaxis ruficapilla,Synallaxis ruficapilla,Synallaxis ruficapilla,Synallaxis ruficapilla,Synallaxis,Furnariidae,3,Medio
2162,Synallaxis ruficapilla,Synallaxis ruficapilla,Synallaxis ruficapilla,Synallaxis ruficapilla,Synallaxis ruficapilla,Synallaxis ruficapilla,Synallaxis ruficapilla,Synallaxis ruficapilla,Synallaxis ruficapilla,Synallaxis ruficapilla,Synallaxis ruficapilla,Synallaxis ruficapilla,Synallaxis,Furnariidae,3,Medio
2163,Synallaxis ruficapilla,Synallaxis ruficapilla,Synallaxis ruficapilla,Synallaxis ruficapilla,Synallaxis ruficapilla,Synallaxis ruficapilla,Synallaxis ruficapilla,Synallaxis ruficapilla,Synallaxis ruficapilla,Synallaxis ruficapilla,Synallaxis ruficapilla,Synallaxis ruficapilla,Synallaxis,Furnariidae,3,Medio
2166,Cryptopezus nattereri,Cryptopezus nattereri,Cryptopezus nattereri,Cryptopezus nattereri,Chamaeza campanisona,Turdus albicollis,Turdus albicollis,Turdus albicollis,Cryptopezus nattereri,Cryptopezus nattereri,Cryptopezus nattereri,Cryptopezus nattereri,Cryptopezus,Grallariidae,5,Crítico
2168,Cryptopezus nattereri,Cryptopezus nattereri,Cryptopezus nattereri,Cryptopezus nattereri,Cryptopezus nattereri,Chamaeza campanisona,Chamaeza campanisona,Cryptopezus nattereri,Cryptopezus nattereri,Cryptopezus nattereri,Cryptopezus nattereri,Cryptopezus nattereri,Cryptopezus,Grallariidae,5,Crítico
2169,Cryptopezus nattereri,Cryptopezus nattereri,Cryptopezus nattereri,Cryptopezus nattereri,Cryptopezus nattereri,Chamaeza campanisona,Chamaeza campanisona,Cryptopezus nattereri,Cryptopezus nattereri,Cryptopezus nattereri,Cryptopezus nattereri,Cryptopezus nattereri,Cryptopezus,Grallariidae,5,Crítico
2170,Cryptopezus nattereri,Cryptopezus nattereri,Cryptopezus nattereri,Cryptopezus nattereri,Cryptopezus nattereri,Chamaeza campanisona,Turdus albicollis,Chamaeza campanisona,Cryptopezus nattereri,Cryptopezus nattereri,Cryptopezus nattereri,Cryptopezus nattereri,Cryptopezus,Grallariidae,5,Crítico
2171,Grallaria varia,Cryptopezus nattereri,Grallaria varia,Chamaeza campanisona,Cryptopezus nattereri,Chamaeza campanisona,Turdus albicollis,Chamaeza campanisona,Grallaria varia,Grallaria varia,Grallaria varia,Cryptopezus nattereri,Grallaria,Grallariidae,3,Medio
2172,Grallaria varia,Nyctidromus albicollis,Nyctidromus albicollis,Nyctidromus albicollis,Nyctidromus albicollis,Nyctidromus albicollis,Hydropsalis torquata,Hydropsalis torquata,Nyctidromus albicollis,Nyctidromus albicollis,Nyctidromus albicollis,Nyctidromus albicollis,Grallaria,Grallariidae,3,Medio
2173,Grallaria varia,Grallaria varia,Grallaria varia,Grallaria varia,Conopophaga lineata,Grallaria varia,Pyriglena leucoptera,Mackenziaena severa,Grallaria varia,Grallaria varia,Grallaria varia,Grallaria varia,Grallaria,Grallariidae,3,Medio
2174,Grallaria varia,Cuniculus paca,Dasyprocta azarae,Aramides saracura,Aramides saracura,Dasyprocta azarae,Dasyprocta azarae,Leptotila verreauxi,Dasyprocta azarae,Dasyprocta azarae,Dasyprocta azarae,Cuniculus paca,Grallaria,Grallariidae,3,Medio
2177,Grallaria varia,Grallaria varia,Aramides saracura,Aramides saracura,Crypturellus tataupa,Chamaeza campanisona,Chamaeza campanisona,Odontophorus capueira,Aramides saracura,Aramides saracura,Aramides saracura,Grallaria varia,Grallaria,Grallariidae,3,Medio
2178,Grallaria varia,Cryptopezus nattereri,Cryptopezus nattereri,Conopophaga lineata,Cryptopezus nattereri,Turdus rufiventris,Turdus albicollis,Turdus rufiventris,Cryptopezus nattereri,Cryptopezus nattereri,Cryptopezus nattereri,Cryptopezus nattereri,Grallaria,Grallariidae,3,Medio
2180,Grallaria varia,Cryptopezus nattereri,Cryptopezus nattereri,Conopophaga lineata,Cryptopezus nattereri,Turdus rufiventris,Turdus albicollis,Turdus rufiventris,Cryptopezus nattereri,Cryptopezus nattereri,Cryptopezus nattereri,Cryptopezus nattereri,Grallaria,Grallariidae,3,Medio
2181,Grallaria varia,Grallaria varia,Grallaria varia,Grallaria varia,Grallaria varia,Grallaria varia,Conopophaga lineata,Chamaeza campanisona,Grallaria varia,Grallaria varia,Grallaria varia,Grallaria varia,Grallaria,Grallariidae,3,Medio
2182,Grallaria varia,Grallaria varia,Grallaria varia,Grallaria varia,Grallaria varia,Grallaria varia,Myiothlypis leucoblephara,Hydropsalis torquata,Grallaria varia,Grallaria varia,Grallaria varia,Grallaria varia,Grallaria,Grallariidae,3,Medio
2183,Grallaria varia,Grallaria varia,Grallaria varia,Grallaria varia,Hypoedaleus guttatus,Hypoedaleus guttatus,Hypoedaleus guttatus,Hypoedaleus guttatus,Grallaria varia,Grallaria varia,Grallaria varia,Grallaria varia,Grallaria,Grallariidae,3,Medio
2184,Grallaria varia,Cryptopezus nattereri,Grallaria varia,Conopophaga lineata,Cryptopezus nattereri,Chamaeza campanisona,Conopophaga lineata,Conopophaga lineata,Grallaria varia,Grallaria varia,Grallaria varia,Cryptopezus nattereri,Grallaria,Grallariidae,3,Medio
2185,Grallaria varia,Grallaria varia,Grallaria varia,Chamaeza campanisona,Chamaeza campanisona,Chamaeza campanisona,Chamaeza campanisona,Chamaeza campanisona,Grallaria varia,Grallaria varia,Grallaria varia,Grallaria varia,Grallaria,Grallariidae,3,Medio
2186,Grallaria varia,Cryptopezus nattereri,Cryptopezus nattereri,Cryptopezus nattereri,Cryptopezus nattereri,Chamaeza campanisona,Turdus albicollis,Cryptopezus nattereri,Cryptopezus nattereri,Cryptopezus nattereri,Cryptopezus nattereri,Cryptopezus nattereri,Grallaria,Grallariidae,3,Medio
2187,Grallaria varia,Grallaria varia,Grallaria varia,Grallaria varia,Chamaeza campanisona,Chamaeza campanisona,Chamaeza campanisona,Mackenziaena leachii,Grallaria varia,Grallaria varia,Grallaria varia,Grallaria varia,Grallaria,Grallariidae,3,Medio
2188,Grallaria varia,Grallaria varia,Grallaria varia,Grallaria varia,Cryptopezus nattereri,Grallaria varia,Conopophaga lineata,Chamaeza campanisona,Grallaria varia,Grallaria varia,Grallaria varia,Grallaria varia,Grallaria,Grallariidae,3,Medio
2189,Grallaria varia,Grallaria varia,Crypturellus obsoletus,Crypturellus obsoletus,Crypturellus obsoletus,Turdus rufiventris,Turdus albicollis,Grallaria varia,Crypturellus obsoletus,Crypturellus obsoletus,Crypturellus obsoletus,Grallaria varia,Grallaria,Grallariidae,3,Medio
2190,Lepus europaeus,Lepus europaeus,Lepus europaeus,Lepus europaeus,Lepus europaeus,Lepus europaeus,Lepus europaeus,Lepus europaeus,Lepus europaeus,Lepus europaeus,Lepus europaeus,Lepus europaeus,Lepus,Leporidae,0,Exótica/Invasora
2191,Lepus europaeus,Lepus europaeus,Lepus europaeus,Lepus europaeus,Lepus europaeus,Lepus europaeus,Lepus europaeus,Lepus europaeus,Lepus europaeus,Lepus europaeus,Lepus europaeus,Lepus europaeus,Lepus,Leporidae,0,Exótica/Invasora
2193,Lepus europaeus,Lepus europaeus,Lepus europaeus,Lepus europaeus,Lepus europaeus,Lepus europaeus,Lepus europaeus,Lepus europaeus,Lepus europaeus,Lepus europaeus,Lepus europaeus,Lepus europaeus,Lepus,Leporidae,0,Exótica/Invasora
2195,Lepus europaeus,Herpailurus yagouaroundi,Herpailurus yagouaroundi,Herpailurus yagouaroundi,Crypturellus obsoletus,Nothura maculosa,Galictis cuja,Lepus europaeus,Herpailurus yagouaroundi,Herpailurus yagouaroundi,Herpailurus yagouaroundi,Herpailurus yagouaroundi,Lepus,Leporidae,0,Exótica/Invasora
2197,Lepus europaeus,Lepus europaeus,Lepus europaeus,Lepus europaeus,Lepus europaeus,Lepus europaeus,Lepus europaeus,Lepus europaeus,Lepus europaeus,Lepus europaeus,Lepus europaeus,Lepus europaeus,Lepus,Leporidae,0,Exótica/Invasora
2198,Lepus europaeus,Lepus europaeus,Lepus europaeus,Lepus europaeus,Lepus europaeus,Lepus europaeus,Lepus europaeus,Lepus europaeus,Lepus europaeus,Lepus europaeus,Lepus europaeus,Lepus europaeus,Lepus,Leporidae,0,Exótica/Invasora
2199,Lepus europaeus,Lepus europaeus,Lepus europaeus,Lepus europaeus,Lepus europaeus,Lepus europaeus,Lepus europaeus,Lepus europaeus,Lepus europaeus,Lepus europaeus,Lepus europaeus,Lepus europaeus,Lepus,Leporidae,0,Exótica/Invasora
2200,Lepus europaeus,Lepus europaeus,Lepus europaeus,Lepus europaeus,Lepus europaeus,Lepus europaeus,Lepus europaeus,Lepus europaeus,Lepus europaeus,Lepus europaeus,Lepus europaeus,Lepus europaeus,Lepus,Leporidae,0,Exótica/Invasora
2201,Lepus europaeus,Lepus europaeus,Lepus europaeus,Lepus europaeus,Lepus europaeus,Lepus europaeus,Lepus europaeus,Lepus europaeus,Lepus europaeus,Lepus europaeus,Lepus europaeus,Lepus europaeus,Lepus,Leporidae,0,Exótica/Invasora
2202,Lepus europaeus,Lepus europaeus,Lepus europaeus,Lepus europaeus,Lepus europaeus,Lepus europaeus,Lepus europaeus,Lepus europaeus,Lepus europaeus,Lepus europaeus,Lepus europaeus,Lepus europaeus,Lepus,Leporidae,0,Exótica/Invasora
2203,Lepus europaeus,Lepus europaeus,Lepus europaeus,Lepus europaeus,Lepus europaeus,Lepus europaeus,Lepus europaeus,Lepus europaeus,Lepus europaeus,Lepus europaeus,Lepus europaeus,Lepus europaeus,Lepus,Leporidae,0,Exótica/Invasora
2204,Lepus europaeus,Sylvilagus brasiliensis,Sylvilagus brasiliensis,Sylvilagus brasiliensis,Sylvilagus brasiliensis,Sylvilagus brasiliensis,Sylvilagus brasiliensis,Sylvilagus brasiliensis,Sylvilagus brasiliensis,Sylvilagus brasiliensis,Sylvilagus brasiliensis,Sylvilagus brasiliensis,Lepus,Leporidae,0,Exótica/Invasora
2205,Lepus europaeus,Lepus europaeus,Lepus europaeus,Lepus europaeus,Lepus europaeus,Lepus europaeus,Lepus europaeus,Lepus europaeus,Lepus europaeus,Lepus europaeus,Lepus europaeus,Lepus europaeus,Lepus,Leporidae,0,Exótica/Invasora
2206,Lepus europaeus,Lepus europaeus,Lepus europaeus,Lepus europaeus,Lepus europaeus,Lepus europaeus,Lepus europaeus,Lepus europaeus,Lepus europaeus,Lepus europaeus,Lepus europaeus,Lepus europaeus,Lepus,Leporidae,0,Exótica/Invasora
2208,Lepus europaeus,Lepus europaeus,Lepus europaeus,Lepus europaeus,Lepus europaeus,Lepus europaeus,Lepus europaeus,Lepus europaeus,Lepus europaeus,Lepus europaeus,Lepus europaeus,Lepus europaeus,Lepus,Leporidae,0,Exótica/Invasora
2210,Lepus europaeus,Lepus europaeus,Lepus europaeus,Lepus europaeus,Lepus europaeus,Lepus europaeus,Lepus europaeus,Lepus europaeus,Lepus europaeus,Lepus europaeus,Lepus europaeus,Lepus europaeus,Lepus,Leporidae,0,Exótica/Invasora
2211,Lepus europaeus,Lycalopex gymnocerca,Lycalopex gymnocerca,Lycalopex gymnocerca,Lycalopex gymnocerca,Lycalopex gymnocerca,Lycalopex gymnocerca,Lycalopex gymnocerca,Lycalopex gymnocerca,Lycalopex gymnocerca,Lycalopex gymnocerca,Lycalopex gymnocerca,Lepus,Leporidae,0,Exótica/Invasora
2213,Lepus europaeus,Lepus europaeus,Lepus europaeus,Lepus europaeus,Lepus europaeus,Lepus europaeus,Lepus europaeus,Lepus europaeus,Lepus europaeus,Lepus europaeus,Lepus europaeus,Lepus europaeus,Lepus,Leporidae,0,Exótica/Invasora
2214,Lepus europaeus,Lepus europaeus,Lepus europaeus,Lepus europaeus,Sylvilagus brasiliensis,Lepus europaeus,Lepus europaeus,Lepus europaeus,Lepus europaeus,Lepus europaeus,Lepus europaeus,Lepus europaeus,Lepus,Leporidae,0,Exótica/Invasora
2215,Lepus europaeus,Lepus europaeus,Lepus europaeus,Lepus europaeus,Lepus europaeus,Lepus europaeus,Lepus europaeus,Lepus europaeus,Lepus europaeus,Lepus europaeus,Lepus europaeus,Lepus europaeus,Lepus,Leporidae,0,Exótica/Invasora
2216,Lepus europaeus,Lepus europaeus,Lepus europaeus,Lepus europaeus,Lepus europaeus,Lepus europaeus,Lepus europaeus,Lepus europaeus,Lepus europaeus,Lepus europaeus,Lepus europaeus,Lepus europaeus,Lepus,Leporidae,0,Exótica/Invasora
2217,Lepus europaeus,Lepus europaeus,Lepus europaeus,Lepus europaeus,Lepus europaeus,Lepus europaeus,Lepus europaeus,Lepus europaeus,Lepus europaeus,Lepus europaeus,Lepus europaeus,Lepus europaeus,Lepus,Leporidae,0,Exótica/Invasora
2218,Lepus europaeus,Lepus europaeus,Lepus europaeus,Lepus europaeus,Lepus europaeus,Lepus europaeus,Lepus europaeus,Lepus europaeus,Lepus europaeus,Lepus europaeus,Lepus europaeus,Lepus europaeus,Lepus,Leporidae,0,Exótica/Invasora
2219,Lepus europaeus,Lepus europaeus,Lepus europaeus,Lepus europaeus,Lepus europaeus,Lepus europaeus,Lepus europaeus,Lepus europaeus,Lepus europaeus,Lepus europaeus,Lepus europaeus,Lepus europaeus,Lepus,Leporidae,0,Exótica/Invasora
2220,Lepus europaeus,Lepus europaeus,Lepus europaeus,Lepus europaeus,Lepus europaeus,Lepus europaeus,Lepus europaeus,Lepus europaeus,Lepus europaeus,Lepus europaeus,Lepus europaeus,Lepus europaeus,Lepus,Leporidae,0,Exótica/Invasora
2221,Lepus europaeus,Lepus europaeus,Lepus europaeus,Lepus europaeus,Lepus europaeus,Lepus europaeus,Lepus europaeus,Lepus europaeus,Lepus europaeus,Lepus europaeus,Lepus europaeus,Lepus europaeus,Lepus,Leporidae,0,Exótica/Invasora
2222,Lepus europaeus,Lepus europaeus,Lepus europaeus,Lepus europaeus,Lepus europaeus,Lepus europaeus,Lepus europaeus,Lepus europaeus,Lepus europaeus,Lepus europaeus,Lepus europaeus,Lepus europaeus,Lepus,Leporidae,0,Exótica/Invasora
2223,Lepus europaeus,Lepus europaeus,Lepus europaeus,Lepus europaeus,Lepus europaeus,Lepus europaeus,Lepus europaeus,Lepus europaeus,Lepus europaeus,Lepus europaeus,Lepus europaeus,Lepus europaeus,Lepus,Leporidae,0,Exótica/Invasora
2224,Lepus europaeus,Lepus europaeus,Lepus europaeus,Lepus europaeus,Lepus europaeus,Lepus europaeus,Lepus europaeus,Lepus europaeus,Lepus europaeus,Lepus europaeus,Lepus europaeus,Lepus europaeus,Lepus,Leporidae,0,Exótica/Invasora
2225,Lepus europaeus,Lepus europaeus,Lepus europaeus,Lepus europaeus,Lepus europaeus,Lepus europaeus,Lepus europaeus,Lepus europaeus,Lepus europaeus,Lepus europaeus,Lepus europaeus,Lepus europaeus,Lepus,Leporidae,0,Exótica/Invasora
2227,Lepus europaeus,Nyctidromus albicollis,Nyctidromus albicollis,Nyctidromus albicollis,Nyctidromus albicollis,Nyctidromus albicollis,Hydropsalis torquata,Salvator merianae,Nyctidromus albicollis,Nyctidromus albicollis,Nyctidromus albicollis,Nyctidromus albicollis,Lepus,Leporidae,0,Exótica/Invasora
2228,Lepus europaeus,Lepus europaeus,Lepus europaeus,Lepus europaeus,Lepus europaeus,Lepus europaeus,Lepus europaeus,Lepus europaeus,Lepus europaeus,Lepus europaeus,Lepus europaeus,Lepus europaeus,Lepus,Leporidae,0,Exótica/Invasora
2229,Lepus europaeus,Lepus europaeus,Lepus europaeus,Lepus europaeus,Lepus europaeus,Lepus europaeus,Lepus europaeus,Lepus europaeus,Lepus europaeus,Lepus europaeus,Lepus europaeus,Lepus europaeus,Lepus,Leporidae,0,Exótica/Invasora
2230,Lepus europaeus,Lepus europaeus,Lepus europaeus,Lepus europaeus,Lepus europaeus,Lepus europaeus,Lepus europaeus,Lepus europaeus,Lepus europaeus,Lepus europaeus,Lepus europaeus,Lepus europaeus,Lepus,Leporidae,0,Exótica/Invasora
2232,Lepus europaeus,Lepus europaeus,Lepus europaeus,Lepus europaeus,Lepus europaeus,Lepus europaeus,Lepus europaeus,Lepus europaeus,Lepus europaeus,Lepus europaeus,Lepus europaeus,Lepus europaeus,Lepus,Leporidae,0,Exótica/Invasora
2233,Lepus europaeus,Lepus europaeus,Lepus europaeus,Lepus europaeus,Lepus europaeus,Lepus europaeus,Lepus europaeus,Lepus europaeus,Lepus europaeus,Lepus europaeus,Lepus europaeus,Lepus europaeus,Lepus,Leporidae,0,Exótica/Invasora
2234,Lepus europaeus,Lepus europaeus,Lepus europaeus,Lepus europaeus,Lepus europaeus,Lepus europaeus,Lepus europaeus,Lepus europaeus,Lepus europaeus,Lepus europaeus,Lepus europaeus,Lepus europaeus,Lepus,Leporidae,0,Exótica/Invasora
2235,Lepus europaeus,Lepus europaeus,Lepus europaeus,Lepus europaeus,Lepus europaeus,Lepus europaeus,Lepus europaeus,Lepus europaeus,Lepus europaeus,Lepus europaeus,Lepus europaeus,Lepus europaeus,Lepus,Leporidae,0,Exótica/Invasora
2237,Lepus europaeus,Lepus europaeus,Lepus europaeus,Lepus europaeus,Lepus europaeus,Lepus europaeus,Lepus europaeus,Lepus europaeus,Lepus europaeus,Lepus europaeus,Lepus europaeus,Lepus europaeus,Lepus,Leporidae,0,Exótica/Invasora
2238,Lepus europaeus,Lepus europaeus,Lepus europaeus,Lepus europaeus,Lepus europaeus,Lepus europaeus,Lepus europaeus,Lepus europaeus,Lepus europaeus,Lepus europaeus,Lepus europaeus,Lepus europaeus,Lepus,Leporidae,0,Exótica/Invasora
2239,Lepus europaeus,Lepus europaeus,Lepus europaeus,Lepus europaeus,Lepus europaeus,Lepus europaeus,Lepus europaeus,Lepus europaeus,Lepus europaeus,Lepus europaeus,Lepus europaeus,Lepus europaeus,Lepus,Leporidae,0,Exótica/Invasora
2241,Lepus europaeus,Lepus europaeus,Lepus europaeus,Lepus europaeus,Lepus europaeus,Lepus europaeus,Lepus europaeus,Lepus europaeus,Lepus europaeus,Lepus europaeus,Lepus europaeus,Lepus europaeus,Lepus,Leporidae,0,Exótica/Invasora
2243,Lepus europaeus,Lepus europaeus,Lepus europaeus,Lepus europaeus,Lepus europaeus,Lepus europaeus,Lepus europaeus,Lepus europaeus,Lepus europaeus,Lepus europaeus,Lepus europaeus,Lepus europaeus,Lepus,Leporidae,0,Exótica/Invasora
2244,Lepus europaeus,Lepus europaeus,Lepus europaeus,Lepus europaeus,Lepus europaeus,Lepus europaeus,Lepus europaeus,Lepus europaeus,Lepus europaeus,Lepus europaeus,Lepus europaeus,Lepus europaeus,Lepus,Leporidae,0,Exótica/Invasora
2245,Lepus europaeus,Lepus europaeus,Lepus europaeus,Lepus europaeus,Lepus europaeus,Lepus europaeus,Lepus europaeus,Lepus europaeus,Lepus europaeus,Lepus europaeus,Lepus europaeus,Lepus europaeus,Lepus,Leporidae,0,Exótica/Invasora
2246,Lepus europaeus,Lepus europaeus,Lepus europaeus,Lepus europaeus,Sylvilagus brasiliensis,Lepus europaeus,Lepus europaeus,Lepus europaeus,Lepus europaeus,Lepus europaeus,Lepus europaeus,Lepus europaeus,Lepus,Leporidae,0,Exótica/Invasora
2247,Lepus europaeus,Lepus europaeus,Lepus europaeus,Lepus europaeus,Lepus europaeus,Lepus europaeus,Lepus europaeus,Lepus europaeus,Lepus europaeus,Lepus europaeus,Lepus europaeus,Lepus europaeus,Lepus,Leporidae,0,Exótica/Invasora
2248,Lepus europaeus,Lepus europaeus,Lepus europaeus,Lepus europaeus,Lepus europaeus,Lepus europaeus,Lepus europaeus,Lepus europaeus,Lepus europaeus,Lepus europaeus,Lepus europaeus,Lepus europaeus,Lepus,Leporidae,0,Exótica/Invasora
2249,Lepus europaeus,Lepus europaeus,Lepus europaeus,Lepus europaeus,Lepus europaeus,Lepus europaeus,Lepus europaeus,Lepus europaeus,Lepus europaeus,Lepus europaeus,Lepus europaeus,Lepus europaeus,Lepus,Leporidae,0,Exótica/Invasora
2251,Lepus europaeus,Lepus europaeus,Lepus europaeus,Lepus europaeus,Lepus europaeus,Lepus europaeus,Lepus europaeus,Lepus europaeus,Lepus europaeus,Lepus europaeus,Lepus europaeus,Lepus europaeus,Lepus,Leporidae,0,Exótica/Invasora
2252,Lepus europaeus,Lepus europaeus,Lepus europaeus,Lepus europaeus,Lepus europaeus,Lepus europaeus,Lepus europaeus,Lepus europaeus,Lepus europaeus,Lepus europaeus,Lepus europaeus,Lepus europaeus,Lepus,Leporidae,0,Exótica/Invasora
2253,Lepus europaeus,Lepus europaeus,Sylvilagus brasiliensis,Sylvilagus brasiliensis,Lepus europaeus,Lepus europaeus,Lepus europaeus,Lepus europaeus,Sylvilagus brasiliensis,Sylvilagus brasiliensis,Sylvilagus brasiliensis,Lepus europaeus,Lepus,Leporidae,0,Exótica/Invasora
2254,Lepus europaeus,Lepus europaeus,Lepus europaeus,Lepus europaeus,Lepus europaeus,Lepus europaeus,Lepus europaeus,Lepus europaeus,Lepus europaeus,Lepus europaeus,Lepus europaeus,Lepus europaeus,Lepus,Leporidae,0,Exótica/Invasora
2256,Sylvilagus brasiliensis,Sylvilagus brasiliensis,Sylvilagus brasiliensis,Sylvilagus brasiliensis,Sylvilagus brasiliensis,Sylvilagus brasiliensis,Sylvilagus brasiliensis,Sylvilagus brasiliensis,Sylvilagus brasiliensis,Sylvilagus brasiliensis,Sylvilagus brasiliensis,Sylvilagus brasiliensis,Sylvilagus,Leporidae,1,Bajo
2257,Sylvilagus brasiliensis,Sylvilagus brasiliensis,Sylvilagus brasiliensis,Sylvilagus brasiliensis,Sylvilagus brasiliensis,Sylvilagus brasiliensis,Sylvilagus brasiliensis,Sylvilagus brasiliensis,Sylvilagus brasiliensis,Sylvilagus brasiliensis,Sylvilagus brasiliensis,Sylvilagus brasiliensis,Sylvilagus,Leporidae,1,Bajo
2258,Sylvilagus brasiliensis,Lepus europaeus,Lepus europaeus,Lepus europaeus,Lepus europaeus,Lepus europaeus,Lepus europaeus,Lepus europaeus,Lepus europaeus,Lepus europaeus,Lepus europaeus,Lepus europaeus,Sylvilagus,Leporidae,1,Bajo
2259,Sylvilagus brasiliensis,Sylvilagus brasiliensis,Sylvilagus brasiliensis,Sylvilagus brasiliensis,Sylvilagus brasiliensis,Sylvilagus brasiliensis,Sylvilagus brasiliensis,Sylvilagus brasiliensis,Sylvilagus brasiliensis,Sylvilagus brasiliensis,Sylvilagus brasiliensis,Sylvilagus brasiliensis,Sylvilagus,Leporidae,1,Bajo
2261,Sylvilagus brasiliensis,Sylvilagus brasiliensis,Sylvilagus brasiliensis,Sylvilagus brasiliensis,Sylvilagus brasiliensis,Sylvilagus brasiliensis,Sylvilagus brasiliensis,Sylvilagus brasiliensis,Sylvilagus brasiliensis,Sylvilagus brasiliensis,Sylvilagus brasiliensis,Sylvilagus brasiliensis,Sylvilagus,Leporidae,1,Bajo
2264,Sylvilagus brasiliensis,Sylvilagus brasiliensis,Lepus europaeus,Euphractus sexcinctus,Lepus europaeus,Sylvilagus brasiliensis,Lepus europaeus,Lepus europaeus,Lepus europaeus,Lepus europaeus,Lepus europaeus,Sylvilagus brasiliensis,Sylvilagus,Leporidae,1,Bajo
2266,Sylvilagus brasiliensis,Sylvilagus brasiliensis,Sylvilagus brasiliensis,Sylvilagus brasiliensis,Sylvilagus brasiliensis,Sylvilagus brasiliensis,Sylvilagus brasiliensis,Sylvilagus brasiliensis,Sylvilagus brasiliensis,Sylvilagus brasiliensis,Sylvilagus brasiliensis,Sylvilagus brasiliensis,Sylvilagus,Leporidae,1,Bajo
2267,Sylvilagus brasiliensis,Sylvilagus brasiliensis,Sylvilagus brasiliensis,Sylvilagus brasiliensis,Sylvilagus brasiliensis,Sylvilagus brasiliensis,Sylvilagus brasiliensis,Sylvilagus brasiliensis,Sylvilagus brasiliensis,Sylvilagus brasiliensis,Sylvilagus brasiliensis,Sylvilagus brasiliensis,Sylvilagus,Leporidae,1,Bajo
2268,Sylvilagus brasiliensis,Lepus europaeus,Lepus europaeus,Lepus europaeus,Lepus europaeus,Lepus europaeus,Lepus europaeus,Lepus europaeus,Lepus europaeus,Lepus europaeus,Lepus europaeus,Lepus europaeus,Sylvilagus,Leporidae,1,Bajo
2269,Sylvilagus brasiliensis,Sylvilagus brasiliensis,Lepus europaeus,Lepus europaeus,Lepus europaeus,Sylvilagus brasiliensis,Lepus europaeus,Lepus europaeus,Lepus europaeus,Lepus europaeus,Lepus europaeus,Sylvilagus brasiliensis,Sylvilagus,Leporidae,1,Bajo
2270,Sylvilagus brasiliensis,Sylvilagus brasiliensis,Sylvilagus brasiliensis,Sylvilagus brasiliensis,Sylvilagus brasiliensis,Sylvilagus brasiliensis,Sylvilagus brasiliensis,Sylvilagus brasiliensis,Sylvilagus brasiliensis,Sylvilagus brasiliensis,Sylvilagus brasiliensis,Sylvilagus brasiliensis,Sylvilagus,Leporidae,1,Bajo
2271,Sylvilagus brasiliensis,Sylvilagus brasiliensis,Sylvilagus brasiliensis,Sylvilagus brasiliensis,Sylvilagus brasiliensis,Sylvilagus brasiliensis,Sylvilagus brasiliensis,Sylvilagus brasiliensis,Sylvilagus brasiliensis,Sylvilagus brasiliensis,Sylvilagus brasiliensis,Sylvilagus brasiliensis,Sylvilagus,Leporidae,1,Bajo
2272,Sylvilagus brasiliensis,Lepus europaeus,Lepus europaeus,Euphractus sexcinctus,Cerdocyon thous,Lepus europaeus,Lepus europaeus,Sylvilagus brasiliensis,Lepus europaeus,Lepus europaeus,Lepus europaeus,Lepus europaeus,Sylvilagus,Leporidae,1,Bajo
2273,Sylvilagus brasiliensis,Sylvilagus brasiliensis,Sylvilagus brasiliensis,Sylvilagus brasiliensis,Sylvilagus brasiliensis,Sylvilagus brasiliensis,Sylvilagus brasiliensis,Sylvilagus brasiliensis,Sylvilagus brasiliensis,Sylvilagus brasiliensis,Sylvilagus brasiliensis,Sylvilagus brasiliensis,Sylvilagus,Leporidae,1,Bajo
2274,Sylvilagus brasiliensis,Sylvilagus brasiliensis,Sylvilagus brasiliensis,Sylvilagus brasiliensis,Sylvilagus brasiliensis,Sylvilagus brasiliensis,Sylvilagus brasiliensis,Sylvilagus brasiliensis,Sylvilagus brasiliensis,Sylvilagus brasiliensis,Sylvilagus brasiliensis,Sylvilagus brasiliensis,Sylvilagus,Leporidae,1,Bajo
2276,Sylvilagus brasiliensis,Lepus europaeus,Lepus europaeus,Cerdocyon thous,Cerdocyon thous,Sylvilagus brasiliensis,Lepus europaeus,Lepus europaeus,Lepus europaeus,Lepus europaeus,Lepus europaeus,Sylvilagus brasiliensis,Sylvilagus,Leporidae,1,Bajo
2277,Sylvilagus brasiliensis,Cuniculus paca,Cuniculus paca,Cuniculus paca,Cuniculus paca,Sylvilagus brasiliensis,Dasyprocta azarae,Dasyprocta azarae,Cuniculus paca,Cuniculus paca,Cuniculus paca,Cuniculus paca,Sylvilagus,Leporidae,1,Bajo
2279,Sylvilagus brasiliensis,Sylvilagus brasiliensis,Sylvilagus brasiliensis,Sylvilagus brasiliensis,Sylvilagus brasiliensis,Sylvilagus brasiliensis,Sylvilagus brasiliensis,Sylvilagus brasiliensis,Sylvilagus brasiliensis,Sylvilagus brasiliensis,Sylvilagus brasiliensis,Sylvilagus brasiliensis,Sylvilagus,Leporidae,1,Bajo
2281,Sylvilagus brasiliensis,Sylvilagus brasiliensis,Sylvilagus brasiliensis,Sylvilagus brasiliensis,Sylvilagus brasiliensis,Sylvilagus brasiliensis,Sylvilagus brasiliensis,Sylvilagus brasiliensis,Sylvilagus brasiliensis,Sylvilagus brasiliensis,Sylvilagus brasiliensis,Sylvilagus brasiliensis,Sylvilagus,Leporidae,1,Bajo
2283,Sylvilagus brasiliensis,Sylvilagus brasiliensis,Sylvilagus brasiliensis,Sylvilagus brasiliensis,Sylvilagus brasiliensis,Sylvilagus brasiliensis,Sylvilagus brasiliensis,Sylvilagus brasiliensis,Sylvilagus brasiliensis,Sylvilagus brasiliensis,Sylvilagus brasiliensis,Sylvilagus brasiliensis,Sylvilagus,Leporidae,1,Bajo
2284,Sylvilagus brasiliensis,Sylvilagus brasiliensis,Sylvilagus brasiliensis,Sylvilagus brasiliensis,Sylvilagus brasiliensis,Sylvilagus brasiliensis,Sylvilagus brasiliensis,Sylvilagus brasiliensis,Sylvilagus brasiliensis,Sylvilagus brasiliensis,Sylvilagus brasiliensis,Sylvilagus brasiliensis,Sylvilagus,Leporidae,1,Bajo
2285,Sylvilagus brasiliensis,Sylvilagus brasiliensis,Sylvilagus brasiliensis,Sylvilagus brasiliensis,Sylvilagus brasiliensis,Sylvilagus brasiliensis,Sylvilagus brasiliensis,Sylvilagus brasiliensis,Sylvilagus brasiliensis,Sylvilagus brasiliensis,Sylvilagus brasiliensis,Sylvilagus brasiliensis,Sylvilagus,Leporidae,1,Bajo
2287,Sylvilagus brasiliensis,Didelphis aurita,Lepus europaeus,Lepus europaeus,Lepus europaeus,Lepus europaeus,Lepus europaeus,Salvator merianae,Lepus europaeus,Lepus europaeus,Lepus europaeus,Lepus europaeus,Sylvilagus,Leporidae,1,Bajo
2288,Sylvilagus brasiliensis,Sylvilagus brasiliensis,Sylvilagus brasiliensis,Sylvilagus brasiliensis,Sylvilagus brasiliensis,Sylvilagus brasiliensis,Sylvilagus brasiliensis,Sylvilagus brasiliensis,Sylvilagus brasiliensis,Sylvilagus brasiliensis,Sylvilagus brasiliensis,Sylvilagus brasiliensis,Sylvilagus,Leporidae,1,Bajo
2289,Sylvilagus brasiliensis,Sylvilagus brasiliensis,Sylvilagus brasiliensis,Sylvilagus brasiliensis,Sylvilagus brasiliensis,Sylvilagus brasiliensis,Sylvilagus brasiliensis,Sylvilagus brasiliensis,Sylvilagus brasiliensis,Sylvilagus brasiliensis,Sylvilagus brasiliensis,Sylvilagus brasiliensis,Sylvilagus,Leporidae,1,Bajo
2290,Sylvilagus brasiliensis,Sylvilagus brasiliensis,Lepus europaeus,Lepus europaeus,Sylvilagus brasiliensis,Sylvilagus brasiliensis,Lepus europaeus,Lepus europaeus,Lepus europaeus,Lepus europaeus,Lepus europaeus,Sylvilagus brasiliensis,Sylvilagus,Leporidae,1,Bajo
2291,Sylvilagus brasiliensis,Lepus europaeus,Sylvilagus brasiliensis,Lepus europaeus,Lepus europaeus,Lepus europaeus,Lepus europaeus,Lepus europaeus,Sylvilagus brasiliensis,Sylvilagus brasiliensis,Sylvilagus brasiliensis,Lepus europaeus,Sylvilagus,Leporidae,1,Bajo
2292,Sylvilagus brasiliensis,Didelphis albiventris,Didelphis albiventris,Didelphis albiventris,Didelphis albiventris,Sylvilagus brasiliensis,Didelphis albiventris,Lepus europaeus,Didelphis albiventris,Didelphis albiventris,Didelphis albiventris,Didelphis albiventris,Sylvilagus,Leporidae,1,Bajo
2293,Sylvilagus brasiliensis,Sylvilagus brasiliensis,Sylvilagus brasiliensis,Sylvilagus brasiliensis,Sylvilagus brasiliensis,Sylvilagus brasiliensis,Sylvilagus brasiliensis,Sylvilagus brasiliensis,Sylvilagus brasiliensis,Sylvilagus brasiliensis,Sylvilagus brasiliensis,Sylvilagus brasiliensis,Sylvilagus,Leporidae,1,Bajo
2294,Sylvilagus brasiliensis,Sylvilagus brasiliensis,Sylvilagus brasiliensis,Sylvilagus brasiliensis,Sylvilagus brasiliensis,Sylvilagus brasiliensis,Sylvilagus brasiliensis,Sylvilagus brasiliensis,Sylvilagus brasiliensis,Sylvilagus brasiliensis,Sylvilagus brasiliensis,Sylvilagus brasiliensis,Sylvilagus,Leporidae,1,Bajo
2295,Sylvilagus brasiliensis,Sylvilagus brasiliensis,Sylvilagus brasiliensis,Sylvilagus brasiliensis,Sylvilagus brasiliensis,Sylvilagus brasiliensis,Sylvilagus brasiliensis,Sylvilagus brasiliensis,Sylvilagus brasiliensis,Sylvilagus brasiliensis,Sylvilagus brasiliensis,Sylvilagus brasiliensis,Sylvilagus,Leporidae,1,Bajo
2296,Sylvilagus brasiliensis,Sylvilagus brasiliensis,Sylvilagus brasiliensis,Sylvilagus brasiliensis,Sylvilagus brasiliensis,Sylvilagus brasiliensis,Sylvilagus brasiliensis,Sylvilagus brasiliensis,Sylvilagus brasiliensis,Sylvilagus brasiliensis,Sylvilagus brasiliensis,Sylvilagus brasiliensis,Sylvilagus,Leporidae,1,Bajo
2297,Sylvilagus brasiliensis,Sylvilagus brasiliensis,Sylvilagus brasiliensis,Sylvilagus brasiliensis,Sylvilagus brasiliensis,Sylvilagus brasiliensis,Sylvilagus brasiliensis,Sylvilagus brasiliensis,Sylvilagus brasiliensis,Sylvilagus brasiliensis,Sylvilagus brasiliensis,Sylvilagus brasiliensis,Sylvilagus,Leporidae,1,Bajo
2298,Sylvilagus brasiliensis,Sylvilagus brasiliensis,Sylvilagus brasiliensis,Sylvilagus brasiliensis,Sylvilagus brasiliensis,Sylvilagus brasiliensis,Sylvilagus brasiliensis,Sylvilagus brasiliensis,Sylvilagus brasiliensis,Sylvilagus brasiliensis,Sylvilagus brasiliensis,Sylvilagus brasiliensis,Sylvilagus,Leporidae,1,Bajo
2299,Sylvilagus brasiliensis,Sylvilagus brasiliensis,Sylvilagus brasiliensis,Sylvilagus brasiliensis,Sylvilagus brasiliensis,Sylvilagus brasiliensis,Sylvilagus brasiliensis,Sylvilagus brasiliensis,Sylvilagus brasiliensis,Sylvilagus brasiliensis,Sylvilagus brasiliensis,Sylvilagus brasiliensis,Sylvilagus,Leporidae,1,Bajo
2301,Sylvilagus brasiliensis,Sylvilagus brasiliensis,Sylvilagus brasiliensis,Sylvilagus brasiliensis,Sylvilagus brasiliensis,Sylvilagus brasiliensis,Sylvilagus brasiliensis,Sylvilagus brasiliensis,Sylvilagus brasiliensis,Sylvilagus brasiliensis,Sylvilagus brasiliensis,Sylvilagus brasiliensis,Sylvilagus,Leporidae,1,Bajo
2302,Sylvilagus brasiliensis,Sylvilagus brasiliensis,Sylvilagus brasiliensis,Sylvilagus brasiliensis,Sylvilagus brasiliensis,Sylvilagus brasiliensis,Sylvilagus brasiliensis,Sylvilagus brasiliensis,Sylvilagus brasiliensis,Sylvilagus brasiliensis,Sylvilagus brasiliensis,Sylvilagus brasiliensis,Sylvilagus,Leporidae,1,Bajo
2303,Sylvilagus brasiliensis,Sylvilagus brasiliensis,Sylvilagus brasiliensis,Sylvilagus brasiliensis,Sylvilagus brasiliensis,Sylvilagus brasiliensis,Sylvilagus brasiliensis,Sylvilagus brasiliensis,Sylvilagus brasiliensis,Sylvilagus brasiliensis,Sylvilagus brasiliensis,Sylvilagus brasiliensis,Sylvilagus,Leporidae,1,Bajo
2304,Sylvilagus brasiliensis,Sylvilagus brasiliensis,Sylvilagus brasiliensis,Sylvilagus brasiliensis,Sylvilagus brasiliensis,Sylvilagus brasiliensis,Sylvilagus brasiliensis,Sylvilagus brasiliensis,Sylvilagus brasiliensis,Sylvilagus brasiliensis,Sylvilagus brasiliensis,Sylvilagus brasiliensis,Sylvilagus,Leporidae,1,Bajo
2305,Sylvilagus brasiliensis,Sylvilagus brasiliensis,Lepus europaeus,Lepus europaeus,Sylvilagus brasiliensis,Sylvilagus brasiliensis,Lepus europaeus,Sylvilagus brasiliensis,Lepus europaeus,Lepus europaeus,Lepus europaeus,Sylvilagus brasiliensis,Sylvilagus,Leporidae,1,Bajo
2306,Sylvilagus brasiliensis,Cabassous tatouay,Cuniculus paca,Cuniculus paca,Cuniculus paca,Sylvilagus brasiliensis,Sylvilagus brasiliensis,Lepus europaeus,Cuniculus paca,Cuniculus paca,Cuniculus paca,Cabassous tatouay,Sylvilagus,Leporidae,1,Bajo
2307,Sylvilagus brasiliensis,Sylvilagus brasiliensis,Lepus europaeus,Cuniculus paca,Cuniculus paca,Sylvilagus brasiliensis,Sylvilagus brasiliensis,Lepus europaeus,Lepus europaeus,Lepus europaeus,Lepus europaeus,Sylvilagus brasiliensis,Sylvilagus,Leporidae,1,Bajo
2308,Sylvilagus brasiliensis,Sylvilagus brasiliensis,Sylvilagus brasiliensis,Sylvilagus brasiliensis,Sylvilagus brasiliensis,Sylvilagus brasiliensis,Sylvilagus brasiliensis,Sylvilagus brasiliensis,Sylvilagus brasiliensis,Sylvilagus brasiliensis,Sylvilagus brasiliensis,Sylvilagus brasiliensis,Sylvilagus,Leporidae,1,Bajo
2309,Sylvilagus brasiliensis,Sylvilagus brasiliensis,Sylvilagus brasiliensis,Sylvilagus brasiliensis,Sylvilagus brasiliensis,Sylvilagus brasiliensis,Sylvilagus brasiliensis,Sylvilagus brasiliensis,Sylvilagus brasiliensis,Sylvilagus brasiliensis,Sylvilagus brasiliensis,Sylvilagus brasiliensis,Sylvilagus,Leporidae,1,Bajo
2310,Sylvilagus brasiliensis,Sylvilagus brasiliensis,Sylvilagus brasiliensis,Sylvilagus brasiliensis,Sylvilagus brasiliensis,Sylvilagus brasiliensis,Sylvilagus brasiliensis,Sylvilagus brasiliensis,Sylvilagus brasiliensis,Sylvilagus brasiliensis,Sylvilagus brasiliensis,Sylvilagus brasiliensis,Sylvilagus,Leporidae,1,Bajo
2311,Sylvilagus brasiliensis,Sylvilagus brasiliensis,Sylvilagus brasiliensis,Sylvilagus brasiliensis,Sylvilagus brasiliensis,Sylvilagus brasiliensis,Sylvilagus brasiliensis,Sylvilagus brasiliensis,Sylvilagus brasiliensis,Sylvilagus brasiliensis,Sylvilagus brasiliensis,Sylvilagus brasiliensis,Sylvilagus,Leporidae,1,Bajo
2313,Sylvilagus brasiliensis,Sylvilagus brasiliensis,Sylvilagus brasiliensis,Sylvilagus brasiliensis,Sylvilagus brasiliensis,Sylvilagus brasiliensis,Sylvilagus brasiliensis,Sylvilagus brasiliensis,Sylvilagus brasiliensis,Sylvilagus brasiliensis,Sylvilagus brasiliensis,Sylvilagus brasiliensis,Sylvilagus,Leporidae,1,Bajo
2314,Sylvilagus brasiliensis,Cuniculus paca,Lepus europaeus,Cuniculus paca,Cuniculus paca,Sylvilagus brasiliensis,Sylvilagus brasiliensis,Lepus europaeus,Lepus europaeus,Lepus europaeus,Lepus europaeus,Cuniculus paca,Sylvilagus,Leporidae,1,Bajo
2315,Sylvilagus brasiliensis,Cuniculus paca,Leopardus wiedii,Cuniculus paca,Cuniculus paca,Leopardus wiedii,Cerdocyon thous,Lepus europaeus,Leopardus wiedii,Leopardus wiedii,Leopardus wiedii,Cuniculus paca,Sylvilagus,Leporidae,1,Bajo
2316,Sylvilagus brasiliensis,Sylvilagus brasiliensis,Lepus europaeus,Lepus europaeus,Sylvilagus brasiliensis,Sylvilagus brasiliensis,Sylvilagus brasiliensis,Sylvilagus brasiliensis,Lepus europaeus,Lepus europaeus,Lepus europaeus,Sylvilagus brasiliensis,Sylvilagus,Leporidae,1,Bajo
2318,Sylvilagus brasiliensis,Sylvilagus brasiliensis,Sylvilagus brasiliensis,Sylvilagus brasiliensis,Sylvilagus brasiliensis,Sylvilagus brasiliensis,Didelphis albiventris,Sylvilagus brasiliensis,Sylvilagus brasiliensis,Sylvilagus brasiliensis,Sylvilagus brasiliensis,Sylvilagus brasiliensis,Sylvilagus,Leporidae,1,Bajo
2319,Baryphthengus ruficapillus,Baryphthengus ruficapillus,Baryphthengus ruficapillus,Amazona vinacea,Baryphthengus ruficapillus,Baryphthengus ruficapillus,Baryphthengus ruficapillus,Baryphthengus ruficapillus,Baryphthengus ruficapillus,Baryphthengus ruficapillus,Baryphthengus ruficapillus,Baryphthengus ruficapillus,Baryphthengus,Momotidae,3,Medio
2320,Baryphthengus ruficapillus,Baryphthengus ruficapillus,Baryphthengus ruficapillus,Baryphthengus ruficapillus,Baryphthengus ruficapillus,Baryphthengus ruficapillus,Baryphthengus ruficapillus,Baryphthengus ruficapillus,Baryphthengus ruficapillus,Baryphthengus ruficapillus,Baryphthengus ruficapillus,Baryphthengus ruficapillus,Baryphthengus,Momotidae,3,Medio
2321,Baryphthengus ruficapillus,Baryphthengus ruficapillus,Baryphthengus ruficapillus,Baryphthengus ruficapillus,Baryphthengus ruficapillus,Baryphthengus ruficapillus,Baryphthengus ruficapillus,Baryphthengus ruficapillus,Baryphthengus ruficapillus,Baryphthengus ruficapillus,Baryphthengus ruficapillus,Baryphthengus ruficapillus,Baryphthengus,Momotidae,3,Medio
2322,Baryphthengus ruficapillus,Baryphthengus ruficapillus,Baryphthengus ruficapillus,Baryphthengus ruficapillus,Baryphthengus ruficapillus,Baryphthengus ruficapillus,Baryphthengus ruficapillus,Baryphthengus ruficapillus,Baryphthengus ruficapillus,Baryphthengus ruficapillus,Baryphthengus ruficapillus,Baryphthengus ruficapillus,Baryphthengus,Momotidae,3,Medio
2323,Baryphthengus ruficapillus,Baryphthengus ruficapillus,Baryphthengus ruficapillus,Baryphthengus ruficapillus,Baryphthengus ruficapillus,Baryphthengus ruficapillus,Baryphthengus ruficapillus,Baryphthengus ruficapillus,Baryphthengus ruficapillus,Baryphthengus ruficapillus,Baryphthengus ruficapillus,Baryphthengus ruficapillus,Baryphthengus,Momotidae,3,Medio
2324,Baryphthengus ruficapillus,Synallaxis ruficapilla,Myiothlypis leucoblephara,Myiothlypis leucoblephara,Myiothlypis leucoblephara,Synallaxis ruficapilla,Myiothlypis leucoblephara,Synallaxis ruficapilla,Myiothlypis leucoblephara,Myiothlypis leucoblephara,Myiothlypis leucoblephara,Synallaxis ruficapilla,Baryphthengus,Momotidae,3,Medio
2325,Baryphthengus ruficapillus,Baryphthengus ruficapillus,Baryphthengus ruficapillus,Baryphthengus ruficapillus,Baryphthengus ruficapillus,Baryphthengus ruficapillus,Baryphthengus ruficapillus,Baryphthengus ruficapillus,Baryphthengus ruficapillus,Baryphthengus ruficapillus,Baryphthengus ruficapillus,Baryphthengus ruficapillus,Baryphthengus,Momotidae,3,Medio
2326,Baryphthengus ruficapillus,Baryphthengus ruficapillus,Baryphthengus ruficapillus,Baryphthengus ruficapillus,Baryphthengus ruficapillus,Baryphthengus ruficapillus,Baryphthengus ruficapillus,Baryphthengus ruficapillus,Baryphthengus ruficapillus,Baryphthengus ruficapillus,Baryphthengus ruficapillus,Baryphthengus ruficapillus,Baryphthengus,Momotidae,3,Medio
2328,Baryphthengus ruficapillus,Baryphthengus ruficapillus,Baryphthengus ruficapillus,Baryphthengus ruficapillus,Baryphthengus ruficapillus,Baryphthengus ruficapillus,Baryphthengus ruficapillus,Baryphthengus ruficapillus,Baryphthengus ruficapillus,Baryphthengus ruficapillus,Baryphthengus ruficapillus,Baryphthengus ruficapillus,Baryphthengus,Momotidae,3,Medio
2329,Baryphthengus ruficapillus,Baryphthengus ruficapillus,Baryphthengus ruficapillus,Baryphthengus ruficapillus,Baryphthengus ruficapillus,Baryphthengus ruficapillus,Baryphthengus ruficapillus,Baryphthengus ruficapillus,Baryphthengus ruficapillus,Baryphthengus ruficapillus,Baryphthengus ruficapillus,Baryphthengus ruficapillus,Baryphthengus,Momotidae,3,Medio
2330,Baryphthengus ruficapillus,Baryphthengus ruficapillus,Baryphthengus ruficapillus,Baryphthengus ruficapillus,Baryphthengus ruficapillus,Baryphthengus ruficapillus,Baryphthengus ruficapillus,Baryphthengus ruficapillus,Baryphthengus ruficapillus,Baryphthengus ruficapillus,Baryphthengus ruficapillus,Baryphthengus ruficapillus,Baryphthengus,Momotidae,3,Medio
2332,Baryphthengus ruficapillus,Baryphthengus ruficapillus,Baryphthengus ruficapillus,Baryphthengus ruficapillus,Baryphthengus ruficapillus,Baryphthengus ruficapillus,Baryphthengus ruficapillus,Baryphthengus ruficapillus,Baryphthengus ruficapillus,Baryphthengus ruficapillus,Baryphthengus ruficapillus,Baryphthengus ruficapillus,Baryphthengus,Momotidae,3,Medio
2333,Baryphthengus ruficapillus,Baryphthengus ruficapillus,Baryphthengus ruficapillus,Baryphthengus ruficapillus,Cyanocorax chrysops,Baryphthengus ruficapillus,Baryphthengus ruficapillus,Baryphthengus ruficapillus,Baryphthengus ruficapillus,Baryphthengus ruficapillus,Baryphthengus ruficapillus,Baryphthengus ruficapillus,Baryphthengus,Momotidae,3,Medio
2335,Baryphthengus ruficapillus,Baryphthengus ruficapillus,Baryphthengus ruficapillus,Baryphthengus ruficapillus,Baryphthengus ruficapillus,Baryphthengus ruficapillus,Baryphthengus ruficapillus,Baryphthengus ruficapillus,Baryphthengus ruficapillus,Baryphthengus ruficapillus,Baryphthengus ruficapillus,Baryphthengus ruficapillus,Baryphthengus,Momotidae,3,Medio
2336,Baryphthengus ruficapillus,Baryphthengus ruficapillus,Baryphthengus ruficapillus,Baryphthengus ruficapillus,Baryphthengus ruficapillus,Baryphthengus ruficapillus,Baryphthengus ruficapillus,Baryphthengus ruficapillus,Baryphthengus ruficapillus,Baryphthengus ruficapillus,Baryphthengus ruficapillus,Baryphthengus ruficapillus,Baryphthengus,Momotidae,3,Medio
2337,Baryphthengus ruficapillus,Baryphthengus ruficapillus,Hypoedaleus guttatus,Baryphthengus ruficapillus,Baryphthengus ruficapillus,Baryphthengus ruficapillus,Baryphthengus ruficapillus,Pyriglena leucoptera,Hypoedaleus guttatus,Hypoedaleus guttatus,Hypoedaleus guttatus,Baryphthengus ruficapillus,Baryphthengus,Momotidae,3,Medio
2338,Baryphthengus ruficapillus,Baryphthengus ruficapillus,Baryphthengus ruficapillus,Baryphthengus ruficapillus,Baryphthengus ruficapillus,Baryphthengus ruficapillus,Baryphthengus ruficapillus,Baryphthengus ruficapillus,Baryphthengus ruficapillus,Baryphthengus ruficapillus,Baryphthengus ruficapillus,Baryphthengus ruficapillus,Baryphthengus,Momotidae,3,Medio
2339,Baryphthengus ruficapillus,Baryphthengus ruficapillus,Baryphthengus ruficapillus,Baryphthengus ruficapillus,Baryphthengus ruficapillus,Baryphthengus ruficapillus,Baryphthengus ruficapillus,Baryphthengus ruficapillus,Baryphthengus ruficapillus,Baryphthengus ruficapillus,Baryphthengus ruficapillus,Baryphthengus ruficapillus,Baryphthengus,Momotidae,3,Medio
2340,Baryphthengus ruficapillus,Baryphthengus ruficapillus,Baryphthengus ruficapillus,Baryphthengus ruficapillus,Baryphthengus ruficapillus,Baryphthengus ruficapillus,Baryphthengus ruficapillus,Baryphthengus ruficapillus,Baryphthengus ruficapillus,Baryphthengus ruficapillus,Baryphthengus ruficapillus,Baryphthengus ruficapillus,Baryphthengus,Momotidae,3,Medio
2341,Baryphthengus ruficapillus,Baryphthengus ruficapillus,Baryphthengus ruficapillus,Baryphthengus ruficapillus,Baryphthengus ruficapillus,Baryphthengus ruficapillus,Baryphthengus ruficapillus,Baryphthengus ruficapillus,Baryphthengus ruficapillus,Baryphthengus ruficapillus,Baryphthengus ruficapillus,Baryphthengus ruficapillus,Baryphthengus,Momotidae,3,Medio
2342,Baryphthengus ruficapillus,Baryphthengus ruficapillus,Baryphthengus ruficapillus,Baryphthengus ruficapillus,Baryphthengus ruficapillus,Baryphthengus ruficapillus,Baryphthengus ruficapillus,Baryphthengus ruficapillus,Baryphthengus ruficapillus,Baryphthengus ruficapillus,Baryphthengus ruficapillus,Baryphthengus ruficapillus,Baryphthengus,Momotidae,3,Medio
2343,Baryphthengus ruficapillus,Baryphthengus ruficapillus,Baryphthengus ruficapillus,Baryphthengus ruficapillus,Baryphthengus ruficapillus,Baryphthengus ruficapillus,Baryphthengus ruficapillus,Baryphthengus ruficapillus,Baryphthengus ruficapillus,Baryphthengus ruficapillus,Baryphthengus ruficapillus,Baryphthengus ruficapillus,Baryphthengus,Momotidae,3,Medio
2344,Baryphthengus ruficapillus,Baryphthengus ruficapillus,Baryphthengus ruficapillus,Baryphthengus ruficapillus,Baryphthengus ruficapillus,Baryphthengus ruficapillus,Baryphthengus ruficapillus,Baryphthengus ruficapillus,Baryphthengus ruficapillus,Baryphthengus ruficapillus,Baryphthengus ruficapillus,Baryphthengus ruficapillus,Baryphthengus,Momotidae,3,Medio
2345,Baryphthengus ruficapillus,Baryphthengus ruficapillus,Baryphthengus ruficapillus,Baryphthengus ruficapillus,Baryphthengus ruficapillus,Baryphthengus ruficapillus,Baryphthengus ruficapillus,Baryphthengus ruficapillus,Baryphthengus ruficapillus,Baryphthengus ruficapillus,Baryphthengus ruficapillus,Baryphthengus ruficapillus,Baryphthengus,Momotidae,3,Medio
2346,Baryphthengus ruficapillus,Baryphthengus ruficapillus,Baryphthengus ruficapillus,Baryphthengus ruficapillus,Baryphthengus ruficapillus,Baryphthengus ruficapillus,Baryphthengus ruficapillus,Baryphthengus ruficapillus,Baryphthengus ruficapillus,Baryphthengus ruficapillus,Baryphthengus ruficapillus,Baryphthengus ruficapillus,Baryphthengus,Momotidae,3,Medio
2347,Baryphthengus ruficapillus,Baryphthengus ruficapillus,Baryphthengus ruficapillus,Baryphthengus ruficapillus,Baryphthengus ruficapillus,Baryphthengus ruficapillus,Baryphthengus ruficapillus,Baryphthengus ruficapillus,Baryphthengus ruficapillus,Baryphthengus ruficapillus,Baryphthengus ruficapillus,Baryphthengus ruficapillus,Baryphthengus,Momotidae,3,Medio
2348,Baryphthengus ruficapillus,Baryphthengus ruficapillus,Baryphthengus ruficapillus,Baryphthengus ruficapillus,Baryphthengus ruficapillus,Baryphthengus ruficapillus,Baryphthengus ruficapillus,Baryphthengus ruficapillus,Baryphthengus ruficapillus,Baryphthengus ruficapillus,Baryphthengus ruficapillus,Baryphthengus ruficapillus,Baryphthengus,Momotidae,3,Medio
2349,Baryphthengus ruficapillus,Baryphthengus ruficapillus,Baryphthengus ruficapillus,Baryphthengus ruficapillus,Baryphthengus ruficapillus,Baryphthengus ruficapillus,Baryphthengus ruficapillus,Baryphthengus ruficapillus,Baryphthengus ruficapillus,Baryphthengus ruficapillus,Baryphthengus ruficapillus,Baryphthengus ruficapillus,Baryphthengus,Momotidae,3,Medio
2350,Baryphthengus ruficapillus,Baryphthengus ruficapillus,Baryphthengus ruficapillus,Baryphthengus ruficapillus,Baryphthengus ruficapillus,Baryphthengus ruficapillus,Baryphthengus ruficapillus,Baryphthengus ruficapillus,Baryphthengus ruficapillus,Baryphthengus ruficapillus,Baryphthengus ruficapillus,Baryphthengus ruficapillus,Baryphthengus,Momotidae,3,Medio
2351,Baryphthengus ruficapillus,Baryphthengus ruficapillus,Baryphthengus ruficapillus,Baryphthengus ruficapillus,Baryphthengus ruficapillus,Baryphthengus ruficapillus,Baryphthengus ruficapillus,Baryphthengus ruficapillus,Baryphthengus ruficapillus,Baryphthengus ruficapillus,Baryphthengus ruficapillus,Baryphthengus ruficapillus,Baryphthengus,Momotidae,3,Medio
2352,Baryphthengus ruficapillus,Baryphthengus ruficapillus,Baryphthengus ruficapillus,Baryphthengus ruficapillus,Baryphthengus ruficapillus,Baryphthengus ruficapillus,Baryphthengus ruficapillus,Baryphthengus ruficapillus,Baryphthengus ruficapillus,Baryphthengus ruficapillus,Baryphthengus ruficapillus,Baryphthengus ruficapillus,Baryphthengus,Momotidae,3,Medio
2353,Baryphthengus ruficapillus,Biatas nigropectus,Baryphthengus ruficapillus,Baryphthengus ruficapillus,Baryphthengus ruficapillus,Baryphthengus ruficapillus,Baryphthengus ruficapillus,Baryphthengus ruficapillus,Baryphthengus ruficapillus,Baryphthengus ruficapillus,Baryphthengus ruficapillus,Biatas nigropectus,Baryphthengus,Momotidae,3,Medio
2354,Baryphthengus ruficapillus,Baryphthengus ruficapillus,Baryphthengus ruficapillus,Baryphthengus ruficapillus,Baryphthengus ruficapillus,Baryphthengus ruficapillus,Baryphthengus ruficapillus,Baryphthengus ruficapillus,Baryphthengus ruficapillus,Baryphthengus ruficapillus,Baryphthengus ruficapillus,Baryphthengus ruficapillus,Baryphthengus,Momotidae,3,Medio
2356,Baryphthengus ruficapillus,Baryphthengus ruficapillus,Baryphthengus ruficapillus,Baryphthengus ruficapillus,Baryphthengus ruficapillus,Baryphthengus ruficapillus,Baryphthengus ruficapillus,Baryphthengus ruficapillus,Baryphthengus ruficapillus,Baryphthengus ruficapillus,Baryphthengus ruficapillus,Baryphthengus ruficapillus,Baryphthengus,Momotidae,3,Medio
2357,Baryphthengus ruficapillus,Baryphthengus ruficapillus,Baryphthengus ruficapillus,Baryphthengus ruficapillus,Baryphthengus ruficapillus,Baryphthengus ruficapillus,Baryphthengus ruficapillus,Baryphthengus ruficapillus,Baryphthengus ruficapillus,Baryphthengus ruficapillus,Baryphthengus ruficapillus,Baryphthengus ruficapillus,Baryphthengus,Momotidae,3,Medio
2359,Baryphthengus ruficapillus,Baryphthengus ruficapillus,Baryphthengus ruficapillus,Baryphthengus ruficapillus,Baryphthengus ruficapillus,Baryphthengus ruficapillus,Baryphthengus ruficapillus,Baryphthengus ruficapillus,Baryphthengus ruficapillus,Baryphthengus ruficapillus,Baryphthengus ruficapillus,Baryphthengus ruficapillus,Baryphthengus,Momotidae,3,Medio
2360,Baryphthengus ruficapillus,Baryphthengus ruficapillus,Baryphthengus ruficapillus,Baryphthengus ruficapillus,Baryphthengus ruficapillus,Baryphthengus ruficapillus,Baryphthengus ruficapillus,Baryphthengus ruficapillus,Baryphthengus ruficapillus,Baryphthengus ruficapillus,Baryphthengus ruficapillus,Baryphthengus ruficapillus,Baryphthengus,Momotidae,3,Medio
2361,Baryphthengus ruficapillus,Baryphthengus ruficapillus,Baryphthengus ruficapillus,Baryphthengus ruficapillus,Baryphthengus ruficapillus,Baryphthengus ruficapillus,Baryphthengus ruficapillus,Baryphthengus ruficapillus,Baryphthengus ruficapillus,Baryphthengus ruficapillus,Baryphthengus ruficapillus,Baryphthengus ruficapillus,Baryphthengus,Momotidae,3,Medio
2362,Baryphthengus ruficapillus,Baryphthengus ruficapillus,Amazona aestiva,Amazona aestiva,Amazona aestiva,Baryphthengus ruficapillus,Baryphthengus ruficapillus,Baryphthengus ruficapillus,Amazona aestiva,Amazona aestiva,Amazona aestiva,Baryphthengus ruficapillus,Baryphthengus,Momotidae,3,Medio
2363,Baryphthengus ruficapillus,Baryphthengus ruficapillus,Baryphthengus ruficapillus,Baryphthengus ruficapillus,Baryphthengus ruficapillus,Baryphthengus ruficapillus,Baryphthengus ruficapillus,Baryphthengus ruficapillus,Baryphthengus ruficapillus,Baryphthengus ruficapillus,Baryphthengus ruficapillus,Baryphthengus ruficapillus,Baryphthengus,Momotidae,3,Medio
2364,Baryphthengus ruficapillus,Baryphthengus ruficapillus,Baryphthengus ruficapillus,Baryphthengus ruficapillus,Baryphthengus ruficapillus,Baryphthengus ruficapillus,Baryphthengus ruficapillus,Baryphthengus ruficapillus,Baryphthengus ruficapillus,Baryphthengus ruficapillus,Baryphthengus ruficapillus,Baryphthengus ruficapillus,Baryphthengus,Momotidae,3,Medio
2365,Baryphthengus ruficapillus,Baryphthengus ruficapillus,Baryphthengus ruficapillus,Baryphthengus ruficapillus,Baryphthengus ruficapillus,Baryphthengus ruficapillus,Baryphthengus ruficapillus,Baryphthengus ruficapillus,Baryphthengus ruficapillus,Baryphthengus ruficapillus,Baryphthengus ruficapillus,Baryphthengus ruficapillus,Baryphthengus,Momotidae,3,Medio
2366,Baryphthengus ruficapillus,Baryphthengus ruficapillus,Baryphthengus ruficapillus,Baryphthengus ruficapillus,Baryphthengus ruficapillus,Baryphthengus ruficapillus,Baryphthengus ruficapillus,Baryphthengus ruficapillus,Baryphthengus ruficapillus,Baryphthengus ruficapillus,Baryphthengus ruficapillus,Baryphthengus ruficapillus,Baryphthengus,Momotidae,3,Medio
2367,Baryphthengus ruficapillus,Baryphthengus ruficapillus,Baryphthengus ruficapillus,Baryphthengus ruficapillus,Baryphthengus ruficapillus,Baryphthengus ruficapillus,Baryphthengus ruficapillus,Baryphthengus ruficapillus,Baryphthengus ruficapillus,Baryphthengus ruficapillus,Baryphthengus ruficapillus,Baryphthengus ruficapillus,Baryphthengus,Momotidae,3,Medio
2368,Baryphthengus ruficapillus,Baryphthengus ruficapillus,Baryphthengus ruficapillus,Baryphthengus ruficapillus,Baryphthengus ruficapillus,Baryphthengus ruficapillus,Baryphthengus ruficapillus,Baryphthengus ruficapillus,Baryphthengus ruficapillus,Baryphthengus ruficapillus,Baryphthengus ruficapillus,Baryphthengus ruficapillus,Baryphthengus,Momotidae,3,Medio
2370,Baryphthengus ruficapillus,Baryphthengus ruficapillus,Baryphthengus ruficapillus,Baryphthengus ruficapillus,Baryphthengus ruficapillus,Baryphthengus ruficapillus,Baryphthengus ruficapillus,Baryphthengus ruficapillus,Baryphthengus ruficapillus,Baryphthengus ruficapillus,Baryphthengus ruficapillus,Baryphthengus ruficapillus,Baryphthengus,Momotidae,3,Medio
2371,Baryphthengus ruficapillus,Biatas nigropectus,Biatas nigropectus,Biatas nigropectus,Biatas nigropectus,Biatas nigropectus,Baryphthengus ruficapillus,Notharchus swainsoni,Biatas nigropectus,Biatas nigropectus,Biatas nigropectus,Biatas nigropectus,Baryphthengus,Momotidae,3,Medio
2373,Baryphthengus ruficapillus,Baryphthengus ruficapillus,Baryphthengus ruficapillus,Baryphthengus ruficapillus,Baryphthengus ruficapillus,Baryphthengus ruficapillus,Baryphthengus ruficapillus,Baryphthengus ruficapillus,Baryphthengus ruficapillus,Baryphthengus ruficapillus,Baryphthengus ruficapillus,Baryphthengus ruficapillus,Baryphthengus,Momotidae,3,Medio
2374,Baryphthengus ruficapillus,Baryphthengus ruficapillus,Baryphthengus ruficapillus,Baryphthengus ruficapillus,Baryphthengus ruficapillus,Baryphthengus ruficapillus,Baryphthengus ruficapillus,Baryphthengus ruficapillus,Baryphthengus ruficapillus,Baryphthengus ruficapillus,Baryphthengus ruficapillus,Baryphthengus ruficapillus,Baryphthengus,Momotidae,3,Medio
2377,Baryphthengus ruficapillus,Baryphthengus ruficapillus,Baryphthengus ruficapillus,Baryphthengus ruficapillus,Baryphthengus ruficapillus,Baryphthengus ruficapillus,Baryphthengus ruficapillus,Baryphthengus ruficapillus,Baryphthengus ruficapillus,Baryphthengus ruficapillus,Baryphthengus ruficapillus,Baryphthengus ruficapillus,Baryphthengus,Momotidae,3,Medio
2378,Baryphthengus ruficapillus,Baryphthengus ruficapillus,Baryphthengus ruficapillus,Baryphthengus ruficapillus,Baryphthengus ruficapillus,Baryphthengus ruficapillus,Baryphthengus ruficapillus,Baryphthengus ruficapillus,Baryphthengus ruficapillus,Baryphthengus ruficapillus,Baryphthengus ruficapillus,Baryphthengus ruficapillus,Baryphthengus,Momotidae,3,Medio
2380,Baryphthengus ruficapillus,Baryphthengus ruficapillus,Baryphthengus ruficapillus,Baryphthengus ruficapillus,Notharchus swainsoni,Notharchus swainsoni,Baryphthengus ruficapillus,Notharchus swainsoni,Baryphthengus ruficapillus,Baryphthengus ruficapillus,Baryphthengus ruficapillus,Baryphthengus ruficapillus,Baryphthengus,Momotidae,3,Medio
2382,Baryphthengus ruficapillus,Baryphthengus ruficapillus,Baryphthengus ruficapillus,Baryphthengus ruficapillus,Baryphthengus ruficapillus,Baryphthengus ruficapillus,Baryphthengus ruficapillus,Baryphthengus ruficapillus,Baryphthengus ruficapillus,Baryphthengus ruficapillus,Baryphthengus ruficapillus,Baryphthengus ruficapillus,Baryphthengus,Momotidae,3,Medio
2384,Baryphthengus ruficapillus,Baryphthengus ruficapillus,Baryphthengus ruficapillus,Baryphthengus ruficapillus,Baryphthengus ruficapillus,Baryphthengus ruficapillus,Baryphthengus ruficapillus,Baryphthengus ruficapillus,Baryphthengus ruficapillus,Baryphthengus ruficapillus,Baryphthengus ruficapillus,Baryphthengus ruficapillus,Baryphthengus,Momotidae,3,Medio
2385,Baryphthengus ruficapillus,Baryphthengus ruficapillus,Baryphthengus ruficapillus,Baryphthengus ruficapillus,Baryphthengus ruficapillus,Baryphthengus ruficapillus,Baryphthengus ruficapillus,Baryphthengus ruficapillus,Baryphthengus ruficapillus,Baryphthengus ruficapillus,Baryphthengus ruficapillus,Baryphthengus ruficapillus,Baryphthengus,Momotidae,3,Medio
2387,Baryphthengus ruficapillus,Baryphthengus ruficapillus,Baryphthengus ruficapillus,Baryphthengus ruficapillus,Baryphthengus ruficapillus,Baryphthengus ruficapillus,Baryphthengus ruficapillus,Baryphthengus ruficapillus,Baryphthengus ruficapillus,Baryphthengus ruficapillus,Baryphthengus ruficapillus,Baryphthengus ruficapillus,Baryphthengus,Momotidae,3,Medio
2388,Eira barbara,Eira barbara,Eira barbara,Eira barbara,Eira barbara,Eira barbara,Eira barbara,Eira barbara,Eira barbara,Eira barbara,Eira barbara,Eira barbara,Eira,Mustelidae,2,Bajo
2389,Eira barbara,Galictis cuja,Galictis cuja,Eira barbara,Nasua nasua,Galictis cuja,Galictis cuja,Eira barbara,Galictis cuja,Galictis cuja,Galictis cuja,Galictis cuja,Eira,Mustelidae,2,Bajo
2390,Eira barbara,Eira barbara,Eira barbara,Eira barbara,Eira barbara,Eira barbara,Eira barbara,Eira barbara,Eira barbara,Eira barbara,Eira barbara,Eira barbara,Eira,Mustelidae,2,Bajo
2391,Eira barbara,Eira barbara,Dasyprocta azarae,Dasyprocta azarae,Eira barbara,Eira barbara,Eira barbara,Eira barbara,Dasyprocta azarae,Dasyprocta azarae,Dasyprocta azarae,Eira barbara,Eira,Mustelidae,2,Bajo
2392,Eira barbara,Galictis cuja,Galictis cuja,Galictis cuja,Tamandua tetradactyla,Galictis cuja,Galictis cuja,Galictis cuja,Galictis cuja,Galictis cuja,Galictis cuja,Galictis cuja,Eira,Mustelidae,2,Bajo
2395,Eira barbara,Eira barbara,Eira barbara,Dasyprocta azarae,Eira barbara,Eira barbara,Eira barbara,Eira barbara,Eira barbara,Eira barbara,Eira barbara,Eira barbara,Eira,Mustelidae,2,Bajo
2396,Eira barbara,Eira barbara,Eira barbara,Eira barbara,Eira barbara,Eira barbara,Eira barbara,Eira barbara,Eira barbara,Eira barbara,Eira barbara,Eira barbara,Eira,Mustelidae,2,Bajo
2398,Eira barbara,Eira barbara,Eira barbara,Eira barbara,Eira barbara,Eira barbara,Eira barbara,Eira barbara,Eira barbara,Eira barbara,Eira barbara,Eira barbara,Eira,Mustelidae,2,Bajo
2399,Eira barbara,Eira barbara,Eira barbara,Eira barbara,Eira barbara,Eira barbara,Eira barbara,Eira barbara,Eira barbara,Eira barbara,Eira barbara,Eira barbara,Eira,Mustelidae,2,Bajo
2400,Eira barbara,Eira barbara,Eira barbara,Eira barbara,Eira barbara,Eira barbara,Eira barbara,Eira barbara,Eira barbara,Eira barbara,Eira barbara,Eira barbara,Eira,Mustelidae,2,Bajo
2401,Eira barbara,Eira barbara,Eira barbara,Eira barbara,Eira barbara,Eira barbara,Eira barbara,Eira barbara,Eira barbara,Eira barbara,Eira barbara,Eira barbara,Eira,Mustelidae,2,Bajo
2402,Eira barbara,Eira barbara,Eira barbara,Eira barbara,Eira barbara,Eira barbara,Eira barbara,Eira barbara,Eira barbara,Eira barbara,Eira barbara,Eira barbara,Eira,Mustelidae,2,Bajo
2403,Eira barbara,Eira barbara,Eira barbara,Eira barbara,Eira barbara,Eira barbara,Eira barbara,Eira barbara,Eira barbara,Eira barbara,Eira barbara,Eira barbara,Eira,Mustelidae,2,Bajo
2404,Eira barbara,Eira barbara,Eira barbara,Eira barbara,Eira barbara,Eira barbara,Eira barbara,Eira barbara,Eira barbara,Eira barbara,Eira barbara,Eira barbara,Eira,Mustelidae,2,Bajo
2405,Eira barbara,Eira barbara,Eira barbara,Eira barbara,Eira barbara,Eira barbara,Eira barbara,Eira barbara,Eira barbara,Eira barbara,Eira barbara,Eira barbara,Eira,Mustelidae,2,Bajo
2406,Eira barbara,Eira barbara,Eira barbara,Eira barbara,Eira barbara,Eira barbara,Eira barbara,Eira barbara,Eira barbara,Eira barbara,Eira barbara,Eira barbara,Eira,Mustelidae,2,Bajo
2407,Eira barbara,Tayassu pecari,Herpailurus yagouaroundi,Herpailurus yagouaroundi,Penelope superciliaris,Pipile jacutinga,Penelope superciliaris,Galictis cuja,Herpailurus yagouaroundi,Herpailurus yagouaroundi,Herpailurus yagouaroundi,Tayassu pecari,Eira,Mustelidae,2,Bajo
2408,Eira barbara,Eira barbara,Eira barbara,Eira barbara,Eira barbara,Eira barbara,Eira barbara,Eira barbara,Eira barbara,Eira barbara,Eira barbara,Eira barbara,Eira,Mustelidae,2,Bajo
2409,Eira barbara,Eira barbara,Eira barbara,Eira barbara,Eira barbara,Eira barbara,Eira barbara,Eira barbara,Eira barbara,Eira barbara,Eira barbara,Eira barbara,Eira,Mustelidae,2,Bajo
2410,Eira barbara,Eira barbara,Eira barbara,Eira barbara,Eira barbara,Eira barbara,Eira barbara,Eira barbara,Eira barbara,Eira barbara,Eira barbara,Eira barbara,Eira,Mustelidae,2,Bajo
2411,Eira barbara,Eira barbara,Eira barbara,Eira barbara,Eira barbara,Eira barbara,Eira barbara,Eira barbara,Eira barbara,Eira barbara,Eira barbara,Eira barbara,Eira,Mustelidae,2,Bajo
2412,Eira barbara,Eira barbara,Eira barbara,Eira barbara,Sapajus nigritus,Eira barbara,Eira barbara,Eira barbara,Eira barbara,Eira barbara,Eira barbara,Eira barbara,Eira,Mustelidae,2,Bajo
2413,Eira barbara,Eira barbara,Eira barbara,Eira barbara,Eira barbara,Eira barbara,Eira barbara,Eira barbara,Eira barbara,Eira barbara,Eira barbara,Eira barbara,Eira,Mustelidae,2,Bajo
2414,Eira barbara,Eira barbara,Eira barbara,Eira barbara,Eira barbara,Eira barbara,Eira barbara,Eira barbara,Eira barbara,Eira barbara,Eira barbara,Eira barbara,Eira,Mustelidae,2,Bajo
2415,Eira barbara,Eira barbara,Eira barbara,Eira barbara,Eira barbara,Nasua nasua,Eira barbara,Nasua nasua,Eira barbara,Eira barbara,Eira barbara,Eira barbara,Eira,Mustelidae,2,Bajo
2417,Eira barbara,Eira barbara,Eira barbara,Eira barbara,Eira barbara,Eira barbara,Eira barbara,Eira barbara,Eira barbara,Eira barbara,Eira barbara,Eira barbara,Eira,Mustelidae,2,Bajo
2419,Eira barbara,Galictis cuja,Galictis cuja,Galictis cuja,Galictis cuja,Galictis cuja,Galictis cuja,Galictis cuja,Galictis cuja,Galictis cuja,Galictis cuja,Galictis cuja,Eira,Mustelidae,2,Bajo
2420,Eira barbara,Galictis cuja,Didelphis aurita,Didelphis aurita,Didelphis aurita,Cerdocyon thous,Eira barbara,Didelphis aurita,Didelphis aurita,Didelphis aurita,Didelphis aurita,Galictis cuja,Eira,Mustelidae,2,Bajo
2421,Eira barbara,Puma concolor,Dasyprocta azarae,Dasyprocta azarae,Leopardus wiedii,Puma concolor,Eira barbara,Panthera onca,Dasyprocta azarae,Dasyprocta azarae,Dasyprocta azarae,Puma concolor,Eira,Mustelidae,2,Bajo
2423,Eira barbara,Eira barbara,Eira barbara,Eira barbara,Eira barbara,Eira barbara,Eira barbara,Eira barbara,Eira barbara,Eira barbara,Eira barbara,Eira barbara,Eira,Mustelidae,2,Bajo
2424,Eira barbara,Eira barbara,Eira barbara,Eira barbara,Eira barbara,Eira barbara,Eira barbara,Eira barbara,Eira barbara,Eira barbara,Eira barbara,Eira barbara,Eira,Mustelidae,2,Bajo
2425,Eira barbara,Eira barbara,Eira barbara,Eira barbara,Eira barbara,Eira barbara,Eira barbara,Eira barbara,Eira barbara,Eira barbara,Eira barbara,Eira barbara,Eira,Mustelidae,2,Bajo
2426,Eira barbara,Eira barbara,Eira barbara,Eira barbara,Eira barbara,Eira barbara,Eira barbara,Eira barbara,Eira barbara,Eira barbara,Eira barbara,Eira barbara,Eira,Mustelidae,2,Bajo
2428,Eira barbara,Eira barbara,Eira barbara,Eira barbara,Eira barbara,Eira barbara,Eira barbara,Eira barbara,Eira barbara,Eira barbara,Eira barbara,Eira barbara,Eira,Mustelidae,2,Bajo
2430,Eira barbara,Eira barbara,Herpailurus yagouaroundi,Eira barbara,Eira barbara,Eira barbara,Eira barbara,Eira barbara,Herpailurus yagouaroundi,Herpailurus yagouaroundi,Herpailurus yagouaroundi,Eira barbara,Eira,Mustelidae,2,Bajo
2431,Eira barbara,Eira barbara,Eira barbara,Eira barbara,Eira barbara,Eira barbara,Eira barbara,Eira barbara,Eira barbara,Eira barbara,Eira barbara,Eira barbara,Eira,Mustelidae,2,Bajo
2432,Eira barbara,Eira barbara,Eira barbara,Eira barbara,Eira barbara,Eira barbara,Eira barbara,Eira barbara,Eira barbara,Eira barbara,Eira barbara,Eira barbara,Eira,Mustelidae,2,Bajo
2434,Eira barbara,Eira barbara,Eira barbara,Eira barbara,Eira barbara,Eira barbara,Eira barbara,Eira barbara,Eira barbara,Eira barbara,Eira barbara,Eira barbara,Eira,Mustelidae,2,Bajo
2435,Eira barbara,Eira barbara,Procyon cancrivorus,Dasyprocta azarae,Cuniculus paca,Eira barbara,Eira barbara,Eira barbara,Procyon cancrivorus,Procyon cancrivorus,Procyon cancrivorus,Eira barbara,Eira,Mustelidae,2,Bajo
2436,Eira barbara,Eira barbara,Eira barbara,Eira barbara,Eira barbara,Eira barbara,Eira barbara,Eira barbara,Eira barbara,Eira barbara,Eira barbara,Eira barbara,Eira,Mustelidae,2,Bajo
2437,Eira barbara,Herpailurus yagouaroundi,Herpailurus yagouaroundi,Herpailurus yagouaroundi,Herpailurus yagouaroundi,Galictis cuja,Galictis cuja,Herpailurus yagouaroundi,Herpailurus yagouaroundi,Herpailurus yagouaroundi,Herpailurus yagouaroundi,Herpailurus yagouaroundi,Eira,Mustelidae,2,Bajo
2440,Eira barbara,Eira barbara,Eira barbara,Eira barbara,Eira barbara,Eira barbara,Eira barbara,Eira barbara,Eira barbara,Eira barbara,Eira barbara,Eira barbara,Eira,Mustelidae,2,Bajo
2443,Eira barbara,Myrmecophaga tridactyla,Myrmecophaga tridactyla,Eira barbara,Eira barbara,Myrmecophaga tridactyla,Myrmecophaga tridactyla,Eira barbara,Myrmecophaga tridactyla,Myrmecophaga tridactyla,Myrmecophaga tridactyla,Myrmecophaga tridactyla,Eira,Mustelidae,2,Bajo
2444,Eira barbara,Eira barbara,Eira barbara,Eira barbara,Eira barbara,Eira barbara,Eira barbara,Eira barbara,Eira barbara,Eira barbara,Eira barbara,Eira barbara,Eira,Mustelidae,2,Bajo
2445,Eira barbara,Eira barbara,Eira barbara,Eira barbara,Eira barbara,Eira barbara,Eira barbara,Eira barbara,Eira barbara,Eira barbara,Eira barbara,Eira barbara,Eira,Mustelidae,2,Bajo
2446,Eira barbara,Eira barbara,Eira barbara,Eira barbara,Eira barbara,Eira barbara,Eira barbara,Eira barbara,Eira barbara,Eira barbara,Eira barbara,Eira barbara,Eira,Mustelidae,2,Bajo
2447,Eira barbara,Eira barbara,Eira barbara,Eira barbara,Eira barbara,Eira barbara,Eira barbara,Eira barbara,Eira barbara,Eira barbara,Eira barbara,Eira barbara,Eira,Mustelidae,2,Bajo
2448,Eira barbara,Eira barbara,Eira barbara,Eira barbara,Eira barbara,Eira barbara,Eira barbara,Eira barbara,Eira barbara,Eira barbara,Eira barbara,Eira barbara,Eira,Mustelidae,2,Bajo
2449,Eira barbara,Eira barbara,Eira barbara,Eira barbara,Eira barbara,Eira barbara,Eira barbara,Eira barbara,Eira barbara,Eira barbara,Eira barbara,Eira barbara,Eira,Mustelidae,2,Bajo
2450,Eira barbara,Eira barbara,Eira barbara,Eira barbara,Eira barbara,Eira barbara,Eira barbara,Eira barbara,Eira barbara,Eira barbara,Eira barbara,Eira barbara,Eira,Mustelidae,2,Bajo
2451,Eira barbara,Eira barbara,Eira barbara,Eira barbara,Eira barbara,Eira barbara,Eira barbara,Eira barbara,Eira barbara,Eira barbara,Eira barbara,Eira barbara,Eira,Mustelidae,2,Bajo
2452,Eira barbara,Eira barbara,Eira barbara,Eira barbara,Eira barbara,Eira barbara,Eira barbara,Eira barbara,Eira barbara,Eira barbara,Eira barbara,Eira barbara,Eira,Mustelidae,2,Bajo
2453,Eira barbara,Galictis cuja,Galictis cuja,Lontra longicaudis,Galictis cuja,Galictis cuja,Galictis cuja,Galictis cuja,Galictis cuja,Galictis cuja,Galictis cuja,Galictis cuja,Eira,Mustelidae,2,Bajo
2454,Eira barbara,Eira barbara,Eira barbara,Eira barbara,Eira barbara,Eira barbara,Eira barbara,Eira barbara,Eira barbara,Eira barbara,Eira barbara,Eira barbara,Eira,Mustelidae,2,Bajo
2455,Galictis cuja,Galictis cuja,Galictis cuja,Galictis cuja,Galictis cuja,Galictis cuja,Galictis cuja,Galictis cuja,Galictis cuja,Galictis cuja,Galictis cuja,Galictis cuja,Galictis,Mustelidae,1,Bajo
2456,Galictis cuja,Galictis cuja,Galictis cuja,Galictis cuja,Galictis cuja,Galictis cuja,Galictis cuja,Galictis cuja,Galictis cuja,Galictis cuja,Galictis cuja,Galictis cuja,Galictis,Mustelidae,1,Bajo
2457,Galictis cuja,Galictis cuja,Galictis cuja,Galictis cuja,Galictis cuja,Galictis cuja,Galictis cuja,Galictis cuja,Galictis cuja,Galictis cuja,Galictis cuja,Galictis cuja,Galictis,Mustelidae,1,Bajo
2458,Galictis cuja,Eira barbara,Eira barbara,Eira barbara,Eira barbara,Galictis cuja,Eira barbara,Eira barbara,Eira barbara,Eira barbara,Eira barbara,Eira barbara,Galictis,Mustelidae,1,Bajo
2459,Galictis cuja,Galictis cuja,Galictis cuja,Galictis cuja,Galictis cuja,Galictis cuja,Galictis cuja,Galictis cuja,Galictis cuja,Galictis cuja,Galictis cuja,Galictis cuja,Galictis,Mustelidae,1,Bajo
2460,Galictis cuja,Galictis cuja,Galictis cuja,Galictis cuja,Galictis cuja,Galictis cuja,Galictis cuja,Galictis cuja,Galictis cuja,Galictis cuja,Galictis cuja,Galictis cuja,Galictis,Mustelidae,1,Bajo
2463,Galictis cuja,Galictis cuja,Galictis cuja,Galictis cuja,Galictis cuja,Galictis cuja,Galictis cuja,Galictis cuja,Galictis cuja,Galictis cuja,Galictis cuja,Galictis cuja,Galictis,Mustelidae,1,Bajo
2464,Galictis cuja,Galictis cuja,Galictis cuja,Galictis cuja,Galictis cuja,Galictis cuja,Galictis cuja,Galictis cuja,Galictis cuja,Galictis cuja,Galictis cuja,Galictis cuja,Galictis,Mustelidae,1,Bajo
2465,Galictis cuja,Galictis cuja,Galictis cuja,Galictis cuja,Galictis cuja,Galictis cuja,Galictis cuja,Galictis cuja,Galictis cuja,Galictis cuja,Galictis cuja,Galictis cuja,Galictis,Mustelidae,1,Bajo
2466,Galictis cuja,Galictis cuja,Tamandua tetradactyla,Didelphis albiventris,Didelphis albiventris,Galictis cuja,Galictis cuja,Galictis cuja,Tamandua tetradactyla,Tamandua tetradactyla,Tamandua tetradactyla,Galictis cuja,Galictis,Mustelidae,1,Bajo
2467,Galictis cuja,Galictis cuja,Eira barbara,Eira barbara,Eira barbara,Galictis cuja,Galictis cuja,Galictis cuja,Eira barbara,Eira barbara,Eira barbara,Galictis cuja,Galictis,Mustelidae,1,Bajo
2468,Galictis cuja,Galictis cuja,Galictis cuja,Galictis cuja,Galictis cuja,Galictis cuja,Galictis cuja,Galictis cuja,Galictis cuja,Galictis cuja,Galictis cuja,Galictis cuja,Galictis,Mustelidae,1,Bajo
2469,Galictis cuja,Eira barbara,Eira barbara,Eira barbara,Eira barbara,Eira barbara,Eira barbara,Eira barbara,Eira barbara,Eira barbara,Eira barbara,Eira barbara,Galictis,Mustelidae,1,Bajo
2470,Galictis cuja,Galictis cuja,Galictis cuja,Galictis cuja,Galictis cuja,Galictis cuja,Galictis cuja,Galictis cuja,Galictis cuja,Galictis cuja,Galictis cuja,Galictis cuja,Galictis,Mustelidae,1,Bajo
2471,Galictis cuja,Galictis cuja,Galictis cuja,Galictis cuja,Galictis cuja,Galictis cuja,Galictis cuja,Galictis cuja,Galictis cuja,Galictis cuja,Galictis cuja,Galictis cuja,Galictis,Mustelidae,1,Bajo
2472,Galictis cuja,Cuniculus paca,Dasyprocta azarae,Dasyprocta azarae,Eira barbara,Eira barbara,Eira barbara,Eira barbara,Dasyprocta azarae,Dasyprocta azarae,Dasyprocta azarae,Cuniculus paca,Galictis,Mustelidae,1,Bajo
2473,Galictis cuja,Galictis cuja,Galictis cuja,Galictis cuja,Eira barbara,Galictis cuja,Galictis cuja,Galictis cuja,Galictis cuja,Galictis cuja,Galictis cuja,Galictis cuja,Galictis,Mustelidae,1,Bajo
2475,Galictis cuja,Galictis cuja,Galictis cuja,Galictis cuja,Galictis cuja,Galictis cuja,Galictis cuja,Galictis cuja,Galictis cuja,Galictis cuja,Galictis cuja,Galictis cuja,Galictis,Mustelidae,1,Bajo
2476,Galictis cuja,Galictis cuja,Galictis cuja,Galictis cuja,Galictis cuja,Galictis cuja,Galictis cuja,Eira barbara,Galictis cuja,Galictis cuja,Galictis cuja,Galictis cuja,Galictis,Mustelidae,1,Bajo
2477,Galictis cuja,Galictis cuja,Galictis cuja,Galictis cuja,Galictis cuja,Galictis cuja,Galictis cuja,Galictis cuja,Galictis cuja,Galictis cuja,Galictis cuja,Galictis cuja,Galictis,Mustelidae,1,Bajo
2478,Galictis cuja,Galictis cuja,Galictis cuja,Galictis cuja,Galictis cuja,Galictis cuja,Galictis cuja,Galictis cuja,Galictis cuja,Galictis cuja,Galictis cuja,Galictis cuja,Galictis,Mustelidae,1,Bajo
2479,Galictis cuja,Galictis cuja,Eira barbara,Eira barbara,Eira barbara,Galictis cuja,Galictis cuja,Eira barbara,Eira barbara,Eira barbara,Eira barbara,Galictis cuja,Galictis,Mustelidae,1,Bajo
2480,Galictis cuja,Galictis cuja,Galictis cuja,Galictis cuja,Galictis cuja,Galictis cuja,Galictis cuja,Galictis cuja,Galictis cuja,Galictis cuja,Galictis cuja,Galictis cuja,Galictis,Mustelidae,1,Bajo
2482,Galictis cuja,Galictis cuja,Galictis cuja,Galictis cuja,Galictis cuja,Galictis cuja,Galictis cuja,Galictis cuja,Galictis cuja,Galictis cuja,Galictis cuja,Galictis cuja,Galictis,Mustelidae,1,Bajo
2483,Galictis cuja,Galictis cuja,Galictis cuja,Eira barbara,Galictis cuja,Galictis cuja,Galictis cuja,Galictis cuja,Galictis cuja,Galictis cuja,Galictis cuja,Galictis cuja,Galictis,Mustelidae,1,Bajo
2484,Galictis cuja,Galictis cuja,Galictis cuja,Galictis cuja,Galictis cuja,Galictis cuja,Galictis cuja,Galictis cuja,Galictis cuja,Galictis cuja,Galictis cuja,Galictis cuja,Galictis,Mustelidae,1,Bajo
2485,Galictis cuja,Galictis cuja,Galictis cuja,Galictis cuja,Galictis cuja,Galictis cuja,Galictis cuja,Galictis cuja,Galictis cuja,Galictis cuja,Galictis cuja,Galictis cuja,Galictis,Mustelidae,1,Bajo
2486,Galictis cuja,Galictis cuja,Galictis cuja,Galictis cuja,Galictis cuja,Galictis cuja,Galictis cuja,Galictis cuja,Galictis cuja,Galictis cuja,Galictis cuja,Galictis cuja,Galictis,Mustelidae,1,Bajo
2487,Galictis cuja,Galictis cuja,Galictis cuja,Galictis cuja,Galictis cuja,Galictis cuja,Galictis cuja,Galictis cuja,Galictis cuja,Galictis cuja,Galictis cuja,Galictis cuja,Galictis,Mustelidae,1,Bajo
2488,Galictis cuja,Didelphis albiventris,Didelphis albiventris,Didelphis aurita,Didelphis albiventris,Didelphis albiventris,Didelphis aurita,Eira barbara,Didelphis albiventris,Didelphis albiventris,Didelphis albiventris,Didelphis albiventris,Galictis,Mustelidae,1,Bajo
2489,Galictis cuja,Galictis cuja,Galictis cuja,Galictis cuja,Galictis cuja,Galictis cuja,Galictis cuja,Galictis cuja,Galictis cuja,Galictis cuja,Galictis cuja,Galictis cuja,Galictis,Mustelidae,1,Bajo
2490,Galictis cuja,Galictis cuja,Galictis cuja,Galictis cuja,Galictis cuja,Galictis cuja,Galictis cuja,Galictis cuja,Galictis cuja,Galictis cuja,Galictis cuja,Galictis cuja,Galictis,Mustelidae,1,Bajo
2491,Galictis cuja,Galictis cuja,Galictis cuja,Galictis cuja,Galictis cuja,Galictis cuja,Galictis cuja,Galictis cuja,Galictis cuja,Galictis cuja,Galictis cuja,Galictis cuja,Galictis,Mustelidae,1,Bajo
2494,Galictis cuja,Galictis cuja,Galictis cuja,Galictis cuja,Galictis cuja,Galictis cuja,Galictis cuja,Galictis cuja,Galictis cuja,Galictis cuja,Galictis cuja,Galictis cuja,Galictis,Mustelidae,1,Bajo
2496,Galictis cuja,Galictis cuja,Galictis cuja,Galictis cuja,Galictis cuja,Galictis cuja,Galictis cuja,Galictis cuja,Galictis cuja,Galictis cuja,Galictis cuja,Galictis cuja,Galictis,Mustelidae,1,Bajo
2497,Galictis cuja,Galictis cuja,Galictis cuja,Galictis cuja,Galictis cuja,Galictis cuja,Galictis cuja,Galictis cuja,Galictis cuja,Galictis cuja,Galictis cuja,Galictis cuja,Galictis,Mustelidae,1,Bajo
2498,Galictis cuja,Galictis cuja,Galictis cuja,Galictis cuja,Galictis cuja,Galictis cuja,Galictis cuja,Galictis cuja,Galictis cuja,Galictis cuja,Galictis cuja,Galictis cuja,Galictis,Mustelidae,1,Bajo
2499,Galictis cuja,Galictis cuja,Galictis cuja,Galictis cuja,Galictis cuja,Galictis cuja,Galictis cuja,Galictis cuja,Galictis cuja,Galictis cuja,Galictis cuja,Galictis cuja,Galictis,Mustelidae,1,Bajo
2500,Galictis cuja,Galictis cuja,Herpailurus yagouaroundi,Cerdocyon thous,Cerdocyon thous,Galictis cuja,Galictis cuja,Galictis cuja,Herpailurus yagouaroundi,Herpailurus yagouaroundi,Herpailurus yagouaroundi,Galictis cuja,Galictis,Mustelidae,1,Bajo
2501,Galictis cuja,Galictis cuja,Galictis cuja,Galictis cuja,Galictis cuja,Galictis cuja,Galictis cuja,Lontra longicaudis,Galictis cuja,Galictis cuja,Galictis cuja,Galictis cuja,Galictis,Mustelidae,1,Bajo
2502,Galictis cuja,Galictis cuja,Galictis cuja,Galictis cuja,Galictis cuja,Galictis cuja,Galictis cuja,Galictis cuja,Galictis cuja,Galictis cuja,Galictis cuja,Galictis cuja,Galictis,Mustelidae,1,Bajo
2503,Galictis cuja,Galictis cuja,Eira barbara,Eira barbara,Eira barbara,Galictis cuja,Eira barbara,Galictis cuja,Eira barbara,Eira barbara,Eira barbara,Galictis cuja,Galictis,Mustelidae,1,Bajo
2504,Galictis cuja,Galictis cuja,Galictis cuja,Galictis cuja,Galictis cuja,Galictis cuja,Galictis cuja,Galictis cuja,Galictis cuja,Galictis cuja,Galictis cuja,Galictis cuja,Galictis,Mustelidae,1,Bajo
2505,Galictis cuja,Galictis cuja,Galictis cuja,Galictis cuja,Galictis cuja,Galictis cuja,Galictis cuja,Galictis cuja,Galictis cuja,Galictis cuja,Galictis cuja,Galictis cuja,Galictis,Mustelidae,1,Bajo
2506,Galictis cuja,Galictis cuja,Galictis cuja,Galictis cuja,Galictis cuja,Galictis cuja,Galictis cuja,Galictis cuja,Galictis cuja,Galictis cuja,Galictis cuja,Galictis cuja,Galictis,Mustelidae,1,Bajo
2507,Galictis cuja,Galictis cuja,Galictis cuja,Galictis cuja,Galictis cuja,Galictis cuja,Galictis cuja,Galictis cuja,Galictis cuja,Galictis cuja,Galictis cuja,Galictis cuja,Galictis,Mustelidae,1,Bajo
2508,Galictis cuja,Eira barbara,Eira barbara,Eira barbara,Eira barbara,Eira barbara,Eira barbara,Eira barbara,Eira barbara,Eira barbara,Eira barbara,Eira barbara,Galictis,Mustelidae,1,Bajo
2510,Galictis cuja,Galictis cuja,Galictis cuja,Galictis cuja,Galictis cuja,Galictis cuja,Galictis cuja,Galictis cuja,Galictis cuja,Galictis cuja,Galictis cuja,Galictis cuja,Galictis,Mustelidae,1,Bajo
2512,Galictis cuja,Galictis cuja,Galictis cuja,Galictis cuja,Galictis cuja,Galictis cuja,Galictis cuja,Galictis cuja,Galictis cuja,Galictis cuja,Galictis cuja,Galictis cuja,Galictis,Mustelidae,1,Bajo
2514,Galictis cuja,Galictis cuja,Eira barbara,Galictis cuja,Eira barbara,Eira barbara,Eira barbara,Eira barbara,Eira barbara,Eira barbara,Eira barbara,Galictis cuja,Galictis,Mustelidae,1,Bajo
2518,Galictis cuja,Galictis cuja,Galictis cuja,Galictis cuja,Galictis cuja,Galictis cuja,Galictis cuja,Galictis cuja,Galictis cuja,Galictis cuja,Galictis cuja,Galictis cuja,Galictis,Mustelidae,1,Bajo
2519,Galictis cuja,Galictis cuja,Galictis cuja,Galictis cuja,Eira barbara,Galictis cuja,Galictis cuja,Galictis cuja,Galictis cuja,Galictis cuja,Galictis cuja,Galictis cuja,Galictis,Mustelidae,1,Bajo
2520,Galictis cuja,Galictis cuja,Galictis cuja,Galictis cuja,Eira barbara,Galictis cuja,Galictis cuja,Galictis cuja,Galictis cuja,Galictis cuja,Galictis cuja,Galictis cuja,Galictis,Mustelidae,1,Bajo
2521,Galictis cuja,Galictis cuja,Galictis cuja,Galictis cuja,Galictis cuja,Galictis cuja,Galictis cuja,Galictis cuja,Galictis cuja,Galictis cuja,Galictis cuja,Galictis cuja,Galictis,Mustelidae,1,Bajo
2522,Lontra longicaudis,Galictis cuja,Lontra longicaudis,Lontra longicaudis,Galictis cuja,Lontra longicaudis,Lontra longicaudis,Lontra longicaudis,Lontra longicaudis,Lontra longicaudis,Lontra longicaudis,Galictis cuja,Lontra,Mustelidae,4,Alto
2523,Lontra longicaudis,Lontra longicaudis,Lontra longicaudis,Lontra longicaudis,Lontra longicaudis,Lontra longicaudis,Lontra longicaudis,Lontra longicaudis,Lontra longicaudis,Lontra longicaudis,Lontra longicaudis,Lontra longicaudis,Lontra,Mustelidae,4,Alto
2524,Lontra longicaudis,Lontra longicaudis,Lontra longicaudis,Eira barbara,Lontra longicaudis,Lontra longicaudis,Lontra longicaudis,Lontra longicaudis,Lontra longicaudis,Lontra longicaudis,Lontra longicaudis,Lontra longicaudis,Lontra,Mustelidae,4,Alto
2525,Lontra longicaudis,Lontra longicaudis,Lontra longicaudis,Hydrochoerus hydrochaeris,Hydrochoerus hydrochaeris,Lontra longicaudis,Lontra longicaudis,Hydrochoerus hydrochaeris,Lontra longicaudis,Lontra longicaudis,Lontra longicaudis,Lontra longicaudis,Lontra,Mustelidae,4,Alto
2526,Lontra longicaudis,Lontra longicaudis,Lontra longicaudis,Lontra longicaudis,Lontra longicaudis,Lontra longicaudis,Lontra longicaudis,Lontra longicaudis,Lontra longicaudis,Lontra longicaudis,Lontra longicaudis,Lontra longicaudis,Lontra,Mustelidae,4,Alto
2527,Lontra longicaudis,Procyon cancrivorus,Eira barbara,Cabassous tatouay,Cabassous tatouay,Lontra longicaudis,Eira barbara,Eira barbara,Eira barbara,Eira barbara,Eira barbara,Procyon cancrivorus,Lontra,Mustelidae,4,Alto
2528,Lontra longicaudis,Eira barbara,Eira barbara,Eira barbara,Eira barbara,Eira barbara,Eira barbara,Eira barbara,Eira barbara,Eira barbara,Eira barbara,Eira barbara,Lontra,Mustelidae,4,Alto
2530,Lontra longicaudis,Lontra longicaudis,Lontra longicaudis,Lontra longicaudis,Lontra longicaudis,Lontra longicaudis,Lontra longicaudis,Lontra longicaudis,Lontra longicaudis,Lontra longicaudis,Lontra longicaudis,Lontra longicaudis,Lontra,Mustelidae,4,Alto
2531,Lontra longicaudis,Lontra longicaudis,Lontra longicaudis,Lontra longicaudis,Lontra longicaudis,Lontra longicaudis,Lontra longicaudis,Lontra longicaudis,Lontra longicaudis,Lontra longicaudis,Lontra longicaudis,Lontra longicaudis,Lontra,Mustelidae,4,Alto
2532,Lontra longicaudis,Lontra longicaudis,Lontra longicaudis,Lontra longicaudis,Lontra longicaudis,Lontra longicaudis,Lontra longicaudis,Lontra longicaudis,Lontra longicaudis,Lontra longicaudis,Lontra longicaudis,Lontra longicaudis,Lontra,Mustelidae,4,Alto
2533,Lontra longicaudis,Lontra longicaudis,Lontra longicaudis,Lontra longicaudis,Lontra longicaudis,Lontra longicaudis,Lontra longicaudis,Lontra longicaudis,Lontra longicaudis,Lontra longicaudis,Lontra longicaudis,Lontra longicaudis,Lontra,Mustelidae,4,Alto
2534,Lontra longicaudis,Lontra longicaudis,Lontra longicaudis,Lontra longicaudis,Lontra longicaudis,Lontra longicaudis,Lontra longicaudis,Lontra longicaudis,Lontra longicaudis,Lontra longicaudis,Lontra longicaudis,Lontra longicaudis,Lontra,Mustelidae,4,Alto
2536,Lontra longicaudis,Lontra longicaudis,Lontra longicaudis,Lontra longicaudis,Lontra longicaudis,Lontra longicaudis,Lontra longicaudis,Lontra longicaudis,Lontra longicaudis,Lontra longicaudis,Lontra longicaudis,Lontra longicaudis,Lontra,Mustelidae,4,Alto
2538,Lontra longicaudis,Lontra longicaudis,Lontra longicaudis,Lontra longicaudis,Lontra longicaudis,Lontra longicaudis,Lontra longicaudis,Lontra longicaudis,Lontra longicaudis,Lontra longicaudis,Lontra longicaudis,Lontra longicaudis,Lontra,Mustelidae,4,Alto
2539,Lontra longicaudis,Lontra longicaudis,Lontra longicaudis,Lontra longicaudis,Lontra longicaudis,Lontra longicaudis,Lontra longicaudis,Lontra longicaudis,Lontra longicaudis,Lontra longicaudis,Lontra longicaudis,Lontra longicaudis,Lontra,Mustelidae,4,Alto
2540,Lontra longicaudis,Lontra longicaudis,Lontra longicaudis,Lontra longicaudis,Lontra longicaudis,Lontra longicaudis,Lontra longicaudis,Lontra longicaudis,Lontra longicaudis,Lontra longicaudis,Lontra longicaudis,Lontra longicaudis,Lontra,Mustelidae,4,Alto
2542,Lontra longicaudis,Lontra longicaudis,Lontra longicaudis,Lontra longicaudis,Lontra longicaudis,Lontra longicaudis,Lontra longicaudis,Lontra longicaudis,Lontra longicaudis,Lontra longicaudis,Lontra longicaudis,Lontra longicaudis,Lontra,Mustelidae,4,Alto
2543,Lontra longicaudis,Hydrochoerus hydrochaeris,Hydrochoerus hydrochaeris,Hydrochoerus hydrochaeris,Hydrochoerus hydrochaeris,Hydrochoerus hydrochaeris,Hydrochoerus hydrochaeris,Hydrochoerus hydrochaeris,Hydrochoerus hydrochaeris,Hydrochoerus hydrochaeris,Hydrochoerus hydrochaeris,Hydrochoerus hydrochaeris,Lontra,Mustelidae,4,Alto
2545,Lontra longicaudis,Lontra longicaudis,Lontra longicaudis,Lontra longicaudis,Lontra longicaudis,Lontra longicaudis,Lontra longicaudis,Lontra longicaudis,Lontra longicaudis,Lontra longicaudis,Lontra longicaudis,Lontra longicaudis,Lontra,Mustelidae,4,Alto
2546,Lontra longicaudis,Hydrochoerus hydrochaeris,Canis familiaris,Hydrochoerus hydrochaeris,Hydrochoerus hydrochaeris,Hydrochoerus hydrochaeris,Hydrochoerus hydrochaeris,Lontra longicaudis,Canis familiaris,Canis familiaris,Canis familiaris,Hydrochoerus hydrochaeris,Lontra,Mustelidae,4,Alto
2547,Lontra longicaudis,Lontra longicaudis,Lontra longicaudis,Lontra longicaudis,Lontra longicaudis,Lontra longicaudis,Lontra longicaudis,Lontra longicaudis,Lontra longicaudis,Lontra longicaudis,Lontra longicaudis,Lontra longicaudis,Lontra,Mustelidae,4,Alto
2548,Lontra longicaudis,Lontra longicaudis,Lontra longicaudis,Lontra longicaudis,Lontra longicaudis,Lontra longicaudis,Lontra longicaudis,Lontra longicaudis,Lontra longicaudis,Lontra longicaudis,Lontra longicaudis,Lontra longicaudis,Lontra,Mustelidae,4,Alto
2550,Lontra longicaudis,Lontra longicaudis,Lontra longicaudis,Lontra longicaudis,Lontra longicaudis,Lontra longicaudis,Lontra longicaudis,Lontra longicaudis,Lontra longicaudis,Lontra longicaudis,Lontra longicaudis,Lontra longicaudis,Lontra,Mustelidae,4,Alto
2552,Lontra longicaudis,Lontra longicaudis,Lontra longicaudis,Lontra longicaudis,Lontra longicaudis,Lontra longicaudis,Lontra longicaudis,Lontra longicaudis,Lontra longicaudis,Lontra longicaudis,Lontra longicaudis,Lontra longicaudis,Lontra,Mustelidae,4,Alto
2553,Lontra longicaudis,Lontra longicaudis,Lontra longicaudis,Lontra longicaudis,Lontra longicaudis,Lontra longicaudis,Lontra longicaudis,Lontra longicaudis,Lontra longicaudis,Lontra longicaudis,Lontra longicaudis,Lontra longicaudis,Lontra,Mustelidae,4,Alto
2554,Lontra longicaudis,Galictis cuja,Lontra longicaudis,Lontra longicaudis,Lontra longicaudis,Lontra longicaudis,Lontra longicaudis,Lontra longicaudis,Lontra longicaudis,Lontra longicaudis,Lontra longicaudis,Galictis cuja,Lontra,Mustelidae,4,Alto
2555,Lontra longicaudis,Lontra longicaudis,Lontra longicaudis,Lontra longicaudis,Lontra longicaudis,Lontra longicaudis,Lontra longicaudis,Lontra longicaudis,Lontra longicaudis,Lontra longicaudis,Lontra longicaudis,Lontra longicaudis,Lontra,Mustelidae,4,Alto
2556,Lontra longicaudis,Lontra longicaudis,Lontra longicaudis,Didelphis aurita,Lontra longicaudis,Lontra longicaudis,Lontra longicaudis,Lontra longicaudis,Lontra longicaudis,Lontra longicaudis,Lontra longicaudis,Lontra longicaudis,Lontra,Mustelidae,4,Alto
2557,Lontra longicaudis,Galictis cuja,Lontra longicaudis,Didelphis albiventris,Lontra longicaudis,Lontra longicaudis,Lontra longicaudis,Lontra longicaudis,Lontra longicaudis,Lontra longicaudis,Lontra longicaudis,Galictis cuja,Lontra,Mustelidae,4,Alto
2559,Lontra longicaudis,Lontra longicaudis,Lontra longicaudis,Lontra longicaudis,Lontra longicaudis,Lontra longicaudis,Lontra longicaudis,Lontra longicaudis,Lontra longicaudis,Lontra longicaudis,Lontra longicaudis,Lontra longicaudis,Lontra,Mustelidae,4,Alto
2560,Lontra longicaudis,Lontra longicaudis,Lontra longicaudis,Lontra longicaudis,Lontra longicaudis,Lontra longicaudis,Lontra longicaudis,Lontra longicaudis,Lontra longicaudis,Lontra longicaudis,Lontra longicaudis,Lontra longicaudis,Lontra,Mustelidae,4,Alto
2561,Lontra longicaudis,Lontra longicaudis,Lontra longicaudis,Lontra longicaudis,Lontra longicaudis,Lontra longicaudis,Lontra longicaudis,Lontra longicaudis,Lontra longicaudis,Lontra longicaudis,Lontra longicaudis,Lontra longicaudis,Lontra,Mustelidae,4,Alto
2563,Lontra longicaudis,Lontra longicaudis,Lontra longicaudis,Lontra longicaudis,Lontra longicaudis,Lontra longicaudis,Lontra longicaudis,Lontra longicaudis,Lontra longicaudis,Lontra longicaudis,Lontra longicaudis,Lontra longicaudis,Lontra,Mustelidae,4,Alto
2564,Lontra longicaudis,Lontra longicaudis,Lontra longicaudis,Lontra longicaudis,Lontra longicaudis,Lontra longicaudis,Lontra longicaudis,Lontra longicaudis,Lontra longicaudis,Lontra longicaudis,Lontra longicaudis,Lontra longicaudis,Lontra,Mustelidae,4,Alto
2565,Lontra longicaudis,Lontra longicaudis,Lontra longicaudis,Lontra longicaudis,Lontra longicaudis,Lontra longicaudis,Lontra longicaudis,Lontra longicaudis,Lontra longicaudis,Lontra longicaudis,Lontra longicaudis,Lontra longicaudis,Lontra,Mustelidae,4,Alto
2566,Lontra longicaudis,Lontra longicaudis,Lontra longicaudis,Lontra longicaudis,Lontra longicaudis,Lontra longicaudis,Lontra longicaudis,Lontra longicaudis,Lontra longicaudis,Lontra longicaudis,Lontra longicaudis,Lontra longicaudis,Lontra,Mustelidae,4,Alto
2567,Lontra longicaudis,Lontra longicaudis,Lontra longicaudis,Didelphis aurita,Didelphis aurita,Lontra longicaudis,Lontra longicaudis,Didelphis albiventris,Lontra longicaudis,Lontra longicaudis,Lontra longicaudis,Lontra longicaudis,Lontra,Mustelidae,4,Alto
2568,Lontra longicaudis,Lontra longicaudis,Lontra longicaudis,Lontra longicaudis,Lontra longicaudis,Lontra longicaudis,Lontra longicaudis,Lontra longicaudis,Lontra longicaudis,Lontra longicaudis,Lontra longicaudis,Lontra longicaudis,Lontra,Mustelidae,4,Alto
2569,Lontra longicaudis,Lontra longicaudis,Lontra longicaudis,Lontra longicaudis,Lontra longicaudis,Lontra longicaudis,Lontra longicaudis,Lontra longicaudis,Lontra longicaudis,Lontra longicaudis,Lontra longicaudis,Lontra longicaudis,Lontra,Mustelidae,4,Alto
2570,Lontra longicaudis,Tamandua tetradactyla,Galictis cuja,Lontra longicaudis,Lontra longicaudis,Lontra longicaudis,Galictis cuja,Lontra longicaudis,Galictis cuja,Galictis cuja,Galictis cuja,Tamandua tetradactyla,Lontra,Mustelidae,4,Alto
2573,Lontra longicaudis,Galictis cuja,Lontra longicaudis,Lontra longicaudis,Lontra longicaudis,Lontra longicaudis,Lontra longicaudis,Lontra longicaudis,Lontra longicaudis,Lontra longicaudis,Lontra longicaudis,Galictis cuja,Lontra,Mustelidae,4,Alto
2574,Lontra longicaudis,Lontra longicaudis,Lontra longicaudis,Lontra longicaudis,Lontra longicaudis,Lontra longicaudis,Lontra longicaudis,Lontra longicaudis,Lontra longicaudis,Lontra longicaudis,Lontra longicaudis,Lontra longicaudis,Lontra,Mustelidae,4,Alto
2575,Lontra longicaudis,Lontra longicaudis,Lontra longicaudis,Lontra longicaudis,Lontra longicaudis,Lontra longicaudis,Lontra longicaudis,Lontra longicaudis,Lontra longicaudis,Lontra longicaudis,Lontra longicaudis,Lontra longicaudis,Lontra,Mustelidae,4,Alto
2576,Lontra longicaudis,Galictis cuja,Herpailurus yagouaroundi,Didelphis aurita,Didelphis aurita,Lontra longicaudis,Galictis cuja,Lontra longicaudis,Herpailurus yagouaroundi,Herpailurus yagouaroundi,Herpailurus yagouaroundi,Galictis cuja,Lontra,Mustelidae,4,Alto
2577,Lontra longicaudis,Lontra longicaudis,Lontra longicaudis,Lontra longicaudis,Lontra longicaudis,Lontra longicaudis,Lontra longicaudis,Lontra longicaudis,Lontra longicaudis,Lontra longicaudis,Lontra longicaudis,Lontra longicaudis,Lontra,Mustelidae,4,Alto
2578,Lontra longicaudis,Lontra longicaudis,Lontra longicaudis,Lontra longicaudis,Lontra longicaudis,Lontra longicaudis,Lontra longicaudis,Lontra longicaudis,Lontra longicaudis,Lontra longicaudis,Lontra longicaudis,Lontra longicaudis,Lontra,Mustelidae,4,Alto
2579,Lontra longicaudis,Lontra longicaudis,Lontra longicaudis,Lontra longicaudis,Lontra longicaudis,Lontra longicaudis,Lontra longicaudis,Lontra longicaudis,Lontra longicaudis,Lontra longicaudis,Lontra longicaudis,Lontra longicaudis,Lontra,Mustelidae,4,Alto
2581,Lontra longicaudis,Lontra longicaudis,Lontra longicaudis,Lontra longicaudis,Lontra longicaudis,Lontra longicaudis,Lontra longicaudis,Lontra longicaudis,Lontra longicaudis,Lontra longicaudis,Lontra longicaudis,Lontra longicaudis,Lontra,Mustelidae,4,Alto
2582,Myrmecophaga tridactyla,Myrmecophaga tridactyla,Myrmecophaga tridactyla,Tamandua tetradactyla,Tamandua tetradactyla,Myrmecophaga tridactyla,Myrmecophaga tridactyla,Tamandua tetradactyla,Myrmecophaga tridactyla,Myrmecophaga tridactyla,Myrmecophaga tridactyla,Myrmecophaga tridactyla,Myrmecophaga,Myrmecophagidae,3,Medio
2583,Myrmecophaga tridactyla,Myrmecophaga tridactyla,Myrmecophaga tridactyla,Dasypus novemcinctus,Dasypus novemcinctus,Myrmecophaga tridactyla,Myrmecophaga tridactyla,Myrmecophaga tridactyla,Myrmecophaga tridactyla,Myrmecophaga tridactyla,Myrmecophaga tridactyla,Myrmecophaga tridactyla,Myrmecophaga,Myrmecophagidae,3,Medio
2584,Myrmecophaga tridactyla,Myrmecophaga tridactyla,Myrmecophaga tridactyla,Myrmecophaga tridactyla,Myrmecophaga tridactyla,Myrmecophaga tridactyla,Myrmecophaga tridactyla,Myrmecophaga tridactyla,Myrmecophaga tridactyla,Myrmecophaga tridactyla,Myrmecophaga tridactyla,Myrmecophaga tridactyla,Myrmecophaga,Myrmecophagidae,3,Medio
2585,Myrmecophaga tridactyla,Myrmecophaga tridactyla,Myrmecophaga tridactyla,Myrmecophaga tridactyla,Myrmecophaga tridactyla,Myrmecophaga tridactyla,Myrmecophaga tridactyla,Myrmecophaga tridactyla,Myrmecophaga tridactyla,Myrmecophaga tridactyla,Myrmecophaga tridactyla,Myrmecophaga tridactyla,Myrmecophaga,Myrmecophagidae,3,Medio
2586,Myrmecophaga tridactyla,Myrmecophaga tridactyla,Myrmecophaga tridactyla,Myrmecophaga tridactyla,Myrmecophaga tridactyla,Myrmecophaga tridactyla,Myrmecophaga tridactyla,Myrmecophaga tridactyla,Myrmecophaga tridactyla,Myrmecophaga tridactyla,Myrmecophaga tridactyla,Myrmecophaga tridactyla,Myrmecophaga,Myrmecophagidae,3,Medio
2587,Myrmecophaga tridactyla,Myrmecophaga tridactyla,Myrmecophaga tridactyla,Myrmecophaga tridactyla,Myrmecophaga tridactyla,Myrmecophaga tridactyla,Myrmecophaga tridactyla,Myrmecophaga tridactyla,Myrmecophaga tridactyla,Myrmecophaga tridactyla,Myrmecophaga tridactyla,Myrmecophaga tridactyla,Myrmecophaga,Myrmecophagidae,3,Medio
2588,Myrmecophaga tridactyla,Myrmecophaga tridactyla,Myrmecophaga tridactyla,Myrmecophaga tridactyla,Myrmecophaga tridactyla,Myrmecophaga tridactyla,Myrmecophaga tridactyla,Myrmecophaga tridactyla,Myrmecophaga tridactyla,Myrmecophaga tridactyla,Myrmecophaga tridactyla,Myrmecophaga tridactyla,Myrmecophaga,Myrmecophagidae,3,Medio
2589,Myrmecophaga tridactyla,Myrmecophaga tridactyla,Myrmecophaga tridactyla,Myrmecophaga tridactyla,Myrmecophaga tridactyla,Myrmecophaga tridactyla,Myrmecophaga tridactyla,Myrmecophaga tridactyla,Myrmecophaga tridactyla,Myrmecophaga tridactyla,Myrmecophaga tridactyla,Myrmecophaga tridactyla,Myrmecophaga,Myrmecophagidae,3,Medio
2590,Myrmecophaga tridactyla,Myrmecophaga tridactyla,Myrmecophaga tridactyla,Myrmecophaga tridactyla,Myrmecophaga tridactyla,Myrmecophaga tridactyla,Myrmecophaga tridactyla,Myrmecophaga tridactyla,Myrmecophaga tridactyla,Myrmecophaga tridactyla,Myrmecophaga tridactyla,Myrmecophaga tridactyla,Myrmecophaga,Myrmecophagidae,3,Medio
2591,Myrmecophaga tridactyla,Myrmecophaga tridactyla,Sus scrofa,Procyon cancrivorus,Dasypus novemcinctus,Myrmecophaga tridactyla,Myrmecophaga tridactyla,Myrmecophaga tridactyla,Sus scrofa,Sus scrofa,Sus scrofa,Myrmecophaga tridactyla,Myrmecophaga,Myrmecophagidae,3,Medio
2592,Myrmecophaga tridactyla,Myrmecophaga tridactyla,Myrmecophaga tridactyla,Myrmecophaga tridactyla,Myrmecophaga tridactyla,Myrmecophaga tridactyla,Myrmecophaga tridactyla,Myrmecophaga tridactyla,Myrmecophaga tridactyla,Myrmecophaga tridactyla,Myrmecophaga tridactyla,Myrmecophaga tridactyla,Myrmecophaga,Myrmecophagidae,3,Medio
2593,Myrmecophaga tridactyla,Sus scrofa,Sus scrofa,Sus scrofa,Sus scrofa,Sus scrofa,Sus scrofa,Sus scrofa,Sus scrofa,Sus scrofa,Sus scrofa,Sus scrofa,Myrmecophaga,Myrmecophagidae,3,Medio
2594,Myrmecophaga tridactyla,Myrmecophaga tridactyla,Myrmecophaga tridactyla,Myrmecophaga tridactyla,Myrmecophaga tridactyla,Myrmecophaga tridactyla,Myrmecophaga tridactyla,Myrmecophaga tridactyla,Myrmecophaga tridactyla,Myrmecophaga tridactyla,Myrmecophaga tridactyla,Myrmecophaga tridactyla,Myrmecophaga,Myrmecophagidae,3,Medio
2595,Myrmecophaga tridactyla,Myrmecophaga tridactyla,Myrmecophaga tridactyla,Myrmecophaga tridactyla,Myrmecophaga tridactyla,Myrmecophaga tridactyla,Myrmecophaga tridactyla,Myrmecophaga tridactyla,Myrmecophaga tridactyla,Myrmecophaga tridactyla,Myrmecophaga tridactyla,Myrmecophaga tridactyla,Myrmecophaga,Myrmecophagidae,3,Medio
2596,Myrmecophaga tridactyla,Myrmecophaga tridactyla,Myrmecophaga tridactyla,Myrmecophaga tridactyla,Myrmecophaga tridactyla,Myrmecophaga tridactyla,Myrmecophaga tridactyla,Myrmecophaga tridactyla,Myrmecophaga tridactyla,Myrmecophaga tridactyla,Myrmecophaga tridactyla,Myrmecophaga tridactyla,Myrmecophaga,Myrmecophagidae,3,Medio
2598,Myrmecophaga tridactyla,Tamandua tetradactyla,Tayassu pecari,Lycalopex gymnocerca,Galictis cuja,Tamandua tetradactyla,Galictis cuja,Galictis cuja,Tayassu pecari,Tayassu pecari,Tayassu pecari,Tamandua tetradactyla,Myrmecophaga,Myrmecophagidae,3,Medio
2599,Myrmecophaga tridactyla,Myrmecophaga tridactyla,Myrmecophaga tridactyla,Myrmecophaga tridactyla,Myrmecophaga tridactyla,Myrmecophaga tridactyla,Myrmecophaga tridactyla,Myrmecophaga tridactyla,Myrmecophaga tridactyla,Myrmecophaga tridactyla,Myrmecophaga tridactyla,Myrmecophaga tridactyla,Myrmecophaga,Myrmecophagidae,3,Medio
2600,Myrmecophaga tridactyla,Myrmecophaga tridactyla,Myrmecophaga tridactyla,Myrmecophaga tridactyla,Myrmecophaga tridactyla,Myrmecophaga tridactyla,Myrmecophaga tridactyla,Myrmecophaga tridactyla,Myrmecophaga tridactyla,Myrmecophaga tridactyla,Myrmecophaga tridactyla,Myrmecophaga tridactyla,Myrmecophaga,Myrmecophagidae,3,Medio
2601,Myrmecophaga tridactyla,Myrmecophaga tridactyla,Myrmecophaga tridactyla,Myrmecophaga tridactyla,Myrmecophaga tridactyla,Myrmecophaga tridactyla,Myrmecophaga tridactyla,Myrmecophaga tridactyla,Myrmecophaga tridactyla,Myrmecophaga tridactyla,Myrmecophaga tridactyla,Myrmecophaga tridactyla,Myrmecophaga,Myrmecophagidae,3,Medio
2603,Myrmecophaga tridactyla,Myrmecophaga tridactyla,Myrmecophaga tridactyla,Myrmecophaga tridactyla,Myrmecophaga tridactyla,Myrmecophaga tridactyla,Myrmecophaga tridactyla,Myrmecophaga tridactyla,Myrmecophaga tridactyla,Myrmecophaga tridactyla,Myrmecophaga tridactyla,Myrmecophaga tridactyla,Myrmecophaga,Myrmecophagidae,3,Medio
2604,Myrmecophaga tridactyla,Myrmecophaga tridactyla,Myrmecophaga tridactyla,Myrmecophaga tridactyla,Myrmecophaga tridactyla,Myrmecophaga tridactyla,Myrmecophaga tridactyla,Myrmecophaga tridactyla,Myrmecophaga tridactyla,Myrmecophaga tridactyla,Myrmecophaga tridactyla,Myrmecophaga tridactyla,Myrmecophaga,Myrmecophagidae,3,Medio
2605,Myrmecophaga tridactyla,Lontra longicaudis,Tamandua tetradactyla,Lontra longicaudis,Herpailurus yagouaroundi,Salvator merianae,Lontra longicaudis,Salvator merianae,Tamandua tetradactyla,Tamandua tetradactyla,Tamandua tetradactyla,Lontra longicaudis,Myrmecophaga,Myrmecophagidae,3,Medio
2606,Myrmecophaga tridactyla,Myrmecophaga tridactyla,Myrmecophaga tridactyla,Myrmecophaga tridactyla,Myrmecophaga tridactyla,Myrmecophaga tridactyla,Myrmecophaga tridactyla,Myrmecophaga tridactyla,Myrmecophaga tridactyla,Myrmecophaga tridactyla,Myrmecophaga tridactyla,Myrmecophaga tridactyla,Myrmecophaga,Myrmecophagidae,3,Medio
2607,Myrmecophaga tridactyla,Myrmecophaga tridactyla,Myrmecophaga tridactyla,Myrmecophaga tridactyla,Tamandua tetradactyla,Myrmecophaga tridactyla,Myrmecophaga tridactyla,Myrmecophaga tridactyla,Myrmecophaga tridactyla,Myrmecophaga tridactyla,Myrmecophaga tridactyla,Myrmecophaga tridactyla,Myrmecophaga,Myrmecophagidae,3,Medio
2608,Myrmecophaga tridactyla,Myrmecophaga tridactyla,Myrmecophaga tridactyla,Myrmecophaga tridactyla,Myrmecophaga tridactyla,Myrmecophaga tridactyla,Myrmecophaga tridactyla,Myrmecophaga tridactyla,Myrmecophaga tridactyla,Myrmecophaga tridactyla,Myrmecophaga tridactyla,Myrmecophaga tridactyla,Myrmecophaga,Myrmecophagidae,3,Medio
2609,Myrmecophaga tridactyla,Myrmecophaga tridactyla,Myrmecophaga tridactyla,Myrmecophaga tridactyla,Tamandua tetradactyla,Myrmecophaga tridactyla,Myrmecophaga tridactyla,Myrmecophaga tridactyla,Myrmecophaga tridactyla,Myrmecophaga tridactyla,Myrmecophaga tridactyla,Myrmecophaga tridactyla,Myrmecophaga,Myrmecophagidae,3,Medio
2610,Myrmecophaga tridactyla,Myrmecophaga tridactyla,Myrmecophaga tridactyla,Myrmecophaga tridactyla,Myrmecophaga tridactyla,Myrmecophaga tridactyla,Myrmecophaga tridactyla,Myrmecophaga tridactyla,Myrmecophaga tridactyla,Myrmecophaga tridactyla,Myrmecophaga tridactyla,Tapirus terrestris,Myrmecophaga,Myrmecophagidae,3,Medio
2611,Myrmecophaga tridactyla,Tamandua tetradactyla,Tamandua tetradactyla,Tamandua tetradactyla,Myrmecophaga tridactyla,Myrmecophaga tridactyla,Myrmecophaga tridactyla,Myrmecophaga tridactyla,Tamandua tetradactyla,Tamandua tetradactyla,Tamandua tetradactyla,Tamandua tetradactyla,Myrmecophaga,Myrmecophagidae,3,Medio
2612,Myrmecophaga tridactyla,Myrmecophaga tridactyla,Myrmecophaga tridactyla,Tamandua tetradactyla,Myrmecophaga tridactyla,Myrmecophaga tridactyla,Myrmecophaga tridactyla,Myrmecophaga tridactyla,Myrmecophaga tridactyla,Myrmecophaga tridactyla,Myrmecophaga tridactyla,Myrmecophaga tridactyla,Myrmecophaga,Myrmecophagidae,3,Medio
2613,Myrmecophaga tridactyla,Cabassous tatouay,Procyon cancrivorus,Cerdocyon thous,Cerdocyon thous,Myrmecophaga tridactyla,Myrmecophaga tridactyla,Myrmecophaga tridactyla,Procyon cancrivorus,Procyon cancrivorus,Procyon cancrivorus,Cabassous tatouay,Myrmecophaga,Myrmecophagidae,3,Medio
2614,Myrmecophaga tridactyla,Cabassous tatouay,Myrmecophaga tridactyla,Cabassous tatouay,Cabassous tatouay,Myrmecophaga tridactyla,Myrmecophaga tridactyla,Myrmecophaga tridactyla,Myrmecophaga tridactyla,Myrmecophaga tridactyla,Myrmecophaga tridactyla,Cabassous tatouay,Myrmecophaga,Myrmecophagidae,3,Medio
2617,Myrmecophaga tridactyla,Sus scrofa,Sus scrofa,Sus scrofa,Sus scrofa,Sus scrofa,Sus scrofa,Lontra longicaudis,Sus scrofa,Sus scrofa,Sus scrofa,Sus scrofa,Myrmecophaga,Myrmecophagidae,3,Medio
2618,Myrmecophaga tridactyla,Myrmecophaga tridactyla,Myrmecophaga tridactyla,Myrmecophaga tridactyla,Myrmecophaga tridactyla,Myrmecophaga tridactyla,Myrmecophaga tridactyla,Myrmecophaga tridactyla,Myrmecophaga tridactyla,Myrmecophaga tridactyla,Myrmecophaga tridactyla,Myrmecophaga tridactyla,Myrmecophaga,Myrmecophagidae,3,Medio
2620,Myrmecophaga tridactyla,Myrmecophaga tridactyla,Myrmecophaga tridactyla,Myrmecophaga tridactyla,Myrmecophaga tridactyla,Myrmecophaga tridactyla,Myrmecophaga tridactyla,Myrmecophaga tridactyla,Myrmecophaga tridactyla,Myrmecophaga tridactyla,Myrmecophaga tridactyla,Myrmecophaga tridactyla,Myrmecophaga,Myrmecophagidae,3,Medio
2621,Myrmecophaga tridactyla,Myrmecophaga tridactyla,Tamandua tetradactyla,Myrmecophaga tridactyla,Myrmecophaga tridactyla,Myrmecophaga tridactyla,Myrmecophaga tridactyla,Myrmecophaga tridactyla,Tamandua tetradactyla,Tamandua tetradactyla,Tamandua tetradactyla,Myrmecophaga tridactyla,Myrmecophaga,Myrmecophagidae,3,Medio
2622,Myrmecophaga tridactyla,Myrmecophaga tridactyla,Myrmecophaga tridactyla,Myrmecophaga tridactyla,Myrmecophaga tridactyla,Myrmecophaga tridactyla,Myrmecophaga tridactyla,Myrmecophaga tridactyla,Myrmecophaga tridactyla,Myrmecophaga tridactyla,Myrmecophaga tridactyla,Myrmecophaga tridactyla,Myrmecophaga,Myrmecophagidae,3,Medio
2626,Myrmecophaga tridactyla,Myrmecophaga tridactyla,Myrmecophaga tridactyla,Myrmecophaga tridactyla,Myrmecophaga tridactyla,Myrmecophaga tridactyla,Myrmecophaga tridactyla,Myrmecophaga tridactyla,Myrmecophaga tridactyla,Myrmecophaga tridactyla,Myrmecophaga tridactyla,Myrmecophaga tridactyla,Myrmecophaga,Myrmecophagidae,3,Medio
2627,Myrmecophaga tridactyla,Myrmecophaga tridactyla,Myrmecophaga tridactyla,Myrmecophaga tridactyla,Myrmecophaga tridactyla,Myrmecophaga tridactyla,Myrmecophaga tridactyla,Myrmecophaga tridactyla,Myrmecophaga tridactyla,Myrmecophaga tridactyla,Myrmecophaga tridactyla,Myrmecophaga tridactyla,Myrmecophaga,Myrmecophagidae,3,Medio
2629,Myrmecophaga tridactyla,Myrmecophaga tridactyla,Tamandua tetradactyla,Myrmecophaga tridactyla,Myrmecophaga tridactyla,Myrmecophaga tridactyla,Myrmecophaga tridactyla,Myrmecophaga tridactyla,Tamandua tetradactyla,Tamandua tetradactyla,Tamandua tetradactyla,Myrmecophaga tridactyla,Myrmecophaga,Myrmecophagidae,3,Medio
2630,Myrmecophaga tridactyla,Myrmecophaga tridactyla,Myrmecophaga tridactyla,Tamandua tetradactyla,Myrmecophaga tridactyla,Myrmecophaga tridactyla,Myrmecophaga tridactyla,Myrmecophaga tridactyla,Myrmecophaga tridactyla,Myrmecophaga tridactyla,Myrmecophaga tridactyla,Myrmecophaga tridactyla,Myrmecophaga,Myrmecophagidae,3,Medio
2632,Myrmecophaga tridactyla,Tamandua tetradactyla,Tamandua tetradactyla,Tamandua tetradactyla,Myrmecophaga tridactyla,Myrmecophaga tridactyla,Myrmecophaga tridactyla,Tamandua tetradactyla,Tamandua tetradactyla,Tamandua tetradactyla,Tamandua tetradactyla,Tamandua tetradactyla,Myrmecophaga,Myrmecophagidae,3,Medio
2633,Myrmecophaga tridactyla,Myrmecophaga tridactyla,Sus scrofa,Sus scrofa,Myrmecophaga tridactyla,Myrmecophaga tridactyla,Myrmecophaga tridactyla,Tamandua tetradactyla,Sus scrofa,Sus scrofa,Sus scrofa,Myrmecophaga tridactyla,Myrmecophaga,Myrmecophagidae,3,Medio
2634,Myrmecophaga tridactyla,Myrmecophaga tridactyla,Myrmecophaga tridactyla,Myrmecophaga tridactyla,Myrmecophaga tridactyla,Myrmecophaga tridactyla,Myrmecophaga tridactyla,Myrmecophaga tridactyla,Myrmecophaga tridactyla,Myrmecophaga tridactyla,Myrmecophaga tridactyla,Myrmecophaga tridactyla,Myrmecophaga,Myrmecophagidae,3,Medio
2636,Myrmecophaga tridactyla,Myrmecophaga tridactyla,Myrmecophaga tridactyla,Myrmecophaga tridactyla,Myrmecophaga tridactyla,Myrmecophaga tridactyla,Myrmecophaga tridactyla,Myrmecophaga tridactyla,Myrmecophaga tridactyla,Myrmecophaga tridactyla,Myrmecophaga tridactyla,Myrmecophaga tridactyla,Myrmecophaga,Myrmecophagidae,3,Medio
2637,Myrmecophaga tridactyla,Myrmecophaga tridactyla,Myrmecophaga tridactyla,Myrmecophaga tridactyla,Myrmecophaga tridactyla,Myrmecophaga tridactyla,Myrmecophaga tridactyla,Myrmecophaga tridactyla,Myrmecophaga tridactyla,Myrmecophaga tridactyla,Myrmecophaga tridactyla,Myrmecophaga tridactyla,Myrmecophaga,Myrmecophagidae,3,Medio
2638,Tamandua tetradactyla,Tamandua tetradactyla,Tamandua tetradactyla,Myrmecophaga tridactyla,Myrmecophaga tridactyla,Tamandua tetradactyla,Myrmecophaga tridactyla,Tamandua tetradactyla,Tamandua tetradactyla,Tamandua tetradactyla,Tamandua tetradactyla,Tamandua tetradactyla,Tamandua,Myrmecophagidae,2,Bajo
2640,Tamandua tetradactyla,Tamandua tetradactyla,Tamandua tetradactyla,Tamandua tetradactyla,Tamandua tetradactyla,Tamandua tetradactyla,Tamandua tetradactyla,Tamandua tetradactyla,Tamandua tetradactyla,Tamandua tetradactyla,Tamandua tetradactyla,Tamandua tetradactyla,Tamandua,Myrmecophagidae,2,Bajo
2641,Tamandua tetradactyla,Tamandua tetradactyla,Tamandua tetradactyla,Tamandua tetradactyla,Tamandua tetradactyla,Tamandua tetradactyla,Tamandua tetradactyla,Tamandua tetradactyla,Tamandua tetradactyla,Tamandua tetradactyla,Tamandua tetradactyla,Tamandua tetradactyla,Tamandua,Myrmecophagidae,2,Bajo
2642,Tamandua tetradactyla,Tamandua tetradactyla,Tamandua tetradactyla,Tamandua tetradactyla,Tamandua tetradactyla,Tamandua tetradactyla,Tamandua tetradactyla,Tamandua tetradactyla,Tamandua tetradactyla,Tamandua tetradactyla,Tamandua tetradactyla,Tamandua tetradactyla,Tamandua,Myrmecophagidae,2,Bajo
2643,Tamandua tetradactyla,Tamandua tetradactyla,Tamandua tetradactyla,Tamandua tetradactyla,Tamandua tetradactyla,Tamandua tetradactyla,Tamandua tetradactyla,Tamandua tetradactyla,Tamandua tetradactyla,Tamandua tetradactyla,Tamandua tetradactyla,Tamandua tetradactyla,Tamandua,Myrmecophagidae,2,Bajo
2645,Tamandua tetradactyla,Tamandua tetradactyla,Tamandua tetradactyla,Tamandua tetradactyla,Tamandua tetradactyla,Tamandua tetradactyla,Tamandua tetradactyla,Tamandua tetradactyla,Tamandua tetradactyla,Tamandua tetradactyla,Tamandua tetradactyla,Tamandua tetradactyla,Tamandua,Myrmecophagidae,2,Bajo
2647,Tamandua tetradactyla,Tamandua tetradactyla,Tamandua tetradactyla,Tamandua tetradactyla,Tamandua tetradactyla,Tamandua tetradactyla,Tamandua tetradactyla,Tamandua tetradactyla,Tamandua tetradactyla,Tamandua tetradactyla,Tamandua tetradactyla,Tamandua tetradactyla,Tamandua,Myrmecophagidae,2,Bajo
2648,Tamandua tetradactyla,Tamandua tetradactyla,Tamandua tetradactyla,Tamandua tetradactyla,Tamandua tetradactyla,Tamandua tetradactyla,Tamandua tetradactyla,Tamandua tetradactyla,Tamandua tetradactyla,Tamandua tetradactyla,Tamandua tetradactyla,Tamandua tetradactyla,Tamandua,Myrmecophagidae,2,Bajo
2649,Tamandua tetradactyla,Tamandua tetradactyla,Tamandua tetradactyla,Tamandua tetradactyla,Tamandua tetradactyla,Tamandua tetradactyla,Tamandua tetradactyla,Myrmecophaga tridactyla,Tamandua tetradactyla,Tamandua tetradactyla,Tamandua tetradactyla,Tamandua tetradactyla,Tamandua,Myrmecophagidae,2,Bajo
2650,Tamandua tetradactyla,Myrmecophaga tridactyla,Myrmecophaga tridactyla,Myrmecophaga tridactyla,Myrmecophaga tridactyla,Myrmecophaga tridactyla,Myrmecophaga tridactyla,Myrmecophaga tridactyla,Myrmecophaga tridactyla,Myrmecophaga tridactyla,Myrmecophaga tridactyla,Myrmecophaga tridactyla,Tamandua,Myrmecophagidae,2,Bajo
2651,Tamandua tetradactyla,Tamandua tetradactyla,Tamandua tetradactyla,Tamandua tetradactyla,Tamandua tetradactyla,Tamandua tetradactyla,Tamandua tetradactyla,Tamandua tetradactyla,Tamandua tetradactyla,Tamandua tetradactyla,Tamandua tetradactyla,Tamandua tetradactyla,Tamandua,Myrmecophagidae,2,Bajo
2652,Tamandua tetradactyla,Tamandua tetradactyla,Tamandua tetradactyla,Tamandua tetradactyla,Tamandua tetradactyla,Tamandua tetradactyla,Myrmecophaga tridactyla,Tamandua tetradactyla,Tamandua tetradactyla,Tamandua tetradactyla,Tamandua tetradactyla,Tamandua tetradactyla,Tamandua,Myrmecophagidae,2,Bajo
2653,Tamandua tetradactyla,Myrmecophaga tridactyla,Myrmecophaga tridactyla,Myrmecophaga tridactyla,Myrmecophaga tridactyla,Myrmecophaga tridactyla,Myrmecophaga tridactyla,Myrmecophaga tridactyla,Myrmecophaga tridactyla,Myrmecophaga tridactyla,Myrmecophaga tridactyla,Myrmecophaga tridactyla,Tamandua,Myrmecophagidae,2,Bajo
2654,Tamandua tetradactyla,Didelphis albiventris,Didelphis albiventris,Didelphis albiventris,Didelphis albiventris,Didelphis albiventris,Didelphis albiventris,Tamandua tetradactyla,Didelphis albiventris,Didelphis albiventris,Didelphis albiventris,Didelphis albiventris,Tamandua,Myrmecophagidae,2,Bajo
2655,Tamandua tetradactyla,Tamandua tetradactyla,Tamandua tetradactyla,Tamandua tetradactyla,Tamandua tetradactyla,Tamandua tetradactyla,Myrmecophaga tridactyla,Myrmecophaga tridactyla,Tamandua tetradactyla,Tamandua tetradactyla,Tamandua tetradactyla,Tamandua tetradactyla,Tamandua,Myrmecophagidae,2,Bajo
2656,Tamandua tetradactyla,Tamandua tetradactyla,Tamandua tetradactyla,Tamandua tetradactyla,Tamandua tetradactyla,Tamandua tetradactyla,Tamandua tetradactyla,Tamandua tetradactyla,Tamandua tetradactyla,Tamandua tetradactyla,Tamandua tetradactyla,Tamandua tetradactyla,Tamandua,Myrmecophagidae,2,Bajo
2658,Tamandua tetradactyla,Tamandua tetradactyla,Tamandua tetradactyla,Tamandua tetradactyla,Tamandua tetradactyla,Tamandua tetradactyla,Tamandua tetradactyla,Tamandua tetradactyla,Tamandua tetradactyla,Tamandua tetradactyla,Tamandua tetradactyla,Tamandua tetradactyla,Tamandua,Myrmecophagidae,2,Bajo
2659,Tamandua tetradactyla,Cabassous tatouay,Tamandua tetradactyla,Dasypus novemcinctus,Dasypus novemcinctus,Tamandua tetradactyla,Myrmecophaga tridactyla,Myrmecophaga tridactyla,Tamandua tetradactyla,Tamandua tetradactyla,Tamandua tetradactyla,Cabassous tatouay,Tamandua,Myrmecophagidae,2,Bajo
2660,Tamandua tetradactyla,Tamandua tetradactyla,Tamandua tetradactyla,Tamandua tetradactyla,Tamandua tetradactyla,Tamandua tetradactyla,Tamandua tetradactyla,Tamandua tetradactyla,Tamandua tetradactyla,Tamandua tetradactyla,Tamandua tetradactyla,Tamandua tetradactyla,Tamandua,Myrmecophagidae,2,Bajo
2661,Tamandua tetradactyla,Herpailurus yagouaroundi,Crypturellus obsoletus,Crypturellus obsoletus,Crypturellus obsoletus,Nyctidromus albicollis,Galictis cuja,Eira barbara,Crypturellus obsoletus,Crypturellus obsoletus,Crypturellus obsoletus,Herpailurus yagouaroundi,Tamandua,Myrmecophagidae,2,Bajo
2662,Tamandua tetradactyla,Tamandua tetradactyla,Tamandua tetradactyla,Tamandua tetradactyla,Tamandua tetradactyla,Tamandua tetradactyla,Tamandua tetradactyla,Tamandua tetradactyla,Tamandua tetradactyla,Tamandua tetradactyla,Tamandua tetradactyla,Tamandua tetradactyla,Tamandua,Myrmecophagidae,2,Bajo
2663,Tamandua tetradactyla,Tamandua tetradactyla,Tamandua tetradactyla,Tamandua tetradactyla,Tamandua tetradactyla,Tamandua tetradactyla,Tamandua tetradactyla,Tamandua tetradactyla,Tamandua tetradactyla,Tamandua tetradactyla,Tamandua tetradactyla,Tamandua tetradactyla,Tamandua,Myrmecophagidae,2,Bajo
2665,Tamandua tetradactyla,Tamandua tetradactyla,Tamandua tetradactyla,Tamandua tetradactyla,Tamandua tetradactyla,Tamandua tetradactyla,Tamandua tetradactyla,Tamandua tetradactyla,Tamandua tetradactyla,Tamandua tetradactyla,Tamandua tetradactyla,Tamandua tetradactyla,Tamandua,Myrmecophagidae,2,Bajo
2666,Tamandua tetradactyla,Tamandua tetradactyla,Tamandua tetradactyla,Tamandua tetradactyla,Tamandua tetradactyla,Tamandua tetradactyla,Tamandua tetradactyla,Tamandua tetradactyla,Tamandua tetradactyla,Tamandua tetradactyla,Tamandua tetradactyla,Tamandua tetradactyla,Tamandua,Myrmecophagidae,2,Bajo
2668,Tamandua tetradactyla,Tamandua tetradactyla,Tamandua tetradactyla,Tamandua tetradactyla,Tamandua tetradactyla,Tamandua tetradactyla,Tamandua tetradactyla,Myrmecophaga tridactyla,Tamandua tetradactyla,Tamandua tetradactyla,Tamandua tetradactyla,Tamandua tetradactyla,Tamandua,Myrmecophagidae,2,Bajo
2670,Tamandua tetradactyla,Tamandua tetradactyla,Tamandua tetradactyla,Tamandua tetradactyla,Tamandua tetradactyla,Tamandua tetradactyla,Tamandua tetradactyla,Tamandua tetradactyla,Tamandua tetradactyla,Tamandua tetradactyla,Tamandua tetradactyla,Tamandua tetradactyla,Tamandua,Myrmecophagidae,2,Bajo
2671,Tamandua tetradactyla,Tamandua tetradactyla,Tamandua tetradactyla,Tamandua tetradactyla,Tamandua tetradactyla,Tamandua tetradactyla,Tamandua tetradactyla,Tamandua tetradactyla,Tamandua tetradactyla,Tamandua tetradactyla,Tamandua tetradactyla,Tamandua tetradactyla,Tamandua,Myrmecophagidae,2,Bajo
2672,Tamandua tetradactyla,Cuniculus paca,Sapajus nigritus,Sapajus nigritus,Sapajus nigritus,Didelphis aurita,Didelphis aurita,Cuniculus paca,Sapajus nigritus,Sapajus nigritus,Sapajus nigritus,Cuniculus paca,Tamandua,Myrmecophagidae,2,Bajo
2673,Tamandua tetradactyla,Cabassous tatouay,Dasyprocta azarae,Dasyprocta azarae,Cabassous tatouay,Eira barbara,Eira barbara,Eira barbara,Dasyprocta azarae,Dasyprocta azarae,Dasyprocta azarae,Cabassous tatouay,Tamandua,Myrmecophagidae,2,Bajo
2674,Tamandua tetradactyla,Tamandua tetradactyla,Myrmecophaga tridactyla,Myrmecophaga tridactyla,Myrmecophaga tridactyla,Tamandua tetradactyla,Myrmecophaga tridactyla,Tamandua tetradactyla,Myrmecophaga tridactyla,Myrmecophaga tridactyla,Myrmecophaga tridactyla,Tamandua tetradactyla,Tamandua,Myrmecophagidae,2,Bajo
2676,Tamandua tetradactyla,Tamandua tetradactyla,Tamandua tetradactyla,Tamandua tetradactyla,Tamandua tetradactyla,Tamandua tetradactyla,Tamandua tetradactyla,Myrmecophaga tridactyla,Tamandua tetradactyla,Tamandua tetradactyla,Tamandua tetradactyla,Tamandua tetradactyla,Tamandua,Myrmecophagidae,2,Bajo
2677,Tamandua tetradactyla,Tamandua tetradactyla,Tamandua tetradactyla,Cerdocyon thous,Galictis cuja,Tamandua tetradactyla,Tamandua tetradactyla,Tamandua tetradactyla,Tamandua tetradactyla,Tamandua tetradactyla,Tamandua tetradactyla,Tamandua tetradactyla,Tamandua,Myrmecophagidae,2,Bajo
2678,Tamandua tetradactyla,Tamandua tetradactyla,Myrmecophaga tridactyla,Myrmecophaga tridactyla,Tamandua tetradactyla,Tamandua tetradactyla,Myrmecophaga tridactyla,Myrmecophaga tridactyla,Myrmecophaga tridactyla,Myrmecophaga tridactyla,Myrmecophaga tridactyla,Tamandua tetradactyla,Tamandua,Myrmecophagidae,2,Bajo
2681,Tamandua tetradactyla,Tamandua tetradactyla,Myrmecophaga tridactyla,Myrmecophaga tridactyla,Myrmecophaga tridactyla,Tamandua tetradactyla,Myrmecophaga tridactyla,Myrmecophaga tridactyla,Myrmecophaga tridactyla,Myrmecophaga tridactyla,Myrmecophaga tridactyla,Tamandua tetradactyla,Tamandua,Myrmecophagidae,2,Bajo
2682,Tamandua tetradactyla,Myrmecophaga tridactyla,Procyon cancrivorus,Dasyprocta azarae,Eira barbara,Myrmecophaga tridactyla,Myrmecophaga tridactyla,Galictis cuja,Procyon cancrivorus,Procyon cancrivorus,Procyon cancrivorus,Myrmecophaga tridactyla,Tamandua,Myrmecophagidae,2,Bajo
2683,Tamandua tetradactyla,Tamandua tetradactyla,Tamandua tetradactyla,Tamandua tetradactyla,Tamandua tetradactyla,Tamandua tetradactyla,Tamandua tetradactyla,Tamandua tetradactyla,Tamandua tetradactyla,Tamandua tetradactyla,Tamandua tetradactyla,Tamandua tetradactyla,Tamandua,Myrmecophagidae,2,Bajo
2684,Tamandua tetradactyla,Tamandua tetradactyla,Tamandua tetradactyla,Tamandua tetradactyla,Tamandua tetradactyla,Tamandua tetradactyla,Tamandua tetradactyla,Tamandua tetradactyla,Tamandua tetradactyla,Tamandua tetradactyla,Tamandua tetradactyla,Tamandua tetradactyla,Tamandua,Myrmecophagidae,2,Bajo
2686,Tamandua tetradactyla,Tamandua tetradactyla,Tamandua tetradactyla,Tamandua tetradactyla,Tamandua tetradactyla,Tamandua tetradactyla,Tamandua tetradactyla,Tamandua tetradactyla,Tamandua tetradactyla,Tamandua tetradactyla,Tamandua tetradactyla,Tamandua tetradactyla,Tamandua,Myrmecophagidae,2,Bajo
2687,Tamandua tetradactyla,Cuniculus paca,Didelphis albiventris,Didelphis albiventris,Cabassous tatouay,Tamandua tetradactyla,Myrmecophaga tridactyla,Myrmecophaga tridactyla,Didelphis albiventris,Didelphis albiventris,Didelphis albiventris,Cuniculus paca,Tamandua,Myrmecophagidae,2,Bajo
2688,Tamandua tetradactyla,Myrmecophaga tridactyla,Tamandua tetradactyla,Eira barbara,Myrmecophaga tridactyla,Tamandua tetradactyla,Myrmecophaga tridactyla,Myrmecophaga tridactyla,Tamandua tetradactyla,Tamandua tetradactyla,Tamandua tetradactyla,Myrmecophaga tridactyla,Tamandua,Myrmecophagidae,2,Bajo
2689,Tamandua tetradactyla,Tamandua tetradactyla,Tamandua tetradactyla,Tamandua tetradactyla,Tamandua tetradactyla,Tamandua tetradactyla,Tamandua tetradactyla,Tamandua tetradactyla,Tamandua tetradactyla,Tamandua tetradactyla,Tamandua tetradactyla,Tamandua tetradactyla,Tamandua,Myrmecophagidae,2,Bajo
2690,Tamandua tetradactyla,Tamandua tetradactyla,Tamandua tetradactyla,Tamandua tetradactyla,Tamandua tetradactyla,Tamandua tetradactyla,Tamandua tetradactyla,Myrmecophaga tridactyla,Tamandua tetradactyla,Tamandua tetradactyla,Tamandua tetradactyla,Tamandua tetradactyla,Tamandua,Myrmecophagidae,2,Bajo
2691,Tamandua tetradactyla,Tamandua tetradactyla,Tamandua tetradactyla,Tamandua tetradactyla,Tamandua tetradactyla,Tamandua tetradactyla,Tamandua tetradactyla,Tamandua tetradactyla,Tamandua tetradactyla,Tamandua tetradactyla,Tamandua tetradactyla,Tamandua tetradactyla,Tamandua,Myrmecophagidae,2,Bajo
2692,Tamandua tetradactyla,Tamandua tetradactyla,Tamandua tetradactyla,Tamandua tetradactyla,Tamandua tetradactyla,Tamandua tetradactyla,Tamandua tetradactyla,Tamandua tetradactyla,Tamandua tetradactyla,Tamandua tetradactyla,Tamandua tetradactyla,Tamandua tetradactyla,Tamandua,Myrmecophagidae,2,Bajo
2693,Tamandua tetradactyla,Tamandua tetradactyla,Tamandua tetradactyla,Tamandua tetradactyla,Tamandua tetradactyla,Tamandua tetradactyla,Tamandua tetradactyla,Tamandua tetradactyla,Tamandua tetradactyla,Tamandua tetradactyla,Tamandua tetradactyla,Tamandua tetradactyla,Tamandua,Myrmecophagidae,2,Bajo
2694,Odontophorus capueira,Odontophorus capueira,Crypturellus obsoletus,Crypturellus obsoletus,Odontophorus capueira,Odontophorus capueira,Odontophorus capueira,Odontophorus capueira,Crypturellus obsoletus,Crypturellus obsoletus,Crypturellus obsoletus,Odontophorus capueira,Odontophorus,Odontophoridae,5,Crítico
2696,Odontophorus capueira,Odontophorus capueira,Odontophorus capueira,Chamaeza campanisona,Crypturellus obsoletus,Odontophorus capueira,Odontophorus capueira,Odontophorus capueira,Odontophorus capueira,Odontophorus capueira,Odontophorus capueira,Odontophorus capueira,Odontophorus,Odontophoridae,5,Crítico
2698,Odontophorus capueira,Odontophorus capueira capueira,Odontophorus capueira capueira,Odontophorus capueira,Odontophorus capueira,Odontophorus capueira,Odontophorus capueira,Odontophorus capueira,Odontophorus capueira capueira,Odontophorus capueira capueira,Odontophorus capueira capueira,Odontophorus capueira capueira,Odontophorus,Odontophoridae,5,Crítico
2699,Odontophorus capueira,Odontophorus capueira capueira,Odontophorus capueira capueira,Odontophorus capueira capueira,Odontophorus capueira,Odontophorus capueira,Odontophorus capueira,Odontophorus capueira capueira,Odontophorus capueira capueira,Odontophorus capueira capueira,Odontophorus capueira capueira,Odontophorus capueira capueira,Odontophorus,Odontophoridae,5,Crítico
2700,Odontophorus capueira,Odontophorus capueira capueira,Odontophorus capueira capueira,Odontophorus capueira,Odontophorus capueira,Odontophorus capueira capueira,Odontophorus capueira,Odontophorus capueira capueira,Odontophorus capueira capueira,Odontophorus capueira capueira,Odontophorus capueira capueira,Odontophorus capueira capueira,Odontophorus,Odontophoridae,5,Crítico
2701,Odontophorus capueira,Odontophorus capueira capueira,Odontophorus capueira capueira,Odontophorus capueira,Odontophorus capueira,Odontophorus capueira capueira,Odontophorus capueira,Odontophorus capueira,Odontophorus capueira capueira,Odontophorus capueira capueira,Odontophorus capueira capueira,Odontophorus capueira capueira,Odontophorus,Odontophoridae,5,Crítico
2702,Odontophorus capueira,Odontophorus capueira,Odontophorus capueira,Crypturellus obsoletus,Crypturellus obsoletus,Odontophorus capueira,Odontophorus capueira,Odontophorus capueira,Odontophorus capueira,Odontophorus capueira,Odontophorus capueira,Odontophorus capueira,Odontophorus,Odontophoridae,5,Crítico
2703,Odontophorus capueira,Odontophorus capueira,Odontophorus capueira,Odontophorus capueira capueira,Odontophorus capueira,Odontophorus capueira,Odontophorus capueira,Odontophorus capueira,Odontophorus capueira,Odontophorus capueira,Odontophorus capueira,Odontophorus capueira,Odontophorus,Odontophoridae,5,Crítico
2704,Odontophorus capueira,Odontophorus capueira,Crypturellus obsoletus,Chamaeza campanisona,Chamaeza campanisona,Hydropsalis torquata,Hydropsalis torquata,Nyctidromus albicollis,Crypturellus obsoletus,Crypturellus obsoletus,Crypturellus obsoletus,Odontophorus capueira,Odontophorus,Odontophoridae,5,Crítico
2705,Odontophorus capueira,Odontophorus capueira capueira,Odontophorus capueira,Odontophorus capueira,Odontophorus capueira,Odontophorus capueira,Odontophorus capueira,Odontophorus capueira,Odontophorus capueira,Odontophorus capueira,Odontophorus capueira,Odontophorus capueira capueira,Odontophorus,Odontophoridae,5,Crítico
2707,Odontophorus capueira,Odontophorus capueira capueira,Odontophorus capueira capueira,Odontophorus capueira,Odontophorus capueira,Odontophorus capueira capueira,Odontophorus capueira,Odontophorus capueira,Odontophorus capueira capueira,Odontophorus capueira capueira,Odontophorus capueira capueira,Odontophorus capueira capueira,Odontophorus,Odontophoridae,5,Crítico
2708,Odontophorus capueira,Odontophorus capueira,Odontophorus capueira,Odontophorus capueira,Odontophorus capueira,Odontophorus capueira,Odontophorus capueira,Odontophorus capueira,Odontophorus capueira,Odontophorus capueira,Odontophorus capueira,Odontophorus capueira,Odontophorus,Odontophoridae,5,Crítico
2709,Odontophorus capueira,Odontophorus capueira capueira,Odontophorus capueira capueira,Odontophorus capueira capueira,Odontophorus capueira,Odontophorus capueira,Odontophorus capueira,Odontophorus capueira,Odontophorus capueira capueira,Odontophorus capueira capueira,Odontophorus capueira capueira,Odontophorus capueira capueira,Odontophorus,Odontophoridae,5,Crítico
2710,Odontophorus capueira,Odontophorus capueira,Tinamus solitarius,Crypturellus obsoletus,Crypturellus obsoletus,Odontophorus capueira,Odontophorus capueira,Odontophorus capueira,Tinamus solitarius,Tinamus solitarius,Tinamus solitarius,Odontophorus capueira,Odontophorus,Odontophoridae,5,Crítico
2712,Odontophorus capueira,Odontophorus capueira capueira,Odontophorus capueira,Odontophorus capueira,Odontophorus capueira capueira,Odontophorus capueira,Odontophorus capueira,Odontophorus capueira capueira,Odontophorus capueira,Odontophorus capueira,Odontophorus capueira,Odontophorus capueira capueira,Odontophorus,Odontophoridae,5,Crítico
2714,Odontophorus capueira,Odontophorus capueira,Odontophorus capueira,Odontophorus capueira,Odontophorus capueira,Odontophorus capueira,Odontophorus capueira,Odontophorus capueira,Odontophorus capueira,Odontophorus capueira,Odontophorus capueira,Odontophorus capueira,Odontophorus,Odontophoridae,5,Crítico
2715,Odontophorus capueira,Odontophorus capueira capueira,Odontophorus capueira capueira,Odontophorus capueira capueira,Odontophorus capueira capueira,Odontophorus capueira capueira,Odontophorus capueira,Odontophorus capueira capueira,Odontophorus capueira capueira,Odontophorus capueira capueira,Odontophorus capueira capueira,Odontophorus capueira capueira,Odontophorus,Odontophoridae,5,Crítico
2717,Odontophorus capueira,Odontophorus capueira,Crypturellus obsoletus,Crypturellus obsoletus,Crypturellus obsoletus,Odontophorus capueira,Odontophorus capueira,Crypturellus obsoletus,Crypturellus obsoletus,Crypturellus obsoletus,Crypturellus obsoletus,Odontophorus capueira,Odontophorus,Odontophoridae,5,Crítico
2718,Odontophorus capueira,Odontophorus capueira,Odontophorus capueira,Odontophorus capueira,Crypturellus obsoletus,Odontophorus capueira,Odontophorus capueira,Odontophorus capueira,Odontophorus capueira,Odontophorus capueira,Odontophorus capueira,Odontophorus capueira,Odontophorus,Odontophoridae,5,Crítico
2719,Odontophorus capueira,Odontophorus capueira,Odontophorus capueira,Odontophorus capueira,Odontophorus capueira,Odontophorus capueira,Odontophorus capueira,Odontophorus capueira,Odontophorus capueira,Odontophorus capueira,Odontophorus capueira,Odontophorus capueira,Odontophorus,Odontophoridae,5,Crítico
2720,Odontophorus capueira,Odontophorus capueira capueira,Odontophorus capueira capueira,Odontophorus capueira capueira,Odontophorus capueira capueira,Odontophorus capueira capueira,Odontophorus capueira,Odontophorus capueira capueira,Odontophorus capueira capueira,Odontophorus capueira capueira,Odontophorus capueira capueira,Odontophorus capueira capueira,Odontophorus,Odontophoridae,5,Crítico
2721,Odontophorus capueira,Odontophorus capueira,Odontophorus capueira,Odontophorus capueira,Odontophorus capueira,Odontophorus capueira,Odontophorus capueira,Odontophorus capueira,Odontophorus capueira,Odontophorus capueira,Odontophorus capueira,Odontophorus capueira,Odontophorus,Odontophoridae,5,Crítico
2722,Odontophorus capueira,Odontophorus capueira,Odontophorus capueira,Odontophorus capueira,Mackenziaena severa,Odontophorus capueira,Odontophorus capueira,Odontophorus capueira,Odontophorus capueira,Odontophorus capueira,Odontophorus capueira,Odontophorus capueira,Odontophorus,Odontophoridae,5,Crítico
2723,Odontophorus capueira,Odontophorus capueira,Odontophorus capueira,Odontophorus capueira,Odontophorus capueira capueira,Odontophorus capueira,Odontophorus capueira,Odontophorus capueira,Odontophorus capueira,Odontophorus capueira,Odontophorus capueira,Odontophorus capueira,Odontophorus,Odontophoridae,5,Crítico
2725,Odontophorus capueira,Odontophorus capueira,Odontophorus capueira capueira,Odontophorus capueira capueira,Odontophorus capueira,Odontophorus capueira,Odontophorus capueira,Odontophorus capueira,Odontophorus capueira capueira,Odontophorus capueira capueira,Odontophorus capueira capueira,Odontophorus capueira,Odontophorus,Odontophoridae,5,Crítico
2726,Odontophorus capueira,Odontophorus capueira capueira,Odontophorus capueira capueira,Odontophorus capueira,Odontophorus capueira,Odontophorus capueira capueira,Odontophorus capueira,Odontophorus capueira,Odontophorus capueira capueira,Odontophorus capueira capueira,Odontophorus capueira capueira,Odontophorus capueira capueira,Odontophorus,Odontophoridae,5,Crítico
2727,Odontophorus capueira,Odontophorus capueira,Odontophorus capueira,Odontophorus capueira,Odontophorus capueira,Odontophorus capueira,Odontophorus capueira,Odontophorus capueira,Odontophorus capueira,Odontophorus capueira,Odontophorus capueira,Odontophorus capueira,Odontophorus,Odontophoridae,5,Crítico
2728,Odontophorus capueira,Odontophorus capueira capueira,Odontophorus capueira capueira,Odontophorus capueira,Odontophorus capueira,Odontophorus capueira capueira,Odontophorus capueira,Odontophorus capueira,Odontophorus capueira capueira,Odontophorus capueira capueira,Odontophorus capueira capueira,Odontophorus capueira capueira,Odontophorus,Odontophoridae,5,Crítico
2729,Odontophorus capueira,Odontophorus capueira,Leptotila rufaxilla,Crypturellus obsoletus,Crypturellus obsoletus,Odontophorus capueira,Odontophorus capueira,Odontophorus capueira capueira,Leptotila rufaxilla,Leptotila rufaxilla,Leptotila rufaxilla,Odontophorus capueira,Odontophorus,Odontophoridae,5,Crítico
2730,Odontophorus capueira,Odontophorus capueira capueira,Odontophorus capueira capueira,Odontophorus capueira,Odontophorus capueira,Odontophorus capueira,Odontophorus capueira,Odontophorus capueira capueira,Odontophorus capueira capueira,Odontophorus capueira capueira,Odontophorus capueira capueira,Odontophorus capueira capueira,Odontophorus,Odontophoridae,5,Crítico
2731,Odontophorus capueira,Odontophorus capueira,Odontophorus capueira,Odontophorus capueira,Odontophorus capueira,Odontophorus capueira,Odontophorus capueira,Odontophorus capueira,Odontophorus capueira,Odontophorus capueira,Odontophorus capueira,Odontophorus capueira,Odontophorus,Odontophoridae,5,Crítico
2732,Odontophorus capueira,Odontophorus capueira,Odontophorus capueira,Odontophorus capueira,Odontophorus capueira,Odontophorus capueira,Odontophorus capueira,Odontophorus capueira,Odontophorus capueira,Odontophorus capueira,Odontophorus capueira,Odontophorus capueira,Odontophorus,Odontophoridae,5,Crítico
2733,Odontophorus capueira,Odontophorus capueira,Odontophorus capueira,Odontophorus capueira,Odontophorus capueira,Odontophorus capueira,Odontophorus capueira,Aramides saracura,Odontophorus capueira,Odontophorus capueira,Odontophorus capueira,Odontophorus capueira,Odontophorus,Odontophoridae,5,Crítico
2734,Odontophorus capueira,Odontophorus capueira capueira,Odontophorus capueira capueira,Odontophorus capueira,Odontophorus capueira,Odontophorus capueira capueira,Odontophorus capueira,Odontophorus capueira,Odontophorus capueira capueira,Odontophorus capueira capueira,Odontophorus capueira capueira,Odontophorus capueira capueira,Odontophorus,Odontophoridae,5,Crítico
2735,Odontophorus capueira,Odontophorus capueira,Odontophorus capueira capueira,Odontophorus capueira,Odontophorus capueira,Odontophorus capueira,Odontophorus capueira,Nothura maculosa,Odontophorus capueira capueira,Odontophorus capueira capueira,Odontophorus capueira capueira,Odontophorus capueira,Odontophorus,Odontophoridae,5,Crítico
2737,Odontophorus capueira,Odontophorus capueira,Odontophorus capueira,Odontophorus capueira,Odontophorus capueira,Odontophorus capueira,Odontophorus capueira,Odontophorus capueira,Odontophorus capueira,Odontophorus capueira,Odontophorus capueira,Odontophorus capueira,Odontophorus,Odontophoridae,5,Crítico
2740,Odontophorus capueira capueira,Odontophorus capueira capueira,Odontophorus capueira capueira,Odontophorus capueira,Odontophorus capueira,Odontophorus capueira,Odontophorus capueira,Odontophorus capueira,Odontophorus capueira capueira,Odontophorus capueira capueira,Odontophorus capueira capueira,Odontophorus capueira capueira,Odontophorus,Odontophoridae,5,Crítico
2741,Odontophorus capueira capueira,Odontophorus capueira,Odontophorus capueira,Crypturellus tataupa,Crypturellus tataupa,Odontophorus capueira,Odontophorus capueira,Crypturellus tataupa,Odontophorus capueira,Odontophorus capueira,Odontophorus capueira,Odontophorus capueira,Odontophorus,Odontophoridae,5,Crítico
2742,Odontophorus capueira capueira,Odontophorus capueira,Odontophorus capueira,Odontophorus capueira,Odontophorus capueira,Odontophorus capueira,Odontophorus capueira,Odontophorus capueira,Odontophorus capueira,Odontophorus capueira,Odontophorus capueira,Odontophorus capueira,Odontophorus,Odontophoridae,5,Crítico
2743,Odontophorus capueira capueira,Odontophorus capueira,Odontophorus capueira,Chamaeza campanisona,Penelope superciliaris,Aramides saracura,Aramides saracura,Crypturellus tataupa,Odontophorus capueira,Odontophorus capueira,Odontophorus capueira,Odontophorus capueira,Odontophorus,Odontophoridae,5,Crítico
2744,Odontophorus capueira capueira,Odontophorus capueira capueira,Odontophorus capueira capueira,Odontophorus capueira capueira,Odontophorus capueira,Odontophorus capueira,Odontophorus capueira,Odontophorus capueira,Odontophorus capueira capueira,Odontophorus capueira capueira,Odontophorus capueira capueira,Odontophorus capueira capueira,Odontophorus,Odontophoridae,5,Crítico
2745,Odontophorus capueira capueira,Odontophorus capueira capueira,Odontophorus capueira capueira,Odontophorus capueira capueira,Odontophorus capueira,Odontophorus capueira capueira,Odontophorus capueira,Odontophorus capueira capueira,Odontophorus capueira capueira,Odontophorus capueira capueira,Odontophorus capueira capueira,Odontophorus capueira capueira,Odontophorus,Odontophoridae,5,Crítico
2746,Odontophorus capueira capueira,Odontophorus capueira capueira,Odontophorus capueira capueira,Odontophorus capueira,Odontophorus capueira,Odontophorus capueira,Odontophorus capueira,Odontophorus capueira capueira,Odontophorus capueira capueira,Odontophorus capueira capueira,Odontophorus capueira capueira,Odontophorus capueira capueira,Odontophorus,Odontophoridae,5,Crítico
2748,Odontophorus capueira capueira,Odontophorus capueira capueira,Odontophorus capueira,Odontophorus capueira,Odontophorus capueira capueira,Odontophorus capueira capueira,Odontophorus capueira,Odontophorus capueira,Odontophorus capueira,Odontophorus capueira,Odontophorus capueira,Odontophorus capueira capueira,Odontophorus,Odontophoridae,5,Crítico
2749,Odontophorus capueira capueira,Odontophorus capueira,Chamaeza campanisona,Chamaeza campanisona,Chamaeza campanisona,Odontophorus capueira,Odontophorus capueira,Crypturellus obsoletus,Chamaeza campanisona,Chamaeza campanisona,Chamaeza campanisona,Odontophorus capueira,Odontophorus,Odontophoridae,5,Crítico
2750,Odontophorus capueira capueira,Mackenziaena severa,Mackenziaena severa,Mackenziaena severa,Mackenziaena severa,Odontophorus capueira,Mackenziaena severa,Odontophorus capueira,Mackenziaena severa,Mackenziaena severa,Mackenziaena severa,Mackenziaena severa,Odontophorus,Odontophoridae,5,Crítico
2751,Odontophorus capueira capueira,Odontophorus capueira capueira,Odontophorus capueira capueira,Odontophorus capueira capueira,Odontophorus capueira,Odontophorus capueira capueira,Odontophorus capueira,Odontophorus capueira capueira,Odontophorus capueira capueira,Odontophorus capueira capueira,Odontophorus capueira capueira,Odontophorus capueira capueira,Odontophorus,Odontophoridae,5,Crítico
2752,Odontophorus capueira capueira,Odontophorus capueira capueira,Odontophorus capueira,Odontophorus capueira,Odontophorus capueira,Odontophorus capueira,Odontophorus capueira,Odontophorus capueira,Odontophorus capueira,Odontophorus capueira,Odontophorus capueira,Odontophorus capueira capueira,Odontophorus,Odontophoridae,5,Crítico
2753,Odontophorus capueira capueira,Odontophorus capueira capueira,Odontophorus capueira,Odontophorus capueira,Odontophorus capueira,Odontophorus capueira capueira,Odontophorus capueira,Odontophorus capueira,Odontophorus capueira,Odontophorus capueira,Odontophorus capueira,Odontophorus capueira capueira,Odontophorus,Odontophoridae,5,Crítico
2755,Odontophorus capueira capueira,Odontophorus capueira capueira,Odontophorus capueira,Odontophorus capueira,Odontophorus capueira capueira,Odontophorus capueira,Odontophorus capueira,Odontophorus capueira,Odontophorus capueira,Odontophorus capueira,Odontophorus capueira,Odontophorus capueira capueira,Odontophorus,Odontophoridae,5,Crítico
2756,Odontophorus capueira capueira,Odontophorus capueira capueira,Odontophorus capueira capueira,Odontophorus capueira capueira,Odontophorus capueira capueira,Odontophorus capueira,Odontophorus capueira,Odontophorus capueira,Odontophorus capueira capueira,Odontophorus capueira capueira,Odontophorus capueira capueira,Odontophorus capueira capueira,Odontophorus,Odontophoridae,5,Crítico
2757,Odontophorus capueira capueira,Odontophorus capueira,Odontophorus capueira capueira,Odontophorus capueira,Odontophorus capueira,Odontophorus capueira,Odontophorus capueira,Odontophorus capueira,Odontophorus capueira capueira,Odontophorus capueira capueira,Odontophorus capueira capueira,Odontophorus capueira,Odontophorus,Odontophoridae,5,Crítico
2758,Odontophorus capueira capueira,Odontophorus capueira capueira,Odontophorus capueira,Odontophorus capueira,Odontophorus capueira,Odontophorus capueira,Odontophorus capueira,Odontophorus capueira,Odontophorus capueira,Odontophorus capueira,Odontophorus capueira,Odontophorus capueira capueira,Odontophorus,Odontophoridae,5,Crítico
2759,Odontophorus capueira capueira,Odontophorus capueira capueira,Odontophorus capueira,Odontophorus capueira capueira,Crypturellus obsoletus,Nothura maculosa,Odontophorus capueira,Odontophorus capueira,Odontophorus capueira,Odontophorus capueira,Odontophorus capueira,Odontophorus capueira capueira,Odontophorus,Odontophoridae,5,Crítico
2760,Odontophorus capueira capueira,Odontophorus capueira,Odontophorus capueira,Odontophorus capueira,Odontophorus capueira,Odontophorus capueira,Odontophorus capueira,Odontophorus capueira,Odontophorus capueira,Odontophorus capueira,Odontophorus capueira,Odontophorus capueira,Odontophorus,Odontophoridae,5,Crítico
2762,Odontophorus capueira capueira,Odontophorus capueira,Odontophorus capueira,Odontophorus capueira,Odontophorus capueira,Odontophorus capueira,Odontophorus capueira,Odontophorus capueira,Odontophorus capueira,Odontophorus capueira,Odontophorus capueira,Odontophorus capueira,Odontophorus,Odontophoridae,5,Crítico
2763,Odontophorus capueira capueira,Odontophorus capueira capueira,Chamaeza campanisona,Chamaeza campanisona,Chamaeza campanisona,Chamaeza campanisona,Odontophorus capueira capueira,Chamaeza campanisona,Chamaeza campanisona,Chamaeza campanisona,Chamaeza campanisona,Odontophorus capueira capueira,Odontophorus,Odontophoridae,5,Crítico
2764,Odontophorus capueira capueira,Odontophorus capueira,Odontophorus capueira,Odontophorus capueira,Odontophorus capueira,Odontophorus capueira,Odontophorus capueira,Odontophorus capueira,Odontophorus capueira,Odontophorus capueira,Odontophorus capueira,Odontophorus capueira,Odontophorus,Odontophoridae,5,Crítico
2766,Odontophorus capueira capueira,Odontophorus capueira capueira,Odontophorus capueira capueira,Odontophorus capueira,Odontophorus capueira,Odontophorus capueira,Odontophorus capueira,Odontophorus capueira,Odontophorus capueira capueira,Odontophorus capueira capueira,Odontophorus capueira capueira,Odontophorus capueira capueira,Odontophorus,Odontophoridae,5,Crítico
2767,Odontophorus capueira capueira,Odontophorus capueira,Crypturellus tataupa,Crypturellus tataupa,Odontophorus capueira,Odontophorus capueira,Odontophorus capueira,Odontophorus capueira,Crypturellus tataupa,Crypturellus tataupa,Crypturellus tataupa,Odontophorus capueira,Odontophorus,Odontophoridae,5,Crítico
2768,Odontophorus capueira capueira,Odontophorus capueira capueira,Odontophorus capueira capueira,Odontophorus capueira,Odontophorus capueira,Odontophorus capueira capueira,Odontophorus capueira,Odontophorus capueira,Odontophorus capueira capueira,Odontophorus capueira capueira,Odontophorus capueira capueira,Odontophorus capueira capueira,Odontophorus,Odontophoridae,5,Crítico
2769,Odontophorus capueira capueira,Odontophorus capueira,Odontophorus capueira,Odontophorus capueira capueira,Odontophorus capueira capueira,Odontophorus capueira,Odontophorus capueira,Odontophorus capueira,Odontophorus capueira,Odontophorus capueira,Odontophorus capueira,Odontophorus capueira,Odontophorus,Odontophoridae,5,Crítico
2770,Myiothlypis leucoblephara,Myiothlypis leucoblephara,Myiothlypis leucoblephara,Myiothlypis leucoblephara,Myiothlypis leucoblephara,Myiothlypis leucoblephara,Myiothlypis leucoblephara,Myiothlypis leucoblephara,Myiothlypis leucoblephara,Myiothlypis leucoblephara,Myiothlypis leucoblephara,Myiothlypis leucoblephara,Myiothlypis,Parulidae,3,Medio
2771,Myiothlypis leucoblephara,Myiothlypis leucoblephara,Myiothlypis leucoblephara,Myiothlypis leucoblephara,Myiothlypis leucoblephara,Myiothlypis leucoblephara,Myiothlypis leucoblephara,Myiothlypis leucoblephara,Myiothlypis leucoblephara,Myiothlypis leucoblephara,Myiothlypis leucoblephara,Myiothlypis leucoblephara,Myiothlypis,Parulidae,3,Medio
2772,Myiothlypis leucoblephara,Myiothlypis leucoblephara,Myiothlypis leucoblephara,Myiothlypis leucoblephara,Myiothlypis leucoblephara,Myiothlypis leucoblephara,Myiothlypis leucoblephara,Myiothlypis leucoblephara,Myiothlypis leucoblephara,Myiothlypis leucoblephara,Myiothlypis leucoblephara,Myiothlypis leucoblephara,Myiothlypis,Parulidae,3,Medio
2773,Myiothlypis leucoblephara,Myiothlypis leucoblephara,Myiothlypis leucoblephara,Myiothlypis leucoblephara,Myiothlypis leucoblephara,Myiothlypis leucoblephara,Myiothlypis leucoblephara,Conopophaga lineata,Myiothlypis leucoblephara,Myiothlypis leucoblephara,Myiothlypis leucoblephara,Myiothlypis leucoblephara,Myiothlypis,Parulidae,3,Medio
2775,Myiothlypis leucoblephara,Myiothlypis leucoblephara,Myiothlypis leucoblephara,Myiothlypis leucoblephara,Myiothlypis leucoblephara,Myiothlypis leucoblephara,Myiothlypis leucoblephara,Myiothlypis leucoblephara,Myiothlypis leucoblephara,Myiothlypis leucoblephara,Myiothlypis leucoblephara,Myiothlypis leucoblephara,Myiothlypis,Parulidae,3,Medio
2776,Myiothlypis leucoblephara,Myiothlypis leucoblephara,Myiothlypis leucoblephara,Myiothlypis leucoblephara,Myiothlypis leucoblephara,Myiothlypis leucoblephara,Myiothlypis leucoblephara,Myiothlypis leucoblephara,Myiothlypis leucoblephara,Myiothlypis leucoblephara,Myiothlypis leucoblephara,Myiothlypis leucoblephara,Myiothlypis,Parulidae,3,Medio
2777,Myiothlypis leucoblephara,Myiothlypis leucoblephara,Myiothlypis leucoblephara,Myiothlypis leucoblephara,Myiothlypis leucoblephara,Myiothlypis leucoblephara,Myiothlypis leucoblephara,Myiothlypis leucoblephara,Myiothlypis leucoblephara,Myiothlypis leucoblephara,Myiothlypis leucoblephara,Myiothlypis leucoblephara,Myiothlypis,Parulidae,3,Medio
2778,Myiothlypis leucoblephara,Myiothlypis leucoblephara,Myiothlypis leucoblephara,Myiothlypis leucoblephara,Myiothlypis leucoblephara,Myiothlypis leucoblephara,Myiothlypis leucoblephara,Myiothlypis leucoblephara,Myiothlypis leucoblephara,Myiothlypis leucoblephara,Myiothlypis leucoblephara,Myiothlypis leucoblephara,Myiothlypis,Parulidae,3,Medio
2779,Myiothlypis leucoblephara,Myiothlypis leucoblephara,Myiothlypis leucoblephara,Myiothlypis leucoblephara,Myiothlypis leucoblephara,Myiothlypis leucoblephara,Myiothlypis leucoblephara,Myiothlypis leucoblephara,Myiothlypis leucoblephara,Myiothlypis leucoblephara,Myiothlypis leucoblephara,Myiothlypis leucoblephara,Myiothlypis,Parulidae,3,Medio
2782,Myiothlypis leucoblephara,Myiothlypis leucoblephara,Myiothlypis leucoblephara,Myiothlypis leucoblephara,Myiothlypis leucoblephara,Myiothlypis leucoblephara,Myiothlypis leucoblephara,Myiothlypis leucoblephara,Myiothlypis leucoblephara,Myiothlypis leucoblephara,Myiothlypis leucoblephara,Myiothlypis leucoblephara,Myiothlypis,Parulidae,3,Medio
2783,Myiothlypis leucoblephara,Myiothlypis leucoblephara,Myiothlypis leucoblephara,Myiothlypis leucoblephara,Myiothlypis leucoblephara,Myiothlypis leucoblephara,Myiothlypis leucoblephara,Myiothlypis leucoblephara,Myiothlypis leucoblephara,Myiothlypis leucoblephara,Myiothlypis leucoblephara,Myiothlypis leucoblephara,Myiothlypis,Parulidae,3,Medio
2785,Myiothlypis leucoblephara,Myiothlypis leucoblephara,Myiothlypis leucoblephara,Myiothlypis leucoblephara,Myiothlypis leucoblephara,Myiothlypis leucoblephara,Myiothlypis leucoblephara,Myiothlypis leucoblephara,Myiothlypis leucoblephara,Myiothlypis leucoblephara,Myiothlypis leucoblephara,Myiothlypis leucoblephara,Myiothlypis,Parulidae,3,Medio
2787,Myiothlypis leucoblephara,Myiothlypis leucoblephara,Myiothlypis leucoblephara,Myiothlypis leucoblephara,Myiothlypis leucoblephara,Myiothlypis leucoblephara,Myiothlypis leucoblephara,Myiothlypis leucoblephara,Myiothlypis leucoblephara,Myiothlypis leucoblephara,Myiothlypis leucoblephara,Myiothlypis leucoblephara,Myiothlypis,Parulidae,3,Medio
2788,Myiothlypis leucoblephara,Myiothlypis leucoblephara,Myiothlypis leucoblephara,Myiothlypis leucoblephara,Myiothlypis leucoblephara,Myiothlypis leucoblephara,Myiothlypis leucoblephara,Myiothlypis leucoblephara,Myiothlypis leucoblephara,Myiothlypis leucoblephara,Myiothlypis leucoblephara,Myiothlypis leucoblephara,Myiothlypis,Parulidae,3,Medio
2789,Myiothlypis leucoblephara,Turdus rufiventris,Cyanocorax chrysops,Cyanocorax chrysops,Conopophaga lineata,Sapajus nigritus,Baryphthengus ruficapillus,Myiothlypis leucoblephara,Cyanocorax chrysops,Cyanocorax chrysops,Cyanocorax chrysops,Turdus rufiventris,Myiothlypis,Parulidae,3,Medio
2790,Myiothlypis leucoblephara,Myiothlypis leucoblephara,Myiothlypis leucoblephara,Myiothlypis leucoblephara,Myiothlypis leucoblephara,Myiothlypis leucoblephara,Myiothlypis leucoblephara,Myiothlypis leucoblephara,Myiothlypis leucoblephara,Myiothlypis leucoblephara,Myiothlypis leucoblephara,Myiothlypis leucoblephara,Myiothlypis,Parulidae,3,Medio
2791,Myiothlypis leucoblephara,Myiothlypis leucoblephara,Myiothlypis leucoblephara,Myiothlypis leucoblephara,Myiothlypis leucoblephara,Myiothlypis leucoblephara,Myiothlypis leucoblephara,Myiothlypis leucoblephara,Myiothlypis leucoblephara,Myiothlypis leucoblephara,Myiothlypis leucoblephara,Myiothlypis leucoblephara,Myiothlypis,Parulidae,3,Medio
2792,Myiothlypis leucoblephara,Myiothlypis leucoblephara,Myiothlypis leucoblephara,Myiothlypis leucoblephara,Myiothlypis leucoblephara,Myiothlypis leucoblephara,Myiothlypis leucoblephara,Myiothlypis leucoblephara,Myiothlypis leucoblephara,Myiothlypis leucoblephara,Myiothlypis leucoblephara,Myiothlypis leucoblephara,Myiothlypis,Parulidae,3,Medio
2793,Myiothlypis leucoblephara,Myiothlypis leucoblephara,Myiothlypis leucoblephara,Myiothlypis leucoblephara,Myiothlypis leucoblephara,Myiothlypis leucoblephara,Myiothlypis leucoblephara,Myiothlypis leucoblephara,Myiothlypis leucoblephara,Myiothlypis leucoblephara,Myiothlypis leucoblephara,Myiothlypis leucoblephara,Myiothlypis,Parulidae,3,Medio
2794,Myiothlypis leucoblephara,Myiothlypis leucoblephara,Synallaxis ruficapilla,Conopophaga lineata,Chamaeza campanisona,Myiothlypis leucoblephara,Myiothlypis leucoblephara,Myiothlypis leucoblephara,Synallaxis ruficapilla,Synallaxis ruficapilla,Synallaxis ruficapilla,Myiothlypis leucoblephara,Myiothlypis,Parulidae,3,Medio
2795,Myiothlypis leucoblephara,Myiothlypis leucoblephara,Myiothlypis leucoblephara,Myiothlypis leucoblephara,Myiothlypis leucoblephara,Myiothlypis leucoblephara,Myiothlypis leucoblephara,Myiothlypis leucoblephara,Myiothlypis leucoblephara,Myiothlypis leucoblephara,Myiothlypis leucoblephara,Myiothlypis leucoblephara,Myiothlypis,Parulidae,3,Medio
2797,Myiothlypis leucoblephara,Myiothlypis leucoblephara,Myiothlypis leucoblephara,Myiothlypis leucoblephara,Myiothlypis leucoblephara,Myiothlypis leucoblephara,Myiothlypis leucoblephara,Myiothlypis leucoblephara,Myiothlypis leucoblephara,Myiothlypis leucoblephara,Myiothlypis leucoblephara,Myiothlypis leucoblephara,Myiothlypis,Parulidae,3,Medio
2798,Myiothlypis leucoblephara,Myiothlypis leucoblephara,Myiothlypis leucoblephara,Myiothlypis leucoblephara,Myiothlypis leucoblephara,Myiothlypis leucoblephara,Myiothlypis leucoblephara,Myiothlypis leucoblephara,Myiothlypis leucoblephara,Myiothlypis leucoblephara,Myiothlypis leucoblephara,Myiothlypis leucoblephara,Myiothlypis,Parulidae,3,Medio
2799,Myiothlypis leucoblephara,Myiothlypis leucoblephara,Myiothlypis leucoblephara,Myiothlypis leucoblephara,Myiothlypis leucoblephara,Myiothlypis leucoblephara,Myiothlypis leucoblephara,Myiothlypis leucoblephara,Myiothlypis leucoblephara,Myiothlypis leucoblephara,Myiothlypis leucoblephara,Myiothlypis leucoblephara,Myiothlypis,Parulidae,3,Medio
2800,Myiothlypis leucoblephara,Myiothlypis leucoblephara,Myiothlypis leucoblephara,Myiothlypis leucoblephara,Myiothlypis leucoblephara,Myiothlypis leucoblephara,Myiothlypis leucoblephara,Myiothlypis leucoblephara,Myiothlypis leucoblephara,Myiothlypis leucoblephara,Myiothlypis leucoblephara,Myiothlypis leucoblephara,Myiothlypis,Parulidae,3,Medio
2801,Myiothlypis leucoblephara,Myiothlypis leucoblephara,Myiothlypis leucoblephara,Myiothlypis leucoblephara,Myiothlypis leucoblephara,Myiothlypis leucoblephara,Myiothlypis leucoblephara,Myiothlypis leucoblephara,Myiothlypis leucoblephara,Myiothlypis leucoblephara,Myiothlypis leucoblephara,Myiothlypis leucoblephara,Myiothlypis,Parulidae,3,Medio
2803,Myiothlypis leucoblephara,Myiothlypis leucoblephara,Myiothlypis leucoblephara,Myiothlypis leucoblephara,Myiothlypis leucoblephara,Myiothlypis leucoblephara,Myiothlypis leucoblephara,Myiothlypis leucoblephara,Myiothlypis leucoblephara,Myiothlypis leucoblephara,Myiothlypis leucoblephara,Myiothlypis leucoblephara,Myiothlypis,Parulidae,3,Medio
2804,Myiothlypis leucoblephara,Myiothlypis leucoblephara,Biatas nigropectus,Biatas nigropectus,Biatas nigropectus,Myiothlypis leucoblephara,Myiothlypis leucoblephara,Biatas nigropectus,Biatas nigropectus,Biatas nigropectus,Biatas nigropectus,Myiothlypis leucoblephara,Myiothlypis,Parulidae,3,Medio
2806,Myiothlypis leucoblephara,Myiothlypis leucoblephara,Myiothlypis leucoblephara,Myiothlypis leucoblephara,Myiothlypis leucoblephara,Myiothlypis leucoblephara,Myiothlypis leucoblephara,Myiothlypis leucoblephara,Myiothlypis leucoblephara,Myiothlypis leucoblephara,Myiothlypis leucoblephara,Myiothlypis leucoblephara,Myiothlypis,Parulidae,3,Medio
2807,Myiothlypis leucoblephara,Myiothlypis leucoblephara,Myiothlypis leucoblephara,Myiothlypis leucoblephara,Myiothlypis leucoblephara,Myiothlypis leucoblephara,Myiothlypis leucoblephara,Myiothlypis leucoblephara,Myiothlypis leucoblephara,Myiothlypis leucoblephara,Myiothlypis leucoblephara,Myiothlypis leucoblephara,Myiothlypis,Parulidae,3,Medio
2810,Myiothlypis leucoblephara,Myiothlypis leucoblephara,Myiothlypis leucoblephara,Myiothlypis leucoblephara,Myiothlypis leucoblephara,Myiothlypis leucoblephara,Myiothlypis leucoblephara,Myiothlypis leucoblephara,Myiothlypis leucoblephara,Myiothlypis leucoblephara,Myiothlypis leucoblephara,Myiothlypis leucoblephara,Myiothlypis,Parulidae,3,Medio
2811,Myiothlypis leucoblephara,Myiothlypis leucoblephara,Myiothlypis leucoblephara,Myiothlypis leucoblephara,Myiothlypis leucoblephara,Myiothlypis leucoblephara,Myiothlypis leucoblephara,Myiothlypis leucoblephara,Myiothlypis leucoblephara,Myiothlypis leucoblephara,Myiothlypis leucoblephara,Myiothlypis leucoblephara,Myiothlypis,Parulidae,3,Medio
2812,Myiothlypis leucoblephara,Myiothlypis leucoblephara,Myiothlypis leucoblephara,Myiothlypis leucoblephara,Myiothlypis leucoblephara,Myiothlypis leucoblephara,Myiothlypis leucoblephara,Myiothlypis leucoblephara,Myiothlypis leucoblephara,Myiothlypis leucoblephara,Myiothlypis leucoblephara,Myiothlypis leucoblephara,Myiothlypis,Parulidae,3,Medio
2813,Myiothlypis leucoblephara,Amazona aestiva,Alouatta guariba clamitans,Alouatta guariba clamitans,Alouatta guariba clamitans,Brotogeris chiriri,Baryphthengus ruficapillus,Brotogeris chiriri,Alouatta guariba clamitans,Alouatta guariba clamitans,Alouatta guariba clamitans,Amazona aestiva,Myiothlypis,Parulidae,3,Medio
2814,Myiothlypis leucoblephara,Myiothlypis leucoblephara,Myiothlypis leucoblephara,Myiothlypis leucoblephara,Myiothlypis leucoblephara,Myiothlypis leucoblephara,Myiothlypis leucoblephara,Myiothlypis leucoblephara,Myiothlypis leucoblephara,Myiothlypis leucoblephara,Myiothlypis leucoblephara,Myiothlypis leucoblephara,Myiothlypis,Parulidae,3,Medio
2815,Myiothlypis leucoblephara,Myiothlypis leucoblephara,Myiothlypis leucoblephara,Myiothlypis leucoblephara,Myiothlypis leucoblephara,Myiothlypis leucoblephara,Myiothlypis leucoblephara,Myiothlypis leucoblephara,Myiothlypis leucoblephara,Myiothlypis leucoblephara,Myiothlypis leucoblephara,Myiothlypis leucoblephara,Myiothlypis,Parulidae,3,Medio
2816,Myiothlypis leucoblephara,Pogonotriccus eximius,Conopophaga lineata,Conopophaga lineata,Conopophaga lineata,Myiothlypis leucoblephara,Myiothlypis leucoblephara,Myiothlypis leucoblephara,Conopophaga lineata,Conopophaga lineata,Conopophaga lineata,Pogonotriccus eximius,Myiothlypis,Parulidae,3,Medio
2817,Myiothlypis leucoblephara,Myiothlypis leucoblephara,Myiothlypis leucoblephara,Myiothlypis leucoblephara,Myiothlypis leucoblephara,Myiothlypis leucoblephara,Myiothlypis leucoblephara,Myiothlypis leucoblephara,Myiothlypis leucoblephara,Myiothlypis leucoblephara,Myiothlypis leucoblephara,Myiothlypis leucoblephara,Myiothlypis,Parulidae,3,Medio
2818,Myiothlypis leucoblephara,Myiothlypis leucoblephara,Myiothlypis leucoblephara,Myiothlypis leucoblephara,Myiothlypis leucoblephara,Myiothlypis leucoblephara,Myiothlypis leucoblephara,Myiothlypis leucoblephara,Myiothlypis leucoblephara,Myiothlypis leucoblephara,Myiothlypis leucoblephara,Myiothlypis leucoblephara,Myiothlypis,Parulidae,3,Medio
2819,Myiothlypis leucoblephara,Myiothlypis leucoblephara,Myiothlypis leucoblephara,Myiothlypis leucoblephara,Myiothlypis leucoblephara,Myiothlypis leucoblephara,Myiothlypis leucoblephara,Manacus manacus,Myiothlypis leucoblephara,Myiothlypis leucoblephara,Myiothlypis leucoblephara,Myiothlypis leucoblephara,Myiothlypis,Parulidae,3,Medio
2821,Myiothlypis leucoblephara,Myiothlypis leucoblephara,Myiothlypis leucoblephara,Myiothlypis leucoblephara,Conopophaga lineata,Myiothlypis leucoblephara,Myiothlypis leucoblephara,Myiothlypis leucoblephara,Myiothlypis leucoblephara,Myiothlypis leucoblephara,Myiothlypis leucoblephara,Myiothlypis leucoblephara,Myiothlypis,Parulidae,3,Medio
2822,Myiothlypis leucoblephara,Myiothlypis leucoblephara,Myiothlypis leucoblephara,Myiothlypis leucoblephara,Myiothlypis leucoblephara,Myiothlypis leucoblephara,Myiothlypis leucoblephara,Myiothlypis leucoblephara,Myiothlypis leucoblephara,Myiothlypis leucoblephara,Myiothlypis leucoblephara,Myiothlypis leucoblephara,Myiothlypis,Parulidae,3,Medio
2823,Myiothlypis leucoblephara,Myiothlypis leucoblephara,Myiothlypis leucoblephara,Myiothlypis leucoblephara,Myiothlypis leucoblephara,Myiothlypis leucoblephara,Myiothlypis leucoblephara,Myiothlypis leucoblephara,Myiothlypis leucoblephara,Myiothlypis leucoblephara,Myiothlypis leucoblephara,Myiothlypis leucoblephara,Myiothlypis,Parulidae,3,Medio
2824,Myiothlypis leucoblephara,Myiothlypis leucoblephara,Myiothlypis leucoblephara,Myiothlypis leucoblephara,Myiothlypis leucoblephara,Myiothlypis leucoblephara,Myiothlypis leucoblephara,Myiothlypis leucoblephara,Myiothlypis leucoblephara,Myiothlypis leucoblephara,Myiothlypis leucoblephara,Myiothlypis leucoblephara,Myiothlypis,Parulidae,3,Medio
2825,Myiothlypis leucoblephara,Myiothlypis leucoblephara,Myiothlypis leucoblephara,Myiothlypis leucoblephara,Myiothlypis leucoblephara,Myiothlypis leucoblephara,Myiothlypis leucoblephara,Myiothlypis leucoblephara,Myiothlypis leucoblephara,Myiothlypis leucoblephara,Myiothlypis leucoblephara,Myiothlypis leucoblephara,Myiothlypis,Parulidae,3,Medio
2826,Myiothlypis leucoblephara,Myiothlypis leucoblephara,Myiothlypis leucoblephara,Myiothlypis leucoblephara,Myiothlypis leucoblephara,Myiothlypis leucoblephara,Myiothlypis leucoblephara,Myiothlypis leucoblephara,Myiothlypis leucoblephara,Myiothlypis leucoblephara,Myiothlypis leucoblephara,Myiothlypis leucoblephara,Myiothlypis,Parulidae,3,Medio
2827,Myiothlypis leucoblephara,Myiothlypis leucoblephara,Myiothlypis leucoblephara,Myiothlypis leucoblephara,Myiothlypis leucoblephara,Myiothlypis leucoblephara,Myiothlypis leucoblephara,Myiothlypis leucoblephara,Myiothlypis leucoblephara,Myiothlypis leucoblephara,Myiothlypis leucoblephara,Myiothlypis leucoblephara,Myiothlypis,Parulidae,3,Medio
2828,Celeus galeatus,Celeus galeatus,Celeus galeatus,Celeus galeatus,Celeus galeatus,Celeus galeatus,Celeus galeatus,Celeus galeatus,Celeus galeatus,Celeus galeatus,Celeus galeatus,Celeus galeatus,Celeus,Picidae,6,Crítico
2829,Celeus galeatus,Celeus galeatus,Celeus galeatus,Celeus galeatus,Celeus galeatus,Celeus galeatus,Celeus galeatus,Celeus galeatus,Celeus galeatus,Celeus galeatus,Celeus galeatus,Celeus galeatus,Celeus,Picidae,6,Crítico
2830,Celeus galeatus,Celeus galeatus,Celeus galeatus,Celeus galeatus,Celeus galeatus,Celeus galeatus,Celeus galeatus,Celeus galeatus,Celeus galeatus,Celeus galeatus,Celeus galeatus,Celeus galeatus,Celeus,Picidae,6,Crítico
2831,Celeus galeatus,Celeus galeatus,Celeus galeatus,Celeus galeatus,Celeus galeatus,Celeus galeatus,Celeus galeatus,Celeus galeatus,Celeus galeatus,Celeus galeatus,Celeus galeatus,Celeus galeatus,Celeus,Picidae,6,Crítico
2832,Celeus galeatus,Celeus galeatus,Celeus galeatus,Celeus galeatus,Celeus galeatus,Celeus galeatus,Celeus galeatus,Celeus galeatus,Celeus galeatus,Celeus galeatus,Celeus galeatus,Celeus galeatus,Celeus,Picidae,6,Crítico
2833,Celeus galeatus,Celeus galeatus,Celeus galeatus,Celeus galeatus,Celeus galeatus,Celeus galeatus,Celeus galeatus,Celeus galeatus,Celeus galeatus,Celeus galeatus,Celeus galeatus,Celeus galeatus,Celeus,Picidae,6,Crítico
2834,Celeus galeatus,Celeus galeatus,Celeus galeatus,Celeus galeatus,Celeus galeatus,Celeus galeatus,Celeus galeatus,Celeus galeatus,Celeus galeatus,Celeus galeatus,Celeus galeatus,Celeus galeatus,Celeus,Picidae,6,Crítico
2836,Celeus galeatus,Celeus galeatus,Celeus galeatus,Celeus galeatus,Celeus galeatus,Celeus galeatus,Celeus galeatus,Celeus galeatus,Celeus galeatus,Celeus galeatus,Celeus galeatus,Celeus galeatus,Celeus,Picidae,6,Crítico
2839,Celeus galeatus,Celeus galeatus,Celeus galeatus,Celeus galeatus,Celeus galeatus,Celeus galeatus,Celeus galeatus,Celeus galeatus,Celeus galeatus,Celeus galeatus,Celeus galeatus,Celeus galeatus,Celeus,Picidae,6,Crítico
2842,Celeus galeatus,Celeus galeatus,Celeus galeatus,Celeus galeatus,Celeus galeatus,Celeus galeatus,Celeus galeatus,Celeus galeatus,Celeus galeatus,Celeus galeatus,Celeus galeatus,Celeus galeatus,Celeus,Picidae,6,Crítico
2843,Celeus galeatus,Celeus galeatus,Celeus galeatus,Celeus galeatus,Celeus galeatus,Celeus galeatus,Celeus galeatus,Celeus galeatus,Celeus galeatus,Celeus galeatus,Celeus galeatus,Celeus galeatus,Celeus,Picidae,6,Crítico
2844,Celeus galeatus,Celeus galeatus,Celeus galeatus,Celeus galeatus,Celeus galeatus,Celeus galeatus,Celeus galeatus,Celeus galeatus,Celeus galeatus,Celeus galeatus,Celeus galeatus,Celeus galeatus,Celeus,Picidae,6,Crítico
2845,Celeus galeatus,Celeus galeatus,Celeus galeatus,Celeus galeatus,Celeus galeatus,Celeus galeatus,Celeus galeatus,Celeus galeatus,Celeus galeatus,Celeus galeatus,Celeus galeatus,Celeus galeatus,Celeus,Picidae,6,Crítico
2846,Celeus galeatus,Celeus galeatus,Celeus galeatus,Celeus galeatus,Celeus galeatus,Celeus galeatus,Celeus galeatus,Celeus galeatus,Celeus galeatus,Celeus galeatus,Celeus galeatus,Celeus galeatus,Celeus,Picidae,6,Crítico
2848,Celeus galeatus,Celeus galeatus,Celeus galeatus,Celeus galeatus,Celeus galeatus,Celeus galeatus,Celeus galeatus,Pipile jacutinga,Celeus galeatus,Celeus galeatus,Celeus galeatus,Celeus galeatus,Celeus,Picidae,6,Crítico
2849,Celeus galeatus,Celeus galeatus,Celeus galeatus,Celeus galeatus,Celeus galeatus,Celeus galeatus,Celeus galeatus,Celeus galeatus,Celeus galeatus,Celeus galeatus,Celeus galeatus,Celeus galeatus,Celeus,Picidae,6,Crítico
2850,Celeus galeatus,Celeus galeatus,Celeus galeatus,Celeus galeatus,Celeus galeatus,Celeus galeatus,Celeus galeatus,Celeus galeatus,Celeus galeatus,Celeus galeatus,Celeus galeatus,Celeus galeatus,Celeus,Picidae,6,Crítico
2851,Celeus galeatus,Celeus galeatus,Celeus galeatus,Celeus galeatus,Celeus galeatus,Celeus galeatus,Celeus galeatus,Celeus galeatus,Celeus galeatus,Celeus galeatus,Celeus galeatus,Celeus galeatus,Celeus,Picidae,6,Crítico
2852,Celeus galeatus,Celeus galeatus,Celeus galeatus,Celeus galeatus,Celeus galeatus,Celeus galeatus,Celeus galeatus,Celeus galeatus,Celeus galeatus,Celeus galeatus,Celeus galeatus,Celeus galeatus,Celeus,Picidae,6,Crítico
2853,Celeus galeatus,Celeus galeatus,Celeus galeatus,Celeus galeatus,Celeus galeatus,Celeus galeatus,Celeus galeatus,Celeus galeatus,Celeus galeatus,Celeus galeatus,Celeus galeatus,Celeus galeatus,Celeus,Picidae,6,Crítico
2854,Celeus galeatus,Celeus galeatus,Celeus galeatus,Celeus galeatus,Celeus galeatus,Celeus galeatus,Celeus galeatus,Celeus galeatus,Celeus galeatus,Celeus galeatus,Celeus galeatus,Celeus galeatus,Celeus,Picidae,6,Crítico
2855,Celeus galeatus,Celeus galeatus,Celeus galeatus,Celeus galeatus,Celeus galeatus,Celeus galeatus,Celeus galeatus,Celeus galeatus,Celeus galeatus,Celeus galeatus,Celeus galeatus,Celeus galeatus,Celeus,Picidae,6,Crítico
2856,Celeus galeatus,Celeus galeatus,Celeus galeatus,Celeus galeatus,Celeus galeatus,Celeus galeatus,Celeus galeatus,Celeus galeatus,Celeus galeatus,Celeus galeatus,Celeus galeatus,Celeus galeatus,Celeus,Picidae,6,Crítico
2858,Celeus galeatus,Celeus galeatus,Celeus galeatus,Celeus galeatus,Celeus galeatus,Celeus galeatus,Celeus galeatus,Celeus galeatus,Celeus galeatus,Celeus galeatus,Celeus galeatus,Celeus galeatus,Celeus,Picidae,6,Crítico
2859,Celeus galeatus,Celeus galeatus,Celeus galeatus,Celeus galeatus,Celeus galeatus,Celeus galeatus,Celeus galeatus,Celeus galeatus,Celeus galeatus,Celeus galeatus,Celeus galeatus,Celeus galeatus,Celeus,Picidae,6,Crítico
2860,Celeus galeatus,Celeus galeatus,Celeus galeatus,Celeus galeatus,Celeus galeatus,Celeus galeatus,Celeus galeatus,Celeus galeatus,Celeus galeatus,Celeus galeatus,Celeus galeatus,Celeus galeatus,Celeus,Picidae,6,Crítico
2861,Celeus galeatus,Celeus galeatus,Celeus galeatus,Celeus galeatus,Celeus galeatus,Celeus galeatus,Celeus galeatus,Celeus galeatus,Celeus galeatus,Celeus galeatus,Celeus galeatus,Celeus galeatus,Celeus,Picidae,6,Crítico
2862,Celeus galeatus,Celeus galeatus,Celeus galeatus,Celeus galeatus,Celeus galeatus,Celeus galeatus,Celeus galeatus,Celeus galeatus,Celeus galeatus,Celeus galeatus,Celeus galeatus,Celeus galeatus,Celeus,Picidae,6,Crítico
2863,Celeus galeatus,Celeus galeatus,Celeus galeatus,Celeus galeatus,Celeus galeatus,Celeus galeatus,Celeus galeatus,Celeus galeatus,Celeus galeatus,Celeus galeatus,Celeus galeatus,Celeus galeatus,Celeus,Picidae,6,Crítico
2864,Celeus galeatus,Celeus galeatus,Celeus galeatus,Celeus galeatus,Celeus galeatus,Celeus galeatus,Celeus galeatus,Celeus galeatus,Celeus galeatus,Celeus galeatus,Celeus galeatus,Celeus galeatus,Celeus,Picidae,6,Crítico
2865,Celeus galeatus,Celeus galeatus,Celeus galeatus,Celeus galeatus,Celeus galeatus,Celeus galeatus,Celeus galeatus,Celeus galeatus,Celeus galeatus,Celeus galeatus,Celeus galeatus,Celeus galeatus,Celeus,Picidae,6,Crítico
2866,Celeus galeatus,Celeus galeatus,Celeus galeatus,Celeus galeatus,Celeus galeatus,Celeus galeatus,Celeus galeatus,Celeus galeatus,Celeus galeatus,Celeus galeatus,Celeus galeatus,Celeus galeatus,Celeus,Picidae,6,Crítico
2868,Celeus galeatus,Celeus galeatus,Celeus galeatus,Celeus galeatus,Celeus galeatus,Celeus galeatus,Celeus galeatus,Celeus galeatus,Celeus galeatus,Celeus galeatus,Celeus galeatus,Celeus galeatus,Celeus,Picidae,6,Crítico
2869,Celeus galeatus,Celeus galeatus,Celeus galeatus,Celeus galeatus,Celeus galeatus,Celeus galeatus,Celeus galeatus,Celeus galeatus,Celeus galeatus,Celeus galeatus,Celeus galeatus,Celeus galeatus,Celeus,Picidae,6,Crítico
2870,Manacus manacus,Manacus manacus,Manacus manacus,Manacus manacus,Manacus manacus,Manacus manacus,Manacus manacus,Manacus manacus,Manacus manacus,Manacus manacus,Manacus manacus,Manacus manacus,Manacus,Pipridae,1,Bajo
2872,Manacus manacus,Pyriglena leucoptera,Manacus manacus,Manacus manacus,Manacus manacus,Manacus manacus,Pyriglena leucoptera,Habia rubica,Manacus manacus,Manacus manacus,Manacus manacus,Pyriglena leucoptera,Manacus,Pipridae,1,Bajo
2874,Manacus manacus,Manacus manacus,Manacus manacus,Manacus manacus,Manacus manacus,Manacus manacus,Manacus manacus,Manacus manacus,Manacus manacus,Manacus manacus,Manacus manacus,Manacus manacus,Manacus,Pipridae,1,Bajo
2875,Manacus manacus,Myiothlypis leucoblephara,Manacus manacus,Manacus manacus,Manacus manacus,Manacus manacus,Manacus manacus,Pyriglena leucoptera,Manacus manacus,Manacus manacus,Manacus manacus,Myiothlypis leucoblephara,Manacus,Pipridae,1,Bajo
2876,Manacus manacus,Manacus manacus,Manacus manacus,Manacus manacus,Manacus manacus,Manacus manacus,Manacus manacus,Manacus manacus,Manacus manacus,Manacus manacus,Manacus manacus,Manacus manacus,Manacus,Pipridae,1,Bajo
2877,Manacus manacus,Cyanocorax chrysops,Penelope superciliaris,Biatas nigropectus,Cyanocorax chrysops,Cyanocorax chrysops,Cyanocorax chrysops,Baryphthengus ruficapillus,Penelope superciliaris,Penelope superciliaris,Penelope superciliaris,Cyanocorax chrysops,Manacus,Pipridae,1,Bajo
2878,Manacus manacus,Manacus manacus,Manacus manacus,Manacus manacus,Manacus manacus,Manacus manacus,Manacus manacus,Manacus manacus,Manacus manacus,Manacus manacus,Manacus manacus,Manacus manacus,Manacus,Pipridae,1,Bajo
2879,Manacus manacus,Manacus manacus,Manacus manacus,Manacus manacus,Manacus manacus,Manacus manacus,Manacus manacus,Manacus manacus,Manacus manacus,Manacus manacus,Manacus manacus,Manacus manacus,Manacus,Pipridae,1,Bajo
2880,Manacus manacus,Manacus manacus,Manacus manacus,Manacus manacus,Manacus manacus,Manacus manacus,Manacus manacus,Manacus manacus,Manacus manacus,Manacus manacus,Manacus manacus,Manacus manacus,Manacus,Pipridae,1,Bajo
2881,Manacus manacus,Manacus manacus,Manacus manacus,Manacus manacus,Manacus manacus,Manacus manacus,Manacus manacus,Manacus manacus,Manacus manacus,Manacus manacus,Manacus manacus,Manacus manacus,Manacus,Pipridae,1,Bajo
2882,Manacus manacus,Pyriglena leucoptera,Pyriglena leucoptera,Biatas nigropectus,Biatas nigropectus,Manacus manacus,Manacus manacus,Manacus manacus,Pyriglena leucoptera,Pyriglena leucoptera,Pyriglena leucoptera,Pyriglena leucoptera,Manacus,Pipridae,1,Bajo
2883,Manacus manacus,Myiothlypis leucoblephara,Conopophaga lineata,Conopophaga lineata,Conopophaga lineata,Manacus manacus,Manacus manacus,Conopophaga lineata,Conopophaga lineata,Conopophaga lineata,Conopophaga lineata,Myiothlypis leucoblephara,Manacus,Pipridae,1,Bajo
2884,Manacus manacus,Manacus manacus,Manacus manacus,Manacus manacus,Conopophaga lineata,Manacus manacus,Manacus manacus,Manacus manacus,Manacus manacus,Manacus manacus,Manacus manacus,Manacus manacus,Manacus,Pipridae,1,Bajo
2885,Manacus manacus,Pogonotriccus eximius,Pyriglena leucoptera,Habia rubica,Habia rubica,Manacus manacus,Manacus manacus,Cyanoloxia brissonii,Pyriglena leucoptera,Pyriglena leucoptera,Pyriglena leucoptera,Pogonotriccus eximius,Manacus,Pipridae,1,Bajo
2886,Manacus manacus,Manacus manacus,Manacus manacus,Manacus manacus,Manacus manacus,Manacus manacus,Manacus manacus,Manacus manacus,Manacus manacus,Manacus manacus,Manacus manacus,Manacus manacus,Manacus,Pipridae,1,Bajo
2887,Manacus manacus,Manacus manacus,Manacus manacus,Manacus manacus,Manacus manacus,Manacus manacus,Manacus manacus,Manacus manacus,Manacus manacus,Manacus manacus,Manacus manacus,Manacus manacus,Manacus,Pipridae,1,Bajo
2889,Manacus manacus,Myiothlypis leucoblephara,Manacus manacus,Manacus manacus,Manacus manacus,Manacus manacus,Manacus manacus,Manacus manacus,Manacus manacus,Manacus manacus,Manacus manacus,Myiothlypis leucoblephara,Manacus,Pipridae,1,Bajo
2890,Manacus manacus,Manacus manacus,Manacus manacus,Manacus manacus,Manacus manacus,Manacus manacus,Manacus manacus,Manacus manacus,Manacus manacus,Manacus manacus,Manacus manacus,Manacus manacus,Manacus,Pipridae,1,Bajo
2892,Manacus manacus,Manacus manacus,Manacus manacus,Manacus manacus,Manacus manacus,Manacus manacus,Manacus manacus,Manacus manacus,Manacus manacus,Manacus manacus,Manacus manacus,Manacus manacus,Manacus,Pipridae,1,Bajo
2894,Manacus manacus,Manacus manacus,Manacus manacus,Manacus manacus,Manacus manacus,Manacus manacus,Manacus manacus,Manacus manacus,Manacus manacus,Manacus manacus,Manacus manacus,Manacus manacus,Manacus,Pipridae,1,Bajo
2896,Manacus manacus,Manacus manacus,Manacus manacus,Manacus manacus,Manacus manacus,Manacus manacus,Manacus manacus,Manacus manacus,Manacus manacus,Manacus manacus,Manacus manacus,Manacus manacus,Manacus,Pipridae,1,Bajo
2898,Manacus manacus,Manacus manacus,Manacus manacus,Manacus manacus,Manacus manacus,Manacus manacus,Manacus manacus,Manacus manacus,Manacus manacus,Manacus manacus,Manacus manacus,Manacus manacus,Manacus,Pipridae,1,Bajo
2899,Manacus manacus,Manacus manacus,Manacus manacus,Biatas nigropectus,Manacus manacus,Manacus manacus,Manacus manacus,Manacus manacus,Manacus manacus,Manacus manacus,Manacus manacus,Manacus manacus,Manacus,Pipridae,1,Bajo
2900,Manacus manacus,Manacus manacus,Manacus manacus,Manacus manacus,Manacus manacus,Manacus manacus,Manacus manacus,Manacus manacus,Manacus manacus,Manacus manacus,Manacus manacus,Manacus manacus,Manacus,Pipridae,1,Bajo
2902,Manacus manacus,Manacus manacus,Manacus manacus,Manacus manacus,Manacus manacus,Manacus manacus,Manacus manacus,Manacus manacus,Manacus manacus,Manacus manacus,Manacus manacus,Manacus manacus,Manacus,Pipridae,1,Bajo
2904,Manacus manacus,Manacus manacus,Manacus manacus,Manacus manacus,Manacus manacus,Manacus manacus,Manacus manacus,Tachyphonus coronatus,Manacus manacus,Manacus manacus,Manacus manacus,Manacus manacus,Manacus,Pipridae,1,Bajo
2905,Manacus manacus,Pogonotriccus eximius,Pyriglena leucoptera,Manacus manacus,Manacus manacus,Manacus manacus,Manacus manacus,Manacus manacus,Pyriglena leucoptera,Pyriglena leucoptera,Pyriglena leucoptera,Pogonotriccus eximius,Manacus,Pipridae,1,Bajo
2906,Manacus manacus,Tachyphonus coronatus,Baryphthengus ruficapillus,Baryphthengus ruficapillus,Baryphthengus ruficapillus,Manacus manacus,Tachyphonus coronatus,Synallaxis ruficapilla,Baryphthengus ruficapillus,Baryphthengus ruficapillus,Baryphthengus ruficapillus,Tachyphonus coronatus,Manacus,Pipridae,1,Bajo
2907,Manacus manacus,Myiothlypis leucoblephara,Myiothlypis leucoblephara,Manacus manacus,Manacus manacus,Manacus manacus,Manacus manacus,Tachyphonus coronatus,Myiothlypis leucoblephara,Myiothlypis leucoblephara,Myiothlypis leucoblephara,Manacus manacus,Manacus,Pipridae,1,Bajo
2908,Manacus manacus,Manacus manacus,Manacus manacus,Manacus manacus,Manacus manacus,Manacus manacus,Manacus manacus,Manacus manacus,Manacus manacus,Manacus manacus,Manacus manacus,Manacus manacus,Manacus,Pipridae,1,Bajo
2909,Manacus manacus,Manacus manacus,Manacus manacus,Manacus manacus,Manacus manacus,Manacus manacus,Manacus manacus,Manacus manacus,Manacus manacus,Manacus manacus,Manacus manacus,Manacus manacus,Manacus,Pipridae,1,Bajo
2910,Manacus manacus,Manacus manacus,Manacus manacus,Manacus manacus,Manacus manacus,Manacus manacus,Manacus manacus,Manacus manacus,Manacus manacus,Manacus manacus,Manacus manacus,Manacus manacus,Manacus,Pipridae,1,Bajo
2911,Manacus manacus,Manacus manacus,Manacus manacus,Manacus manacus,Manacus manacus,Manacus manacus,Manacus manacus,Manacus manacus,Manacus manacus,Manacus manacus,Manacus manacus,Manacus manacus,Manacus,Pipridae,1,Bajo
2912,Manacus manacus,Manacus manacus,Manacus manacus,Manacus manacus,Manacus manacus,Manacus manacus,Manacus manacus,Manacus manacus,Manacus manacus,Manacus manacus,Manacus manacus,Manacus manacus,Manacus,Pipridae,1,Bajo
2913,Manacus manacus,Manacus manacus,Manacus manacus,Manacus manacus,Manacus manacus,Manacus manacus,Manacus manacus,Manacus manacus,Manacus manacus,Manacus manacus,Manacus manacus,Manacus manacus,Manacus,Pipridae,1,Bajo
2914,Manacus manacus,Manacus manacus,Myiothlypis leucoblephara,Manacus manacus,Manacus manacus,Manacus manacus,Manacus manacus,Manacus manacus,Myiothlypis leucoblephara,Myiothlypis leucoblephara,Myiothlypis leucoblephara,Manacus manacus,Manacus,Pipridae,1,Bajo
2915,Manacus manacus,Manacus manacus,Manacus manacus,Manacus manacus,Manacus manacus,Manacus manacus,Manacus manacus,Manacus manacus,Manacus manacus,Manacus manacus,Manacus manacus,Manacus manacus,Manacus,Pipridae,1,Bajo
2916,Manacus manacus,Manacus manacus,Manacus manacus,Manacus manacus,Manacus manacus,Manacus manacus,Manacus manacus,Manacus manacus,Manacus manacus,Manacus manacus,Manacus manacus,Manacus manacus,Manacus,Pipridae,1,Bajo
2917,Manacus manacus,Notharchus swainsoni,Manacus manacus,Manacus manacus,Manacus manacus,Manacus manacus,Manacus manacus,Manacus manacus,Manacus manacus,Manacus manacus,Manacus manacus,Notharchus swainsoni,Manacus,Pipridae,1,Bajo
2918,Manacus manacus,Manacus manacus,Manacus manacus,Manacus manacus,Manacus manacus,Manacus manacus,Manacus manacus,Manacus manacus,Manacus manacus,Manacus manacus,Manacus manacus,Manacus manacus,Manacus,Pipridae,1,Bajo
2919,Manacus manacus,Manacus manacus,Manacus manacus,Manacus manacus,Manacus manacus,Manacus manacus,Manacus manacus,Manacus manacus,Manacus manacus,Manacus manacus,Manacus manacus,Manacus manacus,Manacus,Pipridae,1,Bajo
2920,Manacus manacus,Manacus manacus,Manacus manacus,Manacus manacus,Manacus manacus,Manacus manacus,Manacus manacus,Manacus manacus,Manacus manacus,Manacus manacus,Manacus manacus,Manacus manacus,Manacus,Pipridae,1,Bajo
2921,Manacus manacus,Pyriglena leucoptera,Manacus manacus,Manacus manacus,Manacus manacus,Manacus manacus,Pyriglena leucoptera,Pyriglena leucoptera,Manacus manacus,Manacus manacus,Manacus manacus,Pyriglena leucoptera,Manacus,Pipridae,1,Bajo
2922,Manacus manacus,Manacus manacus,Manacus manacus,Manacus manacus,Manacus manacus,Manacus manacus,Manacus manacus,Manacus manacus,Manacus manacus,Manacus manacus,Manacus manacus,Manacus manacus,Manacus,Pipridae,1,Bajo
2924,Manacus manacus,Pyriglena leucoptera,Habia rubica,Biatas nigropectus,Biatas nigropectus,Hypoedaleus guttatus,Pyriglena leucoptera,Tachyphonus coronatus,Habia rubica,Habia rubica,Habia rubica,Pyriglena leucoptera,Manacus,Pipridae,1,Bajo
2925,Manacus manacus,Manacus manacus,Manacus manacus,Manacus manacus,Manacus manacus,Manacus manacus,Manacus manacus,Manacus manacus,Manacus manacus,Manacus manacus,Manacus manacus,Manacus manacus,Manacus,Pipridae,1,Bajo
2926,Manacus manacus,Myiothlypis leucoblephara,Manacus manacus,Biatas nigropectus,Biatas nigropectus,Manacus manacus,Manacus manacus,Manacus manacus,Manacus manacus,Manacus manacus,Manacus manacus,Myiothlypis leucoblephara,Manacus,Pipridae,1,Bajo
2927,Manacus manacus,Manacus manacus,Manacus manacus,Manacus manacus,Manacus manacus,Manacus manacus,Manacus manacus,Manacus manacus,Manacus manacus,Manacus manacus,Manacus manacus,Manacus manacus,Manacus,Pipridae,1,Bajo
2929,Manacus manacus,Myiothlypis leucoblephara,Habia rubica,Biatas nigropectus,Hypoedaleus guttatus,Manacus manacus,Myiothlypis leucoblephara,Myiothlypis leucoblephara,Habia rubica,Habia rubica,Habia rubica,Myiothlypis leucoblephara,Manacus,Pipridae,1,Bajo
2931,Manacus manacus,Manacus manacus,Manacus manacus,Manacus manacus,Manacus manacus,Manacus manacus,Manacus manacus,Manacus manacus,Manacus manacus,Manacus manacus,Manacus manacus,Manacus manacus,Manacus,Pipridae,1,Bajo
2932,Manacus manacus,Myiothlypis leucoblephara,Manacus manacus,Manacus manacus,Manacus manacus,Manacus manacus,Manacus manacus,Turdus rufiventris,Manacus manacus,Manacus manacus,Manacus manacus,Myiothlypis leucoblephara,Manacus,Pipridae,1,Bajo
2933,Manacus manacus,Manacus manacus,Manacus manacus,Manacus manacus,Manacus manacus,Manacus manacus,Manacus manacus,Manacus manacus,Manacus manacus,Manacus manacus,Manacus manacus,Manacus manacus,Manacus,Pipridae,1,Bajo
2935,Manacus manacus,Manacus manacus,Manacus manacus,Manacus manacus,Manacus manacus,Manacus manacus,Manacus manacus,Manacus manacus,Manacus manacus,Manacus manacus,Manacus manacus,Manacus manacus,Manacus,Pipridae,1,Bajo
2936,Manacus manacus,Manacus manacus,Manacus manacus,Manacus manacus,Manacus manacus,Manacus manacus,Manacus manacus,Manacus manacus,Manacus manacus,Manacus manacus,Manacus manacus,Manacus manacus,Manacus,Pipridae,1,Bajo
2937,Manacus manacus,Manacus manacus,Biatas nigropectus,Biatas nigropectus,Pyriglena leucoptera,Manacus manacus,Manacus manacus,Manacus manacus,Biatas nigropectus,Biatas nigropectus,Biatas nigropectus,Manacus manacus,Manacus,Pipridae,1,Bajo
2938,Manacus manacus,Manacus manacus,Manacus manacus,Manacus manacus,Manacus manacus,Manacus manacus,Manacus manacus,Manacus manacus,Manacus manacus,Manacus manacus,Manacus manacus,Manacus manacus,Manacus,Pipridae,1,Bajo
2939,Nasua nasua,Nasua nasua,Nasua nasua,Nasua nasua,Nasua nasua,Nasua nasua,Nasua nasua,Nasua nasua,Nasua nasua,Nasua nasua,Nasua nasua,Nasua nasua,Nasua,Procyonidae,1,Bajo
2940,Nasua nasua,Nasua nasua,Nasua nasua,Nasua nasua,Nasua nasua,Nasua nasua,Nasua nasua,Nasua nasua,Nasua nasua,Nasua nasua,Nasua nasua,Nasua nasua,Nasua,Procyonidae,1,Bajo
2941,Nasua nasua,Nasua nasua,Nasua nasua,Nasua nasua,Nasua nasua,Nasua nasua,Nasua nasua,Nasua nasua,Nasua nasua,Nasua nasua,Nasua nasua,Nasua nasua,Nasua,Procyonidae,1,Bajo
2942,Nasua nasua,Nasua nasua,Nasua nasua,Nasua nasua,Nasua nasua,Nasua nasua,Nasua nasua,Nasua nasua,Nasua nasua,Nasua nasua,Nasua nasua,Nasua nasua,Nasua,Procyonidae,1,Bajo
2944,Nasua nasua,Nasua nasua,Nasua nasua,Nasua nasua,Nasua nasua,Nasua nasua,Nasua nasua,Nasua nasua,Nasua nasua,Nasua nasua,Nasua nasua,Nasua nasua,Nasua,Procyonidae,1,Bajo
2945,Nasua nasua,Nasua nasua,Nasua nasua,Nasua nasua,Nasua nasua,Nasua nasua,Nasua nasua,Nasua nasua,Nasua nasua,Nasua nasua,Nasua nasua,Nasua nasua,Nasua,Procyonidae,1,Bajo
2946,Nasua nasua,Procyon cancrivorus,Procyon cancrivorus,Cerdocyon thous,Procyon cancrivorus,Procyon cancrivorus,Eira barbara,Procyon cancrivorus,Procyon cancrivorus,Procyon cancrivorus,Procyon cancrivorus,Procyon cancrivorus,Nasua,Procyonidae,1,Bajo
2947,Nasua nasua,Nasua nasua,Nasua nasua,Nasua nasua,Nasua nasua,Nasua nasua,Nasua nasua,Nasua nasua,Nasua nasua,Nasua nasua,Nasua nasua,Nasua nasua,Nasua,Procyonidae,1,Bajo
2948,Nasua nasua,Nasua nasua,Nasua nasua,Nasua nasua,Nasua nasua,Nasua nasua,Nasua nasua,Nasua nasua,Nasua nasua,Nasua nasua,Nasua nasua,Nasua nasua,Nasua,Procyonidae,1,Bajo
2949,Nasua nasua,Nasua nasua,Nasua nasua,Nasua nasua,Nasua nasua,Nasua nasua,Nasua nasua,Nasua nasua,Nasua nasua,Nasua nasua,Nasua nasua,Nasua nasua,Nasua,Procyonidae,1,Bajo
2950,Nasua nasua,Nasua nasua,Nasua nasua,Nasua nasua,Nasua nasua,Nasua nasua,Nasua nasua,Nasua nasua,Nasua nasua,Nasua nasua,Nasua nasua,Nasua nasua,Nasua,Procyonidae,1,Bajo
2951,Nasua nasua,Galictis cuja,Galictis cuja,Dasyprocta azarae,Nasua nasua,Nasua nasua,Galictis cuja,Galictis cuja,Galictis cuja,Galictis cuja,Galictis cuja,Galictis cuja,Nasua,Procyonidae,1,Bajo
2952,Nasua nasua,Nasua nasua,Nasua nasua,Nasua nasua,Nasua nasua,Nasua nasua,Nasua nasua,Nasua nasua,Nasua nasua,Nasua nasua,Nasua nasua,Nasua nasua,Nasua,Procyonidae,1,Bajo
2953,Nasua nasua,Nasua nasua,Nasua nasua,Nasua nasua,Nasua nasua,Nasua nasua,Nasua nasua,Nasua nasua,Nasua nasua,Nasua nasua,Nasua nasua,Nasua nasua,Nasua,Procyonidae,1,Bajo
2954,Nasua nasua,Nasua nasua,Nasua nasua,Nasua nasua,Nasua nasua,Nasua nasua,Nasua nasua,Nasua nasua,Nasua nasua,Nasua nasua,Nasua nasua,Nasua nasua,Nasua,Procyonidae,1,Bajo
2955,Nasua nasua,Nasua nasua,Nasua nasua,Nasua nasua,Nasua nasua,Nasua nasua,Nasua nasua,Nasua nasua,Nasua nasua,Nasua nasua,Nasua nasua,Nasua nasua,Nasua,Procyonidae,1,Bajo
2956,Nasua nasua,Nasua nasua,Nasua nasua,Nasua nasua,Nasua nasua,Nasua nasua,Nasua nasua,Nasua nasua,Nasua nasua,Nasua nasua,Nasua nasua,Nasua nasua,Nasua,Procyonidae,1,Bajo
2957,Nasua nasua,Nasua nasua,Didelphis aurita,Nasua nasua,Nasua nasua,Nasua nasua,Nasua nasua,Nasua nasua,Didelphis aurita,Didelphis aurita,Didelphis aurita,Nasua nasua,Nasua,Procyonidae,1,Bajo
2959,Nasua nasua,Nasua nasua,Nasua nasua,Nasua nasua,Nasua nasua,Nasua nasua,Nasua nasua,Nasua nasua,Nasua nasua,Nasua nasua,Nasua nasua,Nasua nasua,Nasua,Procyonidae,1,Bajo
2962,Nasua nasua,Nasua nasua,Nasua nasua,Nasua nasua,Nasua nasua,Nasua nasua,Nasua nasua,Nasua nasua,Nasua nasua,Nasua nasua,Nasua nasua,Nasua nasua,Nasua,Procyonidae,1,Bajo
2963,Nasua nasua,Nasua nasua,Nasua nasua,Nasua nasua,Nasua nasua,Nasua nasua,Nasua nasua,Nasua nasua,Nasua nasua,Nasua nasua,Nasua nasua,Nasua nasua,Nasua,Procyonidae,1,Bajo
2965,Nasua nasua,Nasua nasua,Nasua nasua,Nasua nasua,Nasua nasua,Nasua nasua,Nasua nasua,Nasua nasua,Nasua nasua,Nasua nasua,Nasua nasua,Nasua nasua,Nasua,Procyonidae,1,Bajo
2966,Nasua nasua,Nasua nasua,Nasua nasua,Nasua nasua,Nasua nasua,Nasua nasua,Nasua nasua,Nasua nasua,Nasua nasua,Nasua nasua,Nasua nasua,Nasua nasua,Nasua,Procyonidae,1,Bajo
2967,Nasua nasua,Nasua nasua,Nasua nasua,Nasua nasua,Nasua nasua,Nasua nasua,Nasua nasua,Nasua nasua,Nasua nasua,Nasua nasua,Nasua nasua,Nasua nasua,Nasua,Procyonidae,1,Bajo
2968,Nasua nasua,Nasua nasua,Nasua nasua,Nasua nasua,Nasua nasua,Nasua nasua,Nasua nasua,Nasua nasua,Nasua nasua,Nasua nasua,Nasua nasua,Nasua nasua,Nasua,Procyonidae,1,Bajo
2969,Nasua nasua,Nasua nasua,Nasua nasua,Nasua nasua,Nasua nasua,Nasua nasua,Nasua nasua,Nasua nasua,Nasua nasua,Nasua nasua,Nasua nasua,Nasua nasua,Nasua,Procyonidae,1,Bajo
2971,Nasua nasua,Nasua nasua,Nasua nasua,Nasua nasua,Nasua nasua,Nasua nasua,Nasua nasua,Nasua nasua,Nasua nasua,Nasua nasua,Nasua nasua,Nasua nasua,Nasua,Procyonidae,1,Bajo
2972,Nasua nasua,Nasua nasua,Nasua nasua,Nasua nasua,Nasua nasua,Nasua nasua,Nasua nasua,Nasua nasua,Nasua nasua,Nasua nasua,Nasua nasua,Nasua nasua,Nasua,Procyonidae,1,Bajo
2974,Nasua nasua,Nasua nasua,Nasua nasua,Nasua nasua,Nasua nasua,Nasua nasua,Nasua nasua,Nasua nasua,Nasua nasua,Nasua nasua,Nasua nasua,Nasua nasua,Nasua,Procyonidae,1,Bajo
2975,Nasua nasua,Nasua nasua,Nasua nasua,Nasua nasua,Nasua nasua,Nasua nasua,Nasua nasua,Nasua nasua,Nasua nasua,Nasua nasua,Nasua nasua,Nasua nasua,Nasua,Procyonidae,1,Bajo
2978,Nasua nasua,Tamandua tetradactyla,Galictis cuja,Galictis cuja,Galictis cuja,Nasua nasua,Galictis cuja,Tamandua tetradactyla,Galictis cuja,Galictis cuja,Galictis cuja,Tamandua tetradactyla,Nasua,Procyonidae,1,Bajo
2979,Nasua nasua,Nasua nasua,Nasua nasua,Nasua nasua,Nasua nasua,Nasua nasua,Nasua nasua,Nasua nasua,Nasua nasua,Nasua nasua,Nasua nasua,Nasua nasua,Nasua,Procyonidae,1,Bajo
2980,Nasua nasua,Nasua nasua,Nasua nasua,Nasua nasua,Nasua nasua,Nasua nasua,Nasua nasua,Nasua nasua,Nasua nasua,Nasua nasua,Nasua nasua,Nasua nasua,Nasua,Procyonidae,1,Bajo
2981,Nasua nasua,Nasua nasua,Nasua nasua,Nasua nasua,Nasua nasua,Nasua nasua,Nasua nasua,Nasua nasua,Nasua nasua,Nasua nasua,Nasua nasua,Nasua nasua,Nasua,Procyonidae,1,Bajo
2982,Nasua nasua,Nasua nasua,Nasua nasua,Nasua nasua,Nasua nasua,Nasua nasua,Nasua nasua,Nasua nasua,Nasua nasua,Nasua nasua,Nasua nasua,Nasua nasua,Nasua,Procyonidae,1,Bajo
2983,Nasua nasua,Nasua nasua,Nasua nasua,Nasua nasua,Nasua nasua,Nasua nasua,Nasua nasua,Nasua nasua,Nasua nasua,Nasua nasua,Nasua nasua,Nasua nasua,Nasua,Procyonidae,1,Bajo
2984,Nasua nasua,Nasua nasua,Nasua nasua,Nasua nasua,Nasua nasua,Nasua nasua,Nasua nasua,Nasua nasua,Nasua nasua,Nasua nasua,Nasua nasua,Nasua nasua,Nasua,Procyonidae,1,Bajo
2985,Nasua nasua,Nasua nasua,Nasua nasua,Nasua nasua,Nasua nasua,Nasua nasua,Nasua nasua,Nasua nasua,Nasua nasua,Nasua nasua,Nasua nasua,Nasua nasua,Nasua,Procyonidae,1,Bajo
2986,Nasua nasua,Nasua nasua,Nasua nasua,Nasua nasua,Nasua nasua,Nasua nasua,Nasua nasua,Nasua nasua,Nasua nasua,Nasua nasua,Nasua nasua,Nasua nasua,Nasua,Procyonidae,1,Bajo
2988,Nasua nasua,Nasua nasua,Nasua nasua,Nasua nasua,Nasua nasua,Nasua nasua,Nasua nasua,Nasua nasua,Nasua nasua,Nasua nasua,Nasua nasua,Nasua nasua,Nasua,Procyonidae,1,Bajo
2989,Nasua nasua,Nasua nasua,Nasua nasua,Nasua nasua,Nasua nasua,Nasua nasua,Nasua nasua,Nasua nasua,Nasua nasua,Nasua nasua,Nasua nasua,Nasua nasua,Nasua,Procyonidae,1,Bajo
2990,Nasua nasua,Nasua nasua,Nasua nasua,Nasua nasua,Nasua nasua,Nasua nasua,Nasua nasua,Nasua nasua,Nasua nasua,Nasua nasua,Nasua nasua,Nasua nasua,Nasua,Procyonidae,1,Bajo
2991,Nasua nasua,Nasua nasua,Nasua nasua,Nasua nasua,Nasua nasua,Nasua nasua,Nasua nasua,Nasua nasua,Nasua nasua,Nasua nasua,Nasua nasua,Nasua nasua,Nasua,Procyonidae,1,Bajo
2992,Nasua nasua,Nasua nasua,Nasua nasua,Nasua nasua,Nasua nasua,Nasua nasua,Nasua nasua,Nasua nasua,Nasua nasua,Nasua nasua,Nasua nasua,Nasua nasua,Nasua,Procyonidae,1,Bajo
2993,Nasua nasua,Nasua nasua,Nasua nasua,Nasua nasua,Nasua nasua,Nasua nasua,Nasua nasua,Nasua nasua,Nasua nasua,Nasua nasua,Nasua nasua,Nasua nasua,Nasua,Procyonidae,1,Bajo
2994,Nasua nasua,Nasua nasua,Nasua nasua,Nasua nasua,Nasua nasua,Nasua nasua,Nasua nasua,Nasua nasua,Nasua nasua,Nasua nasua,Nasua nasua,Nasua nasua,Nasua,Procyonidae,1,Bajo
2995,Nasua nasua,Nasua nasua,Nasua nasua,Nasua nasua,Nasua nasua,Nasua nasua,Nasua nasua,Nasua nasua,Nasua nasua,Nasua nasua,Nasua nasua,Nasua nasua,Nasua,Procyonidae,1,Bajo
2996,Nasua nasua,Nasua nasua,Nasua nasua,Nasua nasua,Nasua nasua,Nasua nasua,Nasua nasua,Nasua nasua,Nasua nasua,Nasua nasua,Nasua nasua,Nasua nasua,Nasua,Procyonidae,1,Bajo
2997,Nasua nasua,Nasua nasua,Nasua nasua,Nasua nasua,Nasua nasua,Nasua nasua,Nasua nasua,Nasua nasua,Nasua nasua,Nasua nasua,Nasua nasua,Nasua nasua,Nasua,Procyonidae,1,Bajo
2998,Nasua nasua,Nasua nasua,Nasua nasua,Nasua nasua,Nasua nasua,Nasua nasua,Nasua nasua,Nasua nasua,Nasua nasua,Nasua nasua,Nasua nasua,Nasua nasua,Nasua,Procyonidae,1,Bajo
2999,Nasua nasua,Nasua nasua,Nasua nasua,Nasua nasua,Nasua nasua,Nasua nasua,Nasua nasua,Nasua nasua,Nasua nasua,Nasua nasua,Nasua nasua,Nasua nasua,Nasua,Procyonidae,1,Bajo
3001,Nasua nasua,Nasua nasua,Nasua nasua,Nasua nasua,Nasua nasua,Nasua nasua,Nasua nasua,Nasua nasua,Nasua nasua,Nasua nasua,Nasua nasua,Nasua nasua,Nasua,Procyonidae,1,Bajo
3002,Nasua nasua,Nasua nasua,Nasua nasua,Nasua nasua,Nasua nasua,Nasua nasua,Nasua nasua,Nasua nasua,Nasua nasua,Nasua nasua,Nasua nasua,Nasua nasua,Nasua,Procyonidae,1,Bajo
3003,Nasua nasua,Nasua nasua,Nasua nasua,Nasua nasua,Nasua nasua,Nasua nasua,Nasua nasua,Nasua nasua,Nasua nasua,Nasua nasua,Nasua nasua,Nasua nasua,Nasua,Procyonidae,1,Bajo
3004,Nasua nasua,Nasua nasua,Nasua nasua,Nasua nasua,Nasua nasua,Nasua nasua,Nasua nasua,Nasua nasua,Nasua nasua,Nasua nasua,Nasua nasua,Nasua nasua,Nasua,Procyonidae,1,Bajo
3005,Nasua nasua,Nasua nasua,Nasua nasua,Nasua nasua,Nasua nasua,Nasua nasua,Nasua nasua,Nasua nasua,Nasua nasua,Nasua nasua,Nasua nasua,Nasua nasua,Nasua,Procyonidae,1,Bajo
3008,Procyon cancrivorus,Galictis cuja,Galictis cuja,Cerdocyon thous,Cerdocyon thous,Galictis cuja,Galictis cuja,Galictis cuja,Galictis cuja,Galictis cuja,Galictis cuja,Galictis cuja,Procyon,Procyonidae,1,Bajo
3009,Procyon cancrivorus,Procyon cancrivorus,Procyon cancrivorus,Procyon cancrivorus,Procyon cancrivorus,Procyon cancrivorus,Cerdocyon thous,Procyon cancrivorus,Procyon cancrivorus,Procyon cancrivorus,Procyon cancrivorus,Procyon cancrivorus,Procyon,Procyonidae,1,Bajo
3011,Procyon cancrivorus,Galictis cuja,Procyon cancrivorus,Cerdocyon thous,Cerdocyon thous,Nasua nasua,Galictis cuja,Procyon cancrivorus,Procyon cancrivorus,Procyon cancrivorus,Procyon cancrivorus,Galictis cuja,Procyon,Procyonidae,1,Bajo
3014,Procyon cancrivorus,Galictis cuja,Procyon cancrivorus,Cerdocyon thous,Cerdocyon thous,Nasua nasua,Nasua nasua,Nasua nasua,Procyon cancrivorus,Procyon cancrivorus,Procyon cancrivorus,Galictis cuja,Procyon,Procyonidae,1,Bajo
3015,Procyon cancrivorus,Eira barbara,Eira barbara,Eira barbara,Eira barbara,Eira barbara,Didelphis albiventris,Didelphis albiventris,Eira barbara,Eira barbara,Eira barbara,Eira barbara,Procyon,Procyonidae,1,Bajo
3016,Procyon cancrivorus,Procyon cancrivorus,Procyon cancrivorus,Procyon cancrivorus,Didelphis aurita,Procyon cancrivorus,Didelphis albiventris,Didelphis albiventris,Procyon cancrivorus,Procyon cancrivorus,Procyon cancrivorus,Procyon cancrivorus,Procyon,Procyonidae,1,Bajo
3017,Procyon cancrivorus,Procyon cancrivorus,Procyon cancrivorus,Procyon cancrivorus,Procyon cancrivorus,Procyon cancrivorus,Cerdocyon thous,Didelphis albiventris,Procyon cancrivorus,Procyon cancrivorus,Procyon cancrivorus,Procyon cancrivorus,Procyon,Procyonidae,1,Bajo
3018,Procyon cancrivorus,Galictis cuja,Nasua nasua,Nasua nasua,Nasua nasua,Nasua nasua,Galictis cuja,Nasua nasua,Nasua nasua,Nasua nasua,Nasua nasua,Galictis cuja,Procyon,Procyonidae,1,Bajo
3019,Procyon cancrivorus,Procyon cancrivorus,Didelphis albiventris,Didelphis albiventris,Cerdocyon thous,Eira barbara,Eira barbara,Eira barbara,Didelphis albiventris,Didelphis albiventris,Didelphis albiventris,Procyon cancrivorus,Procyon,Procyonidae,1,Bajo
3020,Procyon cancrivorus,Procyon cancrivorus,Didelphis albiventris,Cerdocyon thous,Procyon cancrivorus,Procyon cancrivorus,Eira barbara,Eira barbara,Didelphis albiventris,Didelphis albiventris,Didelphis albiventris,Procyon cancrivorus,Procyon,Procyonidae,1,Bajo
3021,Procyon cancrivorus,Didelphis aurita,Procyon cancrivorus,Didelphis albiventris,Didelphis albiventris,Nasua nasua,Didelphis aurita,Didelphis aurita,Procyon cancrivorus,Procyon cancrivorus,Procyon cancrivorus,Didelphis aurita,Procyon,Procyonidae,1,Bajo
3022,Procyon cancrivorus,Procyon cancrivorus,Procyon cancrivorus,Procyon cancrivorus,Procyon cancrivorus,Procyon cancrivorus,Cerdocyon thous,Procyon cancrivorus,Procyon cancrivorus,Procyon cancrivorus,Procyon cancrivorus,Procyon cancrivorus,Procyon,Procyonidae,1,Bajo
3024,Procyon cancrivorus,Procyon cancrivorus,Procyon cancrivorus,Procyon cancrivorus,Procyon cancrivorus,Procyon cancrivorus,Didelphis albiventris,Procyon cancrivorus,Procyon cancrivorus,Procyon cancrivorus,Procyon cancrivorus,Procyon cancrivorus,Procyon,Procyonidae,1,Bajo
3025,Procyon cancrivorus,Procyon cancrivorus,Procyon cancrivorus,Procyon cancrivorus,Procyon cancrivorus,Cerdocyon thous,Cerdocyon thous,Cerdocyon thous,Procyon cancrivorus,Procyon cancrivorus,Procyon cancrivorus,Procyon cancrivorus,Procyon,Procyonidae,1,Bajo
3026,Procyon cancrivorus,Cerdocyon thous,Didelphis aurita,Didelphis albiventris,Cerdocyon thous,Cerdocyon thous,Cerdocyon thous,Tamandua tetradactyla,Didelphis aurita,Didelphis aurita,Didelphis aurita,Cerdocyon thous,Procyon,Procyonidae,1,Bajo
3027,Procyon cancrivorus,Nasua nasua,Nasua nasua,Nasua nasua,Nasua nasua,Nasua nasua,Nasua nasua,Nasua nasua,Nasua nasua,Nasua nasua,Nasua nasua,Nasua nasua,Procyon,Procyonidae,1,Bajo
3028,Procyon cancrivorus,Galictis cuja,Procyon cancrivorus,Galictis cuja,Galictis cuja,Nasua nasua,Galictis cuja,Nasua nasua,Procyon cancrivorus,Procyon cancrivorus,Procyon cancrivorus,Galictis cuja,Procyon,Procyonidae,1,Bajo
3029,Procyon cancrivorus,Cuniculus paca,Didelphis albiventris,Cabassous tatouay,Cerdocyon thous,Cerdocyon thous,Cerdocyon thous,Didelphis albiventris,Didelphis albiventris,Didelphis albiventris,Didelphis albiventris,Cuniculus paca,Procyon,Procyonidae,1,Bajo
3031,Procyon cancrivorus,Procyon cancrivorus,Procyon cancrivorus,Procyon cancrivorus,Procyon cancrivorus,Procyon cancrivorus,Cerdocyon thous,Cerdocyon thous,Procyon cancrivorus,Procyon cancrivorus,Procyon cancrivorus,Procyon cancrivorus,Procyon,Procyonidae,1,Bajo
3032,Procyon cancrivorus,Procyon cancrivorus,Didelphis albiventris,Cerdocyon thous,Procyon cancrivorus,Procyon cancrivorus,Cerdocyon thous,Cerdocyon thous,Didelphis albiventris,Didelphis albiventris,Didelphis albiventris,Procyon cancrivorus,Procyon,Procyonidae,1,Bajo
3033,Procyon cancrivorus,Procyon cancrivorus,Procyon cancrivorus,Procyon cancrivorus,Cuniculus paca,Eira barbara,Eira barbara,Eira barbara,Procyon cancrivorus,Procyon cancrivorus,Procyon cancrivorus,Procyon cancrivorus,Procyon,Procyonidae,1,Bajo
3034,Procyon cancrivorus,Procyon cancrivorus,Procyon cancrivorus,Didelphis albiventris,Procyon cancrivorus,Nasua nasua,Cerdocyon thous,Nasua nasua,Procyon cancrivorus,Procyon cancrivorus,Procyon cancrivorus,Procyon cancrivorus,Procyon,Procyonidae,1,Bajo
3035,Procyon cancrivorus,Galictis cuja,Galictis cuja,Cerdocyon thous,Cerdocyon thous,Cerdocyon thous,Cerdocyon thous,Tamandua tetradactyla,Galictis cuja,Galictis cuja,Galictis cuja,Galictis cuja,Procyon,Procyonidae,1,Bajo
3036,Amazona aestiva,Amazona aestiva,Amazona aestiva,Amazona aestiva,Amazona aestiva,Amazona aestiva,Amazona aestiva,Amazona aestiva,Amazona aestiva,Amazona aestiva,Amazona aestiva,Amazona aestiva,Amazona,Psittacidae,4,Alto
3037,Amazona aestiva,Amazona aestiva,Amazona vinacea,Amazona vinacea,Amazona vinacea,Amazona aestiva,Amazona aestiva,Amazona vinacea,Amazona vinacea,Amazona vinacea,Amazona vinacea,Amazona aestiva,Amazona,Psittacidae,4,Alto
3039,Amazona aestiva,Amazona aestiva,Amazona aestiva,Amazona aestiva,Amazona vinacea,Amazona aestiva,Amazona aestiva,Amazona aestiva,Amazona aestiva,Amazona aestiva,Amazona aestiva,Amazona aestiva,Amazona,Psittacidae,4,Alto
3040,Amazona aestiva,Amazona aestiva,Amazona aestiva,Amazona aestiva,Amazona aestiva,Amazona aestiva,Amazona aestiva,Amazona aestiva,Amazona aestiva,Amazona aestiva,Amazona aestiva,Amazona aestiva,Amazona,Psittacidae,4,Alto
3041,Amazona aestiva,Amazona aestiva,Amazona aestiva,Amazona aestiva,Amazona aestiva,Amazona aestiva,Amazona aestiva,Amazona aestiva,Amazona aestiva,Amazona aestiva,Amazona aestiva,Amazona aestiva,Amazona,Psittacidae,4,Alto
3042,Amazona aestiva,Amazona aestiva,Amazona aestiva,Amazona aestiva,Amazona aestiva,Amazona aestiva,Amazona aestiva,Amazona aestiva,Amazona aestiva,Amazona aestiva,Amazona aestiva,Amazona aestiva,Amazona,Psittacidae,4,Alto
3043,Amazona aestiva,Amazona aestiva,Amazona aestiva,Amazona aestiva,Amazona vinacea,Amazona aestiva,Amazona aestiva,Amazona aestiva,Amazona aestiva,Amazona aestiva,Amazona aestiva,Amazona aestiva,Amazona,Psittacidae,4,Alto
3044,Amazona aestiva,Amazona aestiva,Amazona aestiva,Amazona aestiva,Amazona aestiva,Amazona aestiva,Amazona aestiva,Amazona aestiva,Amazona aestiva,Amazona aestiva,Amazona aestiva,Amazona aestiva,Amazona,Psittacidae,4,Alto
3045,Amazona aestiva,Amazona aestiva,Amazona aestiva,Amazona aestiva,Amazona aestiva,Amazona aestiva,Amazona aestiva,Amazona aestiva,Amazona aestiva,Amazona aestiva,Amazona aestiva,Amazona aestiva,Amazona,Psittacidae,4,Alto
3046,Amazona aestiva,Amazona vinacea,Amazona vinacea,Amazona vinacea,Amazona vinacea,Amazona aestiva,Amazona vinacea,Amazona vinacea,Amazona vinacea,Amazona vinacea,Amazona vinacea,Amazona vinacea,Amazona,Psittacidae,4,Alto
3047,Amazona aestiva,Amazona vinacea,Amazona aestiva,Amazona aestiva,Amazona aestiva,Amazona aestiva,Amazona aestiva,Amazona aestiva,Amazona aestiva,Amazona aestiva,Amazona aestiva,Amazona vinacea,Amazona,Psittacidae,4,Alto
3048,Amazona aestiva,Amazona aestiva,Amazona aestiva,Amazona aestiva,Amazona aestiva,Amazona aestiva,Amazona aestiva,Amazona aestiva,Amazona aestiva,Amazona aestiva,Amazona aestiva,Amazona aestiva,Amazona,Psittacidae,4,Alto
3049,Amazona aestiva,Amazona aestiva,Amazona aestiva,Amazona vinacea,Amazona aestiva,Amazona aestiva,Amazona aestiva,Amazona aestiva,Amazona aestiva,Amazona aestiva,Amazona aestiva,Amazona aestiva,Amazona,Psittacidae,4,Alto
3050,Amazona aestiva,Brotogeris chiriri,Amazona aestiva,Amazona aestiva,Amazona aestiva,Brotogeris chiriri,Brotogeris chiriri,Brotogeris chiriri,Amazona aestiva,Amazona aestiva,Amazona aestiva,Brotogeris chiriri,Amazona,Psittacidae,4,Alto
3051,Amazona aestiva,Brotogeris chiriri,Brotogeris chiriri,Amazona aestiva,Amazona aestiva,Brotogeris chiriri,Brotogeris chiriri,Brotogeris chiriri,Brotogeris chiriri,Brotogeris chiriri,Brotogeris chiriri,Brotogeris chiriri,Amazona,Psittacidae,4,Alto
3052,Amazona aestiva,Amazona vinacea,Amazona aestiva,Amazona vinacea,Amazona vinacea,Amazona vinacea,Amazona vinacea,Amazona vinacea,Amazona aestiva,Amazona aestiva,Amazona aestiva,Amazona vinacea,Amazona,Psittacidae,4,Alto
3053,Amazona aestiva,Amazona aestiva,Amazona aestiva,Amazona aestiva,Amazona aestiva,Amazona aestiva,Amazona aestiva,Amazona aestiva,Amazona aestiva,Amazona aestiva,Amazona aestiva,Amazona aestiva,Amazona,Psittacidae,4,Alto
3054,Amazona aestiva,Amazona aestiva,Amazona aestiva,Amazona aestiva,Amazona aestiva,Amazona aestiva,Amazona aestiva,Amazona aestiva,Amazona aestiva,Amazona aestiva,Amazona aestiva,Amazona aestiva,Amazona,Psittacidae,4,Alto
3056,Amazona aestiva,Amazona aestiva,Amazona aestiva,Amazona aestiva,Amazona aestiva,Amazona aestiva,Amazona aestiva,Amazona aestiva,Amazona aestiva,Amazona aestiva,Amazona aestiva,Amazona aestiva,Amazona,Psittacidae,4,Alto
3058,Amazona aestiva,Amazona vinacea,Brotogeris chiriri,Amazona aestiva,Amazona aestiva,Amazona vinacea,Amazona vinacea,Amazona vinacea,Brotogeris chiriri,Brotogeris chiriri,Brotogeris chiriri,Amazona vinacea,Amazona,Psittacidae,4,Alto
3059,Amazona aestiva,Amazona aestiva,Amazona aestiva,Amazona aestiva,Amazona vinacea,Amazona aestiva,Amazona aestiva,Amazona vinacea,Amazona aestiva,Amazona aestiva,Amazona aestiva,Amazona aestiva,Amazona,Psittacidae,4,Alto
3060,Amazona aestiva,Amazona aestiva,Amazona aestiva,Amazona aestiva,Amazona aestiva,Amazona aestiva,Amazona aestiva,Amazona aestiva,Amazona aestiva,Amazona aestiva,Amazona aestiva,Amazona aestiva,Amazona,Psittacidae,4,Alto
3061,Amazona aestiva,Amazona vinacea,Amazona vinacea,Amazona vinacea,Amazona vinacea,Amazona vinacea,Amazona vinacea,Amazona vinacea,Amazona vinacea,Amazona vinacea,Amazona vinacea,Amazona vinacea,Amazona,Psittacidae,4,Alto
3062,Amazona aestiva,Amazona aestiva,Amazona aestiva,Amazona aestiva,Amazona aestiva,Amazona aestiva,Amazona aestiva,Amazona aestiva,Amazona aestiva,Amazona aestiva,Amazona aestiva,Amazona aestiva,Amazona,Psittacidae,4,Alto
3063,Amazona aestiva,Brotogeris chiriri,Amazona vinacea,Amazona vinacea,Amazona vinacea,Brotogeris chiriri,Brotogeris chiriri,Amazona aestiva,Amazona vinacea,Amazona vinacea,Amazona vinacea,Brotogeris chiriri,Amazona,Psittacidae,4,Alto
3064,Amazona aestiva,Amazona vinacea,Amazona vinacea,Amazona vinacea,Amazona vinacea,Amazona vinacea,Amazona vinacea,Amazona vinacea,Amazona vinacea,Amazona vinacea,Amazona vinacea,Amazona vinacea,Amazona,Psittacidae,4,Alto
3065,Amazona aestiva,Amazona aestiva,Amazona aestiva,Amazona aestiva,Amazona aestiva,Amazona aestiva,Amazona aestiva,Amazona aestiva,Amazona aestiva,Amazona aestiva,Amazona aestiva,Amazona aestiva,Amazona,Psittacidae,4,Alto
3066,Amazona aestiva,Amazona aestiva,Amazona aestiva,Amazona aestiva,Amazona aestiva,Amazona aestiva,Amazona aestiva,Amazona aestiva,Amazona aestiva,Amazona aestiva,Amazona aestiva,Amazona aestiva,Amazona,Psittacidae,4,Alto
3067,Amazona aestiva,Amazona aestiva,Amazona vinacea,Amazona vinacea,Amazona aestiva,Amazona aestiva,Amazona aestiva,Amazona aestiva,Amazona vinacea,Amazona vinacea,Amazona vinacea,Amazona aestiva,Amazona,Psittacidae,4,Alto
3068,Amazona aestiva,Amazona aestiva,Brotogeris chiriri,Amazona aestiva,Amazona aestiva,Amazona aestiva,Amazona aestiva,Amazona aestiva,Brotogeris chiriri,Brotogeris chiriri,Brotogeris chiriri,Amazona aestiva,Amazona,Psittacidae,4,Alto
3069,Amazona aestiva,Amazona aestiva,Amazona aestiva,Amazona aestiva,Amazona aestiva,Amazona aestiva,Amazona aestiva,Amazona aestiva,Amazona aestiva,Amazona aestiva,Amazona aestiva,Amazona aestiva,Amazona,Psittacidae,4,Alto
3070,Amazona aestiva,Amazona aestiva,Amazona aestiva,Amazona aestiva,Amazona aestiva,Amazona aestiva,Amazona aestiva,Amazona aestiva,Amazona aestiva,Amazona aestiva,Amazona aestiva,Amazona aestiva,Amazona,Psittacidae,4,Alto
3071,Amazona aestiva,Amazona aestiva,Amazona aestiva,Amazona aestiva,Amazona aestiva,Amazona aestiva,Amazona aestiva,Amazona aestiva,Amazona aestiva,Amazona aestiva,Amazona aestiva,Amazona aestiva,Amazona,Psittacidae,4,Alto
3074,Amazona aestiva,Amazona aestiva,Amazona aestiva,Amazona aestiva,Amazona aestiva,Amazona aestiva,Amazona aestiva,Amazona aestiva,Amazona aestiva,Amazona aestiva,Amazona aestiva,Amazona aestiva,Amazona,Psittacidae,4,Alto
3075,Amazona aestiva,Amazona vinacea,Amazona aestiva,Amazona vinacea,Amazona vinacea,Amazona aestiva,Amazona vinacea,Amazona vinacea,Amazona aestiva,Amazona aestiva,Amazona aestiva,Amazona vinacea,Amazona,Psittacidae,4,Alto
3076,Amazona aestiva,Amazona vinacea,Amazona vinacea,Amazona vinacea,Amazona vinacea,Amazona vinacea,Amazona vinacea,Amazona aestiva,Amazona vinacea,Amazona vinacea,Amazona vinacea,Amazona vinacea,Amazona,Psittacidae,4,Alto
3077,Amazona aestiva,Amazona vinacea,Amazona vinacea,Amazona aestiva,Amazona aestiva,Amazona vinacea,Amazona vinacea,Amazona vinacea,Amazona vinacea,Amazona vinacea,Amazona vinacea,Amazona vinacea,Amazona,Psittacidae,4,Alto
3078,Amazona aestiva,Amazona vinacea,Brotogeris chiriri,Brotogeris chiriri,Amazona vinacea,Amazona vinacea,Amazona vinacea,Amazona vinacea,Brotogeris chiriri,Brotogeris chiriri,Brotogeris chiriri,Amazona vinacea,Amazona,Psittacidae,4,Alto
3079,Amazona aestiva,Amazona aestiva,Amazona aestiva,Amazona aestiva,Amazona aestiva,Amazona aestiva,Amazona aestiva,Amazona aestiva,Amazona aestiva,Amazona aestiva,Amazona aestiva,Amazona aestiva,Amazona,Psittacidae,4,Alto
3080,Amazona aestiva,Amazona aestiva,Amazona vinacea,Amazona aestiva,Amazona aestiva,Amazona aestiva,Amazona aestiva,Amazona aestiva,Amazona vinacea,Amazona vinacea,Amazona vinacea,Amazona aestiva,Amazona,Psittacidae,4,Alto
3083,Amazona aestiva,Amazona aestiva,Amazona aestiva,Amazona aestiva,Amazona aestiva,Amazona aestiva,Amazona aestiva,Amazona aestiva,Amazona aestiva,Amazona aestiva,Amazona aestiva,Amazona aestiva,Amazona,Psittacidae,4,Alto
3084,Amazona aestiva,Amazona aestiva,Amazona aestiva,Amazona aestiva,Amazona aestiva,Brotogeris chiriri,Amazona aestiva,Brotogeris chiriri,Amazona aestiva,Amazona aestiva,Amazona aestiva,Amazona aestiva,Amazona,Psittacidae,4,Alto
3085,Amazona aestiva,Amazona aestiva,Amazona aestiva,Amazona aestiva,Amazona aestiva,Amazona aestiva,Amazona aestiva,Amazona aestiva,Amazona aestiva,Amazona aestiva,Amazona aestiva,Amazona aestiva,Amazona,Psittacidae,4,Alto
3088,Amazona aestiva,Amazona aestiva,Amazona aestiva,Amazona aestiva,Amazona aestiva,Amazona aestiva,Amazona aestiva,Amazona aestiva,Amazona aestiva,Amazona aestiva,Amazona aestiva,Amazona aestiva,Amazona,Psittacidae,4,Alto
3090,Amazona aestiva,Amazona vinacea,Amazona aestiva,Amazona aestiva,Amazona aestiva,Amazona aestiva,Amazona aestiva,Amazona aestiva,Amazona aestiva,Amazona aestiva,Amazona aestiva,Amazona vinacea,Amazona,Psittacidae,4,Alto
3091,Amazona aestiva,Amazona aestiva,Amazona aestiva,Amazona aestiva,Amazona aestiva,Amazona aestiva,Amazona aestiva,Amazona aestiva,Amazona aestiva,Amazona aestiva,Amazona aestiva,Amazona aestiva,Amazona,Psittacidae,4,Alto
3092,Amazona aestiva,Amazona aestiva,Amazona aestiva,Amazona aestiva,Amazona aestiva,Amazona aestiva,Amazona aestiva,Amazona aestiva,Amazona aestiva,Amazona aestiva,Amazona aestiva,Amazona aestiva,Amazona,Psittacidae,4,Alto
3093,Amazona aestiva,Amazona aestiva,Amazona aestiva,Amazona aestiva,Amazona aestiva,Amazona aestiva,Amazona aestiva,Amazona aestiva,Amazona aestiva,Amazona aestiva,Amazona aestiva,Amazona aestiva,Amazona,Psittacidae,4,Alto
3094,Amazona aestiva,Amazona aestiva,Amazona vinacea,Amazona vinacea,Amazona vinacea,Amazona aestiva,Amazona aestiva,Amazona aestiva,Amazona vinacea,Amazona vinacea,Amazona vinacea,Amazona aestiva,Amazona,Psittacidae,4,Alto
3095,Amazona aestiva,Amazona vinacea,Amazona vinacea,Amazona vinacea,Amazona vinacea,Amazona vinacea,Amazona vinacea,Amazona vinacea,Amazona vinacea,Amazona vinacea,Amazona vinacea,Amazona vinacea,Amazona,Psittacidae,4,Alto
3096,Amazona aestiva,Amazona aestiva,Amazona aestiva,Amazona aestiva,Amazona aestiva,Amazona aestiva,Amazona aestiva,Amazona vinacea,Amazona aestiva,Amazona aestiva,Amazona aestiva,Amazona aestiva,Amazona,Psittacidae,4,Alto
3098,Amazona aestiva,Amazona aestiva,Amazona aestiva,Amazona aestiva,Amazona aestiva,Amazona aestiva,Amazona aestiva,Amazona aestiva,Amazona aestiva,Amazona aestiva,Amazona aestiva,Amazona aestiva,Amazona,Psittacidae,4,Alto
3100,Amazona aestiva,Amazona aestiva,Amazona aestiva,Amazona aestiva,Amazona aestiva,Amazona aestiva,Amazona aestiva,Amazona aestiva,Amazona aestiva,Amazona aestiva,Amazona aestiva,Amazona aestiva,Amazona,Psittacidae,4,Alto
3101,Amazona aestiva,Amazona aestiva,Amazona aestiva,Amazona vinacea,Amazona vinacea,Amazona aestiva,Amazona vinacea,Amazona vinacea,Amazona aestiva,Amazona aestiva,Amazona aestiva,Amazona aestiva,Amazona,Psittacidae,4,Alto
3102,Amazona aestiva,Amazona aestiva,Amazona aestiva,Amazona aestiva,Amazona aestiva,Amazona aestiva,Amazona aestiva,Amazona aestiva,Amazona aestiva,Amazona aestiva,Amazona aestiva,Amazona aestiva,Amazona,Psittacidae,4,Alto
3103,Amazona aestiva,Amazona aestiva,Amazona aestiva,Amazona aestiva,Amazona aestiva,Amazona aestiva,Amazona aestiva,Amazona aestiva,Amazona aestiva,Amazona aestiva,Amazona aestiva,Amazona aestiva,Amazona,Psittacidae,4,Alto
3106,Amazona vinacea,Amazona vinacea,Amazona vinacea,Amazona vinacea,Amazona vinacea,Amazona vinacea,Amazona vinacea,Amazona vinacea,Amazona vinacea,Amazona vinacea,Amazona vinacea,Amazona vinacea,Amazona,Psittacidae,7,Crítico
3107,Amazona vinacea,Amazona vinacea,Amazona aestiva,Amazona aestiva,Amazona vinacea,Amazona vinacea,Amazona vinacea,Amazona vinacea,Amazona aestiva,Amazona aestiva,Amazona aestiva,Amazona vinacea,Amazona,Psittacidae,7,Crítico
3108,Amazona vinacea,Amazona vinacea,Amazona vinacea,Amazona vinacea,Amazona vinacea,Amazona vinacea,Amazona vinacea,Amazona vinacea,Amazona vinacea,Amazona vinacea,Amazona vinacea,Amazona vinacea,Amazona,Psittacidae,7,Crítico
3109,Amazona vinacea,Amazona vinacea,Amazona vinacea,Amazona vinacea,Amazona vinacea,Amazona vinacea,Amazona vinacea,Amazona vinacea,Amazona vinacea,Amazona vinacea,Amazona vinacea,Amazona vinacea,Amazona,Psittacidae,7,Crítico
3110,Amazona vinacea,Amazona vinacea,Amazona vinacea,Amazona vinacea,Amazona vinacea,Amazona vinacea,Amazona vinacea,Amazona vinacea,Amazona vinacea,Amazona vinacea,Amazona vinacea,Amazona vinacea,Amazona,Psittacidae,7,Crítico
3111,Amazona vinacea,Amazona vinacea,Amazona vinacea,Amazona vinacea,Amazona vinacea,Amazona vinacea,Amazona vinacea,Amazona vinacea,Amazona vinacea,Amazona vinacea,Amazona vinacea,Amazona vinacea,Amazona,Psittacidae,7,Crítico
3112,Amazona vinacea,Amazona vinacea,Amazona aestiva,Amazona vinacea,Amazona vinacea,Amazona vinacea,Amazona vinacea,Amazona vinacea,Amazona aestiva,Amazona aestiva,Amazona aestiva,Amazona vinacea,Amazona,Psittacidae,7,Crítico
3113,Amazona vinacea,Amazona vinacea,Amazona vinacea,Amazona vinacea,Amazona vinacea,Amazona vinacea,Amazona vinacea,Amazona vinacea,Amazona vinacea,Amazona vinacea,Amazona vinacea,Amazona vinacea,Amazona,Psittacidae,7,Crítico
3114,Amazona vinacea,Amazona vinacea,Amazona vinacea,Amazona vinacea,Amazona vinacea,Amazona vinacea,Amazona vinacea,Amazona vinacea,Amazona vinacea,Amazona vinacea,Amazona vinacea,Amazona vinacea,Amazona,Psittacidae,7,Crítico
3115,Amazona vinacea,Amazona vinacea,Amazona vinacea,Amazona vinacea,Amazona vinacea,Amazona vinacea,Amazona vinacea,Amazona vinacea,Amazona vinacea,Amazona vinacea,Amazona vinacea,Amazona vinacea,Amazona,Psittacidae,7,Crítico
3116,Amazona vinacea,Amazona vinacea,Amazona vinacea,Amazona vinacea,Amazona vinacea,Amazona vinacea,Amazona vinacea,Amazona vinacea,Amazona vinacea,Amazona vinacea,Amazona vinacea,Amazona vinacea,Amazona,Psittacidae,7,Crítico
3117,Amazona vinacea,Amazona vinacea,Amazona vinacea,Amazona vinacea,Amazona vinacea,Amazona vinacea,Amazona vinacea,Amazona vinacea,Amazona vinacea,Amazona vinacea,Amazona vinacea,Amazona vinacea,Amazona,Psittacidae,7,Crítico
3119,Amazona vinacea,Amazona vinacea,Amazona vinacea,Amazona vinacea,Amazona vinacea,Amazona vinacea,Amazona vinacea,Amazona vinacea,Amazona vinacea,Amazona vinacea,Amazona vinacea,Amazona vinacea,Amazona,Psittacidae,7,Crítico
3120,Amazona vinacea,Amazona vinacea,Amazona vinacea,Amazona vinacea,Amazona vinacea,Amazona vinacea,Amazona vinacea,Amazona vinacea,Amazona vinacea,Amazona vinacea,Amazona vinacea,Amazona vinacea,Amazona,Psittacidae,7,Crítico
3122,Amazona vinacea,Amazona vinacea,Amazona vinacea,Amazona vinacea,Amazona vinacea,Amazona vinacea,Amazona vinacea,Amazona vinacea,Amazona vinacea,Amazona vinacea,Amazona vinacea,Amazona vinacea,Amazona,Psittacidae,7,Crítico
3123,Amazona vinacea,Amazona vinacea,Amazona vinacea,Amazona vinacea,Amazona vinacea,Amazona vinacea,Amazona vinacea,Amazona vinacea,Amazona vinacea,Amazona vinacea,Amazona vinacea,Amazona vinacea,Amazona,Psittacidae,7,Crítico
3124,Amazona vinacea,Amazona vinacea,Amazona vinacea,Amazona vinacea,Amazona vinacea,Amazona vinacea,Amazona vinacea,Amazona vinacea,Amazona vinacea,Amazona vinacea,Amazona vinacea,Amazona vinacea,Amazona,Psittacidae,7,Crítico
3125,Amazona vinacea,Amazona vinacea,Amazona vinacea,Amazona vinacea,Amazona vinacea,Amazona vinacea,Amazona vinacea,Amazona vinacea,Amazona vinacea,Amazona vinacea,Amazona vinacea,Amazona vinacea,Amazona,Psittacidae,7,Crítico
3126,Amazona vinacea,Amazona vinacea,Amazona vinacea,Amazona vinacea,Amazona vinacea,Amazona vinacea,Amazona vinacea,Amazona vinacea,Amazona vinacea,Amazona vinacea,Amazona vinacea,Amazona vinacea,Amazona,Psittacidae,7,Crítico
3127,Amazona vinacea,Amazona vinacea,Amazona vinacea,Amazona vinacea,Amazona vinacea,Amazona vinacea,Amazona vinacea,Amazona vinacea,Amazona vinacea,Amazona vinacea,Amazona vinacea,Amazona vinacea,Amazona,Psittacidae,7,Crítico
3128,Amazona vinacea,Amazona vinacea,Amazona vinacea,Amazona vinacea,Amazona vinacea,Amazona vinacea,Amazona vinacea,Amazona vinacea,Amazona vinacea,Amazona vinacea,Amazona vinacea,Amazona vinacea,Amazona,Psittacidae,7,Crítico
3129,Amazona vinacea,Amazona vinacea,Amazona vinacea,Amazona vinacea,Amazona vinacea,Amazona vinacea,Amazona vinacea,Amazona vinacea,Amazona vinacea,Amazona vinacea,Amazona vinacea,Amazona vinacea,Amazona,Psittacidae,7,Crítico
3130,Amazona vinacea,Amazona vinacea,Amazona vinacea,Amazona vinacea,Amazona vinacea,Amazona vinacea,Amazona vinacea,Amazona vinacea,Amazona vinacea,Amazona vinacea,Amazona vinacea,Amazona vinacea,Amazona,Psittacidae,7,Crítico
3132,Amazona vinacea,Amazona vinacea,Amazona vinacea,Amazona vinacea,Amazona vinacea,Amazona vinacea,Amazona vinacea,Amazona vinacea,Amazona vinacea,Amazona vinacea,Amazona vinacea,Amazona vinacea,Amazona,Psittacidae,7,Crítico
3134,Amazona vinacea,Amazona vinacea,Amazona vinacea,Amazona vinacea,Amazona vinacea,Amazona vinacea,Amazona vinacea,Amazona vinacea,Amazona vinacea,Amazona vinacea,Amazona vinacea,Amazona vinacea,Amazona,Psittacidae,7,Crítico
3135,Amazona vinacea,Amazona vinacea,Amazona vinacea,Amazona vinacea,Amazona vinacea,Amazona vinacea,Amazona vinacea,Amazona vinacea,Amazona vinacea,Amazona vinacea,Amazona vinacea,Amazona vinacea,Amazona,Psittacidae,7,Crítico
3136,Amazona vinacea,Amazona vinacea,Amazona vinacea,Amazona vinacea,Amazona vinacea,Amazona vinacea,Amazona vinacea,Amazona vinacea,Amazona vinacea,Amazona vinacea,Amazona vinacea,Amazona vinacea,Amazona,Psittacidae,7,Crítico
3137,Amazona vinacea,Amazona vinacea,Amazona vinacea,Amazona vinacea,Amazona vinacea,Amazona vinacea,Amazona vinacea,Amazona vinacea,Amazona vinacea,Amazona vinacea,Amazona vinacea,Amazona vinacea,Amazona,Psittacidae,7,Crítico
3138,Amazona vinacea,Amazona vinacea,Amazona vinacea,Amazona vinacea,Amazona vinacea,Amazona vinacea,Amazona vinacea,Amazona vinacea,Amazona vinacea,Amazona vinacea,Amazona vinacea,Amazona vinacea,Amazona,Psittacidae,7,Crítico
3139,Amazona vinacea,Amazona vinacea,Amazona vinacea,Amazona vinacea,Amazona vinacea,Amazona vinacea,Amazona vinacea,Amazona vinacea,Amazona vinacea,Amazona vinacea,Amazona vinacea,Amazona vinacea,Amazona,Psittacidae,7,Crítico
3140,Amazona vinacea,Amazona vinacea,Amazona vinacea,Amazona vinacea,Amazona vinacea,Amazona vinacea,Amazona vinacea,Amazona vinacea,Amazona vinacea,Amazona vinacea,Amazona vinacea,Amazona vinacea,Amazona,Psittacidae,7,Crítico
3141,Amazona vinacea,Amazona vinacea,Amazona vinacea,Amazona vinacea,Amazona vinacea,Amazona vinacea,Amazona vinacea,Amazona vinacea,Amazona vinacea,Amazona vinacea,Amazona vinacea,Amazona vinacea,Amazona,Psittacidae,7,Crítico
3143,Amazona vinacea,Amazona vinacea,Amazona vinacea,Amazona vinacea,Amazona vinacea,Amazona vinacea,Amazona vinacea,Amazona vinacea,Amazona vinacea,Amazona vinacea,Amazona vinacea,Amazona vinacea,Amazona,Psittacidae,7,Crítico
3144,Amazona vinacea,Amazona vinacea,Amazona vinacea,Amazona vinacea,Amazona vinacea,Amazona vinacea,Amazona vinacea,Amazona vinacea,Amazona vinacea,Amazona vinacea,Amazona vinacea,Amazona vinacea,Amazona,Psittacidae,7,Crítico
3145,Amazona vinacea,Amazona vinacea,Amazona vinacea,Amazona vinacea,Amazona vinacea,Amazona vinacea,Amazona vinacea,Amazona vinacea,Amazona vinacea,Amazona vinacea,Amazona vinacea,Amazona vinacea,Amazona,Psittacidae,7,Crítico
3146,Amazona vinacea,Amazona vinacea,Amazona vinacea,Amazona vinacea,Amazona vinacea,Amazona vinacea,Amazona vinacea,Amazona vinacea,Amazona vinacea,Amazona vinacea,Amazona vinacea,Amazona vinacea,Amazona,Psittacidae,7,Crítico
3148,Amazona vinacea,Amazona vinacea,Amazona vinacea,Amazona vinacea,Amazona vinacea,Amazona vinacea,Amazona vinacea,Amazona vinacea,Amazona vinacea,Amazona vinacea,Amazona vinacea,Amazona vinacea,Amazona,Psittacidae,7,Crítico
3149,Amazona vinacea,Amazona vinacea,Amazona vinacea,Amazona vinacea,Amazona vinacea,Amazona vinacea,Amazona vinacea,Amazona vinacea,Amazona vinacea,Amazona vinacea,Amazona vinacea,Amazona vinacea,Amazona,Psittacidae,7,Crítico
3150,Amazona vinacea,Amazona vinacea,Amazona vinacea,Amazona vinacea,Amazona vinacea,Amazona vinacea,Amazona vinacea,Amazona vinacea,Amazona vinacea,Amazona vinacea,Amazona vinacea,Amazona vinacea,Amazona,Psittacidae,7,Crítico
3151,Amazona vinacea,Amazona vinacea,Amazona vinacea,Amazona vinacea,Amazona vinacea,Amazona vinacea,Amazona vinacea,Amazona vinacea,Amazona vinacea,Amazona vinacea,Amazona vinacea,Amazona vinacea,Amazona,Psittacidae,7,Crítico
3152,Amazona vinacea,Amazona vinacea,Amazona vinacea,Amazona vinacea,Amazona vinacea,Amazona vinacea,Amazona vinacea,Amazona vinacea,Amazona vinacea,Amazona vinacea,Amazona vinacea,Amazona vinacea,Amazona,Psittacidae,7,Crítico
3153,Amazona vinacea,Amazona vinacea,Amazona vinacea,Amazona vinacea,Amazona vinacea,Amazona vinacea,Amazona vinacea,Amazona vinacea,Amazona vinacea,Amazona vinacea,Amazona vinacea,Amazona vinacea,Amazona,Psittacidae,7,Crítico
3154,Amazona vinacea,Amazona vinacea,Amazona vinacea,Amazona vinacea,Amazona vinacea,Amazona vinacea,Amazona vinacea,Amazona vinacea,Amazona vinacea,Amazona vinacea,Amazona vinacea,Amazona vinacea,Amazona,Psittacidae,7,Crítico
3155,Amazona vinacea,Amazona vinacea,Amazona vinacea,Amazona vinacea,Amazona vinacea,Amazona vinacea,Amazona vinacea,Amazona aestiva,Amazona vinacea,Amazona vinacea,Amazona vinacea,Amazona vinacea,Amazona,Psittacidae,7,Crítico
3157,Amazona vinacea,Amazona vinacea,Amazona vinacea,Amazona vinacea,Amazona vinacea,Amazona vinacea,Amazona vinacea,Amazona vinacea,Amazona vinacea,Amazona vinacea,Amazona vinacea,Amazona vinacea,Amazona,Psittacidae,7,Crítico
3160,Amazona vinacea,Amazona vinacea,Amazona vinacea,Amazona vinacea,Amazona vinacea,Amazona vinacea,Amazona vinacea,Amazona vinacea,Amazona vinacea,Amazona vinacea,Amazona vinacea,Amazona vinacea,Amazona,Psittacidae,7,Crítico
3161,Amazona vinacea,Amazona vinacea,Amazona vinacea,Amazona vinacea,Amazona vinacea,Amazona vinacea,Amazona vinacea,Amazona vinacea,Amazona vinacea,Amazona vinacea,Amazona vinacea,Amazona vinacea,Amazona,Psittacidae,7,Crítico
3163,Amazona vinacea,Brotogeris chiriri,Brotogeris chiriri,Brotogeris chiriri,Amazona vinacea,Brotogeris chiriri,Brotogeris chiriri,Amazona vinacea,Brotogeris chiriri,Brotogeris chiriri,Brotogeris chiriri,Brotogeris chiriri,Amazona,Psittacidae,7,Crítico
3164,Amazona vinacea,Amazona vinacea,Amazona vinacea,Amazona vinacea,Amazona vinacea,Amazona vinacea,Amazona vinacea,Amazona vinacea,Amazona vinacea,Amazona vinacea,Amazona vinacea,Amazona vinacea,Amazona,Psittacidae,7,Crítico
3165,Amazona vinacea,Amazona vinacea,Amazona vinacea,Amazona vinacea,Amazona vinacea,Amazona vinacea,Amazona vinacea,Amazona vinacea,Amazona vinacea,Amazona vinacea,Amazona vinacea,Amazona vinacea,Amazona,Psittacidae,7,Crítico
3166,Amazona vinacea,Amazona vinacea,Amazona vinacea,Amazona vinacea,Amazona vinacea,Amazona vinacea,Amazona aestiva,Amazona vinacea,Amazona vinacea,Amazona vinacea,Amazona vinacea,Amazona vinacea,Amazona,Psittacidae,7,Crítico
3167,Amazona vinacea,Amazona aestiva,Amazona vinacea,Amazona vinacea,Amazona vinacea,Amazona aestiva,Amazona vinacea,Amazona aestiva,Amazona vinacea,Amazona vinacea,Amazona vinacea,Amazona aestiva,Amazona,Psittacidae,7,Crítico
3168,Amazona vinacea,Amazona vinacea,Amazona vinacea,Amazona vinacea,Amazona vinacea,Amazona vinacea,Amazona vinacea,Amazona vinacea,Amazona vinacea,Amazona vinacea,Amazona vinacea,Amazona vinacea,Amazona,Psittacidae,7,Crítico
3171,Amazona vinacea,Amazona vinacea,Amazona vinacea,Amazona vinacea,Amazona vinacea,Amazona vinacea,Amazona vinacea,Amazona vinacea,Amazona vinacea,Amazona vinacea,Amazona vinacea,Amazona vinacea,Amazona,Psittacidae,7,Crítico
3173,Amazona vinacea,Amazona vinacea,Amazona vinacea,Amazona vinacea,Amazona vinacea,Amazona vinacea,Amazona vinacea,Amazona vinacea,Amazona vinacea,Amazona vinacea,Amazona vinacea,Amazona vinacea,Amazona,Psittacidae,7,Crítico
3174,Amazona vinacea,Amazona vinacea,Amazona vinacea,Amazona vinacea,Amazona vinacea,Amazona vinacea,Amazona vinacea,Amazona vinacea,Amazona vinacea,Amazona vinacea,Amazona vinacea,Amazona vinacea,Amazona,Psittacidae,7,Crítico
3175,Brotogeris chiriri,Brotogeris chiriri,Brotogeris chiriri,Brotogeris chiriri,Brotogeris chiriri,Brotogeris chiriri,Brotogeris chiriri,Amazona aestiva,Brotogeris chiriri,Brotogeris chiriri,Brotogeris chiriri,Brotogeris chiriri,Brotogeris,Psittacidae,1,Bajo
3176,Brotogeris chiriri,Amazona aestiva,Amazona aestiva,Amazona aestiva,Amazona aestiva,Amazona aestiva,Amazona aestiva,Amazona aestiva,Amazona aestiva,Amazona aestiva,Amazona aestiva,Amazona aestiva,Brotogeris,Psittacidae,1,Bajo
3177,Brotogeris chiriri,Brotogeris chiriri,Brotogeris chiriri,Brotogeris chiriri,Brotogeris chiriri,Brotogeris chiriri,Brotogeris chiriri,Amazona vinacea,Brotogeris chiriri,Brotogeris chiriri,Brotogeris chiriri,Brotogeris chiriri,Brotogeris,Psittacidae,1,Bajo
3178,Brotogeris chiriri,Brotogeris chiriri,Brotogeris chiriri,Brotogeris chiriri,Brotogeris chiriri,Brotogeris chiriri,Brotogeris chiriri,Brotogeris chiriri,Brotogeris chiriri,Brotogeris chiriri,Brotogeris chiriri,Brotogeris chiriri,Brotogeris,Psittacidae,1,Bajo
3179,Brotogeris chiriri,Brotogeris chiriri,Brotogeris chiriri,Brotogeris chiriri,Brotogeris chiriri,Brotogeris chiriri,Brotogeris chiriri,Brotogeris chiriri,Brotogeris chiriri,Brotogeris chiriri,Brotogeris chiriri,Brotogeris chiriri,Brotogeris,Psittacidae,1,Bajo
3180,Brotogeris chiriri,Brotogeris chiriri,Brotogeris chiriri,Brotogeris chiriri,Brotogeris chiriri,Brotogeris chiriri,Brotogeris chiriri,Brotogeris chiriri,Brotogeris chiriri,Brotogeris chiriri,Brotogeris chiriri,Brotogeris chiriri,Brotogeris,Psittacidae,1,Bajo
3182,Brotogeris chiriri,Brotogeris chiriri,Brotogeris chiriri,Brotogeris chiriri,Brotogeris chiriri,Brotogeris chiriri,Brotogeris chiriri,Brotogeris chiriri,Brotogeris chiriri,Brotogeris chiriri,Brotogeris chiriri,Brotogeris chiriri,Brotogeris,Psittacidae,1,Bajo
3183,Brotogeris chiriri,Brotogeris chiriri,Brotogeris chiriri,Brotogeris chiriri,Brotogeris chiriri,Brotogeris chiriri,Brotogeris chiriri,Brotogeris chiriri,Brotogeris chiriri,Brotogeris chiriri,Brotogeris chiriri,Brotogeris chiriri,Brotogeris,Psittacidae,1,Bajo
3186,Brotogeris chiriri,Brotogeris chiriri,Brotogeris chiriri,Brotogeris chiriri,Brotogeris chiriri,Brotogeris chiriri,Brotogeris chiriri,Brotogeris chiriri,Brotogeris chiriri,Brotogeris chiriri,Brotogeris chiriri,Brotogeris chiriri,Brotogeris,Psittacidae,1,Bajo
3187,Brotogeris chiriri,Brotogeris chiriri,Brotogeris chiriri,Brotogeris chiriri,Brotogeris chiriri,Brotogeris chiriri,Brotogeris chiriri,Brotogeris chiriri,Brotogeris chiriri,Brotogeris chiriri,Brotogeris chiriri,Brotogeris chiriri,Brotogeris,Psittacidae,1,Bajo
3188,Brotogeris chiriri,Brotogeris chiriri,Brotogeris chiriri,Brotogeris chiriri,Brotogeris chiriri,Brotogeris chiriri,Brotogeris chiriri,Brotogeris chiriri,Brotogeris chiriri,Brotogeris chiriri,Brotogeris chiriri,Brotogeris chiriri,Brotogeris,Psittacidae,1,Bajo
3189,Brotogeris chiriri,Brotogeris chiriri,Brotogeris chiriri,Brotogeris chiriri,Brotogeris chiriri,Brotogeris chiriri,Brotogeris chiriri,Brotogeris chiriri,Brotogeris chiriri,Brotogeris chiriri,Brotogeris chiriri,Brotogeris chiriri,Brotogeris,Psittacidae,1,Bajo
3190,Brotogeris chiriri,Brotogeris chiriri,Brotogeris chiriri,Brotogeris chiriri,Brotogeris chiriri,Brotogeris chiriri,Brotogeris chiriri,Brotogeris chiriri,Brotogeris chiriri,Brotogeris chiriri,Brotogeris chiriri,Brotogeris chiriri,Brotogeris,Psittacidae,1,Bajo
3191,Brotogeris chiriri,Brotogeris chiriri,Brotogeris chiriri,Brotogeris chiriri,Brotogeris chiriri,Brotogeris chiriri,Brotogeris chiriri,Brotogeris chiriri,Brotogeris chiriri,Brotogeris chiriri,Brotogeris chiriri,Brotogeris chiriri,Brotogeris,Psittacidae,1,Bajo
3192,Brotogeris chiriri,Brotogeris chiriri,Brotogeris chiriri,Brotogeris chiriri,Brotogeris chiriri,Brotogeris chiriri,Brotogeris chiriri,Amazona aestiva,Brotogeris chiriri,Brotogeris chiriri,Brotogeris chiriri,Brotogeris chiriri,Brotogeris,Psittacidae,1,Bajo
3193,Brotogeris chiriri,Brotogeris chiriri,Brotogeris chiriri,Brotogeris chiriri,Brotogeris chiriri,Brotogeris chiriri,Brotogeris chiriri,Brotogeris chiriri,Brotogeris chiriri,Brotogeris chiriri,Brotogeris chiriri,Brotogeris chiriri,Brotogeris,Psittacidae,1,Bajo
3195,Brotogeris chiriri,Amazona aestiva,Amazona aestiva,Amazona aestiva,Amazona aestiva,Amazona aestiva,Amazona aestiva,Amazona aestiva,Amazona aestiva,Amazona aestiva,Amazona aestiva,Amazona aestiva,Brotogeris,Psittacidae,1,Bajo
3196,Brotogeris chiriri,Brotogeris chiriri,Brotogeris chiriri,Brotogeris chiriri,Brotogeris chiriri,Brotogeris chiriri,Brotogeris chiriri,Brotogeris chiriri,Brotogeris chiriri,Brotogeris chiriri,Brotogeris chiriri,Brotogeris chiriri,Brotogeris,Psittacidae,1,Bajo
3197,Brotogeris chiriri,Brotogeris chiriri,Brotogeris chiriri,Brotogeris chiriri,Brotogeris chiriri,Brotogeris chiriri,Brotogeris chiriri,Brotogeris chiriri,Brotogeris chiriri,Brotogeris chiriri,Brotogeris chiriri,Brotogeris chiriri,Brotogeris,Psittacidae,1,Bajo
3200,Brotogeris chiriri,Brotogeris chiriri,Brotogeris chiriri,Brotogeris chiriri,Brotogeris chiriri,Brotogeris chiriri,Brotogeris chiriri,Brotogeris chiriri,Brotogeris chiriri,Brotogeris chiriri,Brotogeris chiriri,Brotogeris chiriri,Brotogeris,Psittacidae,1,Bajo
3201,Brotogeris chiriri,Amazona aestiva,Amazona aestiva,Amazona aestiva,Amazona aestiva,Brotogeris chiriri,Amazona aestiva,Brotogeris chiriri,Amazona aestiva,Amazona aestiva,Amazona aestiva,Amazona aestiva,Brotogeris,Psittacidae,1,Bajo
3202,Brotogeris chiriri,Amazona aestiva,Amazona aestiva,Amazona aestiva,Amazona aestiva,Brotogeris chiriri,Amazona aestiva,Amazona aestiva,Amazona aestiva,Amazona aestiva,Amazona aestiva,Amazona aestiva,Brotogeris,Psittacidae,1,Bajo
3203,Brotogeris chiriri,Brotogeris chiriri,Brotogeris chiriri,Amazona aestiva,Amazona aestiva,Brotogeris chiriri,Brotogeris chiriri,Brotogeris chiriri,Brotogeris chiriri,Brotogeris chiriri,Brotogeris chiriri,Brotogeris chiriri,Brotogeris,Psittacidae,1,Bajo
3204,Brotogeris chiriri,Brotogeris chiriri,Brotogeris chiriri,Amazona aestiva,Amazona aestiva,Brotogeris chiriri,Brotogeris chiriri,Brotogeris chiriri,Brotogeris chiriri,Brotogeris chiriri,Brotogeris chiriri,Brotogeris chiriri,Brotogeris,Psittacidae,1,Bajo
3205,Brotogeris chiriri,Brotogeris chiriri,Brotogeris chiriri,Brotogeris chiriri,Brotogeris chiriri,Brotogeris chiriri,Brotogeris chiriri,Brotogeris chiriri,Brotogeris chiriri,Brotogeris chiriri,Brotogeris chiriri,Brotogeris chiriri,Brotogeris,Psittacidae,1,Bajo
3206,Brotogeris chiriri,Brotogeris chiriri,Brotogeris chiriri,Amazona aestiva,Amazona vinacea,Brotogeris chiriri,Brotogeris chiriri,Brotogeris chiriri,Brotogeris chiriri,Brotogeris chiriri,Brotogeris chiriri,Brotogeris chiriri,Brotogeris,Psittacidae,1,Bajo
3208,Brotogeris chiriri,Brotogeris chiriri,Brotogeris chiriri,Brotogeris chiriri,Brotogeris chiriri,Brotogeris chiriri,Brotogeris chiriri,Hydropsalis torquata,Brotogeris chiriri,Brotogeris chiriri,Brotogeris chiriri,Brotogeris chiriri,Brotogeris,Psittacidae,1,Bajo
3210,Brotogeris chiriri,Amazona aestiva,Amazona aestiva,Amazona aestiva,Amazona aestiva,Amazona aestiva,Amazona aestiva,Amazona aestiva,Amazona aestiva,Amazona aestiva,Amazona aestiva,Amazona aestiva,Brotogeris,Psittacidae,1,Bajo
3211,Brotogeris chiriri,Brotogeris chiriri,Brotogeris chiriri,Brotogeris chiriri,Brotogeris chiriri,Brotogeris chiriri,Brotogeris chiriri,Brotogeris chiriri,Brotogeris chiriri,Brotogeris chiriri,Brotogeris chiriri,Brotogeris chiriri,Brotogeris,Psittacidae,1,Bajo
3212,Brotogeris chiriri,Brotogeris chiriri,Brotogeris chiriri,Amazona aestiva,Amazona aestiva,Brotogeris chiriri,Brotogeris chiriri,Brotogeris chiriri,Brotogeris chiriri,Brotogeris chiriri,Brotogeris chiriri,Brotogeris chiriri,Brotogeris,Psittacidae,1,Bajo
3214,Brotogeris chiriri,Brotogeris chiriri,Brotogeris chiriri,Brotogeris chiriri,Brotogeris chiriri,Brotogeris chiriri,Brotogeris chiriri,Brotogeris chiriri,Brotogeris chiriri,Brotogeris chiriri,Brotogeris chiriri,Brotogeris chiriri,Brotogeris,Psittacidae,1,Bajo
3216,Brotogeris chiriri,Brotogeris chiriri,Brotogeris chiriri,Brotogeris chiriri,Brotogeris chiriri,Brotogeris chiriri,Brotogeris chiriri,Brotogeris chiriri,Brotogeris chiriri,Brotogeris chiriri,Brotogeris chiriri,Brotogeris chiriri,Brotogeris,Psittacidae,1,Bajo
3217,Brotogeris chiriri,Brotogeris chiriri,Brotogeris chiriri,Brotogeris chiriri,Brotogeris chiriri,Brotogeris chiriri,Brotogeris chiriri,Brotogeris chiriri,Brotogeris chiriri,Brotogeris chiriri,Brotogeris chiriri,Brotogeris chiriri,Brotogeris,Psittacidae,1,Bajo
3218,Brotogeris chiriri,Brotogeris chiriri,Brotogeris chiriri,Amazona vinacea,Amazona vinacea,Brotogeris chiriri,Brotogeris chiriri,Brotogeris chiriri,Brotogeris chiriri,Brotogeris chiriri,Brotogeris chiriri,Brotogeris chiriri,Brotogeris,Psittacidae,1,Bajo
3219,Brotogeris chiriri,Brotogeris chiriri,Amazona aestiva,Amazona aestiva,Amazona aestiva,Brotogeris chiriri,Brotogeris chiriri,Brotogeris chiriri,Amazona aestiva,Amazona aestiva,Amazona aestiva,Brotogeris chiriri,Brotogeris,Psittacidae,1,Bajo
3220,Brotogeris chiriri,Brotogeris chiriri,Brotogeris chiriri,Brotogeris chiriri,Brotogeris chiriri,Brotogeris chiriri,Brotogeris chiriri,Brotogeris chiriri,Brotogeris chiriri,Brotogeris chiriri,Brotogeris chiriri,Brotogeris chiriri,Brotogeris,Psittacidae,1,Bajo
3221,Brotogeris chiriri,Brotogeris chiriri,Brotogeris chiriri,Brotogeris chiriri,Amazona aestiva,Brotogeris chiriri,Brotogeris chiriri,Brotogeris chiriri,Brotogeris chiriri,Brotogeris chiriri,Brotogeris chiriri,Brotogeris chiriri,Brotogeris,Psittacidae,1,Bajo
3222,Brotogeris chiriri,Brotogeris chiriri,Brotogeris chiriri,Brotogeris chiriri,Brotogeris chiriri,Brotogeris chiriri,Brotogeris chiriri,Brotogeris chiriri,Brotogeris chiriri,Brotogeris chiriri,Brotogeris chiriri,Brotogeris chiriri,Brotogeris,Psittacidae,1,Bajo
3223,Brotogeris chiriri,Brotogeris chiriri,Amazona aestiva,Brotogeris chiriri,Brotogeris chiriri,Brotogeris chiriri,Brotogeris chiriri,Amazona vinacea,Amazona aestiva,Amazona aestiva,Amazona aestiva,Brotogeris chiriri,Brotogeris,Psittacidae,1,Bajo
3224,Brotogeris chiriri,Brotogeris chiriri,Brotogeris chiriri,Brotogeris chiriri,Brotogeris chiriri,Brotogeris chiriri,Brotogeris chiriri,Brotogeris chiriri,Brotogeris chiriri,Brotogeris chiriri,Brotogeris chiriri,Brotogeris chiriri,Brotogeris,Psittacidae,1,Bajo
3225,Brotogeris chiriri,Didelphis albiventris,Brotogeris chiriri,Brotogeris chiriri,Brotogeris chiriri,Brotogeris chiriri,Brotogeris chiriri,Amazona aestiva,Brotogeris chiriri,Brotogeris chiriri,Brotogeris chiriri,Amazona aestiva,Brotogeris,Psittacidae,1,Bajo
3228,Brotogeris chiriri,Brotogeris chiriri,Brotogeris chiriri,Brotogeris chiriri,Brotogeris chiriri,Brotogeris chiriri,Brotogeris chiriri,Brotogeris chiriri,Brotogeris chiriri,Brotogeris chiriri,Brotogeris chiriri,Brotogeris chiriri,Brotogeris,Psittacidae,1,Bajo
3229,Brotogeris chiriri,Brotogeris chiriri,Brotogeris chiriri,Brotogeris chiriri,Amazona vinacea,Brotogeris chiriri,Brotogeris chiriri,Brotogeris chiriri,Brotogeris chiriri,Brotogeris chiriri,Brotogeris chiriri,Brotogeris chiriri,Brotogeris,Psittacidae,1,Bajo
3230,Brotogeris chiriri,Amazona aestiva,Amazona aestiva,Amazona aestiva,Amazona aestiva,Amazona aestiva,Amazona aestiva,Amazona aestiva,Amazona aestiva,Amazona aestiva,Amazona aestiva,Amazona aestiva,Brotogeris,Psittacidae,1,Bajo
3231,Brotogeris chiriri,Brotogeris chiriri,Brotogeris chiriri,Brotogeris chiriri,Brotogeris chiriri,Brotogeris chiriri,Brotogeris chiriri,Brotogeris chiriri,Brotogeris chiriri,Brotogeris chiriri,Brotogeris chiriri,Brotogeris chiriri,Brotogeris,Psittacidae,1,Bajo
3232,Brotogeris chiriri,Brotogeris chiriri,Brotogeris chiriri,Brotogeris chiriri,Brotogeris chiriri,Brotogeris chiriri,Brotogeris chiriri,Brotogeris chiriri,Brotogeris chiriri,Brotogeris chiriri,Brotogeris chiriri,Brotogeris chiriri,Brotogeris,Psittacidae,1,Bajo
3233,Brotogeris chiriri,Brotogeris chiriri,Brotogeris chiriri,Brotogeris chiriri,Brotogeris chiriri,Brotogeris chiriri,Brotogeris chiriri,Brotogeris chiriri,Brotogeris chiriri,Brotogeris chiriri,Brotogeris chiriri,Brotogeris chiriri,Brotogeris,Psittacidae,1,Bajo
3234,Brotogeris chiriri,Brotogeris chiriri,Brotogeris chiriri,Brotogeris chiriri,Brotogeris chiriri,Brotogeris chiriri,Brotogeris chiriri,Brotogeris chiriri,Brotogeris chiriri,Brotogeris chiriri,Brotogeris chiriri,Brotogeris chiriri,Brotogeris,Psittacidae,1,Bajo
3236,Brotogeris chiriri,Brotogeris chiriri,Brotogeris chiriri,Brotogeris chiriri,Brotogeris chiriri,Brotogeris chiriri,Brotogeris chiriri,Brotogeris chiriri,Brotogeris chiriri,Brotogeris chiriri,Brotogeris chiriri,Brotogeris chiriri,Brotogeris,Psittacidae,1,Bajo
3237,Brotogeris chiriri,Amazona vinacea,Brotogeris chiriri,Amazona vinacea,Brotogeris chiriri,Brotogeris chiriri,Amazona vinacea,Amazona vinacea,Brotogeris chiriri,Brotogeris chiriri,Brotogeris chiriri,Amazona vinacea,Brotogeris,Psittacidae,1,Bajo
3238,Brotogeris chiriri,Brotogeris chiriri,Brotogeris chiriri,Brotogeris chiriri,Brotogeris chiriri,Brotogeris chiriri,Brotogeris chiriri,Brotogeris chiriri,Brotogeris chiriri,Brotogeris chiriri,Brotogeris chiriri,Brotogeris chiriri,Brotogeris,Psittacidae,1,Bajo
3239,Brotogeris chiriri,Brotogeris chiriri,Brotogeris chiriri,Brotogeris chiriri,Brotogeris chiriri,Brotogeris chiriri,Brotogeris chiriri,Brotogeris chiriri,Brotogeris chiriri,Brotogeris chiriri,Brotogeris chiriri,Brotogeris chiriri,Brotogeris,Psittacidae,1,Bajo
3240,Brotogeris chiriri,Brotogeris chiriri,Brotogeris chiriri,Brotogeris chiriri,Brotogeris chiriri,Brotogeris chiriri,Brotogeris chiriri,Brotogeris chiriri,Brotogeris chiriri,Brotogeris chiriri,Brotogeris chiriri,Brotogeris chiriri,Brotogeris,Psittacidae,1,Bajo
3241,Brotogeris chiriri,Brotogeris chiriri,Conopophaga lineata,Baryphthengus ruficapillus,Amazona aestiva,Brotogeris chiriri,Brotogeris chiriri,Myiothlypis leucoblephara,Conopophaga lineata,Conopophaga lineata,Conopophaga lineata,Amazona aestiva,Brotogeris,Psittacidae,1,Bajo
3242,Brotogeris chiriri,Brotogeris chiriri,Brotogeris chiriri,Brotogeris chiriri,Brotogeris chiriri,Brotogeris chiriri,Brotogeris chiriri,Brotogeris chiriri,Brotogeris chiriri,Brotogeris chiriri,Brotogeris chiriri,Brotogeris chiriri,Brotogeris,Psittacidae,1,Bajo
3243,Brotogeris chiriri,Brotogeris chiriri,Brotogeris chiriri,Brotogeris chiriri,Brotogeris chiriri,Brotogeris chiriri,Brotogeris chiriri,Brotogeris chiriri,Brotogeris chiriri,Brotogeris chiriri,Brotogeris chiriri,Brotogeris chiriri,Brotogeris,Psittacidae,1,Bajo
3244,Aramides saracura,Aramides saracura,Aramides saracura,Aramides saracura,Aramides saracura,Aramides saracura,Aramides saracura,Aramides saracura,Aramides saracura,Aramides saracura,Aramides saracura,Aramides saracura,Aramides,Rallidae,3,Medio
3245,Aramides saracura,Aramides saracura,Aramides saracura,Aramides saracura,Aramides saracura,Aramides saracura,Aramides saracura,Aramides saracura,Aramides saracura,Aramides saracura,Aramides saracura,Aramides saracura,Aramides,Rallidae,3,Medio
3246,Aramides saracura,Aramides saracura,Aramides saracura,Aramides saracura,Aramides saracura,Aramides saracura,Aramides saracura,Aramides saracura,Aramides saracura,Aramides saracura,Aramides saracura,Aramides saracura,Aramides,Rallidae,3,Medio
3247,Aramides saracura,Aramides saracura,Aramides saracura,Aramides saracura,Aramides saracura,Aramides saracura,Aramides saracura,Aramides saracura,Aramides saracura,Aramides saracura,Aramides saracura,Aramides saracura,Aramides,Rallidae,3,Medio
3248,Aramides saracura,Aramides saracura,Aramides saracura,Aramides saracura,Aramides saracura,Aramides saracura,Aramides saracura,Aramides saracura,Aramides saracura,Aramides saracura,Aramides saracura,Aramides saracura,Aramides,Rallidae,3,Medio
3249,Aramides saracura,Aramides saracura,Aramides saracura,Aramides saracura,Aramides saracura,Aramides saracura,Aramides saracura,Aramides saracura,Aramides saracura,Aramides saracura,Aramides saracura,Aramides saracura,Aramides,Rallidae,3,Medio
3250,Aramides saracura,Aramides saracura,Aramides saracura,Aramides saracura,Aramides saracura,Aramides saracura,Aramides saracura,Aramides saracura,Aramides saracura,Aramides saracura,Aramides saracura,Aramides saracura,Aramides,Rallidae,3,Medio
3251,Aramides saracura,Aramides saracura,Aramides saracura,Aramides saracura,Aramides saracura,Aramides saracura,Aramides saracura,Aramides saracura,Aramides saracura,Aramides saracura,Aramides saracura,Aramides saracura,Aramides,Rallidae,3,Medio
3252,Aramides saracura,Aramides saracura,Crypturellus obsoletus,Crypturellus obsoletus,Aramides saracura,Aramides saracura,Aramides saracura,Aramides saracura,Crypturellus obsoletus,Crypturellus obsoletus,Crypturellus obsoletus,Aramides saracura,Aramides,Rallidae,3,Medio
3253,Aramides saracura,Aramides saracura,Aramides saracura,Aramides saracura,Aramides saracura,Aramides saracura,Aramides saracura,Aramides saracura,Aramides saracura,Aramides saracura,Aramides saracura,Aramides saracura,Aramides,Rallidae,3,Medio
3254,Aramides saracura,Aramides saracura,Aramides saracura,Aramides saracura,Aramides saracura,Aramides saracura,Aramides saracura,Aramides saracura,Aramides saracura,Aramides saracura,Aramides saracura,Aramides saracura,Aramides,Rallidae,3,Medio
3256,Aramides saracura,Aramides saracura,Aramides saracura,Aramides saracura,Aramides saracura,Aramides saracura,Aramides saracura,Aramides saracura,Aramides saracura,Aramides saracura,Aramides saracura,Aramides saracura,Aramides,Rallidae,3,Medio
3257,Aramides saracura,Aramides saracura,Aramides saracura,Aramides saracura,Aramides saracura,Aramides saracura,Aramides saracura,Aramides saracura,Aramides saracura,Aramides saracura,Aramides saracura,Aramides saracura,Aramides,Rallidae,3,Medio
3258,Aramides saracura,Aramides saracura,Aramides saracura,Crypturellus obsoletus,Aramides saracura,Aramides saracura,Aramides saracura,Aramides saracura,Aramides saracura,Aramides saracura,Aramides saracura,Aramides saracura,Aramides,Rallidae,3,Medio
3259,Aramides saracura,Aramides saracura,Aramides saracura,Aramides saracura,Aramides saracura,Aramides saracura,Aramides saracura,Aramides saracura,Aramides saracura,Aramides saracura,Aramides saracura,Aramides saracura,Aramides,Rallidae,3,Medio
3260,Aramides saracura,Aramides saracura,Aramides saracura,Aramides saracura,Aramides saracura,Aramides saracura,Aramides saracura,Aramides saracura,Aramides saracura,Aramides saracura,Aramides saracura,Aramides saracura,Aramides,Rallidae,3,Medio
3261,Aramides saracura,Aramides saracura,Aramides saracura,Aramides saracura,Aramides saracura,Aramides saracura,Aramides saracura,Aramides saracura,Aramides saracura,Aramides saracura,Aramides saracura,Aramides saracura,Aramides,Rallidae,3,Medio
3262,Aramides saracura,Aramides saracura,Aramides saracura,Aramides saracura,Aramides saracura,Aramides saracura,Aramides saracura,Aramides saracura,Aramides saracura,Aramides saracura,Aramides saracura,Aramides saracura,Aramides,Rallidae,3,Medio
3264,Aramides saracura,Aramides saracura,Aramides saracura,Aramides saracura,Aramides saracura,Aramides saracura,Aramides saracura,Aramides saracura,Aramides saracura,Aramides saracura,Aramides saracura,Aramides saracura,Aramides,Rallidae,3,Medio
3265,Aramides saracura,Aramides saracura,Aramides saracura,Aramides saracura,Aramides saracura,Aramides saracura,Aramides saracura,Aramides saracura,Aramides saracura,Aramides saracura,Aramides saracura,Aramides saracura,Aramides,Rallidae,3,Medio
3266,Aramides saracura,Aramides saracura,Aramides saracura,Aramides saracura,Aramides saracura,Aramides saracura,Aramides saracura,Aramides saracura,Aramides saracura,Aramides saracura,Aramides saracura,Aramides saracura,Aramides,Rallidae,3,Medio
3268,Aramides saracura,Aramides saracura,Aramides saracura,Aramides saracura,Aramides saracura,Aramides saracura,Aramides saracura,Aramides saracura,Aramides saracura,Aramides saracura,Aramides saracura,Aramides saracura,Aramides,Rallidae,3,Medio
3269,Aramides saracura,Aramides saracura,Aramides saracura,Aramides saracura,Aramides saracura,Aramides saracura,Aramides saracura,Aramides saracura,Aramides saracura,Aramides saracura,Aramides saracura,Aramides saracura,Aramides,Rallidae,3,Medio
3270,Aramides saracura,Aramides saracura,Aramides saracura,Aramides saracura,Aramides saracura,Aramides saracura,Aramides saracura,Aramides saracura,Aramides saracura,Aramides saracura,Aramides saracura,Aramides saracura,Aramides,Rallidae,3,Medio
3271,Aramides saracura,Aramides saracura,Aramides saracura,Aramides saracura,Aramides saracura,Aramides saracura,Aramides saracura,Aramides saracura,Aramides saracura,Aramides saracura,Aramides saracura,Aramides saracura,Aramides,Rallidae,3,Medio
3272,Aramides saracura,Aramides saracura,Aramides saracura,Aramides saracura,Aramides saracura,Aramides saracura,Aramides saracura,Aramides saracura,Aramides saracura,Aramides saracura,Aramides saracura,Aramides saracura,Aramides,Rallidae,3,Medio
3273,Aramides saracura,Aramides saracura,Aramides saracura,Aramides saracura,Aramides saracura,Aramides saracura,Aramides saracura,Aramides saracura,Aramides saracura,Aramides saracura,Aramides saracura,Aramides saracura,Aramides,Rallidae,3,Medio
3275,Aramides saracura,Aramides saracura,Aramides saracura,Aramides saracura,Aramides saracura,Aramides saracura,Aramides saracura,Aramides saracura,Aramides saracura,Aramides saracura,Aramides saracura,Aramides saracura,Aramides,Rallidae,3,Medio
3276,Aramides saracura,Aramides saracura,Aramides saracura,Aramides saracura,Aramides saracura,Aramides saracura,Aramides saracura,Aramides saracura,Aramides saracura,Aramides saracura,Aramides saracura,Aramides saracura,Aramides,Rallidae,3,Medio
3278,Aramides saracura,Aramides saracura,Aramides saracura,Aramides saracura,Aramides saracura,Aramides saracura,Aramides saracura,Aramides saracura,Aramides saracura,Aramides saracura,Aramides saracura,Aramides saracura,Aramides,Rallidae,3,Medio
3279,Aramides saracura,Aramides saracura,Nothura maculosa,Aramides saracura,Aramides saracura,Aramides saracura,Aramides saracura,Aramides saracura,Nothura maculosa,Nothura maculosa,Nothura maculosa,Aramides saracura,Aramides,Rallidae,3,Medio
3280,Aramides saracura,Aramides saracura,Aramides saracura,Aramides saracura,Aramides saracura,Aramides saracura,Aramides saracura,Aramides saracura,Aramides saracura,Aramides saracura,Aramides saracura,Aramides saracura,Aramides,Rallidae,3,Medio
3281,Aramides saracura,Aramides saracura,Aramides saracura,Aramides saracura,Aramides saracura,Aramides saracura,Aramides saracura,Aramides saracura,Aramides saracura,Aramides saracura,Aramides saracura,Aramides saracura,Aramides,Rallidae,3,Medio
3282,Aramides saracura,Aramides saracura,Aramides saracura,Aramides saracura,Aramides saracura,Aramides saracura,Aramides saracura,Aramides saracura,Aramides saracura,Aramides saracura,Aramides saracura,Aramides saracura,Aramides,Rallidae,3,Medio
3283,Aramides saracura,Aramides saracura,Aramides saracura,Aramides saracura,Aramides saracura,Aramides saracura,Aramides saracura,Aramides saracura,Aramides saracura,Aramides saracura,Aramides saracura,Aramides saracura,Aramides,Rallidae,3,Medio
3285,Aramides saracura,Aramides saracura,Aramides saracura,Aramides saracura,Aramides saracura,Aramides saracura,Aramides saracura,Aramides saracura,Aramides saracura,Aramides saracura,Aramides saracura,Aramides saracura,Aramides,Rallidae,3,Medio
3286,Aramides saracura,Aramides saracura,Aramides saracura,Aramides saracura,Aramides saracura,Aramides saracura,Aramides saracura,Aramides saracura,Aramides saracura,Aramides saracura,Aramides saracura,Aramides saracura,Aramides,Rallidae,3,Medio
3289,Aramides saracura,Aramides saracura,Aramides saracura,Aramides saracura,Aramides saracura,Aramides saracura,Aramides saracura,Aramides saracura,Aramides saracura,Aramides saracura,Aramides saracura,Aramides saracura,Aramides,Rallidae,3,Medio
3292,Aramides saracura,Aramides saracura,Aramides saracura,Aramides saracura,Aramides saracura,Aramides saracura,Aramides saracura,Aramides saracura,Aramides saracura,Aramides saracura,Aramides saracura,Aramides saracura,Aramides,Rallidae,3,Medio
3293,Aramides saracura,Aramides saracura,Aramides saracura,Aramides saracura,Aramides saracura,Aramides saracura,Aramides saracura,Aramides saracura,Aramides saracura,Aramides saracura,Aramides saracura,Aramides saracura,Aramides,Rallidae,3,Medio
3294,Aramides saracura,Aramides saracura,Aramides saracura,Aramides saracura,Aramides saracura,Aramides saracura,Aramides saracura,Aramides saracura,Aramides saracura,Aramides saracura,Aramides saracura,Aramides saracura,Aramides,Rallidae,3,Medio
3297,Aramides saracura,Aramides saracura,Aramides saracura,Aramides saracura,Aramides saracura,Aramides saracura,Aramides saracura,Aramides saracura,Aramides saracura,Aramides saracura,Aramides saracura,Aramides saracura,Aramides,Rallidae,3,Medio
3298,Aramides saracura,Aramides saracura,Synallaxis ruficapilla,Aramides saracura,Aramides saracura,Aramides saracura,Aramides saracura,Aramides saracura,Synallaxis ruficapilla,Synallaxis ruficapilla,Synallaxis ruficapilla,Aramides saracura,Aramides,Rallidae,3,Medio
3299,Aramides saracura,Aramides saracura,Crypturellus obsoletus,Aramides saracura,Crypturellus obsoletus,Aramides saracura,Aramides saracura,Aramides saracura,Crypturellus obsoletus,Crypturellus obsoletus,Crypturellus obsoletus,Aramides saracura,Aramides,Rallidae,3,Medio
3300,Aramides saracura,Aramides saracura,Tinamus solitarius,Aramides saracura,Aramides saracura,Aramides saracura,Aramides saracura,Aramides saracura,Tinamus solitarius,Tinamus solitarius,Tinamus solitarius,Aramides saracura,Aramides,Rallidae,3,Medio
3301,Aramides saracura,Aramides saracura,Aramides saracura,Aramides saracura,Aramides saracura,Aramides saracura,Aramides saracura,Aramides saracura,Aramides saracura,Aramides saracura,Aramides saracura,Aramides saracura,Aramides,Rallidae,3,Medio
3302,Aramides saracura,Aramides saracura,Aramides saracura,Aramides saracura,Aramides saracura,Aramides saracura,Aramides saracura,Aramides saracura,Aramides saracura,Aramides saracura,Aramides saracura,Aramides saracura,Aramides,Rallidae,3,Medio
3303,Aramides saracura,Aramides saracura,Aramides saracura,Aramides saracura,Aramides saracura,Aramides saracura,Aramides saracura,Aramides saracura,Aramides saracura,Aramides saracura,Aramides saracura,Aramides saracura,Aramides,Rallidae,3,Medio
3304,Aramides saracura,Aramides saracura,Crypturellus tataupa,Aramides saracura,Aramides saracura,Aramides saracura,Aramides saracura,Aramides saracura,Crypturellus tataupa,Crypturellus tataupa,Crypturellus tataupa,Aramides saracura,Aramides,Rallidae,3,Medio
3305,Aramides saracura,Aramides saracura,Aramides saracura,Aramides saracura,Aramides saracura,Aramides saracura,Aramides saracura,Aramides saracura,Aramides saracura,Aramides saracura,Aramides saracura,Aramides saracura,Aramides,Rallidae,3,Medio
3306,Aramides saracura,Tayassu pecari,Aramides saracura,Aramides saracura,Aramides saracura,Odontophorus capueira,Dasyprocta azarae,Cerdocyon thous,Aramides saracura,Aramides saracura,Aramides saracura,Tayassu pecari,Aramides,Rallidae,3,Medio
3307,Aramides saracura,Aramides saracura,Aramides saracura,Aramides saracura,Aramides saracura,Aramides saracura,Aramides saracura,Aramides saracura,Aramides saracura,Aramides saracura,Aramides saracura,Aramides saracura,Aramides,Rallidae,3,Medio
3308,Aramides saracura,Aramides saracura,Aramides saracura,Aramides saracura,Aramides saracura,Aramides saracura,Aramides saracura,Aramides saracura,Aramides saracura,Aramides saracura,Aramides saracura,Aramides saracura,Aramides,Rallidae,3,Medio
3309,Aramides saracura,Aramides saracura,Aramides saracura,Aramides saracura,Aramides saracura,Aramides saracura,Aramides saracura,Aramides saracura,Aramides saracura,Aramides saracura,Aramides saracura,Aramides saracura,Aramides,Rallidae,3,Medio
3311,Aramides saracura,Aramides saracura,Aramides saracura,Aramides saracura,Aramides saracura,Aramides saracura,Aramides saracura,Aramides saracura,Aramides saracura,Aramides saracura,Aramides saracura,Aramides saracura,Aramides,Rallidae,3,Medio
3312,Aramides saracura,Aramides saracura,Crypturellus tataupa,Aramides saracura,Crypturellus obsoletus,Aramides saracura,Aramides saracura,Aramides saracura,Crypturellus tataupa,Crypturellus tataupa,Crypturellus tataupa,Aramides saracura,Aramides,Rallidae,3,Medio
3314,Selenidera maculirostris,Selenidera maculirostris,Selenidera maculirostris,Selenidera maculirostris,Selenidera maculirostris,Selenidera maculirostris,Selenidera maculirostris,Selenidera maculirostris,Selenidera maculirostris,Selenidera maculirostris,Selenidera maculirostris,Selenidera maculirostris,Selenidera,Ramphastidae,5,Crítico
3315,Selenidera maculirostris,Selenidera maculirostris,Selenidera maculirostris,Selenidera maculirostris,Selenidera maculirostris,Selenidera maculirostris,Selenidera maculirostris,Selenidera maculirostris,Selenidera maculirostris,Selenidera maculirostris,Selenidera maculirostris,Selenidera maculirostris,Selenidera,Ramphastidae,5,Crítico
3316,Selenidera maculirostris,Baryphthengus ruficapillus,Baryphthengus ruficapillus,Baryphthengus ruficapillus,Baryphthengus ruficapillus,Baryphthengus ruficapillus,Baryphthengus ruficapillus,Cyanoloxia brissonii,Baryphthengus ruficapillus,Baryphthengus ruficapillus,Baryphthengus ruficapillus,Baryphthengus ruficapillus,Selenidera,Ramphastidae,5,Crítico
3317,Selenidera maculirostris,Cyanocorax chrysops,Selenidera maculirostris,Selenidera maculirostris,Selenidera maculirostris,Selenidera maculirostris,Cyanocorax chrysops,Turdus rufiventris,Selenidera maculirostris,Selenidera maculirostris,Selenidera maculirostris,Selenidera maculirostris,Selenidera,Ramphastidae,5,Crítico
3318,Selenidera maculirostris,Selenidera maculirostris,Selenidera maculirostris,Selenidera maculirostris,Selenidera maculirostris,Selenidera maculirostris,Selenidera maculirostris,Selenidera maculirostris,Selenidera maculirostris,Selenidera maculirostris,Selenidera maculirostris,Selenidera maculirostris,Selenidera,Ramphastidae,5,Crítico
3320,Selenidera maculirostris,Selenidera maculirostris,Selenidera maculirostris,Selenidera maculirostris,Selenidera maculirostris,Selenidera maculirostris,Selenidera maculirostris,Selenidera maculirostris,Selenidera maculirostris,Selenidera maculirostris,Selenidera maculirostris,Selenidera maculirostris,Selenidera,Ramphastidae,5,Crítico
3321,Selenidera maculirostris,Selenidera maculirostris,Selenidera maculirostris,Selenidera maculirostris,Selenidera maculirostris,Selenidera maculirostris,Selenidera maculirostris,Selenidera maculirostris,Selenidera maculirostris,Selenidera maculirostris,Selenidera maculirostris,Selenidera maculirostris,Selenidera,Ramphastidae,5,Crítico
3324,Selenidera maculirostris,Selenidera maculirostris,Selenidera maculirostris,Selenidera maculirostris,Selenidera maculirostris,Selenidera maculirostris,Selenidera maculirostris,Selenidera maculirostris,Selenidera maculirostris,Selenidera maculirostris,Selenidera maculirostris,Selenidera maculirostris,Selenidera,Ramphastidae,5,Crítico
3326,Selenidera maculirostris,Selenidera maculirostris,Selenidera maculirostris,Selenidera maculirostris,Selenidera maculirostris,Selenidera maculirostris,Selenidera maculirostris,Selenidera maculirostris,Selenidera maculirostris,Selenidera maculirostris,Selenidera maculirostris,Selenidera maculirostris,Selenidera,Ramphastidae,5,Crítico
3327,Selenidera maculirostris,Selenidera maculirostris,Selenidera maculirostris,Selenidera maculirostris,Selenidera maculirostris,Selenidera maculirostris,Selenidera maculirostris,Selenidera maculirostris,Selenidera maculirostris,Selenidera maculirostris,Selenidera maculirostris,Selenidera maculirostris,Selenidera,Ramphastidae,5,Crítico
3330,Selenidera maculirostris,Selenidera maculirostris,Selenidera maculirostris,Selenidera maculirostris,Selenidera maculirostris,Selenidera maculirostris,Selenidera maculirostris,Selenidera maculirostris,Selenidera maculirostris,Selenidera maculirostris,Selenidera maculirostris,Selenidera maculirostris,Selenidera,Ramphastidae,5,Crítico
3331,Selenidera maculirostris,Selenidera maculirostris,Selenidera maculirostris,Selenidera maculirostris,Selenidera maculirostris,Selenidera maculirostris,Selenidera maculirostris,Selenidera maculirostris,Selenidera maculirostris,Selenidera maculirostris,Selenidera maculirostris,Selenidera maculirostris,Selenidera,Ramphastidae,5,Crítico
3332,Selenidera maculirostris,Selenidera maculirostris,Selenidera maculirostris,Selenidera maculirostris,Selenidera maculirostris,Selenidera maculirostris,Selenidera maculirostris,Selenidera maculirostris,Selenidera maculirostris,Selenidera maculirostris,Selenidera maculirostris,Selenidera maculirostris,Selenidera,Ramphastidae,5,Crítico
3333,Selenidera maculirostris,Selenidera maculirostris,Selenidera maculirostris,Selenidera maculirostris,Selenidera maculirostris,Selenidera maculirostris,Selenidera maculirostris,Selenidera maculirostris,Selenidera maculirostris,Selenidera maculirostris,Selenidera maculirostris,Selenidera maculirostris,Selenidera,Ramphastidae,5,Crítico
3334,Selenidera maculirostris,Selenidera maculirostris,Selenidera maculirostris,Selenidera maculirostris,Selenidera maculirostris,Selenidera maculirostris,Selenidera maculirostris,Selenidera maculirostris,Selenidera maculirostris,Selenidera maculirostris,Selenidera maculirostris,Selenidera maculirostris,Selenidera,Ramphastidae,5,Crítico
3335,Selenidera maculirostris,Selenidera maculirostris,Selenidera maculirostris,Selenidera maculirostris,Selenidera maculirostris,Selenidera maculirostris,Selenidera maculirostris,Selenidera maculirostris,Selenidera maculirostris,Selenidera maculirostris,Selenidera maculirostris,Selenidera maculirostris,Selenidera,Ramphastidae,5,Crítico
3336,Selenidera maculirostris,Selenidera maculirostris,Selenidera maculirostris,Selenidera maculirostris,Selenidera maculirostris,Selenidera maculirostris,Selenidera maculirostris,Selenidera maculirostris,Selenidera maculirostris,Selenidera maculirostris,Selenidera maculirostris,Selenidera maculirostris,Selenidera,Ramphastidae,5,Crítico
3337,Selenidera maculirostris,Selenidera maculirostris,Selenidera maculirostris,Selenidera maculirostris,Selenidera maculirostris,Selenidera maculirostris,Selenidera maculirostris,Selenidera maculirostris,Selenidera maculirostris,Selenidera maculirostris,Selenidera maculirostris,Selenidera maculirostris,Selenidera,Ramphastidae,5,Crítico
3338,Selenidera maculirostris,Selenidera maculirostris,Selenidera maculirostris,Selenidera maculirostris,Selenidera maculirostris,Selenidera maculirostris,Selenidera maculirostris,Selenidera maculirostris,Selenidera maculirostris,Selenidera maculirostris,Selenidera maculirostris,Selenidera maculirostris,Selenidera,Ramphastidae,5,Crítico
3339,Selenidera maculirostris,Selenidera maculirostris,Selenidera maculirostris,Selenidera maculirostris,Selenidera maculirostris,Selenidera maculirostris,Selenidera maculirostris,Selenidera maculirostris,Selenidera maculirostris,Selenidera maculirostris,Selenidera maculirostris,Selenidera maculirostris,Selenidera,Ramphastidae,5,Crítico
3340,Selenidera maculirostris,Selenidera maculirostris,Selenidera maculirostris,Selenidera maculirostris,Selenidera maculirostris,Selenidera maculirostris,Selenidera maculirostris,Selenidera maculirostris,Selenidera maculirostris,Selenidera maculirostris,Selenidera maculirostris,Selenidera maculirostris,Selenidera,Ramphastidae,5,Crítico
3341,Selenidera maculirostris,Baryphthengus ruficapillus,Selenidera maculirostris,Selenidera maculirostris,Selenidera maculirostris,Selenidera maculirostris,Baryphthengus ruficapillus,Cyanoloxia brissonii,Selenidera maculirostris,Selenidera maculirostris,Selenidera maculirostris,Baryphthengus ruficapillus,Selenidera,Ramphastidae,5,Crítico
3342,Selenidera maculirostris,Baryphthengus ruficapillus,Baryphthengus ruficapillus,Baryphthengus ruficapillus,Baryphthengus ruficapillus,Baryphthengus ruficapillus,Baryphthengus ruficapillus,Baryphthengus ruficapillus,Baryphthengus ruficapillus,Baryphthengus ruficapillus,Baryphthengus ruficapillus,Baryphthengus ruficapillus,Selenidera,Ramphastidae,5,Crítico
3343,Selenidera maculirostris,Selenidera maculirostris,Selenidera maculirostris,Selenidera maculirostris,Selenidera maculirostris,Selenidera maculirostris,Selenidera maculirostris,Selenidera maculirostris,Selenidera maculirostris,Selenidera maculirostris,Selenidera maculirostris,Selenidera maculirostris,Selenidera,Ramphastidae,5,Crítico
3344,Selenidera maculirostris,Selenidera maculirostris,Selenidera maculirostris,Selenidera maculirostris,Selenidera maculirostris,Selenidera maculirostris,Selenidera maculirostris,Selenidera maculirostris,Selenidera maculirostris,Selenidera maculirostris,Selenidera maculirostris,Selenidera maculirostris,Selenidera,Ramphastidae,5,Crítico
3345,Selenidera maculirostris,Selenidera maculirostris,Selenidera maculirostris,Selenidera maculirostris,Selenidera maculirostris,Selenidera maculirostris,Selenidera maculirostris,Selenidera maculirostris,Selenidera maculirostris,Selenidera maculirostris,Selenidera maculirostris,Selenidera maculirostris,Selenidera,Ramphastidae,5,Crítico
3346,Selenidera maculirostris,Selenidera maculirostris,Selenidera maculirostris,Selenidera maculirostris,Selenidera maculirostris,Selenidera maculirostris,Selenidera maculirostris,Selenidera maculirostris,Selenidera maculirostris,Selenidera maculirostris,Selenidera maculirostris,Selenidera maculirostris,Selenidera,Ramphastidae,5,Crítico
3347,Selenidera maculirostris,Selenidera maculirostris,Selenidera maculirostris,Selenidera maculirostris,Selenidera maculirostris,Selenidera maculirostris,Selenidera maculirostris,Selenidera maculirostris,Selenidera maculirostris,Selenidera maculirostris,Selenidera maculirostris,Selenidera maculirostris,Selenidera,Ramphastidae,5,Crítico
3348,Selenidera maculirostris,Selenidera maculirostris,Selenidera maculirostris,Selenidera maculirostris,Selenidera maculirostris,Selenidera maculirostris,Selenidera maculirostris,Selenidera maculirostris,Selenidera maculirostris,Selenidera maculirostris,Selenidera maculirostris,Selenidera maculirostris,Selenidera,Ramphastidae,5,Crítico
3350,Selenidera maculirostris,Selenidera maculirostris,Selenidera maculirostris,Selenidera maculirostris,Selenidera maculirostris,Selenidera maculirostris,Selenidera maculirostris,Selenidera maculirostris,Selenidera maculirostris,Selenidera maculirostris,Selenidera maculirostris,Selenidera maculirostris,Selenidera,Ramphastidae,5,Crítico
3351,Selenidera maculirostris,Selenidera maculirostris,Selenidera maculirostris,Selenidera maculirostris,Selenidera maculirostris,Selenidera maculirostris,Selenidera maculirostris,Selenidera maculirostris,Selenidera maculirostris,Selenidera maculirostris,Selenidera maculirostris,Selenidera maculirostris,Selenidera,Ramphastidae,5,Crítico
3352,Selenidera maculirostris,Selenidera maculirostris,Selenidera maculirostris,Selenidera maculirostris,Selenidera maculirostris,Selenidera maculirostris,Selenidera maculirostris,Selenidera maculirostris,Selenidera maculirostris,Selenidera maculirostris,Selenidera maculirostris,Selenidera maculirostris,Selenidera,Ramphastidae,5,Crítico
3354,Selenidera maculirostris,Selenidera maculirostris,Selenidera maculirostris,Selenidera maculirostris,Selenidera maculirostris,Selenidera maculirostris,Selenidera maculirostris,Selenidera maculirostris,Selenidera maculirostris,Selenidera maculirostris,Selenidera maculirostris,Selenidera maculirostris,Selenidera,Ramphastidae,5,Crítico
3356,Selenidera maculirostris,Baryphthengus ruficapillus,Leopardus pardalis,Alouatta guariba clamitans,Alouatta caraya,Hypoedaleus guttatus,Baryphthengus ruficapillus,Hypoedaleus guttatus,Leopardus pardalis,Leopardus pardalis,Leopardus pardalis,Baryphthengus ruficapillus,Selenidera,Ramphastidae,5,Crítico
3358,Selenidera maculirostris,Selenidera maculirostris,Selenidera maculirostris,Selenidera maculirostris,Selenidera maculirostris,Selenidera maculirostris,Selenidera maculirostris,Selenidera maculirostris,Selenidera maculirostris,Selenidera maculirostris,Selenidera maculirostris,Selenidera maculirostris,Selenidera,Ramphastidae,5,Crítico
3359,Selenidera maculirostris,Selenidera maculirostris,Selenidera maculirostris,Selenidera maculirostris,Selenidera maculirostris,Selenidera maculirostris,Selenidera maculirostris,Selenidera maculirostris,Selenidera maculirostris,Selenidera maculirostris,Selenidera maculirostris,Selenidera maculirostris,Selenidera,Ramphastidae,5,Crítico
3360,Selenidera maculirostris,Baryphthengus ruficapillus,Selenidera maculirostris,Baryphthengus ruficapillus,Baryphthengus ruficapillus,Selenidera maculirostris,Baryphthengus ruficapillus,Baryphthengus ruficapillus,Selenidera maculirostris,Selenidera maculirostris,Selenidera maculirostris,Baryphthengus ruficapillus,Selenidera,Ramphastidae,5,Crítico
3361,Selenidera maculirostris,Selenidera maculirostris,Selenidera maculirostris,Selenidera maculirostris,Selenidera maculirostris,Selenidera maculirostris,Selenidera maculirostris,Selenidera maculirostris,Selenidera maculirostris,Selenidera maculirostris,Selenidera maculirostris,Selenidera maculirostris,Selenidera,Ramphastidae,5,Crítico
3362,Selenidera maculirostris,Selenidera maculirostris,Selenidera maculirostris,Selenidera maculirostris,Selenidera maculirostris,Selenidera maculirostris,Selenidera maculirostris,Selenidera maculirostris,Selenidera maculirostris,Selenidera maculirostris,Selenidera maculirostris,Selenidera maculirostris,Selenidera,Ramphastidae,5,Crítico
3363,Selenidera maculirostris,Selenidera maculirostris,Selenidera maculirostris,Selenidera maculirostris,Selenidera maculirostris,Selenidera maculirostris,Selenidera maculirostris,Selenidera maculirostris,Selenidera maculirostris,Selenidera maculirostris,Selenidera maculirostris,Selenidera maculirostris,Selenidera,Ramphastidae,5,Crítico
3365,Selenidera maculirostris,Selenidera maculirostris,Selenidera maculirostris,Selenidera maculirostris,Selenidera maculirostris,Selenidera maculirostris,Selenidera maculirostris,Selenidera maculirostris,Selenidera maculirostris,Selenidera maculirostris,Selenidera maculirostris,Selenidera maculirostris,Selenidera,Ramphastidae,5,Crítico
3366,Selenidera maculirostris,Selenidera maculirostris,Selenidera maculirostris,Selenidera maculirostris,Selenidera maculirostris,Selenidera maculirostris,Selenidera maculirostris,Selenidera maculirostris,Selenidera maculirostris,Selenidera maculirostris,Selenidera maculirostris,Selenidera maculirostris,Selenidera,Ramphastidae,5,Crítico
3367,Selenidera maculirostris,Selenidera maculirostris,Selenidera maculirostris,Selenidera maculirostris,Selenidera maculirostris,Selenidera maculirostris,Selenidera maculirostris,Selenidera maculirostris,Selenidera maculirostris,Selenidera maculirostris,Selenidera maculirostris,Selenidera maculirostris,Selenidera,Ramphastidae,5,Crítico
3368,Selenidera maculirostris,Selenidera maculirostris,Selenidera maculirostris,Selenidera maculirostris,Selenidera maculirostris,Selenidera maculirostris,Selenidera maculirostris,Selenidera maculirostris,Selenidera maculirostris,Selenidera maculirostris,Selenidera maculirostris,Selenidera maculirostris,Selenidera,Ramphastidae,5,Crítico
3369,Selenidera maculirostris,Selenidera maculirostris,Selenidera maculirostris,Selenidera maculirostris,Selenidera maculirostris,Selenidera maculirostris,Selenidera maculirostris,Selenidera maculirostris,Selenidera maculirostris,Selenidera maculirostris,Selenidera maculirostris,Selenidera maculirostris,Selenidera,Ramphastidae,5,Crítico
3371,Selenidera maculirostris,Selenidera maculirostris,Selenidera maculirostris,Selenidera maculirostris,Selenidera maculirostris,Selenidera maculirostris,Selenidera maculirostris,Selenidera maculirostris,Selenidera maculirostris,Selenidera maculirostris,Selenidera maculirostris,Selenidera maculirostris,Selenidera,Ramphastidae,5,Crítico
3372,Selenidera maculirostris,Baryphthengus ruficapillus,Baryphthengus ruficapillus,Baryphthengus ruficapillus,Baryphthengus ruficapillus,Baryphthengus ruficapillus,Baryphthengus ruficapillus,Baryphthengus ruficapillus,Baryphthengus ruficapillus,Baryphthengus ruficapillus,Baryphthengus ruficapillus,Baryphthengus ruficapillus,Selenidera,Ramphastidae,5,Crítico
3373,Selenidera maculirostris,Selenidera maculirostris,Selenidera maculirostris,Selenidera maculirostris,Selenidera maculirostris,Selenidera maculirostris,Selenidera maculirostris,Selenidera maculirostris,Selenidera maculirostris,Selenidera maculirostris,Selenidera maculirostris,Selenidera maculirostris,Selenidera,Ramphastidae,5,Crítico
3374,Selenidera maculirostris,Selenidera maculirostris,Selenidera maculirostris,Selenidera maculirostris,Selenidera maculirostris,Selenidera maculirostris,Selenidera maculirostris,Selenidera maculirostris,Selenidera maculirostris,Selenidera maculirostris,Selenidera maculirostris,Selenidera maculirostris,Selenidera,Ramphastidae,5,Crítico
3376,Selenidera maculirostris,Selenidera maculirostris,Selenidera maculirostris,Selenidera maculirostris,Selenidera maculirostris,Selenidera maculirostris,Selenidera maculirostris,Selenidera maculirostris,Selenidera maculirostris,Selenidera maculirostris,Selenidera maculirostris,Selenidera maculirostris,Selenidera,Ramphastidae,5,Crítico
3377,Selenidera maculirostris,Selenidera maculirostris,Selenidera maculirostris,Selenidera maculirostris,Selenidera maculirostris,Selenidera maculirostris,Selenidera maculirostris,Selenidera maculirostris,Selenidera maculirostris,Selenidera maculirostris,Selenidera maculirostris,Selenidera maculirostris,Selenidera,Ramphastidae,5,Crítico
3379,Selenidera maculirostris,Selenidera maculirostris,Selenidera maculirostris,Selenidera maculirostris,Selenidera maculirostris,Selenidera maculirostris,Selenidera maculirostris,Selenidera maculirostris,Selenidera maculirostris,Selenidera maculirostris,Selenidera maculirostris,Selenidera maculirostris,Selenidera,Ramphastidae,5,Crítico
3380,Selenidera maculirostris,Selenidera maculirostris,Selenidera maculirostris,Selenidera maculirostris,Selenidera maculirostris,Selenidera maculirostris,Selenidera maculirostris,Selenidera maculirostris,Selenidera maculirostris,Selenidera maculirostris,Selenidera maculirostris,Selenidera maculirostris,Selenidera,Ramphastidae,5,Crítico
3381,Selenidera maculirostris,Selenidera maculirostris,Selenidera maculirostris,Selenidera maculirostris,Selenidera maculirostris,Selenidera maculirostris,Selenidera maculirostris,Selenidera maculirostris,Selenidera maculirostris,Selenidera maculirostris,Selenidera maculirostris,Selenidera maculirostris,Selenidera,Ramphastidae,5,Crítico
3382,Selenidera maculirostris,Selenidera maculirostris,Selenidera maculirostris,Selenidera maculirostris,Selenidera maculirostris,Selenidera maculirostris,Selenidera maculirostris,Selenidera maculirostris,Selenidera maculirostris,Selenidera maculirostris,Selenidera maculirostris,Selenidera maculirostris,Selenidera,Ramphastidae,5,Crítico
3383,Selenidera maculirostris,Selenidera maculirostris,Selenidera maculirostris,Selenidera maculirostris,Selenidera maculirostris,Selenidera maculirostris,Selenidera maculirostris,Selenidera maculirostris,Selenidera maculirostris,Selenidera maculirostris,Selenidera maculirostris,Selenidera maculirostris,Selenidera,Ramphastidae,5,Crítico
3384,Strix hylophila,Strix hylophila,Strix hylophila,Strix hylophila,Strix hylophila,Strix hylophila,Strix hylophila,Strix hylophila,Strix hylophila,Strix hylophila,Strix hylophila,Strix hylophila,Strix,Strigidae,6,Crítico
3386,Strix hylophila,Strix hylophila,Strix hylophila,Strix hylophila,Strix hylophila,Strix hylophila,Strix hylophila,Strix hylophila,Strix hylophila,Strix hylophila,Strix hylophila,Strix hylophila,Strix,Strigidae,6,Crítico
3387,Strix hylophila,Strix hylophila,Strix hylophila,Strix hylophila,Strix hylophila,Strix hylophila,Strix hylophila,Strix hylophila,Strix hylophila,Strix hylophila,Strix hylophila,Strix hylophila,Strix,Strigidae,6,Crítico
3389,Strix hylophila,Strix hylophila,Strix hylophila,Strix hylophila,Strix hylophila,Strix hylophila,Strix hylophila,Strix hylophila,Strix hylophila,Strix hylophila,Strix hylophila,Strix hylophila,Strix,Strigidae,6,Crítico
3392,Strix hylophila,Strix hylophila,Strix hylophila,Strix hylophila,Strix hylophila,Strix hylophila,Strix hylophila,Strix hylophila,Strix hylophila,Strix hylophila,Strix hylophila,Strix hylophila,Strix,Strigidae,6,Crítico
3394,Strix hylophila,Strix hylophila,Strix hylophila,Strix hylophila,Strix hylophila,Strix hylophila,Strix hylophila,Strix hylophila,Strix hylophila,Strix hylophila,Strix hylophila,Strix hylophila,Strix,Strigidae,6,Crítico
3395,Strix hylophila,Strix hylophila,Strix hylophila,Strix hylophila,Strix hylophila,Strix hylophila,Strix hylophila,Strix hylophila,Strix hylophila,Strix hylophila,Strix hylophila,Strix hylophila,Strix,Strigidae,6,Crítico
3396,Strix hylophila,Strix hylophila,Strix hylophila,Strix hylophila,Strix hylophila,Strix hylophila,Strix hylophila,Strix hylophila,Strix hylophila,Strix hylophila,Strix hylophila,Strix hylophila,Strix,Strigidae,6,Crítico
3397,Strix hylophila,Strix hylophila,Strix hylophila,Strix hylophila,Strix hylophila,Strix hylophila,Strix hylophila,Strix hylophila,Strix hylophila,Strix hylophila,Strix hylophila,Strix hylophila,Strix,Strigidae,6,Crítico
3398,Strix hylophila,Strix hylophila,Strix hylophila,Strix hylophila,Strix hylophila,Strix hylophila,Strix hylophila,Strix hylophila,Strix hylophila,Strix hylophila,Strix hylophila,Strix hylophila,Strix,Strigidae,6,Crítico
3399,Strix hylophila,Strix hylophila,Strix hylophila,Strix hylophila,Strix hylophila,Strix hylophila,Strix hylophila,Strix hylophila,Strix hylophila,Strix hylophila,Strix hylophila,Strix hylophila,Strix,Strigidae,6,Crítico
3400,Strix hylophila,Strix virgata borelliana,Strix virgata borelliana,Strix hylophila,Strix hylophila,Strix hylophila,Strix hylophila,Strix hylophila,Strix virgata borelliana,Strix virgata borelliana,Strix virgata borelliana,Strix virgata borelliana,Strix,Strigidae,6,Crítico
3401,Strix hylophila,Strix hylophila,Strix hylophila,Strix hylophila,Strix hylophila,Strix hylophila,Strix hylophila,Strix hylophila,Strix hylophila,Strix hylophila,Strix hylophila,Strix hylophila,Strix,Strigidae,6,Crítico
3402,Strix hylophila,Strix hylophila,Strix hylophila,Strix hylophila,Strix hylophila,Strix hylophila,Strix hylophila,Strix hylophila,Strix hylophila,Strix hylophila,Strix hylophila,Strix hylophila,Strix,Strigidae,6,Crítico
3403,Strix hylophila,Strix hylophila,Strix hylophila,Strix hylophila,Strix hylophila,Strix hylophila,Strix hylophila,Strix hylophila,Strix hylophila,Strix hylophila,Strix hylophila,Strix hylophila,Strix,Strigidae,6,Crítico
3404,Strix hylophila,Strix hylophila,Strix hylophila,Strix hylophila,Strix hylophila,Strix hylophila,Strix hylophila,Strix hylophila,Strix hylophila,Strix hylophila,Strix hylophila,Strix hylophila,Strix,Strigidae,6,Crítico
3405,Strix hylophila,Strix hylophila,Strix hylophila,Strix hylophila,Strix hylophila,Strix hylophila,Strix hylophila,Strix hylophila,Strix hylophila,Strix hylophila,Strix hylophila,Strix hylophila,Strix,Strigidae,6,Crítico
3406,Strix hylophila,Strix hylophila,Strix hylophila,Strix hylophila,Strix virgata,Strix hylophila,Strix hylophila,Strix hylophila,Strix hylophila,Strix hylophila,Strix hylophila,Strix hylophila,Strix,Strigidae,6,Crítico
3407,Strix hylophila,Strix hylophila,Strix hylophila,Strix hylophila,Strix hylophila,Strix hylophila,Strix hylophila,Strix hylophila,Strix hylophila,Strix hylophila,Strix hylophila,Strix hylophila,Strix,Strigidae,6,Crítico
3408,Strix hylophila,Strix hylophila,Strix hylophila,Strix hylophila,Strix hylophila,Strix hylophila,Strix hylophila,Strix hylophila,Strix hylophila,Strix hylophila,Strix hylophila,Strix hylophila,Strix,Strigidae,6,Crítico
3410,Strix hylophila,Strix hylophila,Strix hylophila,Strix hylophila,Strix hylophila,Strix hylophila,Strix hylophila,Strix hylophila,Strix hylophila,Strix hylophila,Strix hylophila,Strix hylophila,Strix,Strigidae,6,Crítico
3411,Strix hylophila,Strix hylophila,Strix hylophila,Strix hylophila,Strix hylophila,Strix hylophila,Strix hylophila,Strix hylophila,Strix hylophila,Strix hylophila,Strix hylophila,Strix hylophila,Strix,Strigidae,6,Crítico
3412,Strix hylophila,Strix hylophila,Strix hylophila,Strix hylophila,Strix hylophila,Strix hylophila,Strix hylophila,Strix hylophila,Strix hylophila,Strix hylophila,Strix hylophila,Strix hylophila,Strix,Strigidae,6,Crítico
3413,Strix hylophila,Strix hylophila,Strix hylophila,Strix hylophila,Strix hylophila,Strix hylophila,Strix hylophila,Strix hylophila,Strix hylophila,Strix hylophila,Strix hylophila,Strix virgata borelliana,Strix,Strigidae,6,Crítico
3414,Strix hylophila,Strix virgata borelliana,Strix virgata borelliana,Strix hylophila,Strix hylophila,Strix hylophila,Strix hylophila,Strix hylophila,Strix virgata borelliana,Strix virgata borelliana,Strix virgata borelliana,Strix virgata borelliana,Strix,Strigidae,6,Crítico
3415,Strix hylophila,Didelphis albiventris,Didelphis albiventris,Didelphis albiventris,Didelphis albiventris,Didelphis albiventris,Didelphis albiventris,Sapajus nigritus,Didelphis albiventris,Didelphis albiventris,Didelphis albiventris,Didelphis albiventris,Strix,Strigidae,6,Crítico
3417,Strix hylophila,Strix hylophila,Strix hylophila,Strix hylophila,Strix hylophila,Strix hylophila,Strix hylophila,Strix hylophila,Strix hylophila,Strix hylophila,Strix hylophila,Strix hylophila,Strix,Strigidae,6,Crítico
3418,Strix hylophila,Strix hylophila,Strix virgata,Strix hylophila,Strix hylophila,Strix hylophila,Strix hylophila,Nyctidromus albicollis,Strix virgata,Strix virgata,Strix virgata,Strix hylophila,Strix,Strigidae,6,Crítico
3419,Strix hylophila,Strix hylophila,Strix hylophila,Strix hylophila,Strix hylophila,Strix hylophila,Strix hylophila,Strix hylophila,Strix hylophila,Strix hylophila,Strix hylophila,Strix hylophila,Strix,Strigidae,6,Crítico
3420,Strix hylophila,Strix hylophila,Strix hylophila,Strix hylophila,Strix hylophila,Strix hylophila,Strix hylophila,Strix hylophila,Strix hylophila,Strix hylophila,Strix hylophila,Strix hylophila,Strix,Strigidae,6,Crítico
3421,Strix hylophila,Strix hylophila,Strix hylophila,Strix hylophila,Strix hylophila,Strix hylophila,Strix hylophila,Strix hylophila,Strix hylophila,Strix hylophila,Strix hylophila,Strix hylophila,Strix,Strigidae,6,Crítico
3422,Strix hylophila,Strix hylophila,Strix hylophila,Strix hylophila,Strix hylophila,Strix hylophila,Strix hylophila,Strix hylophila,Strix hylophila,Strix hylophila,Strix hylophila,Strix hylophila,Strix,Strigidae,6,Crítico
3423,Strix hylophila,Strix hylophila,Strix hylophila,Strix hylophila,Strix hylophila,Strix hylophila,Strix hylophila,Strix hylophila,Strix hylophila,Strix hylophila,Strix hylophila,Strix hylophila,Strix,Strigidae,6,Crítico
3425,Strix hylophila,Strix hylophila,Strix hylophila,Strix hylophila,Strix hylophila,Strix hylophila,Strix hylophila,Strix hylophila,Strix hylophila,Strix hylophila,Strix hylophila,Strix hylophila,Strix,Strigidae,6,Crítico
3426,Strix hylophila,Strix hylophila,Strix hylophila,Strix hylophila,Strix hylophila,Strix hylophila,Strix hylophila,Strix hylophila,Strix hylophila,Strix hylophila,Strix hylophila,Strix hylophila,Strix,Strigidae,6,Crítico
3428,Strix hylophila,Strix hylophila,Strix hylophila,Strix hylophila,Strix hylophila,Strix hylophila,Strix hylophila,Strix hylophila,Strix hylophila,Strix hylophila,Strix hylophila,Strix virgata borelliana,Strix,Strigidae,6,Crítico
3429,Strix hylophila,Strix hylophila,Strix hylophila,Strix hylophila,Strix hylophila,Strix hylophila,Strix hylophila,Strix hylophila,Strix hylophila,Strix hylophila,Strix hylophila,Strix hylophila,Strix,Strigidae,6,Crítico
3430,Strix virgata,Puma concolor,Didelphis aurita,Didelphis albiventris,Didelphis albiventris,Sus scrofa,Didelphis aurita,Didelphis albiventris,Didelphis aurita,Didelphis aurita,Didelphis aurita,Puma concolor,Strix,Strigidae,1,Bajo
3431,Strix virgata,Strix hylophila,Strix hylophila,Strix hylophila,Strix hylophila,Strix hylophila,Strix hylophila,Strix hylophila,Strix hylophila,Strix hylophila,Strix hylophila,Strix hylophila,Strix,Strigidae,1,Bajo
3432,Strix virgata,Strix virgata,Strix virgata,Strix virgata,Strix hylophila,Strix virgata,Strix hylophila,Strix virgata,Strix virgata,Strix virgata,Strix virgata,Strix virgata,Strix,Strigidae,1,Bajo
3433,Strix virgata,Strix virgata,Strix virgata,Strix hylophila,Strix hylophila,Strix hylophila,Strix hylophila,Strix hylophila,Strix virgata,Strix virgata,Strix virgata,Strix virgata,Strix,Strigidae,1,Bajo
3435,Strix virgata,Strix virgata,Strix virgata,Strix virgata,Strix virgata,Strix virgata,Strix hylophila,Strix virgata,Strix virgata,Strix virgata,Strix virgata,Strix virgata,Strix,Strigidae,1,Bajo
3436,Strix virgata,Strix virgata borelliana,Strix virgata borelliana,Strix hylophila,Strix virgata,Strix hylophila,Strix hylophila,Strix hylophila,Strix virgata borelliana,Strix virgata borelliana,Strix virgata borelliana,Strix virgata borelliana,Strix,Strigidae,1,Bajo
3437,Strix virgata,Strix virgata borelliana,Strix virgata,Strix virgata,Strix virgata,Strix virgata,Strix hylophila,Strix virgata,Strix virgata,Strix virgata,Strix virgata,Strix virgata borelliana,Strix,Strigidae,1,Bajo
3438,Strix virgata,Strix virgata borelliana,Strix virgata borelliana,Strix virgata,Strix virgata,Strix virgata,Strix hylophila,Strix hylophila,Strix virgata borelliana,Strix virgata borelliana,Strix virgata borelliana,Strix virgata borelliana,Strix,Strigidae,1,Bajo
3439,Strix virgata,Strix virgata,Strix virgata borelliana,Strix virgata,Strix virgata,Strix virgata,Strix hylophila,Strix virgata,Strix virgata borelliana,Strix virgata borelliana,Strix virgata borelliana,Strix virgata,Strix,Strigidae,1,Bajo
3441,Strix virgata,Strix virgata,Strix virgata borelliana,Strix virgata,Strix hylophila,Strix virgata,Strix hylophila,Strix virgata,Strix virgata borelliana,Strix virgata borelliana,Strix virgata borelliana,Strix virgata,Strix,Strigidae,1,Bajo
3442,Strix virgata,Strix hylophila,Strix virgata borelliana,Strix hylophila,Strix hylophila,Strix hylophila,Strix hylophila,Strix hylophila,Strix virgata borelliana,Strix virgata borelliana,Strix virgata borelliana,Strix hylophila,Strix,Strigidae,1,Bajo
3443,Strix virgata,Strix virgata,Strix hylophila,Strix hylophila,Strix virgata,Strix hylophila,Strix hylophila,Strix hylophila,Strix hylophila,Strix hylophila,Strix hylophila,Strix virgata,Strix,Strigidae,1,Bajo
3444,Strix virgata,Strix hylophila,Strix virgata,Strix hylophila,Strix virgata,Strix hylophila,Strix hylophila,Strix virgata,Strix virgata,Strix virgata,Strix virgata,Strix hylophila,Strix,Strigidae,1,Bajo
3447,Strix virgata,Didelphis albiventris,Strix hylophila,Didelphis albiventris,Strix hylophila,Didelphis albiventris,Didelphis albiventris,Hydropsalis torquata,Strix hylophila,Strix hylophila,Strix hylophila,Didelphis albiventris,Strix,Strigidae,1,Bajo
3449,Strix virgata,Strix virgata borelliana,Strix virgata,Strix virgata,Strix virgata,Strix hylophila,Strix hylophila,Strix hylophila,Strix virgata,Strix virgata,Strix virgata,Strix virgata borelliana,Strix,Strigidae,1,Bajo
3450,Strix virgata,Strix hylophila,Strix virgata,Strix virgata,Strix hylophila,Strix hylophila,Strix hylophila,Strix hylophila,Strix virgata,Strix virgata,Strix virgata,Strix hylophila,Strix,Strigidae,1,Bajo
3451,Strix virgata,Strix virgata,Strix virgata,Strix virgata,Strix virgata,Strix virgata,Strix hylophila,Strix virgata,Strix virgata,Strix virgata,Strix virgata,Strix virgata,Strix,Strigidae,1,Bajo
3452,Strix virgata,Strix virgata,Strix virgata,Strix virgata,Strix virgata,Strix virgata,Strix hylophila,Strix virgata,Strix virgata,Strix virgata,Strix virgata,Strix virgata,Strix,Strigidae,1,Bajo
3453,Strix virgata,Strix virgata borelliana,Strix virgata,Strix virgata,Strix virgata,Strix virgata,Strix hylophila,Strix virgata,Strix virgata,Strix virgata,Strix virgata,Strix virgata borelliana,Strix,Strigidae,1,Bajo
3454,Strix virgata,Strix virgata,Strix virgata borelliana,Strix virgata,Strix hylophila,Strix virgata,Strix hylophila,Strix hylophila,Strix virgata borelliana,Strix virgata borelliana,Strix virgata borelliana,Strix virgata,Strix,Strigidae,1,Bajo
3455,Strix virgata,Strix virgata borelliana,Strix virgata borelliana,Strix virgata,Strix virgata,Strix virgata,Strix hylophila,Strix virgata,Strix virgata borelliana,Strix virgata borelliana,Strix virgata borelliana,Strix virgata borelliana,Strix,Strigidae,1,Bajo
3456,Strix virgata,Nyctidromus albicollis,Nyctidromus albicollis,Nyctidromus albicollis,Nyctidromus albicollis,Nyctidromus albicollis,Nyctidromus albicollis,Nyctidromus albicollis,Nyctidromus albicollis,Nyctidromus albicollis,Nyctidromus albicollis,Nyctidromus albicollis,Strix,Strigidae,1,Bajo
3457,Strix virgata,Puma concolor,Didelphis albiventris,Didelphis albiventris,Didelphis albiventris,Didelphis albiventris,Didelphis albiventris,Alouatta guariba,Didelphis albiventris,Didelphis albiventris,Didelphis albiventris,Puma concolor,Strix,Strigidae,1,Bajo
3459,Strix virgata borelliana,Strix virgata,Strix virgata borelliana,Strix virgata,Strix virgata,Strix hylophila,Strix hylophila,Strix hylophila,Strix virgata borelliana,Strix virgata borelliana,Strix virgata borelliana,Strix virgata borelliana,Strix,Strigidae,1,Bajo
3461,Sus scrofa,Sus scrofa,Sus scrofa domesticus,Sus scrofa,Sus scrofa,Sus scrofa,Sus scrofa,Sus scrofa,Sus scrofa domesticus,Sus scrofa domesticus,Sus scrofa domesticus,Sus scrofa,Sus,Suidae,0,Exótica/Invasora
3462,Sus scrofa,Sus scrofa,Sus scrofa,Sus scrofa,Sus scrofa,Sus scrofa,Sus scrofa,Sus scrofa,Sus scrofa,Sus scrofa,Sus scrofa,Sus scrofa,Sus,Suidae,0,Exótica/Invasora
3464,Sus scrofa,Cuniculus paca,Cuniculus paca,Cerdocyon thous,Cerdocyon thous,Sus scrofa,Pecari tajacu,Sus scrofa,Cuniculus paca,Cuniculus paca,Cuniculus paca,Cuniculus paca,Sus,Suidae,0,Exótica/Invasora
3466,Sus scrofa,Pecari tajacu,Pecari tajacu,Pecari tajacu,Pecari tajacu,Pecari tajacu,Pecari tajacu,Sus scrofa,Pecari tajacu,Pecari tajacu,Pecari tajacu,Pecari tajacu,Sus,Suidae,0,Exótica/Invasora
3467,Sus scrofa,Sus scrofa,Sus scrofa,Sus scrofa,Sus scrofa,Sus scrofa,Sus scrofa,Sus scrofa,Sus scrofa,Sus scrofa,Sus scrofa,Sus scrofa,Sus,Suidae,0,Exótica/Invasora
3468,Sus scrofa,Sus scrofa,Sus scrofa,Sus scrofa,Sus scrofa,Sus scrofa,Sus scrofa,Sus scrofa,Sus scrofa,Sus scrofa,Sus scrofa,Sus scrofa,Sus,Suidae,0,Exótica/Invasora
3469,Sus scrofa,Sus scrofa,Sus scrofa domesticus,Sus scrofa,Sus scrofa,Sus scrofa,Sus scrofa,Sus scrofa,Sus scrofa domesticus,Sus scrofa domesticus,Sus scrofa domesticus,Sus scrofa,Sus,Suidae,0,Exótica/Invasora
3471,Sus scrofa,Sus scrofa domesticus,Sus scrofa,Sus scrofa,Sus scrofa,Sus scrofa,Sus scrofa,Sus scrofa,Sus scrofa,Sus scrofa,Sus scrofa,Sus scrofa domesticus,Sus,Suidae,0,Exótica/Invasora
3472,Sus scrofa,Sus scrofa,Sus scrofa,Sus scrofa,Sus scrofa,Sus scrofa,Sus scrofa,Sus scrofa,Sus scrofa,Sus scrofa,Sus scrofa,Sus scrofa,Sus,Suidae,0,Exótica/Invasora
3473,Sus scrofa,Sus scrofa domesticus,Sus scrofa,Sus scrofa domesticus,Sus scrofa,Sus scrofa,Sus scrofa,Sus scrofa,Sus scrofa,Sus scrofa,Sus scrofa,Sus scrofa domesticus,Sus,Suidae,0,Exótica/Invasora
3474,Sus scrofa,Sus scrofa,Sus scrofa,Herpailurus yagouaroundi,Sus scrofa,Sus scrofa,Sus scrofa,Sus scrofa,Sus scrofa,Sus scrofa,Sus scrofa,Sus scrofa,Sus,Suidae,0,Exótica/Invasora
3475,Sus scrofa,Sus scrofa,Sus scrofa domesticus,Sus scrofa,Sus scrofa,Sus scrofa,Sus scrofa,Sus scrofa,Sus scrofa domesticus,Sus scrofa domesticus,Sus scrofa domesticus,Sus scrofa,Sus,Suidae,0,Exótica/Invasora
3476,Sus scrofa,Sus scrofa,Sus scrofa,Pecari tajacu,Sus scrofa,Sus scrofa,Sus scrofa,Sus scrofa,Sus scrofa,Sus scrofa,Sus scrofa,Sus scrofa,Sus,Suidae,0,Exótica/Invasora
3477,Sus scrofa,Sus scrofa,Pecari tajacu,Pecari tajacu,Pecari tajacu,Sus scrofa,Sus scrofa,Sus scrofa,Pecari tajacu,Pecari tajacu,Pecari tajacu,Sus scrofa,Sus,Suidae,0,Exótica/Invasora
3478,Sus scrofa,Sus scrofa,Sus scrofa,Sus scrofa,Sus scrofa,Hydrochoerus hydrochaeris,Sus scrofa,Hydrochoerus hydrochaeris,Sus scrofa,Sus scrofa,Sus scrofa,Sus scrofa,Sus,Suidae,0,Exótica/Invasora
3479,Sus scrofa,Sus scrofa,Sus scrofa,Lontra longicaudis,Sus scrofa,Sus scrofa,Sus scrofa,Lontra longicaudis,Sus scrofa,Sus scrofa,Sus scrofa,Sus scrofa,Sus,Suidae,0,Exótica/Invasora
3480,Sus scrofa,Cabassous tatouay,Sus scrofa,Cerdocyon thous,Cerdocyon thous,Sus scrofa,Sus scrofa,Sus scrofa,Sus scrofa,Sus scrofa,Sus scrofa,Cabassous tatouay,Sus,Suidae,0,Exótica/Invasora
3481,Sus scrofa,Sus scrofa,Sus scrofa,Sus scrofa,Sus scrofa,Sus scrofa,Sus scrofa,Sus scrofa,Sus scrofa,Sus scrofa,Sus scrofa,Sus scrofa,Sus,Suidae,0,Exótica/Invasora
3482,Sus scrofa,Sus scrofa,Sus scrofa,Sus scrofa,Sus scrofa,Sus scrofa,Sus scrofa,Sus scrofa,Sus scrofa,Sus scrofa,Sus scrofa,Sus scrofa,Sus,Suidae,0,Exótica/Invasora
3483,Sus scrofa,Sus scrofa domesticus,Sus scrofa,Sus scrofa domesticus,Sus scrofa,Sus scrofa,Sus scrofa,Sus scrofa,Sus scrofa,Sus scrofa,Sus scrofa,Sus scrofa domesticus,Sus,Suidae,0,Exótica/Invasora
3485,Sus scrofa,Sus scrofa domesticus,Sus scrofa,Sus scrofa,Sus scrofa,Sus scrofa,Sus scrofa,Sus scrofa,Sus scrofa,Sus scrofa,Sus scrofa,Sus scrofa domesticus,Sus,Suidae,0,Exótica/Invasora
3486,Sus scrofa,Sus scrofa,Sus scrofa,Sus scrofa,Sus scrofa,Sus scrofa,Sus scrofa,Sus scrofa,Sus scrofa,Sus scrofa,Sus scrofa,Sus scrofa,Sus,Suidae,0,Exótica/Invasora
3487,Sus scrofa,Sus scrofa domesticus,Sus scrofa,Sus scrofa,Sus scrofa,Sus scrofa,Sus scrofa,Sus scrofa,Sus scrofa,Sus scrofa,Sus scrofa,Sus scrofa domesticus,Sus,Suidae,0,Exótica/Invasora
3488,Sus scrofa,Sus scrofa,Sus scrofa,Sus scrofa,Sus scrofa,Sus scrofa,Sus scrofa,Sus scrofa,Sus scrofa,Sus scrofa,Sus scrofa,Sus scrofa,Sus,Suidae,0,Exótica/Invasora
3490,Sus scrofa,Sus scrofa,Sus scrofa,Sus scrofa,Pecari tajacu,Sus scrofa,Pecari tajacu,Pecari tajacu,Sus scrofa,Sus scrofa,Sus scrofa,Sus scrofa,Sus,Suidae,0,Exótica/Invasora
3491,Sus scrofa,Sus scrofa,Sus scrofa domesticus,Sus scrofa,Sus scrofa,Sus scrofa,Sus scrofa,Sus scrofa,Sus scrofa domesticus,Sus scrofa domesticus,Sus scrofa domesticus,Sus scrofa,Sus,Suidae,0,Exótica/Invasora
3492,Sus scrofa,Sus scrofa domesticus,Sus scrofa domesticus,Sus scrofa,Sus scrofa,Sus scrofa,Sus scrofa,Sus scrofa,Sus scrofa domesticus,Sus scrofa domesticus,Sus scrofa domesticus,Sus scrofa domesticus,Sus,Suidae,0,Exótica/Invasora
3493,Sus scrofa,Sus scrofa,Sus scrofa,Sus scrofa,Sus scrofa,Sus scrofa,Sus scrofa,Sus scrofa,Sus scrofa,Sus scrofa,Sus scrofa,Sus scrofa,Sus,Suidae,0,Exótica/Invasora
3496,Sus scrofa,Sus scrofa domesticus,Sus scrofa,Sus scrofa domesticus,Sus scrofa,Sus scrofa,Sus scrofa,Sus scrofa,Sus scrofa,Sus scrofa,Sus scrofa,Sus scrofa domesticus,Sus,Suidae,0,Exótica/Invasora
3499,Sus scrofa,Sus scrofa,Sus scrofa,Sus scrofa,Sus scrofa,Sus scrofa,Sus scrofa,Sus scrofa,Sus scrofa,Sus scrofa,Sus scrofa,Sus scrofa,Sus,Suidae,0,Exótica/Invasora
3500,Sus scrofa,Sus scrofa,Sus scrofa,Sus scrofa,Sus scrofa,Sus scrofa,Sus scrofa,Sus scrofa,Sus scrofa,Sus scrofa,Sus scrofa,Sus scrofa,Sus,Suidae,0,Exótica/Invasora
3501,Sus scrofa,Tayassu pecari,Tayassu pecari,Pecari tajacu,Pecari tajacu,Sus scrofa,Pecari tajacu,Pecari tajacu,Tayassu pecari,Tayassu pecari,Tayassu pecari,Tayassu pecari,Sus,Suidae,0,Exótica/Invasora
3503,Sus scrofa,Sus scrofa,Sus scrofa,Sus scrofa,Sus scrofa,Sus scrofa,Sus scrofa,Sus scrofa,Sus scrofa,Sus scrofa,Sus scrofa,Sus scrofa,Sus,Suidae,0,Exótica/Invasora
3504,Sus scrofa,Lycalopex gymnocerca,Lycalopex gymnocerca,Lycalopex gymnocerca,Lycalopex gymnocerca,Lycalopex gymnocerca,Lycalopex gymnocerca,Lycalopex gymnocerca,Lycalopex gymnocerca,Lycalopex gymnocerca,Lycalopex gymnocerca,Lycalopex gymnocerca,Sus,Suidae,0,Exótica/Invasora
3505,Sus scrofa,Myrmecophaga tridactyla,Sus scrofa,Cerdocyon thous,Cerdocyon thous,Sus scrofa,Myrmecophaga tridactyla,Sus scrofa,Sus scrofa,Sus scrofa,Sus scrofa,Myrmecophaga tridactyla,Sus,Suidae,0,Exótica/Invasora
3507,Sus scrofa,Sus scrofa,Sus scrofa,Sus scrofa,Sus scrofa,Sus scrofa,Sus scrofa,Sus scrofa,Sus scrofa,Sus scrofa,Sus scrofa,Sus scrofa,Sus,Suidae,0,Exótica/Invasora
3508,Sus scrofa,Sus scrofa,Sus scrofa,Sus scrofa,Sus scrofa,Sus scrofa,Sus scrofa,Sus scrofa,Sus scrofa,Sus scrofa,Sus scrofa,Sus scrofa,Sus,Suidae,0,Exótica/Invasora
3509,Sus scrofa,Sus scrofa,Sus scrofa,Sus scrofa,Sus scrofa,Sus scrofa,Sus scrofa,Sus scrofa,Sus scrofa,Sus scrofa,Sus scrofa,Sus scrofa,Sus,Suidae,0,Exótica/Invasora
3510,Sus scrofa,Tayassu pecari,Panthera onca,Panthera onca,Dasyprocta azarae,Sus scrofa,Cerdocyon thous,Eira barbara,Panthera onca,Panthera onca,Panthera onca,Tayassu pecari,Sus,Suidae,0,Exótica/Invasora
3512,Sus scrofa,Sus scrofa,Sus scrofa,Sus scrofa,Sus scrofa,Sus scrofa,Sus scrofa,Pecari tajacu,Sus scrofa,Sus scrofa,Sus scrofa,Sus scrofa,Sus,Suidae,0,Exótica/Invasora
3513,Sus scrofa,Sus scrofa,Sus scrofa,Sus scrofa,Sus scrofa,Sus scrofa,Sus scrofa,Sus scrofa,Sus scrofa,Sus scrofa,Sus scrofa,Sus scrofa,Sus,Suidae,0,Exótica/Invasora
3514,Sus scrofa,Sus scrofa,Sus scrofa,Sus scrofa,Sus scrofa,Sus scrofa,Sus scrofa,Sus scrofa,Sus scrofa,Sus scrofa,Sus scrofa,Sus scrofa,Sus,Suidae,0,Exótica/Invasora
3515,Sus scrofa,Sus scrofa,Sus scrofa,Sus scrofa,Sus scrofa,Sus scrofa,Sus scrofa,Sus scrofa,Sus scrofa,Sus scrofa,Sus scrofa,Sus scrofa,Sus,Suidae,0,Exótica/Invasora
3516,Sus scrofa,Sus scrofa,Sus scrofa domesticus,Sus scrofa,Sus scrofa,Sus scrofa,Sus scrofa,Sus scrofa,Sus scrofa domesticus,Sus scrofa domesticus,Sus scrofa domesticus,Sus scrofa,Sus,Suidae,0,Exótica/Invasora
3517,Sus scrofa,Sus scrofa,Sus scrofa,Sus scrofa,Sus scrofa,Sus scrofa,Sus scrofa,Sus scrofa,Sus scrofa,Sus scrofa,Sus scrofa,Sus scrofa,Sus,Suidae,0,Exótica/Invasora
3518,Sus scrofa,Sus scrofa,Sus scrofa,Sus scrofa,Sus scrofa,Sus scrofa,Sus scrofa,Sus scrofa,Sus scrofa,Sus scrofa,Sus scrofa,Sus scrofa,Sus,Suidae,0,Exótica/Invasora
3519,Sus scrofa,Sus scrofa,Sus scrofa,Sus scrofa,Sus scrofa,Sus scrofa,Sus scrofa,Sus scrofa,Sus scrofa,Sus scrofa,Sus scrofa,Sus scrofa,Sus,Suidae,0,Exótica/Invasora
3520,Sus scrofa,Sus scrofa,Sus scrofa domesticus,Sus scrofa,Sus scrofa,Sus scrofa,Sus scrofa,Pecari tajacu,Sus scrofa domesticus,Sus scrofa domesticus,Sus scrofa domesticus,Sus scrofa domesticus,Sus,Suidae,0,Exótica/Invasora
3521,Sus scrofa domesticus,Sus scrofa,Sus scrofa,Sus scrofa,Sus scrofa,Sus scrofa,Sus scrofa,Sus scrofa,Sus scrofa,Sus scrofa,Sus scrofa,Sus scrofa,Sus,Suidae,0,Doméstica
3522,Sus scrofa domesticus,Sus scrofa,Sus scrofa domesticus,Sus scrofa,Sus scrofa,Sus scrofa,Sus scrofa,Sus scrofa,Sus scrofa domesticus,Sus scrofa domesticus,Sus scrofa domesticus,Sus scrofa,Sus,Suidae,0,Doméstica
3523,Sus scrofa domesticus,Sus scrofa,Sus scrofa,Sus scrofa,Sus scrofa,Sus scrofa,Sus scrofa,Sus scrofa,Sus scrofa,Sus scrofa,Sus scrofa,Sus scrofa,Sus,Suidae,0,Doméstica
3524,Sus scrofa domesticus,Sus scrofa domesticus,Sus scrofa domesticus,Sus scrofa domesticus,Sus scrofa,Sus scrofa,Sus scrofa,Sus scrofa,Sus scrofa domesticus,Sus scrofa domesticus,Sus scrofa domesticus,Sus scrofa domesticus,Sus,Suidae,0,Doméstica
3525,Sus scrofa domesticus,Sus scrofa,Pecari tajacu,Hydrochoerus hydrochaeris,Sus scrofa,Sus scrofa,Sus scrofa,Sus scrofa,Pecari tajacu,Pecari tajacu,Pecari tajacu,Sus scrofa,Sus,Suidae,0,Doméstica
3527,Sus scrofa domesticus,Pecari tajacu,Pecari tajacu,Pecari tajacu,Pecari tajacu,Sus scrofa,Pecari tajacu,Sus scrofa,Pecari tajacu,Pecari tajacu,Pecari tajacu,Pecari tajacu,Sus,Suidae,0,Doméstica
3528,Sus scrofa domesticus,Sus scrofa,Sus scrofa,Hydrochoerus hydrochaeris,Hydrochoerus hydrochaeris,Sus scrofa,Sus scrofa,Pecari tajacu,Sus scrofa,Sus scrofa,Sus scrofa,Sus scrofa,Sus,Suidae,0,Doméstica
3531,Tapirus terrestris,Tapirus terrestris,Tapirus terrestris,Tapirus terrestris terrestris,Tapirus terrestris,Tapirus terrestris,Myrmecophaga tridactyla,Tapirus terrestris,Tapirus terrestris,Tapirus terrestris,Tapirus terrestris,Tapirus terrestris,Tapirus,Tapiridae,4,Alto
3532,Tapirus terrestris,Galictis cuja,Puma concolor,Puma concolor,Dasypus novemcinctus,Dasypus novemcinctus,Galictis cuja,Nothura maculosa,Puma concolor,Puma concolor,Puma concolor,Sus scrofa,Tapirus,Tapiridae,4,Alto
3533,Tapirus terrestris,Myrmecophaga tridactyla,Myrmecophaga tridactyla,Myrmecophaga tridactyla,Myrmecophaga tridactyla,Myrmecophaga tridactyla,Myrmecophaga tridactyla,Myrmecophaga tridactyla,Myrmecophaga tridactyla,Myrmecophaga tridactyla,Myrmecophaga tridactyla,Myrmecophaga tridactyla,Tapirus,Tapiridae,4,Alto
3534,Tapirus terrestris,Tapirus terrestris,Tapirus terrestris,Tapirus terrestris,Tapirus terrestris,Tapirus terrestris,Tapirus terrestris,Tapirus terrestris,Tapirus terrestris,Tapirus terrestris,Tapirus terrestris,Tapirus terrestris,Tapirus,Tapiridae,4,Alto
3535,Tapirus terrestris,Tapirus terrestris,Tapirus terrestris,Tapirus terrestris,Tapirus terrestris,Tapirus terrestris,Tapirus terrestris,Tapirus terrestris,Tapirus terrestris,Tapirus terrestris,Tapirus terrestris,Tapirus terrestris,Tapirus,Tapiridae,4,Alto
3536,Tapirus terrestris,Tapirus terrestris,Tapirus terrestris,Tapirus terrestris,Tapirus terrestris,Tapirus terrestris,Myrmecophaga tridactyla,Tapirus terrestris,Tapirus terrestris,Tapirus terrestris,Tapirus terrestris,Tapirus terrestris,Tapirus,Tapiridae,4,Alto
3537,Tapirus terrestris,Tayassu pecari,Pecari tajacu,Pecari tajacu,Pecari tajacu,Pecari tajacu,Pecari tajacu,Pecari tajacu,Pecari tajacu,Pecari tajacu,Pecari tajacu,Tayassu pecari,Tapirus,Tapiridae,4,Alto
3538,Tapirus terrestris,Tapirus terrestris,Tapirus terrestris terrestris,Tapirus terrestris,Tapirus terrestris,Tapirus terrestris,Myrmecophaga tridactyla,Tapirus terrestris,Tapirus terrestris terrestris,Tapirus terrestris terrestris,Tapirus terrestris terrestris,Tapirus terrestris,Tapirus,Tapiridae,4,Alto
3539,Tapirus terrestris,Tapirus terrestris,Tapirus terrestris,Tapirus terrestris,Tapirus terrestris,Tapirus terrestris,Myrmecophaga tridactyla,Tapirus terrestris,Tapirus terrestris,Tapirus terrestris,Tapirus terrestris,Tapirus terrestris,Tapirus,Tapiridae,4,Alto
3540,Tapirus terrestris,Tapirus terrestris,Tapirus terrestris,Tapirus terrestris,Tapirus terrestris,Tapirus terrestris,Tapirus terrestris,Tapirus terrestris,Tapirus terrestris,Tapirus terrestris,Tapirus terrestris,Tapirus terrestris,Tapirus,Tapiridae,4,Alto
3541,Tapirus terrestris,Tayassu pecari,Tapirus terrestris,Tapirus terrestris,Tapirus terrestris,Tapirus terrestris,Pecari tajacu,Pecari tajacu,Tapirus terrestris,Tapirus terrestris,Tapirus terrestris,Tayassu pecari,Tapirus,Tapiridae,4,Alto
3542,Tapirus terrestris,Tapirus terrestris,Tapirus terrestris terrestris,Tapirus terrestris,Tapirus terrestris,Tapirus terrestris,Myrmecophaga tridactyla,Tapirus terrestris,Tapirus terrestris terrestris,Tapirus terrestris terrestris,Tapirus terrestris terrestris,Tapirus terrestris,Tapirus,Tapiridae,4,Alto
3544,Tapirus terrestris,Tapirus terrestris,Tapirus terrestris,Hydrochoerus hydrochaeris,Tapirus terrestris,Tapirus terrestris,Myrmecophaga tridactyla,Tapirus terrestris,Tapirus terrestris,Tapirus terrestris,Tapirus terrestris,Tapirus terrestris,Tapirus,Tapiridae,4,Alto
3545,Tapirus terrestris,Puma concolor,Tapirus terrestris,Canis familiaris,Canis familiaris,Canis familiaris,Didelphis albiventris,Herpailurus yagouaroundi,Tapirus terrestris,Tapirus terrestris,Tapirus terrestris,Puma concolor,Tapirus,Tapiridae,4,Alto
3546,Tapirus terrestris,Tapirus terrestris,Tapirus terrestris,Tapirus terrestris,Tapirus terrestris,Tapirus terrestris,Pecari tajacu,Tapirus terrestris terrestris,Tapirus terrestris,Tapirus terrestris,Tapirus terrestris,Tapirus terrestris,Tapirus,Tapiridae,4,Alto
3547,Tapirus terrestris,Tapirus terrestris,Tapirus terrestris,Tapirus terrestris,Tapirus terrestris,Pecari tajacu,Pecari tajacu,Tapirus terrestris,Tapirus terrestris,Tapirus terrestris,Tapirus terrestris,Tapirus terrestris,Tapirus,Tapiridae,4,Alto
3548,Tapirus terrestris,Tapirus terrestris,Tapirus terrestris,Tapirus terrestris,Tapirus terrestris,Tapirus terrestris,Hydrochoerus hydrochaeris,Tapirus terrestris,Tapirus terrestris,Tapirus terrestris,Tapirus terrestris,Tapirus terrestris,Tapirus,Tapiridae,4,Alto
3550,Tapirus terrestris,Tapirus terrestris,Tapirus terrestris,Tapirus terrestris,Tapirus terrestris,Tapirus terrestris,Pecari tajacu,Pecari tajacu,Tapirus terrestris,Tapirus terrestris,Tapirus terrestris,Tapirus terrestris,Tapirus,Tapiridae,4,Alto
3552,Tapirus terrestris,Puma concolor,Tapirus terrestris,Puma concolor,Leopardus pardalis,Canis familiaris,Myrmecophaga tridactyla,Amazona aestiva,Tapirus terrestris,Tapirus terrestris,Tapirus terrestris,Puma concolor,Tapirus,Tapiridae,4,Alto
3554,Tapirus terrestris,Tapirus terrestris terrestris,Tapirus terrestris,Tapirus terrestris terrestris,Tapirus terrestris,Tapirus terrestris,Tapirus terrestris,Tapirus terrestris,Tapirus terrestris,Tapirus terrestris,Tapirus terrestris,Tapirus terrestris terrestris,Tapirus,Tapiridae,4,Alto
3556,Tapirus terrestris terrestris,Tapirus terrestris terrestris,Tapirus terrestris,Tapirus terrestris,Tapirus terrestris,Tapirus terrestris,Tapirus terrestris,Tapirus terrestris,Tapirus terrestris,Tapirus terrestris,Tapirus terrestris,Tapirus terrestris terrestris,Tapirus,Tapiridae,4,Alto
3559,Pecari tajacu,Tayassu pecari,Hydrochoerus hydrochaeris,Hydrochoerus hydrochaeris,Pecari tajacu,Pecari tajacu,Pecari tajacu,Pecari tajacu,Hydrochoerus hydrochaeris,Hydrochoerus hydrochaeris,Hydrochoerus hydrochaeris,Tayassu pecari,Pecari,Tayassuidae,3,Medio
3561,Pecari tajacu,Cuniculus paca,Pecari tajacu,Dasyprocta azarae,Dasyprocta azarae,Pecari tajacu,Pecari tajacu,Pecari tajacu,Pecari tajacu,Pecari tajacu,Pecari tajacu,Cuniculus paca,Pecari,Tayassuidae,3,Medio
3563,Pecari tajacu,Pecari tajacu,Pecari tajacu,Pecari tajacu,Pecari tajacu,Pecari tajacu,Pecari tajacu,Pecari tajacu,Pecari tajacu,Pecari tajacu,Pecari tajacu,Pecari tajacu,Pecari,Tayassuidae,3,Medio
3564,Pecari tajacu,Pecari tajacu,Pecari tajacu,Pecari tajacu,Pecari tajacu,Pecari tajacu,Pecari tajacu,Pecari tajacu,Pecari tajacu,Pecari tajacu,Pecari tajacu,Pecari tajacu,Pecari,Tayassuidae,3,Medio
3565,Pecari tajacu,Tayassu pecari,Tayassu pecari,Pecari tajacu,Pecari tajacu,Pecari tajacu,Pecari tajacu,Pecari tajacu,Tayassu pecari,Tayassu pecari,Tayassu pecari,Tayassu pecari,Pecari,Tayassuidae,3,Medio
3566,Pecari tajacu,Pecari tajacu,Pecari tajacu,Pecari tajacu,Pecari tajacu,Pecari tajacu,Pecari tajacu,Sus scrofa,Pecari tajacu,Pecari tajacu,Pecari tajacu,Pecari tajacu,Pecari,Tayassuidae,3,Medio
3567,Pecari tajacu,Pecari tajacu,Pecari tajacu,Pecari tajacu,Pecari tajacu,Pecari tajacu,Pecari tajacu,Pecari tajacu,Pecari tajacu,Pecari tajacu,Pecari tajacu,Pecari tajacu,Pecari,Tayassuidae,3,Medio
3568,Pecari tajacu,Pecari tajacu,Pecari tajacu,Pecari tajacu,Pecari tajacu,Pecari tajacu,Pecari tajacu,Pecari tajacu,Pecari tajacu,Pecari tajacu,Pecari tajacu,Pecari tajacu,Pecari,Tayassuidae,3,Medio
3569,Pecari tajacu,Pecari tajacu,Pecari tajacu,Pecari tajacu,Pecari tajacu,Pecari tajacu,Pecari tajacu,Pecari tajacu,Pecari tajacu,Pecari tajacu,Pecari tajacu,Pecari tajacu,Pecari,Tayassuidae,3,Medio
3570,Pecari tajacu,Pecari tajacu,Pecari tajacu,Pecari tajacu,Pecari tajacu,Pecari tajacu,Pecari tajacu,Pecari tajacu,Pecari tajacu,Pecari tajacu,Pecari tajacu,Pecari tajacu,Pecari,Tayassuidae,3,Medio
3571,Pecari tajacu,Pecari tajacu,Sus scrofa,Pecari tajacu,Pecari tajacu,Pecari tajacu,Pecari tajacu,Pecari tajacu,Sus scrofa,Sus scrofa,Sus scrofa,Pecari tajacu,Pecari,Tayassuidae,3,Medio
3572,Pecari tajacu,Pecari tajacu,Pecari tajacu,Pecari tajacu,Pecari tajacu,Pecari tajacu,Pecari tajacu,Pecari tajacu,Pecari tajacu,Pecari tajacu,Pecari tajacu,Pecari tajacu,Pecari,Tayassuidae,3,Medio
3573,Pecari tajacu,Sus scrofa,Sus scrofa domesticus,Sus scrofa,Pecari tajacu,Pecari tajacu,Sus scrofa,Pecari tajacu,Sus scrofa domesticus,Sus scrofa domesticus,Sus scrofa domesticus,Sus scrofa,Pecari,Tayassuidae,3,Medio
3574,Pecari tajacu,Pecari tajacu,Cuniculus paca,Pecari tajacu,Pecari tajacu,Pecari tajacu,Pecari tajacu,Dasyprocta azarae,Cuniculus paca,Cuniculus paca,Cuniculus paca,Pecari tajacu,Pecari,Tayassuidae,3,Medio
3575,Pecari tajacu,Pecari tajacu,Pecari tajacu,Pecari tajacu,Pecari tajacu,Pecari tajacu,Pecari tajacu,Pecari tajacu,Pecari tajacu,Pecari tajacu,Pecari tajacu,Pecari tajacu,Pecari,Tayassuidae,3,Medio
3576,Pecari tajacu,Pecari tajacu,Pecari tajacu,Pecari tajacu,Pecari tajacu,Pecari tajacu,Pecari tajacu,Pecari tajacu,Pecari tajacu,Pecari tajacu,Pecari tajacu,Pecari tajacu,Pecari,Tayassuidae,3,Medio
3577,Pecari tajacu,Pecari tajacu,Pecari tajacu,Pecari tajacu,Pecari tajacu,Pecari tajacu,Pecari tajacu,Pecari tajacu,Pecari tajacu,Pecari tajacu,Pecari tajacu,Pecari tajacu,Pecari,Tayassuidae,3,Medio
3578,Pecari tajacu,Sus scrofa,Pecari tajacu,Pecari tajacu,Pecari tajacu,Sus scrofa,Sus scrofa,Pecari tajacu,Pecari tajacu,Pecari tajacu,Pecari tajacu,Sus scrofa,Pecari,Tayassuidae,3,Medio
3579,Pecari tajacu,Sus scrofa,Pecari tajacu,Pecari tajacu,Pecari tajacu,Hydrochoerus hydrochaeris,Sus scrofa,Pecari tajacu,Pecari tajacu,Pecari tajacu,Pecari tajacu,Sus scrofa,Pecari,Tayassuidae,3,Medio
3580,Pecari tajacu,Cuniculus paca,Cuniculus paca,Cuniculus paca,Cuniculus paca,Pecari tajacu,Dasyprocta azarae,Eira barbara,Cuniculus paca,Cuniculus paca,Cuniculus paca,Cuniculus paca,Pecari,Tayassuidae,3,Medio
3581,Pecari tajacu,Pecari tajacu,Pecari tajacu,Pecari tajacu,Pecari tajacu,Pecari tajacu,Pecari tajacu,Pecari tajacu,Pecari tajacu,Pecari tajacu,Pecari tajacu,Pecari tajacu,Pecari,Tayassuidae,3,Medio
3582,Pecari tajacu,Pecari tajacu,Pecari tajacu,Pecari tajacu,Pecari tajacu,Pecari tajacu,Pecari tajacu,Pecari tajacu,Pecari tajacu,Pecari tajacu,Pecari tajacu,Pecari tajacu,Pecari,Tayassuidae,3,Medio
3586,Pecari tajacu,Pecari tajacu,Pecari tajacu,Pecari tajacu,Pecari tajacu,Pecari tajacu,Pecari tajacu,Pecari tajacu,Pecari tajacu,Pecari tajacu,Pecari tajacu,Pecari tajacu,Pecari,Tayassuidae,3,Medio
3587,Pecari tajacu,Pecari tajacu,Pecari tajacu,Pecari tajacu,Pecari tajacu,Pecari tajacu,Pecari tajacu,Pecari tajacu,Pecari tajacu,Pecari tajacu,Pecari tajacu,Pecari tajacu,Pecari,Tayassuidae,3,Medio
3589,Pecari tajacu,Pecari tajacu,Pecari tajacu,Pecari tajacu,Pecari tajacu,Pecari tajacu,Pecari tajacu,Pecari tajacu,Pecari tajacu,Pecari tajacu,Pecari tajacu,Pecari tajacu,Pecari,Tayassuidae,3,Medio
3590,Pecari tajacu,Pecari tajacu,Pecari tajacu,Pecari tajacu,Pecari tajacu,Pecari tajacu,Pecari tajacu,Pecari tajacu,Pecari tajacu,Pecari tajacu,Pecari tajacu,Pecari tajacu,Pecari,Tayassuidae,3,Medio
3591,Pecari tajacu,Pecari tajacu,Pecari tajacu,Pecari tajacu,Pecari tajacu,Pecari tajacu,Pecari tajacu,Pecari tajacu,Pecari tajacu,Pecari tajacu,Pecari tajacu,Pecari tajacu,Pecari,Tayassuidae,3,Medio
3592,Pecari tajacu,Pecari tajacu,Pecari tajacu,Pecari tajacu,Pecari tajacu,Pecari tajacu,Pecari tajacu,Pecari tajacu,Pecari tajacu,Pecari tajacu,Pecari tajacu,Pecari tajacu,Pecari,Tayassuidae,3,Medio
3593,Pecari tajacu,Tayassu pecari,Pecari tajacu,Pecari tajacu,Pecari tajacu,Pecari tajacu,Pecari tajacu,Eira barbara,Pecari tajacu,Pecari tajacu,Pecari tajacu,Tayassu pecari,Pecari,Tayassuidae,3,Medio
3594,Pecari tajacu,Pecari tajacu,Pecari tajacu,Pecari tajacu,Pecari tajacu,Pecari tajacu,Pecari tajacu,Pecari tajacu,Pecari tajacu,Pecari tajacu,Pecari tajacu,Pecari tajacu,Pecari,Tayassuidae,3,Medio
3595,Pecari tajacu,Pecari tajacu,Pecari tajacu,Pecari tajacu,Pecari tajacu,Pecari tajacu,Pecari tajacu,Pecari tajacu,Pecari tajacu,Pecari tajacu,Pecari tajacu,Pecari tajacu,Pecari,Tayassuidae,3,Medio
3596,Pecari tajacu,Pecari tajacu,Pecari tajacu,Pecari tajacu,Pecari tajacu,Pecari tajacu,Pecari tajacu,Pecari tajacu,Pecari tajacu,Pecari tajacu,Pecari tajacu,Pecari tajacu,Pecari,Tayassuidae,3,Medio
3597,Pecari tajacu,Pecari tajacu,Pecari tajacu,Pecari tajacu,Pecari tajacu,Pecari tajacu,Pecari tajacu,Pecari tajacu,Pecari tajacu,Pecari tajacu,Pecari tajacu,Pecari tajacu,Pecari,Tayassuidae,3,Medio
3598,Pecari tajacu,Pecari tajacu,Pecari tajacu,Pecari tajacu,Pecari tajacu,Pecari tajacu,Pecari tajacu,Pecari tajacu,Pecari tajacu,Pecari tajacu,Pecari tajacu,Pecari tajacu,Pecari,Tayassuidae,3,Medio
3600,Pecari tajacu,Tayassu pecari,Galictis cuja,Eira barbara,Cuniculus paca,Pecari tajacu,Eira barbara,Eira barbara,Galictis cuja,Galictis cuja,Galictis cuja,Tayassu pecari,Pecari,Tayassuidae,3,Medio
3601,Pecari tajacu,Puma concolor,Puma concolor,Cyanocorax chrysops,Cyanocorax chrysops,Pecari tajacu,Pecari tajacu,Hydrochoerus hydrochaeris,Puma concolor,Puma concolor,Puma concolor,Puma concolor,Pecari,Tayassuidae,3,Medio
3602,Pecari tajacu,Sus scrofa,Sus scrofa,Pecari tajacu,Sus scrofa,Pecari tajacu,Sus scrofa,Sus scrofa,Sus scrofa,Sus scrofa,Sus scrofa,Sus scrofa,Pecari,Tayassuidae,3,Medio
3603,Pecari tajacu,Pecari tajacu,Pecari tajacu,Pecari tajacu,Pecari tajacu,Pecari tajacu,Pecari tajacu,Pecari tajacu,Pecari tajacu,Pecari tajacu,Pecari tajacu,Pecari tajacu,Pecari,Tayassuidae,3,Medio
3604,Pecari tajacu,Pecari tajacu,Pecari tajacu,Pecari tajacu,Pecari tajacu,Pecari tajacu,Pecari tajacu,Pecari tajacu,Pecari tajacu,Pecari tajacu,Pecari tajacu,Pecari tajacu,Pecari,Tayassuidae,3,Medio
3606,Pecari tajacu,Pecari tajacu,Pecari tajacu,Pecari tajacu,Pecari tajacu,Pecari tajacu,Pecari tajacu,Pecari tajacu,Pecari tajacu,Pecari tajacu,Pecari tajacu,Pecari tajacu,Pecari,Tayassuidae,3,Medio
3607,Pecari tajacu,Pecari tajacu,Pecari tajacu,Pecari tajacu,Pecari tajacu,Pecari tajacu,Pecari tajacu,Pecari tajacu,Pecari tajacu,Pecari tajacu,Pecari tajacu,Pecari tajacu,Pecari,Tayassuidae,3,Medio
3608,Pecari tajacu,Pecari tajacu,Pecari tajacu,Pecari tajacu,Pecari tajacu,Pecari tajacu,Pecari tajacu,Pecari tajacu,Pecari tajacu,Pecari tajacu,Pecari tajacu,Pecari tajacu,Pecari,Tayassuidae,3,Medio
3609,Pecari tajacu,Pecari tajacu,Pecari tajacu,Pecari tajacu,Pecari tajacu,Pecari tajacu,Pecari tajacu,Pecari tajacu,Pecari tajacu,Pecari tajacu,Pecari tajacu,Pecari tajacu,Pecari,Tayassuidae,3,Medio
3610,Pecari tajacu,Sus scrofa,Sus scrofa,Sus scrofa,Pecari tajacu,Sus scrofa,Sus scrofa,Sus scrofa,Sus scrofa,Sus scrofa,Sus scrofa,Sus scrofa,Pecari,Tayassuidae,3,Medio
3611,Pecari tajacu,Pecari tajacu,Pecari tajacu,Pecari tajacu,Pecari tajacu,Pecari tajacu,Pecari tajacu,Pecari tajacu,Pecari tajacu,Pecari tajacu,Pecari tajacu,Pecari tajacu,Pecari,Tayassuidae,3,Medio
3612,Pecari tajacu,Pecari tajacu,Pecari tajacu,Pecari tajacu,Pecari tajacu,Pecari tajacu,Pecari tajacu,Pecari tajacu,Pecari tajacu,Pecari tajacu,Pecari tajacu,Pecari tajacu,Pecari,Tayassuidae,3,Medio
3613,Pecari tajacu,Sus scrofa domesticus,Sus scrofa,Pecari tajacu,Pecari tajacu,Pecari tajacu,Pecari tajacu,Pecari tajacu,Sus scrofa,Sus scrofa,Sus scrofa,Sus scrofa domesticus,Pecari,Tayassuidae,3,Medio
3614,Pecari tajacu,Pecari tajacu,Pecari tajacu,Pecari tajacu,Pecari tajacu,Pecari tajacu,Pecari tajacu,Pecari tajacu,Pecari tajacu,Pecari tajacu,Pecari tajacu,Pecari tajacu,Pecari,Tayassuidae,3,Medio
3615,Pecari tajacu,Pecari tajacu,Pecari tajacu,Pecari tajacu,Pecari tajacu,Pecari tajacu,Pecari tajacu,Pecari tajacu,Pecari tajacu,Pecari tajacu,Pecari tajacu,Pecari tajacu,Pecari,Tayassuidae,3,Medio
3616,Pecari tajacu,Tayassu pecari,Tayassu pecari,Pecari tajacu,Pecari tajacu,Pecari tajacu,Pecari tajacu,Pecari tajacu,Tayassu pecari,Tayassu pecari,Tayassu pecari,Tayassu pecari,Pecari,Tayassuidae,3,Medio
3617,Pecari tajacu,Tayassu pecari,Tayassu pecari,Pecari tajacu,Pecari tajacu,Pecari tajacu,Pecari tajacu,Pecari tajacu,Tayassu pecari,Tayassu pecari,Tayassu pecari,Tayassu pecari,Pecari,Tayassuidae,3,Medio
3619,Pecari tajacu,Pecari tajacu,Pecari tajacu,Pecari tajacu,Pecari tajacu,Pecari tajacu,Pecari tajacu,Pecari tajacu,Pecari tajacu,Pecari tajacu,Pecari tajacu,Pecari tajacu,Pecari,Tayassuidae,3,Medio
3621,Pecari tajacu,Pecari tajacu,Pecari tajacu,Pecari tajacu,Pecari tajacu,Pecari tajacu,Pecari tajacu,Pecari tajacu,Pecari tajacu,Pecari tajacu,Pecari tajacu,Pecari tajacu,Pecari,Tayassuidae,3,Medio
3624,Pecari tajacu,Pecari tajacu,Pecari tajacu,Pecari tajacu,Pecari tajacu,Pecari tajacu,Pecari tajacu,Pecari tajacu,Pecari tajacu,Pecari tajacu,Pecari tajacu,Pecari tajacu,Pecari,Tayassuidae,3,Medio
3625,Pecari tajacu,Pecari tajacu,Pecari tajacu,Pecari tajacu,Pecari tajacu,Pecari tajacu,Pecari tajacu,Pecari tajacu,Pecari tajacu,Pecari tajacu,Pecari tajacu,Pecari tajacu,Pecari,Tayassuidae,3,Medio
3626,Tayassu pecari,Pecari tajacu,Pecari tajacu,Pecari tajacu,Sus scrofa,Pecari tajacu,Pecari tajacu,Pecari tajacu,Pecari tajacu,Pecari tajacu,Pecari tajacu,Pecari tajacu,Tayassu,Tayassuidae,4,Alto
3627,Tayassu pecari,Tayassu pecari,Tayassu pecari,Pecari tajacu,Pecari tajacu,Pecari tajacu,Pecari tajacu,Pecari tajacu,Tayassu pecari,Tayassu pecari,Tayassu pecari,Tayassu pecari,Tayassu,Tayassuidae,4,Alto
3628,Tayassu pecari,Pecari tajacu,Pecari tajacu,Pecari tajacu,Pecari tajacu,Pecari tajacu,Pecari tajacu,Pecari tajacu,Pecari tajacu,Pecari tajacu,Pecari tajacu,Pecari tajacu,Tayassu,Tayassuidae,4,Alto
3629,Tayassu pecari,Pecari tajacu,Pecari tajacu,Pecari tajacu,Pecari tajacu,Pecari tajacu,Pecari tajacu,Pecari tajacu,Pecari tajacu,Pecari tajacu,Pecari tajacu,Pecari tajacu,Tayassu,Tayassuidae,4,Alto
3630,Tayassu pecari,Pecari tajacu,Pecari tajacu,Pecari tajacu,Pecari tajacu,Pecari tajacu,Pecari tajacu,Pecari tajacu,Pecari tajacu,Pecari tajacu,Pecari tajacu,Pecari tajacu,Tayassu,Tayassuidae,4,Alto
3631,Tayassu pecari,Tayassu pecari,Tayassu pecari,Pecari tajacu,Eira barbara,Pecari tajacu,Pecari tajacu,Pecari tajacu,Tayassu pecari,Tayassu pecari,Tayassu pecari,Tayassu pecari,Tayassu,Tayassuidae,4,Alto
3632,Tayassu pecari,Procyon cancrivorus,Sus scrofa,Cerdocyon thous,Procyon cancrivorus,Sus scrofa,Sus scrofa,Cerdocyon thous,Sus scrofa,Sus scrofa,Sus scrofa,Procyon cancrivorus,Tayassu,Tayassuidae,4,Alto
3633,Tayassu pecari,Pecari tajacu,Pecari tajacu,Pecari tajacu,Pecari tajacu,Pecari tajacu,Pecari tajacu,Pecari tajacu,Pecari tajacu,Pecari tajacu,Pecari tajacu,Pecari tajacu,Tayassu,Tayassuidae,4,Alto
3634,Tayassu pecari,Pecari tajacu,Pecari tajacu,Pecari tajacu,Pecari tajacu,Pecari tajacu,Pecari tajacu,Sus scrofa,Pecari tajacu,Pecari tajacu,Pecari tajacu,Pecari tajacu,Tayassu,Tayassuidae,4,Alto
3635,Tayassu pecari,Tayassu pecari,Pecari tajacu,Galictis cuja,Cuniculus paca,Pecari tajacu,Pecari tajacu,Eira barbara,Pecari tajacu,Pecari tajacu,Pecari tajacu,Tayassu pecari,Tayassu,Tayassuidae,4,Alto
3637,Tayassu pecari,Pecari tajacu,Pecari tajacu,Pecari tajacu,Pecari tajacu,Pecari tajacu,Pecari tajacu,Pecari tajacu,Pecari tajacu,Pecari tajacu,Pecari tajacu,Pecari tajacu,Tayassu,Tayassuidae,4,Alto
3639,Tayassu pecari,Pecari tajacu,Pecari tajacu,Pecari tajacu,Pecari tajacu,Sus scrofa,Pecari tajacu,Sus scrofa,Pecari tajacu,Pecari tajacu,Pecari tajacu,Pecari tajacu,Tayassu,Tayassuidae,4,Alto
3641,Tayassu pecari,Tayassu pecari,Tayassu pecari,Dasyprocta azarae,Pecari tajacu,Pecari tajacu,Pecari tajacu,Tayassu pecari,Tayassu pecari,Tayassu pecari,Tayassu pecari,Tayassu pecari,Tayassu,Tayassuidae,4,Alto
3642,Tayassu pecari,Tayassu pecari,Tayassu pecari,Pecari tajacu,Pecari tajacu,Pecari tajacu,Pecari tajacu,Tayassu pecari,Tayassu pecari,Tayassu pecari,Tayassu pecari,Tayassu pecari,Tayassu,Tayassuidae,4,Alto
3643,Tayassu pecari,Pecari tajacu,Tayassu pecari,Pecari tajacu,Pecari tajacu,Pecari tajacu,Pecari tajacu,Pecari tajacu,Tayassu pecari,Tayassu pecari,Tayassu pecari,Pecari tajacu,Tayassu,Tayassuidae,4,Alto
3644,Salvator merianae,Salvator merianae,Salvator merianae,Salvator merianae,Salvator merianae,Salvator merianae,Salvator merianae,Salvator merianae,Salvator merianae,Salvator merianae,Salvator merianae,Salvator merianae,Salvator,Teiidae,1,Bajo
3645,Salvator merianae,Salvator merianae,Salvator merianae,Salvator merianae,Salvator merianae,Salvator merianae,Salvator merianae,Salvator merianae,Salvator merianae,Salvator merianae,Salvator merianae,Salvator merianae,Salvator,Teiidae,1,Bajo
3646,Salvator merianae,Salvator merianae,Salvator merianae,Salvator merianae,Salvator merianae,Salvator merianae,Salvator merianae,Salvator merianae,Salvator merianae,Salvator merianae,Salvator merianae,Salvator merianae,Salvator,Teiidae,1,Bajo
3647,Salvator merianae,Salvator merianae,Salvator merianae,Salvator merianae,Salvator merianae,Salvator merianae,Salvator merianae,Salvator merianae,Salvator merianae,Salvator merianae,Salvator merianae,Salvator merianae,Salvator,Teiidae,1,Bajo
3650,Salvator merianae,Salvator merianae,Salvator merianae,Salvator merianae,Salvator merianae,Salvator merianae,Salvator merianae,Salvator merianae,Salvator merianae,Salvator merianae,Salvator merianae,Salvator merianae,Salvator,Teiidae,1,Bajo
3651,Salvator merianae,Salvator merianae,Salvator merianae,Salvator merianae,Salvator merianae,Salvator merianae,Salvator merianae,Salvator merianae,Salvator merianae,Salvator merianae,Salvator merianae,Salvator merianae,Salvator,Teiidae,1,Bajo
3655,Salvator merianae,Salvator merianae,Salvator merianae,Salvator merianae,Salvator merianae,Salvator merianae,Salvator merianae,Salvator merianae,Salvator merianae,Salvator merianae,Salvator merianae,Salvator merianae,Salvator,Teiidae,1,Bajo
3656,Salvator merianae,Salvator merianae,Salvator merianae,Salvator merianae,Salvator merianae,Salvator merianae,Salvator merianae,Salvator merianae,Salvator merianae,Salvator merianae,Salvator merianae,Salvator merianae,Salvator,Teiidae,1,Bajo
3657,Salvator merianae,Salvator merianae,Salvator merianae,Salvator merianae,Salvator merianae,Salvator merianae,Salvator merianae,Salvator merianae,Salvator merianae,Salvator merianae,Salvator merianae,Salvator merianae,Salvator,Teiidae,1,Bajo
3658,Salvator merianae,Salvator merianae,Salvator merianae,Salvator merianae,Salvator merianae,Salvator merianae,Salvator merianae,Salvator merianae,Salvator merianae,Salvator merianae,Salvator merianae,Salvator merianae,Salvator,Teiidae,1,Bajo
3659,Salvator merianae,Salvator merianae,Salvator merianae,Salvator merianae,Salvator merianae,Salvator merianae,Salvator merianae,Salvator merianae,Salvator merianae,Salvator merianae,Salvator merianae,Salvator merianae,Salvator,Teiidae,1,Bajo
3660,Salvator merianae,Salvator merianae,Salvator merianae,Salvator merianae,Salvator merianae,Salvator merianae,Salvator merianae,Salvator merianae,Salvator merianae,Salvator merianae,Salvator merianae,Salvator merianae,Salvator,Teiidae,1,Bajo
3661,Salvator merianae,Salvator merianae,Salvator merianae,Salvator merianae,Salvator merianae,Salvator merianae,Salvator merianae,Salvator merianae,Salvator merianae,Salvator merianae,Salvator merianae,Salvator merianae,Salvator,Teiidae,1,Bajo
3662,Salvator merianae,Salvator merianae,Salvator merianae,Salvator merianae,Salvator merianae,Salvator merianae,Salvator merianae,Salvator merianae,Salvator merianae,Salvator merianae,Salvator merianae,Salvator merianae,Salvator,Teiidae,1,Bajo
3663,Salvator merianae,Salvator merianae,Salvator merianae,Salvator merianae,Salvator merianae,Salvator merianae,Salvator merianae,Salvator merianae,Salvator merianae,Salvator merianae,Salvator merianae,Salvator merianae,Salvator,Teiidae,1,Bajo
3664,Salvator merianae,Salvator merianae,Salvator merianae,Salvator merianae,Salvator merianae,Salvator merianae,Salvator merianae,Salvator merianae,Salvator merianae,Salvator merianae,Salvator merianae,Salvator merianae,Salvator,Teiidae,1,Bajo
3665,Salvator merianae,Salvator merianae,Salvator merianae,Salvator merianae,Salvator merianae,Salvator merianae,Salvator merianae,Salvator merianae,Salvator merianae,Salvator merianae,Salvator merianae,Salvator merianae,Salvator,Teiidae,1,Bajo
3666,Salvator merianae,Salvator merianae,Salvator merianae,Salvator merianae,Salvator merianae,Salvator merianae,Salvator merianae,Salvator merianae,Salvator merianae,Salvator merianae,Salvator merianae,Salvator merianae,Salvator,Teiidae,1,Bajo
3667,Salvator merianae,Salvator merianae,Salvator merianae,Salvator merianae,Salvator merianae,Salvator merianae,Salvator merianae,Salvator merianae,Salvator merianae,Salvator merianae,Salvator merianae,Salvator merianae,Salvator,Teiidae,1,Bajo
3668,Salvator merianae,Salvator merianae,Salvator merianae,Salvator merianae,Salvator merianae,Salvator merianae,Salvator merianae,Salvator merianae,Salvator merianae,Salvator merianae,Salvator merianae,Salvator merianae,Salvator,Teiidae,1,Bajo
3669,Salvator merianae,Salvator merianae,Salvator merianae,Salvator merianae,Salvator merianae,Salvator merianae,Salvator merianae,Salvator merianae,Salvator merianae,Salvator merianae,Salvator merianae,Salvator merianae,Salvator,Teiidae,1,Bajo
3670,Salvator merianae,Salvator merianae,Salvator merianae,Salvator merianae,Salvator merianae,Salvator merianae,Salvator merianae,Salvator merianae,Salvator merianae,Salvator merianae,Salvator merianae,Salvator merianae,Salvator,Teiidae,1,Bajo
3671,Salvator merianae,Salvator merianae,Salvator merianae,Salvator merianae,Salvator merianae,Salvator merianae,Salvator merianae,Salvator merianae,Salvator merianae,Salvator merianae,Salvator merianae,Salvator merianae,Salvator,Teiidae,1,Bajo
3672,Salvator merianae,Salvator merianae,Salvator merianae,Salvator merianae,Salvator merianae,Salvator merianae,Salvator merianae,Salvator merianae,Salvator merianae,Salvator merianae,Salvator merianae,Salvator merianae,Salvator,Teiidae,1,Bajo
3673,Salvator merianae,Salvator merianae,Salvator merianae,Salvator merianae,Salvator merianae,Salvator merianae,Salvator merianae,Salvator merianae,Salvator merianae,Salvator merianae,Salvator merianae,Salvator merianae,Salvator,Teiidae,1,Bajo
3674,Salvator merianae,Salvator merianae,Salvator merianae,Salvator merianae,Salvator merianae,Salvator merianae,Salvator merianae,Salvator merianae,Salvator merianae,Salvator merianae,Salvator merianae,Salvator merianae,Salvator,Teiidae,1,Bajo
3675,Salvator merianae,Salvator merianae,Salvator merianae,Salvator merianae,Salvator merianae,Salvator merianae,Salvator merianae,Salvator merianae,Salvator merianae,Salvator merianae,Salvator merianae,Salvator merianae,Salvator,Teiidae,1,Bajo
3676,Salvator merianae,Salvator merianae,Salvator merianae,Salvator merianae,Salvator merianae,Salvator merianae,Salvator merianae,Salvator merianae,Salvator merianae,Salvator merianae,Salvator merianae,Salvator merianae,Salvator,Teiidae,1,Bajo
3678,Salvator merianae,Salvator merianae,Salvator merianae,Salvator merianae,Salvator merianae,Salvator merianae,Salvator merianae,Salvator merianae,Salvator merianae,Salvator merianae,Salvator merianae,Salvator merianae,Salvator,Teiidae,1,Bajo
3679,Salvator merianae,Salvator merianae,Salvator merianae,Salvator merianae,Salvator merianae,Salvator merianae,Salvator merianae,Salvator merianae,Salvator merianae,Salvator merianae,Salvator merianae,Salvator merianae,Salvator,Teiidae,1,Bajo
3681,Salvator merianae,Salvator merianae,Salvator merianae,Salvator merianae,Salvator merianae,Salvator merianae,Salvator merianae,Salvator merianae,Salvator merianae,Salvator merianae,Salvator merianae,Salvator merianae,Salvator,Teiidae,1,Bajo
3682,Salvator merianae,Salvator merianae,Salvator merianae,Salvator merianae,Salvator merianae,Salvator merianae,Salvator merianae,Salvator merianae,Salvator merianae,Salvator merianae,Salvator merianae,Salvator merianae,Salvator,Teiidae,1,Bajo
3683,Salvator merianae,Salvator merianae,Salvator merianae,Salvator merianae,Salvator merianae,Salvator merianae,Salvator merianae,Salvator merianae,Salvator merianae,Salvator merianae,Salvator merianae,Salvator merianae,Salvator,Teiidae,1,Bajo
3684,Salvator merianae,Salvator merianae,Salvator merianae,Salvator merianae,Salvator merianae,Salvator merianae,Salvator merianae,Salvator merianae,Salvator merianae,Salvator merianae,Salvator merianae,Salvator merianae,Salvator,Teiidae,1,Bajo
3686,Salvator merianae,Salvator merianae,Salvator merianae,Salvator merianae,Salvator merianae,Salvator merianae,Salvator merianae,Salvator merianae,Salvator merianae,Salvator merianae,Salvator merianae,Salvator merianae,Salvator,Teiidae,1,Bajo
3687,Salvator merianae,Salvator merianae,Salvator merianae,Salvator merianae,Salvator merianae,Salvator merianae,Salvator merianae,Salvator merianae,Salvator merianae,Salvator merianae,Salvator merianae,Salvator merianae,Salvator,Teiidae,1,Bajo
3688,Salvator merianae,Salvator merianae,Salvator merianae,Salvator merianae,Salvator merianae,Salvator merianae,Salvator merianae,Salvator merianae,Salvator merianae,Salvator merianae,Salvator merianae,Salvator merianae,Salvator,Teiidae,1,Bajo
3690,Salvator merianae,Salvator merianae,Salvator merianae,Salvator merianae,Salvator merianae,Salvator merianae,Salvator merianae,Salvator merianae,Salvator merianae,Salvator merianae,Salvator merianae,Salvator merianae,Salvator,Teiidae,1,Bajo
3692,Salvator merianae,Salvator merianae,Salvator merianae,Salvator merianae,Salvator merianae,Salvator merianae,Salvator merianae,Salvator merianae,Salvator merianae,Salvator merianae,Salvator merianae,Salvator merianae,Salvator,Teiidae,1,Bajo
3694,Salvator merianae,Salvator merianae,Salvator merianae,Salvator merianae,Salvator merianae,Salvator merianae,Salvator merianae,Salvator merianae,Salvator merianae,Salvator merianae,Salvator merianae,Salvator merianae,Salvator,Teiidae,1,Bajo
3695,Salvator merianae,Salvator merianae,Salvator merianae,Salvator merianae,Salvator merianae,Salvator merianae,Salvator merianae,Salvator merianae,Salvator merianae,Salvator merianae,Salvator merianae,Salvator merianae,Salvator,Teiidae,1,Bajo
3696,Salvator merianae,Salvator merianae,Salvator merianae,Salvator merianae,Salvator merianae,Salvator merianae,Salvator merianae,Salvator merianae,Salvator merianae,Salvator merianae,Salvator merianae,Salvator merianae,Salvator,Teiidae,1,Bajo
3697,Salvator merianae,Salvator merianae,Salvator merianae,Salvator merianae,Salvator merianae,Salvator merianae,Salvator merianae,Salvator merianae,Salvator merianae,Salvator merianae,Salvator merianae,Salvator merianae,Salvator,Teiidae,1,Bajo
3698,Salvator merianae,Salvator merianae,Salvator merianae,Salvator merianae,Salvator merianae,Salvator merianae,Salvator merianae,Salvator merianae,Salvator merianae,Salvator merianae,Salvator merianae,Salvator merianae,Salvator,Teiidae,1,Bajo
3700,Salvator merianae,Salvator merianae,Salvator merianae,Salvator merianae,Salvator merianae,Salvator merianae,Salvator merianae,Salvator merianae,Salvator merianae,Salvator merianae,Salvator merianae,Salvator merianae,Salvator,Teiidae,1,Bajo
3701,Salvator merianae,Salvator merianae,Salvator merianae,Salvator merianae,Salvator merianae,Salvator merianae,Salvator merianae,Salvator merianae,Salvator merianae,Salvator merianae,Salvator merianae,Salvator merianae,Salvator,Teiidae,1,Bajo
3702,Salvator merianae,Salvator merianae,Salvator merianae,Salvator merianae,Salvator merianae,Salvator merianae,Salvator merianae,Salvator merianae,Salvator merianae,Salvator merianae,Salvator merianae,Salvator merianae,Salvator,Teiidae,1,Bajo
3703,Salvator merianae,Salvator merianae,Salvator merianae,Salvator merianae,Salvator merianae,Salvator merianae,Salvator merianae,Salvator merianae,Salvator merianae,Salvator merianae,Salvator merianae,Salvator merianae,Salvator,Teiidae,1,Bajo
3705,Salvator merianae,Salvator merianae,Salvator merianae,Salvator merianae,Salvator merianae,Salvator merianae,Salvator merianae,Salvator merianae,Salvator merianae,Salvator merianae,Salvator merianae,Salvator merianae,Salvator,Teiidae,1,Bajo
3706,Salvator merianae,Salvator merianae,Salvator merianae,Salvator merianae,Salvator merianae,Salvator merianae,Salvator merianae,Salvator merianae,Salvator merianae,Salvator merianae,Salvator merianae,Salvator merianae,Salvator,Teiidae,1,Bajo
3707,Salvator merianae,Salvator merianae,Salvator merianae,Salvator merianae,Salvator merianae,Salvator merianae,Salvator merianae,Salvator merianae,Salvator merianae,Salvator merianae,Salvator merianae,Salvator merianae,Salvator,Teiidae,1,Bajo
3708,Salvator merianae,Salvator merianae,Salvator merianae,Salvator merianae,Salvator merianae,Salvator merianae,Salvator merianae,Salvator merianae,Salvator merianae,Salvator merianae,Salvator merianae,Salvator merianae,Salvator,Teiidae,1,Bajo
3709,Salvator merianae,Salvator merianae,Salvator merianae,Salvator merianae,Salvator merianae,Salvator merianae,Salvator merianae,Salvator merianae,Salvator merianae,Salvator merianae,Salvator merianae,Salvator merianae,Salvator,Teiidae,1,Bajo
3710,Salvator merianae,Salvator merianae,Salvator merianae,Salvator merianae,Salvator merianae,Salvator merianae,Salvator merianae,Salvator merianae,Salvator merianae,Salvator merianae,Salvator merianae,Salvator merianae,Salvator,Teiidae,1,Bajo
3711,Salvator merianae,Salvator merianae,Salvator merianae,Salvator merianae,Salvator merianae,Salvator merianae,Salvator merianae,Salvator merianae,Salvator merianae,Salvator merianae,Salvator merianae,Salvator merianae,Salvator,Teiidae,1,Bajo
3712,Salvator merianae,Salvator merianae,Salvator merianae,Salvator merianae,Salvator merianae,Salvator merianae,Salvator merianae,Salvator merianae,Salvator merianae,Salvator merianae,Salvator merianae,Salvator merianae,Salvator,Teiidae,1,Bajo
3713,Biatas nigropectus,Biatas nigropectus,Biatas nigropectus,Biatas nigropectus,Biatas nigropectus,Biatas nigropectus,Biatas nigropectus,Biatas nigropectus,Biatas nigropectus,Biatas nigropectus,Biatas nigropectus,Biatas nigropectus,Biatas,Thamnophilidae,6,Crítico
3714,Biatas nigropectus,Biatas nigropectus,Biatas nigropectus,Biatas nigropectus,Biatas nigropectus,Biatas nigropectus,Biatas nigropectus,Biatas nigropectus,Biatas nigropectus,Biatas nigropectus,Biatas nigropectus,Biatas nigropectus,Biatas,Thamnophilidae,6,Crítico
3715,Biatas nigropectus,Biatas nigropectus,Biatas nigropectus,Biatas nigropectus,Biatas nigropectus,Biatas nigropectus,Biatas nigropectus,Biatas nigropectus,Biatas nigropectus,Biatas nigropectus,Biatas nigropectus,Biatas nigropectus,Biatas,Thamnophilidae,6,Crítico
3717,Biatas nigropectus,Biatas nigropectus,Biatas nigropectus,Biatas nigropectus,Biatas nigropectus,Biatas nigropectus,Biatas nigropectus,Biatas nigropectus,Biatas nigropectus,Biatas nigropectus,Biatas nigropectus,Biatas nigropectus,Biatas,Thamnophilidae,6,Crítico
3719,Biatas nigropectus,Biatas nigropectus,Biatas nigropectus,Biatas nigropectus,Biatas nigropectus,Biatas nigropectus,Biatas nigropectus,Biatas nigropectus,Biatas nigropectus,Biatas nigropectus,Biatas nigropectus,Biatas nigropectus,Biatas,Thamnophilidae,6,Crítico
3720,Biatas nigropectus,Biatas nigropectus,Biatas nigropectus,Biatas nigropectus,Biatas nigropectus,Biatas nigropectus,Biatas nigropectus,Biatas nigropectus,Biatas nigropectus,Biatas nigropectus,Biatas nigropectus,Biatas nigropectus,Biatas,Thamnophilidae,6,Crítico
3723,Biatas nigropectus,Synallaxis ruficapilla,Synallaxis ruficapilla,Synallaxis ruficapilla,Synallaxis ruficapilla,Synallaxis ruficapilla,Synallaxis ruficapilla,Synallaxis ruficapilla,Synallaxis ruficapilla,Synallaxis ruficapilla,Synallaxis ruficapilla,Synallaxis ruficapilla,Biatas,Thamnophilidae,6,Crítico
3725,Biatas nigropectus,Biatas nigropectus,Biatas nigropectus,Biatas nigropectus,Biatas nigropectus,Biatas nigropectus,Biatas nigropectus,Biatas nigropectus,Biatas nigropectus,Biatas nigropectus,Biatas nigropectus,Biatas nigropectus,Biatas,Thamnophilidae,6,Crítico
3727,Biatas nigropectus,Biatas nigropectus,Biatas nigropectus,Biatas nigropectus,Biatas nigropectus,Biatas nigropectus,Mackenziaena severa,Biatas nigropectus,Biatas nigropectus,Biatas nigropectus,Biatas nigropectus,Biatas nigropectus,Biatas,Thamnophilidae,6,Crítico
3728,Biatas nigropectus,Biatas nigropectus,Biatas nigropectus,Biatas nigropectus,Biatas nigropectus,Biatas nigropectus,Biatas nigropectus,Biatas nigropectus,Biatas nigropectus,Biatas nigropectus,Biatas nigropectus,Biatas nigropectus,Biatas,Thamnophilidae,6,Crítico
3729,Biatas nigropectus,Biatas nigropectus,Biatas nigropectus,Biatas nigropectus,Biatas nigropectus,Biatas nigropectus,Biatas nigropectus,Biatas nigropectus,Biatas nigropectus,Biatas nigropectus,Biatas nigropectus,Biatas nigropectus,Biatas,Thamnophilidae,6,Crítico
3730,Biatas nigropectus,Biatas nigropectus,Synallaxis ruficapilla,Biatas nigropectus,Biatas nigropectus,Biatas nigropectus,Biatas nigropectus,Biatas nigropectus,Synallaxis ruficapilla,Synallaxis ruficapilla,Synallaxis ruficapilla,Biatas nigropectus,Biatas,Thamnophilidae,6,Crítico
3731,Biatas nigropectus,Biatas nigropectus,Biatas nigropectus,Biatas nigropectus,Biatas nigropectus,Biatas nigropectus,Biatas nigropectus,Biatas nigropectus,Biatas nigropectus,Biatas nigropectus,Biatas nigropectus,Biatas nigropectus,Biatas,Thamnophilidae,6,Crítico
3732,Biatas nigropectus,Biatas nigropectus,Biatas nigropectus,Biatas nigropectus,Biatas nigropectus,Biatas nigropectus,Biatas nigropectus,Biatas nigropectus,Biatas nigropectus,Biatas nigropectus,Biatas nigropectus,Biatas nigropectus,Biatas,Thamnophilidae,6,Crítico
3733,Biatas nigropectus,Biatas nigropectus,Biatas nigropectus,Biatas nigropectus,Biatas nigropectus,Biatas nigropectus,Biatas nigropectus,Biatas nigropectus,Biatas nigropectus,Biatas nigropectus,Biatas nigropectus,Biatas nigropectus,Biatas,Thamnophilidae,6,Crítico
3734,Biatas nigropectus,Biatas nigropectus,Biatas nigropectus,Biatas nigropectus,Biatas nigropectus,Biatas nigropectus,Biatas nigropectus,Biatas nigropectus,Biatas nigropectus,Biatas nigropectus,Biatas nigropectus,Biatas nigropectus,Biatas,Thamnophilidae,6,Crítico
3735,Biatas nigropectus,Biatas nigropectus,Biatas nigropectus,Biatas nigropectus,Biatas nigropectus,Biatas nigropectus,Biatas nigropectus,Biatas nigropectus,Biatas nigropectus,Biatas nigropectus,Biatas nigropectus,Biatas nigropectus,Biatas,Thamnophilidae,6,Crítico
3736,Biatas nigropectus,Biatas nigropectus,Biatas nigropectus,Biatas nigropectus,Biatas nigropectus,Biatas nigropectus,Biatas nigropectus,Biatas nigropectus,Biatas nigropectus,Biatas nigropectus,Biatas nigropectus,Biatas nigropectus,Biatas,Thamnophilidae,6,Crítico
3737,Biatas nigropectus,Biatas nigropectus,Biatas nigropectus,Biatas nigropectus,Biatas nigropectus,Biatas nigropectus,Biatas nigropectus,Biatas nigropectus,Biatas nigropectus,Biatas nigropectus,Biatas nigropectus,Biatas nigropectus,Biatas,Thamnophilidae,6,Crítico
3738,Biatas nigropectus,Biatas nigropectus,Biatas nigropectus,Biatas nigropectus,Biatas nigropectus,Biatas nigropectus,Biatas nigropectus,Biatas nigropectus,Biatas nigropectus,Biatas nigropectus,Biatas nigropectus,Biatas nigropectus,Biatas,Thamnophilidae,6,Crítico
3739,Biatas nigropectus,Biatas nigropectus,Biatas nigropectus,Biatas nigropectus,Biatas nigropectus,Biatas nigropectus,Biatas nigropectus,Biatas nigropectus,Biatas nigropectus,Biatas nigropectus,Biatas nigropectus,Biatas nigropectus,Biatas,Thamnophilidae,6,Crítico
3740,Biatas nigropectus,Biatas nigropectus,Biatas nigropectus,Biatas nigropectus,Biatas nigropectus,Biatas nigropectus,Biatas nigropectus,Biatas nigropectus,Biatas nigropectus,Biatas nigropectus,Biatas nigropectus,Biatas nigropectus,Biatas,Thamnophilidae,6,Crítico
3741,Biatas nigropectus,Biatas nigropectus,Biatas nigropectus,Biatas nigropectus,Biatas nigropectus,Biatas nigropectus,Biatas nigropectus,Biatas nigropectus,Biatas nigropectus,Biatas nigropectus,Biatas nigropectus,Biatas nigropectus,Biatas,Thamnophilidae,6,Crítico
3742,Biatas nigropectus,Biatas nigropectus,Biatas nigropectus,Biatas nigropectus,Biatas nigropectus,Biatas nigropectus,Biatas nigropectus,Biatas nigropectus,Biatas nigropectus,Biatas nigropectus,Biatas nigropectus,Biatas nigropectus,Biatas,Thamnophilidae,6,Crítico
3743,Biatas nigropectus,Biatas nigropectus,Biatas nigropectus,Biatas nigropectus,Biatas nigropectus,Biatas nigropectus,Biatas nigropectus,Biatas nigropectus,Biatas nigropectus,Biatas nigropectus,Biatas nigropectus,Biatas nigropectus,Biatas,Thamnophilidae,6,Crítico
3744,Biatas nigropectus,Biatas nigropectus,Biatas nigropectus,Biatas nigropectus,Biatas nigropectus,Biatas nigropectus,Biatas nigropectus,Biatas nigropectus,Biatas nigropectus,Biatas nigropectus,Biatas nigropectus,Biatas nigropectus,Biatas,Thamnophilidae,6,Crítico
3747,Biatas nigropectus,Biatas nigropectus,Biatas nigropectus,Biatas nigropectus,Biatas nigropectus,Biatas nigropectus,Biatas nigropectus,Biatas nigropectus,Biatas nigropectus,Biatas nigropectus,Biatas nigropectus,Biatas nigropectus,Biatas,Thamnophilidae,6,Crítico
3748,Biatas nigropectus,Biatas nigropectus,Biatas nigropectus,Biatas nigropectus,Biatas nigropectus,Biatas nigropectus,Biatas nigropectus,Biatas nigropectus,Biatas nigropectus,Biatas nigropectus,Biatas nigropectus,Biatas nigropectus,Biatas,Thamnophilidae,6,Crítico
3749,Biatas nigropectus,Biatas nigropectus,Biatas nigropectus,Biatas nigropectus,Biatas nigropectus,Biatas nigropectus,Biatas nigropectus,Biatas nigropectus,Biatas nigropectus,Biatas nigropectus,Biatas nigropectus,Biatas nigropectus,Biatas,Thamnophilidae,6,Crítico
3750,Biatas nigropectus,Biatas nigropectus,Biatas nigropectus,Biatas nigropectus,Biatas nigropectus,Biatas nigropectus,Biatas nigropectus,Biatas nigropectus,Biatas nigropectus,Biatas nigropectus,Biatas nigropectus,Biatas nigropectus,Biatas,Thamnophilidae,6,Crítico
3751,Biatas nigropectus,Biatas nigropectus,Biatas nigropectus,Biatas nigropectus,Biatas nigropectus,Biatas nigropectus,Biatas nigropectus,Biatas nigropectus,Biatas nigropectus,Biatas nigropectus,Biatas nigropectus,Biatas nigropectus,Biatas,Thamnophilidae,6,Crítico
3752,Biatas nigropectus,Biatas nigropectus,Biatas nigropectus,Biatas nigropectus,Biatas nigropectus,Biatas nigropectus,Biatas nigropectus,Biatas nigropectus,Biatas nigropectus,Biatas nigropectus,Biatas nigropectus,Biatas nigropectus,Biatas,Thamnophilidae,6,Crítico
3753,Biatas nigropectus,Biatas nigropectus,Biatas nigropectus,Biatas nigropectus,Biatas nigropectus,Biatas nigropectus,Biatas nigropectus,Pyriglena leucoptera,Biatas nigropectus,Biatas nigropectus,Biatas nigropectus,Biatas nigropectus,Biatas,Thamnophilidae,6,Crítico
3755,Biatas nigropectus,Biatas nigropectus,Biatas nigropectus,Biatas nigropectus,Biatas nigropectus,Biatas nigropectus,Biatas nigropectus,Biatas nigropectus,Biatas nigropectus,Biatas nigropectus,Biatas nigropectus,Biatas nigropectus,Biatas,Thamnophilidae,6,Crítico
3756,Biatas nigropectus,Biatas nigropectus,Habia rubica,Biatas nigropectus,Habia rubica,Biatas nigropectus,Biatas nigropectus,Synallaxis ruficapilla,Habia rubica,Habia rubica,Habia rubica,Biatas nigropectus,Biatas,Thamnophilidae,6,Crítico
3757,Biatas nigropectus,Biatas nigropectus,Biatas nigropectus,Biatas nigropectus,Biatas nigropectus,Biatas nigropectus,Biatas nigropectus,Biatas nigropectus,Biatas nigropectus,Biatas nigropectus,Biatas nigropectus,Biatas nigropectus,Biatas,Thamnophilidae,6,Crítico
3758,Biatas nigropectus,Biatas nigropectus,Pyriglena leucoptera,Biatas nigropectus,Biatas nigropectus,Biatas nigropectus,Biatas nigropectus,Biatas nigropectus,Pyriglena leucoptera,Pyriglena leucoptera,Pyriglena leucoptera,Biatas nigropectus,Biatas,Thamnophilidae,6,Crítico
3759,Biatas nigropectus,Biatas nigropectus,Biatas nigropectus,Biatas nigropectus,Biatas nigropectus,Biatas nigropectus,Biatas nigropectus,Biatas nigropectus,Biatas nigropectus,Biatas nigropectus,Biatas nigropectus,Biatas nigropectus,Biatas,Thamnophilidae,6,Crítico
3760,Biatas nigropectus,Biatas nigropectus,Biatas nigropectus,Biatas nigropectus,Biatas nigropectus,Biatas nigropectus,Biatas nigropectus,Biatas nigropectus,Biatas nigropectus,Biatas nigropectus,Biatas nigropectus,Biatas nigropectus,Biatas,Thamnophilidae,6,Crítico
3761,Hypoedaleus guttatus,Hypoedaleus guttatus,Hypoedaleus guttatus,Hypoedaleus guttatus,Hypoedaleus guttatus,Hypoedaleus guttatus,Hypoedaleus guttatus,Hypoedaleus guttatus,Hypoedaleus guttatus,Hypoedaleus guttatus,Hypoedaleus guttatus,Hypoedaleus guttatus,Hypoedaleus,Thamnophilidae,3,Medio
3762,Hypoedaleus guttatus,Hypoedaleus guttatus,Hypoedaleus guttatus,Hypoedaleus guttatus,Hypoedaleus guttatus,Hypoedaleus guttatus,Hypoedaleus guttatus,Hypoedaleus guttatus,Hypoedaleus guttatus,Hypoedaleus guttatus,Hypoedaleus guttatus,Hypoedaleus guttatus,Hypoedaleus,Thamnophilidae,3,Medio
3763,Hypoedaleus guttatus,Hypoedaleus guttatus,Hypoedaleus guttatus,Hypoedaleus guttatus,Hypoedaleus guttatus,Hypoedaleus guttatus,Hypoedaleus guttatus,Hypoedaleus guttatus,Hypoedaleus guttatus,Hypoedaleus guttatus,Hypoedaleus guttatus,Hypoedaleus guttatus,Hypoedaleus,Thamnophilidae,3,Medio
3764,Hypoedaleus guttatus,Hypoedaleus guttatus,Hypoedaleus guttatus,Hypoedaleus guttatus,Hypoedaleus guttatus,Hypoedaleus guttatus,Hypoedaleus guttatus,Hypoedaleus guttatus,Hypoedaleus guttatus,Hypoedaleus guttatus,Hypoedaleus guttatus,Hypoedaleus guttatus,Hypoedaleus,Thamnophilidae,3,Medio
3765,Hypoedaleus guttatus,Hypoedaleus guttatus,Hypoedaleus guttatus,Hypoedaleus guttatus,Hypoedaleus guttatus,Hypoedaleus guttatus,Hypoedaleus guttatus,Leptotila verreauxi,Hypoedaleus guttatus,Hypoedaleus guttatus,Hypoedaleus guttatus,Hypoedaleus guttatus,Hypoedaleus,Thamnophilidae,3,Medio
3767,Hypoedaleus guttatus,Hypoedaleus guttatus,Hypoedaleus guttatus,Hypoedaleus guttatus,Hypoedaleus guttatus,Hypoedaleus guttatus,Hypoedaleus guttatus,Hypoedaleus guttatus,Hypoedaleus guttatus,Hypoedaleus guttatus,Hypoedaleus guttatus,Hypoedaleus guttatus,Hypoedaleus,Thamnophilidae,3,Medio
3768,Hypoedaleus guttatus,Hypoedaleus guttatus,Hypoedaleus guttatus,Notharchus swainsoni,Hypoedaleus guttatus,Hypoedaleus guttatus,Hypoedaleus guttatus,Hypoedaleus guttatus,Hypoedaleus guttatus,Hypoedaleus guttatus,Hypoedaleus guttatus,Hypoedaleus guttatus,Hypoedaleus,Thamnophilidae,3,Medio
3769,Hypoedaleus guttatus,Hypoedaleus guttatus,Mackenziaena leachii,Hypoedaleus guttatus,Hypoedaleus guttatus,Hypoedaleus guttatus,Hypoedaleus guttatus,Hypoedaleus guttatus,Mackenziaena leachii,Mackenziaena leachii,Mackenziaena leachii,Hypoedaleus guttatus,Hypoedaleus,Thamnophilidae,3,Medio
3771,Hypoedaleus guttatus,Hypoedaleus guttatus,Hypoedaleus guttatus,Hypoedaleus guttatus,Hypoedaleus guttatus,Hypoedaleus guttatus,Hypoedaleus guttatus,Hypoedaleus guttatus,Hypoedaleus guttatus,Hypoedaleus guttatus,Hypoedaleus guttatus,Hypoedaleus guttatus,Hypoedaleus,Thamnophilidae,3,Medio
3772,Hypoedaleus guttatus,Hypoedaleus guttatus,Hypoedaleus guttatus,Hypoedaleus guttatus,Hypoedaleus guttatus,Hypoedaleus guttatus,Hypoedaleus guttatus,Hypoedaleus guttatus,Hypoedaleus guttatus,Hypoedaleus guttatus,Hypoedaleus guttatus,Hypoedaleus guttatus,Hypoedaleus,Thamnophilidae,3,Medio
3773,Hypoedaleus guttatus,Hypoedaleus guttatus,Hypoedaleus guttatus,Hypoedaleus guttatus,Hypoedaleus guttatus,Hypoedaleus guttatus,Hypoedaleus guttatus,Hypoedaleus guttatus,Hypoedaleus guttatus,Hypoedaleus guttatus,Hypoedaleus guttatus,Hypoedaleus guttatus,Hypoedaleus,Thamnophilidae,3,Medio
3774,Hypoedaleus guttatus,Hypoedaleus guttatus,Hypoedaleus guttatus,Hypoedaleus guttatus,Hypoedaleus guttatus,Hypoedaleus guttatus,Hypoedaleus guttatus,Hypoedaleus guttatus,Hypoedaleus guttatus,Hypoedaleus guttatus,Hypoedaleus guttatus,Hypoedaleus guttatus,Hypoedaleus,Thamnophilidae,3,Medio
3775,Hypoedaleus guttatus,Hypoedaleus guttatus,Hypoedaleus guttatus,Hypoedaleus guttatus,Hypoedaleus guttatus,Hypoedaleus guttatus,Hypoedaleus guttatus,Hypoedaleus guttatus,Hypoedaleus guttatus,Hypoedaleus guttatus,Hypoedaleus guttatus,Hypoedaleus guttatus,Hypoedaleus,Thamnophilidae,3,Medio
3776,Hypoedaleus guttatus,Hypoedaleus guttatus,Hypoedaleus guttatus,Hypoedaleus guttatus,Hypoedaleus guttatus,Hypoedaleus guttatus,Hypoedaleus guttatus,Hypoedaleus guttatus,Hypoedaleus guttatus,Hypoedaleus guttatus,Hypoedaleus guttatus,Hypoedaleus guttatus,Hypoedaleus,Thamnophilidae,3,Medio
3777,Hypoedaleus guttatus,Hypoedaleus guttatus,Hypoedaleus guttatus,Hypoedaleus guttatus,Hypoedaleus guttatus,Hypoedaleus guttatus,Hypoedaleus guttatus,Hypoedaleus guttatus,Hypoedaleus guttatus,Hypoedaleus guttatus,Hypoedaleus guttatus,Hypoedaleus guttatus,Hypoedaleus,Thamnophilidae,3,Medio
3778,Hypoedaleus guttatus,Hypoedaleus guttatus,Mackenziaena leachii,Hypoedaleus guttatus,Hypoedaleus guttatus,Hypoedaleus guttatus,Hypoedaleus guttatus,Hypoedaleus guttatus,Mackenziaena leachii,Mackenziaena leachii,Mackenziaena leachii,Hypoedaleus guttatus,Hypoedaleus,Thamnophilidae,3,Medio
3779,Hypoedaleus guttatus,Hypoedaleus guttatus,Hypoedaleus guttatus,Hypoedaleus guttatus,Hypoedaleus guttatus,Hypoedaleus guttatus,Hypoedaleus guttatus,Hypoedaleus guttatus,Hypoedaleus guttatus,Hypoedaleus guttatus,Hypoedaleus guttatus,Hypoedaleus guttatus,Hypoedaleus,Thamnophilidae,3,Medio
3780,Hypoedaleus guttatus,Hypoedaleus guttatus,Hypoedaleus guttatus,Hypoedaleus guttatus,Hypoedaleus guttatus,Hypoedaleus guttatus,Hypoedaleus guttatus,Hypoedaleus guttatus,Hypoedaleus guttatus,Hypoedaleus guttatus,Hypoedaleus guttatus,Hypoedaleus guttatus,Hypoedaleus,Thamnophilidae,3,Medio
3781,Hypoedaleus guttatus,Hypoedaleus guttatus,Hypoedaleus guttatus,Hypoedaleus guttatus,Hypoedaleus guttatus,Hypoedaleus guttatus,Hypoedaleus guttatus,Hypoedaleus guttatus,Hypoedaleus guttatus,Hypoedaleus guttatus,Hypoedaleus guttatus,Hypoedaleus guttatus,Hypoedaleus,Thamnophilidae,3,Medio
3782,Hypoedaleus guttatus,Hypoedaleus guttatus,Hypoedaleus guttatus,Hypoedaleus guttatus,Hypoedaleus guttatus,Hypoedaleus guttatus,Hypoedaleus guttatus,Hypoedaleus guttatus,Hypoedaleus guttatus,Hypoedaleus guttatus,Hypoedaleus guttatus,Hypoedaleus guttatus,Hypoedaleus,Thamnophilidae,3,Medio
3783,Hypoedaleus guttatus,Hypoedaleus guttatus,Hypoedaleus guttatus,Hypoedaleus guttatus,Hypoedaleus guttatus,Hypoedaleus guttatus,Hypoedaleus guttatus,Hypoedaleus guttatus,Hypoedaleus guttatus,Hypoedaleus guttatus,Hypoedaleus guttatus,Hypoedaleus guttatus,Hypoedaleus,Thamnophilidae,3,Medio
3784,Hypoedaleus guttatus,Hypoedaleus guttatus,Hypoedaleus guttatus,Hypoedaleus guttatus,Hypoedaleus guttatus,Hypoedaleus guttatus,Hypoedaleus guttatus,Hypoedaleus guttatus,Hypoedaleus guttatus,Hypoedaleus guttatus,Hypoedaleus guttatus,Hypoedaleus guttatus,Hypoedaleus,Thamnophilidae,3,Medio
3788,Hypoedaleus guttatus,Hypoedaleus guttatus,Hypoedaleus guttatus,Hypoedaleus guttatus,Hypoedaleus guttatus,Hypoedaleus guttatus,Hypoedaleus guttatus,Hypoedaleus guttatus,Hypoedaleus guttatus,Hypoedaleus guttatus,Hypoedaleus guttatus,Hypoedaleus guttatus,Hypoedaleus,Thamnophilidae,3,Medio
3789,Hypoedaleus guttatus,Hypoedaleus guttatus,Hypoedaleus guttatus,Hypoedaleus guttatus,Hypoedaleus guttatus,Hypoedaleus guttatus,Hypoedaleus guttatus,Hypoedaleus guttatus,Hypoedaleus guttatus,Hypoedaleus guttatus,Hypoedaleus guttatus,Hypoedaleus guttatus,Hypoedaleus,Thamnophilidae,3,Medio
3790,Hypoedaleus guttatus,Hypoedaleus guttatus,Hypoedaleus guttatus,Hypoedaleus guttatus,Hypoedaleus guttatus,Hypoedaleus guttatus,Hypoedaleus guttatus,Hypoedaleus guttatus,Hypoedaleus guttatus,Hypoedaleus guttatus,Hypoedaleus guttatus,Hypoedaleus guttatus,Hypoedaleus,Thamnophilidae,3,Medio
3791,Hypoedaleus guttatus,Hypoedaleus guttatus,Hypoedaleus guttatus,Hypoedaleus guttatus,Hypoedaleus guttatus,Hypoedaleus guttatus,Hypoedaleus guttatus,Hypoedaleus guttatus,Hypoedaleus guttatus,Hypoedaleus guttatus,Hypoedaleus guttatus,Hypoedaleus guttatus,Hypoedaleus,Thamnophilidae,3,Medio
3792,Hypoedaleus guttatus,Hypoedaleus guttatus,Hypoedaleus guttatus,Hypoedaleus guttatus,Hypoedaleus guttatus,Hypoedaleus guttatus,Hypoedaleus guttatus,Hypoedaleus guttatus,Hypoedaleus guttatus,Hypoedaleus guttatus,Hypoedaleus guttatus,Hypoedaleus guttatus,Hypoedaleus,Thamnophilidae,3,Medio
3793,Hypoedaleus guttatus,Hypoedaleus guttatus,Hypoedaleus guttatus,Hypoedaleus guttatus,Hypoedaleus guttatus,Hypoedaleus guttatus,Hypoedaleus guttatus,Hypoedaleus guttatus,Hypoedaleus guttatus,Hypoedaleus guttatus,Hypoedaleus guttatus,Hypoedaleus guttatus,Hypoedaleus,Thamnophilidae,3,Medio
3795,Hypoedaleus guttatus,Hypoedaleus guttatus,Hypoedaleus guttatus,Hypoedaleus guttatus,Hypoedaleus guttatus,Hypoedaleus guttatus,Hypoedaleus guttatus,Notharchus swainsoni,Hypoedaleus guttatus,Hypoedaleus guttatus,Hypoedaleus guttatus,Hypoedaleus guttatus,Hypoedaleus,Thamnophilidae,3,Medio
3796,Hypoedaleus guttatus,Hypoedaleus guttatus,Hypoedaleus guttatus,Hypoedaleus guttatus,Hypoedaleus guttatus,Hypoedaleus guttatus,Hypoedaleus guttatus,Hypoedaleus guttatus,Hypoedaleus guttatus,Hypoedaleus guttatus,Hypoedaleus guttatus,Hypoedaleus guttatus,Hypoedaleus,Thamnophilidae,3,Medio
3797,Hypoedaleus guttatus,Nyctidromus albicollis,Synallaxis ruficapilla,Hypoedaleus guttatus,Hypoedaleus guttatus,Hypoedaleus guttatus,Hydropsalis torquata,Cyanocorax chrysops,Synallaxis ruficapilla,Synallaxis ruficapilla,Synallaxis ruficapilla,Hypoedaleus guttatus,Hypoedaleus,Thamnophilidae,3,Medio
3799,Hypoedaleus guttatus,Hypoedaleus guttatus,Hypoedaleus guttatus,Hypoedaleus guttatus,Hypoedaleus guttatus,Hypoedaleus guttatus,Hypoedaleus guttatus,Hypoedaleus guttatus,Hypoedaleus guttatus,Hypoedaleus guttatus,Hypoedaleus guttatus,Hypoedaleus guttatus,Hypoedaleus,Thamnophilidae,3,Medio
3800,Hypoedaleus guttatus,Hypoedaleus guttatus,Hypoedaleus guttatus,Hypoedaleus guttatus,Hypoedaleus guttatus,Hypoedaleus guttatus,Hypoedaleus guttatus,Hypoedaleus guttatus,Hypoedaleus guttatus,Hypoedaleus guttatus,Hypoedaleus guttatus,Hypoedaleus guttatus,Hypoedaleus,Thamnophilidae,3,Medio
3801,Hypoedaleus guttatus,Hypoedaleus guttatus,Hypoedaleus guttatus,Hypoedaleus guttatus,Hypoedaleus guttatus,Hypoedaleus guttatus,Hypoedaleus guttatus,Hypoedaleus guttatus,Hypoedaleus guttatus,Hypoedaleus guttatus,Hypoedaleus guttatus,Hypoedaleus guttatus,Hypoedaleus,Thamnophilidae,3,Medio
3803,Hypoedaleus guttatus,Hypoedaleus guttatus,Synallaxis ruficapilla,Hypoedaleus guttatus,Hypoedaleus guttatus,Hypoedaleus guttatus,Hydropsalis torquata,Hypoedaleus guttatus,Synallaxis ruficapilla,Synallaxis ruficapilla,Synallaxis ruficapilla,Hypoedaleus guttatus,Hypoedaleus,Thamnophilidae,3,Medio
3804,Hypoedaleus guttatus,Hypoedaleus guttatus,Hypoedaleus guttatus,Hypoedaleus guttatus,Hypoedaleus guttatus,Hypoedaleus guttatus,Hypoedaleus guttatus,Hypoedaleus guttatus,Hypoedaleus guttatus,Hypoedaleus guttatus,Hypoedaleus guttatus,Hypoedaleus guttatus,Hypoedaleus,Thamnophilidae,3,Medio
3805,Hypoedaleus guttatus,Turdus rufiventris,Hypoedaleus guttatus,Aramides saracura,Hypoedaleus guttatus,Hypoedaleus guttatus,Hypoedaleus guttatus,Hypoedaleus guttatus,Hypoedaleus guttatus,Hypoedaleus guttatus,Hypoedaleus guttatus,Turdus rufiventris,Hypoedaleus,Thamnophilidae,3,Medio
3808,Hypoedaleus guttatus,Hypoedaleus guttatus,Hypoedaleus guttatus,Hypoedaleus guttatus,Hypoedaleus guttatus,Hypoedaleus guttatus,Hypoedaleus guttatus,Hypoedaleus guttatus,Hypoedaleus guttatus,Hypoedaleus guttatus,Hypoedaleus guttatus,Hypoedaleus guttatus,Hypoedaleus,Thamnophilidae,3,Medio
3809,Hypoedaleus guttatus,Hypoedaleus guttatus,Hypoedaleus guttatus,Hypoedaleus guttatus,Hypoedaleus guttatus,Notharchus swainsoni,Hypoedaleus guttatus,Hypoedaleus guttatus,Hypoedaleus guttatus,Hypoedaleus guttatus,Hypoedaleus guttatus,Hypoedaleus guttatus,Hypoedaleus,Thamnophilidae,3,Medio
3810,Hypoedaleus guttatus,Hypoedaleus guttatus,Hypoedaleus guttatus,Hypoedaleus guttatus,Hypoedaleus guttatus,Hypoedaleus guttatus,Hypoedaleus guttatus,Hypoedaleus guttatus,Hypoedaleus guttatus,Hypoedaleus guttatus,Hypoedaleus guttatus,Hypoedaleus guttatus,Hypoedaleus,Thamnophilidae,3,Medio
3811,Hypoedaleus guttatus,Hypoedaleus guttatus,Hypoedaleus guttatus,Hypoedaleus guttatus,Hypoedaleus guttatus,Hypoedaleus guttatus,Hypoedaleus guttatus,Hypoedaleus guttatus,Hypoedaleus guttatus,Hypoedaleus guttatus,Hypoedaleus guttatus,Hypoedaleus guttatus,Hypoedaleus,Thamnophilidae,3,Medio
3812,Hypoedaleus guttatus,Hypoedaleus guttatus,Hypoedaleus guttatus,Hypoedaleus guttatus,Hypoedaleus guttatus,Hypoedaleus guttatus,Hypoedaleus guttatus,Hypoedaleus guttatus,Hypoedaleus guttatus,Hypoedaleus guttatus,Hypoedaleus guttatus,Hypoedaleus guttatus,Hypoedaleus,Thamnophilidae,3,Medio
3813,Hypoedaleus guttatus,Hypoedaleus guttatus,Hypoedaleus guttatus,Hypoedaleus guttatus,Hypoedaleus guttatus,Hypoedaleus guttatus,Hypoedaleus guttatus,Hypoedaleus guttatus,Hypoedaleus guttatus,Hypoedaleus guttatus,Hypoedaleus guttatus,Hypoedaleus guttatus,Hypoedaleus,Thamnophilidae,3,Medio
3814,Hypoedaleus guttatus,Hypoedaleus guttatus,Hypoedaleus guttatus,Hypoedaleus guttatus,Hypoedaleus guttatus,Hypoedaleus guttatus,Hypoedaleus guttatus,Hypoedaleus guttatus,Hypoedaleus guttatus,Hypoedaleus guttatus,Hypoedaleus guttatus,Hypoedaleus guttatus,Hypoedaleus,Thamnophilidae,3,Medio
3815,Hypoedaleus guttatus,Hypoedaleus guttatus,Hypoedaleus guttatus,Hypoedaleus guttatus,Hypoedaleus guttatus,Hypoedaleus guttatus,Hypoedaleus guttatus,Hypoedaleus guttatus,Hypoedaleus guttatus,Hypoedaleus guttatus,Hypoedaleus guttatus,Hypoedaleus guttatus,Hypoedaleus,Thamnophilidae,3,Medio
3818,Hypoedaleus guttatus,Hypoedaleus guttatus,Hypoedaleus guttatus,Hypoedaleus guttatus,Hypoedaleus guttatus,Hypoedaleus guttatus,Hypoedaleus guttatus,Hypoedaleus guttatus,Hypoedaleus guttatus,Hypoedaleus guttatus,Hypoedaleus guttatus,Hypoedaleus guttatus,Hypoedaleus,Thamnophilidae,3,Medio
3819,Hypoedaleus guttatus,Hypoedaleus guttatus,Hypoedaleus guttatus,Hypoedaleus guttatus,Hypoedaleus guttatus,Hypoedaleus guttatus,Hypoedaleus guttatus,Hypoedaleus guttatus,Hypoedaleus guttatus,Hypoedaleus guttatus,Hypoedaleus guttatus,Hypoedaleus guttatus,Hypoedaleus,Thamnophilidae,3,Medio
3820,Hypoedaleus guttatus,Hypoedaleus guttatus,Hypoedaleus guttatus,Hypoedaleus guttatus,Hypoedaleus guttatus,Hypoedaleus guttatus,Hypoedaleus guttatus,Hypoedaleus guttatus,Hypoedaleus guttatus,Hypoedaleus guttatus,Hypoedaleus guttatus,Hypoedaleus guttatus,Hypoedaleus,Thamnophilidae,3,Medio
3821,Hypoedaleus guttatus,Hypoedaleus guttatus,Hypoedaleus guttatus,Hypoedaleus guttatus,Hypoedaleus guttatus,Hypoedaleus guttatus,Hypoedaleus guttatus,Hypoedaleus guttatus,Hypoedaleus guttatus,Hypoedaleus guttatus,Hypoedaleus guttatus,Hypoedaleus guttatus,Hypoedaleus,Thamnophilidae,3,Medio
3823,Hypoedaleus guttatus,Hypoedaleus guttatus,Hypoedaleus guttatus,Hypoedaleus guttatus,Hypoedaleus guttatus,Hypoedaleus guttatus,Hypoedaleus guttatus,Hypoedaleus guttatus,Hypoedaleus guttatus,Hypoedaleus guttatus,Hypoedaleus guttatus,Hypoedaleus guttatus,Hypoedaleus,Thamnophilidae,3,Medio
3824,Hypoedaleus guttatus,Hypoedaleus guttatus,Hypoedaleus guttatus,Hypoedaleus guttatus,Hypoedaleus guttatus,Hypoedaleus guttatus,Hypoedaleus guttatus,Hypoedaleus guttatus,Hypoedaleus guttatus,Hypoedaleus guttatus,Hypoedaleus guttatus,Hypoedaleus guttatus,Hypoedaleus,Thamnophilidae,3,Medio
3825,Hypoedaleus guttatus,Hypoedaleus guttatus,Hypoedaleus guttatus,Hypoedaleus guttatus,Hypoedaleus guttatus,Hypoedaleus guttatus,Hypoedaleus guttatus,Hypoedaleus guttatus,Hypoedaleus guttatus,Hypoedaleus guttatus,Hypoedaleus guttatus,Hypoedaleus guttatus,Hypoedaleus,Thamnophilidae,3,Medio
3826,Hypoedaleus guttatus,Hypoedaleus guttatus,Hypoedaleus guttatus,Hypoedaleus guttatus,Hypoedaleus guttatus,Hypoedaleus guttatus,Hypoedaleus guttatus,Hypoedaleus guttatus,Hypoedaleus guttatus,Hypoedaleus guttatus,Hypoedaleus guttatus,Hypoedaleus guttatus,Hypoedaleus,Thamnophilidae,3,Medio
3827,Hypoedaleus guttatus,Hypoedaleus guttatus,Hypoedaleus guttatus,Hypoedaleus guttatus,Hypoedaleus guttatus,Hypoedaleus guttatus,Hypoedaleus guttatus,Hypoedaleus guttatus,Hypoedaleus guttatus,Hypoedaleus guttatus,Hypoedaleus guttatus,Hypoedaleus guttatus,Hypoedaleus,Thamnophilidae,3,Medio
3829,Hypoedaleus guttatus,Hypoedaleus guttatus,Myiothlypis leucoblephara,Hypoedaleus guttatus,Hypoedaleus guttatus,Hypoedaleus guttatus,Hypoedaleus guttatus,Myiothlypis leucoblephara,Myiothlypis leucoblephara,Myiothlypis leucoblephara,Myiothlypis leucoblephara,Hypoedaleus guttatus,Hypoedaleus,Thamnophilidae,3,Medio
3830,Hypoedaleus guttatus,Hypoedaleus guttatus,Hypoedaleus guttatus,Hypoedaleus guttatus,Hypoedaleus guttatus,Hypoedaleus guttatus,Hypoedaleus guttatus,Hypoedaleus guttatus,Hypoedaleus guttatus,Hypoedaleus guttatus,Hypoedaleus guttatus,Hypoedaleus guttatus,Hypoedaleus,Thamnophilidae,3,Medio
3831,Mackenziaena leachii,Mackenziaena leachii,Mackenziaena leachii,Mackenziaena leachii,Mackenziaena leachii,Mackenziaena leachii,Mackenziaena leachii,Mackenziaena leachii,Mackenziaena leachii,Mackenziaena leachii,Mackenziaena leachii,Mackenziaena leachii,Mackenziaena,Thamnophilidae,3,Medio
3832,Mackenziaena leachii,Mackenziaena leachii,Mackenziaena leachii,Mackenziaena leachii,Mackenziaena leachii,Mackenziaena leachii,Mackenziaena leachii,Mackenziaena leachii,Mackenziaena leachii,Mackenziaena leachii,Mackenziaena leachii,Mackenziaena leachii,Mackenziaena,Thamnophilidae,3,Medio
3833,Mackenziaena leachii,Mackenziaena leachii,Mackenziaena leachii,Mackenziaena leachii,Mackenziaena leachii,Mackenziaena leachii,Mackenziaena leachii,Mackenziaena leachii,Mackenziaena leachii,Mackenziaena leachii,Mackenziaena leachii,Mackenziaena leachii,Mackenziaena,Thamnophilidae,3,Medio
3835,Mackenziaena leachii,Mackenziaena leachii,Mackenziaena leachii,Mackenziaena leachii,Mackenziaena leachii,Mackenziaena leachii,Mackenziaena leachii,Mackenziaena leachii,Mackenziaena leachii,Mackenziaena leachii,Mackenziaena leachii,Mackenziaena leachii,Mackenziaena,Thamnophilidae,3,Medio
3836,Mackenziaena leachii,Mackenziaena leachii,Mackenziaena leachii,Hypoedaleus guttatus,Mackenziaena leachii,Mackenziaena leachii,Mackenziaena severa,Mackenziaena leachii,Mackenziaena leachii,Mackenziaena leachii,Mackenziaena leachii,Mackenziaena leachii,Mackenziaena,Thamnophilidae,3,Medio
3837,Mackenziaena leachii,Mackenziaena leachii,Mackenziaena leachii,Mackenziaena leachii,Mackenziaena leachii,Mackenziaena leachii,Mackenziaena leachii,Mackenziaena leachii,Mackenziaena leachii,Mackenziaena leachii,Mackenziaena leachii,Mackenziaena leachii,Mackenziaena,Thamnophilidae,3,Medio
3838,Mackenziaena leachii,Mackenziaena leachii,Mackenziaena leachii,Mackenziaena leachii,Mackenziaena leachii,Mackenziaena leachii,Mackenziaena leachii,Mackenziaena leachii,Mackenziaena leachii,Mackenziaena leachii,Mackenziaena leachii,Mackenziaena leachii,Mackenziaena,Thamnophilidae,3,Medio
3839,Mackenziaena leachii,Mackenziaena leachii,Mackenziaena leachii,Mackenziaena leachii,Mackenziaena leachii,Mackenziaena leachii,Mackenziaena severa,Mackenziaena leachii,Mackenziaena leachii,Mackenziaena leachii,Mackenziaena leachii,Mackenziaena leachii,Mackenziaena,Thamnophilidae,3,Medio
3840,Mackenziaena leachii,Mackenziaena leachii,Mackenziaena leachii,Mackenziaena leachii,Mackenziaena leachii,Mackenziaena leachii,Mackenziaena leachii,Mackenziaena leachii,Mackenziaena leachii,Mackenziaena leachii,Mackenziaena leachii,Mackenziaena leachii,Mackenziaena,Thamnophilidae,3,Medio
3841,Mackenziaena leachii,Mackenziaena leachii,Mackenziaena leachii,Mackenziaena leachii,Mackenziaena leachii,Mackenziaena leachii,Hypoedaleus guttatus,Mackenziaena leachii,Mackenziaena leachii,Mackenziaena leachii,Mackenziaena leachii,Mackenziaena leachii,Mackenziaena,Thamnophilidae,3,Medio
3842,Mackenziaena leachii,Mackenziaena leachii,Mackenziaena leachii,Mackenziaena leachii,Mackenziaena leachii,Mackenziaena leachii,Mackenziaena leachii,Mackenziaena leachii,Mackenziaena leachii,Mackenziaena leachii,Mackenziaena leachii,Mackenziaena leachii,Mackenziaena,Thamnophilidae,3,Medio
3843,Mackenziaena leachii,Mackenziaena leachii,Mackenziaena leachii,Mackenziaena leachii,Mackenziaena leachii,Mackenziaena leachii,Mackenziaena leachii,Mackenziaena leachii,Mackenziaena leachii,Mackenziaena leachii,Mackenziaena leachii,Mackenziaena leachii,Mackenziaena,Thamnophilidae,3,Medio
3845,Mackenziaena leachii,Mackenziaena leachii,Mackenziaena leachii,Mackenziaena leachii,Mackenziaena leachii,Mackenziaena leachii,Hypoedaleus guttatus,Mackenziaena leachii,Mackenziaena leachii,Mackenziaena leachii,Mackenziaena leachii,Mackenziaena leachii,Mackenziaena,Thamnophilidae,3,Medio
3846,Mackenziaena leachii,Mackenziaena leachii,Mackenziaena leachii,Hypoedaleus guttatus,Hypoedaleus guttatus,Mackenziaena leachii,Hypoedaleus guttatus,Hypoedaleus guttatus,Mackenziaena leachii,Mackenziaena leachii,Mackenziaena leachii,Mackenziaena leachii,Mackenziaena,Thamnophilidae,3,Medio
3847,Mackenziaena leachii,Tachyphonus coronatus,Mackenziaena leachii,Cyanoloxia brissonii,Tachyphonus coronatus,Mackenziaena leachii,Tachyphonus coronatus,Cyanoloxia brissonii,Mackenziaena leachii,Mackenziaena leachii,Mackenziaena leachii,Tachyphonus coronatus,Mackenziaena,Thamnophilidae,3,Medio
3848,Mackenziaena leachii,Mackenziaena leachii,Mackenziaena leachii,Mackenziaena leachii,Mackenziaena leachii,Mackenziaena leachii,Hypoedaleus guttatus,Hypoedaleus guttatus,Mackenziaena leachii,Mackenziaena leachii,Mackenziaena leachii,Mackenziaena leachii,Mackenziaena,Thamnophilidae,3,Medio
3849,Mackenziaena leachii,Mackenziaena leachii,Mackenziaena leachii,Mackenziaena leachii,Mackenziaena leachii,Mackenziaena leachii,Mackenziaena leachii,Mackenziaena leachii,Mackenziaena leachii,Mackenziaena leachii,Mackenziaena leachii,Mackenziaena leachii,Mackenziaena,Thamnophilidae,3,Medio
3850,Mackenziaena leachii,Mackenziaena leachii,Hypoedaleus guttatus,Mackenziaena leachii,Mackenziaena leachii,Mackenziaena leachii,Hypoedaleus guttatus,Mackenziaena leachii,Hypoedaleus guttatus,Hypoedaleus guttatus,Hypoedaleus guttatus,Mackenziaena leachii,Mackenziaena,Thamnophilidae,3,Medio
3851,Mackenziaena leachii,Mackenziaena leachii,Mackenziaena leachii,Mackenziaena leachii,Mackenziaena leachii,Mackenziaena leachii,Hypoedaleus guttatus,Mackenziaena leachii,Mackenziaena leachii,Mackenziaena leachii,Mackenziaena leachii,Mackenziaena leachii,Mackenziaena,Thamnophilidae,3,Medio
3853,Mackenziaena leachii,Mackenziaena leachii,Mackenziaena leachii,Mackenziaena leachii,Mackenziaena leachii,Mackenziaena leachii,Mackenziaena leachii,Mackenziaena leachii,Mackenziaena leachii,Mackenziaena leachii,Mackenziaena leachii,Mackenziaena leachii,Mackenziaena,Thamnophilidae,3,Medio
3854,Mackenziaena leachii,Mackenziaena leachii,Mackenziaena leachii,Mackenziaena leachii,Mackenziaena leachii,Mackenziaena leachii,Mackenziaena leachii,Mackenziaena leachii,Mackenziaena leachii,Mackenziaena leachii,Mackenziaena leachii,Mackenziaena leachii,Mackenziaena,Thamnophilidae,3,Medio
3855,Mackenziaena leachii,Mackenziaena leachii,Mackenziaena leachii,Mackenziaena leachii,Mackenziaena leachii,Mackenziaena leachii,Mackenziaena leachii,Mackenziaena leachii,Mackenziaena leachii,Mackenziaena leachii,Mackenziaena leachii,Mackenziaena leachii,Mackenziaena,Thamnophilidae,3,Medio
3856,Mackenziaena leachii,Mackenziaena leachii,Mackenziaena leachii,Mackenziaena leachii,Mackenziaena leachii,Mackenziaena leachii,Mackenziaena severa,Mackenziaena leachii,Mackenziaena leachii,Mackenziaena leachii,Mackenziaena leachii,Mackenziaena leachii,Mackenziaena,Thamnophilidae,3,Medio
3857,Mackenziaena leachii,Mackenziaena leachii,Mackenziaena leachii,Mackenziaena leachii,Mackenziaena leachii,Mackenziaena leachii,Mackenziaena leachii,Mackenziaena leachii,Mackenziaena leachii,Mackenziaena leachii,Mackenziaena leachii,Mackenziaena leachii,Mackenziaena,Thamnophilidae,3,Medio
3858,Mackenziaena leachii,Mackenziaena leachii,Mackenziaena leachii,Mackenziaena leachii,Mackenziaena leachii,Mackenziaena leachii,Mackenziaena leachii,Mackenziaena leachii,Mackenziaena leachii,Mackenziaena leachii,Mackenziaena leachii,Mackenziaena leachii,Mackenziaena,Thamnophilidae,3,Medio
3859,Mackenziaena leachii,Mackenziaena severa,Mackenziaena severa,Mackenziaena severa,Mackenziaena severa,Mackenziaena severa,Mackenziaena severa,Mackenziaena severa,Mackenziaena severa,Mackenziaena severa,Mackenziaena severa,Mackenziaena severa,Mackenziaena,Thamnophilidae,3,Medio
3863,Mackenziaena leachii,Mackenziaena leachii,Mackenziaena leachii,Mackenziaena leachii,Mackenziaena leachii,Mackenziaena leachii,Hypoedaleus guttatus,Mackenziaena leachii,Mackenziaena leachii,Mackenziaena leachii,Mackenziaena leachii,Mackenziaena leachii,Mackenziaena,Thamnophilidae,3,Medio
3864,Mackenziaena leachii,Mackenziaena leachii,Mackenziaena leachii,Mackenziaena leachii,Mackenziaena leachii,Mackenziaena leachii,Mackenziaena leachii,Mackenziaena leachii,Mackenziaena leachii,Mackenziaena leachii,Mackenziaena leachii,Mackenziaena leachii,Mackenziaena,Thamnophilidae,3,Medio
3865,Mackenziaena leachii,Mackenziaena leachii,Mackenziaena leachii,Mackenziaena leachii,Mackenziaena leachii,Mackenziaena leachii,Mackenziaena leachii,Mackenziaena leachii,Mackenziaena leachii,Mackenziaena leachii,Mackenziaena leachii,Mackenziaena leachii,Mackenziaena,Thamnophilidae,3,Medio
3867,Mackenziaena leachii,Mackenziaena leachii,Mackenziaena leachii,Mackenziaena leachii,Mackenziaena leachii,Mackenziaena leachii,Mackenziaena leachii,Mackenziaena leachii,Mackenziaena leachii,Mackenziaena leachii,Mackenziaena leachii,Mackenziaena leachii,Mackenziaena,Thamnophilidae,3,Medio
3868,Mackenziaena leachii,Mackenziaena leachii,Mackenziaena leachii,Mackenziaena leachii,Mackenziaena leachii,Mackenziaena leachii,Tachyphonus coronatus,Cyanoloxia brissonii,Mackenziaena leachii,Mackenziaena leachii,Mackenziaena leachii,Mackenziaena leachii,Mackenziaena,Thamnophilidae,3,Medio
3869,Mackenziaena severa,Mackenziaena severa,Mackenziaena severa,Mackenziaena severa,Mackenziaena severa,Mackenziaena severa,Mackenziaena severa,Celeus galeatus,Mackenziaena severa,Mackenziaena severa,Mackenziaena severa,Mackenziaena severa,Mackenziaena,Thamnophilidae,3,Medio
3870,Mackenziaena severa,Mackenziaena severa,Mackenziaena severa,Mackenziaena severa,Mackenziaena severa,Mackenziaena severa,Mackenziaena severa,Mackenziaena severa,Mackenziaena severa,Mackenziaena severa,Mackenziaena severa,Mackenziaena severa,Mackenziaena,Thamnophilidae,3,Medio
3871,Mackenziaena severa,Mackenziaena severa,Mackenziaena severa,Mackenziaena severa,Mackenziaena severa,Mackenziaena severa,Mackenziaena severa,Mackenziaena severa,Mackenziaena severa,Mackenziaena severa,Mackenziaena severa,Mackenziaena severa,Mackenziaena,Thamnophilidae,3,Medio
3873,Mackenziaena severa,Mackenziaena severa,Mackenziaena severa,Mackenziaena severa,Mackenziaena severa,Mackenziaena severa,Mackenziaena severa,Mackenziaena severa,Mackenziaena severa,Mackenziaena severa,Mackenziaena severa,Mackenziaena severa,Mackenziaena,Thamnophilidae,3,Medio
3874,Mackenziaena severa,Mackenziaena severa,Mackenziaena severa,Mackenziaena severa,Mackenziaena severa,Mackenziaena severa,Mackenziaena severa,Mackenziaena severa,Mackenziaena severa,Mackenziaena severa,Mackenziaena severa,Mackenziaena severa,Mackenziaena,Thamnophilidae,3,Medio
3875,Mackenziaena severa,Mackenziaena severa,Mackenziaena severa,Mackenziaena severa,Mackenziaena severa,Mackenziaena severa,Mackenziaena severa,Mackenziaena severa,Mackenziaena severa,Mackenziaena severa,Mackenziaena severa,Mackenziaena severa,Mackenziaena,Thamnophilidae,3,Medio
3876,Mackenziaena severa,Hypoedaleus guttatus,Mackenziaena severa,Mackenziaena severa,Mackenziaena severa,Mackenziaena severa,Hypoedaleus guttatus,Pyriglena leucoptera,Mackenziaena severa,Mackenziaena severa,Mackenziaena severa,Hypoedaleus guttatus,Mackenziaena,Thamnophilidae,3,Medio
3877,Mackenziaena severa,Mackenziaena severa,Mackenziaena severa,Mackenziaena severa,Mackenziaena severa,Mackenziaena severa,Mackenziaena severa,Mackenziaena severa,Mackenziaena severa,Mackenziaena severa,Mackenziaena severa,Mackenziaena severa,Mackenziaena,Thamnophilidae,3,Medio
3878,Mackenziaena severa,Mackenziaena severa,Mackenziaena severa,Mackenziaena severa,Mackenziaena severa,Mackenziaena severa,Mackenziaena severa,Mackenziaena severa,Mackenziaena severa,Mackenziaena severa,Mackenziaena severa,Mackenziaena severa,Mackenziaena,Thamnophilidae,3,Medio
3879,Mackenziaena severa,Mackenziaena severa,Mackenziaena severa,Mackenziaena severa,Mackenziaena severa,Mackenziaena severa,Mackenziaena severa,Mackenziaena severa,Mackenziaena severa,Mackenziaena severa,Mackenziaena severa,Mackenziaena severa,Mackenziaena,Thamnophilidae,3,Medio
3881,Mackenziaena severa,Mackenziaena severa,Mackenziaena severa,Mackenziaena severa,Mackenziaena severa,Mackenziaena severa,Mackenziaena severa,Mackenziaena severa,Mackenziaena severa,Mackenziaena severa,Mackenziaena severa,Mackenziaena severa,Mackenziaena,Thamnophilidae,3,Medio
3882,Mackenziaena severa,Mackenziaena severa,Mackenziaena severa,Mackenziaena severa,Mackenziaena severa,Mackenziaena severa,Mackenziaena severa,Mackenziaena severa,Mackenziaena severa,Mackenziaena severa,Mackenziaena severa,Mackenziaena severa,Mackenziaena,Thamnophilidae,3,Medio
3883,Mackenziaena severa,Pyriglena leucoptera,Penelope superciliaris,Conopophaga lineata,Conopophaga lineata,Odontophorus capueira,Myiothlypis leucoblephara,Myiothlypis leucoblephara,Penelope superciliaris,Penelope superciliaris,Penelope superciliaris,Pyriglena leucoptera,Mackenziaena,Thamnophilidae,3,Medio
3886,Mackenziaena severa,Mackenziaena severa,Mackenziaena severa,Mackenziaena severa,Mackenziaena severa,Mackenziaena severa,Mackenziaena severa,Mackenziaena severa,Mackenziaena severa,Mackenziaena severa,Mackenziaena severa,Mackenziaena severa,Mackenziaena,Thamnophilidae,3,Medio
3887,Mackenziaena severa,Mackenziaena severa,Mackenziaena severa,Mackenziaena severa,Mackenziaena severa,Mackenziaena severa,Mackenziaena severa,Mackenziaena severa,Mackenziaena severa,Mackenziaena severa,Mackenziaena severa,Mackenziaena severa,Mackenziaena,Thamnophilidae,3,Medio
3888,Mackenziaena severa,Hypoedaleus guttatus,Mackenziaena severa,Mackenziaena severa,Mackenziaena severa,Hypoedaleus guttatus,Hypoedaleus guttatus,Hypoedaleus guttatus,Mackenziaena severa,Mackenziaena severa,Mackenziaena severa,Hypoedaleus guttatus,Mackenziaena,Thamnophilidae,3,Medio
3889,Mackenziaena severa,Nyctidromus albicollis,Synallaxis ruficapilla,Baryphthengus ruficapillus,Baryphthengus ruficapillus,Hypoedaleus guttatus,Hypoedaleus guttatus,Amazona aestiva,Synallaxis ruficapilla,Synallaxis ruficapilla,Synallaxis ruficapilla,Hypoedaleus guttatus,Mackenziaena,Thamnophilidae,3,Medio
3890,Mackenziaena severa,Mackenziaena severa,Mackenziaena severa,Mackenziaena severa,Mackenziaena severa,Mackenziaena severa,Mackenziaena severa,Mackenziaena severa,Mackenziaena severa,Mackenziaena severa,Mackenziaena severa,Mackenziaena severa,Mackenziaena,Thamnophilidae,3,Medio
3891,Mackenziaena severa,Mackenziaena severa,Mackenziaena severa,Mackenziaena severa,Mackenziaena severa,Mackenziaena severa,Mackenziaena severa,Mackenziaena severa,Mackenziaena severa,Mackenziaena severa,Mackenziaena severa,Mackenziaena severa,Mackenziaena,Thamnophilidae,3,Medio
3892,Mackenziaena severa,Hypoedaleus guttatus,Mackenziaena severa,Hypoedaleus guttatus,Hypoedaleus guttatus,Hypoedaleus guttatus,Hypoedaleus guttatus,Hypoedaleus guttatus,Mackenziaena severa,Mackenziaena severa,Mackenziaena severa,Hypoedaleus guttatus,Mackenziaena,Thamnophilidae,3,Medio
3893,Mackenziaena severa,Pyriglena leucoptera,Pyriglena leucoptera,Pyriglena leucoptera,Pyriglena leucoptera,Pyriglena leucoptera,Pyriglena leucoptera,Tachyphonus coronatus,Pyriglena leucoptera,Pyriglena leucoptera,Pyriglena leucoptera,Pyriglena leucoptera,Mackenziaena,Thamnophilidae,3,Medio
3894,Mackenziaena severa,Mackenziaena severa,Mackenziaena severa,Mackenziaena severa,Mackenziaena severa,Mackenziaena severa,Mackenziaena severa,Mackenziaena severa,Mackenziaena severa,Mackenziaena severa,Mackenziaena severa,Mackenziaena severa,Mackenziaena,Thamnophilidae,3,Medio
3895,Mackenziaena severa,Mackenziaena severa,Mackenziaena severa,Mackenziaena severa,Mackenziaena severa,Mackenziaena severa,Mackenziaena severa,Mackenziaena severa,Mackenziaena severa,Mackenziaena severa,Mackenziaena severa,Mackenziaena severa,Mackenziaena,Thamnophilidae,3,Medio
3896,Mackenziaena severa,Mackenziaena severa,Mackenziaena severa,Mackenziaena severa,Mackenziaena severa,Mackenziaena severa,Mackenziaena severa,Mackenziaena severa,Mackenziaena severa,Mackenziaena severa,Mackenziaena severa,Mackenziaena severa,Mackenziaena,Thamnophilidae,3,Medio
3897,Mackenziaena severa,Mackenziaena severa,Mackenziaena severa,Mackenziaena severa,Mackenziaena severa,Mackenziaena severa,Mackenziaena severa,Mackenziaena severa,Mackenziaena severa,Mackenziaena severa,Mackenziaena severa,Mackenziaena severa,Mackenziaena,Thamnophilidae,3,Medio
3899,Mackenziaena severa,Mackenziaena severa,Mackenziaena severa,Mackenziaena severa,Mackenziaena severa,Mackenziaena severa,Mackenziaena severa,Mackenziaena severa,Mackenziaena severa,Mackenziaena severa,Mackenziaena severa,Mackenziaena severa,Mackenziaena,Thamnophilidae,3,Medio
3900,Mackenziaena severa,Mackenziaena severa,Mackenziaena severa,Mackenziaena severa,Mackenziaena severa,Mackenziaena severa,Mackenziaena severa,Mackenziaena severa,Mackenziaena severa,Mackenziaena severa,Mackenziaena severa,Mackenziaena severa,Mackenziaena,Thamnophilidae,3,Medio
3901,Mackenziaena severa,Pyriglena leucoptera,Cyanoloxia brissonii,Cyanoloxia brissonii,Tachyphonus coronatus,Cyanoloxia brissonii,Pyriglena leucoptera,Tachyphonus coronatus,Cyanoloxia brissonii,Cyanoloxia brissonii,Cyanoloxia brissonii,Pyriglena leucoptera,Mackenziaena,Thamnophilidae,3,Medio
3902,Mackenziaena severa,Mackenziaena severa,Mackenziaena severa,Mackenziaena severa,Mackenziaena severa,Mackenziaena severa,Mackenziaena severa,Mackenziaena severa,Mackenziaena severa,Mackenziaena severa,Mackenziaena severa,Mackenziaena severa,Mackenziaena,Thamnophilidae,3,Medio
3903,Mackenziaena severa,Mackenziaena severa,Mackenziaena severa,Mackenziaena severa,Mackenziaena severa,Mackenziaena severa,Mackenziaena severa,Mackenziaena severa,Mackenziaena severa,Mackenziaena severa,Mackenziaena severa,Mackenziaena severa,Mackenziaena,Thamnophilidae,3,Medio
3904,Mackenziaena severa,Pyriglena leucoptera,Baryphthengus ruficapillus,Baryphthengus ruficapillus,Baryphthengus ruficapillus,Penelope superciliaris,Pyriglena leucoptera,Mackenziaena severa,Baryphthengus ruficapillus,Baryphthengus ruficapillus,Baryphthengus ruficapillus,Pyriglena leucoptera,Mackenziaena,Thamnophilidae,3,Medio
3908,Mackenziaena severa,Mackenziaena severa,Mackenziaena severa,Mackenziaena severa,Mackenziaena severa,Mackenziaena severa,Mackenziaena severa,Mackenziaena severa,Mackenziaena severa,Mackenziaena severa,Mackenziaena severa,Mackenziaena severa,Mackenziaena,Thamnophilidae,3,Medio
3909,Mackenziaena severa,Mackenziaena severa,Mackenziaena severa,Mackenziaena severa,Mackenziaena severa,Mackenziaena severa,Mackenziaena severa,Mackenziaena severa,Mackenziaena severa,Mackenziaena severa,Mackenziaena severa,Mackenziaena severa,Mackenziaena,Thamnophilidae,3,Medio
3911,Mackenziaena severa,Mackenziaena severa,Mackenziaena severa,Mackenziaena severa,Hypoedaleus guttatus,Mackenziaena severa,Mackenziaena severa,Conopophaga lineata,Mackenziaena severa,Mackenziaena severa,Mackenziaena severa,Mackenziaena severa,Mackenziaena,Thamnophilidae,3,Medio
3912,Mackenziaena severa,Mackenziaena severa,Mackenziaena severa,Mackenziaena severa,Mackenziaena severa,Mackenziaena severa,Mackenziaena severa,Mackenziaena severa,Mackenziaena severa,Mackenziaena severa,Mackenziaena severa,Mackenziaena severa,Mackenziaena,Thamnophilidae,3,Medio
3913,Mackenziaena severa,Mackenziaena severa,Mackenziaena severa,Mackenziaena severa,Mackenziaena severa,Mackenziaena severa,Mackenziaena severa,Mackenziaena severa,Mackenziaena severa,Mackenziaena severa,Mackenziaena severa,Mackenziaena severa,Mackenziaena,Thamnophilidae,3,Medio
3914,Mackenziaena severa,Mackenziaena severa,Mackenziaena severa,Mackenziaena severa,Mackenziaena severa,Mackenziaena severa,Mackenziaena severa,Mackenziaena severa,Mackenziaena severa,Mackenziaena severa,Mackenziaena severa,Mackenziaena severa,Mackenziaena,Thamnophilidae,3,Medio
3915,Mackenziaena severa,Mackenziaena severa,Mackenziaena severa,Mackenziaena severa,Mackenziaena severa,Mackenziaena severa,Mackenziaena severa,Mackenziaena severa,Mackenziaena severa,Mackenziaena severa,Mackenziaena severa,Mackenziaena severa,Mackenziaena,Thamnophilidae,3,Medio
3916,Mackenziaena severa,Mackenziaena severa,Mackenziaena severa,Mackenziaena severa,Mackenziaena severa,Mackenziaena severa,Mackenziaena severa,Mackenziaena severa,Mackenziaena severa,Mackenziaena severa,Mackenziaena severa,Mackenziaena severa,Mackenziaena,Thamnophilidae,3,Medio
3917,Mackenziaena severa,Mackenziaena severa,Mackenziaena severa,Mackenziaena severa,Mackenziaena severa,Mackenziaena severa,Mackenziaena severa,Mackenziaena severa,Mackenziaena severa,Mackenziaena severa,Mackenziaena severa,Mackenziaena severa,Mackenziaena,Thamnophilidae,3,Medio
3918,Mackenziaena severa,Pyriglena leucoptera,Cyanoloxia brissonii,Mackenziaena severa,Mackenziaena severa,Mackenziaena severa,Pyriglena leucoptera,Mackenziaena severa,Cyanoloxia brissonii,Cyanoloxia brissonii,Cyanoloxia brissonii,Pyriglena leucoptera,Mackenziaena,Thamnophilidae,3,Medio
3919,Mackenziaena severa,Mackenziaena severa,Mackenziaena severa,Mackenziaena severa,Mackenziaena severa,Mackenziaena severa,Mackenziaena severa,Mackenziaena severa,Mackenziaena severa,Mackenziaena severa,Mackenziaena severa,Mackenziaena severa,Mackenziaena,Thamnophilidae,3,Medio
3920,Mackenziaena severa,Sapajus nigritus,Sapajus nigritus,Myiothlypis leucoblephara,Conopophaga lineata,Sapajus nigritus,Sapajus nigritus,Sapajus nigritus,Sapajus nigritus,Sapajus nigritus,Sapajus nigritus,Sapajus nigritus,Mackenziaena,Thamnophilidae,3,Medio
3921,Mackenziaena severa,Mackenziaena severa,Mackenziaena severa,Mackenziaena severa,Mackenziaena severa,Mackenziaena severa,Mackenziaena severa,Mackenziaena severa,Mackenziaena severa,Mackenziaena severa,Mackenziaena severa,Mackenziaena severa,Mackenziaena,Thamnophilidae,3,Medio
3923,Mackenziaena severa,Mackenziaena severa,Mackenziaena severa,Mackenziaena severa,Mackenziaena severa,Mackenziaena severa,Mackenziaena severa,Mackenziaena severa,Mackenziaena severa,Mackenziaena severa,Mackenziaena severa,Mackenziaena severa,Mackenziaena,Thamnophilidae,3,Medio
3925,Mackenziaena severa,Mackenziaena severa,Mackenziaena severa,Mackenziaena severa,Mackenziaena severa,Mackenziaena severa,Mackenziaena severa,Mackenziaena severa,Mackenziaena severa,Mackenziaena severa,Mackenziaena severa,Mackenziaena severa,Mackenziaena,Thamnophilidae,3,Medio
3926,Pyriglena leucoptera,Pyriglena leucoptera,Pyriglena leucoptera,Pyriglena leucoptera,Pyriglena leucoptera,Pyriglena leucoptera,Pyriglena leucoptera,Pyriglena leucoptera,Pyriglena leucoptera,Pyriglena leucoptera,Pyriglena leucoptera,Pyriglena leucoptera,Pyriglena,Thamnophilidae,3,Medio
3927,Pyriglena leucoptera,Pyriglena leucoptera,Pyriglena leucoptera,Pyriglena leucoptera,Pyriglena leucoptera,Pyriglena leucoptera,Pyriglena leucoptera,Pyriglena leucoptera,Pyriglena leucoptera,Pyriglena leucoptera,Pyriglena leucoptera,Pyriglena leucoptera,Pyriglena,Thamnophilidae,3,Medio
3929,Pyriglena leucoptera,Pyriglena leucoptera,Pyriglena leucoptera,Pyriglena leucoptera,Pyriglena leucoptera,Pyriglena leucoptera,Pyriglena leucoptera,Pyriglena leucoptera,Pyriglena leucoptera,Pyriglena leucoptera,Pyriglena leucoptera,Pyriglena leucoptera,Pyriglena,Thamnophilidae,3,Medio
3930,Pyriglena leucoptera,Pyriglena leucoptera,Pyriglena leucoptera,Pyriglena leucoptera,Pyriglena leucoptera,Pyriglena leucoptera,Pyriglena leucoptera,Pyriglena leucoptera,Pyriglena leucoptera,Pyriglena leucoptera,Pyriglena leucoptera,Pyriglena leucoptera,Pyriglena,Thamnophilidae,3,Medio
3931,Pyriglena leucoptera,Pyriglena leucoptera,Mackenziaena leachii,Hypoedaleus guttatus,Hypoedaleus guttatus,Pyriglena leucoptera,Pyriglena leucoptera,Tachyphonus coronatus,Mackenziaena leachii,Mackenziaena leachii,Mackenziaena leachii,Pyriglena leucoptera,Pyriglena,Thamnophilidae,3,Medio
3932,Pyriglena leucoptera,Pyriglena leucoptera,Pyriglena leucoptera,Pyriglena leucoptera,Pyriglena leucoptera,Pyriglena leucoptera,Pyriglena leucoptera,Pyriglena leucoptera,Pyriglena leucoptera,Pyriglena leucoptera,Pyriglena leucoptera,Pyriglena leucoptera,Pyriglena,Thamnophilidae,3,Medio
3933,Pyriglena leucoptera,Synallaxis ruficapilla,Pyriglena leucoptera,Synallaxis ruficapilla,Biatas nigropectus,Mackenziaena severa,Synallaxis ruficapilla,Mackenziaena severa,Pyriglena leucoptera,Pyriglena leucoptera,Pyriglena leucoptera,Synallaxis ruficapilla,Pyriglena,Thamnophilidae,3,Medio
3936,Pyriglena leucoptera,Pyriglena leucoptera,Pyriglena leucoptera,Conopophaga lineata vulgaris,Conopophaga lineata,Pyriglena leucoptera,Pyriglena leucoptera,Habia rubica,Pyriglena leucoptera,Pyriglena leucoptera,Pyriglena leucoptera,Pyriglena leucoptera,Pyriglena,Thamnophilidae,3,Medio
3937,Pyriglena leucoptera,Pyriglena leucoptera,Synallaxis ruficapilla,Synallaxis ruficapilla,Pyriglena leucoptera,Synallaxis ruficapilla,Pyriglena leucoptera,Pyriglena leucoptera,Synallaxis ruficapilla,Synallaxis ruficapilla,Synallaxis ruficapilla,Pyriglena leucoptera,Pyriglena,Thamnophilidae,3,Medio
3938,Pyriglena leucoptera,Pyriglena leucoptera,Synallaxis ruficapilla,Synallaxis ruficapilla,Synallaxis ruficapilla,Synallaxis ruficapilla,Pyriglena leucoptera,Synallaxis ruficapilla,Synallaxis ruficapilla,Synallaxis ruficapilla,Synallaxis ruficapilla,Pyriglena leucoptera,Pyriglena,Thamnophilidae,3,Medio
3939,Pyriglena leucoptera,Pyriglena leucoptera,Habia rubica,Habia rubica,Pyriglena leucoptera,Pyriglena leucoptera,Pyriglena leucoptera,Pyriglena leucoptera,Habia rubica,Habia rubica,Habia rubica,Pyriglena leucoptera,Pyriglena,Thamnophilidae,3,Medio
3940,Pyriglena leucoptera,Pyriglena leucoptera,Pyriglena leucoptera,Pyriglena leucoptera,Pyriglena leucoptera,Cyanocorax chrysops,Pyriglena leucoptera,Pyriglena leucoptera,Pyriglena leucoptera,Pyriglena leucoptera,Pyriglena leucoptera,Pyriglena leucoptera,Pyriglena,Thamnophilidae,3,Medio
3941,Pyriglena leucoptera,Pyriglena leucoptera,Pyriglena leucoptera,Pyriglena leucoptera,Pyriglena leucoptera,Pyriglena leucoptera,Pyriglena leucoptera,Pyriglena leucoptera,Pyriglena leucoptera,Pyriglena leucoptera,Pyriglena leucoptera,Pyriglena leucoptera,Pyriglena,Thamnophilidae,3,Medio
3942,Pyriglena leucoptera,Pyriglena leucoptera,Pyriglena leucoptera,Pyriglena leucoptera,Pyriglena leucoptera,Pyriglena leucoptera,Pyriglena leucoptera,Pyriglena leucoptera,Pyriglena leucoptera,Pyriglena leucoptera,Pyriglena leucoptera,Pyriglena leucoptera,Pyriglena,Thamnophilidae,3,Medio
3943,Pyriglena leucoptera,Pyriglena leucoptera,Pyriglena leucoptera,Pyriglena leucoptera,Pyriglena leucoptera,Pyriglena leucoptera,Pyriglena leucoptera,Pyriglena leucoptera,Pyriglena leucoptera,Pyriglena leucoptera,Pyriglena leucoptera,Pyriglena leucoptera,Pyriglena,Thamnophilidae,3,Medio
3944,Pyriglena leucoptera,Mackenziaena severa,Pyriglena leucoptera,Pyriglena leucoptera,Pyriglena leucoptera,Mackenziaena severa,Pyriglena leucoptera,Pyriglena leucoptera,Pyriglena leucoptera,Pyriglena leucoptera,Pyriglena leucoptera,Mackenziaena severa,Pyriglena,Thamnophilidae,3,Medio
3945,Pyriglena leucoptera,Myiothlypis leucoblephara,Conopophaga lineata,Conopophaga lineata,Conopophaga lineata,Myiothlypis leucoblephara,Myiothlypis leucoblephara,Crypturellus obsoletus,Conopophaga lineata,Conopophaga lineata,Conopophaga lineata,Myiothlypis leucoblephara,Pyriglena,Thamnophilidae,3,Medio
3946,Pyriglena leucoptera,Pyriglena leucoptera,Odontophorus capueira,Crypturellus obsoletus,Tachyphonus coronatus,Pyriglena leucoptera,Pyriglena leucoptera,Hypoedaleus guttatus,Odontophorus capueira,Odontophorus capueira,Odontophorus capueira,Pyriglena leucoptera,Pyriglena,Thamnophilidae,3,Medio
3947,Pyriglena leucoptera,Pyriglena leucoptera,Pyriglena leucoptera,Pyriglena leucoptera,Pyriglena leucoptera,Pyriglena leucoptera,Pyriglena leucoptera,Pyriglena leucoptera,Pyriglena leucoptera,Pyriglena leucoptera,Pyriglena leucoptera,Pyriglena leucoptera,Pyriglena,Thamnophilidae,3,Medio
3948,Pyriglena leucoptera,Pyriglena leucoptera,Pyriglena leucoptera,Pyriglena leucoptera,Pyriglena leucoptera,Pyriglena leucoptera,Pyriglena leucoptera,Pyriglena leucoptera,Pyriglena leucoptera,Pyriglena leucoptera,Pyriglena leucoptera,Pyriglena leucoptera,Pyriglena,Thamnophilidae,3,Medio
3949,Pyriglena leucoptera,Pyriglena leucoptera,Conopophaga lineata,Pyriglena leucoptera,Conopophaga lineata,Pyriglena leucoptera,Pyriglena leucoptera,Pyriglena leucoptera,Conopophaga lineata,Conopophaga lineata,Conopophaga lineata,Pyriglena leucoptera,Pyriglena,Thamnophilidae,3,Medio
3951,Pyriglena leucoptera,Pyriglena leucoptera,Pyriglena leucoptera,Pyriglena leucoptera,Pyriglena leucoptera,Pyriglena leucoptera,Pyriglena leucoptera,Pyriglena leucoptera,Pyriglena leucoptera,Pyriglena leucoptera,Pyriglena leucoptera,Pyriglena leucoptera,Pyriglena,Thamnophilidae,3,Medio
3952,Pyriglena leucoptera,Pyriglena leucoptera,Pyriglena leucoptera,Pyriglena leucoptera,Pyriglena leucoptera,Pyriglena leucoptera,Pyriglena leucoptera,Pyriglena leucoptera,Pyriglena leucoptera,Pyriglena leucoptera,Pyriglena leucoptera,Pyriglena leucoptera,Pyriglena,Thamnophilidae,3,Medio
3953,Pyriglena leucoptera,Mackenziaena severa,Pyriglena leucoptera,Mackenziaena severa,Mackenziaena severa,Mackenziaena severa,Mackenziaena severa,Cyanoloxia brissonii,Pyriglena leucoptera,Pyriglena leucoptera,Pyriglena leucoptera,Mackenziaena severa,Pyriglena,Thamnophilidae,3,Medio
3954,Pyriglena leucoptera,Pyriglena leucoptera,Pyriglena leucoptera,Pyriglena leucoptera,Pyriglena leucoptera,Pyriglena leucoptera,Pyriglena leucoptera,Pyriglena leucoptera,Pyriglena leucoptera,Pyriglena leucoptera,Pyriglena leucoptera,Pyriglena leucoptera,Pyriglena,Thamnophilidae,3,Medio
3955,Pyriglena leucoptera,Mackenziaena severa,Pyriglena leucoptera,Mackenziaena severa,Mackenziaena severa,Mackenziaena severa,Pyriglena leucoptera,Pyriglena leucoptera,Pyriglena leucoptera,Pyriglena leucoptera,Pyriglena leucoptera,Mackenziaena severa,Pyriglena,Thamnophilidae,3,Medio
3958,Pyriglena leucoptera,Pyriglena leucoptera,Pyriglena leucoptera,Pyriglena leucoptera,Pyriglena leucoptera,Pyriglena leucoptera,Pyriglena leucoptera,Pyriglena leucoptera,Pyriglena leucoptera,Pyriglena leucoptera,Pyriglena leucoptera,Pyriglena leucoptera,Pyriglena,Thamnophilidae,3,Medio
3959,Pyriglena leucoptera,Tachyphonus coronatus,Pyriglena leucoptera,Pyriglena leucoptera,Pyriglena leucoptera,Tachyphonus coronatus,Tachyphonus coronatus,Tachyphonus coronatus,Pyriglena leucoptera,Pyriglena leucoptera,Pyriglena leucoptera,Tachyphonus coronatus,Pyriglena,Thamnophilidae,3,Medio
3960,Pyriglena leucoptera,Pyriglena leucoptera,Pyriglena leucoptera,Pyriglena leucoptera,Pyriglena leucoptera,Pyriglena leucoptera,Pyriglena leucoptera,Pyriglena leucoptera,Pyriglena leucoptera,Pyriglena leucoptera,Pyriglena leucoptera,Pyriglena leucoptera,Pyriglena,Thamnophilidae,3,Medio
3961,Pyriglena leucoptera,Pyriglena leucoptera,Pyriglena leucoptera,Pyriglena leucoptera,Pyriglena leucoptera,Pyriglena leucoptera,Pyriglena leucoptera,Tachyphonus coronatus,Pyriglena leucoptera,Pyriglena leucoptera,Pyriglena leucoptera,Pyriglena leucoptera,Pyriglena,Thamnophilidae,3,Medio
3965,Pyriglena leucoptera,Pyriglena leucoptera,Synallaxis ruficapilla,Pyriglena leucoptera,Pyriglena leucoptera,Pyriglena leucoptera,Pyriglena leucoptera,Pyriglena leucoptera,Synallaxis ruficapilla,Synallaxis ruficapilla,Synallaxis ruficapilla,Pyriglena leucoptera,Pyriglena,Thamnophilidae,3,Medio
3966,Pyriglena leucoptera,Tachyphonus coronatus,Mackenziaena severa,Mackenziaena severa,Mackenziaena severa,Mackenziaena severa,Tachyphonus coronatus,Tachyphonus coronatus,Mackenziaena severa,Mackenziaena severa,Mackenziaena severa,Tachyphonus coronatus,Pyriglena,Thamnophilidae,3,Medio
3967,Pyriglena leucoptera,Synallaxis ruficapilla,Synallaxis ruficapilla,Synallaxis ruficapilla,Synallaxis ruficapilla,Synallaxis ruficapilla,Synallaxis ruficapilla,Pyriglena leucoptera,Synallaxis ruficapilla,Synallaxis ruficapilla,Synallaxis ruficapilla,Synallaxis ruficapilla,Pyriglena,Thamnophilidae,3,Medio
3968,Pyriglena leucoptera,Tachyphonus coronatus,Tachyphonus coronatus,Tachyphonus coronatus,Tachyphonus coronatus,Tachyphonus coronatus,Tachyphonus coronatus,Tachyphonus coronatus,Tachyphonus coronatus,Tachyphonus coronatus,Tachyphonus coronatus,Tachyphonus coronatus,Pyriglena,Thamnophilidae,3,Medio
3969,Pyriglena leucoptera,Tachyphonus coronatus,Pyriglena leucoptera,Cyanoloxia brissonii,Cyanoloxia brissonii,Tachyphonus coronatus,Tachyphonus coronatus,Tachyphonus coronatus,Pyriglena leucoptera,Pyriglena leucoptera,Pyriglena leucoptera,Tachyphonus coronatus,Pyriglena,Thamnophilidae,3,Medio
3970,Pyriglena leucoptera,Chamaeza campanisona,Aramides saracura,Crypturellus tataupa,Crypturellus tataupa,Pyriglena leucoptera,Myiothlypis leucoblephara,Chamaeza campanisona,Aramides saracura,Aramides saracura,Aramides saracura,Chamaeza campanisona,Pyriglena,Thamnophilidae,3,Medio
3971,Pyriglena leucoptera,Pyriglena leucoptera,Pyriglena leucoptera,Pyriglena leucoptera,Pyriglena leucoptera,Pyriglena leucoptera,Pyriglena leucoptera,Pyriglena leucoptera,Pyriglena leucoptera,Pyriglena leucoptera,Pyriglena leucoptera,Pyriglena leucoptera,Pyriglena,Thamnophilidae,3,Medio
3972,Pyriglena leucoptera,Penelope superciliaris,Pyriglena leucoptera,Pyriglena leucoptera,Pyriglena leucoptera,Penelope superciliaris,Penelope superciliaris,Penelope superciliaris,Pyriglena leucoptera,Pyriglena leucoptera,Pyriglena leucoptera,Penelope superciliaris,Pyriglena,Thamnophilidae,3,Medio
3975,Pyriglena leucoptera,Pyriglena leucoptera,Pyriglena leucoptera,Pyriglena leucoptera,Pyriglena leucoptera,Pyriglena leucoptera,Pyriglena leucoptera,Habia rubica,Pyriglena leucoptera,Pyriglena leucoptera,Pyriglena leucoptera,Pyriglena leucoptera,Pyriglena,Thamnophilidae,3,Medio
3976,Pyriglena leucoptera,Pyriglena leucoptera,Pyriglena leucoptera,Pyriglena leucoptera,Pyriglena leucoptera,Pyriglena leucoptera,Pyriglena leucoptera,Pyriglena leucoptera,Pyriglena leucoptera,Pyriglena leucoptera,Pyriglena leucoptera,Pyriglena leucoptera,Pyriglena,Thamnophilidae,3,Medio
3977,Pyriglena leucoptera,Pyriglena leucoptera,Pyriglena leucoptera,Pyriglena leucoptera,Pyriglena leucoptera,Pyriglena leucoptera,Pyriglena leucoptera,Pyriglena leucoptera,Pyriglena leucoptera,Pyriglena leucoptera,Pyriglena leucoptera,Pyriglena leucoptera,Pyriglena,Thamnophilidae,3,Medio
3979,Pyriglena leucoptera,Pyriglena leucoptera,Turdus albicollis,Pyriglena leucoptera,Pyriglena leucoptera,Pyriglena leucoptera,Pyriglena leucoptera,Pyriglena leucoptera,Turdus albicollis,Turdus albicollis,Turdus albicollis,Pyriglena leucoptera,Pyriglena,Thamnophilidae,3,Medio
3980,Pyriglena leucoptera,Pyriglena leucoptera,Pyriglena leucoptera,Pyriglena leucoptera,Pyriglena leucoptera,Tachyphonus coronatus,Pyriglena leucoptera,Pyriglena leucoptera,Pyriglena leucoptera,Pyriglena leucoptera,Pyriglena leucoptera,Pyriglena leucoptera,Pyriglena,Thamnophilidae,3,Medio
3981,Pyriglena leucoptera,Cyanocorax chrysops,Cyanocorax chrysops,Cyanocorax chrysops,Cyanocorax chrysops,Cyanocorax chrysops,Cyanocorax chrysops,Cyanocorax chrysops,Cyanocorax chrysops,Cyanocorax chrysops,Cyanocorax chrysops,Cyanocorax chrysops,Pyriglena,Thamnophilidae,3,Medio
3982,Pyriglena leucoptera,Pyriglena leucoptera,Pyriglena leucoptera,Pyriglena leucoptera,Pyriglena leucoptera,Pyriglena leucoptera,Pyriglena leucoptera,Pyriglena leucoptera,Pyriglena leucoptera,Pyriglena leucoptera,Pyriglena leucoptera,Pyriglena leucoptera,Pyriglena,Thamnophilidae,3,Medio
3983,Pyriglena leucoptera,Mackenziaena severa,Pyriglena leucoptera,Pyriglena leucoptera,Pyriglena leucoptera,Mackenziaena severa,Mackenziaena severa,Pyriglena leucoptera,Pyriglena leucoptera,Pyriglena leucoptera,Pyriglena leucoptera,Mackenziaena severa,Pyriglena,Thamnophilidae,3,Medio
3984,Pyriglena leucoptera,Pyriglena leucoptera,Pyriglena leucoptera,Pyriglena leucoptera,Pyriglena leucoptera,Pyriglena leucoptera,Pyriglena leucoptera,Pyriglena leucoptera,Pyriglena leucoptera,Pyriglena leucoptera,Pyriglena leucoptera,Pyriglena leucoptera,Pyriglena,Thamnophilidae,3,Medio
3985,Pyriglena leucoptera,Pyriglena leucoptera,Pyriglena leucoptera,Pyriglena leucoptera,Pyriglena leucoptera,Pyriglena leucoptera,Pyriglena leucoptera,Pyriglena leucoptera,Pyriglena leucoptera,Pyriglena leucoptera,Pyriglena leucoptera,Pyriglena leucoptera,Pyriglena,Thamnophilidae,3,Medio
3986,Pyriglena leucoptera,Pyriglena leucoptera,Pyriglena leucoptera,Pyriglena leucoptera,Pyriglena leucoptera,Pyriglena leucoptera,Pyriglena leucoptera,Pyriglena leucoptera,Pyriglena leucoptera,Pyriglena leucoptera,Pyriglena leucoptera,Pyriglena leucoptera,Pyriglena,Thamnophilidae,3,Medio
3987,Sporophila pileata,Sporophila pileata,Sporophila pileata,Sporophila pileata,Sporophila pileata,Sporophila pileata,Sporophila pileata,Sporophila pileata,Sporophila pileata,Sporophila pileata,Sporophila pileata,Sporophila pileata,Sporophila,Thraupidae,4,Alto
3990,Sporophila pileata,Sporophila pileata,Sporophila pileata,Sporophila pileata,Sporophila pileata,Sporophila pileata,Sporophila pileata,Sporophila pileata,Sporophila pileata,Sporophila pileata,Sporophila pileata,Sporophila pileata,Sporophila,Thraupidae,4,Alto
3991,Sporophila pileata,Sporophila pileata,Gubernetes yetapa,Sporophila pileata,Sporophila pileata,Sporophila pileata,Sporophila pileata,Aramides saracura,Gubernetes yetapa,Gubernetes yetapa,Gubernetes yetapa,Sporophila pileata,Sporophila,Thraupidae,4,Alto
3995,Sporophila pileata,Sporophila pileata,Sporophila pileata,Sporophila pileata,Sporophila pileata,Sporophila pileata,Sporophila pileata,Sporophila pileata,Sporophila pileata,Sporophila pileata,Sporophila pileata,Sporophila pileata,Sporophila,Thraupidae,4,Alto
3996,Sporophila pileata,Sporophila pileata,Sporophila pileata,Sporophila pileata,Sporophila pileata,Sporophila pileata,Sporophila pileata,Sporophila pileata,Sporophila pileata,Sporophila pileata,Sporophila pileata,Sporophila pileata,Sporophila,Thraupidae,4,Alto
3997,Sporophila pileata,Sporophila pileata,Sporophila pileata,Sporophila pileata,Sporophila pileata,Sporophila pileata,Sporophila pileata,Sporophila pileata,Sporophila pileata,Sporophila pileata,Sporophila pileata,Sporophila pileata,Sporophila,Thraupidae,4,Alto
3998,Sporophila pileata,Sporophila pileata,Sporophila pileata,Sporophila pileata,Sporophila pileata,Sporophila pileata,Sporophila pileata,Sporophila pileata,Sporophila pileata,Sporophila pileata,Sporophila pileata,Sporophila pileata,Sporophila,Thraupidae,4,Alto
3999,Sporophila pileata,Sporophila pileata,Sporophila pileata,Sporophila pileata,Sporophila pileata,Sporophila pileata,Sporophila pileata,Sporophila pileata,Sporophila pileata,Sporophila pileata,Sporophila pileata,Sporophila pileata,Sporophila,Thraupidae,4,Alto
4000,Sporophila pileata,Sporophila pileata,Sporophila pileata,Sporophila pileata,Sporophila pileata,Sporophila pileata,Sporophila pileata,Sporophila pileata,Sporophila pileata,Sporophila pileata,Sporophila pileata,Sporophila pileata,Sporophila,Thraupidae,4,Alto
4001,Sporophila pileata,Sporophila pileata,Sporophila pileata,Sporophila pileata,Sporophila pileata,Sporophila pileata,Sporophila pileata,Sporophila pileata,Sporophila pileata,Sporophila pileata,Sporophila pileata,Sporophila pileata,Sporophila,Thraupidae,4,Alto
4002,Sporophila pileata,Sporophila pileata,Sporophila pileata,Sporophila pileata,Sporophila pileata,Sporophila pileata,Sporophila pileata,Sporophila pileata,Sporophila pileata,Sporophila pileata,Sporophila pileata,Sporophila pileata,Sporophila,Thraupidae,4,Alto
4003,Sporophila pileata,Sporophila pileata,Sporophila pileata,Sporophila pileata,Sporophila pileata,Sporophila pileata,Sporophila pileata,Sporophila pileata,Sporophila pileata,Sporophila pileata,Sporophila pileata,Sporophila pileata,Sporophila,Thraupidae,4,Alto
4004,Sporophila pileata,Sporophila pileata,Sporophila pileata,Sporophila pileata,Sporophila pileata,Sporophila pileata,Sporophila pileata,Sporophila pileata,Sporophila pileata,Sporophila pileata,Sporophila pileata,Sporophila pileata,Sporophila,Thraupidae,4,Alto
4005,Sporophila pileata,Sporophila pileata,Sporophila pileata,Sporophila pileata,Sporophila pileata,Sporophila pileata,Sporophila pileata,Sporophila pileata,Sporophila pileata,Sporophila pileata,Sporophila pileata,Sporophila pileata,Sporophila,Thraupidae,4,Alto
4006,Sporophila pileata,Sporophila pileata,Sporophila pileata,Sporophila pileata,Sporophila pileata,Sporophila pileata,Sporophila pileata,Sporophila pileata,Sporophila pileata,Sporophila pileata,Sporophila pileata,Sporophila pileata,Sporophila,Thraupidae,4,Alto
4007,Sporophila pileata,Sporophila pileata,Sporophila pileata,Sporophila pileata,Sporophila pileata,Sporophila pileata,Sporophila pileata,Sporophila pileata,Sporophila pileata,Sporophila pileata,Sporophila pileata,Sporophila pileata,Sporophila,Thraupidae,4,Alto
4008,Sporophila pileata,Sporophila pileata,Sporophila pileata,Sporophila pileata,Sporophila pileata,Sporophila pileata,Sporophila pileata,Sporophila pileata,Sporophila pileata,Sporophila pileata,Sporophila pileata,Sporophila pileata,Sporophila,Thraupidae,4,Alto
4010,Sporophila pileata,Sporophila pileata,Sporophila pileata,Sporophila pileata,Sporophila pileata,Sporophila pileata,Sporophila pileata,Sporophila pileata,Sporophila pileata,Sporophila pileata,Sporophila pileata,Sporophila pileata,Sporophila,Thraupidae,4,Alto
4011,Sporophila pileata,Sporophila pileata,Sporophila pileata,Sporophila pileata,Sporophila pileata,Sporophila pileata,Sporophila pileata,Sporophila pileata,Sporophila pileata,Sporophila pileata,Sporophila pileata,Sporophila pileata,Sporophila,Thraupidae,4,Alto
4012,Sporophila pileata,Sporophila pileata,Sporophila pileata,Sporophila pileata,Sporophila pileata,Sporophila pileata,Sporophila pileata,Sporophila pileata,Sporophila pileata,Sporophila pileata,Sporophila pileata,Sporophila pileata,Sporophila,Thraupidae,4,Alto
4013,Sporophila pileata,Sporophila pileata,Sporophila pileata,Sporophila pileata,Manacus manacus,Sporophila pileata,Sporophila pileata,Sporophila pileata,Sporophila pileata,Sporophila pileata,Sporophila pileata,Sporophila pileata,Sporophila,Thraupidae,4,Alto
4015,Sporophila pileata,Sporophila pileata,Sporophila pileata,Sporophila pileata,Sporophila pileata,Sporophila pileata,Sporophila pileata,Sporophila pileata,Sporophila pileata,Sporophila pileata,Sporophila pileata,Sporophila pileata,Sporophila,Thraupidae,4,Alto
4016,Sporophila pileata,Sporophila pileata,Sporophila pileata,Sporophila pileata,Sporophila pileata,Sporophila pileata,Sporophila pileata,Sporophila pileata,Sporophila pileata,Sporophila pileata,Sporophila pileata,Sporophila pileata,Sporophila,Thraupidae,4,Alto
4017,Sporophila pileata,Sporophila pileata,Sporophila pileata,Sporophila pileata,Sporophila pileata,Sporophila pileata,Sporophila pileata,Sporophila pileata,Sporophila pileata,Sporophila pileata,Sporophila pileata,Sporophila pileata,Sporophila,Thraupidae,4,Alto
4018,Sporophila pileata,Sporophila pileata,Sporophila pileata,Sporophila pileata,Sporophila pileata,Sporophila pileata,Sporophila pileata,Sporophila pileata,Sporophila pileata,Sporophila pileata,Sporophila pileata,Sporophila pileata,Sporophila,Thraupidae,4,Alto
4020,Sporophila pileata,Sporophila pileata,Sporophila pileata,Sporophila pileata,Sporophila pileata,Sporophila pileata,Sporophila pileata,Sporophila pileata,Sporophila pileata,Sporophila pileata,Sporophila pileata,Sporophila pileata,Sporophila,Thraupidae,4,Alto
4021,Sporophila pileata,Sporophila pileata,Sporophila pileata,Sporophila pileata,Sporophila pileata,Sporophila pileata,Sporophila pileata,Sporophila pileata,Sporophila pileata,Sporophila pileata,Sporophila pileata,Sporophila pileata,Sporophila,Thraupidae,4,Alto
4023,Sporophila pileata,Sporophila pileata,Sporophila pileata,Sporophila pileata,Sporophila pileata,Sporophila pileata,Sporophila pileata,Sporophila pileata,Sporophila pileata,Sporophila pileata,Sporophila pileata,Sporophila pileata,Sporophila,Thraupidae,4,Alto
4025,Sporophila pileata,Sporophila pileata,Sporophila pileata,Sporophila pileata,Sporophila pileata,Sporophila pileata,Sporophila pileata,Sporophila pileata,Sporophila pileata,Sporophila pileata,Sporophila pileata,Sporophila pileata,Sporophila,Thraupidae,4,Alto
4026,Sporophila pileata,Sporophila pileata,Sporophila pileata,Sporophila pileata,Sporophila pileata,Sporophila pileata,Sporophila pileata,Sporophila pileata,Sporophila pileata,Sporophila pileata,Sporophila pileata,Sporophila pileata,Sporophila,Thraupidae,4,Alto
4027,Sporophila pileata,Sporophila pileata,Sporophila pileata,Sporophila pileata,Sporophila pileata,Sporophila pileata,Sporophila pileata,Sporophila pileata,Sporophila pileata,Sporophila pileata,Sporophila pileata,Sporophila pileata,Sporophila,Thraupidae,4,Alto
4029,Sporophila pileata,Sporophila pileata,Sporophila pileata,Sporophila pileata,Sporophila pileata,Sporophila pileata,Sporophila pileata,Sporophila pileata,Sporophila pileata,Sporophila pileata,Sporophila pileata,Sporophila pileata,Sporophila,Thraupidae,4,Alto
4030,Sporophila pileata,Sporophila pileata,Sporophila pileata,Sporophila pileata,Sporophila pileata,Sporophila pileata,Sporophila pileata,Sporophila pileata,Sporophila pileata,Sporophila pileata,Sporophila pileata,Sporophila pileata,Sporophila,Thraupidae,4,Alto
4031,Sporophila pileata,Sporophila pileata,Sporophila pileata,Sporophila pileata,Sporophila pileata,Sporophila pileata,Sporophila pileata,Sporophila pileata,Sporophila pileata,Sporophila pileata,Sporophila pileata,Sporophila pileata,Sporophila,Thraupidae,4,Alto
4032,Sporophila pileata,Sporophila pileata,Sporophila pileata,Sporophila pileata,Sporophila pileata,Sporophila pileata,Sporophila pileata,Sporophila pileata,Sporophila pileata,Sporophila pileata,Sporophila pileata,Sporophila pileata,Sporophila,Thraupidae,4,Alto
4033,Sporophila pileata,Sporophila pileata,Sporophila pileata,Sporophila pileata,Sporophila pileata,Sporophila pileata,Sporophila pileata,Sporophila pileata,Sporophila pileata,Sporophila pileata,Sporophila pileata,Sporophila pileata,Sporophila,Thraupidae,4,Alto
4034,Sporophila pileata,Sporophila pileata,Sporophila pileata,Sporophila pileata,Sporophila pileata,Sporophila pileata,Sporophila pileata,Sporophila pileata,Sporophila pileata,Sporophila pileata,Sporophila pileata,Sporophila pileata,Sporophila,Thraupidae,4,Alto
4035,Sporophila pileata,Sporophila pileata,Sporophila pileata,Sporophila pileata,Sporophila pileata,Sporophila pileata,Sporophila pileata,Sporophila pileata,Sporophila pileata,Sporophila pileata,Sporophila pileata,Sporophila pileata,Sporophila,Thraupidae,4,Alto
4036,Sporophila pileata,Sporophila pileata,Sporophila pileata,Sporophila pileata,Sporophila pileata,Sporophila pileata,Sporophila pileata,Sporophila pileata,Sporophila pileata,Sporophila pileata,Sporophila pileata,Sporophila pileata,Sporophila,Thraupidae,4,Alto
4037,Sporophila pileata,Sporophila pileata,Sporophila pileata,Sporophila pileata,Sporophila pileata,Sporophila pileata,Sporophila pileata,Sporophila pileata,Sporophila pileata,Sporophila pileata,Sporophila pileata,Sporophila pileata,Sporophila,Thraupidae,4,Alto
4038,Sporophila pileata,Sporophila pileata,Sporophila pileata,Sporophila pileata,Sporophila pileata,Sporophila pileata,Sporophila pileata,Sporophila pileata,Sporophila pileata,Sporophila pileata,Sporophila pileata,Sporophila pileata,Sporophila,Thraupidae,4,Alto
4039,Sporophila pileata,Sporophila pileata,Sporophila pileata,Sporophila pileata,Sporophila pileata,Sporophila pileata,Sporophila pileata,Sporophila pileata,Sporophila pileata,Sporophila pileata,Sporophila pileata,Sporophila pileata,Sporophila,Thraupidae,4,Alto
4040,Sporophila pileata,Sporophila pileata,Sporophila pileata,Sporophila pileata,Sporophila pileata,Sporophila pileata,Sporophila pileata,Sporophila pileata,Sporophila pileata,Sporophila pileata,Sporophila pileata,Sporophila pileata,Sporophila,Thraupidae,4,Alto
4041,Sporophila pileata,Sporophila pileata,Sporophila pileata,Sporophila pileata,Sporophila pileata,Sporophila pileata,Sporophila pileata,Sporophila pileata,Sporophila pileata,Sporophila pileata,Sporophila pileata,Sporophila pileata,Sporophila,Thraupidae,4,Alto
4042,Sporophila pileata,Sporophila pileata,Sporophila pileata,Sporophila pileata,Sporophila pileata,Sporophila pileata,Sporophila pileata,Sporophila pileata,Sporophila pileata,Sporophila pileata,Sporophila pileata,Sporophila pileata,Sporophila,Thraupidae,4,Alto
4043,Sporophila pileata,Sporophila pileata,Sporophila pileata,Sporophila pileata,Sporophila pileata,Sporophila pileata,Sporophila pileata,Sporophila pileata,Sporophila pileata,Sporophila pileata,Sporophila pileata,Sporophila pileata,Sporophila,Thraupidae,4,Alto
4044,Sporophila pileata,Sporophila pileata,Sporophila pileata,Sporophila pileata,Sporophila pileata,Sporophila pileata,Sporophila pileata,Sporophila pileata,Sporophila pileata,Sporophila pileata,Sporophila pileata,Sporophila pileata,Sporophila,Thraupidae,4,Alto
4045,Sporophila pileata,Sporophila pileata,Sporophila pileata,Sporophila pileata,Sporophila pileata,Sporophila pileata,Sporophila pileata,Sporophila pileata,Sporophila pileata,Sporophila pileata,Sporophila pileata,Sporophila pileata,Sporophila,Thraupidae,4,Alto
4046,Sporophila pileata,Sporophila pileata,Sporophila pileata,Sporophila pileata,Sporophila pileata,Sporophila pileata,Sporophila pileata,Sporophila pileata,Sporophila pileata,Sporophila pileata,Sporophila pileata,Sporophila pileata,Sporophila,Thraupidae,4,Alto
4048,Tachyphonus coronatus,Tachyphonus coronatus,Cyanoloxia brissonii,Cyanoloxia brissonii,Pyriglena leucoptera,Tachyphonus coronatus,Tachyphonus coronatus,Tachyphonus coronatus,Cyanoloxia brissonii,Cyanoloxia brissonii,Cyanoloxia brissonii,Tachyphonus coronatus,Tachyphonus,Thraupidae,3,Medio
4049,Tachyphonus coronatus,Tachyphonus coronatus,Turdus rufiventris,Turdus rufiventris,Tachyphonus coronatus,Tachyphonus coronatus,Tachyphonus coronatus,Tachyphonus coronatus,Turdus rufiventris,Turdus rufiventris,Turdus rufiventris,Tachyphonus coronatus,Tachyphonus,Thraupidae,3,Medio
4050,Tachyphonus coronatus,Tachyphonus coronatus,Tachyphonus coronatus,Tachyphonus coronatus,Tachyphonus coronatus,Tachyphonus coronatus,Tachyphonus coronatus,Tachyphonus coronatus,Tachyphonus coronatus,Tachyphonus coronatus,Tachyphonus coronatus,Tachyphonus coronatus,Tachyphonus,Thraupidae,3,Medio
4051,Tachyphonus coronatus,Cyanoloxia brissonii,Tachyphonus coronatus,Tachyphonus coronatus,Cyanoloxia brissonii,Cyanoloxia brissonii,Cyanoloxia brissonii,Cyanoloxia brissonii,Tachyphonus coronatus,Tachyphonus coronatus,Tachyphonus coronatus,Cyanoloxia brissonii,Tachyphonus,Thraupidae,3,Medio
4053,Tachyphonus coronatus,Habia rubica,Tachyphonus coronatus,Habia rubica,Habia rubica,Habia rubica,Habia rubica,Tachyphonus coronatus,Tachyphonus coronatus,Tachyphonus coronatus,Tachyphonus coronatus,Habia rubica,Tachyphonus,Thraupidae,3,Medio
4054,Tachyphonus coronatus,Habia rubica,Tachyphonus coronatus,Habia rubica,Habia rubica,Habia rubica,Habia rubica,Habia rubica,Tachyphonus coronatus,Tachyphonus coronatus,Tachyphonus coronatus,Habia rubica,Tachyphonus,Thraupidae,3,Medio
4055,Tachyphonus coronatus,Tachyphonus coronatus,Tachyphonus coronatus,Baryphthengus ruficapillus,Tachyphonus coronatus,Tachyphonus coronatus,Tachyphonus coronatus,Didelphis aurita,Tachyphonus coronatus,Tachyphonus coronatus,Tachyphonus coronatus,Tachyphonus coronatus,Tachyphonus,Thraupidae,3,Medio
4056,Tachyphonus coronatus,Tachyphonus coronatus,Tachyphonus coronatus,Pyriglena leucoptera,Tachyphonus coronatus,Tachyphonus coronatus,Tachyphonus coronatus,Tachyphonus coronatus,Tachyphonus coronatus,Tachyphonus coronatus,Tachyphonus coronatus,Tachyphonus coronatus,Tachyphonus,Thraupidae,3,Medio
4057,Tachyphonus coronatus,Turdus rufiventris,Tachyphonus coronatus,Aramides saracura,Turdus rufiventris,Tachyphonus coronatus,Turdus rufiventris,Turdus rufiventris,Tachyphonus coronatus,Tachyphonus coronatus,Tachyphonus coronatus,Turdus rufiventris,Tachyphonus,Thraupidae,3,Medio
4059,Tachyphonus coronatus,Habia rubica,Chamaeza campanisona,Chamaeza campanisona,Habia rubica,Habia rubica,Habia rubica,Habia rubica,Chamaeza campanisona,Chamaeza campanisona,Chamaeza campanisona,Habia rubica,Tachyphonus,Thraupidae,3,Medio
4060,Tachyphonus coronatus,Mackenziaena severa,Tachyphonus coronatus,Mackenziaena severa,Tachyphonus coronatus,Mackenziaena severa,Pyriglena leucoptera,Mackenziaena severa,Tachyphonus coronatus,Tachyphonus coronatus,Tachyphonus coronatus,Mackenziaena severa,Tachyphonus,Thraupidae,3,Medio
4061,Tachyphonus coronatus,Tachyphonus coronatus,Tachyphonus coronatus,Tachyphonus coronatus,Tachyphonus coronatus,Tachyphonus coronatus,Tachyphonus coronatus,Tachyphonus coronatus,Tachyphonus coronatus,Tachyphonus coronatus,Tachyphonus coronatus,Tachyphonus coronatus,Tachyphonus,Thraupidae,3,Medio
4062,Tachyphonus coronatus,Cyanoloxia brissonii,Tachyphonus coronatus,Tachyphonus coronatus,Mackenziaena severa,Cyanoloxia brissonii,Cyanoloxia brissonii,Tachyphonus coronatus,Tachyphonus coronatus,Tachyphonus coronatus,Tachyphonus coronatus,Tachyphonus coronatus,Tachyphonus,Thraupidae,3,Medio
4063,Tachyphonus coronatus,Tachyphonus coronatus,Cyanoloxia brissonii,Tachyphonus coronatus,Tachyphonus coronatus,Tachyphonus coronatus,Tachyphonus coronatus,Cyanoloxia brissonii,Cyanoloxia brissonii,Cyanoloxia brissonii,Cyanoloxia brissonii,Tachyphonus coronatus,Tachyphonus,Thraupidae,3,Medio
4064,Tachyphonus coronatus,Turdus rufiventris,Tachyphonus coronatus,Aramides saracura,Turdus rufiventris,Tachyphonus coronatus,Tachyphonus coronatus,Turdus rufiventris,Tachyphonus coronatus,Tachyphonus coronatus,Tachyphonus coronatus,Turdus rufiventris,Tachyphonus,Thraupidae,3,Medio
4065,Tachyphonus coronatus,Tachyphonus coronatus,Cyanoloxia brissonii,Tachyphonus coronatus,Tachyphonus coronatus,Tachyphonus coronatus,Tachyphonus coronatus,Tachyphonus coronatus,Cyanoloxia brissonii,Cyanoloxia brissonii,Cyanoloxia brissonii,Tachyphonus coronatus,Tachyphonus,Thraupidae,3,Medio
4066,Tachyphonus coronatus,Cyanocorax chrysops,Cyanocorax chrysops,Cyanocorax chrysops,Cyanocorax chrysops,Cyanocorax chrysops,Tachyphonus coronatus,Cyanocorax chrysops,Cyanocorax chrysops,Cyanocorax chrysops,Cyanocorax chrysops,Cyanocorax chrysops,Tachyphonus,Thraupidae,3,Medio
4067,Tachyphonus coronatus,Tachyphonus coronatus,Tachyphonus coronatus,Tachyphonus coronatus,Tachyphonus coronatus,Tachyphonus coronatus,Tachyphonus coronatus,Tachyphonus coronatus,Tachyphonus coronatus,Tachyphonus coronatus,Tachyphonus coronatus,Tachyphonus coronatus,Tachyphonus,Thraupidae,3,Medio
4068,Tachyphonus coronatus,Tachyphonus coronatus,Tachyphonus coronatus,Tachyphonus coronatus,Tachyphonus coronatus,Tachyphonus coronatus,Tachyphonus coronatus,Tachyphonus coronatus,Tachyphonus coronatus,Tachyphonus coronatus,Tachyphonus coronatus,Tachyphonus coronatus,Tachyphonus,Thraupidae,3,Medio
4069,Tachyphonus coronatus,Tachyphonus coronatus,Tachyphonus coronatus,Tachyphonus coronatus,Tachyphonus coronatus,Tachyphonus coronatus,Tachyphonus coronatus,Tachyphonus coronatus,Tachyphonus coronatus,Tachyphonus coronatus,Tachyphonus coronatus,Tachyphonus coronatus,Tachyphonus,Thraupidae,3,Medio
4071,Tachyphonus coronatus,Tachyphonus coronatus,Tachyphonus coronatus,Cyanoloxia brissonii,Pyriglena leucoptera,Tachyphonus coronatus,Tachyphonus coronatus,Tachyphonus coronatus,Tachyphonus coronatus,Tachyphonus coronatus,Tachyphonus coronatus,Tachyphonus coronatus,Tachyphonus,Thraupidae,3,Medio
4072,Tachyphonus coronatus,Cyanoloxia brissonii,Tachyphonus coronatus,Tachyphonus coronatus,Tachyphonus coronatus,Cyanoloxia brissonii,Cyanoloxia brissonii,Tachyphonus coronatus,Tachyphonus coronatus,Tachyphonus coronatus,Tachyphonus coronatus,Cyanoloxia brissonii,Tachyphonus,Thraupidae,3,Medio
4073,Tachyphonus coronatus,Tachyphonus coronatus,Cyanoloxia brissonii,Cyanoloxia brissonii,Cyanoloxia brissonii,Tachyphonus coronatus,Tachyphonus coronatus,Turdus albicollis,Cyanoloxia brissonii,Cyanoloxia brissonii,Cyanoloxia brissonii,Tachyphonus coronatus,Tachyphonus,Thraupidae,3,Medio
4075,Tachyphonus coronatus,Tachyphonus coronatus,Tachyphonus coronatus,Pyriglena leucoptera,Tachyphonus coronatus,Tachyphonus coronatus,Tachyphonus coronatus,Tachyphonus coronatus,Tachyphonus coronatus,Tachyphonus coronatus,Tachyphonus coronatus,Tachyphonus coronatus,Tachyphonus,Thraupidae,3,Medio
4076,Tachyphonus coronatus,Tachyphonus coronatus,Tachyphonus coronatus,Tachyphonus coronatus,Tachyphonus coronatus,Tachyphonus coronatus,Tachyphonus coronatus,Tachyphonus coronatus,Tachyphonus coronatus,Tachyphonus coronatus,Tachyphonus coronatus,Tachyphonus coronatus,Tachyphonus,Thraupidae,3,Medio
4077,Tachyphonus coronatus,Tachyphonus coronatus,Tachyphonus coronatus,Tachyphonus coronatus,Tachyphonus coronatus,Tachyphonus coronatus,Tachyphonus coronatus,Tachyphonus coronatus,Tachyphonus coronatus,Tachyphonus coronatus,Tachyphonus coronatus,Tachyphonus coronatus,Tachyphonus,Thraupidae,3,Medio
4078,Tachyphonus coronatus,Cyanoloxia brissonii,Cyanoloxia brissonii,Cyanoloxia brissonii,Cyanoloxia brissonii,Cyanoloxia brissonii,Cyanoloxia brissonii,Cyanoloxia brissonii,Cyanoloxia brissonii,Cyanoloxia brissonii,Cyanoloxia brissonii,Cyanoloxia brissonii,Tachyphonus,Thraupidae,3,Medio
4079,Tachyphonus coronatus,Tachyphonus coronatus,Tachyphonus coronatus,Tachyphonus coronatus,Tachyphonus coronatus,Cyanoloxia brissonii,Tachyphonus coronatus,Tachyphonus coronatus,Tachyphonus coronatus,Tachyphonus coronatus,Tachyphonus coronatus,Tachyphonus coronatus,Tachyphonus,Thraupidae,3,Medio
4080,Tachyphonus coronatus,Tachyphonus coronatus,Cyanoloxia brissonii,Cyanoloxia brissonii,Cyanoloxia brissonii,Cyanoloxia brissonii,Tachyphonus coronatus,Cyanoloxia brissonii,Cyanoloxia brissonii,Cyanoloxia brissonii,Cyanoloxia brissonii,Tachyphonus coronatus,Tachyphonus,Thraupidae,3,Medio
4081,Tachyphonus coronatus,Tachyphonus coronatus,Tachyphonus coronatus,Pyriglena leucoptera,Pyriglena leucoptera,Tachyphonus coronatus,Tachyphonus coronatus,Tachyphonus coronatus,Tachyphonus coronatus,Tachyphonus coronatus,Tachyphonus coronatus,Tachyphonus coronatus,Tachyphonus,Thraupidae,3,Medio
4082,Tachyphonus coronatus,Tachyphonus coronatus,Tachyphonus coronatus,Tachyphonus coronatus,Tachyphonus coronatus,Tachyphonus coronatus,Tachyphonus coronatus,Cyanoloxia brissonii,Tachyphonus coronatus,Tachyphonus coronatus,Tachyphonus coronatus,Tachyphonus coronatus,Tachyphonus,Thraupidae,3,Medio
4083,Tachyphonus coronatus,Tachyphonus coronatus,Cyanoloxia brissonii,Cyanoloxia brissonii,Tachyphonus coronatus,Tachyphonus coronatus,Tachyphonus coronatus,Tachyphonus coronatus,Cyanoloxia brissonii,Cyanoloxia brissonii,Cyanoloxia brissonii,Tachyphonus coronatus,Tachyphonus,Thraupidae,3,Medio
4084,Tachyphonus coronatus,Habia rubica,Tachyphonus coronatus,Habia rubica,Habia rubica,Tachyphonus coronatus,Habia rubica,Habia rubica,Tachyphonus coronatus,Tachyphonus coronatus,Tachyphonus coronatus,Habia rubica,Tachyphonus,Thraupidae,3,Medio
4085,Tachyphonus coronatus,Tachyphonus coronatus,Tachyphonus coronatus,Pyriglena leucoptera,Pyriglena leucoptera,Tachyphonus coronatus,Tachyphonus coronatus,Tachyphonus coronatus,Tachyphonus coronatus,Tachyphonus coronatus,Tachyphonus coronatus,Tachyphonus coronatus,Tachyphonus,Thraupidae,3,Medio
4086,Tachyphonus coronatus,Habia rubica,Habia rubica,Habia rubica,Habia rubica,Habia rubica,Habia rubica,Cyanoloxia brissonii,Habia rubica,Habia rubica,Habia rubica,Habia rubica,Tachyphonus,Thraupidae,3,Medio
4087,Tachyphonus coronatus,Tachyphonus coronatus,Habia rubica,Habia rubica,Habia rubica,Tachyphonus coronatus,Tachyphonus coronatus,Tachyphonus coronatus,Habia rubica,Habia rubica,Habia rubica,Tachyphonus coronatus,Tachyphonus,Thraupidae,3,Medio
4088,Tachyphonus coronatus,Tachyphonus coronatus,Tachyphonus coronatus,Tachyphonus coronatus,Tachyphonus coronatus,Tachyphonus coronatus,Tachyphonus coronatus,Tachyphonus coronatus,Tachyphonus coronatus,Tachyphonus coronatus,Tachyphonus coronatus,Tachyphonus coronatus,Tachyphonus,Thraupidae,3,Medio
4089,Tachyphonus coronatus,Tachyphonus coronatus,Tachyphonus coronatus,Tachyphonus coronatus,Tachyphonus coronatus,Tachyphonus coronatus,Tachyphonus coronatus,Tachyphonus coronatus,Tachyphonus coronatus,Tachyphonus coronatus,Tachyphonus coronatus,Tachyphonus coronatus,Tachyphonus,Thraupidae,3,Medio
4091,Tachyphonus coronatus,Habia rubica,Habia rubica,Habia rubica,Habia rubica,Habia rubica,Habia rubica,Habia rubica,Habia rubica,Habia rubica,Habia rubica,Habia rubica,Tachyphonus,Thraupidae,3,Medio
4093,Tachyphonus coronatus,Tachyphonus coronatus,Tachyphonus coronatus,Cyanoloxia brissonii,Cyanoloxia brissonii,Cyanoloxia brissonii,Cyanoloxia brissonii,Cyanoloxia brissonii,Tachyphonus coronatus,Tachyphonus coronatus,Tachyphonus coronatus,Tachyphonus coronatus,Tachyphonus,Thraupidae,3,Medio
4096,Tachyphonus coronatus,Tachyphonus coronatus,Tachyphonus coronatus,Tachyphonus coronatus,Cyanoloxia brissonii,Tachyphonus coronatus,Tachyphonus coronatus,Cyanoloxia brissonii,Tachyphonus coronatus,Tachyphonus coronatus,Tachyphonus coronatus,Tachyphonus coronatus,Tachyphonus,Thraupidae,3,Medio
4097,Tachyphonus coronatus,Tachyphonus coronatus,Tachyphonus coronatus,Tachyphonus coronatus,Tachyphonus coronatus,Tachyphonus coronatus,Tachyphonus coronatus,Tachyphonus coronatus,Tachyphonus coronatus,Tachyphonus coronatus,Tachyphonus coronatus,Tachyphonus coronatus,Tachyphonus,Thraupidae,3,Medio
4098,Tachyphonus coronatus,Tachyphonus coronatus,Tachyphonus coronatus,Tachyphonus coronatus,Tachyphonus coronatus,Cyanoloxia brissonii,Tachyphonus coronatus,Cyanoloxia brissonii,Tachyphonus coronatus,Tachyphonus coronatus,Tachyphonus coronatus,Tachyphonus coronatus,Tachyphonus,Thraupidae,3,Medio
4100,Tachyphonus coronatus,Habia rubica,Habia rubica,Habia rubica,Habia rubica,Habia rubica,Habia rubica,Habia rubica,Habia rubica,Habia rubica,Habia rubica,Habia rubica,Tachyphonus,Thraupidae,3,Medio
4101,Tachyphonus coronatus,Tachyphonus coronatus,Cyanoloxia brissonii,Cyanocorax chrysops,Cyanoloxia brissonii,Tachyphonus coronatus,Tachyphonus coronatus,Cyanoloxia brissonii,Cyanoloxia brissonii,Cyanoloxia brissonii,Cyanoloxia brissonii,Tachyphonus coronatus,Tachyphonus,Thraupidae,3,Medio
4103,Tachyphonus coronatus,Cyanoloxia brissonii,Tachyphonus coronatus,Tachyphonus coronatus,Cyanoloxia brissonii,Cyanoloxia brissonii,Cyanoloxia brissonii,Cyanoloxia brissonii,Tachyphonus coronatus,Tachyphonus coronatus,Tachyphonus coronatus,Cyanoloxia brissonii,Tachyphonus,Thraupidae,3,Medio
4104,Tachyphonus coronatus,Cyanoloxia brissonii,Tachyphonus coronatus,Cyanoloxia brissonii,Cyanoloxia brissonii,Cyanoloxia brissonii,Cyanoloxia brissonii,Cyanoloxia brissonii,Tachyphonus coronatus,Tachyphonus coronatus,Tachyphonus coronatus,Cyanoloxia brissonii,Tachyphonus,Thraupidae,3,Medio
4105,Tachyphonus coronatus,Tachyphonus coronatus,Tachyphonus coronatus,Tachyphonus coronatus,Tachyphonus coronatus,Tachyphonus coronatus,Tachyphonus coronatus,Tachyphonus coronatus,Tachyphonus coronatus,Tachyphonus coronatus,Tachyphonus coronatus,Tachyphonus coronatus,Tachyphonus,Thraupidae,3,Medio
4106,Tachyphonus coronatus,Tachyphonus coronatus,Cyanoloxia brissonii,Cyanoloxia brissonii,Tachyphonus coronatus,Tachyphonus coronatus,Tachyphonus coronatus,Cyanoloxia brissonii,Cyanoloxia brissonii,Cyanoloxia brissonii,Cyanoloxia brissonii,Tachyphonus coronatus,Tachyphonus,Thraupidae,3,Medio
4108,Tachyphonus coronatus,Chamaeza campanisona,Chamaeza campanisona,Chamaeza campanisona,Chamaeza campanisona,Chamaeza campanisona,Conopophaga lineata,Myiothlypis leucoblephara,Chamaeza campanisona,Chamaeza campanisona,Chamaeza campanisona,Chamaeza campanisona,Tachyphonus,Thraupidae,3,Medio
4110,Tachyphonus coronatus,Tachyphonus coronatus,Tachyphonus coronatus,Tachyphonus coronatus,Tachyphonus coronatus,Tachyphonus coronatus,Tachyphonus coronatus,Tachyphonus coronatus,Tachyphonus coronatus,Tachyphonus coronatus,Tachyphonus coronatus,Tachyphonus coronatus,Tachyphonus,Thraupidae,3,Medio
4111,Tachyphonus coronatus,Habia rubica,Habia rubica,Habia rubica,Habia rubica,Habia rubica,Habia rubica,Sporophila pileata,Habia rubica,Habia rubica,Habia rubica,Habia rubica,Tachyphonus,Thraupidae,3,Medio
4113,Tachyphonus coronatus,Habia rubica,Habia rubica,Habia rubica,Habia rubica,Habia rubica,Habia rubica,Habia rubica,Habia rubica,Habia rubica,Habia rubica,Habia rubica,Tachyphonus,Thraupidae,3,Medio
4114,Tachyphonus coronatus,Tachyphonus coronatus,Tachyphonus coronatus,Tachyphonus coronatus,Tachyphonus coronatus,Tachyphonus coronatus,Tachyphonus coronatus,Pyriglena leucoptera,Tachyphonus coronatus,Tachyphonus coronatus,Tachyphonus coronatus,Tachyphonus coronatus,Tachyphonus,Thraupidae,3,Medio
4115,Tachyphonus coronatus,Tachyphonus coronatus,Tachyphonus coronatus,Tachyphonus coronatus,Tachyphonus coronatus,Tachyphonus coronatus,Tachyphonus coronatus,Tachyphonus coronatus,Tachyphonus coronatus,Tachyphonus coronatus,Tachyphonus coronatus,Tachyphonus coronatus,Tachyphonus,Thraupidae,3,Medio
4116,Crypturellus obsoletus,Crypturellus obsoletus,Crypturellus obsoletus,Crypturellus obsoletus,Crypturellus obsoletus,Crypturellus obsoletus,Tinamus solitarius,Crypturellus obsoletus,Crypturellus obsoletus,Crypturellus obsoletus,Crypturellus obsoletus,Crypturellus obsoletus,Crypturellus,Tinamidae,1,Bajo
4117,Crypturellus obsoletus,Tinamus solitarius,Tinamus solitarius,Tinamus solitarius,Tinamus solitarius,Tinamus solitarius,Tinamus solitarius,Aramides saracura,Tinamus solitarius,Tinamus solitarius,Tinamus solitarius,Tinamus solitarius,Crypturellus,Tinamidae,1,Bajo
4118,Crypturellus obsoletus,Crypturellus obsoletus,Aramides saracura,Aramides saracura,Crypturellus obsoletus,Aramides saracura,Aramides saracura,Crypturellus obsoletus,Aramides saracura,Aramides saracura,Aramides saracura,Crypturellus obsoletus,Crypturellus,Tinamidae,1,Bajo
4119,Crypturellus obsoletus,Crypturellus obsoletus,Crypturellus obsoletus,Crypturellus obsoletus,Crypturellus obsoletus,Crypturellus obsoletus,Aramides saracura,Crypturellus obsoletus,Crypturellus obsoletus,Crypturellus obsoletus,Crypturellus obsoletus,Crypturellus obsoletus,Crypturellus,Tinamidae,1,Bajo
4120,Crypturellus obsoletus,Crypturellus tataupa,Crypturellus tataupa,Crypturellus tataupa,Crypturellus tataupa,Leptotila rufaxilla,Crypturellus tataupa,Leptotila rufaxilla,Crypturellus tataupa,Crypturellus tataupa,Crypturellus tataupa,Crypturellus tataupa,Crypturellus,Tinamidae,1,Bajo
4122,Crypturellus obsoletus,Crypturellus obsoletus,Crypturellus obsoletus,Crypturellus obsoletus,Crypturellus obsoletus,Aramides saracura,Aramides saracura,Crypturellus obsoletus,Crypturellus obsoletus,Crypturellus obsoletus,Crypturellus obsoletus,Crypturellus obsoletus,Crypturellus,Tinamidae,1,Bajo
4123,Crypturellus obsoletus,Crypturellus obsoletus,Crypturellus obsoletus,Crypturellus obsoletus,Crypturellus obsoletus,Crypturellus obsoletus,Crypturellus obsoletus,Crypturellus obsoletus,Crypturellus obsoletus,Crypturellus obsoletus,Crypturellus obsoletus,Crypturellus obsoletus,Crypturellus,Tinamidae,1,Bajo
4124,Crypturellus obsoletus,Crypturellus obsoletus,Tinamus solitarius,Crypturellus obsoletus,Crypturellus obsoletus,Crypturellus obsoletus,Tinamus solitarius,Crypturellus obsoletus,Tinamus solitarius,Tinamus solitarius,Tinamus solitarius,Crypturellus obsoletus,Crypturellus,Tinamidae,1,Bajo
4125,Crypturellus obsoletus,Crypturellus obsoletus,Crypturellus obsoletus,Crypturellus obsoletus,Crypturellus obsoletus,Crypturellus obsoletus,Tinamus solitarius,Crypturellus obsoletus,Crypturellus obsoletus,Crypturellus obsoletus,Crypturellus obsoletus,Crypturellus obsoletus,Crypturellus,Tinamidae,1,Bajo
4126,Crypturellus obsoletus,Tinamus solitarius,Tinamus solitarius,Tinamus solitarius,Crypturellus obsoletus,Tinamus solitarius,Tinamus solitarius,Tinamus solitarius,Tinamus solitarius,Tinamus solitarius,Tinamus solitarius,Tinamus solitarius,Crypturellus,Tinamidae,1,Bajo
4127,Crypturellus obsoletus,Tinamus solitarius,Tinamus solitarius,Tinamus solitarius,Tinamus solitarius,Tinamus solitarius,Tinamus solitarius,Tinamus solitarius,Tinamus solitarius,Tinamus solitarius,Tinamus solitarius,Tinamus solitarius,Crypturellus,Tinamidae,1,Bajo
4128,Crypturellus obsoletus,Crypturellus obsoletus,Crypturellus obsoletus,Crypturellus obsoletus,Crypturellus obsoletus,Crypturellus obsoletus,Tinamus solitarius,Crypturellus obsoletus,Crypturellus obsoletus,Crypturellus obsoletus,Crypturellus obsoletus,Crypturellus obsoletus,Crypturellus,Tinamidae,1,Bajo
4129,Crypturellus obsoletus,Crypturellus obsoletus,Crypturellus obsoletus,Crypturellus obsoletus,Tinamus solitarius,Tinamus solitarius,Tinamus solitarius,Crypturellus obsoletus,Crypturellus obsoletus,Crypturellus obsoletus,Crypturellus obsoletus,Crypturellus obsoletus,Crypturellus,Tinamidae,1,Bajo
4130,Crypturellus obsoletus,Crypturellus obsoletus,Crypturellus obsoletus,Aramides saracura,Crypturellus obsoletus,Crypturellus obsoletus,Tinamus solitarius,Aramides saracura,Crypturellus obsoletus,Crypturellus obsoletus,Crypturellus obsoletus,Crypturellus obsoletus,Crypturellus,Tinamidae,1,Bajo
4131,Crypturellus obsoletus,Crypturellus obsoletus,Crypturellus tataupa,Crypturellus obsoletus,Crypturellus obsoletus,Tinamus solitarius,Tinamus solitarius,Tinamus solitarius,Crypturellus tataupa,Crypturellus tataupa,Crypturellus tataupa,Crypturellus obsoletus,Crypturellus,Tinamidae,1,Bajo
4132,Crypturellus obsoletus,Crypturellus obsoletus,Tinamus solitarius,Crypturellus obsoletus,Leptotila rufaxilla,Tinamus solitarius,Tinamus solitarius,Tinamus solitarius,Tinamus solitarius,Tinamus solitarius,Tinamus solitarius,Crypturellus obsoletus,Crypturellus,Tinamidae,1,Bajo
4133,Crypturellus obsoletus,Crypturellus obsoletus,Crypturellus obsoletus,Crypturellus obsoletus,Crypturellus obsoletus,Aramides saracura,Aramides saracura,Crypturellus obsoletus,Crypturellus obsoletus,Crypturellus obsoletus,Crypturellus obsoletus,Crypturellus obsoletus,Crypturellus,Tinamidae,1,Bajo
4134,Crypturellus obsoletus,Crypturellus obsoletus,Crypturellus obsoletus,Crypturellus obsoletus,Crypturellus obsoletus,Tinamus solitarius,Tinamus solitarius,Crypturellus obsoletus,Crypturellus obsoletus,Crypturellus obsoletus,Crypturellus obsoletus,Crypturellus obsoletus,Crypturellus,Tinamidae,1,Bajo
4136,Crypturellus obsoletus,Dasyprocta azarae,Grallaria varia,Crypturellus obsoletus,Crypturellus obsoletus,Dasyprocta azarae,Dasyprocta azarae,Dasyprocta azarae,Grallaria varia,Grallaria varia,Grallaria varia,Dasyprocta azarae,Crypturellus,Tinamidae,1,Bajo
4138,Crypturellus obsoletus,Crypturellus obsoletus,Crypturellus tataupa,Crypturellus obsoletus,Crypturellus obsoletus,Crypturellus obsoletus,Aramides saracura,Crypturellus obsoletus,Crypturellus tataupa,Crypturellus tataupa,Crypturellus tataupa,Crypturellus obsoletus,Crypturellus,Tinamidae,1,Bajo
4139,Crypturellus obsoletus,Crypturellus obsoletus,Crypturellus obsoletus,Crypturellus obsoletus,Crypturellus obsoletus,Crypturellus obsoletus,Tinamus solitarius,Crypturellus obsoletus,Crypturellus obsoletus,Crypturellus obsoletus,Crypturellus obsoletus,Crypturellus obsoletus,Crypturellus,Tinamidae,1,Bajo
4140,Crypturellus obsoletus,Geotrygon montana,Geotrygon montana,Crypturellus obsoletus,Tinamus solitarius,Tinamus solitarius,Tinamus solitarius,Tinamus solitarius,Geotrygon montana,Geotrygon montana,Geotrygon montana,Geotrygon montana,Crypturellus,Tinamidae,1,Bajo
4141,Crypturellus obsoletus,Crypturellus obsoletus,Crypturellus obsoletus,Crypturellus obsoletus,Crypturellus obsoletus,Tinamus solitarius,Tinamus solitarius,Crypturellus obsoletus,Crypturellus obsoletus,Crypturellus obsoletus,Crypturellus obsoletus,Crypturellus obsoletus,Crypturellus,Tinamidae,1,Bajo
4144,Crypturellus obsoletus,Leptotila rufaxilla,Leptotila rufaxilla,Leptotila rufaxilla,Leptotila rufaxilla,Leptotila rufaxilla,Leptotila rufaxilla,Leptotila rufaxilla,Leptotila rufaxilla,Leptotila rufaxilla,Leptotila rufaxilla,Leptotila rufaxilla,Crypturellus,Tinamidae,1,Bajo
4145,Crypturellus obsoletus,Crypturellus obsoletus,Tinamus solitarius,Aramides saracura,Crypturellus obsoletus,Aramides saracura,Aramides saracura,Aramides saracura,Tinamus solitarius,Tinamus solitarius,Tinamus solitarius,Crypturellus obsoletus,Crypturellus,Tinamidae,1,Bajo
4146,Crypturellus obsoletus,Crypturellus obsoletus,Crypturellus obsoletus,Crypturellus obsoletus,Crypturellus obsoletus,Crypturellus obsoletus,Tinamus solitarius,Crypturellus obsoletus,Crypturellus obsoletus,Crypturellus obsoletus,Crypturellus obsoletus,Crypturellus obsoletus,Crypturellus,Tinamidae,1,Bajo
4147,Crypturellus obsoletus,Crypturellus obsoletus,Crypturellus obsoletus,Crypturellus obsoletus,Crypturellus obsoletus,Tinamus solitarius,Tinamus solitarius,Crypturellus obsoletus,Crypturellus obsoletus,Crypturellus obsoletus,Crypturellus obsoletus,Crypturellus obsoletus,Crypturellus,Tinamidae,1,Bajo
4148,Crypturellus obsoletus,Crypturellus obsoletus,Crypturellus obsoletus,Crypturellus obsoletus,Crypturellus obsoletus,Crypturellus obsoletus,Tinamus solitarius,Crypturellus obsoletus,Crypturellus obsoletus,Crypturellus obsoletus,Crypturellus obsoletus,Crypturellus obsoletus,Crypturellus,Tinamidae,1,Bajo
4149,Crypturellus obsoletus,Crypturellus obsoletus,Crypturellus obsoletus,Tinamus solitarius,Crypturellus obsoletus,Tinamus solitarius,Tinamus solitarius,Aramides saracura,Crypturellus obsoletus,Crypturellus obsoletus,Crypturellus obsoletus,Crypturellus obsoletus,Crypturellus,Tinamidae,1,Bajo
4150,Crypturellus obsoletus,Crypturellus obsoletus,Aramides saracura,Aramides saracura,Crypturellus obsoletus,Crypturellus obsoletus,Aramides saracura,Crypturellus obsoletus,Aramides saracura,Aramides saracura,Aramides saracura,Crypturellus obsoletus,Crypturellus,Tinamidae,1,Bajo
4151,Crypturellus obsoletus,Crypturellus obsoletus,Crypturellus obsoletus,Crypturellus obsoletus,Crypturellus obsoletus,Crypturellus obsoletus,Tinamus solitarius,Tinamus solitarius,Crypturellus obsoletus,Crypturellus obsoletus,Crypturellus obsoletus,Crypturellus obsoletus,Crypturellus,Tinamidae,1,Bajo
4152,Crypturellus obsoletus,Crypturellus tataupa,Crypturellus tataupa,Tinamus solitarius,Tinamus solitarius,Crypturellus tataupa,Leptotila rufaxilla,Leptotila rufaxilla,Crypturellus tataupa,Crypturellus tataupa,Crypturellus tataupa,Crypturellus tataupa,Crypturellus,Tinamidae,1,Bajo
4154,Crypturellus obsoletus,Crypturellus obsoletus,Crypturellus obsoletus,Crypturellus obsoletus,Crypturellus obsoletus,Tinamus solitarius,Tinamus solitarius,Crypturellus obsoletus,Crypturellus obsoletus,Crypturellus obsoletus,Crypturellus obsoletus,Crypturellus obsoletus,Crypturellus,Tinamidae,1,Bajo
4155,Crypturellus obsoletus,Tinamus solitarius,Crypturellus obsoletus,Tinamus solitarius,Tinamus solitarius,Tinamus solitarius,Tinamus solitarius,Tinamus solitarius,Crypturellus obsoletus,Crypturellus obsoletus,Crypturellus obsoletus,Tinamus solitarius,Crypturellus,Tinamidae,1,Bajo
4156,Crypturellus obsoletus,Crypturellus obsoletus,Crypturellus obsoletus,Crypturellus obsoletus,Crypturellus obsoletus,Crypturellus obsoletus,Aramides saracura,Crypturellus obsoletus,Crypturellus obsoletus,Crypturellus obsoletus,Crypturellus obsoletus,Crypturellus obsoletus,Crypturellus,Tinamidae,1,Bajo
4158,Crypturellus obsoletus,Crypturellus obsoletus,Crypturellus obsoletus,Crypturellus obsoletus,Crypturellus obsoletus,Crypturellus obsoletus,Tinamus solitarius,Crypturellus obsoletus,Crypturellus obsoletus,Crypturellus obsoletus,Crypturellus obsoletus,Crypturellus obsoletus,Crypturellus,Tinamidae,1,Bajo
4159,Crypturellus obsoletus,Crypturellus obsoletus,Crypturellus obsoletus,Crypturellus obsoletus,Crypturellus obsoletus,Tinamus solitarius,Tinamus solitarius,Tinamus solitarius,Crypturellus obsoletus,Crypturellus obsoletus,Crypturellus obsoletus,Crypturellus obsoletus,Crypturellus,Tinamidae,1,Bajo
4162,Crypturellus tataupa,Aramides saracura,Crypturellus obsoletus,Aramides saracura,Aramides saracura,Aramides saracura,Aramides saracura,Aramides saracura,Crypturellus obsoletus,Crypturellus obsoletus,Crypturellus obsoletus,Aramides saracura,Crypturellus,Tinamidae,1,Bajo
4163,Crypturellus tataupa,Crypturellus tataupa,Crypturellus tataupa,Crypturellus obsoletus,Crypturellus obsoletus,Crypturellus tataupa,Tinamus solitarius,Tinamus solitarius,Crypturellus tataupa,Crypturellus tataupa,Crypturellus tataupa,Crypturellus tataupa,Crypturellus,Tinamidae,1,Bajo
4165,Crypturellus tataupa,Aramides saracura,Crypturellus obsoletus,Aramides saracura,Crypturellus obsoletus,Aramides saracura,Aramides saracura,Aramides saracura,Crypturellus obsoletus,Crypturellus obsoletus,Crypturellus obsoletus,Aramides saracura,Crypturellus,Tinamidae,1,Bajo
4166,Crypturellus tataupa,Crypturellus obsoletus,Crypturellus obsoletus,Crypturellus obsoletus,Crypturellus obsoletus,Crypturellus obsoletus,Tinamus solitarius,Crypturellus obsoletus,Crypturellus obsoletus,Crypturellus obsoletus,Crypturellus obsoletus,Crypturellus obsoletus,Crypturellus,Tinamidae,1,Bajo
4167,Crypturellus tataupa,Lontra longicaudis,Crypturellus obsoletus,Crypturellus obsoletus,Crypturellus obsoletus,Crypturellus obsoletus,Lontra longicaudis,Myiothlypis leucoblephara,Crypturellus obsoletus,Crypturellus obsoletus,Crypturellus obsoletus,Crypturellus obsoletus,Crypturellus,Tinamidae,1,Bajo
4169,Crypturellus tataupa,Crypturellus obsoletus,Crypturellus tataupa,Aramides saracura,Crypturellus obsoletus,Aramides saracura,Aramides saracura,Crypturellus tataupa,Crypturellus tataupa,Crypturellus tataupa,Crypturellus tataupa,Crypturellus obsoletus,Crypturellus,Tinamidae,1,Bajo
4171,Crypturellus tataupa,Aramides saracura,Crypturellus obsoletus,Crypturellus obsoletus,Aramides saracura,Aramides saracura,Aramides saracura,Crypturellus obsoletus,Crypturellus obsoletus,Crypturellus obsoletus,Crypturellus obsoletus,Aramides saracura,Crypturellus,Tinamidae,1,Bajo
4172,Crypturellus tataupa,Aramides saracura,Aramides saracura,Aramides saracura,Aramides saracura,Aramides saracura,Aramides saracura,Aramides saracura,Aramides saracura,Aramides saracura,Aramides saracura,Aramides saracura,Crypturellus,Tinamidae,1,Bajo
4173,Crypturellus tataupa,Crypturellus tataupa,Crypturellus tataupa,Crypturellus tataupa,Crypturellus obsoletus,Aramides saracura,Tinamus solitarius,Aramides saracura,Crypturellus tataupa,Crypturellus tataupa,Crypturellus tataupa,Crypturellus tataupa,Crypturellus,Tinamidae,1,Bajo
4175,Crypturellus tataupa,Crypturellus tataupa,Crypturellus obsoletus,Aramides saracura,Aramides saracura,Aramides saracura,Aramides saracura,Aramides saracura,Crypturellus obsoletus,Crypturellus obsoletus,Crypturellus obsoletus,Crypturellus tataupa,Crypturellus,Tinamidae,1,Bajo
4177,Crypturellus tataupa,Crypturellus tataupa,Crypturellus obsoletus,Aramides saracura,Crypturellus obsoletus,Aramides saracura,Aramides saracura,Aramides saracura,Crypturellus obsoletus,Crypturellus obsoletus,Crypturellus obsoletus,Crypturellus tataupa,Crypturellus,Tinamidae,1,Bajo
4178,Crypturellus tataupa,Crypturellus tataupa,Aramides saracura,Aramides saracura,Crypturellus obsoletus,Aramides saracura,Aramides saracura,Aramides saracura,Aramides saracura,Aramides saracura,Aramides saracura,Crypturellus tataupa,Crypturellus,Tinamidae,1,Bajo
4179,Crypturellus tataupa,Crypturellus obsoletus,Crypturellus obsoletus,Crypturellus obsoletus,Crypturellus obsoletus,Aramides saracura,Aramides saracura,Aramides saracura,Crypturellus obsoletus,Crypturellus obsoletus,Crypturellus obsoletus,Crypturellus obsoletus,Crypturellus,Tinamidae,1,Bajo
4180,Crypturellus tataupa,Crypturellus obsoletus,Crypturellus obsoletus,Crypturellus obsoletus,Crypturellus obsoletus,Aramides saracura,Aramides saracura,Crypturellus obsoletus,Crypturellus obsoletus,Crypturellus obsoletus,Crypturellus obsoletus,Crypturellus obsoletus,Crypturellus,Tinamidae,1,Bajo
4181,Crypturellus tataupa,Crypturellus tataupa,Odontophorus capueira,Aramides saracura,Crypturellus tataupa,Crypturellus tataupa,Aramides saracura,Crypturellus tataupa,Odontophorus capueira,Odontophorus capueira,Odontophorus capueira,Crypturellus tataupa,Crypturellus,Tinamidae,1,Bajo
4182,Crypturellus tataupa,Crypturellus tataupa,Crypturellus tataupa,Crypturellus tataupa,Crypturellus tataupa,Aramides saracura,Aramides saracura,Crypturellus tataupa,Crypturellus tataupa,Crypturellus tataupa,Crypturellus tataupa,Crypturellus tataupa,Crypturellus,Tinamidae,1,Bajo
4183,Crypturellus tataupa,Crypturellus obsoletus,Crypturellus obsoletus,Crypturellus obsoletus,Crypturellus obsoletus,Crypturellus tataupa,Aramides saracura,Crypturellus obsoletus,Crypturellus obsoletus,Crypturellus obsoletus,Crypturellus obsoletus,Crypturellus obsoletus,Crypturellus,Tinamidae,1,Bajo
4184,Crypturellus tataupa,Crypturellus tataupa,Crypturellus tataupa,Crypturellus tataupa,Crypturellus tataupa,Crypturellus tataupa,Aramides saracura,Aramides saracura,Crypturellus tataupa,Crypturellus tataupa,Crypturellus tataupa,Crypturellus tataupa,Crypturellus,Tinamidae,1,Bajo
4185,Crypturellus tataupa,Geotrygon montana,Geotrygon montana,Crypturellus tataupa,Aramides saracura,Aramides saracura,Aramides saracura,Aramides saracura,Geotrygon montana,Geotrygon montana,Geotrygon montana,Geotrygon montana,Crypturellus,Tinamidae,1,Bajo
4186,Crypturellus tataupa,Crypturellus tataupa,Crypturellus obsoletus,Crypturellus tataupa,Crypturellus tataupa,Crypturellus tataupa,Tinamus solitarius,Crypturellus obsoletus,Crypturellus obsoletus,Crypturellus obsoletus,Crypturellus obsoletus,Crypturellus tataupa,Crypturellus,Tinamidae,1,Bajo
4189,Crypturellus tataupa,Crypturellus obsoletus,Crypturellus obsoletus,Crypturellus obsoletus,Crypturellus obsoletus,Nothura maculosa,Aramides saracura,Crypturellus obsoletus,Crypturellus obsoletus,Crypturellus obsoletus,Crypturellus obsoletus,Crypturellus obsoletus,Crypturellus,Tinamidae,1,Bajo
4190,Crypturellus tataupa,Geotrygon montana,Synallaxis ruficapilla,Geotrygon montana,Aramides saracura,Aramides saracura,Aramides saracura,Aramides saracura,Synallaxis ruficapilla,Synallaxis ruficapilla,Synallaxis ruficapilla,Geotrygon montana,Crypturellus,Tinamidae,1,Bajo
4191,Crypturellus tataupa,Aramides saracura,Leptotila rufaxilla,Aramides saracura,Aramides saracura,Aramides saracura,Aramides saracura,Aramides saracura,Leptotila rufaxilla,Leptotila rufaxilla,Leptotila rufaxilla,Aramides saracura,Crypturellus,Tinamidae,1,Bajo
4192,Crypturellus tataupa,Crypturellus tataupa,Tinamus solitarius,Crypturellus tataupa,Crypturellus tataupa,Crypturellus tataupa,Crypturellus tataupa,Crypturellus tataupa,Tinamus solitarius,Tinamus solitarius,Tinamus solitarius,Crypturellus tataupa,Crypturellus,Tinamidae,1,Bajo
4193,Crypturellus tataupa,Aramides saracura,Aramides saracura,Aramides saracura,Crypturellus tataupa,Aramides saracura,Aramides saracura,Aramides saracura,Aramides saracura,Aramides saracura,Aramides saracura,Aramides saracura,Crypturellus,Tinamidae,1,Bajo
4194,Crypturellus tataupa,Crypturellus tataupa,Crypturellus tataupa,Crypturellus obsoletus,Crypturellus tataupa,Crypturellus tataupa,Aramides saracura,Crypturellus tataupa,Crypturellus tataupa,Crypturellus tataupa,Crypturellus tataupa,Crypturellus tataupa,Crypturellus,Tinamidae,1,Bajo
4195,Crypturellus tataupa,Crypturellus tataupa,Crypturellus tataupa,Crypturellus tataupa,Crypturellus tataupa,Aramides saracura,Aramides saracura,Aramides saracura,Crypturellus tataupa,Crypturellus tataupa,Crypturellus tataupa,Crypturellus tataupa,Crypturellus,Tinamidae,1,Bajo
4196,Crypturellus tataupa,Crypturellus tataupa,Crypturellus tataupa,Aramides saracura,Crypturellus obsoletus,Aramides saracura,Aramides saracura,Crypturellus obsoletus,Crypturellus tataupa,Crypturellus tataupa,Crypturellus tataupa,Crypturellus tataupa,Crypturellus,Tinamidae,1,Bajo
4198,Crypturellus tataupa,Crypturellus tataupa,Crypturellus tataupa,Crypturellus tataupa,Crypturellus tataupa,Crypturellus tataupa,Tinamus solitarius,Crypturellus tataupa,Crypturellus tataupa,Crypturellus tataupa,Crypturellus tataupa,Crypturellus tataupa,Crypturellus,Tinamidae,1,Bajo
4199,Crypturellus tataupa,Crypturellus tataupa,Aramides saracura,Crypturellus obsoletus,Aramides saracura,Aramides saracura,Aramides saracura,Aramides saracura,Aramides saracura,Aramides saracura,Aramides saracura,Crypturellus tataupa,Crypturellus,Tinamidae,1,Bajo
4200,Crypturellus tataupa,Crypturellus tataupa,Crypturellus tataupa,Crypturellus tataupa,Crypturellus obsoletus,Crypturellus tataupa,Aramides saracura,Aramides saracura,Crypturellus tataupa,Crypturellus tataupa,Crypturellus tataupa,Crypturellus tataupa,Crypturellus,Tinamidae,1,Bajo
4201,Crypturellus tataupa,Crypturellus obsoletus,Crypturellus obsoletus,Crypturellus obsoletus,Crypturellus obsoletus,Crypturellus obsoletus,Aramides saracura,Crypturellus obsoletus,Crypturellus obsoletus,Crypturellus obsoletus,Crypturellus obsoletus,Crypturellus obsoletus,Crypturellus,Tinamidae,1,Bajo
4204,Nothura maculosa,Nothura maculosa,Nothura maculosa,Nothura maculosa,Nothura maculosa,Nothura maculosa,Nothura maculosa,Nothura maculosa,Nothura maculosa,Nothura maculosa,Nothura maculosa,Nothura maculosa,Nothura,Tinamidae,1,Bajo
4205,Nothura maculosa,Nothura maculosa,Nothura maculosa,Nothura maculosa,Nothura maculosa,Nothura maculosa,Nothura maculosa,Nothura maculosa,Nothura maculosa,Nothura maculosa,Nothura maculosa,Nothura maculosa,Nothura,Tinamidae,1,Bajo
4206,Nothura maculosa,Nothura maculosa,Nothura maculosa,Nothura maculosa,Nothura maculosa,Nothura maculosa,Nothura maculosa,Nothura maculosa,Nothura maculosa,Nothura maculosa,Nothura maculosa,Nothura maculosa,Nothura,Tinamidae,1,Bajo
4207,Nothura maculosa,Nothura maculosa,Nothura maculosa,Nothura maculosa,Nothura maculosa,Nothura maculosa,Nothura maculosa,Nothura maculosa,Nothura maculosa,Nothura maculosa,Nothura maculosa,Nothura maculosa,Nothura,Tinamidae,1,Bajo
4208,Nothura maculosa,Nothura maculosa,Nothura maculosa,Nothura maculosa,Nothura maculosa,Nothura maculosa,Nothura maculosa,Nothura maculosa,Nothura maculosa,Nothura maculosa,Nothura maculosa,Nothura maculosa,Nothura,Tinamidae,1,Bajo
4209,Nothura maculosa,Nothura maculosa,Nothura maculosa,Nothura maculosa,Nothura maculosa,Nothura maculosa,Nothura maculosa,Nothura maculosa,Nothura maculosa,Nothura maculosa,Nothura maculosa,Nothura maculosa,Nothura,Tinamidae,1,Bajo
4210,Nothura maculosa,Nothura maculosa,Nothura maculosa,Nothura maculosa,Nothura maculosa,Nothura maculosa,Nothura maculosa,Nothura maculosa,Nothura maculosa,Nothura maculosa,Nothura maculosa,Nothura maculosa,Nothura,Tinamidae,1,Bajo
4211,Nothura maculosa,Nothura maculosa,Nothura maculosa,Nothura maculosa,Nothura maculosa,Nothura maculosa,Nothura maculosa,Nothura maculosa,Nothura maculosa,Nothura maculosa,Nothura maculosa,Nothura maculosa,Nothura,Tinamidae,1,Bajo
4212,Nothura maculosa,Nothura maculosa,Nothura maculosa,Nothura maculosa,Nothura maculosa,Nothura maculosa,Nothura maculosa,Nothura maculosa,Nothura maculosa,Nothura maculosa,Nothura maculosa,Nothura maculosa,Nothura,Tinamidae,1,Bajo
4213,Nothura maculosa,Nothura maculosa,Nothura maculosa,Nothura maculosa,Nothura maculosa,Nothura maculosa,Nothura maculosa,Nothura maculosa,Nothura maculosa,Nothura maculosa,Nothura maculosa,Nothura maculosa,Nothura,Tinamidae,1,Bajo
4214,Nothura maculosa,Nothura maculosa,Nothura maculosa,Nothura maculosa,Nothura maculosa,Nothura maculosa,Nothura maculosa,Nothura maculosa,Nothura maculosa,Nothura maculosa,Nothura maculosa,Nothura maculosa,Nothura,Tinamidae,1,Bajo
4215,Nothura maculosa,Nothura maculosa,Nothura maculosa,Nothura maculosa,Nothura maculosa,Nothura maculosa,Nothura maculosa,Nothura maculosa,Nothura maculosa,Nothura maculosa,Nothura maculosa,Nothura maculosa,Nothura,Tinamidae,1,Bajo
4216,Nothura maculosa,Nothura maculosa,Nothura maculosa,Nothura maculosa,Nothura maculosa,Nothura maculosa,Nothura maculosa,Nothura maculosa,Nothura maculosa,Nothura maculosa,Nothura maculosa,Nothura maculosa,Nothura,Tinamidae,1,Bajo
4217,Nothura maculosa,Nothura maculosa,Nothura maculosa,Nothura maculosa,Nothura maculosa,Nothura maculosa,Nothura maculosa,Nothura maculosa,Nothura maculosa,Nothura maculosa,Nothura maculosa,Nothura maculosa,Nothura,Tinamidae,1,Bajo
4219,Nothura maculosa,Nothura maculosa,Nothura maculosa,Nothura maculosa,Nothura maculosa,Nothura maculosa,Nothura maculosa,Nothura maculosa,Nothura maculosa,Nothura maculosa,Nothura maculosa,Nothura maculosa,Nothura,Tinamidae,1,Bajo
4220,Nothura maculosa,Nothura maculosa,Nothura maculosa,Nothura maculosa,Nothura maculosa,Nothura maculosa,Nothura maculosa,Nothura maculosa,Nothura maculosa,Nothura maculosa,Nothura maculosa,Nothura maculosa,Nothura,Tinamidae,1,Bajo
4223,Nothura maculosa,Nothura maculosa,Nothura maculosa,Nothura maculosa,Nothura maculosa,Nothura maculosa,Nothura maculosa,Nothura maculosa,Nothura maculosa,Nothura maculosa,Nothura maculosa,Nothura maculosa,Nothura,Tinamidae,1,Bajo
4224,Nothura maculosa,Nothura maculosa,Nothura maculosa,Nothura maculosa,Nothura maculosa,Nothura maculosa,Nothura maculosa,Nothura maculosa,Nothura maculosa,Nothura maculosa,Nothura maculosa,Nothura maculosa,Nothura,Tinamidae,1,Bajo
4225,Nothura maculosa,Nothura maculosa,Nothura maculosa,Nothura maculosa,Nothura maculosa,Nothura maculosa,Nothura maculosa,Nothura maculosa,Nothura maculosa,Nothura maculosa,Nothura maculosa,Nothura maculosa,Nothura,Tinamidae,1,Bajo
4226,Nothura maculosa,Nothura maculosa,Nothura maculosa,Nothura maculosa,Nothura maculosa,Nothura maculosa,Nothura maculosa,Nothura maculosa,Nothura maculosa,Nothura maculosa,Nothura maculosa,Nothura maculosa,Nothura,Tinamidae,1,Bajo
4227,Nothura maculosa,Nothura maculosa,Nothura maculosa,Nothura maculosa,Nothura maculosa,Nothura maculosa,Nothura maculosa,Nothura maculosa,Nothura maculosa,Nothura maculosa,Nothura maculosa,Nothura maculosa,Nothura,Tinamidae,1,Bajo
4228,Nothura maculosa,Nothura maculosa,Nothura maculosa,Nothura maculosa,Nothura maculosa,Nothura maculosa,Nothura maculosa,Nothura maculosa,Nothura maculosa,Nothura maculosa,Nothura maculosa,Nothura maculosa,Nothura,Tinamidae,1,Bajo
4229,Nothura maculosa,Nothura maculosa,Nothura maculosa,Nothura maculosa,Nothura maculosa,Nothura maculosa,Nothura maculosa,Nothura maculosa,Nothura maculosa,Nothura maculosa,Nothura maculosa,Nothura maculosa,Nothura,Tinamidae,1,Bajo
4230,Nothura maculosa,Nothura maculosa,Nothura maculosa,Nothura maculosa,Nothura maculosa,Nothura maculosa,Nothura maculosa,Nothura maculosa,Nothura maculosa,Nothura maculosa,Nothura maculosa,Nothura maculosa,Nothura,Tinamidae,1,Bajo
4232,Nothura maculosa,Nothura maculosa,Nothura maculosa,Nothura maculosa,Nothura maculosa,Nothura maculosa,Nothura maculosa,Nothura maculosa,Nothura maculosa,Nothura maculosa,Nothura maculosa,Nothura maculosa,Nothura,Tinamidae,1,Bajo
4234,Nothura maculosa,Nothura maculosa,Nothura maculosa,Nothura maculosa,Nothura maculosa,Nothura maculosa,Nothura maculosa,Nothura maculosa,Nothura maculosa,Nothura maculosa,Nothura maculosa,Nothura maculosa,Nothura,Tinamidae,1,Bajo
4235,Nothura maculosa,Nothura maculosa,Nothura maculosa,Nothura maculosa,Nothura maculosa,Nothura maculosa,Nothura maculosa,Nothura maculosa,Nothura maculosa,Nothura maculosa,Nothura maculosa,Nothura maculosa,Nothura,Tinamidae,1,Bajo
4236,Nothura maculosa,Nothura maculosa,Nothura maculosa,Nothura maculosa,Nothura maculosa,Nothura maculosa,Nothura maculosa,Nothura maculosa,Nothura maculosa,Nothura maculosa,Nothura maculosa,Nothura maculosa,Nothura,Tinamidae,1,Bajo
4237,Nothura maculosa,Nothura maculosa,Nothura maculosa,Nothura maculosa,Nothura maculosa,Nothura maculosa,Nothura maculosa,Nothura maculosa,Nothura maculosa,Nothura maculosa,Nothura maculosa,Nothura maculosa,Nothura,Tinamidae,1,Bajo
4238,Nothura maculosa,Nothura maculosa,Nothura maculosa,Nothura maculosa,Nothura maculosa,Nothura maculosa,Nothura maculosa,Nothura maculosa,Nothura maculosa,Nothura maculosa,Nothura maculosa,Nothura maculosa,Nothura,Tinamidae,1,Bajo
4239,Nothura maculosa,Nothura maculosa,Nothura maculosa,Nothura maculosa,Nothura maculosa,Nothura maculosa,Nothura maculosa,Nothura maculosa,Nothura maculosa,Nothura maculosa,Nothura maculosa,Nothura maculosa,Nothura,Tinamidae,1,Bajo
4242,Nothura maculosa,Nothura maculosa,Nothura maculosa,Nothura maculosa,Nothura maculosa,Nothura maculosa,Nothura maculosa,Nothura maculosa,Nothura maculosa,Nothura maculosa,Nothura maculosa,Nothura maculosa,Nothura,Tinamidae,1,Bajo
4243,Nothura maculosa,Nothura maculosa,Nothura maculosa,Nothura maculosa,Nothura maculosa,Nothura maculosa,Nothura maculosa,Nothura maculosa,Nothura maculosa,Nothura maculosa,Nothura maculosa,Nothura maculosa,Nothura,Tinamidae,1,Bajo
4244,Nothura maculosa,Nothura maculosa,Nothura maculosa,Nothura maculosa,Nothura maculosa,Nothura maculosa,Nothura maculosa,Nothura maculosa,Nothura maculosa,Nothura maculosa,Nothura maculosa,Nothura maculosa,Nothura,Tinamidae,1,Bajo
4245,Nothura maculosa,Nothura maculosa,Lepus europaeus,Lepus europaeus,Nothura maculosa,Nothura maculosa,Hydropsalis torquata,Nyctidromus albicollis,Lepus europaeus,Lepus europaeus,Lepus europaeus,Nothura maculosa,Nothura,Tinamidae,1,Bajo
4246,Nothura maculosa,Nothura maculosa,Aramides saracura,Aramides saracura,Aramides saracura,Nothura maculosa,Nothura maculosa,Nothura maculosa,Aramides saracura,Aramides saracura,Aramides saracura,Nothura maculosa,Nothura,Tinamidae,1,Bajo
4247,Nothura maculosa,Nothura maculosa,Nothura maculosa,Nothura maculosa,Nothura maculosa,Nothura maculosa,Nothura maculosa,Nothura maculosa,Nothura maculosa,Nothura maculosa,Nothura maculosa,Nothura maculosa,Nothura,Tinamidae,1,Bajo
4248,Nothura maculosa,Nothura maculosa,Nothura maculosa,Nothura maculosa,Nothura maculosa,Nothura maculosa,Nothura maculosa,Nothura maculosa,Nothura maculosa,Nothura maculosa,Nothura maculosa,Nothura maculosa,Nothura,Tinamidae,1,Bajo
4249,Nothura maculosa,Nothura maculosa,Nothura maculosa,Nothura maculosa,Nothura maculosa,Nothura maculosa,Nothura maculosa,Nothura maculosa,Nothura maculosa,Nothura maculosa,Nothura maculosa,Nothura maculosa,Nothura,Tinamidae,1,Bajo
4251,Nothura maculosa,Nothura maculosa,Nothura maculosa,Nothura maculosa,Nothura maculosa,Nothura maculosa,Nothura maculosa,Nothura maculosa,Nothura maculosa,Nothura maculosa,Nothura maculosa,Nothura maculosa,Nothura,Tinamidae,1,Bajo
4252,Nothura maculosa,Nothura maculosa,Nothura maculosa,Nothura maculosa,Nothura maculosa,Nothura maculosa,Nothura maculosa,Nothura maculosa,Nothura maculosa,Nothura maculosa,Nothura maculosa,Nothura maculosa,Nothura,Tinamidae,1,Bajo
4253,Nothura maculosa,Nothura maculosa,Nothura maculosa,Nothura maculosa,Nothura maculosa,Nothura maculosa,Nothura maculosa,Nothura maculosa,Nothura maculosa,Nothura maculosa,Nothura maculosa,Nothura maculosa,Nothura,Tinamidae,1,Bajo
4254,Nothura maculosa,Nothura maculosa,Nothura maculosa,Nothura maculosa,Nothura maculosa,Nothura maculosa,Nothura maculosa,Nothura maculosa,Nothura maculosa,Nothura maculosa,Nothura maculosa,Nothura maculosa,Nothura,Tinamidae,1,Bajo
4255,Nothura maculosa,Nothura maculosa,Nothura maculosa,Nothura maculosa,Nothura maculosa,Nothura maculosa,Nothura maculosa,Nothura maculosa,Nothura maculosa,Nothura maculosa,Nothura maculosa,Nothura maculosa,Nothura,Tinamidae,1,Bajo
4256,Nothura maculosa,Nothura maculosa,Nothura maculosa,Nothura maculosa,Nothura maculosa,Nothura maculosa,Nothura maculosa,Nothura maculosa,Nothura maculosa,Nothura maculosa,Nothura maculosa,Nothura maculosa,Nothura,Tinamidae,1,Bajo
4257,Nothura maculosa,Nothura maculosa,Nothura maculosa,Nothura maculosa,Nothura maculosa,Nothura maculosa,Nothura maculosa,Nothura maculosa,Nothura maculosa,Nothura maculosa,Nothura maculosa,Nothura maculosa,Nothura,Tinamidae,1,Bajo
4258,Nothura maculosa,Nothura maculosa,Nothura maculosa,Nothura maculosa,Nothura maculosa,Nothura maculosa,Nothura maculosa,Nothura maculosa,Nothura maculosa,Nothura maculosa,Nothura maculosa,Nothura maculosa,Nothura,Tinamidae,1,Bajo
4259,Nothura maculosa,Nothura maculosa,Nothura maculosa,Nothura maculosa,Nothura maculosa,Nothura maculosa,Nothura maculosa,Nothura maculosa,Nothura maculosa,Nothura maculosa,Nothura maculosa,Nothura maculosa,Nothura,Tinamidae,1,Bajo
4261,Nothura maculosa,Nothura maculosa,Nothura maculosa,Nothura maculosa,Nothura maculosa,Nothura maculosa,Nothura maculosa,Nothura maculosa,Nothura maculosa,Nothura maculosa,Nothura maculosa,Nothura maculosa,Nothura,Tinamidae,1,Bajo
4262,Nothura maculosa,Nothura maculosa,Nothura maculosa,Nothura maculosa,Nothura maculosa,Nothura maculosa,Nothura maculosa,Nothura maculosa,Nothura maculosa,Nothura maculosa,Nothura maculosa,Nothura maculosa,Nothura,Tinamidae,1,Bajo
4263,Nothura maculosa,Nothura maculosa,Nothura maculosa,Nothura maculosa,Nothura maculosa,Nothura maculosa,Nothura maculosa,Nothura maculosa,Nothura maculosa,Nothura maculosa,Nothura maculosa,Nothura maculosa,Nothura,Tinamidae,1,Bajo
4264,Nothura maculosa,Nothura maculosa,Nothura maculosa,Nothura maculosa,Nothura maculosa,Nothura maculosa,Nothura maculosa,Nothura maculosa,Nothura maculosa,Nothura maculosa,Nothura maculosa,Nothura maculosa,Nothura,Tinamidae,1,Bajo
4265,Nothura maculosa,Nothura maculosa,Nothura maculosa,Nothura maculosa,Nothura maculosa,Nothura maculosa,Nothura maculosa,Nothura maculosa,Nothura maculosa,Nothura maculosa,Nothura maculosa,Nothura maculosa,Nothura,Tinamidae,1,Bajo
4266,Nothura maculosa,Nothura maculosa,Nothura maculosa,Nothura maculosa,Nothura maculosa,Nothura maculosa,Nothura maculosa,Nothura maculosa,Nothura maculosa,Nothura maculosa,Nothura maculosa,Nothura maculosa,Nothura,Tinamidae,1,Bajo
4267,Nothura maculosa,Nothura maculosa,Nothura maculosa,Nothura maculosa,Nothura maculosa,Nothura maculosa,Nothura maculosa,Nothura maculosa,Nothura maculosa,Nothura maculosa,Nothura maculosa,Nothura maculosa,Nothura,Tinamidae,1,Bajo
4268,Nothura maculosa,Hydropsalis torquata,Chamaeza campanisona,Chamaeza campanisona,Nothura maculosa,Nothura maculosa,Hydropsalis torquata,Hydropsalis torquata,Chamaeza campanisona,Chamaeza campanisona,Chamaeza campanisona,Hydropsalis torquata,Nothura,Tinamidae,1,Bajo
4271,Tinamus solitarius,Tinamus solitarius,Tinamus solitarius,Crypturellus obsoletus,Tinamus solitarius,Tinamus solitarius,Tinamus solitarius,Tinamus solitarius,Tinamus solitarius,Tinamus solitarius,Tinamus solitarius,Tinamus solitarius,Tinamus,Tinamidae,6,Crítico
4272,Tinamus solitarius,Tinamus solitarius,Tinamus solitarius,Tinamus solitarius,Tinamus solitarius,Tinamus solitarius,Tinamus solitarius,Tinamus solitarius,Tinamus solitarius,Tinamus solitarius,Tinamus solitarius,Tinamus solitarius,Tinamus,Tinamidae,6,Crítico
4273,Tinamus solitarius,Tinamus solitarius,Aramides saracura,Aramides saracura,Tinamus solitarius,Tinamus solitarius,Tinamus solitarius,Leptotila rufaxilla,Aramides saracura,Aramides saracura,Aramides saracura,Tinamus solitarius,Tinamus,Tinamidae,6,Crítico
4274,Tinamus solitarius,Tinamus solitarius,Tinamus solitarius,Tinamus solitarius,Tinamus solitarius,Tinamus solitarius,Tinamus solitarius,Tinamus solitarius,Tinamus solitarius,Tinamus solitarius,Tinamus solitarius,Tinamus solitarius,Tinamus,Tinamidae,6,Crítico
4275,Tinamus solitarius,Tinamus solitarius,Tinamus solitarius,Tinamus solitarius,Tinamus solitarius,Tinamus solitarius,Tinamus solitarius,Tinamus solitarius,Tinamus solitarius,Tinamus solitarius,Tinamus solitarius,Tinamus solitarius,Tinamus,Tinamidae,6,Crítico
4276,Tinamus solitarius,Tinamus solitarius,Crypturellus obsoletus,Crypturellus obsoletus,Crypturellus obsoletus,Tinamus solitarius,Tinamus solitarius,Tinamus solitarius,Crypturellus obsoletus,Crypturellus obsoletus,Crypturellus obsoletus,Tinamus solitarius,Tinamus,Tinamidae,6,Crítico
4277,Tinamus solitarius,Tinamus solitarius,Tinamus solitarius,Tinamus solitarius,Tinamus solitarius,Tinamus solitarius,Tinamus solitarius,Tinamus solitarius,Tinamus solitarius,Tinamus solitarius,Tinamus solitarius,Tinamus solitarius,Tinamus,Tinamidae,6,Crítico
4278,Tinamus solitarius,Tinamus solitarius,Tinamus solitarius,Tinamus solitarius,Tinamus solitarius,Tinamus solitarius,Tinamus solitarius,Tinamus solitarius,Tinamus solitarius,Tinamus solitarius,Tinamus solitarius,Tinamus solitarius,Tinamus,Tinamidae,6,Crítico
4279,Tinamus solitarius,Tinamus solitarius,Tinamus solitarius,Tinamus solitarius,Tinamus solitarius,Tinamus solitarius,Tinamus solitarius,Tinamus solitarius,Tinamus solitarius,Tinamus solitarius,Tinamus solitarius,Tinamus solitarius,Tinamus,Tinamidae,6,Crítico
4280,Tinamus solitarius,Tinamus solitarius,Tinamus solitarius,Tinamus solitarius,Tinamus solitarius,Tinamus solitarius,Tinamus solitarius,Tinamus solitarius,Tinamus solitarius,Tinamus solitarius,Tinamus solitarius,Tinamus solitarius,Tinamus,Tinamidae,6,Crítico
4281,Tinamus solitarius,Crypturellus obsoletus,Crypturellus obsoletus,Crypturellus obsoletus,Crypturellus obsoletus,Tinamus solitarius,Tinamus solitarius,Crypturellus obsoletus,Crypturellus obsoletus,Crypturellus obsoletus,Crypturellus obsoletus,Crypturellus obsoletus,Tinamus,Tinamidae,6,Crítico
4282,Tinamus solitarius,Tinamus solitarius,Tinamus solitarius,Tinamus solitarius,Tinamus solitarius,Tinamus solitarius,Tinamus solitarius,Tinamus solitarius,Tinamus solitarius,Tinamus solitarius,Tinamus solitarius,Tinamus solitarius,Tinamus,Tinamidae,6,Crítico
4285,Tinamus solitarius,Tinamus solitarius,Tinamus solitarius,Tinamus solitarius,Tinamus solitarius,Tinamus solitarius,Tinamus solitarius,Tinamus solitarius,Tinamus solitarius,Tinamus solitarius,Tinamus solitarius,Tinamus solitarius,Tinamus,Tinamidae,6,Crítico
4286,Tinamus solitarius,Tinamus solitarius,Tinamus solitarius,Tinamus solitarius,Tinamus solitarius,Tinamus solitarius,Tinamus solitarius,Tinamus solitarius,Tinamus solitarius,Tinamus solitarius,Tinamus solitarius,Tinamus solitarius,Tinamus,Tinamidae,6,Crítico
4287,Tinamus solitarius,Tinamus solitarius,Tinamus solitarius,Tinamus solitarius,Tinamus solitarius,Tinamus solitarius,Tinamus solitarius,Tinamus solitarius,Tinamus solitarius,Tinamus solitarius,Tinamus solitarius,Tinamus solitarius,Tinamus,Tinamidae,6,Crítico
4288,Tinamus solitarius,Tayassu pecari,Dasyprocta azarae,Aramides saracura,Aramides saracura,Tinamus solitarius,Eira barbara,Leopardus wiedii,Dasyprocta azarae,Dasyprocta azarae,Dasyprocta azarae,Tayassu pecari,Tinamus,Tinamidae,6,Crítico
4289,Tinamus solitarius,Tinamus solitarius,Tinamus solitarius,Tinamus solitarius,Tinamus solitarius,Tinamus solitarius,Tinamus solitarius,Tinamus solitarius,Tinamus solitarius,Tinamus solitarius,Tinamus solitarius,Tinamus solitarius,Tinamus,Tinamidae,6,Crítico
4290,Tinamus solitarius,Tinamus solitarius,Tinamus solitarius,Tinamus solitarius,Tinamus solitarius,Tinamus solitarius,Tinamus solitarius,Tinamus solitarius,Tinamus solitarius,Tinamus solitarius,Tinamus solitarius,Tinamus solitarius,Tinamus,Tinamidae,6,Crítico
4291,Tinamus solitarius,Tinamus solitarius,Tinamus solitarius,Tinamus solitarius,Tinamus solitarius,Tinamus solitarius,Tinamus solitarius,Tinamus solitarius,Tinamus solitarius,Tinamus solitarius,Tinamus solitarius,Tinamus solitarius,Tinamus,Tinamidae,6,Crítico
4294,Tinamus solitarius,Tinamus solitarius,Tinamus solitarius,Tinamus solitarius,Tinamus solitarius,Tinamus solitarius,Tinamus solitarius,Tinamus solitarius,Tinamus solitarius,Tinamus solitarius,Tinamus solitarius,Tinamus solitarius,Tinamus,Tinamidae,6,Crítico
4295,Tinamus solitarius,Tinamus solitarius,Tinamus solitarius,Tinamus solitarius,Tinamus solitarius,Tinamus solitarius,Tinamus solitarius,Tinamus solitarius,Tinamus solitarius,Tinamus solitarius,Tinamus solitarius,Tinamus solitarius,Tinamus,Tinamidae,6,Crítico
4297,Tinamus solitarius,Tinamus solitarius,Tinamus solitarius,Tinamus solitarius,Tinamus solitarius,Tinamus solitarius,Tinamus solitarius,Tinamus solitarius,Tinamus solitarius,Tinamus solitarius,Tinamus solitarius,Tinamus solitarius,Tinamus,Tinamidae,6,Crítico
4298,Tinamus solitarius,Tinamus solitarius,Tinamus solitarius,Tinamus solitarius,Tinamus solitarius,Tinamus solitarius,Tinamus solitarius,Tinamus solitarius,Tinamus solitarius,Tinamus solitarius,Tinamus solitarius,Tinamus solitarius,Tinamus,Tinamidae,6,Crítico
4301,Tinamus solitarius,Tinamus solitarius,Tinamus solitarius,Tinamus solitarius,Tinamus solitarius,Tinamus solitarius,Tinamus solitarius,Tinamus solitarius,Tinamus solitarius,Tinamus solitarius,Tinamus solitarius,Tinamus solitarius,Tinamus,Tinamidae,6,Crítico
4303,Tinamus solitarius,Tinamus solitarius,Crypturellus obsoletus,Tinamus solitarius,Tinamus solitarius,Tinamus solitarius,Tinamus solitarius,Tinamus solitarius,Crypturellus obsoletus,Crypturellus obsoletus,Crypturellus obsoletus,Tinamus solitarius,Tinamus,Tinamidae,6,Crítico
4304,Tinamus solitarius,Tinamus solitarius,Tinamus solitarius,Tinamus solitarius,Tinamus solitarius,Tinamus solitarius,Tinamus solitarius,Tinamus solitarius,Tinamus solitarius,Tinamus solitarius,Tinamus solitarius,Tinamus solitarius,Tinamus,Tinamidae,6,Crítico
4306,Tinamus solitarius,Tinamus solitarius,Hypoedaleus guttatus,Crypturellus obsoletus,Hypoedaleus guttatus,Tinamus solitarius,Tinamus solitarius,Tinamus solitarius,Hypoedaleus guttatus,Hypoedaleus guttatus,Hypoedaleus guttatus,Tinamus solitarius,Tinamus,Tinamidae,6,Crítico
4307,Tinamus solitarius,Tinamus solitarius,Tinamus solitarius,Tinamus solitarius,Tinamus solitarius,Tinamus solitarius,Tinamus solitarius,Tinamus solitarius,Tinamus solitarius,Tinamus solitarius,Tinamus solitarius,Tinamus solitarius,Tinamus,Tinamidae,6,Crítico
4308,Tinamus solitarius,Tinamus solitarius,Tinamus solitarius,Tinamus solitarius,Tinamus solitarius,Tinamus solitarius,Tinamus solitarius,Tinamus solitarius,Tinamus solitarius,Tinamus solitarius,Tinamus solitarius,Tinamus solitarius,Tinamus,Tinamidae,6,Crítico
4309,Tinamus solitarius,Tinamus solitarius,Tinamus solitarius,Tinamus solitarius,Tinamus solitarius,Tinamus solitarius,Tinamus solitarius,Tinamus solitarius,Tinamus solitarius,Tinamus solitarius,Tinamus solitarius,Tinamus solitarius,Tinamus,Tinamidae,6,Crítico
4310,Tinamus solitarius,Tinamus solitarius,Tinamus solitarius,Tinamus solitarius,Tinamus solitarius,Tinamus solitarius,Tinamus solitarius,Tinamus solitarius,Tinamus solitarius,Tinamus solitarius,Tinamus solitarius,Tinamus solitarius,Tinamus,Tinamidae,6,Crítico
4311,Tinamus solitarius,Tinamus solitarius,Tinamus solitarius,Tinamus solitarius,Tinamus solitarius,Tinamus solitarius,Tinamus solitarius,Tinamus solitarius,Tinamus solitarius,Tinamus solitarius,Tinamus solitarius,Tinamus solitarius,Tinamus,Tinamidae,6,Crítico
4312,Tinamus solitarius,Tinamus solitarius,Tinamus solitarius,Tinamus solitarius,Tinamus solitarius,Tinamus solitarius,Tinamus solitarius,Tinamus solitarius,Tinamus solitarius,Tinamus solitarius,Tinamus solitarius,Tinamus solitarius,Tinamus,Tinamidae,6,Crítico
4313,Tinamus solitarius,Tinamus solitarius,Tinamus solitarius,Tinamus solitarius,Tinamus solitarius,Tinamus solitarius,Tinamus solitarius,Tinamus solitarius,Tinamus solitarius,Tinamus solitarius,Tinamus solitarius,Tinamus solitarius,Tinamus,Tinamidae,6,Crítico
4315,Tinamus solitarius,Tinamus solitarius,Tinamus solitarius,Tinamus solitarius,Tinamus solitarius,Tinamus solitarius,Tinamus solitarius,Tinamus solitarius,Tinamus solitarius,Tinamus solitarius,Tinamus solitarius,Tinamus solitarius,Tinamus,Tinamidae,6,Crítico
4316,Tinamus solitarius,Tinamus solitarius,Tinamus solitarius,Tinamus solitarius,Tinamus solitarius,Tinamus solitarius,Tinamus solitarius,Tinamus solitarius,Tinamus solitarius,Tinamus solitarius,Tinamus solitarius,Tinamus solitarius,Tinamus,Tinamidae,6,Crítico
4317,Tinamus solitarius,Tinamus solitarius,Tinamus solitarius,Tinamus solitarius,Tinamus solitarius,Tinamus solitarius,Tinamus solitarius,Tinamus solitarius,Tinamus solitarius,Tinamus solitarius,Tinamus solitarius,Tinamus solitarius,Tinamus,Tinamidae,6,Crítico
4318,Tinamus solitarius,Tinamus solitarius,Tinamus solitarius,Tinamus solitarius,Tinamus solitarius,Tinamus solitarius,Tinamus solitarius,Tinamus solitarius,Tinamus solitarius,Tinamus solitarius,Tinamus solitarius,Tinamus solitarius,Tinamus,Tinamidae,6,Crítico
4319,Tinamus solitarius,Tinamus solitarius,Tinamus solitarius,Tinamus solitarius,Tinamus solitarius,Tinamus solitarius,Tinamus solitarius,Tinamus solitarius,Tinamus solitarius,Tinamus solitarius,Tinamus solitarius,Tinamus solitarius,Tinamus,Tinamidae,6,Crítico
4321,Tinamus solitarius,Tinamus solitarius,Tinamus solitarius,Tinamus solitarius,Tinamus solitarius,Tinamus solitarius,Tinamus solitarius,Tinamus solitarius,Tinamus solitarius,Tinamus solitarius,Tinamus solitarius,Tinamus solitarius,Tinamus,Tinamidae,6,Crítico
4322,Tinamus solitarius,Tinamus solitarius,Tinamus solitarius,Aramides saracura,Crypturellus obsoletus,Tinamus solitarius,Tinamus solitarius,Tinamus solitarius,Tinamus solitarius,Tinamus solitarius,Tinamus solitarius,Tinamus solitarius,Tinamus,Tinamidae,6,Crítico
4323,Tinamus solitarius,Tinamus solitarius,Tinamus solitarius,Tinamus solitarius,Tinamus solitarius,Tinamus solitarius,Tinamus solitarius,Tinamus solitarius,Tinamus solitarius,Tinamus solitarius,Tinamus solitarius,Tinamus solitarius,Tinamus,Tinamidae,6,Crítico
4324,Tinamus solitarius,Crypturellus tataupa,Crypturellus tataupa,Aramides saracura,Crypturellus tataupa,Tinamus solitarius,Tinamus solitarius,Tinamus solitarius,Crypturellus tataupa,Crypturellus tataupa,Crypturellus tataupa,Crypturellus tataupa,Tinamus,Tinamidae,6,Crítico
4325,Tinamus solitarius,Tinamus solitarius,Aramides saracura,Aramides saracura,Aramides saracura,Tinamus solitarius,Tinamus solitarius,Tinamus solitarius,Aramides saracura,Aramides saracura,Aramides saracura,Tinamus solitarius,Tinamus,Tinamidae,6,Crítico
4326,Tinamus solitarius,Tinamus solitarius,Tinamus solitarius,Tinamus solitarius,Tinamus solitarius,Tinamus solitarius,Tinamus solitarius,Tinamus solitarius,Tinamus solitarius,Tinamus solitarius,Tinamus solitarius,Tinamus solitarius,Tinamus,Tinamidae,6,Crítico
4328,Tinamus solitarius,Tinamus solitarius,Crypturellus obsoletus,Tinamus solitarius,Tinamus solitarius,Tinamus solitarius,Tinamus solitarius,Tinamus solitarius,Crypturellus obsoletus,Crypturellus obsoletus,Crypturellus obsoletus,Tinamus solitarius,Tinamus,Tinamidae,6,Crítico
4329,Tinamus solitarius,Tinamus solitarius,Tinamus solitarius,Tinamus solitarius,Tinamus solitarius,Tinamus solitarius,Tinamus solitarius,Tinamus solitarius,Tinamus solitarius,Tinamus solitarius,Tinamus solitarius,Tinamus solitarius,Tinamus,Tinamidae,6,Crítico
4330,Tinamus solitarius,Tinamus solitarius,Tinamus solitarius,Tinamus solitarius,Tinamus solitarius,Tinamus solitarius,Tinamus solitarius,Tinamus solitarius,Tinamus solitarius,Tinamus solitarius,Tinamus solitarius,Tinamus solitarius,Tinamus,Tinamidae,6,Crítico
4331,Turdus albicollis,Turdus albicollis,Turdus albicollis,Turdus albicollis,Turdus albicollis,Turdus albicollis,Turdus albicollis,Turdus albicollis,Turdus albicollis,Turdus albicollis,Turdus albicollis,Turdus albicollis,Turdus,Turdidae,1,Bajo
4332,Turdus albicollis,Turdus albicollis,Turdus albicollis,Turdus albicollis,Turdus albicollis,Turdus albicollis,Turdus albicollis,Turdus albicollis,Turdus albicollis,Turdus albicollis,Turdus albicollis,Turdus albicollis,Turdus,Turdidae,1,Bajo
4333,Turdus albicollis,Turdus albicollis,Turdus albicollis,Turdus albicollis,Turdus albicollis,Turdus albicollis,Turdus albicollis,Turdus albicollis,Turdus albicollis,Turdus albicollis,Turdus albicollis,Turdus albicollis,Turdus,Turdidae,1,Bajo
4334,Turdus albicollis,Turdus albicollis,Turdus rufiventris,Turdus albicollis,Turdus albicollis,Turdus albicollis,Turdus albicollis,Turdus albicollis,Turdus rufiventris,Turdus rufiventris,Turdus rufiventris,Turdus albicollis,Turdus,Turdidae,1,Bajo
4335,Turdus albicollis,Turdus rufiventris,Turdus rufiventris,Baryphthengus ruficapillus,Turdus rufiventris,Turdus rufiventris,Turdus rufiventris,Turdus rufiventris,Turdus rufiventris,Turdus rufiventris,Turdus rufiventris,Turdus rufiventris,Turdus,Turdidae,1,Bajo
4336,Turdus albicollis,Turdus albicollis,Turdus albicollis,Turdus albicollis,Turdus albicollis,Turdus albicollis,Turdus albicollis,Turdus albicollis,Turdus albicollis,Turdus albicollis,Turdus albicollis,Turdus albicollis,Turdus,Turdidae,1,Bajo
4337,Turdus albicollis,Turdus albicollis,Turdus albicollis,Turdus albicollis,Turdus albicollis,Turdus albicollis,Turdus albicollis,Turdus albicollis,Turdus albicollis,Turdus albicollis,Turdus albicollis,Turdus albicollis,Turdus,Turdidae,1,Bajo
4339,Turdus albicollis,Turdus albicollis,Turdus albicollis,Turdus albicollis,Turdus albicollis,Turdus albicollis,Turdus albicollis,Turdus albicollis,Turdus albicollis,Turdus albicollis,Turdus albicollis,Turdus albicollis,Turdus,Turdidae,1,Bajo
4340,Turdus albicollis,Turdus albicollis,Turdus rufiventris,Turdus albicollis,Turdus albicollis,Turdus albicollis,Turdus albicollis,Turdus albicollis,Turdus rufiventris,Turdus rufiventris,Turdus rufiventris,Turdus albicollis,Turdus,Turdidae,1,Bajo
4341,Turdus albicollis,Turdus albicollis,Turdus albicollis,Turdus albicollis,Turdus albicollis,Turdus albicollis,Turdus albicollis,Turdus albicollis,Turdus albicollis,Turdus albicollis,Turdus albicollis,Turdus albicollis,Turdus,Turdidae,1,Bajo
4342,Turdus albicollis,Turdus albicollis,Turdus albicollis,Turdus albicollis,Turdus albicollis,Turdus albicollis,Turdus albicollis,Turdus albicollis,Turdus albicollis,Turdus albicollis,Turdus albicollis,Turdus albicollis,Turdus,Turdidae,1,Bajo
4343,Turdus albicollis,Turdus albicollis,Turdus albicollis,Turdus albicollis,Turdus albicollis,Turdus albicollis,Turdus albicollis,Turdus albicollis,Turdus albicollis,Turdus albicollis,Turdus albicollis,Turdus albicollis,Turdus,Turdidae,1,Bajo
4344,Turdus albicollis,Myiothlypis leucoblephara,Myiothlypis leucoblephara,Myiothlypis leucoblephara,Myiothlypis leucoblephara,Myiothlypis leucoblephara,Myiothlypis leucoblephara,Turdus albicollis,Myiothlypis leucoblephara,Myiothlypis leucoblephara,Myiothlypis leucoblephara,Myiothlypis leucoblephara,Turdus,Turdidae,1,Bajo
4347,Turdus albicollis,Turdus albicollis,Turdus albicollis,Turdus albicollis,Turdus albicollis,Turdus albicollis,Turdus albicollis,Turdus albicollis,Turdus albicollis,Turdus albicollis,Turdus albicollis,Turdus albicollis,Turdus,Turdidae,1,Bajo
4348,Turdus albicollis,Turdus albicollis,Turdus albicollis,Turdus albicollis,Turdus albicollis,Turdus albicollis,Turdus albicollis,Turdus albicollis,Turdus albicollis,Turdus albicollis,Turdus albicollis,Turdus albicollis,Turdus,Turdidae,1,Bajo
4349,Turdus albicollis,Turdus albicollis,Turdus albicollis,Turdus albicollis,Turdus albicollis,Turdus albicollis,Turdus albicollis,Turdus albicollis,Turdus albicollis,Turdus albicollis,Turdus albicollis,Turdus albicollis,Turdus,Turdidae,1,Bajo
4350,Turdus albicollis,Turdus albicollis,Turdus albicollis,Turdus albicollis,Turdus albicollis,Turdus albicollis,Turdus albicollis,Turdus albicollis,Turdus albicollis,Turdus albicollis,Turdus albicollis,Turdus albicollis,Turdus,Turdidae,1,Bajo
4351,Turdus albicollis,Turdus albicollis,Turdus albicollis,Turdus albicollis,Turdus albicollis,Turdus albicollis,Turdus albicollis,Turdus albicollis,Turdus albicollis,Turdus albicollis,Turdus albicollis,Turdus albicollis,Turdus,Turdidae,1,Bajo
4352,Turdus albicollis,Turdus albicollis,Turdus albicollis,Turdus albicollis,Turdus albicollis,Turdus albicollis,Turdus albicollis,Turdus albicollis,Turdus albicollis,Turdus albicollis,Turdus albicollis,Turdus albicollis,Turdus,Turdidae,1,Bajo
4353,Turdus albicollis,Turdus albicollis,Turdus albicollis,Turdus albicollis,Turdus albicollis,Turdus albicollis,Turdus albicollis,Turdus albicollis,Turdus albicollis,Turdus albicollis,Turdus albicollis,Turdus albicollis,Turdus,Turdidae,1,Bajo
4354,Turdus albicollis,Turdus albicollis,Turdus albicollis,Turdus albicollis,Turdus albicollis,Turdus albicollis,Turdus albicollis,Turdus albicollis,Turdus albicollis,Turdus albicollis,Turdus albicollis,Turdus albicollis,Turdus,Turdidae,1,Bajo
4355,Turdus albicollis,Turdus rufiventris,Turdus rufiventris,Turdus rufiventris,Turdus rufiventris,Turdus rufiventris,Turdus rufiventris,Turdus rufiventris,Turdus rufiventris,Turdus rufiventris,Turdus rufiventris,Turdus rufiventris,Turdus,Turdidae,1,Bajo
4356,Turdus albicollis,Turdus albicollis,Turdus albicollis,Turdus albicollis,Turdus albicollis,Turdus albicollis,Turdus albicollis,Turdus albicollis,Turdus albicollis,Turdus albicollis,Turdus albicollis,Turdus albicollis,Turdus,Turdidae,1,Bajo
4357,Turdus albicollis,Turdus albicollis,Turdus albicollis,Turdus albicollis,Turdus albicollis,Turdus albicollis,Turdus albicollis,Turdus albicollis,Turdus albicollis,Turdus albicollis,Turdus albicollis,Turdus albicollis,Turdus,Turdidae,1,Bajo
4360,Turdus albicollis,Turdus albicollis,Turdus albicollis,Turdus albicollis,Turdus albicollis,Turdus albicollis,Turdus albicollis,Turdus albicollis,Turdus albicollis,Turdus albicollis,Turdus albicollis,Turdus albicollis,Turdus,Turdidae,1,Bajo
4361,Turdus albicollis,Turdus albicollis,Turdus albicollis,Turdus albicollis,Turdus albicollis,Turdus albicollis,Turdus albicollis,Turdus albicollis,Turdus albicollis,Turdus albicollis,Turdus albicollis,Turdus albicollis,Turdus,Turdidae,1,Bajo
4365,Turdus albicollis,Turdus albicollis,Turdus albicollis,Turdus albicollis,Turdus albicollis,Turdus albicollis,Turdus albicollis,Turdus albicollis,Turdus albicollis,Turdus albicollis,Turdus albicollis,Turdus albicollis,Turdus,Turdidae,1,Bajo
4366,Turdus albicollis,Turdus albicollis,Turdus albicollis,Turdus albicollis,Turdus albicollis,Turdus albicollis,Turdus albicollis,Turdus albicollis,Turdus albicollis,Turdus albicollis,Turdus albicollis,Turdus albicollis,Turdus,Turdidae,1,Bajo
4368,Turdus albicollis,Turdus albicollis,Turdus albicollis,Habia rubica,Hypoedaleus guttatus,Turdus albicollis,Turdus albicollis,Turdus albicollis,Turdus albicollis,Turdus albicollis,Turdus albicollis,Turdus albicollis,Turdus,Turdidae,1,Bajo
4369,Turdus albicollis,Turdus albicollis,Turdus albicollis,Turdus albicollis,Turdus albicollis,Turdus albicollis,Turdus albicollis,Turdus albicollis,Turdus albicollis,Turdus albicollis,Turdus albicollis,Turdus albicollis,Turdus,Turdidae,1,Bajo
4370,Turdus albicollis,Turdus albicollis,Turdus albicollis,Turdus albicollis,Turdus albicollis,Turdus albicollis,Turdus albicollis,Turdus albicollis,Turdus albicollis,Turdus albicollis,Turdus albicollis,Turdus albicollis,Turdus,Turdidae,1,Bajo
4371,Turdus albicollis,Pyriglena leucoptera,Turdus albicollis,Biatas nigropectus,Hypoedaleus guttatus,Turdus albicollis,Turdus albicollis,Turdus albicollis,Turdus albicollis,Turdus albicollis,Turdus albicollis,Pyriglena leucoptera,Turdus,Turdidae,1,Bajo
4373,Turdus albicollis,Turdus albicollis,Turdus albicollis,Turdus albicollis,Turdus albicollis,Turdus albicollis,Turdus albicollis,Turdus albicollis,Turdus albicollis,Turdus albicollis,Turdus albicollis,Turdus albicollis,Turdus,Turdidae,1,Bajo
4374,Turdus albicollis,Chamaeza campanisona,Chamaeza campanisona,Chamaeza campanisona,Myiothlypis leucoblephara,Odontophorus capueira,Myiothlypis leucoblephara,Myiothlypis leucoblephara,Chamaeza campanisona,Chamaeza campanisona,Chamaeza campanisona,Chamaeza campanisona,Turdus,Turdidae,1,Bajo
4375,Turdus albicollis,Turdus albicollis,Turdus albicollis,Turdus albicollis,Turdus albicollis,Turdus albicollis,Turdus albicollis,Sporophila pileata,Turdus albicollis,Turdus albicollis,Turdus albicollis,Turdus albicollis,Turdus,Turdidae,1,Bajo
4377,Turdus albicollis,Turdus albicollis,Turdus albicollis,Turdus albicollis,Turdus albicollis,Turdus albicollis,Turdus albicollis,Turdus albicollis,Turdus albicollis,Turdus albicollis,Turdus albicollis,Turdus albicollis,Turdus,Turdidae,1,Bajo
4378,Turdus albicollis,Turdus rufiventris,Turdus rufiventris,Turdus rufiventris,Turdus rufiventris,Turdus albicollis,Turdus rufiventris,Turdus rufiventris,Turdus rufiventris,Turdus rufiventris,Turdus rufiventris,Turdus rufiventris,Turdus,Turdidae,1,Bajo
4379,Turdus albicollis,Pyriglena leucoptera,Tachyphonus coronatus,Pyriglena leucoptera,Pyriglena leucoptera,Turdus albicollis,Tachyphonus coronatus,Turdus albicollis,Tachyphonus coronatus,Tachyphonus coronatus,Tachyphonus coronatus,Pyriglena leucoptera,Turdus,Turdidae,1,Bajo
4380,Turdus albicollis,Turdus albicollis,Turdus albicollis,Turdus albicollis,Turdus albicollis,Turdus albicollis,Turdus albicollis,Turdus albicollis,Turdus albicollis,Turdus albicollis,Turdus albicollis,Turdus albicollis,Turdus,Turdidae,1,Bajo
4381,Turdus albicollis,Turdus albicollis,Turdus albicollis,Turdus albicollis,Turdus albicollis,Turdus albicollis,Turdus albicollis,Turdus albicollis,Turdus albicollis,Turdus albicollis,Turdus albicollis,Turdus albicollis,Turdus,Turdidae,1,Bajo
4382,Turdus albicollis,Turdus albicollis,Turdus albicollis,Turdus albicollis,Turdus albicollis,Turdus albicollis,Turdus albicollis,Turdus albicollis,Turdus albicollis,Turdus albicollis,Turdus albicollis,Turdus albicollis,Turdus,Turdidae,1,Bajo
4383,Turdus albicollis,Turdus albicollis,Turdus albicollis,Turdus albicollis,Turdus albicollis,Turdus albicollis,Turdus albicollis,Turdus albicollis,Turdus albicollis,Turdus albicollis,Turdus albicollis,Turdus albicollis,Turdus,Turdidae,1,Bajo
4384,Turdus albicollis,Chamaeza campanisona,Chamaeza campanisona,Conopophaga lineata,Conopophaga lineata,Chamaeza campanisona,Turdus albicollis,Turdus rufiventris,Chamaeza campanisona,Chamaeza campanisona,Chamaeza campanisona,Chamaeza campanisona,Turdus,Turdidae,1,Bajo
4386,Turdus albicollis,Turdus albicollis,Turdus albicollis,Turdus albicollis,Turdus albicollis,Turdus albicollis,Turdus albicollis,Turdus albicollis,Turdus albicollis,Turdus albicollis,Turdus albicollis,Turdus albicollis,Turdus,Turdidae,1,Bajo
4387,Turdus albicollis,Turdus albicollis,Turdus albicollis,Turdus albicollis,Turdus albicollis,Turdus albicollis,Turdus albicollis,Turdus albicollis,Turdus albicollis,Turdus albicollis,Turdus albicollis,Turdus albicollis,Turdus,Turdidae,1,Bajo
4388,Turdus albicollis,Turdus rufiventris,Turdus albicollis,Turdus albicollis,Turdus albicollis,Turdus rufiventris,Turdus albicollis,Turdus albicollis,Turdus albicollis,Turdus albicollis,Turdus albicollis,Turdus rufiventris,Turdus,Turdidae,1,Bajo
4389,Turdus albicollis,Turdus albicollis,Turdus albicollis,Turdus albicollis,Turdus albicollis,Turdus albicollis,Turdus albicollis,Turdus albicollis,Turdus albicollis,Turdus albicollis,Turdus albicollis,Turdus albicollis,Turdus,Turdidae,1,Bajo
4390,Turdus albicollis,Turdus albicollis,Turdus albicollis,Turdus albicollis,Turdus albicollis,Turdus albicollis,Turdus albicollis,Turdus albicollis,Turdus albicollis,Turdus albicollis,Turdus albicollis,Turdus albicollis,Turdus,Turdidae,1,Bajo
4392,Turdus albicollis,Turdus albicollis,Turdus albicollis,Turdus albicollis,Turdus albicollis,Turdus albicollis,Turdus albicollis,Turdus albicollis,Turdus albicollis,Turdus albicollis,Turdus albicollis,Turdus albicollis,Turdus,Turdidae,1,Bajo
4393,Turdus albicollis,Turdus albicollis,Turdus albicollis,Turdus albicollis,Turdus albicollis,Turdus albicollis,Turdus albicollis,Turdus albicollis,Turdus albicollis,Turdus albicollis,Turdus albicollis,Turdus albicollis,Turdus,Turdidae,1,Bajo
4395,Turdus albicollis,Turdus albicollis,Turdus albicollis,Turdus albicollis,Turdus albicollis,Turdus albicollis,Turdus albicollis,Turdus albicollis,Turdus albicollis,Turdus albicollis,Turdus albicollis,Turdus albicollis,Turdus,Turdidae,1,Bajo
4396,Turdus albicollis,Turdus rufiventris,Chamaeza campanisona,Chamaeza campanisona,Chamaeza campanisona,Turdus rufiventris,Turdus rufiventris,Turdus rufiventris,Chamaeza campanisona,Chamaeza campanisona,Chamaeza campanisona,Turdus rufiventris,Turdus,Turdidae,1,Bajo
4397,Turdus albicollis,Turdus albicollis,Turdus albicollis,Turdus albicollis,Turdus albicollis,Turdus albicollis,Turdus albicollis,Turdus albicollis,Turdus albicollis,Turdus albicollis,Turdus albicollis,Turdus albicollis,Turdus,Turdidae,1,Bajo
4398,Turdus albicollis,Turdus albicollis,Turdus albicollis,Chamaeza campanisona,Turdus albicollis,Turdus albicollis,Turdus albicollis,Turdus albicollis,Turdus albicollis,Turdus albicollis,Turdus albicollis,Turdus albicollis,Turdus,Turdidae,1,Bajo
4399,Turdus albicollis,Turdus albicollis,Turdus albicollis,Turdus albicollis,Turdus albicollis,Turdus albicollis,Turdus albicollis,Turdus albicollis,Turdus albicollis,Turdus albicollis,Turdus albicollis,Turdus albicollis,Turdus,Turdidae,1,Bajo
4400,Turdus albicollis,Chamaeza campanisona,Chamaeza campanisona,Chamaeza campanisona,Chamaeza campanisona,Chamaeza campanisona,Chamaeza campanisona,Chamaeza campanisona,Chamaeza campanisona,Chamaeza campanisona,Chamaeza campanisona,Chamaeza campanisona,Turdus,Turdidae,1,Bajo
4401,Turdus rufiventris,Turdus rufiventris,Turdus rufiventris,Turdus rufiventris,Turdus rufiventris,Turdus rufiventris,Turdus rufiventris,Turdus albicollis,Turdus rufiventris,Turdus rufiventris,Turdus rufiventris,Turdus rufiventris,Turdus,Turdidae,1,Bajo
4402,Turdus rufiventris,Amazona aestiva,Brotogeris chiriri,Baryphthengus ruficapillus,Amazona vinacea,Notharchus swainsoni,Brotogeris chiriri,Cyanoloxia brissonii,Brotogeris chiriri,Brotogeris chiriri,Brotogeris chiriri,Amazona aestiva,Turdus,Turdidae,1,Bajo
4403,Turdus rufiventris,Turdus albicollis,Turdus albicollis,Turdus rufiventris,Turdus albicollis,Turdus albicollis,Turdus albicollis,Turdus albicollis,Turdus albicollis,Turdus albicollis,Turdus albicollis,Turdus albicollis,Turdus,Turdidae,1,Bajo
4406,Turdus rufiventris,Dasyprocta azarae,Turdus rufiventris,Turdus rufiventris,Turdus rufiventris,Turdus rufiventris,Dasyprocta azarae,Salvator merianae,Turdus rufiventris,Turdus rufiventris,Turdus rufiventris,Dasyprocta azarae,Turdus,Turdidae,1,Bajo
4407,Turdus rufiventris,Turdus rufiventris,Turdus rufiventris,Turdus rufiventris,Turdus rufiventris,Turdus rufiventris,Turdus rufiventris,Turdus rufiventris,Turdus rufiventris,Turdus rufiventris,Turdus rufiventris,Turdus rufiventris,Turdus,Turdidae,1,Bajo
4409,Turdus rufiventris,Turdus rufiventris,Turdus rufiventris,Turdus rufiventris,Turdus rufiventris,Turdus rufiventris,Turdus rufiventris,Turdus rufiventris,Turdus rufiventris,Turdus rufiventris,Turdus rufiventris,Turdus rufiventris,Turdus,Turdidae,1,Bajo
4410,Turdus rufiventris,Turdus rufiventris,Turdus rufiventris,Turdus rufiventris,Turdus rufiventris,Turdus rufiventris,Turdus rufiventris,Turdus rufiventris,Turdus rufiventris,Turdus rufiventris,Turdus rufiventris,Turdus rufiventris,Turdus,Turdidae,1,Bajo
4412,Turdus rufiventris,Turdus rufiventris,Leptotila verreauxi,Baryphthengus ruficapillus,Baryphthengus ruficapillus,Leptotila verreauxi,Baryphthengus ruficapillus,Leptotila verreauxi,Leptotila verreauxi,Leptotila verreauxi,Leptotila verreauxi,Turdus rufiventris,Turdus,Turdidae,1,Bajo
4414,Turdus rufiventris,Turdus rufiventris,Turdus albicollis,Turdus albicollis,Turdus albicollis,Turdus albicollis,Turdus rufiventris,Turdus rufiventris,Turdus albicollis,Turdus albicollis,Turdus albicollis,Turdus rufiventris,Turdus,Turdidae,1,Bajo
4415,Turdus rufiventris,Turdus rufiventris,Turdus rufiventris,Turdus rufiventris,Turdus rufiventris,Turdus rufiventris,Turdus rufiventris,Turdus rufiventris,Turdus rufiventris,Turdus rufiventris,Turdus rufiventris,Turdus rufiventris,Turdus,Turdidae,1,Bajo
4416,Turdus rufiventris,Turdus rufiventris,Turdus rufiventris,Turdus rufiventris,Turdus rufiventris,Turdus rufiventris,Turdus rufiventris,Turdus rufiventris,Turdus rufiventris,Turdus rufiventris,Turdus rufiventris,Turdus rufiventris,Turdus,Turdidae,1,Bajo
4417,Turdus rufiventris,Turdus rufiventris,Turdus rufiventris,Turdus rufiventris,Turdus rufiventris,Turdus rufiventris,Turdus rufiventris,Turdus rufiventris,Turdus rufiventris,Turdus rufiventris,Turdus rufiventris,Turdus rufiventris,Turdus,Turdidae,1,Bajo
4418,Turdus rufiventris,Turdus rufiventris,Baryphthengus ruficapillus,Amazona vinacea,Amazona vinacea,Turdus albicollis,Turdus albicollis,Turdus albicollis,Baryphthengus ruficapillus,Baryphthengus ruficapillus,Baryphthengus ruficapillus,Turdus rufiventris,Turdus,Turdidae,1,Bajo
4419,Turdus rufiventris,Turdus rufiventris,Turdus rufiventris,Turdus rufiventris,Turdus albicollis,Turdus rufiventris,Turdus albicollis,Turdus albicollis,Turdus rufiventris,Turdus rufiventris,Turdus rufiventris,Turdus rufiventris,Turdus,Turdidae,1,Bajo
4421,Turdus rufiventris,Turdus albicollis,Turdus albicollis,Turdus albicollis,Turdus albicollis,Turdus albicollis,Turdus albicollis,Turdus albicollis,Turdus albicollis,Turdus albicollis,Turdus albicollis,Turdus albicollis,Turdus,Turdidae,1,Bajo
4422,Turdus rufiventris,Turdus albicollis,Conopophaga lineata,Conopophaga lineata,Conopophaga lineata,Turdus albicollis,Habia rubica,Leptotila verreauxi,Conopophaga lineata,Conopophaga lineata,Conopophaga lineata,Turdus albicollis,Turdus,Turdidae,1,Bajo
4423,Turdus rufiventris,Turdus albicollis,Turdus albicollis,Turdus albicollis,Turdus albicollis,Turdus albicollis,Turdus albicollis,Turdus albicollis,Turdus albicollis,Turdus albicollis,Turdus albicollis,Turdus albicollis,Turdus,Turdidae,1,Bajo
4424,Turdus rufiventris,Turdus rufiventris,Turdus rufiventris,Turdus rufiventris,Turdus rufiventris,Turdus rufiventris,Turdus rufiventris,Turdus rufiventris,Turdus rufiventris,Turdus rufiventris,Turdus rufiventris,Turdus rufiventris,Turdus,Turdidae,1,Bajo
4425,Turdus rufiventris,Turdus rufiventris,Turdus rufiventris,Turdus rufiventris,Turdus rufiventris,Turdus rufiventris,Turdus rufiventris,Turdus rufiventris,Turdus rufiventris,Turdus rufiventris,Turdus rufiventris,Turdus rufiventris,Turdus,Turdidae,1,Bajo
4426,Turdus rufiventris,Turdus rufiventris,Turdus rufiventris,Turdus rufiventris,Turdus rufiventris,Turdus rufiventris,Turdus rufiventris,Turdus rufiventris,Turdus rufiventris,Turdus rufiventris,Turdus rufiventris,Turdus rufiventris,Turdus,Turdidae,1,Bajo
4427,Turdus rufiventris,Turdus rufiventris,Turdus albicollis,Turdus albicollis,Turdus albicollis,Turdus rufiventris,Turdus rufiventris,Turdus rufiventris,Turdus albicollis,Turdus albicollis,Turdus albicollis,Turdus rufiventris,Turdus,Turdidae,1,Bajo
4428,Turdus rufiventris,Turdus rufiventris,Turdus rufiventris,Turdus rufiventris,Turdus rufiventris,Turdus rufiventris,Turdus rufiventris,Turdus rufiventris,Turdus rufiventris,Turdus rufiventris,Turdus rufiventris,Turdus rufiventris,Turdus,Turdidae,1,Bajo
4429,Turdus rufiventris,Turdus rufiventris,Turdus rufiventris,Turdus rufiventris,Turdus rufiventris,Turdus rufiventris,Turdus rufiventris,Turdus albicollis,Turdus rufiventris,Turdus rufiventris,Turdus rufiventris,Turdus rufiventris,Turdus,Turdidae,1,Bajo
4430,Turdus rufiventris,Turdus rufiventris,Turdus rufiventris,Turdus rufiventris,Turdus rufiventris,Turdus rufiventris,Turdus rufiventris,Turdus rufiventris,Turdus rufiventris,Turdus rufiventris,Turdus rufiventris,Turdus rufiventris,Turdus,Turdidae,1,Bajo
4431,Turdus rufiventris,Turdus rufiventris,Turdus rufiventris,Turdus rufiventris,Turdus rufiventris,Turdus rufiventris,Turdus rufiventris,Turdus rufiventris,Turdus rufiventris,Turdus rufiventris,Turdus rufiventris,Turdus rufiventris,Turdus,Turdidae,1,Bajo
4432,Turdus rufiventris,Turdus rufiventris,Turdus rufiventris,Turdus rufiventris,Turdus albicollis,Turdus rufiventris,Turdus albicollis,Turdus rufiventris,Turdus rufiventris,Turdus rufiventris,Turdus rufiventris,Turdus rufiventris,Turdus,Turdidae,1,Bajo
4433,Turdus rufiventris,Turdus rufiventris,Conopophaga lineata,Baryphthengus ruficapillus,Baryphthengus ruficapillus,Baryphthengus ruficapillus,Baryphthengus ruficapillus,Turdus albicollis,Conopophaga lineata,Conopophaga lineata,Conopophaga lineata,Turdus rufiventris,Turdus,Turdidae,1,Bajo
4434,Turdus rufiventris,Turdus rufiventris,Turdus rufiventris,Turdus rufiventris,Turdus rufiventris,Turdus rufiventris,Turdus rufiventris,Turdus rufiventris,Turdus rufiventris,Turdus rufiventris,Turdus rufiventris,Turdus rufiventris,Turdus,Turdidae,1,Bajo
4435,Turdus rufiventris,Turdus albicollis,Turdus albicollis,Turdus albicollis,Turdus albicollis,Turdus albicollis,Turdus albicollis,Turdus albicollis,Turdus albicollis,Turdus albicollis,Turdus albicollis,Turdus albicollis,Turdus,Turdidae,1,Bajo
4437,Turdus rufiventris,Turdus rufiventris,Turdus rufiventris,Myiothlypis leucoblephara,Turdus albicollis,Turdus rufiventris,Turdus rufiventris,Turdus rufiventris,Turdus rufiventris,Turdus rufiventris,Turdus rufiventris,Turdus rufiventris,Turdus,Turdidae,1,Bajo
4438,Turdus rufiventris,Turdus rufiventris,Leptotila rufaxilla,Chamaeza campanisona,Chamaeza campanisona,Brotogeris chiriri,Turdus rufiventris,Leptotila verreauxi,Leptotila rufaxilla,Leptotila rufaxilla,Leptotila rufaxilla,Turdus rufiventris,Turdus,Turdidae,1,Bajo
4439,Turdus rufiventris,Turdus albicollis,Turdus rufiventris,Turdus albicollis,Turdus albicollis,Turdus rufiventris,Turdus albicollis,Turdus albicollis,Turdus rufiventris,Turdus rufiventris,Turdus rufiventris,Turdus albicollis,Turdus,Turdidae,1,Bajo
4440,Turdus rufiventris,Turdus rufiventris,Turdus rufiventris,Baryphthengus ruficapillus,Baryphthengus ruficapillus,Turdus rufiventris,Turdus rufiventris,Turdus rufiventris,Turdus rufiventris,Turdus rufiventris,Turdus rufiventris,Turdus rufiventris,Turdus,Turdidae,1,Bajo
4442,Turdus rufiventris,Turdus rufiventris,Turdus rufiventris,Turdus rufiventris,Turdus rufiventris,Turdus rufiventris,Turdus rufiventris,Turdus rufiventris,Turdus rufiventris,Turdus rufiventris,Turdus rufiventris,Turdus rufiventris,Turdus,Turdidae,1,Bajo
4443,Turdus rufiventris,Turdus albicollis,Turdus rufiventris,Turdus rufiventris,Turdus albicollis,Turdus rufiventris,Turdus albicollis,Turdus albicollis,Turdus rufiventris,Turdus rufiventris,Turdus rufiventris,Turdus albicollis,Turdus,Turdidae,1,Bajo
4445,Turdus rufiventris,Turdus rufiventris,Turdus rufiventris,Conopophaga lineata,Chamaeza campanisona,Turdus rufiventris,Turdus rufiventris,Turdus rufiventris,Turdus rufiventris,Turdus rufiventris,Turdus rufiventris,Turdus rufiventris,Turdus,Turdidae,1,Bajo
4446,Turdus rufiventris,Turdus rufiventris,Leptotila verreauxi,Leptotila verreauxi,Leptotila verreauxi,Turdus rufiventris,Leptotila verreauxi,Leptotila rufaxilla,Leptotila verreauxi,Leptotila verreauxi,Leptotila verreauxi,Turdus rufiventris,Turdus,Turdidae,1,Bajo
4447,Turdus rufiventris,Turdus albicollis,Turdus albicollis,Turdus albicollis,Turdus albicollis,Turdus albicollis,Turdus albicollis,Turdus albicollis,Turdus albicollis,Turdus albicollis,Turdus albicollis,Turdus albicollis,Turdus,Turdidae,1,Bajo
4448,Turdus rufiventris,Turdus rufiventris,Turdus albicollis,Turdus albicollis,Turdus rufiventris,Turdus rufiventris,Turdus rufiventris,Turdus rufiventris,Turdus albicollis,Turdus albicollis,Turdus albicollis,Turdus rufiventris,Turdus,Turdidae,1,Bajo
4450,Turdus rufiventris,Turdus rufiventris,Turdus rufiventris,Turdus rufiventris,Turdus albicollis,Turdus rufiventris,Turdus albicollis,Turdus rufiventris,Turdus rufiventris,Turdus rufiventris,Turdus rufiventris,Turdus rufiventris,Turdus,Turdidae,1,Bajo
4451,Turdus rufiventris,Baryphthengus ruficapillus,Alouatta guariba clamitans,Alouatta guariba clamitans,Alouatta guariba clamitans,Baryphthengus ruficapillus,Baryphthengus ruficapillus,Conopophaga lineata,Alouatta guariba clamitans,Alouatta guariba clamitans,Alouatta guariba clamitans,Baryphthengus ruficapillus,Turdus,Turdidae,1,Bajo
4452,Turdus rufiventris,Turdus rufiventris,Turdus rufiventris,Leptotila rufaxilla,Turdus rufiventris,Turdus rufiventris,Turdus rufiventris,Turdus albicollis,Turdus rufiventris,Turdus rufiventris,Turdus rufiventris,Turdus rufiventris,Turdus,Turdidae,1,Bajo
4453,Turdus rufiventris,Turdus rufiventris,Turdus rufiventris,Turdus rufiventris,Turdus rufiventris,Turdus rufiventris,Turdus rufiventris,Turdus rufiventris,Turdus rufiventris,Turdus rufiventris,Turdus rufiventris,Turdus rufiventris,Turdus,Turdidae,1,Bajo
4454,Turdus rufiventris,Turdus rufiventris,Turdus rufiventris,Turdus albicollis,Turdus rufiventris,Turdus rufiventris,Turdus albicollis,Turdus albicollis,Turdus rufiventris,Turdus rufiventris,Turdus rufiventris,Turdus rufiventris,Turdus,Turdidae,1,Bajo
4456,Turdus rufiventris,Turdus albicollis,Tachyphonus coronatus,Habia rubica,Habia rubica,Turdus albicollis,Turdus albicollis,Turdus rufiventris,Tachyphonus coronatus,Tachyphonus coronatus,Tachyphonus coronatus,Turdus albicollis,Turdus,Turdidae,1,Bajo
4457,Turdus rufiventris,Turdus rufiventris,Conopophaga lineata,Baryphthengus ruficapillus,Baryphthengus ruficapillus,Tachyphonus coronatus,Turdus rufiventris,Turdus albicollis,Conopophaga lineata,Conopophaga lineata,Conopophaga lineata,Turdus rufiventris,Turdus,Turdidae,1,Bajo
4458,Turdus rufiventris,Turdus rufiventris,Habia rubica,Turdus rufiventris,Turdus rufiventris,Turdus rufiventris,Turdus rufiventris,Turdus rufiventris,Habia rubica,Habia rubica,Habia rubica,Turdus rufiventris,Turdus,Turdidae,1,Bajo
4459,Turdus rufiventris,Turdus rufiventris,Turdus rufiventris,Turdus rufiventris,Turdus rufiventris,Turdus rufiventris,Turdus rufiventris,Turdus rufiventris,Turdus rufiventris,Turdus rufiventris,Turdus rufiventris,Turdus rufiventris,Turdus,Turdidae,1,Bajo
4460,Gubernetes yetapa,Gubernetes yetapa,Gubernetes yetapa,Gubernetes yetapa,Gubernetes yetapa,Gubernetes yetapa,Gubernetes yetapa,Gubernetes yetapa,Gubernetes yetapa,Gubernetes yetapa,Gubernetes yetapa,Gubernetes yetapa,Gubernetes,Tyrannidae,1,Bajo
4461,Gubernetes yetapa,Gubernetes yetapa,Gubernetes yetapa,Gubernetes yetapa,Gubernetes yetapa,Gubernetes yetapa,Gubernetes yetapa,Gubernetes yetapa,Gubernetes yetapa,Gubernetes yetapa,Gubernetes yetapa,Gubernetes yetapa,Gubernetes,Tyrannidae,1,Bajo
4462,Gubernetes yetapa,Gubernetes yetapa,Gubernetes yetapa,Gubernetes yetapa,Gubernetes yetapa,Gubernetes yetapa,Gubernetes yetapa,Gubernetes yetapa,Gubernetes yetapa,Gubernetes yetapa,Gubernetes yetapa,Gubernetes yetapa,Gubernetes,Tyrannidae,1,Bajo
4463,Gubernetes yetapa,Gubernetes yetapa,Gubernetes yetapa,Gubernetes yetapa,Gubernetes yetapa,Gubernetes yetapa,Gubernetes yetapa,Gubernetes yetapa,Gubernetes yetapa,Gubernetes yetapa,Gubernetes yetapa,Gubernetes yetapa,Gubernetes,Tyrannidae,1,Bajo
4464,Gubernetes yetapa,Gubernetes yetapa,Gubernetes yetapa,Gubernetes yetapa,Gubernetes yetapa,Gubernetes yetapa,Gubernetes yetapa,Gubernetes yetapa,Gubernetes yetapa,Gubernetes yetapa,Gubernetes yetapa,Gubernetes yetapa,Gubernetes,Tyrannidae,1,Bajo
4465,Gubernetes yetapa,Gubernetes yetapa,Gubernetes yetapa,Gubernetes yetapa,Gubernetes yetapa,Gubernetes yetapa,Gubernetes yetapa,Gubernetes yetapa,Gubernetes yetapa,Gubernetes yetapa,Gubernetes yetapa,Gubernetes yetapa,Gubernetes,Tyrannidae,1,Bajo
4466,Gubernetes yetapa,Gubernetes yetapa,Gubernetes yetapa,Gubernetes yetapa,Gubernetes yetapa,Gubernetes yetapa,Gubernetes yetapa,Gubernetes yetapa,Gubernetes yetapa,Gubernetes yetapa,Gubernetes yetapa,Gubernetes yetapa,Gubernetes,Tyrannidae,1,Bajo
4467,Gubernetes yetapa,Gubernetes yetapa,Gubernetes yetapa,Gubernetes yetapa,Gubernetes yetapa,Gubernetes yetapa,Gubernetes yetapa,Gubernetes yetapa,Gubernetes yetapa,Gubernetes yetapa,Gubernetes yetapa,Gubernetes yetapa,Gubernetes,Tyrannidae,1,Bajo
4470,Gubernetes yetapa,Gubernetes yetapa,Gubernetes yetapa,Gubernetes yetapa,Gubernetes yetapa,Gubernetes yetapa,Gubernetes yetapa,Gubernetes yetapa,Gubernetes yetapa,Gubernetes yetapa,Gubernetes yetapa,Gubernetes yetapa,Gubernetes,Tyrannidae,1,Bajo
4471,Gubernetes yetapa,Gubernetes yetapa,Gubernetes yetapa,Gubernetes yetapa,Gubernetes yetapa,Gubernetes yetapa,Gubernetes yetapa,Gubernetes yetapa,Gubernetes yetapa,Gubernetes yetapa,Gubernetes yetapa,Gubernetes yetapa,Gubernetes,Tyrannidae,1,Bajo
4472,Gubernetes yetapa,Gubernetes yetapa,Gubernetes yetapa,Gubernetes yetapa,Gubernetes yetapa,Gubernetes yetapa,Gubernetes yetapa,Gubernetes yetapa,Gubernetes yetapa,Gubernetes yetapa,Gubernetes yetapa,Gubernetes yetapa,Gubernetes,Tyrannidae,1,Bajo
4473,Gubernetes yetapa,Gubernetes yetapa,Gubernetes yetapa,Gubernetes yetapa,Gubernetes yetapa,Gubernetes yetapa,Gubernetes yetapa,Gubernetes yetapa,Gubernetes yetapa,Gubernetes yetapa,Gubernetes yetapa,Gubernetes yetapa,Gubernetes,Tyrannidae,1,Bajo
4474,Gubernetes yetapa,Gubernetes yetapa,Gubernetes yetapa,Gubernetes yetapa,Gubernetes yetapa,Gubernetes yetapa,Gubernetes yetapa,Gubernetes yetapa,Gubernetes yetapa,Gubernetes yetapa,Gubernetes yetapa,Gubernetes yetapa,Gubernetes,Tyrannidae,1,Bajo
4475,Gubernetes yetapa,Gubernetes yetapa,Gubernetes yetapa,Gubernetes yetapa,Gubernetes yetapa,Gubernetes yetapa,Gubernetes yetapa,Gubernetes yetapa,Gubernetes yetapa,Gubernetes yetapa,Gubernetes yetapa,Gubernetes yetapa,Gubernetes,Tyrannidae,1,Bajo
4476,Gubernetes yetapa,Gubernetes yetapa,Gubernetes yetapa,Gubernetes yetapa,Gubernetes yetapa,Gubernetes yetapa,Gubernetes yetapa,Gubernetes yetapa,Gubernetes yetapa,Gubernetes yetapa,Gubernetes yetapa,Gubernetes yetapa,Gubernetes,Tyrannidae,1,Bajo
4477,Gubernetes yetapa,Gubernetes yetapa,Gubernetes yetapa,Gubernetes yetapa,Gubernetes yetapa,Gubernetes yetapa,Gubernetes yetapa,Gubernetes yetapa,Gubernetes yetapa,Gubernetes yetapa,Gubernetes yetapa,Gubernetes yetapa,Gubernetes,Tyrannidae,1,Bajo
4478,Gubernetes yetapa,Gubernetes yetapa,Gubernetes yetapa,Gubernetes yetapa,Gubernetes yetapa,Gubernetes yetapa,Gubernetes yetapa,Gubernetes yetapa,Gubernetes yetapa,Gubernetes yetapa,Gubernetes yetapa,Gubernetes yetapa,Gubernetes,Tyrannidae,1,Bajo
4479,Gubernetes yetapa,Amazona vinacea,Amazona vinacea,Amazona vinacea,Amazona vinacea,Gubernetes yetapa,Amazona vinacea,Amazona aestiva,Amazona vinacea,Amazona vinacea,Amazona vinacea,Amazona vinacea,Gubernetes,Tyrannidae,1,Bajo
4480,Gubernetes yetapa,Gubernetes yetapa,Gubernetes yetapa,Gubernetes yetapa,Gubernetes yetapa,Gubernetes yetapa,Gubernetes yetapa,Gubernetes yetapa,Gubernetes yetapa,Gubernetes yetapa,Gubernetes yetapa,Gubernetes yetapa,Gubernetes,Tyrannidae,1,Bajo
4481,Gubernetes yetapa,Gubernetes yetapa,Sporophila pileata,Sporophila pileata,Gubernetes yetapa,Gubernetes yetapa,Gubernetes yetapa,Gubernetes yetapa,Sporophila pileata,Sporophila pileata,Sporophila pileata,Gubernetes yetapa,Gubernetes,Tyrannidae,1,Bajo
4482,Gubernetes yetapa,Gubernetes yetapa,Gubernetes yetapa,Gubernetes yetapa,Gubernetes yetapa,Gubernetes yetapa,Gubernetes yetapa,Gubernetes yetapa,Gubernetes yetapa,Gubernetes yetapa,Gubernetes yetapa,Gubernetes yetapa,Gubernetes,Tyrannidae,1,Bajo
4483,Gubernetes yetapa,Gubernetes yetapa,Gubernetes yetapa,Gubernetes yetapa,Gubernetes yetapa,Gubernetes yetapa,Gubernetes yetapa,Gubernetes yetapa,Gubernetes yetapa,Gubernetes yetapa,Gubernetes yetapa,Gubernetes yetapa,Gubernetes,Tyrannidae,1,Bajo
4484,Gubernetes yetapa,Gubernetes yetapa,Gubernetes yetapa,Gubernetes yetapa,Gubernetes yetapa,Gubernetes yetapa,Gubernetes yetapa,Gubernetes yetapa,Gubernetes yetapa,Gubernetes yetapa,Gubernetes yetapa,Gubernetes yetapa,Gubernetes,Tyrannidae,1,Bajo
4488,Gubernetes yetapa,Gubernetes yetapa,Gubernetes yetapa,Gubernetes yetapa,Gubernetes yetapa,Gubernetes yetapa,Gubernetes yetapa,Gubernetes yetapa,Gubernetes yetapa,Gubernetes yetapa,Gubernetes yetapa,Gubernetes yetapa,Gubernetes,Tyrannidae,1,Bajo
4489,Gubernetes yetapa,Gubernetes yetapa,Gubernetes yetapa,Gubernetes yetapa,Gubernetes yetapa,Gubernetes yetapa,Gubernetes yetapa,Gubernetes yetapa,Gubernetes yetapa,Gubernetes yetapa,Gubernetes yetapa,Gubernetes yetapa,Gubernetes,Tyrannidae,1,Bajo
4490,Gubernetes yetapa,Gubernetes yetapa,Gubernetes yetapa,Gubernetes yetapa,Gubernetes yetapa,Gubernetes yetapa,Gubernetes yetapa,Gubernetes yetapa,Gubernetes yetapa,Gubernetes yetapa,Gubernetes yetapa,Gubernetes yetapa,Gubernetes,Tyrannidae,1,Bajo
4491,Gubernetes yetapa,Gubernetes yetapa,Gubernetes yetapa,Gubernetes yetapa,Gubernetes yetapa,Gubernetes yetapa,Gubernetes yetapa,Sporophila pileata,Gubernetes yetapa,Gubernetes yetapa,Gubernetes yetapa,Gubernetes yetapa,Gubernetes,Tyrannidae,1,Bajo
4493,Gubernetes yetapa,Gubernetes yetapa,Gubernetes yetapa,Gubernetes yetapa,Gubernetes yetapa,Gubernetes yetapa,Gubernetes yetapa,Gubernetes yetapa,Gubernetes yetapa,Gubernetes yetapa,Gubernetes yetapa,Gubernetes yetapa,Gubernetes,Tyrannidae,1,Bajo
4494,Gubernetes yetapa,Gubernetes yetapa,Gubernetes yetapa,Gubernetes yetapa,Gubernetes yetapa,Gubernetes yetapa,Gubernetes yetapa,Gubernetes yetapa,Gubernetes yetapa,Gubernetes yetapa,Gubernetes yetapa,Gubernetes yetapa,Gubernetes,Tyrannidae,1,Bajo
4496,Gubernetes yetapa,Gubernetes yetapa,Gubernetes yetapa,Gubernetes yetapa,Gubernetes yetapa,Gubernetes yetapa,Gubernetes yetapa,Gubernetes yetapa,Gubernetes yetapa,Gubernetes yetapa,Gubernetes yetapa,Gubernetes yetapa,Gubernetes,Tyrannidae,1,Bajo
4498,Gubernetes yetapa,Gubernetes yetapa,Gubernetes yetapa,Gubernetes yetapa,Gubernetes yetapa,Gubernetes yetapa,Gubernetes yetapa,Gubernetes yetapa,Gubernetes yetapa,Gubernetes yetapa,Gubernetes yetapa,Gubernetes yetapa,Gubernetes,Tyrannidae,1,Bajo
4499,Gubernetes yetapa,Gubernetes yetapa,Gubernetes yetapa,Gubernetes yetapa,Gubernetes yetapa,Gubernetes yetapa,Gubernetes yetapa,Gubernetes yetapa,Gubernetes yetapa,Gubernetes yetapa,Gubernetes yetapa,Gubernetes yetapa,Gubernetes,Tyrannidae,1,Bajo
4500,Gubernetes yetapa,Gubernetes yetapa,Gubernetes yetapa,Gubernetes yetapa,Gubernetes yetapa,Gubernetes yetapa,Gubernetes yetapa,Gubernetes yetapa,Gubernetes yetapa,Gubernetes yetapa,Gubernetes yetapa,Gubernetes yetapa,Gubernetes,Tyrannidae,1,Bajo
4501,Gubernetes yetapa,Gubernetes yetapa,Gubernetes yetapa,Gubernetes yetapa,Gubernetes yetapa,Gubernetes yetapa,Gubernetes yetapa,Gubernetes yetapa,Gubernetes yetapa,Gubernetes yetapa,Gubernetes yetapa,Gubernetes yetapa,Gubernetes,Tyrannidae,1,Bajo
4502,Gubernetes yetapa,Gubernetes yetapa,Gubernetes yetapa,Gubernetes yetapa,Gubernetes yetapa,Gubernetes yetapa,Gubernetes yetapa,Sporophila pileata,Gubernetes yetapa,Gubernetes yetapa,Gubernetes yetapa,Gubernetes yetapa,Gubernetes,Tyrannidae,1,Bajo
4503,Gubernetes yetapa,Gubernetes yetapa,Sporophila pileata,Gubernetes yetapa,Sporophila pileata,Gubernetes yetapa,Gubernetes yetapa,Sporophila pileata,Sporophila pileata,Sporophila pileata,Sporophila pileata,Gubernetes yetapa,Gubernetes,Tyrannidae,1,Bajo
4504,Gubernetes yetapa,Gubernetes yetapa,Gubernetes yetapa,Gubernetes yetapa,Gubernetes yetapa,Gubernetes yetapa,Gubernetes yetapa,Gubernetes yetapa,Gubernetes yetapa,Gubernetes yetapa,Gubernetes yetapa,Gubernetes yetapa,Gubernetes,Tyrannidae,1,Bajo
4507,Gubernetes yetapa,Gubernetes yetapa,Gubernetes yetapa,Gubernetes yetapa,Gubernetes yetapa,Gubernetes yetapa,Gubernetes yetapa,Gubernetes yetapa,Gubernetes yetapa,Gubernetes yetapa,Gubernetes yetapa,Gubernetes yetapa,Gubernetes,Tyrannidae,1,Bajo
4508,Gubernetes yetapa,Gubernetes yetapa,Gubernetes yetapa,Gubernetes yetapa,Gubernetes yetapa,Gubernetes yetapa,Gubernetes yetapa,Gubernetes yetapa,Gubernetes yetapa,Gubernetes yetapa,Gubernetes yetapa,Gubernetes yetapa,Gubernetes,Tyrannidae,1,Bajo
4509,Gubernetes yetapa,Gubernetes yetapa,Gubernetes yetapa,Gubernetes yetapa,Gubernetes yetapa,Gubernetes yetapa,Gubernetes yetapa,Gubernetes yetapa,Gubernetes yetapa,Gubernetes yetapa,Gubernetes yetapa,Gubernetes yetapa,Gubernetes,Tyrannidae,1,Bajo
4510,Gubernetes yetapa,Gubernetes yetapa,Gubernetes yetapa,Gubernetes yetapa,Gubernetes yetapa,Gubernetes yetapa,Gubernetes yetapa,Gubernetes yetapa,Gubernetes yetapa,Gubernetes yetapa,Gubernetes yetapa,Gubernetes yetapa,Gubernetes,Tyrannidae,1,Bajo
4511,Gubernetes yetapa,Gubernetes yetapa,Gubernetes yetapa,Gubernetes yetapa,Gubernetes yetapa,Gubernetes yetapa,Gubernetes yetapa,Gubernetes yetapa,Gubernetes yetapa,Gubernetes yetapa,Gubernetes yetapa,Gubernetes yetapa,Gubernetes,Tyrannidae,1,Bajo
4513,Gubernetes yetapa,Gubernetes yetapa,Gubernetes yetapa,Gubernetes yetapa,Gubernetes yetapa,Gubernetes yetapa,Gubernetes yetapa,Gubernetes yetapa,Gubernetes yetapa,Gubernetes yetapa,Gubernetes yetapa,Gubernetes yetapa,Gubernetes,Tyrannidae,1,Bajo
4514,Gubernetes yetapa,Gubernetes yetapa,Gubernetes yetapa,Gubernetes yetapa,Gubernetes yetapa,Gubernetes yetapa,Gubernetes yetapa,Gubernetes yetapa,Gubernetes yetapa,Gubernetes yetapa,Gubernetes yetapa,Gubernetes yetapa,Gubernetes,Tyrannidae,1,Bajo
4515,Gubernetes yetapa,Gubernetes yetapa,Gubernetes yetapa,Gubernetes yetapa,Gubernetes yetapa,Gubernetes yetapa,Gubernetes yetapa,Gubernetes yetapa,Gubernetes yetapa,Gubernetes yetapa,Gubernetes yetapa,Gubernetes yetapa,Gubernetes,Tyrannidae,1,Bajo
4516,Gubernetes yetapa,Gubernetes yetapa,Gubernetes yetapa,Gubernetes yetapa,Gubernetes yetapa,Gubernetes yetapa,Gubernetes yetapa,Gubernetes yetapa,Gubernetes yetapa,Gubernetes yetapa,Gubernetes yetapa,Gubernetes yetapa,Gubernetes,Tyrannidae,1,Bajo
4517,Gubernetes yetapa,Gubernetes yetapa,Gubernetes yetapa,Gubernetes yetapa,Gubernetes yetapa,Gubernetes yetapa,Gubernetes yetapa,Gubernetes yetapa,Gubernetes yetapa,Gubernetes yetapa,Gubernetes yetapa,Gubernetes yetapa,Gubernetes,Tyrannidae,1,Bajo
4518,Gubernetes yetapa,Gubernetes yetapa,Gubernetes yetapa,Gubernetes yetapa,Gubernetes yetapa,Gubernetes yetapa,Gubernetes yetapa,Gubernetes yetapa,Gubernetes yetapa,Gubernetes yetapa,Gubernetes yetapa,Gubernetes yetapa,Gubernetes,Tyrannidae,1,Bajo
4519,Gubernetes yetapa,Gubernetes yetapa,Gubernetes yetapa,Gubernetes yetapa,Gubernetes yetapa,Gubernetes yetapa,Gubernetes yetapa,Gubernetes yetapa,Gubernetes yetapa,Gubernetes yetapa,Gubernetes yetapa,Gubernetes yetapa,Gubernetes,Tyrannidae,1,Bajo
4520,Gubernetes yetapa,Gubernetes yetapa,Gubernetes yetapa,Gubernetes yetapa,Gubernetes yetapa,Gubernetes yetapa,Gubernetes yetapa,Gubernetes yetapa,Gubernetes yetapa,Gubernetes yetapa,Gubernetes yetapa,Gubernetes yetapa,Gubernetes,Tyrannidae,1,Bajo
4521,Gubernetes yetapa,Gubernetes yetapa,Gubernetes yetapa,Gubernetes yetapa,Gubernetes yetapa,Gubernetes yetapa,Gubernetes yetapa,Gubernetes yetapa,Gubernetes yetapa,Gubernetes yetapa,Gubernetes yetapa,Gubernetes yetapa,Gubernetes,Tyrannidae,1,Bajo
4523,Gubernetes yetapa,Gubernetes yetapa,Gubernetes yetapa,Gubernetes yetapa,Gubernetes yetapa,Gubernetes yetapa,Gubernetes yetapa,Gubernetes yetapa,Gubernetes yetapa,Gubernetes yetapa,Gubernetes yetapa,Gubernetes yetapa,Gubernetes,Tyrannidae,1,Bajo
4525,Gubernetes yetapa,Gubernetes yetapa,Gubernetes yetapa,Gubernetes yetapa,Gubernetes yetapa,Gubernetes yetapa,Gubernetes yetapa,Gubernetes yetapa,Gubernetes yetapa,Gubernetes yetapa,Gubernetes yetapa,Gubernetes yetapa,Gubernetes,Tyrannidae,1,Bajo
4526,Gubernetes yetapa,Gubernetes yetapa,Gubernetes yetapa,Gubernetes yetapa,Gubernetes yetapa,Gubernetes yetapa,Gubernetes yetapa,Gubernetes yetapa,Gubernetes yetapa,Gubernetes yetapa,Gubernetes yetapa,Gubernetes yetapa,Gubernetes,Tyrannidae,1,Bajo
4527,Gubernetes yetapa,Sporophila pileata,Sporophila pileata,Sporophila pileata,Gubernetes yetapa,Sporophila pileata,Sporophila pileata,Sporophila pileata,Sporophila pileata,Sporophila pileata,Sporophila pileata,Sporophila pileata,Gubernetes,Tyrannidae,1,Bajo
4528,Pogonotriccus eximius,Pogonotriccus eximius,Pogonotriccus eximius,Pogonotriccus eximius,Pogonotriccus eximius,Pogonotriccus eximius,Manacus manacus,Pogonotriccus eximius,Pogonotriccus eximius,Pogonotriccus eximius,Pogonotriccus eximius,Pogonotriccus eximius,Pogonotriccus,Tyrannidae,4,Alto
4529,Pogonotriccus eximius,Pogonotriccus eximius,Pogonotriccus eximius,Pogonotriccus eximius,Pogonotriccus eximius,Pogonotriccus eximius,Manacus manacus,Pogonotriccus eximius,Pogonotriccus eximius,Pogonotriccus eximius,Pogonotriccus eximius,Pogonotriccus eximius,Pogonotriccus,Tyrannidae,4,Alto
4530,Pogonotriccus eximius,Pogonotriccus eximius,Pogonotriccus eximius,Pogonotriccus eximius,Pogonotriccus eximius,Pogonotriccus eximius,Manacus manacus,Pogonotriccus eximius,Pogonotriccus eximius,Pogonotriccus eximius,Pogonotriccus eximius,Pogonotriccus eximius,Pogonotriccus,Tyrannidae,4,Alto
4531,Pogonotriccus eximius,Pogonotriccus eximius,Pogonotriccus eximius,Pogonotriccus eximius,Pogonotriccus eximius,Pogonotriccus eximius,Myiothlypis leucoblephara,Pogonotriccus eximius,Pogonotriccus eximius,Pogonotriccus eximius,Pogonotriccus eximius,Pogonotriccus eximius,Pogonotriccus,Tyrannidae,4,Alto
4532,Pogonotriccus eximius,Pogonotriccus eximius,Pogonotriccus eximius,Pogonotriccus eximius,Pogonotriccus eximius,Pogonotriccus eximius,Manacus manacus,Pogonotriccus eximius,Pogonotriccus eximius,Pogonotriccus eximius,Pogonotriccus eximius,Pogonotriccus eximius,Pogonotriccus,Tyrannidae,4,Alto
4533,Pogonotriccus eximius,Pogonotriccus eximius,Pogonotriccus eximius,Pogonotriccus eximius,Pogonotriccus eximius,Pogonotriccus eximius,Manacus manacus,Pogonotriccus eximius,Pogonotriccus eximius,Pogonotriccus eximius,Pogonotriccus eximius,Pogonotriccus eximius,Pogonotriccus,Tyrannidae,4,Alto
4534,Pogonotriccus eximius,Pogonotriccus eximius,Pogonotriccus eximius,Pogonotriccus eximius,Pogonotriccus eximius,Pogonotriccus eximius,Manacus manacus,Pogonotriccus eximius,Pogonotriccus eximius,Pogonotriccus eximius,Pogonotriccus eximius,Pogonotriccus eximius,Pogonotriccus,Tyrannidae,4,Alto
4535,Pogonotriccus eximius,Pogonotriccus eximius,Pogonotriccus eximius,Pogonotriccus eximius,Pogonotriccus eximius,Pogonotriccus eximius,Manacus manacus,Pogonotriccus eximius,Pogonotriccus eximius,Pogonotriccus eximius,Pogonotriccus eximius,Pogonotriccus eximius,Pogonotriccus,Tyrannidae,4,Alto
4536,Pogonotriccus eximius,Pogonotriccus eximius,Pogonotriccus eximius,Pogonotriccus eximius,Pogonotriccus eximius,Pogonotriccus eximius,Manacus manacus,Pogonotriccus eximius,Pogonotriccus eximius,Pogonotriccus eximius,Pogonotriccus eximius,Pogonotriccus eximius,Pogonotriccus,Tyrannidae,4,Alto
4537,Pogonotriccus eximius,Pogonotriccus eximius,Pogonotriccus eximius,Pogonotriccus eximius,Pogonotriccus eximius,Pogonotriccus eximius,Manacus manacus,Manacus manacus,Pogonotriccus eximius,Pogonotriccus eximius,Pogonotriccus eximius,Pogonotriccus eximius,Pogonotriccus,Tyrannidae,4,Alto
4538,Pogonotriccus eximius,Pogonotriccus eximius,Pogonotriccus eximius,Pogonotriccus eximius,Pogonotriccus eximius,Pogonotriccus eximius,Myiothlypis leucoblephara,Pogonotriccus eximius,Pogonotriccus eximius,Pogonotriccus eximius,Pogonotriccus eximius,Pogonotriccus eximius,Pogonotriccus,Tyrannidae,4,Alto
4539,Pogonotriccus eximius,Pogonotriccus eximius,Pogonotriccus eximius,Pogonotriccus eximius,Pogonotriccus eximius,Pogonotriccus eximius,Manacus manacus,Pogonotriccus eximius,Pogonotriccus eximius,Pogonotriccus eximius,Pogonotriccus eximius,Pogonotriccus eximius,Pogonotriccus,Tyrannidae,4,Alto
4540,Pogonotriccus eximius,Pogonotriccus eximius,Pogonotriccus eximius,Pogonotriccus eximius,Biatas nigropectus,Pogonotriccus eximius,Hypoedaleus guttatus,Pogonotriccus eximius,Pogonotriccus eximius,Pogonotriccus eximius,Pogonotriccus eximius,Pogonotriccus eximius,Pogonotriccus,Tyrannidae,4,Alto
4541,Pogonotriccus eximius,Pogonotriccus eximius,Pogonotriccus eximius,Pogonotriccus eximius,Pogonotriccus eximius,Pogonotriccus eximius,Manacus manacus,Pogonotriccus eximius,Pogonotriccus eximius,Pogonotriccus eximius,Pogonotriccus eximius,Pogonotriccus eximius,Pogonotriccus,Tyrannidae,4,Alto
4542,Pogonotriccus eximius,Pogonotriccus eximius,Pogonotriccus eximius,Pogonotriccus eximius,Pogonotriccus eximius,Pogonotriccus eximius,Manacus manacus,Pogonotriccus eximius,Pogonotriccus eximius,Pogonotriccus eximius,Pogonotriccus eximius,Pogonotriccus eximius,Pogonotriccus,Tyrannidae,4,Alto
4543,Pogonotriccus eximius,Pogonotriccus eximius,Pogonotriccus eximius,Pogonotriccus eximius,Pogonotriccus eximius,Pogonotriccus eximius,Manacus manacus,Pogonotriccus eximius,Pogonotriccus eximius,Pogonotriccus eximius,Pogonotriccus eximius,Pogonotriccus eximius,Pogonotriccus,Tyrannidae,4,Alto
4544,Pogonotriccus eximius,Pogonotriccus eximius,Pogonotriccus eximius,Pogonotriccus eximius,Pogonotriccus eximius,Pogonotriccus eximius,Manacus manacus,Manacus manacus,Pogonotriccus eximius,Pogonotriccus eximius,Pogonotriccus eximius,Pogonotriccus eximius,Pogonotriccus,Tyrannidae,4,Alto
4546,Pogonotriccus eximius,Pogonotriccus eximius,Pogonotriccus eximius,Pogonotriccus eximius,Pogonotriccus eximius,Pogonotriccus eximius,Manacus manacus,Pogonotriccus eximius,Pogonotriccus eximius,Pogonotriccus eximius,Pogonotriccus eximius,Pogonotriccus eximius,Pogonotriccus,Tyrannidae,4,Alto
4548,Pogonotriccus eximius,Pogonotriccus eximius,Pogonotriccus eximius,Pogonotriccus eximius,Pogonotriccus eximius,Pogonotriccus eximius,Manacus manacus,Pogonotriccus eximius,Pogonotriccus eximius,Pogonotriccus eximius,Pogonotriccus eximius,Pogonotriccus eximius,Pogonotriccus,Tyrannidae,4,Alto
4549,Pogonotriccus eximius,Pogonotriccus eximius,Pogonotriccus eximius,Pogonotriccus eximius,Pogonotriccus eximius,Pogonotriccus eximius,Manacus manacus,Pogonotriccus eximius,Pogonotriccus eximius,Pogonotriccus eximius,Pogonotriccus eximius,Pogonotriccus eximius,Pogonotriccus,Tyrannidae,4,Alto
4551,Pogonotriccus eximius,Pogonotriccus eximius,Pogonotriccus eximius,Pogonotriccus eximius,Pogonotriccus eximius,Pogonotriccus eximius,Manacus manacus,Pogonotriccus eximius,Pogonotriccus eximius,Pogonotriccus eximius,Pogonotriccus eximius,Pogonotriccus eximius,Pogonotriccus,Tyrannidae,4,Alto
4552,Pogonotriccus eximius,Pogonotriccus eximius,Biatas nigropectus,Pogonotriccus eximius,Pogonotriccus eximius,Pogonotriccus eximius,Hypoedaleus guttatus,Pogonotriccus eximius,Biatas nigropectus,Biatas nigropectus,Biatas nigropectus,Pogonotriccus eximius,Pogonotriccus,Tyrannidae,4,Alto
4553,Pogonotriccus eximius,Pogonotriccus eximius,Pogonotriccus eximius,Pogonotriccus eximius,Pogonotriccus eximius,Pogonotriccus eximius,Manacus manacus,Pogonotriccus eximius,Pogonotriccus eximius,Pogonotriccus eximius,Pogonotriccus eximius,Pogonotriccus eximius,Pogonotriccus,Tyrannidae,4,Alto
4554,Pogonotriccus eximius,Pogonotriccus eximius,Pogonotriccus eximius,Pogonotriccus eximius,Pogonotriccus eximius,Pogonotriccus eximius,Manacus manacus,Pogonotriccus eximius,Pogonotriccus eximius,Pogonotriccus eximius,Pogonotriccus eximius,Pogonotriccus eximius,Pogonotriccus,Tyrannidae,4,Alto
4557,Pogonotriccus eximius,Pogonotriccus eximius,Pogonotriccus eximius,Pogonotriccus eximius,Pogonotriccus eximius,Pogonotriccus eximius,Manacus manacus,Pogonotriccus eximius,Pogonotriccus eximius,Pogonotriccus eximius,Pogonotriccus eximius,Pogonotriccus eximius,Pogonotriccus,Tyrannidae,4,Alto
4558,Pogonotriccus eximius,Pogonotriccus eximius,Pogonotriccus eximius,Pogonotriccus eximius,Pogonotriccus eximius,Pogonotriccus eximius,Manacus manacus,Pogonotriccus eximius,Pogonotriccus eximius,Pogonotriccus eximius,Pogonotriccus eximius,Pogonotriccus eximius,Pogonotriccus,Tyrannidae,4,Alto
4559,Pogonotriccus eximius,Pogonotriccus eximius,Pogonotriccus eximius,Pogonotriccus eximius,Pogonotriccus eximius,Pogonotriccus eximius,Manacus manacus,Pogonotriccus eximius,Pogonotriccus eximius,Pogonotriccus eximius,Pogonotriccus eximius,Pogonotriccus eximius,Pogonotriccus,Tyrannidae,4,Alto
4561,Pogonotriccus eximius,Brotogeris chiriri,Conopophaga lineata,Conopophaga lineata,Biatas nigropectus,Brotogeris chiriri,Brotogeris chiriri,Brotogeris chiriri,Conopophaga lineata,Conopophaga lineata,Conopophaga lineata,Brotogeris chiriri,Pogonotriccus,Tyrannidae,4,Alto
