idx,y_true,pred_Nearest Centroid,pred_KNN (k=1),pred_KNN (k=3),pred_KNN (k=5),pred_Linear SVM,pred_RBF SVM,pred_Random Forest,pred_Faiss KNN (k=1),pred_Faiss KNN (k=3),pred_Faiss KNN (k=5),pred_Faiss Nearest Centroid,genus,family,ivc_score,ivc_category
0,Alouatta caraya,Amazona aestiva,Brotogeris chiriri,Amazona aestiva,Amazona aestiva,Brotogeris chiriri,Brotogeris chiriri,Brotogeris chiriri,Brotogeris chiriri,Brotogeris chiriri,Brotogeris chiriri,Amazona aestiva,Alouatta,Atelidae,3,Medio
1,Alouatta caraya,Alouatta caraya,Alouatta caraya,Alouatta caraya,Alouatta caraya,Alouatta caraya,Alouatta caraya,Alouatta caraya,Alouatta caraya,Alouatta caraya,Alouatta caraya,Alouatta caraya,Alouatta,Atelidae,3,Medio
2,Alouatta caraya,Alouatta caraya,Alouatta caraya,Alouatta caraya,Alouatta caraya,Alouatta caraya,Alouatta guariba clamitans,Alouatta caraya,Alouatta caraya,Alouatta caraya,Alouatta caraya,Alouatta caraya,Alouatta,Atelidae,3,Medio
3,Alouatta caraya,Alouatta caraya,Alouatta caraya,Alouatta caraya,Alouatta caraya,Alouatta caraya,Alouatta guariba clamitans,Alouatta guariba clamitans,Alouatta caraya,Alouatta caraya,Alouatta caraya,Alouatta caraya,Alouatta,Atelidae,3,Medio
4,Alouatta caraya,Alouatta caraya,Alouatta caraya,Alouatta caraya,Sapajus nigritus,Alouatta caraya,Alouatta caraya,Sapajus nigritus,Alouatta caraya,Alouatta caraya,Alouatta caraya,Alouatta caraya,Alouatta,Atelidae,3,Medio
5,Alouatta caraya,Sapajus nigritus,Sapajus nigritus,Sapajus nigritus,Sapajus nigritus,Sapajus nigritus,Sapajus nigritus,Sapajus nigritus,Sapajus nigritus,Sapajus nigritus,Sapajus nigritus,Sapajus nigritus,Alouatta,Atelidae,3,Medio
6,Alouatta caraya,Alouatta caraya,Alouatta caraya,Alouatta caraya,Alouatta caraya,Alouatta caraya,Alouatta caraya,Alouatta caraya,Alouatta caraya,Alouatta caraya,Alouatta caraya,Alouatta caraya,Alouatta,Atelidae,3,Medio
11,Alouatta caraya,Alouatta guariba,Sapajus nigritus,Sapajus nigritus,Sapajus nigritus,Alouatta caraya,Sapajus nigritus,Alouatta caraya,Sapajus nigritus,Sapajus nigritus,Sapajus nigritus,Alouatta guariba,Alouatta,Atelidae,3,Medio
12,Alouatta caraya,Alouatta caraya,Alouatta guariba,Alouatta guariba,Alouatta guariba,Alouatta caraya,Sapajus nigritus,Alouatta caraya,Alouatta guariba,Alouatta guariba,Alouatta guariba,Alouatta caraya,Alouatta,Atelidae,3,Medio
13,Alouatta caraya,Alouatta caraya,Alouatta caraya,Alouatta caraya,Alouatta guariba clamitans,Alouatta caraya,Alouatta guariba clamitans,Alouatta caraya,Alouatta caraya,Alouatta caraya,Alouatta caraya,Alouatta caraya,Alouatta,Atelidae,3,Medio
14,Alouatta caraya,Alouatta guariba,Alouatta guariba clamitans,Alouatta guariba,Alouatta guariba clamitans,Alouatta caraya,Sapajus nigritus,Alouatta caraya,Alouatta guariba clamitans,Alouatta guariba clamitans,Alouatta guariba clamitans,Alouatta guariba,Alouatta,Atelidae,3,Medio
15,Alouatta caraya,Alouatta guariba,Alouatta caraya,Alouatta caraya,Alouatta caraya,Alouatta caraya,Alouatta guariba clamitans,Alouatta caraya,Alouatta caraya,Alouatta caraya,Alouatta caraya,Alouatta guariba,Alouatta,Atelidae,3,Medio
16,Alouatta caraya,Alouatta caraya,Alouatta guariba clamitans,Alouatta caraya,Alouatta caraya,Alouatta caraya,Alouatta guariba clamitans,Alouatta caraya,Alouatta guariba clamitans,Alouatta guariba clamitans,Alouatta guariba clamitans,Alouatta caraya,Alouatta,Atelidae,3,Medio
17,Alouatta caraya,Alouatta caraya,Alouatta guariba clamitans,Alouatta guariba clamitans,Alouatta caraya,Alouatta caraya,Alouatta guariba clamitans,Alouatta guariba clamitans,Alouatta guariba clamitans,Alouatta guariba clamitans,Alouatta guariba clamitans,Alouatta caraya,Alouatta,Atelidae,3,Medio
18,Alouatta caraya,Alouatta caraya,Alouatta guariba clamitans,Alouatta caraya,Alouatta caraya,Alouatta caraya,Alouatta guariba clamitans,Alouatta caraya,Alouatta guariba clamitans,Alouatta guariba clamitans,Alouatta guariba clamitans,Alouatta caraya,Alouatta,Atelidae,3,Medio
20,Alouatta caraya,Sapajus nigritus,Alouatta caraya,Alouatta caraya,Sapajus nigritus,Sapajus nigritus,Sapajus nigritus,Alouatta caraya,Alouatta caraya,Alouatta caraya,Alouatta caraya,Sapajus nigritus,Alouatta,Atelidae,3,Medio
21,Alouatta caraya,Alouatta caraya,Sapajus nigritus,Alouatta caraya,Alouatta caraya,Alouatta caraya,Alouatta caraya,Alouatta caraya,Sapajus nigritus,Sapajus nigritus,Sapajus nigritus,Alouatta caraya,Alouatta,Atelidae,3,Medio
22,Alouatta caraya,Alouatta caraya,Alouatta guariba clamitans,Alouatta guariba clamitans,Alouatta guariba clamitans,Alouatta caraya,Alouatta guariba clamitans,Alouatta caraya,Alouatta guariba clamitans,Alouatta guariba clamitans,Alouatta guariba clamitans,Alouatta caraya,Alouatta,Atelidae,3,Medio
23,Alouatta caraya,Sapajus nigritus,Sapajus nigritus,Sapajus nigritus,Alouatta caraya,Sapajus nigritus,Sapajus nigritus,Sapajus nigritus,Sapajus nigritus,Sapajus nigritus,Sapajus nigritus,Sapajus nigritus,Alouatta,Atelidae,3,Medio
24,Alouatta caraya,Alouatta caraya,Sapajus nigritus,Alouatta caraya,Alouatta caraya,Alouatta caraya,Alouatta caraya,Alouatta caraya,Sapajus nigritus,Sapajus nigritus,Sapajus nigritus,Alouatta caraya,Alouatta,Atelidae,3,Medio
26,Alouatta caraya,Alouatta caraya,Alouatta caraya,Alouatta caraya,Alouatta caraya,Alouatta caraya,Alouatta caraya,Alouatta caraya,Alouatta caraya,Alouatta caraya,Alouatta caraya,Alouatta caraya,Alouatta,Atelidae,3,Medio
27,Alouatta caraya,Alouatta caraya,Alouatta caraya,Alouatta caraya,Alouatta caraya,Alouatta caraya,Alouatta caraya,Alouatta caraya,Alouatta caraya,Alouatta caraya,Alouatta caraya,Alouatta caraya,Alouatta,Atelidae,3,Medio
29,Alouatta caraya,Alouatta caraya,Alouatta caraya,Alouatta caraya,Alouatta caraya,Alouatta caraya,Alouatta caraya,Alouatta caraya,Alouatta caraya,Alouatta caraya,Alouatta caraya,Alouatta caraya,Alouatta,Atelidae,3,Medio
30,Alouatta caraya,Alouatta caraya,Alouatta caraya,Alouatta caraya,Alouatta caraya,Alouatta caraya,Alouatta caraya,Alouatta caraya,Alouatta caraya,Alouatta caraya,Alouatta caraya,Alouatta caraya,Alouatta,Atelidae,3,Medio
31,Alouatta caraya,Sapajus nigritus,Sapajus nigritus,Sapajus nigritus,Sapajus nigritus,Sapajus nigritus,Sapajus nigritus,Sapajus nigritus,Sapajus nigritus,Sapajus nigritus,Sapajus nigritus,Sapajus nigritus,Alouatta,Atelidae,3,Medio
32,Alouatta caraya,Alouatta caraya,Alouatta caraya,Alouatta caraya,Sapajus nigritus,Alouatta caraya,Alouatta caraya,Alouatta caraya,Alouatta caraya,Alouatta caraya,Alouatta caraya,Alouatta caraya,Alouatta,Atelidae,3,Medio
33,Alouatta caraya,Alouatta caraya,Sapajus nigritus,Alouatta caraya,Alouatta caraya,Alouatta caraya,Alouatta guariba clamitans,Alouatta caraya,Sapajus nigritus,Sapajus nigritus,Sapajus nigritus,Alouatta caraya,Alouatta,Atelidae,3,Medio
34,Alouatta caraya,Alouatta caraya,Alouatta caraya,Alouatta caraya,Alouatta caraya,Alouatta caraya,Alouatta guariba clamitans,Alouatta caraya,Alouatta caraya,Alouatta caraya,Alouatta caraya,Alouatta caraya,Alouatta,Atelidae,3,Medio
35,Alouatta caraya,Alouatta caraya,Alouatta caraya,Alouatta caraya,Alouatta guariba clamitans,Sapajus nigritus,Sapajus nigritus,Alouatta caraya,Alouatta caraya,Alouatta caraya,Alouatta caraya,Alouatta caraya,Alouatta,Atelidae,3,Medio
36,Alouatta caraya,Alouatta caraya,Sapajus nigritus,Sapajus nigritus,Sapajus nigritus,Sapajus nigritus,Sapajus nigritus,Sapajus nigritus,Sapajus nigritus,Sapajus nigritus,Sapajus nigritus,Alouatta caraya,Alouatta,Atelidae,3,Medio
38,Alouatta caraya,Alouatta caraya,Alouatta caraya,Alouatta caraya,Alouatta caraya,Alouatta caraya,Alouatta guariba clamitans,Alouatta caraya,Alouatta caraya,Alouatta caraya,Alouatta caraya,Alouatta caraya,Alouatta,Atelidae,3,Medio
39,Alouatta caraya,Alouatta caraya,Baryphthengus ruficapillus,Alouatta caraya,Alouatta caraya,Alouatta caraya,Alouatta caraya,Alouatta caraya,Baryphthengus ruficapillus,Baryphthengus ruficapillus,Baryphthengus ruficapillus,Alouatta caraya,Alouatta,Atelidae,3,Medio
40,Alouatta caraya,Didelphis albiventris,Sapajus nigritus,Alouatta caraya,Alouatta caraya,Sapajus nigritus,Didelphis albiventris,Alouatta caraya,Sapajus nigritus,Sapajus nigritus,Sapajus nigritus,Didelphis albiventris,Alouatta,Atelidae,3,Medio
42,Alouatta caraya,Alouatta caraya,Alouatta caraya,Alouatta caraya,Alouatta caraya,Alouatta caraya,Alouatta caraya,Alouatta caraya,Alouatta caraya,Alouatta caraya,Alouatta caraya,Alouatta caraya,Alouatta,Atelidae,3,Medio
43,Alouatta caraya,Alouatta caraya,Alouatta caraya,Alouatta caraya,Alouatta caraya,Alouatta caraya,Alouatta caraya,Sapajus nigritus,Alouatta caraya,Alouatta caraya,Alouatta caraya,Alouatta caraya,Alouatta,Atelidae,3,Medio
45,Alouatta caraya,Alouatta caraya,Alouatta caraya,Alouatta caraya,Alouatta caraya,Alouatta caraya,Sapajus nigritus,Sapajus nigritus,Alouatta caraya,Alouatta caraya,Alouatta caraya,Alouatta caraya,Alouatta,Atelidae,3,Medio
46,Alouatta caraya,Alouatta caraya,Alouatta caraya,Alouatta caraya,Alouatta guariba clamitans,Alouatta caraya,Alouatta guariba clamitans,Alouatta caraya,Alouatta caraya,Alouatta caraya,Alouatta caraya,Alouatta caraya,Alouatta,Atelidae,3,Medio
47,Alouatta caraya,Alouatta caraya,Alouatta caraya,Alouatta guariba clamitans,Alouatta guariba clamitans,Alouatta caraya,Alouatta guariba clamitans,Alouatta guariba clamitans,Alouatta caraya,Alouatta caraya,Alouatta caraya,Alouatta caraya,Alouatta,Atelidae,3,Medio
48,Alouatta caraya,Alouatta caraya,Alouatta caraya,Alouatta caraya,Alouatta caraya,Alouatta caraya,Alouatta caraya,Alouatta caraya,Alouatta caraya,Alouatta caraya,Alouatta caraya,Alouatta caraya,Alouatta,Atelidae,3,Medio
50,Alouatta caraya,Alouatta caraya,Alouatta guariba clamitans,Alouatta caraya,Alouatta caraya,Alouatta caraya,Alouatta guariba clamitans,Alouatta guariba clamitans,Alouatta guariba clamitans,Alouatta guariba clamitans,Alouatta guariba clamitans,Alouatta caraya,Alouatta,Atelidae,3,Medio
51,Alouatta caraya,Alouatta guariba clamitans,Alouatta guariba clamitans,Alouatta guariba clamitans,Alouatta caraya,Alouatta caraya,Alouatta guariba clamitans,Alouatta guariba clamitans,Alouatta guariba clamitans,Alouatta guariba clamitans,Alouatta guariba clamitans,Alouatta guariba clamitans,Alouatta,Atelidae,3,Medio
52,Alouatta caraya,Didelphis albiventris,Sapajus nigritus,Sapajus nigritus,Sapajus nigritus,Didelphis albiventris,Didelphis albiventris,Alouatta caraya,Sapajus nigritus,Sapajus nigritus,Sapajus nigritus,Didelphis albiventris,Alouatta,Atelidae,3,Medio
53,Alouatta caraya,Alouatta caraya,Sapajus nigritus,Alouatta guariba,Sapajus nigritus,Alouatta caraya,Sapajus nigritus,Alouatta caraya,Sapajus nigritus,Sapajus nigritus,Sapajus nigritus,Alouatta caraya,Alouatta,Atelidae,3,Medio
54,Alouatta caraya,Alouatta caraya,Alouatta caraya,Alouatta caraya,Alouatta caraya,Alouatta caraya,Sapajus nigritus,Alouatta caraya,Alouatta caraya,Alouatta caraya,Alouatta caraya,Alouatta caraya,Alouatta,Atelidae,3,Medio
55,Alouatta caraya,Alouatta guariba clamitans,Alouatta guariba clamitans,Alouatta caraya,Alouatta guariba clamitans,Alouatta guariba clamitans,Alouatta guariba clamitans,Alouatta guariba clamitans,Alouatta guariba clamitans,Alouatta guariba clamitans,Alouatta guariba clamitans,Alouatta guariba clamitans,Alouatta,Atelidae,3,Medio
56,Alouatta caraya,Alouatta caraya,Sapajus nigritus,Sapajus nigritus,Alouatta caraya,Alouatta caraya,Alouatta caraya,Sapajus nigritus,Sapajus nigritus,Sapajus nigritus,Sapajus nigritus,Alouatta caraya,Alouatta,Atelidae,3,Medio
57,Alouatta caraya,Sapajus nigritus,Sapajus nigritus,Sapajus nigritus,Sapajus nigritus,Sapajus nigritus,Sapajus nigritus,Sapajus nigritus,Sapajus nigritus,Sapajus nigritus,Sapajus nigritus,Sapajus nigritus,Alouatta,Atelidae,3,Medio
59,Alouatta caraya,Alouatta caraya,Alouatta caraya,Alouatta caraya,Sapajus nigritus,Sapajus nigritus,Alouatta guariba clamitans,Alouatta caraya,Alouatta caraya,Alouatta caraya,Alouatta caraya,Alouatta caraya,Alouatta,Atelidae,3,Medio
60,Alouatta caraya,Alouatta caraya,Alouatta caraya,Alouatta guariba clamitans,Alouatta guariba clamitans,Alouatta caraya,Alouatta guariba clamitans,Alouatta caraya,Alouatta caraya,Alouatta caraya,Alouatta caraya,Alouatta caraya,Alouatta,Atelidae,3,Medio
61,Alouatta caraya,Alouatta caraya,Alouatta guariba clamitans,Alouatta caraya,Alouatta caraya,Alouatta caraya,Alouatta guariba clamitans,Alouatta caraya,Alouatta guariba clamitans,Alouatta guariba clamitans,Alouatta guariba clamitans,Alouatta caraya,Alouatta,Atelidae,3,Medio
62,Alouatta caraya,Sapajus nigritus,Sapajus nigritus,Sapajus nigritus,Alouatta caraya,Sapajus nigritus,Sapajus nigritus,Sapajus nigritus,Sapajus nigritus,Sapajus nigritus,Sapajus nigritus,Sapajus nigritus,Alouatta,Atelidae,3,Medio
63,Alouatta caraya,Alouatta caraya,Alouatta guariba clamitans,Alouatta caraya,Alouatta caraya,Alouatta caraya,Alouatta guariba clamitans,Alouatta caraya,Alouatta guariba clamitans,Alouatta guariba clamitans,Alouatta guariba clamitans,Alouatta caraya,Alouatta,Atelidae,3,Medio
64,Alouatta caraya,Alouatta caraya,Alouatta caraya,Alouatta caraya,Alouatta caraya,Alouatta caraya,Alouatta guariba clamitans,Alouatta caraya,Alouatta caraya,Alouatta caraya,Alouatta caraya,Alouatta caraya,Alouatta,Atelidae,3,Medio
65,Alouatta caraya,Alouatta caraya,Alouatta caraya,Alouatta caraya,Alouatta caraya,Alouatta caraya,Alouatta caraya,Alouatta caraya,Alouatta caraya,Alouatta caraya,Alouatta caraya,Alouatta caraya,Alouatta,Atelidae,3,Medio
66,Alouatta caraya,Alouatta caraya,Alouatta guariba clamitans,Alouatta caraya,Alouatta caraya,Alouatta caraya,Alouatta guariba clamitans,Alouatta caraya,Alouatta guariba clamitans,Alouatta guariba clamitans,Alouatta guariba clamitans,Alouatta caraya,Alouatta,Atelidae,3,Medio
68,Alouatta guariba,Alouatta guariba clamitans,Alouatta guariba clamitans,Alouatta guariba clamitans,Alouatta guariba clamitans,Alouatta guariba clamitans,Alouatta guariba clamitans,Alouatta guariba clamitans,Alouatta guariba clamitans,Alouatta guariba clamitans,Alouatta guariba clamitans,Alouatta guariba clamitans,Alouatta,Atelidae,7,Crítico
69,Alouatta guariba,Alouatta guariba clamitans,Alouatta guariba clamitans,Alouatta guariba clamitans,Alouatta guariba,Alouatta guariba clamitans,Alouatta guariba clamitans,Alouatta caraya,Alouatta guariba clamitans,Alouatta guariba clamitans,Alouatta guariba clamitans,Alouatta guariba clamitans,Alouatta,Atelidae,7,Crítico
71,Alouatta guariba,Alouatta guariba clamitans,Alouatta guariba clamitans,Alouatta guariba clamitans,Alouatta guariba clamitans,Alouatta guariba clamitans,Alouatta guariba clamitans,Alouatta guariba clamitans,Alouatta guariba clamitans,Alouatta guariba clamitans,Alouatta guariba clamitans,Alouatta guariba clamitans,Alouatta,Atelidae,7,Crítico
72,Alouatta guariba,Alouatta guariba clamitans,Alouatta guariba,Alouatta guariba,Alouatta guariba clamitans,Alouatta guariba clamitans,Alouatta guariba clamitans,Alouatta guariba clamitans,Alouatta guariba,Alouatta guariba,Alouatta guariba,Alouatta guariba clamitans,Alouatta,Atelidae,7,Crítico
73,Alouatta guariba,Alouatta guariba,Habia rubica,Alouatta guariba clamitans,Alouatta guariba clamitans,Alouatta guariba clamitans,Alouatta guariba clamitans,Alouatta guariba,Habia rubica,Habia rubica,Habia rubica,Alouatta guariba,Alouatta,Atelidae,7,Crítico
74,Alouatta guariba,Didelphis albiventris,Didelphis aurita,Alouatta guariba clamitans,Alouatta guariba clamitans,Didelphis albiventris,Didelphis albiventris,Alouatta caraya,Didelphis aurita,Didelphis aurita,Didelphis aurita,Didelphis albiventris,Alouatta,Atelidae,7,Crítico
75,Alouatta guariba,Alouatta guariba clamitans,Alouatta guariba clamitans,Alouatta guariba,Alouatta guariba clamitans,Alouatta guariba clamitans,Alouatta guariba clamitans,Alouatta guariba clamitans,Alouatta guariba clamitans,Alouatta guariba clamitans,Alouatta guariba clamitans,Alouatta guariba clamitans,Alouatta,Atelidae,7,Crítico
77,Alouatta guariba,Alouatta guariba,Alouatta guariba clamitans,Alouatta caraya,Alouatta guariba,Alouatta guariba,Alouatta guariba clamitans,Alouatta guariba,Alouatta guariba clamitans,Alouatta guariba clamitans,Alouatta guariba clamitans,Alouatta guariba,Alouatta,Atelidae,7,Crítico
78,Alouatta guariba,Alouatta guariba clamitans,Alouatta caraya,Alouatta guariba clamitans,Alouatta guariba clamitans,Alouatta guariba clamitans,Alouatta guariba clamitans,Alouatta guariba clamitans,Alouatta caraya,Alouatta caraya,Alouatta caraya,Alouatta guariba clamitans,Alouatta,Atelidae,7,Crítico
79,Alouatta guariba,Alouatta guariba clamitans,Alouatta guariba clamitans,Alouatta guariba,Alouatta guariba,Alouatta guariba clamitans,Alouatta guariba clamitans,Alouatta guariba clamitans,Alouatta guariba clamitans,Alouatta guariba clamitans,Alouatta guariba clamitans,Alouatta guariba clamitans,Alouatta,Atelidae,7,Crítico
81,Alouatta guariba,Didelphis albiventris,Habia rubica,Alouatta guariba,Alouatta guariba,Alouatta guariba,Alouatta guariba clamitans,Alouatta guariba,Habia rubica,Habia rubica,Habia rubica,Didelphis albiventris,Alouatta,Atelidae,7,Crítico
82,Alouatta guariba,Alouatta guariba clamitans,Alouatta guariba,Alouatta guariba,Alouatta guariba,Alouatta guariba clamitans,Alouatta guariba clamitans,Alouatta guariba,Alouatta guariba,Alouatta guariba,Alouatta guariba,Alouatta guariba clamitans,Alouatta,Atelidae,7,Crítico
85,Alouatta guariba,Alouatta guariba clamitans,Alouatta guariba clamitans,Alouatta guariba clamitans,Alouatta guariba clamitans,Alouatta guariba clamitans,Alouatta guariba clamitans,Alouatta guariba clamitans,Alouatta guariba clamitans,Alouatta guariba clamitans,Alouatta guariba clamitans,Alouatta guariba clamitans,Alouatta,Atelidae,7,Crítico
86,Alouatta guariba,Sapajus nigritus,Alouatta guariba,Alouatta guariba,Alouatta guariba,Sapajus nigritus,Sapajus nigritus,Sapajus nigritus,Alouatta guariba,Alouatta guariba,Alouatta guariba,Alouatta guariba,Alouatta,Atelidae,7,Crítico
87,Alouatta guariba,Alouatta guariba,Alouatta guariba clamitans,Alouatta caraya,Alouatta guariba,Alouatta guariba,Alouatta guariba clamitans,Alouatta guariba,Alouatta guariba clamitans,Alouatta guariba clamitans,Alouatta guariba clamitans,Alouatta guariba,Alouatta,Atelidae,7,Crítico
88,Alouatta guariba,Alouatta guariba,Alouatta guariba clamitans,Alouatta guariba,Alouatta guariba,Alouatta guariba,Alouatta guariba clamitans,Alouatta guariba clamitans,Alouatta guariba clamitans,Alouatta guariba clamitans,Alouatta guariba clamitans,Alouatta guariba,Alouatta,Atelidae,7,Crítico
89,Alouatta guariba,Alouatta guariba clamitans,Alouatta guariba clamitans,Alouatta guariba clamitans,Alouatta guariba clamitans,Alouatta guariba clamitans,Alouatta guariba clamitans,Alouatta guariba clamitans,Alouatta guariba clamitans,Alouatta guariba clamitans,Alouatta guariba clamitans,Alouatta guariba clamitans,Alouatta,Atelidae,7,Crítico
90,Alouatta guariba,Alouatta guariba,Alouatta guariba clamitans,Alouatta guariba,Alouatta guariba,Alouatta guariba clamitans,Alouatta guariba clamitans,Alouatta guariba clamitans,Alouatta guariba clamitans,Alouatta guariba clamitans,Alouatta guariba clamitans,Alouatta guariba,Alouatta,Atelidae,7,Crítico
91,Alouatta guariba,Alouatta guariba clamitans,Sapajus nigritus,Alouatta guariba,Alouatta guariba,Alouatta guariba clamitans,Alouatta guariba clamitans,Alouatta guariba clamitans,Sapajus nigritus,Sapajus nigritus,Sapajus nigritus,Alouatta guariba clamitans,Alouatta,Atelidae,7,Crítico
92,Alouatta guariba,Alouatta guariba clamitans,Alouatta guariba clamitans,Alouatta guariba clamitans,Alouatta guariba clamitans,Alouatta guariba clamitans,Alouatta guariba clamitans,Alouatta guariba clamitans,Alouatta guariba clamitans,Alouatta guariba clamitans,Alouatta guariba clamitans,Alouatta guariba clamitans,Alouatta,Atelidae,7,Crítico
93,Alouatta guariba,Amazona aestiva,Sapajus nigritus,Alouatta guariba clamitans,Alouatta guariba,Brotogeris chiriri,Brotogeris chiriri,Alouatta guariba,Sapajus nigritus,Sapajus nigritus,Sapajus nigritus,Amazona aestiva,Alouatta,Atelidae,7,Crítico
94,Alouatta guariba,Alouatta caraya,Sapajus nigritus,Sapajus nigritus,Sapajus nigritus,Sapajus nigritus,Sapajus nigritus,Sapajus nigritus,Sapajus nigritus,Sapajus nigritus,Sapajus nigritus,Alouatta caraya,Alouatta,Atelidae,7,Crítico
96,Alouatta guariba,Alouatta guariba,Alouatta guariba clamitans,Alouatta guariba,Alouatta guariba clamitans,Alouatta guariba clamitans,Alouatta guariba clamitans,Alouatta guariba clamitans,Alouatta guariba clamitans,Alouatta guariba clamitans,Alouatta guariba clamitans,Alouatta guariba,Alouatta,Atelidae,7,Crítico
97,Alouatta guariba,Alouatta guariba clamitans,Alouatta guariba clamitans,Alouatta caraya,Alouatta caraya,Alouatta guariba clamitans,Alouatta guariba clamitans,Alouatta guariba,Alouatta guariba clamitans,Alouatta guariba clamitans,Alouatta guariba clamitans,Alouatta guariba clamitans,Alouatta,Atelidae,7,Crítico
98,Alouatta guariba,Alouatta guariba clamitans,Alouatta guariba clamitans,Alouatta guariba clamitans,Alouatta guariba clamitans,Alouatta guariba clamitans,Alouatta guariba clamitans,Alouatta guariba clamitans,Alouatta guariba clamitans,Alouatta guariba clamitans,Alouatta guariba clamitans,Alouatta guariba clamitans,Alouatta,Atelidae,7,Crítico
99,Alouatta guariba,Alouatta guariba clamitans,Alouatta guariba,Alouatta guariba clamitans,Alouatta guariba clamitans,Alouatta guariba clamitans,Alouatta guariba clamitans,Alouatta caraya,Alouatta guariba,Alouatta guariba,Alouatta guariba,Alouatta guariba clamitans,Alouatta,Atelidae,7,Crítico
100,Alouatta guariba,Alouatta guariba,Alouatta guariba clamitans,Alouatta guariba clamitans,Alouatta guariba clamitans,Alouatta guariba clamitans,Alouatta guariba clamitans,Alouatta guariba,Alouatta guariba clamitans,Alouatta guariba clamitans,Alouatta guariba clamitans,Alouatta guariba,Alouatta,Atelidae,7,Crítico
101,Alouatta guariba,Sapajus nigritus,Sapajus nigritus,Sapajus nigritus,Sapajus nigritus,Sapajus nigritus,Sapajus nigritus,Alouatta caraya,Sapajus nigritus,Sapajus nigritus,Sapajus nigritus,Sapajus nigritus,Alouatta,Atelidae,7,Crítico
102,Alouatta guariba,Alouatta guariba clamitans,Alouatta guariba clamitans,Alouatta guariba clamitans,Alouatta caraya,Alouatta guariba clamitans,Alouatta guariba clamitans,Alouatta guariba clamitans,Alouatta guariba clamitans,Alouatta guariba clamitans,Alouatta guariba clamitans,Alouatta guariba clamitans,Alouatta,Atelidae,7,Crítico
103,Alouatta guariba,Alouatta guariba clamitans,Sapajus nigritus,Alouatta guariba,Alouatta guariba clamitans,Alouatta guariba clamitans,Alouatta guariba clamitans,Alouatta guariba clamitans,Sapajus nigritus,Sapajus nigritus,Sapajus nigritus,Alouatta guariba clamitans,Alouatta,Atelidae,7,Crítico
104,Alouatta guariba,Alouatta caraya,Alouatta caraya,Sapajus nigritus,Sapajus nigritus,Sapajus nigritus,Sapajus nigritus,Alouatta caraya,Alouatta caraya,Alouatta caraya,Alouatta caraya,Alouatta caraya,Alouatta,Atelidae,7,Crítico
105,Alouatta guariba,Alouatta guariba clamitans,Alouatta guariba clamitans,Alouatta guariba clamitans,Alouatta guariba clamitans,Alouatta guariba clamitans,Alouatta guariba clamitans,Alouatta guariba clamitans,Alouatta guariba clamitans,Alouatta guariba clamitans,Alouatta guariba clamitans,Alouatta guariba clamitans,Alouatta,Atelidae,7,Crítico
106,Alouatta guariba,Alouatta guariba clamitans,Alouatta guariba clamitans,Alouatta guariba clamitans,Alouatta guariba clamitans,Alouatta guariba clamitans,Alouatta guariba clamitans,Alouatta guariba clamitans,Alouatta guariba clamitans,Alouatta guariba clamitans,Alouatta guariba clamitans,Alouatta guariba clamitans,Alouatta,Atelidae,7,Crítico
107,Alouatta guariba,Alouatta guariba,Alouatta guariba clamitans,Alouatta caraya,Alouatta guariba,Alouatta guariba,Alouatta guariba clamitans,Alouatta caraya,Alouatta guariba clamitans,Alouatta guariba clamitans,Alouatta guariba clamitans,Alouatta guariba,Alouatta,Atelidae,7,Crítico
109,Alouatta guariba,Alouatta guariba,Alouatta guariba clamitans,Alouatta guariba clamitans,Alouatta guariba,Alouatta guariba,Alouatta guariba clamitans,Alouatta guariba clamitans,Alouatta guariba clamitans,Alouatta guariba clamitans,Alouatta guariba clamitans,Alouatta guariba,Alouatta,Atelidae,7,Crítico
111,Alouatta guariba,Alouatta guariba,Alouatta guariba clamitans,Alouatta guariba,Alouatta guariba,Alouatta guariba clamitans,Alouatta guariba clamitans,Alouatta guariba clamitans,Alouatta guariba clamitans,Alouatta guariba clamitans,Alouatta guariba clamitans,Alouatta guariba,Alouatta,Atelidae,7,Crítico
112,Alouatta guariba,Alouatta guariba clamitans,Alouatta guariba clamitans,Alouatta guariba clamitans,Alouatta guariba clamitans,Alouatta guariba clamitans,Alouatta guariba clamitans,Alouatta guariba clamitans,Alouatta guariba clamitans,Alouatta guariba clamitans,Alouatta guariba clamitans,Alouatta guariba clamitans,Alouatta,Atelidae,7,Crítico
114,Alouatta guariba,Alouatta guariba,Alouatta guariba clamitans,Alouatta caraya,Alouatta guariba clamitans,Alouatta guariba clamitans,Alouatta guariba clamitans,Alouatta guariba clamitans,Alouatta guariba clamitans,Alouatta guariba clamitans,Alouatta guariba clamitans,Alouatta guariba,Alouatta,Atelidae,7,Crítico
115,Alouatta guariba,Alouatta guariba clamitans,Alouatta guariba clamitans,Alouatta caraya,Alouatta guariba clamitans,Alouatta guariba clamitans,Alouatta guariba clamitans,Sapajus nigritus,Alouatta guariba clamitans,Alouatta guariba clamitans,Alouatta guariba clamitans,Alouatta guariba clamitans,Alouatta,Atelidae,7,Crítico
116,Alouatta guariba,Alouatta guariba clamitans,Alouatta guariba clamitans,Alouatta guariba,Alouatta guariba,Alouatta guariba clamitans,Alouatta guariba clamitans,Alouatta guariba,Alouatta guariba clamitans,Alouatta guariba clamitans,Alouatta guariba clamitans,Alouatta guariba clamitans,Alouatta,Atelidae,7,Crítico
118,Alouatta guariba,Alouatta guariba clamitans,Alouatta guariba clamitans,Alouatta caraya,Alouatta caraya,Alouatta guariba clamitans,Alouatta guariba clamitans,Alouatta caraya,Alouatta guariba clamitans,Alouatta guariba clamitans,Alouatta guariba clamitans,Alouatta guariba clamitans,Alouatta,Atelidae,7,Crítico
119,Alouatta guariba,Alouatta guariba,Alouatta guariba,Alouatta caraya,Alouatta guariba,Alouatta guariba,Alouatta guariba clamitans,Alouatta guariba,Alouatta guariba,Alouatta guariba,Alouatta guariba,Alouatta guariba,Alouatta,Atelidae,7,Crítico
120,Alouatta guariba,Sapajus nigritus,Alouatta guariba clamitans,Alouatta caraya,Alouatta caraya,Alouatta guariba clamitans,Sapajus nigritus,Sapajus nigritus,Alouatta guariba clamitans,Alouatta guariba clamitans,Alouatta guariba clamitans,Sapajus nigritus,Alouatta,Atelidae,7,Crítico
122,Alouatta guariba clamitans,Alouatta guariba clamitans,Alouatta guariba clamitans,Alouatta guariba clamitans,Alouatta guariba clamitans,Alouatta guariba clamitans,Alouatta guariba clamitans,Alouatta guariba clamitans,Alouatta guariba clamitans,Alouatta guariba clamitans,Alouatta guariba clamitans,Alouatta guariba clamitans,Alouatta,Atelidae,7,Crítico
123,Alouatta guariba clamitans,Alouatta guariba clamitans,Alouatta guariba clamitans,Alouatta guariba,Alouatta guariba,Alouatta guariba clamitans,Alouatta guariba clamitans,Alouatta guariba,Alouatta guariba clamitans,Alouatta guariba clamitans,Alouatta guariba clamitans,Alouatta guariba clamitans,Alouatta,Atelidae,7,Crítico
124,Alouatta guariba clamitans,Alouatta guariba,Alouatta guariba clamitans,Alouatta guariba clamitans,Alouatta guariba clamitans,Alouatta guariba clamitans,Alouatta guariba clamitans,Alouatta guariba clamitans,Alouatta guariba clamitans,Alouatta guariba clamitans,Alouatta guariba clamitans,Alouatta guariba,Alouatta,Atelidae,7,Crítico
125,Alouatta guariba clamitans,Alouatta guariba,Alouatta guariba clamitans,Alouatta guariba clamitans,Alouatta guariba,Alouatta guariba clamitans,Alouatta guariba clamitans,Alouatta guariba,Alouatta guariba clamitans,Alouatta guariba clamitans,Alouatta guariba clamitans,Alouatta guariba,Alouatta,Atelidae,7,Crítico
126,Alouatta guariba clamitans,Alouatta guariba,Alouatta guariba,Alouatta guariba,Alouatta guariba clamitans,Alouatta guariba clamitans,Alouatta caraya,Galictis cuja,Alouatta guariba,Alouatta guariba,Alouatta guariba,Alouatta guariba,Alouatta,Atelidae,7,Crítico
127,Alouatta guariba clamitans,Alouatta guariba clamitans,Alouatta guariba clamitans,Alouatta guariba clamitans,Alouatta guariba clamitans,Alouatta guariba clamitans,Alouatta guariba clamitans,Alouatta guariba clamitans,Alouatta guariba clamitans,Alouatta guariba clamitans,Alouatta guariba clamitans,Alouatta guariba clamitans,Alouatta,Atelidae,7,Crítico
128,Alouatta guariba clamitans,Alouatta guariba clamitans,Alouatta caraya,Alouatta caraya,Alouatta guariba,Alouatta guariba clamitans,Alouatta guariba clamitans,Alouatta guariba clamitans,Alouatta caraya,Alouatta caraya,Alouatta caraya,Alouatta guariba clamitans,Alouatta,Atelidae,7,Crítico
131,Alouatta guariba clamitans,Alouatta guariba,Alouatta guariba clamitans,Alouatta guariba clamitans,Alouatta guariba,Alouatta guariba,Alouatta guariba clamitans,Alouatta guariba,Alouatta guariba clamitans,Alouatta guariba clamitans,Alouatta guariba clamitans,Alouatta guariba,Alouatta,Atelidae,7,Crítico
132,Alouatta guariba clamitans,Alouatta guariba,Alouatta guariba,Alouatta guariba,Alouatta guariba,Alouatta guariba,Alouatta guariba clamitans,Alouatta guariba,Alouatta guariba,Alouatta guariba,Alouatta guariba,Alouatta guariba,Alouatta,Atelidae,7,Crítico
133,Alouatta guariba clamitans,Alouatta guariba clamitans,Alouatta guariba clamitans,Alouatta guariba clamitans,Alouatta guariba clamitans,Alouatta guariba clamitans,Alouatta guariba clamitans,Alouatta guariba clamitans,Alouatta guariba clamitans,Alouatta guariba clamitans,Alouatta guariba clamitans,Alouatta guariba clamitans,Alouatta,Atelidae,7,Crítico
135,Alouatta guariba clamitans,Alouatta guariba,Sapajus nigritus,Alouatta guariba,Sapajus nigritus,Alouatta guariba clamitans,Alouatta guariba clamitans,Alouatta guariba clamitans,Sapajus nigritus,Sapajus nigritus,Sapajus nigritus,Alouatta guariba,Alouatta,Atelidae,7,Crítico
136,Alouatta guariba clamitans,Alouatta guariba clamitans,Alouatta guariba clamitans,Alouatta guariba clamitans,Alouatta guariba clamitans,Alouatta guariba clamitans,Alouatta guariba clamitans,Alouatta guariba clamitans,Alouatta guariba clamitans,Alouatta guariba clamitans,Alouatta guariba clamitans,Alouatta guariba clamitans,Alouatta,Atelidae,7,Crítico
137,Alouatta guariba clamitans,Alouatta guariba,Sapajus nigritus,Sapajus nigritus,Alouatta guariba clamitans,Alouatta guariba clamitans,Alouatta guariba clamitans,Sapajus nigritus,Sapajus nigritus,Sapajus nigritus,Sapajus nigritus,Alouatta guariba,Alouatta,Atelidae,7,Crítico
138,Alouatta guariba clamitans,Alouatta guariba clamitans,Alouatta guariba clamitans,Alouatta caraya,Alouatta caraya,Alouatta guariba clamitans,Alouatta guariba clamitans,Alouatta guariba clamitans,Alouatta guariba clamitans,Alouatta guariba clamitans,Alouatta guariba clamitans,Alouatta guariba clamitans,Alouatta,Atelidae,7,Crítico
139,Alouatta guariba clamitans,Alouatta caraya,Alouatta guariba clamitans,Alouatta guariba clamitans,Alouatta caraya,Sapajus nigritus,Sapajus nigritus,Sapajus nigritus,Alouatta guariba clamitans,Alouatta guariba clamitans,Alouatta guariba clamitans,Alouatta caraya,Alouatta,Atelidae,7,Crítico
140,Alouatta guariba clamitans,Alouatta caraya,Sapajus nigritus,Sapajus nigritus,Sapajus nigritus,Sapajus nigritus,Sapajus nigritus,Sapajus nigritus,Sapajus nigritus,Sapajus nigritus,Sapajus nigritus,Alouatta caraya,Alouatta,Atelidae,7,Crítico
141,Alouatta guariba clamitans,Alouatta caraya,Alouatta caraya,Alouatta caraya,Alouatta caraya,Alouatta caraya,Alouatta guariba clamitans,Sapajus nigritus,Alouatta caraya,Alouatta caraya,Alouatta caraya,Alouatta caraya,Alouatta,Atelidae,7,Crítico
142,Alouatta guariba clamitans,Alouatta guariba,Alouatta guariba clamitans,Alouatta guariba clamitans,Alouatta guariba,Alouatta guariba,Alouatta guariba clamitans,Alouatta guariba,Alouatta guariba clamitans,Alouatta guariba clamitans,Alouatta guariba clamitans,Alouatta guariba,Alouatta,Atelidae,7,Crítico
143,Alouatta guariba clamitans,Alouatta guariba,Alouatta guariba clamitans,Alouatta caraya,Alouatta guariba clamitans,Alouatta caraya,Alouatta guariba clamitans,Alouatta guariba,Alouatta guariba clamitans,Alouatta guariba clamitans,Alouatta guariba clamitans,Alouatta guariba,Alouatta,Atelidae,7,Crítico
144,Alouatta guariba clamitans,Sapajus nigritus,Alouatta guariba,Alouatta caraya,Alouatta caraya,Sapajus nigritus,Sapajus nigritus,Alouatta guariba clamitans,Alouatta guariba,Alouatta guariba,Alouatta guariba,Sapajus nigritus,Alouatta,Atelidae,7,Crítico
145,Alouatta guariba clamitans,Alouatta guariba clamitans,Alouatta guariba clamitans,Alouatta guariba clamitans,Alouatta guariba clamitans,Alouatta guariba clamitans,Alouatta guariba clamitans,Alouatta guariba clamitans,Alouatta guariba clamitans,Alouatta guariba clamitans,Alouatta guariba clamitans,Alouatta guariba clamitans,Alouatta,Atelidae,7,Crítico
146,Alouatta guariba clamitans,Alouatta guariba clamitans,Alouatta guariba clamitans,Alouatta guariba clamitans,Alouatta guariba,Alouatta guariba clamitans,Alouatta guariba clamitans,Alouatta guariba clamitans,Alouatta guariba clamitans,Alouatta guariba clamitans,Alouatta guariba clamitans,Alouatta guariba clamitans,Alouatta,Atelidae,7,Crítico
147,Alouatta guariba clamitans,Alouatta guariba clamitans,Alouatta guariba clamitans,Alouatta guariba clamitans,Alouatta guariba clamitans,Alouatta guariba clamitans,Alouatta guariba clamitans,Alouatta guariba clamitans,Alouatta guariba clamitans,Alouatta guariba clamitans,Alouatta guariba clamitans,Alouatta guariba clamitans,Alouatta,Atelidae,7,Crítico
148,Alouatta guariba clamitans,Alouatta guariba clamitans,Alouatta guariba clamitans,Alouatta guariba clamitans,Alouatta guariba clamitans,Alouatta guariba clamitans,Alouatta guariba clamitans,Alouatta guariba clamitans,Alouatta guariba clamitans,Alouatta guariba clamitans,Alouatta guariba clamitans,Alouatta guariba clamitans,Alouatta,Atelidae,7,Crítico
149,Alouatta guariba clamitans,Alouatta guariba clamitans,Alouatta guariba clamitans,Alouatta guariba clamitans,Alouatta guariba clamitans,Alouatta guariba clamitans,Alouatta guariba clamitans,Alouatta guariba clamitans,Alouatta guariba clamitans,Alouatta guariba clamitans,Alouatta guariba clamitans,Alouatta guariba clamitans,Alouatta,Atelidae,7,Crítico
150,Alouatta guariba clamitans,Alouatta guariba clamitans,Alouatta guariba clamitans,Alouatta guariba clamitans,Alouatta guariba clamitans,Alouatta guariba clamitans,Alouatta guariba clamitans,Alouatta guariba clamitans,Alouatta guariba clamitans,Alouatta guariba clamitans,Alouatta guariba clamitans,Alouatta guariba clamitans,Alouatta,Atelidae,7,Crítico
151,Alouatta guariba clamitans,Alouatta guariba clamitans,Alouatta guariba clamitans,Alouatta guariba,Alouatta guariba,Alouatta guariba clamitans,Alouatta guariba clamitans,Alouatta guariba clamitans,Alouatta guariba clamitans,Alouatta guariba clamitans,Alouatta guariba clamitans,Alouatta guariba clamitans,Alouatta,Atelidae,7,Crítico
152,Alouatta guariba clamitans,Alouatta guariba clamitans,Alouatta guariba clamitans,Alouatta guariba clamitans,Alouatta guariba clamitans,Alouatta guariba clamitans,Alouatta guariba clamitans,Alouatta guariba clamitans,Alouatta guariba clamitans,Alouatta guariba clamitans,Alouatta guariba clamitans,Alouatta guariba clamitans,Alouatta,Atelidae,7,Crítico
156,Alouatta guariba clamitans,Alouatta caraya,Alouatta caraya,Alouatta caraya,Alouatta guariba clamitans,Alouatta guariba clamitans,Alouatta guariba clamitans,Alouatta caraya,Alouatta caraya,Alouatta caraya,Alouatta caraya,Alouatta caraya,Alouatta,Atelidae,7,Crítico
158,Alouatta guariba clamitans,Alouatta guariba clamitans,Alouatta guariba clamitans,Alouatta guariba clamitans,Alouatta guariba clamitans,Alouatta guariba clamitans,Alouatta guariba clamitans,Alouatta guariba clamitans,Alouatta guariba clamitans,Alouatta guariba clamitans,Alouatta guariba clamitans,Alouatta guariba clamitans,Alouatta,Atelidae,7,Crítico
159,Alouatta guariba clamitans,Amazona vinacea,Amazona vinacea,Amazona vinacea,Amazona vinacea,Amazona vinacea,Amazona vinacea,Amazona vinacea,Amazona vinacea,Amazona vinacea,Amazona vinacea,Amazona vinacea,Alouatta,Atelidae,7,Crítico
160,Alouatta guariba clamitans,Alouatta caraya,Alouatta guariba clamitans,Alouatta guariba clamitans,Alouatta guariba clamitans,Alouatta caraya,Alouatta caraya,Myrmecophaga tridactyla,Alouatta guariba clamitans,Alouatta guariba clamitans,Alouatta guariba clamitans,Alouatta caraya,Alouatta,Atelidae,7,Crítico
161,Alouatta guariba clamitans,Alouatta guariba clamitans,Alouatta guariba clamitans,Alouatta guariba clamitans,Alouatta guariba clamitans,Alouatta guariba clamitans,Alouatta guariba clamitans,Alouatta guariba clamitans,Alouatta guariba clamitans,Alouatta guariba clamitans,Alouatta guariba clamitans,Alouatta guariba clamitans,Alouatta,Atelidae,7,Crítico
162,Alouatta guariba clamitans,Sapajus nigritus,Sapajus nigritus,Sapajus nigritus,Sapajus nigritus,Sapajus nigritus,Sapajus nigritus,Sapajus nigritus,Sapajus nigritus,Sapajus nigritus,Sapajus nigritus,Sapajus nigritus,Alouatta,Atelidae,7,Crítico
163,Alouatta guariba clamitans,Penelope superciliaris,Synallaxis ruficapilla,Synallaxis ruficapilla,Habia rubica,Alouatta guariba clamitans,Penelope superciliaris,Penelope superciliaris,Synallaxis ruficapilla,Synallaxis ruficapilla,Synallaxis ruficapilla,Penelope superciliaris,Alouatta,Atelidae,7,Crítico
164,Alouatta guariba clamitans,Herpailurus yagouaroundi,Galictis cuja,Eira barbara,Eira barbara,Eira barbara,Eira barbara,Galictis cuja,Galictis cuja,Galictis cuja,Galictis cuja,Herpailurus yagouaroundi,Alouatta,Atelidae,7,Crítico
166,Alouatta guariba clamitans,Alouatta guariba,Alouatta guariba,Alouatta guariba,Alouatta guariba,Sapajus nigritus,Sapajus nigritus,Alouatta guariba clamitans,Alouatta guariba,Alouatta guariba,Alouatta guariba,Alouatta guariba,Alouatta,Atelidae,7,Crítico
168,Alouatta guariba clamitans,Sapajus nigritus,Alouatta guariba,Alouatta guariba,Alouatta guariba,Sapajus nigritus,Sapajus nigritus,Amazona aestiva,Alouatta guariba,Alouatta guariba,Alouatta guariba,Sapajus nigritus,Alouatta,Atelidae,7,Crítico
169,Alouatta guariba clamitans,Alouatta guariba clamitans,Alouatta caraya,Alouatta caraya,Alouatta guariba clamitans,Alouatta guariba clamitans,Alouatta guariba clamitans,Alouatta guariba clamitans,Alouatta caraya,Alouatta caraya,Alouatta caraya,Alouatta guariba clamitans,Alouatta,Atelidae,7,Crítico
170,Alouatta guariba clamitans,Alouatta guariba,Alouatta guariba clamitans,Alouatta guariba,Alouatta guariba,Alouatta guariba clamitans,Alouatta guariba clamitans,Alouatta guariba clamitans,Alouatta guariba clamitans,Alouatta guariba clamitans,Alouatta guariba clamitans,Alouatta guariba,Alouatta,Atelidae,7,Crítico
172,Alouatta guariba clamitans,Alouatta guariba clamitans,Alouatta guariba clamitans,Alouatta guariba clamitans,Alouatta guariba clamitans,Alouatta guariba clamitans,Alouatta guariba clamitans,Alouatta guariba clamitans,Alouatta guariba clamitans,Alouatta guariba clamitans,Alouatta guariba clamitans,Alouatta guariba clamitans,Alouatta,Atelidae,7,Crítico
173,Alouatta guariba clamitans,Alouatta guariba,Alouatta guariba,Alouatta guariba,Alouatta guariba,Alouatta guariba clamitans,Alouatta guariba clamitans,Alouatta guariba,Alouatta guariba,Alouatta guariba,Alouatta guariba,Alouatta guariba,Alouatta,Atelidae,7,Crítico
174,Alouatta guariba clamitans,Alouatta guariba clamitans,Alouatta guariba,Alouatta guariba clamitans,Alouatta guariba clamitans,Alouatta guariba clamitans,Alouatta guariba clamitans,Alouatta guariba,Alouatta guariba,Alouatta guariba,Alouatta guariba,Alouatta guariba clamitans,Alouatta,Atelidae,7,Crítico
175,Alouatta guariba clamitans,Alouatta guariba,Alouatta caraya,Alouatta caraya,Alouatta guariba,Alouatta guariba clamitans,Alouatta guariba clamitans,Alouatta guariba,Alouatta caraya,Alouatta caraya,Alouatta caraya,Alouatta guariba,Alouatta,Atelidae,7,Crítico
176,Alouatta guariba clamitans,Amazona vinacea,Sapajus nigritus,Alouatta guariba clamitans,Alouatta guariba clamitans,Sapajus nigritus,Sapajus nigritus,Amazona aestiva,Sapajus nigritus,Sapajus nigritus,Sapajus nigritus,Amazona vinacea,Alouatta,Atelidae,7,Crítico
177,Alouatta guariba clamitans,Alouatta caraya,Alouatta guariba clamitans,Alouatta guariba clamitans,Alouatta guariba,Alouatta caraya,Alouatta guariba clamitans,Alouatta caraya,Alouatta guariba clamitans,Alouatta guariba clamitans,Alouatta guariba clamitans,Alouatta caraya,Alouatta,Atelidae,7,Crítico
179,Alouatta guariba clamitans,Sapajus nigritus,Sus scrofa,Sapajus nigritus,Alouatta caraya,Sus scrofa,Sapajus nigritus,Sapajus nigritus,Sus scrofa,Sus scrofa,Sus scrofa,Sapajus nigritus,Alouatta,Atelidae,7,Crítico
180,Alouatta guariba clamitans,Alouatta guariba clamitans,Alouatta guariba,Alouatta guariba clamitans,Alouatta guariba clamitans,Alouatta guariba clamitans,Alouatta guariba clamitans,Alouatta guariba clamitans,Alouatta guariba,Alouatta guariba,Alouatta guariba,Alouatta guariba clamitans,Alouatta,Atelidae,7,Crítico
182,Alouatta guariba clamitans,Alouatta guariba clamitans,Alouatta guariba,Alouatta guariba clamitans,Alouatta guariba,Alouatta guariba clamitans,Alouatta guariba clamitans,Alouatta guariba,Alouatta guariba,Alouatta guariba,Alouatta guariba,Alouatta guariba clamitans,Alouatta,Atelidae,7,Crítico
184,Alouatta guariba clamitans,Alouatta guariba clamitans,Alouatta guariba clamitans,Alouatta guariba clamitans,Alouatta caraya,Alouatta guariba clamitans,Alouatta guariba clamitans,Alouatta guariba clamitans,Alouatta guariba clamitans,Alouatta guariba clamitans,Alouatta guariba clamitans,Alouatta guariba clamitans,Alouatta,Atelidae,7,Crítico
185,Alouatta guariba clamitans,Alouatta guariba clamitans,Alouatta caraya,Alouatta guariba clamitans,Alouatta guariba clamitans,Alouatta guariba clamitans,Alouatta guariba clamitans,Alouatta guariba clamitans,Alouatta caraya,Alouatta caraya,Alouatta caraya,Alouatta guariba clamitans,Alouatta,Atelidae,7,Crítico
186,Alouatta guariba clamitans,Alouatta guariba clamitans,Alouatta guariba clamitans,Alouatta guariba clamitans,Alouatta guariba clamitans,Alouatta guariba clamitans,Alouatta guariba clamitans,Alouatta guariba clamitans,Alouatta guariba clamitans,Alouatta guariba clamitans,Alouatta guariba clamitans,Alouatta guariba clamitans,Alouatta,Atelidae,7,Crítico
187,Alouatta guariba clamitans,Alouatta guariba clamitans,Alouatta guariba clamitans,Alouatta guariba clamitans,Alouatta guariba clamitans,Alouatta guariba clamitans,Alouatta guariba clamitans,Alouatta guariba clamitans,Alouatta guariba clamitans,Alouatta guariba clamitans,Alouatta guariba clamitans,Alouatta guariba clamitans,Alouatta,Atelidae,7,Crítico
188,Alouatta guariba clamitans,Alouatta caraya,Alouatta caraya,Alouatta caraya,Alouatta caraya,Alouatta caraya,Alouatta guariba clamitans,Alouatta caraya,Alouatta caraya,Alouatta caraya,Alouatta caraya,Alouatta caraya,Alouatta,Atelidae,7,Crítico
189,Alouatta guariba clamitans,Alouatta guariba clamitans,Alouatta caraya,Alouatta caraya,Alouatta guariba clamitans,Alouatta guariba clamitans,Alouatta guariba clamitans,Alouatta caraya,Alouatta caraya,Alouatta caraya,Alouatta caraya,Alouatta guariba clamitans,Alouatta,Atelidae,7,Crítico
190,Alouatta guariba clamitans,Alouatta guariba clamitans,Alouatta guariba clamitans,Alouatta guariba clamitans,Alouatta guariba clamitans,Alouatta guariba clamitans,Alouatta guariba clamitans,Alouatta guariba clamitans,Alouatta guariba clamitans,Alouatta guariba clamitans,Alouatta guariba clamitans,Alouatta guariba clamitans,Alouatta,Atelidae,7,Crítico
191,Notharchus swainsoni,Notharchus swainsoni,Sporophila pileata,Conopophaga lineata,Notharchus swainsoni,Notharchus swainsoni,Notharchus swainsoni,Notharchus swainsoni,Sporophila pileata,Sporophila pileata,Sporophila pileata,Notharchus swainsoni,Notharchus,Bucconidae,5,Crítico
194,Notharchus swainsoni,Notharchus swainsoni,Notharchus swainsoni,Notharchus swainsoni,Notharchus swainsoni,Notharchus swainsoni,Notharchus swainsoni,Notharchus swainsoni,Notharchus swainsoni,Notharchus swainsoni,Notharchus swainsoni,Notharchus swainsoni,Notharchus,Bucconidae,5,Crítico
196,Notharchus swainsoni,Alouatta caraya,Hypoedaleus guttatus,Baryphthengus ruficapillus,Baryphthengus ruficapillus,Sapajus nigritus,Hypoedaleus guttatus,Sapajus nigritus,Hypoedaleus guttatus,Hypoedaleus guttatus,Hypoedaleus guttatus,Alouatta caraya,Notharchus,Bucconidae,5,Crítico
197,Notharchus swainsoni,Notharchus swainsoni,Notharchus swainsoni,Notharchus swainsoni,Notharchus swainsoni,Notharchus swainsoni,Notharchus swainsoni,Notharchus swainsoni,Notharchus swainsoni,Notharchus swainsoni,Notharchus swainsoni,Notharchus swainsoni,Notharchus,Bucconidae,5,Crítico
198,Notharchus swainsoni,Notharchus swainsoni,Notharchus swainsoni,Notharchus swainsoni,Notharchus swainsoni,Notharchus swainsoni,Notharchus swainsoni,Notharchus swainsoni,Notharchus swainsoni,Notharchus swainsoni,Notharchus swainsoni,Notharchus swainsoni,Notharchus,Bucconidae,5,Crítico
199,Notharchus swainsoni,Notharchus swainsoni,Notharchus swainsoni,Notharchus swainsoni,Notharchus swainsoni,Notharchus swainsoni,Notharchus swainsoni,Notharchus swainsoni,Notharchus swainsoni,Notharchus swainsoni,Notharchus swainsoni,Notharchus swainsoni,Notharchus,Bucconidae,5,Crítico
202,Notharchus swainsoni,Notharchus swainsoni,Notharchus swainsoni,Notharchus swainsoni,Notharchus swainsoni,Notharchus swainsoni,Notharchus swainsoni,Notharchus swainsoni,Notharchus swainsoni,Notharchus swainsoni,Notharchus swainsoni,Notharchus swainsoni,Notharchus,Bucconidae,5,Crítico
203,Notharchus swainsoni,Notharchus swainsoni,Notharchus swainsoni,Notharchus swainsoni,Biatas nigropectus,Notharchus swainsoni,Notharchus swainsoni,Notharchus swainsoni,Notharchus swainsoni,Notharchus swainsoni,Notharchus swainsoni,Notharchus swainsoni,Notharchus,Bucconidae,5,Crítico
204,Notharchus swainsoni,Notharchus swainsoni,Cyanoloxia brissonii,Biatas nigropectus,Amazona vinacea,Notharchus swainsoni,Notharchus swainsoni,Amazona vinacea,Cyanoloxia brissonii,Cyanoloxia brissonii,Cyanoloxia brissonii,Notharchus swainsoni,Notharchus,Bucconidae,5,Crítico
207,Notharchus swainsoni,Notharchus swainsoni,Notharchus swainsoni,Notharchus swainsoni,Notharchus swainsoni,Notharchus swainsoni,Notharchus swainsoni,Notharchus swainsoni,Notharchus swainsoni,Notharchus swainsoni,Notharchus swainsoni,Notharchus swainsoni,Notharchus,Bucconidae,5,Crítico
208,Notharchus swainsoni,Notharchus swainsoni,Notharchus swainsoni,Notharchus swainsoni,Notharchus swainsoni,Notharchus swainsoni,Notharchus swainsoni,Notharchus swainsoni,Notharchus swainsoni,Notharchus swainsoni,Notharchus swainsoni,Notharchus swainsoni,Notharchus,Bucconidae,5,Crítico
209,Notharchus swainsoni,Notharchus swainsoni,Notharchus swainsoni,Notharchus swainsoni,Notharchus swainsoni,Notharchus swainsoni,Notharchus swainsoni,Notharchus swainsoni,Notharchus swainsoni,Notharchus swainsoni,Notharchus swainsoni,Notharchus swainsoni,Notharchus,Bucconidae,5,Crítico
210,Notharchus swainsoni,Notharchus swainsoni,Notharchus swainsoni,Notharchus swainsoni,Notharchus swainsoni,Notharchus swainsoni,Notharchus swainsoni,Notharchus swainsoni,Notharchus swainsoni,Notharchus swainsoni,Notharchus swainsoni,Notharchus swainsoni,Notharchus,Bucconidae,5,Crítico
211,Notharchus swainsoni,Notharchus swainsoni,Notharchus swainsoni,Notharchus swainsoni,Notharchus swainsoni,Notharchus swainsoni,Notharchus swainsoni,Notharchus swainsoni,Notharchus swainsoni,Notharchus swainsoni,Notharchus swainsoni,Notharchus swainsoni,Notharchus,Bucconidae,5,Crítico
212,Notharchus swainsoni,Notharchus swainsoni,Amazona vinacea,Amazona vinacea,Notharchus swainsoni,Notharchus swainsoni,Notharchus swainsoni,Notharchus swainsoni,Amazona vinacea,Amazona vinacea,Amazona vinacea,Notharchus swainsoni,Notharchus,Bucconidae,5,Crítico
213,Notharchus swainsoni,Notharchus swainsoni,Notharchus swainsoni,Notharchus swainsoni,Notharchus swainsoni,Notharchus swainsoni,Notharchus swainsoni,Notharchus swainsoni,Notharchus swainsoni,Notharchus swainsoni,Notharchus swainsoni,Notharchus swainsoni,Notharchus,Bucconidae,5,Crítico
214,Notharchus swainsoni,Pipile jacutinga,Notharchus swainsoni,Notharchus swainsoni,Notharchus swainsoni,Notharchus swainsoni,Notharchus swainsoni,Sporophila pileata,Notharchus swainsoni,Notharchus swainsoni,Notharchus swainsoni,Amazona vinacea,Notharchus,Bucconidae,5,Crítico
215,Notharchus swainsoni,Notharchus swainsoni,Notharchus swainsoni,Notharchus swainsoni,Notharchus swainsoni,Notharchus swainsoni,Notharchus swainsoni,Notharchus swainsoni,Notharchus swainsoni,Notharchus swainsoni,Notharchus swainsoni,Notharchus swainsoni,Notharchus,Bucconidae,5,Crítico
216,Notharchus swainsoni,Notharchus swainsoni,Notharchus swainsoni,Notharchus swainsoni,Notharchus swainsoni,Notharchus swainsoni,Notharchus swainsoni,Notharchus swainsoni,Notharchus swainsoni,Notharchus swainsoni,Notharchus swainsoni,Notharchus swainsoni,Notharchus,Bucconidae,5,Crítico
217,Notharchus swainsoni,Notharchus swainsoni,Notharchus swainsoni,Notharchus swainsoni,Notharchus swainsoni,Notharchus swainsoni,Notharchus swainsoni,Notharchus swainsoni,Notharchus swainsoni,Notharchus swainsoni,Notharchus swainsoni,Notharchus swainsoni,Notharchus,Bucconidae,5,Crítico
218,Notharchus swainsoni,Notharchus swainsoni,Biatas nigropectus,Notharchus swainsoni,Notharchus swainsoni,Notharchus swainsoni,Notharchus swainsoni,Notharchus swainsoni,Biatas nigropectus,Biatas nigropectus,Biatas nigropectus,Notharchus swainsoni,Notharchus,Bucconidae,5,Crítico
219,Notharchus swainsoni,Notharchus swainsoni,Notharchus swainsoni,Notharchus swainsoni,Notharchus swainsoni,Notharchus swainsoni,Notharchus swainsoni,Notharchus swainsoni,Notharchus swainsoni,Notharchus swainsoni,Notharchus swainsoni,Notharchus swainsoni,Notharchus,Bucconidae,5,Crítico
220,Notharchus swainsoni,Notharchus swainsoni,Notharchus swainsoni,Notharchus swainsoni,Notharchus swainsoni,Notharchus swainsoni,Notharchus swainsoni,Notharchus swainsoni,Notharchus swainsoni,Notharchus swainsoni,Notharchus swainsoni,Notharchus swainsoni,Notharchus,Bucconidae,5,Crítico
221,Notharchus swainsoni,Notharchus swainsoni,Notharchus swainsoni,Notharchus swainsoni,Notharchus swainsoni,Notharchus swainsoni,Notharchus swainsoni,Notharchus swainsoni,Notharchus swainsoni,Notharchus swainsoni,Notharchus swainsoni,Notharchus swainsoni,Notharchus,Bucconidae,5,Crítico
222,Notharchus swainsoni,Notharchus swainsoni,Notharchus swainsoni,Notharchus swainsoni,Notharchus swainsoni,Notharchus swainsoni,Notharchus swainsoni,Notharchus swainsoni,Notharchus swainsoni,Notharchus swainsoni,Notharchus swainsoni,Notharchus swainsoni,Notharchus,Bucconidae,5,Crítico
223,Notharchus swainsoni,Notharchus swainsoni,Notharchus swainsoni,Notharchus swainsoni,Notharchus swainsoni,Notharchus swainsoni,Notharchus swainsoni,Notharchus swainsoni,Notharchus swainsoni,Notharchus swainsoni,Notharchus swainsoni,Notharchus swainsoni,Notharchus,Bucconidae,5,Crítico
224,Notharchus swainsoni,Amazona vinacea,Conopophaga lineata,Amazona aestiva,Amazona aestiva,Notharchus swainsoni,Amazona vinacea,Notharchus swainsoni,Conopophaga lineata,Conopophaga lineata,Conopophaga lineata,Amazona vinacea,Notharchus,Bucconidae,5,Crítico
226,Notharchus swainsoni,Notharchus swainsoni,Sporophila pileata,Notharchus swainsoni,Notharchus swainsoni,Notharchus swainsoni,Notharchus swainsoni,Notharchus swainsoni,Sporophila pileata,Sporophila pileata,Sporophila pileata,Notharchus swainsoni,Notharchus,Bucconidae,5,Crítico
227,Notharchus swainsoni,Notharchus swainsoni,Notharchus swainsoni,Notharchus swainsoni,Notharchus swainsoni,Notharchus swainsoni,Notharchus swainsoni,Notharchus swainsoni,Notharchus swainsoni,Notharchus swainsoni,Notharchus swainsoni,Notharchus swainsoni,Notharchus,Bucconidae,5,Crítico
228,Notharchus swainsoni,Notharchus swainsoni,Notharchus swainsoni,Notharchus swainsoni,Notharchus swainsoni,Notharchus swainsoni,Notharchus swainsoni,Notharchus swainsoni,Notharchus swainsoni,Notharchus swainsoni,Notharchus swainsoni,Notharchus swainsoni,Notharchus,Bucconidae,5,Crítico
229,Notharchus swainsoni,Notharchus swainsoni,Biatas nigropectus,Notharchus swainsoni,Notharchus swainsoni,Notharchus swainsoni,Notharchus swainsoni,Notharchus swainsoni,Biatas nigropectus,Biatas nigropectus,Biatas nigropectus,Notharchus swainsoni,Notharchus,Bucconidae,5,Crítico
230,Notharchus swainsoni,Notharchus swainsoni,Notharchus swainsoni,Notharchus swainsoni,Notharchus swainsoni,Notharchus swainsoni,Notharchus swainsoni,Notharchus swainsoni,Notharchus swainsoni,Notharchus swainsoni,Notharchus swainsoni,Notharchus swainsoni,Notharchus,Bucconidae,5,Crítico
231,Notharchus swainsoni,Notharchus swainsoni,Notharchus swainsoni,Notharchus swainsoni,Notharchus swainsoni,Notharchus swainsoni,Notharchus swainsoni,Notharchus swainsoni,Notharchus swainsoni,Notharchus swainsoni,Notharchus swainsoni,Notharchus swainsoni,Notharchus,Bucconidae,5,Crítico
232,Notharchus swainsoni,Notharchus swainsoni,Notharchus swainsoni,Notharchus swainsoni,Notharchus swainsoni,Notharchus swainsoni,Notharchus swainsoni,Notharchus swainsoni,Notharchus swainsoni,Notharchus swainsoni,Notharchus swainsoni,Notharchus swainsoni,Notharchus,Bucconidae,5,Crítico
233,Notharchus swainsoni,Notharchus swainsoni,Manacus manacus,Notharchus swainsoni,Notharchus swainsoni,Notharchus swainsoni,Notharchus swainsoni,Notharchus swainsoni,Manacus manacus,Manacus manacus,Manacus manacus,Notharchus swainsoni,Notharchus,Bucconidae,5,Crítico
234,Notharchus swainsoni,Notharchus swainsoni,Notharchus swainsoni,Notharchus swainsoni,Notharchus swainsoni,Notharchus swainsoni,Notharchus swainsoni,Notharchus swainsoni,Notharchus swainsoni,Notharchus swainsoni,Notharchus swainsoni,Notharchus swainsoni,Notharchus,Bucconidae,5,Crítico
235,Notharchus swainsoni,Notharchus swainsoni,Notharchus swainsoni,Notharchus swainsoni,Notharchus swainsoni,Notharchus swainsoni,Notharchus swainsoni,Notharchus swainsoni,Notharchus swainsoni,Notharchus swainsoni,Notharchus swainsoni,Notharchus swainsoni,Notharchus,Bucconidae,5,Crítico
236,Notharchus swainsoni,Gubernetes yetapa,Gubernetes yetapa,Amazona vinacea,Amazona vinacea,Gubernetes yetapa,Gubernetes yetapa,Amazona aestiva,Gubernetes yetapa,Gubernetes yetapa,Gubernetes yetapa,Gubernetes yetapa,Notharchus,Bucconidae,5,Crítico
237,Notharchus swainsoni,Notharchus swainsoni,Notharchus swainsoni,Notharchus swainsoni,Notharchus swainsoni,Notharchus swainsoni,Notharchus swainsoni,Notharchus swainsoni,Notharchus swainsoni,Notharchus swainsoni,Notharchus swainsoni,Notharchus swainsoni,Notharchus,Bucconidae,5,Crítico
238,Notharchus swainsoni,Notharchus swainsoni,Notharchus swainsoni,Notharchus swainsoni,Notharchus swainsoni,Notharchus swainsoni,Notharchus swainsoni,Notharchus swainsoni,Notharchus swainsoni,Notharchus swainsoni,Notharchus swainsoni,Notharchus swainsoni,Notharchus,Bucconidae,5,Crítico
239,Notharchus swainsoni,Notharchus swainsoni,Sporophila pileata,Notharchus swainsoni,Notharchus swainsoni,Notharchus swainsoni,Notharchus swainsoni,Notharchus swainsoni,Sporophila pileata,Sporophila pileata,Sporophila pileata,Notharchus swainsoni,Notharchus,Bucconidae,5,Crítico
240,Notharchus swainsoni,Notharchus swainsoni,Notharchus swainsoni,Notharchus swainsoni,Notharchus swainsoni,Notharchus swainsoni,Notharchus swainsoni,Notharchus swainsoni,Notharchus swainsoni,Notharchus swainsoni,Notharchus swainsoni,Notharchus swainsoni,Notharchus,Bucconidae,5,Crítico
241,Notharchus swainsoni,Notharchus swainsoni,Notharchus swainsoni,Notharchus swainsoni,Notharchus swainsoni,Notharchus swainsoni,Notharchus swainsoni,Hypoedaleus guttatus,Notharchus swainsoni,Notharchus swainsoni,Notharchus swainsoni,Notharchus swainsoni,Notharchus,Bucconidae,5,Crítico
244,Notharchus swainsoni,Notharchus swainsoni,Sporophila pileata,Notharchus swainsoni,Notharchus swainsoni,Notharchus swainsoni,Notharchus swainsoni,Notharchus swainsoni,Sporophila pileata,Sporophila pileata,Sporophila pileata,Notharchus swainsoni,Notharchus,Bucconidae,5,Crítico
245,Notharchus swainsoni,Notharchus swainsoni,Notharchus swainsoni,Notharchus swainsoni,Notharchus swainsoni,Notharchus swainsoni,Notharchus swainsoni,Notharchus swainsoni,Notharchus swainsoni,Notharchus swainsoni,Notharchus swainsoni,Notharchus swainsoni,Notharchus,Bucconidae,5,Crítico
246,Notharchus swainsoni,Notharchus swainsoni,Notharchus swainsoni,Notharchus swainsoni,Notharchus swainsoni,Notharchus swainsoni,Notharchus swainsoni,Notharchus swainsoni,Notharchus swainsoni,Notharchus swainsoni,Notharchus swainsoni,Notharchus swainsoni,Notharchus,Bucconidae,5,Crítico
250,Notharchus swainsoni,Notharchus swainsoni,Notharchus swainsoni,Notharchus swainsoni,Gubernetes yetapa,Notharchus swainsoni,Notharchus swainsoni,Notharchus swainsoni,Notharchus swainsoni,Notharchus swainsoni,Notharchus swainsoni,Notharchus swainsoni,Notharchus,Bucconidae,5,Crítico
251,Notharchus swainsoni,Notharchus swainsoni,Notharchus swainsoni,Notharchus swainsoni,Notharchus swainsoni,Notharchus swainsoni,Notharchus swainsoni,Notharchus swainsoni,Notharchus swainsoni,Notharchus swainsoni,Notharchus swainsoni,Notharchus swainsoni,Notharchus,Bucconidae,5,Crítico
252,Notharchus swainsoni,Notharchus swainsoni,Notharchus swainsoni,Notharchus swainsoni,Notharchus swainsoni,Notharchus swainsoni,Notharchus swainsoni,Notharchus swainsoni,Notharchus swainsoni,Notharchus swainsoni,Notharchus swainsoni,Notharchus swainsoni,Notharchus,Bucconidae,5,Crítico
253,Notharchus swainsoni,Notharchus swainsoni,Notharchus swainsoni,Notharchus swainsoni,Notharchus swainsoni,Notharchus swainsoni,Notharchus swainsoni,Notharchus swainsoni,Notharchus swainsoni,Notharchus swainsoni,Notharchus swainsoni,Notharchus swainsoni,Notharchus,Bucconidae,5,Crítico
254,Notharchus swainsoni,Notharchus swainsoni,Notharchus swainsoni,Notharchus swainsoni,Notharchus swainsoni,Notharchus swainsoni,Notharchus swainsoni,Notharchus swainsoni,Notharchus swainsoni,Notharchus swainsoni,Notharchus swainsoni,Notharchus swainsoni,Notharchus,Bucconidae,5,Crítico
255,Notharchus swainsoni,Gubernetes yetapa,Conopophaga lineata,Conopophaga lineata,Sporophila pileata,Sporophila pileata,Gubernetes yetapa,Sporophila pileata,Conopophaga lineata,Conopophaga lineata,Conopophaga lineata,Gubernetes yetapa,Notharchus,Bucconidae,5,Crítico
256,Notharchus swainsoni,Notharchus swainsoni,Notharchus swainsoni,Notharchus swainsoni,Notharchus swainsoni,Notharchus swainsoni,Notharchus swainsoni,Notharchus swainsoni,Notharchus swainsoni,Notharchus swainsoni,Notharchus swainsoni,Notharchus swainsoni,Notharchus,Bucconidae,5,Crítico
257,Notharchus swainsoni,Notharchus swainsoni,Notharchus swainsoni,Notharchus swainsoni,Notharchus swainsoni,Notharchus swainsoni,Notharchus swainsoni,Notharchus swainsoni,Notharchus swainsoni,Notharchus swainsoni,Notharchus swainsoni,Notharchus swainsoni,Notharchus,Bucconidae,5,Crítico
258,Notharchus swainsoni,Notharchus swainsoni,Notharchus swainsoni,Notharchus swainsoni,Notharchus swainsoni,Notharchus swainsoni,Notharchus swainsoni,Notharchus swainsoni,Notharchus swainsoni,Notharchus swainsoni,Notharchus swainsoni,Notharchus swainsoni,Notharchus,Bucconidae,5,Crítico
260,Notharchus swainsoni,Notharchus swainsoni,Notharchus swainsoni,Notharchus swainsoni,Notharchus swainsoni,Notharchus swainsoni,Notharchus swainsoni,Notharchus swainsoni,Notharchus swainsoni,Notharchus swainsoni,Notharchus swainsoni,Notharchus swainsoni,Notharchus,Bucconidae,5,Crítico
262,Canis familiaris,Herpailurus yagouaroundi,Herpailurus yagouaroundi,Herpailurus yagouaroundi,Herpailurus yagouaroundi,Herpailurus yagouaroundi,Dasyprocta azarae,Dasyprocta azarae,Herpailurus yagouaroundi,Herpailurus yagouaroundi,Herpailurus yagouaroundi,Herpailurus yagouaroundi,Canis,Canidae,0,Doméstica
264,Canis familiaris,Canis familiaris,Canis familiaris,Canis familiaris,Canis familiaris,Canis familiaris,Canis familiaris,Canis familiaris,Canis familiaris,Canis familiaris,Canis familiaris,Canis familiaris,Canis,Canidae,0,Doméstica
265,Canis familiaris,Canis familiaris,Canis familiaris,Canis familiaris,Canis familiaris,Canis familiaris,Didelphis albiventris,Alouatta caraya,Canis familiaris,Canis familiaris,Canis familiaris,Canis familiaris,Canis,Canidae,0,Doméstica
266,Canis familiaris,Cabassous tatouay,Cuniculus paca,Cabassous tatouay,Cabassous tatouay,Cerdocyon thous,Cerdocyon thous,Cerdocyon thous,Cuniculus paca,Cuniculus paca,Cuniculus paca,Cabassous tatouay,Canis,Canidae,0,Doméstica
267,Canis familiaris,Canis familiaris,Canis familiaris,Canis familiaris,Canis familiaris,Canis familiaris,Canis familiaris,Amazona aestiva,Canis familiaris,Canis familiaris,Canis familiaris,Canis familiaris,Canis,Canidae,0,Doméstica
268,Canis familiaris,Canis familiaris,Canis familiaris,Canis familiaris,Canis familiaris,Canis familiaris,Hydrochoerus hydrochaeris,Sus scrofa,Canis familiaris,Canis familiaris,Canis familiaris,Canis familiaris,Canis,Canidae,0,Doméstica
269,Canis familiaris,Canis familiaris,Canis familiaris,Canis familiaris,Canis familiaris,Canis familiaris,Canis familiaris,Canis familiaris,Canis familiaris,Canis familiaris,Canis familiaris,Canis familiaris,Canis,Canidae,0,Doméstica
270,Canis familiaris,Canis familiaris,Canis familiaris,Canis familiaris,Canis familiaris,Canis familiaris,Tamandua tetradactyla,Canis familiaris,Canis familiaris,Canis familiaris,Canis familiaris,Canis familiaris,Canis,Canidae,0,Doméstica
271,Canis familiaris,Canis familiaris,Canis familiaris,Canis familiaris,Canis familiaris,Canis familiaris,Cerdocyon thous,Canis familiaris,Canis familiaris,Canis familiaris,Canis familiaris,Canis familiaris,Canis,Canidae,0,Doméstica
272,Canis familiaris,Canis familiaris,Canis familiaris,Canis familiaris,Canis familiaris,Canis familiaris,Canis familiaris,Canis familiaris,Canis familiaris,Canis familiaris,Canis familiaris,Canis familiaris,Canis,Canidae,0,Doméstica
273,Canis familiaris,Didelphis albiventris,Galictis cuja,Dasypus novemcinctus,Dasypus novemcinctus,Nyctidromus albicollis,Didelphis albiventris,Didelphis aurita,Galictis cuja,Galictis cuja,Galictis cuja,Didelphis albiventris,Canis,Canidae,0,Doméstica
274,Canis familiaris,Canis familiaris,Canis familiaris,Canis familiaris,Canis familiaris,Canis familiaris,Canis familiaris,Didelphis aurita,Canis familiaris,Canis familiaris,Canis familiaris,Canis familiaris,Canis,Canidae,0,Doméstica
276,Canis familiaris,Canis familiaris,Cerdocyon thous,Tamandua tetradactyla,Tamandua tetradactyla,Canis familiaris,Tamandua tetradactyla,Leopardus wiedii,Cerdocyon thous,Cerdocyon thous,Cerdocyon thous,Canis familiaris,Canis,Canidae,0,Doméstica
277,Canis familiaris,Lycalopex gymnocerca,Lycalopex gymnocerca,Lycalopex gymnocerca,Lycalopex gymnocerca,Lycalopex gymnocerca,Lycalopex gymnocerca,Lycalopex gymnocerca,Lycalopex gymnocerca,Lycalopex gymnocerca,Lycalopex gymnocerca,Lycalopex gymnocerca,Canis,Canidae,0,Doméstica
278,Canis familiaris,Canis familiaris,Canis familiaris,Canis familiaris,Canis familiaris,Canis familiaris,Canis familiaris,Amazona vinacea,Canis familiaris,Canis familiaris,Canis familiaris,Canis familiaris,Canis,Canidae,0,Doméstica
279,Canis familiaris,Canis familiaris,Canis familiaris,Canis familiaris,Canis familiaris,Canis familiaris,Cerdocyon thous,Cerdocyon thous,Canis familiaris,Canis familiaris,Canis familiaris,Canis familiaris,Canis,Canidae,0,Doméstica
280,Canis familiaris,Canis familiaris,Canis familiaris,Canis familiaris,Canis familiaris,Canis familiaris,Canis familiaris,Canis familiaris,Canis familiaris,Canis familiaris,Canis familiaris,Canis familiaris,Canis,Canidae,0,Doméstica
281,Canis familiaris,Canis familiaris,Canis familiaris,Canis familiaris,Canis familiaris,Canis familiaris,Canis familiaris,Canis familiaris,Canis familiaris,Canis familiaris,Canis familiaris,Canis familiaris,Canis,Canidae,0,Doméstica
283,Canis familiaris,Canis familiaris,Canis familiaris,Canis familiaris,Canis familiaris,Canis familiaris,Tamandua tetradactyla,Canis familiaris,Canis familiaris,Canis familiaris,Canis familiaris,Canis familiaris,Canis,Canidae,0,Doméstica
284,Canis familiaris,Canis familiaris,Canis familiaris,Canis familiaris,Canis familiaris,Canis familiaris,Canis familiaris,Canis familiaris,Canis familiaris,Canis familiaris,Canis familiaris,Canis familiaris,Canis,Canidae,0,Doméstica
285,Canis familiaris,Canis familiaris,Canis familiaris,Canis familiaris,Canis familiaris,Canis familiaris,Lycalopex gymnocerca,Canis familiaris,Canis familiaris,Canis familiaris,Canis familiaris,Canis familiaris,Canis,Canidae,0,Doméstica
286,Canis familiaris,Puma concolor,Crypturellus tataupa,Crypturellus tataupa,Crypturellus tataupa,Myrmecophaga tridactyla,Leopardus guttulus,Herpailurus yagouaroundi,Crypturellus tataupa,Crypturellus tataupa,Crypturellus tataupa,Puma concolor,Canis,Canidae,0,Doméstica
288,Canis familiaris,Herpailurus yagouaroundi,Tapirus terrestris,Puma concolor,Canis familiaris,Canis familiaris,Sus scrofa,Herpailurus yagouaroundi,Tapirus terrestris,Tapirus terrestris,Tapirus terrestris,Herpailurus yagouaroundi,Canis,Canidae,0,Doméstica
290,Cerdocyon thous,Puma concolor,Didelphis aurita,Dasypus novemcinctus,Hydropsalis torquata,Didelphis aurita,Didelphis albiventris,Dasypus novemcinctus,Didelphis aurita,Didelphis aurita,Didelphis aurita,Puma concolor,Cerdocyon,Canidae,1,Bajo
291,Cerdocyon thous,Cerdocyon thous,Cerdocyon thous,Cerdocyon thous,Cerdocyon thous,Cerdocyon thous,Cerdocyon thous,Cerdocyon thous,Cerdocyon thous,Cerdocyon thous,Cerdocyon thous,Cerdocyon thous,Cerdocyon,Canidae,1,Bajo
292,Cerdocyon thous,Tamandua tetradactyla,Didelphis albiventris,Didelphis albiventris,Cerdocyon thous,Herpailurus yagouaroundi,Galictis cuja,Dasyprocta azarae,Didelphis albiventris,Didelphis albiventris,Didelphis albiventris,Tamandua tetradactyla,Cerdocyon,Canidae,1,Bajo
293,Cerdocyon thous,Subulo gouazoubira,Subulo gouazoubira,Subulo gouazoubira,Subulo gouazoubira,Subulo gouazoubira,Subulo gouazoubira,Subulo gouazoubira,Subulo gouazoubira,Subulo gouazoubira,Subulo gouazoubira,Subulo gouazoubira,Cerdocyon,Canidae,1,Bajo
294,Cerdocyon thous,Cuniculus paca,Cuniculus paca,Cerdocyon thous,Cerdocyon thous,Cerdocyon thous,Cerdocyon thous,Cerdocyon thous,Cuniculus paca,Cuniculus paca,Cuniculus paca,Cuniculus paca,Cerdocyon,Canidae,1,Bajo
296,Cerdocyon thous,Procyon cancrivorus,Cerdocyon thous,Cabassous tatouay,Cerdocyon thous,Cerdocyon thous,Cerdocyon thous,Cerdocyon thous,Cerdocyon thous,Cerdocyon thous,Cerdocyon thous,Procyon cancrivorus,Cerdocyon,Canidae,1,Bajo
297,Cerdocyon thous,Didelphis aurita,Herpailurus yagouaroundi,Cerdocyon thous,Galictis cuja,Didelphis aurita,Galictis cuja,Didelphis aurita,Herpailurus yagouaroundi,Herpailurus yagouaroundi,Herpailurus yagouaroundi,Didelphis aurita,Cerdocyon,Canidae,1,Bajo
298,Cerdocyon thous,Herpailurus yagouaroundi,Herpailurus yagouaroundi,Herpailurus yagouaroundi,Dasyprocta azarae,Lycalopex gymnocerca,Cerdocyon thous,Lycalopex gymnocerca,Herpailurus yagouaroundi,Herpailurus yagouaroundi,Herpailurus yagouaroundi,Herpailurus yagouaroundi,Cerdocyon,Canidae,1,Bajo
299,Cerdocyon thous,Cerdocyon thous,Cerdocyon thous,Cerdocyon thous,Cerdocyon thous,Cerdocyon thous,Cerdocyon thous,Cerdocyon thous,Cerdocyon thous,Cerdocyon thous,Cerdocyon thous,Cerdocyon thous,Cerdocyon,Canidae,1,Bajo
300,Cerdocyon thous,Galictis cuja,Nasua nasua,Didelphis albiventris,Galictis cuja,Sylvilagus brasiliensis,Galictis cuja,Galictis cuja,Nasua nasua,Nasua nasua,Nasua nasua,Galictis cuja,Cerdocyon,Canidae,1,Bajo
301,Cerdocyon thous,Galictis cuja,Nasua nasua,Herpailurus yagouaroundi,Didelphis albiventris,Lontra longicaudis,Galictis cuja,Nasua nasua,Nasua nasua,Nasua nasua,Nasua nasua,Galictis cuja,Cerdocyon,Canidae,1,Bajo
302,Cerdocyon thous,Lycalopex gymnocerca,Lycalopex gymnocerca,Cerdocyon thous,Cerdocyon thous,Lycalopex gymnocerca,Lycalopex gymnocerca,Lycalopex gymnocerca,Lycalopex gymnocerca,Lycalopex gymnocerca,Lycalopex gymnocerca,Lycalopex gymnocerca,Cerdocyon,Canidae,1,Bajo
303,Cerdocyon thous,Galictis cuja,Galictis cuja,Cerdocyon thous,Galictis cuja,Galictis cuja,Galictis cuja,Galictis cuja,Galictis cuja,Galictis cuja,Galictis cuja,Galictis cuja,Cerdocyon,Canidae,1,Bajo
304,Cerdocyon thous,Cerdocyon thous,Cerdocyon thous,Cerdocyon thous,Cerdocyon thous,Cerdocyon thous,Cerdocyon thous,Cerdocyon thous,Cerdocyon thous,Cerdocyon thous,Cerdocyon thous,Cerdocyon thous,Cerdocyon,Canidae,1,Bajo
305,Cerdocyon thous,Galictis cuja,Galictis cuja,Galictis cuja,Galictis cuja,Galictis cuja,Galictis cuja,Galictis cuja,Galictis cuja,Galictis cuja,Galictis cuja,Galictis cuja,Cerdocyon,Canidae,1,Bajo
306,Cerdocyon thous,Lycalopex gymnocerca,Cerdocyon thous,Cerdocyon thous,Lycalopex gymnocerca,Lycalopex gymnocerca,Lycalopex gymnocerca,Sus scrofa,Cerdocyon thous,Cerdocyon thous,Cerdocyon thous,Lycalopex gymnocerca,Cerdocyon,Canidae,1,Bajo
307,Cerdocyon thous,Didelphis aurita,Herpailurus yagouaroundi,Cerdocyon thous,Didelphis aurita,Didelphis aurita,Didelphis aurita,Galictis cuja,Herpailurus yagouaroundi,Herpailurus yagouaroundi,Herpailurus yagouaroundi,Didelphis aurita,Cerdocyon,Canidae,1,Bajo
308,Cerdocyon thous,Cerdocyon thous,Cerdocyon thous,Cerdocyon thous,Galictis cuja,Lycalopex gymnocerca,Cerdocyon thous,Lycalopex gymnocerca,Cerdocyon thous,Cerdocyon thous,Cerdocyon thous,Cerdocyon thous,Cerdocyon,Canidae,1,Bajo
309,Cerdocyon thous,Cerdocyon thous,Cerdocyon thous,Cerdocyon thous,Cerdocyon thous,Cerdocyon thous,Cerdocyon thous,Cerdocyon thous,Cerdocyon thous,Cerdocyon thous,Cerdocyon thous,Cerdocyon thous,Cerdocyon,Canidae,1,Bajo
310,Cerdocyon thous,Canis familiaris,Puma concolor,Dasyprocta azarae,Dasyprocta azarae,Canis familiaris,Dasyprocta azarae,Hydrochoerus hydrochaeris,Puma concolor,Puma concolor,Puma concolor,Canis familiaris,Cerdocyon,Canidae,1,Bajo
312,Cerdocyon thous,Cuniculus paca,Lepus europaeus,Cuniculus paca,Cuniculus paca,Cerdocyon thous,Cerdocyon thous,Cerdocyon thous,Lepus europaeus,Lepus europaeus,Lepus europaeus,Cuniculus paca,Cerdocyon,Canidae,1,Bajo
313,Cerdocyon thous,Sus scrofa,Lepus europaeus,Lepus europaeus,Sus scrofa,Sus scrofa,Sus scrofa,Myrmecophaga tridactyla,Lepus europaeus,Lepus europaeus,Lepus europaeus,Sus scrofa,Cerdocyon,Canidae,1,Bajo
314,Cerdocyon thous,Cabassous tatouay,Cuniculus paca,Cuniculus paca,Cuniculus paca,Cerdocyon thous,Cerdocyon thous,Procyon cancrivorus,Cuniculus paca,Cuniculus paca,Cuniculus paca,Cabassous tatouay,Cerdocyon,Canidae,1,Bajo
315,Cerdocyon thous,Lycalopex gymnocerca,Lycalopex gymnocerca,Lycalopex gymnocerca,Lycalopex gymnocerca,Lycalopex gymnocerca,Lycalopex gymnocerca,Lycalopex gymnocerca,Lycalopex gymnocerca,Lycalopex gymnocerca,Lycalopex gymnocerca,Lycalopex gymnocerca,Cerdocyon,Canidae,1,Bajo
316,Cerdocyon thous,Lontra longicaudis,Lontra longicaudis,Dasyprocta azarae,Lontra longicaudis,Lontra longicaudis,Galictis cuja,Galictis cuja,Lontra longicaudis,Lontra longicaudis,Lontra longicaudis,Lontra longicaudis,Cerdocyon,Canidae,1,Bajo
320,Cerdocyon thous,Cerdocyon thous,Dasyprocta azarae,Dasyprocta azarae,Dasyprocta azarae,Lycalopex gymnocerca,Cerdocyon thous,Lycalopex gymnocerca,Dasyprocta azarae,Dasyprocta azarae,Dasyprocta azarae,Cerdocyon thous,Cerdocyon,Canidae,1,Bajo
322,Cerdocyon thous,Cerdocyon thous,Cerdocyon thous,Cerdocyon thous,Cerdocyon thous,Cerdocyon thous,Cerdocyon thous,Cerdocyon thous,Cerdocyon thous,Cerdocyon thous,Cerdocyon thous,Cerdocyon thous,Cerdocyon,Canidae,1,Bajo
323,Cerdocyon thous,Procyon cancrivorus,Didelphis albiventris,Cerdocyon thous,Cabassous tatouay,Cerdocyon thous,Cerdocyon thous,Cerdocyon thous,Didelphis albiventris,Didelphis albiventris,Didelphis albiventris,Procyon cancrivorus,Cerdocyon,Canidae,1,Bajo
327,Cerdocyon thous,Cerdocyon thous,Sus scrofa,Cerdocyon thous,Cerdocyon thous,Cerdocyon thous,Cerdocyon thous,Cerdocyon thous,Sus scrofa,Sus scrofa,Sus scrofa,Cerdocyon thous,Cerdocyon,Canidae,1,Bajo
329,Cerdocyon thous,Cerdocyon thous,Tinamus solitarius,Cuniculus paca,Crypturellus tataupa,Sylvilagus brasiliensis,Cerdocyon thous,Sylvilagus brasiliensis,Tinamus solitarius,Tinamus solitarius,Tinamus solitarius,Puma concolor,Cerdocyon,Canidae,1,Bajo
330,Cerdocyon thous,Galictis cuja,Didelphis albiventris,Cerdocyon thous,Cerdocyon thous,Cerdocyon thous,Galictis cuja,Galictis cuja,Didelphis albiventris,Didelphis albiventris,Didelphis albiventris,Galictis cuja,Cerdocyon,Canidae,1,Bajo
331,Cerdocyon thous,Lycalopex gymnocerca,Cerdocyon thous,Cerdocyon thous,Cerdocyon thous,Cerdocyon thous,Cerdocyon thous,Cerdocyon thous,Cerdocyon thous,Cerdocyon thous,Cerdocyon thous,Lycalopex gymnocerca,Cerdocyon,Canidae,1,Bajo
332,Cerdocyon thous,Leopardus wiedii,Cuniculus paca,Cuniculus paca,Cuniculus paca,Cerdocyon thous,Leopardus guttulus,Leopardus guttulus,Cuniculus paca,Cuniculus paca,Cuniculus paca,Leopardus wiedii,Cerdocyon,Canidae,1,Bajo
333,Cerdocyon thous,Cerdocyon thous,Lycalopex gymnocerca,Cerdocyon thous,Cerdocyon thous,Lycalopex gymnocerca,Cerdocyon thous,Cerdocyon thous,Lycalopex gymnocerca,Lycalopex gymnocerca,Lycalopex gymnocerca,Cerdocyon thous,Cerdocyon,Canidae,1,Bajo
334,Cerdocyon thous,Procyon cancrivorus,Cerdocyon thous,Cerdocyon thous,Procyon cancrivorus,Cerdocyon thous,Cerdocyon thous,Cerdocyon thous,Cerdocyon thous,Cerdocyon thous,Cerdocyon thous,Procyon cancrivorus,Cerdocyon,Canidae,1,Bajo
335,Cerdocyon thous,Dasyprocta azarae,Dasyprocta azarae,Crypturellus obsoletus,Crypturellus obsoletus,Dasypus novemcinctus,Dasyprocta azarae,Salvator merianae,Dasyprocta azarae,Dasyprocta azarae,Dasyprocta azarae,Dasyprocta azarae,Cerdocyon,Canidae,1,Bajo
337,Cerdocyon thous,Herpailurus yagouaroundi,Tapirus terrestris,Herpailurus yagouaroundi,Herpailurus yagouaroundi,Herpailurus yagouaroundi,Cerdocyon thous,Cerdocyon thous,Tapirus terrestris,Tapirus terrestris,Tapirus terrestris,Herpailurus yagouaroundi,Cerdocyon,Canidae,1,Bajo
338,Cerdocyon thous,Galictis cuja,Cerdocyon thous,Cerdocyon thous,Cerdocyon thous,Cerdocyon thous,Galictis cuja,Galictis cuja,Cerdocyon thous,Cerdocyon thous,Cerdocyon thous,Galictis cuja,Cerdocyon,Canidae,1,Bajo
339,Cerdocyon thous,Lycalopex gymnocerca,Eira barbara,Cerdocyon thous,Lycalopex gymnocerca,Lycalopex gymnocerca,Lycalopex gymnocerca,Eira barbara,Eira barbara,Eira barbara,Eira barbara,Lycalopex gymnocerca,Cerdocyon,Canidae,1,Bajo
340,Cerdocyon thous,Lycalopex gymnocerca,Lycalopex gymnocerca,Lycalopex gymnocerca,Lycalopex gymnocerca,Lycalopex gymnocerca,Lycalopex gymnocerca,Lycalopex gymnocerca,Lycalopex gymnocerca,Lycalopex gymnocerca,Lycalopex gymnocerca,Lycalopex gymnocerca,Cerdocyon,Canidae,1,Bajo
342,Cerdocyon thous,Lycalopex gymnocerca,Cerdocyon thous,Cerdocyon thous,Cerdocyon thous,Lycalopex gymnocerca,Lycalopex gymnocerca,Lycalopex gymnocerca,Cerdocyon thous,Cerdocyon thous,Cerdocyon thous,Lycalopex gymnocerca,Cerdocyon,Canidae,1,Bajo
343,Cerdocyon thous,Cerdocyon thous,Lycalopex gymnocerca,Lycalopex gymnocerca,Lycalopex gymnocerca,Lycalopex gymnocerca,Cerdocyon thous,Cerdocyon thous,Lycalopex gymnocerca,Lycalopex gymnocerca,Lycalopex gymnocerca,Cerdocyon thous,Cerdocyon,Canidae,1,Bajo
344,Cerdocyon thous,Cerdocyon thous,Cerdocyon thous,Cerdocyon thous,Cerdocyon thous,Cerdocyon thous,Cerdocyon thous,Cerdocyon thous,Cerdocyon thous,Cerdocyon thous,Cerdocyon thous,Cerdocyon thous,Cerdocyon,Canidae,1,Bajo
345,Cerdocyon thous,Lycalopex gymnocerca,Lycalopex gymnocerca,Lycalopex gymnocerca,Lycalopex gymnocerca,Lycalopex gymnocerca,Lycalopex gymnocerca,Lycalopex gymnocerca,Lycalopex gymnocerca,Lycalopex gymnocerca,Lycalopex gymnocerca,Lycalopex gymnocerca,Cerdocyon,Canidae,1,Bajo
346,Cerdocyon thous,Lycalopex gymnocerca,Lycalopex gymnocerca,Lycalopex gymnocerca,Lycalopex gymnocerca,Lycalopex gymnocerca,Lycalopex gymnocerca,Lycalopex gymnocerca,Lycalopex gymnocerca,Lycalopex gymnocerca,Lycalopex gymnocerca,Lycalopex gymnocerca,Cerdocyon,Canidae,1,Bajo
347,Cerdocyon thous,Herpailurus yagouaroundi,Pecari tajacu,Herpailurus yagouaroundi,Dasyprocta azarae,Lycalopex gymnocerca,Cerdocyon thous,Leopardus guttulus,Pecari tajacu,Pecari tajacu,Pecari tajacu,Herpailurus yagouaroundi,Cerdocyon,Canidae,1,Bajo
348,Cerdocyon thous,Herpailurus yagouaroundi,Sus scrofa,Galictis cuja,Dasyprocta azarae,Lycalopex gymnocerca,Cerdocyon thous,Lycalopex gymnocerca,Sus scrofa,Sus scrofa,Sus scrofa,Herpailurus yagouaroundi,Cerdocyon,Canidae,1,Bajo
349,Cerdocyon thous,Cerdocyon thous,Cerdocyon thous,Cerdocyon thous,Cerdocyon thous,Lycalopex gymnocerca,Cerdocyon thous,Cerdocyon thous,Cerdocyon thous,Cerdocyon thous,Cerdocyon thous,Cerdocyon thous,Cerdocyon,Canidae,1,Bajo
350,Cerdocyon thous,Cerdocyon thous,Cerdocyon thous,Cerdocyon thous,Cerdocyon thous,Cerdocyon thous,Cerdocyon thous,Cerdocyon thous,Cerdocyon thous,Cerdocyon thous,Cerdocyon thous,Cerdocyon thous,Cerdocyon,Canidae,1,Bajo
351,Cerdocyon thous,Cerdocyon thous,Cerdocyon thous,Cerdocyon thous,Cerdocyon thous,Cerdocyon thous,Cerdocyon thous,Cerdocyon thous,Cerdocyon thous,Cerdocyon thous,Cerdocyon thous,Cerdocyon thous,Cerdocyon,Canidae,1,Bajo
352,Cerdocyon thous,Procyon cancrivorus,Cerdocyon thous,Cerdocyon thous,Procyon cancrivorus,Cerdocyon thous,Cerdocyon thous,Cerdocyon thous,Cerdocyon thous,Cerdocyon thous,Cerdocyon thous,Procyon cancrivorus,Cerdocyon,Canidae,1,Bajo
353,Cerdocyon thous,Cerdocyon thous,Cerdocyon thous,Cerdocyon thous,Cerdocyon thous,Cerdocyon thous,Cerdocyon thous,Cerdocyon thous,Cerdocyon thous,Cerdocyon thous,Cerdocyon thous,Cerdocyon thous,Cerdocyon,Canidae,1,Bajo
354,Lycalopex gymnocerca,Herpailurus yagouaroundi,Nothura maculosa,Herpailurus yagouaroundi,Herpailurus yagouaroundi,Herpailurus yagouaroundi,Sus scrofa,Dasyprocta azarae,Nothura maculosa,Nothura maculosa,Nothura maculosa,Herpailurus yagouaroundi,Lycalopex,Canidae,1,Bajo
355,Lycalopex gymnocerca,Galictis cuja,Eira barbara,Eira barbara,Sus scrofa,Sus scrofa,Galictis cuja,Galictis cuja,Eira barbara,Eira barbara,Eira barbara,Galictis cuja,Lycalopex,Canidae,1,Bajo
357,Lycalopex gymnocerca,Lycalopex gymnocerca,Lycalopex gymnocerca,Lycalopex gymnocerca,Lycalopex gymnocerca,Lycalopex gymnocerca,Lycalopex gymnocerca,Lycalopex gymnocerca,Lycalopex gymnocerca,Lycalopex gymnocerca,Lycalopex gymnocerca,Lycalopex gymnocerca,Lycalopex,Canidae,1,Bajo
358,Lycalopex gymnocerca,Lycalopex gymnocerca,Lycalopex gymnocerca,Lycalopex gymnocerca,Lycalopex gymnocerca,Lycalopex gymnocerca,Lycalopex gymnocerca,Lycalopex gymnocerca,Lycalopex gymnocerca,Lycalopex gymnocerca,Lycalopex gymnocerca,Lycalopex gymnocerca,Lycalopex,Canidae,1,Bajo
359,Lycalopex gymnocerca,Lycalopex gymnocerca,Lycalopex gymnocerca,Lycalopex gymnocerca,Lycalopex gymnocerca,Lycalopex gymnocerca,Lycalopex gymnocerca,Lycalopex gymnocerca,Lycalopex gymnocerca,Lycalopex gymnocerca,Lycalopex gymnocerca,Lycalopex gymnocerca,Lycalopex,Canidae,1,Bajo
360,Lycalopex gymnocerca,Lycalopex gymnocerca,Lycalopex gymnocerca,Lycalopex gymnocerca,Lycalopex gymnocerca,Lycalopex gymnocerca,Lycalopex gymnocerca,Lycalopex gymnocerca,Lycalopex gymnocerca,Lycalopex gymnocerca,Lycalopex gymnocerca,Lycalopex gymnocerca,Lycalopex,Canidae,1,Bajo
362,Lycalopex gymnocerca,Lycalopex gymnocerca,Lycalopex gymnocerca,Lycalopex gymnocerca,Lycalopex gymnocerca,Lycalopex gymnocerca,Lycalopex gymnocerca,Lycalopex gymnocerca,Lycalopex gymnocerca,Lycalopex gymnocerca,Lycalopex gymnocerca,Lycalopex gymnocerca,Lycalopex,Canidae,1,Bajo
364,Lycalopex gymnocerca,Lycalopex gymnocerca,Lycalopex gymnocerca,Lycalopex gymnocerca,Lycalopex gymnocerca,Lycalopex gymnocerca,Lycalopex gymnocerca,Lycalopex gymnocerca,Lycalopex gymnocerca,Lycalopex gymnocerca,Lycalopex gymnocerca,Lycalopex gymnocerca,Lycalopex,Canidae,1,Bajo
365,Lycalopex gymnocerca,Herpailurus yagouaroundi,Lycalopex gymnocerca,Lycalopex gymnocerca,Lycalopex gymnocerca,Lycalopex gymnocerca,Dasyprocta azarae,Lycalopex gymnocerca,Lycalopex gymnocerca,Lycalopex gymnocerca,Lycalopex gymnocerca,Herpailurus yagouaroundi,Lycalopex,Canidae,1,Bajo
366,Lycalopex gymnocerca,Puma concolor,Pyriglena leucoptera,Cyanocorax chrysops,Cyanocorax chrysops,Salvator merianae,Salvator merianae,Leopardus guttulus,Pyriglena leucoptera,Pyriglena leucoptera,Pyriglena leucoptera,Puma concolor,Lycalopex,Canidae,1,Bajo
368,Lycalopex gymnocerca,Lycalopex gymnocerca,Lycalopex gymnocerca,Lycalopex gymnocerca,Lycalopex gymnocerca,Lycalopex gymnocerca,Lycalopex gymnocerca,Lycalopex gymnocerca,Lycalopex gymnocerca,Lycalopex gymnocerca,Lycalopex gymnocerca,Lycalopex gymnocerca,Lycalopex,Canidae,1,Bajo
370,Lycalopex gymnocerca,Lycalopex gymnocerca,Lycalopex gymnocerca,Lycalopex gymnocerca,Lycalopex gymnocerca,Lycalopex gymnocerca,Lycalopex gymnocerca,Lycalopex gymnocerca,Lycalopex gymnocerca,Lycalopex gymnocerca,Lycalopex gymnocerca,Lycalopex gymnocerca,Lycalopex,Canidae,1,Bajo
371,Lycalopex gymnocerca,Cerdocyon thous,Procyon cancrivorus,Cerdocyon thous,Cerdocyon thous,Lycalopex gymnocerca,Cerdocyon thous,Lycalopex gymnocerca,Procyon cancrivorus,Procyon cancrivorus,Procyon cancrivorus,Cerdocyon thous,Lycalopex,Canidae,1,Bajo
372,Lycalopex gymnocerca,Lycalopex gymnocerca,Lycalopex gymnocerca,Lycalopex gymnocerca,Lycalopex gymnocerca,Lycalopex gymnocerca,Lycalopex gymnocerca,Lycalopex gymnocerca,Lycalopex gymnocerca,Lycalopex gymnocerca,Lycalopex gymnocerca,Lycalopex gymnocerca,Lycalopex,Canidae,1,Bajo
373,Lycalopex gymnocerca,Lycalopex gymnocerca,Lycalopex gymnocerca,Lycalopex gymnocerca,Lycalopex gymnocerca,Lycalopex gymnocerca,Lycalopex gymnocerca,Lycalopex gymnocerca,Lycalopex gymnocerca,Lycalopex gymnocerca,Lycalopex gymnocerca,Lycalopex gymnocerca,Lycalopex,Canidae,1,Bajo
375,Lycalopex gymnocerca,Lycalopex gymnocerca,Lycalopex gymnocerca,Lycalopex gymnocerca,Lycalopex gymnocerca,Lycalopex gymnocerca,Lycalopex gymnocerca,Lycalopex gymnocerca,Lycalopex gymnocerca,Lycalopex gymnocerca,Lycalopex gymnocerca,Lycalopex gymnocerca,Lycalopex,Canidae,1,Bajo
376,Lycalopex gymnocerca,Lycalopex gymnocerca,Lycalopex gymnocerca,Lycalopex gymnocerca,Lycalopex gymnocerca,Lycalopex gymnocerca,Lycalopex gymnocerca,Cerdocyon thous,Lycalopex gymnocerca,Lycalopex gymnocerca,Lycalopex gymnocerca,Lycalopex gymnocerca,Lycalopex,Canidae,1,Bajo
377,Lycalopex gymnocerca,Lycalopex gymnocerca,Lycalopex gymnocerca,Lycalopex gymnocerca,Lycalopex gymnocerca,Lycalopex gymnocerca,Lycalopex gymnocerca,Lycalopex gymnocerca,Lycalopex gymnocerca,Lycalopex gymnocerca,Lycalopex gymnocerca,Lycalopex gymnocerca,Lycalopex,Canidae,1,Bajo
378,Lycalopex gymnocerca,Lycalopex gymnocerca,Dasyprocta azarae,Dasyprocta azarae,Lycalopex gymnocerca,Lycalopex gymnocerca,Lycalopex gymnocerca,Lycalopex gymnocerca,Dasyprocta azarae,Dasyprocta azarae,Dasyprocta azarae,Lycalopex gymnocerca,Lycalopex,Canidae,1,Bajo
379,Lycalopex gymnocerca,Lycalopex gymnocerca,Lycalopex gymnocerca,Lycalopex gymnocerca,Lycalopex gymnocerca,Lycalopex gymnocerca,Lycalopex gymnocerca,Lycalopex gymnocerca,Lycalopex gymnocerca,Lycalopex gymnocerca,Lycalopex gymnocerca,Lycalopex gymnocerca,Lycalopex,Canidae,1,Bajo
380,Lycalopex gymnocerca,Lycalopex gymnocerca,Lycalopex gymnocerca,Lycalopex gymnocerca,Lycalopex gymnocerca,Lycalopex gymnocerca,Lycalopex gymnocerca,Lycalopex gymnocerca,Lycalopex gymnocerca,Lycalopex gymnocerca,Lycalopex gymnocerca,Lycalopex gymnocerca,Lycalopex,Canidae,1,Bajo
381,Lycalopex gymnocerca,Lycalopex gymnocerca,Lycalopex gymnocerca,Lycalopex gymnocerca,Lycalopex gymnocerca,Lycalopex gymnocerca,Lycalopex gymnocerca,Lycalopex gymnocerca,Lycalopex gymnocerca,Lycalopex gymnocerca,Lycalopex gymnocerca,Lycalopex gymnocerca,Lycalopex,Canidae,1,Bajo
382,Lycalopex gymnocerca,Lycalopex gymnocerca,Lycalopex gymnocerca,Lycalopex gymnocerca,Lycalopex gymnocerca,Lycalopex gymnocerca,Lycalopex gymnocerca,Lycalopex gymnocerca,Lycalopex gymnocerca,Lycalopex gymnocerca,Lycalopex gymnocerca,Lycalopex gymnocerca,Lycalopex,Canidae,1,Bajo
383,Lycalopex gymnocerca,Lycalopex gymnocerca,Lycalopex gymnocerca,Lycalopex gymnocerca,Lycalopex gymnocerca,Lycalopex gymnocerca,Lycalopex gymnocerca,Lycalopex gymnocerca,Lycalopex gymnocerca,Lycalopex gymnocerca,Lycalopex gymnocerca,Lycalopex gymnocerca,Lycalopex,Canidae,1,Bajo
385,Lycalopex gymnocerca,Lycalopex gymnocerca,Lycalopex gymnocerca,Lycalopex gymnocerca,Lycalopex gymnocerca,Lycalopex gymnocerca,Lycalopex gymnocerca,Lycalopex gymnocerca,Lycalopex gymnocerca,Lycalopex gymnocerca,Lycalopex gymnocerca,Lycalopex gymnocerca,Lycalopex,Canidae,1,Bajo
386,Lycalopex gymnocerca,Cerdocyon thous,Cerdocyon thous,Cerdocyon thous,Cerdocyon thous,Cerdocyon thous,Cerdocyon thous,Cerdocyon thous,Cerdocyon thous,Cerdocyon thous,Cerdocyon thous,Cerdocyon thous,Lycalopex,Canidae,1,Bajo
387,Lycalopex gymnocerca,Lycalopex gymnocerca,Lycalopex gymnocerca,Lycalopex gymnocerca,Lycalopex gymnocerca,Lycalopex gymnocerca,Lycalopex gymnocerca,Lycalopex gymnocerca,Lycalopex gymnocerca,Lycalopex gymnocerca,Lycalopex gymnocerca,Lycalopex gymnocerca,Lycalopex,Canidae,1,Bajo
389,Lycalopex gymnocerca,Lycalopex gymnocerca,Lycalopex gymnocerca,Lycalopex gymnocerca,Lycalopex gymnocerca,Lycalopex gymnocerca,Lycalopex gymnocerca,Lycalopex gymnocerca,Lycalopex gymnocerca,Lycalopex gymnocerca,Lycalopex gymnocerca,Lycalopex gymnocerca,Lycalopex,Canidae,1,Bajo
390,Lycalopex gymnocerca,Lycalopex gymnocerca,Lycalopex gymnocerca,Lycalopex gymnocerca,Lycalopex gymnocerca,Lycalopex gymnocerca,Lycalopex gymnocerca,Cerdocyon thous,Lycalopex gymnocerca,Lycalopex gymnocerca,Lycalopex gymnocerca,Lycalopex gymnocerca,Lycalopex,Canidae,1,Bajo
391,Lycalopex gymnocerca,Herpailurus yagouaroundi,Lepus europaeus,Lepus europaeus,Nothura maculosa,Nothura maculosa,Hydropsalis torquata,Hydropsalis torquata,Lepus europaeus,Lepus europaeus,Lepus europaeus,Herpailurus yagouaroundi,Lycalopex,Canidae,1,Bajo
392,Lycalopex gymnocerca,Galictis cuja,Cerdocyon thous,Cerdocyon thous,Cerdocyon thous,Galictis cuja,Galictis cuja,Galictis cuja,Cerdocyon thous,Cerdocyon thous,Cerdocyon thous,Galictis cuja,Lycalopex,Canidae,1,Bajo
393,Lycalopex gymnocerca,Tamandua tetradactyla,Cerdocyon thous,Cerdocyon thous,Cerdocyon thous,Lepus europaeus,Cerdocyon thous,Lepus europaeus,Cerdocyon thous,Cerdocyon thous,Cerdocyon thous,Tamandua tetradactyla,Lycalopex,Canidae,1,Bajo
394,Lycalopex gymnocerca,Lycalopex gymnocerca,Lycalopex gymnocerca,Lycalopex gymnocerca,Lycalopex gymnocerca,Lycalopex gymnocerca,Lycalopex gymnocerca,Lycalopex gymnocerca,Lycalopex gymnocerca,Lycalopex gymnocerca,Lycalopex gymnocerca,Lycalopex gymnocerca,Lycalopex,Canidae,1,Bajo
395,Lycalopex gymnocerca,Lycalopex gymnocerca,Dasyprocta azarae,Dasyprocta azarae,Canis familiaris,Lycalopex gymnocerca,Lycalopex gymnocerca,Lycalopex gymnocerca,Dasyprocta azarae,Dasyprocta azarae,Dasyprocta azarae,Lycalopex gymnocerca,Lycalopex,Canidae,1,Bajo
397,Lycalopex gymnocerca,Lycalopex gymnocerca,Lycalopex gymnocerca,Lycalopex gymnocerca,Lycalopex gymnocerca,Lycalopex gymnocerca,Lycalopex gymnocerca,Lycalopex gymnocerca,Lycalopex gymnocerca,Lycalopex gymnocerca,Lycalopex gymnocerca,Lycalopex gymnocerca,Lycalopex,Canidae,1,Bajo
398,Lycalopex gymnocerca,Lycalopex gymnocerca,Lycalopex gymnocerca,Cerdocyon thous,Cerdocyon thous,Lycalopex gymnocerca,Lycalopex gymnocerca,Cerdocyon thous,Lycalopex gymnocerca,Lycalopex gymnocerca,Lycalopex gymnocerca,Lycalopex gymnocerca,Lycalopex,Canidae,1,Bajo
399,Lycalopex gymnocerca,Lycalopex gymnocerca,Lepus europaeus,Dasyprocta azarae,Lepus europaeus,Lycalopex gymnocerca,Lycalopex gymnocerca,Cerdocyon thous,Lepus europaeus,Lepus europaeus,Lepus europaeus,Lycalopex gymnocerca,Lycalopex,Canidae,1,Bajo
400,Lycalopex gymnocerca,Lycalopex gymnocerca,Lycalopex gymnocerca,Lycalopex gymnocerca,Lepus europaeus,Lycalopex gymnocerca,Lycalopex gymnocerca,Lycalopex gymnocerca,Lycalopex gymnocerca,Lycalopex gymnocerca,Lycalopex gymnocerca,Lycalopex gymnocerca,Lycalopex,Canidae,1,Bajo
402,Lycalopex gymnocerca,Lycalopex gymnocerca,Lycalopex gymnocerca,Lycalopex gymnocerca,Lycalopex gymnocerca,Lycalopex gymnocerca,Lycalopex gymnocerca,Lycalopex gymnocerca,Lycalopex gymnocerca,Lycalopex gymnocerca,Lycalopex gymnocerca,Lycalopex gymnocerca,Lycalopex,Canidae,1,Bajo
404,Lycalopex gymnocerca,Herpailurus yagouaroundi,Tamandua tetradactyla,Puma concolor,Nothura maculosa,Tamandua tetradactyla,Tamandua tetradactyla,Tamandua tetradactyla,Tamandua tetradactyla,Tamandua tetradactyla,Tamandua tetradactyla,Herpailurus yagouaroundi,Lycalopex,Canidae,1,Bajo
405,Lycalopex gymnocerca,Lycalopex gymnocerca,Lycalopex gymnocerca,Lycalopex gymnocerca,Lycalopex gymnocerca,Lycalopex gymnocerca,Lycalopex gymnocerca,Lycalopex gymnocerca,Lycalopex gymnocerca,Lycalopex gymnocerca,Lycalopex gymnocerca,Lycalopex gymnocerca,Lycalopex,Canidae,1,Bajo
407,Lycalopex gymnocerca,Lycalopex gymnocerca,Lycalopex gymnocerca,Lycalopex gymnocerca,Lycalopex gymnocerca,Lycalopex gymnocerca,Lycalopex gymnocerca,Lycalopex gymnocerca,Lycalopex gymnocerca,Lycalopex gymnocerca,Lycalopex gymnocerca,Lycalopex gymnocerca,Lycalopex,Canidae,1,Bajo
409,Lycalopex gymnocerca,Lycalopex gymnocerca,Lycalopex gymnocerca,Lycalopex gymnocerca,Lycalopex gymnocerca,Lycalopex gymnocerca,Lycalopex gymnocerca,Lycalopex gymnocerca,Lycalopex gymnocerca,Lycalopex gymnocerca,Lycalopex gymnocerca,Lycalopex gymnocerca,Lycalopex,Canidae,1,Bajo
410,Lycalopex gymnocerca,Cerdocyon thous,Lycalopex gymnocerca,Lycalopex gymnocerca,Lycalopex gymnocerca,Lycalopex gymnocerca,Lycalopex gymnocerca,Lycalopex gymnocerca,Lycalopex gymnocerca,Lycalopex gymnocerca,Lycalopex gymnocerca,Cerdocyon thous,Lycalopex,Canidae,1,Bajo
411,Lycalopex gymnocerca,Subulo gouazoubira,Dasyprocta azarae,Dasyprocta azarae,Subulo gouazoubira,Subulo gouazoubira,Subulo gouazoubira,Lepus europaeus,Dasyprocta azarae,Dasyprocta azarae,Dasyprocta azarae,Subulo gouazoubira,Lycalopex,Canidae,1,Bajo
412,Lycalopex gymnocerca,Lycalopex gymnocerca,Cerdocyon thous,Lycalopex gymnocerca,Lycalopex gymnocerca,Lycalopex gymnocerca,Lycalopex gymnocerca,Lycalopex gymnocerca,Cerdocyon thous,Cerdocyon thous,Cerdocyon thous,Lycalopex gymnocerca,Lycalopex,Canidae,1,Bajo
413,Lycalopex gymnocerca,Lycalopex gymnocerca,Lycalopex gymnocerca,Lycalopex gymnocerca,Lycalopex gymnocerca,Lycalopex gymnocerca,Lycalopex gymnocerca,Lycalopex gymnocerca,Lycalopex gymnocerca,Lycalopex gymnocerca,Lycalopex gymnocerca,Lycalopex gymnocerca,Lycalopex,Canidae,1,Bajo
414,Lycalopex gymnocerca,Lycalopex gymnocerca,Lycalopex gymnocerca,Cerdocyon thous,Cerdocyon thous,Lycalopex gymnocerca,Lycalopex gymnocerca,Lycalopex gymnocerca,Lycalopex gymnocerca,Lycalopex gymnocerca,Lycalopex gymnocerca,Lycalopex gymnocerca,Lycalopex,Canidae,1,Bajo
415,Lycalopex gymnocerca,Herpailurus yagouaroundi,Mazama nanus,Dasyprocta azarae,Dasyprocta azarae,Dasyprocta azarae,Dasyprocta azarae,Dasyprocta azarae,Mazama nanus,Mazama nanus,Mazama nanus,Herpailurus yagouaroundi,Lycalopex,Canidae,1,Bajo
416,Lycalopex gymnocerca,Lycalopex gymnocerca,Lycalopex gymnocerca,Lycalopex gymnocerca,Lycalopex gymnocerca,Lycalopex gymnocerca,Lycalopex gymnocerca,Lycalopex gymnocerca,Lycalopex gymnocerca,Lycalopex gymnocerca,Lycalopex gymnocerca,Lycalopex gymnocerca,Lycalopex,Canidae,1,Bajo
417,Lycalopex gymnocerca,Lycalopex gymnocerca,Lycalopex gymnocerca,Lycalopex gymnocerca,Lycalopex gymnocerca,Lycalopex gymnocerca,Lycalopex gymnocerca,Lycalopex gymnocerca,Lycalopex gymnocerca,Lycalopex gymnocerca,Lycalopex gymnocerca,Lycalopex gymnocerca,Lycalopex,Canidae,1,Bajo
419,Lycalopex gymnocerca,Lycalopex gymnocerca,Lycalopex gymnocerca,Lycalopex gymnocerca,Lycalopex gymnocerca,Lycalopex gymnocerca,Lycalopex gymnocerca,Lycalopex gymnocerca,Lycalopex gymnocerca,Lycalopex gymnocerca,Lycalopex gymnocerca,Lycalopex gymnocerca,Lycalopex,Canidae,1,Bajo
420,Lycalopex gymnocerca,Lycalopex gymnocerca,Lycalopex gymnocerca,Lycalopex gymnocerca,Lycalopex gymnocerca,Lycalopex gymnocerca,Lycalopex gymnocerca,Lycalopex gymnocerca,Lycalopex gymnocerca,Lycalopex gymnocerca,Lycalopex gymnocerca,Lycalopex gymnocerca,Lycalopex,Canidae,1,Bajo
421,Lycalopex gymnocerca,Lycalopex gymnocerca,Lycalopex gymnocerca,Lycalopex gymnocerca,Lycalopex gymnocerca,Lycalopex gymnocerca,Lycalopex gymnocerca,Lycalopex gymnocerca,Lycalopex gymnocerca,Lycalopex gymnocerca,Lycalopex gymnocerca,Lycalopex gymnocerca,Lycalopex,Canidae,1,Bajo
422,Lycalopex gymnocerca,Herpailurus yagouaroundi,Subulo gouazoubira,Dasyprocta azarae,Cerdocyon thous,Lycalopex gymnocerca,Lycalopex gymnocerca,Sus scrofa,Subulo gouazoubira,Subulo gouazoubira,Subulo gouazoubira,Herpailurus yagouaroundi,Lycalopex,Canidae,1,Bajo
423,Lycalopex gymnocerca,Lycalopex gymnocerca,Lycalopex gymnocerca,Lycalopex gymnocerca,Lycalopex gymnocerca,Lycalopex gymnocerca,Lycalopex gymnocerca,Lycalopex gymnocerca,Lycalopex gymnocerca,Lycalopex gymnocerca,Lycalopex gymnocerca,Lycalopex gymnocerca,Lycalopex,Canidae,1,Bajo
424,Hydropsalis torquata,Nyctidromus albicollis,Nyctidromus albicollis,Chamaeza campanisona,Nyctidromus albicollis,Nyctidromus albicollis,Hydropsalis torquata,Lontra longicaudis,Nyctidromus albicollis,Nyctidromus albicollis,Nyctidromus albicollis,Nyctidromus albicollis,Hydropsalis,Caprimulgidae,1,Bajo
425,Hydropsalis torquata,Hydropsalis torquata,Hydropsalis torquata,Hydropsalis torquata,Hydropsalis torquata,Hydropsalis torquata,Hydropsalis torquata,Hydropsalis torquata,Hydropsalis torquata,Hydropsalis torquata,Hydropsalis torquata,Hydropsalis torquata,Hydropsalis,Caprimulgidae,1,Bajo
429,Hydropsalis torquata,Hydropsalis torquata,Nyctidromus albicollis,Hydropsalis torquata,Nyctidromus albicollis,Hydropsalis torquata,Hydropsalis torquata,Nyctidromus albicollis,Nyctidromus albicollis,Nyctidromus albicollis,Nyctidromus albicollis,Hydropsalis torquata,Hydropsalis,Caprimulgidae,1,Bajo
430,Hydropsalis torquata,Hydropsalis torquata,Hydropsalis torquata,Nyctidromus albicollis,Nyctidromus albicollis,Hydropsalis torquata,Hydropsalis torquata,Hydropsalis torquata,Hydropsalis torquata,Hydropsalis torquata,Hydropsalis torquata,Hydropsalis torquata,Hydropsalis,Caprimulgidae,1,Bajo
431,Hydropsalis torquata,Hydropsalis torquata,Nyctidromus albicollis,Nyctidromus albicollis,Nyctidromus albicollis,Hydropsalis torquata,Hydropsalis torquata,Hydropsalis torquata,Nyctidromus albicollis,Nyctidromus albicollis,Nyctidromus albicollis,Hydropsalis torquata,Hydropsalis,Caprimulgidae,1,Bajo
432,Hydropsalis torquata,Salvator merianae,Nyctidromus albicollis,Galictis cuja,Nyctidromus albicollis,Galictis cuja,Hydropsalis torquata,Nyctidromus albicollis,Nyctidromus albicollis,Nyctidromus albicollis,Nyctidromus albicollis,Salvator merianae,Hydropsalis,Caprimulgidae,1,Bajo
433,Hydropsalis torquata,Hydropsalis torquata,Hydropsalis torquata,Hydropsalis torquata,Hydropsalis torquata,Hydropsalis torquata,Hydropsalis torquata,Hydropsalis torquata,Hydropsalis torquata,Hydropsalis torquata,Hydropsalis torquata,Hydropsalis torquata,Hydropsalis,Caprimulgidae,1,Bajo
434,Hydropsalis torquata,Hydropsalis torquata,Hydropsalis torquata,Nyctidromus albicollis,Hydropsalis torquata,Hydropsalis torquata,Hydropsalis torquata,Hydropsalis torquata,Hydropsalis torquata,Hydropsalis torquata,Hydropsalis torquata,Hydropsalis torquata,Hydropsalis,Caprimulgidae,1,Bajo
435,Hydropsalis torquata,Hydropsalis torquata,Hydropsalis torquata,Hydropsalis torquata,Hydropsalis torquata,Hydropsalis torquata,Hydropsalis torquata,Hypoedaleus guttatus,Hydropsalis torquata,Hydropsalis torquata,Hydropsalis torquata,Hydropsalis torquata,Hydropsalis,Caprimulgidae,1,Bajo
436,Hydropsalis torquata,Hydropsalis torquata,Hydropsalis torquata,Hydropsalis torquata,Hydropsalis torquata,Hydropsalis torquata,Hydropsalis torquata,Hydropsalis torquata,Hydropsalis torquata,Hydropsalis torquata,Hydropsalis torquata,Hydropsalis torquata,Hydropsalis,Caprimulgidae,1,Bajo
437,Hydropsalis torquata,Hydropsalis torquata,Hydropsalis torquata,Hydropsalis torquata,Hydropsalis torquata,Hydropsalis torquata,Hydropsalis torquata,Hydropsalis torquata,Hydropsalis torquata,Hydropsalis torquata,Hydropsalis torquata,Hydropsalis torquata,Hydropsalis,Caprimulgidae,1,Bajo
439,Hydropsalis torquata,Nyctidromus albicollis,Hydropsalis torquata,Nyctidromus albicollis,Nyctidromus albicollis,Nyctidromus albicollis,Hydropsalis torquata,Hydropsalis torquata,Hydropsalis torquata,Hydropsalis torquata,Hydropsalis torquata,Nyctidromus albicollis,Hydropsalis,Caprimulgidae,1,Bajo
440,Hydropsalis torquata,Salvator merianae,Salvator merianae,Salvator merianae,Salvator merianae,Salvator merianae,Salvator merianae,Hydropsalis torquata,Salvator merianae,Salvator merianae,Salvator merianae,Salvator merianae,Hydropsalis,Caprimulgidae,1,Bajo
441,Hydropsalis torquata,Nyctidromus albicollis,Hydropsalis torquata,Nyctidromus albicollis,Hydropsalis torquata,Nyctidromus albicollis,Hydropsalis torquata,Hydropsalis torquata,Hydropsalis torquata,Hydropsalis torquata,Hydropsalis torquata,Nyctidromus albicollis,Hydropsalis,Caprimulgidae,1,Bajo
442,Hydropsalis torquata,Hydropsalis torquata,Nyctidromus albicollis,Hydropsalis torquata,Hydropsalis torquata,Nyctidromus albicollis,Hydropsalis torquata,Nyctidromus albicollis,Nyctidromus albicollis,Nyctidromus albicollis,Nyctidromus albicollis,Hydropsalis torquata,Hydropsalis,Caprimulgidae,1,Bajo
445,Hydropsalis torquata,Hydropsalis torquata,Hydropsalis torquata,Hydropsalis torquata,Nyctidromus albicollis,Hydropsalis torquata,Hydropsalis torquata,Hydropsalis torquata,Hydropsalis torquata,Hydropsalis torquata,Hydropsalis torquata,Hydropsalis torquata,Hydropsalis,Caprimulgidae,1,Bajo
447,Hydropsalis torquata,Salvator merianae,Myiothlypis leucoblephara,Salvator merianae,Nyctidromus albicollis,Salvator merianae,Salvator merianae,Salvator merianae,Myiothlypis leucoblephara,Myiothlypis leucoblephara,Myiothlypis leucoblephara,Salvator merianae,Hydropsalis,Caprimulgidae,1,Bajo
448,Hydropsalis torquata,Hydropsalis torquata,Hydropsalis torquata,Nyctidromus albicollis,Hydropsalis torquata,Hydropsalis torquata,Hydropsalis torquata,Hydropsalis torquata,Hydropsalis torquata,Hydropsalis torquata,Hydropsalis torquata,Hydropsalis torquata,Hydropsalis,Caprimulgidae,1,Bajo
449,Hydropsalis torquata,Hydropsalis torquata,Hydropsalis torquata,Chamaeza campanisona,Strix hylophila,Hydropsalis torquata,Hydropsalis torquata,Nyctidromus albicollis,Hydropsalis torquata,Hydropsalis torquata,Hydropsalis torquata,Hydropsalis torquata,Hydropsalis,Caprimulgidae,1,Bajo
450,Hydropsalis torquata,Hydropsalis torquata,Nyctidromus albicollis,Chamaeza campanisona,Hydropsalis torquata,Hydropsalis torquata,Hydropsalis torquata,Hydropsalis torquata,Nyctidromus albicollis,Nyctidromus albicollis,Nyctidromus albicollis,Hydropsalis torquata,Hydropsalis,Caprimulgidae,1,Bajo
451,Hydropsalis torquata,Hydropsalis torquata,Hydropsalis torquata,Hydropsalis torquata,Hydropsalis torquata,Hydropsalis torquata,Hydropsalis torquata,Hydropsalis torquata,Hydropsalis torquata,Hydropsalis torquata,Hydropsalis torquata,Hydropsalis torquata,Hydropsalis,Caprimulgidae,1,Bajo
452,Hydropsalis torquata,Hydropsalis torquata,Hydropsalis torquata,Hydropsalis torquata,Hydropsalis torquata,Hydropsalis torquata,Hydropsalis torquata,Hydropsalis torquata,Hydropsalis torquata,Hydropsalis torquata,Hydropsalis torquata,Hydropsalis torquata,Hydropsalis,Caprimulgidae,1,Bajo
453,Hydropsalis torquata,Hydropsalis torquata,Gubernetes yetapa,Hydropsalis torquata,Hydropsalis torquata,Hydropsalis torquata,Hydropsalis torquata,Hydropsalis torquata,Gubernetes yetapa,Gubernetes yetapa,Gubernetes yetapa,Hydropsalis torquata,Hydropsalis,Caprimulgidae,1,Bajo
454,Hydropsalis torquata,Hydropsalis torquata,Salvator merianae,Hydropsalis torquata,Hydropsalis torquata,Hydropsalis torquata,Hydropsalis torquata,Nyctidromus albicollis,Salvator merianae,Salvator merianae,Salvator merianae,Hydropsalis torquata,Hydropsalis,Caprimulgidae,1,Bajo
455,Hydropsalis torquata,Hydropsalis torquata,Nyctidromus albicollis,Hydropsalis torquata,Hydropsalis torquata,Hydropsalis torquata,Hydropsalis torquata,Hydropsalis torquata,Nyctidromus albicollis,Nyctidromus albicollis,Nyctidromus albicollis,Hydropsalis torquata,Hydropsalis,Caprimulgidae,1,Bajo
456,Hydropsalis torquata,Hydropsalis torquata,Nyctidromus albicollis,Hydropsalis torquata,Hydropsalis torquata,Hydropsalis torquata,Hydropsalis torquata,Hydropsalis torquata,Nyctidromus albicollis,Nyctidromus albicollis,Nyctidromus albicollis,Hydropsalis torquata,Hydropsalis,Caprimulgidae,1,Bajo
458,Hydropsalis torquata,Salvator merianae,Leopardus pardalis,Leopardus pardalis,Myiothlypis leucoblephara,Hydropsalis torquata,Salvator merianae,Hydropsalis torquata,Leopardus pardalis,Leopardus pardalis,Leopardus pardalis,Salvator merianae,Hydropsalis,Caprimulgidae,1,Bajo
459,Hydropsalis torquata,Hydropsalis torquata,Nyctidromus albicollis,Nyctidromus albicollis,Nyctidromus albicollis,Hydropsalis torquata,Hydropsalis torquata,Hydropsalis torquata,Nyctidromus albicollis,Nyctidromus albicollis,Nyctidromus albicollis,Hydropsalis torquata,Hydropsalis,Caprimulgidae,1,Bajo
460,Hydropsalis torquata,Hydropsalis torquata,Hydropsalis torquata,Hydropsalis torquata,Hydropsalis torquata,Hydropsalis torquata,Hydropsalis torquata,Hydropsalis torquata,Hydropsalis torquata,Hydropsalis torquata,Hydropsalis torquata,Hydropsalis torquata,Hydropsalis,Caprimulgidae,1,Bajo
461,Hydropsalis torquata,Hydropsalis torquata,Hydropsalis torquata,Nyctidromus albicollis,Nyctidromus albicollis,Hydropsalis torquata,Hydropsalis torquata,Hydropsalis torquata,Hydropsalis torquata,Hydropsalis torquata,Hydropsalis torquata,Hydropsalis torquata,Hydropsalis,Caprimulgidae,1,Bajo
462,Hydropsalis torquata,Hydropsalis torquata,Hydropsalis torquata,Hydropsalis torquata,Hydropsalis torquata,Hydropsalis torquata,Hydropsalis torquata,Hydropsalis torquata,Hydropsalis torquata,Hydropsalis torquata,Hydropsalis torquata,Hydropsalis torquata,Hydropsalis,Caprimulgidae,1,Bajo
463,Hydropsalis torquata,Nyctidromus albicollis,Hydropsalis torquata,Hydropsalis torquata,Hydropsalis torquata,Nyctidromus albicollis,Hydropsalis torquata,Hydropsalis torquata,Hydropsalis torquata,Hydropsalis torquata,Hydropsalis torquata,Nyctidromus albicollis,Hydropsalis,Caprimulgidae,1,Bajo
464,Hydropsalis torquata,Nyctidromus albicollis,Nyctidromus albicollis,Nyctidromus albicollis,Nyctidromus albicollis,Hydropsalis torquata,Hydropsalis torquata,Hydropsalis torquata,Nyctidromus albicollis,Nyctidromus albicollis,Nyctidromus albicollis,Nyctidromus albicollis,Hydropsalis,Caprimulgidae,1,Bajo
465,Hydropsalis torquata,Hydropsalis torquata,Nyctidromus albicollis,Nyctidromus albicollis,Hydropsalis torquata,Hydropsalis torquata,Hydropsalis torquata,Hydropsalis torquata,Nyctidromus albicollis,Nyctidromus albicollis,Nyctidromus albicollis,Hydropsalis torquata,Hydropsalis,Caprimulgidae,1,Bajo
467,Hydropsalis torquata,Herpailurus yagouaroundi,Herpailurus yagouaroundi,Herpailurus yagouaroundi,Herpailurus yagouaroundi,Galictis cuja,Galictis cuja,Herpailurus yagouaroundi,Herpailurus yagouaroundi,Herpailurus yagouaroundi,Herpailurus yagouaroundi,Herpailurus yagouaroundi,Hydropsalis,Caprimulgidae,1,Bajo
468,Hydropsalis torquata,Hydropsalis torquata,Hydropsalis torquata,Hydropsalis torquata,Hydropsalis torquata,Hydropsalis torquata,Hydropsalis torquata,Hydropsalis torquata,Hydropsalis torquata,Hydropsalis torquata,Hydropsalis torquata,Hydropsalis torquata,Hydropsalis,Caprimulgidae,1,Bajo
469,Hydropsalis torquata,Hydropsalis torquata,Hypoedaleus guttatus,Hypoedaleus guttatus,Hypoedaleus guttatus,Hydropsalis torquata,Hydropsalis torquata,Hydropsalis torquata,Hypoedaleus guttatus,Hypoedaleus guttatus,Hypoedaleus guttatus,Hydropsalis torquata,Hydropsalis,Caprimulgidae,1,Bajo
470,Hydropsalis torquata,Salvator merianae,Nyctidromus albicollis,Leopardus pardalis,Myiothlypis leucoblephara,Salvator merianae,Salvator merianae,Nyctidromus albicollis,Nyctidromus albicollis,Nyctidromus albicollis,Nyctidromus albicollis,Salvator merianae,Hydropsalis,Caprimulgidae,1,Bajo
471,Hydropsalis torquata,Hydropsalis torquata,Nyctidromus albicollis,Nyctidromus albicollis,Nyctidromus albicollis,Hydropsalis torquata,Hydropsalis torquata,Nyctidromus albicollis,Nyctidromus albicollis,Nyctidromus albicollis,Nyctidromus albicollis,Hydropsalis torquata,Hydropsalis,Caprimulgidae,1,Bajo
473,Hydropsalis torquata,Hydropsalis torquata,Hydropsalis torquata,Chamaeza campanisona,Nyctidromus albicollis,Hydropsalis torquata,Hydropsalis torquata,Nyctidromus albicollis,Hydropsalis torquata,Hydropsalis torquata,Hydropsalis torquata,Hydropsalis torquata,Hydropsalis,Caprimulgidae,1,Bajo
474,Hydropsalis torquata,Hydropsalis torquata,Nyctidromus albicollis,Nyctidromus albicollis,Hydropsalis torquata,Hydropsalis torquata,Hydropsalis torquata,Hydropsalis torquata,Nyctidromus albicollis,Nyctidromus albicollis,Nyctidromus albicollis,Hydropsalis torquata,Hydropsalis,Caprimulgidae,1,Bajo
476,Hydropsalis torquata,Hydropsalis torquata,Hydropsalis torquata,Hydropsalis torquata,Hydropsalis torquata,Hydropsalis torquata,Hydropsalis torquata,Hydropsalis torquata,Hydropsalis torquata,Hydropsalis torquata,Hydropsalis torquata,Hydropsalis torquata,Hydropsalis,Caprimulgidae,1,Bajo
477,Hydropsalis torquata,Amazona vinacea,Amazona vinacea,Alouatta guariba clamitans,Alouatta guariba clamitans,Amazona vinacea,Amazona vinacea,Strix hylophila,Amazona vinacea,Amazona vinacea,Amazona vinacea,Amazona vinacea,Hydropsalis,Caprimulgidae,1,Bajo
478,Hydropsalis torquata,Nyctidromus albicollis,Nyctidromus albicollis,Nyctidromus albicollis,Nyctidromus albicollis,Nyctidromus albicollis,Hydropsalis torquata,Nyctidromus albicollis,Nyctidromus albicollis,Nyctidromus albicollis,Nyctidromus albicollis,Nyctidromus albicollis,Hydropsalis,Caprimulgidae,1,Bajo
480,Hydropsalis torquata,Hydropsalis torquata,Nyctidromus albicollis,Hydropsalis torquata,Hydropsalis torquata,Hydropsalis torquata,Hydropsalis torquata,Lontra longicaudis,Nyctidromus albicollis,Nyctidromus albicollis,Nyctidromus albicollis,Hydropsalis torquata,Hydropsalis,Caprimulgidae,1,Bajo
481,Hydropsalis torquata,Hydropsalis torquata,Hydropsalis torquata,Nyctidromus albicollis,Nyctidromus albicollis,Hydropsalis torquata,Hydropsalis torquata,Hydropsalis torquata,Hydropsalis torquata,Hydropsalis torquata,Hydropsalis torquata,Hydropsalis torquata,Hydropsalis,Caprimulgidae,1,Bajo
482,Hydropsalis torquata,Hydropsalis torquata,Hydropsalis torquata,Nyctidromus albicollis,Nyctidromus albicollis,Hydropsalis torquata,Hydropsalis torquata,Hydropsalis torquata,Hydropsalis torquata,Hydropsalis torquata,Hydropsalis torquata,Hydropsalis torquata,Hydropsalis,Caprimulgidae,1,Bajo
483,Hydropsalis torquata,Nyctidromus albicollis,Hydropsalis torquata,Nyctidromus albicollis,Nyctidromus albicollis,Nyctidromus albicollis,Hydropsalis torquata,Nyctidromus albicollis,Hydropsalis torquata,Hydropsalis torquata,Hydropsalis torquata,Nyctidromus albicollis,Hydropsalis,Caprimulgidae,1,Bajo
484,Hydropsalis torquata,Chamaeza campanisona,Chamaeza campanisona,Chamaeza campanisona,Chamaeza campanisona,Hydropsalis torquata,Hydropsalis torquata,Hydropsalis torquata,Chamaeza campanisona,Chamaeza campanisona,Chamaeza campanisona,Chamaeza campanisona,Hydropsalis,Caprimulgidae,1,Bajo
485,Hydropsalis torquata,Nyctidromus albicollis,Hydropsalis torquata,Nyctidromus albicollis,Nyctidromus albicollis,Nyctidromus albicollis,Hydropsalis torquata,Hydropsalis torquata,Hydropsalis torquata,Hydropsalis torquata,Hydropsalis torquata,Nyctidromus albicollis,Hydropsalis,Caprimulgidae,1,Bajo
486,Hydropsalis torquata,Nyctidromus albicollis,Nyctidromus albicollis,Nyctidromus albicollis,Nyctidromus albicollis,Nyctidromus albicollis,Hydropsalis torquata,Hydropsalis torquata,Nyctidromus albicollis,Nyctidromus albicollis,Nyctidromus albicollis,Nyctidromus albicollis,Hydropsalis,Caprimulgidae,1,Bajo
487,Hydropsalis torquata,Hydropsalis torquata,Hydropsalis torquata,Nyctidromus albicollis,Nyctidromus albicollis,Hydropsalis torquata,Hydropsalis torquata,Nyctidromus albicollis,Hydropsalis torquata,Hydropsalis torquata,Hydropsalis torquata,Hydropsalis torquata,Hydropsalis,Caprimulgidae,1,Bajo
489,Hydropsalis torquata,Hydropsalis torquata,Hydropsalis torquata,Nyctidromus albicollis,Hydropsalis torquata,Hydropsalis torquata,Hydropsalis torquata,Nyctidromus albicollis,Hydropsalis torquata,Hydropsalis torquata,Hydropsalis torquata,Hydropsalis torquata,Hydropsalis,Caprimulgidae,1,Bajo
490,Nyctidromus albicollis,Nyctidromus albicollis,Hydropsalis torquata,Nyctidromus albicollis,Nyctidromus albicollis,Nyctidromus albicollis,Hydropsalis torquata,Didelphis albiventris,Hydropsalis torquata,Hydropsalis torquata,Hydropsalis torquata,Nyctidromus albicollis,Nyctidromus,Caprimulgidae,1,Bajo
492,Nyctidromus albicollis,Nyctidromus albicollis,Nyctidromus albicollis,Hydropsalis torquata,Nyctidromus albicollis,Nyctidromus albicollis,Hydropsalis torquata,Nyctidromus albicollis,Nyctidromus albicollis,Nyctidromus albicollis,Nyctidromus albicollis,Nyctidromus albicollis,Nyctidromus,Caprimulgidae,1,Bajo
493,Nyctidromus albicollis,Nyctidromus albicollis,Myiothlypis leucoblephara,Nyctidromus albicollis,Myiothlypis leucoblephara,Nyctidromus albicollis,Hydropsalis torquata,Nyctidromus albicollis,Myiothlypis leucoblephara,Myiothlypis leucoblephara,Myiothlypis leucoblephara,Salvator merianae,Nyctidromus,Caprimulgidae,1,Bajo
494,Nyctidromus albicollis,Nyctidromus albicollis,Hydropsalis torquata,Nyctidromus albicollis,Nyctidromus albicollis,Nyctidromus albicollis,Hydropsalis torquata,Hydropsalis torquata,Hydropsalis torquata,Hydropsalis torquata,Hydropsalis torquata,Nyctidromus albicollis,Nyctidromus,Caprimulgidae,1,Bajo
495,Nyctidromus albicollis,Nyctidromus albicollis,Hydropsalis torquata,Hydropsalis torquata,Nyctidromus albicollis,Nyctidromus albicollis,Hydropsalis torquata,Nyctidromus albicollis,Hydropsalis torquata,Hydropsalis torquata,Hydropsalis torquata,Nyctidromus albicollis,Nyctidromus,Caprimulgidae,1,Bajo
496,Nyctidromus albicollis,Nyctidromus albicollis,Myiothlypis leucoblephara,Nyctidromus albicollis,Nyctidromus albicollis,Nyctidromus albicollis,Hydropsalis torquata,Hydropsalis torquata,Myiothlypis leucoblephara,Myiothlypis leucoblephara,Myiothlypis leucoblephara,Nyctidromus albicollis,Nyctidromus,Caprimulgidae,1,Bajo
498,Nyctidromus albicollis,Hydropsalis torquata,Hydropsalis torquata,Nyctidromus albicollis,Nyctidromus albicollis,Nyctidromus albicollis,Hydropsalis torquata,Hydropsalis torquata,Hydropsalis torquata,Hydropsalis torquata,Hydropsalis torquata,Hydropsalis torquata,Nyctidromus,Caprimulgidae,1,Bajo
500,Nyctidromus albicollis,Nyctidromus albicollis,Nyctidromus albicollis,Nyctidromus albicollis,Nyctidromus albicollis,Nyctidromus albicollis,Hydropsalis torquata,Nyctidromus albicollis,Nyctidromus albicollis,Nyctidromus albicollis,Nyctidromus albicollis,Nyctidromus albicollis,Nyctidromus,Caprimulgidae,1,Bajo
502,Nyctidromus albicollis,Nyctidromus albicollis,Salvator merianae,Nyctidromus albicollis,Nyctidromus albicollis,Nyctidromus albicollis,Hydropsalis torquata,Nyctidromus albicollis,Salvator merianae,Salvator merianae,Salvator merianae,Nyctidromus albicollis,Nyctidromus,Caprimulgidae,1,Bajo
503,Nyctidromus albicollis,Nyctidromus albicollis,Nyctidromus albicollis,Nyctidromus albicollis,Nyctidromus albicollis,Nyctidromus albicollis,Hydropsalis torquata,Nyctidromus albicollis,Nyctidromus albicollis,Nyctidromus albicollis,Nyctidromus albicollis,Nyctidromus albicollis,Nyctidromus,Caprimulgidae,1,Bajo
505,Nyctidromus albicollis,Nyctidromus albicollis,Hydropsalis torquata,Nyctidromus albicollis,Nyctidromus albicollis,Nyctidromus albicollis,Hydropsalis torquata,Hydropsalis torquata,Hydropsalis torquata,Hydropsalis torquata,Hydropsalis torquata,Nyctidromus albicollis,Nyctidromus,Caprimulgidae,1,Bajo
506,Nyctidromus albicollis,Salvator merianae,Hydropsalis torquata,Hydropsalis torquata,Myiothlypis leucoblephara,Myiothlypis leucoblephara,Salvator merianae,Hydropsalis torquata,Hydropsalis torquata,Hydropsalis torquata,Hydropsalis torquata,Salvator merianae,Nyctidromus,Caprimulgidae,1,Bajo
507,Nyctidromus albicollis,Hydropsalis torquata,Hydropsalis torquata,Hydropsalis torquata,Hydropsalis torquata,Leptotila verreauxi,Hydropsalis torquata,Hydropsalis torquata,Hydropsalis torquata,Hydropsalis torquata,Hydropsalis torquata,Hydropsalis torquata,Nyctidromus,Caprimulgidae,1,Bajo
508,Nyctidromus albicollis,Nyctidromus albicollis,Hydropsalis torquata,Nyctidromus albicollis,Nyctidromus albicollis,Hydropsalis torquata,Hydropsalis torquata,Hydropsalis torquata,Hydropsalis torquata,Hydropsalis torquata,Hydropsalis torquata,Nyctidromus albicollis,Nyctidromus,Caprimulgidae,1,Bajo
509,Nyctidromus albicollis,Nyctidromus albicollis,Nyctidromus albicollis,Nyctidromus albicollis,Nyctidromus albicollis,Nyctidromus albicollis,Hydropsalis torquata,Nyctidromus albicollis,Nyctidromus albicollis,Nyctidromus albicollis,Nyctidromus albicollis,Nyctidromus albicollis,Nyctidromus,Caprimulgidae,1,Bajo
510,Nyctidromus albicollis,Nyctidromus albicollis,Hydropsalis torquata,Hydropsalis torquata,Hydropsalis torquata,Nyctidromus albicollis,Hydropsalis torquata,Hydropsalis torquata,Hydropsalis torquata,Hydropsalis torquata,Hydropsalis torquata,Nyctidromus albicollis,Nyctidromus,Caprimulgidae,1,Bajo
511,Nyctidromus albicollis,Nyctidromus albicollis,Lepus europaeus,Hydropsalis torquata,Nyctidromus albicollis,Nyctidromus albicollis,Hydropsalis torquata,Hydropsalis torquata,Lepus europaeus,Lepus europaeus,Lepus europaeus,Nyctidromus albicollis,Nyctidromus,Caprimulgidae,1,Bajo
513,Nyctidromus albicollis,Nyctidromus albicollis,Nyctidromus albicollis,Hydropsalis torquata,Hydropsalis torquata,Nyctidromus albicollis,Hydropsalis torquata,Hydropsalis torquata,Nyctidromus albicollis,Nyctidromus albicollis,Nyctidromus albicollis,Nyctidromus albicollis,Nyctidromus,Caprimulgidae,1,Bajo
514,Nyctidromus albicollis,Nyctidromus albicollis,Hydropsalis torquata,Nyctidromus albicollis,Nyctidromus albicollis,Nyctidromus albicollis,Hydropsalis torquata,Hydropsalis torquata,Hydropsalis torquata,Hydropsalis torquata,Hydropsalis torquata,Nyctidromus albicollis,Nyctidromus,Caprimulgidae,1,Bajo
515,Nyctidromus albicollis,Hydropsalis torquata,Nyctidromus albicollis,Nyctidromus albicollis,Nyctidromus albicollis,Hydropsalis torquata,Hydropsalis torquata,Hydropsalis torquata,Nyctidromus albicollis,Nyctidromus albicollis,Nyctidromus albicollis,Hydropsalis torquata,Nyctidromus,Caprimulgidae,1,Bajo
516,Nyctidromus albicollis,Nyctidromus albicollis,Nyctidromus albicollis,Nyctidromus albicollis,Nyctidromus albicollis,Nyctidromus albicollis,Hydropsalis torquata,Nyctidromus albicollis,Nyctidromus albicollis,Nyctidromus albicollis,Nyctidromus albicollis,Nyctidromus albicollis,Nyctidromus,Caprimulgidae,1,Bajo
517,Nyctidromus albicollis,Nyctidromus albicollis,Lepus europaeus,Crypturellus obsoletus,Crypturellus obsoletus,Nyctidromus albicollis,Hydropsalis torquata,Nyctidromus albicollis,Lepus europaeus,Lepus europaeus,Lepus europaeus,Nyctidromus albicollis,Nyctidromus,Caprimulgidae,1,Bajo
518,Nyctidromus albicollis,Nyctidromus albicollis,Hydropsalis torquata,Nyctidromus albicollis,Nyctidromus albicollis,Nyctidromus albicollis,Hydropsalis torquata,Nyctidromus albicollis,Hydropsalis torquata,Hydropsalis torquata,Hydropsalis torquata,Nyctidromus albicollis,Nyctidromus,Caprimulgidae,1,Bajo
519,Nyctidromus albicollis,Nyctidromus albicollis,Nyctidromus albicollis,Euphractus sexcinctus,Nyctidromus albicollis,Nyctidromus albicollis,Hydropsalis torquata,Hydropsalis torquata,Nyctidromus albicollis,Nyctidromus albicollis,Nyctidromus albicollis,Nyctidromus albicollis,Nyctidromus,Caprimulgidae,1,Bajo
520,Nyctidromus albicollis,Nyctidromus albicollis,Nyctidromus albicollis,Nyctidromus albicollis,Nyctidromus albicollis,Nyctidromus albicollis,Hydropsalis torquata,Nyctidromus albicollis,Nyctidromus albicollis,Nyctidromus albicollis,Nyctidromus albicollis,Nyctidromus albicollis,Nyctidromus,Caprimulgidae,1,Bajo
521,Nyctidromus albicollis,Nyctidromus albicollis,Synallaxis ruficapilla,Habia rubica,Habia rubica,Nyctidromus albicollis,Hypoedaleus guttatus,Nyctidromus albicollis,Synallaxis ruficapilla,Synallaxis ruficapilla,Synallaxis ruficapilla,Nyctidromus albicollis,Nyctidromus,Caprimulgidae,1,Bajo
522,Nyctidromus albicollis,Hydropsalis torquata,Nyctidromus albicollis,Nyctidromus albicollis,Nyctidromus albicollis,Hydropsalis torquata,Hydropsalis torquata,Nyctidromus albicollis,Nyctidromus albicollis,Nyctidromus albicollis,Nyctidromus albicollis,Hydropsalis torquata,Nyctidromus,Caprimulgidae,1,Bajo
523,Nyctidromus albicollis,Nyctidromus albicollis,Hydropsalis torquata,Nyctidromus albicollis,Nyctidromus albicollis,Nyctidromus albicollis,Hydropsalis torquata,Nyctidromus albicollis,Hydropsalis torquata,Hydropsalis torquata,Hydropsalis torquata,Nyctidromus albicollis,Nyctidromus,Caprimulgidae,1,Bajo
524,Nyctidromus albicollis,Nyctidromus albicollis,Hydropsalis torquata,Nyctidromus albicollis,Nyctidromus albicollis,Nyctidromus albicollis,Hydropsalis torquata,Nyctidromus albicollis,Hydropsalis torquata,Hydropsalis torquata,Hydropsalis torquata,Nyctidromus albicollis,Nyctidromus,Caprimulgidae,1,Bajo
525,Nyctidromus albicollis,Nyctidromus albicollis,Nyctidromus albicollis,Nyctidromus albicollis,Nyctidromus albicollis,Nyctidromus albicollis,Hydropsalis torquata,Nyctidromus albicollis,Nyctidromus albicollis,Nyctidromus albicollis,Nyctidromus albicollis,Nyctidromus albicollis,Nyctidromus,Caprimulgidae,1,Bajo
526,Nyctidromus albicollis,Nyctidromus albicollis,Nyctidromus albicollis,Nyctidromus albicollis,Nyctidromus albicollis,Nyctidromus albicollis,Hydropsalis torquata,Nyctidromus albicollis,Nyctidromus albicollis,Nyctidromus albicollis,Nyctidromus albicollis,Nyctidromus albicollis,Nyctidromus,Caprimulgidae,1,Bajo
527,Nyctidromus albicollis,Nyctidromus albicollis,Nyctidromus albicollis,Nyctidromus albicollis,Nyctidromus albicollis,Nyctidromus albicollis,Hydropsalis torquata,Nyctidromus albicollis,Nyctidromus albicollis,Nyctidromus albicollis,Nyctidromus albicollis,Nyctidromus albicollis,Nyctidromus,Caprimulgidae,1,Bajo
528,Nyctidromus albicollis,Nyctidromus albicollis,Nyctidromus albicollis,Nyctidromus albicollis,Nyctidromus albicollis,Nyctidromus albicollis,Hydropsalis torquata,Nyctidromus albicollis,Nyctidromus albicollis,Nyctidromus albicollis,Nyctidromus albicollis,Nyctidromus albicollis,Nyctidromus,Caprimulgidae,1,Bajo
529,Nyctidromus albicollis,Nyctidromus albicollis,Strix hylophila,Strix hylophila,Strix hylophila,Nyctidromus albicollis,Hydropsalis torquata,Nyctidromus albicollis,Strix hylophila,Strix hylophila,Strix hylophila,Strix hylophila,Nyctidromus,Caprimulgidae,1,Bajo
530,Nyctidromus albicollis,Hydropsalis torquata,Nyctidromus albicollis,Nyctidromus albicollis,Nyctidromus albicollis,Nyctidromus albicollis,Hydropsalis torquata,Hydropsalis torquata,Nyctidromus albicollis,Nyctidromus albicollis,Nyctidromus albicollis,Hydropsalis torquata,Nyctidromus,Caprimulgidae,1,Bajo
531,Nyctidromus albicollis,Nyctidromus albicollis,Nyctidromus albicollis,Nyctidromus albicollis,Nyctidromus albicollis,Nyctidromus albicollis,Hydropsalis torquata,Nyctidromus albicollis,Nyctidromus albicollis,Nyctidromus albicollis,Nyctidromus albicollis,Nyctidromus albicollis,Nyctidromus,Caprimulgidae,1,Bajo
532,Nyctidromus albicollis,Nyctidromus albicollis,Nyctidromus albicollis,Nyctidromus albicollis,Nyctidromus albicollis,Nyctidromus albicollis,Hydropsalis torquata,Nyctidromus albicollis,Nyctidromus albicollis,Nyctidromus albicollis,Nyctidromus albicollis,Nyctidromus albicollis,Nyctidromus,Caprimulgidae,1,Bajo
533,Nyctidromus albicollis,Hydropsalis torquata,Hydropsalis torquata,Hydropsalis torquata,Nyctidromus albicollis,Hydropsalis torquata,Hydropsalis torquata,Hydropsalis torquata,Hydropsalis torquata,Hydropsalis torquata,Hydropsalis torquata,Hydropsalis torquata,Nyctidromus,Caprimulgidae,1,Bajo
534,Nyctidromus albicollis,Nyctidromus albicollis,Hydropsalis torquata,Hydropsalis torquata,Hydropsalis torquata,Nyctidromus albicollis,Hydropsalis torquata,Nyctidromus albicollis,Hydropsalis torquata,Hydropsalis torquata,Hydropsalis torquata,Nyctidromus albicollis,Nyctidromus,Caprimulgidae,1,Bajo
535,Nyctidromus albicollis,Hydropsalis torquata,Hydropsalis torquata,Geotrygon montana,Chamaeza campanisona,Hydropsalis torquata,Hydropsalis torquata,Nyctidromus albicollis,Hydropsalis torquata,Hydropsalis torquata,Hydropsalis torquata,Hydropsalis torquata,Nyctidromus,Caprimulgidae,1,Bajo
537,Nyctidromus albicollis,Nyctidromus albicollis,Nyctidromus albicollis,Nyctidromus albicollis,Nyctidromus albicollis,Nyctidromus albicollis,Hydropsalis torquata,Nyctidromus albicollis,Nyctidromus albicollis,Nyctidromus albicollis,Nyctidromus albicollis,Nyctidromus albicollis,Nyctidromus,Caprimulgidae,1,Bajo
540,Nyctidromus albicollis,Nyctidromus albicollis,Nyctidromus albicollis,Nyctidromus albicollis,Nyctidromus albicollis,Nyctidromus albicollis,Hydropsalis torquata,Nyctidromus albicollis,Nyctidromus albicollis,Nyctidromus albicollis,Nyctidromus albicollis,Nyctidromus albicollis,Nyctidromus,Caprimulgidae,1,Bajo
541,Nyctidromus albicollis,Hydropsalis torquata,Nyctidromus albicollis,Nyctidromus albicollis,Nyctidromus albicollis,Nyctidromus albicollis,Hydropsalis torquata,Nyctidromus albicollis,Nyctidromus albicollis,Nyctidromus albicollis,Nyctidromus albicollis,Hydropsalis torquata,Nyctidromus,Caprimulgidae,1,Bajo
542,Nyctidromus albicollis,Nyctidromus albicollis,Nyctidromus albicollis,Nyctidromus albicollis,Nyctidromus albicollis,Nyctidromus albicollis,Hydropsalis torquata,Nyctidromus albicollis,Nyctidromus albicollis,Nyctidromus albicollis,Nyctidromus albicollis,Nyctidromus albicollis,Nyctidromus,Caprimulgidae,1,Bajo
543,Nyctidromus albicollis,Nyctidromus albicollis,Hydropsalis torquata,Hydropsalis torquata,Didelphis aurita,Hydropsalis torquata,Hydropsalis torquata,Hydropsalis torquata,Hydropsalis torquata,Hydropsalis torquata,Hydropsalis torquata,Nyctidromus albicollis,Nyctidromus,Caprimulgidae,1,Bajo
544,Nyctidromus albicollis,Nyctidromus albicollis,Hydropsalis torquata,Nyctidromus albicollis,Nyctidromus albicollis,Nyctidromus albicollis,Hydropsalis torquata,Hydropsalis torquata,Hydropsalis torquata,Hydropsalis torquata,Hydropsalis torquata,Nyctidromus albicollis,Nyctidromus,Caprimulgidae,1,Bajo
545,Nyctidromus albicollis,Nyctidromus albicollis,Nyctidromus albicollis,Nyctidromus albicollis,Nyctidromus albicollis,Nyctidromus albicollis,Hydropsalis torquata,Nyctidromus albicollis,Nyctidromus albicollis,Nyctidromus albicollis,Nyctidromus albicollis,Nyctidromus albicollis,Nyctidromus,Caprimulgidae,1,Bajo
546,Nyctidromus albicollis,Nyctidromus albicollis,Nyctidromus albicollis,Crypturellus obsoletus,Nyctidromus albicollis,Nyctidromus albicollis,Hydropsalis torquata,Lepus europaeus,Nyctidromus albicollis,Nyctidromus albicollis,Nyctidromus albicollis,Nyctidromus albicollis,Nyctidromus,Caprimulgidae,1,Bajo
547,Nyctidromus albicollis,Nyctidromus albicollis,Nyctidromus albicollis,Nyctidromus albicollis,Nyctidromus albicollis,Nyctidromus albicollis,Hydropsalis torquata,Nyctidromus albicollis,Nyctidromus albicollis,Nyctidromus albicollis,Nyctidromus albicollis,Nyctidromus albicollis,Nyctidromus,Caprimulgidae,1,Bajo
549,Nyctidromus albicollis,Nyctidromus albicollis,Nyctidromus albicollis,Nyctidromus albicollis,Nyctidromus albicollis,Nyctidromus albicollis,Hydropsalis torquata,Hydropsalis torquata,Nyctidromus albicollis,Nyctidromus albicollis,Nyctidromus albicollis,Nyctidromus albicollis,Nyctidromus,Caprimulgidae,1,Bajo
552,Nyctidromus albicollis,Cabassous tatouay,Hydropsalis torquata,Hydropsalis torquata,Hydropsalis torquata,Hydropsalis torquata,Hydropsalis torquata,Brotogeris chiriri,Hydropsalis torquata,Hydropsalis torquata,Hydropsalis torquata,Cabassous tatouay,Nyctidromus,Caprimulgidae,1,Bajo
554,Cyanoloxia brissonii,Cyanoloxia brissonii,Cyanoloxia brissonii,Cyanoloxia brissonii,Cyanoloxia brissonii,Cyanoloxia brissonii,Cyanoloxia brissonii,Cyanoloxia brissonii,Cyanoloxia brissonii,Cyanoloxia brissonii,Cyanoloxia brissonii,Cyanoloxia brissonii,Cyanoloxia,Cardinalidae,1,Bajo
555,Cyanoloxia brissonii,Habia rubica,Habia rubica,Habia rubica,Cyanoloxia brissonii,Cyanoloxia brissonii,Conopophaga lineata,Cyanoloxia brissonii,Habia rubica,Habia rubica,Habia rubica,Habia rubica,Cyanoloxia,Cardinalidae,1,Bajo
557,Cyanoloxia brissonii,Turdus rufiventris,Turdus albicollis,Pyriglena leucoptera,Synallaxis ruficapilla,Turdus rufiventris,Aramides saracura,Synallaxis ruficapilla,Turdus albicollis,Turdus albicollis,Turdus albicollis,Turdus rufiventris,Cyanoloxia,Cardinalidae,1,Bajo
558,Cyanoloxia brissonii,Cyanoloxia brissonii,Cyanoloxia brissonii,Cyanoloxia brissonii,Cyanoloxia brissonii,Cyanoloxia brissonii,Cyanoloxia brissonii,Cyanoloxia brissonii,Cyanoloxia brissonii,Cyanoloxia brissonii,Cyanoloxia brissonii,Cyanoloxia brissonii,Cyanoloxia,Cardinalidae,1,Bajo
560,Cyanoloxia brissonii,Cyanoloxia brissonii,Cyanoloxia brissonii,Cyanoloxia brissonii,Cyanoloxia brissonii,Cyanoloxia brissonii,Cyanoloxia brissonii,Cyanoloxia brissonii,Cyanoloxia brissonii,Cyanoloxia brissonii,Cyanoloxia brissonii,Cyanoloxia brissonii,Cyanoloxia,Cardinalidae,1,Bajo
563,Cyanoloxia brissonii,Habia rubica,Conopophaga lineata,Conopophaga lineata,Conopophaga lineata,Habia rubica,Habia rubica,Synallaxis ruficapilla,Conopophaga lineata,Conopophaga lineata,Conopophaga lineata,Habia rubica,Cyanoloxia,Cardinalidae,1,Bajo
564,Cyanoloxia brissonii,Tachyphonus coronatus,Pogonotriccus eximius,Biatas nigropectus,Cyanoloxia brissonii,Cyanoloxia brissonii,Cyanoloxia brissonii,Cyanoloxia brissonii,Pogonotriccus eximius,Pogonotriccus eximius,Pogonotriccus eximius,Cyanoloxia brissonii,Cyanoloxia,Cardinalidae,1,Bajo
565,Cyanoloxia brissonii,Conopophaga lineata,Conopophaga lineata,Conopophaga lineata,Conopophaga lineata,Conopophaga lineata,Conopophaga lineata,Conopophaga lineata,Conopophaga lineata,Conopophaga lineata,Conopophaga lineata,Conopophaga lineata,Cyanoloxia,Cardinalidae,1,Bajo
566,Cyanoloxia brissonii,Gubernetes yetapa,Myiothlypis leucoblephara,Myiothlypis leucoblephara,Baryphthengus ruficapillus,Gubernetes yetapa,Gubernetes yetapa,Gubernetes yetapa,Myiothlypis leucoblephara,Myiothlypis leucoblephara,Myiothlypis leucoblephara,Gubernetes yetapa,Cyanoloxia,Cardinalidae,1,Bajo
568,Cyanoloxia brissonii,Mackenziaena severa,Habia rubica,Biatas nigropectus,Biatas nigropectus,Selenidera maculirostris,Hypoedaleus guttatus,Hypoedaleus guttatus,Habia rubica,Habia rubica,Habia rubica,Mackenziaena severa,Cyanoloxia,Cardinalidae,1,Bajo
569,Cyanoloxia brissonii,Cyanoloxia brissonii,Cyanoloxia brissonii,Cyanoloxia brissonii,Cyanoloxia brissonii,Cyanoloxia brissonii,Cyanoloxia brissonii,Cyanoloxia brissonii,Cyanoloxia brissonii,Cyanoloxia brissonii,Cyanoloxia brissonii,Cyanoloxia brissonii,Cyanoloxia,Cardinalidae,1,Bajo
570,Cyanoloxia brissonii,Cyanoloxia brissonii,Cyanoloxia brissonii,Cyanoloxia brissonii,Cyanoloxia brissonii,Cyanoloxia brissonii,Cyanoloxia brissonii,Cyanoloxia brissonii,Cyanoloxia brissonii,Cyanoloxia brissonii,Cyanoloxia brissonii,Cyanoloxia brissonii,Cyanoloxia,Cardinalidae,1,Bajo
571,Cyanoloxia brissonii,Cyanoloxia brissonii,Cyanoloxia brissonii,Cyanoloxia brissonii,Cyanoloxia brissonii,Cyanoloxia brissonii,Cyanoloxia brissonii,Cyanoloxia brissonii,Cyanoloxia brissonii,Cyanoloxia brissonii,Cyanoloxia brissonii,Tachyphonus coronatus,Cyanoloxia,Cardinalidae,1,Bajo
573,Cyanoloxia brissonii,Tachyphonus coronatus,Cyanoloxia brissonii,Cyanoloxia brissonii,Cyanoloxia brissonii,Cyanoloxia brissonii,Cyanoloxia brissonii,Cyanoloxia brissonii,Cyanoloxia brissonii,Cyanoloxia brissonii,Cyanoloxia brissonii,Tachyphonus coronatus,Cyanoloxia,Cardinalidae,1,Bajo
575,Cyanoloxia brissonii,Pyriglena leucoptera,Biatas nigropectus,Biatas nigropectus,Biatas nigropectus,Cyanoloxia brissonii,Pyriglena leucoptera,Amazona vinacea,Biatas nigropectus,Biatas nigropectus,Biatas nigropectus,Pyriglena leucoptera,Cyanoloxia,Cardinalidae,1,Bajo
576,Cyanoloxia brissonii,Pyriglena leucoptera,Cyanoloxia brissonii,Cyanoloxia brissonii,Cyanoloxia brissonii,Cyanoloxia brissonii,Cyanoloxia brissonii,Cyanoloxia brissonii,Cyanoloxia brissonii,Cyanoloxia brissonii,Cyanoloxia brissonii,Pyriglena leucoptera,Cyanoloxia,Cardinalidae,1,Bajo
577,Cyanoloxia brissonii,Tachyphonus coronatus,Cyanoloxia brissonii,Cyanoloxia brissonii,Cyanoloxia brissonii,Cyanoloxia brissonii,Cyanoloxia brissonii,Baryphthengus ruficapillus,Cyanoloxia brissonii,Cyanoloxia brissonii,Cyanoloxia brissonii,Tachyphonus coronatus,Cyanoloxia,Cardinalidae,1,Bajo
578,Cyanoloxia brissonii,Cyanoloxia brissonii,Cyanoloxia brissonii,Cyanoloxia brissonii,Cyanoloxia brissonii,Cyanoloxia brissonii,Cyanoloxia brissonii,Cyanoloxia brissonii,Cyanoloxia brissonii,Cyanoloxia brissonii,Cyanoloxia brissonii,Cyanoloxia brissonii,Cyanoloxia,Cardinalidae,1,Bajo
579,Cyanoloxia brissonii,Cyanoloxia brissonii,Cyanoloxia brissonii,Cyanoloxia brissonii,Cyanoloxia brissonii,Cyanoloxia brissonii,Cyanoloxia brissonii,Cyanoloxia brissonii,Cyanoloxia brissonii,Cyanoloxia brissonii,Cyanoloxia brissonii,Cyanoloxia brissonii,Cyanoloxia,Cardinalidae,1,Bajo
581,Cyanoloxia brissonii,Cyanoloxia brissonii,Cyanoloxia brissonii,Cyanoloxia brissonii,Cyanoloxia brissonii,Cyanoloxia brissonii,Cyanoloxia brissonii,Cyanoloxia brissonii,Cyanoloxia brissonii,Cyanoloxia brissonii,Cyanoloxia brissonii,Cyanoloxia brissonii,Cyanoloxia,Cardinalidae,1,Bajo
582,Cyanoloxia brissonii,Cyanoloxia brissonii,Cyanoloxia brissonii,Cyanoloxia brissonii,Cyanoloxia brissonii,Cyanoloxia brissonii,Cyanoloxia brissonii,Cyanoloxia brissonii,Cyanoloxia brissonii,Cyanoloxia brissonii,Cyanoloxia brissonii,Cyanoloxia brissonii,Cyanoloxia,Cardinalidae,1,Bajo
583,Cyanoloxia brissonii,Habia rubica,Conopophaga lineata,Conopophaga lineata,Conopophaga lineata,Cyanoloxia brissonii,Conopophaga lineata,Cyanoloxia brissonii,Conopophaga lineata,Conopophaga lineata,Conopophaga lineata,Habia rubica,Cyanoloxia,Cardinalidae,1,Bajo
584,Cyanoloxia brissonii,Cyanoloxia brissonii,Cyanoloxia brissonii,Cyanoloxia brissonii,Cyanoloxia brissonii,Cyanoloxia brissonii,Cyanoloxia brissonii,Cyanoloxia brissonii,Cyanoloxia brissonii,Cyanoloxia brissonii,Cyanoloxia brissonii,Cyanoloxia brissonii,Cyanoloxia,Cardinalidae,1,Bajo
585,Cyanoloxia brissonii,Tachyphonus coronatus,Tachyphonus coronatus,Cyanoloxia brissonii,Cyanoloxia brissonii,Cyanoloxia brissonii,Cyanoloxia brissonii,Cyanoloxia brissonii,Tachyphonus coronatus,Tachyphonus coronatus,Tachyphonus coronatus,Tachyphonus coronatus,Cyanoloxia,Cardinalidae,1,Bajo
586,Cyanoloxia brissonii,Tachyphonus coronatus,Cyanoloxia brissonii,Cyanoloxia brissonii,Cyanoloxia brissonii,Cyanoloxia brissonii,Cyanoloxia brissonii,Cyanoloxia brissonii,Cyanoloxia brissonii,Cyanoloxia brissonii,Cyanoloxia brissonii,Tachyphonus coronatus,Cyanoloxia,Cardinalidae,1,Bajo
588,Cyanoloxia brissonii,Cyanoloxia brissonii,Cyanoloxia brissonii,Cyanoloxia brissonii,Cyanoloxia brissonii,Cyanoloxia brissonii,Cyanoloxia brissonii,Cyanoloxia brissonii,Cyanoloxia brissonii,Cyanoloxia brissonii,Cyanoloxia brissonii,Cyanoloxia brissonii,Cyanoloxia,Cardinalidae,1,Bajo
589,Cyanoloxia brissonii,Habia rubica,Myiothlypis leucoblephara,Myiothlypis leucoblephara,Synallaxis ruficapilla,Synallaxis ruficapilla,Habia rubica,Synallaxis ruficapilla,Myiothlypis leucoblephara,Myiothlypis leucoblephara,Myiothlypis leucoblephara,Habia rubica,Cyanoloxia,Cardinalidae,1,Bajo
590,Cyanoloxia brissonii,Cyanoloxia brissonii,Cyanoloxia brissonii,Cyanoloxia brissonii,Cyanoloxia brissonii,Cyanoloxia brissonii,Cyanoloxia brissonii,Cyanoloxia brissonii,Cyanoloxia brissonii,Cyanoloxia brissonii,Cyanoloxia brissonii,Cyanoloxia brissonii,Cyanoloxia,Cardinalidae,1,Bajo
591,Cyanoloxia brissonii,Tachyphonus coronatus,Tachyphonus coronatus,Tachyphonus coronatus,Cyanoloxia brissonii,Cyanoloxia brissonii,Cyanoloxia brissonii,Cyanoloxia brissonii,Tachyphonus coronatus,Tachyphonus coronatus,Tachyphonus coronatus,Tachyphonus coronatus,Cyanoloxia,Cardinalidae,1,Bajo
593,Cyanoloxia brissonii,Habia rubica,Manacus manacus,Manacus manacus,Habia rubica,Cyanoloxia brissonii,Habia rubica,Habia rubica,Manacus manacus,Manacus manacus,Manacus manacus,Habia rubica,Cyanoloxia,Cardinalidae,1,Bajo
594,Cyanoloxia brissonii,Cyanoloxia brissonii,Cyanoloxia brissonii,Cyanoloxia brissonii,Cyanoloxia brissonii,Cyanoloxia brissonii,Cyanoloxia brissonii,Cyanoloxia brissonii,Cyanoloxia brissonii,Cyanoloxia brissonii,Cyanoloxia brissonii,Cyanoloxia brissonii,Cyanoloxia,Cardinalidae,1,Bajo
596,Cyanoloxia brissonii,Cyanoloxia brissonii,Cyanoloxia brissonii,Cyanoloxia brissonii,Cyanoloxia brissonii,Cyanoloxia brissonii,Cyanoloxia brissonii,Cyanoloxia brissonii,Cyanoloxia brissonii,Cyanoloxia brissonii,Cyanoloxia brissonii,Cyanoloxia brissonii,Cyanoloxia,Cardinalidae,1,Bajo
597,Cyanoloxia brissonii,Habia rubica,Habia rubica,Habia rubica,Habia rubica,Habia rubica,Habia rubica,Habia rubica,Habia rubica,Habia rubica,Habia rubica,Habia rubica,Cyanoloxia,Cardinalidae,1,Bajo
598,Cyanoloxia brissonii,Cyanoloxia brissonii,Cyanoloxia brissonii,Cyanoloxia brissonii,Cyanoloxia brissonii,Cyanoloxia brissonii,Habia rubica,Cyanoloxia brissonii,Cyanoloxia brissonii,Cyanoloxia brissonii,Cyanoloxia brissonii,Cyanoloxia brissonii,Cyanoloxia,Cardinalidae,1,Bajo
599,Cyanoloxia brissonii,Cyanoloxia brissonii,Cyanoloxia brissonii,Cyanoloxia brissonii,Cyanoloxia brissonii,Cyanoloxia brissonii,Cyanoloxia brissonii,Cyanoloxia brissonii,Cyanoloxia brissonii,Cyanoloxia brissonii,Cyanoloxia brissonii,Cyanoloxia brissonii,Cyanoloxia,Cardinalidae,1,Bajo
600,Cyanoloxia brissonii,Habia rubica,Cyanoloxia brissonii,Habia rubica,Habia rubica,Cyanoloxia brissonii,Habia rubica,Habia rubica,Cyanoloxia brissonii,Cyanoloxia brissonii,Cyanoloxia brissonii,Habia rubica,Cyanoloxia,Cardinalidae,1,Bajo
601,Cyanoloxia brissonii,Habia rubica,Habia rubica,Habia rubica,Habia rubica,Habia rubica,Habia rubica,Cyanoloxia brissonii,Habia rubica,Habia rubica,Habia rubica,Habia rubica,Cyanoloxia,Cardinalidae,1,Bajo
602,Cyanoloxia brissonii,Cyanoloxia brissonii,Cyanoloxia brissonii,Cyanoloxia brissonii,Cyanoloxia brissonii,Cyanoloxia brissonii,Cyanoloxia brissonii,Cyanoloxia brissonii,Cyanoloxia brissonii,Cyanoloxia brissonii,Cyanoloxia brissonii,Cyanoloxia brissonii,Cyanoloxia,Cardinalidae,1,Bajo
603,Cyanoloxia brissonii,Cyanoloxia brissonii,Cyanoloxia brissonii,Cyanoloxia brissonii,Cyanoloxia brissonii,Cyanoloxia brissonii,Cyanoloxia brissonii,Cyanoloxia brissonii,Cyanoloxia brissonii,Cyanoloxia brissonii,Cyanoloxia brissonii,Cyanoloxia brissonii,Cyanoloxia,Cardinalidae,1,Bajo
604,Cyanoloxia brissonii,Tachyphonus coronatus,Cyanoloxia brissonii,Tachyphonus coronatus,Cyanoloxia brissonii,Cyanoloxia brissonii,Cyanoloxia brissonii,Cyanoloxia brissonii,Cyanoloxia brissonii,Cyanoloxia brissonii,Cyanoloxia brissonii,Tachyphonus coronatus,Cyanoloxia,Cardinalidae,1,Bajo
605,Cyanoloxia brissonii,Cyanoloxia brissonii,Cyanoloxia brissonii,Cyanoloxia brissonii,Cyanoloxia brissonii,Cyanoloxia brissonii,Cyanoloxia brissonii,Cyanoloxia brissonii,Cyanoloxia brissonii,Cyanoloxia brissonii,Cyanoloxia brissonii,Cyanoloxia brissonii,Cyanoloxia,Cardinalidae,1,Bajo
606,Cyanoloxia brissonii,Pyriglena leucoptera,Hypoedaleus guttatus,Hypoedaleus guttatus,Cyanoloxia brissonii,Leptotila verreauxi,Hypoedaleus guttatus,Hypoedaleus guttatus,Hypoedaleus guttatus,Hypoedaleus guttatus,Hypoedaleus guttatus,Pyriglena leucoptera,Cyanoloxia,Cardinalidae,1,Bajo
607,Cyanoloxia brissonii,Pyriglena leucoptera,Synallaxis ruficapilla,Synallaxis ruficapilla,Synallaxis ruficapilla,Myiothlypis leucoblephara,Pyriglena leucoptera,Tachyphonus coronatus,Synallaxis ruficapilla,Synallaxis ruficapilla,Synallaxis ruficapilla,Pyriglena leucoptera,Cyanoloxia,Cardinalidae,1,Bajo
608,Cyanoloxia brissonii,Tachyphonus coronatus,Cyanoloxia brissonii,Cyanoloxia brissonii,Cyanoloxia brissonii,Cyanoloxia brissonii,Cyanoloxia brissonii,Cyanoloxia brissonii,Cyanoloxia brissonii,Cyanoloxia brissonii,Cyanoloxia brissonii,Tachyphonus coronatus,Cyanoloxia,Cardinalidae,1,Bajo
609,Cyanoloxia brissonii,Pyriglena leucoptera,Pyriglena leucoptera,Cyanoloxia brissonii,Biatas nigropectus,Selenidera maculirostris,Selenidera maculirostris,Pyriglena leucoptera,Pyriglena leucoptera,Pyriglena leucoptera,Pyriglena leucoptera,Pyriglena leucoptera,Cyanoloxia,Cardinalidae,1,Bajo
611,Cyanoloxia brissonii,Cyanoloxia brissonii,Cyanoloxia brissonii,Tachyphonus coronatus,Cyanoloxia brissonii,Cyanoloxia brissonii,Cyanoloxia brissonii,Cyanoloxia brissonii,Cyanoloxia brissonii,Cyanoloxia brissonii,Cyanoloxia brissonii,Cyanoloxia brissonii,Cyanoloxia,Cardinalidae,1,Bajo
612,Cyanoloxia brissonii,Cyanoloxia brissonii,Cyanoloxia brissonii,Cyanoloxia brissonii,Cyanoloxia brissonii,Cyanoloxia brissonii,Cyanoloxia brissonii,Cyanoloxia brissonii,Cyanoloxia brissonii,Cyanoloxia brissonii,Cyanoloxia brissonii,Cyanoloxia brissonii,Cyanoloxia,Cardinalidae,1,Bajo
613,Cyanoloxia brissonii,Habia rubica,Cyanoloxia brissonii,Cyanoloxia brissonii,Cyanoloxia brissonii,Cyanoloxia brissonii,Habia rubica,Cyanoloxia brissonii,Cyanoloxia brissonii,Cyanoloxia brissonii,Cyanoloxia brissonii,Habia rubica,Cyanoloxia,Cardinalidae,1,Bajo
614,Cyanoloxia brissonii,Tachyphonus coronatus,Cyanoloxia brissonii,Cyanoloxia brissonii,Cyanoloxia brissonii,Cyanoloxia brissonii,Cyanoloxia brissonii,Cyanoloxia brissonii,Cyanoloxia brissonii,Cyanoloxia brissonii,Cyanoloxia brissonii,Tachyphonus coronatus,Cyanoloxia,Cardinalidae,1,Bajo
616,Cyanoloxia brissonii,Tachyphonus coronatus,Cyanoloxia brissonii,Tachyphonus coronatus,Cyanoloxia brissonii,Cyanoloxia brissonii,Cyanoloxia brissonii,Cyanoloxia brissonii,Cyanoloxia brissonii,Cyanoloxia brissonii,Cyanoloxia brissonii,Tachyphonus coronatus,Cyanoloxia,Cardinalidae,1,Bajo
617,Cyanoloxia brissonii,Baryphthengus ruficapillus,Cyanoloxia brissonii,Cyanoloxia brissonii,Cyanoloxia brissonii,Cyanocorax chrysops,Baryphthengus ruficapillus,Cyanocorax chrysops,Cyanoloxia brissonii,Cyanoloxia brissonii,Cyanoloxia brissonii,Baryphthengus ruficapillus,Cyanoloxia,Cardinalidae,1,Bajo
618,Cyanoloxia brissonii,Pyriglena leucoptera,Biatas nigropectus,Biatas nigropectus,Cyanoloxia brissonii,Cyanoloxia brissonii,Hypoedaleus guttatus,Tachyphonus coronatus,Biatas nigropectus,Biatas nigropectus,Biatas nigropectus,Pyriglena leucoptera,Cyanoloxia,Cardinalidae,1,Bajo
619,Cyanoloxia brissonii,Cyanoloxia brissonii,Cyanoloxia brissonii,Cyanoloxia brissonii,Cyanoloxia brissonii,Cyanoloxia brissonii,Cyanoloxia brissonii,Cyanoloxia brissonii,Cyanoloxia brissonii,Cyanoloxia brissonii,Cyanoloxia brissonii,Cyanoloxia brissonii,Cyanoloxia,Cardinalidae,1,Bajo
620,Cyanoloxia brissonii,Pyriglena leucoptera,Myiothlypis leucoblephara,Habia rubica,Habia rubica,Pyriglena leucoptera,Pyriglena leucoptera,Turdus albicollis,Myiothlypis leucoblephara,Myiothlypis leucoblephara,Myiothlypis leucoblephara,Pyriglena leucoptera,Cyanoloxia,Cardinalidae,1,Bajo
621,Cyanoloxia brissonii,Cyanoloxia brissonii,Cyanoloxia brissonii,Cyanoloxia brissonii,Cyanoloxia brissonii,Cyanoloxia brissonii,Cyanoloxia brissonii,Cyanoloxia brissonii,Cyanoloxia brissonii,Cyanoloxia brissonii,Cyanoloxia brissonii,Cyanoloxia brissonii,Cyanoloxia,Cardinalidae,1,Bajo
622,Cyanoloxia brissonii,Gubernetes yetapa,Sporophila pileata,Sporophila pileata,Sporophila pileata,Gubernetes yetapa,Gubernetes yetapa,Sporophila pileata,Sporophila pileata,Sporophila pileata,Sporophila pileata,Gubernetes yetapa,Cyanoloxia,Cardinalidae,1,Bajo
624,Habia rubica,Habia rubica,Habia rubica,Habia rubica,Habia rubica,Habia rubica,Habia rubica,Habia rubica,Habia rubica,Habia rubica,Habia rubica,Habia rubica,Habia,Cardinalidae,1,Bajo
625,Habia rubica,Habia rubica,Turdus rufiventris,Habia rubica,Habia rubica,Habia rubica,Habia rubica,Synallaxis ruficapilla,Turdus rufiventris,Turdus rufiventris,Turdus rufiventris,Habia rubica,Habia,Cardinalidae,1,Bajo
626,Habia rubica,Habia rubica,Habia rubica,Biatas nigropectus,Habia rubica,Habia rubica,Habia rubica,Habia rubica,Habia rubica,Habia rubica,Habia rubica,Habia rubica,Habia,Cardinalidae,1,Bajo
627,Habia rubica,Myiothlypis leucoblephara,Synallaxis ruficapilla,Turdus rufiventris,Turdus rufiventris,Nyctidromus albicollis,Tachyphonus coronatus,Myiothlypis leucoblephara,Synallaxis ruficapilla,Synallaxis ruficapilla,Synallaxis ruficapilla,Turdus rufiventris,Habia,Cardinalidae,1,Bajo
629,Habia rubica,Habia rubica,Conopophaga lineata,Habia rubica,Habia rubica,Habia rubica,Habia rubica,Habia rubica,Conopophaga lineata,Conopophaga lineata,Conopophaga lineata,Habia rubica,Habia,Cardinalidae,1,Bajo
630,Habia rubica,Habia rubica,Habia rubica,Habia rubica,Habia rubica,Habia rubica,Habia rubica,Habia rubica,Habia rubica,Habia rubica,Habia rubica,Habia rubica,Habia,Cardinalidae,1,Bajo
632,Habia rubica,Habia rubica,Baryphthengus ruficapillus,Baryphthengus ruficapillus,Habia rubica,Habia rubica,Habia rubica,Habia rubica,Baryphthengus ruficapillus,Baryphthengus ruficapillus,Baryphthengus ruficapillus,Habia rubica,Habia,Cardinalidae,1,Bajo
633,Habia rubica,Habia rubica,Habia rubica,Habia rubica,Habia rubica,Habia rubica,Habia rubica,Habia rubica,Habia rubica,Habia rubica,Habia rubica,Habia rubica,Habia,Cardinalidae,1,Bajo
634,Habia rubica,Habia rubica,Habia rubica,Habia rubica,Habia rubica,Habia rubica,Habia rubica,Habia rubica,Habia rubica,Habia rubica,Habia rubica,Habia rubica,Habia,Cardinalidae,1,Bajo
635,Habia rubica,Pyriglena leucoptera,Habia rubica,Habia rubica,Baryphthengus ruficapillus,Habia rubica,Pyriglena leucoptera,Pyriglena leucoptera,Habia rubica,Habia rubica,Habia rubica,Pyriglena leucoptera,Habia,Cardinalidae,1,Bajo
636,Habia rubica,Tachyphonus coronatus,Tachyphonus coronatus,Tachyphonus coronatus,Tachyphonus coronatus,Tachyphonus coronatus,Tachyphonus coronatus,Tachyphonus coronatus,Tachyphonus coronatus,Tachyphonus coronatus,Tachyphonus coronatus,Tachyphonus coronatus,Habia,Cardinalidae,1,Bajo
637,Habia rubica,Habia rubica,Habia rubica,Habia rubica,Habia rubica,Habia rubica,Habia rubica,Habia rubica,Habia rubica,Habia rubica,Habia rubica,Habia rubica,Habia,Cardinalidae,1,Bajo
639,Habia rubica,Habia rubica,Habia rubica,Habia rubica,Habia rubica,Habia rubica,Habia rubica,Habia rubica,Habia rubica,Habia rubica,Habia rubica,Habia rubica,Habia,Cardinalidae,1,Bajo
640,Habia rubica,Conopophaga lineata vulgaris,Conopophaga lineata vulgaris,Conopophaga lineata vulgaris,Biatas nigropectus,Pyriglena leucoptera,Pyriglena leucoptera,Pyriglena leucoptera,Conopophaga lineata vulgaris,Conopophaga lineata vulgaris,Conopophaga lineata vulgaris,Conopophaga lineata vulgaris,Habia,Cardinalidae,1,Bajo
642,Habia rubica,Synallaxis ruficapilla,Synallaxis ruficapilla,Synallaxis ruficapilla,Synallaxis ruficapilla,Synallaxis ruficapilla,Habia rubica,Synallaxis ruficapilla,Synallaxis ruficapilla,Synallaxis ruficapilla,Synallaxis ruficapilla,Synallaxis ruficapilla,Habia,Cardinalidae,1,Bajo
643,Habia rubica,Habia rubica,Turdus rufiventris,Conopophaga lineata,Conopophaga lineata,Habia rubica,Habia rubica,Habia rubica,Turdus rufiventris,Turdus rufiventris,Turdus rufiventris,Habia rubica,Habia,Cardinalidae,1,Bajo
645,Habia rubica,Pyriglena leucoptera,Penelope superciliaris,Habia rubica,Conopophaga lineata,Tachyphonus coronatus,Pyriglena leucoptera,Baryphthengus ruficapillus,Penelope superciliaris,Penelope superciliaris,Penelope superciliaris,Pyriglena leucoptera,Habia,Cardinalidae,1,Bajo
647,Habia rubica,Synallaxis ruficapilla,Habia rubica,Synallaxis ruficapilla,Synallaxis ruficapilla,Habia rubica,Habia rubica,Habia rubica,Habia rubica,Habia rubica,Habia rubica,Synallaxis ruficapilla,Habia,Cardinalidae,1,Bajo
648,Habia rubica,Synallaxis ruficapilla,Synallaxis ruficapilla,Synallaxis ruficapilla,Synallaxis ruficapilla,Synallaxis ruficapilla,Habia rubica,Synallaxis ruficapilla,Synallaxis ruficapilla,Synallaxis ruficapilla,Synallaxis ruficapilla,Synallaxis ruficapilla,Habia,Cardinalidae,1,Bajo
649,Habia rubica,Salvator merianae,Penelope superciliaris,Penelope superciliaris,Dasypus novemcinctus,Dasypus novemcinctus,Salvator merianae,Alouatta caraya,Penelope superciliaris,Penelope superciliaris,Penelope superciliaris,Salvator merianae,Habia,Cardinalidae,1,Bajo
650,Habia rubica,Habia rubica,Conopophaga lineata,Baryphthengus ruficapillus,Conopophaga lineata,Habia rubica,Habia rubica,Habia rubica,Conopophaga lineata,Conopophaga lineata,Conopophaga lineata,Habia rubica,Habia,Cardinalidae,1,Bajo
651,Habia rubica,Pyriglena leucoptera,Synallaxis ruficapilla,Synallaxis ruficapilla,Synallaxis ruficapilla,Habia rubica,Pyriglena leucoptera,Habia rubica,Synallaxis ruficapilla,Synallaxis ruficapilla,Synallaxis ruficapilla,Pyriglena leucoptera,Habia,Cardinalidae,1,Bajo
652,Habia rubica,Synallaxis ruficapilla,Synallaxis ruficapilla,Synallaxis ruficapilla,Habia rubica,Habia rubica,Habia rubica,Habia rubica,Synallaxis ruficapilla,Synallaxis ruficapilla,Synallaxis ruficapilla,Synallaxis ruficapilla,Habia,Cardinalidae,1,Bajo
653,Habia rubica,Habia rubica,Habia rubica,Habia rubica,Habia rubica,Habia rubica,Habia rubica,Habia rubica,Habia rubica,Habia rubica,Habia rubica,Habia rubica,Habia,Cardinalidae,1,Bajo
654,Habia rubica,Pyriglena leucoptera,Pyriglena leucoptera,Myiothlypis leucoblephara,Turdus albicollis,Pyriglena leucoptera,Pyriglena leucoptera,Hypoedaleus guttatus,Pyriglena leucoptera,Pyriglena leucoptera,Pyriglena leucoptera,Pyriglena leucoptera,Habia,Cardinalidae,1,Bajo
657,Habia rubica,Salvator merianae,Leopardus pardalis,Leopardus pardalis,Didelphis aurita,Salvator merianae,Salvator merianae,Pyriglena leucoptera,Leopardus pardalis,Leopardus pardalis,Leopardus pardalis,Salvator merianae,Habia,Cardinalidae,1,Bajo
658,Habia rubica,Habia rubica,Synallaxis ruficapilla,Habia rubica,Habia rubica,Habia rubica,Habia rubica,Habia rubica,Synallaxis ruficapilla,Synallaxis ruficapilla,Synallaxis ruficapilla,Habia rubica,Habia,Cardinalidae,1,Bajo
659,Habia rubica,Didelphis albiventris,Habia rubica,Conopophaga lineata,Conopophaga lineata,Didelphis albiventris,Didelphis albiventris,Conopophaga lineata,Habia rubica,Habia rubica,Habia rubica,Didelphis albiventris,Habia,Cardinalidae,1,Bajo
660,Habia rubica,Tachyphonus coronatus,Tachyphonus coronatus,Tachyphonus coronatus,Tachyphonus coronatus,Habia rubica,Pyriglena leucoptera,Cyanoloxia brissonii,Tachyphonus coronatus,Tachyphonus coronatus,Tachyphonus coronatus,Tachyphonus coronatus,Habia,Cardinalidae,1,Bajo
661,Habia rubica,Pyriglena leucoptera,Hypoedaleus guttatus,Biatas nigropectus,Biatas nigropectus,Brotogeris chiriri,Brotogeris chiriri,Sapajus nigritus,Hypoedaleus guttatus,Hypoedaleus guttatus,Hypoedaleus guttatus,Pyriglena leucoptera,Habia,Cardinalidae,1,Bajo
663,Habia rubica,Habia rubica,Habia rubica,Habia rubica,Habia rubica,Habia rubica,Habia rubica,Habia rubica,Habia rubica,Habia rubica,Habia rubica,Habia rubica,Habia,Cardinalidae,1,Bajo
664,Habia rubica,Alouatta caraya,Sapajus nigritus,Sapajus nigritus,Sapajus nigritus,Alouatta caraya,Hypoedaleus guttatus,Alouatta guariba clamitans,Sapajus nigritus,Sapajus nigritus,Sapajus nigritus,Alouatta caraya,Habia,Cardinalidae,1,Bajo
665,Habia rubica,Turdus albicollis,Myiothlypis leucoblephara,Conopophaga lineata vulgaris,Baryphthengus ruficapillus,Synallaxis ruficapilla,Turdus albicollis,Synallaxis ruficapilla,Myiothlypis leucoblephara,Myiothlypis leucoblephara,Myiothlypis leucoblephara,Turdus albicollis,Habia,Cardinalidae,1,Bajo
666,Habia rubica,Pyriglena leucoptera,Myiothlypis leucoblephara,Habia rubica,Habia rubica,Turdus albicollis,Hypoedaleus guttatus,Hypoedaleus guttatus,Myiothlypis leucoblephara,Myiothlypis leucoblephara,Myiothlypis leucoblephara,Pyriglena leucoptera,Habia,Cardinalidae,1,Bajo
669,Habia rubica,Pyriglena leucoptera,Leptotila rufaxilla,Synallaxis ruficapilla,Synallaxis ruficapilla,Synallaxis ruficapilla,Aramides saracura,Leptotila rufaxilla,Leptotila rufaxilla,Leptotila rufaxilla,Leptotila rufaxilla,Pyriglena leucoptera,Habia,Cardinalidae,1,Bajo
670,Habia rubica,Habia rubica,Turdus rufiventris,Conopophaga lineata vulgaris,Biatas nigropectus,Habia rubica,Habia rubica,Habia rubica,Turdus rufiventris,Turdus rufiventris,Turdus rufiventris,Habia rubica,Habia,Cardinalidae,1,Bajo
671,Habia rubica,Hypoedaleus guttatus,Turdus rufiventris,Myiothlypis leucoblephara,Habia rubica,Hypoedaleus guttatus,Hypoedaleus guttatus,Hypoedaleus guttatus,Turdus rufiventris,Turdus rufiventris,Turdus rufiventris,Hypoedaleus guttatus,Habia,Cardinalidae,1,Bajo
672,Habia rubica,Hypoedaleus guttatus,Brotogeris chiriri,Brotogeris chiriri,Hypoedaleus guttatus,Hypoedaleus guttatus,Hypoedaleus guttatus,Baryphthengus ruficapillus,Brotogeris chiriri,Brotogeris chiriri,Brotogeris chiriri,Hypoedaleus guttatus,Habia,Cardinalidae,1,Bajo
673,Habia rubica,Habia rubica,Habia rubica,Habia rubica,Habia rubica,Habia rubica,Habia rubica,Habia rubica,Habia rubica,Habia rubica,Habia rubica,Habia rubica,Habia,Cardinalidae,1,Bajo
674,Habia rubica,Synallaxis ruficapilla,Synallaxis ruficapilla,Synallaxis ruficapilla,Synallaxis ruficapilla,Habia rubica,Habia rubica,Synallaxis ruficapilla,Synallaxis ruficapilla,Synallaxis ruficapilla,Synallaxis ruficapilla,Synallaxis ruficapilla,Habia,Cardinalidae,1,Bajo
675,Habia rubica,Habia rubica,Habia rubica,Habia rubica,Habia rubica,Habia rubica,Habia rubica,Synallaxis ruficapilla,Habia rubica,Habia rubica,Habia rubica,Habia rubica,Habia,Cardinalidae,1,Bajo
676,Habia rubica,Alouatta guariba,Habia rubica,Habia rubica,Alouatta guariba clamitans,Alouatta guariba,Alouatta guariba clamitans,Synallaxis ruficapilla,Habia rubica,Habia rubica,Habia rubica,Alouatta guariba,Habia,Cardinalidae,1,Bajo
677,Habia rubica,Synallaxis ruficapilla,Synallaxis ruficapilla,Geotrygon montana,Chamaeza campanisona,Synallaxis ruficapilla,Synallaxis ruficapilla,Conopophaga lineata,Synallaxis ruficapilla,Synallaxis ruficapilla,Synallaxis ruficapilla,Synallaxis ruficapilla,Habia,Cardinalidae,1,Bajo
678,Habia rubica,Habia rubica,Habia rubica,Habia rubica,Habia rubica,Habia rubica,Habia rubica,Habia rubica,Habia rubica,Habia rubica,Habia rubica,Habia rubica,Habia,Cardinalidae,1,Bajo
679,Habia rubica,Habia rubica,Brotogeris chiriri,Brotogeris chiriri,Synallaxis ruficapilla,Habia rubica,Habia rubica,Brotogeris chiriri,Brotogeris chiriri,Brotogeris chiriri,Brotogeris chiriri,Habia rubica,Habia,Cardinalidae,1,Bajo
680,Habia rubica,Habia rubica,Habia rubica,Habia rubica,Habia rubica,Habia rubica,Habia rubica,Habia rubica,Habia rubica,Habia rubica,Habia rubica,Habia rubica,Habia,Cardinalidae,1,Bajo
682,Habia rubica,Habia rubica,Synallaxis ruficapilla,Habia rubica,Habia rubica,Habia rubica,Habia rubica,Synallaxis ruficapilla,Synallaxis ruficapilla,Synallaxis ruficapilla,Synallaxis ruficapilla,Habia rubica,Habia,Cardinalidae,1,Bajo
683,Habia rubica,Habia rubica,Habia rubica,Habia rubica,Conopophaga lineata,Habia rubica,Habia rubica,Habia rubica,Habia rubica,Habia rubica,Habia rubica,Habia rubica,Habia,Cardinalidae,1,Bajo
684,Habia rubica,Habia rubica,Synallaxis ruficapilla,Conopophaga lineata,Synallaxis ruficapilla,Habia rubica,Habia rubica,Synallaxis ruficapilla,Synallaxis ruficapilla,Synallaxis ruficapilla,Synallaxis ruficapilla,Habia rubica,Habia,Cardinalidae,1,Bajo
685,Habia rubica,Pyriglena leucoptera,Synallaxis ruficapilla,Habia rubica,Conopophaga lineata vulgaris,Habia rubica,Pyriglena leucoptera,Pyriglena leucoptera,Synallaxis ruficapilla,Synallaxis ruficapilla,Synallaxis ruficapilla,Pyriglena leucoptera,Habia,Cardinalidae,1,Bajo
687,Habia rubica,Habia rubica,Turdus rufiventris,Habia rubica,Habia rubica,Habia rubica,Habia rubica,Habia rubica,Turdus rufiventris,Turdus rufiventris,Turdus rufiventris,Habia rubica,Habia,Cardinalidae,1,Bajo
688,Habia rubica,Habia rubica,Conopophaga lineata,Conopophaga lineata,Conopophaga lineata,Habia rubica,Habia rubica,Conopophaga lineata,Conopophaga lineata,Conopophaga lineata,Conopophaga lineata,Habia rubica,Habia,Cardinalidae,1,Bajo
689,Habia rubica,Habia rubica,Habia rubica,Habia rubica,Habia rubica,Habia rubica,Habia rubica,Habia rubica,Habia rubica,Habia rubica,Habia rubica,Habia rubica,Habia,Cardinalidae,1,Bajo
690,Habia rubica,Conopophaga lineata vulgaris,Conopophaga lineata vulgaris,Baryphthengus ruficapillus,Baryphthengus ruficapillus,Habia rubica,Turdus albicollis,Pyriglena leucoptera,Conopophaga lineata vulgaris,Conopophaga lineata vulgaris,Conopophaga lineata vulgaris,Conopophaga lineata vulgaris,Habia,Cardinalidae,1,Bajo
691,Habia rubica,Habia rubica,Habia rubica,Habia rubica,Habia rubica,Habia rubica,Habia rubica,Habia rubica,Habia rubica,Habia rubica,Habia rubica,Habia rubica,Habia,Cardinalidae,1,Bajo
692,Habia rubica,Habia rubica,Turdus rufiventris,Habia rubica,Habia rubica,Habia rubica,Habia rubica,Habia rubica,Turdus rufiventris,Turdus rufiventris,Turdus rufiventris,Habia rubica,Habia,Cardinalidae,1,Bajo
694,Hydrochoerus hydrochaeris,Hydrochoerus hydrochaeris,Hydrochoerus hydrochaeris,Hydrochoerus hydrochaeris,Hydrochoerus hydrochaeris,Hydrochoerus hydrochaeris,Hydrochoerus hydrochaeris,Hydrochoerus hydrochaeris,Hydrochoerus hydrochaeris,Hydrochoerus hydrochaeris,Hydrochoerus hydrochaeris,Hydrochoerus hydrochaeris,Hydrochoerus,Caviidae,2,Bajo
695,Hydrochoerus hydrochaeris,Dasyprocta azarae,Dasyprocta azarae,Dasyprocta azarae,Dasyprocta azarae,Hydrochoerus hydrochaeris,Dasyprocta azarae,Dasyprocta azarae,Dasyprocta azarae,Dasyprocta azarae,Dasyprocta azarae,Dasyprocta azarae,Hydrochoerus,Caviidae,2,Bajo
696,Hydrochoerus hydrochaeris,Hydrochoerus hydrochaeris,Pecari tajacu,Hydrochoerus hydrochaeris,Sus scrofa,Hydrochoerus hydrochaeris,Hydrochoerus hydrochaeris,Lontra longicaudis,Pecari tajacu,Pecari tajacu,Pecari tajacu,Hydrochoerus hydrochaeris,Hydrochoerus,Caviidae,2,Bajo
698,Hydrochoerus hydrochaeris,Hydrochoerus hydrochaeris,Hydrochoerus hydrochaeris,Hydrochoerus hydrochaeris,Hydrochoerus hydrochaeris,Hydrochoerus hydrochaeris,Hydrochoerus hydrochaeris,Hydrochoerus hydrochaeris,Hydrochoerus hydrochaeris,Hydrochoerus hydrochaeris,Hydrochoerus hydrochaeris,Hydrochoerus hydrochaeris,Hydrochoerus,Caviidae,2,Bajo
700,Hydrochoerus hydrochaeris,Sus scrofa,Sus scrofa,Sus scrofa,Sus scrofa,Sus scrofa,Sus scrofa,Sus scrofa,Sus scrofa,Sus scrofa,Sus scrofa,Sus scrofa,Hydrochoerus,Caviidae,2,Bajo
701,Hydrochoerus hydrochaeris,Hydrochoerus hydrochaeris,Pecari tajacu,Hydrochoerus hydrochaeris,Hydrochoerus hydrochaeris,Hydrochoerus hydrochaeris,Hydrochoerus hydrochaeris,Hydrochoerus hydrochaeris,Pecari tajacu,Pecari tajacu,Pecari tajacu,Hydrochoerus hydrochaeris,Hydrochoerus,Caviidae,2,Bajo
702,Hydrochoerus hydrochaeris,Herpailurus yagouaroundi,Herpailurus yagouaroundi,Herpailurus yagouaroundi,Herpailurus yagouaroundi,Herpailurus yagouaroundi,Galictis cuja,Herpailurus yagouaroundi,Herpailurus yagouaroundi,Herpailurus yagouaroundi,Herpailurus yagouaroundi,Herpailurus yagouaroundi,Hydrochoerus,Caviidae,2,Bajo
705,Hydrochoerus hydrochaeris,Hydrochoerus hydrochaeris,Hydrochoerus hydrochaeris,Hydrochoerus hydrochaeris,Hydrochoerus hydrochaeris,Hydrochoerus hydrochaeris,Hydrochoerus hydrochaeris,Hydrochoerus hydrochaeris,Hydrochoerus hydrochaeris,Hydrochoerus hydrochaeris,Hydrochoerus hydrochaeris,Hydrochoerus hydrochaeris,Hydrochoerus,Caviidae,2,Bajo
707,Hydrochoerus hydrochaeris,Lontra longicaudis,Lontra longicaudis,Lontra longicaudis,Lontra longicaudis,Lontra longicaudis,Lontra longicaudis,Lontra longicaudis,Lontra longicaudis,Lontra longicaudis,Lontra longicaudis,Lontra longicaudis,Hydrochoerus,Caviidae,2,Bajo
708,Hydrochoerus hydrochaeris,Hydrochoerus hydrochaeris,Hydrochoerus hydrochaeris,Hydrochoerus hydrochaeris,Hydrochoerus hydrochaeris,Hydrochoerus hydrochaeris,Hydrochoerus hydrochaeris,Hydrochoerus hydrochaeris,Hydrochoerus hydrochaeris,Hydrochoerus hydrochaeris,Hydrochoerus hydrochaeris,Hydrochoerus hydrochaeris,Hydrochoerus,Caviidae,2,Bajo
709,Hydrochoerus hydrochaeris,Hydrochoerus hydrochaeris,Hydrochoerus hydrochaeris,Hydrochoerus hydrochaeris,Sus scrofa,Hydrochoerus hydrochaeris,Hydrochoerus hydrochaeris,Hydrochoerus hydrochaeris,Hydrochoerus hydrochaeris,Hydrochoerus hydrochaeris,Hydrochoerus hydrochaeris,Hydrochoerus hydrochaeris,Hydrochoerus,Caviidae,2,Bajo
710,Hydrochoerus hydrochaeris,Hydrochoerus hydrochaeris,Hydrochoerus hydrochaeris,Hydrochoerus hydrochaeris,Herpailurus yagouaroundi,Hydrochoerus hydrochaeris,Hydrochoerus hydrochaeris,Hydrochoerus hydrochaeris,Hydrochoerus hydrochaeris,Hydrochoerus hydrochaeris,Hydrochoerus hydrochaeris,Hydrochoerus hydrochaeris,Hydrochoerus,Caviidae,2,Bajo
711,Hydrochoerus hydrochaeris,Hydrochoerus hydrochaeris,Hydrochoerus hydrochaeris,Hydrochoerus hydrochaeris,Hydrochoerus hydrochaeris,Hydrochoerus hydrochaeris,Hydrochoerus hydrochaeris,Hydrochoerus hydrochaeris,Hydrochoerus hydrochaeris,Hydrochoerus hydrochaeris,Hydrochoerus hydrochaeris,Hydrochoerus hydrochaeris,Hydrochoerus,Caviidae,2,Bajo
712,Hydrochoerus hydrochaeris,Hydrochoerus hydrochaeris,Hydrochoerus hydrochaeris,Hydrochoerus hydrochaeris,Hydrochoerus hydrochaeris,Hydrochoerus hydrochaeris,Hydrochoerus hydrochaeris,Hydrochoerus hydrochaeris,Hydrochoerus hydrochaeris,Hydrochoerus hydrochaeris,Hydrochoerus hydrochaeris,Hydrochoerus hydrochaeris,Hydrochoerus,Caviidae,2,Bajo
713,Hydrochoerus hydrochaeris,Hydrochoerus hydrochaeris,Hydrochoerus hydrochaeris,Hydrochoerus hydrochaeris,Hydrochoerus hydrochaeris,Hydrochoerus hydrochaeris,Hydrochoerus hydrochaeris,Hydrochoerus hydrochaeris,Hydrochoerus hydrochaeris,Hydrochoerus hydrochaeris,Hydrochoerus hydrochaeris,Hydrochoerus hydrochaeris,Hydrochoerus,Caviidae,2,Bajo
714,Hydrochoerus hydrochaeris,Hydrochoerus hydrochaeris,Hydrochoerus hydrochaeris,Galictis cuja,Hydrochoerus hydrochaeris,Hydrochoerus hydrochaeris,Hydrochoerus hydrochaeris,Hydrochoerus hydrochaeris,Hydrochoerus hydrochaeris,Hydrochoerus hydrochaeris,Hydrochoerus hydrochaeris,Hydrochoerus hydrochaeris,Hydrochoerus,Caviidae,2,Bajo
715,Hydrochoerus hydrochaeris,Hydrochoerus hydrochaeris,Hydrochoerus hydrochaeris,Hydrochoerus hydrochaeris,Hydrochoerus hydrochaeris,Hydrochoerus hydrochaeris,Hydrochoerus hydrochaeris,Hydrochoerus hydrochaeris,Hydrochoerus hydrochaeris,Hydrochoerus hydrochaeris,Hydrochoerus hydrochaeris,Hydrochoerus hydrochaeris,Hydrochoerus,Caviidae,2,Bajo
716,Hydrochoerus hydrochaeris,Hydrochoerus hydrochaeris,Hydrochoerus hydrochaeris,Hydrochoerus hydrochaeris,Hydrochoerus hydrochaeris,Hydrochoerus hydrochaeris,Hydrochoerus hydrochaeris,Hydrochoerus hydrochaeris,Hydrochoerus hydrochaeris,Hydrochoerus hydrochaeris,Hydrochoerus hydrochaeris,Hydrochoerus hydrochaeris,Hydrochoerus,Caviidae,2,Bajo
717,Hydrochoerus hydrochaeris,Hydrochoerus hydrochaeris,Hydrochoerus hydrochaeris,Hydrochoerus hydrochaeris,Pecari tajacu,Hydrochoerus hydrochaeris,Hydrochoerus hydrochaeris,Hydrochoerus hydrochaeris,Hydrochoerus hydrochaeris,Hydrochoerus hydrochaeris,Hydrochoerus hydrochaeris,Hydrochoerus hydrochaeris,Hydrochoerus,Caviidae,2,Bajo
718,Hydrochoerus hydrochaeris,Tapirus terrestris,Hydrochoerus hydrochaeris,Hydrochoerus hydrochaeris,Pecari tajacu,Hydrochoerus hydrochaeris,Hydrochoerus hydrochaeris,Hydrochoerus hydrochaeris,Hydrochoerus hydrochaeris,Hydrochoerus hydrochaeris,Hydrochoerus hydrochaeris,Tapirus terrestris,Hydrochoerus,Caviidae,2,Bajo
719,Hydrochoerus hydrochaeris,Hydrochoerus hydrochaeris,Hydrochoerus hydrochaeris,Hydrochoerus hydrochaeris,Hydrochoerus hydrochaeris,Hydrochoerus hydrochaeris,Hydrochoerus hydrochaeris,Hydrochoerus hydrochaeris,Hydrochoerus hydrochaeris,Hydrochoerus hydrochaeris,Hydrochoerus hydrochaeris,Hydrochoerus hydrochaeris,Hydrochoerus,Caviidae,2,Bajo
721,Hydrochoerus hydrochaeris,Hydrochoerus hydrochaeris,Hydrochoerus hydrochaeris,Hydrochoerus hydrochaeris,Hydrochoerus hydrochaeris,Hydrochoerus hydrochaeris,Hydrochoerus hydrochaeris,Hydrochoerus hydrochaeris,Hydrochoerus hydrochaeris,Hydrochoerus hydrochaeris,Hydrochoerus hydrochaeris,Hydrochoerus hydrochaeris,Hydrochoerus,Caviidae,2,Bajo
722,Hydrochoerus hydrochaeris,Hydrochoerus hydrochaeris,Hydrochoerus hydrochaeris,Hydrochoerus hydrochaeris,Hydrochoerus hydrochaeris,Hydrochoerus hydrochaeris,Hydrochoerus hydrochaeris,Hydrochoerus hydrochaeris,Hydrochoerus hydrochaeris,Hydrochoerus hydrochaeris,Hydrochoerus hydrochaeris,Hydrochoerus hydrochaeris,Hydrochoerus,Caviidae,2,Bajo
723,Hydrochoerus hydrochaeris,Hydrochoerus hydrochaeris,Hydrochoerus hydrochaeris,Hydrochoerus hydrochaeris,Hydrochoerus hydrochaeris,Hydrochoerus hydrochaeris,Hydrochoerus hydrochaeris,Hydrochoerus hydrochaeris,Hydrochoerus hydrochaeris,Hydrochoerus hydrochaeris,Hydrochoerus hydrochaeris,Hydrochoerus hydrochaeris,Hydrochoerus,Caviidae,2,Bajo
725,Hydrochoerus hydrochaeris,Hydrochoerus hydrochaeris,Hydrochoerus hydrochaeris,Hydrochoerus hydrochaeris,Hydrochoerus hydrochaeris,Hydrochoerus hydrochaeris,Hydrochoerus hydrochaeris,Hydrochoerus hydrochaeris,Hydrochoerus hydrochaeris,Hydrochoerus hydrochaeris,Hydrochoerus hydrochaeris,Hydrochoerus hydrochaeris,Hydrochoerus,Caviidae,2,Bajo
726,Hydrochoerus hydrochaeris,Hydrochoerus hydrochaeris,Hydrochoerus hydrochaeris,Hydrochoerus hydrochaeris,Hydrochoerus hydrochaeris,Hydrochoerus hydrochaeris,Hydrochoerus hydrochaeris,Hydrochoerus hydrochaeris,Hydrochoerus hydrochaeris,Hydrochoerus hydrochaeris,Hydrochoerus hydrochaeris,Hydrochoerus hydrochaeris,Hydrochoerus,Caviidae,2,Bajo
727,Hydrochoerus hydrochaeris,Hydrochoerus hydrochaeris,Hydrochoerus hydrochaeris,Hydrochoerus hydrochaeris,Hydrochoerus hydrochaeris,Hydrochoerus hydrochaeris,Hydrochoerus hydrochaeris,Lontra longicaudis,Hydrochoerus hydrochaeris,Hydrochoerus hydrochaeris,Hydrochoerus hydrochaeris,Hydrochoerus hydrochaeris,Hydrochoerus,Caviidae,2,Bajo
728,Hydrochoerus hydrochaeris,Tapirus terrestris,Pecari tajacu,Hydrochoerus hydrochaeris,Pecari tajacu,Hydrochoerus hydrochaeris,Hydrochoerus hydrochaeris,Hydrochoerus hydrochaeris,Pecari tajacu,Pecari tajacu,Pecari tajacu,Tapirus terrestris,Hydrochoerus,Caviidae,2,Bajo
729,Hydrochoerus hydrochaeris,Hydrochoerus hydrochaeris,Hydrochoerus hydrochaeris,Aramides saracura,Aramides saracura,Hydrochoerus hydrochaeris,Hydrochoerus hydrochaeris,Hydrochoerus hydrochaeris,Hydrochoerus hydrochaeris,Hydrochoerus hydrochaeris,Hydrochoerus hydrochaeris,Tapirus terrestris terrestris,Hydrochoerus,Caviidae,2,Bajo
730,Hydrochoerus hydrochaeris,Pecari tajacu,Pecari tajacu,Hydrochoerus hydrochaeris,Hydrochoerus hydrochaeris,Hydrochoerus hydrochaeris,Hydrochoerus hydrochaeris,Hydrochoerus hydrochaeris,Pecari tajacu,Pecari tajacu,Pecari tajacu,Pecari tajacu,Hydrochoerus,Caviidae,2,Bajo
731,Hydrochoerus hydrochaeris,Hydrochoerus hydrochaeris,Hydrochoerus hydrochaeris,Hydrochoerus hydrochaeris,Hydrochoerus hydrochaeris,Hydrochoerus hydrochaeris,Hydrochoerus hydrochaeris,Hydrochoerus hydrochaeris,Hydrochoerus hydrochaeris,Hydrochoerus hydrochaeris,Hydrochoerus hydrochaeris,Hydrochoerus hydrochaeris,Hydrochoerus,Caviidae,2,Bajo
732,Hydrochoerus hydrochaeris,Hydrochoerus hydrochaeris,Hydrochoerus hydrochaeris,Hydrochoerus hydrochaeris,Hydrochoerus hydrochaeris,Hydrochoerus hydrochaeris,Hydrochoerus hydrochaeris,Hydrochoerus hydrochaeris,Hydrochoerus hydrochaeris,Hydrochoerus hydrochaeris,Hydrochoerus hydrochaeris,Hydrochoerus hydrochaeris,Hydrochoerus,Caviidae,2,Bajo
733,Hydrochoerus hydrochaeris,Hydrochoerus hydrochaeris,Hydrochoerus hydrochaeris,Hydrochoerus hydrochaeris,Hydrochoerus hydrochaeris,Hydrochoerus hydrochaeris,Hydrochoerus hydrochaeris,Hydrochoerus hydrochaeris,Hydrochoerus hydrochaeris,Hydrochoerus hydrochaeris,Hydrochoerus hydrochaeris,Hydrochoerus hydrochaeris,Hydrochoerus,Caviidae,2,Bajo
734,Hydrochoerus hydrochaeris,Sus scrofa,Sus scrofa,Sus scrofa,Sus scrofa,Hydrochoerus hydrochaeris,Sus scrofa,Hydrochoerus hydrochaeris,Sus scrofa,Sus scrofa,Sus scrofa,Sus scrofa,Hydrochoerus,Caviidae,2,Bajo
735,Hydrochoerus hydrochaeris,Hydrochoerus hydrochaeris,Hydrochoerus hydrochaeris,Hydrochoerus hydrochaeris,Hydrochoerus hydrochaeris,Hydrochoerus hydrochaeris,Hydrochoerus hydrochaeris,Hydrochoerus hydrochaeris,Hydrochoerus hydrochaeris,Hydrochoerus hydrochaeris,Hydrochoerus hydrochaeris,Hydrochoerus hydrochaeris,Hydrochoerus,Caviidae,2,Bajo
736,Hydrochoerus hydrochaeris,Hydrochoerus hydrochaeris,Hydrochoerus hydrochaeris,Hydrochoerus hydrochaeris,Hydrochoerus hydrochaeris,Hydrochoerus hydrochaeris,Hydrochoerus hydrochaeris,Hydrochoerus hydrochaeris,Hydrochoerus hydrochaeris,Hydrochoerus hydrochaeris,Hydrochoerus hydrochaeris,Hydrochoerus hydrochaeris,Hydrochoerus,Caviidae,2,Bajo
737,Hydrochoerus hydrochaeris,Hydrochoerus hydrochaeris,Hydrochoerus hydrochaeris,Dasyprocta azarae,Dasyprocta azarae,Hydrochoerus hydrochaeris,Hydrochoerus hydrochaeris,Hydrochoerus hydrochaeris,Hydrochoerus hydrochaeris,Hydrochoerus hydrochaeris,Hydrochoerus hydrochaeris,Hydrochoerus hydrochaeris,Hydrochoerus,Caviidae,2,Bajo
738,Hydrochoerus hydrochaeris,Hydrochoerus hydrochaeris,Hydrochoerus hydrochaeris,Hydrochoerus hydrochaeris,Hydrochoerus hydrochaeris,Hydrochoerus hydrochaeris,Hydrochoerus hydrochaeris,Hydrochoerus hydrochaeris,Hydrochoerus hydrochaeris,Hydrochoerus hydrochaeris,Hydrochoerus hydrochaeris,Hydrochoerus hydrochaeris,Hydrochoerus,Caviidae,2,Bajo
740,Hydrochoerus hydrochaeris,Hydrochoerus hydrochaeris,Hydrochoerus hydrochaeris,Hydrochoerus hydrochaeris,Hydrochoerus hydrochaeris,Hydrochoerus hydrochaeris,Hydrochoerus hydrochaeris,Amazona aestiva,Hydrochoerus hydrochaeris,Hydrochoerus hydrochaeris,Hydrochoerus hydrochaeris,Hydrochoerus hydrochaeris,Hydrochoerus,Caviidae,2,Bajo
741,Hydrochoerus hydrochaeris,Lontra longicaudis,Tapirus terrestris,Hydrochoerus hydrochaeris,Hydrochoerus hydrochaeris,Lontra longicaudis,Hydrochoerus hydrochaeris,Sus scrofa,Tapirus terrestris,Tapirus terrestris,Tapirus terrestris,Lontra longicaudis,Hydrochoerus,Caviidae,2,Bajo
742,Hydrochoerus hydrochaeris,Herpailurus yagouaroundi,Pecari tajacu,Hydrochoerus hydrochaeris,Hydrochoerus hydrochaeris,Hydrochoerus hydrochaeris,Hydrochoerus hydrochaeris,Hydrochoerus hydrochaeris,Pecari tajacu,Pecari tajacu,Pecari tajacu,Herpailurus yagouaroundi,Hydrochoerus,Caviidae,2,Bajo
743,Hydrochoerus hydrochaeris,Hydrochoerus hydrochaeris,Hydrochoerus hydrochaeris,Hydrochoerus hydrochaeris,Pecari tajacu,Hydrochoerus hydrochaeris,Hydrochoerus hydrochaeris,Hydrochoerus hydrochaeris,Hydrochoerus hydrochaeris,Hydrochoerus hydrochaeris,Hydrochoerus hydrochaeris,Hydrochoerus hydrochaeris,Hydrochoerus,Caviidae,2,Bajo
744,Hydrochoerus hydrochaeris,Tapirus terrestris,Hydrochoerus hydrochaeris,Hydrochoerus hydrochaeris,Hydrochoerus hydrochaeris,Hydrochoerus hydrochaeris,Hydrochoerus hydrochaeris,Hydrochoerus hydrochaeris,Hydrochoerus hydrochaeris,Hydrochoerus hydrochaeris,Hydrochoerus hydrochaeris,Tapirus terrestris,Hydrochoerus,Caviidae,2,Bajo
745,Hydrochoerus hydrochaeris,Hydrochoerus hydrochaeris,Hydrochoerus hydrochaeris,Hydrochoerus hydrochaeris,Hydrochoerus hydrochaeris,Hydrochoerus hydrochaeris,Hydrochoerus hydrochaeris,Hydrochoerus hydrochaeris,Hydrochoerus hydrochaeris,Hydrochoerus hydrochaeris,Hydrochoerus hydrochaeris,Hydrochoerus hydrochaeris,Hydrochoerus,Caviidae,2,Bajo
746,Hydrochoerus hydrochaeris,Hydrochoerus hydrochaeris,Hydrochoerus hydrochaeris,Hydrochoerus hydrochaeris,Hydrochoerus hydrochaeris,Hydrochoerus hydrochaeris,Hydrochoerus hydrochaeris,Hydrochoerus hydrochaeris,Hydrochoerus hydrochaeris,Hydrochoerus hydrochaeris,Hydrochoerus hydrochaeris,Hydrochoerus hydrochaeris,Hydrochoerus,Caviidae,2,Bajo
747,Hydrochoerus hydrochaeris,Hydrochoerus hydrochaeris,Hydrochoerus hydrochaeris,Hydrochoerus hydrochaeris,Hydrochoerus hydrochaeris,Hydrochoerus hydrochaeris,Hydrochoerus hydrochaeris,Hydrochoerus hydrochaeris,Hydrochoerus hydrochaeris,Hydrochoerus hydrochaeris,Hydrochoerus hydrochaeris,Hydrochoerus hydrochaeris,Hydrochoerus,Caviidae,2,Bajo
749,Hydrochoerus hydrochaeris,Hydrochoerus hydrochaeris,Sus scrofa,Sus scrofa,Sus scrofa,Hydrochoerus hydrochaeris,Hydrochoerus hydrochaeris,Hydrochoerus hydrochaeris,Sus scrofa,Sus scrofa,Sus scrofa,Hydrochoerus hydrochaeris,Hydrochoerus,Caviidae,2,Bajo
750,Hydrochoerus hydrochaeris,Hydrochoerus hydrochaeris,Hydrochoerus hydrochaeris,Hydrochoerus hydrochaeris,Hydrochoerus hydrochaeris,Hydrochoerus hydrochaeris,Hydrochoerus hydrochaeris,Hydrochoerus hydrochaeris,Hydrochoerus hydrochaeris,Hydrochoerus hydrochaeris,Hydrochoerus hydrochaeris,Hydrochoerus hydrochaeris,Hydrochoerus,Caviidae,2,Bajo
751,Hydrochoerus hydrochaeris,Tamandua tetradactyla,Didelphis albiventris,Didelphis albiventris,Canis familiaris,Tamandua tetradactyla,Galictis cuja,Didelphis aurita,Didelphis albiventris,Didelphis albiventris,Didelphis albiventris,Tamandua tetradactyla,Hydrochoerus,Caviidae,2,Bajo
754,Hydrochoerus hydrochaeris,Herpailurus yagouaroundi,Sus scrofa,Sus scrofa,Sus scrofa,Herpailurus yagouaroundi,Tamandua tetradactyla,Dasyprocta azarae,Sus scrofa,Sus scrofa,Sus scrofa,Herpailurus yagouaroundi,Hydrochoerus,Caviidae,2,Bajo
755,Hydrochoerus hydrochaeris,Hydrochoerus hydrochaeris,Lontra longicaudis,Lontra longicaudis,Lontra longicaudis,Hydrochoerus hydrochaeris,Hydrochoerus hydrochaeris,Hydrochoerus hydrochaeris,Lontra longicaudis,Lontra longicaudis,Lontra longicaudis,Hydrochoerus hydrochaeris,Hydrochoerus,Caviidae,2,Bajo
756,Hydrochoerus hydrochaeris,Hydrochoerus hydrochaeris,Hydrochoerus hydrochaeris,Hydrochoerus hydrochaeris,Hydrochoerus hydrochaeris,Hydrochoerus hydrochaeris,Hydrochoerus hydrochaeris,Hydrochoerus hydrochaeris,Hydrochoerus hydrochaeris,Hydrochoerus hydrochaeris,Hydrochoerus hydrochaeris,Hydrochoerus hydrochaeris,Hydrochoerus,Caviidae,2,Bajo
757,Hydrochoerus hydrochaeris,Hydrochoerus hydrochaeris,Hydrochoerus hydrochaeris,Hydrochoerus hydrochaeris,Hydrochoerus hydrochaeris,Hydrochoerus hydrochaeris,Hydrochoerus hydrochaeris,Hydrochoerus hydrochaeris,Hydrochoerus hydrochaeris,Hydrochoerus hydrochaeris,Hydrochoerus hydrochaeris,Hydrochoerus hydrochaeris,Hydrochoerus,Caviidae,2,Bajo
758,Hydrochoerus hydrochaeris,Tapirus terrestris,Hydrochoerus hydrochaeris,Hydrochoerus hydrochaeris,Hydrochoerus hydrochaeris,Hydrochoerus hydrochaeris,Hydrochoerus hydrochaeris,Hydrochoerus hydrochaeris,Hydrochoerus hydrochaeris,Hydrochoerus hydrochaeris,Hydrochoerus hydrochaeris,Tapirus terrestris,Hydrochoerus,Caviidae,2,Bajo
759,Hydrochoerus hydrochaeris,Hydrochoerus hydrochaeris,Lontra longicaudis,Hydrochoerus hydrochaeris,Sus scrofa,Hydrochoerus hydrochaeris,Hydrochoerus hydrochaeris,Lontra longicaudis,Lontra longicaudis,Lontra longicaudis,Lontra longicaudis,Hydrochoerus hydrochaeris,Hydrochoerus,Caviidae,2,Bajo
761,Sapajus nigritus,Sapajus nigritus,Alouatta guariba,Sapajus nigritus,Sapajus nigritus,Sapajus nigritus,Sapajus nigritus,Sapajus nigritus,Alouatta guariba,Alouatta guariba,Alouatta guariba,Sapajus nigritus,Sapajus,Cebidae,3,Medio
762,Sapajus nigritus,Sapajus nigritus,Alouatta guariba,Sapajus nigritus,Sapajus nigritus,Sapajus nigritus,Sapajus nigritus,Sapajus nigritus,Alouatta guariba,Alouatta guariba,Alouatta guariba,Sapajus nigritus,Sapajus,Cebidae,3,Medio
763,Sapajus nigritus,Sapajus nigritus,Sapajus nigritus,Sapajus nigritus,Sapajus nigritus,Sapajus nigritus,Sapajus nigritus,Sapajus nigritus,Sapajus nigritus,Sapajus nigritus,Sapajus nigritus,Sapajus nigritus,Sapajus,Cebidae,3,Medio
764,Sapajus nigritus,Alouatta caraya,Alouatta guariba clamitans,Alouatta guariba clamitans,Alouatta guariba clamitans,Alouatta caraya,Alouatta guariba clamitans,Sapajus nigritus,Alouatta guariba clamitans,Alouatta guariba clamitans,Alouatta guariba clamitans,Alouatta caraya,Sapajus,Cebidae,3,Medio
766,Sapajus nigritus,Sapajus nigritus,Sapajus nigritus,Sapajus nigritus,Sapajus nigritus,Sapajus nigritus,Sapajus nigritus,Sapajus nigritus,Sapajus nigritus,Sapajus nigritus,Sapajus nigritus,Sapajus nigritus,Sapajus,Cebidae,3,Medio
768,Sapajus nigritus,Amazona vinacea,Amazona vinacea,Amazona vinacea,Amazona vinacea,Pipile jacutinga,Pipile jacutinga,Gubernetes yetapa,Amazona vinacea,Amazona vinacea,Amazona vinacea,Amazona vinacea,Sapajus,Cebidae,3,Medio
769,Sapajus nigritus,Sapajus nigritus,Sapajus nigritus,Sapajus nigritus,Alouatta guariba clamitans,Sapajus nigritus,Sapajus nigritus,Sapajus nigritus,Sapajus nigritus,Sapajus nigritus,Sapajus nigritus,Sapajus nigritus,Sapajus,Cebidae,3,Medio
770,Sapajus nigritus,Sapajus nigritus,Sapajus nigritus,Sapajus nigritus,Sapajus nigritus,Sapajus nigritus,Sapajus nigritus,Sapajus nigritus,Sapajus nigritus,Sapajus nigritus,Sapajus nigritus,Sapajus nigritus,Sapajus,Cebidae,3,Medio
771,Sapajus nigritus,Sapajus nigritus,Alouatta guariba,Sapajus nigritus,Sapajus nigritus,Sapajus nigritus,Sapajus nigritus,Sapajus nigritus,Alouatta guariba,Alouatta guariba,Alouatta guariba,Sapajus nigritus,Sapajus,Cebidae,3,Medio
772,Sapajus nigritus,Sapajus nigritus,Sapajus nigritus,Sapajus nigritus,Alouatta caraya,Sapajus nigritus,Sapajus nigritus,Alouatta caraya,Sapajus nigritus,Sapajus nigritus,Sapajus nigritus,Sapajus nigritus,Sapajus,Cebidae,3,Medio
774,Sapajus nigritus,Sapajus nigritus,Alouatta guariba,Alouatta guariba,Sapajus nigritus,Sapajus nigritus,Sapajus nigritus,Sapajus nigritus,Alouatta guariba,Alouatta guariba,Alouatta guariba,Sapajus nigritus,Sapajus,Cebidae,3,Medio
775,Sapajus nigritus,Sapajus nigritus,Sapajus nigritus,Alouatta guariba,Alouatta guariba clamitans,Sapajus nigritus,Sapajus nigritus,Sapajus nigritus,Sapajus nigritus,Sapajus nigritus,Sapajus nigritus,Sapajus nigritus,Sapajus,Cebidae,3,Medio
776,Sapajus nigritus,Didelphis albiventris,Alouatta guariba,Alouatta guariba,Alouatta guariba,Sapajus nigritus,Sapajus nigritus,Sapajus nigritus,Alouatta guariba,Alouatta guariba,Alouatta guariba,Didelphis albiventris,Sapajus,Cebidae,3,Medio
777,Sapajus nigritus,Sapajus nigritus,Sapajus nigritus,Sapajus nigritus,Sapajus nigritus,Sapajus nigritus,Sapajus nigritus,Sapajus nigritus,Sapajus nigritus,Sapajus nigritus,Sapajus nigritus,Sapajus nigritus,Sapajus,Cebidae,3,Medio
779,Sapajus nigritus,Sapajus nigritus,Sapajus nigritus,Sapajus nigritus,Sapajus nigritus,Sapajus nigritus,Sapajus nigritus,Alouatta caraya,Sapajus nigritus,Sapajus nigritus,Sapajus nigritus,Sapajus nigritus,Sapajus,Cebidae,3,Medio
780,Sapajus nigritus,Sapajus nigritus,Sapajus nigritus,Sapajus nigritus,Sapajus nigritus,Sapajus nigritus,Sapajus nigritus,Sapajus nigritus,Sapajus nigritus,Sapajus nigritus,Sapajus nigritus,Sapajus nigritus,Sapajus,Cebidae,3,Medio
781,Sapajus nigritus,Sapajus nigritus,Sapajus nigritus,Herpailurus yagouaroundi,Sapajus nigritus,Sapajus nigritus,Sapajus nigritus,Eira barbara,Sapajus nigritus,Sapajus nigritus,Sapajus nigritus,Sapajus nigritus,Sapajus,Cebidae,3,Medio
783,Sapajus nigritus,Sapajus nigritus,Sapajus nigritus,Sapajus nigritus,Sapajus nigritus,Sapajus nigritus,Sapajus nigritus,Sapajus nigritus,Sapajus nigritus,Sapajus nigritus,Sapajus nigritus,Sapajus nigritus,Sapajus,Cebidae,3,Medio
784,Sapajus nigritus,Sapajus nigritus,Sapajus nigritus,Sapajus nigritus,Sapajus nigritus,Sapajus nigritus,Sapajus nigritus,Sapajus nigritus,Sapajus nigritus,Sapajus nigritus,Sapajus nigritus,Sapajus nigritus,Sapajus,Cebidae,3,Medio
785,Sapajus nigritus,Sapajus nigritus,Sapajus nigritus,Sapajus nigritus,Sapajus nigritus,Sapajus nigritus,Sapajus nigritus,Sapajus nigritus,Sapajus nigritus,Sapajus nigritus,Sapajus nigritus,Sapajus nigritus,Sapajus,Cebidae,3,Medio
787,Sapajus nigritus,Sapajus nigritus,Sapajus nigritus,Sapajus nigritus,Sapajus nigritus,Sapajus nigritus,Sapajus nigritus,Sapajus nigritus,Sapajus nigritus,Sapajus nigritus,Sapajus nigritus,Sapajus nigritus,Sapajus,Cebidae,3,Medio
788,Sapajus nigritus,Didelphis albiventris,Didelphis albiventris,Alouatta guariba,Alouatta guariba,Penelope superciliaris,Didelphis albiventris,Amazona aestiva,Didelphis albiventris,Didelphis albiventris,Didelphis albiventris,Didelphis albiventris,Sapajus,Cebidae,3,Medio
789,Sapajus nigritus,Alouatta caraya,Sapajus nigritus,Alouatta caraya,Alouatta caraya,Alouatta caraya,Sapajus nigritus,Alouatta caraya,Sapajus nigritus,Sapajus nigritus,Sapajus nigritus,Alouatta caraya,Sapajus,Cebidae,3,Medio
790,Sapajus nigritus,Sapajus nigritus,Sapajus nigritus,Sapajus nigritus,Sapajus nigritus,Sapajus nigritus,Sapajus nigritus,Sapajus nigritus,Sapajus nigritus,Sapajus nigritus,Sapajus nigritus,Sapajus nigritus,Sapajus,Cebidae,3,Medio
791,Sapajus nigritus,Sapajus nigritus,Cyanocorax chrysops,Alouatta guariba,Alouatta guariba,Sapajus nigritus,Sapajus nigritus,Alouatta caraya,Cyanocorax chrysops,Cyanocorax chrysops,Cyanocorax chrysops,Sapajus nigritus,Sapajus,Cebidae,3,Medio
792,Sapajus nigritus,Sapajus nigritus,Sapajus nigritus,Sapajus nigritus,Sapajus nigritus,Sapajus nigritus,Sapajus nigritus,Sapajus nigritus,Sapajus nigritus,Sapajus nigritus,Sapajus nigritus,Sapajus nigritus,Sapajus,Cebidae,3,Medio
794,Sapajus nigritus,Sapajus nigritus,Sapajus nigritus,Sapajus nigritus,Sapajus nigritus,Sapajus nigritus,Sapajus nigritus,Alouatta guariba,Sapajus nigritus,Sapajus nigritus,Sapajus nigritus,Sapajus nigritus,Sapajus,Cebidae,3,Medio
795,Sapajus nigritus,Alouatta guariba clamitans,Sapajus nigritus,Alouatta caraya,Alouatta guariba clamitans,Sapajus nigritus,Alouatta guariba clamitans,Sapajus nigritus,Sapajus nigritus,Sapajus nigritus,Sapajus nigritus,Alouatta guariba clamitans,Sapajus,Cebidae,3,Medio
796,Sapajus nigritus,Sapajus nigritus,Alouatta guariba clamitans,Alouatta guariba clamitans,Sapajus nigritus,Sapajus nigritus,Sapajus nigritus,Amazona aestiva,Alouatta guariba clamitans,Alouatta guariba clamitans,Alouatta guariba clamitans,Sapajus nigritus,Sapajus,Cebidae,3,Medio
799,Sapajus nigritus,Alouatta caraya,Sapajus nigritus,Alouatta caraya,Sapajus nigritus,Sapajus nigritus,Sapajus nigritus,Sapajus nigritus,Sapajus nigritus,Sapajus nigritus,Sapajus nigritus,Alouatta caraya,Sapajus,Cebidae,3,Medio
800,Sapajus nigritus,Didelphis albiventris,Didelphis albiventris,Didelphis albiventris,Alouatta guariba,Didelphis albiventris,Didelphis albiventris,Amazona aestiva,Didelphis albiventris,Didelphis albiventris,Didelphis albiventris,Didelphis albiventris,Sapajus,Cebidae,3,Medio
801,Sapajus nigritus,Sapajus nigritus,Sapajus nigritus,Alouatta caraya,Alouatta caraya,Sapajus nigritus,Sapajus nigritus,Sapajus nigritus,Sapajus nigritus,Sapajus nigritus,Sapajus nigritus,Sapajus nigritus,Sapajus,Cebidae,3,Medio
802,Sapajus nigritus,Sapajus nigritus,Sapajus nigritus,Sapajus nigritus,Sapajus nigritus,Sapajus nigritus,Sapajus nigritus,Sapajus nigritus,Sapajus nigritus,Sapajus nigritus,Sapajus nigritus,Sapajus nigritus,Sapajus,Cebidae,3,Medio
803,Sapajus nigritus,Sapajus nigritus,Alouatta caraya,Alouatta caraya,Alouatta guariba clamitans,Sapajus nigritus,Sapajus nigritus,Sapajus nigritus,Alouatta caraya,Alouatta caraya,Alouatta caraya,Sapajus nigritus,Sapajus,Cebidae,3,Medio
804,Sapajus nigritus,Tayassu pecari,Herpailurus yagouaroundi,Eira barbara,Eira barbara,Sapajus nigritus,Sapajus nigritus,Eira barbara,Herpailurus yagouaroundi,Herpailurus yagouaroundi,Herpailurus yagouaroundi,Tayassu pecari,Sapajus,Cebidae,3,Medio
805,Sapajus nigritus,Sapajus nigritus,Sapajus nigritus,Sapajus nigritus,Sapajus nigritus,Sapajus nigritus,Sapajus nigritus,Sapajus nigritus,Sapajus nigritus,Sapajus nigritus,Sapajus nigritus,Sapajus nigritus,Sapajus,Cebidae,3,Medio
806,Sapajus nigritus,Sapajus nigritus,Sapajus nigritus,Sapajus nigritus,Sapajus nigritus,Sapajus nigritus,Sapajus nigritus,Sapajus nigritus,Sapajus nigritus,Sapajus nigritus,Sapajus nigritus,Sapajus nigritus,Sapajus,Cebidae,3,Medio
807,Sapajus nigritus,Sapajus nigritus,Sapajus nigritus,Sapajus nigritus,Sapajus nigritus,Sapajus nigritus,Sapajus nigritus,Sapajus nigritus,Sapajus nigritus,Sapajus nigritus,Sapajus nigritus,Sapajus nigritus,Sapajus,Cebidae,3,Medio
808,Sapajus nigritus,Sapajus nigritus,Sapajus nigritus,Alouatta caraya,Alouatta guariba clamitans,Sapajus nigritus,Sapajus nigritus,Alouatta caraya,Sapajus nigritus,Sapajus nigritus,Sapajus nigritus,Sapajus nigritus,Sapajus,Cebidae,3,Medio
810,Sapajus nigritus,Alouatta guariba,Alouatta caraya,Alouatta caraya,Alouatta caraya,Alouatta caraya,Alouatta guariba clamitans,Sapajus nigritus,Alouatta caraya,Alouatta caraya,Alouatta caraya,Alouatta guariba,Sapajus,Cebidae,3,Medio
812,Sapajus nigritus,Sapajus nigritus,Sapajus nigritus,Sapajus nigritus,Sapajus nigritus,Sapajus nigritus,Sapajus nigritus,Sapajus nigritus,Sapajus nigritus,Sapajus nigritus,Sapajus nigritus,Sapajus nigritus,Sapajus,Cebidae,3,Medio
813,Sapajus nigritus,Sapajus nigritus,Alouatta caraya,Sapajus nigritus,Sapajus nigritus,Sapajus nigritus,Sapajus nigritus,Sapajus nigritus,Alouatta caraya,Alouatta caraya,Alouatta caraya,Sapajus nigritus,Sapajus,Cebidae,3,Medio
816,Sapajus nigritus,Sapajus nigritus,Alouatta guariba,Alouatta guariba,Alouatta guariba,Sapajus nigritus,Sapajus nigritus,Sapajus nigritus,Alouatta guariba,Alouatta guariba,Alouatta guariba,Sapajus nigritus,Sapajus,Cebidae,3,Medio
817,Sapajus nigritus,Sapajus nigritus,Sapajus nigritus,Alouatta guariba,Alouatta guariba clamitans,Sapajus nigritus,Sapajus nigritus,Sapajus nigritus,Sapajus nigritus,Sapajus nigritus,Sapajus nigritus,Sapajus nigritus,Sapajus,Cebidae,3,Medio
818,Sapajus nigritus,Sapajus nigritus,Sapajus nigritus,Alouatta caraya,Sapajus nigritus,Sapajus nigritus,Sapajus nigritus,Alouatta caraya,Sapajus nigritus,Sapajus nigritus,Sapajus nigritus,Sapajus nigritus,Sapajus,Cebidae,3,Medio
819,Sapajus nigritus,Sapajus nigritus,Sapajus nigritus,Sapajus nigritus,Alouatta guariba,Sapajus nigritus,Sapajus nigritus,Sapajus nigritus,Sapajus nigritus,Sapajus nigritus,Sapajus nigritus,Sapajus nigritus,Sapajus,Cebidae,3,Medio
820,Sapajus nigritus,Sapajus nigritus,Sapajus nigritus,Sapajus nigritus,Sapajus nigritus,Sapajus nigritus,Sapajus nigritus,Sapajus nigritus,Sapajus nigritus,Sapajus nigritus,Sapajus nigritus,Sapajus nigritus,Sapajus,Cebidae,3,Medio
821,Sapajus nigritus,Sapajus nigritus,Sapajus nigritus,Sapajus nigritus,Sapajus nigritus,Sapajus nigritus,Sapajus nigritus,Sus scrofa,Sapajus nigritus,Sapajus nigritus,Sapajus nigritus,Sapajus nigritus,Sapajus,Cebidae,3,Medio
822,Sapajus nigritus,Sapajus nigritus,Sapajus nigritus,Sapajus nigritus,Alouatta guariba,Sapajus nigritus,Sapajus nigritus,Sapajus nigritus,Sapajus nigritus,Sapajus nigritus,Sapajus nigritus,Sapajus nigritus,Sapajus,Cebidae,3,Medio
823,Sapajus nigritus,Sapajus nigritus,Sapajus nigritus,Sapajus nigritus,Sapajus nigritus,Sapajus nigritus,Sapajus nigritus,Sapajus nigritus,Sapajus nigritus,Sapajus nigritus,Sapajus nigritus,Sapajus nigritus,Sapajus,Cebidae,3,Medio
824,Sapajus nigritus,Sapajus nigritus,Sapajus nigritus,Sapajus nigritus,Alouatta guariba clamitans,Sapajus nigritus,Sapajus nigritus,Sapajus nigritus,Sapajus nigritus,Sapajus nigritus,Sapajus nigritus,Sapajus nigritus,Sapajus,Cebidae,3,Medio
826,Sapajus nigritus,Sapajus nigritus,Sapajus nigritus,Sapajus nigritus,Sapajus nigritus,Sapajus nigritus,Sapajus nigritus,Sapajus nigritus,Sapajus nigritus,Sapajus nigritus,Sapajus nigritus,Sapajus nigritus,Sapajus,Cebidae,3,Medio
827,Sapajus nigritus,Sapajus nigritus,Alouatta guariba clamitans,Alouatta guariba,Alouatta guariba,Sapajus nigritus,Sapajus nigritus,Alouatta guariba,Alouatta guariba clamitans,Alouatta guariba clamitans,Alouatta guariba clamitans,Sapajus nigritus,Sapajus,Cebidae,3,Medio
828,Sapajus nigritus,Sapajus nigritus,Alouatta guariba,Alouatta caraya,Alouatta guariba,Sapajus nigritus,Sapajus nigritus,Sapajus nigritus,Alouatta guariba,Alouatta guariba,Alouatta guariba,Sapajus nigritus,Sapajus,Cebidae,3,Medio
829,Sapajus nigritus,Sapajus nigritus,Sapajus nigritus,Sapajus nigritus,Sapajus nigritus,Sapajus nigritus,Sapajus nigritus,Alouatta caraya,Sapajus nigritus,Sapajus nigritus,Sapajus nigritus,Sapajus nigritus,Sapajus,Cebidae,3,Medio
830,Sapajus nigritus,Sapajus nigritus,Sapajus nigritus,Sapajus nigritus,Alouatta guariba clamitans,Sapajus nigritus,Sapajus nigritus,Sapajus nigritus,Sapajus nigritus,Sapajus nigritus,Sapajus nigritus,Sapajus nigritus,Sapajus,Cebidae,3,Medio
833,Axis axis,Subulo gouazoubira,Axis axis,Subulo gouazoubira,Subulo gouazoubira,Subulo gouazoubira,Subulo gouazoubira,Subulo gouazoubira,Axis axis,Axis axis,Axis axis,Subulo gouazoubira,Axis,Cervidae,0,Exótica/Invasora
834,Axis axis,Leopardus wiedii,Didelphis aurita,Didelphis aurita,Didelphis aurita,Myiothlypis leucoblephara,Myiothlypis leucoblephara,Myiothlypis leucoblephara,Didelphis aurita,Didelphis aurita,Didelphis aurita,Puma concolor,Axis,Cervidae,0,Exótica/Invasora
835,Axis axis,Axis axis,Axis axis,Subulo gouazoubira,Subulo gouazoubira,Subulo gouazoubira,Subulo gouazoubira,Subulo gouazoubira,Axis axis,Axis axis,Axis axis,Axis axis,Axis,Cervidae,0,Exótica/Invasora
836,Axis axis,Lepus europaeus,Mazama nanus,Dasyprocta azarae,Dasyprocta azarae,Lepus europaeus,Cerdocyon thous,Leopardus guttulus,Mazama nanus,Mazama nanus,Mazama nanus,Lepus europaeus,Axis,Cervidae,0,Exótica/Invasora
837,Axis axis,Subulo gouazoubira,Subulo gouazoubira,Subulo gouazoubira,Subulo gouazoubira,Subulo gouazoubira,Subulo gouazoubira,Subulo gouazoubira,Subulo gouazoubira,Subulo gouazoubira,Subulo gouazoubira,Subulo gouazoubira,Axis,Cervidae,0,Exótica/Invasora
838,Axis axis,Axis axis,Subulo gouazoubira,Axis axis,Axis axis,Axis axis,Subulo gouazoubira,Axis axis,Subulo gouazoubira,Subulo gouazoubira,Subulo gouazoubira,Axis axis,Axis,Cervidae,0,Exótica/Invasora
839,Axis axis,Axis axis,Subulo gouazoubira,Subulo gouazoubira,Subulo gouazoubira,Subulo gouazoubira,Subulo gouazoubira,Subulo gouazoubira,Subulo gouazoubira,Subulo gouazoubira,Subulo gouazoubira,Axis axis,Axis,Cervidae,0,Exótica/Invasora
840,Axis axis,Axis axis,Axis axis,Subulo gouazoubira,Subulo gouazoubira,Subulo gouazoubira,Subulo gouazoubira,Subulo gouazoubira,Axis axis,Axis axis,Axis axis,Axis axis,Axis,Cervidae,0,Exótica/Invasora
841,Mazama nanus,Mazama nanus,Mazama nanus,Mazama nanus,Mazama nanus,Mazama nanus,Subulo gouazoubira,Subulo gouazoubira,Mazama nanus,Mazama nanus,Mazama nanus,Mazama nanus,Mazama,Cervidae,4,Alto
842,Mazama nanus,Subulo gouazoubira,Subulo gouazoubira,Subulo gouazoubira,Subulo gouazoubira,Subulo gouazoubira,Subulo gouazoubira,Subulo gouazoubira,Subulo gouazoubira,Subulo gouazoubira,Subulo gouazoubira,Subulo gouazoubira,Mazama,Cervidae,4,Alto
844,Mazama nanus,Tayassu pecari,Crypturellus tataupa,Crypturellus tataupa,Dasyprocta azarae,Eira barbara,Dasyprocta azarae,Dasyprocta azarae,Crypturellus tataupa,Crypturellus tataupa,Crypturellus tataupa,Tayassu pecari,Mazama,Cervidae,4,Alto
845,Mazama nanus,Cuniculus paca,Cuniculus paca,Cuniculus paca,Cabassous tatouay,Cerdocyon thous,Cerdocyon thous,Cerdocyon thous,Cuniculus paca,Cuniculus paca,Cuniculus paca,Cuniculus paca,Mazama,Cervidae,4,Alto
847,Mazama nanus,Cuniculus paca,Cuniculus paca,Cuniculus paca,Cerdocyon thous,Subulo gouazoubira,Cerdocyon thous,Mazama nanus,Cuniculus paca,Cuniculus paca,Cuniculus paca,Cuniculus paca,Mazama,Cervidae,4,Alto
848,Mazama nanus,Mazama nanus,Mazama nanus,Mazama nanus,Mazama nanus,Mazama nanus,Subulo gouazoubira,Mazama nanus,Mazama nanus,Mazama nanus,Mazama nanus,Mazama nanus,Mazama,Cervidae,4,Alto
849,Mazama nanus,Mazama nanus,Mazama nanus,Subulo gouazoubira,Subulo gouazoubira,Subulo gouazoubira,Subulo gouazoubira,Mazama nanus,Mazama nanus,Mazama nanus,Mazama nanus,Mazama nanus,Mazama,Cervidae,4,Alto
850,Mazama nanus,Cabassous tatouay,Cuniculus paca,Cabassous tatouay,Cabassous tatouay,Subulo gouazoubira,Cerdocyon thous,Lepus europaeus,Cuniculus paca,Cuniculus paca,Cuniculus paca,Cabassous tatouay,Mazama,Cervidae,4,Alto
851,Mazama nanus,Cabassous tatouay,Cuniculus paca,Cabassous tatouay,Cabassous tatouay,Lepus europaeus,Cerdocyon thous,Lepus europaeus,Cuniculus paca,Cuniculus paca,Cuniculus paca,Cabassous tatouay,Mazama,Cervidae,4,Alto
852,Mazama nanus,Mazama nanus,Mazama nanus,Mazama nanus,Mazama nanus,Mazama nanus,Subulo gouazoubira,Mazama nanus,Mazama nanus,Mazama nanus,Mazama nanus,Mazama nanus,Mazama,Cervidae,4,Alto
853,Mazama nanus,Mazama nanus,Mazama nanus,Mazama nanus,Mazama nanus,Mazama nanus,Subulo gouazoubira,Mazama nanus,Mazama nanus,Mazama nanus,Mazama nanus,Mazama nanus,Mazama,Cervidae,4,Alto
854,Mazama nanus,Herpailurus yagouaroundi,Mazama nanus,Aramides saracura,Aramides saracura,Aramides saracura,Aramides saracura,Aramides saracura,Mazama nanus,Mazama nanus,Mazama nanus,Herpailurus yagouaroundi,Mazama,Cervidae,4,Alto
855,Mazama nanus,Mazama nanus,Mazama nanus,Dasyprocta azarae,Subulo gouazoubira,Mazama nanus,Dasyprocta azarae,Mazama nanus,Mazama nanus,Mazama nanus,Mazama nanus,Mazama nanus,Mazama,Cervidae,4,Alto
856,Mazama nanus,Mazama nanus,Mazama nanus,Subulo gouazoubira,Subulo gouazoubira,Subulo gouazoubira,Subulo gouazoubira,Subulo gouazoubira,Mazama nanus,Mazama nanus,Mazama nanus,Mazama nanus,Mazama,Cervidae,4,Alto
857,Mazama nanus,Mazama nanus,Mazama nanus,Mazama nanus,Mazama nanus,Mazama nanus,Subulo gouazoubira,Subulo gouazoubira,Mazama nanus,Mazama nanus,Mazama nanus,Mazama nanus,Mazama,Cervidae,4,Alto
858,Mazama nanus,Mazama nanus,Mazama nanus,Mazama nanus,Subulo gouazoubira,Subulo gouazoubira,Subulo gouazoubira,Subulo gouazoubira,Mazama nanus,Mazama nanus,Mazama nanus,Mazama nanus,Mazama,Cervidae,4,Alto
859,Mazama nanus,Subulo gouazoubira,Subulo gouazoubira,Mazama nanus,Subulo gouazoubira,Subulo gouazoubira,Subulo gouazoubira,Subulo gouazoubira,Subulo gouazoubira,Subulo gouazoubira,Subulo gouazoubira,Subulo gouazoubira,Mazama,Cervidae,4,Alto
861,Mazama nanus,Cuniculus paca,Didelphis aurita,Didelphis aurita,Didelphis aurita,Subulo gouazoubira,Dasyprocta azarae,Subulo gouazoubira,Didelphis aurita,Didelphis aurita,Didelphis aurita,Cuniculus paca,Mazama,Cervidae,4,Alto
862,Mazama nanus,Subulo gouazoubira,Subulo gouazoubira,Subulo gouazoubira,Subulo gouazoubira,Subulo gouazoubira,Subulo gouazoubira,Subulo gouazoubira,Subulo gouazoubira,Subulo gouazoubira,Subulo gouazoubira,Subulo gouazoubira,Mazama,Cervidae,4,Alto
863,Mazama nanus,Mazama nanus,Mazama nanus,Mazama nanus,Mazama nanus,Mazama nanus,Subulo gouazoubira,Subulo gouazoubira,Mazama nanus,Mazama nanus,Mazama nanus,Mazama nanus,Mazama,Cervidae,4,Alto
864,Mazama nanus,Mazama nanus,Mazama nanus,Subulo gouazoubira,Mazama nanus,Subulo gouazoubira,Subulo gouazoubira,Mazama nanus,Mazama nanus,Mazama nanus,Mazama nanus,Mazama nanus,Mazama,Cervidae,4,Alto
867,Mazama nanus,Mazama nanus,Mazama nanus,Subulo gouazoubira,Subulo gouazoubira,Subulo gouazoubira,Subulo gouazoubira,Subulo gouazoubira,Mazama nanus,Mazama nanus,Mazama nanus,Mazama nanus,Mazama,Cervidae,4,Alto
868,Mazama nanus,Mazama nanus,Mazama nanus,Mazama nanus,Mazama nanus,Mazama nanus,Subulo gouazoubira,Mazama nanus,Mazama nanus,Mazama nanus,Mazama nanus,Mazama nanus,Mazama,Cervidae,4,Alto
870,Mazama nanus,Mazama nanus,Mazama nanus,Mazama nanus,Mazama nanus,Subulo gouazoubira,Subulo gouazoubira,Subulo gouazoubira,Mazama nanus,Mazama nanus,Mazama nanus,Mazama nanus,Mazama,Cervidae,4,Alto
871,Mazama nanus,Cuniculus paca,Mazama nanus,Cuniculus paca,Mazama nanus,Subulo gouazoubira,Subulo gouazoubira,Mazama nanus,Mazama nanus,Mazama nanus,Mazama nanus,Cuniculus paca,Mazama,Cervidae,4,Alto
872,Mazama nanus,Lontra longicaudis,Lontra longicaudis,Lontra longicaudis,Lontra longicaudis,Lontra longicaudis,Lontra longicaudis,Lontra longicaudis,Lontra longicaudis,Lontra longicaudis,Lontra longicaudis,Lontra longicaudis,Mazama,Cervidae,4,Alto
873,Subulo gouazoubira,Subulo gouazoubira,Subulo gouazoubira,Subulo gouazoubira,Subulo gouazoubira,Subulo gouazoubira,Subulo gouazoubira,Subulo gouazoubira,Subulo gouazoubira,Subulo gouazoubira,Subulo gouazoubira,Subulo gouazoubira,Subulo,Cervidae,1,Bajo
874,Subulo gouazoubira,Axis axis,Axis axis,Axis axis,Axis axis,Subulo gouazoubira,Subulo gouazoubira,Mazama nanus,Axis axis,Axis axis,Axis axis,Axis axis,Subulo,Cervidae,1,Bajo
875,Subulo gouazoubira,Mazama nanus,Mazama nanus,Mazama nanus,Subulo gouazoubira,Subulo gouazoubira,Subulo gouazoubira,Subulo gouazoubira,Mazama nanus,Mazama nanus,Mazama nanus,Mazama nanus,Subulo,Cervidae,1,Bajo
877,Subulo gouazoubira,Mazama nanus,Mazama nanus,Mazama nanus,Mazama nanus,Subulo gouazoubira,Subulo gouazoubira,Subulo gouazoubira,Mazama nanus,Mazama nanus,Mazama nanus,Mazama nanus,Subulo,Cervidae,1,Bajo
878,Subulo gouazoubira,Subulo gouazoubira,Subulo gouazoubira,Subulo gouazoubira,Subulo gouazoubira,Subulo gouazoubira,Subulo gouazoubira,Subulo gouazoubira,Subulo gouazoubira,Subulo gouazoubira,Subulo gouazoubira,Subulo gouazoubira,Subulo,Cervidae,1,Bajo
879,Subulo gouazoubira,Subulo gouazoubira,Subulo gouazoubira,Subulo gouazoubira,Subulo gouazoubira,Subulo gouazoubira,Subulo gouazoubira,Subulo gouazoubira,Subulo gouazoubira,Subulo gouazoubira,Subulo gouazoubira,Subulo gouazoubira,Subulo,Cervidae,1,Bajo
880,Subulo gouazoubira,Subulo gouazoubira,Subulo gouazoubira,Subulo gouazoubira,Subulo gouazoubira,Subulo gouazoubira,Subulo gouazoubira,Subulo gouazoubira,Subulo gouazoubira,Subulo gouazoubira,Subulo gouazoubira,Subulo gouazoubira,Subulo,Cervidae,1,Bajo
881,Subulo gouazoubira,Subulo gouazoubira,Subulo gouazoubira,Subulo gouazoubira,Subulo gouazoubira,Subulo gouazoubira,Subulo gouazoubira,Subulo gouazoubira,Subulo gouazoubira,Subulo gouazoubira,Subulo gouazoubira,Subulo gouazoubira,Subulo,Cervidae,1,Bajo
884,Subulo gouazoubira,Subulo gouazoubira,Mazama nanus,Subulo gouazoubira,Subulo gouazoubira,Subulo gouazoubira,Subulo gouazoubira,Subulo gouazoubira,Mazama nanus,Mazama nanus,Mazama nanus,Subulo gouazoubira,Subulo,Cervidae,1,Bajo
885,Subulo gouazoubira,Subulo gouazoubira,Subulo gouazoubira,Subulo gouazoubira,Subulo gouazoubira,Subulo gouazoubira,Subulo gouazoubira,Subulo gouazoubira,Subulo gouazoubira,Subulo gouazoubira,Subulo gouazoubira,Subulo gouazoubira,Subulo,Cervidae,1,Bajo
886,Subulo gouazoubira,Herpailurus yagouaroundi,Sus scrofa,Salvator merianae,Lepus europaeus,Nothura maculosa,Tamandua tetradactyla,Dasypus novemcinctus,Sus scrofa,Sus scrofa,Sus scrofa,Herpailurus yagouaroundi,Subulo,Cervidae,1,Bajo
887,Subulo gouazoubira,Subulo gouazoubira,Axis axis,Subulo gouazoubira,Subulo gouazoubira,Subulo gouazoubira,Subulo gouazoubira,Subulo gouazoubira,Axis axis,Axis axis,Axis axis,Subulo gouazoubira,Subulo,Cervidae,1,Bajo
888,Subulo gouazoubira,Cerdocyon thous,Lycalopex gymnocerca,Lycalopex gymnocerca,Dasyprocta azarae,Subulo gouazoubira,Cerdocyon thous,Sus scrofa,Lycalopex gymnocerca,Lycalopex gymnocerca,Lycalopex gymnocerca,Cerdocyon thous,Subulo,Cervidae,1,Bajo
889,Subulo gouazoubira,Subulo gouazoubira,Subulo gouazoubira,Subulo gouazoubira,Subulo gouazoubira,Subulo gouazoubira,Subulo gouazoubira,Subulo gouazoubira,Subulo gouazoubira,Subulo gouazoubira,Subulo gouazoubira,Subulo gouazoubira,Subulo,Cervidae,1,Bajo
890,Subulo gouazoubira,Subulo gouazoubira,Subulo gouazoubira,Subulo gouazoubira,Subulo gouazoubira,Subulo gouazoubira,Subulo gouazoubira,Subulo gouazoubira,Subulo gouazoubira,Subulo gouazoubira,Subulo gouazoubira,Subulo gouazoubira,Subulo,Cervidae,1,Bajo
892,Subulo gouazoubira,Subulo gouazoubira,Subulo gouazoubira,Subulo gouazoubira,Subulo gouazoubira,Subulo gouazoubira,Subulo gouazoubira,Subulo gouazoubira,Subulo gouazoubira,Subulo gouazoubira,Subulo gouazoubira,Subulo gouazoubira,Subulo,Cervidae,1,Bajo
893,Subulo gouazoubira,Subulo gouazoubira,Subulo gouazoubira,Subulo gouazoubira,Subulo gouazoubira,Subulo gouazoubira,Subulo gouazoubira,Subulo gouazoubira,Subulo gouazoubira,Subulo gouazoubira,Subulo gouazoubira,Subulo gouazoubira,Subulo,Cervidae,1,Bajo
896,Subulo gouazoubira,Subulo gouazoubira,Subulo gouazoubira,Dasyprocta azarae,Subulo gouazoubira,Subulo gouazoubira,Subulo gouazoubira,Tamandua tetradactyla,Subulo gouazoubira,Subulo gouazoubira,Subulo gouazoubira,Subulo gouazoubira,Subulo,Cervidae,1,Bajo
897,Subulo gouazoubira,Procyon cancrivorus,Cuniculus paca,Cuniculus paca,Cabassous tatouay,Subulo gouazoubira,Cerdocyon thous,Leopardus guttulus,Cuniculus paca,Cuniculus paca,Cuniculus paca,Procyon cancrivorus,Subulo,Cervidae,1,Bajo
898,Subulo gouazoubira,Subulo gouazoubira,Subulo gouazoubira,Subulo gouazoubira,Subulo gouazoubira,Subulo gouazoubira,Subulo gouazoubira,Subulo gouazoubira,Subulo gouazoubira,Subulo gouazoubira,Subulo gouazoubira,Subulo gouazoubira,Subulo,Cervidae,1,Bajo
899,Subulo gouazoubira,Mazama nanus,Mazama nanus,Mazama nanus,Mazama nanus,Subulo gouazoubira,Subulo gouazoubira,Subulo gouazoubira,Mazama nanus,Mazama nanus,Mazama nanus,Mazama nanus,Subulo,Cervidae,1,Bajo
900,Subulo gouazoubira,Mazama nanus,Subulo gouazoubira,Subulo gouazoubira,Mazama nanus,Subulo gouazoubira,Subulo gouazoubira,Subulo gouazoubira,Subulo gouazoubira,Subulo gouazoubira,Subulo gouazoubira,Mazama nanus,Subulo,Cervidae,1,Bajo
902,Subulo gouazoubira,Subulo gouazoubira,Subulo gouazoubira,Subulo gouazoubira,Subulo gouazoubira,Subulo gouazoubira,Subulo gouazoubira,Subulo gouazoubira,Subulo gouazoubira,Subulo gouazoubira,Subulo gouazoubira,Subulo gouazoubira,Subulo,Cervidae,1,Bajo
903,Subulo gouazoubira,Subulo gouazoubira,Subulo gouazoubira,Subulo gouazoubira,Subulo gouazoubira,Subulo gouazoubira,Subulo gouazoubira,Subulo gouazoubira,Subulo gouazoubira,Subulo gouazoubira,Subulo gouazoubira,Subulo gouazoubira,Subulo,Cervidae,1,Bajo
904,Subulo gouazoubira,Mazama nanus,Mazama nanus,Mazama nanus,Subulo gouazoubira,Subulo gouazoubira,Subulo gouazoubira,Subulo gouazoubira,Mazama nanus,Mazama nanus,Mazama nanus,Mazama nanus,Subulo,Cervidae,1,Bajo
905,Subulo gouazoubira,Herpailurus yagouaroundi,Subulo gouazoubira,Axis axis,Axis axis,Lycalopex gymnocerca,Tamandua tetradactyla,Tamandua tetradactyla,Subulo gouazoubira,Subulo gouazoubira,Subulo gouazoubira,Herpailurus yagouaroundi,Subulo,Cervidae,1,Bajo
906,Subulo gouazoubira,Dasyprocta azarae,Lycalopex gymnocerca,Dasyprocta azarae,Dasyprocta azarae,Subulo gouazoubira,Dasyprocta azarae,Subulo gouazoubira,Lycalopex gymnocerca,Lycalopex gymnocerca,Lycalopex gymnocerca,Dasyprocta azarae,Subulo,Cervidae,1,Bajo
907,Subulo gouazoubira,Subulo gouazoubira,Mazama nanus,Crypturellus tataupa,Subulo gouazoubira,Subulo gouazoubira,Subulo gouazoubira,Subulo gouazoubira,Mazama nanus,Mazama nanus,Mazama nanus,Subulo gouazoubira,Subulo,Cervidae,1,Bajo
908,Subulo gouazoubira,Puma concolor,Crypturellus tataupa,Crypturellus tataupa,Crypturellus tataupa,Subulo gouazoubira,Subulo gouazoubira,Subulo gouazoubira,Crypturellus tataupa,Crypturellus tataupa,Crypturellus tataupa,Puma concolor,Subulo,Cervidae,1,Bajo
910,Subulo gouazoubira,Procyon cancrivorus,Cuniculus paca,Cabassous tatouay,Cabassous tatouay,Subulo gouazoubira,Cerdocyon thous,Cuniculus paca,Cuniculus paca,Cuniculus paca,Cuniculus paca,Procyon cancrivorus,Subulo,Cervidae,1,Bajo
911,Subulo gouazoubira,Cerdocyon thous,Subulo gouazoubira,Subulo gouazoubira,Subulo gouazoubira,Subulo gouazoubira,Lycalopex gymnocerca,Cerdocyon thous,Subulo gouazoubira,Subulo gouazoubira,Subulo gouazoubira,Cerdocyon thous,Subulo,Cervidae,1,Bajo
912,Subulo gouazoubira,Subulo gouazoubira,Lepus europaeus,Lepus europaeus,Subulo gouazoubira,Lepus europaeus,Subulo gouazoubira,Subulo gouazoubira,Lepus europaeus,Lepus europaeus,Lepus europaeus,Subulo gouazoubira,Subulo,Cervidae,1,Bajo
913,Subulo gouazoubira,Mazama nanus,Mazama nanus,Mazama nanus,Subulo gouazoubira,Subulo gouazoubira,Subulo gouazoubira,Subulo gouazoubira,Mazama nanus,Mazama nanus,Mazama nanus,Mazama nanus,Subulo,Cervidae,1,Bajo
914,Subulo gouazoubira,Lepus europaeus,Lycalopex gymnocerca,Grallaria varia,Grallaria varia,Lepus europaeus,Dasyprocta azarae,Sus scrofa,Lycalopex gymnocerca,Lycalopex gymnocerca,Lycalopex gymnocerca,Lepus europaeus,Subulo,Cervidae,1,Bajo
915,Subulo gouazoubira,Sus scrofa,Lepus europaeus,Lepus europaeus,Axis axis,Lepus europaeus,Sus scrofa,Lepus europaeus,Lepus europaeus,Lepus europaeus,Lepus europaeus,Sus scrofa,Subulo,Cervidae,1,Bajo
917,Subulo gouazoubira,Subulo gouazoubira,Subulo gouazoubira,Subulo gouazoubira,Subulo gouazoubira,Subulo gouazoubira,Subulo gouazoubira,Subulo gouazoubira,Subulo gouazoubira,Subulo gouazoubira,Subulo gouazoubira,Subulo gouazoubira,Subulo,Cervidae,1,Bajo
918,Subulo gouazoubira,Subulo gouazoubira,Subulo gouazoubira,Subulo gouazoubira,Subulo gouazoubira,Subulo gouazoubira,Subulo gouazoubira,Subulo gouazoubira,Subulo gouazoubira,Subulo gouazoubira,Subulo gouazoubira,Subulo gouazoubira,Subulo,Cervidae,1,Bajo
919,Subulo gouazoubira,Subulo gouazoubira,Subulo gouazoubira,Subulo gouazoubira,Subulo gouazoubira,Subulo gouazoubira,Subulo gouazoubira,Subulo gouazoubira,Subulo gouazoubira,Subulo gouazoubira,Subulo gouazoubira,Subulo gouazoubira,Subulo,Cervidae,1,Bajo
920,Subulo gouazoubira,Subulo gouazoubira,Subulo gouazoubira,Subulo gouazoubira,Subulo gouazoubira,Subulo gouazoubira,Subulo gouazoubira,Subulo gouazoubira,Subulo gouazoubira,Subulo gouazoubira,Subulo gouazoubira,Subulo gouazoubira,Subulo,Cervidae,1,Bajo
921,Subulo gouazoubira,Subulo gouazoubira,Mazama nanus,Mazama nanus,Subulo gouazoubira,Subulo gouazoubira,Subulo gouazoubira,Mazama nanus,Mazama nanus,Mazama nanus,Mazama nanus,Subulo gouazoubira,Subulo,Cervidae,1,Bajo
922,Subulo gouazoubira,Subulo gouazoubira,Mazama nanus,Mazama nanus,Mazama nanus,Subulo gouazoubira,Subulo gouazoubira,Cerdocyon thous,Mazama nanus,Mazama nanus,Mazama nanus,Subulo gouazoubira,Subulo,Cervidae,1,Bajo
923,Subulo gouazoubira,Puma concolor,Axis axis,Axis axis,Subulo gouazoubira,Subulo gouazoubira,Subulo gouazoubira,Subulo gouazoubira,Axis axis,Axis axis,Axis axis,Puma concolor,Subulo,Cervidae,1,Bajo
924,Subulo gouazoubira,Subulo gouazoubira,Subulo gouazoubira,Axis axis,Subulo gouazoubira,Subulo gouazoubira,Subulo gouazoubira,Subulo gouazoubira,Subulo gouazoubira,Subulo gouazoubira,Subulo gouazoubira,Subulo gouazoubira,Subulo,Cervidae,1,Bajo
925,Subulo gouazoubira,Subulo gouazoubira,Dasyprocta azarae,Dasyprocta azarae,Subulo gouazoubira,Subulo gouazoubira,Subulo gouazoubira,Dasyprocta azarae,Dasyprocta azarae,Dasyprocta azarae,Dasyprocta azarae,Subulo gouazoubira,Subulo,Cervidae,1,Bajo
927,Subulo gouazoubira,Mazama nanus,Mazama nanus,Axis axis,Axis axis,Mazama nanus,Subulo gouazoubira,Dasyprocta azarae,Mazama nanus,Mazama nanus,Mazama nanus,Mazama nanus,Subulo,Cervidae,1,Bajo
928,Subulo gouazoubira,Subulo gouazoubira,Subulo gouazoubira,Subulo gouazoubira,Subulo gouazoubira,Subulo gouazoubira,Subulo gouazoubira,Lepus europaeus,Subulo gouazoubira,Subulo gouazoubira,Subulo gouazoubira,Subulo gouazoubira,Subulo,Cervidae,1,Bajo
929,Subulo gouazoubira,Subulo gouazoubira,Subulo gouazoubira,Subulo gouazoubira,Subulo gouazoubira,Subulo gouazoubira,Subulo gouazoubira,Subulo gouazoubira,Subulo gouazoubira,Subulo gouazoubira,Subulo gouazoubira,Subulo gouazoubira,Subulo,Cervidae,1,Bajo
931,Subulo gouazoubira,Subulo gouazoubira,Subulo gouazoubira,Subulo gouazoubira,Subulo gouazoubira,Subulo gouazoubira,Subulo gouazoubira,Subulo gouazoubira,Subulo gouazoubira,Subulo gouazoubira,Subulo gouazoubira,Subulo gouazoubira,Subulo,Cervidae,1,Bajo
932,Subulo gouazoubira,Mazama nanus,Subulo gouazoubira,Mazama nanus,Mazama nanus,Subulo gouazoubira,Subulo gouazoubira,Subulo gouazoubira,Subulo gouazoubira,Subulo gouazoubira,Subulo gouazoubira,Mazama nanus,Subulo,Cervidae,1,Bajo
933,Subulo gouazoubira,Subulo gouazoubira,Mazama nanus,Mazama nanus,Mazama nanus,Subulo gouazoubira,Subulo gouazoubira,Subulo gouazoubira,Mazama nanus,Mazama nanus,Mazama nanus,Subulo gouazoubira,Subulo,Cervidae,1,Bajo
935,Subulo gouazoubira,Subulo gouazoubira,Mazama nanus,Subulo gouazoubira,Subulo gouazoubira,Subulo gouazoubira,Subulo gouazoubira,Subulo gouazoubira,Mazama nanus,Mazama nanus,Mazama nanus,Subulo gouazoubira,Subulo,Cervidae,1,Bajo
936,Subulo gouazoubira,Aramides saracura,Mazama nanus,Alouatta caraya,Alouatta caraya,Subulo gouazoubira,Aramides saracura,Mazama nanus,Mazama nanus,Mazama nanus,Mazama nanus,Aramides saracura,Subulo,Cervidae,1,Bajo
937,Subulo gouazoubira,Subulo gouazoubira,Mazama nanus,Mazama nanus,Mazama nanus,Subulo gouazoubira,Subulo gouazoubira,Dasyprocta azarae,Mazama nanus,Mazama nanus,Mazama nanus,Subulo gouazoubira,Subulo,Cervidae,1,Bajo
938,Subulo gouazoubira,Subulo gouazoubira,Lycalopex gymnocerca,Lycalopex gymnocerca,Subulo gouazoubira,Subulo gouazoubira,Subulo gouazoubira,Subulo gouazoubira,Lycalopex gymnocerca,Lycalopex gymnocerca,Lycalopex gymnocerca,Subulo gouazoubira,Subulo,Cervidae,1,Bajo
939,Subulo gouazoubira,Subulo gouazoubira,Mazama nanus,Subulo gouazoubira,Subulo gouazoubira,Subulo gouazoubira,Subulo gouazoubira,Subulo gouazoubira,Mazama nanus,Mazama nanus,Mazama nanus,Subulo gouazoubira,Subulo,Cervidae,1,Bajo
941,Phrynops williamsi,Salvator merianae,Lontra longicaudis,Lontra longicaudis,Lontra longicaudis,Lontra longicaudis,Salvator merianae,Dasypus novemcinctus,Lontra longicaudis,Lontra longicaudis,Lontra longicaudis,Salvator merianae,Phrynops,Chelidae,6,Crítico
942,Phrynops williamsi,Phrynops williamsi,Phrynops williamsi,Phrynops williamsi,Phrynops williamsi,Phrynops williamsi,Phrynops williamsi,Phrynops williamsi,Phrynops williamsi,Phrynops williamsi,Phrynops williamsi,Phrynops williamsi,Phrynops,Chelidae,6,Crítico
943,Phrynops williamsi,Phrynops williamsi,Phrynops williamsi,Phrynops williamsi,Phrynops williamsi,Phrynops williamsi,Phrynops williamsi,Phrynops williamsi,Phrynops williamsi,Phrynops williamsi,Phrynops williamsi,Phrynops williamsi,Phrynops,Chelidae,6,Crítico
944,Phrynops williamsi,Phrynops williamsi,Phrynops williamsi,Phrynops williamsi,Phrynops williamsi,Phrynops williamsi,Phrynops williamsi,Phrynops williamsi,Phrynops williamsi,Phrynops williamsi,Phrynops williamsi,Phrynops williamsi,Phrynops,Chelidae,6,Crítico
945,Phrynops williamsi,Phrynops williamsi,Phrynops williamsi,Phrynops williamsi,Phrynops williamsi,Phrynops williamsi,Phrynops williamsi,Phrynops williamsi,Phrynops williamsi,Phrynops williamsi,Phrynops williamsi,Phrynops williamsi,Phrynops,Chelidae,6,Crítico
946,Phrynops williamsi,Phrynops williamsi,Phrynops williamsi,Phrynops williamsi,Phrynops williamsi,Phrynops williamsi,Phrynops williamsi,Phrynops williamsi,Phrynops williamsi,Phrynops williamsi,Phrynops williamsi,Phrynops williamsi,Phrynops,Chelidae,6,Crítico
948,Phrynops williamsi,Phrynops williamsi,Phrynops williamsi,Phrynops williamsi,Phrynops williamsi,Phrynops williamsi,Phrynops williamsi,Phrynops williamsi,Phrynops williamsi,Phrynops williamsi,Phrynops williamsi,Phrynops williamsi,Phrynops,Chelidae,6,Crítico
949,Phrynops williamsi,Phrynops williamsi,Phrynops williamsi,Phrynops williamsi,Phrynops williamsi,Phrynops williamsi,Phrynops williamsi,Phrynops williamsi,Phrynops williamsi,Phrynops williamsi,Phrynops williamsi,Phrynops williamsi,Phrynops,Chelidae,6,Crítico
952,Phrynops williamsi,Phrynops williamsi,Phrynops williamsi,Phrynops williamsi,Phrynops williamsi,Phrynops williamsi,Phrynops williamsi,Phrynops williamsi,Phrynops williamsi,Phrynops williamsi,Phrynops williamsi,Phrynops williamsi,Phrynops,Chelidae,6,Crítico
953,Phrynops williamsi,Phrynops williamsi,Phrynops williamsi,Phrynops williamsi,Phrynops williamsi,Phrynops williamsi,Phrynops williamsi,Phrynops williamsi,Phrynops williamsi,Phrynops williamsi,Phrynops williamsi,Phrynops williamsi,Phrynops,Chelidae,6,Crítico
955,Phrynops williamsi,Phrynops williamsi,Phrynops williamsi,Phrynops williamsi,Phrynops williamsi,Phrynops williamsi,Phrynops williamsi,Phrynops williamsi,Phrynops williamsi,Phrynops williamsi,Phrynops williamsi,Phrynops williamsi,Phrynops,Chelidae,6,Crítico
956,Phrynops williamsi,Phrynops williamsi,Phrynops williamsi,Phrynops williamsi,Phrynops williamsi,Phrynops williamsi,Phrynops williamsi,Phrynops williamsi,Phrynops williamsi,Phrynops williamsi,Phrynops williamsi,Phrynops williamsi,Phrynops,Chelidae,6,Crítico
957,Phrynops williamsi,Phrynops williamsi,Phrynops williamsi,Phrynops williamsi,Phrynops williamsi,Phrynops williamsi,Phrynops williamsi,Phrynops williamsi,Phrynops williamsi,Phrynops williamsi,Phrynops williamsi,Phrynops williamsi,Phrynops,Chelidae,6,Crítico
958,Phrynops williamsi,Phrynops williamsi,Phrynops williamsi,Phrynops williamsi,Phrynops williamsi,Phrynops williamsi,Phrynops williamsi,Phrynops williamsi,Phrynops williamsi,Phrynops williamsi,Phrynops williamsi,Phrynops williamsi,Phrynops,Chelidae,6,Crítico
959,Phrynops williamsi,Phrynops williamsi,Phrynops williamsi,Phrynops williamsi,Phrynops williamsi,Phrynops williamsi,Phrynops williamsi,Phrynops williamsi,Phrynops williamsi,Phrynops williamsi,Phrynops williamsi,Phrynops williamsi,Phrynops,Chelidae,6,Crítico
960,Phrynops williamsi,Lontra longicaudis,Lontra longicaudis,Lontra longicaudis,Lontra longicaudis,Lontra longicaudis,Lontra longicaudis,Pipile jacutinga,Lontra longicaudis,Lontra longicaudis,Lontra longicaudis,Lontra longicaudis,Phrynops,Chelidae,6,Crítico
961,Phrynops williamsi,Phrynops williamsi,Phrynops williamsi,Phrynops williamsi,Phrynops williamsi,Phrynops williamsi,Phrynops williamsi,Phrynops williamsi,Phrynops williamsi,Phrynops williamsi,Phrynops williamsi,Phrynops williamsi,Phrynops,Chelidae,6,Crítico
962,Phrynops williamsi,Phrynops williamsi,Phrynops williamsi,Phrynops williamsi,Phrynops williamsi,Phrynops williamsi,Phrynops williamsi,Phrynops williamsi,Phrynops williamsi,Phrynops williamsi,Phrynops williamsi,Phrynops williamsi,Phrynops,Chelidae,6,Crítico
964,Phrynops williamsi,Phrynops williamsi,Phrynops williamsi,Phrynops williamsi,Phrynops williamsi,Phrynops williamsi,Phrynops williamsi,Phrynops williamsi,Phrynops williamsi,Phrynops williamsi,Phrynops williamsi,Phrynops williamsi,Phrynops,Chelidae,6,Crítico
965,Phrynops williamsi,Phrynops williamsi,Phrynops williamsi,Phrynops williamsi,Phrynops williamsi,Phrynops williamsi,Phrynops williamsi,Phrynops williamsi,Phrynops williamsi,Phrynops williamsi,Phrynops williamsi,Phrynops williamsi,Phrynops,Chelidae,6,Crítico
966,Phrynops williamsi,Phrynops williamsi,Phrynops williamsi,Phrynops williamsi,Phrynops williamsi,Phrynops williamsi,Phrynops williamsi,Phrynops williamsi,Phrynops williamsi,Phrynops williamsi,Phrynops williamsi,Phrynops williamsi,Phrynops,Chelidae,6,Crítico
967,Phrynops williamsi,Phrynops williamsi,Phrynops williamsi,Phrynops williamsi,Phrynops williamsi,Phrynops williamsi,Phrynops williamsi,Phrynops williamsi,Phrynops williamsi,Phrynops williamsi,Phrynops williamsi,Phrynops williamsi,Phrynops,Chelidae,6,Crítico
968,Phrynops williamsi,Phrynops williamsi,Phrynops williamsi,Phrynops williamsi,Phrynops williamsi,Phrynops williamsi,Phrynops williamsi,Phrynops williamsi,Phrynops williamsi,Phrynops williamsi,Phrynops williamsi,Phrynops williamsi,Phrynops,Chelidae,6,Crítico
969,Phrynops williamsi,Phrynops williamsi,Phrynops williamsi,Phrynops williamsi,Phrynops williamsi,Phrynops williamsi,Phrynops williamsi,Phrynops williamsi,Phrynops williamsi,Phrynops williamsi,Phrynops williamsi,Phrynops williamsi,Phrynops,Chelidae,6,Crítico
970,Phrynops williamsi,Phrynops williamsi,Phrynops williamsi,Phrynops williamsi,Phrynops williamsi,Phrynops williamsi,Phrynops williamsi,Phrynops williamsi,Phrynops williamsi,Phrynops williamsi,Phrynops williamsi,Phrynops williamsi,Phrynops,Chelidae,6,Crítico
972,Phrynops williamsi,Phrynops williamsi,Phrynops williamsi,Phrynops williamsi,Phrynops williamsi,Phrynops williamsi,Phrynops williamsi,Phrynops williamsi,Phrynops williamsi,Phrynops williamsi,Phrynops williamsi,Phrynops williamsi,Phrynops,Chelidae,6,Crítico
973,Phrynops williamsi,Phrynops williamsi,Phrynops williamsi,Phrynops williamsi,Phrynops williamsi,Phrynops williamsi,Phrynops williamsi,Phrynops williamsi,Phrynops williamsi,Phrynops williamsi,Phrynops williamsi,Phrynops williamsi,Phrynops,Chelidae,6,Crítico
974,Phrynops williamsi,Phrynops williamsi,Phrynops williamsi,Phrynops williamsi,Phrynops williamsi,Phrynops williamsi,Phrynops williamsi,Phrynops williamsi,Phrynops williamsi,Phrynops williamsi,Phrynops williamsi,Phrynops williamsi,Phrynops,Chelidae,6,Crítico
979,Phrynops williamsi,Phrynops williamsi,Phrynops williamsi,Phrynops williamsi,Phrynops williamsi,Phrynops williamsi,Phrynops williamsi,Phrynops williamsi,Phrynops williamsi,Phrynops williamsi,Phrynops williamsi,Phrynops williamsi,Phrynops,Chelidae,6,Crítico
980,Phrynops williamsi,Nyctidromus albicollis,Nasua nasua,Euphractus sexcinctus,Dasyprocta azarae,Phrynops williamsi,Hydropsalis torquata,Phrynops williamsi,Nasua nasua,Nasua nasua,Nasua nasua,Nyctidromus albicollis,Phrynops,Chelidae,6,Crítico
981,Phrynops williamsi,Phrynops williamsi,Phrynops williamsi,Phrynops williamsi,Phrynops williamsi,Phrynops williamsi,Phrynops williamsi,Phrynops williamsi,Phrynops williamsi,Phrynops williamsi,Phrynops williamsi,Phrynops williamsi,Phrynops,Chelidae,6,Crítico
982,Phrynops williamsi,Phrynops williamsi,Phrynops williamsi,Phrynops williamsi,Phrynops williamsi,Phrynops williamsi,Phrynops williamsi,Phrynops williamsi,Phrynops williamsi,Phrynops williamsi,Phrynops williamsi,Phrynops williamsi,Phrynops,Chelidae,6,Crítico
983,Phrynops williamsi,Phrynops williamsi,Phrynops williamsi,Phrynops williamsi,Phrynops williamsi,Phrynops williamsi,Phrynops williamsi,Phrynops williamsi,Phrynops williamsi,Phrynops williamsi,Phrynops williamsi,Phrynops williamsi,Phrynops,Chelidae,6,Crítico
984,Phrynops williamsi,Phrynops williamsi,Phrynops williamsi,Phrynops williamsi,Phrynops williamsi,Phrynops williamsi,Phrynops williamsi,Phrynops williamsi,Phrynops williamsi,Phrynops williamsi,Phrynops williamsi,Phrynops williamsi,Phrynops,Chelidae,6,Crítico
985,Phrynops williamsi,Phrynops williamsi,Phrynops williamsi,Phrynops williamsi,Phrynops williamsi,Phrynops williamsi,Phrynops williamsi,Phrynops williamsi,Phrynops williamsi,Phrynops williamsi,Phrynops williamsi,Phrynops williamsi,Phrynops,Chelidae,6,Crítico
986,Phrynops williamsi,Phrynops williamsi,Phrynops williamsi,Phrynops williamsi,Phrynops williamsi,Phrynops williamsi,Phrynops williamsi,Phrynops williamsi,Phrynops williamsi,Phrynops williamsi,Phrynops williamsi,Phrynops williamsi,Phrynops,Chelidae,6,Crítico
987,Phrynops williamsi,Phrynops williamsi,Phrynops williamsi,Phrynops williamsi,Phrynops williamsi,Phrynops williamsi,Phrynops williamsi,Phrynops williamsi,Phrynops williamsi,Phrynops williamsi,Phrynops williamsi,Phrynops williamsi,Phrynops,Chelidae,6,Crítico
988,Phrynops williamsi,Phrynops williamsi,Phrynops williamsi,Phrynops williamsi,Phrynops williamsi,Phrynops williamsi,Phrynops williamsi,Phrynops williamsi,Phrynops williamsi,Phrynops williamsi,Phrynops williamsi,Phrynops williamsi,Phrynops,Chelidae,6,Crítico
989,Phrynops williamsi,Phrynops williamsi,Phrynops williamsi,Phrynops williamsi,Phrynops williamsi,Phrynops williamsi,Phrynops williamsi,Phrynops williamsi,Phrynops williamsi,Phrynops williamsi,Phrynops williamsi,Phrynops williamsi,Phrynops,Chelidae,6,Crítico
990,Phrynops williamsi,Phrynops williamsi,Phrynops williamsi,Phrynops williamsi,Phrynops williamsi,Phrynops williamsi,Phrynops williamsi,Phrynops williamsi,Phrynops williamsi,Phrynops williamsi,Phrynops williamsi,Phrynops williamsi,Phrynops,Chelidae,6,Crítico
991,Phrynops williamsi,Phrynops williamsi,Phrynops williamsi,Phrynops williamsi,Phrynops williamsi,Phrynops williamsi,Phrynops williamsi,Phrynops williamsi,Phrynops williamsi,Phrynops williamsi,Phrynops williamsi,Phrynops williamsi,Phrynops,Chelidae,6,Crítico
992,Phrynops williamsi,Phrynops williamsi,Phrynops williamsi,Phrynops williamsi,Phrynops williamsi,Phrynops williamsi,Phrynops williamsi,Phrynops williamsi,Phrynops williamsi,Phrynops williamsi,Phrynops williamsi,Phrynops williamsi,Phrynops,Chelidae,6,Crítico
993,Phrynops williamsi,Phrynops williamsi,Phrynops williamsi,Phrynops williamsi,Phrynops williamsi,Phrynops williamsi,Phrynops williamsi,Phrynops williamsi,Phrynops williamsi,Phrynops williamsi,Phrynops williamsi,Phrynops williamsi,Phrynops,Chelidae,6,Crítico
994,Phrynops williamsi,Phrynops williamsi,Phrynops williamsi,Phrynops williamsi,Phrynops williamsi,Phrynops williamsi,Phrynops williamsi,Phrynops williamsi,Phrynops williamsi,Phrynops williamsi,Phrynops williamsi,Phrynops williamsi,Phrynops,Chelidae,6,Crítico
995,Phrynops williamsi,Phrynops williamsi,Phrynops williamsi,Phrynops williamsi,Phrynops williamsi,Phrynops williamsi,Phrynops williamsi,Phrynops williamsi,Phrynops williamsi,Phrynops williamsi,Phrynops williamsi,Phrynops williamsi,Phrynops,Chelidae,6,Crítico
996,Phrynops williamsi,Phrynops williamsi,Phrynops williamsi,Phrynops williamsi,Phrynops williamsi,Phrynops williamsi,Phrynops williamsi,Phrynops williamsi,Phrynops williamsi,Phrynops williamsi,Phrynops williamsi,Phrynops williamsi,Phrynops,Chelidae,6,Crítico
998,Phrynops williamsi,Phrynops williamsi,Phrynops williamsi,Phrynops williamsi,Phrynops williamsi,Phrynops williamsi,Phrynops williamsi,Phrynops williamsi,Phrynops williamsi,Phrynops williamsi,Phrynops williamsi,Phrynops williamsi,Phrynops,Chelidae,6,Crítico
999,Phrynops williamsi,Phrynops williamsi,Phrynops williamsi,Phrynops williamsi,Phrynops williamsi,Phrynops williamsi,Phrynops williamsi,Phrynops williamsi,Phrynops williamsi,Phrynops williamsi,Phrynops williamsi,Phrynops williamsi,Phrynops,Chelidae,6,Crítico
1000,Phrynops williamsi,Phrynops williamsi,Phrynops williamsi,Phrynops williamsi,Phrynops williamsi,Phrynops williamsi,Phrynops williamsi,Phrynops williamsi,Phrynops williamsi,Phrynops williamsi,Phrynops williamsi,Phrynops williamsi,Phrynops,Chelidae,6,Crítico
1003,Phrynops williamsi,Phrynops williamsi,Phrynops williamsi,Phrynops williamsi,Phrynops williamsi,Phrynops williamsi,Phrynops williamsi,Phrynops williamsi,Phrynops williamsi,Phrynops williamsi,Phrynops williamsi,Phrynops williamsi,Phrynops,Chelidae,6,Crítico
1004,Phrynops williamsi,Phrynops williamsi,Phrynops williamsi,Phrynops williamsi,Phrynops williamsi,Phrynops williamsi,Phrynops williamsi,Phrynops williamsi,Phrynops williamsi,Phrynops williamsi,Phrynops williamsi,Phrynops williamsi,Phrynops,Chelidae,6,Crítico
1005,Phrynops williamsi,Phrynops williamsi,Phrynops williamsi,Phrynops williamsi,Phrynops williamsi,Phrynops williamsi,Phrynops williamsi,Phrynops williamsi,Phrynops williamsi,Phrynops williamsi,Phrynops williamsi,Phrynops williamsi,Phrynops,Chelidae,6,Crítico
1006,Phrynops williamsi,Phrynops williamsi,Phrynops williamsi,Phrynops williamsi,Phrynops williamsi,Phrynops williamsi,Phrynops williamsi,Phrynops williamsi,Phrynops williamsi,Phrynops williamsi,Phrynops williamsi,Phrynops williamsi,Phrynops,Chelidae,6,Crítico
1007,Phrynops williamsi,Lontra longicaudis,Phrynops williamsi,Hydrochoerus hydrochaeris,Phrynops williamsi,Lontra longicaudis,Tamandua tetradactyla,Phrynops williamsi,Phrynops williamsi,Phrynops williamsi,Phrynops williamsi,Lontra longicaudis,Phrynops,Chelidae,6,Crítico
1008,Phrynops williamsi,Phrynops williamsi,Phrynops williamsi,Phrynops williamsi,Phrynops williamsi,Phrynops williamsi,Phrynops williamsi,Phrynops williamsi,Phrynops williamsi,Phrynops williamsi,Phrynops williamsi,Phrynops williamsi,Phrynops,Chelidae,6,Crítico
1009,Phrynops williamsi,Phrynops williamsi,Phrynops williamsi,Phrynops williamsi,Phrynops williamsi,Phrynops williamsi,Phrynops williamsi,Phrynops williamsi,Phrynops williamsi,Phrynops williamsi,Phrynops williamsi,Phrynops williamsi,Phrynops,Chelidae,6,Crítico
1011,Cabassous tatouay,Euphractus sexcinctus,Dasypus novemcinctus,Dasypus novemcinctus,Dasypus novemcinctus,Dasypus novemcinctus,Dasypus novemcinctus,Dasypus novemcinctus,Dasypus novemcinctus,Dasypus novemcinctus,Dasypus novemcinctus,Euphractus sexcinctus,Cabassous,Chlamyphoridae,5,Crítico
1012,Cabassous tatouay,Cuniculus paca,Dasypus novemcinctus,Cabassous tatouay,Cuniculus paca,Dasypus novemcinctus,Dasypus novemcinctus,Dasypus novemcinctus,Dasypus novemcinctus,Dasypus novemcinctus,Dasypus novemcinctus,Cuniculus paca,Cabassous,Chlamyphoridae,5,Crítico
1013,Cabassous tatouay,Cabassous tatouay,Dasypus novemcinctus,Cuniculus paca,Cuniculus paca,Dasypus novemcinctus,Dasypus novemcinctus,Dasypus novemcinctus,Dasypus novemcinctus,Dasypus novemcinctus,Dasypus novemcinctus,Cabassous tatouay,Cabassous,Chlamyphoridae,5,Crítico
1014,Cabassous tatouay,Euphractus sexcinctus,Dasypus novemcinctus,Dasypus novemcinctus,Dasypus novemcinctus,Dasypus novemcinctus,Dasypus novemcinctus,Dasypus novemcinctus,Dasypus novemcinctus,Dasypus novemcinctus,Dasypus novemcinctus,Euphractus sexcinctus,Cabassous,Chlamyphoridae,5,Crítico
1015,Cabassous tatouay,Euphractus sexcinctus,Euphractus sexcinctus,Dasypus novemcinctus,Dasypus novemcinctus,Dasypus novemcinctus,Dasypus novemcinctus,Dasypus novemcinctus,Euphractus sexcinctus,Euphractus sexcinctus,Euphractus sexcinctus,Euphractus sexcinctus,Cabassous,Chlamyphoridae,5,Crítico
1018,Cabassous tatouay,Tamandua tetradactyla,Cerdocyon thous,Cerdocyon thous,Cerdocyon thous,Tamandua tetradactyla,Tamandua tetradactyla,Hydropsalis torquata,Cerdocyon thous,Cerdocyon thous,Cerdocyon thous,Tamandua tetradactyla,Cabassous,Chlamyphoridae,5,Crítico
1019,Cabassous tatouay,Dasypus novemcinctus,Dasypus novemcinctus,Dasypus novemcinctus,Dasypus novemcinctus,Dasypus novemcinctus,Dasypus novemcinctus,Dasypus novemcinctus,Dasypus novemcinctus,Dasypus novemcinctus,Dasypus novemcinctus,Dasypus novemcinctus,Cabassous,Chlamyphoridae,5,Crítico
1020,Cabassous tatouay,Euphractus sexcinctus,Dasypus novemcinctus,Dasypus novemcinctus,Dasypus novemcinctus,Dasypus novemcinctus,Dasypus novemcinctus,Dasypus novemcinctus,Dasypus novemcinctus,Dasypus novemcinctus,Dasypus novemcinctus,Euphractus sexcinctus,Cabassous,Chlamyphoridae,5,Crítico
1021,Cabassous tatouay,Cabassous tatouay,Cuniculus paca,Cabassous tatouay,Cabassous tatouay,Dasypus novemcinctus,Cerdocyon thous,Dasypus novemcinctus,Cuniculus paca,Cuniculus paca,Cuniculus paca,Cabassous tatouay,Cabassous,Chlamyphoridae,5,Crítico
1022,Cabassous tatouay,Cuniculus paca,Cuniculus paca,Cabassous tatouay,Cabassous tatouay,Cerdocyon thous,Cerdocyon thous,Cuniculus paca,Cuniculus paca,Cuniculus paca,Cuniculus paca,Cuniculus paca,Cabassous,Chlamyphoridae,5,Crítico
1023,Euphractus sexcinctus,Euphractus sexcinctus,Euphractus sexcinctus,Dasypus novemcinctus,Dasypus novemcinctus,Dasypus novemcinctus,Dasypus novemcinctus,Dasypus novemcinctus,Euphractus sexcinctus,Euphractus sexcinctus,Euphractus sexcinctus,Euphractus sexcinctus,Euphractus,Chlamyphoridae,1,Bajo
1024,Euphractus sexcinctus,Dasypus novemcinctus,Dasypus novemcinctus,Galictis cuja,Dasypus novemcinctus,Dasypus novemcinctus,Dasypus novemcinctus,Euphractus sexcinctus,Dasypus novemcinctus,Dasypus novemcinctus,Dasypus novemcinctus,Dasypus novemcinctus,Euphractus,Chlamyphoridae,1,Bajo
1025,Euphractus sexcinctus,Euphractus sexcinctus,Dasypus novemcinctus,Dasypus novemcinctus,Dasypus novemcinctus,Dasypus novemcinctus,Dasypus novemcinctus,Dasypus novemcinctus,Dasypus novemcinctus,Dasypus novemcinctus,Dasypus novemcinctus,Euphractus sexcinctus,Euphractus,Chlamyphoridae,1,Bajo
1027,Euphractus sexcinctus,Cuniculus paca,Dasypus novemcinctus,Dasypus novemcinctus,Dasypus novemcinctus,Dasypus novemcinctus,Dasypus novemcinctus,Dasypus novemcinctus,Dasypus novemcinctus,Dasypus novemcinctus,Dasypus novemcinctus,Cuniculus paca,Euphractus,Chlamyphoridae,1,Bajo
1028,Euphractus sexcinctus,Euphractus sexcinctus,Euphractus sexcinctus,Dasypus novemcinctus,Dasypus novemcinctus,Euphractus sexcinctus,Dasypus novemcinctus,Dasypus novemcinctus,Euphractus sexcinctus,Euphractus sexcinctus,Euphractus sexcinctus,Euphractus sexcinctus,Euphractus,Chlamyphoridae,1,Bajo
1029,Euphractus sexcinctus,Sus scrofa,Nothura maculosa,Hydrochoerus hydrochaeris,Sus scrofa,Sus scrofa,Sus scrofa,Sus scrofa,Nothura maculosa,Nothura maculosa,Nothura maculosa,Sus scrofa,Euphractus,Chlamyphoridae,1,Bajo
1030,Euphractus sexcinctus,Euphractus sexcinctus,Salvator merianae,Euphractus sexcinctus,Dasypus novemcinctus,Dasypus novemcinctus,Salvator merianae,Dasypus novemcinctus,Salvator merianae,Salvator merianae,Salvator merianae,Euphractus sexcinctus,Euphractus,Chlamyphoridae,1,Bajo
1031,Euphractus sexcinctus,Dasypus novemcinctus,Dasypus novemcinctus,Dasypus novemcinctus,Dasypus novemcinctus,Dasypus novemcinctus,Dasypus novemcinctus,Dasypus novemcinctus,Dasypus novemcinctus,Dasypus novemcinctus,Dasypus novemcinctus,Dasypus novemcinctus,Euphractus,Chlamyphoridae,1,Bajo
1032,Euphractus sexcinctus,Euphractus sexcinctus,Euphractus sexcinctus,Dasypus novemcinctus,Dasypus novemcinctus,Dasypus novemcinctus,Dasypus novemcinctus,Dasypus novemcinctus,Euphractus sexcinctus,Euphractus sexcinctus,Euphractus sexcinctus,Euphractus sexcinctus,Euphractus,Chlamyphoridae,1,Bajo
1033,Euphractus sexcinctus,Euphractus sexcinctus,Dasypus novemcinctus,Dasypus novemcinctus,Dasypus novemcinctus,Dasypus novemcinctus,Dasypus novemcinctus,Dasypus novemcinctus,Dasypus novemcinctus,Dasypus novemcinctus,Dasypus novemcinctus,Euphractus sexcinctus,Euphractus,Chlamyphoridae,1,Bajo
1034,Euphractus sexcinctus,Dasypus novemcinctus,Dasypus novemcinctus,Dasypus novemcinctus,Dasypus novemcinctus,Dasypus novemcinctus,Dasypus novemcinctus,Dasypus novemcinctus,Dasypus novemcinctus,Dasypus novemcinctus,Dasypus novemcinctus,Dasypus novemcinctus,Euphractus,Chlamyphoridae,1,Bajo
1035,Euphractus sexcinctus,Euphractus sexcinctus,Euphractus sexcinctus,Euphractus sexcinctus,Euphractus sexcinctus,Euphractus sexcinctus,Dasypus novemcinctus,Euphractus sexcinctus,Euphractus sexcinctus,Euphractus sexcinctus,Euphractus sexcinctus,Euphractus sexcinctus,Euphractus,Chlamyphoridae,1,Bajo
1039,Euphractus sexcinctus,Euphractus sexcinctus,Dasypus novemcinctus,Dasypus novemcinctus,Dasypus novemcinctus,Dasypus novemcinctus,Dasypus novemcinctus,Dasypus novemcinctus,Dasypus novemcinctus,Dasypus novemcinctus,Dasypus novemcinctus,Euphractus sexcinctus,Euphractus,Chlamyphoridae,1,Bajo
1040,Euphractus sexcinctus,Cuniculus paca,Cuniculus paca,Cuniculus paca,Cuniculus paca,Dasypus novemcinctus,Cerdocyon thous,Cerdocyon thous,Cuniculus paca,Cuniculus paca,Cuniculus paca,Cuniculus paca,Euphractus,Chlamyphoridae,1,Bajo
1041,Euphractus sexcinctus,Dasypus novemcinctus,Dasypus novemcinctus,Euphractus sexcinctus,Euphractus sexcinctus,Dasypus novemcinctus,Dasypus novemcinctus,Euphractus sexcinctus,Dasypus novemcinctus,Dasypus novemcinctus,Dasypus novemcinctus,Dasypus novemcinctus,Euphractus,Chlamyphoridae,1,Bajo
1042,Euphractus sexcinctus,Euphractus sexcinctus,Euphractus sexcinctus,Dasypus novemcinctus,Dasypus novemcinctus,Dasypus novemcinctus,Dasypus novemcinctus,Dasypus novemcinctus,Euphractus sexcinctus,Euphractus sexcinctus,Euphractus sexcinctus,Euphractus sexcinctus,Euphractus,Chlamyphoridae,1,Bajo
1044,Euphractus sexcinctus,Dasypus novemcinctus,Dasypus novemcinctus,Dasypus novemcinctus,Dasypus novemcinctus,Dasypus novemcinctus,Dasypus novemcinctus,Dasypus novemcinctus,Dasypus novemcinctus,Dasypus novemcinctus,Dasypus novemcinctus,Dasypus novemcinctus,Euphractus,Chlamyphoridae,1,Bajo
1046,Euphractus sexcinctus,Euphractus sexcinctus,Dasypus novemcinctus,Euphractus sexcinctus,Euphractus sexcinctus,Euphractus sexcinctus,Dasypus novemcinctus,Euphractus sexcinctus,Dasypus novemcinctus,Dasypus novemcinctus,Dasypus novemcinctus,Euphractus sexcinctus,Euphractus,Chlamyphoridae,1,Bajo
1048,Euphractus sexcinctus,Dasypus novemcinctus,Dasypus novemcinctus,Dasypus novemcinctus,Dasypus novemcinctus,Dasypus novemcinctus,Dasypus novemcinctus,Dasypus novemcinctus,Dasypus novemcinctus,Dasypus novemcinctus,Dasypus novemcinctus,Dasypus novemcinctus,Euphractus,Chlamyphoridae,1,Bajo
1049,Euphractus sexcinctus,Tamandua tetradactyla,Sylvilagus brasiliensis,Sylvilagus brasiliensis,Sylvilagus brasiliensis,Tamandua tetradactyla,Tamandua tetradactyla,Tamandua tetradactyla,Sylvilagus brasiliensis,Sylvilagus brasiliensis,Sylvilagus brasiliensis,Tamandua tetradactyla,Euphractus,Chlamyphoridae,1,Bajo
1050,Euphractus sexcinctus,Euphractus sexcinctus,Dasypus novemcinctus,Dasypus novemcinctus,Dasypus novemcinctus,Euphractus sexcinctus,Dasypus novemcinctus,Dasypus novemcinctus,Dasypus novemcinctus,Dasypus novemcinctus,Dasypus novemcinctus,Euphractus sexcinctus,Euphractus,Chlamyphoridae,1,Bajo
1051,Euphractus sexcinctus,Dasypus novemcinctus,Dasypus novemcinctus,Dasypus novemcinctus,Dasypus novemcinctus,Dasypus novemcinctus,Dasypus novemcinctus,Dasypus novemcinctus,Dasypus novemcinctus,Dasypus novemcinctus,Dasypus novemcinctus,Dasypus novemcinctus,Euphractus,Chlamyphoridae,1,Bajo
1052,Euphractus sexcinctus,Dasypus novemcinctus,Euphractus sexcinctus,Euphractus sexcinctus,Euphractus sexcinctus,Dasypus novemcinctus,Dasypus novemcinctus,Euphractus sexcinctus,Euphractus sexcinctus,Euphractus sexcinctus,Euphractus sexcinctus,Dasypus novemcinctus,Euphractus,Chlamyphoridae,1,Bajo
1053,Euphractus sexcinctus,Dasypus novemcinctus,Dasypus novemcinctus,Dasypus novemcinctus,Cerdocyon thous,Dasypus novemcinctus,Dasypus novemcinctus,Dasypus novemcinctus,Dasypus novemcinctus,Dasypus novemcinctus,Dasypus novemcinctus,Euphractus sexcinctus,Euphractus,Chlamyphoridae,1,Bajo
1054,Euphractus sexcinctus,Cuniculus paca,Cuniculus paca,Cabassous tatouay,Cabassous tatouay,Procyon cancrivorus,Cerdocyon thous,Cerdocyon thous,Cuniculus paca,Cuniculus paca,Cuniculus paca,Cuniculus paca,Euphractus,Chlamyphoridae,1,Bajo
1055,Euphractus sexcinctus,Dasypus novemcinctus,Cabassous tatouay,Cabassous tatouay,Cabassous tatouay,Dasypus novemcinctus,Dasypus novemcinctus,Dasypus novemcinctus,Cabassous tatouay,Cabassous tatouay,Cabassous tatouay,Cabassous tatouay,Euphractus,Chlamyphoridae,1,Bajo
1056,Euphractus sexcinctus,Euphractus sexcinctus,Dasypus novemcinctus,Dasypus novemcinctus,Dasypus novemcinctus,Dasypus novemcinctus,Dasypus novemcinctus,Dasypus novemcinctus,Dasypus novemcinctus,Dasypus novemcinctus,Dasypus novemcinctus,Euphractus sexcinctus,Euphractus,Chlamyphoridae,1,Bajo
1057,Euphractus sexcinctus,Euphractus sexcinctus,Salvator merianae,Euphractus sexcinctus,Dasypus novemcinctus,Dasypus novemcinctus,Hydropsalis torquata,Dasypus novemcinctus,Salvator merianae,Salvator merianae,Salvator merianae,Euphractus sexcinctus,Euphractus,Chlamyphoridae,1,Bajo
1058,Euphractus sexcinctus,Dasypus novemcinctus,Euphractus sexcinctus,Euphractus sexcinctus,Euphractus sexcinctus,Dasypus novemcinctus,Dasypus novemcinctus,Dasypus novemcinctus,Euphractus sexcinctus,Euphractus sexcinctus,Euphractus sexcinctus,Dasypus novemcinctus,Euphractus,Chlamyphoridae,1,Bajo
1059,Geotrygon montana,Geotrygon montana,Geotrygon montana,Geotrygon montana,Leptotila verreauxi,Geotrygon montana,Leptotila rufaxilla,Leptotila verreauxi,Geotrygon montana,Geotrygon montana,Geotrygon montana,Geotrygon montana,Geotrygon,Columbidae,1,Bajo
1060,Geotrygon montana,Chamaeza campanisona,Dasypus novemcinctus,Dasypus novemcinctus,Dasypus novemcinctus,Nyctidromus albicollis,Nyctidromus albicollis,Salvator merianae,Dasypus novemcinctus,Dasypus novemcinctus,Dasypus novemcinctus,Chamaeza campanisona,Geotrygon,Columbidae,1,Bajo
1061,Geotrygon montana,Crypturellus obsoletus,Crypturellus obsoletus,Crypturellus obsoletus,Crypturellus obsoletus,Habia rubica,Aramides saracura,Crypturellus obsoletus,Crypturellus obsoletus,Crypturellus obsoletus,Crypturellus obsoletus,Crypturellus obsoletus,Geotrygon,Columbidae,1,Bajo
1062,Geotrygon montana,Crypturellus tataupa,Crypturellus tataupa,Crypturellus obsoletus,Aramides saracura,Aramides saracura,Aramides saracura,Aramides saracura,Crypturellus tataupa,Crypturellus tataupa,Crypturellus tataupa,Crypturellus tataupa,Geotrygon,Columbidae,1,Bajo
1063,Geotrygon montana,Geotrygon montana,Leptotila verreauxi,Leptotila verreauxi,Leptotila verreauxi,Leptotila verreauxi,Leptotila rufaxilla,Leptotila verreauxi,Leptotila verreauxi,Leptotila verreauxi,Leptotila verreauxi,Geotrygon montana,Geotrygon,Columbidae,1,Bajo
1065,Geotrygon montana,Geotrygon montana,Leptotila rufaxilla,Leptotila rufaxilla,Leptotila rufaxilla,Leptotila rufaxilla,Leptotila rufaxilla,Leptotila rufaxilla,Leptotila rufaxilla,Leptotila rufaxilla,Leptotila rufaxilla,Geotrygon montana,Geotrygon,Columbidae,1,Bajo
1066,Geotrygon montana,Crypturellus tataupa,Crypturellus tataupa,Crypturellus tataupa,Crypturellus tataupa,Odontophorus capueira,Aramides saracura,Crypturellus obsoletus,Crypturellus tataupa,Crypturellus tataupa,Crypturellus tataupa,Crypturellus tataupa,Geotrygon,Columbidae,1,Bajo
1067,Geotrygon montana,Conopophaga lineata vulgaris,Geotrygon montana,Conopophaga lineata vulgaris,Conopophaga lineata vulgaris,Pyriglena leucoptera,Pyriglena leucoptera,Mackenziaena severa,Geotrygon montana,Geotrygon montana,Geotrygon montana,Conopophaga lineata vulgaris,Geotrygon,Columbidae,1,Bajo
1068,Geotrygon montana,Nyctidromus albicollis,Leptotila rufaxilla,Crypturellus obsoletus,Leptotila rufaxilla,Nyctidromus albicollis,Hydropsalis torquata,Alouatta guariba clamitans,Leptotila rufaxilla,Leptotila rufaxilla,Leptotila rufaxilla,Nyctidromus albicollis,Geotrygon,Columbidae,1,Bajo
1069,Geotrygon montana,Crypturellus tataupa,Aramides saracura,Aramides saracura,Crypturellus tataupa,Crypturellus tataupa,Dasyprocta azarae,Aramides saracura,Aramides saracura,Aramides saracura,Aramides saracura,Crypturellus tataupa,Geotrygon,Columbidae,1,Bajo
1070,Geotrygon montana,Geotrygon montana,Geotrygon montana,Chamaeza campanisona,Geotrygon montana,Geotrygon montana,Hydropsalis torquata,Geotrygon montana,Geotrygon montana,Geotrygon montana,Geotrygon montana,Geotrygon montana,Geotrygon,Columbidae,1,Bajo
1071,Geotrygon montana,Nyctidromus albicollis,Leptotila rufaxilla,Brotogeris chiriri,Brotogeris chiriri,Brotogeris chiriri,Brotogeris chiriri,Brotogeris chiriri,Leptotila rufaxilla,Leptotila rufaxilla,Leptotila rufaxilla,Nyctidromus albicollis,Geotrygon,Columbidae,1,Bajo
1072,Geotrygon montana,Geotrygon montana,Geotrygon montana,Crypturellus obsoletus,Crypturellus tataupa,Geotrygon montana,Leptotila rufaxilla,Aramides saracura,Geotrygon montana,Geotrygon montana,Geotrygon montana,Geotrygon montana,Geotrygon,Columbidae,1,Bajo
1073,Geotrygon montana,Geotrygon montana,Geotrygon montana,Conopophaga lineata,Conopophaga lineata,Turdus albicollis,Turdus albicollis,Turdus albicollis,Geotrygon montana,Geotrygon montana,Geotrygon montana,Geotrygon montana,Geotrygon,Columbidae,1,Bajo
1074,Geotrygon montana,Geotrygon montana,Leptotila verreauxi,Leptotila verreauxi,Geotrygon montana,Geotrygon montana,Leptotila rufaxilla,Crypturellus obsoletus,Leptotila verreauxi,Leptotila verreauxi,Leptotila verreauxi,Geotrygon montana,Geotrygon,Columbidae,1,Bajo
1075,Geotrygon montana,Crypturellus obsoletus,Leptotila rufaxilla,Crypturellus obsoletus,Crypturellus obsoletus,Crypturellus obsoletus,Aramides saracura,Aramides saracura,Leptotila rufaxilla,Leptotila rufaxilla,Leptotila rufaxilla,Crypturellus obsoletus,Geotrygon,Columbidae,1,Bajo
1076,Geotrygon montana,Penelope superciliaris,Conopophaga lineata,Conopophaga lineata,Amazona vinacea,Penelope superciliaris,Penelope superciliaris,Penelope superciliaris,Conopophaga lineata,Conopophaga lineata,Conopophaga lineata,Penelope superciliaris,Geotrygon,Columbidae,1,Bajo
1077,Geotrygon montana,Geotrygon montana,Geotrygon montana,Geotrygon montana,Conopophaga lineata,Leptotila rufaxilla,Leptotila rufaxilla,Geotrygon montana,Geotrygon montana,Geotrygon montana,Geotrygon montana,Geotrygon montana,Geotrygon,Columbidae,1,Bajo
1079,Geotrygon montana,Geotrygon montana,Chamaeza campanisona,Chamaeza campanisona,Chamaeza campanisona,Conopophaga lineata,Leptotila rufaxilla,Geotrygon montana,Chamaeza campanisona,Chamaeza campanisona,Chamaeza campanisona,Geotrygon montana,Geotrygon,Columbidae,1,Bajo
1081,Geotrygon montana,Geotrygon montana,Leptotila rufaxilla,Geotrygon montana,Geotrygon montana,Leptotila rufaxilla,Leptotila rufaxilla,Leptotila verreauxi,Leptotila rufaxilla,Leptotila rufaxilla,Leptotila rufaxilla,Geotrygon montana,Geotrygon,Columbidae,1,Bajo
1082,Geotrygon montana,Leptotila rufaxilla,Leptotila rufaxilla,Leptotila rufaxilla,Geotrygon montana,Leptotila rufaxilla,Leptotila rufaxilla,Leptotila rufaxilla,Leptotila rufaxilla,Leptotila rufaxilla,Leptotila rufaxilla,Leptotila rufaxilla,Geotrygon,Columbidae,1,Bajo
1083,Geotrygon montana,Puma concolor,Leptotila verreauxi,Dasyprocta azarae,Crypturellus tataupa,Leopardus wiedii,Leopardus guttulus,Leopardus guttulus,Leptotila verreauxi,Leptotila verreauxi,Leptotila verreauxi,Puma concolor,Geotrygon,Columbidae,1,Bajo
1085,Geotrygon montana,Geotrygon montana,Synallaxis ruficapilla,Geotrygon montana,Nyctidromus albicollis,Geotrygon montana,Hydropsalis torquata,Hydropsalis torquata,Synallaxis ruficapilla,Synallaxis ruficapilla,Synallaxis ruficapilla,Geotrygon montana,Geotrygon,Columbidae,1,Bajo
1087,Geotrygon montana,Geotrygon montana,Leptotila verreauxi,Geotrygon montana,Geotrygon montana,Geotrygon montana,Odontophorus capueira,Crypturellus obsoletus,Leptotila verreauxi,Leptotila verreauxi,Leptotila verreauxi,Geotrygon montana,Geotrygon,Columbidae,1,Bajo
1088,Geotrygon montana,Leptotila rufaxilla,Leptotila rufaxilla,Leptotila rufaxilla,Leptotila rufaxilla,Leptotila rufaxilla,Leptotila rufaxilla,Leptotila verreauxi,Leptotila rufaxilla,Leptotila rufaxilla,Leptotila rufaxilla,Leptotila rufaxilla,Geotrygon,Columbidae,1,Bajo
1090,Geotrygon montana,Didelphis albiventris,Tachyphonus coronatus,Leptotila verreauxi,Baryphthengus ruficapillus,Didelphis aurita,Hydropsalis torquata,Amazona aestiva,Tachyphonus coronatus,Tachyphonus coronatus,Tachyphonus coronatus,Didelphis albiventris,Geotrygon,Columbidae,1,Bajo
1091,Leptotila rufaxilla,Leptotila rufaxilla,Leptotila rufaxilla,Leptotila rufaxilla,Leptotila rufaxilla,Leptotila rufaxilla,Leptotila rufaxilla,Leptotila rufaxilla,Leptotila rufaxilla,Leptotila rufaxilla,Leptotila rufaxilla,Leptotila rufaxilla,Leptotila,Columbidae,1,Bajo
1092,Leptotila rufaxilla,Crypturellus obsoletus,Leptotila rufaxilla,Crypturellus obsoletus,Crypturellus obsoletus,Crypturellus obsoletus,Aramides saracura,Crypturellus obsoletus,Leptotila rufaxilla,Leptotila rufaxilla,Leptotila rufaxilla,Crypturellus obsoletus,Leptotila,Columbidae,1,Bajo
1093,Leptotila rufaxilla,Leptotila rufaxilla,Geotrygon montana,Leptotila rufaxilla,Leptotila rufaxilla,Leptotila rufaxilla,Leptotila rufaxilla,Leptotila verreauxi,Geotrygon montana,Geotrygon montana,Geotrygon montana,Leptotila rufaxilla,Leptotila,Columbidae,1,Bajo
1096,Leptotila rufaxilla,Leptotila rufaxilla,Leptotila rufaxilla,Leptotila rufaxilla,Leptotila rufaxilla,Leptotila rufaxilla,Leptotila rufaxilla,Leptotila verreauxi,Leptotila rufaxilla,Leptotila rufaxilla,Leptotila rufaxilla,Leptotila rufaxilla,Leptotila,Columbidae,1,Bajo
1097,Leptotila rufaxilla,Leptotila rufaxilla,Leptotila rufaxilla,Leptotila rufaxilla,Leptotila rufaxilla,Leptotila rufaxilla,Leptotila rufaxilla,Leptotila rufaxilla,Leptotila rufaxilla,Leptotila rufaxilla,Leptotila rufaxilla,Leptotila rufaxilla,Leptotila,Columbidae,1,Bajo
1098,Leptotila rufaxilla,Leptotila rufaxilla,Leptotila rufaxilla,Leptotila rufaxilla,Leptotila rufaxilla,Leptotila rufaxilla,Leptotila rufaxilla,Leptotila rufaxilla,Leptotila rufaxilla,Leptotila rufaxilla,Leptotila rufaxilla,Leptotila rufaxilla,Leptotila,Columbidae,1,Bajo
1099,Leptotila rufaxilla,Leptotila rufaxilla,Leptotila rufaxilla,Leptotila rufaxilla,Leptotila rufaxilla,Leptotila rufaxilla,Leptotila rufaxilla,Leptotila rufaxilla,Leptotila rufaxilla,Leptotila rufaxilla,Leptotila rufaxilla,Leptotila rufaxilla,Leptotila,Columbidae,1,Bajo
1100,Leptotila rufaxilla,Leptotila verreauxi,Leptotila rufaxilla,Leptotila rufaxilla,Leptotila verreauxi,Leptotila verreauxi,Leptotila verreauxi,Leptotila rufaxilla,Leptotila rufaxilla,Leptotila rufaxilla,Leptotila rufaxilla,Leptotila verreauxi,Leptotila,Columbidae,1,Bajo
1101,Leptotila rufaxilla,Leptotila verreauxi,Leptotila rufaxilla,Leptotila rufaxilla,Leptotila rufaxilla,Leptotila verreauxi,Leptotila rufaxilla,Leptotila rufaxilla,Leptotila rufaxilla,Leptotila rufaxilla,Leptotila rufaxilla,Leptotila verreauxi,Leptotila,Columbidae,1,Bajo
1102,Leptotila rufaxilla,Leptotila rufaxilla,Leptotila rufaxilla,Leptotila rufaxilla,Leptotila rufaxilla,Leptotila rufaxilla,Leptotila rufaxilla,Leptotila rufaxilla,Leptotila rufaxilla,Leptotila rufaxilla,Leptotila rufaxilla,Leptotila rufaxilla,Leptotila,Columbidae,1,Bajo
1103,Leptotila rufaxilla,Leptotila rufaxilla,Leptotila rufaxilla,Leptotila rufaxilla,Leptotila rufaxilla,Leptotila verreauxi,Leptotila rufaxilla,Leptotila verreauxi,Leptotila rufaxilla,Leptotila rufaxilla,Leptotila rufaxilla,Leptotila rufaxilla,Leptotila,Columbidae,1,Bajo
1104,Leptotila rufaxilla,Leptotila rufaxilla,Leptotila rufaxilla,Leptotila rufaxilla,Leptotila rufaxilla,Leptotila rufaxilla,Leptotila rufaxilla,Leptotila rufaxilla,Leptotila rufaxilla,Leptotila rufaxilla,Leptotila rufaxilla,Leptotila rufaxilla,Leptotila,Columbidae,1,Bajo
1105,Leptotila rufaxilla,Leptotila rufaxilla,Crypturellus tataupa,Crypturellus tataupa,Leptotila rufaxilla,Leptotila rufaxilla,Leptotila rufaxilla,Leptotila rufaxilla,Crypturellus tataupa,Crypturellus tataupa,Crypturellus tataupa,Leptotila rufaxilla,Leptotila,Columbidae,1,Bajo
1106,Leptotila rufaxilla,Leptotila rufaxilla,Leptotila rufaxilla,Leptotila rufaxilla,Leptotila rufaxilla,Leptotila rufaxilla,Leptotila rufaxilla,Leptotila rufaxilla,Leptotila rufaxilla,Leptotila rufaxilla,Leptotila rufaxilla,Leptotila rufaxilla,Leptotila,Columbidae,1,Bajo
1107,Leptotila rufaxilla,Leptotila rufaxilla,Leptotila rufaxilla,Leptotila rufaxilla,Leptotila rufaxilla,Leptotila rufaxilla,Leptotila rufaxilla,Leptotila verreauxi,Leptotila rufaxilla,Leptotila rufaxilla,Leptotila rufaxilla,Leptotila rufaxilla,Leptotila,Columbidae,1,Bajo
1109,Leptotila rufaxilla,Crypturellus tataupa,Myiothlypis leucoblephara,Hypoedaleus guttatus,Conopophaga lineata vulgaris,Myiothlypis leucoblephara,Myiothlypis leucoblephara,Geotrygon montana,Myiothlypis leucoblephara,Myiothlypis leucoblephara,Myiothlypis leucoblephara,Crypturellus tataupa,Leptotila,Columbidae,1,Bajo
1110,Leptotila rufaxilla,Leptotila rufaxilla,Leptotila rufaxilla,Leptotila rufaxilla,Leptotila rufaxilla,Leptotila rufaxilla,Leptotila rufaxilla,Leptotila rufaxilla,Leptotila rufaxilla,Leptotila rufaxilla,Leptotila rufaxilla,Leptotila rufaxilla,Leptotila,Columbidae,1,Bajo
1111,Leptotila rufaxilla,Leptotila rufaxilla,Leptotila rufaxilla,Leptotila rufaxilla,Leptotila rufaxilla,Leptotila rufaxilla,Leptotila rufaxilla,Leptotila rufaxilla,Leptotila rufaxilla,Leptotila rufaxilla,Leptotila rufaxilla,Leptotila rufaxilla,Leptotila,Columbidae,1,Bajo
1112,Leptotila rufaxilla,Crypturellus tataupa,Crypturellus obsoletus,Crypturellus tataupa,Crypturellus tataupa,Crypturellus tataupa,Aramides saracura,Crypturellus tataupa,Crypturellus obsoletus,Crypturellus obsoletus,Crypturellus obsoletus,Crypturellus tataupa,Leptotila,Columbidae,1,Bajo
1113,Leptotila rufaxilla,Leptotila rufaxilla,Leptotila rufaxilla,Leptotila rufaxilla,Leptotila rufaxilla,Leptotila rufaxilla,Leptotila rufaxilla,Leptotila verreauxi,Leptotila rufaxilla,Leptotila rufaxilla,Leptotila rufaxilla,Leptotila rufaxilla,Leptotila,Columbidae,1,Bajo
1114,Leptotila rufaxilla,Leptotila rufaxilla,Leptotila rufaxilla,Leptotila rufaxilla,Leptotila rufaxilla,Leptotila rufaxilla,Leptotila rufaxilla,Leptotila rufaxilla,Leptotila rufaxilla,Leptotila rufaxilla,Leptotila rufaxilla,Leptotila rufaxilla,Leptotila,Columbidae,1,Bajo
1115,Leptotila rufaxilla,Leptotila rufaxilla,Leptotila rufaxilla,Leptotila rufaxilla,Leptotila rufaxilla,Leptotila rufaxilla,Leptotila rufaxilla,Leptotila rufaxilla,Leptotila rufaxilla,Leptotila rufaxilla,Leptotila rufaxilla,Leptotila rufaxilla,Leptotila,Columbidae,1,Bajo
1116,Leptotila rufaxilla,Geotrygon montana,Synallaxis ruficapilla,Geotrygon montana,Geotrygon montana,Nyctidromus albicollis,Leptotila rufaxilla,Leptotila rufaxilla,Synallaxis ruficapilla,Synallaxis ruficapilla,Synallaxis ruficapilla,Geotrygon montana,Leptotila,Columbidae,1,Bajo
1117,Leptotila rufaxilla,Leptotila rufaxilla,Leptotila rufaxilla,Leptotila rufaxilla,Leptotila rufaxilla,Leptotila rufaxilla,Leptotila rufaxilla,Leptotila rufaxilla,Leptotila rufaxilla,Leptotila rufaxilla,Leptotila rufaxilla,Leptotila rufaxilla,Leptotila,Columbidae,1,Bajo
1118,Leptotila rufaxilla,Leptotila rufaxilla,Leptotila rufaxilla,Leptotila rufaxilla,Leptotila rufaxilla,Leptotila rufaxilla,Leptotila rufaxilla,Leptotila rufaxilla,Leptotila rufaxilla,Leptotila rufaxilla,Leptotila rufaxilla,Leptotila rufaxilla,Leptotila,Columbidae,1,Bajo
1120,Leptotila rufaxilla,Leptotila rufaxilla,Leptotila rufaxilla,Leptotila rufaxilla,Leptotila rufaxilla,Leptotila rufaxilla,Leptotila rufaxilla,Leptotila rufaxilla,Leptotila rufaxilla,Leptotila rufaxilla,Leptotila rufaxilla,Leptotila rufaxilla,Leptotila,Columbidae,1,Bajo
1121,Leptotila rufaxilla,Leptotila rufaxilla,Leptotila rufaxilla,Leptotila rufaxilla,Leptotila rufaxilla,Leptotila rufaxilla,Leptotila rufaxilla,Leptotila rufaxilla,Leptotila rufaxilla,Leptotila rufaxilla,Leptotila rufaxilla,Leptotila rufaxilla,Leptotila,Columbidae,1,Bajo
1122,Leptotila rufaxilla,Leptotila rufaxilla,Leptotila rufaxilla,Leptotila rufaxilla,Leptotila rufaxilla,Leptotila rufaxilla,Leptotila rufaxilla,Leptotila rufaxilla,Leptotila rufaxilla,Leptotila rufaxilla,Leptotila rufaxilla,Leptotila rufaxilla,Leptotila,Columbidae,1,Bajo
1125,Leptotila rufaxilla,Leptotila rufaxilla,Leptotila rufaxilla,Leptotila rufaxilla,Leptotila rufaxilla,Leptotila rufaxilla,Leptotila rufaxilla,Leptotila rufaxilla,Leptotila rufaxilla,Leptotila rufaxilla,Leptotila rufaxilla,Leptotila rufaxilla,Leptotila,Columbidae,1,Bajo
1127,Leptotila rufaxilla,Leptotila rufaxilla,Leptotila rufaxilla,Leptotila rufaxilla,Leptotila rufaxilla,Leptotila rufaxilla,Leptotila rufaxilla,Leptotila rufaxilla,Leptotila rufaxilla,Leptotila rufaxilla,Leptotila rufaxilla,Leptotila rufaxilla,Leptotila,Columbidae,1,Bajo
1128,Leptotila rufaxilla,Leptotila rufaxilla,Leptotila rufaxilla,Leptotila rufaxilla,Leptotila rufaxilla,Leptotila rufaxilla,Leptotila rufaxilla,Leptotila rufaxilla,Leptotila rufaxilla,Leptotila rufaxilla,Leptotila rufaxilla,Leptotila rufaxilla,Leptotila,Columbidae,1,Bajo
1129,Leptotila rufaxilla,Leptotila verreauxi,Leptotila verreauxi,Habia rubica,Turdus albicollis,Leptotila verreauxi,Leptotila rufaxilla,Leptotila verreauxi,Leptotila verreauxi,Leptotila verreauxi,Leptotila verreauxi,Leptotila verreauxi,Leptotila,Columbidae,1,Bajo
1131,Leptotila rufaxilla,Leptotila verreauxi,Leptotila verreauxi,Aramides saracura,Leptotila rufaxilla,Leptotila verreauxi,Leptotila verreauxi,Leptotila rufaxilla,Leptotila verreauxi,Leptotila verreauxi,Leptotila verreauxi,Leptotila verreauxi,Leptotila,Columbidae,1,Bajo
1132,Leptotila rufaxilla,Leptotila verreauxi,Crypturellus obsoletus,Crypturellus obsoletus,Leptotila verreauxi,Leptotila verreauxi,Leptotila rufaxilla,Leptotila rufaxilla,Crypturellus obsoletus,Crypturellus obsoletus,Crypturellus obsoletus,Leptotila verreauxi,Leptotila,Columbidae,1,Bajo
1133,Leptotila rufaxilla,Leptotila rufaxilla,Leptotila rufaxilla,Leptotila rufaxilla,Leptotila rufaxilla,Leptotila rufaxilla,Leptotila rufaxilla,Leptotila rufaxilla,Leptotila rufaxilla,Leptotila rufaxilla,Leptotila rufaxilla,Leptotila rufaxilla,Leptotila,Columbidae,1,Bajo
1134,Leptotila rufaxilla,Leptotila verreauxi,Tinamus solitarius,Leptotila rufaxilla,Leptotila verreauxi,Leptotila rufaxilla,Leptotila rufaxilla,Leptotila rufaxilla,Tinamus solitarius,Tinamus solitarius,Tinamus solitarius,Leptotila verreauxi,Leptotila,Columbidae,1,Bajo
1135,Leptotila rufaxilla,Pyriglena leucoptera,Leptotila rufaxilla,Geotrygon montana,Aramides saracura,Leptotila rufaxilla,Pyriglena leucoptera,Leptotila verreauxi,Leptotila rufaxilla,Leptotila rufaxilla,Leptotila rufaxilla,Pyriglena leucoptera,Leptotila,Columbidae,1,Bajo
1137,Leptotila rufaxilla,Leptotila rufaxilla,Geotrygon montana,Leptotila rufaxilla,Leptotila rufaxilla,Leptotila rufaxilla,Leptotila rufaxilla,Leptotila rufaxilla,Geotrygon montana,Geotrygon montana,Geotrygon montana,Leptotila rufaxilla,Leptotila,Columbidae,1,Bajo
1138,Leptotila rufaxilla,Tamandua tetradactyla,Salvator merianae,Dasyprocta azarae,Dasyprocta azarae,Dasypus novemcinctus,Dasypus novemcinctus,Myrmecophaga tridactyla,Salvator merianae,Salvator merianae,Salvator merianae,Tamandua tetradactyla,Leptotila,Columbidae,1,Bajo
1140,Leptotila rufaxilla,Crypturellus tataupa,Crypturellus tataupa,Crypturellus tataupa,Chamaeza campanisona,Crypturellus tataupa,Leptotila rufaxilla,Crypturellus tataupa,Crypturellus tataupa,Crypturellus tataupa,Crypturellus tataupa,Crypturellus tataupa,Leptotila,Columbidae,1,Bajo
1142,Leptotila rufaxilla,Leptotila rufaxilla,Leptotila rufaxilla,Geotrygon montana,Leptotila rufaxilla,Leptotila rufaxilla,Leptotila rufaxilla,Leptotila rufaxilla,Leptotila rufaxilla,Leptotila rufaxilla,Leptotila rufaxilla,Leptotila rufaxilla,Leptotila,Columbidae,1,Bajo
1143,Leptotila rufaxilla,Leptotila rufaxilla,Leptotila verreauxi,Leptotila rufaxilla,Leptotila rufaxilla,Leptotila rufaxilla,Leptotila rufaxilla,Leptotila rufaxilla,Leptotila verreauxi,Leptotila verreauxi,Leptotila verreauxi,Leptotila rufaxilla,Leptotila,Columbidae,1,Bajo
1144,Leptotila rufaxilla,Pyriglena leucoptera,Crypturellus tataupa,Crypturellus tataupa,Crypturellus tataupa,Leptotila rufaxilla,Leptotila rufaxilla,Baryphthengus ruficapillus,Crypturellus tataupa,Crypturellus tataupa,Crypturellus tataupa,Pyriglena leucoptera,Leptotila,Columbidae,1,Bajo
1145,Leptotila rufaxilla,Leptotila rufaxilla,Leptotila rufaxilla,Leptotila rufaxilla,Leptotila rufaxilla,Leptotila rufaxilla,Leptotila rufaxilla,Leptotila rufaxilla,Leptotila rufaxilla,Leptotila rufaxilla,Leptotila rufaxilla,Leptotila rufaxilla,Leptotila,Columbidae,1,Bajo
1147,Leptotila rufaxilla,Leptotila verreauxi,Geotrygon montana,Geotrygon montana,Leptotila rufaxilla,Leptotila verreauxi,Leptotila rufaxilla,Leptotila verreauxi,Geotrygon montana,Geotrygon montana,Geotrygon montana,Leptotila verreauxi,Leptotila,Columbidae,1,Bajo
1148,Leptotila rufaxilla,Leptotila rufaxilla,Leptotila rufaxilla,Leptotila rufaxilla,Leptotila rufaxilla,Leptotila rufaxilla,Leptotila rufaxilla,Leptotila rufaxilla,Leptotila rufaxilla,Leptotila rufaxilla,Leptotila rufaxilla,Leptotila rufaxilla,Leptotila,Columbidae,1,Bajo
1149,Leptotila rufaxilla,Crypturellus obsoletus,Leptotila verreauxi,Crypturellus obsoletus,Leptotila rufaxilla,Leptotila rufaxilla,Leptotila rufaxilla,Leptotila rufaxilla,Leptotila verreauxi,Leptotila verreauxi,Leptotila verreauxi,Crypturellus obsoletus,Leptotila,Columbidae,1,Bajo
1150,Leptotila rufaxilla,Hypoedaleus guttatus,Hypoedaleus guttatus,Biatas nigropectus,Biatas nigropectus,Hypoedaleus guttatus,Hypoedaleus guttatus,Hypoedaleus guttatus,Hypoedaleus guttatus,Hypoedaleus guttatus,Hypoedaleus guttatus,Hypoedaleus guttatus,Leptotila,Columbidae,1,Bajo
1151,Leptotila rufaxilla,Leptotila rufaxilla,Leptotila rufaxilla,Leptotila rufaxilla,Leptotila rufaxilla,Leptotila rufaxilla,Leptotila rufaxilla,Leptotila rufaxilla,Leptotila rufaxilla,Leptotila rufaxilla,Leptotila rufaxilla,Leptotila rufaxilla,Leptotila,Columbidae,1,Bajo
1152,Leptotila rufaxilla,Leptotila rufaxilla,Leptotila rufaxilla,Leptotila rufaxilla,Leptotila rufaxilla,Leptotila rufaxilla,Leptotila rufaxilla,Leptotila rufaxilla,Leptotila rufaxilla,Leptotila rufaxilla,Leptotila rufaxilla,Leptotila rufaxilla,Leptotila,Columbidae,1,Bajo
1153,Leptotila rufaxilla,Leptotila rufaxilla,Leptotila rufaxilla,Leptotila rufaxilla,Leptotila rufaxilla,Leptotila rufaxilla,Leptotila rufaxilla,Leptotila verreauxi,Leptotila rufaxilla,Leptotila rufaxilla,Leptotila rufaxilla,Leptotila rufaxilla,Leptotila,Columbidae,1,Bajo
1155,Leptotila rufaxilla,Leptotila rufaxilla,Leptotila rufaxilla,Leptotila rufaxilla,Leptotila rufaxilla,Leptotila rufaxilla,Leptotila rufaxilla,Leptotila rufaxilla,Leptotila rufaxilla,Leptotila rufaxilla,Leptotila rufaxilla,Leptotila rufaxilla,Leptotila,Columbidae,1,Bajo
1156,Leptotila rufaxilla,Leptotila verreauxi,Leptotila verreauxi,Leptotila rufaxilla,Leptotila rufaxilla,Leptotila rufaxilla,Leptotila verreauxi,Leptotila verreauxi,Leptotila verreauxi,Leptotila verreauxi,Leptotila verreauxi,Leptotila verreauxi,Leptotila,Columbidae,1,Bajo
1157,Leptotila rufaxilla,Crypturellus obsoletus,Crypturellus obsoletus,Crypturellus obsoletus,Crypturellus obsoletus,Crypturellus obsoletus,Dasyprocta azarae,Nothura maculosa,Crypturellus obsoletus,Crypturellus obsoletus,Crypturellus obsoletus,Crypturellus obsoletus,Leptotila,Columbidae,1,Bajo
1158,Leptotila rufaxilla,Leptotila rufaxilla,Leptotila rufaxilla,Leptotila rufaxilla,Leptotila rufaxilla,Leptotila rufaxilla,Leptotila rufaxilla,Leptotila rufaxilla,Leptotila rufaxilla,Leptotila rufaxilla,Leptotila rufaxilla,Leptotila rufaxilla,Leptotila,Columbidae,1,Bajo
1159,Leptotila verreauxi,Leptotila rufaxilla,Leptotila verreauxi,Leptotila verreauxi,Leptotila rufaxilla,Leptotila rufaxilla,Leptotila rufaxilla,Leptotila rufaxilla,Leptotila verreauxi,Leptotila verreauxi,Leptotila verreauxi,Leptotila rufaxilla,Leptotila,Columbidae,1,Bajo
1161,Leptotila verreauxi,Leptotila rufaxilla,Leptotila rufaxilla,Leptotila rufaxilla,Leptotila rufaxilla,Leptotila rufaxilla,Leptotila rufaxilla,Leptotila rufaxilla,Leptotila rufaxilla,Leptotila rufaxilla,Leptotila rufaxilla,Leptotila rufaxilla,Leptotila,Columbidae,1,Bajo
1162,Leptotila verreauxi,Leptotila verreauxi,Leptotila verreauxi,Leptotila verreauxi,Leptotila verreauxi,Leptotila verreauxi,Leptotila verreauxi,Leptotila verreauxi,Leptotila verreauxi,Leptotila verreauxi,Leptotila verreauxi,Leptotila verreauxi,Leptotila,Columbidae,1,Bajo
1163,Leptotila verreauxi,Leptotila rufaxilla,Leptotila verreauxi,Leptotila verreauxi,Leptotila rufaxilla,Leptotila verreauxi,Leptotila rufaxilla,Leptotila verreauxi,Leptotila verreauxi,Leptotila verreauxi,Leptotila verreauxi,Leptotila rufaxilla,Leptotila,Columbidae,1,Bajo
1164,Leptotila verreauxi,Turdus rufiventris,Myiothlypis leucoblephara,Conopophaga lineata vulgaris,Conopophaga lineata vulgaris,Turdus rufiventris,Turdus albicollis,Turdus rufiventris,Myiothlypis leucoblephara,Myiothlypis leucoblephara,Myiothlypis leucoblephara,Turdus rufiventris,Leptotila,Columbidae,1,Bajo
1165,Leptotila verreauxi,Leptotila verreauxi,Leptotila verreauxi,Leptotila verreauxi,Leptotila verreauxi,Leptotila verreauxi,Leptotila rufaxilla,Leptotila verreauxi,Leptotila verreauxi,Leptotila verreauxi,Leptotila verreauxi,Leptotila verreauxi,Leptotila,Columbidae,1,Bajo
1166,Leptotila verreauxi,Leptotila rufaxilla,Leptotila rufaxilla,Leptotila rufaxilla,Leptotila rufaxilla,Leptotila rufaxilla,Leptotila rufaxilla,Leptotila rufaxilla,Leptotila rufaxilla,Leptotila rufaxilla,Leptotila rufaxilla,Leptotila rufaxilla,Leptotila,Columbidae,1,Bajo
1167,Leptotila verreauxi,Leptotila rufaxilla,Leptotila verreauxi,Leptotila rufaxilla,Leptotila rufaxilla,Leptotila rufaxilla,Leptotila rufaxilla,Leptotila rufaxilla,Leptotila verreauxi,Leptotila verreauxi,Leptotila verreauxi,Leptotila rufaxilla,Leptotila,Columbidae,1,Bajo
1168,Leptotila verreauxi,Leptotila rufaxilla,Leptotila verreauxi,Leptotila rufaxilla,Leptotila rufaxilla,Leptotila verreauxi,Leptotila rufaxilla,Leptotila verreauxi,Leptotila verreauxi,Leptotila verreauxi,Leptotila verreauxi,Leptotila rufaxilla,Leptotila,Columbidae,1,Bajo
1169,Leptotila verreauxi,Leptotila rufaxilla,Crypturellus tataupa,Leptotila verreauxi,Crypturellus tataupa,Leptotila verreauxi,Leptotila rufaxilla,Leptotila rufaxilla,Crypturellus tataupa,Crypturellus tataupa,Crypturellus tataupa,Leptotila rufaxilla,Leptotila,Columbidae,1,Bajo
1170,Leptotila verreauxi,Leptotila verreauxi,Leptotila verreauxi,Leptotila verreauxi,Leptotila rufaxilla,Leptotila verreauxi,Leptotila rufaxilla,Leptotila verreauxi,Leptotila verreauxi,Leptotila verreauxi,Leptotila verreauxi,Leptotila verreauxi,Leptotila,Columbidae,1,Bajo
1171,Leptotila verreauxi,Leptotila verreauxi,Leptotila rufaxilla,Leptotila rufaxilla,Crypturellus obsoletus,Leptotila verreauxi,Leptotila verreauxi,Leptotila rufaxilla,Leptotila rufaxilla,Leptotila rufaxilla,Leptotila rufaxilla,Leptotila verreauxi,Leptotila,Columbidae,1,Bajo
1172,Leptotila verreauxi,Leptotila rufaxilla,Leptotila verreauxi,Leptotila verreauxi,Leptotila rufaxilla,Leptotila verreauxi,Leptotila rufaxilla,Leptotila rufaxilla,Leptotila verreauxi,Leptotila verreauxi,Leptotila verreauxi,Leptotila rufaxilla,Leptotila,Columbidae,1,Bajo
1173,Leptotila verreauxi,Leptotila verreauxi,Leptotila verreauxi,Leptotila verreauxi,Leptotila verreauxi,Leptotila verreauxi,Leptotila verreauxi,Leptotila verreauxi,Leptotila verreauxi,Leptotila verreauxi,Leptotila verreauxi,Leptotila verreauxi,Leptotila,Columbidae,1,Bajo
1174,Leptotila verreauxi,Leptotila rufaxilla,Leptotila rufaxilla,Leptotila rufaxilla,Leptotila rufaxilla,Leptotila rufaxilla,Leptotila rufaxilla,Leptotila rufaxilla,Leptotila rufaxilla,Leptotila rufaxilla,Leptotila rufaxilla,Leptotila rufaxilla,Leptotila,Columbidae,1,Bajo
1175,Leptotila verreauxi,Herpailurus yagouaroundi,Nyctidromus albicollis,Herpailurus yagouaroundi,Herpailurus yagouaroundi,Pyriglena leucoptera,Salvator merianae,Myiothlypis leucoblephara,Nyctidromus albicollis,Nyctidromus albicollis,Nyctidromus albicollis,Herpailurus yagouaroundi,Leptotila,Columbidae,1,Bajo
1176,Leptotila verreauxi,Leptotila rufaxilla,Tinamus solitarius,Conopophaga lineata,Leptotila rufaxilla,Leptotila rufaxilla,Leptotila rufaxilla,Leptotila rufaxilla,Tinamus solitarius,Tinamus solitarius,Tinamus solitarius,Leptotila rufaxilla,Leptotila,Columbidae,1,Bajo
1177,Leptotila verreauxi,Leptotila rufaxilla,Chamaeza campanisona,Chamaeza campanisona,Leptotila rufaxilla,Leptotila rufaxilla,Leptotila rufaxilla,Leptotila verreauxi,Chamaeza campanisona,Chamaeza campanisona,Chamaeza campanisona,Leptotila rufaxilla,Leptotila,Columbidae,1,Bajo
1178,Leptotila verreauxi,Crypturellus obsoletus,Crypturellus obsoletus,Crypturellus obsoletus,Crypturellus obsoletus,Aramides saracura,Aramides saracura,Leptotila verreauxi,Crypturellus obsoletus,Crypturellus obsoletus,Crypturellus obsoletus,Crypturellus obsoletus,Leptotila,Columbidae,1,Bajo
1179,Leptotila verreauxi,Leptotila rufaxilla,Leptotila rufaxilla,Leptotila verreauxi,Leptotila rufaxilla,Leptotila rufaxilla,Leptotila rufaxilla,Leptotila verreauxi,Leptotila rufaxilla,Leptotila rufaxilla,Leptotila rufaxilla,Leptotila rufaxilla,Leptotila,Columbidae,1,Bajo
1181,Leptotila verreauxi,Leptotila rufaxilla,Leptotila verreauxi,Leptotila verreauxi,Leptotila verreauxi,Leptotila rufaxilla,Leptotila rufaxilla,Leptotila rufaxilla,Leptotila verreauxi,Leptotila verreauxi,Leptotila verreauxi,Leptotila rufaxilla,Leptotila,Columbidae,1,Bajo
1183,Leptotila verreauxi,Leptotila verreauxi,Crypturellus obsoletus,Crypturellus obsoletus,Crypturellus obsoletus,Leptotila verreauxi,Leptotila rufaxilla,Leptotila rufaxilla,Crypturellus obsoletus,Crypturellus obsoletus,Crypturellus obsoletus,Leptotila verreauxi,Leptotila,Columbidae,1,Bajo
1184,Leptotila verreauxi,Leptotila verreauxi,Leptotila verreauxi,Leptotila verreauxi,Leptotila rufaxilla,Leptotila verreauxi,Leptotila rufaxilla,Leptotila verreauxi,Leptotila verreauxi,Leptotila verreauxi,Leptotila verreauxi,Leptotila verreauxi,Leptotila,Columbidae,1,Bajo
1185,Leptotila verreauxi,Crypturellus tataupa,Dasyprocta azarae,Crypturellus obsoletus,Crypturellus obsoletus,Nyctidromus albicollis,Dasyprocta azarae,Crypturellus tataupa,Dasyprocta azarae,Dasyprocta azarae,Dasyprocta azarae,Crypturellus tataupa,Leptotila,Columbidae,1,Bajo
1186,Leptotila verreauxi,Leptotila rufaxilla,Leptotila rufaxilla,Leptotila rufaxilla,Leptotila rufaxilla,Leptotila rufaxilla,Leptotila rufaxilla,Leptotila rufaxilla,Leptotila rufaxilla,Leptotila rufaxilla,Leptotila rufaxilla,Leptotila rufaxilla,Leptotila,Columbidae,1,Bajo
1187,Leptotila verreauxi,Pyriglena leucoptera,Myiothlypis leucoblephara,Hypoedaleus guttatus,Amazona vinacea,Leptotila verreauxi,Hypoedaleus guttatus,Amazona vinacea,Myiothlypis leucoblephara,Myiothlypis leucoblephara,Myiothlypis leucoblephara,Pyriglena leucoptera,Leptotila,Columbidae,1,Bajo
1188,Leptotila verreauxi,Myiothlypis leucoblephara,Myiothlypis leucoblephara,Conopophaga lineata,Conopophaga lineata,Leptotila verreauxi,Pyriglena leucoptera,Myiothlypis leucoblephara,Myiothlypis leucoblephara,Myiothlypis leucoblephara,Myiothlypis leucoblephara,Myiothlypis leucoblephara,Leptotila,Columbidae,1,Bajo
1189,Leptotila verreauxi,Leptotila verreauxi,Leptotila verreauxi,Leptotila verreauxi,Leptotila verreauxi,Leptotila rufaxilla,Leptotila rufaxilla,Leptotila rufaxilla,Leptotila verreauxi,Leptotila verreauxi,Leptotila verreauxi,Leptotila verreauxi,Leptotila,Columbidae,1,Bajo
1190,Leptotila verreauxi,Leptotila rufaxilla,Leptotila verreauxi,Leptotila rufaxilla,Leptotila rufaxilla,Leptotila verreauxi,Leptotila rufaxilla,Leptotila verreauxi,Leptotila verreauxi,Leptotila verreauxi,Leptotila verreauxi,Leptotila rufaxilla,Leptotila,Columbidae,1,Bajo
1191,Leptotila verreauxi,Leptotila rufaxilla,Leptotila rufaxilla,Leptotila rufaxilla,Leptotila rufaxilla,Leptotila rufaxilla,Leptotila rufaxilla,Leptotila rufaxilla,Leptotila rufaxilla,Leptotila rufaxilla,Leptotila rufaxilla,Leptotila rufaxilla,Leptotila,Columbidae,1,Bajo
1192,Leptotila verreauxi,Leptotila rufaxilla,Leptotila rufaxilla,Leptotila rufaxilla,Leptotila rufaxilla,Leptotila rufaxilla,Leptotila rufaxilla,Leptotila rufaxilla,Leptotila rufaxilla,Leptotila rufaxilla,Leptotila rufaxilla,Leptotila rufaxilla,Leptotila,Columbidae,1,Bajo
1194,Leptotila verreauxi,Leptotila rufaxilla,Leptotila verreauxi,Leptotila verreauxi,Leptotila verreauxi,Leptotila verreauxi,Leptotila rufaxilla,Leptotila verreauxi,Leptotila verreauxi,Leptotila verreauxi,Leptotila verreauxi,Leptotila rufaxilla,Leptotila,Columbidae,1,Bajo
1195,Leptotila verreauxi,Leptotila verreauxi,Leptotila rufaxilla,Leptotila rufaxilla,Leptotila rufaxilla,Leptotila rufaxilla,Leptotila rufaxilla,Leptotila verreauxi,Leptotila rufaxilla,Leptotila rufaxilla,Leptotila rufaxilla,Leptotila verreauxi,Leptotila,Columbidae,1,Bajo
1198,Leptotila verreauxi,Leptotila rufaxilla,Leptotila rufaxilla,Leptotila rufaxilla,Leptotila rufaxilla,Leptotila rufaxilla,Leptotila rufaxilla,Leptotila rufaxilla,Leptotila rufaxilla,Leptotila rufaxilla,Leptotila rufaxilla,Leptotila rufaxilla,Leptotila,Columbidae,1,Bajo
1199,Leptotila verreauxi,Leptotila rufaxilla,Leptotila verreauxi,Leptotila verreauxi,Leptotila rufaxilla,Leptotila rufaxilla,Leptotila rufaxilla,Leptotila rufaxilla,Leptotila verreauxi,Leptotila verreauxi,Leptotila verreauxi,Leptotila rufaxilla,Leptotila,Columbidae,1,Bajo
1200,Leptotila verreauxi,Pyriglena leucoptera,Conopophaga lineata,Conopophaga lineata,Conopophaga lineata,Turdus albicollis,Turdus albicollis,Turdus albicollis,Conopophaga lineata,Conopophaga lineata,Conopophaga lineata,Pyriglena leucoptera,Leptotila,Columbidae,1,Bajo
1201,Leptotila verreauxi,Leptotila verreauxi,Leptotila verreauxi,Leptotila verreauxi,Leptotila verreauxi,Leptotila verreauxi,Leptotila rufaxilla,Leptotila verreauxi,Leptotila verreauxi,Leptotila verreauxi,Leptotila verreauxi,Leptotila verreauxi,Leptotila,Columbidae,1,Bajo
1203,Leptotila verreauxi,Leptotila rufaxilla,Leptotila rufaxilla,Crypturellus obsoletus,Leptotila rufaxilla,Leptotila rufaxilla,Leptotila rufaxilla,Leptotila rufaxilla,Leptotila rufaxilla,Leptotila rufaxilla,Leptotila rufaxilla,Leptotila rufaxilla,Leptotila,Columbidae,1,Bajo
1204,Leptotila verreauxi,Leptotila verreauxi,Leptotila verreauxi,Leptotila rufaxilla,Leptotila rufaxilla,Leptotila rufaxilla,Leptotila rufaxilla,Leptotila rufaxilla,Leptotila verreauxi,Leptotila verreauxi,Leptotila verreauxi,Leptotila rufaxilla,Leptotila,Columbidae,1,Bajo
1205,Leptotila verreauxi,Leptotila verreauxi,Leptotila verreauxi,Geotrygon montana,Leptotila verreauxi,Leptotila verreauxi,Leptotila rufaxilla,Leptotila verreauxi,Leptotila verreauxi,Leptotila verreauxi,Leptotila verreauxi,Leptotila verreauxi,Leptotila,Columbidae,1,Bajo
1206,Leptotila verreauxi,Leptotila rufaxilla,Leptotila rufaxilla,Leptotila rufaxilla,Leptotila rufaxilla,Leptotila rufaxilla,Leptotila rufaxilla,Leptotila verreauxi,Leptotila rufaxilla,Leptotila rufaxilla,Leptotila rufaxilla,Leptotila rufaxilla,Leptotila,Columbidae,1,Bajo
1207,Leptotila verreauxi,Leptotila verreauxi,Leptotila rufaxilla,Leptotila rufaxilla,Leptotila rufaxilla,Leptotila verreauxi,Leptotila rufaxilla,Leptotila rufaxilla,Leptotila rufaxilla,Leptotila rufaxilla,Leptotila rufaxilla,Leptotila verreauxi,Leptotila,Columbidae,1,Bajo
1209,Leptotila verreauxi,Leptotila verreauxi,Leptotila verreauxi,Aramides saracura,Leptotila verreauxi,Leptotila verreauxi,Leptotila verreauxi,Leptotila verreauxi,Leptotila verreauxi,Leptotila verreauxi,Leptotila verreauxi,Leptotila verreauxi,Leptotila,Columbidae,1,Bajo
1211,Leptotila verreauxi,Leptotila verreauxi,Leptotila verreauxi,Leptotila verreauxi,Leptotila verreauxi,Leptotila verreauxi,Leptotila verreauxi,Leptotila verreauxi,Leptotila verreauxi,Leptotila verreauxi,Leptotila verreauxi,Leptotila verreauxi,Leptotila,Columbidae,1,Bajo
1215,Leptotila verreauxi,Leptotila verreauxi,Myiothlypis leucoblephara,Leptotila verreauxi,Leptotila verreauxi,Leptotila verreauxi,Leptotila verreauxi,Leptotila verreauxi,Myiothlypis leucoblephara,Myiothlypis leucoblephara,Myiothlypis leucoblephara,Leptotila verreauxi,Leptotila,Columbidae,1,Bajo
1216,Leptotila verreauxi,Leptotila verreauxi,Leptotila verreauxi,Leptotila verreauxi,Leptotila verreauxi,Leptotila verreauxi,Leptotila verreauxi,Leptotila verreauxi,Leptotila verreauxi,Leptotila verreauxi,Leptotila verreauxi,Leptotila verreauxi,Leptotila,Columbidae,1,Bajo
1217,Leptotila verreauxi,Leptotila verreauxi,Leptotila rufaxilla,Leptotila rufaxilla,Leptotila rufaxilla,Leptotila verreauxi,Leptotila rufaxilla,Leptotila verreauxi,Leptotila rufaxilla,Leptotila rufaxilla,Leptotila rufaxilla,Leptotila verreauxi,Leptotila,Columbidae,1,Bajo
1218,Leptotila verreauxi,Leptotila rufaxilla,Leptotila rufaxilla,Leptotila rufaxilla,Leptotila rufaxilla,Leptotila rufaxilla,Leptotila rufaxilla,Leptotila rufaxilla,Leptotila rufaxilla,Leptotila rufaxilla,Leptotila rufaxilla,Leptotila rufaxilla,Leptotila,Columbidae,1,Bajo
1219,Leptotila verreauxi,Leptotila rufaxilla,Leptotila verreauxi,Leptotila rufaxilla,Leptotila rufaxilla,Leptotila verreauxi,Leptotila rufaxilla,Leptotila verreauxi,Leptotila verreauxi,Leptotila verreauxi,Leptotila verreauxi,Leptotila rufaxilla,Leptotila,Columbidae,1,Bajo
1220,Leptotila verreauxi,Leptotila verreauxi,Leptotila verreauxi,Leptotila rufaxilla,Leptotila rufaxilla,Leptotila verreauxi,Leptotila rufaxilla,Leptotila verreauxi,Leptotila verreauxi,Leptotila verreauxi,Leptotila verreauxi,Leptotila verreauxi,Leptotila,Columbidae,1,Bajo
1221,Leptotila verreauxi,Leptotila verreauxi,Leptotila verreauxi,Leptotila verreauxi,Leptotila verreauxi,Leptotila verreauxi,Leptotila verreauxi,Leptotila verreauxi,Leptotila verreauxi,Leptotila verreauxi,Leptotila verreauxi,Leptotila verreauxi,Leptotila,Columbidae,1,Bajo
1223,Leptotila verreauxi,Leptotila rufaxilla,Leptotila rufaxilla,Leptotila rufaxilla,Leptotila rufaxilla,Leptotila rufaxilla,Leptotila rufaxilla,Leptotila rufaxilla,Leptotila rufaxilla,Leptotila rufaxilla,Leptotila rufaxilla,Leptotila rufaxilla,Leptotila,Columbidae,1,Bajo
1224,Leptotila verreauxi,Leptotila verreauxi,Leptotila rufaxilla,Leptotila rufaxilla,Leptotila rufaxilla,Leptotila verreauxi,Leptotila rufaxilla,Leptotila verreauxi,Leptotila rufaxilla,Leptotila rufaxilla,Leptotila rufaxilla,Leptotila verreauxi,Leptotila,Columbidae,1,Bajo
1225,Leptotila verreauxi,Crypturellus obsoletus,Crypturellus obsoletus,Crypturellus obsoletus,Crypturellus obsoletus,Crypturellus obsoletus,Aramides saracura,Leptotila rufaxilla,Crypturellus obsoletus,Crypturellus obsoletus,Crypturellus obsoletus,Crypturellus obsoletus,Leptotila,Columbidae,1,Bajo
1226,Leptotila verreauxi,Leptotila rufaxilla,Leptotila rufaxilla,Leptotila rufaxilla,Leptotila rufaxilla,Leptotila verreauxi,Leptotila rufaxilla,Leptotila verreauxi,Leptotila rufaxilla,Leptotila rufaxilla,Leptotila rufaxilla,Leptotila rufaxilla,Leptotila,Columbidae,1,Bajo
1227,Conopophaga lineata,Conopophaga lineata,Conopophaga lineata,Conopophaga lineata,Conopophaga lineata,Conopophaga lineata,Conopophaga lineata,Conopophaga lineata,Conopophaga lineata,Conopophaga lineata,Conopophaga lineata,Conopophaga lineata,Conopophaga,Conopophagidae,1,Bajo
1229,Conopophaga lineata,Conopophaga lineata,Conopophaga lineata,Conopophaga lineata,Conopophaga lineata,Conopophaga lineata,Conopophaga lineata,Conopophaga lineata,Conopophaga lineata,Conopophaga lineata,Conopophaga lineata,Conopophaga lineata,Conopophaga,Conopophagidae,1,Bajo
1230,Conopophaga lineata,Conopophaga lineata,Conopophaga lineata,Conopophaga lineata,Conopophaga lineata,Conopophaga lineata,Conopophaga lineata,Conopophaga lineata,Conopophaga lineata,Conopophaga lineata,Conopophaga lineata,Conopophaga lineata,Conopophaga,Conopophagidae,1,Bajo
1231,Conopophaga lineata,Myiothlypis leucoblephara,Turdus albicollis,Crypturellus obsoletus,Myiothlypis leucoblephara,Myiothlypis leucoblephara,Myiothlypis leucoblephara,Leptotila rufaxilla,Turdus albicollis,Turdus albicollis,Turdus albicollis,Myiothlypis leucoblephara,Conopophaga,Conopophagidae,1,Bajo
1232,Conopophaga lineata,Conopophaga lineata,Conopophaga lineata,Conopophaga lineata,Conopophaga lineata,Conopophaga lineata,Conopophaga lineata,Conopophaga lineata,Conopophaga lineata,Conopophaga lineata,Conopophaga lineata,Conopophaga lineata,Conopophaga,Conopophagidae,1,Bajo
1233,Conopophaga lineata,Conopophaga lineata,Conopophaga lineata vulgaris,Conopophaga lineata,Conopophaga lineata,Conopophaga lineata,Conopophaga lineata,Conopophaga lineata,Conopophaga lineata vulgaris,Conopophaga lineata vulgaris,Conopophaga lineata vulgaris,Conopophaga lineata,Conopophaga,Conopophagidae,1,Bajo
1234,Conopophaga lineata,Conopophaga lineata,Synallaxis ruficapilla,Conopophaga lineata,Conopophaga lineata,Conopophaga lineata,Conopophaga lineata,Conopophaga lineata,Synallaxis ruficapilla,Synallaxis ruficapilla,Synallaxis ruficapilla,Conopophaga lineata,Conopophaga,Conopophagidae,1,Bajo
1235,Conopophaga lineata,Conopophaga lineata,Turdus albicollis,Conopophaga lineata,Conopophaga lineata,Conopophaga lineata,Conopophaga lineata,Conopophaga lineata,Turdus albicollis,Turdus albicollis,Turdus albicollis,Conopophaga lineata,Conopophaga,Conopophagidae,1,Bajo
1236,Conopophaga lineata,Conopophaga lineata,Conopophaga lineata,Conopophaga lineata,Conopophaga lineata,Conopophaga lineata,Conopophaga lineata,Conopophaga lineata,Conopophaga lineata,Conopophaga lineata,Conopophaga lineata,Conopophaga lineata,Conopophaga,Conopophagidae,1,Bajo
1237,Conopophaga lineata,Conopophaga lineata,Conopophaga lineata,Conopophaga lineata,Conopophaga lineata,Conopophaga lineata,Conopophaga lineata,Conopophaga lineata,Conopophaga lineata,Conopophaga lineata,Conopophaga lineata,Conopophaga lineata,Conopophaga,Conopophagidae,1,Bajo
1238,Conopophaga lineata,Conopophaga lineata,Conopophaga lineata,Conopophaga lineata,Conopophaga lineata,Conopophaga lineata,Conopophaga lineata,Conopophaga lineata,Conopophaga lineata,Conopophaga lineata,Conopophaga lineata,Conopophaga lineata,Conopophaga,Conopophagidae,1,Bajo
1240,Conopophaga lineata,Conopophaga lineata,Conopophaga lineata,Conopophaga lineata,Conopophaga lineata,Conopophaga lineata,Conopophaga lineata,Conopophaga lineata,Conopophaga lineata,Conopophaga lineata,Conopophaga lineata,Conopophaga lineata,Conopophaga,Conopophagidae,1,Bajo
1241,Conopophaga lineata,Conopophaga lineata,Pyriglena leucoptera,Conopophaga lineata vulgaris,Conopophaga lineata,Conopophaga lineata,Conopophaga lineata,Manacus manacus,Pyriglena leucoptera,Pyriglena leucoptera,Pyriglena leucoptera,Conopophaga lineata,Conopophaga,Conopophagidae,1,Bajo
1242,Conopophaga lineata,Conopophaga lineata,Conopophaga lineata,Conopophaga lineata,Conopophaga lineata,Conopophaga lineata,Conopophaga lineata,Conopophaga lineata,Conopophaga lineata,Conopophaga lineata,Conopophaga lineata,Conopophaga lineata,Conopophaga,Conopophagidae,1,Bajo
1244,Conopophaga lineata,Conopophaga lineata,Conopophaga lineata,Conopophaga lineata,Conopophaga lineata,Conopophaga lineata,Conopophaga lineata,Myiothlypis leucoblephara,Conopophaga lineata,Conopophaga lineata,Conopophaga lineata,Conopophaga lineata,Conopophaga,Conopophagidae,1,Bajo
1245,Conopophaga lineata,Conopophaga lineata,Myiothlypis leucoblephara,Conopophaga lineata,Synallaxis ruficapilla,Conopophaga lineata,Conopophaga lineata,Conopophaga lineata,Myiothlypis leucoblephara,Myiothlypis leucoblephara,Myiothlypis leucoblephara,Conopophaga lineata,Conopophaga,Conopophagidae,1,Bajo
1247,Conopophaga lineata,Conopophaga lineata,Conopophaga lineata,Conopophaga lineata,Conopophaga lineata,Conopophaga lineata,Conopophaga lineata,Conopophaga lineata,Conopophaga lineata,Conopophaga lineata,Conopophaga lineata,Conopophaga lineata,Conopophaga,Conopophagidae,1,Bajo
1248,Conopophaga lineata,Conopophaga lineata,Conopophaga lineata,Conopophaga lineata,Conopophaga lineata,Conopophaga lineata,Conopophaga lineata,Conopophaga lineata,Conopophaga lineata,Conopophaga lineata,Conopophaga lineata,Conopophaga lineata,Conopophaga,Conopophagidae,1,Bajo
1249,Conopophaga lineata,Conopophaga lineata,Conopophaga lineata,Conopophaga lineata,Conopophaga lineata,Conopophaga lineata,Conopophaga lineata,Conopophaga lineata,Conopophaga lineata,Conopophaga lineata,Conopophaga lineata,Conopophaga lineata,Conopophaga,Conopophagidae,1,Bajo
1250,Conopophaga lineata,Conopophaga lineata,Conopophaga lineata,Conopophaga lineata,Conopophaga lineata,Conopophaga lineata,Conopophaga lineata,Conopophaga lineata,Conopophaga lineata,Conopophaga lineata,Conopophaga lineata,Conopophaga lineata,Conopophaga,Conopophagidae,1,Bajo
1252,Conopophaga lineata,Conopophaga lineata vulgaris,Conopophaga lineata vulgaris,Conopophaga lineata vulgaris,Turdus albicollis,Turdus rufiventris,Turdus albicollis,Turdus rufiventris,Conopophaga lineata vulgaris,Conopophaga lineata vulgaris,Conopophaga lineata vulgaris,Conopophaga lineata vulgaris,Conopophaga,Conopophagidae,1,Bajo
1253,Conopophaga lineata,Conopophaga lineata,Conopophaga lineata,Conopophaga lineata,Conopophaga lineata,Conopophaga lineata,Conopophaga lineata,Conopophaga lineata,Conopophaga lineata,Conopophaga lineata,Conopophaga lineata,Conopophaga lineata,Conopophaga,Conopophagidae,1,Bajo
1254,Conopophaga lineata,Conopophaga lineata,Conopophaga lineata,Conopophaga lineata,Conopophaga lineata,Conopophaga lineata,Conopophaga lineata,Conopophaga lineata,Conopophaga lineata,Conopophaga lineata,Conopophaga lineata,Conopophaga lineata,Conopophaga,Conopophagidae,1,Bajo
1256,Conopophaga lineata,Conopophaga lineata,Synallaxis ruficapilla,Conopophaga lineata,Conopophaga lineata,Conopophaga lineata,Conopophaga lineata,Conopophaga lineata,Synallaxis ruficapilla,Synallaxis ruficapilla,Synallaxis ruficapilla,Conopophaga lineata,Conopophaga,Conopophagidae,1,Bajo
1257,Conopophaga lineata,Conopophaga lineata,Conopophaga lineata,Conopophaga lineata,Conopophaga lineata,Conopophaga lineata,Conopophaga lineata,Conopophaga lineata,Conopophaga lineata,Conopophaga lineata,Conopophaga lineata,Conopophaga lineata,Conopophaga,Conopophagidae,1,Bajo
1258,Conopophaga lineata,Conopophaga lineata,Turdus albicollis,Conopophaga lineata,Conopophaga lineata,Conopophaga lineata,Conopophaga lineata,Conopophaga lineata,Turdus albicollis,Turdus albicollis,Turdus albicollis,Conopophaga lineata,Conopophaga,Conopophagidae,1,Bajo
1259,Conopophaga lineata,Conopophaga lineata,Conopophaga lineata,Conopophaga lineata,Conopophaga lineata,Turdus albicollis,Turdus albicollis,Turdus albicollis,Conopophaga lineata,Conopophaga lineata,Conopophaga lineata,Conopophaga lineata,Conopophaga,Conopophagidae,1,Bajo
1261,Conopophaga lineata,Conopophaga lineata,Conopophaga lineata,Conopophaga lineata,Conopophaga lineata,Conopophaga lineata,Conopophaga lineata,Conopophaga lineata,Conopophaga lineata,Conopophaga lineata,Conopophaga lineata,Conopophaga lineata,Conopophaga,Conopophagidae,1,Bajo
1262,Conopophaga lineata,Conopophaga lineata vulgaris,Synallaxis ruficapilla,Synallaxis ruficapilla,Conopophaga lineata vulgaris,Synallaxis ruficapilla,Turdus albicollis,Habia rubica,Synallaxis ruficapilla,Synallaxis ruficapilla,Synallaxis ruficapilla,Conopophaga lineata vulgaris,Conopophaga,Conopophagidae,1,Bajo
1263,Conopophaga lineata,Conopophaga lineata,Turdus albicollis,Conopophaga lineata,Conopophaga lineata,Conopophaga lineata,Conopophaga lineata,Conopophaga lineata,Turdus albicollis,Turdus albicollis,Turdus albicollis,Conopophaga lineata,Conopophaga,Conopophagidae,1,Bajo
1264,Conopophaga lineata,Conopophaga lineata,Conopophaga lineata,Conopophaga lineata,Conopophaga lineata,Conopophaga lineata,Conopophaga lineata,Conopophaga lineata,Conopophaga lineata,Conopophaga lineata,Conopophaga lineata,Conopophaga lineata,Conopophaga,Conopophagidae,1,Bajo
1266,Conopophaga lineata,Didelphis albiventris,Crypturellus tataupa,Crypturellus tataupa,Crypturellus tataupa,Baryphthengus ruficapillus,Didelphis albiventris,Dasypus novemcinctus,Crypturellus tataupa,Crypturellus tataupa,Crypturellus tataupa,Didelphis albiventris,Conopophaga,Conopophagidae,1,Bajo
1267,Conopophaga lineata,Conopophaga lineata,Conopophaga lineata,Conopophaga lineata,Conopophaga lineata,Conopophaga lineata,Conopophaga lineata,Conopophaga lineata,Conopophaga lineata,Conopophaga lineata,Conopophaga lineata,Conopophaga lineata,Conopophaga,Conopophagidae,1,Bajo
1268,Conopophaga lineata,Conopophaga lineata,Conopophaga lineata,Conopophaga lineata,Conopophaga lineata,Conopophaga lineata,Conopophaga lineata,Conopophaga lineata,Conopophaga lineata,Conopophaga lineata,Conopophaga lineata,Conopophaga lineata,Conopophaga,Conopophagidae,1,Bajo
1270,Conopophaga lineata,Chamaeza campanisona,Geotrygon montana,Crypturellus obsoletus,Crypturellus obsoletus,Chamaeza campanisona,Dasyprocta azarae,Dasyprocta azarae,Geotrygon montana,Geotrygon montana,Geotrygon montana,Chamaeza campanisona,Conopophaga,Conopophagidae,1,Bajo
1271,Conopophaga lineata,Conopophaga lineata,Conopophaga lineata,Conopophaga lineata,Conopophaga lineata,Conopophaga lineata,Conopophaga lineata,Conopophaga lineata,Conopophaga lineata,Conopophaga lineata,Conopophaga lineata,Conopophaga lineata,Conopophaga,Conopophagidae,1,Bajo
1272,Conopophaga lineata,Turdus albicollis,Turdus rufiventris,Turdus albicollis,Habia rubica,Conopophaga lineata,Turdus albicollis,Turdus albicollis,Turdus rufiventris,Turdus rufiventris,Turdus rufiventris,Turdus albicollis,Conopophaga,Conopophagidae,1,Bajo
1273,Conopophaga lineata,Conopophaga lineata,Conopophaga lineata,Conopophaga lineata,Conopophaga lineata,Conopophaga lineata,Conopophaga lineata,Turdus albicollis,Conopophaga lineata,Conopophaga lineata,Conopophaga lineata,Conopophaga lineata,Conopophaga,Conopophagidae,1,Bajo
1274,Conopophaga lineata,Conopophaga lineata,Conopophaga lineata,Conopophaga lineata,Conopophaga lineata,Conopophaga lineata,Conopophaga lineata,Conopophaga lineata,Conopophaga lineata,Conopophaga lineata,Conopophaga lineata,Conopophaga lineata,Conopophaga,Conopophagidae,1,Bajo
1275,Conopophaga lineata,Conopophaga lineata,Habia rubica,Habia rubica,Synallaxis ruficapilla,Conopophaga lineata,Turdus albicollis,Turdus albicollis,Habia rubica,Habia rubica,Habia rubica,Conopophaga lineata,Conopophaga,Conopophagidae,1,Bajo
1276,Conopophaga lineata,Brotogeris chiriri,Dasypus novemcinctus,Brotogeris chiriri,Brotogeris chiriri,Brotogeris chiriri,Brotogeris chiriri,Dasypus novemcinctus,Dasypus novemcinctus,Dasypus novemcinctus,Dasypus novemcinctus,Brotogeris chiriri,Conopophaga,Conopophagidae,1,Bajo
1277,Conopophaga lineata,Conopophaga lineata,Conopophaga lineata,Conopophaga lineata,Conopophaga lineata,Conopophaga lineata,Conopophaga lineata,Conopophaga lineata,Conopophaga lineata,Conopophaga lineata,Conopophaga lineata,Conopophaga lineata,Conopophaga,Conopophagidae,1,Bajo
1278,Conopophaga lineata,Conopophaga lineata,Conopophaga lineata,Conopophaga lineata,Conopophaga lineata,Conopophaga lineata,Conopophaga lineata,Conopophaga lineata,Conopophaga lineata,Conopophaga lineata,Conopophaga lineata,Conopophaga lineata,Conopophaga,Conopophagidae,1,Bajo
1279,Conopophaga lineata,Conopophaga lineata,Conopophaga lineata,Conopophaga lineata,Conopophaga lineata,Conopophaga lineata,Conopophaga lineata,Conopophaga lineata,Conopophaga lineata,Conopophaga lineata,Conopophaga lineata,Conopophaga lineata,Conopophaga,Conopophagidae,1,Bajo
1280,Conopophaga lineata,Conopophaga lineata,Conopophaga lineata,Chamaeza campanisona,Conopophaga lineata,Conopophaga lineata,Conopophaga lineata,Conopophaga lineata,Conopophaga lineata,Conopophaga lineata,Conopophaga lineata,Conopophaga lineata,Conopophaga,Conopophagidae,1,Bajo
1284,Conopophaga lineata,Conopophaga lineata,Conopophaga lineata,Conopophaga lineata,Conopophaga lineata,Conopophaga lineata,Conopophaga lineata,Conopophaga lineata,Conopophaga lineata,Conopophaga lineata,Conopophaga lineata,Conopophaga lineata,Conopophaga,Conopophagidae,1,Bajo
1285,Conopophaga lineata,Conopophaga lineata,Conopophaga lineata,Conopophaga lineata,Conopophaga lineata,Conopophaga lineata,Conopophaga lineata,Conopophaga lineata,Conopophaga lineata,Conopophaga lineata,Conopophaga lineata,Conopophaga lineata,Conopophaga,Conopophagidae,1,Bajo
1286,Conopophaga lineata,Pyriglena leucoptera,Baryphthengus ruficapillus,Baryphthengus ruficapillus,Baryphthengus ruficapillus,Turdus albicollis,Turdus albicollis,Turdus albicollis,Baryphthengus ruficapillus,Baryphthengus ruficapillus,Baryphthengus ruficapillus,Pyriglena leucoptera,Conopophaga,Conopophagidae,1,Bajo
1288,Conopophaga lineata,Conopophaga lineata,Synallaxis ruficapilla,Conopophaga lineata,Conopophaga lineata,Conopophaga lineata,Conopophaga lineata,Conopophaga lineata,Synallaxis ruficapilla,Synallaxis ruficapilla,Synallaxis ruficapilla,Conopophaga lineata,Conopophaga,Conopophagidae,1,Bajo
1289,Conopophaga lineata,Turdus rufiventris,Myiothlypis leucoblephara,Conopophaga lineata,Conopophaga lineata,Conopophaga lineata,Conopophaga lineata,Myiothlypis leucoblephara,Myiothlypis leucoblephara,Myiothlypis leucoblephara,Myiothlypis leucoblephara,Turdus rufiventris,Conopophaga,Conopophagidae,1,Bajo
1290,Conopophaga lineata,Conopophaga lineata,Conopophaga lineata,Conopophaga lineata,Conopophaga lineata,Conopophaga lineata,Conopophaga lineata,Conopophaga lineata,Conopophaga lineata,Conopophaga lineata,Conopophaga lineata,Conopophaga lineata,Conopophaga,Conopophagidae,1,Bajo
1291,Conopophaga lineata,Conopophaga lineata,Conopophaga lineata,Conopophaga lineata,Conopophaga lineata,Conopophaga lineata,Conopophaga lineata,Conopophaga lineata,Conopophaga lineata,Conopophaga lineata,Conopophaga lineata,Conopophaga lineata,Conopophaga,Conopophagidae,1,Bajo
1292,Conopophaga lineata,Conopophaga lineata,Conopophaga lineata,Conopophaga lineata,Conopophaga lineata,Conopophaga lineata,Conopophaga lineata,Conopophaga lineata,Conopophaga lineata,Conopophaga lineata,Conopophaga lineata,Conopophaga lineata,Conopophaga,Conopophagidae,1,Bajo
1294,Conopophaga lineata,Conopophaga lineata,Conopophaga lineata,Conopophaga lineata,Conopophaga lineata,Conopophaga lineata,Conopophaga lineata,Conopophaga lineata,Conopophaga lineata,Conopophaga lineata,Conopophaga lineata,Conopophaga lineata,Conopophaga,Conopophagidae,1,Bajo
1295,Conopophaga lineata,Conopophaga lineata,Conopophaga lineata,Conopophaga lineata,Conopophaga lineata,Conopophaga lineata,Conopophaga lineata,Conopophaga lineata,Conopophaga lineata,Conopophaga lineata,Conopophaga lineata,Conopophaga lineata,Conopophaga,Conopophagidae,1,Bajo
1296,Conopophaga lineata,Pyriglena leucoptera,Alouatta guariba clamitans,Alouatta guariba clamitans,Alouatta guariba clamitans,Pyriglena leucoptera,Pyriglena leucoptera,Synallaxis ruficapilla,Alouatta guariba clamitans,Alouatta guariba clamitans,Alouatta guariba clamitans,Pyriglena leucoptera,Conopophaga,Conopophagidae,1,Bajo
1299,Conopophaga lineata vulgaris,Conopophaga lineata,Conopophaga lineata,Conopophaga lineata,Conopophaga lineata,Conopophaga lineata,Conopophaga lineata,Conopophaga lineata,Conopophaga lineata,Conopophaga lineata,Conopophaga lineata,Conopophaga lineata,Conopophaga,Conopophagidae,1,Bajo
1301,Cyanocorax chrysops,Cyanocorax chrysops,Cyanocorax chrysops,Cyanocorax chrysops,Cyanocorax chrysops,Cyanocorax chrysops,Cyanocorax chrysops,Cyanocorax chrysops,Cyanocorax chrysops,Cyanocorax chrysops,Cyanocorax chrysops,Cyanocorax chrysops,Cyanocorax,Corvidae,1,Bajo
1302,Cyanocorax chrysops,Cyanocorax chrysops,Cyanocorax chrysops,Cyanocorax chrysops,Cyanocorax chrysops,Cyanocorax chrysops,Cyanocorax chrysops,Cyanocorax chrysops,Cyanocorax chrysops,Cyanocorax chrysops,Cyanocorax chrysops,Cyanocorax chrysops,Cyanocorax,Corvidae,1,Bajo
1303,Cyanocorax chrysops,Cyanocorax chrysops,Cyanocorax chrysops,Cyanocorax chrysops,Cyanocorax chrysops,Cyanocorax chrysops,Cyanocorax chrysops,Cyanocorax chrysops,Cyanocorax chrysops,Cyanocorax chrysops,Cyanocorax chrysops,Cyanocorax chrysops,Cyanocorax,Corvidae,1,Bajo
1304,Cyanocorax chrysops,Cyanocorax chrysops,Cyanocorax chrysops,Biatas nigropectus,Biatas nigropectus,Cyanocorax chrysops,Cyanocorax chrysops,Pyriglena leucoptera,Cyanocorax chrysops,Cyanocorax chrysops,Cyanocorax chrysops,Cyanocorax chrysops,Cyanocorax,Corvidae,1,Bajo
1305,Cyanocorax chrysops,Herpailurus yagouaroundi,Dasypus novemcinctus,Cyanocorax chrysops,Aramides saracura,Dasypus novemcinctus,Salvator merianae,Aramides saracura,Dasypus novemcinctus,Dasypus novemcinctus,Dasypus novemcinctus,Herpailurus yagouaroundi,Cyanocorax,Corvidae,1,Bajo
1307,Cyanocorax chrysops,Sapajus nigritus,Alouatta guariba clamitans,Alouatta guariba clamitans,Alouatta guariba clamitans,Sapajus nigritus,Sapajus nigritus,Sapajus nigritus,Alouatta guariba clamitans,Alouatta guariba clamitans,Alouatta guariba clamitans,Sapajus nigritus,Cyanocorax,Corvidae,1,Bajo
1308,Cyanocorax chrysops,Cyanocorax chrysops,Cyanocorax chrysops,Cyanocorax chrysops,Cyanocorax chrysops,Cyanocorax chrysops,Cyanocorax chrysops,Cyanocorax chrysops,Cyanocorax chrysops,Cyanocorax chrysops,Cyanocorax chrysops,Cyanocorax chrysops,Cyanocorax,Corvidae,1,Bajo
1309,Cyanocorax chrysops,Cyanocorax chrysops,Cyanocorax chrysops,Cyanocorax chrysops,Cyanocorax chrysops,Cyanocorax chrysops,Cyanocorax chrysops,Cyanocorax chrysops,Cyanocorax chrysops,Cyanocorax chrysops,Cyanocorax chrysops,Cyanocorax chrysops,Cyanocorax,Corvidae,1,Bajo
1310,Cyanocorax chrysops,Cyanocorax chrysops,Cyanocorax chrysops,Cyanocorax chrysops,Cyanocorax chrysops,Cyanocorax chrysops,Cyanocorax chrysops,Cyanocorax chrysops,Cyanocorax chrysops,Cyanocorax chrysops,Cyanocorax chrysops,Cyanocorax chrysops,Cyanocorax,Corvidae,1,Bajo
1311,Cyanocorax chrysops,Cyanocorax chrysops,Cyanocorax chrysops,Cyanocorax chrysops,Cyanocorax chrysops,Cyanocorax chrysops,Cyanocorax chrysops,Cyanocorax chrysops,Cyanocorax chrysops,Cyanocorax chrysops,Cyanocorax chrysops,Cyanocorax chrysops,Cyanocorax,Corvidae,1,Bajo
1312,Cyanocorax chrysops,Cyanocorax chrysops,Cyanocorax chrysops,Cyanocorax chrysops,Cyanocorax chrysops,Cyanocorax chrysops,Cyanocorax chrysops,Cyanocorax chrysops,Cyanocorax chrysops,Cyanocorax chrysops,Cyanocorax chrysops,Cyanocorax chrysops,Cyanocorax,Corvidae,1,Bajo
1313,Cyanocorax chrysops,Cyanocorax chrysops,Cyanocorax chrysops,Cyanocorax chrysops,Cyanocorax chrysops,Cyanocorax chrysops,Cyanocorax chrysops,Cyanocorax chrysops,Cyanocorax chrysops,Cyanocorax chrysops,Cyanocorax chrysops,Cyanocorax chrysops,Cyanocorax,Corvidae,1,Bajo
1314,Cyanocorax chrysops,Cyanocorax chrysops,Selenidera maculirostris,Cyanocorax chrysops,Cyanocorax chrysops,Cyanocorax chrysops,Cyanocorax chrysops,Cyanocorax chrysops,Selenidera maculirostris,Selenidera maculirostris,Selenidera maculirostris,Cyanocorax chrysops,Cyanocorax,Corvidae,1,Bajo
1315,Cyanocorax chrysops,Cyanocorax chrysops,Cyanocorax chrysops,Cyanocorax chrysops,Cyanocorax chrysops,Cyanocorax chrysops,Cyanocorax chrysops,Cyanocorax chrysops,Cyanocorax chrysops,Cyanocorax chrysops,Cyanocorax chrysops,Cyanocorax chrysops,Cyanocorax,Corvidae,1,Bajo
1316,Cyanocorax chrysops,Alouatta caraya,Alouatta caraya,Cyanocorax chrysops,Cyanocorax chrysops,Cyanocorax chrysops,Sapajus nigritus,Cyanocorax chrysops,Alouatta caraya,Alouatta caraya,Alouatta caraya,Alouatta caraya,Cyanocorax,Corvidae,1,Bajo
1317,Cyanocorax chrysops,Cyanocorax chrysops,Cyanocorax chrysops,Cyanocorax chrysops,Cyanocorax chrysops,Cyanocorax chrysops,Cyanocorax chrysops,Cyanocorax chrysops,Cyanocorax chrysops,Cyanocorax chrysops,Cyanocorax chrysops,Cyanocorax chrysops,Cyanocorax,Corvidae,1,Bajo
1319,Cyanocorax chrysops,Cyanocorax chrysops,Cyanocorax chrysops,Cyanocorax chrysops,Cyanocorax chrysops,Cyanocorax chrysops,Cyanocorax chrysops,Cyanocorax chrysops,Cyanocorax chrysops,Cyanocorax chrysops,Cyanocorax chrysops,Cyanocorax chrysops,Cyanocorax,Corvidae,1,Bajo
1320,Cyanocorax chrysops,Cyanocorax chrysops,Galictis cuja,Cyanocorax chrysops,Cyanocorax chrysops,Cyanocorax chrysops,Cyanocorax chrysops,Cyanocorax chrysops,Galictis cuja,Galictis cuja,Galictis cuja,Cyanocorax chrysops,Cyanocorax,Corvidae,1,Bajo
1321,Cyanocorax chrysops,Cyanocorax chrysops,Cyanocorax chrysops,Cyanocorax chrysops,Cyanocorax chrysops,Cyanocorax chrysops,Cyanocorax chrysops,Cyanocorax chrysops,Cyanocorax chrysops,Cyanocorax chrysops,Cyanocorax chrysops,Cyanocorax chrysops,Cyanocorax,Corvidae,1,Bajo
1322,Cyanocorax chrysops,Cyanocorax chrysops,Cyanocorax chrysops,Cyanocorax chrysops,Cyanocorax chrysops,Cyanocorax chrysops,Cyanocorax chrysops,Cyanocorax chrysops,Cyanocorax chrysops,Cyanocorax chrysops,Cyanocorax chrysops,Cyanocorax chrysops,Cyanocorax,Corvidae,1,Bajo
1323,Cyanocorax chrysops,Cyanocorax chrysops,Cyanocorax chrysops,Cyanocorax chrysops,Cyanocorax chrysops,Cyanocorax chrysops,Cyanocorax chrysops,Cyanocorax chrysops,Cyanocorax chrysops,Cyanocorax chrysops,Cyanocorax chrysops,Cyanocorax chrysops,Cyanocorax,Corvidae,1,Bajo
1324,Cyanocorax chrysops,Cyanocorax chrysops,Cyanocorax chrysops,Cyanocorax chrysops,Cyanocorax chrysops,Cyanocorax chrysops,Cyanocorax chrysops,Cyanocorax chrysops,Cyanocorax chrysops,Cyanocorax chrysops,Cyanocorax chrysops,Cyanocorax chrysops,Cyanocorax,Corvidae,1,Bajo
1326,Cyanocorax chrysops,Cyanocorax chrysops,Cyanocorax chrysops,Cyanocorax chrysops,Cyanocorax chrysops,Cyanocorax chrysops,Cyanocorax chrysops,Cyanocorax chrysops,Cyanocorax chrysops,Cyanocorax chrysops,Cyanocorax chrysops,Cyanocorax chrysops,Cyanocorax,Corvidae,1,Bajo
1327,Cyanocorax chrysops,Puma concolor,Subulo gouazoubira,Amazona vinacea,Amazona vinacea,Amazona vinacea,Amazona vinacea,Alouatta caraya,Subulo gouazoubira,Subulo gouazoubira,Subulo gouazoubira,Amazona vinacea,Cyanocorax,Corvidae,1,Bajo
1328,Cyanocorax chrysops,Cyanocorax chrysops,Cyanocorax chrysops,Cyanocorax chrysops,Cyanocorax chrysops,Cyanocorax chrysops,Cyanocorax chrysops,Cyanocorax chrysops,Cyanocorax chrysops,Cyanocorax chrysops,Cyanocorax chrysops,Cyanocorax chrysops,Cyanocorax,Corvidae,1,Bajo
1329,Cyanocorax chrysops,Cyanocorax chrysops,Cyanocorax chrysops,Cyanocorax chrysops,Cyanocorax chrysops,Cyanocorax chrysops,Cyanocorax chrysops,Cyanocorax chrysops,Cyanocorax chrysops,Cyanocorax chrysops,Cyanocorax chrysops,Cyanocorax chrysops,Cyanocorax,Corvidae,1,Bajo
1332,Cyanocorax chrysops,Cyanocorax chrysops,Cyanocorax chrysops,Cyanocorax chrysops,Cyanocorax chrysops,Cyanocorax chrysops,Cyanocorax chrysops,Cyanocorax chrysops,Cyanocorax chrysops,Cyanocorax chrysops,Cyanocorax chrysops,Cyanocorax chrysops,Cyanocorax,Corvidae,1,Bajo
1334,Cyanocorax chrysops,Cyanocorax chrysops,Cyanocorax chrysops,Cyanocorax chrysops,Cyanocorax chrysops,Cyanocorax chrysops,Cyanocorax chrysops,Cyanocorax chrysops,Cyanocorax chrysops,Cyanocorax chrysops,Cyanocorax chrysops,Cyanocorax chrysops,Cyanocorax,Corvidae,1,Bajo
1335,Cyanocorax chrysops,Cyanocorax chrysops,Cyanocorax chrysops,Cyanocorax chrysops,Cyanocorax chrysops,Cyanocorax chrysops,Cyanocorax chrysops,Cyanocorax chrysops,Cyanocorax chrysops,Cyanocorax chrysops,Cyanocorax chrysops,Cyanocorax chrysops,Cyanocorax,Corvidae,1,Bajo
1336,Cyanocorax chrysops,Cyanocorax chrysops,Cyanocorax chrysops,Cyanocorax chrysops,Cyanocorax chrysops,Cyanocorax chrysops,Cyanocorax chrysops,Cyanocorax chrysops,Cyanocorax chrysops,Cyanocorax chrysops,Cyanocorax chrysops,Cyanocorax chrysops,Cyanocorax,Corvidae,1,Bajo
1339,Cyanocorax chrysops,Cyanocorax chrysops,Cyanocorax chrysops,Cyanocorax chrysops,Cyanocorax chrysops,Cyanocorax chrysops,Cyanocorax chrysops,Cyanocorax chrysops,Cyanocorax chrysops,Cyanocorax chrysops,Cyanocorax chrysops,Cyanocorax chrysops,Cyanocorax,Corvidae,1,Bajo
1340,Cyanocorax chrysops,Cyanocorax chrysops,Cyanocorax chrysops,Cyanocorax chrysops,Cyanocorax chrysops,Cyanocorax chrysops,Cyanocorax chrysops,Cyanocorax chrysops,Cyanocorax chrysops,Cyanocorax chrysops,Cyanocorax chrysops,Cyanocorax chrysops,Cyanocorax,Corvidae,1,Bajo
1341,Cyanocorax chrysops,Cyanocorax chrysops,Cyanocorax chrysops,Cyanocorax chrysops,Cyanocorax chrysops,Cyanocorax chrysops,Cyanocorax chrysops,Cyanocorax chrysops,Cyanocorax chrysops,Cyanocorax chrysops,Cyanocorax chrysops,Cyanocorax chrysops,Cyanocorax,Corvidae,1,Bajo
1344,Cyanocorax chrysops,Selenidera maculirostris,Cyanocorax chrysops,Cyanocorax chrysops,Cyanocorax chrysops,Selenidera maculirostris,Selenidera maculirostris,Cyanocorax chrysops,Cyanocorax chrysops,Cyanocorax chrysops,Cyanocorax chrysops,Selenidera maculirostris,Cyanocorax,Corvidae,1,Bajo
1345,Cyanocorax chrysops,Cyanocorax chrysops,Cyanocorax chrysops,Cyanocorax chrysops,Cyanocorax chrysops,Cyanocorax chrysops,Cyanocorax chrysops,Cyanocorax chrysops,Cyanocorax chrysops,Cyanocorax chrysops,Cyanocorax chrysops,Cyanocorax chrysops,Cyanocorax,Corvidae,1,Bajo
1346,Cyanocorax chrysops,Cyanocorax chrysops,Cyanocorax chrysops,Cyanocorax chrysops,Cyanocorax chrysops,Cyanocorax chrysops,Cyanocorax chrysops,Cyanocorax chrysops,Cyanocorax chrysops,Cyanocorax chrysops,Cyanocorax chrysops,Cyanocorax chrysops,Cyanocorax,Corvidae,1,Bajo
1347,Cyanocorax chrysops,Cyanocorax chrysops,Cyanocorax chrysops,Cyanocorax chrysops,Cyanocorax chrysops,Cyanocorax chrysops,Cyanocorax chrysops,Cyanocorax chrysops,Cyanocorax chrysops,Cyanocorax chrysops,Cyanocorax chrysops,Cyanocorax chrysops,Cyanocorax,Corvidae,1,Bajo
1348,Cyanocorax chrysops,Cyanocorax chrysops,Cyanocorax chrysops,Cyanocorax chrysops,Cyanocorax chrysops,Cyanocorax chrysops,Cyanocorax chrysops,Cyanocorax chrysops,Cyanocorax chrysops,Cyanocorax chrysops,Cyanocorax chrysops,Cyanocorax chrysops,Cyanocorax,Corvidae,1,Bajo
1349,Cyanocorax chrysops,Cyanocorax chrysops,Cyanocorax chrysops,Cyanocorax chrysops,Cyanocorax chrysops,Cyanocorax chrysops,Cyanocorax chrysops,Cyanocorax chrysops,Cyanocorax chrysops,Cyanocorax chrysops,Cyanocorax chrysops,Cyanocorax chrysops,Cyanocorax,Corvidae,1,Bajo
1350,Cyanocorax chrysops,Cyanocorax chrysops,Alouatta guariba clamitans,Alouatta guariba clamitans,Cyanocorax chrysops,Cyanocorax chrysops,Cyanocorax chrysops,Cyanocorax chrysops,Alouatta guariba clamitans,Alouatta guariba clamitans,Alouatta guariba clamitans,Cyanocorax chrysops,Cyanocorax,Corvidae,1,Bajo
1351,Cyanocorax chrysops,Cyanocorax chrysops,Cyanocorax chrysops,Cyanocorax chrysops,Cyanocorax chrysops,Cyanocorax chrysops,Cyanocorax chrysops,Cyanocorax chrysops,Cyanocorax chrysops,Cyanocorax chrysops,Cyanocorax chrysops,Cyanocorax chrysops,Cyanocorax,Corvidae,1,Bajo
1352,Cyanocorax chrysops,Cyanocorax chrysops,Cyanocorax chrysops,Cyanocorax chrysops,Cyanocorax chrysops,Cyanocorax chrysops,Cyanocorax chrysops,Cyanocorax chrysops,Cyanocorax chrysops,Cyanocorax chrysops,Cyanocorax chrysops,Cyanocorax chrysops,Cyanocorax,Corvidae,1,Bajo
1353,Cyanocorax chrysops,Pyriglena leucoptera,Tachyphonus coronatus,Biatas nigropectus,Biatas nigropectus,Cyanocorax chrysops,Pyriglena leucoptera,Tachyphonus coronatus,Tachyphonus coronatus,Tachyphonus coronatus,Tachyphonus coronatus,Pyriglena leucoptera,Cyanocorax,Corvidae,1,Bajo
1354,Cyanocorax chrysops,Cyanocorax chrysops,Cyanocorax chrysops,Cyanocorax chrysops,Cyanocorax chrysops,Cyanocorax chrysops,Cyanocorax chrysops,Cyanocorax chrysops,Cyanocorax chrysops,Cyanocorax chrysops,Cyanocorax chrysops,Cyanocorax chrysops,Cyanocorax,Corvidae,1,Bajo
1357,Cyanocorax chrysops,Cyanocorax chrysops,Cyanocorax chrysops,Cyanocorax chrysops,Cyanocorax chrysops,Cyanocorax chrysops,Cyanocorax chrysops,Cyanocorax chrysops,Cyanocorax chrysops,Cyanocorax chrysops,Cyanocorax chrysops,Cyanocorax chrysops,Cyanocorax,Corvidae,1,Bajo
1358,Cyanocorax chrysops,Cyanocorax chrysops,Cyanocorax chrysops,Cyanocorax chrysops,Cyanocorax chrysops,Cyanocorax chrysops,Cyanocorax chrysops,Cyanocorax chrysops,Cyanocorax chrysops,Cyanocorax chrysops,Cyanocorax chrysops,Cyanocorax chrysops,Cyanocorax,Corvidae,1,Bajo
1359,Cyanocorax chrysops,Cyanocorax chrysops,Cyanocorax chrysops,Cyanocorax chrysops,Cyanocorax chrysops,Cyanocorax chrysops,Cyanocorax chrysops,Cyanocorax chrysops,Cyanocorax chrysops,Cyanocorax chrysops,Cyanocorax chrysops,Cyanocorax chrysops,Cyanocorax,Corvidae,1,Bajo
1360,Cyanocorax chrysops,Cyanocorax chrysops,Cyanocorax chrysops,Cyanocorax chrysops,Cyanocorax chrysops,Cyanocorax chrysops,Cyanocorax chrysops,Cyanocorax chrysops,Cyanocorax chrysops,Cyanocorax chrysops,Cyanocorax chrysops,Cyanocorax chrysops,Cyanocorax,Corvidae,1,Bajo
1361,Cyanocorax chrysops,Cyanocorax chrysops,Cyanocorax chrysops,Cyanocorax chrysops,Cyanocorax chrysops,Cyanocorax chrysops,Cyanocorax chrysops,Cyanocorax chrysops,Cyanocorax chrysops,Cyanocorax chrysops,Cyanocorax chrysops,Cyanocorax chrysops,Cyanocorax,Corvidae,1,Bajo
1362,Cyanocorax chrysops,Cyanocorax chrysops,Cyanocorax chrysops,Cyanocorax chrysops,Cyanocorax chrysops,Cyanocorax chrysops,Cyanocorax chrysops,Cyanocorax chrysops,Cyanocorax chrysops,Cyanocorax chrysops,Cyanocorax chrysops,Cyanocorax chrysops,Cyanocorax,Corvidae,1,Bajo
1364,Cyanocorax chrysops,Cyanocorax chrysops,Cyanocorax chrysops,Cyanocorax chrysops,Cyanocorax chrysops,Cyanocorax chrysops,Cyanocorax chrysops,Cyanocorax chrysops,Cyanocorax chrysops,Cyanocorax chrysops,Cyanocorax chrysops,Cyanocorax chrysops,Cyanocorax,Corvidae,1,Bajo
1365,Cyanocorax chrysops,Sapajus nigritus,Alouatta caraya,Alouatta caraya,Alouatta caraya,Sapajus nigritus,Sapajus nigritus,Alouatta caraya,Alouatta caraya,Alouatta caraya,Alouatta caraya,Sapajus nigritus,Cyanocorax,Corvidae,1,Bajo
1366,Cyanocorax chrysops,Cyanocorax chrysops,Cyanocorax chrysops,Cyanocorax chrysops,Cyanocorax chrysops,Cyanocorax chrysops,Cyanocorax chrysops,Cyanocorax chrysops,Cyanocorax chrysops,Cyanocorax chrysops,Cyanocorax chrysops,Cyanocorax chrysops,Cyanocorax,Corvidae,1,Bajo
1367,Cyanocorax chrysops,Cyanocorax chrysops,Cyanocorax chrysops,Cyanocorax chrysops,Cyanocorax chrysops,Cyanocorax chrysops,Cyanocorax chrysops,Cyanocorax chrysops,Cyanocorax chrysops,Cyanocorax chrysops,Cyanocorax chrysops,Cyanocorax chrysops,Cyanocorax,Corvidae,1,Bajo
1368,Cyanocorax chrysops,Selenidera maculirostris,Cyanocorax chrysops,Cyanocorax chrysops,Selenidera maculirostris,Selenidera maculirostris,Selenidera maculirostris,Cyanocorax chrysops,Cyanocorax chrysops,Cyanocorax chrysops,Cyanocorax chrysops,Selenidera maculirostris,Cyanocorax,Corvidae,1,Bajo
1369,Cyanocorax chrysops,Cyanocorax chrysops,Cyanocorax chrysops,Cyanocorax chrysops,Cyanocorax chrysops,Cyanocorax chrysops,Cyanocorax chrysops,Cyanocorax chrysops,Cyanocorax chrysops,Cyanocorax chrysops,Cyanocorax chrysops,Cyanocorax chrysops,Cyanocorax,Corvidae,1,Bajo
1370,Crax fasciolata,Crax fasciolata,Crax fasciolata,Crax fasciolata,Crax fasciolata,Crax fasciolata,Tinamus solitarius,Tinamus solitarius,Crax fasciolata,Crax fasciolata,Crax fasciolata,Crax fasciolata,Crax,Cracidae,4,Alto
1372,Crax fasciolata,Crax fasciolata,Crax fasciolata,Cyanocorax chrysops,Cyanocorax chrysops,Cyanocorax chrysops,Cyanocorax chrysops,Cyanocorax chrysops,Crax fasciolata,Crax fasciolata,Crax fasciolata,Crax fasciolata,Crax,Cracidae,4,Alto
1373,Crax fasciolata,Crax fasciolata,Crax fasciolata,Crax fasciolata,Crax fasciolata,Crax fasciolata,Penelope superciliaris,Crax fasciolata,Crax fasciolata,Crax fasciolata,Crax fasciolata,Crax fasciolata,Crax,Cracidae,4,Alto
1374,Crax fasciolata,Crax fasciolata,Crax fasciolata,Crax fasciolata,Crax fasciolata,Crax fasciolata,Penelope superciliaris,Crax fasciolata,Crax fasciolata,Crax fasciolata,Crax fasciolata,Crax fasciolata,Crax,Cracidae,4,Alto
1375,Crax fasciolata,Crax fasciolata,Odontophorus capueira capueira,Crax fasciolata,Crax fasciolata,Odontophorus capueira capueira,Pipile jacutinga,Pipile jacutinga,Odontophorus capueira capueira,Odontophorus capueira capueira,Odontophorus capueira capueira,Crax fasciolata,Crax,Cracidae,4,Alto
1376,Crax fasciolata,Crax fasciolata,Crax fasciolata,Crax fasciolata,Crax fasciolata,Crax fasciolata,Penelope superciliaris,Crax fasciolata,Crax fasciolata,Crax fasciolata,Crax fasciolata,Crax fasciolata,Crax,Cracidae,4,Alto
1378,Crax fasciolata,Herpailurus yagouaroundi,Penelope superciliaris,Penelope superciliaris,Penelope superciliaris,Penelope superciliaris,Penelope superciliaris,Hydrochoerus hydrochaeris,Penelope superciliaris,Penelope superciliaris,Penelope superciliaris,Herpailurus yagouaroundi,Crax,Cracidae,4,Alto
1379,Crax fasciolata,Aramides saracura,Crypturellus tataupa,Aramides saracura,Aramides saracura,Odontophorus capueira,Aramides saracura,Tinamus solitarius,Crypturellus tataupa,Crypturellus tataupa,Crypturellus tataupa,Aramides saracura,Crax,Cracidae,4,Alto
1380,Crax fasciolata,Crax fasciolata,Crax fasciolata,Crax fasciolata,Aramides saracura,Pipile jacutinga,Pipile jacutinga,Penelope superciliaris,Crax fasciolata,Crax fasciolata,Crax fasciolata,Crax fasciolata,Crax,Cracidae,4,Alto
1381,Crax fasciolata,Aramides saracura,Odontophorus capueira,Aramides saracura,Aramides saracura,Aramides saracura,Aramides saracura,Aramides saracura,Odontophorus capueira,Odontophorus capueira,Odontophorus capueira,Aramides saracura,Crax,Cracidae,4,Alto
1383,Crax fasciolata,Crax fasciolata,Crax fasciolata,Crax fasciolata,Crax fasciolata,Crax fasciolata,Penelope superciliaris,Crax fasciolata,Crax fasciolata,Crax fasciolata,Crax fasciolata,Crax fasciolata,Crax,Cracidae,4,Alto
1385,Crax fasciolata,Pipile jacutinga,Cyanocorax chrysops,Crax fasciolata,Pipile jacutinga,Pipile jacutinga,Pipile jacutinga,Pipile jacutinga,Cyanocorax chrysops,Cyanocorax chrysops,Cyanocorax chrysops,Pipile jacutinga,Crax,Cracidae,4,Alto
1386,Crax fasciolata,Crax fasciolata,Crax fasciolata,Crax fasciolata,Crax fasciolata,Crax fasciolata,Aramides saracura,Tinamus solitarius,Crax fasciolata,Crax fasciolata,Crax fasciolata,Crax fasciolata,Crax,Cracidae,4,Alto
1387,Crax fasciolata,Crax fasciolata,Odontophorus capueira,Cyanocorax chrysops,Cyanocorax chrysops,Pipile jacutinga,Pipile jacutinga,Cyanocorax chrysops,Odontophorus capueira,Odontophorus capueira,Odontophorus capueira,Crax fasciolata,Crax,Cracidae,4,Alto
1388,Crax fasciolata,Pipile jacutinga,Pipile jacutinga,Cyanoloxia brissonii,Penelope superciliaris,Pipile jacutinga,Pipile jacutinga,Pipile jacutinga,Pipile jacutinga,Pipile jacutinga,Pipile jacutinga,Pipile jacutinga,Crax,Cracidae,4,Alto
1389,Crax fasciolata,Crax fasciolata,Crax fasciolata,Penelope superciliaris,Crax fasciolata,Crax fasciolata,Penelope superciliaris,Crax fasciolata,Crax fasciolata,Crax fasciolata,Crax fasciolata,Crax fasciolata,Crax,Cracidae,4,Alto
1390,Crax fasciolata,Crax fasciolata,Crax fasciolata,Penelope superciliaris,Penelope superciliaris,Cyanocorax chrysops,Pipile jacutinga,Pipile jacutinga,Crax fasciolata,Crax fasciolata,Crax fasciolata,Crax fasciolata,Crax,Cracidae,4,Alto
1392,Penelope superciliaris,Penelope superciliaris,Penelope superciliaris,Penelope superciliaris,Penelope superciliaris,Penelope superciliaris,Penelope superciliaris,Penelope superciliaris,Penelope superciliaris,Penelope superciliaris,Penelope superciliaris,Penelope superciliaris,Penelope,Cracidae,3,Medio
1393,Penelope superciliaris,Penelope superciliaris,Penelope superciliaris,Penelope superciliaris,Penelope superciliaris,Penelope superciliaris,Penelope superciliaris,Penelope superciliaris,Penelope superciliaris,Penelope superciliaris,Penelope superciliaris,Penelope superciliaris,Penelope,Cracidae,3,Medio
1394,Penelope superciliaris,Penelope superciliaris,Mackenziaena leachii,Crax fasciolata,Crax fasciolata,Penelope superciliaris,Penelope superciliaris,Penelope superciliaris,Mackenziaena leachii,Mackenziaena leachii,Mackenziaena leachii,Penelope superciliaris,Penelope,Cracidae,3,Medio
1395,Penelope superciliaris,Leptotila verreauxi,Notharchus swainsoni,Biatas nigropectus,Notharchus swainsoni,Leptotila verreauxi,Leptotila verreauxi,Selenidera maculirostris,Notharchus swainsoni,Notharchus swainsoni,Notharchus swainsoni,Leptotila verreauxi,Penelope,Cracidae,3,Medio
1396,Penelope superciliaris,Penelope superciliaris,Aramides saracura,Aramides saracura,Penelope superciliaris,Penelope superciliaris,Penelope superciliaris,Penelope superciliaris,Aramides saracura,Aramides saracura,Aramides saracura,Penelope superciliaris,Penelope,Cracidae,3,Medio
1397,Penelope superciliaris,Penelope superciliaris,Penelope superciliaris,Penelope superciliaris,Penelope superciliaris,Penelope superciliaris,Penelope superciliaris,Penelope superciliaris,Penelope superciliaris,Penelope superciliaris,Penelope superciliaris,Penelope superciliaris,Penelope,Cracidae,3,Medio
1398,Penelope superciliaris,Penelope superciliaris,Penelope superciliaris,Penelope superciliaris,Penelope superciliaris,Penelope superciliaris,Penelope superciliaris,Penelope superciliaris,Penelope superciliaris,Penelope superciliaris,Penelope superciliaris,Penelope superciliaris,Penelope,Cracidae,3,Medio
1399,Penelope superciliaris,Penelope superciliaris,Penelope superciliaris,Aramides saracura,Aramides saracura,Penelope superciliaris,Penelope superciliaris,Penelope superciliaris,Penelope superciliaris,Penelope superciliaris,Penelope superciliaris,Penelope superciliaris,Penelope,Cracidae,3,Medio
1400,Penelope superciliaris,Penelope superciliaris,Penelope superciliaris,Penelope superciliaris,Penelope superciliaris,Penelope superciliaris,Penelope superciliaris,Penelope superciliaris,Penelope superciliaris,Penelope superciliaris,Penelope superciliaris,Penelope superciliaris,Penelope,Cracidae,3,Medio
1402,Penelope superciliaris,Penelope superciliaris,Penelope superciliaris,Penelope superciliaris,Penelope superciliaris,Penelope superciliaris,Penelope superciliaris,Penelope superciliaris,Penelope superciliaris,Penelope superciliaris,Penelope superciliaris,Penelope superciliaris,Penelope,Cracidae,3,Medio
1403,Penelope superciliaris,Penelope superciliaris,Penelope superciliaris,Mackenziaena leachii,Penelope superciliaris,Penelope superciliaris,Penelope superciliaris,Penelope superciliaris,Penelope superciliaris,Penelope superciliaris,Penelope superciliaris,Penelope superciliaris,Penelope,Cracidae,3,Medio
1405,Penelope superciliaris,Penelope superciliaris,Penelope superciliaris,Penelope superciliaris,Penelope superciliaris,Penelope superciliaris,Penelope superciliaris,Penelope superciliaris,Penelope superciliaris,Penelope superciliaris,Penelope superciliaris,Penelope superciliaris,Penelope,Cracidae,3,Medio
1407,Penelope superciliaris,Penelope superciliaris,Penelope superciliaris,Penelope superciliaris,Penelope superciliaris,Penelope superciliaris,Penelope superciliaris,Penelope superciliaris,Penelope superciliaris,Penelope superciliaris,Penelope superciliaris,Penelope superciliaris,Penelope,Cracidae,3,Medio
1408,Penelope superciliaris,Penelope superciliaris,Penelope superciliaris,Penelope superciliaris,Penelope superciliaris,Penelope superciliaris,Penelope superciliaris,Penelope superciliaris,Penelope superciliaris,Penelope superciliaris,Penelope superciliaris,Penelope superciliaris,Penelope,Cracidae,3,Medio
1411,Penelope superciliaris,Hypoedaleus guttatus,Habia rubica,Habia rubica,Baryphthengus ruficapillus,Penelope superciliaris,Hypoedaleus guttatus,Hypoedaleus guttatus,Habia rubica,Habia rubica,Habia rubica,Hypoedaleus guttatus,Penelope,Cracidae,3,Medio
1412,Penelope superciliaris,Penelope superciliaris,Penelope superciliaris,Penelope superciliaris,Penelope superciliaris,Penelope superciliaris,Penelope superciliaris,Baryphthengus ruficapillus,Penelope superciliaris,Penelope superciliaris,Penelope superciliaris,Penelope superciliaris,Penelope,Cracidae,3,Medio
1413,Penelope superciliaris,Penelope superciliaris,Penelope superciliaris,Penelope superciliaris,Penelope superciliaris,Penelope superciliaris,Penelope superciliaris,Penelope superciliaris,Penelope superciliaris,Penelope superciliaris,Penelope superciliaris,Penelope superciliaris,Penelope,Cracidae,3,Medio
1414,Penelope superciliaris,Odontophorus capueira,Odontophorus capueira,Aramides saracura,Aramides saracura,Odontophorus capueira,Penelope superciliaris,Penelope superciliaris,Odontophorus capueira,Odontophorus capueira,Odontophorus capueira,Odontophorus capueira,Penelope,Cracidae,3,Medio
1415,Penelope superciliaris,Salvator merianae,Turdus rufiventris,Aramides saracura,Aramides saracura,Salvator merianae,Salvator merianae,Leptotila verreauxi,Turdus rufiventris,Turdus rufiventris,Turdus rufiventris,Salvator merianae,Penelope,Cracidae,3,Medio
1416,Penelope superciliaris,Penelope superciliaris,Penelope superciliaris,Penelope superciliaris,Penelope superciliaris,Penelope superciliaris,Penelope superciliaris,Penelope superciliaris,Penelope superciliaris,Penelope superciliaris,Penelope superciliaris,Penelope superciliaris,Penelope,Cracidae,3,Medio
1418,Penelope superciliaris,Penelope superciliaris,Penelope superciliaris,Penelope superciliaris,Penelope superciliaris,Penelope superciliaris,Penelope superciliaris,Penelope superciliaris,Penelope superciliaris,Penelope superciliaris,Penelope superciliaris,Penelope superciliaris,Penelope,Cracidae,3,Medio
1419,Penelope superciliaris,Penelope superciliaris,Penelope superciliaris,Aramides saracura,Tinamus solitarius,Penelope superciliaris,Penelope superciliaris,Penelope superciliaris,Penelope superciliaris,Penelope superciliaris,Penelope superciliaris,Penelope superciliaris,Penelope,Cracidae,3,Medio
1420,Penelope superciliaris,Sapajus nigritus,Alouatta guariba,Alouatta guariba,Sapajus nigritus,Sapajus nigritus,Sapajus nigritus,Sapajus nigritus,Alouatta guariba,Alouatta guariba,Alouatta guariba,Sapajus nigritus,Penelope,Cracidae,3,Medio
1421,Penelope superciliaris,Penelope superciliaris,Penelope superciliaris,Penelope superciliaris,Penelope superciliaris,Penelope superciliaris,Penelope superciliaris,Penelope superciliaris,Penelope superciliaris,Penelope superciliaris,Penelope superciliaris,Penelope superciliaris,Penelope,Cracidae,3,Medio
1424,Penelope superciliaris,Penelope superciliaris,Penelope superciliaris,Herpailurus yagouaroundi,Pipile jacutinga,Penelope superciliaris,Penelope superciliaris,Penelope superciliaris,Penelope superciliaris,Penelope superciliaris,Penelope superciliaris,Penelope superciliaris,Penelope,Cracidae,3,Medio
1425,Penelope superciliaris,Penelope superciliaris,Penelope superciliaris,Penelope superciliaris,Penelope superciliaris,Penelope superciliaris,Penelope superciliaris,Penelope superciliaris,Penelope superciliaris,Penelope superciliaris,Penelope superciliaris,Penelope superciliaris,Penelope,Cracidae,3,Medio
1426,Penelope superciliaris,Penelope superciliaris,Penelope superciliaris,Penelope superciliaris,Penelope superciliaris,Pipile jacutinga,Penelope superciliaris,Penelope superciliaris,Penelope superciliaris,Penelope superciliaris,Penelope superciliaris,Penelope superciliaris,Penelope,Cracidae,3,Medio
1427,Penelope superciliaris,Alouatta caraya,Alouatta guariba clamitans,Alouatta caraya,Sapajus nigritus,Alouatta caraya,Alouatta guariba clamitans,Cyanocorax chrysops,Alouatta guariba clamitans,Alouatta guariba clamitans,Alouatta guariba clamitans,Alouatta caraya,Penelope,Cracidae,3,Medio
1428,Penelope superciliaris,Penelope superciliaris,Odontophorus capueira,Aramides saracura,Tinamus solitarius,Penelope superciliaris,Penelope superciliaris,Tinamus solitarius,Odontophorus capueira,Odontophorus capueira,Odontophorus capueira,Penelope superciliaris,Penelope,Cracidae,3,Medio
1430,Penelope superciliaris,Penelope superciliaris,Penelope superciliaris,Biatas nigropectus,Biatas nigropectus,Selenidera maculirostris,Penelope superciliaris,Penelope superciliaris,Penelope superciliaris,Penelope superciliaris,Penelope superciliaris,Penelope superciliaris,Penelope,Cracidae,3,Medio
1431,Penelope superciliaris,Penelope superciliaris,Penelope superciliaris,Penelope superciliaris,Penelope superciliaris,Penelope superciliaris,Penelope superciliaris,Penelope superciliaris,Penelope superciliaris,Penelope superciliaris,Penelope superciliaris,Penelope superciliaris,Penelope,Cracidae,3,Medio
1432,Penelope superciliaris,Penelope superciliaris,Penelope superciliaris,Penelope superciliaris,Penelope superciliaris,Penelope superciliaris,Penelope superciliaris,Penelope superciliaris,Penelope superciliaris,Penelope superciliaris,Penelope superciliaris,Penelope superciliaris,Penelope,Cracidae,3,Medio
1433,Penelope superciliaris,Cuniculus paca,Leptotila verreauxi,Crypturellus tataupa,Dasyprocta azarae,Leptotila verreauxi,Dasyprocta azarae,Eira barbara,Leptotila verreauxi,Leptotila verreauxi,Leptotila verreauxi,Cuniculus paca,Penelope,Cracidae,3,Medio
1435,Penelope superciliaris,Penelope superciliaris,Penelope superciliaris,Penelope superciliaris,Penelope superciliaris,Penelope superciliaris,Penelope superciliaris,Penelope superciliaris,Penelope superciliaris,Penelope superciliaris,Penelope superciliaris,Penelope superciliaris,Penelope,Cracidae,3,Medio
1436,Penelope superciliaris,Sapajus nigritus,Sapajus nigritus,Sapajus nigritus,Alouatta guariba clamitans,Sapajus nigritus,Sapajus nigritus,Alouatta caraya,Sapajus nigritus,Sapajus nigritus,Sapajus nigritus,Sapajus nigritus,Penelope,Cracidae,3,Medio
1437,Penelope superciliaris,Penelope superciliaris,Tachyphonus coronatus,Penelope superciliaris,Penelope superciliaris,Penelope superciliaris,Penelope superciliaris,Penelope superciliaris,Tachyphonus coronatus,Tachyphonus coronatus,Tachyphonus coronatus,Penelope superciliaris,Penelope,Cracidae,3,Medio
1438,Penelope superciliaris,Pyriglena leucoptera,Biatas nigropectus,Biatas nigropectus,Pyriglena leucoptera,Selenidera maculirostris,Pyriglena leucoptera,Pyriglena leucoptera,Biatas nigropectus,Biatas nigropectus,Biatas nigropectus,Pyriglena leucoptera,Penelope,Cracidae,3,Medio
1439,Penelope superciliaris,Penelope superciliaris,Penelope superciliaris,Penelope superciliaris,Penelope superciliaris,Penelope superciliaris,Penelope superciliaris,Penelope superciliaris,Penelope superciliaris,Penelope superciliaris,Penelope superciliaris,Penelope superciliaris,Penelope,Cracidae,3,Medio
1440,Penelope superciliaris,Odontophorus capueira capueira,Odontophorus capueira capueira,Nothura maculosa,Odontophorus capueira capueira,Odontophorus capueira capueira,Odontophorus capueira,Nothura maculosa,Odontophorus capueira capueira,Odontophorus capueira capueira,Odontophorus capueira capueira,Odontophorus capueira capueira,Penelope,Cracidae,3,Medio
1441,Penelope superciliaris,Tachyphonus coronatus,Tachyphonus coronatus,Tachyphonus coronatus,Tachyphonus coronatus,Tachyphonus coronatus,Tachyphonus coronatus,Baryphthengus ruficapillus,Tachyphonus coronatus,Tachyphonus coronatus,Tachyphonus coronatus,Tachyphonus coronatus,Penelope,Cracidae,3,Medio
1442,Penelope superciliaris,Penelope superciliaris,Penelope superciliaris,Penelope superciliaris,Penelope superciliaris,Penelope superciliaris,Penelope superciliaris,Penelope superciliaris,Penelope superciliaris,Penelope superciliaris,Penelope superciliaris,Penelope superciliaris,Penelope,Cracidae,3,Medio
1443,Penelope superciliaris,Tinamus solitarius,Penelope superciliaris,Odontophorus capueira,Aramides saracura,Penelope superciliaris,Penelope superciliaris,Pipile jacutinga,Penelope superciliaris,Penelope superciliaris,Penelope superciliaris,Tinamus solitarius,Penelope,Cracidae,3,Medio
1444,Penelope superciliaris,Penelope superciliaris,Penelope superciliaris,Penelope superciliaris,Penelope superciliaris,Penelope superciliaris,Penelope superciliaris,Pipile jacutinga,Penelope superciliaris,Penelope superciliaris,Penelope superciliaris,Penelope superciliaris,Penelope,Cracidae,3,Medio
1445,Penelope superciliaris,Penelope superciliaris,Penelope superciliaris,Cyanocorax chrysops,Penelope superciliaris,Penelope superciliaris,Penelope superciliaris,Sapajus nigritus,Penelope superciliaris,Penelope superciliaris,Penelope superciliaris,Penelope superciliaris,Penelope,Cracidae,3,Medio
1446,Penelope superciliaris,Crypturellus tataupa,Aramides saracura,Aramides saracura,Dasyprocta azarae,Penelope superciliaris,Penelope superciliaris,Penelope superciliaris,Aramides saracura,Aramides saracura,Aramides saracura,Crypturellus tataupa,Penelope,Cracidae,3,Medio
1448,Penelope superciliaris,Penelope superciliaris,Penelope superciliaris,Cyanocorax chrysops,Baryphthengus ruficapillus,Penelope superciliaris,Penelope superciliaris,Penelope superciliaris,Penelope superciliaris,Penelope superciliaris,Penelope superciliaris,Penelope superciliaris,Penelope,Cracidae,3,Medio
1449,Penelope superciliaris,Alouatta caraya,Sapajus nigritus,Conopophaga lineata,Alouatta guariba clamitans,Alouatta caraya,Sapajus nigritus,Sapajus nigritus,Sapajus nigritus,Sapajus nigritus,Sapajus nigritus,Alouatta caraya,Penelope,Cracidae,3,Medio
1450,Penelope superciliaris,Penelope superciliaris,Aramides saracura,Aramides saracura,Aramides saracura,Penelope superciliaris,Penelope superciliaris,Penelope superciliaris,Aramides saracura,Aramides saracura,Aramides saracura,Penelope superciliaris,Penelope,Cracidae,3,Medio
1451,Penelope superciliaris,Penelope superciliaris,Penelope superciliaris,Mackenziaena leachii,Mackenziaena leachii,Penelope superciliaris,Penelope superciliaris,Pipile jacutinga,Penelope superciliaris,Penelope superciliaris,Penelope superciliaris,Penelope superciliaris,Penelope,Cracidae,3,Medio
1452,Penelope superciliaris,Penelope superciliaris,Penelope superciliaris,Penelope superciliaris,Penelope superciliaris,Penelope superciliaris,Penelope superciliaris,Penelope superciliaris,Penelope superciliaris,Penelope superciliaris,Penelope superciliaris,Penelope superciliaris,Penelope,Cracidae,3,Medio
1453,Penelope superciliaris,Pipile jacutinga,Penelope superciliaris,Penelope superciliaris,Penelope superciliaris,Penelope superciliaris,Penelope superciliaris,Penelope superciliaris,Penelope superciliaris,Penelope superciliaris,Penelope superciliaris,Pipile jacutinga,Penelope,Cracidae,3,Medio
1454,Penelope superciliaris,Geotrygon montana,Conopophaga lineata,Amazona vinacea,Amazona vinacea,Leptotila verreauxi,Leptotila verreauxi,Penelope superciliaris,Conopophaga lineata,Conopophaga lineata,Conopophaga lineata,Geotrygon montana,Penelope,Cracidae,3,Medio
1455,Penelope superciliaris,Penelope superciliaris,Aramides saracura,Penelope superciliaris,Penelope superciliaris,Penelope superciliaris,Penelope superciliaris,Penelope superciliaris,Aramides saracura,Aramides saracura,Aramides saracura,Penelope superciliaris,Penelope,Cracidae,3,Medio
1456,Penelope superciliaris,Crypturellus tataupa,Aramides saracura,Aramides saracura,Aramides saracura,Aramides saracura,Dasyprocta azarae,Galictis cuja,Aramides saracura,Aramides saracura,Aramides saracura,Crypturellus tataupa,Penelope,Cracidae,3,Medio
1457,Penelope superciliaris,Penelope superciliaris,Turdus albicollis,Leptotila rufaxilla,Habia rubica,Pipile jacutinga,Penelope superciliaris,Sapajus nigritus,Turdus albicollis,Turdus albicollis,Turdus albicollis,Penelope superciliaris,Penelope,Cracidae,3,Medio
1459,Penelope superciliaris,Penelope superciliaris,Pipile jacutinga,Penelope superciliaris,Penelope superciliaris,Penelope superciliaris,Penelope superciliaris,Penelope superciliaris,Pipile jacutinga,Pipile jacutinga,Pipile jacutinga,Penelope superciliaris,Penelope,Cracidae,3,Medio
1461,Pipile jacutinga,Pipile jacutinga,Pipile jacutinga,Pipile jacutinga,Pipile jacutinga,Pipile jacutinga,Pipile jacutinga,Pipile jacutinga,Pipile jacutinga,Pipile jacutinga,Pipile jacutinga,Pipile jacutinga,Pipile,Cracidae,6,Crítico
1462,Pipile jacutinga,Penelope superciliaris,Penelope superciliaris,Penelope superciliaris,Penelope superciliaris,Penelope superciliaris,Penelope superciliaris,Penelope superciliaris,Penelope superciliaris,Penelope superciliaris,Penelope superciliaris,Penelope superciliaris,Pipile,Cracidae,6,Crítico
1463,Pipile jacutinga,Pipile jacutinga,Pipile jacutinga,Pipile jacutinga,Pipile jacutinga,Pipile jacutinga,Pipile jacutinga,Pipile jacutinga,Pipile jacutinga,Pipile jacutinga,Pipile jacutinga,Pipile jacutinga,Pipile,Cracidae,6,Crítico
1464,Pipile jacutinga,Sapajus nigritus,Cyanocorax chrysops,Cyanocorax chrysops,Baryphthengus ruficapillus,Sapajus nigritus,Sapajus nigritus,Pipile jacutinga,Cyanocorax chrysops,Cyanocorax chrysops,Cyanocorax chrysops,Sapajus nigritus,Pipile,Cracidae,6,Crítico
1466,Pipile jacutinga,Lontra longicaudis,Pipile jacutinga,Lontra longicaudis,Lontra longicaudis,Pipile jacutinga,Lontra longicaudis,Lontra longicaudis,Pipile jacutinga,Pipile jacutinga,Pipile jacutinga,Lontra longicaudis,Pipile,Cracidae,6,Crítico
1467,Pipile jacutinga,Pipile jacutinga,Pipile jacutinga,Pipile jacutinga,Pipile jacutinga,Pipile jacutinga,Pipile jacutinga,Pipile jacutinga,Pipile jacutinga,Pipile jacutinga,Pipile jacutinga,Pipile jacutinga,Pipile,Cracidae,6,Crítico
1468,Pipile jacutinga,Pipile jacutinga,Pipile jacutinga,Penelope superciliaris,Penelope superciliaris,Pipile jacutinga,Pipile jacutinga,Penelope superciliaris,Pipile jacutinga,Pipile jacutinga,Pipile jacutinga,Pipile jacutinga,Pipile,Cracidae,6,Crítico
1469,Pipile jacutinga,Penelope superciliaris,Penelope superciliaris,Penelope superciliaris,Penelope superciliaris,Pipile jacutinga,Penelope superciliaris,Penelope superciliaris,Penelope superciliaris,Penelope superciliaris,Penelope superciliaris,Penelope superciliaris,Pipile,Cracidae,6,Crítico
1470,Pipile jacutinga,Pipile jacutinga,Penelope superciliaris,Penelope superciliaris,Penelope superciliaris,Pipile jacutinga,Pipile jacutinga,Pipile jacutinga,Penelope superciliaris,Penelope superciliaris,Penelope superciliaris,Pipile jacutinga,Pipile,Cracidae,6,Crítico
1471,Pipile jacutinga,Pipile jacutinga,Pipile jacutinga,Cyanoloxia brissonii,Pipile jacutinga,Pipile jacutinga,Pipile jacutinga,Pipile jacutinga,Pipile jacutinga,Pipile jacutinga,Pipile jacutinga,Pipile jacutinga,Pipile,Cracidae,6,Crítico
1472,Pipile jacutinga,Pipile jacutinga,Penelope superciliaris,Cyanoloxia brissonii,Cyanocorax chrysops,Pipile jacutinga,Penelope superciliaris,Cyanocorax chrysops,Penelope superciliaris,Penelope superciliaris,Penelope superciliaris,Pipile jacutinga,Pipile,Cracidae,6,Crítico
1474,Pipile jacutinga,Pipile jacutinga,Pipile jacutinga,Pipile jacutinga,Pipile jacutinga,Pipile jacutinga,Pipile jacutinga,Pipile jacutinga,Pipile jacutinga,Pipile jacutinga,Pipile jacutinga,Pipile jacutinga,Pipile,Cracidae,6,Crítico
1475,Pipile jacutinga,Pipile jacutinga,Penelope superciliaris,Pipile jacutinga,Penelope superciliaris,Pipile jacutinga,Pipile jacutinga,Pipile jacutinga,Penelope superciliaris,Penelope superciliaris,Penelope superciliaris,Pipile jacutinga,Pipile,Cracidae,6,Crítico
1476,Pipile jacutinga,Pipile jacutinga,Pipile jacutinga,Pipile jacutinga,Pipile jacutinga,Pipile jacutinga,Pipile jacutinga,Pipile jacutinga,Pipile jacutinga,Pipile jacutinga,Pipile jacutinga,Pipile jacutinga,Pipile,Cracidae,6,Crítico
1478,Pipile jacutinga,Pipile jacutinga,Pipile jacutinga,Pipile jacutinga,Pipile jacutinga,Pipile jacutinga,Pipile jacutinga,Pipile jacutinga,Pipile jacutinga,Pipile jacutinga,Pipile jacutinga,Pipile jacutinga,Pipile,Cracidae,6,Crítico
1479,Pipile jacutinga,Pipile jacutinga,Pipile jacutinga,Pipile jacutinga,Pipile jacutinga,Pipile jacutinga,Pipile jacutinga,Pipile jacutinga,Pipile jacutinga,Pipile jacutinga,Pipile jacutinga,Pipile jacutinga,Pipile,Cracidae,6,Crítico
1480,Pipile jacutinga,Pipile jacutinga,Pipile jacutinga,Pipile jacutinga,Pipile jacutinga,Pipile jacutinga,Pipile jacutinga,Penelope superciliaris,Pipile jacutinga,Pipile jacutinga,Pipile jacutinga,Pipile jacutinga,Pipile,Cracidae,6,Crítico
1482,Pipile jacutinga,Pipile jacutinga,Pipile jacutinga,Pipile jacutinga,Pipile jacutinga,Pipile jacutinga,Pipile jacutinga,Pipile jacutinga,Pipile jacutinga,Pipile jacutinga,Pipile jacutinga,Pipile jacutinga,Pipile,Cracidae,6,Crítico
1484,Pipile jacutinga,Pipile jacutinga,Penelope superciliaris,Penelope superciliaris,Penelope superciliaris,Pipile jacutinga,Pipile jacutinga,Pipile jacutinga,Penelope superciliaris,Penelope superciliaris,Penelope superciliaris,Pipile jacutinga,Pipile,Cracidae,6,Crítico
1486,Pipile jacutinga,Pipile jacutinga,Pipile jacutinga,Pipile jacutinga,Pipile jacutinga,Pipile jacutinga,Pipile jacutinga,Pipile jacutinga,Pipile jacutinga,Pipile jacutinga,Pipile jacutinga,Pipile jacutinga,Pipile,Cracidae,6,Crítico
1487,Pipile jacutinga,Pipile jacutinga,Pipile jacutinga,Pipile jacutinga,Pipile jacutinga,Pipile jacutinga,Pipile jacutinga,Pipile jacutinga,Pipile jacutinga,Pipile jacutinga,Pipile jacutinga,Pipile jacutinga,Pipile,Cracidae,6,Crítico
1488,Pipile jacutinga,Pipile jacutinga,Pipile jacutinga,Pipile jacutinga,Pipile jacutinga,Pipile jacutinga,Pipile jacutinga,Pipile jacutinga,Pipile jacutinga,Pipile jacutinga,Pipile jacutinga,Pipile jacutinga,Pipile,Cracidae,6,Crítico
1489,Pipile jacutinga,Pipile jacutinga,Penelope superciliaris,Penelope superciliaris,Mackenziaena leachii,Pipile jacutinga,Pipile jacutinga,Penelope superciliaris,Penelope superciliaris,Penelope superciliaris,Penelope superciliaris,Pipile jacutinga,Pipile,Cracidae,6,Crítico
1490,Pipile jacutinga,Pipile jacutinga,Pipile jacutinga,Pipile jacutinga,Pipile jacutinga,Pipile jacutinga,Pipile jacutinga,Pipile jacutinga,Pipile jacutinga,Pipile jacutinga,Pipile jacutinga,Pipile jacutinga,Pipile,Cracidae,6,Crítico
1491,Pipile jacutinga,Pipile jacutinga,Pipile jacutinga,Pipile jacutinga,Pipile jacutinga,Pipile jacutinga,Pipile jacutinga,Pipile jacutinga,Pipile jacutinga,Pipile jacutinga,Pipile jacutinga,Pipile jacutinga,Pipile,Cracidae,6,Crítico
1492,Pipile jacutinga,Herpailurus yagouaroundi,Pipile jacutinga,Cyanocorax chrysops,Cyanocorax chrysops,Penelope superciliaris,Salvator merianae,Amazona aestiva,Pipile jacutinga,Pipile jacutinga,Pipile jacutinga,Herpailurus yagouaroundi,Pipile,Cracidae,6,Crítico
1493,Pipile jacutinga,Pipile jacutinga,Pipile jacutinga,Pipile jacutinga,Pipile jacutinga,Pipile jacutinga,Pipile jacutinga,Pipile jacutinga,Pipile jacutinga,Pipile jacutinga,Pipile jacutinga,Pipile jacutinga,Pipile,Cracidae,6,Crítico
1495,Pipile jacutinga,Penelope superciliaris,Alouatta caraya,Alouatta caraya,Alouatta caraya,Pipile jacutinga,Penelope superciliaris,Penelope superciliaris,Alouatta caraya,Alouatta caraya,Alouatta caraya,Penelope superciliaris,Pipile,Cracidae,6,Crítico
1496,Pipile jacutinga,Pipile jacutinga,Pipile jacutinga,Pipile jacutinga,Pipile jacutinga,Pipile jacutinga,Pipile jacutinga,Pipile jacutinga,Pipile jacutinga,Pipile jacutinga,Pipile jacutinga,Pipile jacutinga,Pipile,Cracidae,6,Crítico
1497,Pipile jacutinga,Pipile jacutinga,Penelope superciliaris,Pipile jacutinga,Penelope superciliaris,Pipile jacutinga,Pipile jacutinga,Pipile jacutinga,Penelope superciliaris,Penelope superciliaris,Penelope superciliaris,Pipile jacutinga,Pipile,Cracidae,6,Crítico
1498,Pipile jacutinga,Pipile jacutinga,Penelope superciliaris,Alouatta guariba clamitans,Amazona vinacea,Pipile jacutinga,Pipile jacutinga,Pipile jacutinga,Penelope superciliaris,Penelope superciliaris,Penelope superciliaris,Pipile jacutinga,Pipile,Cracidae,6,Crítico
1499,Pipile jacutinga,Pipile jacutinga,Penelope superciliaris,Pipile jacutinga,Pipile jacutinga,Pipile jacutinga,Pipile jacutinga,Penelope superciliaris,Penelope superciliaris,Penelope superciliaris,Penelope superciliaris,Pipile jacutinga,Pipile,Cracidae,6,Crítico
1501,Pipile jacutinga,Penelope superciliaris,Cyanocorax chrysops,Alouatta guariba clamitans,Sapajus nigritus,Cyanocorax chrysops,Sapajus nigritus,Selenidera maculirostris,Cyanocorax chrysops,Cyanocorax chrysops,Cyanocorax chrysops,Penelope superciliaris,Pipile,Cracidae,6,Crítico
1502,Pipile jacutinga,Pipile jacutinga,Pipile jacutinga,Pipile jacutinga,Pipile jacutinga,Pipile jacutinga,Pipile jacutinga,Pipile jacutinga,Pipile jacutinga,Pipile jacutinga,Pipile jacutinga,Pipile jacutinga,Pipile,Cracidae,6,Crítico
1503,Pipile jacutinga,Pipile jacutinga,Pipile jacutinga,Pipile jacutinga,Pipile jacutinga,Pipile jacutinga,Pipile jacutinga,Pipile jacutinga,Pipile jacutinga,Pipile jacutinga,Pipile jacutinga,Pipile jacutinga,Pipile,Cracidae,6,Crítico
1504,Pipile jacutinga,Amazona vinacea,Hypoedaleus guttatus,Biatas nigropectus,Baryphthengus ruficapillus,Selenidera maculirostris,Penelope superciliaris,Selenidera maculirostris,Hypoedaleus guttatus,Hypoedaleus guttatus,Hypoedaleus guttatus,Amazona vinacea,Pipile,Cracidae,6,Crítico
1507,Pipile jacutinga,Pipile jacutinga,Pipile jacutinga,Pipile jacutinga,Pipile jacutinga,Pipile jacutinga,Pipile jacutinga,Cyanocorax chrysops,Pipile jacutinga,Pipile jacutinga,Pipile jacutinga,Pipile jacutinga,Pipile,Cracidae,6,Crítico
1508,Pipile jacutinga,Amazona aestiva,Pipile jacutinga,Amazona aestiva,Cyanoloxia brissonii,Amazona aestiva,Cyanocorax chrysops,Cyanocorax chrysops,Pipile jacutinga,Pipile jacutinga,Pipile jacutinga,Amazona aestiva,Pipile,Cracidae,6,Crítico
1509,Pipile jacutinga,Pipile jacutinga,Penelope superciliaris,Crax fasciolata,Pipile jacutinga,Pipile jacutinga,Pipile jacutinga,Pipile jacutinga,Penelope superciliaris,Penelope superciliaris,Penelope superciliaris,Pipile jacutinga,Pipile,Cracidae,6,Crítico
1510,Pipile jacutinga,Pipile jacutinga,Pipile jacutinga,Mackenziaena leachii,Penelope superciliaris,Pipile jacutinga,Pipile jacutinga,Mackenziaena severa,Pipile jacutinga,Pipile jacutinga,Pipile jacutinga,Pipile jacutinga,Pipile,Cracidae,6,Crítico
1511,Pipile jacutinga,Pipile jacutinga,Penelope superciliaris,Penelope superciliaris,Penelope superciliaris,Pipile jacutinga,Pipile jacutinga,Penelope superciliaris,Penelope superciliaris,Penelope superciliaris,Penelope superciliaris,Pipile jacutinga,Pipile,Cracidae,6,Crítico
1512,Pipile jacutinga,Pipile jacutinga,Pipile jacutinga,Pipile jacutinga,Pipile jacutinga,Pipile jacutinga,Pipile jacutinga,Pipile jacutinga,Pipile jacutinga,Pipile jacutinga,Pipile jacutinga,Pipile jacutinga,Pipile,Cracidae,6,Crítico
1515,Pipile jacutinga,Lontra longicaudis,Pipile jacutinga,Lontra longicaudis,Lontra longicaudis,Lontra longicaudis,Lontra longicaudis,Lontra longicaudis,Pipile jacutinga,Pipile jacutinga,Pipile jacutinga,Lontra longicaudis,Pipile,Cracidae,6,Crítico
1516,Pipile jacutinga,Mackenziaena severa,Leptotila rufaxilla,Cyanoloxia brissonii,Cyanoloxia brissonii,Pipile jacutinga,Pipile jacutinga,Leptotila rufaxilla,Leptotila rufaxilla,Leptotila rufaxilla,Leptotila rufaxilla,Mackenziaena severa,Pipile,Cracidae,6,Crítico
1517,Pipile jacutinga,Penelope superciliaris,Selenidera maculirostris,Penelope superciliaris,Penelope superciliaris,Penelope superciliaris,Penelope superciliaris,Alouatta caraya,Selenidera maculirostris,Selenidera maculirostris,Selenidera maculirostris,Penelope superciliaris,Pipile,Cracidae,6,Crítico
1518,Pipile jacutinga,Pipile jacutinga,Penelope superciliaris,Pipile jacutinga,Pipile jacutinga,Pipile jacutinga,Pipile jacutinga,Pipile jacutinga,Penelope superciliaris,Penelope superciliaris,Penelope superciliaris,Pipile jacutinga,Pipile,Cracidae,6,Crítico
1520,Pipile jacutinga,Pipile jacutinga,Mackenziaena severa,Mackenziaena severa,Pipile jacutinga,Pipile jacutinga,Pipile jacutinga,Pipile jacutinga,Mackenziaena severa,Mackenziaena severa,Mackenziaena severa,Pipile jacutinga,Pipile,Cracidae,6,Crítico
1521,Pipile jacutinga,Pipile jacutinga,Mackenziaena severa,Pipile jacutinga,Pipile jacutinga,Pipile jacutinga,Pipile jacutinga,Pipile jacutinga,Mackenziaena severa,Mackenziaena severa,Mackenziaena severa,Pipile jacutinga,Pipile,Cracidae,6,Crítico
1522,Pipile jacutinga,Pipile jacutinga,Pipile jacutinga,Pipile jacutinga,Pipile jacutinga,Pipile jacutinga,Pipile jacutinga,Pipile jacutinga,Pipile jacutinga,Pipile jacutinga,Pipile jacutinga,Pipile jacutinga,Pipile,Cracidae,6,Crítico
1523,Pipile jacutinga,Hypoedaleus guttatus,Pyriglena leucoptera,Pyriglena leucoptera,Didelphis aurita,Myiothlypis leucoblephara,Hypoedaleus guttatus,Brotogeris chiriri,Pyriglena leucoptera,Pyriglena leucoptera,Pyriglena leucoptera,Hypoedaleus guttatus,Pipile,Cracidae,6,Crítico
1524,Pipile jacutinga,Pipile jacutinga,Penelope superciliaris,Pipile jacutinga,Pipile jacutinga,Pipile jacutinga,Pipile jacutinga,Pipile jacutinga,Penelope superciliaris,Penelope superciliaris,Penelope superciliaris,Pipile jacutinga,Pipile,Cracidae,6,Crítico
1525,Pipile jacutinga,Pipile jacutinga,Pipile jacutinga,Pipile jacutinga,Pipile jacutinga,Pipile jacutinga,Pipile jacutinga,Pipile jacutinga,Pipile jacutinga,Pipile jacutinga,Pipile jacutinga,Pipile jacutinga,Pipile,Cracidae,6,Crítico
1526,Pipile jacutinga,Sapajus nigritus,Sapajus nigritus,Amazona vinacea,Sapajus nigritus,Amazona vinacea,Sapajus nigritus,Strix hylophila,Sapajus nigritus,Sapajus nigritus,Sapajus nigritus,Sapajus nigritus,Pipile,Cracidae,6,Crítico
1527,Pipile jacutinga,Crypturellus tataupa,Penelope superciliaris,Aramides saracura,Aramides saracura,Phrynops williamsi,Penelope superciliaris,Leptotila rufaxilla,Penelope superciliaris,Penelope superciliaris,Penelope superciliaris,Crypturellus tataupa,Pipile,Cracidae,6,Crítico
1528,Pipile jacutinga,Pipile jacutinga,Pipile jacutinga,Pipile jacutinga,Penelope superciliaris,Pipile jacutinga,Pipile jacutinga,Pipile jacutinga,Pipile jacutinga,Pipile jacutinga,Pipile jacutinga,Pipile jacutinga,Pipile,Cracidae,6,Crítico
1530,Pipile jacutinga,Pipile jacutinga,Pipile jacutinga,Pipile jacutinga,Pipile jacutinga,Pipile jacutinga,Pipile jacutinga,Pipile jacutinga,Pipile jacutinga,Pipile jacutinga,Pipile jacutinga,Pipile jacutinga,Pipile,Cracidae,6,Crítico
1531,Cuniculus paca,Cuniculus paca,Cuniculus paca,Cuniculus paca,Cabassous tatouay,Cuniculus paca,Cerdocyon thous,Leopardus guttulus,Cuniculus paca,Cuniculus paca,Cuniculus paca,Cuniculus paca,Cuniculus,Cuniculidae,2,Bajo
1532,Cuniculus paca,Cuniculus paca,Cuniculus paca,Cabassous tatouay,Cuniculus paca,Cuniculus paca,Cerdocyon thous,Leopardus wiedii,Cuniculus paca,Cuniculus paca,Cuniculus paca,Cuniculus paca,Cuniculus,Cuniculidae,2,Bajo
1533,Cuniculus paca,Cabassous tatouay,Cabassous tatouay,Leopardus wiedii,Leopardus wiedii,Leopardus wiedii,Leopardus guttulus,Leopardus guttulus,Cabassous tatouay,Cabassous tatouay,Cabassous tatouay,Cabassous tatouay,Cuniculus,Cuniculidae,2,Bajo
1534,Cuniculus paca,Cuniculus paca,Cuniculus paca,Cuniculus paca,Cuniculus paca,Cuniculus paca,Cerdocyon thous,Cuniculus paca,Cuniculus paca,Cuniculus paca,Cuniculus paca,Cuniculus paca,Cuniculus,Cuniculidae,2,Bajo
1535,Cuniculus paca,Cuniculus paca,Leopardus guttulus,Cuniculus paca,Cuniculus paca,Leopardus wiedii,Cerdocyon thous,Cerdocyon thous,Leopardus guttulus,Leopardus guttulus,Leopardus guttulus,Cuniculus paca,Cuniculus,Cuniculidae,2,Bajo
1536,Cuniculus paca,Cuniculus paca,Cuniculus paca,Cuniculus paca,Dasyprocta azarae,Sylvilagus brasiliensis,Dasyprocta azarae,Lepus europaeus,Cuniculus paca,Cuniculus paca,Cuniculus paca,Cuniculus paca,Cuniculus,Cuniculidae,2,Bajo
1538,Cuniculus paca,Cabassous tatouay,Leopardus wiedii,Cabassous tatouay,Cabassous tatouay,Cerdocyon thous,Cerdocyon thous,Leopardus wiedii,Leopardus wiedii,Leopardus wiedii,Leopardus wiedii,Cabassous tatouay,Cuniculus,Cuniculidae,2,Bajo
1539,Cuniculus paca,Procyon cancrivorus,Procyon cancrivorus,Cuniculus paca,Procyon cancrivorus,Cerdocyon thous,Cerdocyon thous,Didelphis albiventris,Procyon cancrivorus,Procyon cancrivorus,Procyon cancrivorus,Procyon cancrivorus,Cuniculus,Cuniculidae,2,Bajo
1541,Cuniculus paca,Cuniculus paca,Cabassous tatouay,Cabassous tatouay,Cuniculus paca,Cerdocyon thous,Cerdocyon thous,Eira barbara,Cabassous tatouay,Cabassous tatouay,Cabassous tatouay,Cuniculus paca,Cuniculus,Cuniculidae,2,Bajo
1542,Cuniculus paca,Cabassous tatouay,Procyon cancrivorus,Cabassous tatouay,Cabassous tatouay,Procyon cancrivorus,Cerdocyon thous,Cerdocyon thous,Procyon cancrivorus,Procyon cancrivorus,Procyon cancrivorus,Cabassous tatouay,Cuniculus,Cuniculidae,2,Bajo
1543,Cuniculus paca,Leopardus wiedii,Leopardus wiedii,Cabassous tatouay,Leopardus wiedii,Cerdocyon thous,Cerdocyon thous,Cerdocyon thous,Leopardus wiedii,Leopardus wiedii,Leopardus wiedii,Leopardus wiedii,Cuniculus,Cuniculidae,2,Bajo
1544,Cuniculus paca,Tapirus terrestris,Cuniculus paca,Cuniculus paca,Pecari tajacu,Cuniculus paca,Pecari tajacu,Pecari tajacu,Cuniculus paca,Cuniculus paca,Cuniculus paca,Tapirus terrestris,Cuniculus,Cuniculidae,2,Bajo
1545,Cuniculus paca,Cuniculus paca,Cuniculus paca,Cuniculus paca,Cuniculus paca,Procyon cancrivorus,Leopardus guttulus,Cuniculus paca,Cuniculus paca,Cuniculus paca,Cuniculus paca,Cuniculus paca,Cuniculus,Cuniculidae,2,Bajo
1546,Cuniculus paca,Cuniculus paca,Cuniculus paca,Cuniculus paca,Cuniculus paca,Cuniculus paca,Cerdocyon thous,Cuniculus paca,Cuniculus paca,Cuniculus paca,Cuniculus paca,Cuniculus paca,Cuniculus,Cuniculidae,2,Bajo
1547,Cuniculus paca,Cabassous tatouay,Leopardus wiedii,Cabassous tatouay,Leopardus wiedii,Leopardus wiedii,Cerdocyon thous,Nyctidromus albicollis,Leopardus wiedii,Leopardus wiedii,Leopardus wiedii,Cabassous tatouay,Cuniculus,Cuniculidae,2,Bajo
1550,Cuniculus paca,Cabassous tatouay,Cuniculus paca,Cuniculus paca,Cuniculus paca,Procyon cancrivorus,Cerdocyon thous,Leopardus guttulus,Cuniculus paca,Cuniculus paca,Cuniculus paca,Cabassous tatouay,Cuniculus,Cuniculidae,2,Bajo
1551,Cuniculus paca,Cabassous tatouay,Cuniculus paca,Cuniculus paca,Cuniculus paca,Cerdocyon thous,Cerdocyon thous,Leopardus guttulus,Cuniculus paca,Cuniculus paca,Cuniculus paca,Cabassous tatouay,Cuniculus,Cuniculidae,2,Bajo
1552,Cuniculus paca,Cuniculus paca,Hydropsalis torquata,Crypturellus tataupa,Crypturellus obsoletus,Crypturellus tataupa,Hydropsalis torquata,Dasyprocta azarae,Hydropsalis torquata,Hydropsalis torquata,Hydropsalis torquata,Cuniculus paca,Cuniculus,Cuniculidae,2,Bajo
1553,Cuniculus paca,Cabassous tatouay,Cabassous tatouay,Leopardus wiedii,Leopardus wiedii,Leopardus wiedii,Cerdocyon thous,Cerdocyon thous,Cabassous tatouay,Cabassous tatouay,Cabassous tatouay,Cabassous tatouay,Cuniculus,Cuniculidae,2,Bajo
1554,Cuniculus paca,Cuniculus paca,Cuniculus paca,Cabassous tatouay,Cuniculus paca,Cuniculus paca,Cerdocyon thous,Cerdocyon thous,Cuniculus paca,Cuniculus paca,Cuniculus paca,Cuniculus paca,Cuniculus,Cuniculidae,2,Bajo
1555,Dasypus novemcinctus,Dasypus novemcinctus,Dasypus novemcinctus,Dasypus novemcinctus,Dasypus novemcinctus,Dasypus novemcinctus,Dasypus novemcinctus,Dasypus novemcinctus,Dasypus novemcinctus,Dasypus novemcinctus,Dasypus novemcinctus,Dasypus novemcinctus,Dasypus,Dasypodidae,1,Bajo
1556,Dasypus novemcinctus,Salvator merianae,Nyctidromus albicollis,Dasypus novemcinctus,Dasypus novemcinctus,Dasypus novemcinctus,Salvator merianae,Turdus rufiventris,Nyctidromus albicollis,Nyctidromus albicollis,Nyctidromus albicollis,Salvator merianae,Dasypus,Dasypodidae,1,Bajo
1557,Dasypus novemcinctus,Dasypus novemcinctus,Dasypus novemcinctus,Euphractus sexcinctus,Dasypus novemcinctus,Dasypus novemcinctus,Dasypus novemcinctus,Dasypus novemcinctus,Dasypus novemcinctus,Dasypus novemcinctus,Dasypus novemcinctus,Dasypus novemcinctus,Dasypus,Dasypodidae,1,Bajo
1558,Dasypus novemcinctus,Dasypus novemcinctus,Euphractus sexcinctus,Euphractus sexcinctus,Euphractus sexcinctus,Dasypus novemcinctus,Dasypus novemcinctus,Dasypus novemcinctus,Euphractus sexcinctus,Euphractus sexcinctus,Euphractus sexcinctus,Dasypus novemcinctus,Dasypus,Dasypodidae,1,Bajo
1559,Dasypus novemcinctus,Cuniculus paca,Dasypus novemcinctus,Cuniculus paca,Procyon cancrivorus,Dasypus novemcinctus,Cerdocyon thous,Dasypus novemcinctus,Dasypus novemcinctus,Dasypus novemcinctus,Dasypus novemcinctus,Cuniculus paca,Dasypus,Dasypodidae,1,Bajo
1560,Dasypus novemcinctus,Dasyprocta azarae,Dasyprocta azarae,Dasyprocta azarae,Dasyprocta azarae,Dasyprocta azarae,Dasyprocta azarae,Salvator merianae,Dasyprocta azarae,Dasyprocta azarae,Dasyprocta azarae,Dasyprocta azarae,Dasypus,Dasypodidae,1,Bajo
1561,Dasypus novemcinctus,Salvator merianae,Euphractus sexcinctus,Salvator merianae,Salvator merianae,Dasypus novemcinctus,Salvator merianae,Dasypus novemcinctus,Euphractus sexcinctus,Euphractus sexcinctus,Euphractus sexcinctus,Salvator merianae,Dasypus,Dasypodidae,1,Bajo
1562,Dasypus novemcinctus,Lontra longicaudis,Lontra longicaudis,Lontra longicaudis,Lontra longicaudis,Lontra longicaudis,Lontra longicaudis,Phrynops williamsi,Lontra longicaudis,Lontra longicaudis,Lontra longicaudis,Lontra longicaudis,Dasypus,Dasypodidae,1,Bajo
1563,Dasypus novemcinctus,Salvator merianae,Nyctidromus albicollis,Nyctidromus albicollis,Nyctidromus albicollis,Salvator merianae,Salvator merianae,Nyctidromus albicollis,Nyctidromus albicollis,Nyctidromus albicollis,Nyctidromus albicollis,Salvator merianae,Dasypus,Dasypodidae,1,Bajo
1564,Dasypus novemcinctus,Cuniculus paca,Cuniculus paca,Cuniculus paca,Cuniculus paca,Cuniculus paca,Cerdocyon thous,Cuniculus paca,Cuniculus paca,Cuniculus paca,Cuniculus paca,Cuniculus paca,Dasypus,Dasypodidae,1,Bajo
1565,Dasypus novemcinctus,Dasypus novemcinctus,Dasypus novemcinctus,Dasypus novemcinctus,Dasypus novemcinctus,Dasypus novemcinctus,Dasypus novemcinctus,Dasypus novemcinctus,Dasypus novemcinctus,Dasypus novemcinctus,Dasypus novemcinctus,Dasypus novemcinctus,Dasypus,Dasypodidae,1,Bajo
1566,Dasypus novemcinctus,Dasypus novemcinctus,Dasypus novemcinctus,Dasypus novemcinctus,Dasypus novemcinctus,Dasypus novemcinctus,Dasypus novemcinctus,Dasypus novemcinctus,Dasypus novemcinctus,Dasypus novemcinctus,Dasypus novemcinctus,Dasypus novemcinctus,Dasypus,Dasypodidae,1,Bajo
1567,Dasypus novemcinctus,Dasypus novemcinctus,Cabassous tatouay,Cabassous tatouay,Cabassous tatouay,Dasypus novemcinctus,Dasypus novemcinctus,Phrynops williamsi,Cabassous tatouay,Cabassous tatouay,Cabassous tatouay,Dasypus novemcinctus,Dasypus,Dasypodidae,1,Bajo
1568,Dasypus novemcinctus,Dasypus novemcinctus,Dasypus novemcinctus,Dasypus novemcinctus,Dasypus novemcinctus,Dasypus novemcinctus,Dasypus novemcinctus,Dasypus novemcinctus,Dasypus novemcinctus,Dasypus novemcinctus,Dasypus novemcinctus,Dasypus novemcinctus,Dasypus,Dasypodidae,1,Bajo
1569,Dasypus novemcinctus,Dasypus novemcinctus,Dasypus novemcinctus,Dasypus novemcinctus,Dasypus novemcinctus,Dasypus novemcinctus,Dasypus novemcinctus,Dasypus novemcinctus,Dasypus novemcinctus,Dasypus novemcinctus,Dasypus novemcinctus,Euphractus sexcinctus,Dasypus,Dasypodidae,1,Bajo
1570,Dasypus novemcinctus,Cabassous tatouay,Leopardus wiedii,Cuniculus paca,Cuniculus paca,Dasypus novemcinctus,Cerdocyon thous,Crypturellus tataupa,Leopardus wiedii,Leopardus wiedii,Leopardus wiedii,Cabassous tatouay,Dasypus,Dasypodidae,1,Bajo
1571,Dasypus novemcinctus,Dasypus novemcinctus,Hydropsalis torquata,Dasypus novemcinctus,Dasypus novemcinctus,Dasypus novemcinctus,Dasypus novemcinctus,Salvator merianae,Hydropsalis torquata,Hydropsalis torquata,Hydropsalis torquata,Dasypus novemcinctus,Dasypus,Dasypodidae,1,Bajo
1572,Dasypus novemcinctus,Dasypus novemcinctus,Dasypus novemcinctus,Dasypus novemcinctus,Dasypus novemcinctus,Dasypus novemcinctus,Dasypus novemcinctus,Dasypus novemcinctus,Dasypus novemcinctus,Dasypus novemcinctus,Dasypus novemcinctus,Dasypus novemcinctus,Dasypus,Dasypodidae,1,Bajo
1573,Dasypus novemcinctus,Dasypus novemcinctus,Dasypus novemcinctus,Dasypus novemcinctus,Dasypus novemcinctus,Dasypus novemcinctus,Dasypus novemcinctus,Dasypus novemcinctus,Dasypus novemcinctus,Dasypus novemcinctus,Dasypus novemcinctus,Dasypus novemcinctus,Dasypus,Dasypodidae,1,Bajo
1575,Dasypus novemcinctus,Dasypus novemcinctus,Dasypus novemcinctus,Dasypus novemcinctus,Dasypus novemcinctus,Dasypus novemcinctus,Dasypus novemcinctus,Dasypus novemcinctus,Dasypus novemcinctus,Dasypus novemcinctus,Dasypus novemcinctus,Dasypus novemcinctus,Dasypus,Dasypodidae,1,Bajo
1578,Dasypus novemcinctus,Euphractus sexcinctus,Euphractus sexcinctus,Euphractus sexcinctus,Dasypus novemcinctus,Dasypus novemcinctus,Dasypus novemcinctus,Dasypus novemcinctus,Euphractus sexcinctus,Euphractus sexcinctus,Euphractus sexcinctus,Euphractus sexcinctus,Dasypus,Dasypodidae,1,Bajo
1579,Dasypus novemcinctus,Dasypus novemcinctus,Dasypus novemcinctus,Dasypus novemcinctus,Dasypus novemcinctus,Dasypus novemcinctus,Dasypus novemcinctus,Dasypus novemcinctus,Dasypus novemcinctus,Dasypus novemcinctus,Dasypus novemcinctus,Dasypus novemcinctus,Dasypus,Dasypodidae,1,Bajo
1580,Dasypus novemcinctus,Dasyprocta azarae,Dasyprocta azarae,Aramides saracura,Dasyprocta azarae,Dasyprocta azarae,Dasyprocta azarae,Hydrochoerus hydrochaeris,Dasyprocta azarae,Dasyprocta azarae,Dasyprocta azarae,Dasyprocta azarae,Dasypus,Dasypodidae,1,Bajo
1583,Dasypus novemcinctus,Dasypus novemcinctus,Dasypus novemcinctus,Euphractus sexcinctus,Euphractus sexcinctus,Dasypus novemcinctus,Dasypus novemcinctus,Dasypus novemcinctus,Dasypus novemcinctus,Dasypus novemcinctus,Dasypus novemcinctus,Dasypus novemcinctus,Dasypus,Dasypodidae,1,Bajo
1584,Dasypus novemcinctus,Euphractus sexcinctus,Dasypus novemcinctus,Dasypus novemcinctus,Dasypus novemcinctus,Dasypus novemcinctus,Dasypus novemcinctus,Dasypus novemcinctus,Dasypus novemcinctus,Dasypus novemcinctus,Dasypus novemcinctus,Euphractus sexcinctus,Dasypus,Dasypodidae,1,Bajo
1585,Dasypus novemcinctus,Dasypus novemcinctus,Dasypus novemcinctus,Dasypus novemcinctus,Dasypus novemcinctus,Dasypus novemcinctus,Dasypus novemcinctus,Dasypus novemcinctus,Dasypus novemcinctus,Dasypus novemcinctus,Dasypus novemcinctus,Dasypus novemcinctus,Dasypus,Dasypodidae,1,Bajo
1586,Dasypus novemcinctus,Euphractus sexcinctus,Euphractus sexcinctus,Euphractus sexcinctus,Euphractus sexcinctus,Dasypus novemcinctus,Dasypus novemcinctus,Dasypus novemcinctus,Euphractus sexcinctus,Euphractus sexcinctus,Euphractus sexcinctus,Euphractus sexcinctus,Dasypus,Dasypodidae,1,Bajo
1587,Dasypus novemcinctus,Herpailurus yagouaroundi,Crypturellus obsoletus,Crypturellus obsoletus,Myiothlypis leucoblephara,Sus scrofa,Hydropsalis torquata,Cerdocyon thous,Crypturellus obsoletus,Crypturellus obsoletus,Crypturellus obsoletus,Sus scrofa,Dasypus,Dasypodidae,1,Bajo
1589,Dasypus novemcinctus,Dasypus novemcinctus,Salvator merianae,Crypturellus obsoletus,Crypturellus obsoletus,Dasypus novemcinctus,Dasypus novemcinctus,Dasypus novemcinctus,Salvator merianae,Salvator merianae,Salvator merianae,Dasypus novemcinctus,Dasypus,Dasypodidae,1,Bajo
1590,Dasypus novemcinctus,Dasypus novemcinctus,Dasypus novemcinctus,Dasypus novemcinctus,Dasypus novemcinctus,Dasypus novemcinctus,Dasypus novemcinctus,Dasypus novemcinctus,Dasypus novemcinctus,Dasypus novemcinctus,Dasypus novemcinctus,Dasypus novemcinctus,Dasypus,Dasypodidae,1,Bajo
1591,Dasypus novemcinctus,Cabassous tatouay,Leopardus wiedii,Cabassous tatouay,Cabassous tatouay,Leopardus wiedii,Leopardus guttulus,Leopardus guttulus,Leopardus wiedii,Leopardus wiedii,Leopardus wiedii,Cabassous tatouay,Dasypus,Dasypodidae,1,Bajo
1592,Dasypus novemcinctus,Dasypus novemcinctus,Dasypus novemcinctus,Dasypus novemcinctus,Dasypus novemcinctus,Dasypus novemcinctus,Dasypus novemcinctus,Dasypus novemcinctus,Dasypus novemcinctus,Dasypus novemcinctus,Dasypus novemcinctus,Dasypus novemcinctus,Dasypus,Dasypodidae,1,Bajo
1593,Dasypus novemcinctus,Dasypus novemcinctus,Dasypus novemcinctus,Dasypus novemcinctus,Dasypus novemcinctus,Dasypus novemcinctus,Dasypus novemcinctus,Dasypus novemcinctus,Dasypus novemcinctus,Dasypus novemcinctus,Dasypus novemcinctus,Dasypus novemcinctus,Dasypus,Dasypodidae,1,Bajo
1594,Dasypus novemcinctus,Dasypus novemcinctus,Dasypus novemcinctus,Dasypus novemcinctus,Dasypus novemcinctus,Dasypus novemcinctus,Dasypus novemcinctus,Dasypus novemcinctus,Dasypus novemcinctus,Dasypus novemcinctus,Dasypus novemcinctus,Dasypus novemcinctus,Dasypus,Dasypodidae,1,Bajo
1595,Dasypus novemcinctus,Dasypus novemcinctus,Dasypus novemcinctus,Dasypus novemcinctus,Dasypus novemcinctus,Dasypus novemcinctus,Dasypus novemcinctus,Dasypus novemcinctus,Dasypus novemcinctus,Dasypus novemcinctus,Dasypus novemcinctus,Dasypus novemcinctus,Dasypus,Dasypodidae,1,Bajo
1596,Dasypus novemcinctus,Dasypus novemcinctus,Euphractus sexcinctus,Crypturellus obsoletus,Crypturellus obsoletus,Euphractus sexcinctus,Dasyprocta azarae,Dasypus novemcinctus,Euphractus sexcinctus,Euphractus sexcinctus,Euphractus sexcinctus,Dasypus novemcinctus,Dasypus,Dasypodidae,1,Bajo
1597,Dasypus novemcinctus,Cabassous tatouay,Cuniculus paca,Cabassous tatouay,Cabassous tatouay,Leopardus wiedii,Cerdocyon thous,Procyon cancrivorus,Cuniculus paca,Cuniculus paca,Cuniculus paca,Cabassous tatouay,Dasypus,Dasypodidae,1,Bajo
1598,Dasypus novemcinctus,Cuniculus paca,Cuniculus paca,Cuniculus paca,Cerdocyon thous,Procyon cancrivorus,Cerdocyon thous,Leopardus guttulus,Cuniculus paca,Cuniculus paca,Cuniculus paca,Cuniculus paca,Dasypus,Dasypodidae,1,Bajo
1599,Dasypus novemcinctus,Nyctidromus albicollis,Euphractus sexcinctus,Dasypus novemcinctus,Dasypus novemcinctus,Dasypus novemcinctus,Hydropsalis torquata,Nyctidromus albicollis,Euphractus sexcinctus,Euphractus sexcinctus,Euphractus sexcinctus,Nyctidromus albicollis,Dasypus,Dasypodidae,1,Bajo
1600,Dasypus novemcinctus,Dasypus novemcinctus,Dasypus novemcinctus,Dasypus novemcinctus,Dasypus novemcinctus,Dasypus novemcinctus,Dasypus novemcinctus,Dasypus novemcinctus,Dasypus novemcinctus,Dasypus novemcinctus,Dasypus novemcinctus,Dasypus novemcinctus,Dasypus,Dasypodidae,1,Bajo
1605,Dasypus novemcinctus,Cuniculus paca,Cuniculus paca,Cuniculus paca,Cuniculus paca,Leopardus wiedii,Leopardus guttulus,Cuniculus paca,Cuniculus paca,Cuniculus paca,Cuniculus paca,Cuniculus paca,Dasypus,Dasypodidae,1,Bajo
1607,Dasypus novemcinctus,Dasypus novemcinctus,Euphractus sexcinctus,Dasypus novemcinctus,Dasypus novemcinctus,Dasypus novemcinctus,Dasypus novemcinctus,Euphractus sexcinctus,Euphractus sexcinctus,Euphractus sexcinctus,Euphractus sexcinctus,Dasypus novemcinctus,Dasypus,Dasypodidae,1,Bajo
1608,Dasypus novemcinctus,Dasypus novemcinctus,Dasypus novemcinctus,Dasypus novemcinctus,Dasypus novemcinctus,Dasypus novemcinctus,Dasypus novemcinctus,Dasypus novemcinctus,Dasypus novemcinctus,Dasypus novemcinctus,Dasypus novemcinctus,Dasypus novemcinctus,Dasypus,Dasypodidae,1,Bajo
1609,Dasypus novemcinctus,Cabassous tatouay,Leopardus wiedii,Cabassous tatouay,Cabassous tatouay,Dasypus novemcinctus,Leopardus guttulus,Dasyprocta azarae,Leopardus wiedii,Leopardus wiedii,Leopardus wiedii,Cabassous tatouay,Dasypus,Dasypodidae,1,Bajo
1610,Dasypus novemcinctus,Dasypus novemcinctus,Dasypus novemcinctus,Dasypus novemcinctus,Euphractus sexcinctus,Dasypus novemcinctus,Dasypus novemcinctus,Dasypus novemcinctus,Dasypus novemcinctus,Dasypus novemcinctus,Dasypus novemcinctus,Dasypus novemcinctus,Dasypus,Dasypodidae,1,Bajo
1611,Dasypus novemcinctus,Dasypus novemcinctus,Dasypus novemcinctus,Dasyprocta azarae,Crypturellus obsoletus,Dasypus novemcinctus,Dasypus novemcinctus,Dasypus novemcinctus,Dasypus novemcinctus,Dasypus novemcinctus,Dasypus novemcinctus,Dasypus novemcinctus,Dasypus,Dasypodidae,1,Bajo
1612,Dasypus novemcinctus,Dasypus novemcinctus,Euphractus sexcinctus,Dasypus novemcinctus,Dasypus novemcinctus,Dasypus novemcinctus,Dasypus novemcinctus,Dasypus novemcinctus,Euphractus sexcinctus,Euphractus sexcinctus,Euphractus sexcinctus,Dasypus novemcinctus,Dasypus,Dasypodidae,1,Bajo
1613,Dasypus novemcinctus,Euphractus sexcinctus,Euphractus sexcinctus,Euphractus sexcinctus,Euphractus sexcinctus,Dasypus novemcinctus,Dasypus novemcinctus,Euphractus sexcinctus,Euphractus sexcinctus,Euphractus sexcinctus,Euphractus sexcinctus,Euphractus sexcinctus,Dasypus,Dasypodidae,1,Bajo
1614,Dasypus novemcinctus,Dasypus novemcinctus,Dasypus novemcinctus,Dasypus novemcinctus,Salvator merianae,Dasypus novemcinctus,Salvator merianae,Dasypus novemcinctus,Dasypus novemcinctus,Dasypus novemcinctus,Dasypus novemcinctus,Dasypus novemcinctus,Dasypus,Dasypodidae,1,Bajo
1615,Dasypus novemcinctus,Dasypus novemcinctus,Dasypus novemcinctus,Dasypus novemcinctus,Dasypus novemcinctus,Dasypus novemcinctus,Dasypus novemcinctus,Dasypus novemcinctus,Dasypus novemcinctus,Dasypus novemcinctus,Dasypus novemcinctus,Dasypus novemcinctus,Dasypus,Dasypodidae,1,Bajo
1617,Dasypus novemcinctus,Euphractus sexcinctus,Dasypus novemcinctus,Dasypus novemcinctus,Dasypus novemcinctus,Dasypus novemcinctus,Dasypus novemcinctus,Dasypus novemcinctus,Dasypus novemcinctus,Dasypus novemcinctus,Dasypus novemcinctus,Euphractus sexcinctus,Dasypus,Dasypodidae,1,Bajo
1618,Dasypus novemcinctus,Dasypus novemcinctus,Euphractus sexcinctus,Dasypus novemcinctus,Cuniculus paca,Dasypus novemcinctus,Dasypus novemcinctus,Dasyprocta azarae,Euphractus sexcinctus,Euphractus sexcinctus,Euphractus sexcinctus,Dasypus novemcinctus,Dasypus,Dasypodidae,1,Bajo
1619,Dasyprocta azarae,Dasyprocta azarae,Dasyprocta azarae,Dasyprocta azarae,Dasyprocta azarae,Dasyprocta azarae,Dasyprocta azarae,Dasyprocta azarae,Dasyprocta azarae,Dasyprocta azarae,Dasyprocta azarae,Dasyprocta azarae,Dasyprocta,Dasyproctidae,3,Medio
1621,Dasyprocta azarae,Dasyprocta azarae,Pecari tajacu,Pecari tajacu,Dasyprocta azarae,Dasyprocta azarae,Dasyprocta azarae,Pecari tajacu,Pecari tajacu,Pecari tajacu,Pecari tajacu,Dasyprocta azarae,Dasyprocta,Dasyproctidae,3,Medio
1622,Dasyprocta azarae,Salvator merianae,Salvator merianae,Leptotila verreauxi,Cyanocorax chrysops,Salvator merianae,Salvator merianae,Sapajus nigritus,Salvator merianae,Salvator merianae,Salvator merianae,Salvator merianae,Dasyprocta,Dasyproctidae,3,Medio
1624,Dasyprocta azarae,Dasyprocta azarae,Pecari tajacu,Dasyprocta azarae,Dasyprocta azarae,Dasyprocta azarae,Dasyprocta azarae,Dasyprocta azarae,Pecari tajacu,Pecari tajacu,Pecari tajacu,Dasyprocta azarae,Dasyprocta,Dasyproctidae,3,Medio
1625,Dasyprocta azarae,Dasyprocta azarae,Dasyprocta azarae,Dasyprocta azarae,Dasyprocta azarae,Dasyprocta azarae,Dasyprocta azarae,Dasyprocta azarae,Dasyprocta azarae,Dasyprocta azarae,Dasyprocta azarae,Dasyprocta azarae,Dasyprocta,Dasyproctidae,3,Medio
1626,Dasyprocta azarae,Dasyprocta azarae,Dasyprocta azarae,Dasyprocta azarae,Dasyprocta azarae,Dasyprocta azarae,Dasyprocta azarae,Dasyprocta azarae,Dasyprocta azarae,Dasyprocta azarae,Dasyprocta azarae,Dasyprocta azarae,Dasyprocta,Dasyproctidae,3,Medio
1627,Dasyprocta azarae,Dasyprocta azarae,Cuniculus paca,Cerdocyon thous,Dasyprocta azarae,Dasyprocta azarae,Dasyprocta azarae,Dasyprocta azarae,Cuniculus paca,Cuniculus paca,Cuniculus paca,Dasyprocta azarae,Dasyprocta,Dasyproctidae,3,Medio
1628,Dasyprocta azarae,Didelphis albiventris,Grallaria varia,Grallaria varia,Dasyprocta azarae,Dasyprocta azarae,Dasyprocta azarae,Dasyprocta azarae,Grallaria varia,Grallaria varia,Grallaria varia,Dasyprocta azarae,Dasyprocta,Dasyproctidae,3,Medio
1629,Dasyprocta azarae,Dasyprocta azarae,Dasyprocta azarae,Aramides saracura,Dasyprocta azarae,Dasyprocta azarae,Dasyprocta azarae,Dasyprocta azarae,Dasyprocta azarae,Dasyprocta azarae,Dasyprocta azarae,Dasyprocta azarae,Dasyprocta,Dasyproctidae,3,Medio
1631,Dasyprocta azarae,Dasyprocta azarae,Dasyprocta azarae,Dasyprocta azarae,Dasyprocta azarae,Dasyprocta azarae,Dasyprocta azarae,Dasyprocta azarae,Dasyprocta azarae,Dasyprocta azarae,Dasyprocta azarae,Dasyprocta azarae,Dasyprocta,Dasyproctidae,3,Medio
1632,Dasyprocta azarae,Dasyprocta azarae,Dasyprocta azarae,Crypturellus tataupa,Dasyprocta azarae,Dasyprocta azarae,Dasyprocta azarae,Dasyprocta azarae,Dasyprocta azarae,Dasyprocta azarae,Dasyprocta azarae,Dasyprocta azarae,Dasyprocta,Dasyproctidae,3,Medio
1633,Dasyprocta azarae,Dasyprocta azarae,Dasyprocta azarae,Dasyprocta azarae,Aramides saracura,Dasyprocta azarae,Dasyprocta azarae,Myiothlypis leucoblephara,Dasyprocta azarae,Dasyprocta azarae,Dasyprocta azarae,Dasyprocta azarae,Dasyprocta,Dasyproctidae,3,Medio
1634,Dasyprocta azarae,Dasyprocta azarae,Dasyprocta azarae,Dasyprocta azarae,Dasyprocta azarae,Dasyprocta azarae,Dasyprocta azarae,Pecari tajacu,Dasyprocta azarae,Dasyprocta azarae,Dasyprocta azarae,Dasyprocta azarae,Dasyprocta,Dasyproctidae,3,Medio
1635,Dasyprocta azarae,Dasyprocta azarae,Dasyprocta azarae,Dasyprocta azarae,Dasyprocta azarae,Dasyprocta azarae,Dasyprocta azarae,Pecari tajacu,Dasyprocta azarae,Dasyprocta azarae,Dasyprocta azarae,Dasyprocta azarae,Dasyprocta,Dasyproctidae,3,Medio
1636,Dasyprocta azarae,Dasyprocta azarae,Pecari tajacu,Dasyprocta azarae,Dasyprocta azarae,Dasyprocta azarae,Dasyprocta azarae,Pecari tajacu,Pecari tajacu,Pecari tajacu,Pecari tajacu,Dasyprocta azarae,Dasyprocta,Dasyproctidae,3,Medio
1637,Dasyprocta azarae,Dasyprocta azarae,Dasyprocta azarae,Dasyprocta azarae,Dasyprocta azarae,Dasyprocta azarae,Dasyprocta azarae,Dasyprocta azarae,Dasyprocta azarae,Dasyprocta azarae,Dasyprocta azarae,Dasyprocta azarae,Dasyprocta,Dasyproctidae,3,Medio
1638,Dasyprocta azarae,Kannabateomys amblyonyx,Kannabateomys amblyonyx,Dasyprocta azarae,Kannabateomys amblyonyx,Dasyprocta azarae,Dasyprocta azarae,Dasyprocta azarae,Kannabateomys amblyonyx,Kannabateomys amblyonyx,Kannabateomys amblyonyx,Kannabateomys amblyonyx,Dasyprocta,Dasyproctidae,3,Medio
1639,Dasyprocta azarae,Dasyprocta azarae,Dasyprocta azarae,Dasyprocta azarae,Dasyprocta azarae,Dasyprocta azarae,Dasyprocta azarae,Dasyprocta azarae,Dasyprocta azarae,Dasyprocta azarae,Dasyprocta azarae,Dasyprocta azarae,Dasyprocta,Dasyproctidae,3,Medio
1640,Dasyprocta azarae,Dasyprocta azarae,Dasyprocta azarae,Dasyprocta azarae,Dasyprocta azarae,Dasyprocta azarae,Dasyprocta azarae,Dasyprocta azarae,Dasyprocta azarae,Dasyprocta azarae,Dasyprocta azarae,Dasyprocta azarae,Dasyprocta,Dasyproctidae,3,Medio
1641,Dasyprocta azarae,Dasyprocta azarae,Dasyprocta azarae,Dasyprocta azarae,Dasyprocta azarae,Dasyprocta azarae,Dasyprocta azarae,Pecari tajacu,Dasyprocta azarae,Dasyprocta azarae,Dasyprocta azarae,Dasyprocta azarae,Dasyprocta,Dasyproctidae,3,Medio
1642,Dasyprocta azarae,Dasyprocta azarae,Crypturellus obsoletus,Crypturellus obsoletus,Crypturellus obsoletus,Dasyprocta azarae,Dasyprocta azarae,Sapajus nigritus,Crypturellus obsoletus,Crypturellus obsoletus,Crypturellus obsoletus,Dasyprocta azarae,Dasyprocta,Dasyproctidae,3,Medio
1643,Dasyprocta azarae,Dasyprocta azarae,Dasyprocta azarae,Dasyprocta azarae,Dasyprocta azarae,Dasyprocta azarae,Dasyprocta azarae,Pecari tajacu,Dasyprocta azarae,Dasyprocta azarae,Dasyprocta azarae,Dasyprocta azarae,Dasyprocta,Dasyproctidae,3,Medio
1644,Dasyprocta azarae,Dasyprocta azarae,Nyctidromus albicollis,Dasyprocta azarae,Nyctidromus albicollis,Dasyprocta azarae,Dasyprocta azarae,Lepus europaeus,Nyctidromus albicollis,Nyctidromus albicollis,Nyctidromus albicollis,Dasyprocta azarae,Dasyprocta,Dasyproctidae,3,Medio
1645,Dasyprocta azarae,Dasyprocta azarae,Dasyprocta azarae,Dasyprocta azarae,Dasyprocta azarae,Dasyprocta azarae,Dasyprocta azarae,Dasyprocta azarae,Dasyprocta azarae,Dasyprocta azarae,Dasyprocta azarae,Dasyprocta azarae,Dasyprocta,Dasyproctidae,3,Medio
1646,Dasyprocta azarae,Dasyprocta azarae,Dasyprocta azarae,Crypturellus obsoletus,Crypturellus obsoletus,Nasua nasua,Dasyprocta azarae,Penelope superciliaris,Dasyprocta azarae,Dasyprocta azarae,Dasyprocta azarae,Dasyprocta azarae,Dasyprocta,Dasyproctidae,3,Medio
1648,Dasyprocta azarae,Dasyprocta azarae,Pecari tajacu,Pecari tajacu,Dasyprocta azarae,Dasyprocta azarae,Dasyprocta azarae,Pecari tajacu,Pecari tajacu,Pecari tajacu,Pecari tajacu,Dasyprocta azarae,Dasyprocta,Dasyproctidae,3,Medio
1649,Dasyprocta azarae,Dasyprocta azarae,Dasyprocta azarae,Dasyprocta azarae,Dasyprocta azarae,Dasyprocta azarae,Dasyprocta azarae,Aramides saracura,Dasyprocta azarae,Dasyprocta azarae,Dasyprocta azarae,Dasyprocta azarae,Dasyprocta,Dasyproctidae,3,Medio
1651,Dasyprocta azarae,Dasyprocta azarae,Dasyprocta azarae,Dasyprocta azarae,Dasyprocta azarae,Dasyprocta azarae,Dasyprocta azarae,Dasyprocta azarae,Dasyprocta azarae,Dasyprocta azarae,Dasyprocta azarae,Dasyprocta azarae,Dasyprocta,Dasyproctidae,3,Medio
1652,Dasyprocta azarae,Dasyprocta azarae,Dasyprocta azarae,Crypturellus obsoletus,Dasyprocta azarae,Dasyprocta azarae,Dasyprocta azarae,Dasyprocta azarae,Dasyprocta azarae,Dasyprocta azarae,Dasyprocta azarae,Dasyprocta azarae,Dasyprocta,Dasyproctidae,3,Medio
1653,Dasyprocta azarae,Dasyprocta azarae,Geotrygon montana,Crypturellus obsoletus,Crypturellus obsoletus,Dasyprocta azarae,Dasyprocta azarae,Crypturellus obsoletus,Geotrygon montana,Geotrygon montana,Geotrygon montana,Dasyprocta azarae,Dasyprocta,Dasyproctidae,3,Medio
1654,Dasyprocta azarae,Dasyprocta azarae,Dasyprocta azarae,Dasyprocta azarae,Dasyprocta azarae,Dasyprocta azarae,Dasyprocta azarae,Dasyprocta azarae,Dasyprocta azarae,Dasyprocta azarae,Dasyprocta azarae,Dasyprocta azarae,Dasyprocta,Dasyproctidae,3,Medio
1656,Dasyprocta azarae,Dasyprocta azarae,Dasyprocta azarae,Dasyprocta azarae,Dasyprocta azarae,Dasyprocta azarae,Dasyprocta azarae,Dasyprocta azarae,Dasyprocta azarae,Dasyprocta azarae,Dasyprocta azarae,Dasyprocta azarae,Dasyprocta,Dasyproctidae,3,Medio
1657,Dasyprocta azarae,Dasyprocta azarae,Myiothlypis leucoblephara,Grallaria varia,Crypturellus obsoletus,Dasyprocta azarae,Dasyprocta azarae,Dasyprocta azarae,Myiothlypis leucoblephara,Myiothlypis leucoblephara,Myiothlypis leucoblephara,Dasyprocta azarae,Dasyprocta,Dasyproctidae,3,Medio
1658,Dasyprocta azarae,Dasyprocta azarae,Dasyprocta azarae,Dasyprocta azarae,Dasyprocta azarae,Dasyprocta azarae,Dasyprocta azarae,Dasyprocta azarae,Dasyprocta azarae,Dasyprocta azarae,Dasyprocta azarae,Dasyprocta azarae,Dasyprocta,Dasyproctidae,3,Medio
1659,Dasyprocta azarae,Pecari tajacu,Pecari tajacu,Pecari tajacu,Pecari tajacu,Dasyprocta azarae,Dasyprocta azarae,Pecari tajacu,Pecari tajacu,Pecari tajacu,Pecari tajacu,Pecari tajacu,Dasyprocta,Dasyproctidae,3,Medio
1660,Dasyprocta azarae,Dasyprocta azarae,Dasyprocta azarae,Dasyprocta azarae,Dasyprocta azarae,Dasyprocta azarae,Dasyprocta azarae,Dasyprocta azarae,Dasyprocta azarae,Dasyprocta azarae,Dasyprocta azarae,Dasyprocta azarae,Dasyprocta,Dasyproctidae,3,Medio
1662,Dasyprocta azarae,Dasyprocta azarae,Dasyprocta azarae,Dasyprocta azarae,Dasyprocta azarae,Dasyprocta azarae,Dasyprocta azarae,Dasyprocta azarae,Dasyprocta azarae,Dasyprocta azarae,Dasyprocta azarae,Dasyprocta azarae,Dasyprocta,Dasyproctidae,3,Medio
1663,Dasyprocta azarae,Dasyprocta azarae,Dasyprocta azarae,Dasyprocta azarae,Dasyprocta azarae,Dasyprocta azarae,Dasyprocta azarae,Dasyprocta azarae,Dasyprocta azarae,Dasyprocta azarae,Dasyprocta azarae,Dasyprocta azarae,Dasyprocta,Dasyproctidae,3,Medio
1664,Dasyprocta azarae,Dasyprocta azarae,Dasyprocta azarae,Dasyprocta azarae,Dasyprocta azarae,Dasyprocta azarae,Dasyprocta azarae,Dasyprocta azarae,Dasyprocta azarae,Dasyprocta azarae,Dasyprocta azarae,Dasyprocta azarae,Dasyprocta,Dasyproctidae,3,Medio
1665,Dasyprocta azarae,Dasyprocta azarae,Dasyprocta azarae,Crypturellus obsoletus,Aramides saracura,Hydrochoerus hydrochaeris,Dasyprocta azarae,Dasyprocta azarae,Dasyprocta azarae,Dasyprocta azarae,Dasyprocta azarae,Dasyprocta azarae,Dasyprocta,Dasyproctidae,3,Medio
1668,Dasyprocta azarae,Didelphis aurita,Cerdocyon thous,Cerdocyon thous,Cerdocyon thous,Didelphis aurita,Cerdocyon thous,Didelphis aurita,Cerdocyon thous,Cerdocyon thous,Cerdocyon thous,Didelphis aurita,Dasyprocta,Dasyproctidae,3,Medio
1669,Dasyprocta azarae,Dasyprocta azarae,Dasyprocta azarae,Dasyprocta azarae,Dasyprocta azarae,Dasyprocta azarae,Dasyprocta azarae,Dasyprocta azarae,Dasyprocta azarae,Dasyprocta azarae,Dasyprocta azarae,Dasyprocta azarae,Dasyprocta,Dasyproctidae,3,Medio
1670,Dasyprocta azarae,Sus scrofa,Dasyprocta azarae,Dasyprocta azarae,Sus scrofa,Dasyprocta azarae,Dasyprocta azarae,Dasyprocta azarae,Dasyprocta azarae,Dasyprocta azarae,Dasyprocta azarae,Sus scrofa,Dasyprocta,Dasyproctidae,3,Medio
1673,Dasyprocta azarae,Dasyprocta azarae,Cuniculus paca,Crypturellus tataupa,Dasyprocta azarae,Dasyprocta azarae,Dasyprocta azarae,Dasyprocta azarae,Cuniculus paca,Cuniculus paca,Cuniculus paca,Dasyprocta azarae,Dasyprocta,Dasyproctidae,3,Medio
1675,Dasyprocta azarae,Cuniculus paca,Cuniculus paca,Cerdocyon thous,Cabassous tatouay,Dasyprocta azarae,Cerdocyon thous,Lycalopex gymnocerca,Cuniculus paca,Cuniculus paca,Cuniculus paca,Cuniculus paca,Dasyprocta,Dasyproctidae,3,Medio
1676,Dasyprocta azarae,Dasyprocta azarae,Dasyprocta azarae,Dasyprocta azarae,Dasyprocta azarae,Dasyprocta azarae,Dasyprocta azarae,Dasyprocta azarae,Dasyprocta azarae,Dasyprocta azarae,Dasyprocta azarae,Dasyprocta azarae,Dasyprocta,Dasyproctidae,3,Medio
1677,Dasyprocta azarae,Dasyprocta azarae,Turdus rufiventris,Aramides saracura,Dasyprocta azarae,Lycalopex gymnocerca,Dasyprocta azarae,Lycalopex gymnocerca,Turdus rufiventris,Turdus rufiventris,Turdus rufiventris,Dasyprocta azarae,Dasyprocta,Dasyproctidae,3,Medio
1678,Dasyprocta azarae,Kannabateomys amblyonyx,Dasyprocta azarae,Dasyprocta azarae,Dasyprocta azarae,Dasyprocta azarae,Dasyprocta azarae,Pecari tajacu,Dasyprocta azarae,Dasyprocta azarae,Dasyprocta azarae,Kannabateomys amblyonyx,Dasyprocta,Dasyproctidae,3,Medio
1679,Dasyprocta azarae,Dasyprocta azarae,Mazama nanus,Mazama nanus,Mazama nanus,Dasyprocta azarae,Dasyprocta azarae,Dasyprocta azarae,Mazama nanus,Mazama nanus,Mazama nanus,Dasyprocta azarae,Dasyprocta,Dasyproctidae,3,Medio
1681,Dasyprocta azarae,Dasyprocta azarae,Turdus rufiventris,Dasyprocta azarae,Salvator merianae,Turdus rufiventris,Dasyprocta azarae,Salvator merianae,Turdus rufiventris,Turdus rufiventris,Turdus rufiventris,Dasyprocta azarae,Dasyprocta,Dasyproctidae,3,Medio
1682,Dasyprocta azarae,Dasyprocta azarae,Dasyprocta azarae,Dasyprocta azarae,Pecari tajacu,Dasyprocta azarae,Dasyprocta azarae,Pecari tajacu,Dasyprocta azarae,Dasyprocta azarae,Dasyprocta azarae,Dasyprocta azarae,Dasyprocta,Dasyproctidae,3,Medio
1683,Dasyprocta azarae,Dasyprocta azarae,Dasyprocta azarae,Dasyprocta azarae,Dasyprocta azarae,Dasyprocta azarae,Dasyprocta azarae,Dasyprocta azarae,Dasyprocta azarae,Dasyprocta azarae,Dasyprocta azarae,Dasyprocta azarae,Dasyprocta,Dasyproctidae,3,Medio
1684,Dasyprocta azarae,Dasyprocta azarae,Dasyprocta azarae,Dasyprocta azarae,Dasyprocta azarae,Dasyprocta azarae,Dasyprocta azarae,Pecari tajacu,Dasyprocta azarae,Dasyprocta azarae,Dasyprocta azarae,Dasyprocta azarae,Dasyprocta,Dasyproctidae,3,Medio
1685,Dasyprocta azarae,Dasyprocta azarae,Dasyprocta azarae,Dasyprocta azarae,Dasyprocta azarae,Dasyprocta azarae,Dasyprocta azarae,Lycalopex gymnocerca,Dasyprocta azarae,Dasyprocta azarae,Dasyprocta azarae,Dasyprocta azarae,Dasyprocta,Dasyproctidae,3,Medio
1686,Dasyprocta azarae,Dasyprocta azarae,Dasyprocta azarae,Dasyprocta azarae,Pecari tajacu,Dasyprocta azarae,Dasyprocta azarae,Dasyprocta azarae,Dasyprocta azarae,Dasyprocta azarae,Dasyprocta azarae,Dasyprocta azarae,Dasyprocta,Dasyproctidae,3,Medio
1687,Dasyprocta azarae,Dasyprocta azarae,Dasyprocta azarae,Dasyprocta azarae,Dasyprocta azarae,Dasyprocta azarae,Dasyprocta azarae,Pecari tajacu,Dasyprocta azarae,Dasyprocta azarae,Dasyprocta azarae,Dasyprocta azarae,Dasyprocta,Dasyproctidae,3,Medio
1689,Didelphis albiventris,Amazona aestiva,Brotogeris chiriri,Alouatta guariba,Alouatta guariba,Brotogeris chiriri,Brotogeris chiriri,Brotogeris chiriri,Brotogeris chiriri,Brotogeris chiriri,Brotogeris chiriri,Amazona aestiva,Didelphis,Didelphidae,1,Bajo
1691,Didelphis albiventris,Didelphis aurita,Didelphis aurita,Didelphis albiventris,Didelphis albiventris,Didelphis aurita,Didelphis aurita,Didelphis aurita,Didelphis aurita,Didelphis aurita,Didelphis aurita,Didelphis aurita,Didelphis,Didelphidae,1,Bajo
1692,Didelphis albiventris,Alouatta guariba,Pipile jacutinga,Pipile jacutinga,Alouatta guariba clamitans,Alouatta guariba clamitans,Sapajus nigritus,Alouatta guariba,Pipile jacutinga,Pipile jacutinga,Pipile jacutinga,Alouatta guariba,Didelphis,Didelphidae,1,Bajo
1693,Didelphis albiventris,Didelphis aurita,Didelphis aurita,Didelphis albiventris,Didelphis aurita,Didelphis aurita,Didelphis aurita,Didelphis aurita,Didelphis aurita,Didelphis aurita,Didelphis aurita,Didelphis aurita,Didelphis,Didelphidae,1,Bajo
1694,Didelphis albiventris,Didelphis aurita,Didelphis aurita,Didelphis aurita,Didelphis aurita,Didelphis aurita,Didelphis aurita,Didelphis albiventris,Didelphis aurita,Didelphis aurita,Didelphis aurita,Didelphis aurita,Didelphis,Didelphidae,1,Bajo
1695,Didelphis albiventris,Didelphis albiventris,Alouatta guariba clamitans,Alouatta guariba,Alouatta guariba clamitans,Didelphis albiventris,Sapajus nigritus,Alouatta guariba clamitans,Alouatta guariba clamitans,Alouatta guariba clamitans,Alouatta guariba clamitans,Didelphis albiventris,Didelphis,Didelphidae,1,Bajo
1696,Didelphis albiventris,Didelphis aurita,Procyon cancrivorus,Didelphis aurita,Didelphis aurita,Didelphis aurita,Didelphis aurita,Didelphis aurita,Procyon cancrivorus,Procyon cancrivorus,Procyon cancrivorus,Didelphis aurita,Didelphis,Didelphidae,1,Bajo
1697,Didelphis albiventris,Didelphis aurita,Didelphis albiventris,Didelphis albiventris,Didelphis albiventris,Didelphis aurita,Didelphis aurita,Didelphis aurita,Didelphis albiventris,Didelphis albiventris,Didelphis albiventris,Didelphis aurita,Didelphis,Didelphidae,1,Bajo
1698,Didelphis albiventris,Galictis cuja,Didelphis aurita,Didelphis aurita,Didelphis aurita,Didelphis aurita,Galictis cuja,Didelphis aurita,Didelphis aurita,Didelphis aurita,Didelphis aurita,Galictis cuja,Didelphis,Didelphidae,1,Bajo
1700,Didelphis albiventris,Procyon cancrivorus,Cuniculus paca,Cuniculus paca,Procyon cancrivorus,Procyon cancrivorus,Cerdocyon thous,Leopardus guttulus,Cuniculus paca,Cuniculus paca,Cuniculus paca,Procyon cancrivorus,Didelphis,Didelphidae,1,Bajo
1701,Didelphis albiventris,Dasyprocta azarae,Didelphis albiventris,Didelphis albiventris,Herpailurus yagouaroundi,Salvator merianae,Galictis cuja,Galictis cuja,Didelphis albiventris,Didelphis albiventris,Didelphis albiventris,Dasyprocta azarae,Didelphis,Didelphidae,1,Bajo
1702,Didelphis albiventris,Didelphis aurita,Didelphis aurita,Didelphis albiventris,Didelphis albiventris,Didelphis aurita,Didelphis aurita,Didelphis aurita,Didelphis aurita,Didelphis aurita,Didelphis aurita,Didelphis aurita,Didelphis,Didelphidae,1,Bajo
1703,Didelphis albiventris,Didelphis aurita,Didelphis albiventris,Didelphis albiventris,Didelphis albiventris,Didelphis albiventris,Didelphis aurita,Didelphis albiventris,Didelphis albiventris,Didelphis albiventris,Didelphis albiventris,Didelphis aurita,Didelphis,Didelphidae,1,Bajo
1704,Didelphis albiventris,Cuniculus paca,Didelphis albiventris,Dasypus novemcinctus,Dasypus novemcinctus,Myrmecophaga tridactyla,Didelphis albiventris,Myrmecophaga tridactyla,Didelphis albiventris,Didelphis albiventris,Didelphis albiventris,Cuniculus paca,Didelphis,Didelphidae,1,Bajo
1705,Didelphis albiventris,Didelphis aurita,Galictis cuja,Didelphis aurita,Didelphis aurita,Didelphis aurita,Didelphis aurita,Didelphis aurita,Galictis cuja,Galictis cuja,Galictis cuja,Didelphis aurita,Didelphis,Didelphidae,1,Bajo
1706,Didelphis albiventris,Didelphis albiventris,Didelphis albiventris,Didelphis albiventris,Didelphis aurita,Didelphis aurita,Didelphis aurita,Didelphis aurita,Didelphis albiventris,Didelphis albiventris,Didelphis albiventris,Didelphis albiventris,Didelphis,Didelphidae,1,Bajo
1707,Didelphis albiventris,Didelphis aurita,Didelphis albiventris,Didelphis aurita,Didelphis aurita,Didelphis aurita,Didelphis aurita,Didelphis aurita,Didelphis albiventris,Didelphis albiventris,Didelphis albiventris,Didelphis aurita,Didelphis,Didelphidae,1,Bajo
1708,Didelphis albiventris,Didelphis aurita,Didelphis albiventris,Didelphis aurita,Didelphis aurita,Didelphis aurita,Didelphis aurita,Didelphis aurita,Didelphis albiventris,Didelphis albiventris,Didelphis albiventris,Didelphis aurita,Didelphis,Didelphidae,1,Bajo
1709,Didelphis albiventris,Didelphis aurita,Didelphis albiventris,Didelphis aurita,Didelphis aurita,Didelphis aurita,Didelphis aurita,Didelphis aurita,Didelphis albiventris,Didelphis albiventris,Didelphis albiventris,Didelphis aurita,Didelphis,Didelphidae,1,Bajo
1710,Didelphis albiventris,Didelphis aurita,Didelphis albiventris,Didelphis albiventris,Didelphis albiventris,Didelphis aurita,Didelphis aurita,Didelphis aurita,Didelphis albiventris,Didelphis albiventris,Didelphis albiventris,Didelphis aurita,Didelphis,Didelphidae,1,Bajo
1711,Didelphis albiventris,Cuniculus paca,Cerdocyon thous,Cabassous tatouay,Procyon cancrivorus,Cerdocyon thous,Cerdocyon thous,Cuniculus paca,Cerdocyon thous,Cerdocyon thous,Cerdocyon thous,Cuniculus paca,Didelphis,Didelphidae,1,Bajo
1712,Didelphis albiventris,Herpailurus yagouaroundi,Herpailurus yagouaroundi,Eira barbara,Sus scrofa,Sus scrofa,Eira barbara,Herpailurus yagouaroundi,Herpailurus yagouaroundi,Herpailurus yagouaroundi,Herpailurus yagouaroundi,Herpailurus yagouaroundi,Didelphis,Didelphidae,1,Bajo
1713,Didelphis albiventris,Didelphis aurita,Didelphis aurita,Didelphis aurita,Didelphis aurita,Didelphis aurita,Didelphis aurita,Didelphis aurita,Didelphis aurita,Didelphis aurita,Didelphis aurita,Didelphis aurita,Didelphis,Didelphidae,1,Bajo
1714,Didelphis albiventris,Nasua nasua,Didelphis aurita,Didelphis aurita,Didelphis aurita,Didelphis aurita,Didelphis aurita,Didelphis aurita,Didelphis aurita,Didelphis aurita,Didelphis aurita,Nasua nasua,Didelphis,Didelphidae,1,Bajo
1715,Didelphis albiventris,Didelphis albiventris,Didelphis aurita,Alouatta caraya,Alouatta caraya,Didelphis albiventris,Didelphis albiventris,Nyctidromus albicollis,Didelphis aurita,Didelphis aurita,Didelphis aurita,Didelphis albiventris,Didelphis,Didelphidae,1,Bajo
1716,Didelphis albiventris,Didelphis aurita,Didelphis albiventris,Didelphis aurita,Didelphis aurita,Didelphis aurita,Didelphis aurita,Didelphis aurita,Didelphis albiventris,Didelphis albiventris,Didelphis albiventris,Didelphis aurita,Didelphis,Didelphidae,1,Bajo
1717,Didelphis albiventris,Alouatta caraya,Alouatta guariba clamitans,Alouatta guariba clamitans,Alouatta guariba clamitans,Notharchus swainsoni,Didelphis albiventris,Amazona aestiva,Alouatta guariba clamitans,Alouatta guariba clamitans,Alouatta guariba clamitans,Alouatta caraya,Didelphis,Didelphidae,1,Bajo
1719,Didelphis albiventris,Didelphis aurita,Didelphis albiventris,Didelphis aurita,Didelphis aurita,Didelphis aurita,Didelphis aurita,Didelphis aurita,Didelphis albiventris,Didelphis albiventris,Didelphis albiventris,Didelphis aurita,Didelphis,Didelphidae,1,Bajo
1720,Didelphis albiventris,Didelphis aurita,Didelphis aurita,Didelphis albiventris,Didelphis albiventris,Didelphis aurita,Didelphis aurita,Didelphis aurita,Didelphis aurita,Didelphis aurita,Didelphis aurita,Didelphis aurita,Didelphis,Didelphidae,1,Bajo
1721,Didelphis albiventris,Didelphis aurita,Didelphis aurita,Didelphis aurita,Didelphis aurita,Didelphis aurita,Didelphis aurita,Didelphis aurita,Didelphis aurita,Didelphis aurita,Didelphis aurita,Didelphis aurita,Didelphis,Didelphidae,1,Bajo
1722,Didelphis albiventris,Didelphis aurita,Didelphis aurita,Didelphis aurita,Didelphis aurita,Didelphis aurita,Didelphis aurita,Didelphis aurita,Didelphis aurita,Didelphis aurita,Didelphis aurita,Didelphis aurita,Didelphis,Didelphidae,1,Bajo
1724,Didelphis albiventris,Didelphis aurita,Didelphis aurita,Didelphis albiventris,Didelphis aurita,Didelphis aurita,Didelphis aurita,Didelphis aurita,Didelphis aurita,Didelphis aurita,Didelphis aurita,Didelphis aurita,Didelphis,Didelphidae,1,Bajo
1725,Didelphis albiventris,Cuniculus paca,Cuniculus paca,Cuniculus paca,Cerdocyon thous,Cerdocyon thous,Cerdocyon thous,Cerdocyon thous,Cuniculus paca,Cuniculus paca,Cuniculus paca,Cuniculus paca,Didelphis,Didelphidae,1,Bajo
1726,Didelphis albiventris,Didelphis albiventris,Didelphis aurita,Didelphis albiventris,Didelphis albiventris,Didelphis albiventris,Didelphis albiventris,Didelphis albiventris,Didelphis aurita,Didelphis aurita,Didelphis aurita,Didelphis albiventris,Didelphis,Didelphidae,1,Bajo
1727,Didelphis albiventris,Didelphis aurita,Didelphis albiventris,Didelphis albiventris,Didelphis albiventris,Didelphis albiventris,Didelphis aurita,Didelphis aurita,Didelphis albiventris,Didelphis albiventris,Didelphis albiventris,Didelphis aurita,Didelphis,Didelphidae,1,Bajo
1728,Didelphis albiventris,Didelphis aurita,Didelphis aurita,Didelphis albiventris,Didelphis albiventris,Didelphis aurita,Didelphis aurita,Didelphis aurita,Didelphis aurita,Didelphis aurita,Didelphis aurita,Didelphis aurita,Didelphis,Didelphidae,1,Bajo
1729,Didelphis albiventris,Penelope superciliaris,Pipile jacutinga,Didelphis albiventris,Alouatta caraya,Didelphis albiventris,Penelope superciliaris,Alouatta caraya,Pipile jacutinga,Pipile jacutinga,Pipile jacutinga,Penelope superciliaris,Didelphis,Didelphidae,1,Bajo
1730,Didelphis albiventris,Didelphis aurita,Didelphis albiventris,Didelphis aurita,Didelphis aurita,Didelphis aurita,Didelphis aurita,Didelphis aurita,Didelphis albiventris,Didelphis albiventris,Didelphis albiventris,Didelphis aurita,Didelphis,Didelphidae,1,Bajo
1731,Didelphis albiventris,Didelphis aurita,Didelphis albiventris,Didelphis albiventris,Didelphis albiventris,Didelphis aurita,Didelphis aurita,Eira barbara,Didelphis albiventris,Didelphis albiventris,Didelphis albiventris,Didelphis aurita,Didelphis,Didelphidae,1,Bajo
1732,Didelphis albiventris,Cuniculus paca,Cuniculus paca,Cuniculus paca,Cuniculus paca,Procyon cancrivorus,Cerdocyon thous,Didelphis albiventris,Cuniculus paca,Cuniculus paca,Cuniculus paca,Cuniculus paca,Didelphis,Didelphidae,1,Bajo
1735,Didelphis albiventris,Didelphis aurita,Didelphis aurita,Didelphis aurita,Didelphis albiventris,Didelphis aurita,Didelphis aurita,Didelphis aurita,Didelphis aurita,Didelphis aurita,Didelphis aurita,Didelphis aurita,Didelphis,Didelphidae,1,Bajo
1736,Didelphis albiventris,Didelphis aurita,Didelphis aurita,Didelphis aurita,Didelphis aurita,Didelphis aurita,Didelphis aurita,Didelphis aurita,Didelphis aurita,Didelphis aurita,Didelphis aurita,Didelphis aurita,Didelphis,Didelphidae,1,Bajo
1737,Didelphis albiventris,Didelphis albiventris,Didelphis albiventris,Didelphis albiventris,Didelphis albiventris,Didelphis albiventris,Didelphis albiventris,Didelphis albiventris,Didelphis albiventris,Didelphis albiventris,Didelphis albiventris,Didelphis albiventris,Didelphis,Didelphidae,1,Bajo
1738,Didelphis albiventris,Didelphis aurita,Didelphis aurita,Didelphis albiventris,Didelphis aurita,Didelphis aurita,Didelphis aurita,Didelphis aurita,Didelphis aurita,Didelphis aurita,Didelphis aurita,Didelphis aurita,Didelphis,Didelphidae,1,Bajo
1739,Didelphis albiventris,Sapajus nigritus,Didelphis albiventris,Didelphis albiventris,Alouatta guariba,Sapajus nigritus,Sapajus nigritus,Sapajus nigritus,Didelphis albiventris,Didelphis albiventris,Didelphis albiventris,Sapajus nigritus,Didelphis,Didelphidae,1,Bajo
1740,Didelphis albiventris,Didelphis aurita,Didelphis aurita,Didelphis aurita,Didelphis aurita,Didelphis aurita,Didelphis aurita,Didelphis aurita,Didelphis aurita,Didelphis aurita,Didelphis aurita,Didelphis aurita,Didelphis,Didelphidae,1,Bajo
1744,Didelphis albiventris,Didelphis aurita,Galictis cuja,Didelphis albiventris,Didelphis aurita,Didelphis aurita,Galictis cuja,Galictis cuja,Galictis cuja,Galictis cuja,Galictis cuja,Didelphis aurita,Didelphis,Didelphidae,1,Bajo
1745,Didelphis albiventris,Didelphis aurita,Didelphis aurita,Didelphis albiventris,Didelphis albiventris,Didelphis aurita,Didelphis aurita,Didelphis aurita,Didelphis aurita,Didelphis aurita,Didelphis aurita,Didelphis aurita,Didelphis,Didelphidae,1,Bajo
1747,Didelphis albiventris,Galictis cuja,Didelphis aurita,Didelphis aurita,Didelphis albiventris,Galictis cuja,Galictis cuja,Galictis cuja,Didelphis aurita,Didelphis aurita,Didelphis aurita,Galictis cuja,Didelphis,Didelphidae,1,Bajo
1749,Didelphis albiventris,Canis familiaris,Galictis cuja,Didelphis albiventris,Didelphis albiventris,Canis familiaris,Didelphis aurita,Didelphis albiventris,Galictis cuja,Galictis cuja,Galictis cuja,Canis familiaris,Didelphis,Didelphidae,1,Bajo
1750,Didelphis aurita,Didelphis aurita,Didelphis albiventris,Didelphis albiventris,Didelphis aurita,Didelphis aurita,Didelphis aurita,Lycalopex gymnocerca,Didelphis albiventris,Didelphis albiventris,Didelphis albiventris,Didelphis aurita,Didelphis,Didelphidae,3,Medio
1751,Didelphis aurita,Didelphis aurita,Didelphis aurita,Didelphis aurita,Didelphis aurita,Didelphis aurita,Didelphis aurita,Didelphis aurita,Didelphis aurita,Didelphis aurita,Didelphis aurita,Didelphis aurita,Didelphis,Didelphidae,3,Medio
1755,Didelphis aurita,Cuniculus paca,Nyctidromus albicollis,Nyctidromus albicollis,Dasyprocta azarae,Didelphis aurita,Didelphis albiventris,Didelphis albiventris,Nyctidromus albicollis,Nyctidromus albicollis,Nyctidromus albicollis,Cuniculus paca,Didelphis,Didelphidae,3,Medio
1756,Didelphis aurita,Tamandua tetradactyla,Didelphis albiventris,Cerdocyon thous,Didelphis albiventris,Didelphis aurita,Galictis cuja,Galictis cuja,Didelphis albiventris,Didelphis albiventris,Didelphis albiventris,Tamandua tetradactyla,Didelphis,Didelphidae,3,Medio
1757,Didelphis aurita,Didelphis aurita,Cuniculus paca,Didelphis aurita,Didelphis aurita,Didelphis aurita,Didelphis aurita,Didelphis aurita,Cuniculus paca,Cuniculus paca,Cuniculus paca,Didelphis aurita,Didelphis,Didelphidae,3,Medio
1758,Didelphis aurita,Didelphis albiventris,Euphractus sexcinctus,Cuniculus paca,Cuniculus paca,Dasypus novemcinctus,Dasypus novemcinctus,Myrmecophaga tridactyla,Euphractus sexcinctus,Euphractus sexcinctus,Euphractus sexcinctus,Didelphis albiventris,Didelphis,Didelphidae,3,Medio
1760,Didelphis aurita,Galictis cuja,Grallaria varia,Dasyprocta azarae,Dasyprocta azarae,Galictis cuja,Galictis cuja,Dasyprocta azarae,Grallaria varia,Grallaria varia,Grallaria varia,Galictis cuja,Didelphis,Didelphidae,3,Medio
1761,Didelphis aurita,Didelphis aurita,Didelphis aurita,Alouatta guariba,Alouatta guariba,Didelphis aurita,Didelphis aurita,Nasua nasua,Didelphis aurita,Didelphis aurita,Didelphis aurita,Didelphis aurita,Didelphis,Didelphidae,3,Medio
1762,Didelphis aurita,Didelphis aurita,Didelphis aurita,Didelphis aurita,Didelphis aurita,Didelphis aurita,Didelphis aurita,Didelphis aurita,Didelphis aurita,Didelphis aurita,Didelphis aurita,Didelphis aurita,Didelphis,Didelphidae,3,Medio
1763,Didelphis aurita,Didelphis aurita,Kannabateomys amblyonyx,Didelphis aurita,Didelphis aurita,Didelphis aurita,Didelphis aurita,Didelphis aurita,Kannabateomys amblyonyx,Kannabateomys amblyonyx,Kannabateomys amblyonyx,Didelphis aurita,Didelphis,Didelphidae,3,Medio
1764,Didelphis aurita,Didelphis aurita,Didelphis aurita,Didelphis aurita,Didelphis aurita,Didelphis aurita,Didelphis aurita,Didelphis aurita,Didelphis aurita,Didelphis aurita,Didelphis aurita,Didelphis aurita,Didelphis,Didelphidae,3,Medio
1766,Didelphis aurita,Didelphis aurita,Didelphis aurita,Didelphis aurita,Didelphis aurita,Didelphis aurita,Didelphis aurita,Didelphis aurita,Didelphis aurita,Didelphis aurita,Didelphis aurita,Didelphis aurita,Didelphis,Didelphidae,3,Medio
1767,Didelphis aurita,Didelphis aurita,Didelphis aurita,Didelphis albiventris,Didelphis albiventris,Didelphis aurita,Didelphis aurita,Didelphis aurita,Didelphis aurita,Didelphis aurita,Didelphis aurita,Didelphis aurita,Didelphis,Didelphidae,3,Medio
1768,Didelphis aurita,Didelphis aurita,Galictis cuja,Galictis cuja,Didelphis aurita,Didelphis aurita,Didelphis aurita,Didelphis aurita,Galictis cuja,Galictis cuja,Galictis cuja,Didelphis aurita,Didelphis,Didelphidae,3,Medio
1769,Didelphis aurita,Didelphis aurita,Didelphis aurita,Didelphis aurita,Didelphis aurita,Didelphis aurita,Didelphis aurita,Didelphis aurita,Didelphis aurita,Didelphis aurita,Didelphis aurita,Didelphis aurita,Didelphis,Didelphidae,3,Medio
1770,Didelphis aurita,Didelphis aurita,Didelphis aurita,Didelphis aurita,Didelphis aurita,Didelphis aurita,Didelphis aurita,Didelphis aurita,Didelphis aurita,Didelphis aurita,Didelphis aurita,Didelphis aurita,Didelphis,Didelphidae,3,Medio
1771,Didelphis aurita,Sapajus nigritus,Cuniculus paca,Kannabateomys amblyonyx,Kannabateomys amblyonyx,Didelphis aurita,Didelphis albiventris,Pecari tajacu,Cuniculus paca,Cuniculus paca,Cuniculus paca,Kannabateomys amblyonyx,Didelphis,Didelphidae,3,Medio
1772,Didelphis aurita,Didelphis albiventris,Salvator merianae,Didelphis albiventris,Didelphis albiventris,Didelphis albiventris,Didelphis albiventris,Didelphis albiventris,Salvator merianae,Salvator merianae,Salvator merianae,Didelphis albiventris,Didelphis,Didelphidae,3,Medio
1773,Didelphis aurita,Didelphis aurita,Didelphis aurita,Didelphis aurita,Didelphis aurita,Didelphis aurita,Didelphis aurita,Didelphis aurita,Didelphis aurita,Didelphis aurita,Didelphis aurita,Didelphis aurita,Didelphis,Didelphidae,3,Medio
1774,Didelphis aurita,Didelphis albiventris,Alouatta caraya,Alouatta caraya,Alouatta caraya,Didelphis albiventris,Sapajus nigritus,Sapajus nigritus,Alouatta caraya,Alouatta caraya,Alouatta caraya,Didelphis albiventris,Didelphis,Didelphidae,3,Medio
1775,Didelphis aurita,Alouatta guariba,Pipile jacutinga,Alouatta guariba clamitans,Alouatta guariba clamitans,Turdus albicollis,Alouatta guariba clamitans,Sapajus nigritus,Pipile jacutinga,Pipile jacutinga,Pipile jacutinga,Alouatta guariba,Didelphis,Didelphidae,3,Medio
1777,Didelphis aurita,Didelphis albiventris,Didelphis aurita,Didelphis albiventris,Nasua nasua,Nasua nasua,Didelphis albiventris,Nasua nasua,Didelphis aurita,Didelphis aurita,Didelphis aurita,Didelphis albiventris,Didelphis,Didelphidae,3,Medio
1779,Didelphis aurita,Didelphis aurita,Didelphis aurita,Didelphis aurita,Didelphis aurita,Didelphis aurita,Didelphis aurita,Didelphis aurita,Didelphis aurita,Didelphis aurita,Didelphis aurita,Didelphis aurita,Didelphis,Didelphidae,3,Medio
1781,Didelphis aurita,Didelphis albiventris,Tamandua tetradactyla,Didelphis albiventris,Didelphis albiventris,Turdus rufiventris,Didelphis albiventris,Didelphis albiventris,Tamandua tetradactyla,Tamandua tetradactyla,Tamandua tetradactyla,Didelphis albiventris,Didelphis,Didelphidae,3,Medio
1782,Didelphis aurita,Didelphis aurita,Didelphis aurita,Didelphis albiventris,Didelphis albiventris,Didelphis aurita,Didelphis aurita,Didelphis aurita,Didelphis aurita,Didelphis aurita,Didelphis aurita,Didelphis aurita,Didelphis,Didelphidae,3,Medio
1783,Didelphis aurita,Procyon cancrivorus,Procyon cancrivorus,Eira barbara,Dasyprocta azarae,Pecari tajacu,Cerdocyon thous,Sus scrofa,Procyon cancrivorus,Procyon cancrivorus,Procyon cancrivorus,Procyon cancrivorus,Didelphis,Didelphidae,3,Medio
1784,Didelphis aurita,Didelphis aurita,Didelphis aurita,Didelphis aurita,Didelphis aurita,Didelphis aurita,Didelphis aurita,Didelphis albiventris,Didelphis aurita,Didelphis aurita,Didelphis aurita,Didelphis aurita,Didelphis,Didelphidae,3,Medio
1785,Didelphis aurita,Didelphis aurita,Didelphis aurita,Didelphis aurita,Didelphis aurita,Didelphis aurita,Didelphis aurita,Didelphis aurita,Didelphis aurita,Didelphis aurita,Didelphis aurita,Didelphis aurita,Didelphis,Didelphidae,3,Medio
1786,Didelphis aurita,Didelphis aurita,Didelphis albiventris,Didelphis albiventris,Didelphis aurita,Didelphis aurita,Didelphis aurita,Didelphis aurita,Didelphis albiventris,Didelphis albiventris,Didelphis albiventris,Didelphis aurita,Didelphis,Didelphidae,3,Medio
1787,Didelphis aurita,Didelphis aurita,Galictis cuja,Didelphis albiventris,Didelphis aurita,Didelphis aurita,Didelphis aurita,Didelphis aurita,Galictis cuja,Galictis cuja,Galictis cuja,Didelphis aurita,Didelphis,Didelphidae,3,Medio
1788,Didelphis aurita,Didelphis albiventris,Myiothlypis leucoblephara,Didelphis aurita,Didelphis albiventris,Didelphis albiventris,Didelphis albiventris,Salvator merianae,Myiothlypis leucoblephara,Myiothlypis leucoblephara,Myiothlypis leucoblephara,Didelphis albiventris,Didelphis,Didelphidae,3,Medio
1789,Didelphis aurita,Didelphis albiventris,Didelphis aurita,Didelphis aurita,Didelphis aurita,Didelphis aurita,Didelphis aurita,Didelphis albiventris,Didelphis aurita,Didelphis aurita,Didelphis aurita,Didelphis albiventris,Didelphis,Didelphidae,3,Medio
1790,Didelphis aurita,Didelphis albiventris,Didelphis albiventris,Dasyprocta azarae,Dasyprocta azarae,Lontra longicaudis,Didelphis albiventris,Myrmecophaga tridactyla,Didelphis albiventris,Didelphis albiventris,Didelphis albiventris,Didelphis albiventris,Didelphis,Didelphidae,3,Medio
1791,Didelphis aurita,Didelphis aurita,Nasua nasua,Nasua nasua,Didelphis aurita,Didelphis aurita,Didelphis aurita,Didelphis albiventris,Nasua nasua,Nasua nasua,Nasua nasua,Didelphis aurita,Didelphis,Didelphidae,3,Medio
1792,Didelphis aurita,Didelphis aurita,Didelphis aurita,Didelphis aurita,Didelphis aurita,Didelphis aurita,Didelphis aurita,Didelphis aurita,Didelphis aurita,Didelphis aurita,Didelphis aurita,Didelphis aurita,Didelphis,Didelphidae,3,Medio
1794,Didelphis aurita,Didelphis albiventris,Didelphis aurita,Didelphis aurita,Didelphis albiventris,Didelphis albiventris,Didelphis albiventris,Didelphis albiventris,Didelphis aurita,Didelphis aurita,Didelphis aurita,Didelphis albiventris,Didelphis,Didelphidae,3,Medio
1795,Didelphis aurita,Didelphis aurita,Didelphis aurita,Didelphis aurita,Didelphis aurita,Didelphis aurita,Didelphis aurita,Didelphis aurita,Didelphis aurita,Didelphis aurita,Didelphis aurita,Didelphis aurita,Didelphis,Didelphidae,3,Medio
1796,Didelphis aurita,Didelphis albiventris,Hydrochoerus hydrochaeris,Canis familiaris,Canis familiaris,Canis familiaris,Didelphis albiventris,Hydrochoerus hydrochaeris,Hydrochoerus hydrochaeris,Hydrochoerus hydrochaeris,Hydrochoerus hydrochaeris,Didelphis albiventris,Didelphis,Didelphidae,3,Medio
1797,Didelphis aurita,Didelphis aurita,Didelphis aurita,Didelphis aurita,Didelphis aurita,Didelphis aurita,Didelphis aurita,Didelphis aurita,Didelphis aurita,Didelphis aurita,Didelphis aurita,Didelphis aurita,Didelphis,Didelphidae,3,Medio
1798,Didelphis aurita,Didelphis aurita,Didelphis aurita,Didelphis aurita,Didelphis aurita,Didelphis aurita,Didelphis aurita,Didelphis aurita,Didelphis aurita,Didelphis aurita,Didelphis aurita,Didelphis aurita,Didelphis,Didelphidae,3,Medio
1799,Didelphis aurita,Didelphis albiventris,Strix virgata,Didelphis albiventris,Didelphis albiventris,Didelphis albiventris,Didelphis albiventris,Didelphis albiventris,Strix virgata,Strix virgata,Strix virgata,Didelphis albiventris,Didelphis,Didelphidae,3,Medio
1800,Didelphis aurita,Didelphis aurita,Didelphis aurita,Didelphis aurita,Didelphis aurita,Didelphis aurita,Didelphis aurita,Didelphis aurita,Didelphis aurita,Didelphis aurita,Didelphis aurita,Didelphis aurita,Didelphis,Didelphidae,3,Medio
1802,Didelphis aurita,Didelphis aurita,Galictis cuja,Didelphis albiventris,Didelphis aurita,Didelphis aurita,Didelphis aurita,Didelphis aurita,Galictis cuja,Galictis cuja,Galictis cuja,Didelphis aurita,Didelphis,Didelphidae,3,Medio
1804,Didelphis aurita,Didelphis albiventris,Turdus rufiventris,Aramides saracura,Aramides saracura,Turdus rufiventris,Didelphis albiventris,Didelphis albiventris,Turdus rufiventris,Turdus rufiventris,Turdus rufiventris,Didelphis albiventris,Didelphis,Didelphidae,3,Medio
1805,Didelphis aurita,Didelphis aurita,Didelphis aurita,Didelphis aurita,Didelphis albiventris,Didelphis aurita,Didelphis aurita,Didelphis aurita,Didelphis aurita,Didelphis aurita,Didelphis aurita,Didelphis aurita,Didelphis,Didelphidae,3,Medio
1806,Didelphis aurita,Didelphis albiventris,Didelphis albiventris,Dasyprocta azarae,Dasyprocta azarae,Dasyprocta azarae,Dasyprocta azarae,Kannabateomys amblyonyx,Didelphis albiventris,Didelphis albiventris,Didelphis albiventris,Didelphis albiventris,Didelphis,Didelphidae,3,Medio
1807,Didelphis aurita,Didelphis aurita,Didelphis aurita,Didelphis aurita,Didelphis aurita,Didelphis aurita,Didelphis aurita,Didelphis aurita,Didelphis aurita,Didelphis aurita,Didelphis aurita,Didelphis aurita,Didelphis,Didelphidae,3,Medio
1809,Didelphis aurita,Didelphis aurita,Didelphis albiventris,Didelphis aurita,Didelphis aurita,Didelphis aurita,Didelphis aurita,Didelphis aurita,Didelphis albiventris,Didelphis albiventris,Didelphis albiventris,Didelphis aurita,Didelphis,Didelphidae,3,Medio
1810,Didelphis aurita,Didelphis albiventris,Didelphis aurita,Alouatta caraya,Didelphis albiventris,Didelphis aurita,Didelphis aurita,Didelphis albiventris,Didelphis aurita,Didelphis aurita,Didelphis aurita,Didelphis albiventris,Didelphis,Didelphidae,3,Medio
1811,Didelphis aurita,Didelphis aurita,Didelphis albiventris,Didelphis albiventris,Didelphis albiventris,Didelphis aurita,Didelphis aurita,Didelphis aurita,Didelphis albiventris,Didelphis albiventris,Didelphis albiventris,Didelphis aurita,Didelphis,Didelphidae,3,Medio
1812,Didelphis aurita,Didelphis aurita,Galictis cuja,Didelphis albiventris,Didelphis aurita,Didelphis aurita,Didelphis aurita,Didelphis aurita,Galictis cuja,Galictis cuja,Galictis cuja,Didelphis aurita,Didelphis,Didelphidae,3,Medio
1813,Didelphis aurita,Cabassous tatouay,Leopardus wiedii,Cuniculus paca,Cabassous tatouay,Leopardus wiedii,Leopardus guttulus,Leopardus wiedii,Leopardus wiedii,Leopardus wiedii,Leopardus wiedii,Cabassous tatouay,Didelphis,Didelphidae,3,Medio
1814,Didelphis aurita,Didelphis aurita,Didelphis aurita,Didelphis aurita,Didelphis aurita,Didelphis aurita,Didelphis aurita,Dasyprocta azarae,Didelphis aurita,Didelphis aurita,Didelphis aurita,Didelphis aurita,Didelphis,Didelphidae,3,Medio
1816,Didelphis aurita,Didelphis aurita,Didelphis aurita,Didelphis aurita,Didelphis aurita,Didelphis aurita,Didelphis aurita,Didelphis aurita,Didelphis aurita,Didelphis aurita,Didelphis aurita,Didelphis aurita,Didelphis,Didelphidae,3,Medio
1817,Didelphis aurita,Herpailurus yagouaroundi,Didelphis albiventris,Didelphis albiventris,Cerdocyon thous,Didelphis aurita,Cerdocyon thous,Didelphis aurita,Didelphis albiventris,Didelphis albiventris,Didelphis albiventris,Herpailurus yagouaroundi,Didelphis,Didelphidae,3,Medio
1818,Didelphis aurita,Didelphis aurita,Didelphis aurita,Didelphis aurita,Didelphis aurita,Didelphis aurita,Didelphis aurita,Didelphis aurita,Didelphis aurita,Didelphis aurita,Didelphis aurita,Didelphis aurita,Didelphis,Didelphidae,3,Medio
1819,Kannabateomys amblyonyx,Kannabateomys amblyonyx,Kannabateomys amblyonyx,Kannabateomys amblyonyx,Kannabateomys amblyonyx,Kannabateomys amblyonyx,Dasyprocta azarae,Kannabateomys amblyonyx,Kannabateomys amblyonyx,Kannabateomys amblyonyx,Kannabateomys amblyonyx,Kannabateomys amblyonyx,Kannabateomys,Echimyidae,4,Alto
1820,Kannabateomys amblyonyx,Kannabateomys amblyonyx,Kannabateomys amblyonyx,Kannabateomys amblyonyx,Kannabateomys amblyonyx,Kannabateomys amblyonyx,Didelphis aurita,Kannabateomys amblyonyx,Kannabateomys amblyonyx,Kannabateomys amblyonyx,Kannabateomys amblyonyx,Kannabateomys amblyonyx,Kannabateomys,Echimyidae,4,Alto
1821,Kannabateomys amblyonyx,Kannabateomys amblyonyx,Kannabateomys amblyonyx,Kannabateomys amblyonyx,Kannabateomys amblyonyx,Kannabateomys amblyonyx,Dasyprocta azarae,Sylvilagus brasiliensis,Kannabateomys amblyonyx,Kannabateomys amblyonyx,Kannabateomys amblyonyx,Kannabateomys amblyonyx,Kannabateomys,Echimyidae,4,Alto
1822,Kannabateomys amblyonyx,Nyctidromus albicollis,Nyctidromus albicollis,Conopophaga lineata,Aramides saracura,Kannabateomys amblyonyx,Myiothlypis leucoblephara,Lepus europaeus,Nyctidromus albicollis,Nyctidromus albicollis,Nyctidromus albicollis,Nyctidromus albicollis,Kannabateomys,Echimyidae,4,Alto
1823,Kannabateomys amblyonyx,Kannabateomys amblyonyx,Kannabateomys amblyonyx,Kannabateomys amblyonyx,Kannabateomys amblyonyx,Kannabateomys amblyonyx,Didelphis aurita,Kannabateomys amblyonyx,Kannabateomys amblyonyx,Kannabateomys amblyonyx,Kannabateomys amblyonyx,Kannabateomys amblyonyx,Kannabateomys,Echimyidae,4,Alto
1824,Kannabateomys amblyonyx,Kannabateomys amblyonyx,Kannabateomys amblyonyx,Kannabateomys amblyonyx,Kannabateomys amblyonyx,Kannabateomys amblyonyx,Dasyprocta azarae,Kannabateomys amblyonyx,Kannabateomys amblyonyx,Kannabateomys amblyonyx,Kannabateomys amblyonyx,Kannabateomys amblyonyx,Kannabateomys,Echimyidae,4,Alto
1825,Kannabateomys amblyonyx,Kannabateomys amblyonyx,Kannabateomys amblyonyx,Kannabateomys amblyonyx,Kannabateomys amblyonyx,Kannabateomys amblyonyx,Dasyprocta azarae,Hydrochoerus hydrochaeris,Kannabateomys amblyonyx,Kannabateomys amblyonyx,Kannabateomys amblyonyx,Kannabateomys amblyonyx,Kannabateomys,Echimyidae,4,Alto
1826,Kannabateomys amblyonyx,Kannabateomys amblyonyx,Nyctidromus albicollis,Kannabateomys amblyonyx,Kannabateomys amblyonyx,Kannabateomys amblyonyx,Didelphis albiventris,Sporophila pileata,Nyctidromus albicollis,Nyctidromus albicollis,Nyctidromus albicollis,Kannabateomys amblyonyx,Kannabateomys,Echimyidae,4,Alto
1827,Kannabateomys amblyonyx,Kannabateomys amblyonyx,Kannabateomys amblyonyx,Kannabateomys amblyonyx,Kannabateomys amblyonyx,Kannabateomys amblyonyx,Didelphis aurita,Galictis cuja,Kannabateomys amblyonyx,Kannabateomys amblyonyx,Kannabateomys amblyonyx,Kannabateomys amblyonyx,Kannabateomys,Echimyidae,4,Alto
1829,Kannabateomys amblyonyx,Kannabateomys amblyonyx,Kannabateomys amblyonyx,Kannabateomys amblyonyx,Kannabateomys amblyonyx,Kannabateomys amblyonyx,Dasyprocta azarae,Kannabateomys amblyonyx,Kannabateomys amblyonyx,Kannabateomys amblyonyx,Kannabateomys amblyonyx,Kannabateomys amblyonyx,Kannabateomys,Echimyidae,4,Alto
1830,Kannabateomys amblyonyx,Didelphis albiventris,Kannabateomys amblyonyx,Kannabateomys amblyonyx,Conopophaga lineata,Didelphis albiventris,Didelphis albiventris,Didelphis albiventris,Kannabateomys amblyonyx,Kannabateomys amblyonyx,Kannabateomys amblyonyx,Didelphis albiventris,Kannabateomys,Echimyidae,4,Alto
1831,Kannabateomys amblyonyx,Kannabateomys amblyonyx,Kannabateomys amblyonyx,Kannabateomys amblyonyx,Kannabateomys amblyonyx,Kannabateomys amblyonyx,Dasyprocta azarae,Hydrochoerus hydrochaeris,Kannabateomys amblyonyx,Kannabateomys amblyonyx,Kannabateomys amblyonyx,Kannabateomys amblyonyx,Kannabateomys,Echimyidae,4,Alto
1833,Kannabateomys amblyonyx,Sapajus nigritus,Alouatta guariba,Alouatta guariba,Sapajus nigritus,Sapajus nigritus,Sapajus nigritus,Sapajus nigritus,Alouatta guariba,Alouatta guariba,Alouatta guariba,Sapajus nigritus,Kannabateomys,Echimyidae,4,Alto
1834,Kannabateomys amblyonyx,Didelphis aurita,Galictis cuja,Didelphis albiventris,Cerdocyon thous,Didelphis aurita,Didelphis aurita,Galictis cuja,Galictis cuja,Galictis cuja,Galictis cuja,Didelphis aurita,Kannabateomys,Echimyidae,4,Alto
1836,Herpailurus yagouaroundi,Eira barbara,Herpailurus yagouaroundi,Eira barbara,Eira barbara,Eira barbara,Eira barbara,Eira barbara,Herpailurus yagouaroundi,Herpailurus yagouaroundi,Herpailurus yagouaroundi,Eira barbara,Herpailurus,Felidae,1,Bajo
1838,Herpailurus yagouaroundi,Herpailurus yagouaroundi,Herpailurus yagouaroundi,Didelphis albiventris,Herpailurus yagouaroundi,Herpailurus yagouaroundi,Galictis cuja,Galictis cuja,Herpailurus yagouaroundi,Herpailurus yagouaroundi,Herpailurus yagouaroundi,Herpailurus yagouaroundi,Herpailurus,Felidae,1,Bajo
1840,Herpailurus yagouaroundi,Herpailurus yagouaroundi,Herpailurus yagouaroundi,Eira barbara,Eira barbara,Eira barbara,Eira barbara,Eira barbara,Herpailurus yagouaroundi,Herpailurus yagouaroundi,Herpailurus yagouaroundi,Herpailurus yagouaroundi,Herpailurus,Felidae,1,Bajo
1842,Herpailurus yagouaroundi,Galictis cuja,Didelphis albiventris,Didelphis albiventris,Didelphis albiventris,Galictis cuja,Galictis cuja,Galictis cuja,Didelphis albiventris,Didelphis albiventris,Didelphis albiventris,Galictis cuja,Herpailurus,Felidae,1,Bajo
1843,Herpailurus yagouaroundi,Myiothlypis leucoblephara,Myiothlypis leucoblephara,Myiothlypis leucoblephara,Grallaria varia,Galictis cuja,Myiothlypis leucoblephara,Myiothlypis leucoblephara,Myiothlypis leucoblephara,Myiothlypis leucoblephara,Myiothlypis leucoblephara,Myiothlypis leucoblephara,Herpailurus,Felidae,1,Bajo
1844,Herpailurus yagouaroundi,Herpailurus yagouaroundi,Leopardus wiedii,Cerdocyon thous,Galictis cuja,Leopardus guttulus,Cerdocyon thous,Leopardus guttulus,Leopardus wiedii,Leopardus wiedii,Leopardus wiedii,Herpailurus yagouaroundi,Herpailurus,Felidae,1,Bajo
1845,Herpailurus yagouaroundi,Eira barbara,Eira barbara,Eira barbara,Eira barbara,Eira barbara,Eira barbara,Eira barbara,Eira barbara,Eira barbara,Eira barbara,Eira barbara,Herpailurus,Felidae,1,Bajo
1846,Herpailurus yagouaroundi,Eira barbara,Herpailurus yagouaroundi,Eira barbara,Eira barbara,Eira barbara,Eira barbara,Eira barbara,Herpailurus yagouaroundi,Herpailurus yagouaroundi,Herpailurus yagouaroundi,Eira barbara,Herpailurus,Felidae,1,Bajo
1847,Herpailurus yagouaroundi,Herpailurus yagouaroundi,Penelope superciliaris,Herpailurus yagouaroundi,Crypturellus tataupa,Penelope superciliaris,Dasyprocta azarae,Salvator merianae,Penelope superciliaris,Penelope superciliaris,Penelope superciliaris,Herpailurus yagouaroundi,Herpailurus,Felidae,1,Bajo
1848,Herpailurus yagouaroundi,Eira barbara,Herpailurus yagouaroundi,Eira barbara,Eira barbara,Eira barbara,Eira barbara,Eira barbara,Herpailurus yagouaroundi,Herpailurus yagouaroundi,Herpailurus yagouaroundi,Eira barbara,Herpailurus,Felidae,1,Bajo
1849,Herpailurus yagouaroundi,Didelphis aurita,Herpailurus yagouaroundi,Didelphis aurita,Didelphis aurita,Didelphis aurita,Didelphis aurita,Leopardus guttulus,Herpailurus yagouaroundi,Herpailurus yagouaroundi,Herpailurus yagouaroundi,Didelphis aurita,Herpailurus,Felidae,1,Bajo
1850,Herpailurus yagouaroundi,Herpailurus yagouaroundi,Herpailurus yagouaroundi,Pecari tajacu,Pecari tajacu,Herpailurus yagouaroundi,Dasyprocta azarae,Sapajus nigritus,Herpailurus yagouaroundi,Herpailurus yagouaroundi,Herpailurus yagouaroundi,Herpailurus yagouaroundi,Herpailurus,Felidae,1,Bajo
1853,Herpailurus yagouaroundi,Eira barbara,Eira barbara,Eira barbara,Eira barbara,Eira barbara,Eira barbara,Eira barbara,Eira barbara,Eira barbara,Eira barbara,Eira barbara,Herpailurus,Felidae,1,Bajo
1855,Herpailurus yagouaroundi,Herpailurus yagouaroundi,Herpailurus yagouaroundi,Herpailurus yagouaroundi,Axis axis,Puma concolor concolor,Dasyprocta azarae,Herpailurus yagouaroundi,Herpailurus yagouaroundi,Herpailurus yagouaroundi,Herpailurus yagouaroundi,Herpailurus yagouaroundi,Herpailurus,Felidae,1,Bajo
1856,Herpailurus yagouaroundi,Herpailurus yagouaroundi,Sus scrofa,Aramides saracura,Sus scrofa,Eira barbara,Cerdocyon thous,Lycalopex gymnocerca,Sus scrofa,Sus scrofa,Sus scrofa,Herpailurus yagouaroundi,Herpailurus,Felidae,1,Bajo
1857,Herpailurus yagouaroundi,Eira barbara,Eira barbara,Eira barbara,Eira barbara,Eira barbara,Eira barbara,Eira barbara,Eira barbara,Eira barbara,Eira barbara,Eira barbara,Herpailurus,Felidae,1,Bajo
1858,Herpailurus yagouaroundi,Herpailurus yagouaroundi,Leopardus guttulus,Herpailurus yagouaroundi,Eira barbara,Leopardus guttulus,Leopardus guttulus,Nasua nasua,Leopardus guttulus,Leopardus guttulus,Leopardus guttulus,Herpailurus yagouaroundi,Herpailurus,Felidae,1,Bajo
1859,Herpailurus yagouaroundi,Herpailurus yagouaroundi,Cerdocyon thous,Cerdocyon thous,Cerdocyon thous,Lontra longicaudis,Galictis cuja,Lontra longicaudis,Cerdocyon thous,Cerdocyon thous,Cerdocyon thous,Herpailurus yagouaroundi,Herpailurus,Felidae,1,Bajo
1860,Herpailurus yagouaroundi,Herpailurus yagouaroundi,Herpailurus yagouaroundi,Eira barbara,Herpailurus yagouaroundi,Herpailurus yagouaroundi,Eira barbara,Herpailurus yagouaroundi,Herpailurus yagouaroundi,Herpailurus yagouaroundi,Herpailurus yagouaroundi,Herpailurus yagouaroundi,Herpailurus,Felidae,1,Bajo
1861,Herpailurus yagouaroundi,Herpailurus yagouaroundi,Leopardus guttulus,Galictis cuja,Galictis cuja,Galictis cuja,Galictis cuja,Galictis cuja,Leopardus guttulus,Leopardus guttulus,Leopardus guttulus,Herpailurus yagouaroundi,Herpailurus,Felidae,1,Bajo
1862,Herpailurus yagouaroundi,Herpailurus yagouaroundi,Eira barbara,Eira barbara,Dasyprocta azarae,Eira barbara,Cerdocyon thous,Lycalopex gymnocerca,Eira barbara,Eira barbara,Eira barbara,Herpailurus yagouaroundi,Herpailurus,Felidae,1,Bajo
1863,Herpailurus yagouaroundi,Eira barbara,Eira barbara,Eira barbara,Eira barbara,Eira barbara,Eira barbara,Eira barbara,Eira barbara,Eira barbara,Eira barbara,Eira barbara,Herpailurus,Felidae,1,Bajo
1864,Herpailurus yagouaroundi,Galictis cuja,Cerdocyon thous,Cerdocyon thous,Cerdocyon thous,Cerdocyon thous,Cerdocyon thous,Galictis cuja,Cerdocyon thous,Cerdocyon thous,Cerdocyon thous,Herpailurus yagouaroundi,Herpailurus,Felidae,1,Bajo
1865,Herpailurus yagouaroundi,Herpailurus yagouaroundi,Herpailurus yagouaroundi,Herpailurus yagouaroundi,Herpailurus yagouaroundi,Herpailurus yagouaroundi,Galictis cuja,Leopardus guttulus,Herpailurus yagouaroundi,Herpailurus yagouaroundi,Herpailurus yagouaroundi,Herpailurus yagouaroundi,Herpailurus,Felidae,1,Bajo
1866,Herpailurus yagouaroundi,Cuniculus paca,Crypturellus tataupa,Crypturellus tataupa,Crypturellus tataupa,Eira barbara,Eira barbara,Eira barbara,Crypturellus tataupa,Crypturellus tataupa,Crypturellus tataupa,Cuniculus paca,Herpailurus,Felidae,1,Bajo
1867,Herpailurus yagouaroundi,Herpailurus yagouaroundi,Herpailurus yagouaroundi,Herpailurus yagouaroundi,Herpailurus yagouaroundi,Herpailurus yagouaroundi,Cerdocyon thous,Herpailurus yagouaroundi,Herpailurus yagouaroundi,Herpailurus yagouaroundi,Herpailurus yagouaroundi,Herpailurus yagouaroundi,Herpailurus,Felidae,1,Bajo
1869,Herpailurus yagouaroundi,Cerdocyon thous,Sus scrofa,Cerdocyon thous,Lycalopex gymnocerca,Lycalopex gymnocerca,Lycalopex gymnocerca,Lycalopex gymnocerca,Sus scrofa,Sus scrofa,Sus scrofa,Cerdocyon thous,Herpailurus,Felidae,1,Bajo
1870,Herpailurus yagouaroundi,Herpailurus yagouaroundi,Eira barbara,Herpailurus yagouaroundi,Herpailurus yagouaroundi,Eira barbara,Eira barbara,Nasua nasua,Eira barbara,Eira barbara,Eira barbara,Herpailurus yagouaroundi,Herpailurus,Felidae,1,Bajo
1871,Herpailurus yagouaroundi,Herpailurus yagouaroundi,Dasyprocta azarae,Canis familiaris,Canis familiaris,Dasyprocta azarae,Dasyprocta azarae,Dasyprocta azarae,Dasyprocta azarae,Dasyprocta azarae,Dasyprocta azarae,Herpailurus yagouaroundi,Herpailurus,Felidae,1,Bajo
1876,Leopardus guttulus,Leopardus pardalis,Panthera onca,Leopardus guttulus,Leopardus guttulus,Panthera onca,Leopardus guttulus,Panthera onca,Panthera onca,Panthera onca,Panthera onca,Leopardus pardalis,Leopardus,Felidae,5,Crítico
1877,Leopardus guttulus,Leopardus wiedii,Leopardus wiedii,Leopardus guttulus,Leopardus guttulus,Leopardus guttulus,Leopardus guttulus,Leopardus wiedii,Leopardus wiedii,Leopardus wiedii,Leopardus wiedii,Leopardus wiedii,Leopardus,Felidae,5,Crítico
1878,Leopardus guttulus,Panthera onca,Strix hylophila,Alouatta caraya,Alouatta caraya,Alouatta caraya,Leopardus guttulus,Panthera onca,Strix hylophila,Strix hylophila,Strix hylophila,Leopardus pardalis,Leopardus,Felidae,5,Crítico
1879,Leopardus guttulus,Leopardus guttulus,Leopardus guttulus,Leopardus guttulus,Leopardus guttulus,Leopardus guttulus,Leopardus guttulus,Leopardus guttulus,Leopardus guttulus,Leopardus guttulus,Leopardus guttulus,Leopardus guttulus,Leopardus,Felidae,5,Crítico
1880,Leopardus guttulus,Leopardus guttulus,Leopardus guttulus,Leopardus guttulus,Leopardus guttulus,Leopardus guttulus,Leopardus guttulus,Leopardus guttulus,Leopardus guttulus,Leopardus guttulus,Leopardus guttulus,Leopardus guttulus,Leopardus,Felidae,5,Crítico
1881,Leopardus guttulus,Leopardus guttulus,Leopardus guttulus,Leopardus guttulus,Leopardus guttulus,Leopardus guttulus,Leopardus guttulus,Leopardus guttulus,Leopardus guttulus,Leopardus guttulus,Leopardus guttulus,Leopardus guttulus,Leopardus,Felidae,5,Crítico
1882,Leopardus guttulus,Cabassous tatouay,Leopardus wiedii,Cabassous tatouay,Cabassous tatouay,Leopardus wiedii,Leopardus guttulus,Cerdocyon thous,Leopardus wiedii,Leopardus wiedii,Leopardus wiedii,Cabassous tatouay,Leopardus,Felidae,5,Crítico
1883,Leopardus guttulus,Leopardus guttulus,Leopardus guttulus,Leopardus guttulus,Leopardus guttulus,Leopardus guttulus,Leopardus guttulus,Leopardus guttulus,Leopardus guttulus,Leopardus guttulus,Leopardus guttulus,Leopardus guttulus,Leopardus,Felidae,5,Crítico
1884,Leopardus guttulus,Leopardus guttulus,Leopardus guttulus,Leopardus guttulus,Leopardus guttulus,Leopardus guttulus,Leopardus guttulus,Leopardus guttulus,Leopardus guttulus,Leopardus guttulus,Leopardus guttulus,Leopardus guttulus,Leopardus,Felidae,5,Crítico
1885,Leopardus guttulus,Leopardus guttulus,Leopardus wiedii,Leopardus guttulus,Leopardus guttulus,Leopardus guttulus,Leopardus guttulus,Leopardus guttulus,Leopardus wiedii,Leopardus wiedii,Leopardus wiedii,Leopardus guttulus,Leopardus,Felidae,5,Crítico
1886,Leopardus guttulus,Leopardus wiedii,Cerdocyon thous,Cerdocyon thous,Leopardus guttulus,Leopardus guttulus,Leopardus guttulus,Leopardus guttulus,Cerdocyon thous,Cerdocyon thous,Cerdocyon thous,Leopardus wiedii,Leopardus,Felidae,5,Crítico
1887,Leopardus guttulus,Leopardus guttulus,Leopardus guttulus,Leopardus guttulus,Leopardus guttulus,Leopardus guttulus,Leopardus guttulus,Leopardus guttulus,Leopardus guttulus,Leopardus guttulus,Leopardus guttulus,Leopardus guttulus,Leopardus,Felidae,5,Crítico
1888,Leopardus guttulus,Leopardus guttulus,Leopardus guttulus,Leopardus guttulus,Leopardus guttulus,Leopardus guttulus,Leopardus guttulus,Leopardus guttulus,Leopardus guttulus,Leopardus guttulus,Leopardus guttulus,Leopardus guttulus,Leopardus,Felidae,5,Crítico
1889,Leopardus guttulus,Puma concolor,Dasyprocta azarae,Crypturellus tataupa,Aramides saracura,Panthera onca,Leopardus guttulus,Dasyprocta azarae,Dasyprocta azarae,Dasyprocta azarae,Dasyprocta azarae,Puma concolor,Leopardus,Felidae,5,Crítico
1890,Leopardus guttulus,Leopardus pardalis,Leopardus guttulus,Leopardus guttulus,Leopardus guttulus,Leopardus guttulus,Leopardus guttulus,Leopardus guttulus,Leopardus guttulus,Leopardus guttulus,Leopardus guttulus,Leopardus pardalis,Leopardus,Felidae,5,Crítico
1892,Leopardus guttulus,Leopardus wiedii,Leopardus wiedii,Cuniculus paca,Cuniculus paca,Leopardus wiedii,Leopardus guttulus,Leopardus guttulus,Leopardus wiedii,Leopardus wiedii,Leopardus wiedii,Leopardus wiedii,Leopardus,Felidae,5,Crítico
1893,Leopardus guttulus,Leopardus guttulus,Leopardus guttulus,Leopardus guttulus,Leopardus guttulus,Leopardus guttulus,Leopardus guttulus,Leopardus guttulus,Leopardus guttulus,Leopardus guttulus,Leopardus guttulus,Leopardus guttulus,Leopardus,Felidae,5,Crítico
1894,Leopardus guttulus,Dasyprocta azarae,Crypturellus obsoletus,Crypturellus obsoletus,Crypturellus obsoletus,Dasyprocta azarae,Dasyprocta azarae,Dasyprocta azarae,Crypturellus obsoletus,Crypturellus obsoletus,Crypturellus obsoletus,Dasyprocta azarae,Leopardus,Felidae,5,Crítico
1895,Leopardus guttulus,Leopardus wiedii,Leopardus guttulus,Cerdocyon thous,Cerdocyon thous,Leopardus guttulus,Leopardus guttulus,Cerdocyon thous,Leopardus guttulus,Leopardus guttulus,Leopardus guttulus,Leopardus wiedii,Leopardus,Felidae,5,Crítico
1897,Leopardus guttulus,Leopardus guttulus,Leopardus guttulus,Leopardus guttulus,Dasyprocta azarae,Leopardus guttulus,Leopardus guttulus,Leopardus guttulus,Leopardus guttulus,Leopardus guttulus,Leopardus guttulus,Leopardus guttulus,Leopardus,Felidae,5,Crítico
1898,Leopardus guttulus,Cabassous tatouay,Leopardus wiedii,Cabassous tatouay,Leopardus wiedii,Leopardus wiedii,Cerdocyon thous,Leopardus wiedii,Leopardus wiedii,Leopardus wiedii,Leopardus wiedii,Cabassous tatouay,Leopardus,Felidae,5,Crítico
1899,Leopardus guttulus,Leopardus wiedii,Leptotila verreauxi,Dasyprocta azarae,Dasyprocta azarae,Galictis cuja,Leopardus guttulus,Eira barbara,Leptotila verreauxi,Leptotila verreauxi,Leptotila verreauxi,Leopardus wiedii,Leopardus,Felidae,5,Crítico
1900,Leopardus guttulus,Leopardus wiedii,Leopardus guttulus,Leopardus guttulus,Leopardus guttulus,Leopardus guttulus,Leopardus guttulus,Leopardus guttulus,Leopardus guttulus,Leopardus guttulus,Leopardus guttulus,Leopardus wiedii,Leopardus,Felidae,5,Crítico
1901,Leopardus guttulus,Leopardus pardalis,Leopardus guttulus,Leopardus guttulus,Leopardus guttulus,Leopardus guttulus,Leopardus guttulus,Leopardus guttulus,Leopardus guttulus,Leopardus guttulus,Leopardus guttulus,Leopardus pardalis,Leopardus,Felidae,5,Crítico
1903,Leopardus guttulus,Leopardus guttulus,Leopardus guttulus,Leopardus guttulus,Leopardus guttulus,Leopardus guttulus,Leopardus guttulus,Leopardus guttulus,Leopardus guttulus,Leopardus guttulus,Leopardus guttulus,Leopardus guttulus,Leopardus,Felidae,5,Crítico
1904,Leopardus guttulus,Leopardus guttulus,Leopardus guttulus,Leopardus wiedii,Leopardus guttulus,Leopardus guttulus,Leopardus guttulus,Leopardus guttulus,Leopardus guttulus,Leopardus guttulus,Leopardus guttulus,Leopardus guttulus,Leopardus,Felidae,5,Crítico
1905,Leopardus guttulus,Cabassous tatouay,Procyon cancrivorus,Leopardus guttulus,Cerdocyon thous,Leopardus guttulus,Leopardus guttulus,Leopardus guttulus,Procyon cancrivorus,Procyon cancrivorus,Procyon cancrivorus,Cabassous tatouay,Leopardus,Felidae,5,Crítico
1906,Leopardus guttulus,Cabassous tatouay,Leopardus wiedii,Cabassous tatouay,Leopardus wiedii,Leopardus wiedii,Cerdocyon thous,Leopardus wiedii,Leopardus wiedii,Leopardus wiedii,Leopardus wiedii,Cabassous tatouay,Leopardus,Felidae,5,Crítico
1907,Leopardus guttulus,Leopardus guttulus,Leopardus guttulus,Leopardus guttulus,Leopardus guttulus,Leopardus guttulus,Leopardus guttulus,Leopardus guttulus,Leopardus guttulus,Leopardus guttulus,Leopardus guttulus,Leopardus guttulus,Leopardus,Felidae,5,Crítico
1908,Leopardus guttulus,Leopardus guttulus,Leopardus guttulus,Leopardus guttulus,Leopardus guttulus,Leopardus guttulus,Leopardus guttulus,Lepus europaeus,Leopardus guttulus,Leopardus guttulus,Leopardus guttulus,Leopardus guttulus,Leopardus,Felidae,5,Crítico
1911,Leopardus guttulus,Leopardus pardalis,Leopardus pardalis,Leopardus guttulus,Leopardus guttulus,Leopardus guttulus,Leopardus guttulus,Leopardus guttulus,Leopardus pardalis,Leopardus pardalis,Leopardus pardalis,Leopardus pardalis,Leopardus,Felidae,5,Crítico
1912,Leopardus guttulus,Leopardus guttulus,Leopardus guttulus,Leopardus guttulus,Leopardus guttulus,Leopardus guttulus,Leopardus guttulus,Leopardus guttulus,Leopardus guttulus,Leopardus guttulus,Leopardus guttulus,Leopardus guttulus,Leopardus,Felidae,5,Crítico
1913,Leopardus guttulus,Salvator merianae,Geotrygon montana,Nyctidromus albicollis,Nyctidromus albicollis,Hypoedaleus guttatus,Salvator merianae,Sylvilagus brasiliensis,Geotrygon montana,Geotrygon montana,Geotrygon montana,Salvator merianae,Leopardus,Felidae,5,Crítico
1917,Leopardus guttulus,Leopardus guttulus,Leopardus wiedii,Leopardus guttulus,Leopardus guttulus,Leopardus guttulus,Leopardus guttulus,Leopardus guttulus,Leopardus wiedii,Leopardus wiedii,Leopardus wiedii,Leopardus guttulus,Leopardus,Felidae,5,Crítico
1918,Leopardus guttulus,Leopardus pardalis,Leopardus guttulus,Leopardus guttulus,Leopardus guttulus,Leopardus guttulus,Leopardus guttulus,Leopardus guttulus,Leopardus guttulus,Leopardus guttulus,Leopardus guttulus,Leopardus pardalis,Leopardus,Felidae,5,Crítico
1919,Leopardus guttulus,Leopardus wiedii,Leopardus wiedii,Leopardus wiedii,Leopardus wiedii,Leopardus guttulus,Leopardus guttulus,Leopardus guttulus,Leopardus wiedii,Leopardus wiedii,Leopardus wiedii,Leopardus wiedii,Leopardus,Felidae,5,Crítico
1920,Leopardus guttulus,Leopardus pardalis,Leopardus pardalis,Alouatta guariba clamitans,Alouatta guariba,Leopardus wiedii,Alouatta guariba clamitans,Alouatta caraya,Leopardus pardalis,Leopardus pardalis,Leopardus pardalis,Leopardus pardalis,Leopardus,Felidae,5,Crítico
1921,Leopardus guttulus,Leopardus guttulus,Leopardus guttulus,Leopardus guttulus,Leopardus guttulus,Leopardus guttulus,Leopardus guttulus,Leopardus guttulus,Leopardus guttulus,Leopardus guttulus,Leopardus guttulus,Leopardus guttulus,Leopardus,Felidae,5,Crítico
1922,Leopardus guttulus,Leopardus guttulus,Leopardus guttulus,Leopardus guttulus,Leopardus guttulus,Leopardus guttulus,Leopardus guttulus,Leopardus guttulus,Leopardus guttulus,Leopardus guttulus,Leopardus guttulus,Leopardus guttulus,Leopardus,Felidae,5,Crítico
1923,Leopardus guttulus,Leopardus guttulus,Leopardus wiedii,Leopardus wiedii,Leopardus guttulus,Leopardus guttulus,Leopardus guttulus,Leopardus guttulus,Leopardus wiedii,Leopardus wiedii,Leopardus wiedii,Leopardus guttulus,Leopardus,Felidae,5,Crítico
1924,Leopardus guttulus,Herpailurus yagouaroundi,Leopardus guttulus,Herpailurus yagouaroundi,Eira barbara,Leopardus guttulus,Leopardus guttulus,Lontra longicaudis,Leopardus guttulus,Leopardus guttulus,Leopardus guttulus,Herpailurus yagouaroundi,Leopardus,Felidae,5,Crítico
1925,Leopardus guttulus,Leopardus wiedii,Leopardus guttulus,Leopardus wiedii,Leopardus guttulus,Leopardus guttulus,Leopardus guttulus,Leopardus guttulus,Leopardus guttulus,Leopardus guttulus,Leopardus guttulus,Leopardus wiedii,Leopardus,Felidae,5,Crítico
1926,Leopardus guttulus,Leopardus guttulus,Leopardus guttulus,Leopardus guttulus,Leopardus guttulus,Leopardus guttulus,Leopardus guttulus,Leopardus guttulus,Leopardus guttulus,Leopardus guttulus,Leopardus guttulus,Leopardus guttulus,Leopardus,Felidae,5,Crítico
1927,Leopardus guttulus,Herpailurus yagouaroundi,Leptotila verreauxi,Crypturellus tataupa,Crypturellus tataupa,Galictis cuja,Dasyprocta azarae,Leopardus guttulus,Leptotila verreauxi,Leptotila verreauxi,Leptotila verreauxi,Herpailurus yagouaroundi,Leopardus,Felidae,5,Crítico
1929,Leopardus guttulus,Leopardus wiedii,Galictis cuja,Crypturellus tataupa,Crypturellus tataupa,Galictis cuja,Leopardus guttulus,Eira barbara,Galictis cuja,Galictis cuja,Galictis cuja,Leopardus wiedii,Leopardus,Felidae,5,Crítico
1930,Leopardus guttulus,Leopardus wiedii,Leopardus wiedii,Leopardus wiedii,Leopardus guttulus,Leopardus guttulus,Leopardus guttulus,Leopardus guttulus,Leopardus wiedii,Leopardus wiedii,Leopardus wiedii,Leopardus wiedii,Leopardus,Felidae,5,Crítico
1931,Leopardus guttulus,Leopardus pardalis,Dasyprocta azarae,Dasyprocta azarae,Crypturellus tataupa,Leopardus guttulus,Leopardus guttulus,Leopardus guttulus,Dasyprocta azarae,Dasyprocta azarae,Dasyprocta azarae,Leopardus pardalis,Leopardus,Felidae,5,Crítico
1932,Leopardus guttulus,Leopardus guttulus,Leopardus guttulus,Leopardus guttulus,Leopardus guttulus,Leopardus guttulus,Leopardus guttulus,Leopardus guttulus,Leopardus guttulus,Leopardus guttulus,Leopardus guttulus,Leopardus guttulus,Leopardus,Felidae,5,Crítico
1933,Leopardus guttulus,Leopardus pardalis,Leopardus pardalis,Didelphis albiventris,Leopardus guttulus,Leopardus guttulus,Leopardus guttulus,Leopardus guttulus,Leopardus pardalis,Leopardus pardalis,Leopardus pardalis,Leopardus pardalis,Leopardus,Felidae,5,Crítico
1934,Leopardus guttulus,Leopardus guttulus,Leopardus guttulus,Cerdocyon thous,Leopardus guttulus,Leopardus guttulus,Leopardus guttulus,Tamandua tetradactyla,Leopardus guttulus,Leopardus guttulus,Leopardus guttulus,Leopardus guttulus,Leopardus,Felidae,5,Crítico
1935,Leopardus guttulus,Panthera onca,Leopardus guttulus,Leopardus guttulus,Leopardus guttulus,Lontra longicaudis,Leopardus guttulus,Lontra longicaudis,Leopardus guttulus,Leopardus guttulus,Leopardus guttulus,Panthera onca,Leopardus,Felidae,5,Crítico
1936,Leopardus guttulus,Leopardus guttulus,Leopardus wiedii,Leopardus guttulus,Leopardus guttulus,Leopardus guttulus,Leopardus guttulus,Leopardus guttulus,Leopardus wiedii,Leopardus wiedii,Leopardus wiedii,Leopardus guttulus,Leopardus,Felidae,5,Crítico
1937,Leopardus guttulus,Leopardus guttulus,Leopardus guttulus,Leopardus guttulus,Leopardus guttulus,Leopardus guttulus,Leopardus guttulus,Leopardus guttulus,Leopardus guttulus,Leopardus guttulus,Leopardus guttulus,Leopardus guttulus,Leopardus,Felidae,5,Crítico
1938,Leopardus guttulus,Leopardus guttulus,Leopardus guttulus,Leopardus guttulus,Leopardus guttulus,Leopardus guttulus,Leopardus guttulus,Leopardus guttulus,Leopardus guttulus,Leopardus guttulus,Leopardus guttulus,Leopardus guttulus,Leopardus,Felidae,5,Crítico
1939,Leopardus pardalis,Leopardus guttulus,Leopardus wiedii,Leopardus pardalis,Leopardus pardalis,Leopardus guttulus,Leopardus guttulus,Leopardus guttulus,Leopardus wiedii,Leopardus wiedii,Leopardus wiedii,Leopardus guttulus,Leopardus,Felidae,3,Medio
1940,Leopardus pardalis,Leopardus pardalis,Leopardus guttulus,Leopardus guttulus,Leopardus pardalis,Panthera onca,Leopardus guttulus,Leopardus pardalis,Leopardus guttulus,Leopardus guttulus,Leopardus guttulus,Leopardus pardalis,Leopardus,Felidae,3,Medio
1941,Leopardus pardalis,Leopardus pardalis,Leopardus pardalis,Leopardus guttulus,Leopardus guttulus,Leopardus guttulus,Leopardus guttulus,Leopardus guttulus,Leopardus pardalis,Leopardus pardalis,Leopardus pardalis,Leopardus pardalis,Leopardus,Felidae,3,Medio
1943,Leopardus pardalis,Leopardus wiedii,Leopardus guttulus,Leopardus wiedii,Leopardus guttulus,Leopardus guttulus,Leopardus guttulus,Leopardus guttulus,Leopardus guttulus,Leopardus guttulus,Leopardus guttulus,Leopardus wiedii,Leopardus,Felidae,3,Medio
1945,Leopardus pardalis,Amazona vinacea,Pyriglena leucoptera,Habia rubica,Cyanocorax chrysops,Amazona vinacea,Amazona vinacea,Didelphis albiventris,Pyriglena leucoptera,Pyriglena leucoptera,Pyriglena leucoptera,Amazona vinacea,Leopardus,Felidae,3,Medio
1946,Leopardus pardalis,Panthera onca,Leopardus guttulus,Leopardus guttulus,Leopardus guttulus,Leopardus guttulus,Leopardus guttulus,Panthera onca,Leopardus guttulus,Leopardus guttulus,Leopardus guttulus,Panthera onca,Leopardus,Felidae,3,Medio
1947,Leopardus pardalis,Leopardus guttulus,Leopardus guttulus,Leopardus guttulus,Leopardus guttulus,Leopardus guttulus,Leopardus guttulus,Leopardus guttulus,Leopardus guttulus,Leopardus guttulus,Leopardus guttulus,Leopardus guttulus,Leopardus,Felidae,3,Medio
1948,Leopardus pardalis,Leopardus pardalis,Leopardus guttulus,Leopardus guttulus,Leopardus guttulus,Leopardus guttulus,Leopardus guttulus,Leopardus guttulus,Leopardus guttulus,Leopardus guttulus,Leopardus guttulus,Leopardus pardalis,Leopardus,Felidae,3,Medio
1949,Leopardus pardalis,Leopardus guttulus,Leopardus wiedii,Leopardus wiedii,Leopardus guttulus,Leopardus guttulus,Leopardus guttulus,Leopardus guttulus,Leopardus wiedii,Leopardus wiedii,Leopardus wiedii,Leopardus guttulus,Leopardus,Felidae,3,Medio
1950,Leopardus pardalis,Leopardus pardalis,Leopardus guttulus,Leopardus guttulus,Leopardus guttulus,Leopardus guttulus,Leopardus guttulus,Leopardus guttulus,Leopardus guttulus,Leopardus guttulus,Leopardus guttulus,Leopardus pardalis,Leopardus,Felidae,3,Medio
1951,Leopardus pardalis,Leopardus guttulus,Leopardus pardalis,Leopardus guttulus,Leopardus guttulus,Leopardus guttulus,Leopardus guttulus,Leopardus guttulus,Leopardus pardalis,Leopardus pardalis,Leopardus pardalis,Leopardus guttulus,Leopardus,Felidae,3,Medio
1952,Leopardus pardalis,Leopardus guttulus,Leopardus pardalis,Leopardus guttulus,Leopardus guttulus,Leopardus guttulus,Leopardus guttulus,Leopardus guttulus,Leopardus pardalis,Leopardus pardalis,Leopardus pardalis,Leopardus guttulus,Leopardus,Felidae,3,Medio
1954,Leopardus pardalis,Leopardus pardalis,Leopardus pardalis,Leopardus guttulus,Leopardus guttulus,Leopardus guttulus,Leopardus guttulus,Panthera onca,Leopardus pardalis,Leopardus pardalis,Leopardus pardalis,Leopardus pardalis,Leopardus,Felidae,3,Medio
1955,Leopardus pardalis,Leopardus guttulus,Leopardus guttulus,Leopardus guttulus,Leopardus guttulus,Leopardus guttulus,Leopardus guttulus,Leopardus guttulus,Leopardus guttulus,Leopardus guttulus,Leopardus guttulus,Leopardus guttulus,Leopardus,Felidae,3,Medio
1957,Leopardus pardalis,Leopardus pardalis,Leopardus pardalis,Leopardus pardalis,Leopardus guttulus,Leopardus guttulus,Leopardus guttulus,Leopardus guttulus,Leopardus pardalis,Leopardus pardalis,Leopardus pardalis,Leopardus pardalis,Leopardus,Felidae,3,Medio
1958,Leopardus pardalis,Leopardus guttulus,Leopardus pardalis mitis,Leopardus pardalis mitis,Leopardus wiedii,Leopardus guttulus,Leopardus guttulus,Leopardus guttulus,Leopardus pardalis mitis,Leopardus pardalis mitis,Leopardus pardalis mitis,Leopardus guttulus,Leopardus,Felidae,3,Medio
1959,Leopardus pardalis mitis,Leopardus guttulus,Leopardus guttulus,Hydropsalis torquata,Salvator merianae,Leopardus guttulus,Leopardus guttulus,Cerdocyon thous,Leopardus guttulus,Leopardus guttulus,Leopardus guttulus,Salvator merianae,Leopardus,Felidae,3,Medio
1961,Leopardus wiedii,Leopardus wiedii,Leopardus guttulus,Leopardus wiedii,Leopardus wiedii,Leopardus guttulus,Leopardus guttulus,Leopardus guttulus,Leopardus guttulus,Leopardus guttulus,Leopardus guttulus,Leopardus wiedii,Leopardus,Felidae,3,Medio
1962,Leopardus wiedii,Leopardus pardalis,Leopardus pardalis,Leopardus guttulus,Leopardus guttulus,Leopardus guttulus,Leopardus guttulus,Leopardus guttulus,Leopardus pardalis,Leopardus pardalis,Leopardus pardalis,Leopardus pardalis,Leopardus,Felidae,3,Medio
1963,Leopardus wiedii,Leopardus pardalis mitis,Leopardus pardalis mitis,Leopardus guttulus,Leopardus guttulus,Leopardus guttulus,Leopardus guttulus,Leopardus guttulus,Leopardus pardalis mitis,Leopardus pardalis mitis,Leopardus pardalis mitis,Leopardus pardalis mitis,Leopardus,Felidae,3,Medio
1964,Leopardus wiedii,Leopardus pardalis,Crypturellus tataupa,Crypturellus tataupa,Aramides saracura,Strix hylophila,Leopardus guttulus,Dasyprocta azarae,Crypturellus tataupa,Crypturellus tataupa,Crypturellus tataupa,Leopardus pardalis,Leopardus,Felidae,3,Medio
1965,Leopardus wiedii,Leopardus pardalis mitis,Leopardus pardalis mitis,Leopardus pardalis,Leopardus guttulus,Leopardus guttulus,Leopardus guttulus,Leopardus guttulus,Leopardus pardalis mitis,Leopardus pardalis mitis,Leopardus pardalis mitis,Leopardus pardalis mitis,Leopardus,Felidae,3,Medio
1966,Leopardus wiedii,Cuniculus paca,Herpailurus yagouaroundi,Crypturellus tataupa,Eira barbara,Eira barbara,Eira barbara,Eira barbara,Herpailurus yagouaroundi,Herpailurus yagouaroundi,Herpailurus yagouaroundi,Cuniculus paca,Leopardus,Felidae,3,Medio
1967,Leopardus wiedii,Leopardus pardalis,Leopardus pardalis mitis,Leopardus wiedii,Leopardus guttulus,Leopardus guttulus,Leopardus guttulus,Leopardus guttulus,Leopardus pardalis mitis,Leopardus pardalis mitis,Leopardus pardalis mitis,Leopardus pardalis,Leopardus,Felidae,3,Medio
1968,Leopardus wiedii,Leopardus wiedii,Leopardus wiedii,Leopardus pardalis mitis,Leopardus guttulus,Leopardus guttulus,Leopardus guttulus,Leopardus guttulus,Leopardus wiedii,Leopardus wiedii,Leopardus wiedii,Leopardus wiedii,Leopardus,Felidae,3,Medio
1969,Leopardus wiedii,Leopardus pardalis mitis,Leopardus pardalis mitis,Leopardus pardalis,Leopardus guttulus,Leopardus guttulus,Leopardus guttulus,Leopardus guttulus,Leopardus pardalis mitis,Leopardus pardalis mitis,Leopardus pardalis mitis,Leopardus pardalis mitis,Leopardus,Felidae,3,Medio
1971,Leopardus wiedii,Leopardus wiedii,Leopardus guttulus,Leopardus guttulus,Cerdocyon thous,Leopardus guttulus,Leopardus guttulus,Leopardus guttulus,Leopardus guttulus,Leopardus guttulus,Leopardus guttulus,Leopardus wiedii,Leopardus,Felidae,3,Medio
1972,Leopardus wiedii,Leopardus guttulus,Leopardus guttulus,Leopardus guttulus,Leopardus guttulus,Leopardus guttulus,Leopardus guttulus,Leopardus guttulus,Leopardus guttulus,Leopardus guttulus,Leopardus guttulus,Leopardus guttulus,Leopardus,Felidae,3,Medio
1973,Leopardus wiedii,Leopardus pardalis,Panthera onca,Leopardus guttulus,Leopardus guttulus,Leopardus guttulus,Leopardus guttulus,Leopardus guttulus,Panthera onca,Panthera onca,Panthera onca,Leopardus pardalis,Leopardus,Felidae,3,Medio
1974,Leopardus wiedii,Leopardus wiedii,Leopardus wiedii,Leopardus guttulus,Leopardus wiedii,Leopardus guttulus,Leopardus guttulus,Leopardus wiedii,Leopardus wiedii,Leopardus wiedii,Leopardus wiedii,Leopardus wiedii,Leopardus,Felidae,3,Medio
1976,Leopardus wiedii,Leopardus guttulus,Leopardus wiedii,Leopardus wiedii,Leopardus guttulus,Leopardus guttulus,Leopardus guttulus,Leopardus wiedii,Leopardus wiedii,Leopardus wiedii,Leopardus wiedii,Leopardus guttulus,Leopardus,Felidae,3,Medio
1977,Leopardus wiedii,Leopardus wiedii,Leopardus wiedii,Leopardus guttulus,Leopardus wiedii,Leopardus guttulus,Leopardus guttulus,Leopardus guttulus,Leopardus wiedii,Leopardus wiedii,Leopardus wiedii,Leopardus wiedii,Leopardus,Felidae,3,Medio
1978,Leopardus wiedii,Leopardus guttulus,Leopardus guttulus,Leopardus guttulus,Leopardus guttulus,Leopardus guttulus,Leopardus guttulus,Leopardus guttulus,Leopardus guttulus,Leopardus guttulus,Leopardus guttulus,Leopardus guttulus,Leopardus,Felidae,3,Medio
1979,Leopardus wiedii,Leopardus pardalis,Nasua nasua,Leopardus guttulus,Eira barbara,Leopardus guttulus,Leopardus guttulus,Leopardus guttulus,Nasua nasua,Nasua nasua,Nasua nasua,Leopardus pardalis,Leopardus,Felidae,3,Medio
1980,Leopardus wiedii,Leopardus wiedii,Leopardus guttulus,Leopardus guttulus,Leopardus guttulus,Leopardus wiedii,Leopardus guttulus,Leopardus guttulus,Leopardus guttulus,Leopardus guttulus,Leopardus guttulus,Leopardus wiedii,Leopardus,Felidae,3,Medio
1982,Leopardus wiedii,Leopardus guttulus,Leopardus wiedii,Leopardus guttulus,Leopardus guttulus,Leopardus guttulus,Leopardus guttulus,Leopardus guttulus,Leopardus wiedii,Leopardus wiedii,Leopardus wiedii,Leopardus guttulus,Leopardus,Felidae,3,Medio
1983,Leopardus wiedii,Cuniculus paca,Procyon cancrivorus,Cuniculus paca,Cerdocyon thous,Cerdocyon thous,Leopardus guttulus,Cerdocyon thous,Procyon cancrivorus,Procyon cancrivorus,Procyon cancrivorus,Cuniculus paca,Leopardus,Felidae,3,Medio
1984,Leopardus wiedii,Leopardus guttulus,Leopardus guttulus,Leopardus guttulus,Leopardus guttulus,Leopardus guttulus,Leopardus guttulus,Leopardus guttulus,Leopardus guttulus,Leopardus guttulus,Leopardus guttulus,Leopardus guttulus,Leopardus,Felidae,3,Medio
1985,Leopardus wiedii,Leopardus wiedii,Leopardus wiedii,Leopardus guttulus,Leopardus guttulus,Leopardus guttulus,Leopardus guttulus,Leopardus guttulus,Leopardus wiedii,Leopardus wiedii,Leopardus wiedii,Leopardus wiedii,Leopardus,Felidae,3,Medio
1986,Leopardus wiedii,Leopardus guttulus,Leopardus guttulus,Leopardus guttulus,Leopardus guttulus,Leopardus guttulus,Leopardus guttulus,Leopardus guttulus,Leopardus guttulus,Leopardus guttulus,Leopardus guttulus,Leopardus guttulus,Leopardus,Felidae,3,Medio
1987,Leopardus wiedii,Leopardus guttulus,Leopardus guttulus,Leopardus guttulus,Leopardus guttulus,Leopardus guttulus,Leopardus guttulus,Leopardus guttulus,Leopardus guttulus,Leopardus guttulus,Leopardus guttulus,Leopardus guttulus,Leopardus,Felidae,3,Medio
1988,Leopardus wiedii,Leopardus guttulus,Leopardus guttulus,Leopardus guttulus,Leopardus guttulus,Leopardus guttulus,Leopardus guttulus,Leopardus wiedii,Leopardus guttulus,Leopardus guttulus,Leopardus guttulus,Leopardus guttulus,Leopardus,Felidae,3,Medio
1990,Leopardus wiedii,Leopardus guttulus,Leopardus wiedii,Leopardus wiedii,Leopardus guttulus,Leopardus guttulus,Leopardus guttulus,Leopardus guttulus,Leopardus wiedii,Leopardus wiedii,Leopardus wiedii,Leopardus guttulus,Leopardus,Felidae,3,Medio
1992,Leopardus wiedii,Leopardus guttulus,Grallaria varia,Leopardus guttulus,Leopardus guttulus,Leopardus guttulus,Leopardus guttulus,Leopardus guttulus,Grallaria varia,Grallaria varia,Grallaria varia,Leopardus guttulus,Leopardus,Felidae,3,Medio
1993,Leopardus wiedii,Leopardus pardalis mitis,Leopardus wiedii,Leopardus guttulus,Leopardus wiedii,Leopardus guttulus,Leopardus guttulus,Leopardus wiedii,Leopardus wiedii,Leopardus wiedii,Leopardus wiedii,Leopardus pardalis mitis,Leopardus,Felidae,3,Medio
1994,Leopardus wiedii,Leopardus guttulus,Leopardus wiedii,Leopardus guttulus,Leopardus guttulus,Leopardus guttulus,Leopardus guttulus,Leopardus guttulus,Leopardus wiedii,Leopardus wiedii,Leopardus wiedii,Leopardus guttulus,Leopardus,Felidae,3,Medio
1995,Leopardus wiedii,Leopardus guttulus,Leopardus guttulus,Galictis cuja,Galictis cuja,Galictis cuja,Leopardus guttulus,Galictis cuja,Leopardus guttulus,Leopardus guttulus,Leopardus guttulus,Leopardus guttulus,Leopardus,Felidae,3,Medio
1996,Leopardus wiedii,Leopardus guttulus,Panthera onca,Panthera onca,Panthera onca,Leopardus guttulus,Leopardus guttulus,Leopardus guttulus,Panthera onca,Panthera onca,Panthera onca,Leopardus guttulus,Leopardus,Felidae,3,Medio
1997,Leopardus wiedii,Leopardus guttulus,Leopardus wiedii,Leopardus guttulus,Leopardus guttulus,Leopardus guttulus,Leopardus guttulus,Leopardus guttulus,Leopardus wiedii,Leopardus wiedii,Leopardus wiedii,Leopardus guttulus,Leopardus,Felidae,3,Medio
1998,Leopardus wiedii,Leopardus guttulus,Leopardus guttulus,Cuniculus paca,Cuniculus paca,Leopardus guttulus,Leopardus guttulus,Leopardus guttulus,Leopardus guttulus,Leopardus guttulus,Leopardus guttulus,Leopardus guttulus,Leopardus,Felidae,3,Medio
2000,Leopardus wiedii,Cabassous tatouay,Leopardus wiedii,Cabassous tatouay,Leopardus guttulus,Leopardus wiedii,Leopardus guttulus,Leopardus guttulus,Leopardus wiedii,Leopardus wiedii,Leopardus wiedii,Cabassous tatouay,Leopardus,Felidae,3,Medio
2001,Leopardus wiedii,Leopardus pardalis,Leopardus guttulus,Leopardus guttulus,Leopardus guttulus,Leopardus guttulus,Leopardus guttulus,Leopardus guttulus,Leopardus guttulus,Leopardus guttulus,Leopardus guttulus,Leopardus pardalis,Leopardus,Felidae,3,Medio
2003,Leopardus wiedii,Leopardus wiedii,Leopardus wiedii,Leopardus wiedii,Leopardus guttulus,Leopardus guttulus,Leopardus guttulus,Leopardus guttulus,Leopardus wiedii,Leopardus wiedii,Leopardus wiedii,Leopardus wiedii,Leopardus,Felidae,3,Medio
2004,Leopardus wiedii,Leopardus wiedii,Leopardus guttulus,Leopardus guttulus,Cuniculus paca,Leopardus guttulus,Leopardus guttulus,Leopardus wiedii,Leopardus guttulus,Leopardus guttulus,Leopardus guttulus,Leopardus wiedii,Leopardus,Felidae,3,Medio
2008,Panthera onca,Panthera onca,Panthera onca,Panthera onca,Panthera onca,Panthera onca,Leopardus guttulus,Panthera onca,Panthera onca,Panthera onca,Panthera onca,Panthera onca,Panthera,Felidae,6,Crítico
2009,Panthera onca,Panthera onca,Panthera onca,Panthera onca,Panthera onca,Panthera onca,Leopardus guttulus,Leopardus guttulus,Panthera onca,Panthera onca,Panthera onca,Panthera onca,Panthera,Felidae,6,Crítico
2010,Panthera onca,Panthera onca,Panthera onca,Panthera onca,Panthera onca,Panthera onca,Leopardus guttulus,Panthera onca,Panthera onca,Panthera onca,Panthera onca,Panthera onca,Panthera,Felidae,6,Crítico
2011,Panthera onca,Herpailurus yagouaroundi,Pecari tajacu,Pecari tajacu,Pecari tajacu,Herpailurus yagouaroundi,Tamandua tetradactyla,Herpailurus yagouaroundi,Pecari tajacu,Pecari tajacu,Pecari tajacu,Herpailurus yagouaroundi,Panthera,Felidae,6,Crítico
2013,Panthera onca,Puma concolor,Sus scrofa,Leopardus guttulus,Cerdocyon thous,Leopardus guttulus,Leopardus guttulus,Leopardus guttulus,Sus scrofa,Sus scrofa,Sus scrofa,Puma concolor,Panthera,Felidae,6,Crítico
2014,Panthera onca,Panthera onca,Panthera onca,Panthera onca,Panthera onca,Panthera onca,Leopardus guttulus,Leopardus guttulus,Panthera onca,Panthera onca,Panthera onca,Panthera onca,Panthera,Felidae,6,Crítico
2015,Panthera onca,Panthera onca,Panthera onca,Panthera onca,Panthera onca,Panthera onca,Leopardus guttulus,Leopardus guttulus,Panthera onca,Panthera onca,Panthera onca,Panthera onca,Panthera,Felidae,6,Crítico
2016,Panthera onca,Panthera onca,Panthera onca,Leopardus guttulus,Leopardus guttulus,Panthera onca,Leopardus guttulus,Leopardus guttulus,Panthera onca,Panthera onca,Panthera onca,Panthera onca,Panthera,Felidae,6,Crítico
2017,Panthera onca,Panthera onca,Panthera onca,Alouatta guariba,Alouatta guariba,Panthera onca,Leopardus guttulus,Eira barbara,Panthera onca,Panthera onca,Panthera onca,Panthera onca,Panthera,Felidae,6,Crítico
2018,Panthera onca,Panthera onca,Panthera onca,Panthera onca,Panthera onca,Panthera onca,Leopardus guttulus,Leopardus wiedii,Panthera onca,Panthera onca,Panthera onca,Panthera onca,Panthera,Felidae,6,Crítico
2019,Panthera onca,Panthera onca,Panthera onca,Panthera onca,Leopardus guttulus,Panthera onca,Leopardus guttulus,Leopardus guttulus,Panthera onca,Panthera onca,Panthera onca,Panthera onca,Panthera,Felidae,6,Crítico
2020,Panthera onca,Panthera onca,Leopardus pardalis,Panthera onca,Panthera onca,Panthera onca,Leopardus guttulus,Panthera onca,Leopardus pardalis,Leopardus pardalis,Leopardus pardalis,Panthera onca,Panthera,Felidae,6,Crítico
2021,Panthera onca,Leopardus guttulus,Panthera onca,Dasyprocta azarae,Leopardus guttulus,Panthera onca,Leopardus guttulus,Eira barbara,Panthera onca,Panthera onca,Panthera onca,Leopardus guttulus,Panthera,Felidae,6,Crítico
2022,Panthera onca,Panthera onca,Panthera onca,Panthera onca,Panthera onca,Panthera onca,Leopardus guttulus,Panthera onca,Panthera onca,Panthera onca,Panthera onca,Panthera onca,Panthera,Felidae,6,Crítico
2023,Panthera onca,Panthera onca,Panthera onca,Panthera onca,Panthera onca,Panthera onca,Leopardus guttulus,Panthera onca,Panthera onca,Panthera onca,Panthera onca,Panthera onca,Panthera,Felidae,6,Crítico
2025,Panthera onca,Panthera onca,Panthera onca,Leopardus guttulus,Leopardus guttulus,Panthera onca,Leopardus guttulus,Leopardus guttulus,Panthera onca,Panthera onca,Panthera onca,Panthera onca,Panthera,Felidae,6,Crítico
2026,Panthera onca,Panthera onca,Panthera onca,Panthera onca,Panthera onca,Panthera onca,Leopardus guttulus,Panthera onca,Panthera onca,Panthera onca,Panthera onca,Panthera onca,Panthera,Felidae,6,Crítico
2027,Panthera onca,Panthera onca,Panthera onca,Panthera onca,Leopardus guttulus,Panthera onca,Leopardus guttulus,Panthera onca,Panthera onca,Panthera onca,Panthera onca,Panthera onca,Panthera,Felidae,6,Crítico
2028,Panthera onca,Panthera onca,Panthera onca,Panthera onca,Panthera onca,Panthera onca,Leopardus guttulus,Panthera onca,Panthera onca,Panthera onca,Panthera onca,Panthera onca,Panthera,Felidae,6,Crítico
2029,Panthera onca,Panthera onca,Panthera onca,Leopardus pardalis,Panthera onca,Panthera onca,Leopardus guttulus,Panthera onca,Panthera onca,Panthera onca,Panthera onca,Panthera onca,Panthera,Felidae,6,Crítico
2030,Panthera onca,Panthera onca,Leopardus pardalis mitis,Leopardus pardalis mitis,Leopardus guttulus,Panthera onca,Leopardus guttulus,Leopardus wiedii,Leopardus pardalis mitis,Leopardus pardalis mitis,Leopardus pardalis mitis,Panthera onca,Panthera,Felidae,6,Crítico
2031,Panthera onca,Panthera onca,Panthera onca,Panthera onca,Panthera onca,Panthera onca,Leopardus guttulus,Panthera onca,Panthera onca,Panthera onca,Panthera onca,Panthera onca,Panthera,Felidae,6,Crítico
2032,Panthera onca,Panthera onca,Panthera onca,Panthera onca,Panthera onca,Panthera onca,Leopardus guttulus,Panthera onca,Panthera onca,Panthera onca,Panthera onca,Panthera onca,Panthera,Felidae,6,Crítico
2033,Panthera onca,Panthera onca,Panthera onca,Panthera onca,Panthera onca,Panthera onca,Leopardus guttulus,Panthera onca,Panthera onca,Panthera onca,Panthera onca,Panthera onca,Panthera,Felidae,6,Crítico
2034,Panthera onca,Panthera onca,Panthera onca,Panthera onca,Panthera onca,Panthera onca,Leopardus guttulus,Sus scrofa,Panthera onca,Panthera onca,Panthera onca,Panthera onca,Panthera,Felidae,6,Crítico
2036,Panthera onca,Panthera onca,Panthera onca,Panthera onca,Panthera onca,Panthera onca,Leopardus guttulus,Panthera onca,Panthera onca,Panthera onca,Panthera onca,Panthera onca,Panthera,Felidae,6,Crítico
2037,Panthera onca,Panthera onca,Leopardus guttulus,Axis axis,Leopardus guttulus,Nothura maculosa,Leopardus guttulus,Leopardus guttulus,Leopardus guttulus,Leopardus guttulus,Leopardus guttulus,Panthera onca,Panthera,Felidae,6,Crítico
2038,Panthera onca,Lepus europaeus,Nothura maculosa,Lepus europaeus,Axis axis,Lepus europaeus,Lepus europaeus,Lepus europaeus,Nothura maculosa,Nothura maculosa,Nothura maculosa,Lepus europaeus,Panthera,Felidae,6,Crítico
2042,Puma concolor,Puma concolor,Cuniculus paca,Cuniculus paca,Cuniculus paca,Cerdocyon thous,Cerdocyon thous,Leopardus guttulus,Cuniculus paca,Cuniculus paca,Cuniculus paca,Puma concolor,Puma,Felidae,2,Bajo
2044,Puma concolor,Puma concolor,Panthera onca,Dasyprocta azarae,Crypturellus tataupa,Cerdocyon thous,Cerdocyon thous,Eira barbara,Panthera onca,Panthera onca,Panthera onca,Puma concolor,Puma,Felidae,2,Bajo
2045,Puma concolor,Puma concolor,Panthera onca,Crypturellus tataupa,Crypturellus tataupa,Leopardus guttulus,Leopardus guttulus,Panthera onca,Panthera onca,Panthera onca,Panthera onca,Puma concolor,Puma,Felidae,2,Bajo
2046,Puma concolor,Puma concolor,Panthera onca,Crypturellus tataupa,Crypturellus tataupa,Puma concolor concolor,Leopardus guttulus,Eira barbara,Panthera onca,Panthera onca,Panthera onca,Puma concolor,Puma,Felidae,2,Bajo
2047,Puma concolor,Puma concolor,Puma concolor,Leopardus guttulus,Leopardus guttulus,Puma concolor,Leopardus guttulus,Galictis cuja,Puma concolor,Puma concolor,Puma concolor,Puma concolor,Puma,Felidae,2,Bajo
2048,Puma concolor,Herpailurus yagouaroundi,Sapajus nigritus,Herpailurus yagouaroundi,Didelphis aurita,Hydrochoerus hydrochaeris,Dasyprocta azarae,Leopardus wiedii,Sapajus nigritus,Sapajus nigritus,Sapajus nigritus,Herpailurus yagouaroundi,Puma,Felidae,2,Bajo
2049,Puma concolor,Puma concolor,Leopardus wiedii,Leopardus wiedii,Leopardus wiedii,Leopardus guttulus,Leopardus guttulus,Leopardus guttulus,Leopardus wiedii,Leopardus wiedii,Leopardus wiedii,Puma concolor,Puma,Felidae,2,Bajo
2051,Puma concolor,Tamandua tetradactyla,Cerdocyon thous,Cerdocyon thous,Cerdocyon thous,Canis familiaris,Cerdocyon thous,Leopardus wiedii,Cerdocyon thous,Cerdocyon thous,Cerdocyon thous,Herpailurus yagouaroundi,Puma,Felidae,2,Bajo
2052,Puma concolor,Puma concolor concolor,Leopardus guttulus,Herpailurus yagouaroundi,Herpailurus yagouaroundi,Puma concolor concolor,Cerdocyon thous,Leopardus guttulus,Leopardus guttulus,Leopardus guttulus,Leopardus guttulus,Puma concolor concolor,Puma,Felidae,2,Bajo
2053,Puma concolor,Puma concolor,Cuniculus paca,Cuniculus paca,Cerdocyon thous,Puma concolor,Cerdocyon thous,Leopardus guttulus,Cuniculus paca,Cuniculus paca,Cuniculus paca,Puma concolor,Puma,Felidae,2,Bajo
2054,Puma concolor,Puma concolor,Puma concolor,Cerdocyon thous,Cabassous tatouay,Cerdocyon thous,Cerdocyon thous,Cerdocyon thous,Puma concolor,Puma concolor,Puma concolor,Puma concolor,Puma,Felidae,2,Bajo
2055,Puma concolor,Puma concolor,Leopardus guttulus,Leopardus guttulus,Cabassous tatouay,Lycalopex gymnocerca,Cerdocyon thous,Leopardus guttulus,Leopardus guttulus,Leopardus guttulus,Leopardus guttulus,Puma concolor,Puma,Felidae,2,Bajo
2056,Puma concolor,Puma concolor,Leopardus guttulus,Cuniculus paca,Cuniculus paca,Subulo gouazoubira,Leopardus guttulus,Leopardus guttulus,Leopardus guttulus,Leopardus guttulus,Leopardus guttulus,Puma concolor,Puma,Felidae,2,Bajo
2059,Puma concolor concolor,Leopardus wiedii,Puma concolor,Cerdocyon thous,Cerdocyon thous,Cerdocyon thous,Leopardus guttulus,Leopardus guttulus,Puma concolor,Puma concolor,Puma concolor,Leopardus wiedii,Puma,Felidae,2,Bajo
2061,Puma concolor concolor,Cerdocyon thous,Leopardus guttulus,Leopardus guttulus,Leopardus guttulus,Lontra longicaudis,Cerdocyon thous,Sylvilagus brasiliensis,Leopardus guttulus,Leopardus guttulus,Leopardus guttulus,Puma concolor concolor,Puma,Felidae,2,Bajo
2062,Puma concolor concolor,Puma concolor concolor,Puma concolor,Leopardus guttulus,Puma concolor concolor,Puma concolor concolor,Leopardus guttulus,Cerdocyon thous,Puma concolor,Puma concolor,Puma concolor,Puma concolor concolor,Puma,Felidae,2,Bajo
2063,Chamaeza campanisona,Chamaeza campanisona,Myiothlypis leucoblephara,Dasypus novemcinctus,Dasypus novemcinctus,Myiothlypis leucoblephara,Myiothlypis leucoblephara,Salvator merianae,Myiothlypis leucoblephara,Myiothlypis leucoblephara,Myiothlypis leucoblephara,Chamaeza campanisona,Chamaeza,Formicariidae,1,Bajo
2065,Chamaeza campanisona,Chamaeza campanisona,Chamaeza campanisona,Chamaeza campanisona,Chamaeza campanisona,Chamaeza campanisona,Odontophorus capueira,Odontophorus capueira,Chamaeza campanisona,Chamaeza campanisona,Chamaeza campanisona,Odontophorus capueira,Chamaeza,Formicariidae,1,Bajo
2066,Chamaeza campanisona,Turdus rufiventris,Crypturellus obsoletus,Crypturellus obsoletus,Crypturellus obsoletus,Nothura maculosa,Turdus rufiventris,Subulo gouazoubira,Crypturellus obsoletus,Crypturellus obsoletus,Crypturellus obsoletus,Turdus rufiventris,Chamaeza,Formicariidae,1,Bajo
2067,Chamaeza campanisona,Grallaria varia,Turdus albicollis,Turdus albicollis,Turdus albicollis,Turdus albicollis,Turdus albicollis,Turdus rufiventris,Turdus albicollis,Turdus albicollis,Turdus albicollis,Grallaria varia,Chamaeza,Formicariidae,1,Bajo
2068,Chamaeza campanisona,Chamaeza campanisona,Cerdocyon thous,Cerdocyon thous,Cerdocyon thous,Chamaeza campanisona,Hydropsalis torquata,Odontophorus capueira,Cerdocyon thous,Cerdocyon thous,Cerdocyon thous,Chamaeza campanisona,Chamaeza,Formicariidae,1,Bajo
2070,Chamaeza campanisona,Chamaeza campanisona,Geotrygon montana,Chamaeza campanisona,Chamaeza campanisona,Hypoedaleus guttatus,Hypoedaleus guttatus,Geotrygon montana,Geotrygon montana,Geotrygon montana,Geotrygon montana,Chamaeza campanisona,Chamaeza,Formicariidae,1,Bajo
2072,Chamaeza campanisona,Conopophaga lineata,Conopophaga lineata vulgaris,Conopophaga lineata,Conopophaga lineata,Chamaeza campanisona,Conopophaga lineata,Conopophaga lineata,Conopophaga lineata vulgaris,Conopophaga lineata vulgaris,Conopophaga lineata vulgaris,Conopophaga lineata,Chamaeza,Formicariidae,1,Bajo
2073,Chamaeza campanisona,Odontophorus capueira,Odontophorus capueira capueira,Odontophorus capueira,Odontophorus capueira,Odontophorus capueira,Odontophorus capueira,Crypturellus obsoletus,Odontophorus capueira capueira,Odontophorus capueira capueira,Odontophorus capueira capueira,Odontophorus capueira,Chamaeza,Formicariidae,1,Bajo
2074,Chamaeza campanisona,Odontophorus capueira,Nyctidromus albicollis,Chamaeza campanisona,Chamaeza campanisona,Chamaeza campanisona,Hydropsalis torquata,Odontophorus capueira,Nyctidromus albicollis,Nyctidromus albicollis,Nyctidromus albicollis,Odontophorus capueira,Chamaeza,Formicariidae,1,Bajo
2075,Chamaeza campanisona,Chamaeza campanisona,Habia rubica,Habia rubica,Conopophaga lineata,Chamaeza campanisona,Conopophaga lineata,Habia rubica,Habia rubica,Habia rubica,Habia rubica,Chamaeza campanisona,Chamaeza,Formicariidae,1,Bajo
2076,Chamaeza campanisona,Cryptopezus nattereri,Cryptopezus nattereri,Cryptopezus nattereri,Cryptopezus nattereri,Mackenziaena leachii,Hypoedaleus guttatus,Hypoedaleus guttatus,Cryptopezus nattereri,Cryptopezus nattereri,Cryptopezus nattereri,Cryptopezus nattereri,Chamaeza,Formicariidae,1,Bajo
2077,Chamaeza campanisona,Grallaria varia,Penelope superciliaris,Conopophaga lineata vulgaris,Conopophaga lineata vulgaris,Chamaeza campanisona,Myiothlypis leucoblephara,Myiothlypis leucoblephara,Penelope superciliaris,Penelope superciliaris,Penelope superciliaris,Grallaria varia,Chamaeza,Formicariidae,1,Bajo
2078,Chamaeza campanisona,Conopophaga lineata,Conopophaga lineata,Conopophaga lineata,Conopophaga lineata,Chamaeza campanisona,Conopophaga lineata,Chamaeza campanisona,Conopophaga lineata,Conopophaga lineata,Conopophaga lineata,Conopophaga lineata,Chamaeza,Formicariidae,1,Bajo
2080,Chamaeza campanisona,Myiothlypis leucoblephara,Turdus albicollis,Geotrygon montana,Myiothlypis leucoblephara,Myiothlypis leucoblephara,Myiothlypis leucoblephara,Hypoedaleus guttatus,Turdus albicollis,Turdus albicollis,Turdus albicollis,Conopophaga lineata vulgaris,Chamaeza,Formicariidae,1,Bajo
2081,Chamaeza campanisona,Grallaria varia,Chamaeza campanisona,Chamaeza campanisona,Crypturellus tataupa,Nothura maculosa,Odontophorus capueira,Chamaeza campanisona,Chamaeza campanisona,Chamaeza campanisona,Chamaeza campanisona,Grallaria varia,Chamaeza,Formicariidae,1,Bajo
2082,Chamaeza campanisona,Conopophaga lineata,Conopophaga lineata,Conopophaga lineata,Conopophaga lineata,Chamaeza campanisona,Conopophaga lineata,Conopophaga lineata,Conopophaga lineata,Conopophaga lineata,Conopophaga lineata,Conopophaga lineata,Chamaeza,Formicariidae,1,Bajo
2083,Chamaeza campanisona,Hypoedaleus guttatus,Hypoedaleus guttatus,Hypoedaleus guttatus,Biatas nigropectus,Hypoedaleus guttatus,Hypoedaleus guttatus,Hypoedaleus guttatus,Hypoedaleus guttatus,Hypoedaleus guttatus,Hypoedaleus guttatus,Hypoedaleus guttatus,Chamaeza,Formicariidae,1,Bajo
2084,Chamaeza campanisona,Conopophaga lineata,Conopophaga lineata,Conopophaga lineata,Conopophaga lineata,Conopophaga lineata,Conopophaga lineata,Conopophaga lineata,Conopophaga lineata,Conopophaga lineata,Conopophaga lineata,Conopophaga lineata,Chamaeza,Formicariidae,1,Bajo
2085,Chamaeza campanisona,Hypoedaleus guttatus,Hypoedaleus guttatus,Chamaeza campanisona,Hypoedaleus guttatus,Hypoedaleus guttatus,Hypoedaleus guttatus,Hypoedaleus guttatus,Hypoedaleus guttatus,Hypoedaleus guttatus,Hypoedaleus guttatus,Hypoedaleus guttatus,Chamaeza,Formicariidae,1,Bajo
2086,Chamaeza campanisona,Hypoedaleus guttatus,Hypoedaleus guttatus,Hypoedaleus guttatus,Hypoedaleus guttatus,Hypoedaleus guttatus,Hypoedaleus guttatus,Hypoedaleus guttatus,Hypoedaleus guttatus,Hypoedaleus guttatus,Hypoedaleus guttatus,Hypoedaleus guttatus,Chamaeza,Formicariidae,1,Bajo
2087,Chamaeza campanisona,Chamaeza campanisona,Turdus albicollis,Conopophaga lineata,Turdus albicollis,Chamaeza campanisona,Turdus albicollis,Baryphthengus ruficapillus,Turdus albicollis,Turdus albicollis,Turdus albicollis,Chamaeza campanisona,Chamaeza,Formicariidae,1,Bajo
2089,Chamaeza campanisona,Hypoedaleus guttatus,Hypoedaleus guttatus,Hypoedaleus guttatus,Hypoedaleus guttatus,Hypoedaleus guttatus,Hypoedaleus guttatus,Hypoedaleus guttatus,Hypoedaleus guttatus,Hypoedaleus guttatus,Hypoedaleus guttatus,Hypoedaleus guttatus,Chamaeza,Formicariidae,1,Bajo
2090,Chamaeza campanisona,Puma concolor,Leptotila verreauxi,Crypturellus tataupa,Aramides saracura,Crypturellus tataupa,Dasyprocta azarae,Dasyprocta azarae,Leptotila verreauxi,Leptotila verreauxi,Leptotila verreauxi,Puma concolor,Chamaeza,Formicariidae,1,Bajo
2092,Chamaeza campanisona,Chamaeza campanisona,Odontophorus capueira capueira,Geotrygon montana,Chamaeza campanisona,Chamaeza campanisona,Hypoedaleus guttatus,Crypturellus tataupa,Odontophorus capueira capueira,Odontophorus capueira capueira,Odontophorus capueira capueira,Odontophorus capueira capueira,Chamaeza,Formicariidae,1,Bajo
2093,Chamaeza campanisona,Conopophaga lineata,Conopophaga lineata,Conopophaga lineata,Conopophaga lineata,Conopophaga lineata,Conopophaga lineata,Conopophaga lineata,Conopophaga lineata,Conopophaga lineata,Conopophaga lineata,Cryptopezus nattereri,Chamaeza,Formicariidae,1,Bajo
2095,Chamaeza campanisona,Hydropsalis torquata,Nyctidromus albicollis,Hypoedaleus guttatus,Conopophaga lineata,Hypoedaleus guttatus,Hypoedaleus guttatus,Mackenziaena leachii,Nyctidromus albicollis,Nyctidromus albicollis,Nyctidromus albicollis,Hydropsalis torquata,Chamaeza,Formicariidae,1,Bajo
2096,Chamaeza campanisona,Pyriglena leucoptera,Myiothlypis leucoblephara,Conopophaga lineata vulgaris,Conopophaga lineata vulgaris,Hypoedaleus guttatus,Pyriglena leucoptera,Hypoedaleus guttatus,Myiothlypis leucoblephara,Myiothlypis leucoblephara,Myiothlypis leucoblephara,Pyriglena leucoptera,Chamaeza,Formicariidae,1,Bajo
2097,Chamaeza campanisona,Chamaeza campanisona,Turdus albicollis,Conopophaga lineata,Conopophaga lineata,Chamaeza campanisona,Hypoedaleus guttatus,Conopophaga lineata,Turdus albicollis,Turdus albicollis,Turdus albicollis,Turdus albicollis,Chamaeza,Formicariidae,1,Bajo
2098,Chamaeza campanisona,Conopophaga lineata,Conopophaga lineata,Conopophaga lineata,Conopophaga lineata,Chamaeza campanisona,Conopophaga lineata,Conopophaga lineata,Conopophaga lineata,Conopophaga lineata,Conopophaga lineata,Conopophaga lineata,Chamaeza,Formicariidae,1,Bajo
2099,Chamaeza campanisona,Cryptopezus nattereri,Cryptopezus nattereri,Conopophaga lineata,Cryptopezus nattereri,Chamaeza campanisona,Turdus albicollis,Conopophaga lineata,Cryptopezus nattereri,Cryptopezus nattereri,Cryptopezus nattereri,Cryptopezus nattereri,Chamaeza,Formicariidae,1,Bajo
2100,Chamaeza campanisona,Chamaeza campanisona,Chamaeza campanisona,Chamaeza campanisona,Conopophaga lineata,Chamaeza campanisona,Chamaeza campanisona,Subulo gouazoubira,Chamaeza campanisona,Chamaeza campanisona,Chamaeza campanisona,Chamaeza campanisona,Chamaeza,Formicariidae,1,Bajo
2101,Chamaeza campanisona,Hypoedaleus guttatus,Chamaeza campanisona,Chamaeza campanisona,Chamaeza campanisona,Hypoedaleus guttatus,Hypoedaleus guttatus,Baryphthengus ruficapillus,Chamaeza campanisona,Chamaeza campanisona,Chamaeza campanisona,Hypoedaleus guttatus,Chamaeza,Formicariidae,1,Bajo
2102,Synallaxis ruficapilla,Synallaxis ruficapilla,Synallaxis ruficapilla,Habia rubica,Habia rubica,Habia rubica,Habia rubica,Habia rubica,Synallaxis ruficapilla,Synallaxis ruficapilla,Synallaxis ruficapilla,Synallaxis ruficapilla,Synallaxis,Furnariidae,3,Medio
2103,Synallaxis ruficapilla,Turdus rufiventris,Conopophaga lineata vulgaris,Conopophaga lineata vulgaris,Myiothlypis leucoblephara,Turdus rufiventris,Turdus rufiventris,Conopophaga lineata,Conopophaga lineata vulgaris,Conopophaga lineata vulgaris,Conopophaga lineata vulgaris,Turdus rufiventris,Synallaxis,Furnariidae,3,Medio
2104,Synallaxis ruficapilla,Synallaxis ruficapilla,Conopophaga lineata,Synallaxis ruficapilla,Conopophaga lineata,Synallaxis ruficapilla,Conopophaga lineata,Synallaxis ruficapilla,Conopophaga lineata,Conopophaga lineata,Conopophaga lineata,Synallaxis ruficapilla,Synallaxis,Furnariidae,3,Medio
2105,Synallaxis ruficapilla,Synallaxis ruficapilla,Synallaxis ruficapilla,Synallaxis ruficapilla,Habia rubica,Synallaxis ruficapilla,Conopophaga lineata,Habia rubica,Synallaxis ruficapilla,Synallaxis ruficapilla,Synallaxis ruficapilla,Synallaxis ruficapilla,Synallaxis,Furnariidae,3,Medio
2107,Synallaxis ruficapilla,Pyriglena leucoptera,Habia rubica,Habia rubica,Habia rubica,Turdus albicollis,Hypoedaleus guttatus,Nyctidromus albicollis,Habia rubica,Habia rubica,Habia rubica,Pyriglena leucoptera,Synallaxis,Furnariidae,3,Medio
2108,Synallaxis ruficapilla,Hypoedaleus guttatus,Pyriglena leucoptera,Habia rubica,Habia rubica,Pyriglena leucoptera,Hypoedaleus guttatus,Pyriglena leucoptera,Pyriglena leucoptera,Pyriglena leucoptera,Pyriglena leucoptera,Hypoedaleus guttatus,Synallaxis,Furnariidae,3,Medio
2110,Synallaxis ruficapilla,Pyriglena leucoptera,Habia rubica,Habia rubica,Conopophaga lineata,Habia rubica,Pyriglena leucoptera,Mackenziaena severa,Habia rubica,Habia rubica,Habia rubica,Pyriglena leucoptera,Synallaxis,Furnariidae,3,Medio
2112,Synallaxis ruficapilla,Synallaxis ruficapilla,Synallaxis ruficapilla,Synallaxis ruficapilla,Synallaxis ruficapilla,Synallaxis ruficapilla,Synallaxis ruficapilla,Synallaxis ruficapilla,Synallaxis ruficapilla,Synallaxis ruficapilla,Synallaxis ruficapilla,Synallaxis ruficapilla,Synallaxis,Furnariidae,3,Medio
2114,Synallaxis ruficapilla,Myiothlypis leucoblephara,Turdus albicollis,Myiothlypis leucoblephara,Habia rubica,Myiothlypis leucoblephara,Pyriglena leucoptera,Myiothlypis leucoblephara,Turdus albicollis,Turdus albicollis,Turdus albicollis,Myiothlypis leucoblephara,Synallaxis,Furnariidae,3,Medio
2115,Synallaxis ruficapilla,Hypoedaleus guttatus,Habia rubica,Habia rubica,Conopophaga lineata,Hypoedaleus guttatus,Hypoedaleus guttatus,Habia rubica,Habia rubica,Habia rubica,Habia rubica,Hypoedaleus guttatus,Synallaxis,Furnariidae,3,Medio
2116,Synallaxis ruficapilla,Synallaxis ruficapilla,Synallaxis ruficapilla,Synallaxis ruficapilla,Conopophaga lineata,Synallaxis ruficapilla,Synallaxis ruficapilla,Habia rubica,Synallaxis ruficapilla,Synallaxis ruficapilla,Synallaxis ruficapilla,Synallaxis ruficapilla,Synallaxis,Furnariidae,3,Medio
2118,Synallaxis ruficapilla,Synallaxis ruficapilla,Synallaxis ruficapilla,Synallaxis ruficapilla,Synallaxis ruficapilla,Synallaxis ruficapilla,Baryphthengus ruficapillus,Synallaxis ruficapilla,Synallaxis ruficapilla,Synallaxis ruficapilla,Synallaxis ruficapilla,Synallaxis ruficapilla,Synallaxis,Furnariidae,3,Medio
2119,Synallaxis ruficapilla,Synallaxis ruficapilla,Synallaxis ruficapilla,Synallaxis ruficapilla,Synallaxis ruficapilla,Synallaxis ruficapilla,Synallaxis ruficapilla,Synallaxis ruficapilla,Synallaxis ruficapilla,Synallaxis ruficapilla,Synallaxis ruficapilla,Synallaxis ruficapilla,Synallaxis,Furnariidae,3,Medio
2122,Synallaxis ruficapilla,Synallaxis ruficapilla,Conopophaga lineata,Synallaxis ruficapilla,Synallaxis ruficapilla,Synallaxis ruficapilla,Synallaxis ruficapilla,Synallaxis ruficapilla,Conopophaga lineata,Conopophaga lineata,Conopophaga lineata,Synallaxis ruficapilla,Synallaxis,Furnariidae,3,Medio
2123,Synallaxis ruficapilla,Synallaxis ruficapilla,Conopophaga lineata,Synallaxis ruficapilla,Synallaxis ruficapilla,Synallaxis ruficapilla,Synallaxis ruficapilla,Synallaxis ruficapilla,Conopophaga lineata,Conopophaga lineata,Conopophaga lineata,Synallaxis ruficapilla,Synallaxis,Furnariidae,3,Medio
2124,Synallaxis ruficapilla,Herpailurus yagouaroundi,Leopardus pardalis,Didelphis aurita,Nyctidromus albicollis,Myiothlypis leucoblephara,Didelphis albiventris,Salvator merianae,Leopardus pardalis,Leopardus pardalis,Leopardus pardalis,Herpailurus yagouaroundi,Synallaxis,Furnariidae,3,Medio
2125,Synallaxis ruficapilla,Synallaxis ruficapilla,Synallaxis ruficapilla,Synallaxis ruficapilla,Synallaxis ruficapilla,Synallaxis ruficapilla,Conopophaga lineata,Synallaxis ruficapilla,Synallaxis ruficapilla,Synallaxis ruficapilla,Synallaxis ruficapilla,Synallaxis ruficapilla,Synallaxis,Furnariidae,3,Medio
2126,Synallaxis ruficapilla,Pyriglena leucoptera,Synallaxis ruficapilla,Habia rubica,Conopophaga lineata vulgaris,Synallaxis ruficapilla,Pyriglena leucoptera,Synallaxis ruficapilla,Synallaxis ruficapilla,Synallaxis ruficapilla,Synallaxis ruficapilla,Pyriglena leucoptera,Synallaxis,Furnariidae,3,Medio
2127,Synallaxis ruficapilla,Pyriglena leucoptera,Habia rubica,Habia rubica,Conopophaga lineata,Habia rubica,Hypoedaleus guttatus,Pyriglena leucoptera,Habia rubica,Habia rubica,Habia rubica,Pyriglena leucoptera,Synallaxis,Furnariidae,3,Medio
2128,Synallaxis ruficapilla,Nyctidromus albicollis,Salvator merianae,Crypturellus obsoletus,Crypturellus obsoletus,Mackenziaena severa,Salvator merianae,Nyctidromus albicollis,Salvator merianae,Salvator merianae,Salvator merianae,Nyctidromus albicollis,Synallaxis,Furnariidae,3,Medio
2129,Synallaxis ruficapilla,Synallaxis ruficapilla,Synallaxis ruficapilla,Synallaxis ruficapilla,Synallaxis ruficapilla,Synallaxis ruficapilla,Synallaxis ruficapilla,Synallaxis ruficapilla,Synallaxis ruficapilla,Synallaxis ruficapilla,Synallaxis ruficapilla,Synallaxis ruficapilla,Synallaxis,Furnariidae,3,Medio
2130,Synallaxis ruficapilla,Synallaxis ruficapilla,Synallaxis ruficapilla,Synallaxis ruficapilla,Synallaxis ruficapilla,Synallaxis ruficapilla,Habia rubica,Synallaxis ruficapilla,Synallaxis ruficapilla,Synallaxis ruficapilla,Synallaxis ruficapilla,Synallaxis ruficapilla,Synallaxis,Furnariidae,3,Medio
2131,Synallaxis ruficapilla,Synallaxis ruficapilla,Synallaxis ruficapilla,Synallaxis ruficapilla,Synallaxis ruficapilla,Synallaxis ruficapilla,Synallaxis ruficapilla,Synallaxis ruficapilla,Synallaxis ruficapilla,Synallaxis ruficapilla,Synallaxis ruficapilla,Synallaxis ruficapilla,Synallaxis,Furnariidae,3,Medio
2132,Synallaxis ruficapilla,Synallaxis ruficapilla,Synallaxis ruficapilla,Synallaxis ruficapilla,Synallaxis ruficapilla,Synallaxis ruficapilla,Synallaxis ruficapilla,Synallaxis ruficapilla,Synallaxis ruficapilla,Synallaxis ruficapilla,Synallaxis ruficapilla,Synallaxis ruficapilla,Synallaxis,Furnariidae,3,Medio
2133,Synallaxis ruficapilla,Conopophaga lineata,Turdus albicollis,Turdus albicollis,Turdus albicollis,Conopophaga lineata,Conopophaga lineata,Mackenziaena leachii,Turdus albicollis,Turdus albicollis,Turdus albicollis,Conopophaga lineata,Synallaxis,Furnariidae,3,Medio
2134,Synallaxis ruficapilla,Myiothlypis leucoblephara,Pyriglena leucoptera,Leopardus pardalis,Didelphis albiventris,Baryphthengus ruficapillus,Myiothlypis leucoblephara,Baryphthengus ruficapillus,Pyriglena leucoptera,Pyriglena leucoptera,Pyriglena leucoptera,Myiothlypis leucoblephara,Synallaxis,Furnariidae,3,Medio
2135,Synallaxis ruficapilla,Synallaxis ruficapilla,Synallaxis ruficapilla,Synallaxis ruficapilla,Synallaxis ruficapilla,Synallaxis ruficapilla,Synallaxis ruficapilla,Synallaxis ruficapilla,Synallaxis ruficapilla,Synallaxis ruficapilla,Synallaxis ruficapilla,Synallaxis ruficapilla,Synallaxis,Furnariidae,3,Medio
2136,Synallaxis ruficapilla,Synallaxis ruficapilla,Synallaxis ruficapilla,Synallaxis ruficapilla,Synallaxis ruficapilla,Synallaxis ruficapilla,Synallaxis ruficapilla,Synallaxis ruficapilla,Synallaxis ruficapilla,Synallaxis ruficapilla,Synallaxis ruficapilla,Synallaxis ruficapilla,Synallaxis,Furnariidae,3,Medio
2137,Synallaxis ruficapilla,Conopophaga lineata,Synallaxis ruficapilla,Conopophaga lineata,Conopophaga lineata,Synallaxis ruficapilla,Conopophaga lineata,Myiothlypis leucoblephara,Synallaxis ruficapilla,Synallaxis ruficapilla,Synallaxis ruficapilla,Conopophaga lineata,Synallaxis,Furnariidae,3,Medio
2139,Synallaxis ruficapilla,Pyriglena leucoptera,Myiothlypis leucoblephara,Habia rubica,Synallaxis ruficapilla,Biatas nigropectus,Turdus albicollis,Myiothlypis leucoblephara,Myiothlypis leucoblephara,Myiothlypis leucoblephara,Myiothlypis leucoblephara,Pyriglena leucoptera,Synallaxis,Furnariidae,3,Medio
2140,Synallaxis ruficapilla,Synallaxis ruficapilla,Synallaxis ruficapilla,Synallaxis ruficapilla,Synallaxis ruficapilla,Synallaxis ruficapilla,Synallaxis ruficapilla,Synallaxis ruficapilla,Synallaxis ruficapilla,Synallaxis ruficapilla,Synallaxis ruficapilla,Synallaxis ruficapilla,Synallaxis,Furnariidae,3,Medio
2142,Synallaxis ruficapilla,Alouatta guariba,Habia rubica,Habia rubica,Biatas nigropectus,Alouatta guariba,Hypoedaleus guttatus,Sapajus nigritus,Habia rubica,Habia rubica,Habia rubica,Alouatta guariba,Synallaxis,Furnariidae,3,Medio
2143,Synallaxis ruficapilla,Habia rubica,Habia rubica,Habia rubica,Conopophaga lineata vulgaris,Habia rubica,Habia rubica,Leptotila rufaxilla,Habia rubica,Habia rubica,Habia rubica,Habia rubica,Synallaxis,Furnariidae,3,Medio
2144,Synallaxis ruficapilla,Conopophaga lineata,Conopophaga lineata vulgaris,Conopophaga lineata vulgaris,Conopophaga lineata,Conopophaga lineata,Conopophaga lineata,Conopophaga lineata,Conopophaga lineata vulgaris,Conopophaga lineata vulgaris,Conopophaga lineata vulgaris,Conopophaga lineata,Synallaxis,Furnariidae,3,Medio
2145,Synallaxis ruficapilla,Conopophaga lineata vulgaris,Conopophaga lineata vulgaris,Conopophaga lineata,Conopophaga lineata,Synallaxis ruficapilla,Habia rubica,Conopophaga lineata,Conopophaga lineata vulgaris,Conopophaga lineata vulgaris,Conopophaga lineata vulgaris,Conopophaga lineata vulgaris,Synallaxis,Furnariidae,3,Medio
2146,Synallaxis ruficapilla,Pyriglena leucoptera,Conopophaga lineata,Conopophaga lineata,Habia rubica,Pyriglena leucoptera,Pyriglena leucoptera,Pyriglena leucoptera,Conopophaga lineata,Conopophaga lineata,Conopophaga lineata,Pyriglena leucoptera,Synallaxis,Furnariidae,3,Medio
2148,Synallaxis ruficapilla,Synallaxis ruficapilla,Synallaxis ruficapilla,Biatas nigropectus,Synallaxis ruficapilla,Synallaxis ruficapilla,Habia rubica,Synallaxis ruficapilla,Synallaxis ruficapilla,Synallaxis ruficapilla,Synallaxis ruficapilla,Synallaxis ruficapilla,Synallaxis,Furnariidae,3,Medio
2149,Synallaxis ruficapilla,Synallaxis ruficapilla,Synallaxis ruficapilla,Synallaxis ruficapilla,Synallaxis ruficapilla,Synallaxis ruficapilla,Synallaxis ruficapilla,Turdus albicollis,Synallaxis ruficapilla,Synallaxis ruficapilla,Synallaxis ruficapilla,Synallaxis ruficapilla,Synallaxis,Furnariidae,3,Medio
2150,Synallaxis ruficapilla,Baryphthengus ruficapillus,Myiothlypis leucoblephara,Habia rubica,Turdus albicollis,Baryphthengus ruficapillus,Baryphthengus ruficapillus,Leptotila verreauxi,Myiothlypis leucoblephara,Myiothlypis leucoblephara,Myiothlypis leucoblephara,Baryphthengus ruficapillus,Synallaxis,Furnariidae,3,Medio
2152,Synallaxis ruficapilla,Pyriglena leucoptera,Myiothlypis leucoblephara,Habia rubica,Conopophaga lineata,Conopophaga lineata,Turdus albicollis,Habia rubica,Myiothlypis leucoblephara,Myiothlypis leucoblephara,Myiothlypis leucoblephara,Pyriglena leucoptera,Synallaxis,Furnariidae,3,Medio
2153,Synallaxis ruficapilla,Synallaxis ruficapilla,Synallaxis ruficapilla,Synallaxis ruficapilla,Biatas nigropectus,Synallaxis ruficapilla,Synallaxis ruficapilla,Baryphthengus ruficapillus,Synallaxis ruficapilla,Synallaxis ruficapilla,Synallaxis ruficapilla,Synallaxis ruficapilla,Synallaxis,Furnariidae,3,Medio
2154,Synallaxis ruficapilla,Synallaxis ruficapilla,Synallaxis ruficapilla,Synallaxis ruficapilla,Synallaxis ruficapilla,Synallaxis ruficapilla,Synallaxis ruficapilla,Synallaxis ruficapilla,Synallaxis ruficapilla,Synallaxis ruficapilla,Synallaxis ruficapilla,Synallaxis ruficapilla,Synallaxis,Furnariidae,3,Medio
2155,Synallaxis ruficapilla,Synallaxis ruficapilla,Synallaxis ruficapilla,Synallaxis ruficapilla,Synallaxis ruficapilla,Synallaxis ruficapilla,Synallaxis ruficapilla,Synallaxis ruficapilla,Synallaxis ruficapilla,Synallaxis ruficapilla,Synallaxis ruficapilla,Synallaxis ruficapilla,Synallaxis,Furnariidae,3,Medio
2156,Synallaxis ruficapilla,Pyriglena leucoptera,Habia rubica,Conopophaga lineata vulgaris,Synallaxis ruficapilla,Biatas nigropectus,Turdus albicollis,Habia rubica,Habia rubica,Habia rubica,Habia rubica,Pyriglena leucoptera,Synallaxis,Furnariidae,3,Medio
2157,Synallaxis ruficapilla,Synallaxis ruficapilla,Synallaxis ruficapilla,Synallaxis ruficapilla,Synallaxis ruficapilla,Synallaxis ruficapilla,Synallaxis ruficapilla,Synallaxis ruficapilla,Synallaxis ruficapilla,Synallaxis ruficapilla,Synallaxis ruficapilla,Synallaxis ruficapilla,Synallaxis,Furnariidae,3,Medio
2158,Synallaxis ruficapilla,Pyriglena leucoptera,Baryphthengus ruficapillus,Baryphthengus ruficapillus,Alouatta guariba clamitans,Synallaxis ruficapilla,Baryphthengus ruficapillus,Aramides saracura,Baryphthengus ruficapillus,Baryphthengus ruficapillus,Baryphthengus ruficapillus,Conopophaga lineata vulgaris,Synallaxis,Furnariidae,3,Medio
2159,Synallaxis ruficapilla,Synallaxis ruficapilla,Synallaxis ruficapilla,Biatas nigropectus,Biatas nigropectus,Synallaxis ruficapilla,Synallaxis ruficapilla,Synallaxis ruficapilla,Synallaxis ruficapilla,Synallaxis ruficapilla,Synallaxis ruficapilla,Synallaxis ruficapilla,Synallaxis,Furnariidae,3,Medio
2160,Synallaxis ruficapilla,Pyriglena leucoptera,Habia rubica,Habia rubica,Conopophaga lineata,Synallaxis ruficapilla,Turdus albicollis,Synallaxis ruficapilla,Habia rubica,Habia rubica,Habia rubica,Pyriglena leucoptera,Synallaxis,Furnariidae,3,Medio
2161,Synallaxis ruficapilla,Synallaxis ruficapilla,Synallaxis ruficapilla,Synallaxis ruficapilla,Synallaxis ruficapilla,Synallaxis ruficapilla,Habia rubica,Synallaxis ruficapilla,Synallaxis ruficapilla,Synallaxis ruficapilla,Synallaxis ruficapilla,Synallaxis ruficapilla,Synallaxis,Furnariidae,3,Medio
2162,Synallaxis ruficapilla,Synallaxis ruficapilla,Synallaxis ruficapilla,Synallaxis ruficapilla,Synallaxis ruficapilla,Synallaxis ruficapilla,Synallaxis ruficapilla,Synallaxis ruficapilla,Synallaxis ruficapilla,Synallaxis ruficapilla,Synallaxis ruficapilla,Synallaxis ruficapilla,Synallaxis,Furnariidae,3,Medio
2163,Synallaxis ruficapilla,Habia rubica,Habia rubica,Habia rubica,Habia rubica,Habia rubica,Habia rubica,Biatas nigropectus,Habia rubica,Habia rubica,Habia rubica,Habia rubica,Synallaxis,Furnariidae,3,Medio
2166,Cryptopezus nattereri,Cryptopezus nattereri,Cryptopezus nattereri,Cryptopezus nattereri,Cryptopezus nattereri,Cryptopezus nattereri,Turdus albicollis,Cryptopezus nattereri,Cryptopezus nattereri,Cryptopezus nattereri,Cryptopezus nattereri,Cryptopezus nattereri,Cryptopezus,Grallariidae,5,Crítico
2168,Cryptopezus nattereri,Cryptopezus nattereri,Cryptopezus nattereri,Cryptopezus nattereri,Cryptopezus nattereri,Mackenziaena leachii,Turdus albicollis,Mackenziaena leachii,Cryptopezus nattereri,Cryptopezus nattereri,Cryptopezus nattereri,Cryptopezus nattereri,Cryptopezus,Grallariidae,5,Crítico
2169,Cryptopezus nattereri,Cryptopezus nattereri,Cryptopezus nattereri,Cryptopezus nattereri,Cryptopezus nattereri,Cryptopezus nattereri,Turdus albicollis,Cryptopezus nattereri,Cryptopezus nattereri,Cryptopezus nattereri,Cryptopezus nattereri,Cryptopezus nattereri,Cryptopezus,Grallariidae,5,Crítico
2170,Cryptopezus nattereri,Cryptopezus nattereri,Cryptopezus nattereri,Cryptopezus nattereri,Cryptopezus nattereri,Cryptopezus nattereri,Conopophaga lineata,Pogonotriccus eximius,Cryptopezus nattereri,Cryptopezus nattereri,Cryptopezus nattereri,Cryptopezus nattereri,Cryptopezus,Grallariidae,5,Crítico
2171,Grallaria varia,Cryptopezus nattereri,Cryptopezus nattereri,Cryptopezus nattereri,Cryptopezus nattereri,Turdus albicollis,Turdus albicollis,Aramides saracura,Cryptopezus nattereri,Cryptopezus nattereri,Cryptopezus nattereri,Cryptopezus nattereri,Grallaria,Grallariidae,3,Medio
2172,Grallaria varia,Chamaeza campanisona,Chamaeza campanisona,Chamaeza campanisona,Chamaeza campanisona,Nyctidromus albicollis,Hydropsalis torquata,Chamaeza campanisona,Chamaeza campanisona,Chamaeza campanisona,Chamaeza campanisona,Chamaeza campanisona,Grallaria,Grallariidae,3,Medio
2173,Grallaria varia,Biatas nigropectus,Hypoedaleus guttatus,Hypoedaleus guttatus,Biatas nigropectus,Biatas nigropectus,Pyriglena leucoptera,Nyctidromus albicollis,Hypoedaleus guttatus,Hypoedaleus guttatus,Hypoedaleus guttatus,Biatas nigropectus,Grallaria,Grallariidae,3,Medio
2174,Grallaria varia,Crypturellus tataupa,Leptotila verreauxi,Aramides saracura,Crypturellus tataupa,Crypturellus tataupa,Dasyprocta azarae,Dasyprocta azarae,Leptotila verreauxi,Leptotila verreauxi,Leptotila verreauxi,Crypturellus tataupa,Grallaria,Grallariidae,3,Medio
2177,Grallaria varia,Penelope superciliaris,Aramides saracura,Aramides saracura,Odontophorus capueira,Baryphthengus ruficapillus,Penelope superciliaris,Penelope superciliaris,Aramides saracura,Aramides saracura,Aramides saracura,Penelope superciliaris,Grallaria,Grallariidae,3,Medio
2178,Grallaria varia,Cryptopezus nattereri,Grallaria varia,Cryptopezus nattereri,Cryptopezus nattereri,Mackenziaena leachii,Odontophorus capueira,Mackenziaena leachii,Grallaria varia,Grallaria varia,Grallaria varia,Cryptopezus nattereri,Grallaria,Grallariidae,3,Medio
2180,Grallaria varia,Cryptopezus nattereri,Grallaria varia,Cryptopezus nattereri,Cryptopezus nattereri,Mackenziaena leachii,Odontophorus capueira,Mackenziaena leachii,Grallaria varia,Grallaria varia,Grallaria varia,Cryptopezus nattereri,Grallaria,Grallariidae,3,Medio
2181,Grallaria varia,Cryptopezus nattereri,Grallaria varia,Crypturellus tataupa,Chamaeza campanisona,Nothura maculosa,Aramides saracura,Turdus rufiventris,Grallaria varia,Grallaria varia,Grallaria varia,Cryptopezus nattereri,Grallaria,Grallariidae,3,Medio
2182,Grallaria varia,Grallaria varia,Leptotila rufaxilla,Salvator merianae,Salvator merianae,Mackenziaena severa,Hydropsalis torquata,Hydropsalis torquata,Leptotila rufaxilla,Leptotila rufaxilla,Leptotila rufaxilla,Grallaria varia,Grallaria,Grallariidae,3,Medio
2183,Grallaria varia,Hypoedaleus guttatus,Grallaria varia,Hypoedaleus guttatus,Hypoedaleus guttatus,Hypoedaleus guttatus,Hypoedaleus guttatus,Pyriglena leucoptera,Grallaria varia,Grallaria varia,Grallaria varia,Hypoedaleus guttatus,Grallaria,Grallariidae,3,Medio
2184,Grallaria varia,Odontophorus capueira capueira,Grallaria varia,Cryptopezus nattereri,Cryptopezus nattereri,Chamaeza campanisona,Odontophorus capueira,Conopophaga lineata,Grallaria varia,Grallaria varia,Grallaria varia,Cryptopezus nattereri,Grallaria,Grallariidae,3,Medio
2185,Grallaria varia,Hypoedaleus guttatus,Hypoedaleus guttatus,Hypoedaleus guttatus,Hypoedaleus guttatus,Hypoedaleus guttatus,Hypoedaleus guttatus,Hypoedaleus guttatus,Hypoedaleus guttatus,Hypoedaleus guttatus,Hypoedaleus guttatus,Hypoedaleus guttatus,Grallaria,Grallariidae,3,Medio
2186,Grallaria varia,Cryptopezus nattereri,Cryptopezus nattereri,Cryptopezus nattereri,Cryptopezus nattereri,Cryptopezus nattereri,Turdus albicollis,Grallaria varia,Cryptopezus nattereri,Cryptopezus nattereri,Cryptopezus nattereri,Cryptopezus nattereri,Grallaria,Grallariidae,3,Medio
2187,Grallaria varia,Cryptopezus nattereri,Grallaria varia,Conopophaga lineata vulgaris,Cryptopezus nattereri,Chamaeza campanisona,Hypoedaleus guttatus,Hypoedaleus guttatus,Grallaria varia,Grallaria varia,Grallaria varia,Cryptopezus nattereri,Grallaria,Grallariidae,3,Medio
2188,Grallaria varia,Cryptopezus nattereri,Grallaria varia,Conopophaga lineata,Conopophaga lineata,Mackenziaena leachii,Conopophaga lineata,Turdus albicollis,Grallaria varia,Grallaria varia,Grallaria varia,Cryptopezus nattereri,Grallaria,Grallariidae,3,Medio
2189,Grallaria varia,Grallaria varia,Conopophaga lineata vulgaris,Conopophaga lineata vulgaris,Conopophaga lineata vulgaris,Dasyprocta azarae,Pyriglena leucoptera,Eira barbara,Conopophaga lineata vulgaris,Conopophaga lineata vulgaris,Conopophaga lineata vulgaris,Grallaria varia,Grallaria,Grallariidae,3,Medio
2190,Lepus europaeus,Lepus europaeus,Lepus europaeus,Lepus europaeus,Lepus europaeus,Lepus europaeus,Lepus europaeus,Lepus europaeus,Lepus europaeus,Lepus europaeus,Lepus europaeus,Lepus europaeus,Lepus,Leporidae,0,Exótica/Invasora
2191,Lepus europaeus,Lepus europaeus,Lepus europaeus,Lepus europaeus,Lepus europaeus,Lepus europaeus,Lepus europaeus,Lepus europaeus,Lepus europaeus,Lepus europaeus,Lepus europaeus,Lepus europaeus,Lepus,Leporidae,0,Exótica/Invasora
2193,Lepus europaeus,Lepus europaeus,Lepus europaeus,Lepus europaeus,Lepus europaeus,Lepus europaeus,Lepus europaeus,Lepus europaeus,Lepus europaeus,Lepus europaeus,Lepus europaeus,Lepus europaeus,Lepus,Leporidae,0,Exótica/Invasora
2195,Lepus europaeus,Chamaeza campanisona,Nothura maculosa,Nothura maculosa,Nothura maculosa,Nothura maculosa,Aramides saracura,Nothura maculosa,Nothura maculosa,Nothura maculosa,Nothura maculosa,Chamaeza campanisona,Lepus,Leporidae,0,Exótica/Invasora
2197,Lepus europaeus,Lepus europaeus,Lepus europaeus,Lepus europaeus,Lepus europaeus,Lepus europaeus,Lepus europaeus,Lepus europaeus,Lepus europaeus,Lepus europaeus,Lepus europaeus,Lepus europaeus,Lepus,Leporidae,0,Exótica/Invasora
2198,Lepus europaeus,Lepus europaeus,Lepus europaeus,Lepus europaeus,Lepus europaeus,Lepus europaeus,Lepus europaeus,Lepus europaeus,Lepus europaeus,Lepus europaeus,Lepus europaeus,Lepus europaeus,Lepus,Leporidae,0,Exótica/Invasora
2199,Lepus europaeus,Lepus europaeus,Lepus europaeus,Lepus europaeus,Lepus europaeus,Lepus europaeus,Lepus europaeus,Lepus europaeus,Lepus europaeus,Lepus europaeus,Lepus europaeus,Lepus europaeus,Lepus,Leporidae,0,Exótica/Invasora
2200,Lepus europaeus,Lepus europaeus,Lepus europaeus,Lepus europaeus,Lepus europaeus,Lepus europaeus,Lepus europaeus,Lepus europaeus,Lepus europaeus,Lepus europaeus,Lepus europaeus,Lepus europaeus,Lepus,Leporidae,0,Exótica/Invasora
2201,Lepus europaeus,Lepus europaeus,Lepus europaeus,Lepus europaeus,Lepus europaeus,Lepus europaeus,Lepus europaeus,Lepus europaeus,Lepus europaeus,Lepus europaeus,Lepus europaeus,Lepus europaeus,Lepus,Leporidae,0,Exótica/Invasora
2202,Lepus europaeus,Lepus europaeus,Lepus europaeus,Lepus europaeus,Lepus europaeus,Lepus europaeus,Lepus europaeus,Lepus europaeus,Lepus europaeus,Lepus europaeus,Lepus europaeus,Lepus europaeus,Lepus,Leporidae,0,Exótica/Invasora
2203,Lepus europaeus,Lepus europaeus,Lepus europaeus,Lepus europaeus,Lepus europaeus,Lepus europaeus,Lepus europaeus,Lepus europaeus,Lepus europaeus,Lepus europaeus,Lepus europaeus,Lepus europaeus,Lepus,Leporidae,0,Exótica/Invasora
2204,Lepus europaeus,Lepus europaeus,Lepus europaeus,Lepus europaeus,Lepus europaeus,Lepus europaeus,Lepus europaeus,Lepus europaeus,Lepus europaeus,Lepus europaeus,Lepus europaeus,Lepus europaeus,Lepus,Leporidae,0,Exótica/Invasora
2205,Lepus europaeus,Lepus europaeus,Lepus europaeus,Lepus europaeus,Lepus europaeus,Lepus europaeus,Lepus europaeus,Lepus europaeus,Lepus europaeus,Lepus europaeus,Lepus europaeus,Lepus europaeus,Lepus,Leporidae,0,Exótica/Invasora
2206,Lepus europaeus,Lepus europaeus,Lepus europaeus,Lepus europaeus,Lepus europaeus,Lepus europaeus,Lepus europaeus,Lepus europaeus,Lepus europaeus,Lepus europaeus,Lepus europaeus,Lepus europaeus,Lepus,Leporidae,0,Exótica/Invasora
2208,Lepus europaeus,Lepus europaeus,Lepus europaeus,Lepus europaeus,Lepus europaeus,Lepus europaeus,Lepus europaeus,Lepus europaeus,Lepus europaeus,Lepus europaeus,Lepus europaeus,Lepus europaeus,Lepus,Leporidae,0,Exótica/Invasora
2210,Lepus europaeus,Lepus europaeus,Lepus europaeus,Lepus europaeus,Lepus europaeus,Lepus europaeus,Lepus europaeus,Lepus europaeus,Lepus europaeus,Lepus europaeus,Lepus europaeus,Lepus europaeus,Lepus,Leporidae,0,Exótica/Invasora
2211,Lepus europaeus,Herpailurus yagouaroundi,Dasyprocta azarae,Dasyprocta azarae,Dasyprocta azarae,Galictis cuja,Cerdocyon thous,Lontra longicaudis,Dasyprocta azarae,Dasyprocta azarae,Dasyprocta azarae,Herpailurus yagouaroundi,Lepus,Leporidae,0,Exótica/Invasora
2213,Lepus europaeus,Amazona aestiva,Dasypus novemcinctus,Alouatta guariba,Alouatta guariba,Lontra longicaudis,Brotogeris chiriri,Nothura maculosa,Dasypus novemcinctus,Dasypus novemcinctus,Dasypus novemcinctus,Amazona aestiva,Lepus,Leporidae,0,Exótica/Invasora
2214,Lepus europaeus,Tamandua tetradactyla,Herpailurus yagouaroundi,Herpailurus yagouaroundi,Didelphis albiventris,Tamandua tetradactyla,Tamandua tetradactyla,Lepus europaeus,Herpailurus yagouaroundi,Herpailurus yagouaroundi,Herpailurus yagouaroundi,Tamandua tetradactyla,Lepus,Leporidae,0,Exótica/Invasora
2215,Lepus europaeus,Lepus europaeus,Lepus europaeus,Lepus europaeus,Lepus europaeus,Lepus europaeus,Lepus europaeus,Lepus europaeus,Lepus europaeus,Lepus europaeus,Lepus europaeus,Lepus europaeus,Lepus,Leporidae,0,Exótica/Invasora
2216,Lepus europaeus,Lepus europaeus,Lepus europaeus,Lepus europaeus,Lepus europaeus,Lepus europaeus,Lepus europaeus,Lepus europaeus,Lepus europaeus,Lepus europaeus,Lepus europaeus,Lepus europaeus,Lepus,Leporidae,0,Exótica/Invasora
2217,Lepus europaeus,Lepus europaeus,Lepus europaeus,Lepus europaeus,Lepus europaeus,Lepus europaeus,Lepus europaeus,Lepus europaeus,Lepus europaeus,Lepus europaeus,Lepus europaeus,Lepus europaeus,Lepus,Leporidae,0,Exótica/Invasora
2218,Lepus europaeus,Cuniculus paca,Crypturellus tataupa,Crypturellus tataupa,Crypturellus tataupa,Dasyprocta azarae,Dasyprocta azarae,Dasyprocta azarae,Crypturellus tataupa,Crypturellus tataupa,Crypturellus tataupa,Cuniculus paca,Lepus,Leporidae,0,Exótica/Invasora
2219,Lepus europaeus,Lepus europaeus,Lepus europaeus,Lepus europaeus,Lepus europaeus,Lepus europaeus,Lepus europaeus,Lepus europaeus,Lepus europaeus,Lepus europaeus,Lepus europaeus,Lepus europaeus,Lepus,Leporidae,0,Exótica/Invasora
2220,Lepus europaeus,Lepus europaeus,Herpailurus yagouaroundi,Lepus europaeus,Lepus europaeus,Lepus europaeus,Lepus europaeus,Lepus europaeus,Herpailurus yagouaroundi,Herpailurus yagouaroundi,Herpailurus yagouaroundi,Lepus europaeus,Lepus,Leporidae,0,Exótica/Invasora
2221,Lepus europaeus,Lepus europaeus,Lepus europaeus,Lepus europaeus,Lepus europaeus,Lepus europaeus,Lepus europaeus,Lepus europaeus,Lepus europaeus,Lepus europaeus,Lepus europaeus,Lepus europaeus,Lepus,Leporidae,0,Exótica/Invasora
2222,Lepus europaeus,Lepus europaeus,Lepus europaeus,Lepus europaeus,Lepus europaeus,Lepus europaeus,Lepus europaeus,Lepus europaeus,Lepus europaeus,Lepus europaeus,Lepus europaeus,Lepus europaeus,Lepus,Leporidae,0,Exótica/Invasora
2223,Lepus europaeus,Herpailurus yagouaroundi,Salvator merianae,Grallaria varia,Grallaria varia,Lepus europaeus,Salvator merianae,Lepus europaeus,Salvator merianae,Salvator merianae,Salvator merianae,Herpailurus yagouaroundi,Lepus,Leporidae,0,Exótica/Invasora
2224,Lepus europaeus,Lepus europaeus,Lepus europaeus,Lepus europaeus,Lepus europaeus,Lepus europaeus,Lepus europaeus,Lepus europaeus,Lepus europaeus,Lepus europaeus,Lepus europaeus,Lepus europaeus,Lepus,Leporidae,0,Exótica/Invasora
2225,Lepus europaeus,Lepus europaeus,Lepus europaeus,Lepus europaeus,Lepus europaeus,Lepus europaeus,Lepus europaeus,Lepus europaeus,Lepus europaeus,Lepus europaeus,Lepus europaeus,Lepus europaeus,Lepus,Leporidae,0,Exótica/Invasora
2227,Lepus europaeus,Salvator merianae,Hydropsalis torquata,Herpailurus yagouaroundi,Nyctidromus albicollis,Salvator merianae,Salvator merianae,Salvator merianae,Hydropsalis torquata,Hydropsalis torquata,Hydropsalis torquata,Salvator merianae,Lepus,Leporidae,0,Exótica/Invasora
2228,Lepus europaeus,Lepus europaeus,Lepus europaeus,Lepus europaeus,Lepus europaeus,Lepus europaeus,Lepus europaeus,Lepus europaeus,Lepus europaeus,Lepus europaeus,Lepus europaeus,Lepus europaeus,Lepus,Leporidae,0,Exótica/Invasora
2229,Lepus europaeus,Tamandua tetradactyla,Lepus europaeus,Cerdocyon thous,Cerdocyon thous,Lepus europaeus,Cerdocyon thous,Lepus europaeus,Lepus europaeus,Lepus europaeus,Lepus europaeus,Tamandua tetradactyla,Lepus,Leporidae,0,Exótica/Invasora
2230,Lepus europaeus,Lepus europaeus,Lepus europaeus,Lepus europaeus,Lepus europaeus,Lepus europaeus,Lepus europaeus,Lepus europaeus,Lepus europaeus,Lepus europaeus,Lepus europaeus,Lepus europaeus,Lepus,Leporidae,0,Exótica/Invasora
2232,Lepus europaeus,Lepus europaeus,Lepus europaeus,Lepus europaeus,Lepus europaeus,Lepus europaeus,Lepus europaeus,Lepus europaeus,Lepus europaeus,Lepus europaeus,Lepus europaeus,Lepus europaeus,Lepus,Leporidae,0,Exótica/Invasora
2233,Lepus europaeus,Cerdocyon thous,Herpailurus yagouaroundi,Cerdocyon thous,Cerdocyon thous,Lepus europaeus,Cerdocyon thous,Lepus europaeus,Herpailurus yagouaroundi,Herpailurus yagouaroundi,Herpailurus yagouaroundi,Cerdocyon thous,Lepus,Leporidae,0,Exótica/Invasora
2234,Lepus europaeus,Tamandua tetradactyla,Cerdocyon thous,Cerdocyon thous,Cerdocyon thous,Lepus europaeus,Cerdocyon thous,Galictis cuja,Cerdocyon thous,Cerdocyon thous,Cerdocyon thous,Tamandua tetradactyla,Lepus,Leporidae,0,Exótica/Invasora
2235,Lepus europaeus,Lepus europaeus,Lepus europaeus,Lepus europaeus,Sylvilagus brasiliensis,Lepus europaeus,Lepus europaeus,Lepus europaeus,Lepus europaeus,Lepus europaeus,Lepus europaeus,Lepus europaeus,Lepus,Leporidae,0,Exótica/Invasora
2237,Lepus europaeus,Lepus europaeus,Lepus europaeus,Lepus europaeus,Lepus europaeus,Lepus europaeus,Lepus europaeus,Lepus europaeus,Lepus europaeus,Lepus europaeus,Lepus europaeus,Lepus europaeus,Lepus,Leporidae,0,Exótica/Invasora
2238,Lepus europaeus,Lepus europaeus,Lepus europaeus,Lepus europaeus,Lepus europaeus,Lepus europaeus,Lepus europaeus,Lepus europaeus,Lepus europaeus,Lepus europaeus,Lepus europaeus,Lepus europaeus,Lepus,Leporidae,0,Exótica/Invasora
2239,Lepus europaeus,Lepus europaeus,Lepus europaeus,Lepus europaeus,Lepus europaeus,Lepus europaeus,Lepus europaeus,Lepus europaeus,Lepus europaeus,Lepus europaeus,Lepus europaeus,Lepus europaeus,Lepus,Leporidae,0,Exótica/Invasora
2241,Lepus europaeus,Lepus europaeus,Lepus europaeus,Lepus europaeus,Lepus europaeus,Lepus europaeus,Lepus europaeus,Lepus europaeus,Lepus europaeus,Lepus europaeus,Lepus europaeus,Lepus europaeus,Lepus,Leporidae,0,Exótica/Invasora
2243,Lepus europaeus,Lepus europaeus,Lepus europaeus,Lepus europaeus,Lepus europaeus,Lepus europaeus,Lepus europaeus,Lepus europaeus,Lepus europaeus,Lepus europaeus,Lepus europaeus,Lepus europaeus,Lepus,Leporidae,0,Exótica/Invasora
2244,Lepus europaeus,Cuniculus paca,Cuniculus paca,Cuniculus paca,Leopardus wiedii,Lepus europaeus,Lepus europaeus,Lepus europaeus,Cuniculus paca,Cuniculus paca,Cuniculus paca,Cabassous tatouay,Lepus,Leporidae,0,Exótica/Invasora
2245,Lepus europaeus,Lepus europaeus,Lepus europaeus,Lepus europaeus,Lepus europaeus,Lepus europaeus,Lepus europaeus,Lepus europaeus,Lepus europaeus,Lepus europaeus,Lepus europaeus,Lepus europaeus,Lepus,Leporidae,0,Exótica/Invasora
2246,Lepus europaeus,Lepus europaeus,Lepus europaeus,Lepus europaeus,Lepus europaeus,Lepus europaeus,Lepus europaeus,Lepus europaeus,Lepus europaeus,Lepus europaeus,Lepus europaeus,Lepus europaeus,Lepus,Leporidae,0,Exótica/Invasora
2247,Lepus europaeus,Sylvilagus brasiliensis,Lepus europaeus,Lepus europaeus,Lepus europaeus,Lepus europaeus,Lepus europaeus,Lepus europaeus,Lepus europaeus,Lepus europaeus,Lepus europaeus,Sylvilagus brasiliensis,Lepus,Leporidae,0,Exótica/Invasora
2248,Lepus europaeus,Lepus europaeus,Lepus europaeus,Lepus europaeus,Lepus europaeus,Lepus europaeus,Lepus europaeus,Lepus europaeus,Lepus europaeus,Lepus europaeus,Lepus europaeus,Lepus europaeus,Lepus,Leporidae,0,Exótica/Invasora
2249,Lepus europaeus,Lepus europaeus,Lepus europaeus,Lepus europaeus,Lepus europaeus,Lepus europaeus,Lepus europaeus,Lepus europaeus,Lepus europaeus,Lepus europaeus,Lepus europaeus,Lepus europaeus,Lepus,Leporidae,0,Exótica/Invasora
2251,Lepus europaeus,Lepus europaeus,Lepus europaeus,Lepus europaeus,Lepus europaeus,Lepus europaeus,Lepus europaeus,Lepus europaeus,Lepus europaeus,Lepus europaeus,Lepus europaeus,Lepus europaeus,Lepus,Leporidae,0,Exótica/Invasora
2252,Lepus europaeus,Lepus europaeus,Lepus europaeus,Lepus europaeus,Lepus europaeus,Lepus europaeus,Lepus europaeus,Lepus europaeus,Lepus europaeus,Lepus europaeus,Lepus europaeus,Lepus europaeus,Lepus,Leporidae,0,Exótica/Invasora
2253,Lepus europaeus,Dasyprocta azarae,Aramides saracura,Aramides saracura,Aramides saracura,Dasyprocta azarae,Dasyprocta azarae,Dasyprocta azarae,Aramides saracura,Aramides saracura,Aramides saracura,Dasyprocta azarae,Lepus,Leporidae,0,Exótica/Invasora
2254,Lepus europaeus,Lepus europaeus,Lepus europaeus,Lepus europaeus,Lepus europaeus,Lepus europaeus,Lepus europaeus,Lepus europaeus,Lepus europaeus,Lepus europaeus,Lepus europaeus,Lepus europaeus,Lepus,Leporidae,0,Exótica/Invasora
2256,Sylvilagus brasiliensis,Sylvilagus brasiliensis,Sylvilagus brasiliensis,Sylvilagus brasiliensis,Sylvilagus brasiliensis,Sylvilagus brasiliensis,Sylvilagus brasiliensis,Lepus europaeus,Sylvilagus brasiliensis,Sylvilagus brasiliensis,Sylvilagus brasiliensis,Sylvilagus brasiliensis,Sylvilagus,Leporidae,1,Bajo
2257,Sylvilagus brasiliensis,Dasyprocta azarae,Lepus europaeus,Dasyprocta azarae,Crypturellus obsoletus,Sylvilagus brasiliensis,Dasyprocta azarae,Sylvilagus brasiliensis,Lepus europaeus,Lepus europaeus,Lepus europaeus,Dasyprocta azarae,Sylvilagus,Leporidae,1,Bajo
2258,Sylvilagus brasiliensis,Lepus europaeus,Lepus europaeus,Galictis cuja,Cerdocyon thous,Lepus europaeus,Lepus europaeus,Lepus europaeus,Lepus europaeus,Lepus europaeus,Lepus europaeus,Lepus europaeus,Sylvilagus,Leporidae,1,Bajo
2259,Sylvilagus brasiliensis,Sylvilagus brasiliensis,Sylvilagus brasiliensis,Sylvilagus brasiliensis,Sylvilagus brasiliensis,Sylvilagus brasiliensis,Sylvilagus brasiliensis,Sylvilagus brasiliensis,Sylvilagus brasiliensis,Sylvilagus brasiliensis,Sylvilagus brasiliensis,Sylvilagus brasiliensis,Sylvilagus,Leporidae,1,Bajo
2261,Sylvilagus brasiliensis,Sylvilagus brasiliensis,Sylvilagus brasiliensis,Sylvilagus brasiliensis,Sylvilagus brasiliensis,Sylvilagus brasiliensis,Sylvilagus brasiliensis,Sylvilagus brasiliensis,Sylvilagus brasiliensis,Sylvilagus brasiliensis,Sylvilagus brasiliensis,Sylvilagus brasiliensis,Sylvilagus,Leporidae,1,Bajo
2264,Sylvilagus brasiliensis,Sylvilagus brasiliensis,Galictis cuja,Cerdocyon thous,Cerdocyon thous,Sylvilagus brasiliensis,Galictis cuja,Galictis cuja,Galictis cuja,Galictis cuja,Galictis cuja,Sylvilagus brasiliensis,Sylvilagus,Leporidae,1,Bajo
2266,Sylvilagus brasiliensis,Sylvilagus brasiliensis,Sylvilagus brasiliensis,Sylvilagus brasiliensis,Sylvilagus brasiliensis,Sylvilagus brasiliensis,Sylvilagus brasiliensis,Sylvilagus brasiliensis,Sylvilagus brasiliensis,Sylvilagus brasiliensis,Sylvilagus brasiliensis,Sylvilagus brasiliensis,Sylvilagus,Leporidae,1,Bajo
2267,Sylvilagus brasiliensis,Lepus europaeus,Lepus europaeus,Sylvilagus brasiliensis,Lepus europaeus,Sylvilagus brasiliensis,Lepus europaeus,Lepus europaeus,Lepus europaeus,Lepus europaeus,Lepus europaeus,Lepus europaeus,Sylvilagus,Leporidae,1,Bajo
2268,Sylvilagus brasiliensis,Sylvilagus brasiliensis,Lepus europaeus,Galictis cuja,Cerdocyon thous,Sylvilagus brasiliensis,Lepus europaeus,Lepus europaeus,Lepus europaeus,Lepus europaeus,Lepus europaeus,Sylvilagus brasiliensis,Sylvilagus,Leporidae,1,Bajo
2269,Sylvilagus brasiliensis,Lepus europaeus,Lepus europaeus,Lepus europaeus,Lepus europaeus,Lepus europaeus,Lepus europaeus,Lepus europaeus,Lepus europaeus,Lepus europaeus,Lepus europaeus,Lepus europaeus,Sylvilagus,Leporidae,1,Bajo
2270,Sylvilagus brasiliensis,Sylvilagus brasiliensis,Sylvilagus brasiliensis,Sylvilagus brasiliensis,Sylvilagus brasiliensis,Sylvilagus brasiliensis,Sylvilagus brasiliensis,Lepus europaeus,Sylvilagus brasiliensis,Sylvilagus brasiliensis,Sylvilagus brasiliensis,Sylvilagus brasiliensis,Sylvilagus,Leporidae,1,Bajo
2271,Sylvilagus brasiliensis,Lepus europaeus,Sylvilagus brasiliensis,Sylvilagus brasiliensis,Lepus europaeus,Sylvilagus brasiliensis,Lepus europaeus,Lepus europaeus,Sylvilagus brasiliensis,Sylvilagus brasiliensis,Sylvilagus brasiliensis,Lepus europaeus,Sylvilagus,Leporidae,1,Bajo
2272,Sylvilagus brasiliensis,Lepus europaeus,Lepus europaeus,Lepus europaeus,Lepus europaeus,Lepus europaeus,Lepus europaeus,Lepus europaeus,Lepus europaeus,Lepus europaeus,Lepus europaeus,Lepus europaeus,Sylvilagus,Leporidae,1,Bajo
2273,Sylvilagus brasiliensis,Sylvilagus brasiliensis,Sylvilagus brasiliensis,Sylvilagus brasiliensis,Sylvilagus brasiliensis,Sylvilagus brasiliensis,Sylvilagus brasiliensis,Sylvilagus brasiliensis,Sylvilagus brasiliensis,Sylvilagus brasiliensis,Sylvilagus brasiliensis,Sylvilagus brasiliensis,Sylvilagus,Leporidae,1,Bajo
2274,Sylvilagus brasiliensis,Sylvilagus brasiliensis,Sylvilagus brasiliensis,Sylvilagus brasiliensis,Sylvilagus brasiliensis,Sylvilagus brasiliensis,Sylvilagus brasiliensis,Sylvilagus brasiliensis,Sylvilagus brasiliensis,Sylvilagus brasiliensis,Sylvilagus brasiliensis,Sylvilagus brasiliensis,Sylvilagus,Leporidae,1,Bajo
2276,Sylvilagus brasiliensis,Sylvilagus brasiliensis,Lepus europaeus,Galictis cuja,Cerdocyon thous,Sylvilagus brasiliensis,Sylvilagus brasiliensis,Lepus europaeus,Lepus europaeus,Lepus europaeus,Lepus europaeus,Sylvilagus brasiliensis,Sylvilagus,Leporidae,1,Bajo
2277,Sylvilagus brasiliensis,Dasyprocta azarae,Nyctidromus albicollis,Dasyprocta azarae,Dasyprocta azarae,Sylvilagus brasiliensis,Dasyprocta azarae,Lepus europaeus,Nyctidromus albicollis,Nyctidromus albicollis,Nyctidromus albicollis,Dasyprocta azarae,Sylvilagus,Leporidae,1,Bajo
2279,Sylvilagus brasiliensis,Lepus europaeus,Sylvilagus brasiliensis,Lepus europaeus,Sylvilagus brasiliensis,Sylvilagus brasiliensis,Lepus europaeus,Sylvilagus brasiliensis,Sylvilagus brasiliensis,Sylvilagus brasiliensis,Sylvilagus brasiliensis,Lepus europaeus,Sylvilagus,Leporidae,1,Bajo
2281,Sylvilagus brasiliensis,Sylvilagus brasiliensis,Sylvilagus brasiliensis,Sylvilagus brasiliensis,Sylvilagus brasiliensis,Sylvilagus brasiliensis,Sylvilagus brasiliensis,Sylvilagus brasiliensis,Sylvilagus brasiliensis,Sylvilagus brasiliensis,Sylvilagus brasiliensis,Sylvilagus brasiliensis,Sylvilagus,Leporidae,1,Bajo
2283,Sylvilagus brasiliensis,Sylvilagus brasiliensis,Sylvilagus brasiliensis,Sylvilagus brasiliensis,Sylvilagus brasiliensis,Sylvilagus brasiliensis,Sylvilagus brasiliensis,Sylvilagus brasiliensis,Sylvilagus brasiliensis,Sylvilagus brasiliensis,Sylvilagus brasiliensis,Sylvilagus brasiliensis,Sylvilagus,Leporidae,1,Bajo
2284,Sylvilagus brasiliensis,Lepus europaeus,Sylvilagus brasiliensis,Sylvilagus brasiliensis,Lepus europaeus,Sylvilagus brasiliensis,Lepus europaeus,Lepus europaeus,Sylvilagus brasiliensis,Sylvilagus brasiliensis,Sylvilagus brasiliensis,Lepus europaeus,Sylvilagus,Leporidae,1,Bajo
2285,Sylvilagus brasiliensis,Sylvilagus brasiliensis,Sylvilagus brasiliensis,Sylvilagus brasiliensis,Sylvilagus brasiliensis,Sylvilagus brasiliensis,Sylvilagus brasiliensis,Lepus europaeus,Sylvilagus brasiliensis,Sylvilagus brasiliensis,Sylvilagus brasiliensis,Sylvilagus brasiliensis,Sylvilagus,Leporidae,1,Bajo
2287,Sylvilagus brasiliensis,Tamandua tetradactyla,Cerdocyon thous,Cerdocyon thous,Cerdocyon thous,Lepus europaeus,Galictis cuja,Lepus europaeus,Cerdocyon thous,Cerdocyon thous,Cerdocyon thous,Tamandua tetradactyla,Sylvilagus,Leporidae,1,Bajo
2288,Sylvilagus brasiliensis,Sylvilagus brasiliensis,Sylvilagus brasiliensis,Sylvilagus brasiliensis,Sylvilagus brasiliensis,Sylvilagus brasiliensis,Sylvilagus brasiliensis,Sylvilagus brasiliensis,Sylvilagus brasiliensis,Sylvilagus brasiliensis,Sylvilagus brasiliensis,Sylvilagus brasiliensis,Sylvilagus,Leporidae,1,Bajo
2289,Sylvilagus brasiliensis,Sylvilagus brasiliensis,Sylvilagus brasiliensis,Sylvilagus brasiliensis,Sylvilagus brasiliensis,Sylvilagus brasiliensis,Sylvilagus brasiliensis,Sylvilagus brasiliensis,Sylvilagus brasiliensis,Sylvilagus brasiliensis,Sylvilagus brasiliensis,Sylvilagus brasiliensis,Sylvilagus,Leporidae,1,Bajo
2290,Sylvilagus brasiliensis,Sylvilagus brasiliensis,Lepus europaeus,Lepus europaeus,Lepus europaeus,Lepus europaeus,Sylvilagus brasiliensis,Lepus europaeus,Lepus europaeus,Lepus europaeus,Lepus europaeus,Sylvilagus brasiliensis,Sylvilagus,Leporidae,1,Bajo
2291,Sylvilagus brasiliensis,Didelphis albiventris,Hydropsalis torquata,Hydropsalis torquata,Cuniculus paca,Sylvilagus brasiliensis,Didelphis albiventris,Lepus europaeus,Hydropsalis torquata,Hydropsalis torquata,Hydropsalis torquata,Didelphis albiventris,Sylvilagus,Leporidae,1,Bajo
2292,Sylvilagus brasiliensis,Leopardus wiedii,Hydropsalis torquata,Hydropsalis torquata,Hydropsalis torquata,Leopardus guttulus,Leopardus guttulus,Cerdocyon thous,Hydropsalis torquata,Hydropsalis torquata,Hydropsalis torquata,Leopardus wiedii,Sylvilagus,Leporidae,1,Bajo
2293,Sylvilagus brasiliensis,Sylvilagus brasiliensis,Sylvilagus brasiliensis,Sylvilagus brasiliensis,Sylvilagus brasiliensis,Sylvilagus brasiliensis,Sylvilagus brasiliensis,Sylvilagus brasiliensis,Sylvilagus brasiliensis,Sylvilagus brasiliensis,Sylvilagus brasiliensis,Sylvilagus brasiliensis,Sylvilagus,Leporidae,1,Bajo
2294,Sylvilagus brasiliensis,Cuniculus paca,Hydropsalis torquata,Cuniculus paca,Cuniculus paca,Leopardus guttulus,Leopardus guttulus,Galictis cuja,Hydropsalis torquata,Hydropsalis torquata,Hydropsalis torquata,Cuniculus paca,Sylvilagus,Leporidae,1,Bajo
2295,Sylvilagus brasiliensis,Sylvilagus brasiliensis,Sylvilagus brasiliensis,Sylvilagus brasiliensis,Sylvilagus brasiliensis,Sylvilagus brasiliensis,Sylvilagus brasiliensis,Sylvilagus brasiliensis,Sylvilagus brasiliensis,Sylvilagus brasiliensis,Sylvilagus brasiliensis,Sylvilagus brasiliensis,Sylvilagus,Leporidae,1,Bajo
2296,Sylvilagus brasiliensis,Sylvilagus brasiliensis,Sylvilagus brasiliensis,Sylvilagus brasiliensis,Sylvilagus brasiliensis,Sylvilagus brasiliensis,Sylvilagus brasiliensis,Sylvilagus brasiliensis,Sylvilagus brasiliensis,Sylvilagus brasiliensis,Sylvilagus brasiliensis,Sylvilagus brasiliensis,Sylvilagus,Leporidae,1,Bajo
2297,Sylvilagus brasiliensis,Herpailurus yagouaroundi,Sylvilagus brasiliensis,Lepus europaeus,Lepus europaeus,Sylvilagus brasiliensis,Sylvilagus brasiliensis,Lepus europaeus,Sylvilagus brasiliensis,Sylvilagus brasiliensis,Sylvilagus brasiliensis,Herpailurus yagouaroundi,Sylvilagus,Leporidae,1,Bajo
2298,Sylvilagus brasiliensis,Sylvilagus brasiliensis,Sylvilagus brasiliensis,Sylvilagus brasiliensis,Sylvilagus brasiliensis,Sylvilagus brasiliensis,Sylvilagus brasiliensis,Sylvilagus brasiliensis,Sylvilagus brasiliensis,Sylvilagus brasiliensis,Sylvilagus brasiliensis,Sylvilagus brasiliensis,Sylvilagus,Leporidae,1,Bajo
2299,Sylvilagus brasiliensis,Sylvilagus brasiliensis,Nyctidromus albicollis,Lepus europaeus,Lepus europaeus,Sylvilagus brasiliensis,Sylvilagus brasiliensis,Lepus europaeus,Nyctidromus albicollis,Nyctidromus albicollis,Nyctidromus albicollis,Sylvilagus brasiliensis,Sylvilagus,Leporidae,1,Bajo
2301,Sylvilagus brasiliensis,Sylvilagus brasiliensis,Sylvilagus brasiliensis,Sylvilagus brasiliensis,Sylvilagus brasiliensis,Sylvilagus brasiliensis,Sylvilagus brasiliensis,Sylvilagus brasiliensis,Sylvilagus brasiliensis,Sylvilagus brasiliensis,Sylvilagus brasiliensis,Sylvilagus brasiliensis,Sylvilagus,Leporidae,1,Bajo
2302,Sylvilagus brasiliensis,Dasyprocta azarae,Dasyprocta azarae,Dasyprocta azarae,Dasyprocta azarae,Dasypus novemcinctus,Dasyprocta azarae,Subulo gouazoubira,Dasyprocta azarae,Dasyprocta azarae,Dasyprocta azarae,Dasyprocta azarae,Sylvilagus,Leporidae,1,Bajo
2303,Sylvilagus brasiliensis,Sylvilagus brasiliensis,Sylvilagus brasiliensis,Sylvilagus brasiliensis,Sylvilagus brasiliensis,Sylvilagus brasiliensis,Sylvilagus brasiliensis,Lepus europaeus,Sylvilagus brasiliensis,Sylvilagus brasiliensis,Sylvilagus brasiliensis,Sylvilagus brasiliensis,Sylvilagus,Leporidae,1,Bajo
2304,Sylvilagus brasiliensis,Sylvilagus brasiliensis,Sylvilagus brasiliensis,Sylvilagus brasiliensis,Sylvilagus brasiliensis,Sylvilagus brasiliensis,Sylvilagus brasiliensis,Sylvilagus brasiliensis,Sylvilagus brasiliensis,Sylvilagus brasiliensis,Sylvilagus brasiliensis,Sylvilagus brasiliensis,Sylvilagus,Leporidae,1,Bajo
2305,Sylvilagus brasiliensis,Sylvilagus brasiliensis,Lepus europaeus,Didelphis albiventris,Didelphis albiventris,Lepus europaeus,Lepus europaeus,Lepus europaeus,Lepus europaeus,Lepus europaeus,Lepus europaeus,Sylvilagus brasiliensis,Sylvilagus,Leporidae,1,Bajo
2306,Sylvilagus brasiliensis,Cabassous tatouay,Cuniculus paca,Cuniculus paca,Cabassous tatouay,Lepus europaeus,Cerdocyon thous,Cuniculus paca,Cuniculus paca,Cuniculus paca,Cuniculus paca,Cabassous tatouay,Sylvilagus,Leporidae,1,Bajo
2307,Sylvilagus brasiliensis,Cuniculus paca,Cuniculus paca,Cabassous tatouay,Cuniculus paca,Lepus europaeus,Cerdocyon thous,Lepus europaeus,Cuniculus paca,Cuniculus paca,Cuniculus paca,Cuniculus paca,Sylvilagus,Leporidae,1,Bajo
2308,Sylvilagus brasiliensis,Sylvilagus brasiliensis,Sylvilagus brasiliensis,Sylvilagus brasiliensis,Sylvilagus brasiliensis,Sylvilagus brasiliensis,Sylvilagus brasiliensis,Sylvilagus brasiliensis,Sylvilagus brasiliensis,Sylvilagus brasiliensis,Sylvilagus brasiliensis,Sylvilagus brasiliensis,Sylvilagus,Leporidae,1,Bajo
2309,Sylvilagus brasiliensis,Sylvilagus brasiliensis,Sylvilagus brasiliensis,Sylvilagus brasiliensis,Sylvilagus brasiliensis,Sylvilagus brasiliensis,Sylvilagus brasiliensis,Sylvilagus brasiliensis,Sylvilagus brasiliensis,Sylvilagus brasiliensis,Sylvilagus brasiliensis,Sylvilagus brasiliensis,Sylvilagus,Leporidae,1,Bajo
2310,Sylvilagus brasiliensis,Dasyprocta azarae,Nyctidromus albicollis,Didelphis aurita,Didelphis aurita,Sylvilagus brasiliensis,Dasyprocta azarae,Nyctidromus albicollis,Nyctidromus albicollis,Nyctidromus albicollis,Nyctidromus albicollis,Dasyprocta azarae,Sylvilagus,Leporidae,1,Bajo
2311,Sylvilagus brasiliensis,Herpailurus yagouaroundi,Sylvilagus brasiliensis,Didelphis aurita,Didelphis aurita,Sylvilagus brasiliensis,Tamandua tetradactyla,Tamandua tetradactyla,Sylvilagus brasiliensis,Sylvilagus brasiliensis,Sylvilagus brasiliensis,Herpailurus yagouaroundi,Sylvilagus,Leporidae,1,Bajo
2313,Sylvilagus brasiliensis,Sylvilagus brasiliensis,Sylvilagus brasiliensis,Sylvilagus brasiliensis,Sylvilagus brasiliensis,Sylvilagus brasiliensis,Sylvilagus brasiliensis,Sylvilagus brasiliensis,Sylvilagus brasiliensis,Sylvilagus brasiliensis,Sylvilagus brasiliensis,Sylvilagus brasiliensis,Sylvilagus,Leporidae,1,Bajo
2314,Sylvilagus brasiliensis,Cabassous tatouay,Cuniculus paca,Cabassous tatouay,Cuniculus paca,Lepus europaeus,Cerdocyon thous,Cuniculus paca,Cuniculus paca,Cuniculus paca,Cuniculus paca,Cabassous tatouay,Sylvilagus,Leporidae,1,Bajo
2315,Sylvilagus brasiliensis,Cabassous tatouay,Leopardus wiedii,Leopardus wiedii,Leopardus wiedii,Leopardus wiedii,Cerdocyon thous,Leopardus wiedii,Leopardus wiedii,Leopardus wiedii,Leopardus wiedii,Cabassous tatouay,Sylvilagus,Leporidae,1,Bajo
2316,Sylvilagus brasiliensis,Lepus europaeus,Sylvilagus brasiliensis,Lepus europaeus,Sylvilagus brasiliensis,Lepus europaeus,Lepus europaeus,Lepus europaeus,Sylvilagus brasiliensis,Sylvilagus brasiliensis,Sylvilagus brasiliensis,Lepus europaeus,Sylvilagus,Leporidae,1,Bajo
2318,Sylvilagus brasiliensis,Didelphis albiventris,Myiothlypis leucoblephara,Myiothlypis leucoblephara,Myiothlypis leucoblephara,Myiothlypis leucoblephara,Didelphis albiventris,Didelphis albiventris,Myiothlypis leucoblephara,Myiothlypis leucoblephara,Myiothlypis leucoblephara,Didelphis albiventris,Sylvilagus,Leporidae,1,Bajo
2319,Baryphthengus ruficapillus,Penelope superciliaris,Conopophaga lineata,Conopophaga lineata,Conopophaga lineata,Cyanocorax chrysops,Penelope superciliaris,Gubernetes yetapa,Conopophaga lineata,Conopophaga lineata,Conopophaga lineata,Penelope superciliaris,Baryphthengus,Momotidae,3,Medio
2320,Baryphthengus ruficapillus,Baryphthengus ruficapillus,Baryphthengus ruficapillus,Baryphthengus ruficapillus,Baryphthengus ruficapillus,Baryphthengus ruficapillus,Baryphthengus ruficapillus,Selenidera maculirostris,Baryphthengus ruficapillus,Baryphthengus ruficapillus,Baryphthengus ruficapillus,Baryphthengus ruficapillus,Baryphthengus,Momotidae,3,Medio
2321,Baryphthengus ruficapillus,Baryphthengus ruficapillus,Baryphthengus ruficapillus,Baryphthengus ruficapillus,Baryphthengus ruficapillus,Baryphthengus ruficapillus,Baryphthengus ruficapillus,Baryphthengus ruficapillus,Baryphthengus ruficapillus,Baryphthengus ruficapillus,Baryphthengus ruficapillus,Baryphthengus ruficapillus,Baryphthengus,Momotidae,3,Medio
2322,Baryphthengus ruficapillus,Baryphthengus ruficapillus,Baryphthengus ruficapillus,Baryphthengus ruficapillus,Baryphthengus ruficapillus,Baryphthengus ruficapillus,Baryphthengus ruficapillus,Baryphthengus ruficapillus,Baryphthengus ruficapillus,Baryphthengus ruficapillus,Baryphthengus ruficapillus,Baryphthengus ruficapillus,Baryphthengus,Momotidae,3,Medio
2323,Baryphthengus ruficapillus,Baryphthengus ruficapillus,Baryphthengus ruficapillus,Baryphthengus ruficapillus,Baryphthengus ruficapillus,Baryphthengus ruficapillus,Baryphthengus ruficapillus,Baryphthengus ruficapillus,Baryphthengus ruficapillus,Baryphthengus ruficapillus,Baryphthengus ruficapillus,Baryphthengus ruficapillus,Baryphthengus,Momotidae,3,Medio
2324,Baryphthengus ruficapillus,Myiothlypis leucoblephara,Myiothlypis leucoblephara,Habia rubica,Conopophaga lineata,Myiothlypis leucoblephara,Hypoedaleus guttatus,Turdus albicollis,Myiothlypis leucoblephara,Myiothlypis leucoblephara,Myiothlypis leucoblephara,Myiothlypis leucoblephara,Baryphthengus,Momotidae,3,Medio
2325,Baryphthengus ruficapillus,Baryphthengus ruficapillus,Baryphthengus ruficapillus,Synallaxis ruficapilla,Synallaxis ruficapilla,Baryphthengus ruficapillus,Baryphthengus ruficapillus,Baryphthengus ruficapillus,Baryphthengus ruficapillus,Baryphthengus ruficapillus,Baryphthengus ruficapillus,Baryphthengus ruficapillus,Baryphthengus,Momotidae,3,Medio
2326,Baryphthengus ruficapillus,Baryphthengus ruficapillus,Cyanocorax chrysops,Baryphthengus ruficapillus,Baryphthengus ruficapillus,Baryphthengus ruficapillus,Baryphthengus ruficapillus,Baryphthengus ruficapillus,Cyanocorax chrysops,Cyanocorax chrysops,Cyanocorax chrysops,Baryphthengus ruficapillus,Baryphthengus,Momotidae,3,Medio
2328,Baryphthengus ruficapillus,Baryphthengus ruficapillus,Biatas nigropectus,Baryphthengus ruficapillus,Biatas nigropectus,Baryphthengus ruficapillus,Baryphthengus ruficapillus,Baryphthengus ruficapillus,Biatas nigropectus,Biatas nigropectus,Biatas nigropectus,Baryphthengus ruficapillus,Baryphthengus,Momotidae,3,Medio
2329,Baryphthengus ruficapillus,Baryphthengus ruficapillus,Baryphthengus ruficapillus,Baryphthengus ruficapillus,Baryphthengus ruficapillus,Baryphthengus ruficapillus,Baryphthengus ruficapillus,Baryphthengus ruficapillus,Baryphthengus ruficapillus,Baryphthengus ruficapillus,Baryphthengus ruficapillus,Baryphthengus ruficapillus,Baryphthengus,Momotidae,3,Medio
2330,Baryphthengus ruficapillus,Baryphthengus ruficapillus,Baryphthengus ruficapillus,Baryphthengus ruficapillus,Baryphthengus ruficapillus,Baryphthengus ruficapillus,Baryphthengus ruficapillus,Baryphthengus ruficapillus,Baryphthengus ruficapillus,Baryphthengus ruficapillus,Baryphthengus ruficapillus,Baryphthengus ruficapillus,Baryphthengus,Momotidae,3,Medio
2332,Baryphthengus ruficapillus,Baryphthengus ruficapillus,Turdus albicollis,Conopophaga lineata vulgaris,Conopophaga lineata vulgaris,Baryphthengus ruficapillus,Baryphthengus ruficapillus,Baryphthengus ruficapillus,Turdus albicollis,Turdus albicollis,Turdus albicollis,Baryphthengus ruficapillus,Baryphthengus,Momotidae,3,Medio
2333,Baryphthengus ruficapillus,Sapajus nigritus,Alouatta guariba clamitans,Alouatta guariba clamitans,Alouatta guariba clamitans,Sapajus nigritus,Sapajus nigritus,Sapajus nigritus,Alouatta guariba clamitans,Alouatta guariba clamitans,Alouatta guariba clamitans,Sapajus nigritus,Baryphthengus,Momotidae,3,Medio
2335,Baryphthengus ruficapillus,Amazona vinacea,Amazona vinacea,Brotogeris chiriri,Amazona vinacea,Amazona vinacea,Amazona vinacea,Baryphthengus ruficapillus,Amazona vinacea,Amazona vinacea,Amazona vinacea,Amazona vinacea,Baryphthengus,Momotidae,3,Medio
2336,Baryphthengus ruficapillus,Baryphthengus ruficapillus,Baryphthengus ruficapillus,Baryphthengus ruficapillus,Baryphthengus ruficapillus,Baryphthengus ruficapillus,Baryphthengus ruficapillus,Baryphthengus ruficapillus,Baryphthengus ruficapillus,Baryphthengus ruficapillus,Baryphthengus ruficapillus,Baryphthengus ruficapillus,Baryphthengus,Momotidae,3,Medio
2337,Baryphthengus ruficapillus,Notharchus swainsoni,Notharchus swainsoni,Notharchus swainsoni,Notharchus swainsoni,Notharchus swainsoni,Notharchus swainsoni,Notharchus swainsoni,Notharchus swainsoni,Notharchus swainsoni,Notharchus swainsoni,Notharchus swainsoni,Baryphthengus,Momotidae,3,Medio
2338,Baryphthengus ruficapillus,Baryphthengus ruficapillus,Baryphthengus ruficapillus,Baryphthengus ruficapillus,Baryphthengus ruficapillus,Baryphthengus ruficapillus,Baryphthengus ruficapillus,Baryphthengus ruficapillus,Baryphthengus ruficapillus,Baryphthengus ruficapillus,Baryphthengus ruficapillus,Baryphthengus ruficapillus,Baryphthengus,Momotidae,3,Medio
2339,Baryphthengus ruficapillus,Tachyphonus coronatus,Baryphthengus ruficapillus,Baryphthengus ruficapillus,Baryphthengus ruficapillus,Baryphthengus ruficapillus,Baryphthengus ruficapillus,Baryphthengus ruficapillus,Baryphthengus ruficapillus,Baryphthengus ruficapillus,Baryphthengus ruficapillus,Tachyphonus coronatus,Baryphthengus,Momotidae,3,Medio
2340,Baryphthengus ruficapillus,Baryphthengus ruficapillus,Baryphthengus ruficapillus,Baryphthengus ruficapillus,Baryphthengus ruficapillus,Baryphthengus ruficapillus,Baryphthengus ruficapillus,Baryphthengus ruficapillus,Baryphthengus ruficapillus,Baryphthengus ruficapillus,Baryphthengus ruficapillus,Baryphthengus ruficapillus,Baryphthengus,Momotidae,3,Medio
2341,Baryphthengus ruficapillus,Baryphthengus ruficapillus,Baryphthengus ruficapillus,Baryphthengus ruficapillus,Baryphthengus ruficapillus,Baryphthengus ruficapillus,Baryphthengus ruficapillus,Baryphthengus ruficapillus,Baryphthengus ruficapillus,Baryphthengus ruficapillus,Baryphthengus ruficapillus,Baryphthengus ruficapillus,Baryphthengus,Momotidae,3,Medio
2342,Baryphthengus ruficapillus,Baryphthengus ruficapillus,Baryphthengus ruficapillus,Baryphthengus ruficapillus,Baryphthengus ruficapillus,Baryphthengus ruficapillus,Baryphthengus ruficapillus,Baryphthengus ruficapillus,Baryphthengus ruficapillus,Baryphthengus ruficapillus,Baryphthengus ruficapillus,Baryphthengus ruficapillus,Baryphthengus,Momotidae,3,Medio
2343,Baryphthengus ruficapillus,Baryphthengus ruficapillus,Baryphthengus ruficapillus,Baryphthengus ruficapillus,Baryphthengus ruficapillus,Baryphthengus ruficapillus,Baryphthengus ruficapillus,Baryphthengus ruficapillus,Baryphthengus ruficapillus,Baryphthengus ruficapillus,Baryphthengus ruficapillus,Baryphthengus ruficapillus,Baryphthengus,Momotidae,3,Medio
2344,Baryphthengus ruficapillus,Baryphthengus ruficapillus,Baryphthengus ruficapillus,Baryphthengus ruficapillus,Baryphthengus ruficapillus,Baryphthengus ruficapillus,Baryphthengus ruficapillus,Baryphthengus ruficapillus,Baryphthengus ruficapillus,Baryphthengus ruficapillus,Baryphthengus ruficapillus,Baryphthengus ruficapillus,Baryphthengus,Momotidae,3,Medio
2345,Baryphthengus ruficapillus,Habia rubica,Habia rubica,Habia rubica,Habia rubica,Habia rubica,Habia rubica,Tachyphonus coronatus,Habia rubica,Habia rubica,Habia rubica,Habia rubica,Baryphthengus,Momotidae,3,Medio
2346,Baryphthengus ruficapillus,Amazona aestiva,Amazona aestiva,Alouatta guariba clamitans,Amazona aestiva,Amazona aestiva,Amazona aestiva,Amazona aestiva,Amazona aestiva,Amazona aestiva,Amazona aestiva,Amazona aestiva,Baryphthengus,Momotidae,3,Medio
2347,Baryphthengus ruficapillus,Baryphthengus ruficapillus,Habia rubica,Habia rubica,Baryphthengus ruficapillus,Habia rubica,Baryphthengus ruficapillus,Baryphthengus ruficapillus,Habia rubica,Habia rubica,Habia rubica,Baryphthengus ruficapillus,Baryphthengus,Momotidae,3,Medio
2348,Baryphthengus ruficapillus,Baryphthengus ruficapillus,Baryphthengus ruficapillus,Baryphthengus ruficapillus,Baryphthengus ruficapillus,Baryphthengus ruficapillus,Baryphthengus ruficapillus,Baryphthengus ruficapillus,Baryphthengus ruficapillus,Baryphthengus ruficapillus,Baryphthengus ruficapillus,Baryphthengus ruficapillus,Baryphthengus,Momotidae,3,Medio
2349,Baryphthengus ruficapillus,Baryphthengus ruficapillus,Baryphthengus ruficapillus,Baryphthengus ruficapillus,Baryphthengus ruficapillus,Baryphthengus ruficapillus,Baryphthengus ruficapillus,Baryphthengus ruficapillus,Baryphthengus ruficapillus,Baryphthengus ruficapillus,Baryphthengus ruficapillus,Baryphthengus ruficapillus,Baryphthengus,Momotidae,3,Medio
2350,Baryphthengus ruficapillus,Baryphthengus ruficapillus,Baryphthengus ruficapillus,Baryphthengus ruficapillus,Baryphthengus ruficapillus,Baryphthengus ruficapillus,Baryphthengus ruficapillus,Sporophila pileata,Baryphthengus ruficapillus,Baryphthengus ruficapillus,Baryphthengus ruficapillus,Baryphthengus ruficapillus,Baryphthengus,Momotidae,3,Medio
2351,Baryphthengus ruficapillus,Baryphthengus ruficapillus,Baryphthengus ruficapillus,Baryphthengus ruficapillus,Baryphthengus ruficapillus,Baryphthengus ruficapillus,Baryphthengus ruficapillus,Baryphthengus ruficapillus,Baryphthengus ruficapillus,Baryphthengus ruficapillus,Baryphthengus ruficapillus,Baryphthengus ruficapillus,Baryphthengus,Momotidae,3,Medio
2352,Baryphthengus ruficapillus,Baryphthengus ruficapillus,Cyanoloxia brissonii,Cyanoloxia brissonii,Cyanoloxia brissonii,Baryphthengus ruficapillus,Baryphthengus ruficapillus,Baryphthengus ruficapillus,Cyanoloxia brissonii,Cyanoloxia brissonii,Cyanoloxia brissonii,Baryphthengus ruficapillus,Baryphthengus,Momotidae,3,Medio
2353,Baryphthengus ruficapillus,Baryphthengus ruficapillus,Biatas nigropectus,Biatas nigropectus,Biatas nigropectus,Synallaxis ruficapilla,Baryphthengus ruficapillus,Baryphthengus ruficapillus,Biatas nigropectus,Biatas nigropectus,Biatas nigropectus,Baryphthengus ruficapillus,Baryphthengus,Momotidae,3,Medio
2354,Baryphthengus ruficapillus,Baryphthengus ruficapillus,Baryphthengus ruficapillus,Baryphthengus ruficapillus,Cyanocorax chrysops,Baryphthengus ruficapillus,Baryphthengus ruficapillus,Baryphthengus ruficapillus,Baryphthengus ruficapillus,Baryphthengus ruficapillus,Baryphthengus ruficapillus,Baryphthengus ruficapillus,Baryphthengus,Momotidae,3,Medio
2356,Baryphthengus ruficapillus,Baryphthengus ruficapillus,Baryphthengus ruficapillus,Baryphthengus ruficapillus,Baryphthengus ruficapillus,Baryphthengus ruficapillus,Baryphthengus ruficapillus,Baryphthengus ruficapillus,Baryphthengus ruficapillus,Baryphthengus ruficapillus,Baryphthengus ruficapillus,Baryphthengus ruficapillus,Baryphthengus,Momotidae,3,Medio
2357,Baryphthengus ruficapillus,Baryphthengus ruficapillus,Baryphthengus ruficapillus,Baryphthengus ruficapillus,Baryphthengus ruficapillus,Baryphthengus ruficapillus,Baryphthengus ruficapillus,Baryphthengus ruficapillus,Baryphthengus ruficapillus,Baryphthengus ruficapillus,Baryphthengus ruficapillus,Baryphthengus ruficapillus,Baryphthengus,Momotidae,3,Medio
2359,Baryphthengus ruficapillus,Baryphthengus ruficapillus,Baryphthengus ruficapillus,Baryphthengus ruficapillus,Baryphthengus ruficapillus,Baryphthengus ruficapillus,Baryphthengus ruficapillus,Baryphthengus ruficapillus,Baryphthengus ruficapillus,Baryphthengus ruficapillus,Baryphthengus ruficapillus,Baryphthengus ruficapillus,Baryphthengus,Momotidae,3,Medio
2360,Baryphthengus ruficapillus,Baryphthengus ruficapillus,Baryphthengus ruficapillus,Baryphthengus ruficapillus,Baryphthengus ruficapillus,Baryphthengus ruficapillus,Baryphthengus ruficapillus,Baryphthengus ruficapillus,Baryphthengus ruficapillus,Baryphthengus ruficapillus,Baryphthengus ruficapillus,Baryphthengus ruficapillus,Baryphthengus,Momotidae,3,Medio
2361,Baryphthengus ruficapillus,Turdus rufiventris,Habia rubica,Alouatta guariba,Alouatta guariba,Baryphthengus ruficapillus,Alouatta guariba clamitans,Alouatta guariba clamitans,Habia rubica,Habia rubica,Habia rubica,Turdus rufiventris,Baryphthengus,Momotidae,3,Medio
2362,Baryphthengus ruficapillus,Amazona vinacea,Amazona aestiva,Amazona vinacea,Amazona vinacea,Baryphthengus ruficapillus,Amazona vinacea,Cyanocorax chrysops,Amazona aestiva,Amazona aestiva,Amazona aestiva,Amazona vinacea,Baryphthengus,Momotidae,3,Medio
2363,Baryphthengus ruficapillus,Baryphthengus ruficapillus,Baryphthengus ruficapillus,Baryphthengus ruficapillus,Baryphthengus ruficapillus,Baryphthengus ruficapillus,Baryphthengus ruficapillus,Baryphthengus ruficapillus,Baryphthengus ruficapillus,Baryphthengus ruficapillus,Baryphthengus ruficapillus,Baryphthengus ruficapillus,Baryphthengus,Momotidae,3,Medio
2364,Baryphthengus ruficapillus,Baryphthengus ruficapillus,Baryphthengus ruficapillus,Baryphthengus ruficapillus,Baryphthengus ruficapillus,Baryphthengus ruficapillus,Baryphthengus ruficapillus,Baryphthengus ruficapillus,Baryphthengus ruficapillus,Baryphthengus ruficapillus,Baryphthengus ruficapillus,Baryphthengus ruficapillus,Baryphthengus,Momotidae,3,Medio
2365,Baryphthengus ruficapillus,Baryphthengus ruficapillus,Baryphthengus ruficapillus,Baryphthengus ruficapillus,Baryphthengus ruficapillus,Baryphthengus ruficapillus,Baryphthengus ruficapillus,Baryphthengus ruficapillus,Baryphthengus ruficapillus,Baryphthengus ruficapillus,Baryphthengus ruficapillus,Baryphthengus ruficapillus,Baryphthengus,Momotidae,3,Medio
2366,Baryphthengus ruficapillus,Baryphthengus ruficapillus,Baryphthengus ruficapillus,Baryphthengus ruficapillus,Baryphthengus ruficapillus,Baryphthengus ruficapillus,Baryphthengus ruficapillus,Brotogeris chiriri,Baryphthengus ruficapillus,Baryphthengus ruficapillus,Baryphthengus ruficapillus,Baryphthengus ruficapillus,Baryphthengus,Momotidae,3,Medio
2367,Baryphthengus ruficapillus,Baryphthengus ruficapillus,Baryphthengus ruficapillus,Baryphthengus ruficapillus,Baryphthengus ruficapillus,Baryphthengus ruficapillus,Baryphthengus ruficapillus,Baryphthengus ruficapillus,Baryphthengus ruficapillus,Baryphthengus ruficapillus,Baryphthengus ruficapillus,Baryphthengus ruficapillus,Baryphthengus,Momotidae,3,Medio
2368,Baryphthengus ruficapillus,Sapajus nigritus,Cyanocorax chrysops,Cyanocorax chrysops,Sapajus nigritus,Baryphthengus ruficapillus,Sapajus nigritus,Sapajus nigritus,Cyanocorax chrysops,Cyanocorax chrysops,Cyanocorax chrysops,Sapajus nigritus,Baryphthengus,Momotidae,3,Medio
2370,Baryphthengus ruficapillus,Baryphthengus ruficapillus,Baryphthengus ruficapillus,Baryphthengus ruficapillus,Baryphthengus ruficapillus,Baryphthengus ruficapillus,Baryphthengus ruficapillus,Baryphthengus ruficapillus,Baryphthengus ruficapillus,Baryphthengus ruficapillus,Baryphthengus ruficapillus,Baryphthengus ruficapillus,Baryphthengus,Momotidae,3,Medio
2371,Baryphthengus ruficapillus,Biatas nigropectus,Biatas nigropectus,Biatas nigropectus,Biatas nigropectus,Turdus albicollis,Baryphthengus ruficapillus,Baryphthengus ruficapillus,Biatas nigropectus,Biatas nigropectus,Biatas nigropectus,Biatas nigropectus,Baryphthengus,Momotidae,3,Medio
2373,Baryphthengus ruficapillus,Hypoedaleus guttatus,Biatas nigropectus,Biatas nigropectus,Baryphthengus ruficapillus,Hypoedaleus guttatus,Hypoedaleus guttatus,Baryphthengus ruficapillus,Biatas nigropectus,Biatas nigropectus,Biatas nigropectus,Hypoedaleus guttatus,Baryphthengus,Momotidae,3,Medio
2374,Baryphthengus ruficapillus,Baryphthengus ruficapillus,Baryphthengus ruficapillus,Baryphthengus ruficapillus,Baryphthengus ruficapillus,Baryphthengus ruficapillus,Baryphthengus ruficapillus,Odontophorus capueira,Baryphthengus ruficapillus,Baryphthengus ruficapillus,Baryphthengus ruficapillus,Baryphthengus ruficapillus,Baryphthengus,Momotidae,3,Medio
2377,Baryphthengus ruficapillus,Baryphthengus ruficapillus,Baryphthengus ruficapillus,Baryphthengus ruficapillus,Baryphthengus ruficapillus,Baryphthengus ruficapillus,Baryphthengus ruficapillus,Baryphthengus ruficapillus,Baryphthengus ruficapillus,Baryphthengus ruficapillus,Baryphthengus ruficapillus,Baryphthengus ruficapillus,Baryphthengus,Momotidae,3,Medio
2378,Baryphthengus ruficapillus,Baryphthengus ruficapillus,Biatas nigropectus,Biatas nigropectus,Turdus albicollis,Baryphthengus ruficapillus,Baryphthengus ruficapillus,Notharchus swainsoni,Biatas nigropectus,Biatas nigropectus,Biatas nigropectus,Baryphthengus ruficapillus,Baryphthengus,Momotidae,3,Medio
2380,Baryphthengus ruficapillus,Tachyphonus coronatus,Cyanoloxia brissonii,Baryphthengus ruficapillus,Baryphthengus ruficapillus,Cyanoloxia brissonii,Tachyphonus coronatus,Alouatta caraya,Cyanoloxia brissonii,Cyanoloxia brissonii,Cyanoloxia brissonii,Tachyphonus coronatus,Baryphthengus,Momotidae,3,Medio
2382,Baryphthengus ruficapillus,Baryphthengus ruficapillus,Baryphthengus ruficapillus,Baryphthengus ruficapillus,Baryphthengus ruficapillus,Baryphthengus ruficapillus,Baryphthengus ruficapillus,Baryphthengus ruficapillus,Baryphthengus ruficapillus,Baryphthengus ruficapillus,Baryphthengus ruficapillus,Baryphthengus ruficapillus,Baryphthengus,Momotidae,3,Medio
2384,Baryphthengus ruficapillus,Baryphthengus ruficapillus,Biatas nigropectus,Baryphthengus ruficapillus,Baryphthengus ruficapillus,Baryphthengus ruficapillus,Baryphthengus ruficapillus,Baryphthengus ruficapillus,Biatas nigropectus,Biatas nigropectus,Biatas nigropectus,Baryphthengus ruficapillus,Baryphthengus,Momotidae,3,Medio
2385,Baryphthengus ruficapillus,Baryphthengus ruficapillus,Baryphthengus ruficapillus,Baryphthengus ruficapillus,Baryphthengus ruficapillus,Baryphthengus ruficapillus,Baryphthengus ruficapillus,Baryphthengus ruficapillus,Baryphthengus ruficapillus,Baryphthengus ruficapillus,Baryphthengus ruficapillus,Baryphthengus ruficapillus,Baryphthengus,Momotidae,3,Medio
2387,Baryphthengus ruficapillus,Baryphthengus ruficapillus,Turdus albicollis,Turdus albicollis,Turdus albicollis,Baryphthengus ruficapillus,Baryphthengus ruficapillus,Baryphthengus ruficapillus,Turdus albicollis,Turdus albicollis,Turdus albicollis,Baryphthengus ruficapillus,Baryphthengus,Momotidae,3,Medio
2388,Eira barbara,Herpailurus yagouaroundi,Eira barbara,Crypturellus tataupa,Crypturellus tataupa,Eira barbara,Eira barbara,Eira barbara,Eira barbara,Eira barbara,Eira barbara,Herpailurus yagouaroundi,Eira,Mustelidae,2,Bajo
2389,Eira barbara,Galictis cuja,Galictis cuja,Galictis cuja,Cerdocyon thous,Lontra longicaudis,Galictis cuja,Didelphis aurita,Galictis cuja,Galictis cuja,Galictis cuja,Galictis cuja,Eira,Mustelidae,2,Bajo
2390,Eira barbara,Procyon cancrivorus,Cuniculus paca,Cuniculus paca,Cuniculus paca,Eira barbara,Cerdocyon thous,Cerdocyon thous,Cuniculus paca,Cuniculus paca,Cuniculus paca,Procyon cancrivorus,Eira,Mustelidae,2,Bajo
2391,Eira barbara,Cuniculus paca,Crypturellus tataupa,Crypturellus tataupa,Crypturellus tataupa,Eira barbara,Dasyprocta azarae,Eira barbara,Crypturellus tataupa,Crypturellus tataupa,Crypturellus tataupa,Cuniculus paca,Eira,Mustelidae,2,Bajo
2392,Eira barbara,Galictis cuja,Tamandua tetradactyla,Herpailurus yagouaroundi,Didelphis aurita,Eira barbara,Eira barbara,Eira barbara,Tamandua tetradactyla,Tamandua tetradactyla,Tamandua tetradactyla,Galictis cuja,Eira,Mustelidae,2,Bajo
2395,Eira barbara,Puma concolor,Eira barbara,Eira barbara,Crypturellus tataupa,Myiothlypis leucoblephara,Cerdocyon thous,Eira barbara,Eira barbara,Eira barbara,Eira barbara,Puma concolor,Eira,Mustelidae,2,Bajo
2396,Eira barbara,Eira barbara,Eira barbara,Eira barbara,Eira barbara,Eira barbara,Eira barbara,Eira barbara,Eira barbara,Eira barbara,Eira barbara,Eira barbara,Eira,Mustelidae,2,Bajo
2398,Eira barbara,Eira barbara,Eira barbara,Eira barbara,Eira barbara,Eira barbara,Eira barbara,Eira barbara,Eira barbara,Eira barbara,Eira barbara,Eira barbara,Eira,Mustelidae,2,Bajo
2399,Eira barbara,Eira barbara,Eira barbara,Eira barbara,Eira barbara,Eira barbara,Eira barbara,Eira barbara,Eira barbara,Eira barbara,Eira barbara,Eira barbara,Eira,Mustelidae,2,Bajo
2400,Eira barbara,Eira barbara,Eira barbara,Eira barbara,Eira barbara,Eira barbara,Eira barbara,Eira barbara,Eira barbara,Eira barbara,Eira barbara,Eira barbara,Eira,Mustelidae,2,Bajo
2401,Eira barbara,Eira barbara,Eira barbara,Eira barbara,Eira barbara,Eira barbara,Eira barbara,Eira barbara,Eira barbara,Eira barbara,Eira barbara,Eira barbara,Eira,Mustelidae,2,Bajo
2402,Eira barbara,Eira barbara,Cerdocyon thous,Eira barbara,Eira barbara,Eira barbara,Eira barbara,Eira barbara,Cerdocyon thous,Cerdocyon thous,Cerdocyon thous,Eira barbara,Eira,Mustelidae,2,Bajo
2403,Eira barbara,Eira barbara,Eira barbara,Eira barbara,Eira barbara,Eira barbara,Eira barbara,Eira barbara,Eira barbara,Eira barbara,Eira barbara,Eira barbara,Eira,Mustelidae,2,Bajo
2404,Eira barbara,Eira barbara,Eira barbara,Eira barbara,Eira barbara,Eira barbara,Eira barbara,Eira barbara,Eira barbara,Eira barbara,Eira barbara,Eira barbara,Eira,Mustelidae,2,Bajo
2405,Eira barbara,Eira barbara,Eira barbara,Eira barbara,Eira barbara,Eira barbara,Eira barbara,Eira barbara,Eira barbara,Eira barbara,Eira barbara,Eira barbara,Eira,Mustelidae,2,Bajo
2406,Eira barbara,Herpailurus yagouaroundi,Galictis cuja,Eira barbara,Galictis cuja,Eira barbara,Eira barbara,Eira barbara,Galictis cuja,Galictis cuja,Galictis cuja,Herpailurus yagouaroundi,Eira,Mustelidae,2,Bajo
2407,Eira barbara,Herpailurus yagouaroundi,Sus scrofa,Herpailurus yagouaroundi,Herpailurus yagouaroundi,Salvator merianae,Salvator merianae,Lontra longicaudis,Sus scrofa,Sus scrofa,Sus scrofa,Herpailurus yagouaroundi,Eira,Mustelidae,2,Bajo
2408,Eira barbara,Eira barbara,Pecari tajacu,Eira barbara,Eira barbara,Eira barbara,Eira barbara,Galictis cuja,Pecari tajacu,Pecari tajacu,Pecari tajacu,Eira barbara,Eira,Mustelidae,2,Bajo
2409,Eira barbara,Eira barbara,Herpailurus yagouaroundi,Eira barbara,Dasyprocta azarae,Eira barbara,Eira barbara,Dasyprocta azarae,Herpailurus yagouaroundi,Herpailurus yagouaroundi,Herpailurus yagouaroundi,Eira barbara,Eira,Mustelidae,2,Bajo
2410,Eira barbara,Herpailurus yagouaroundi,Pecari tajacu,Aramides saracura,Herpailurus yagouaroundi,Galictis cuja,Galictis cuja,Herpailurus yagouaroundi,Pecari tajacu,Pecari tajacu,Pecari tajacu,Herpailurus yagouaroundi,Eira,Mustelidae,2,Bajo
2411,Eira barbara,Tayassu pecari,Pecari tajacu,Crypturellus obsoletus,Pecari tajacu,Pecari tajacu,Dasyprocta azarae,Sus scrofa,Pecari tajacu,Pecari tajacu,Pecari tajacu,Tayassu pecari,Eira,Mustelidae,2,Bajo
2412,Eira barbara,Herpailurus yagouaroundi,Herpailurus yagouaroundi,Crypturellus obsoletus,Crypturellus obsoletus,Penelope superciliaris,Dasyprocta azarae,Dasyprocta azarae,Herpailurus yagouaroundi,Herpailurus yagouaroundi,Herpailurus yagouaroundi,Herpailurus yagouaroundi,Eira,Mustelidae,2,Bajo
2413,Eira barbara,Eira barbara,Galictis cuja,Eira barbara,Galictis cuja,Eira barbara,Eira barbara,Eira barbara,Galictis cuja,Galictis cuja,Galictis cuja,Eira barbara,Eira,Mustelidae,2,Bajo
2414,Eira barbara,Salvator merianae,Salvator merianae,Dasyprocta azarae,Eira barbara,Salvator merianae,Salvator merianae,Salvator merianae,Salvator merianae,Salvator merianae,Salvator merianae,Salvator merianae,Eira,Mustelidae,2,Bajo
2415,Eira barbara,Herpailurus yagouaroundi,Crypturellus tataupa,Crypturellus tataupa,Crypturellus tataupa,Salvator merianae,Eira barbara,Eira barbara,Crypturellus tataupa,Crypturellus tataupa,Crypturellus tataupa,Herpailurus yagouaroundi,Eira,Mustelidae,2,Bajo
2417,Eira barbara,Eira barbara,Galictis cuja,Eira barbara,Eira barbara,Eira barbara,Eira barbara,Eira barbara,Galictis cuja,Galictis cuja,Galictis cuja,Eira barbara,Eira,Mustelidae,2,Bajo
2419,Eira barbara,Galictis cuja,Herpailurus yagouaroundi,Galictis cuja,Galictis cuja,Galictis cuja,Galictis cuja,Galictis cuja,Herpailurus yagouaroundi,Herpailurus yagouaroundi,Herpailurus yagouaroundi,Galictis cuja,Eira,Mustelidae,2,Bajo
2420,Eira barbara,Cerdocyon thous,Herpailurus yagouaroundi,Galictis cuja,Galictis cuja,Didelphis aurita,Cerdocyon thous,Didelphis albiventris,Herpailurus yagouaroundi,Herpailurus yagouaroundi,Herpailurus yagouaroundi,Cerdocyon thous,Eira,Mustelidae,2,Bajo
2421,Eira barbara,Tayassu pecari,Leptotila verreauxi,Galictis cuja,Crypturellus tataupa,Salvator merianae,Salvator merianae,Sapajus nigritus,Leptotila verreauxi,Leptotila verreauxi,Leptotila verreauxi,Tayassu pecari,Eira,Mustelidae,2,Bajo
2423,Eira barbara,Eira barbara,Eira barbara,Eira barbara,Eira barbara,Eira barbara,Eira barbara,Eira barbara,Eira barbara,Eira barbara,Eira barbara,Eira barbara,Eira,Mustelidae,2,Bajo
2424,Eira barbara,Eira barbara,Eira barbara,Eira barbara,Galictis cuja,Eira barbara,Eira barbara,Eira barbara,Eira barbara,Eira barbara,Eira barbara,Eira barbara,Eira,Mustelidae,2,Bajo
2425,Eira barbara,Eira barbara,Galictis cuja,Galictis cuja,Galictis cuja,Eira barbara,Eira barbara,Eira barbara,Galictis cuja,Galictis cuja,Galictis cuja,Eira barbara,Eira,Mustelidae,2,Bajo
2426,Eira barbara,Eira barbara,Eira barbara,Eira barbara,Eira barbara,Eira barbara,Eira barbara,Eira barbara,Eira barbara,Eira barbara,Eira barbara,Eira barbara,Eira,Mustelidae,2,Bajo
2428,Eira barbara,Cuniculus paca,Tamandua tetradactyla,Crypturellus tataupa,Crypturellus tataupa,Eira barbara,Eira barbara,Eira barbara,Tamandua tetradactyla,Tamandua tetradactyla,Tamandua tetradactyla,Cuniculus paca,Eira,Mustelidae,2,Bajo
2430,Eira barbara,Herpailurus yagouaroundi,Galictis cuja,Eira barbara,Eira barbara,Galictis cuja,Galictis cuja,Herpailurus yagouaroundi,Galictis cuja,Galictis cuja,Galictis cuja,Galictis cuja,Eira,Mustelidae,2,Bajo
2431,Eira barbara,Eira barbara,Eira barbara,Crypturellus tataupa,Eira barbara,Eira barbara,Eira barbara,Eira barbara,Eira barbara,Eira barbara,Eira barbara,Eira barbara,Eira,Mustelidae,2,Bajo
2432,Eira barbara,Eira barbara,Eira barbara,Eira barbara,Eira barbara,Eira barbara,Eira barbara,Eira barbara,Eira barbara,Eira barbara,Eira barbara,Eira barbara,Eira,Mustelidae,2,Bajo
2434,Eira barbara,Eira barbara,Eira barbara,Eira barbara,Eira barbara,Eira barbara,Eira barbara,Eira barbara,Eira barbara,Eira barbara,Eira barbara,Eira barbara,Eira,Mustelidae,2,Bajo
2435,Eira barbara,Myrmecophaga tridactyla,Cuniculus paca,Cerdocyon thous,Cabassous tatouay,Eira barbara,Myrmecophaga tridactyla,Eira barbara,Cuniculus paca,Cuniculus paca,Cuniculus paca,Myrmecophaga tridactyla,Eira,Mustelidae,2,Bajo
2436,Eira barbara,Herpailurus yagouaroundi,Herpailurus yagouaroundi,Sus scrofa,Sus scrofa,Sus scrofa,Sus scrofa,Sus scrofa,Herpailurus yagouaroundi,Herpailurus yagouaroundi,Herpailurus yagouaroundi,Herpailurus yagouaroundi,Eira,Mustelidae,2,Bajo
2437,Eira barbara,Herpailurus yagouaroundi,Herpailurus yagouaroundi,Herpailurus yagouaroundi,Herpailurus yagouaroundi,Tamandua tetradactyla,Tamandua tetradactyla,Herpailurus yagouaroundi,Herpailurus yagouaroundi,Herpailurus yagouaroundi,Herpailurus yagouaroundi,Herpailurus yagouaroundi,Eira,Mustelidae,2,Bajo
2440,Eira barbara,Eira barbara,Herpailurus yagouaroundi,Galictis cuja,Eira barbara,Nasua nasua,Eira barbara,Galictis cuja,Herpailurus yagouaroundi,Herpailurus yagouaroundi,Herpailurus yagouaroundi,Eira barbara,Eira,Mustelidae,2,Bajo
2443,Eira barbara,Myrmecophaga tridactyla,Sus scrofa,Cuniculus paca,Sus scrofa,Eira barbara,Myrmecophaga tridactyla,Sus scrofa,Sus scrofa,Sus scrofa,Sus scrofa,Myrmecophaga tridactyla,Eira,Mustelidae,2,Bajo
2444,Eira barbara,Tayassu pecari,Herpailurus yagouaroundi,Crypturellus tataupa,Crypturellus tataupa,Eira barbara,Eira barbara,Myrmecophaga tridactyla,Herpailurus yagouaroundi,Herpailurus yagouaroundi,Herpailurus yagouaroundi,Tayassu pecari,Eira,Mustelidae,2,Bajo
2445,Eira barbara,Eira barbara,Eira barbara,Eira barbara,Eira barbara,Eira barbara,Eira barbara,Eira barbara,Eira barbara,Eira barbara,Eira barbara,Eira barbara,Eira,Mustelidae,2,Bajo
2446,Eira barbara,Eira barbara,Eira barbara,Eira barbara,Eira barbara,Eira barbara,Eira barbara,Alouatta guariba clamitans,Eira barbara,Eira barbara,Eira barbara,Eira barbara,Eira,Mustelidae,2,Bajo
2447,Eira barbara,Eira barbara,Eira barbara,Eira barbara,Eira barbara,Eira barbara,Eira barbara,Eira barbara,Eira barbara,Eira barbara,Eira barbara,Eira barbara,Eira,Mustelidae,2,Bajo
2448,Eira barbara,Eira barbara,Galictis cuja,Galictis cuja,Eira barbara,Eira barbara,Eira barbara,Eira barbara,Galictis cuja,Galictis cuja,Galictis cuja,Eira barbara,Eira,Mustelidae,2,Bajo
2449,Eira barbara,Eira barbara,Eira barbara,Eira barbara,Eira barbara,Eira barbara,Eira barbara,Eira barbara,Eira barbara,Eira barbara,Eira barbara,Eira barbara,Eira,Mustelidae,2,Bajo
2450,Eira barbara,Tayassu pecari,Crypturellus tataupa,Crypturellus tataupa,Crypturellus tataupa,Eira barbara,Eira barbara,Eira barbara,Crypturellus tataupa,Crypturellus tataupa,Crypturellus tataupa,Cuniculus paca,Eira,Mustelidae,2,Bajo
2451,Eira barbara,Eira barbara,Eira barbara,Eira barbara,Eira barbara,Eira barbara,Eira barbara,Eira barbara,Eira barbara,Eira barbara,Eira barbara,Eira barbara,Eira,Mustelidae,2,Bajo
2452,Eira barbara,Eira barbara,Eira barbara,Eira barbara,Eira barbara,Eira barbara,Eira barbara,Eira barbara,Eira barbara,Eira barbara,Eira barbara,Eira barbara,Eira,Mustelidae,2,Bajo
2453,Eira barbara,Galictis cuja,Galictis cuja,Cerdocyon thous,Cerdocyon thous,Galictis cuja,Galictis cuja,Galictis cuja,Galictis cuja,Galictis cuja,Galictis cuja,Galictis cuja,Eira,Mustelidae,2,Bajo
2454,Eira barbara,Eira barbara,Eira barbara,Didelphis aurita,Eira barbara,Eira barbara,Eira barbara,Galictis cuja,Eira barbara,Eira barbara,Eira barbara,Eira barbara,Eira,Mustelidae,2,Bajo
2455,Galictis cuja,Galictis cuja,Didelphis aurita,Galictis cuja,Galictis cuja,Galictis cuja,Galictis cuja,Galictis cuja,Didelphis aurita,Didelphis aurita,Didelphis aurita,Galictis cuja,Galictis,Mustelidae,1,Bajo
2456,Galictis cuja,Galictis cuja,Galictis cuja,Galictis cuja,Galictis cuja,Galictis cuja,Galictis cuja,Galictis cuja,Galictis cuja,Galictis cuja,Galictis cuja,Galictis cuja,Galictis,Mustelidae,1,Bajo
2457,Galictis cuja,Tamandua tetradactyla,Didelphis albiventris,Didelphis albiventris,Galictis cuja,Galictis cuja,Galictis cuja,Galictis cuja,Didelphis albiventris,Didelphis albiventris,Didelphis albiventris,Tamandua tetradactyla,Galictis,Mustelidae,1,Bajo
2458,Galictis cuja,Tayassu pecari,Eira barbara,Crypturellus tataupa,Crypturellus tataupa,Eira barbara,Eira barbara,Dasyprocta azarae,Eira barbara,Eira barbara,Eira barbara,Tayassu pecari,Galictis,Mustelidae,1,Bajo
2459,Galictis cuja,Myrmecophaga tridactyla,Nothura maculosa,Eira barbara,Myrmecophaga tridactyla,Nothura maculosa,Myrmecophaga tridactyla,Myrmecophaga tridactyla,Nothura maculosa,Nothura maculosa,Nothura maculosa,Myrmecophaga tridactyla,Galictis,Mustelidae,1,Bajo
2460,Galictis cuja,Galictis cuja,Nasua nasua,Didelphis albiventris,Galictis cuja,Galictis cuja,Galictis cuja,Nasua nasua,Nasua nasua,Nasua nasua,Nasua nasua,Galictis cuja,Galictis,Mustelidae,1,Bajo
2463,Galictis cuja,Galictis cuja,Galictis cuja,Galictis cuja,Galictis cuja,Galictis cuja,Galictis cuja,Galictis cuja,Galictis cuja,Galictis cuja,Galictis cuja,Galictis cuja,Galictis,Mustelidae,1,Bajo
2464,Galictis cuja,Galictis cuja,Galictis cuja,Cerdocyon thous,Galictis cuja,Galictis cuja,Galictis cuja,Cerdocyon thous,Galictis cuja,Galictis cuja,Galictis cuja,Galictis cuja,Galictis,Mustelidae,1,Bajo
2465,Galictis cuja,Nasua nasua,Eira barbara,Eira barbara,Galictis cuja,Galictis cuja,Galictis cuja,Nasua nasua,Eira barbara,Eira barbara,Eira barbara,Nasua nasua,Galictis,Mustelidae,1,Bajo
2466,Galictis cuja,Galictis cuja,Cerdocyon thous,Cerdocyon thous,Cerdocyon thous,Galictis cuja,Galictis cuja,Galictis cuja,Cerdocyon thous,Cerdocyon thous,Cerdocyon thous,Galictis cuja,Galictis,Mustelidae,1,Bajo
2467,Galictis cuja,Dasyprocta azarae,Tamandua tetradactyla,Crypturellus tataupa,Crypturellus tataupa,Dasyprocta azarae,Eira barbara,Cuniculus paca,Tamandua tetradactyla,Tamandua tetradactyla,Tamandua tetradactyla,Dasyprocta azarae,Galictis,Mustelidae,1,Bajo
2468,Galictis cuja,Nasua nasua,Galictis cuja,Galictis cuja,Galictis cuja,Galictis cuja,Galictis cuja,Galictis cuja,Galictis cuja,Galictis cuja,Galictis cuja,Nasua nasua,Galictis,Mustelidae,1,Bajo
2469,Galictis cuja,Leopardus guttulus,Eira barbara,Crypturellus obsoletus,Crypturellus obsoletus,Galictis cuja,Galictis cuja,Salvator merianae,Eira barbara,Eira barbara,Eira barbara,Leopardus guttulus,Galictis,Mustelidae,1,Bajo
2470,Galictis cuja,Galictis cuja,Myrmecophaga tridactyla,Galictis cuja,Galictis cuja,Galictis cuja,Galictis cuja,Galictis cuja,Myrmecophaga tridactyla,Myrmecophaga tridactyla,Myrmecophaga tridactyla,Galictis cuja,Galictis,Mustelidae,1,Bajo
2471,Galictis cuja,Tamandua tetradactyla,Herpailurus yagouaroundi,Galictis cuja,Galictis cuja,Galictis cuja,Galictis cuja,Galictis cuja,Herpailurus yagouaroundi,Herpailurus yagouaroundi,Herpailurus yagouaroundi,Tamandua tetradactyla,Galictis,Mustelidae,1,Bajo
2472,Galictis cuja,Leopardus wiedii,Leptotila verreauxi,Galictis cuja,Dasyprocta azarae,Leopardus guttulus,Leopardus guttulus,Leopardus guttulus,Leptotila verreauxi,Leptotila verreauxi,Leptotila verreauxi,Leopardus pardalis,Galictis,Mustelidae,1,Bajo
2473,Galictis cuja,Galictis cuja,Galictis cuja,Galictis cuja,Eira barbara,Galictis cuja,Galictis cuja,Galictis cuja,Galictis cuja,Galictis cuja,Galictis cuja,Galictis cuja,Galictis,Mustelidae,1,Bajo
2475,Galictis cuja,Galictis cuja,Eira barbara,Eira barbara,Eira barbara,Eira barbara,Galictis cuja,Galictis cuja,Eira barbara,Eira barbara,Eira barbara,Galictis cuja,Galictis,Mustelidae,1,Bajo
2476,Galictis cuja,Galictis cuja,Galictis cuja,Galictis cuja,Galictis cuja,Galictis cuja,Galictis cuja,Eira barbara,Galictis cuja,Galictis cuja,Galictis cuja,Nasua nasua,Galictis,Mustelidae,1,Bajo
2477,Galictis cuja,Galictis cuja,Galictis cuja,Galictis cuja,Galictis cuja,Galictis cuja,Galictis cuja,Galictis cuja,Galictis cuja,Galictis cuja,Galictis cuja,Galictis cuja,Galictis,Mustelidae,1,Bajo
2478,Galictis cuja,Galictis cuja,Galictis cuja,Galictis cuja,Galictis cuja,Galictis cuja,Galictis cuja,Galictis cuja,Galictis cuja,Galictis cuja,Galictis cuja,Galictis cuja,Galictis,Mustelidae,1,Bajo
2479,Galictis cuja,Procyon cancrivorus,Cuniculus paca,Cabassous tatouay,Cabassous tatouay,Galictis cuja,Cerdocyon thous,Procyon cancrivorus,Cuniculus paca,Cuniculus paca,Cuniculus paca,Procyon cancrivorus,Galictis,Mustelidae,1,Bajo
2480,Galictis cuja,Nasua nasua,Nasua nasua,Nasua nasua,Nasua nasua,Nasua nasua,Nasua nasua,Nasua nasua,Nasua nasua,Nasua nasua,Nasua nasua,Nasua nasua,Galictis,Mustelidae,1,Bajo
2482,Galictis cuja,Sus scrofa,Hydrochoerus hydrochaeris,Hydrochoerus hydrochaeris,Sus scrofa,Myrmecophaga tridactyla,Sus scrofa,Sus scrofa,Hydrochoerus hydrochaeris,Hydrochoerus hydrochaeris,Hydrochoerus hydrochaeris,Sus scrofa,Galictis,Mustelidae,1,Bajo
2483,Galictis cuja,Eira barbara,Nasua nasua,Nasua nasua,Eira barbara,Tamandua tetradactyla,Eira barbara,Tamandua tetradactyla,Nasua nasua,Nasua nasua,Nasua nasua,Eira barbara,Galictis,Mustelidae,1,Bajo
2484,Galictis cuja,Galictis cuja,Galictis cuja,Galictis cuja,Galictis cuja,Galictis cuja,Galictis cuja,Galictis cuja,Galictis cuja,Galictis cuja,Galictis cuja,Galictis cuja,Galictis,Mustelidae,1,Bajo
2485,Galictis cuja,Galictis cuja,Cerdocyon thous,Galictis cuja,Galictis cuja,Galictis cuja,Galictis cuja,Galictis cuja,Cerdocyon thous,Cerdocyon thous,Cerdocyon thous,Galictis cuja,Galictis,Mustelidae,1,Bajo
2486,Galictis cuja,Galictis cuja,Galictis cuja,Galictis cuja,Galictis cuja,Galictis cuja,Galictis cuja,Galictis cuja,Galictis cuja,Galictis cuja,Galictis cuja,Galictis cuja,Galictis,Mustelidae,1,Bajo
2487,Galictis cuja,Galictis cuja,Dasyprocta azarae,Dasyprocta azarae,Dasyprocta azarae,Galictis cuja,Galictis cuja,Eira barbara,Dasyprocta azarae,Dasyprocta azarae,Dasyprocta azarae,Galictis cuja,Galictis,Mustelidae,1,Bajo
2488,Galictis cuja,Didelphis albiventris,Leopardus wiedii,Dasypus novemcinctus,Dasypus novemcinctus,Dasypus novemcinctus,Didelphis albiventris,Didelphis albiventris,Leopardus wiedii,Leopardus wiedii,Leopardus wiedii,Didelphis albiventris,Galictis,Mustelidae,1,Bajo
2489,Galictis cuja,Galictis cuja,Galictis cuja,Galictis cuja,Galictis cuja,Galictis cuja,Galictis cuja,Galictis cuja,Galictis cuja,Galictis cuja,Galictis cuja,Galictis cuja,Galictis,Mustelidae,1,Bajo
2490,Galictis cuja,Galictis cuja,Galictis cuja,Galictis cuja,Galictis cuja,Galictis cuja,Galictis cuja,Galictis cuja,Galictis cuja,Galictis cuja,Galictis cuja,Galictis cuja,Galictis,Mustelidae,1,Bajo
2491,Galictis cuja,Galictis cuja,Galictis cuja,Galictis cuja,Galictis cuja,Galictis cuja,Galictis cuja,Tamandua tetradactyla,Galictis cuja,Galictis cuja,Galictis cuja,Galictis cuja,Galictis,Mustelidae,1,Bajo
2494,Galictis cuja,Galictis cuja,Cerdocyon thous,Cerdocyon thous,Galictis cuja,Galictis cuja,Galictis cuja,Didelphis albiventris,Cerdocyon thous,Cerdocyon thous,Cerdocyon thous,Galictis cuja,Galictis,Mustelidae,1,Bajo
2496,Galictis cuja,Galictis cuja,Galictis cuja,Cerdocyon thous,Galictis cuja,Galictis cuja,Galictis cuja,Galictis cuja,Galictis cuja,Galictis cuja,Galictis cuja,Galictis cuja,Galictis,Mustelidae,1,Bajo
2497,Galictis cuja,Galictis cuja,Galictis cuja,Eira barbara,Eira barbara,Galictis cuja,Galictis cuja,Eira barbara,Galictis cuja,Galictis cuja,Galictis cuja,Galictis cuja,Galictis,Mustelidae,1,Bajo
2498,Galictis cuja,Galictis cuja,Galictis cuja,Galictis cuja,Didelphis aurita,Galictis cuja,Galictis cuja,Galictis cuja,Galictis cuja,Galictis cuja,Galictis cuja,Galictis cuja,Galictis,Mustelidae,1,Bajo
2499,Galictis cuja,Galictis cuja,Galictis cuja,Galictis cuja,Galictis cuja,Galictis cuja,Galictis cuja,Nasua nasua,Galictis cuja,Galictis cuja,Galictis cuja,Galictis cuja,Galictis,Mustelidae,1,Bajo
2500,Galictis cuja,Galictis cuja,Cerdocyon thous,Cerdocyon thous,Cerdocyon thous,Galictis cuja,Galictis cuja,Cerdocyon thous,Cerdocyon thous,Cerdocyon thous,Cerdocyon thous,Galictis cuja,Galictis,Mustelidae,1,Bajo
2501,Galictis cuja,Tamandua tetradactyla,Eira barbara,Eira barbara,Eira barbara,Tamandua tetradactyla,Galictis cuja,Herpailurus yagouaroundi,Eira barbara,Eira barbara,Eira barbara,Herpailurus yagouaroundi,Galictis,Mustelidae,1,Bajo
2502,Galictis cuja,Galictis cuja,Cerdocyon thous,Galictis cuja,Galictis cuja,Galictis cuja,Galictis cuja,Galictis cuja,Cerdocyon thous,Cerdocyon thous,Cerdocyon thous,Galictis cuja,Galictis,Mustelidae,1,Bajo
2503,Galictis cuja,Galictis cuja,Galictis cuja,Galictis cuja,Galictis cuja,Galictis cuja,Galictis cuja,Galictis cuja,Galictis cuja,Galictis cuja,Galictis cuja,Galictis cuja,Galictis,Mustelidae,1,Bajo
2504,Galictis cuja,Galictis cuja,Galictis cuja,Galictis cuja,Galictis cuja,Galictis cuja,Galictis cuja,Galictis cuja,Galictis cuja,Galictis cuja,Galictis cuja,Galictis cuja,Galictis,Mustelidae,1,Bajo
2505,Galictis cuja,Dasyprocta azarae,Herpailurus yagouaroundi,Dasyprocta azarae,Crypturellus obsoletus,Dasyprocta azarae,Dasyprocta azarae,Galictis cuja,Herpailurus yagouaroundi,Herpailurus yagouaroundi,Herpailurus yagouaroundi,Dasyprocta azarae,Galictis,Mustelidae,1,Bajo
2506,Galictis cuja,Galictis cuja,Galictis cuja,Galictis cuja,Galictis cuja,Galictis cuja,Galictis cuja,Galictis cuja,Galictis cuja,Galictis cuja,Galictis cuja,Galictis cuja,Galictis,Mustelidae,1,Bajo
2507,Galictis cuja,Tamandua tetradactyla,Salvator merianae,Crypturellus obsoletus,Crypturellus obsoletus,Tamandua tetradactyla,Salvator merianae,Salvator merianae,Salvator merianae,Salvator merianae,Salvator merianae,Tamandua tetradactyla,Galictis,Mustelidae,1,Bajo
2508,Galictis cuja,Eira barbara,Tamandua tetradactyla,Crypturellus tataupa,Eira barbara,Eira barbara,Eira barbara,Eira barbara,Tamandua tetradactyla,Tamandua tetradactyla,Tamandua tetradactyla,Eira barbara,Galictis,Mustelidae,1,Bajo
2510,Galictis cuja,Eira barbara,Eira barbara,Eira barbara,Eira barbara,Eira barbara,Eira barbara,Eira barbara,Eira barbara,Eira barbara,Eira barbara,Eira barbara,Galictis,Mustelidae,1,Bajo
2512,Galictis cuja,Eira barbara,Eira barbara,Eira barbara,Eira barbara,Eira barbara,Eira barbara,Eira barbara,Eira barbara,Eira barbara,Eira barbara,Eira barbara,Galictis,Mustelidae,1,Bajo
2514,Galictis cuja,Nasua nasua,Sapajus nigritus,Eira barbara,Eira barbara,Eira barbara,Eira barbara,Eira barbara,Sapajus nigritus,Sapajus nigritus,Sapajus nigritus,Nasua nasua,Galictis,Mustelidae,1,Bajo
2518,Galictis cuja,Tamandua tetradactyla,Pecari tajacu,Herpailurus yagouaroundi,Tamandua tetradactyla,Tamandua tetradactyla,Tamandua tetradactyla,Tamandua tetradactyla,Pecari tajacu,Pecari tajacu,Pecari tajacu,Tamandua tetradactyla,Galictis,Mustelidae,1,Bajo
2519,Galictis cuja,Sus scrofa,Eira barbara,Eira barbara,Eira barbara,Eira barbara,Galictis cuja,Eira barbara,Eira barbara,Eira barbara,Eira barbara,Sus scrofa,Galictis,Mustelidae,1,Bajo
2520,Galictis cuja,Galictis cuja,Eira barbara,Dasyprocta azarae,Dasyprocta azarae,Galictis cuja,Galictis cuja,Lontra longicaudis,Eira barbara,Eira barbara,Eira barbara,Galictis cuja,Galictis,Mustelidae,1,Bajo
2521,Galictis cuja,Tamandua tetradactyla,Tamandua tetradactyla,Salvator merianae,Salvator merianae,Tamandua tetradactyla,Tamandua tetradactyla,Salvator merianae,Tamandua tetradactyla,Tamandua tetradactyla,Tamandua tetradactyla,Tamandua tetradactyla,Galictis,Mustelidae,1,Bajo
2522,Lontra longicaudis,Galictis cuja,Sus scrofa,Herpailurus yagouaroundi,Lontra longicaudis,Hydrochoerus hydrochaeris,Galictis cuja,Nasua nasua,Sus scrofa,Sus scrofa,Sus scrofa,Galictis cuja,Lontra,Mustelidae,4,Alto
2523,Lontra longicaudis,Lontra longicaudis,Sus scrofa,Eira barbara,Eira barbara,Lontra longicaudis,Lontra longicaudis,Galictis cuja,Sus scrofa,Sus scrofa,Sus scrofa,Lontra longicaudis,Lontra,Mustelidae,4,Alto
2524,Lontra longicaudis,Lontra longicaudis,Lontra longicaudis,Crypturellus obsoletus,Crypturellus obsoletus,Lontra longicaudis,Lontra longicaudis,Galictis cuja,Lontra longicaudis,Lontra longicaudis,Lontra longicaudis,Lontra longicaudis,Lontra,Mustelidae,4,Alto
2525,Lontra longicaudis,Eira barbara,Eira barbara,Eira barbara,Eira barbara,Eira barbara,Eira barbara,Eira barbara,Eira barbara,Eira barbara,Eira barbara,Eira barbara,Lontra,Mustelidae,4,Alto
2526,Lontra longicaudis,Lontra longicaudis,Lontra longicaudis,Lontra longicaudis,Phrynops williamsi,Lontra longicaudis,Lontra longicaudis,Lontra longicaudis,Lontra longicaudis,Lontra longicaudis,Lontra longicaudis,Lontra longicaudis,Lontra,Mustelidae,4,Alto
2527,Lontra longicaudis,Cabassous tatouay,Cuniculus paca,Cabassous tatouay,Cabassous tatouay,Cerdocyon thous,Cerdocyon thous,Cerdocyon thous,Cuniculus paca,Cuniculus paca,Cuniculus paca,Cabassous tatouay,Lontra,Mustelidae,4,Alto
2528,Lontra longicaudis,Eira barbara,Crypturellus tataupa,Crypturellus tataupa,Crypturellus tataupa,Eira barbara,Eira barbara,Eira barbara,Crypturellus tataupa,Crypturellus tataupa,Crypturellus tataupa,Eira barbara,Lontra,Mustelidae,4,Alto
2530,Lontra longicaudis,Lontra longicaudis,Lontra longicaudis,Lontra longicaudis,Lontra longicaudis,Lontra longicaudis,Lontra longicaudis,Lontra longicaudis,Lontra longicaudis,Lontra longicaudis,Lontra longicaudis,Lontra longicaudis,Lontra,Mustelidae,4,Alto
2531,Lontra longicaudis,Lontra longicaudis,Lontra longicaudis,Lontra longicaudis,Lontra longicaudis,Lontra longicaudis,Lontra longicaudis,Lontra longicaudis,Lontra longicaudis,Lontra longicaudis,Lontra longicaudis,Lontra longicaudis,Lontra,Mustelidae,4,Alto
2532,Lontra longicaudis,Eira barbara,Galictis cuja,Eira barbara,Eira barbara,Lontra longicaudis,Eira barbara,Lontra longicaudis,Galictis cuja,Galictis cuja,Galictis cuja,Eira barbara,Lontra,Mustelidae,4,Alto
2533,Lontra longicaudis,Lontra longicaudis,Lontra longicaudis,Lontra longicaudis,Lontra longicaudis,Lontra longicaudis,Lontra longicaudis,Lontra longicaudis,Lontra longicaudis,Lontra longicaudis,Lontra longicaudis,Lontra longicaudis,Lontra,Mustelidae,4,Alto
2534,Lontra longicaudis,Lontra longicaudis,Lontra longicaudis,Lontra longicaudis,Hydrochoerus hydrochaeris,Lontra longicaudis,Lontra longicaudis,Lontra longicaudis,Lontra longicaudis,Lontra longicaudis,Lontra longicaudis,Lontra longicaudis,Lontra,Mustelidae,4,Alto
2536,Lontra longicaudis,Herpailurus yagouaroundi,Galictis cuja,Herpailurus yagouaroundi,Herpailurus yagouaroundi,Nasua nasua,Galictis cuja,Galictis cuja,Galictis cuja,Galictis cuja,Galictis cuja,Herpailurus yagouaroundi,Lontra,Mustelidae,4,Alto
2538,Lontra longicaudis,Nasua nasua,Nasua nasua,Nasua nasua,Nasua nasua,Lontra longicaudis,Nasua nasua,Lontra longicaudis,Nasua nasua,Nasua nasua,Nasua nasua,Nasua nasua,Lontra,Mustelidae,4,Alto
2539,Lontra longicaudis,Lontra longicaudis,Lontra longicaudis,Lontra longicaudis,Lontra longicaudis,Lontra longicaudis,Lontra longicaudis,Lontra longicaudis,Lontra longicaudis,Lontra longicaudis,Lontra longicaudis,Lontra longicaudis,Lontra,Mustelidae,4,Alto
2540,Lontra longicaudis,Lontra longicaudis,Lontra longicaudis,Lontra longicaudis,Lontra longicaudis,Lontra longicaudis,Lontra longicaudis,Lontra longicaudis,Lontra longicaudis,Lontra longicaudis,Lontra longicaudis,Lontra longicaudis,Lontra,Mustelidae,4,Alto
2542,Lontra longicaudis,Lontra longicaudis,Lontra longicaudis,Lontra longicaudis,Lontra longicaudis,Lontra longicaudis,Lontra longicaudis,Lontra longicaudis,Lontra longicaudis,Lontra longicaudis,Lontra longicaudis,Lontra longicaudis,Lontra,Mustelidae,4,Alto
2543,Lontra longicaudis,Hydrochoerus hydrochaeris,Salvator merianae,Hydrochoerus hydrochaeris,Turdus rufiventris,Hydrochoerus hydrochaeris,Hydrochoerus hydrochaeris,Hydrochoerus hydrochaeris,Salvator merianae,Salvator merianae,Salvator merianae,Hydrochoerus hydrochaeris,Lontra,Mustelidae,4,Alto
2545,Lontra longicaudis,Lontra longicaudis,Eira barbara,Lontra longicaudis,Lontra longicaudis,Lontra longicaudis,Lontra longicaudis,Lontra longicaudis,Eira barbara,Eira barbara,Eira barbara,Lontra longicaudis,Lontra,Mustelidae,4,Alto
2546,Lontra longicaudis,Hydrochoerus hydrochaeris,Salvator merianae,Hydrochoerus hydrochaeris,Hydrochoerus hydrochaeris,Hydrochoerus hydrochaeris,Salvator merianae,Didelphis albiventris,Salvator merianae,Salvator merianae,Salvator merianae,Hydrochoerus hydrochaeris,Lontra,Mustelidae,4,Alto
2547,Lontra longicaudis,Lontra longicaudis,Lontra longicaudis,Lontra longicaudis,Lontra longicaudis,Lontra longicaudis,Lontra longicaudis,Lontra longicaudis,Lontra longicaudis,Lontra longicaudis,Lontra longicaudis,Lontra longicaudis,Lontra,Mustelidae,4,Alto
2548,Lontra longicaudis,Lontra longicaudis,Lontra longicaudis,Lontra longicaudis,Lontra longicaudis,Lontra longicaudis,Lontra longicaudis,Lontra longicaudis,Lontra longicaudis,Lontra longicaudis,Lontra longicaudis,Lontra longicaudis,Lontra,Mustelidae,4,Alto
2550,Lontra longicaudis,Lontra longicaudis,Lontra longicaudis,Lontra longicaudis,Lontra longicaudis,Lontra longicaudis,Lontra longicaudis,Lontra longicaudis,Lontra longicaudis,Lontra longicaudis,Lontra longicaudis,Lontra longicaudis,Lontra,Mustelidae,4,Alto
2552,Lontra longicaudis,Salvator merianae,Nyctidromus albicollis,Myiothlypis leucoblephara,Myiothlypis leucoblephara,Salvator merianae,Salvator merianae,Nyctidromus albicollis,Nyctidromus albicollis,Nyctidromus albicollis,Nyctidromus albicollis,Salvator merianae,Lontra,Mustelidae,4,Alto
2553,Lontra longicaudis,Lontra longicaudis,Lontra longicaudis,Lontra longicaudis,Lontra longicaudis,Lontra longicaudis,Lontra longicaudis,Lontra longicaudis,Lontra longicaudis,Lontra longicaudis,Lontra longicaudis,Lontra longicaudis,Lontra,Mustelidae,4,Alto
2554,Lontra longicaudis,Galictis cuja,Lontra longicaudis,Lontra longicaudis,Lontra longicaudis,Lontra longicaudis,Galictis cuja,Lontra longicaudis,Lontra longicaudis,Lontra longicaudis,Lontra longicaudis,Galictis cuja,Lontra,Mustelidae,4,Alto
2555,Lontra longicaudis,Lontra longicaudis,Lontra longicaudis,Lontra longicaudis,Lontra longicaudis,Lontra longicaudis,Lontra longicaudis,Lontra longicaudis,Lontra longicaudis,Lontra longicaudis,Lontra longicaudis,Lontra longicaudis,Lontra,Mustelidae,4,Alto
2556,Lontra longicaudis,Didelphis albiventris,Dasypus novemcinctus,Dasypus novemcinctus,Dasypus novemcinctus,Lontra longicaudis,Didelphis albiventris,Dasypus novemcinctus,Dasypus novemcinctus,Dasypus novemcinctus,Dasypus novemcinctus,Didelphis albiventris,Lontra,Mustelidae,4,Alto
2557,Lontra longicaudis,Galictis cuja,Lontra longicaudis,Galictis cuja,Galictis cuja,Lontra longicaudis,Galictis cuja,Galictis cuja,Lontra longicaudis,Lontra longicaudis,Lontra longicaudis,Galictis cuja,Lontra,Mustelidae,4,Alto
2559,Lontra longicaudis,Lontra longicaudis,Eira barbara,Eira barbara,Lontra longicaudis,Lontra longicaudis,Lontra longicaudis,Lontra longicaudis,Eira barbara,Eira barbara,Eira barbara,Lontra longicaudis,Lontra,Mustelidae,4,Alto
2560,Lontra longicaudis,Lontra longicaudis,Lontra longicaudis,Lontra longicaudis,Lontra longicaudis,Lontra longicaudis,Lontra longicaudis,Lontra longicaudis,Lontra longicaudis,Lontra longicaudis,Lontra longicaudis,Lontra longicaudis,Lontra,Mustelidae,4,Alto
2561,Lontra longicaudis,Lontra longicaudis,Lontra longicaudis,Lontra longicaudis,Lontra longicaudis,Lontra longicaudis,Lontra longicaudis,Lontra longicaudis,Lontra longicaudis,Lontra longicaudis,Lontra longicaudis,Lontra longicaudis,Lontra,Mustelidae,4,Alto
2563,Lontra longicaudis,Lontra longicaudis,Lontra longicaudis,Lontra longicaudis,Lontra longicaudis,Lontra longicaudis,Lontra longicaudis,Lontra longicaudis,Lontra longicaudis,Lontra longicaudis,Lontra longicaudis,Lontra longicaudis,Lontra,Mustelidae,4,Alto
2564,Lontra longicaudis,Lontra longicaudis,Lontra longicaudis,Lontra longicaudis,Lontra longicaudis,Lontra longicaudis,Lontra longicaudis,Lontra longicaudis,Lontra longicaudis,Lontra longicaudis,Lontra longicaudis,Lontra longicaudis,Lontra,Mustelidae,4,Alto
2565,Lontra longicaudis,Galictis cuja,Galictis cuja,Eira barbara,Eira barbara,Lontra longicaudis,Galictis cuja,Lepus europaeus,Galictis cuja,Galictis cuja,Galictis cuja,Galictis cuja,Lontra,Mustelidae,4,Alto
2566,Lontra longicaudis,Lontra longicaudis,Lontra longicaudis,Lontra longicaudis,Lontra longicaudis,Lontra longicaudis,Lontra longicaudis,Lontra longicaudis,Lontra longicaudis,Lontra longicaudis,Lontra longicaudis,Lontra longicaudis,Lontra,Mustelidae,4,Alto
2567,Lontra longicaudis,Galictis cuja,Cerdocyon thous,Cerdocyon thous,Cerdocyon thous,Lontra longicaudis,Galictis cuja,Lontra longicaudis,Cerdocyon thous,Cerdocyon thous,Cerdocyon thous,Galictis cuja,Lontra,Mustelidae,4,Alto
2568,Lontra longicaudis,Lontra longicaudis,Lontra longicaudis,Eira barbara,Lontra longicaudis,Lontra longicaudis,Lontra longicaudis,Phrynops williamsi,Lontra longicaudis,Lontra longicaudis,Lontra longicaudis,Lontra longicaudis,Lontra,Mustelidae,4,Alto
2569,Lontra longicaudis,Lontra longicaudis,Lontra longicaudis,Lontra longicaudis,Lontra longicaudis,Lontra longicaudis,Lontra longicaudis,Lontra longicaudis,Lontra longicaudis,Lontra longicaudis,Lontra longicaudis,Lontra longicaudis,Lontra,Mustelidae,4,Alto
2570,Lontra longicaudis,Lontra longicaudis,Sus scrofa,Lontra longicaudis,Lontra longicaudis,Lontra longicaudis,Lontra longicaudis,Lontra longicaudis,Sus scrofa,Sus scrofa,Sus scrofa,Lontra longicaudis,Lontra,Mustelidae,4,Alto
2573,Lontra longicaudis,Galictis cuja,Galictis cuja,Galictis cuja,Galictis cuja,Galictis cuja,Galictis cuja,Herpailurus yagouaroundi,Galictis cuja,Galictis cuja,Galictis cuja,Galictis cuja,Lontra,Mustelidae,4,Alto
2574,Lontra longicaudis,Lontra longicaudis,Lontra longicaudis,Lontra longicaudis,Lontra longicaudis,Lontra longicaudis,Lontra longicaudis,Lontra longicaudis,Lontra longicaudis,Lontra longicaudis,Lontra longicaudis,Lontra longicaudis,Lontra,Mustelidae,4,Alto
2575,Lontra longicaudis,Galictis cuja,Procyon cancrivorus,Galictis cuja,Galictis cuja,Lontra longicaudis,Galictis cuja,Galictis cuja,Procyon cancrivorus,Procyon cancrivorus,Procyon cancrivorus,Galictis cuja,Lontra,Mustelidae,4,Alto
2576,Lontra longicaudis,Galictis cuja,Galictis cuja,Galictis cuja,Cerdocyon thous,Galictis cuja,Galictis cuja,Leopardus guttulus,Galictis cuja,Galictis cuja,Galictis cuja,Galictis cuja,Lontra,Mustelidae,4,Alto
2577,Lontra longicaudis,Lontra longicaudis,Lontra longicaudis,Lontra longicaudis,Lontra longicaudis,Lontra longicaudis,Lontra longicaudis,Phrynops williamsi,Lontra longicaudis,Lontra longicaudis,Lontra longicaudis,Lontra longicaudis,Lontra,Mustelidae,4,Alto
2578,Lontra longicaudis,Lontra longicaudis,Lontra longicaudis,Lontra longicaudis,Lontra longicaudis,Lontra longicaudis,Lontra longicaudis,Lontra longicaudis,Lontra longicaudis,Lontra longicaudis,Lontra longicaudis,Lontra longicaudis,Lontra,Mustelidae,4,Alto
2579,Lontra longicaudis,Lontra longicaudis,Lontra longicaudis,Lontra longicaudis,Dasyprocta azarae,Lontra longicaudis,Lontra longicaudis,Pecari tajacu,Lontra longicaudis,Lontra longicaudis,Lontra longicaudis,Lontra longicaudis,Lontra,Mustelidae,4,Alto
2581,Lontra longicaudis,Lontra longicaudis,Lontra longicaudis,Lontra longicaudis,Lontra longicaudis,Lontra longicaudis,Lontra longicaudis,Lontra longicaudis,Lontra longicaudis,Lontra longicaudis,Lontra longicaudis,Lontra longicaudis,Lontra,Mustelidae,4,Alto
2582,Myrmecophaga tridactyla,Tamandua tetradactyla,Myrmecophaga tridactyla,Myrmecophaga tridactyla,Galictis cuja,Myrmecophaga tridactyla,Myrmecophaga tridactyla,Myrmecophaga tridactyla,Myrmecophaga tridactyla,Myrmecophaga tridactyla,Myrmecophaga tridactyla,Nasua nasua,Myrmecophaga,Myrmecophagidae,3,Medio
2583,Myrmecophaga tridactyla,Nasua nasua,Myrmecophaga tridactyla,Dasypus novemcinctus,Dasypus novemcinctus,Myrmecophaga tridactyla,Myrmecophaga tridactyla,Nasua nasua,Myrmecophaga tridactyla,Myrmecophaga tridactyla,Myrmecophaga tridactyla,Nasua nasua,Myrmecophaga,Myrmecophagidae,3,Medio
2584,Myrmecophaga tridactyla,Myrmecophaga tridactyla,Eira barbara,Eira barbara,Crypturellus tataupa,Myrmecophaga tridactyla,Eira barbara,Eira barbara,Eira barbara,Eira barbara,Eira barbara,Myrmecophaga tridactyla,Myrmecophaga,Myrmecophagidae,3,Medio
2585,Myrmecophaga tridactyla,Myrmecophaga tridactyla,Myrmecophaga tridactyla,Myrmecophaga tridactyla,Myrmecophaga tridactyla,Myrmecophaga tridactyla,Myrmecophaga tridactyla,Myrmecophaga tridactyla,Myrmecophaga tridactyla,Myrmecophaga tridactyla,Myrmecophaga tridactyla,Myrmecophaga tridactyla,Myrmecophaga,Myrmecophagidae,3,Medio
2586,Myrmecophaga tridactyla,Myrmecophaga tridactyla,Eira barbara,Eira barbara,Eira barbara,Myrmecophaga tridactyla,Myrmecophaga tridactyla,Myrmecophaga tridactyla,Eira barbara,Eira barbara,Eira barbara,Myrmecophaga tridactyla,Myrmecophaga,Myrmecophagidae,3,Medio
2587,Myrmecophaga tridactyla,Myrmecophaga tridactyla,Myrmecophaga tridactyla,Myrmecophaga tridactyla,Myrmecophaga tridactyla,Myrmecophaga tridactyla,Myrmecophaga tridactyla,Myrmecophaga tridactyla,Myrmecophaga tridactyla,Myrmecophaga tridactyla,Myrmecophaga tridactyla,Myrmecophaga tridactyla,Myrmecophaga,Myrmecophagidae,3,Medio
2588,Myrmecophaga tridactyla,Herpailurus yagouaroundi,Salvator merianae,Eira barbara,Eira barbara,Myrmecophaga tridactyla,Myrmecophaga tridactyla,Myrmecophaga tridactyla,Salvator merianae,Salvator merianae,Salvator merianae,Herpailurus yagouaroundi,Myrmecophaga,Myrmecophagidae,3,Medio
2589,Myrmecophaga tridactyla,Myrmecophaga tridactyla,Myrmecophaga tridactyla,Myrmecophaga tridactyla,Euphractus sexcinctus,Myrmecophaga tridactyla,Myrmecophaga tridactyla,Myrmecophaga tridactyla,Myrmecophaga tridactyla,Myrmecophaga tridactyla,Myrmecophaga tridactyla,Myrmecophaga tridactyla,Myrmecophaga,Myrmecophagidae,3,Medio
2590,Myrmecophaga tridactyla,Myrmecophaga tridactyla,Myrmecophaga tridactyla,Myrmecophaga tridactyla,Myrmecophaga tridactyla,Myrmecophaga tridactyla,Myrmecophaga tridactyla,Myrmecophaga tridactyla,Myrmecophaga tridactyla,Myrmecophaga tridactyla,Myrmecophaga tridactyla,Myrmecophaga tridactyla,Myrmecophaga,Myrmecophagidae,3,Medio
2591,Myrmecophaga tridactyla,Puma concolor,Didelphis aurita,Didelphis aurita,Cuniculus paca,Myrmecophaga tridactyla,Myrmecophaga tridactyla,Leopardus wiedii,Didelphis aurita,Didelphis aurita,Didelphis aurita,Puma concolor,Myrmecophaga,Myrmecophagidae,3,Medio
2592,Myrmecophaga tridactyla,Myrmecophaga tridactyla,Myrmecophaga tridactyla,Myrmecophaga tridactyla,Myrmecophaga tridactyla,Myrmecophaga tridactyla,Myrmecophaga tridactyla,Myrmecophaga tridactyla,Myrmecophaga tridactyla,Myrmecophaga tridactyla,Myrmecophaga tridactyla,Myrmecophaga tridactyla,Myrmecophaga,Myrmecophagidae,3,Medio
2593,Myrmecophaga tridactyla,Sus scrofa,Sus scrofa,Sus scrofa,Sus scrofa,Myrmecophaga tridactyla,Sus scrofa,Sus scrofa,Sus scrofa,Sus scrofa,Sus scrofa,Sus scrofa,Myrmecophaga,Myrmecophagidae,3,Medio
2594,Myrmecophaga tridactyla,Myrmecophaga tridactyla,Myrmecophaga tridactyla,Myrmecophaga tridactyla,Myrmecophaga tridactyla,Myrmecophaga tridactyla,Myrmecophaga tridactyla,Myrmecophaga tridactyla,Myrmecophaga tridactyla,Myrmecophaga tridactyla,Myrmecophaga tridactyla,Myrmecophaga tridactyla,Myrmecophaga,Myrmecophagidae,3,Medio
2595,Myrmecophaga tridactyla,Galictis cuja,Myrmecophaga tridactyla,Myrmecophaga tridactyla,Myrmecophaga tridactyla,Myrmecophaga tridactyla,Galictis cuja,Myrmecophaga tridactyla,Myrmecophaga tridactyla,Myrmecophaga tridactyla,Myrmecophaga tridactyla,Galictis cuja,Myrmecophaga,Myrmecophagidae,3,Medio
2596,Myrmecophaga tridactyla,Myrmecophaga tridactyla,Myrmecophaga tridactyla,Myrmecophaga tridactyla,Myrmecophaga tridactyla,Myrmecophaga tridactyla,Myrmecophaga tridactyla,Hydrochoerus hydrochaeris,Myrmecophaga tridactyla,Myrmecophaga tridactyla,Myrmecophaga tridactyla,Myrmecophaga tridactyla,Myrmecophaga,Myrmecophagidae,3,Medio
2598,Myrmecophaga tridactyla,Herpailurus yagouaroundi,Tapirus terrestris,Herpailurus yagouaroundi,Herpailurus yagouaroundi,Sus scrofa,Tamandua tetradactyla,Canis familiaris,Tapirus terrestris,Tapirus terrestris,Tapirus terrestris,Herpailurus yagouaroundi,Myrmecophaga,Myrmecophagidae,3,Medio
2599,Myrmecophaga tridactyla,Tapirus terrestris,Myrmecophaga tridactyla,Myrmecophaga tridactyla,Myrmecophaga tridactyla,Myrmecophaga tridactyla,Myrmecophaga tridactyla,Myrmecophaga tridactyla,Myrmecophaga tridactyla,Myrmecophaga tridactyla,Myrmecophaga tridactyla,Tapirus terrestris,Myrmecophaga,Myrmecophagidae,3,Medio
2600,Myrmecophaga tridactyla,Myrmecophaga tridactyla,Sus scrofa,Sus scrofa,Sus scrofa,Myrmecophaga tridactyla,Myrmecophaga tridactyla,Sus scrofa,Sus scrofa,Sus scrofa,Sus scrofa,Myrmecophaga tridactyla,Myrmecophaga,Myrmecophagidae,3,Medio
2601,Myrmecophaga tridactyla,Myrmecophaga tridactyla,Herpailurus yagouaroundi,Eira barbara,Eira barbara,Myrmecophaga tridactyla,Myrmecophaga tridactyla,Galictis cuja,Herpailurus yagouaroundi,Herpailurus yagouaroundi,Herpailurus yagouaroundi,Myrmecophaga tridactyla,Myrmecophaga,Myrmecophagidae,3,Medio
2603,Myrmecophaga tridactyla,Myrmecophaga tridactyla,Tamandua tetradactyla,Eira barbara,Crypturellus tataupa,Myrmecophaga tridactyla,Myrmecophaga tridactyla,Eira barbara,Tamandua tetradactyla,Tamandua tetradactyla,Tamandua tetradactyla,Myrmecophaga tridactyla,Myrmecophaga,Myrmecophagidae,3,Medio
2604,Myrmecophaga tridactyla,Myrmecophaga tridactyla,Myrmecophaga tridactyla,Myrmecophaga tridactyla,Myrmecophaga tridactyla,Myrmecophaga tridactyla,Myrmecophaga tridactyla,Myrmecophaga tridactyla,Myrmecophaga tridactyla,Myrmecophaga tridactyla,Myrmecophaga tridactyla,Myrmecophaga tridactyla,Myrmecophaga,Myrmecophagidae,3,Medio
2605,Myrmecophaga tridactyla,Lontra longicaudis,Puma concolor,Lontra longicaudis,Lontra longicaudis,Lontra longicaudis,Lontra longicaudis,Pipile jacutinga,Puma concolor,Puma concolor,Puma concolor,Lontra longicaudis,Myrmecophaga,Myrmecophagidae,3,Medio
2606,Myrmecophaga tridactyla,Myrmecophaga tridactyla,Myrmecophaga tridactyla,Myrmecophaga tridactyla,Myrmecophaga tridactyla,Myrmecophaga tridactyla,Myrmecophaga tridactyla,Myrmecophaga tridactyla,Myrmecophaga tridactyla,Myrmecophaga tridactyla,Myrmecophaga tridactyla,Myrmecophaga tridactyla,Myrmecophaga,Myrmecophagidae,3,Medio
2607,Myrmecophaga tridactyla,Dasypus novemcinctus,Myrmecophaga tridactyla,Dasypus novemcinctus,Dasypus novemcinctus,Myrmecophaga tridactyla,Dasypus novemcinctus,Nasua nasua,Myrmecophaga tridactyla,Myrmecophaga tridactyla,Myrmecophaga tridactyla,Dasypus novemcinctus,Myrmecophaga,Myrmecophagidae,3,Medio
2608,Myrmecophaga tridactyla,Myrmecophaga tridactyla,Myrmecophaga tridactyla,Myrmecophaga tridactyla,Myrmecophaga tridactyla,Myrmecophaga tridactyla,Myrmecophaga tridactyla,Hydrochoerus hydrochaeris,Myrmecophaga tridactyla,Myrmecophaga tridactyla,Myrmecophaga tridactyla,Myrmecophaga tridactyla,Myrmecophaga,Myrmecophagidae,3,Medio
2609,Myrmecophaga tridactyla,Tapirus terrestris,Myrmecophaga tridactyla,Myrmecophaga tridactyla,Myrmecophaga tridactyla,Myrmecophaga tridactyla,Myrmecophaga tridactyla,Myrmecophaga tridactyla,Myrmecophaga tridactyla,Myrmecophaga tridactyla,Myrmecophaga tridactyla,Tapirus terrestris,Myrmecophaga,Myrmecophagidae,3,Medio
2610,Myrmecophaga tridactyla,Dasypus novemcinctus,Myrmecophaga tridactyla,Myrmecophaga tridactyla,Dasypus novemcinctus,Myrmecophaga tridactyla,Myrmecophaga tridactyla,Dasypus novemcinctus,Myrmecophaga tridactyla,Myrmecophaga tridactyla,Myrmecophaga tridactyla,Dasypus novemcinctus,Myrmecophaga,Myrmecophagidae,3,Medio
2611,Myrmecophaga tridactyla,Galictis cuja,Tamandua tetradactyla,Galictis cuja,Galictis cuja,Myrmecophaga tridactyla,Myrmecophaga tridactyla,Myrmecophaga tridactyla,Tamandua tetradactyla,Tamandua tetradactyla,Tamandua tetradactyla,Galictis cuja,Myrmecophaga,Myrmecophagidae,3,Medio
2612,Myrmecophaga tridactyla,Myrmecophaga tridactyla,Myrmecophaga tridactyla,Myrmecophaga tridactyla,Myrmecophaga tridactyla,Myrmecophaga tridactyla,Myrmecophaga tridactyla,Myrmecophaga tridactyla,Myrmecophaga tridactyla,Myrmecophaga tridactyla,Myrmecophaga tridactyla,Myrmecophaga tridactyla,Myrmecophaga,Myrmecophagidae,3,Medio
2613,Myrmecophaga tridactyla,Procyon cancrivorus,Cerdocyon thous,Cerdocyon thous,Cabassous tatouay,Myrmecophaga tridactyla,Cerdocyon thous,Myrmecophaga tridactyla,Cerdocyon thous,Cerdocyon thous,Cerdocyon thous,Procyon cancrivorus,Myrmecophaga,Myrmecophagidae,3,Medio
2614,Myrmecophaga tridactyla,Cabassous tatouay,Puma concolor,Cerdocyon thous,Cerdocyon thous,Myrmecophaga tridactyla,Myrmecophaga tridactyla,Myrmecophaga tridactyla,Puma concolor,Puma concolor,Puma concolor,Cabassous tatouay,Myrmecophaga,Myrmecophagidae,3,Medio
2617,Myrmecophaga tridactyla,Puma concolor,Sus scrofa,Sus scrofa,Sus scrofa,Sus scrofa,Sus scrofa,Galictis cuja,Sus scrofa,Sus scrofa,Sus scrofa,Puma concolor,Myrmecophaga,Myrmecophagidae,3,Medio
2618,Myrmecophaga tridactyla,Myrmecophaga tridactyla,Myrmecophaga tridactyla,Myrmecophaga tridactyla,Myrmecophaga tridactyla,Myrmecophaga tridactyla,Myrmecophaga tridactyla,Myrmecophaga tridactyla,Myrmecophaga tridactyla,Myrmecophaga tridactyla,Myrmecophaga tridactyla,Myrmecophaga tridactyla,Myrmecophaga,Myrmecophagidae,3,Medio
2620,Myrmecophaga tridactyla,Myrmecophaga tridactyla,Eira barbara,Eira barbara,Eira barbara,Myrmecophaga tridactyla,Eira barbara,Eira barbara,Eira barbara,Eira barbara,Eira barbara,Myrmecophaga tridactyla,Myrmecophaga,Myrmecophagidae,3,Medio
2621,Myrmecophaga tridactyla,Myrmecophaga tridactyla,Myrmecophaga tridactyla,Myrmecophaga tridactyla,Myrmecophaga tridactyla,Myrmecophaga tridactyla,Myrmecophaga tridactyla,Myrmecophaga tridactyla,Myrmecophaga tridactyla,Myrmecophaga tridactyla,Myrmecophaga tridactyla,Myrmecophaga tridactyla,Myrmecophaga,Myrmecophagidae,3,Medio
2622,Myrmecophaga tridactyla,Myrmecophaga tridactyla,Myrmecophaga tridactyla,Herpailurus yagouaroundi,Eira barbara,Myrmecophaga tridactyla,Myrmecophaga tridactyla,Myrmecophaga tridactyla,Myrmecophaga tridactyla,Myrmecophaga tridactyla,Myrmecophaga tridactyla,Myrmecophaga tridactyla,Myrmecophaga,Myrmecophagidae,3,Medio
2626,Myrmecophaga tridactyla,Myrmecophaga tridactyla,Sus scrofa,Cabassous tatouay,Cabassous tatouay,Myrmecophaga tridactyla,Myrmecophaga tridactyla,Myrmecophaga tridactyla,Sus scrofa,Sus scrofa,Sus scrofa,Myrmecophaga tridactyla,Myrmecophaga,Myrmecophagidae,3,Medio
2627,Myrmecophaga tridactyla,Myrmecophaga tridactyla,Tamandua tetradactyla,Myrmecophaga tridactyla,Myrmecophaga tridactyla,Myrmecophaga tridactyla,Myrmecophaga tridactyla,Eira barbara,Tamandua tetradactyla,Tamandua tetradactyla,Tamandua tetradactyla,Myrmecophaga tridactyla,Myrmecophaga,Myrmecophagidae,3,Medio
2629,Myrmecophaga tridactyla,Myrmecophaga tridactyla,Myrmecophaga tridactyla,Myrmecophaga tridactyla,Myrmecophaga tridactyla,Myrmecophaga tridactyla,Myrmecophaga tridactyla,Hydrochoerus hydrochaeris,Myrmecophaga tridactyla,Myrmecophaga tridactyla,Myrmecophaga tridactyla,Myrmecophaga tridactyla,Myrmecophaga,Myrmecophagidae,3,Medio
2630,Myrmecophaga tridactyla,Myrmecophaga tridactyla,Myrmecophaga tridactyla,Myrmecophaga tridactyla,Myrmecophaga tridactyla,Myrmecophaga tridactyla,Myrmecophaga tridactyla,Myrmecophaga tridactyla,Myrmecophaga tridactyla,Myrmecophaga tridactyla,Myrmecophaga tridactyla,Myrmecophaga tridactyla,Myrmecophaga,Myrmecophagidae,3,Medio
2632,Myrmecophaga tridactyla,Tamandua tetradactyla,Tamandua tetradactyla,Galictis cuja,Myrmecophaga tridactyla,Myrmecophaga tridactyla,Tamandua tetradactyla,Myrmecophaga tridactyla,Tamandua tetradactyla,Tamandua tetradactyla,Tamandua tetradactyla,Tamandua tetradactyla,Myrmecophaga,Myrmecophagidae,3,Medio
2633,Myrmecophaga tridactyla,Sus scrofa,Sus scrofa,Hydrochoerus hydrochaeris,Sus scrofa,Sus scrofa,Sus scrofa,Myrmecophaga tridactyla,Sus scrofa,Sus scrofa,Sus scrofa,Sus scrofa,Myrmecophaga,Myrmecophagidae,3,Medio
2634,Myrmecophaga tridactyla,Myrmecophaga tridactyla,Myrmecophaga tridactyla,Myrmecophaga tridactyla,Myrmecophaga tridactyla,Myrmecophaga tridactyla,Myrmecophaga tridactyla,Myrmecophaga tridactyla,Myrmecophaga tridactyla,Myrmecophaga tridactyla,Myrmecophaga tridactyla,Myrmecophaga tridactyla,Myrmecophaga,Myrmecophagidae,3,Medio
2636,Myrmecophaga tridactyla,Myrmecophaga tridactyla,Myrmecophaga tridactyla,Myrmecophaga tridactyla,Myrmecophaga tridactyla,Myrmecophaga tridactyla,Myrmecophaga tridactyla,Myrmecophaga tridactyla,Myrmecophaga tridactyla,Myrmecophaga tridactyla,Myrmecophaga tridactyla,Myrmecophaga tridactyla,Myrmecophaga,Myrmecophagidae,3,Medio
2637,Myrmecophaga tridactyla,Myrmecophaga tridactyla,Eira barbara,Eira barbara,Eira barbara,Myrmecophaga tridactyla,Myrmecophaga tridactyla,Myrmecophaga tridactyla,Eira barbara,Eira barbara,Eira barbara,Myrmecophaga tridactyla,Myrmecophaga,Myrmecophagidae,3,Medio
2638,Tamandua tetradactyla,Tamandua tetradactyla,Sapajus nigritus,Alouatta caraya,Alouatta caraya,Tamandua tetradactyla,Tamandua tetradactyla,Alouatta caraya,Sapajus nigritus,Sapajus nigritus,Sapajus nigritus,Tamandua tetradactyla,Tamandua,Myrmecophagidae,2,Bajo
2640,Tamandua tetradactyla,Tamandua tetradactyla,Tamandua tetradactyla,Tamandua tetradactyla,Tamandua tetradactyla,Tamandua tetradactyla,Tamandua tetradactyla,Tamandua tetradactyla,Tamandua tetradactyla,Tamandua tetradactyla,Tamandua tetradactyla,Tamandua tetradactyla,Tamandua,Myrmecophagidae,2,Bajo
2641,Tamandua tetradactyla,Tamandua tetradactyla,Tamandua tetradactyla,Tamandua tetradactyla,Cerdocyon thous,Tamandua tetradactyla,Tamandua tetradactyla,Tamandua tetradactyla,Tamandua tetradactyla,Tamandua tetradactyla,Tamandua tetradactyla,Tamandua tetradactyla,Tamandua,Myrmecophagidae,2,Bajo
2642,Tamandua tetradactyla,Tamandua tetradactyla,Tamandua tetradactyla,Tamandua tetradactyla,Tamandua tetradactyla,Tamandua tetradactyla,Tamandua tetradactyla,Tamandua tetradactyla,Tamandua tetradactyla,Tamandua tetradactyla,Tamandua tetradactyla,Tamandua tetradactyla,Tamandua,Myrmecophagidae,2,Bajo
2643,Tamandua tetradactyla,Tamandua tetradactyla,Tamandua tetradactyla,Tamandua tetradactyla,Tamandua tetradactyla,Tamandua tetradactyla,Tamandua tetradactyla,Tamandua tetradactyla,Tamandua tetradactyla,Tamandua tetradactyla,Tamandua tetradactyla,Tamandua tetradactyla,Tamandua,Myrmecophagidae,2,Bajo
2645,Tamandua tetradactyla,Tamandua tetradactyla,Cerdocyon thous,Cerdocyon thous,Cerdocyon thous,Tamandua tetradactyla,Galictis cuja,Tamandua tetradactyla,Cerdocyon thous,Cerdocyon thous,Cerdocyon thous,Tamandua tetradactyla,Tamandua,Myrmecophagidae,2,Bajo
2647,Tamandua tetradactyla,Tamandua tetradactyla,Tamandua tetradactyla,Tamandua tetradactyla,Tamandua tetradactyla,Tamandua tetradactyla,Tamandua tetradactyla,Tamandua tetradactyla,Tamandua tetradactyla,Tamandua tetradactyla,Tamandua tetradactyla,Tamandua tetradactyla,Tamandua,Myrmecophagidae,2,Bajo
2648,Tamandua tetradactyla,Tamandua tetradactyla,Tamandua tetradactyla,Tamandua tetradactyla,Tamandua tetradactyla,Tamandua tetradactyla,Tamandua tetradactyla,Tamandua tetradactyla,Tamandua tetradactyla,Tamandua tetradactyla,Tamandua tetradactyla,Tamandua tetradactyla,Tamandua,Myrmecophagidae,2,Bajo
2649,Tamandua tetradactyla,Tamandua tetradactyla,Tamandua tetradactyla,Myrmecophaga tridactyla,Myrmecophaga tridactyla,Tamandua tetradactyla,Tamandua tetradactyla,Nasua nasua,Tamandua tetradactyla,Tamandua tetradactyla,Tamandua tetradactyla,Tamandua tetradactyla,Tamandua,Myrmecophagidae,2,Bajo
2650,Tamandua tetradactyla,Nasua nasua,Nasua nasua,Didelphis aurita,Nasua nasua,Nasua nasua,Nasua nasua,Nasua nasua,Nasua nasua,Nasua nasua,Nasua nasua,Nasua nasua,Tamandua,Myrmecophagidae,2,Bajo
2651,Tamandua tetradactyla,Didelphis aurita,Tamandua tetradactyla,Didelphis albiventris,Didelphis aurita,Didelphis aurita,Didelphis aurita,Didelphis aurita,Tamandua tetradactyla,Tamandua tetradactyla,Tamandua tetradactyla,Didelphis aurita,Tamandua,Myrmecophagidae,2,Bajo
2652,Tamandua tetradactyla,Nasua nasua,Nasua nasua,Myrmecophaga tridactyla,Nasua nasua,Eira barbara,Nasua nasua,Nasua nasua,Nasua nasua,Nasua nasua,Nasua nasua,Nasua nasua,Tamandua,Myrmecophagidae,2,Bajo
2653,Tamandua tetradactyla,Didelphis albiventris,Didelphis albiventris,Dasypus novemcinctus,Cerdocyon thous,Didelphis albiventris,Didelphis albiventris,Didelphis albiventris,Didelphis albiventris,Didelphis albiventris,Didelphis albiventris,Didelphis albiventris,Tamandua,Myrmecophagidae,2,Bajo
2654,Tamandua tetradactyla,Didelphis albiventris,Strix virgata,Didelphis aurita,Alouatta caraya,Didelphis albiventris,Didelphis albiventris,Didelphis albiventris,Strix virgata,Strix virgata,Strix virgata,Didelphis albiventris,Tamandua,Myrmecophagidae,2,Bajo
2655,Tamandua tetradactyla,Tamandua tetradactyla,Tamandua tetradactyla,Alouatta caraya,Alouatta caraya,Tamandua tetradactyla,Tamandua tetradactyla,Myrmecophaga tridactyla,Tamandua tetradactyla,Tamandua tetradactyla,Tamandua tetradactyla,Tamandua tetradactyla,Tamandua,Myrmecophagidae,2,Bajo
2656,Tamandua tetradactyla,Tamandua tetradactyla,Tamandua tetradactyla,Tamandua tetradactyla,Tamandua tetradactyla,Tamandua tetradactyla,Tamandua tetradactyla,Myrmecophaga tridactyla,Tamandua tetradactyla,Tamandua tetradactyla,Tamandua tetradactyla,Tamandua tetradactyla,Tamandua,Myrmecophagidae,2,Bajo
2658,Tamandua tetradactyla,Tamandua tetradactyla,Tamandua tetradactyla,Didelphis albiventris,Myrmecophaga tridactyla,Tamandua tetradactyla,Didelphis aurita,Myrmecophaga tridactyla,Tamandua tetradactyla,Tamandua tetradactyla,Tamandua tetradactyla,Tamandua tetradactyla,Tamandua,Myrmecophagidae,2,Bajo
2659,Tamandua tetradactyla,Cabassous tatouay,Cuniculus paca,Cabassous tatouay,Cuniculus paca,Myrmecophaga tridactyla,Cerdocyon thous,Cuniculus paca,Cuniculus paca,Cuniculus paca,Cuniculus paca,Cabassous tatouay,Tamandua,Myrmecophagidae,2,Bajo
2660,Tamandua tetradactyla,Tamandua tetradactyla,Tamandua tetradactyla,Didelphis aurita,Didelphis aurita,Tamandua tetradactyla,Galictis cuja,Didelphis aurita,Tamandua tetradactyla,Tamandua tetradactyla,Tamandua tetradactyla,Tamandua tetradactyla,Tamandua,Myrmecophagidae,2,Bajo
2661,Tamandua tetradactyla,Herpailurus yagouaroundi,Nyctidromus albicollis,Dasyprocta azarae,Crypturellus obsoletus,Nyctidromus albicollis,Galictis cuja,Sylvilagus brasiliensis,Nyctidromus albicollis,Nyctidromus albicollis,Nyctidromus albicollis,Herpailurus yagouaroundi,Tamandua,Myrmecophagidae,2,Bajo
2662,Tamandua tetradactyla,Tamandua tetradactyla,Tamandua tetradactyla,Cerdocyon thous,Tamandua tetradactyla,Tamandua tetradactyla,Tamandua tetradactyla,Tamandua tetradactyla,Tamandua tetradactyla,Tamandua tetradactyla,Tamandua tetradactyla,Tamandua tetradactyla,Tamandua,Myrmecophagidae,2,Bajo
2663,Tamandua tetradactyla,Didelphis aurita,Didelphis aurita,Didelphis aurita,Didelphis albiventris,Tamandua tetradactyla,Didelphis aurita,Didelphis aurita,Didelphis aurita,Didelphis aurita,Didelphis aurita,Didelphis aurita,Tamandua,Myrmecophagidae,2,Bajo
2665,Tamandua tetradactyla,Tamandua tetradactyla,Tamandua tetradactyla,Tamandua tetradactyla,Tamandua tetradactyla,Tamandua tetradactyla,Tamandua tetradactyla,Tamandua tetradactyla,Tamandua tetradactyla,Tamandua tetradactyla,Tamandua tetradactyla,Tamandua tetradactyla,Tamandua,Myrmecophagidae,2,Bajo
2666,Tamandua tetradactyla,Tamandua tetradactyla,Tamandua tetradactyla,Galictis cuja,Galictis cuja,Tamandua tetradactyla,Tamandua tetradactyla,Galictis cuja,Tamandua tetradactyla,Tamandua tetradactyla,Tamandua tetradactyla,Tamandua tetradactyla,Tamandua,Myrmecophagidae,2,Bajo
2668,Tamandua tetradactyla,Tamandua tetradactyla,Alouatta caraya,Tamandua tetradactyla,Tamandua tetradactyla,Tamandua tetradactyla,Tamandua tetradactyla,Baryphthengus ruficapillus,Alouatta caraya,Alouatta caraya,Alouatta caraya,Tamandua tetradactyla,Tamandua,Myrmecophagidae,2,Bajo
2670,Tamandua tetradactyla,Tamandua tetradactyla,Cerdocyon thous,Cerdocyon thous,Cerdocyon thous,Tamandua tetradactyla,Tamandua tetradactyla,Tamandua tetradactyla,Cerdocyon thous,Cerdocyon thous,Cerdocyon thous,Tamandua tetradactyla,Tamandua,Myrmecophagidae,2,Bajo
2671,Tamandua tetradactyla,Didelphis aurita,Tamandua tetradactyla,Tamandua tetradactyla,Didelphis aurita,Didelphis aurita,Didelphis aurita,Didelphis aurita,Tamandua tetradactyla,Tamandua tetradactyla,Tamandua tetradactyla,Didelphis aurita,Tamandua,Myrmecophagidae,2,Bajo
2672,Tamandua tetradactyla,Nyctidromus albicollis,Didelphis albiventris,Didelphis albiventris,Didelphis albiventris,Nyctidromus albicollis,Hydropsalis torquata,Nyctidromus albicollis,Didelphis albiventris,Didelphis albiventris,Didelphis albiventris,Nyctidromus albicollis,Tamandua,Myrmecophagidae,2,Bajo
2673,Tamandua tetradactyla,Cabassous tatouay,Cuniculus paca,Cuniculus paca,Cabassous tatouay,Leopardus wiedii,Cerdocyon thous,Didelphis albiventris,Cuniculus paca,Cuniculus paca,Cuniculus paca,Cabassous tatouay,Tamandua,Myrmecophagidae,2,Bajo
2674,Tamandua tetradactyla,Didelphis aurita,Nasua nasua,Dasypus novemcinctus,Myrmecophaga tridactyla,Didelphis aurita,Myrmecophaga tridactyla,Didelphis aurita,Nasua nasua,Nasua nasua,Nasua nasua,Didelphis aurita,Tamandua,Myrmecophagidae,2,Bajo
2676,Tamandua tetradactyla,Tamandua tetradactyla,Tamandua tetradactyla,Tamandua tetradactyla,Tamandua tetradactyla,Tamandua tetradactyla,Cerdocyon thous,Cerdocyon thous,Tamandua tetradactyla,Tamandua tetradactyla,Tamandua tetradactyla,Tamandua tetradactyla,Tamandua,Myrmecophagidae,2,Bajo
2677,Tamandua tetradactyla,Tamandua tetradactyla,Cerdocyon thous,Cerdocyon thous,Cerdocyon thous,Tamandua tetradactyla,Tamandua tetradactyla,Tamandua tetradactyla,Cerdocyon thous,Cerdocyon thous,Cerdocyon thous,Tamandua tetradactyla,Tamandua,Myrmecophagidae,2,Bajo
2678,Tamandua tetradactyla,Tamandua tetradactyla,Tamandua tetradactyla,Didelphis aurita,Didelphis aurita,Tamandua tetradactyla,Tamandua tetradactyla,Didelphis aurita,Tamandua tetradactyla,Tamandua tetradactyla,Tamandua tetradactyla,Tamandua tetradactyla,Tamandua,Myrmecophagidae,2,Bajo
2681,Tamandua tetradactyla,Tamandua tetradactyla,Eira barbara,Eira barbara,Eira barbara,Tamandua tetradactyla,Tamandua tetradactyla,Tamandua tetradactyla,Eira barbara,Eira barbara,Eira barbara,Tamandua tetradactyla,Tamandua,Myrmecophagidae,2,Bajo
2682,Tamandua tetradactyla,Myrmecophaga tridactyla,Dasyprocta azarae,Dasyprocta azarae,Dasyprocta azarae,Myrmecophaga tridactyla,Myrmecophaga tridactyla,Tamandua tetradactyla,Dasyprocta azarae,Dasyprocta azarae,Dasyprocta azarae,Myrmecophaga tridactyla,Tamandua,Myrmecophagidae,2,Bajo
2683,Tamandua tetradactyla,Tamandua tetradactyla,Cerdocyon thous,Cerdocyon thous,Tamandua tetradactyla,Tamandua tetradactyla,Tamandua tetradactyla,Tamandua tetradactyla,Cerdocyon thous,Cerdocyon thous,Cerdocyon thous,Tamandua tetradactyla,Tamandua,Myrmecophagidae,2,Bajo
2684,Tamandua tetradactyla,Tamandua tetradactyla,Tamandua tetradactyla,Tamandua tetradactyla,Tamandua tetradactyla,Tamandua tetradactyla,Tamandua tetradactyla,Tamandua tetradactyla,Tamandua tetradactyla,Tamandua tetradactyla,Tamandua tetradactyla,Tamandua tetradactyla,Tamandua,Myrmecophagidae,2,Bajo
2686,Tamandua tetradactyla,Didelphis aurita,Didelphis aurita,Didelphis albiventris,Didelphis aurita,Tamandua tetradactyla,Didelphis aurita,Didelphis aurita,Didelphis aurita,Didelphis aurita,Didelphis aurita,Didelphis aurita,Tamandua,Myrmecophagidae,2,Bajo
2687,Tamandua tetradactyla,Cuniculus paca,Cuniculus paca,Cuniculus paca,Cerdocyon thous,Cerdocyon thous,Cerdocyon thous,Cerdocyon thous,Cuniculus paca,Cuniculus paca,Cuniculus paca,Cuniculus paca,Tamandua,Myrmecophagidae,2,Bajo
2688,Tamandua tetradactyla,Cuniculus paca,Didelphis albiventris,Cuniculus paca,Cuniculus paca,Dasypus novemcinctus,Cerdocyon thous,Dasypus novemcinctus,Didelphis albiventris,Didelphis albiventris,Didelphis albiventris,Cuniculus paca,Tamandua,Myrmecophagidae,2,Bajo
2689,Tamandua tetradactyla,Tamandua tetradactyla,Tamandua tetradactyla,Tamandua tetradactyla,Tamandua tetradactyla,Tamandua tetradactyla,Tamandua tetradactyla,Tamandua tetradactyla,Tamandua tetradactyla,Tamandua tetradactyla,Tamandua tetradactyla,Tamandua tetradactyla,Tamandua,Myrmecophagidae,2,Bajo
2690,Tamandua tetradactyla,Tamandua tetradactyla,Tamandua tetradactyla,Tamandua tetradactyla,Tamandua tetradactyla,Tamandua tetradactyla,Tamandua tetradactyla,Tamandua tetradactyla,Tamandua tetradactyla,Tamandua tetradactyla,Tamandua tetradactyla,Tamandua tetradactyla,Tamandua,Myrmecophagidae,2,Bajo
2691,Tamandua tetradactyla,Tamandua tetradactyla,Tamandua tetradactyla,Tamandua tetradactyla,Tamandua tetradactyla,Tamandua tetradactyla,Tamandua tetradactyla,Tamandua tetradactyla,Tamandua tetradactyla,Tamandua tetradactyla,Tamandua tetradactyla,Tamandua tetradactyla,Tamandua,Myrmecophagidae,2,Bajo
2692,Tamandua tetradactyla,Tamandua tetradactyla,Didelphis aurita,Cerdocyon thous,Cerdocyon thous,Didelphis aurita,Galictis cuja,Didelphis aurita,Didelphis aurita,Didelphis aurita,Didelphis aurita,Tamandua tetradactyla,Tamandua,Myrmecophagidae,2,Bajo
2693,Tamandua tetradactyla,Tamandua tetradactyla,Tamandua tetradactyla,Didelphis aurita,Didelphis albiventris,Tamandua tetradactyla,Tamandua tetradactyla,Tamandua tetradactyla,Tamandua tetradactyla,Tamandua tetradactyla,Tamandua tetradactyla,Tamandua tetradactyla,Tamandua,Myrmecophagidae,2,Bajo
2694,Odontophorus capueira,Odontophorus capueira,Odontophorus capueira capueira,Odontophorus capueira,Odontophorus capueira,Odontophorus capueira,Odontophorus capueira,Odontophorus capueira,Odontophorus capueira capueira,Odontophorus capueira capueira,Odontophorus capueira capueira,Odontophorus capueira,Odontophorus,Odontophoridae,5,Crítico
2696,Odontophorus capueira,Chamaeza campanisona,Leopardus pardalis,Geotrygon montana,Crypturellus tataupa,Odontophorus capueira,Hydropsalis torquata,Nyctidromus albicollis,Leopardus pardalis,Leopardus pardalis,Leopardus pardalis,Chamaeza campanisona,Odontophorus,Odontophoridae,5,Crítico
2698,Odontophorus capueira,Odontophorus capueira capueira,Odontophorus capueira capueira,Odontophorus capueira capueira,Odontophorus capueira,Odontophorus capueira capueira,Odontophorus capueira,Odontophorus capueira capueira,Odontophorus capueira capueira,Odontophorus capueira capueira,Odontophorus capueira capueira,Odontophorus capueira capueira,Odontophorus,Odontophoridae,5,Crítico
2699,Odontophorus capueira,Odontophorus capueira capueira,Odontophorus capueira,Odontophorus capueira,Odontophorus capueira capueira,Odontophorus capueira,Odontophorus capueira,Odontophorus capueira capueira,Odontophorus capueira,Odontophorus capueira,Odontophorus capueira,Odontophorus capueira capueira,Odontophorus,Odontophoridae,5,Crítico
2700,Odontophorus capueira,Odontophorus capueira capueira,Odontophorus capueira capueira,Odontophorus capueira capueira,Odontophorus capueira capueira,Odontophorus capueira capueira,Odontophorus capueira,Odontophorus capueira capueira,Odontophorus capueira capueira,Odontophorus capueira capueira,Odontophorus capueira capueira,Odontophorus capueira capueira,Odontophorus,Odontophoridae,5,Crítico
2701,Odontophorus capueira,Odontophorus capueira capueira,Odontophorus capueira capueira,Odontophorus capueira capueira,Odontophorus capueira capueira,Odontophorus capueira capueira,Odontophorus capueira,Odontophorus capueira capueira,Odontophorus capueira capueira,Odontophorus capueira capueira,Odontophorus capueira capueira,Odontophorus capueira capueira,Odontophorus,Odontophoridae,5,Crítico
2702,Odontophorus capueira,Crypturellus obsoletus,Crypturellus tataupa,Crypturellus obsoletus,Crypturellus tataupa,Odontophorus capueira,Aramides saracura,Crypturellus obsoletus,Crypturellus tataupa,Crypturellus tataupa,Crypturellus tataupa,Crypturellus obsoletus,Odontophorus,Odontophoridae,5,Crítico
2703,Odontophorus capueira,Odontophorus capueira,Odontophorus capueira,Chamaeza campanisona,Odontophorus capueira,Hydropsalis torquata,Odontophorus capueira,Odontophorus capueira capueira,Odontophorus capueira,Odontophorus capueira,Odontophorus capueira,Odontophorus capueira,Odontophorus,Odontophoridae,5,Crítico
2704,Odontophorus capueira,Chamaeza campanisona,Hypoedaleus guttatus,Hypoedaleus guttatus,Conopophaga lineata vulgaris,Hypoedaleus guttatus,Hypoedaleus guttatus,Aramides saracura,Hypoedaleus guttatus,Hypoedaleus guttatus,Hypoedaleus guttatus,Chamaeza campanisona,Odontophorus,Odontophoridae,5,Crítico
2705,Odontophorus capueira,Odontophorus capueira capueira,Odontophorus capueira capueira,Odontophorus capueira,Odontophorus capueira,Odontophorus capueira,Odontophorus capueira,Odontophorus capueira,Odontophorus capueira capueira,Odontophorus capueira capueira,Odontophorus capueira capueira,Odontophorus capueira capueira,Odontophorus,Odontophoridae,5,Crítico
2707,Odontophorus capueira,Odontophorus capueira capueira,Odontophorus capueira capueira,Odontophorus capueira capueira,Odontophorus capueira capueira,Odontophorus capueira capueira,Odontophorus capueira,Odontophorus capueira capueira,Odontophorus capueira capueira,Odontophorus capueira capueira,Odontophorus capueira capueira,Odontophorus capueira capueira,Odontophorus,Odontophoridae,5,Crítico
2708,Odontophorus capueira,Odontophorus capueira,Odontophorus capueira,Nyctidromus albicollis,Odontophorus capueira,Odontophorus capueira,Odontophorus capueira,Odontophorus capueira,Odontophorus capueira,Odontophorus capueira,Odontophorus capueira,Odontophorus capueira,Odontophorus,Odontophoridae,5,Crítico
2709,Odontophorus capueira,Odontophorus capueira capueira,Odontophorus capueira capueira,Odontophorus capueira capueira,Odontophorus capueira capueira,Odontophorus capueira,Odontophorus capueira,Odontophorus capueira capueira,Odontophorus capueira capueira,Odontophorus capueira capueira,Odontophorus capueira capueira,Odontophorus capueira capueira,Odontophorus,Odontophoridae,5,Crítico
2710,Odontophorus capueira,Grallaria varia,Leptotila rufaxilla,Crypturellus obsoletus,Crypturellus obsoletus,Myiothlypis leucoblephara,Myiothlypis leucoblephara,Aramides saracura,Leptotila rufaxilla,Leptotila rufaxilla,Leptotila rufaxilla,Grallaria varia,Odontophorus,Odontophoridae,5,Crítico
2712,Odontophorus capueira,Odontophorus capueira capueira,Odontophorus capueira,Mackenziaena severa,Odontophorus capueira,Odontophorus capueira,Odontophorus capueira,Odontophorus capueira,Odontophorus capueira,Odontophorus capueira,Odontophorus capueira,Odontophorus capueira capueira,Odontophorus,Odontophoridae,5,Crítico
2714,Odontophorus capueira,Odontophorus capueira,Dasyprocta azarae,Odontophorus capueira,Odontophorus capueira,Odontophorus capueira,Odontophorus capueira,Lepus europaeus,Dasyprocta azarae,Dasyprocta azarae,Dasyprocta azarae,Odontophorus capueira,Odontophorus,Odontophoridae,5,Crítico
2715,Odontophorus capueira,Odontophorus capueira capueira,Odontophorus capueira capueira,Odontophorus capueira capueira,Odontophorus capueira capueira,Odontophorus capueira capueira,Odontophorus capueira,Odontophorus capueira capueira,Odontophorus capueira capueira,Odontophorus capueira capueira,Odontophorus capueira capueira,Odontophorus capueira capueira,Odontophorus,Odontophoridae,5,Crítico
2717,Odontophorus capueira,Odontophorus capueira,Crypturellus tataupa,Odontophorus capueira,Odontophorus capueira,Odontophorus capueira,Odontophorus capueira,Odontophorus capueira,Crypturellus tataupa,Crypturellus tataupa,Crypturellus tataupa,Odontophorus capueira,Odontophorus,Odontophoridae,5,Crítico
2718,Odontophorus capueira,Hypoedaleus guttatus,Habia rubica,Habia rubica,Habia rubica,Hypoedaleus guttatus,Hypoedaleus guttatus,Hypoedaleus guttatus,Habia rubica,Habia rubica,Habia rubica,Hypoedaleus guttatus,Odontophorus,Odontophoridae,5,Crítico
2719,Odontophorus capueira,Chamaeza campanisona,Geotrygon montana,Conopophaga lineata vulgaris,Conopophaga lineata vulgaris,Chamaeza campanisona,Dasyprocta azarae,Mackenziaena severa,Geotrygon montana,Geotrygon montana,Geotrygon montana,Chamaeza campanisona,Odontophorus,Odontophoridae,5,Crítico
2720,Odontophorus capueira,Odontophorus capueira,Odontophorus capueira,Odontophorus capueira,Odontophorus capueira,Odontophorus capueira,Odontophorus capueira,Odontophorus capueira capueira,Odontophorus capueira,Odontophorus capueira,Odontophorus capueira,Odontophorus capueira,Odontophorus,Odontophoridae,5,Crítico
2721,Odontophorus capueira,Mackenziaena severa,Odontophorus capueira,Odontophorus capueira,Crypturellus tataupa,Mackenziaena severa,Hydropsalis torquata,Chamaeza campanisona,Odontophorus capueira,Odontophorus capueira,Odontophorus capueira,Mackenziaena severa,Odontophorus,Odontophoridae,5,Crítico
2722,Odontophorus capueira,Odontophorus capueira capueira,Odontophorus capueira capueira,Odontophorus capueira capueira,Odontophorus capueira,Penelope superciliaris,Penelope superciliaris,Odontophorus capueira capueira,Odontophorus capueira capueira,Odontophorus capueira capueira,Odontophorus capueira capueira,Odontophorus capueira capueira,Odontophorus,Odontophoridae,5,Crítico
2723,Odontophorus capueira,Odontophorus capueira,Odontophorus capueira capueira,Chamaeza campanisona,Odontophorus capueira,Odontophorus capueira,Odontophorus capueira,Odontophorus capueira capueira,Odontophorus capueira capueira,Odontophorus capueira capueira,Odontophorus capueira capueira,Odontophorus capueira,Odontophorus,Odontophoridae,5,Crítico
2725,Odontophorus capueira,Odontophorus capueira capueira,Odontophorus capueira capueira,Odontophorus capueira capueira,Odontophorus capueira capueira,Odontophorus capueira capueira,Odontophorus capueira,Subulo gouazoubira,Odontophorus capueira capueira,Odontophorus capueira capueira,Odontophorus capueira capueira,Odontophorus capueira capueira,Odontophorus,Odontophoridae,5,Crítico
2726,Odontophorus capueira,Odontophorus capueira capueira,Odontophorus capueira capueira,Odontophorus capueira capueira,Odontophorus capueira capueira,Odontophorus capueira capueira,Odontophorus capueira,Odontophorus capueira capueira,Odontophorus capueira capueira,Odontophorus capueira capueira,Odontophorus capueira capueira,Odontophorus capueira capueira,Odontophorus,Odontophoridae,5,Crítico
2727,Odontophorus capueira,Odontophorus capueira,Odontophorus capueira,Odontophorus capueira,Odontophorus capueira,Odontophorus capueira,Odontophorus capueira,Odontophorus capueira,Odontophorus capueira,Odontophorus capueira,Odontophorus capueira,Odontophorus capueira capueira,Odontophorus,Odontophoridae,5,Crítico
2728,Odontophorus capueira,Odontophorus capueira capueira,Mackenziaena severa,Mackenziaena severa,Mackenziaena severa,Geotrygon montana,Odontophorus capueira,Aramides saracura,Mackenziaena severa,Mackenziaena severa,Mackenziaena severa,Odontophorus capueira capueira,Odontophorus,Odontophoridae,5,Crítico
2729,Odontophorus capueira,Tayassu pecari,Leopardus pardalis,Crypturellus obsoletus,Crypturellus obsoletus,Tayassu pecari,Salvator merianae,Eira barbara,Leopardus pardalis,Leopardus pardalis,Leopardus pardalis,Tayassu pecari,Odontophorus,Odontophoridae,5,Crítico
2730,Odontophorus capueira,Odontophorus capueira capueira,Odontophorus capueira,Odontophorus capueira capueira,Odontophorus capueira capueira,Odontophorus capueira capueira,Odontophorus capueira,Odontophorus capueira capueira,Odontophorus capueira,Odontophorus capueira,Odontophorus capueira,Odontophorus capueira capueira,Odontophorus,Odontophoridae,5,Crítico
2731,Odontophorus capueira,Odontophorus capueira capueira,Odontophorus capueira,Odontophorus capueira capueira,Odontophorus capueira capueira,Odontophorus capueira capueira,Odontophorus capueira,Odontophorus capueira capueira,Odontophorus capueira,Odontophorus capueira,Odontophorus capueira,Odontophorus capueira capueira,Odontophorus,Odontophoridae,5,Crítico
2732,Odontophorus capueira,Odontophorus capueira,Chamaeza campanisona,Chamaeza campanisona,Odontophorus capueira,Odontophorus capueira,Odontophorus capueira,Chamaeza campanisona,Chamaeza campanisona,Chamaeza campanisona,Chamaeza campanisona,Odontophorus capueira,Odontophorus,Odontophoridae,5,Crítico
2733,Odontophorus capueira,Odontophorus capueira,Chamaeza campanisona,Chamaeza campanisona,Chamaeza campanisona,Odontophorus capueira,Odontophorus capueira,Chamaeza campanisona,Chamaeza campanisona,Chamaeza campanisona,Chamaeza campanisona,Odontophorus capueira,Odontophorus,Odontophoridae,5,Crítico
2734,Odontophorus capueira,Odontophorus capueira capueira,Odontophorus capueira capueira,Odontophorus capueira capueira,Odontophorus capueira capueira,Odontophorus capueira capueira,Odontophorus capueira,Odontophorus capueira,Odontophorus capueira capueira,Odontophorus capueira capueira,Odontophorus capueira capueira,Odontophorus capueira capueira,Odontophorus,Odontophoridae,5,Crítico
2735,Odontophorus capueira,Odontophorus capueira,Odontophorus capueira capueira,Odontophorus capueira capueira,Odontophorus capueira,Odontophorus capueira,Odontophorus capueira,Odontophorus capueira,Odontophorus capueira capueira,Odontophorus capueira capueira,Odontophorus capueira capueira,Odontophorus capueira,Odontophorus,Odontophoridae,5,Crítico
2737,Odontophorus capueira,Odontophorus capueira capueira,Odontophorus capueira,Odontophorus capueira,Odontophorus capueira capueira,Odontophorus capueira,Odontophorus capueira,Odontophorus capueira,Odontophorus capueira,Odontophorus capueira,Odontophorus capueira,Odontophorus capueira capueira,Odontophorus,Odontophoridae,5,Crítico
2740,Odontophorus capueira capueira,Odontophorus capueira capueira,Odontophorus capueira capueira,Odontophorus capueira capueira,Odontophorus capueira capueira,Odontophorus capueira capueira,Odontophorus capueira,Odontophorus capueira capueira,Odontophorus capueira capueira,Odontophorus capueira capueira,Odontophorus capueira capueira,Odontophorus capueira capueira,Odontophorus,Odontophoridae,5,Crítico
2741,Odontophorus capueira capueira,Cabassous tatouay,Lepus europaeus,Cerdocyon thous,Cabassous tatouay,Odontophorus capueira,Cerdocyon thous,Nothura maculosa,Lepus europaeus,Lepus europaeus,Lepus europaeus,Cabassous tatouay,Odontophorus,Odontophoridae,5,Crítico
2742,Odontophorus capueira capueira,Odontophorus capueira,Odontophorus capueira,Odontophorus capueira,Odontophorus capueira,Odontophorus capueira,Odontophorus capueira,Odontophorus capueira,Odontophorus capueira,Odontophorus capueira,Odontophorus capueira,Odontophorus capueira,Odontophorus,Odontophoridae,5,Crítico
2743,Odontophorus capueira capueira,Salvator merianae,Crypturellus obsoletus,Crypturellus obsoletus,Crypturellus obsoletus,Pyriglena leucoptera,Salvator merianae,Salvator merianae,Crypturellus obsoletus,Crypturellus obsoletus,Crypturellus obsoletus,Salvator merianae,Odontophorus,Odontophoridae,5,Crítico
2744,Odontophorus capueira capueira,Odontophorus capueira capueira,Odontophorus capueira capueira,Odontophorus capueira,Odontophorus capueira capueira,Odontophorus capueira,Odontophorus capueira,Odontophorus capueira,Odontophorus capueira capueira,Odontophorus capueira capueira,Odontophorus capueira capueira,Odontophorus capueira capueira,Odontophorus,Odontophoridae,5,Crítico
2745,Odontophorus capueira capueira,Odontophorus capueira capueira,Odontophorus capueira capueira,Odontophorus capueira,Odontophorus capueira capueira,Odontophorus capueira capueira,Odontophorus capueira,Odontophorus capueira capueira,Odontophorus capueira capueira,Odontophorus capueira capueira,Odontophorus capueira capueira,Odontophorus capueira capueira,Odontophorus,Odontophoridae,5,Crítico
2746,Odontophorus capueira capueira,Odontophorus capueira capueira,Odontophorus capueira,Mackenziaena severa,Odontophorus capueira,Odontophorus capueira capueira,Odontophorus capueira,Odontophorus capueira,Odontophorus capueira,Odontophorus capueira,Odontophorus capueira,Odontophorus capueira capueira,Odontophorus,Odontophoridae,5,Crítico
2748,Odontophorus capueira capueira,Odontophorus capueira capueira,Odontophorus capueira capueira,Odontophorus capueira capueira,Odontophorus capueira capueira,Odontophorus capueira capueira,Odontophorus capueira,Odontophorus capueira capueira,Odontophorus capueira capueira,Odontophorus capueira capueira,Odontophorus capueira capueira,Odontophorus capueira capueira,Odontophorus,Odontophoridae,5,Crítico
2749,Odontophorus capueira capueira,Chamaeza campanisona,Leopardus pardalis,Leopardus pardalis,Crypturellus tataupa,Leptotila rufaxilla,Nyctidromus albicollis,Hydropsalis torquata,Leopardus pardalis,Leopardus pardalis,Leopardus pardalis,Chamaeza campanisona,Odontophorus,Odontophoridae,5,Crítico
2750,Odontophorus capueira capueira,Mackenziaena severa,Mackenziaena severa,Penelope superciliaris,Mackenziaena severa,Celeus galeatus,Penelope superciliaris,Pipile jacutinga,Mackenziaena severa,Mackenziaena severa,Mackenziaena severa,Mackenziaena severa,Odontophorus,Odontophoridae,5,Crítico
2751,Odontophorus capueira capueira,Odontophorus capueira capueira,Odontophorus capueira capueira,Odontophorus capueira capueira,Odontophorus capueira capueira,Odontophorus capueira capueira,Odontophorus capueira,Odontophorus capueira capueira,Odontophorus capueira capueira,Odontophorus capueira capueira,Odontophorus capueira capueira,Odontophorus capueira capueira,Odontophorus,Odontophoridae,5,Crítico
2752,Odontophorus capueira capueira,Odontophorus capueira capueira,Odontophorus capueira,Odontophorus capueira,Odontophorus capueira capueira,Odontophorus capueira capueira,Odontophorus capueira,Odontophorus capueira,Odontophorus capueira,Odontophorus capueira,Odontophorus capueira,Odontophorus capueira capueira,Odontophorus,Odontophoridae,5,Crítico
2753,Odontophorus capueira capueira,Odontophorus capueira capueira,Odontophorus capueira,Odontophorus capueira,Odontophorus capueira,Odontophorus capueira,Odontophorus capueira,Odontophorus capueira,Odontophorus capueira,Odontophorus capueira,Odontophorus capueira,Odontophorus capueira capueira,Odontophorus,Odontophoridae,5,Crítico
2755,Odontophorus capueira capueira,Odontophorus capueira capueira,Odontophorus capueira,Odontophorus capueira capueira,Odontophorus capueira capueira,Odontophorus capueira,Odontophorus capueira,Odontophorus capueira,Odontophorus capueira,Odontophorus capueira,Odontophorus capueira,Odontophorus capueira capueira,Odontophorus,Odontophoridae,5,Crítico
2756,Odontophorus capueira capueira,Odontophorus capueira,Odontophorus capueira,Odontophorus capueira,Chamaeza campanisona,Odontophorus capueira,Odontophorus capueira,Odontophorus capueira,Odontophorus capueira,Odontophorus capueira,Odontophorus capueira,Odontophorus capueira,Odontophorus,Odontophoridae,5,Crítico
2757,Odontophorus capueira capueira,Odontophorus capueira,Odontophorus capueira,Odontophorus capueira capueira,Odontophorus capueira capueira,Odontophorus capueira,Odontophorus capueira,Hydropsalis torquata,Odontophorus capueira,Odontophorus capueira,Odontophorus capueira,Odontophorus capueira,Odontophorus,Odontophoridae,5,Crítico
2758,Odontophorus capueira capueira,Odontophorus capueira capueira,Odontophorus capueira,Odontophorus capueira,Odontophorus capueira capueira,Odontophorus capueira capueira,Odontophorus capueira,Odontophorus capueira,Odontophorus capueira,Odontophorus capueira,Odontophorus capueira,Odontophorus capueira capueira,Odontophorus,Odontophoridae,5,Crítico
2759,Odontophorus capueira capueira,Odontophorus capueira,Odontophorus capueira capueira,Nothura maculosa,Nothura maculosa,Nothura maculosa,Odontophorus capueira,Nothura maculosa,Odontophorus capueira capueira,Odontophorus capueira capueira,Odontophorus capueira capueira,Odontophorus capueira,Odontophorus,Odontophoridae,5,Crítico
2760,Odontophorus capueira capueira,Odontophorus capueira,Odontophorus capueira,Crypturellus tataupa,Odontophorus capueira,Odontophorus capueira,Nyctidromus albicollis,Hydropsalis torquata,Odontophorus capueira,Odontophorus capueira,Odontophorus capueira,Odontophorus capueira,Odontophorus,Odontophoridae,5,Crítico
2762,Odontophorus capueira capueira,Odontophorus capueira,Odontophorus capueira,Odontophorus capueira,Odontophorus capueira capueira,Odontophorus capueira,Odontophorus capueira,Odontophorus capueira capueira,Odontophorus capueira,Odontophorus capueira,Odontophorus capueira,Odontophorus capueira,Odontophorus,Odontophoridae,5,Crítico
2763,Odontophorus capueira capueira,Chamaeza campanisona,Chamaeza campanisona,Chamaeza campanisona,Chamaeza campanisona,Chamaeza campanisona,Hydropsalis torquata,Nothura maculosa,Chamaeza campanisona,Chamaeza campanisona,Chamaeza campanisona,Chamaeza campanisona,Odontophorus,Odontophoridae,5,Crítico
2764,Odontophorus capueira capueira,Odontophorus capueira,Odontophorus capueira,Odontophorus capueira,Odontophorus capueira,Odontophorus capueira,Odontophorus capueira,Odontophorus capueira,Odontophorus capueira,Odontophorus capueira,Odontophorus capueira,Odontophorus capueira,Odontophorus,Odontophoridae,5,Crítico
2766,Odontophorus capueira capueira,Odontophorus capueira capueira,Odontophorus capueira capueira,Odontophorus capueira capueira,Odontophorus capueira capueira,Hydropsalis torquata,Odontophorus capueira,Hydropsalis torquata,Odontophorus capueira capueira,Odontophorus capueira capueira,Odontophorus capueira capueira,Odontophorus capueira capueira,Odontophorus,Odontophoridae,5,Crítico
2767,Odontophorus capueira capueira,Crypturellus tataupa,Odontophorus capueira,Mackenziaena severa,Geotrygon montana,Odontophorus capueira,Penelope superciliaris,Odontophorus capueira,Odontophorus capueira,Odontophorus capueira,Odontophorus capueira,Crypturellus tataupa,Odontophorus,Odontophoridae,5,Crítico
2768,Odontophorus capueira capueira,Odontophorus capueira capueira,Odontophorus capueira capueira,Odontophorus capueira capueira,Odontophorus capueira capueira,Odontophorus capueira capueira,Odontophorus capueira,Odontophorus capueira,Odontophorus capueira capueira,Odontophorus capueira capueira,Odontophorus capueira capueira,Odontophorus capueira capueira,Odontophorus,Odontophoridae,5,Crítico
2769,Odontophorus capueira capueira,Odontophorus capueira,Odontophorus capueira,Odontophorus capueira,Crypturellus obsoletus,Odontophorus capueira capueira,Penelope superciliaris,Pipile jacutinga,Odontophorus capueira,Odontophorus capueira,Odontophorus capueira,Odontophorus capueira,Odontophorus,Odontophoridae,5,Crítico
2770,Myiothlypis leucoblephara,Manacus manacus,Myiothlypis leucoblephara,Myiothlypis leucoblephara,Myiothlypis leucoblephara,Myiothlypis leucoblephara,Manacus manacus,Myiothlypis leucoblephara,Myiothlypis leucoblephara,Myiothlypis leucoblephara,Myiothlypis leucoblephara,Manacus manacus,Myiothlypis,Parulidae,3,Medio
2771,Myiothlypis leucoblephara,Manacus manacus,Myiothlypis leucoblephara,Myiothlypis leucoblephara,Myiothlypis leucoblephara,Myiothlypis leucoblephara,Manacus manacus,Myiothlypis leucoblephara,Myiothlypis leucoblephara,Myiothlypis leucoblephara,Myiothlypis leucoblephara,Manacus manacus,Myiothlypis,Parulidae,3,Medio
2772,Myiothlypis leucoblephara,Manacus manacus,Myiothlypis leucoblephara,Myiothlypis leucoblephara,Myiothlypis leucoblephara,Myiothlypis leucoblephara,Conopophaga lineata,Conopophaga lineata,Myiothlypis leucoblephara,Myiothlypis leucoblephara,Myiothlypis leucoblephara,Manacus manacus,Myiothlypis,Parulidae,3,Medio
2773,Myiothlypis leucoblephara,Conopophaga lineata,Synallaxis ruficapilla,Manacus manacus,Conopophaga lineata,Conopophaga lineata,Conopophaga lineata,Manacus manacus,Synallaxis ruficapilla,Synallaxis ruficapilla,Synallaxis ruficapilla,Conopophaga lineata,Myiothlypis,Parulidae,3,Medio
2775,Myiothlypis leucoblephara,Manacus manacus,Myiothlypis leucoblephara,Myiothlypis leucoblephara,Myiothlypis leucoblephara,Myiothlypis leucoblephara,Manacus manacus,Conopophaga lineata,Myiothlypis leucoblephara,Myiothlypis leucoblephara,Myiothlypis leucoblephara,Manacus manacus,Myiothlypis,Parulidae,3,Medio
2776,Myiothlypis leucoblephara,Manacus manacus,Synallaxis ruficapilla,Conopophaga lineata,Myiothlypis leucoblephara,Myiothlypis leucoblephara,Conopophaga lineata,Manacus manacus,Synallaxis ruficapilla,Synallaxis ruficapilla,Synallaxis ruficapilla,Manacus manacus,Myiothlypis,Parulidae,3,Medio
2777,Myiothlypis leucoblephara,Myiothlypis leucoblephara,Myiothlypis leucoblephara,Myiothlypis leucoblephara,Myiothlypis leucoblephara,Myiothlypis leucoblephara,Myiothlypis leucoblephara,Conopophaga lineata,Myiothlypis leucoblephara,Myiothlypis leucoblephara,Myiothlypis leucoblephara,Myiothlypis leucoblephara,Myiothlypis,Parulidae,3,Medio
2778,Myiothlypis leucoblephara,Manacus manacus,Myiothlypis leucoblephara,Myiothlypis leucoblephara,Myiothlypis leucoblephara,Myiothlypis leucoblephara,Myiothlypis leucoblephara,Myiothlypis leucoblephara,Myiothlypis leucoblephara,Myiothlypis leucoblephara,Myiothlypis leucoblephara,Pogonotriccus eximius,Myiothlypis,Parulidae,3,Medio
2779,Myiothlypis leucoblephara,Manacus manacus,Myiothlypis leucoblephara,Myiothlypis leucoblephara,Myiothlypis leucoblephara,Myiothlypis leucoblephara,Manacus manacus,Manacus manacus,Myiothlypis leucoblephara,Myiothlypis leucoblephara,Myiothlypis leucoblephara,Manacus manacus,Myiothlypis,Parulidae,3,Medio
2782,Myiothlypis leucoblephara,Myiothlypis leucoblephara,Myiothlypis leucoblephara,Myiothlypis leucoblephara,Myiothlypis leucoblephara,Myiothlypis leucoblephara,Myiothlypis leucoblephara,Myiothlypis leucoblephara,Myiothlypis leucoblephara,Myiothlypis leucoblephara,Myiothlypis leucoblephara,Myiothlypis leucoblephara,Myiothlypis,Parulidae,3,Medio
2783,Myiothlypis leucoblephara,Hypoedaleus guttatus,Biatas nigropectus,Biatas nigropectus,Biatas nigropectus,Hypoedaleus guttatus,Hypoedaleus guttatus,Myiothlypis leucoblephara,Biatas nigropectus,Biatas nigropectus,Biatas nigropectus,Hypoedaleus guttatus,Myiothlypis,Parulidae,3,Medio
2785,Myiothlypis leucoblephara,Pyriglena leucoptera,Tachyphonus coronatus,Pyriglena leucoptera,Pyriglena leucoptera,Tachyphonus coronatus,Tachyphonus coronatus,Pyriglena leucoptera,Tachyphonus coronatus,Tachyphonus coronatus,Tachyphonus coronatus,Pyriglena leucoptera,Myiothlypis,Parulidae,3,Medio
2787,Myiothlypis leucoblephara,Manacus manacus,Myiothlypis leucoblephara,Myiothlypis leucoblephara,Myiothlypis leucoblephara,Myiothlypis leucoblephara,Manacus manacus,Myiothlypis leucoblephara,Myiothlypis leucoblephara,Myiothlypis leucoblephara,Myiothlypis leucoblephara,Manacus manacus,Myiothlypis,Parulidae,3,Medio
2788,Myiothlypis leucoblephara,Myiothlypis leucoblephara,Myiothlypis leucoblephara,Conopophaga lineata vulgaris,Conopophaga lineata vulgaris,Myiothlypis leucoblephara,Myiothlypis leucoblephara,Myiothlypis leucoblephara,Myiothlypis leucoblephara,Myiothlypis leucoblephara,Myiothlypis leucoblephara,Myiothlypis leucoblephara,Myiothlypis,Parulidae,3,Medio
2789,Myiothlypis leucoblephara,Sapajus nigritus,Pyriglena leucoptera,Cyanocorax chrysops,Sapajus nigritus,Brotogeris chiriri,Sapajus nigritus,Sapajus nigritus,Pyriglena leucoptera,Pyriglena leucoptera,Pyriglena leucoptera,Sapajus nigritus,Myiothlypis,Parulidae,3,Medio
2790,Myiothlypis leucoblephara,Manacus manacus,Myiothlypis leucoblephara,Myiothlypis leucoblephara,Myiothlypis leucoblephara,Myiothlypis leucoblephara,Manacus manacus,Myiothlypis leucoblephara,Myiothlypis leucoblephara,Myiothlypis leucoblephara,Myiothlypis leucoblephara,Manacus manacus,Myiothlypis,Parulidae,3,Medio
2791,Myiothlypis leucoblephara,Manacus manacus,Myiothlypis leucoblephara,Myiothlypis leucoblephara,Myiothlypis leucoblephara,Myiothlypis leucoblephara,Manacus manacus,Myiothlypis leucoblephara,Myiothlypis leucoblephara,Myiothlypis leucoblephara,Myiothlypis leucoblephara,Manacus manacus,Myiothlypis,Parulidae,3,Medio
2792,Myiothlypis leucoblephara,Myiothlypis leucoblephara,Myiothlypis leucoblephara,Myiothlypis leucoblephara,Myiothlypis leucoblephara,Myiothlypis leucoblephara,Conopophaga lineata,Myiothlypis leucoblephara,Myiothlypis leucoblephara,Myiothlypis leucoblephara,Myiothlypis leucoblephara,Myiothlypis leucoblephara,Myiothlypis,Parulidae,3,Medio
2793,Myiothlypis leucoblephara,Myiothlypis leucoblephara,Turdus albicollis,Conopophaga lineata vulgaris,Conopophaga lineata vulgaris,Hypoedaleus guttatus,Hypoedaleus guttatus,Hypoedaleus guttatus,Turdus albicollis,Turdus albicollis,Turdus albicollis,Myiothlypis leucoblephara,Myiothlypis,Parulidae,3,Medio
2794,Myiothlypis leucoblephara,Synallaxis ruficapilla,Synallaxis ruficapilla,Chamaeza campanisona,Chamaeza campanisona,Myiothlypis leucoblephara,Synallaxis ruficapilla,Habia rubica,Synallaxis ruficapilla,Synallaxis ruficapilla,Synallaxis ruficapilla,Synallaxis ruficapilla,Myiothlypis,Parulidae,3,Medio
2795,Myiothlypis leucoblephara,Myiothlypis leucoblephara,Myiothlypis leucoblephara,Conopophaga lineata,Conopophaga lineata,Myiothlypis leucoblephara,Myiothlypis leucoblephara,Myiothlypis leucoblephara,Myiothlypis leucoblephara,Myiothlypis leucoblephara,Myiothlypis leucoblephara,Myiothlypis leucoblephara,Myiothlypis,Parulidae,3,Medio
2797,Myiothlypis leucoblephara,Manacus manacus,Myiothlypis leucoblephara,Myiothlypis leucoblephara,Myiothlypis leucoblephara,Myiothlypis leucoblephara,Conopophaga lineata,Manacus manacus,Myiothlypis leucoblephara,Myiothlypis leucoblephara,Myiothlypis leucoblephara,Manacus manacus,Myiothlypis,Parulidae,3,Medio
2798,Myiothlypis leucoblephara,Myiothlypis leucoblephara,Pogonotriccus eximius,Manacus manacus,Manacus manacus,Myiothlypis leucoblephara,Manacus manacus,Myiothlypis leucoblephara,Pogonotriccus eximius,Pogonotriccus eximius,Pogonotriccus eximius,Myiothlypis leucoblephara,Myiothlypis,Parulidae,3,Medio
2799,Myiothlypis leucoblephara,Myiothlypis leucoblephara,Conopophaga lineata,Myiothlypis leucoblephara,Myiothlypis leucoblephara,Myiothlypis leucoblephara,Myiothlypis leucoblephara,Myiothlypis leucoblephara,Conopophaga lineata,Conopophaga lineata,Conopophaga lineata,Myiothlypis leucoblephara,Myiothlypis,Parulidae,3,Medio
2800,Myiothlypis leucoblephara,Manacus manacus,Myiothlypis leucoblephara,Myiothlypis leucoblephara,Myiothlypis leucoblephara,Myiothlypis leucoblephara,Myiothlypis leucoblephara,Myiothlypis leucoblephara,Myiothlypis leucoblephara,Myiothlypis leucoblephara,Myiothlypis leucoblephara,Manacus manacus,Myiothlypis,Parulidae,3,Medio
2801,Myiothlypis leucoblephara,Myiothlypis leucoblephara,Myiothlypis leucoblephara,Biatas nigropectus,Biatas nigropectus,Myiothlypis leucoblephara,Manacus manacus,Hypoedaleus guttatus,Myiothlypis leucoblephara,Myiothlypis leucoblephara,Myiothlypis leucoblephara,Myiothlypis leucoblephara,Myiothlypis,Parulidae,3,Medio
2803,Myiothlypis leucoblephara,Myiothlypis leucoblephara,Myiothlypis leucoblephara,Myiothlypis leucoblephara,Myiothlypis leucoblephara,Myiothlypis leucoblephara,Myiothlypis leucoblephara,Myiothlypis leucoblephara,Myiothlypis leucoblephara,Myiothlypis leucoblephara,Myiothlypis leucoblephara,Myiothlypis leucoblephara,Myiothlypis,Parulidae,3,Medio
2804,Myiothlypis leucoblephara,Hypoedaleus guttatus,Pyriglena leucoptera,Habia rubica,Habia rubica,Hypoedaleus guttatus,Hypoedaleus guttatus,Didelphis albiventris,Pyriglena leucoptera,Pyriglena leucoptera,Pyriglena leucoptera,Hypoedaleus guttatus,Myiothlypis,Parulidae,3,Medio
2806,Myiothlypis leucoblephara,Myiothlypis leucoblephara,Myiothlypis leucoblephara,Myiothlypis leucoblephara,Myiothlypis leucoblephara,Myiothlypis leucoblephara,Myiothlypis leucoblephara,Myiothlypis leucoblephara,Myiothlypis leucoblephara,Myiothlypis leucoblephara,Myiothlypis leucoblephara,Myiothlypis leucoblephara,Myiothlypis,Parulidae,3,Medio
2807,Myiothlypis leucoblephara,Synallaxis ruficapilla,Myiothlypis leucoblephara,Synallaxis ruficapilla,Synallaxis ruficapilla,Myiothlypis leucoblephara,Conopophaga lineata,Conopophaga lineata,Myiothlypis leucoblephara,Myiothlypis leucoblephara,Myiothlypis leucoblephara,Synallaxis ruficapilla,Myiothlypis,Parulidae,3,Medio
2810,Myiothlypis leucoblephara,Pogonotriccus eximius,Myiothlypis leucoblephara,Myiothlypis leucoblephara,Myiothlypis leucoblephara,Myiothlypis leucoblephara,Manacus manacus,Myiothlypis leucoblephara,Myiothlypis leucoblephara,Myiothlypis leucoblephara,Myiothlypis leucoblephara,Pogonotriccus eximius,Myiothlypis,Parulidae,3,Medio
2811,Myiothlypis leucoblephara,Pogonotriccus eximius,Myiothlypis leucoblephara,Myiothlypis leucoblephara,Myiothlypis leucoblephara,Myiothlypis leucoblephara,Manacus manacus,Myiothlypis leucoblephara,Myiothlypis leucoblephara,Myiothlypis leucoblephara,Myiothlypis leucoblephara,Pogonotriccus eximius,Myiothlypis,Parulidae,3,Medio
2812,Myiothlypis leucoblephara,Myiothlypis leucoblephara,Myiothlypis leucoblephara,Myiothlypis leucoblephara,Manacus manacus,Myiothlypis leucoblephara,Myiothlypis leucoblephara,Myiothlypis leucoblephara,Myiothlypis leucoblephara,Myiothlypis leucoblephara,Myiothlypis leucoblephara,Myiothlypis leucoblephara,Myiothlypis,Parulidae,3,Medio
2813,Myiothlypis leucoblephara,Hypoedaleus guttatus,Habia rubica,Hypoedaleus guttatus,Hypoedaleus guttatus,Hypoedaleus guttatus,Hypoedaleus guttatus,Hypoedaleus guttatus,Habia rubica,Habia rubica,Habia rubica,Hypoedaleus guttatus,Myiothlypis,Parulidae,3,Medio
2814,Myiothlypis leucoblephara,Myiothlypis leucoblephara,Conopophaga lineata vulgaris,Conopophaga lineata vulgaris,Myiothlypis leucoblephara,Myiothlypis leucoblephara,Myiothlypis leucoblephara,Myiothlypis leucoblephara,Conopophaga lineata vulgaris,Conopophaga lineata vulgaris,Conopophaga lineata vulgaris,Myiothlypis leucoblephara,Myiothlypis,Parulidae,3,Medio
2815,Myiothlypis leucoblephara,Manacus manacus,Myiothlypis leucoblephara,Myiothlypis leucoblephara,Myiothlypis leucoblephara,Myiothlypis leucoblephara,Manacus manacus,Manacus manacus,Myiothlypis leucoblephara,Myiothlypis leucoblephara,Myiothlypis leucoblephara,Manacus manacus,Myiothlypis,Parulidae,3,Medio
2816,Myiothlypis leucoblephara,Conopophaga lineata,Cyanoloxia brissonii,Cyanoloxia brissonii,Conopophaga lineata,Myiothlypis leucoblephara,Conopophaga lineata,Tachyphonus coronatus,Cyanoloxia brissonii,Cyanoloxia brissonii,Cyanoloxia brissonii,Conopophaga lineata,Myiothlypis,Parulidae,3,Medio
2817,Myiothlypis leucoblephara,Manacus manacus,Myiothlypis leucoblephara,Myiothlypis leucoblephara,Myiothlypis leucoblephara,Myiothlypis leucoblephara,Myiothlypis leucoblephara,Myiothlypis leucoblephara,Myiothlypis leucoblephara,Myiothlypis leucoblephara,Myiothlypis leucoblephara,Manacus manacus,Myiothlypis,Parulidae,3,Medio
2818,Myiothlypis leucoblephara,Manacus manacus,Myiothlypis leucoblephara,Myiothlypis leucoblephara,Myiothlypis leucoblephara,Myiothlypis leucoblephara,Myiothlypis leucoblephara,Myiothlypis leucoblephara,Myiothlypis leucoblephara,Myiothlypis leucoblephara,Myiothlypis leucoblephara,Manacus manacus,Myiothlypis,Parulidae,3,Medio
2819,Myiothlypis leucoblephara,Myiothlypis leucoblephara,Myiothlypis leucoblephara,Habia rubica,Conopophaga lineata vulgaris,Hypoedaleus guttatus,Hypoedaleus guttatus,Myiothlypis leucoblephara,Myiothlypis leucoblephara,Myiothlypis leucoblephara,Myiothlypis leucoblephara,Myiothlypis leucoblephara,Myiothlypis,Parulidae,3,Medio
2821,Myiothlypis leucoblephara,Myiothlypis leucoblephara,Conopophaga lineata,Conopophaga lineata,Conopophaga lineata,Hypoedaleus guttatus,Hypoedaleus guttatus,Hypoedaleus guttatus,Conopophaga lineata,Conopophaga lineata,Conopophaga lineata,Myiothlypis leucoblephara,Myiothlypis,Parulidae,3,Medio
2822,Myiothlypis leucoblephara,Pogonotriccus eximius,Pogonotriccus eximius,Conopophaga lineata,Pogonotriccus eximius,Myiothlypis leucoblephara,Manacus manacus,Conopophaga lineata,Pogonotriccus eximius,Pogonotriccus eximius,Pogonotriccus eximius,Pogonotriccus eximius,Myiothlypis,Parulidae,3,Medio
2823,Myiothlypis leucoblephara,Myiothlypis leucoblephara,Manacus manacus,Manacus manacus,Manacus manacus,Hypoedaleus guttatus,Manacus manacus,Myiothlypis leucoblephara,Manacus manacus,Manacus manacus,Manacus manacus,Myiothlypis leucoblephara,Myiothlypis,Parulidae,3,Medio
2824,Myiothlypis leucoblephara,Manacus manacus,Myiothlypis leucoblephara,Myiothlypis leucoblephara,Myiothlypis leucoblephara,Myiothlypis leucoblephara,Manacus manacus,Myiothlypis leucoblephara,Myiothlypis leucoblephara,Myiothlypis leucoblephara,Myiothlypis leucoblephara,Manacus manacus,Myiothlypis,Parulidae,3,Medio
2825,Myiothlypis leucoblephara,Manacus manacus,Conopophaga lineata,Conopophaga lineata,Conopophaga lineata,Manacus manacus,Conopophaga lineata,Conopophaga lineata,Conopophaga lineata,Conopophaga lineata,Conopophaga lineata,Manacus manacus,Myiothlypis,Parulidae,3,Medio
2826,Myiothlypis leucoblephara,Manacus manacus,Myiothlypis leucoblephara,Myiothlypis leucoblephara,Myiothlypis leucoblephara,Myiothlypis leucoblephara,Myiothlypis leucoblephara,Myiothlypis leucoblephara,Myiothlypis leucoblephara,Myiothlypis leucoblephara,Myiothlypis leucoblephara,Manacus manacus,Myiothlypis,Parulidae,3,Medio
2827,Myiothlypis leucoblephara,Myiothlypis leucoblephara,Manacus manacus,Manacus manacus,Habia rubica,Myiothlypis leucoblephara,Myiothlypis leucoblephara,Cyanoloxia brissonii,Manacus manacus,Manacus manacus,Manacus manacus,Myiothlypis leucoblephara,Myiothlypis,Parulidae,3,Medio
2828,Celeus galeatus,Celeus galeatus,Celeus galeatus,Celeus galeatus,Celeus galeatus,Celeus galeatus,Celeus galeatus,Celeus galeatus,Celeus galeatus,Celeus galeatus,Celeus galeatus,Celeus galeatus,Celeus,Picidae,6,Crítico
2829,Celeus galeatus,Celeus galeatus,Celeus galeatus,Celeus galeatus,Celeus galeatus,Celeus galeatus,Celeus galeatus,Celeus galeatus,Celeus galeatus,Celeus galeatus,Celeus galeatus,Celeus galeatus,Celeus,Picidae,6,Crítico
2830,Celeus galeatus,Penelope superciliaris,Penelope superciliaris,Penelope superciliaris,Penelope superciliaris,Celeus galeatus,Penelope superciliaris,Penelope superciliaris,Penelope superciliaris,Penelope superciliaris,Penelope superciliaris,Penelope superciliaris,Celeus,Picidae,6,Crítico
2831,Celeus galeatus,Celeus galeatus,Celeus galeatus,Celeus galeatus,Celeus galeatus,Celeus galeatus,Celeus galeatus,Celeus galeatus,Celeus galeatus,Celeus galeatus,Celeus galeatus,Celeus galeatus,Celeus,Picidae,6,Crítico
2832,Celeus galeatus,Celeus galeatus,Celeus galeatus,Celeus galeatus,Celeus galeatus,Celeus galeatus,Celeus galeatus,Celeus galeatus,Celeus galeatus,Celeus galeatus,Celeus galeatus,Celeus galeatus,Celeus,Picidae,6,Crítico
2833,Celeus galeatus,Celeus galeatus,Celeus galeatus,Celeus galeatus,Celeus galeatus,Celeus galeatus,Celeus galeatus,Celeus galeatus,Celeus galeatus,Celeus galeatus,Celeus galeatus,Celeus galeatus,Celeus,Picidae,6,Crítico
2834,Celeus galeatus,Celeus galeatus,Celeus galeatus,Celeus galeatus,Celeus galeatus,Celeus galeatus,Celeus galeatus,Celeus galeatus,Celeus galeatus,Celeus galeatus,Celeus galeatus,Celeus galeatus,Celeus,Picidae,6,Crítico
2836,Celeus galeatus,Celeus galeatus,Celeus galeatus,Celeus galeatus,Celeus galeatus,Celeus galeatus,Celeus galeatus,Celeus galeatus,Celeus galeatus,Celeus galeatus,Celeus galeatus,Celeus galeatus,Celeus,Picidae,6,Crítico
2839,Celeus galeatus,Celeus galeatus,Celeus galeatus,Celeus galeatus,Celeus galeatus,Celeus galeatus,Celeus galeatus,Celeus galeatus,Celeus galeatus,Celeus galeatus,Celeus galeatus,Celeus galeatus,Celeus,Picidae,6,Crítico
2842,Celeus galeatus,Celeus galeatus,Celeus galeatus,Celeus galeatus,Celeus galeatus,Celeus galeatus,Celeus galeatus,Celeus galeatus,Celeus galeatus,Celeus galeatus,Celeus galeatus,Celeus galeatus,Celeus,Picidae,6,Crítico
2843,Celeus galeatus,Celeus galeatus,Celeus galeatus,Celeus galeatus,Celeus galeatus,Celeus galeatus,Celeus galeatus,Celeus galeatus,Celeus galeatus,Celeus galeatus,Celeus galeatus,Celeus galeatus,Celeus,Picidae,6,Crítico
2844,Celeus galeatus,Celeus galeatus,Celeus galeatus,Celeus galeatus,Celeus galeatus,Celeus galeatus,Celeus galeatus,Celeus galeatus,Celeus galeatus,Celeus galeatus,Celeus galeatus,Celeus galeatus,Celeus,Picidae,6,Crítico
2845,Celeus galeatus,Amazona vinacea,Alouatta guariba clamitans,Alouatta guariba clamitans,Alouatta guariba clamitans,Amazona vinacea,Alouatta guariba clamitans,Alouatta guariba clamitans,Alouatta guariba clamitans,Alouatta guariba clamitans,Alouatta guariba clamitans,Amazona vinacea,Celeus,Picidae,6,Crítico
2846,Celeus galeatus,Celeus galeatus,Celeus galeatus,Celeus galeatus,Celeus galeatus,Celeus galeatus,Celeus galeatus,Celeus galeatus,Celeus galeatus,Celeus galeatus,Celeus galeatus,Celeus galeatus,Celeus,Picidae,6,Crítico
2848,Celeus galeatus,Celeus galeatus,Celeus galeatus,Celeus galeatus,Celeus galeatus,Celeus galeatus,Celeus galeatus,Celeus galeatus,Celeus galeatus,Celeus galeatus,Celeus galeatus,Celeus galeatus,Celeus,Picidae,6,Crítico
2849,Celeus galeatus,Celeus galeatus,Celeus galeatus,Celeus galeatus,Celeus galeatus,Celeus galeatus,Celeus galeatus,Celeus galeatus,Celeus galeatus,Celeus galeatus,Celeus galeatus,Celeus galeatus,Celeus,Picidae,6,Crítico
2850,Celeus galeatus,Celeus galeatus,Celeus galeatus,Celeus galeatus,Celeus galeatus,Celeus galeatus,Celeus galeatus,Celeus galeatus,Celeus galeatus,Celeus galeatus,Celeus galeatus,Celeus galeatus,Celeus,Picidae,6,Crítico
2851,Celeus galeatus,Celeus galeatus,Celeus galeatus,Celeus galeatus,Celeus galeatus,Celeus galeatus,Celeus galeatus,Celeus galeatus,Celeus galeatus,Celeus galeatus,Celeus galeatus,Celeus galeatus,Celeus,Picidae,6,Crítico
2852,Celeus galeatus,Celeus galeatus,Celeus galeatus,Celeus galeatus,Celeus galeatus,Celeus galeatus,Celeus galeatus,Celeus galeatus,Celeus galeatus,Celeus galeatus,Celeus galeatus,Celeus galeatus,Celeus,Picidae,6,Crítico
2853,Celeus galeatus,Celeus galeatus,Celeus galeatus,Celeus galeatus,Celeus galeatus,Celeus galeatus,Celeus galeatus,Celeus galeatus,Celeus galeatus,Celeus galeatus,Celeus galeatus,Celeus galeatus,Celeus,Picidae,6,Crítico
2854,Celeus galeatus,Celeus galeatus,Celeus galeatus,Celeus galeatus,Celeus galeatus,Celeus galeatus,Celeus galeatus,Celeus galeatus,Celeus galeatus,Celeus galeatus,Celeus galeatus,Celeus galeatus,Celeus,Picidae,6,Crítico
2855,Celeus galeatus,Celeus galeatus,Selenidera maculirostris,Penelope superciliaris,Celeus galeatus,Celeus galeatus,Penelope superciliaris,Mackenziaena severa,Selenidera maculirostris,Selenidera maculirostris,Selenidera maculirostris,Celeus galeatus,Celeus,Picidae,6,Crítico
2856,Celeus galeatus,Celeus galeatus,Celeus galeatus,Celeus galeatus,Celeus galeatus,Celeus galeatus,Celeus galeatus,Celeus galeatus,Celeus galeatus,Celeus galeatus,Celeus galeatus,Celeus galeatus,Celeus,Picidae,6,Crítico
2858,Celeus galeatus,Celeus galeatus,Celeus galeatus,Celeus galeatus,Celeus galeatus,Celeus galeatus,Celeus galeatus,Celeus galeatus,Celeus galeatus,Celeus galeatus,Celeus galeatus,Celeus galeatus,Celeus,Picidae,6,Crítico
2859,Celeus galeatus,Celeus galeatus,Celeus galeatus,Celeus galeatus,Celeus galeatus,Celeus galeatus,Celeus galeatus,Celeus galeatus,Celeus galeatus,Celeus galeatus,Celeus galeatus,Celeus galeatus,Celeus,Picidae,6,Crítico
2860,Celeus galeatus,Celeus galeatus,Celeus galeatus,Celeus galeatus,Celeus galeatus,Celeus galeatus,Celeus galeatus,Celeus galeatus,Celeus galeatus,Celeus galeatus,Celeus galeatus,Celeus galeatus,Celeus,Picidae,6,Crítico
2861,Celeus galeatus,Celeus galeatus,Celeus galeatus,Celeus galeatus,Celeus galeatus,Celeus galeatus,Celeus galeatus,Celeus galeatus,Celeus galeatus,Celeus galeatus,Celeus galeatus,Celeus galeatus,Celeus,Picidae,6,Crítico
2862,Celeus galeatus,Celeus galeatus,Celeus galeatus,Celeus galeatus,Celeus galeatus,Celeus galeatus,Celeus galeatus,Celeus galeatus,Celeus galeatus,Celeus galeatus,Celeus galeatus,Celeus galeatus,Celeus,Picidae,6,Crítico
2863,Celeus galeatus,Celeus galeatus,Celeus galeatus,Celeus galeatus,Celeus galeatus,Celeus galeatus,Celeus galeatus,Celeus galeatus,Celeus galeatus,Celeus galeatus,Celeus galeatus,Celeus galeatus,Celeus,Picidae,6,Crítico
2864,Celeus galeatus,Celeus galeatus,Celeus galeatus,Celeus galeatus,Celeus galeatus,Celeus galeatus,Celeus galeatus,Celeus galeatus,Celeus galeatus,Celeus galeatus,Celeus galeatus,Celeus galeatus,Celeus,Picidae,6,Crítico
2865,Celeus galeatus,Celeus galeatus,Celeus galeatus,Celeus galeatus,Celeus galeatus,Celeus galeatus,Celeus galeatus,Celeus galeatus,Celeus galeatus,Celeus galeatus,Celeus galeatus,Celeus galeatus,Celeus,Picidae,6,Crítico
2866,Celeus galeatus,Celeus galeatus,Celeus galeatus,Celeus galeatus,Celeus galeatus,Celeus galeatus,Celeus galeatus,Celeus galeatus,Celeus galeatus,Celeus galeatus,Celeus galeatus,Celeus galeatus,Celeus,Picidae,6,Crítico
2868,Celeus galeatus,Celeus galeatus,Celeus galeatus,Celeus galeatus,Celeus galeatus,Celeus galeatus,Celeus galeatus,Celeus galeatus,Celeus galeatus,Celeus galeatus,Celeus galeatus,Celeus galeatus,Celeus,Picidae,6,Crítico
2869,Celeus galeatus,Celeus galeatus,Celeus galeatus,Celeus galeatus,Celeus galeatus,Celeus galeatus,Celeus galeatus,Celeus galeatus,Celeus galeatus,Celeus galeatus,Celeus galeatus,Celeus galeatus,Celeus,Picidae,6,Crítico
2870,Manacus manacus,Manacus manacus,Manacus manacus,Manacus manacus,Manacus manacus,Manacus manacus,Manacus manacus,Manacus manacus,Manacus manacus,Manacus manacus,Manacus manacus,Manacus manacus,Manacus,Pipridae,1,Bajo
2872,Manacus manacus,Pyriglena leucoptera,Habia rubica,Habia rubica,Habia rubica,Manacus manacus,Pyriglena leucoptera,Amazona vinacea,Habia rubica,Habia rubica,Habia rubica,Pyriglena leucoptera,Manacus,Pipridae,1,Bajo
2874,Manacus manacus,Manacus manacus,Manacus manacus,Manacus manacus,Manacus manacus,Manacus manacus,Manacus manacus,Manacus manacus,Manacus manacus,Manacus manacus,Manacus manacus,Manacus manacus,Manacus,Pipridae,1,Bajo
2875,Manacus manacus,Myiothlypis leucoblephara,Tachyphonus coronatus,Baryphthengus ruficapillus,Amazona aestiva,Tachyphonus coronatus,Tachyphonus coronatus,Myiothlypis leucoblephara,Tachyphonus coronatus,Tachyphonus coronatus,Tachyphonus coronatus,Myiothlypis leucoblephara,Manacus,Pipridae,1,Bajo
2876,Manacus manacus,Pyriglena leucoptera,Manacus manacus,Manacus manacus,Manacus manacus,Manacus manacus,Conopophaga lineata,Manacus manacus,Manacus manacus,Manacus manacus,Manacus manacus,Pyriglena leucoptera,Manacus,Pipridae,1,Bajo
2877,Manacus manacus,Hypoedaleus guttatus,Penelope superciliaris,Biatas nigropectus,Biatas nigropectus,Manacus manacus,Hypoedaleus guttatus,Biatas nigropectus,Penelope superciliaris,Penelope superciliaris,Penelope superciliaris,Hypoedaleus guttatus,Manacus,Pipridae,1,Bajo
2878,Manacus manacus,Manacus manacus,Manacus manacus,Manacus manacus,Manacus manacus,Manacus manacus,Manacus manacus,Manacus manacus,Manacus manacus,Manacus manacus,Manacus manacus,Manacus manacus,Manacus,Pipridae,1,Bajo
2879,Manacus manacus,Conopophaga lineata,Manacus manacus,Conopophaga lineata,Conopophaga lineata,Manacus manacus,Conopophaga lineata,Conopophaga lineata,Manacus manacus,Manacus manacus,Manacus manacus,Conopophaga lineata,Manacus,Pipridae,1,Bajo
2880,Manacus manacus,Manacus manacus,Synallaxis ruficapilla,Manacus manacus,Manacus manacus,Manacus manacus,Manacus manacus,Manacus manacus,Synallaxis ruficapilla,Synallaxis ruficapilla,Synallaxis ruficapilla,Manacus manacus,Manacus,Pipridae,1,Bajo
2881,Manacus manacus,Manacus manacus,Manacus manacus,Conopophaga lineata,Manacus manacus,Manacus manacus,Manacus manacus,Manacus manacus,Manacus manacus,Manacus manacus,Manacus manacus,Manacus manacus,Manacus,Pipridae,1,Bajo
2882,Manacus manacus,Hypoedaleus guttatus,Brotogeris chiriri,Brotogeris chiriri,Brotogeris chiriri,Hypoedaleus guttatus,Hypoedaleus guttatus,Pyriglena leucoptera,Brotogeris chiriri,Brotogeris chiriri,Brotogeris chiriri,Hypoedaleus guttatus,Manacus,Pipridae,1,Bajo
2883,Manacus manacus,Myiothlypis leucoblephara,Turdus albicollis,Brotogeris chiriri,Brotogeris chiriri,Hypoedaleus guttatus,Hypoedaleus guttatus,Hypoedaleus guttatus,Turdus albicollis,Turdus albicollis,Turdus albicollis,Myiothlypis leucoblephara,Manacus,Pipridae,1,Bajo
2884,Manacus manacus,Conopophaga lineata,Conopophaga lineata,Conopophaga lineata,Conopophaga lineata,Manacus manacus,Conopophaga lineata,Conopophaga lineata,Conopophaga lineata,Conopophaga lineata,Conopophaga lineata,Conopophaga lineata,Manacus,Pipridae,1,Bajo
2885,Manacus manacus,Myiothlypis leucoblephara,Pyriglena leucoptera,Pyriglena leucoptera,Baryphthengus ruficapillus,Manacus manacus,Hypoedaleus guttatus,Pyriglena leucoptera,Pyriglena leucoptera,Pyriglena leucoptera,Pyriglena leucoptera,Myiothlypis leucoblephara,Manacus,Pipridae,1,Bajo
2886,Manacus manacus,Manacus manacus,Manacus manacus,Manacus manacus,Manacus manacus,Manacus manacus,Manacus manacus,Manacus manacus,Manacus manacus,Manacus manacus,Manacus manacus,Manacus manacus,Manacus,Pipridae,1,Bajo
2887,Manacus manacus,Hypoedaleus guttatus,Myiothlypis leucoblephara,Conopophaga lineata,Biatas nigropectus,Manacus manacus,Hypoedaleus guttatus,Gubernetes yetapa,Myiothlypis leucoblephara,Myiothlypis leucoblephara,Myiothlypis leucoblephara,Hypoedaleus guttatus,Manacus,Pipridae,1,Bajo
2889,Manacus manacus,Conopophaga lineata,Conopophaga lineata,Conopophaga lineata,Turdus albicollis,Conopophaga lineata,Conopophaga lineata,Conopophaga lineata,Conopophaga lineata,Conopophaga lineata,Conopophaga lineata,Conopophaga lineata,Manacus,Pipridae,1,Bajo
2890,Manacus manacus,Manacus manacus,Manacus manacus,Manacus manacus,Manacus manacus,Manacus manacus,Manacus manacus,Manacus manacus,Manacus manacus,Manacus manacus,Manacus manacus,Manacus manacus,Manacus,Pipridae,1,Bajo
2892,Manacus manacus,Pyriglena leucoptera,Penelope superciliaris,Conopophaga lineata,Conopophaga lineata,Leptotila verreauxi,Turdus albicollis,Mackenziaena leachii,Penelope superciliaris,Penelope superciliaris,Penelope superciliaris,Pyriglena leucoptera,Manacus,Pipridae,1,Bajo
2894,Manacus manacus,Manacus manacus,Manacus manacus,Manacus manacus,Manacus manacus,Manacus manacus,Conopophaga lineata,Conopophaga lineata,Manacus manacus,Manacus manacus,Manacus manacus,Manacus manacus,Manacus,Pipridae,1,Bajo
2896,Manacus manacus,Manacus manacus,Manacus manacus,Manacus manacus,Manacus manacus,Manacus manacus,Manacus manacus,Manacus manacus,Manacus manacus,Manacus manacus,Manacus manacus,Manacus manacus,Manacus,Pipridae,1,Bajo
2898,Manacus manacus,Manacus manacus,Manacus manacus,Manacus manacus,Conopophaga lineata,Manacus manacus,Manacus manacus,Manacus manacus,Manacus manacus,Manacus manacus,Manacus manacus,Manacus manacus,Manacus,Pipridae,1,Bajo
2899,Manacus manacus,Pyriglena leucoptera,Turdus albicollis,Habia rubica,Habia rubica,Manacus manacus,Hypoedaleus guttatus,Conopophaga lineata,Turdus albicollis,Turdus albicollis,Turdus albicollis,Pyriglena leucoptera,Manacus,Pipridae,1,Bajo
2900,Manacus manacus,Hypoedaleus guttatus,Pyriglena leucoptera,Dasypus novemcinctus,Dasypus novemcinctus,Hypoedaleus guttatus,Hypoedaleus guttatus,Myiothlypis leucoblephara,Pyriglena leucoptera,Pyriglena leucoptera,Pyriglena leucoptera,Hypoedaleus guttatus,Manacus,Pipridae,1,Bajo
2902,Manacus manacus,Conopophaga lineata,Conopophaga lineata,Conopophaga lineata,Conopophaga lineata,Manacus manacus,Conopophaga lineata,Manacus manacus,Conopophaga lineata,Conopophaga lineata,Conopophaga lineata,Conopophaga lineata,Manacus,Pipridae,1,Bajo
2904,Manacus manacus,Pyriglena leucoptera,Myiothlypis leucoblephara,Baryphthengus ruficapillus,Baryphthengus ruficapillus,Manacus manacus,Turdus albicollis,Pyriglena leucoptera,Myiothlypis leucoblephara,Myiothlypis leucoblephara,Myiothlypis leucoblephara,Pyriglena leucoptera,Manacus,Pipridae,1,Bajo
2905,Manacus manacus,Pogonotriccus eximius,Pyriglena leucoptera,Manacus manacus,Pogonotriccus eximius,Manacus manacus,Manacus manacus,Manacus manacus,Pyriglena leucoptera,Pyriglena leucoptera,Pyriglena leucoptera,Pogonotriccus eximius,Manacus,Pipridae,1,Bajo
2906,Manacus manacus,Myiothlypis leucoblephara,Geotrygon montana,Geotrygon montana,Baryphthengus ruficapillus,Myiothlypis leucoblephara,Myiothlypis leucoblephara,Didelphis aurita,Geotrygon montana,Geotrygon montana,Geotrygon montana,Myiothlypis leucoblephara,Manacus,Pipridae,1,Bajo
2907,Manacus manacus,Myiothlypis leucoblephara,Myiothlypis leucoblephara,Geotrygon montana,Manacus manacus,Manacus manacus,Manacus manacus,Myiothlypis leucoblephara,Myiothlypis leucoblephara,Myiothlypis leucoblephara,Myiothlypis leucoblephara,Myiothlypis leucoblephara,Manacus,Pipridae,1,Bajo
2908,Manacus manacus,Manacus manacus,Manacus manacus,Manacus manacus,Manacus manacus,Manacus manacus,Manacus manacus,Manacus manacus,Manacus manacus,Manacus manacus,Manacus manacus,Manacus manacus,Manacus,Pipridae,1,Bajo
2909,Manacus manacus,Manacus manacus,Manacus manacus,Manacus manacus,Manacus manacus,Manacus manacus,Manacus manacus,Manacus manacus,Manacus manacus,Manacus manacus,Manacus manacus,Manacus manacus,Manacus,Pipridae,1,Bajo
2910,Manacus manacus,Manacus manacus,Manacus manacus,Manacus manacus,Manacus manacus,Manacus manacus,Manacus manacus,Manacus manacus,Manacus manacus,Manacus manacus,Manacus manacus,Manacus manacus,Manacus,Pipridae,1,Bajo
2911,Manacus manacus,Manacus manacus,Manacus manacus,Manacus manacus,Manacus manacus,Manacus manacus,Manacus manacus,Manacus manacus,Manacus manacus,Manacus manacus,Manacus manacus,Manacus manacus,Manacus,Pipridae,1,Bajo
2912,Manacus manacus,Manacus manacus,Manacus manacus,Manacus manacus,Manacus manacus,Manacus manacus,Manacus manacus,Manacus manacus,Manacus manacus,Manacus manacus,Manacus manacus,Manacus manacus,Manacus,Pipridae,1,Bajo
2913,Manacus manacus,Manacus manacus,Manacus manacus,Manacus manacus,Manacus manacus,Manacus manacus,Manacus manacus,Manacus manacus,Manacus manacus,Manacus manacus,Manacus manacus,Manacus manacus,Manacus,Pipridae,1,Bajo
2914,Manacus manacus,Tachyphonus coronatus,Myiothlypis leucoblephara,Geotrygon montana,Chamaeza campanisona,Manacus manacus,Manacus manacus,Manacus manacus,Myiothlypis leucoblephara,Myiothlypis leucoblephara,Myiothlypis leucoblephara,Tachyphonus coronatus,Manacus,Pipridae,1,Bajo
2915,Manacus manacus,Manacus manacus,Manacus manacus,Manacus manacus,Manacus manacus,Manacus manacus,Manacus manacus,Conopophaga lineata,Manacus manacus,Manacus manacus,Manacus manacus,Manacus manacus,Manacus,Pipridae,1,Bajo
2916,Manacus manacus,Manacus manacus,Manacus manacus,Manacus manacus,Manacus manacus,Manacus manacus,Manacus manacus,Manacus manacus,Manacus manacus,Manacus manacus,Manacus manacus,Manacus manacus,Manacus,Pipridae,1,Bajo
2917,Manacus manacus,Pyriglena leucoptera,Habia rubica,Conopophaga lineata,Conopophaga lineata,Cyanoloxia brissonii,Hypoedaleus guttatus,Cyanoloxia brissonii,Habia rubica,Habia rubica,Habia rubica,Pyriglena leucoptera,Manacus,Pipridae,1,Bajo
2918,Manacus manacus,Manacus manacus,Manacus manacus,Manacus manacus,Manacus manacus,Manacus manacus,Manacus manacus,Manacus manacus,Manacus manacus,Manacus manacus,Manacus manacus,Manacus manacus,Manacus,Pipridae,1,Bajo
2919,Manacus manacus,Manacus manacus,Manacus manacus,Manacus manacus,Manacus manacus,Manacus manacus,Manacus manacus,Manacus manacus,Manacus manacus,Manacus manacus,Manacus manacus,Manacus manacus,Manacus,Pipridae,1,Bajo
2920,Manacus manacus,Manacus manacus,Manacus manacus,Manacus manacus,Manacus manacus,Manacus manacus,Manacus manacus,Manacus manacus,Manacus manacus,Manacus manacus,Manacus manacus,Manacus manacus,Manacus,Pipridae,1,Bajo
2921,Manacus manacus,Turdus albicollis,Turdus albicollis,Grallaria varia,Manacus manacus,Turdus albicollis,Turdus albicollis,Habia rubica,Turdus albicollis,Turdus albicollis,Turdus albicollis,Turdus albicollis,Manacus,Pipridae,1,Bajo
2922,Manacus manacus,Manacus manacus,Manacus manacus,Manacus manacus,Manacus manacus,Manacus manacus,Manacus manacus,Manacus manacus,Manacus manacus,Manacus manacus,Manacus manacus,Manacus manacus,Manacus,Pipridae,1,Bajo
2924,Manacus manacus,Sapajus nigritus,Didelphis aurita,Alouatta guariba clamitans,Alouatta guariba clamitans,Sapajus nigritus,Sapajus nigritus,Didelphis albiventris,Didelphis aurita,Didelphis aurita,Didelphis aurita,Sapajus nigritus,Manacus,Pipridae,1,Bajo
2925,Manacus manacus,Manacus manacus,Manacus manacus,Manacus manacus,Manacus manacus,Manacus manacus,Manacus manacus,Manacus manacus,Manacus manacus,Manacus manacus,Manacus manacus,Manacus manacus,Manacus,Pipridae,1,Bajo
2926,Manacus manacus,Myiothlypis leucoblephara,Myiothlypis leucoblephara,Habia rubica,Brotogeris chiriri,Brotogeris chiriri,Brotogeris chiriri,Conopophaga lineata,Myiothlypis leucoblephara,Myiothlypis leucoblephara,Myiothlypis leucoblephara,Myiothlypis leucoblephara,Manacus,Pipridae,1,Bajo
2927,Manacus manacus,Notharchus swainsoni,Manacus manacus,Manacus manacus,Manacus manacus,Manacus manacus,Notharchus swainsoni,Cyanocorax chrysops,Manacus manacus,Manacus manacus,Manacus manacus,Notharchus swainsoni,Manacus,Pipridae,1,Bajo
2929,Manacus manacus,Sapajus nigritus,Pyriglena leucoptera,Pyriglena leucoptera,Didelphis aurita,Sapajus nigritus,Sapajus nigritus,Sapajus nigritus,Pyriglena leucoptera,Pyriglena leucoptera,Pyriglena leucoptera,Sapajus nigritus,Manacus,Pipridae,1,Bajo
2931,Manacus manacus,Manacus manacus,Manacus manacus,Manacus manacus,Manacus manacus,Manacus manacus,Manacus manacus,Manacus manacus,Manacus manacus,Manacus manacus,Manacus manacus,Manacus manacus,Manacus,Pipridae,1,Bajo
2932,Manacus manacus,Myiothlypis leucoblephara,Manacus manacus,Crypturellus obsoletus,Manacus manacus,Manacus manacus,Manacus manacus,Manacus manacus,Manacus manacus,Manacus manacus,Manacus manacus,Myiothlypis leucoblephara,Manacus,Pipridae,1,Bajo
2933,Manacus manacus,Manacus manacus,Manacus manacus,Manacus manacus,Manacus manacus,Manacus manacus,Manacus manacus,Manacus manacus,Manacus manacus,Manacus manacus,Manacus manacus,Manacus manacus,Manacus,Pipridae,1,Bajo
2935,Manacus manacus,Manacus manacus,Manacus manacus,Manacus manacus,Manacus manacus,Manacus manacus,Manacus manacus,Manacus manacus,Manacus manacus,Manacus manacus,Manacus manacus,Manacus manacus,Manacus,Pipridae,1,Bajo
2936,Manacus manacus,Manacus manacus,Manacus manacus,Manacus manacus,Manacus manacus,Manacus manacus,Manacus manacus,Manacus manacus,Manacus manacus,Manacus manacus,Manacus manacus,Manacus manacus,Manacus,Pipridae,1,Bajo
2937,Manacus manacus,Myiothlypis leucoblephara,Pyriglena leucoptera,Penelope superciliaris,Habia rubica,Leptotila verreauxi,Hypoedaleus guttatus,Hypoedaleus guttatus,Pyriglena leucoptera,Pyriglena leucoptera,Pyriglena leucoptera,Hypoedaleus guttatus,Manacus,Pipridae,1,Bajo
2938,Manacus manacus,Manacus manacus,Manacus manacus,Manacus manacus,Manacus manacus,Manacus manacus,Manacus manacus,Manacus manacus,Manacus manacus,Manacus manacus,Manacus manacus,Manacus manacus,Manacus,Pipridae,1,Bajo
2939,Nasua nasua,Nasua nasua,Nasua nasua,Nasua nasua,Nasua nasua,Nasua nasua,Nasua nasua,Nasua nasua,Nasua nasua,Nasua nasua,Nasua nasua,Nasua nasua,Nasua,Procyonidae,1,Bajo
2940,Nasua nasua,Galictis cuja,Nasua nasua,Nasua nasua,Galictis cuja,Galictis cuja,Galictis cuja,Didelphis aurita,Nasua nasua,Nasua nasua,Nasua nasua,Galictis cuja,Nasua,Procyonidae,1,Bajo
2941,Nasua nasua,Nasua nasua,Nasua nasua,Alouatta guariba,Sapajus nigritus,Nasua nasua,Nasua nasua,Alouatta guariba,Nasua nasua,Nasua nasua,Nasua nasua,Nasua nasua,Nasua,Procyonidae,1,Bajo
2942,Nasua nasua,Nasua nasua,Nasua nasua,Nasua nasua,Nasua nasua,Nasua nasua,Nasua nasua,Nasua nasua,Nasua nasua,Nasua nasua,Nasua nasua,Nasua nasua,Nasua,Procyonidae,1,Bajo
2944,Nasua nasua,Nasua nasua,Nasua nasua,Nasua nasua,Nasua nasua,Nasua nasua,Nasua nasua,Sapajus nigritus,Nasua nasua,Nasua nasua,Nasua nasua,Nasua nasua,Nasua,Procyonidae,1,Bajo
2945,Nasua nasua,Dasyprocta azarae,Grallaria varia,Dasyprocta azarae,Dasyprocta azarae,Hydrochoerus hydrochaeris,Dasyprocta azarae,Tamandua tetradactyla,Grallaria varia,Grallaria varia,Grallaria varia,Herpailurus yagouaroundi,Nasua,Procyonidae,1,Bajo
2946,Nasua nasua,Leopardus wiedii,Cerdocyon thous,Cerdocyon thous,Leopardus wiedii,Cerdocyon thous,Cerdocyon thous,Leopardus wiedii,Cerdocyon thous,Cerdocyon thous,Cerdocyon thous,Leopardus wiedii,Nasua,Procyonidae,1,Bajo
2947,Nasua nasua,Nasua nasua,Nasua nasua,Nasua nasua,Nasua nasua,Nasua nasua,Nasua nasua,Nasua nasua,Nasua nasua,Nasua nasua,Nasua nasua,Nasua nasua,Nasua,Procyonidae,1,Bajo
2948,Nasua nasua,Nasua nasua,Nasua nasua,Nasua nasua,Nasua nasua,Nasua nasua,Nasua nasua,Nasua nasua,Nasua nasua,Nasua nasua,Nasua nasua,Nasua nasua,Nasua,Procyonidae,1,Bajo
2949,Nasua nasua,Nasua nasua,Nasua nasua,Nasua nasua,Nasua nasua,Nasua nasua,Nasua nasua,Nasua nasua,Nasua nasua,Nasua nasua,Nasua nasua,Nasua nasua,Nasua,Procyonidae,1,Bajo
2950,Nasua nasua,Alouatta guariba,Alouatta guariba clamitans,Alouatta caraya,Alouatta guariba clamitans,Alouatta guariba clamitans,Alouatta guariba clamitans,Alouatta guariba,Alouatta guariba clamitans,Alouatta guariba clamitans,Alouatta guariba clamitans,Alouatta guariba,Nasua,Procyonidae,1,Bajo
2951,Nasua nasua,Galictis cuja,Dasyprocta azarae,Dasyprocta azarae,Crypturellus obsoletus,Galictis cuja,Galictis cuja,Galictis cuja,Dasyprocta azarae,Dasyprocta azarae,Dasyprocta azarae,Galictis cuja,Nasua,Procyonidae,1,Bajo
2952,Nasua nasua,Nasua nasua,Nasua nasua,Nasua nasua,Nasua nasua,Nasua nasua,Nasua nasua,Nasua nasua,Nasua nasua,Nasua nasua,Nasua nasua,Nasua nasua,Nasua,Procyonidae,1,Bajo
2953,Nasua nasua,Nasua nasua,Nasua nasua,Nasua nasua,Nasua nasua,Nasua nasua,Nasua nasua,Nasua nasua,Nasua nasua,Nasua nasua,Nasua nasua,Nasua nasua,Nasua,Procyonidae,1,Bajo
2954,Nasua nasua,Nasua nasua,Nasua nasua,Nasua nasua,Nasua nasua,Nasua nasua,Nasua nasua,Nasua nasua,Nasua nasua,Nasua nasua,Nasua nasua,Nasua nasua,Nasua,Procyonidae,1,Bajo
2955,Nasua nasua,Eira barbara,Galictis cuja,Galictis cuja,Eira barbara,Eira barbara,Eira barbara,Eira barbara,Galictis cuja,Galictis cuja,Galictis cuja,Eira barbara,Nasua,Procyonidae,1,Bajo
2956,Nasua nasua,Nasua nasua,Nasua nasua,Eira barbara,Eira barbara,Nasua nasua,Nasua nasua,Nasua nasua,Nasua nasua,Nasua nasua,Nasua nasua,Nasua nasua,Nasua,Procyonidae,1,Bajo
2957,Nasua nasua,Didelphis aurita,Procyon cancrivorus,Didelphis albiventris,Didelphis albiventris,Pecari tajacu,Didelphis aurita,Cerdocyon thous,Procyon cancrivorus,Procyon cancrivorus,Procyon cancrivorus,Didelphis aurita,Nasua,Procyonidae,1,Bajo
2959,Nasua nasua,Nasua nasua,Nasua nasua,Nasua nasua,Nasua nasua,Nasua nasua,Nasua nasua,Nasua nasua,Nasua nasua,Nasua nasua,Nasua nasua,Nasua nasua,Nasua,Procyonidae,1,Bajo
2962,Nasua nasua,Nasua nasua,Nasua nasua,Nasua nasua,Nasua nasua,Nasua nasua,Nasua nasua,Nasua nasua,Nasua nasua,Nasua nasua,Nasua nasua,Nasua nasua,Nasua,Procyonidae,1,Bajo
2963,Nasua nasua,Nasua nasua,Nasua nasua,Nasua nasua,Nasua nasua,Nasua nasua,Nasua nasua,Nasua nasua,Nasua nasua,Nasua nasua,Nasua nasua,Nasua nasua,Nasua,Procyonidae,1,Bajo
2965,Nasua nasua,Nasua nasua,Nasua nasua,Nasua nasua,Nasua nasua,Nasua nasua,Nasua nasua,Nasua nasua,Nasua nasua,Nasua nasua,Nasua nasua,Nasua nasua,Nasua,Procyonidae,1,Bajo
2966,Nasua nasua,Eira barbara,Eira barbara,Eira barbara,Eira barbara,Eira barbara,Eira barbara,Eira barbara,Eira barbara,Eira barbara,Eira barbara,Eira barbara,Nasua,Procyonidae,1,Bajo
2967,Nasua nasua,Nasua nasua,Nasua nasua,Nasua nasua,Nasua nasua,Nasua nasua,Nasua nasua,Nasua nasua,Nasua nasua,Nasua nasua,Nasua nasua,Nasua nasua,Nasua,Procyonidae,1,Bajo
2968,Nasua nasua,Hydrochoerus hydrochaeris,Herpailurus yagouaroundi,Dasyprocta azarae,Dasyprocta azarae,Hydrochoerus hydrochaeris,Hydrochoerus hydrochaeris,Hydrochoerus hydrochaeris,Herpailurus yagouaroundi,Herpailurus yagouaroundi,Herpailurus yagouaroundi,Hydrochoerus hydrochaeris,Nasua,Procyonidae,1,Bajo
2969,Nasua nasua,Nasua nasua,Nasua nasua,Nasua nasua,Nasua nasua,Nasua nasua,Nasua nasua,Nasua nasua,Nasua nasua,Nasua nasua,Nasua nasua,Nasua nasua,Nasua,Procyonidae,1,Bajo
2971,Nasua nasua,Nasua nasua,Nasua nasua,Nasua nasua,Nasua nasua,Nasua nasua,Nasua nasua,Nasua nasua,Nasua nasua,Nasua nasua,Nasua nasua,Nasua nasua,Nasua,Procyonidae,1,Bajo
2972,Nasua nasua,Didelphis albiventris,Nasua nasua,Nasua nasua,Nasua nasua,Nasua nasua,Didelphis albiventris,Nasua nasua,Nasua nasua,Nasua nasua,Nasua nasua,Didelphis albiventris,Nasua,Procyonidae,1,Bajo
2974,Nasua nasua,Dasyprocta azarae,Dasyprocta azarae,Canis familiaris,Dasyprocta azarae,Dasyprocta azarae,Dasyprocta azarae,Sapajus nigritus,Dasyprocta azarae,Dasyprocta azarae,Dasyprocta azarae,Dasyprocta azarae,Nasua,Procyonidae,1,Bajo
2975,Nasua nasua,Nasua nasua,Nasua nasua,Nasua nasua,Nasua nasua,Nasua nasua,Nasua nasua,Nasua nasua,Nasua nasua,Nasua nasua,Nasua nasua,Nasua nasua,Nasua,Procyonidae,1,Bajo
2978,Nasua nasua,Herpailurus yagouaroundi,Leopardus guttulus,Didelphis albiventris,Nasua nasua,Nasua nasua,Galictis cuja,Nasua nasua,Leopardus guttulus,Leopardus guttulus,Leopardus guttulus,Herpailurus yagouaroundi,Nasua,Procyonidae,1,Bajo
2979,Nasua nasua,Nasua nasua,Nasua nasua,Nasua nasua,Nasua nasua,Nasua nasua,Nasua nasua,Nasua nasua,Nasua nasua,Nasua nasua,Nasua nasua,Nasua nasua,Nasua,Procyonidae,1,Bajo
2980,Nasua nasua,Nasua nasua,Nasua nasua,Nasua nasua,Nasua nasua,Nasua nasua,Nasua nasua,Nasua nasua,Nasua nasua,Nasua nasua,Nasua nasua,Nasua nasua,Nasua,Procyonidae,1,Bajo
2981,Nasua nasua,Dasyprocta azarae,Tamandua tetradactyla,Dasyprocta azarae,Dasyprocta azarae,Dasyprocta azarae,Dasyprocta azarae,Nasua nasua,Tamandua tetradactyla,Tamandua tetradactyla,Tamandua tetradactyla,Dasyprocta azarae,Nasua,Procyonidae,1,Bajo
2982,Nasua nasua,Nasua nasua,Nasua nasua,Nasua nasua,Nasua nasua,Nasua nasua,Nasua nasua,Nasua nasua,Nasua nasua,Nasua nasua,Nasua nasua,Nasua nasua,Nasua,Procyonidae,1,Bajo
2983,Nasua nasua,Nasua nasua,Nasua nasua,Nasua nasua,Nasua nasua,Nasua nasua,Nasua nasua,Nasua nasua,Nasua nasua,Nasua nasua,Nasua nasua,Nasua nasua,Nasua,Procyonidae,1,Bajo
2984,Nasua nasua,Nasua nasua,Nasua nasua,Nasua nasua,Nasua nasua,Nasua nasua,Nasua nasua,Nasua nasua,Nasua nasua,Nasua nasua,Nasua nasua,Nasua nasua,Nasua,Procyonidae,1,Bajo
2985,Nasua nasua,Nasua nasua,Nasua nasua,Herpailurus yagouaroundi,Dasyprocta azarae,Nasua nasua,Nasua nasua,Nasua nasua,Nasua nasua,Nasua nasua,Nasua nasua,Nasua nasua,Nasua,Procyonidae,1,Bajo
2986,Nasua nasua,Nasua nasua,Nasua nasua,Nasua nasua,Nasua nasua,Nasua nasua,Nasua nasua,Nasua nasua,Nasua nasua,Nasua nasua,Nasua nasua,Nasua nasua,Nasua,Procyonidae,1,Bajo
2988,Nasua nasua,Nasua nasua,Nasua nasua,Nasua nasua,Nasua nasua,Nasua nasua,Nasua nasua,Nasua nasua,Nasua nasua,Nasua nasua,Nasua nasua,Nasua nasua,Nasua,Procyonidae,1,Bajo
2989,Nasua nasua,Nasua nasua,Nasua nasua,Nasua nasua,Nasua nasua,Nasua nasua,Nasua nasua,Nasua nasua,Nasua nasua,Nasua nasua,Nasua nasua,Nasua nasua,Nasua,Procyonidae,1,Bajo
2990,Nasua nasua,Nasua nasua,Nasua nasua,Nasua nasua,Nasua nasua,Nasua nasua,Nasua nasua,Nasua nasua,Nasua nasua,Nasua nasua,Nasua nasua,Nasua nasua,Nasua,Procyonidae,1,Bajo
2991,Nasua nasua,Nasua nasua,Nasua nasua,Nasua nasua,Nasua nasua,Nasua nasua,Nasua nasua,Nasua nasua,Nasua nasua,Nasua nasua,Nasua nasua,Nasua nasua,Nasua,Procyonidae,1,Bajo
2992,Nasua nasua,Alouatta guariba clamitans,Alouatta caraya,Alouatta caraya,Alouatta caraya,Alouatta caraya,Alouatta guariba clamitans,Alouatta caraya,Alouatta caraya,Alouatta caraya,Alouatta caraya,Alouatta guariba clamitans,Nasua,Procyonidae,1,Bajo
2993,Nasua nasua,Nasua nasua,Nasua nasua,Nasua nasua,Nasua nasua,Nasua nasua,Nasua nasua,Nasua nasua,Nasua nasua,Nasua nasua,Nasua nasua,Nasua nasua,Nasua,Procyonidae,1,Bajo
2994,Nasua nasua,Nasua nasua,Nasua nasua,Nasua nasua,Nasua nasua,Nasua nasua,Nasua nasua,Nasua nasua,Nasua nasua,Nasua nasua,Nasua nasua,Nasua nasua,Nasua,Procyonidae,1,Bajo
2995,Nasua nasua,Sapajus nigritus,Sapajus nigritus,Sapajus nigritus,Sapajus nigritus,Sapajus nigritus,Sapajus nigritus,Sapajus nigritus,Sapajus nigritus,Sapajus nigritus,Sapajus nigritus,Sapajus nigritus,Nasua,Procyonidae,1,Bajo
2996,Nasua nasua,Nasua nasua,Nasua nasua,Nasua nasua,Nasua nasua,Nasua nasua,Nasua nasua,Nasua nasua,Nasua nasua,Nasua nasua,Nasua nasua,Nasua nasua,Nasua,Procyonidae,1,Bajo
2997,Nasua nasua,Nasua nasua,Nasua nasua,Nasua nasua,Nasua nasua,Nasua nasua,Nasua nasua,Nasua nasua,Nasua nasua,Nasua nasua,Nasua nasua,Nasua nasua,Nasua,Procyonidae,1,Bajo
2998,Nasua nasua,Nasua nasua,Nasua nasua,Nasua nasua,Nasua nasua,Nasua nasua,Nasua nasua,Nasua nasua,Nasua nasua,Nasua nasua,Nasua nasua,Nasua nasua,Nasua,Procyonidae,1,Bajo
2999,Nasua nasua,Nasua nasua,Nasua nasua,Nasua nasua,Nasua nasua,Nasua nasua,Nasua nasua,Nasua nasua,Nasua nasua,Nasua nasua,Nasua nasua,Nasua nasua,Nasua,Procyonidae,1,Bajo
3001,Nasua nasua,Nasua nasua,Nasua nasua,Nasua nasua,Nasua nasua,Nasua nasua,Nasua nasua,Nasua nasua,Nasua nasua,Nasua nasua,Nasua nasua,Nasua nasua,Nasua,Procyonidae,1,Bajo
3002,Nasua nasua,Nasua nasua,Nasua nasua,Nasua nasua,Nasua nasua,Nasua nasua,Nasua nasua,Nasua nasua,Nasua nasua,Nasua nasua,Nasua nasua,Nasua nasua,Nasua,Procyonidae,1,Bajo
3003,Nasua nasua,Nasua nasua,Nasua nasua,Nasua nasua,Nasua nasua,Nasua nasua,Nasua nasua,Nasua nasua,Nasua nasua,Nasua nasua,Nasua nasua,Nasua nasua,Nasua,Procyonidae,1,Bajo
3004,Nasua nasua,Herpailurus yagouaroundi,Galictis cuja,Dasyprocta azarae,Dasyprocta azarae,Nasua nasua,Galictis cuja,Didelphis albiventris,Galictis cuja,Galictis cuja,Galictis cuja,Herpailurus yagouaroundi,Nasua,Procyonidae,1,Bajo
3005,Nasua nasua,Nasua nasua,Nasua nasua,Nasua nasua,Nasua nasua,Nasua nasua,Nasua nasua,Nasua nasua,Nasua nasua,Nasua nasua,Nasua nasua,Nasua nasua,Nasua,Procyonidae,1,Bajo
3008,Procyon cancrivorus,Cerdocyon thous,Cerdocyon thous,Cerdocyon thous,Cerdocyon thous,Cerdocyon thous,Cerdocyon thous,Lycalopex gymnocerca,Cerdocyon thous,Cerdocyon thous,Cerdocyon thous,Cerdocyon thous,Procyon,Procyonidae,1,Bajo
3009,Procyon cancrivorus,Procyon cancrivorus,Procyon cancrivorus,Procyon cancrivorus,Procyon cancrivorus,Procyon cancrivorus,Cerdocyon thous,Procyon cancrivorus,Procyon cancrivorus,Procyon cancrivorus,Procyon cancrivorus,Procyon cancrivorus,Procyon,Procyonidae,1,Bajo
3011,Procyon cancrivorus,Galictis cuja,Procyon cancrivorus,Cerdocyon thous,Didelphis albiventris,Nasua nasua,Galictis cuja,Galictis cuja,Procyon cancrivorus,Procyon cancrivorus,Procyon cancrivorus,Galictis cuja,Procyon,Procyonidae,1,Bajo
3014,Procyon cancrivorus,Nasua nasua,Procyon cancrivorus,Cerdocyon thous,Cerdocyon thous,Nasua nasua,Nasua nasua,Galictis cuja,Procyon cancrivorus,Procyon cancrivorus,Procyon cancrivorus,Nasua nasua,Procyon,Procyonidae,1,Bajo
3015,Procyon cancrivorus,Didelphis aurita,Procyon cancrivorus,Didelphis albiventris,Didelphis aurita,Didelphis aurita,Didelphis aurita,Didelphis albiventris,Procyon cancrivorus,Procyon cancrivorus,Procyon cancrivorus,Didelphis aurita,Procyon,Procyonidae,1,Bajo
3016,Procyon cancrivorus,Cerdocyon thous,Cuniculus paca,Cuniculus paca,Cuniculus paca,Cerdocyon thous,Cerdocyon thous,Herpailurus yagouaroundi,Cuniculus paca,Cuniculus paca,Cuniculus paca,Cuniculus paca,Procyon,Procyonidae,1,Bajo
3017,Procyon cancrivorus,Procyon cancrivorus,Procyon cancrivorus,Procyon cancrivorus,Procyon cancrivorus,Procyon cancrivorus,Cerdocyon thous,Cerdocyon thous,Procyon cancrivorus,Procyon cancrivorus,Procyon cancrivorus,Procyon cancrivorus,Procyon,Procyonidae,1,Bajo
3018,Procyon cancrivorus,Herpailurus yagouaroundi,Galictis cuja,Eira barbara,Herpailurus yagouaroundi,Lycalopex gymnocerca,Galictis cuja,Nasua nasua,Galictis cuja,Galictis cuja,Galictis cuja,Herpailurus yagouaroundi,Procyon,Procyonidae,1,Bajo
3019,Procyon cancrivorus,Procyon cancrivorus,Procyon cancrivorus,Procyon cancrivorus,Procyon cancrivorus,Procyon cancrivorus,Cerdocyon thous,Procyon cancrivorus,Procyon cancrivorus,Procyon cancrivorus,Procyon cancrivorus,Procyon cancrivorus,Procyon,Procyonidae,1,Bajo
3020,Procyon cancrivorus,Procyon cancrivorus,Procyon cancrivorus,Dasypus novemcinctus,Procyon cancrivorus,Procyon cancrivorus,Cerdocyon thous,Procyon cancrivorus,Procyon cancrivorus,Procyon cancrivorus,Procyon cancrivorus,Procyon cancrivorus,Procyon,Procyonidae,1,Bajo
3021,Procyon cancrivorus,Galictis cuja,Procyon cancrivorus,Cerdocyon thous,Cerdocyon thous,Procyon cancrivorus,Galictis cuja,Cerdocyon thous,Procyon cancrivorus,Procyon cancrivorus,Procyon cancrivorus,Galictis cuja,Procyon,Procyonidae,1,Bajo
3022,Procyon cancrivorus,Procyon cancrivorus,Procyon cancrivorus,Procyon cancrivorus,Procyon cancrivorus,Procyon cancrivorus,Cerdocyon thous,Procyon cancrivorus,Procyon cancrivorus,Procyon cancrivorus,Procyon cancrivorus,Procyon cancrivorus,Procyon,Procyonidae,1,Bajo
3024,Procyon cancrivorus,Procyon cancrivorus,Procyon cancrivorus,Procyon cancrivorus,Procyon cancrivorus,Procyon cancrivorus,Cerdocyon thous,Procyon cancrivorus,Procyon cancrivorus,Procyon cancrivorus,Procyon cancrivorus,Procyon cancrivorus,Procyon,Procyonidae,1,Bajo
3025,Procyon cancrivorus,Procyon cancrivorus,Cuniculus paca,Cerdocyon thous,Procyon cancrivorus,Procyon cancrivorus,Cerdocyon thous,Procyon cancrivorus,Cuniculus paca,Cuniculus paca,Cuniculus paca,Procyon cancrivorus,Procyon,Procyonidae,1,Bajo
3026,Procyon cancrivorus,Didelphis aurita,Didelphis albiventris,Didelphis albiventris,Didelphis albiventris,Didelphis aurita,Galictis cuja,Cerdocyon thous,Didelphis albiventris,Didelphis albiventris,Didelphis albiventris,Didelphis aurita,Procyon,Procyonidae,1,Bajo
3027,Procyon cancrivorus,Nasua nasua,Galictis cuja,Eira barbara,Eira barbara,Nasua nasua,Nasua nasua,Nasua nasua,Galictis cuja,Galictis cuja,Galictis cuja,Nasua nasua,Procyon,Procyonidae,1,Bajo
3028,Procyon cancrivorus,Galictis cuja,Galictis cuja,Galictis cuja,Galictis cuja,Galictis cuja,Galictis cuja,Galictis cuja,Galictis cuja,Galictis cuja,Galictis cuja,Galictis cuja,Procyon,Procyonidae,1,Bajo
3029,Procyon cancrivorus,Cuniculus paca,Didelphis albiventris,Cuniculus paca,Procyon cancrivorus,Procyon cancrivorus,Cerdocyon thous,Procyon cancrivorus,Didelphis albiventris,Didelphis albiventris,Didelphis albiventris,Cuniculus paca,Procyon,Procyonidae,1,Bajo
3031,Procyon cancrivorus,Procyon cancrivorus,Cuniculus paca,Cuniculus paca,Cabassous tatouay,Procyon cancrivorus,Cerdocyon thous,Cerdocyon thous,Cuniculus paca,Cuniculus paca,Cuniculus paca,Procyon cancrivorus,Procyon,Procyonidae,1,Bajo
3032,Procyon cancrivorus,Procyon cancrivorus,Procyon cancrivorus,Procyon cancrivorus,Procyon cancrivorus,Procyon cancrivorus,Cerdocyon thous,Procyon cancrivorus,Procyon cancrivorus,Procyon cancrivorus,Procyon cancrivorus,Procyon cancrivorus,Procyon,Procyonidae,1,Bajo
3033,Procyon cancrivorus,Procyon cancrivorus,Cuniculus paca,Cabassous tatouay,Procyon cancrivorus,Procyon cancrivorus,Cerdocyon thous,Cuniculus paca,Cuniculus paca,Cuniculus paca,Cuniculus paca,Procyon cancrivorus,Procyon,Procyonidae,1,Bajo
3034,Procyon cancrivorus,Procyon cancrivorus,Procyon cancrivorus,Procyon cancrivorus,Procyon cancrivorus,Procyon cancrivorus,Cerdocyon thous,Cerdocyon thous,Procyon cancrivorus,Procyon cancrivorus,Procyon cancrivorus,Procyon cancrivorus,Procyon,Procyonidae,1,Bajo
3035,Procyon cancrivorus,Tamandua tetradactyla,Galictis cuja,Cerdocyon thous,Cerdocyon thous,Lontra longicaudis,Galictis cuja,Lontra longicaudis,Galictis cuja,Galictis cuja,Galictis cuja,Tamandua tetradactyla,Procyon,Procyonidae,1,Bajo
3036,Amazona aestiva,Amazona aestiva,Amazona aestiva,Amazona aestiva,Amazona aestiva,Amazona aestiva,Amazona aestiva,Amazona aestiva,Amazona aestiva,Amazona aestiva,Amazona aestiva,Amazona aestiva,Amazona,Psittacidae,4,Alto
3037,Amazona aestiva,Amazona aestiva,Amazona vinacea,Amazona vinacea,Amazona aestiva,Amazona aestiva,Amazona aestiva,Amazona vinacea,Amazona vinacea,Amazona vinacea,Amazona vinacea,Amazona aestiva,Amazona,Psittacidae,4,Alto
3039,Amazona aestiva,Brotogeris chiriri,Amazona aestiva,Amazona aestiva,Amazona aestiva,Amazona aestiva,Brotogeris chiriri,Amazona aestiva,Amazona aestiva,Amazona aestiva,Amazona aestiva,Brotogeris chiriri,Amazona,Psittacidae,4,Alto
3040,Amazona aestiva,Amazona aestiva,Amazona aestiva,Amazona aestiva,Amazona aestiva,Amazona aestiva,Amazona aestiva,Amazona aestiva,Amazona aestiva,Amazona aestiva,Amazona aestiva,Amazona aestiva,Amazona,Psittacidae,4,Alto
3041,Amazona aestiva,Amazona aestiva,Amazona aestiva,Amazona aestiva,Amazona aestiva,Amazona aestiva,Amazona aestiva,Amazona aestiva,Amazona aestiva,Amazona aestiva,Amazona aestiva,Amazona aestiva,Amazona,Psittacidae,4,Alto
3042,Amazona aestiva,Brotogeris chiriri,Amazona aestiva,Brotogeris chiriri,Brotogeris chiriri,Amazona aestiva,Brotogeris chiriri,Brotogeris chiriri,Amazona aestiva,Amazona aestiva,Amazona aestiva,Brotogeris chiriri,Amazona,Psittacidae,4,Alto
3043,Amazona aestiva,Brotogeris chiriri,Brotogeris chiriri,Brotogeris chiriri,Brotogeris chiriri,Brotogeris chiriri,Brotogeris chiriri,Brotogeris chiriri,Brotogeris chiriri,Brotogeris chiriri,Brotogeris chiriri,Brotogeris chiriri,Amazona,Psittacidae,4,Alto
3044,Amazona aestiva,Amazona aestiva,Brotogeris chiriri,Brotogeris chiriri,Brotogeris chiriri,Brotogeris chiriri,Amazona aestiva,Amazona aestiva,Brotogeris chiriri,Brotogeris chiriri,Brotogeris chiriri,Amazona aestiva,Amazona,Psittacidae,4,Alto
3045,Amazona aestiva,Amazona aestiva,Amazona aestiva,Amazona aestiva,Amazona aestiva,Amazona aestiva,Amazona aestiva,Amazona aestiva,Amazona aestiva,Amazona aestiva,Amazona aestiva,Amazona aestiva,Amazona,Psittacidae,4,Alto
3046,Amazona aestiva,Brotogeris chiriri,Amazona aestiva,Brotogeris chiriri,Brotogeris chiriri,Amazona aestiva,Brotogeris chiriri,Amazona aestiva,Amazona aestiva,Amazona aestiva,Amazona aestiva,Brotogeris chiriri,Amazona,Psittacidae,4,Alto
3047,Amazona aestiva,Brotogeris chiriri,Brotogeris chiriri,Amazona aestiva,Amazona aestiva,Brotogeris chiriri,Brotogeris chiriri,Amazona aestiva,Brotogeris chiriri,Brotogeris chiriri,Brotogeris chiriri,Brotogeris chiriri,Amazona,Psittacidae,4,Alto
3048,Amazona aestiva,Amazona aestiva,Alouatta guariba clamitans,Alouatta guariba clamitans,Amazona aestiva,Amazona aestiva,Amazona aestiva,Amazona aestiva,Alouatta guariba clamitans,Alouatta guariba clamitans,Alouatta guariba clamitans,Amazona aestiva,Amazona,Psittacidae,4,Alto
3049,Amazona aestiva,Brotogeris chiriri,Amazona aestiva,Brotogeris chiriri,Brotogeris chiriri,Amazona aestiva,Brotogeris chiriri,Amazona aestiva,Amazona aestiva,Amazona aestiva,Amazona aestiva,Brotogeris chiriri,Amazona,Psittacidae,4,Alto
3050,Amazona aestiva,Brotogeris chiriri,Amazona aestiva,Brotogeris chiriri,Amazona aestiva,Brotogeris chiriri,Brotogeris chiriri,Amazona aestiva,Amazona aestiva,Amazona aestiva,Amazona aestiva,Brotogeris chiriri,Amazona,Psittacidae,4,Alto
3051,Amazona aestiva,Brotogeris chiriri,Brotogeris chiriri,Amazona aestiva,Amazona aestiva,Brotogeris chiriri,Brotogeris chiriri,Brotogeris chiriri,Brotogeris chiriri,Brotogeris chiriri,Brotogeris chiriri,Brotogeris chiriri,Amazona,Psittacidae,4,Alto
3052,Amazona aestiva,Brotogeris chiriri,Brotogeris chiriri,Brotogeris chiriri,Amazona aestiva,Amazona aestiva,Brotogeris chiriri,Amazona aestiva,Brotogeris chiriri,Brotogeris chiriri,Brotogeris chiriri,Brotogeris chiriri,Amazona,Psittacidae,4,Alto
3053,Amazona aestiva,Amazona aestiva,Amazona aestiva,Amazona vinacea,Amazona aestiva,Amazona aestiva,Amazona aestiva,Amazona aestiva,Amazona aestiva,Amazona aestiva,Amazona aestiva,Amazona aestiva,Amazona,Psittacidae,4,Alto
3054,Amazona aestiva,Amazona aestiva,Amazona vinacea,Amazona aestiva,Amazona aestiva,Amazona aestiva,Amazona aestiva,Amazona aestiva,Amazona vinacea,Amazona vinacea,Amazona vinacea,Amazona aestiva,Amazona,Psittacidae,4,Alto
3056,Amazona aestiva,Amazona aestiva,Amazona aestiva,Amazona aestiva,Amazona aestiva,Amazona aestiva,Amazona aestiva,Amazona aestiva,Amazona aestiva,Amazona aestiva,Amazona aestiva,Amazona aestiva,Amazona,Psittacidae,4,Alto
3058,Amazona aestiva,Amazona vinacea,Amazona vinacea,Amazona vinacea,Amazona vinacea,Amazona vinacea,Amazona vinacea,Amazona vinacea,Amazona vinacea,Amazona vinacea,Amazona vinacea,Amazona vinacea,Amazona,Psittacidae,4,Alto
3059,Amazona aestiva,Amazona aestiva,Amazona vinacea,Amazona vinacea,Amazona aestiva,Amazona aestiva,Amazona aestiva,Amazona aestiva,Amazona vinacea,Amazona vinacea,Amazona vinacea,Amazona aestiva,Amazona,Psittacidae,4,Alto
3060,Amazona aestiva,Brotogeris chiriri,Amazona aestiva,Amazona aestiva,Amazona aestiva,Amazona aestiva,Brotogeris chiriri,Amazona aestiva,Amazona aestiva,Amazona aestiva,Amazona aestiva,Brotogeris chiriri,Amazona,Psittacidae,4,Alto
3061,Amazona aestiva,Amazona vinacea,Amazona aestiva,Amazona aestiva,Amazona aestiva,Amazona vinacea,Amazona vinacea,Amazona vinacea,Amazona aestiva,Amazona aestiva,Amazona aestiva,Amazona vinacea,Amazona,Psittacidae,4,Alto
3062,Amazona aestiva,Brotogeris chiriri,Amazona aestiva,Amazona aestiva,Brotogeris chiriri,Brotogeris chiriri,Brotogeris chiriri,Brotogeris chiriri,Amazona aestiva,Amazona aestiva,Amazona aestiva,Brotogeris chiriri,Amazona,Psittacidae,4,Alto
3063,Amazona aestiva,Brotogeris chiriri,Amazona vinacea,Amazona aestiva,Amazona aestiva,Brotogeris chiriri,Brotogeris chiriri,Amazona vinacea,Amazona vinacea,Amazona vinacea,Amazona vinacea,Brotogeris chiriri,Amazona,Psittacidae,4,Alto
3064,Amazona aestiva,Brotogeris chiriri,Brotogeris chiriri,Amazona aestiva,Amazona aestiva,Amazona aestiva,Brotogeris chiriri,Amazona aestiva,Brotogeris chiriri,Brotogeris chiriri,Brotogeris chiriri,Brotogeris chiriri,Amazona,Psittacidae,4,Alto
3065,Amazona aestiva,Brotogeris chiriri,Brotogeris chiriri,Brotogeris chiriri,Brotogeris chiriri,Brotogeris chiriri,Brotogeris chiriri,Brotogeris chiriri,Brotogeris chiriri,Brotogeris chiriri,Brotogeris chiriri,Brotogeris chiriri,Amazona,Psittacidae,4,Alto
3066,Amazona aestiva,Brotogeris chiriri,Amazona aestiva,Brotogeris chiriri,Brotogeris chiriri,Brotogeris chiriri,Brotogeris chiriri,Brotogeris chiriri,Amazona aestiva,Amazona aestiva,Amazona aestiva,Brotogeris chiriri,Amazona,Psittacidae,4,Alto
3067,Amazona aestiva,Amazona vinacea,Amazona vinacea,Amazona vinacea,Amazona vinacea,Amazona aestiva,Amazona vinacea,Amazona aestiva,Amazona vinacea,Amazona vinacea,Amazona vinacea,Amazona vinacea,Amazona,Psittacidae,4,Alto
3068,Amazona aestiva,Brotogeris chiriri,Brotogeris chiriri,Brotogeris chiriri,Brotogeris chiriri,Brotogeris chiriri,Brotogeris chiriri,Brotogeris chiriri,Brotogeris chiriri,Brotogeris chiriri,Brotogeris chiriri,Brotogeris chiriri,Amazona,Psittacidae,4,Alto
3069,Amazona aestiva,Amazona aestiva,Amazona aestiva,Amazona aestiva,Amazona aestiva,Amazona aestiva,Amazona aestiva,Amazona aestiva,Amazona aestiva,Amazona aestiva,Amazona aestiva,Amazona aestiva,Amazona,Psittacidae,4,Alto
3070,Amazona aestiva,Amazona aestiva,Brotogeris chiriri,Brotogeris chiriri,Amazona aestiva,Amazona aestiva,Amazona aestiva,Brotogeris chiriri,Brotogeris chiriri,Brotogeris chiriri,Brotogeris chiriri,Amazona aestiva,Amazona,Psittacidae,4,Alto
3071,Amazona aestiva,Amazona aestiva,Amazona aestiva,Amazona aestiva,Amazona aestiva,Amazona aestiva,Amazona aestiva,Amazona aestiva,Amazona aestiva,Amazona aestiva,Amazona aestiva,Amazona aestiva,Amazona,Psittacidae,4,Alto
3074,Amazona aestiva,Brotogeris chiriri,Amazona aestiva,Amazona aestiva,Brotogeris chiriri,Amazona aestiva,Amazona aestiva,Amazona aestiva,Amazona aestiva,Amazona aestiva,Amazona aestiva,Brotogeris chiriri,Amazona,Psittacidae,4,Alto
3075,Amazona aestiva,Amazona aestiva,Brotogeris chiriri,Amazona aestiva,Amazona aestiva,Amazona aestiva,Amazona vinacea,Amazona aestiva,Brotogeris chiriri,Brotogeris chiriri,Brotogeris chiriri,Amazona aestiva,Amazona,Psittacidae,4,Alto
3076,Amazona aestiva,Amazona aestiva,Brotogeris chiriri,Brotogeris chiriri,Amazona aestiva,Amazona aestiva,Amazona vinacea,Amazona aestiva,Brotogeris chiriri,Brotogeris chiriri,Brotogeris chiriri,Amazona aestiva,Amazona,Psittacidae,4,Alto
3077,Amazona aestiva,Brotogeris chiriri,Brotogeris chiriri,Amazona aestiva,Amazona aestiva,Brotogeris chiriri,Brotogeris chiriri,Amazona aestiva,Brotogeris chiriri,Brotogeris chiriri,Brotogeris chiriri,Brotogeris chiriri,Amazona,Psittacidae,4,Alto
3078,Amazona aestiva,Amazona vinacea,Brotogeris chiriri,Brotogeris chiriri,Amazona vinacea,Amazona vinacea,Amazona vinacea,Amazona vinacea,Brotogeris chiriri,Brotogeris chiriri,Brotogeris chiriri,Amazona vinacea,Amazona,Psittacidae,4,Alto
3079,Amazona aestiva,Amazona aestiva,Amazona aestiva,Amazona aestiva,Amazona aestiva,Amazona aestiva,Amazona aestiva,Amazona aestiva,Amazona aestiva,Amazona aestiva,Amazona aestiva,Amazona aestiva,Amazona,Psittacidae,4,Alto
3080,Amazona aestiva,Brotogeris chiriri,Amazona aestiva,Brotogeris chiriri,Brotogeris chiriri,Brotogeris chiriri,Brotogeris chiriri,Amazona aestiva,Amazona aestiva,Amazona aestiva,Amazona aestiva,Brotogeris chiriri,Amazona,Psittacidae,4,Alto
3083,Amazona aestiva,Amazona aestiva,Amazona aestiva,Amazona aestiva,Amazona aestiva,Amazona aestiva,Amazona aestiva,Amazona aestiva,Amazona aestiva,Amazona aestiva,Amazona aestiva,Amazona aestiva,Amazona,Psittacidae,4,Alto
3084,Amazona aestiva,Amazona aestiva,Amazona aestiva,Amazona aestiva,Amazona aestiva,Amazona aestiva,Amazona aestiva,Amazona aestiva,Amazona aestiva,Amazona aestiva,Amazona aestiva,Amazona aestiva,Amazona,Psittacidae,4,Alto
3085,Amazona aestiva,Amazona vinacea,Amazona aestiva,Amazona aestiva,Amazona aestiva,Amazona aestiva,Amazona vinacea,Amazona aestiva,Amazona aestiva,Amazona aestiva,Amazona aestiva,Amazona vinacea,Amazona,Psittacidae,4,Alto
3088,Amazona aestiva,Amazona aestiva,Amazona aestiva,Amazona aestiva,Amazona aestiva,Amazona aestiva,Amazona aestiva,Amazona aestiva,Amazona aestiva,Amazona aestiva,Amazona aestiva,Amazona aestiva,Amazona,Psittacidae,4,Alto
3090,Amazona aestiva,Amazona aestiva,Brotogeris chiriri,Amazona aestiva,Amazona aestiva,Amazona aestiva,Amazona aestiva,Amazona aestiva,Brotogeris chiriri,Brotogeris chiriri,Brotogeris chiriri,Amazona aestiva,Amazona,Psittacidae,4,Alto
3091,Amazona aestiva,Amazona aestiva,Amazona aestiva,Amazona aestiva,Amazona aestiva,Amazona aestiva,Amazona aestiva,Amazona aestiva,Amazona aestiva,Amazona aestiva,Amazona aestiva,Amazona aestiva,Amazona,Psittacidae,4,Alto
3092,Amazona aestiva,Brotogeris chiriri,Brotogeris chiriri,Brotogeris chiriri,Brotogeris chiriri,Brotogeris chiriri,Brotogeris chiriri,Brotogeris chiriri,Brotogeris chiriri,Brotogeris chiriri,Brotogeris chiriri,Brotogeris chiriri,Amazona,Psittacidae,4,Alto
3093,Amazona aestiva,Brotogeris chiriri,Amazona aestiva,Amazona aestiva,Brotogeris chiriri,Amazona aestiva,Brotogeris chiriri,Amazona aestiva,Amazona aestiva,Amazona aestiva,Amazona aestiva,Brotogeris chiriri,Amazona,Psittacidae,4,Alto
3094,Amazona aestiva,Amazona aestiva,Brotogeris chiriri,Brotogeris chiriri,Brotogeris chiriri,Amazona aestiva,Amazona vinacea,Amazona aestiva,Brotogeris chiriri,Brotogeris chiriri,Brotogeris chiriri,Amazona aestiva,Amazona,Psittacidae,4,Alto
3095,Amazona aestiva,Brotogeris chiriri,Hypoedaleus guttatus,Hypoedaleus guttatus,Hypoedaleus guttatus,Brotogeris chiriri,Amazona vinacea,Hypoedaleus guttatus,Hypoedaleus guttatus,Hypoedaleus guttatus,Hypoedaleus guttatus,Brotogeris chiriri,Amazona,Psittacidae,4,Alto
3096,Amazona aestiva,Amazona aestiva,Amazona aestiva,Amazona aestiva,Amazona aestiva,Amazona aestiva,Amazona aestiva,Amazona aestiva,Amazona aestiva,Amazona aestiva,Amazona aestiva,Amazona aestiva,Amazona,Psittacidae,4,Alto
3098,Amazona aestiva,Amazona aestiva,Amazona aestiva,Amazona aestiva,Amazona aestiva,Amazona aestiva,Amazona aestiva,Amazona aestiva,Amazona aestiva,Amazona aestiva,Amazona aestiva,Amazona aestiva,Amazona,Psittacidae,4,Alto
3100,Amazona aestiva,Brotogeris chiriri,Brotogeris chiriri,Brotogeris chiriri,Amazona aestiva,Amazona aestiva,Brotogeris chiriri,Amazona aestiva,Brotogeris chiriri,Brotogeris chiriri,Brotogeris chiriri,Brotogeris chiriri,Amazona,Psittacidae,4,Alto
3101,Amazona aestiva,Amazona vinacea,Amazona aestiva,Amazona vinacea,Amazona aestiva,Amazona aestiva,Amazona vinacea,Amazona vinacea,Amazona aestiva,Amazona aestiva,Amazona aestiva,Amazona vinacea,Amazona,Psittacidae,4,Alto
3102,Amazona aestiva,Brotogeris chiriri,Amazona aestiva,Brotogeris chiriri,Brotogeris chiriri,Amazona aestiva,Brotogeris chiriri,Brotogeris chiriri,Amazona aestiva,Amazona aestiva,Amazona aestiva,Brotogeris chiriri,Amazona,Psittacidae,4,Alto
3103,Amazona aestiva,Amazona aestiva,Amazona aestiva,Amazona aestiva,Amazona aestiva,Amazona aestiva,Amazona aestiva,Amazona aestiva,Amazona aestiva,Amazona aestiva,Amazona aestiva,Amazona aestiva,Amazona,Psittacidae,4,Alto
3106,Amazona vinacea,Amazona vinacea,Amazona vinacea,Amazona vinacea,Amazona vinacea,Amazona vinacea,Amazona vinacea,Amazona vinacea,Amazona vinacea,Amazona vinacea,Amazona vinacea,Amazona vinacea,Amazona,Psittacidae,7,Crítico
3107,Amazona vinacea,Amazona vinacea,Amazona aestiva,Amazona vinacea,Amazona vinacea,Amazona vinacea,Amazona vinacea,Amazona vinacea,Amazona aestiva,Amazona aestiva,Amazona aestiva,Amazona vinacea,Amazona,Psittacidae,7,Crítico
3108,Amazona vinacea,Amazona vinacea,Amazona vinacea,Amazona vinacea,Amazona vinacea,Amazona vinacea,Amazona vinacea,Amazona vinacea,Amazona vinacea,Amazona vinacea,Amazona vinacea,Amazona vinacea,Amazona,Psittacidae,7,Crítico
3109,Amazona vinacea,Amazona vinacea,Amazona aestiva,Amazona aestiva,Amazona aestiva,Amazona vinacea,Amazona vinacea,Amazona vinacea,Amazona aestiva,Amazona aestiva,Amazona aestiva,Amazona vinacea,Amazona,Psittacidae,7,Crítico
3110,Amazona vinacea,Amazona vinacea,Amazona vinacea,Amazona vinacea,Amazona vinacea,Amazona vinacea,Amazona vinacea,Amazona vinacea,Amazona vinacea,Amazona vinacea,Amazona vinacea,Amazona vinacea,Amazona,Psittacidae,7,Crítico
3111,Amazona vinacea,Amazona vinacea,Conopophaga lineata,Amazona vinacea,Amazona vinacea,Amazona vinacea,Amazona vinacea,Amazona vinacea,Conopophaga lineata,Conopophaga lineata,Conopophaga lineata,Amazona vinacea,Amazona,Psittacidae,7,Crítico
3112,Amazona vinacea,Amazona vinacea,Amazona aestiva,Amazona vinacea,Amazona vinacea,Amazona vinacea,Amazona vinacea,Amazona vinacea,Amazona aestiva,Amazona aestiva,Amazona aestiva,Amazona vinacea,Amazona,Psittacidae,7,Crítico
3113,Amazona vinacea,Amazona vinacea,Amazona vinacea,Amazona vinacea,Amazona vinacea,Amazona vinacea,Amazona vinacea,Amazona vinacea,Amazona vinacea,Amazona vinacea,Amazona vinacea,Amazona vinacea,Amazona,Psittacidae,7,Crítico
3114,Amazona vinacea,Amazona vinacea,Amazona vinacea,Amazona vinacea,Amazona vinacea,Amazona vinacea,Amazona vinacea,Amazona vinacea,Amazona vinacea,Amazona vinacea,Amazona vinacea,Amazona vinacea,Amazona,Psittacidae,7,Crítico
3115,Amazona vinacea,Amazona vinacea,Amazona vinacea,Amazona vinacea,Amazona vinacea,Amazona vinacea,Amazona vinacea,Amazona vinacea,Amazona vinacea,Amazona vinacea,Amazona vinacea,Amazona vinacea,Amazona,Psittacidae,7,Crítico
3116,Amazona vinacea,Amazona vinacea,Amazona vinacea,Amazona vinacea,Amazona vinacea,Amazona vinacea,Amazona vinacea,Amazona vinacea,Amazona vinacea,Amazona vinacea,Amazona vinacea,Amazona vinacea,Amazona,Psittacidae,7,Crítico
3117,Amazona vinacea,Amazona vinacea,Amazona vinacea,Amazona vinacea,Amazona vinacea,Amazona vinacea,Amazona vinacea,Amazona vinacea,Amazona vinacea,Amazona vinacea,Amazona vinacea,Amazona vinacea,Amazona,Psittacidae,7,Crítico
3119,Amazona vinacea,Amazona vinacea,Amazona vinacea,Amazona vinacea,Amazona vinacea,Amazona vinacea,Amazona vinacea,Amazona vinacea,Amazona vinacea,Amazona vinacea,Amazona vinacea,Amazona vinacea,Amazona,Psittacidae,7,Crítico
3120,Amazona vinacea,Amazona vinacea,Amazona vinacea,Amazona vinacea,Amazona vinacea,Amazona vinacea,Amazona vinacea,Amazona vinacea,Amazona vinacea,Amazona vinacea,Amazona vinacea,Amazona vinacea,Amazona,Psittacidae,7,Crítico
3122,Amazona vinacea,Amazona vinacea,Amazona vinacea,Amazona vinacea,Amazona vinacea,Amazona vinacea,Amazona vinacea,Amazona vinacea,Amazona vinacea,Amazona vinacea,Amazona vinacea,Amazona vinacea,Amazona,Psittacidae,7,Crítico
3123,Amazona vinacea,Amazona vinacea,Amazona vinacea,Amazona vinacea,Amazona vinacea,Amazona vinacea,Amazona vinacea,Amazona vinacea,Amazona vinacea,Amazona vinacea,Amazona vinacea,Amazona vinacea,Amazona,Psittacidae,7,Crítico
3124,Amazona vinacea,Amazona vinacea,Amazona vinacea,Amazona vinacea,Amazona vinacea,Amazona vinacea,Amazona vinacea,Amazona vinacea,Amazona vinacea,Amazona vinacea,Amazona vinacea,Amazona vinacea,Amazona,Psittacidae,7,Crítico
3125,Amazona vinacea,Amazona vinacea,Amazona aestiva,Amazona vinacea,Amazona vinacea,Amazona vinacea,Amazona vinacea,Amazona aestiva,Amazona aestiva,Amazona aestiva,Amazona aestiva,Amazona vinacea,Amazona,Psittacidae,7,Crítico
3126,Amazona vinacea,Amazona vinacea,Amazona aestiva,Amazona vinacea,Amazona vinacea,Amazona vinacea,Amazona vinacea,Amazona aestiva,Amazona aestiva,Amazona aestiva,Amazona aestiva,Amazona vinacea,Amazona,Psittacidae,7,Crítico
3127,Amazona vinacea,Amazona vinacea,Amazona vinacea,Amazona vinacea,Amazona vinacea,Amazona vinacea,Amazona vinacea,Amazona vinacea,Amazona vinacea,Amazona vinacea,Amazona vinacea,Amazona vinacea,Amazona,Psittacidae,7,Crítico
3128,Amazona vinacea,Amazona vinacea,Amazona aestiva,Amazona vinacea,Amazona vinacea,Amazona vinacea,Amazona vinacea,Amazona vinacea,Amazona aestiva,Amazona aestiva,Amazona aestiva,Amazona vinacea,Amazona,Psittacidae,7,Crítico
3129,Amazona vinacea,Amazona vinacea,Amazona aestiva,Amazona vinacea,Amazona vinacea,Amazona vinacea,Amazona vinacea,Amazona vinacea,Amazona aestiva,Amazona aestiva,Amazona aestiva,Amazona vinacea,Amazona,Psittacidae,7,Crítico
3130,Amazona vinacea,Amazona vinacea,Amazona vinacea,Amazona vinacea,Amazona vinacea,Amazona vinacea,Amazona vinacea,Amazona vinacea,Amazona vinacea,Amazona vinacea,Amazona vinacea,Amazona vinacea,Amazona,Psittacidae,7,Crítico
3132,Amazona vinacea,Amazona vinacea,Amazona vinacea,Amazona vinacea,Amazona aestiva,Amazona vinacea,Amazona vinacea,Amazona vinacea,Amazona vinacea,Amazona vinacea,Amazona vinacea,Amazona vinacea,Amazona,Psittacidae,7,Crítico
3134,Amazona vinacea,Amazona vinacea,Amazona vinacea,Amazona vinacea,Amazona vinacea,Amazona vinacea,Amazona vinacea,Amazona vinacea,Amazona vinacea,Amazona vinacea,Amazona vinacea,Amazona vinacea,Amazona,Psittacidae,7,Crítico
3135,Amazona vinacea,Amazona vinacea,Amazona vinacea,Amazona vinacea,Amazona vinacea,Amazona vinacea,Amazona vinacea,Amazona vinacea,Amazona vinacea,Amazona vinacea,Amazona vinacea,Amazona vinacea,Amazona,Psittacidae,7,Crítico
3136,Amazona vinacea,Amazona vinacea,Amazona vinacea,Amazona vinacea,Amazona vinacea,Amazona vinacea,Amazona vinacea,Amazona vinacea,Amazona vinacea,Amazona vinacea,Amazona vinacea,Amazona vinacea,Amazona,Psittacidae,7,Crítico
3137,Amazona vinacea,Amazona vinacea,Amazona vinacea,Amazona vinacea,Amazona vinacea,Amazona vinacea,Amazona vinacea,Amazona vinacea,Amazona vinacea,Amazona vinacea,Amazona vinacea,Amazona vinacea,Amazona,Psittacidae,7,Crítico
3138,Amazona vinacea,Amazona vinacea,Amazona vinacea,Amazona vinacea,Amazona vinacea,Amazona vinacea,Amazona vinacea,Amazona vinacea,Amazona vinacea,Amazona vinacea,Amazona vinacea,Amazona vinacea,Amazona,Psittacidae,7,Crítico
3139,Amazona vinacea,Amazona vinacea,Amazona vinacea,Amazona vinacea,Amazona vinacea,Amazona vinacea,Amazona vinacea,Amazona vinacea,Amazona vinacea,Amazona vinacea,Amazona vinacea,Amazona vinacea,Amazona,Psittacidae,7,Crítico
3140,Amazona vinacea,Amazona vinacea,Amazona aestiva,Amazona vinacea,Amazona vinacea,Amazona vinacea,Amazona vinacea,Amazona vinacea,Amazona aestiva,Amazona aestiva,Amazona aestiva,Amazona vinacea,Amazona,Psittacidae,7,Crítico
3141,Amazona vinacea,Amazona vinacea,Amazona vinacea,Amazona vinacea,Amazona vinacea,Amazona vinacea,Amazona vinacea,Amazona vinacea,Amazona vinacea,Amazona vinacea,Amazona vinacea,Amazona vinacea,Amazona,Psittacidae,7,Crítico
3143,Amazona vinacea,Amazona vinacea,Amazona vinacea,Amazona vinacea,Amazona vinacea,Amazona vinacea,Amazona vinacea,Amazona vinacea,Amazona vinacea,Amazona vinacea,Amazona vinacea,Amazona vinacea,Amazona,Psittacidae,7,Crítico
3144,Amazona vinacea,Amazona vinacea,Amazona vinacea,Amazona vinacea,Amazona vinacea,Amazona vinacea,Amazona vinacea,Amazona vinacea,Amazona vinacea,Amazona vinacea,Amazona vinacea,Amazona vinacea,Amazona,Psittacidae,7,Crítico
3145,Amazona vinacea,Amazona vinacea,Amazona vinacea,Amazona vinacea,Amazona vinacea,Amazona vinacea,Amazona vinacea,Amazona vinacea,Amazona vinacea,Amazona vinacea,Amazona vinacea,Amazona vinacea,Amazona,Psittacidae,7,Crítico
3146,Amazona vinacea,Amazona vinacea,Amazona vinacea,Amazona vinacea,Amazona vinacea,Amazona vinacea,Amazona vinacea,Amazona vinacea,Amazona vinacea,Amazona vinacea,Amazona vinacea,Amazona vinacea,Amazona,Psittacidae,7,Crítico
3148,Amazona vinacea,Amazona vinacea,Sporophila pileata,Amazona aestiva,Amazona vinacea,Amazona vinacea,Amazona vinacea,Amazona vinacea,Sporophila pileata,Sporophila pileata,Sporophila pileata,Amazona vinacea,Amazona,Psittacidae,7,Crítico
3149,Amazona vinacea,Amazona vinacea,Amazona aestiva,Amazona vinacea,Amazona vinacea,Amazona vinacea,Amazona vinacea,Amazona vinacea,Amazona aestiva,Amazona aestiva,Amazona aestiva,Amazona vinacea,Amazona,Psittacidae,7,Crítico
3150,Amazona vinacea,Amazona vinacea,Amazona vinacea,Amazona vinacea,Amazona vinacea,Amazona vinacea,Amazona vinacea,Brotogeris chiriri,Amazona vinacea,Amazona vinacea,Amazona vinacea,Amazona vinacea,Amazona,Psittacidae,7,Crítico
3151,Amazona vinacea,Amazona vinacea,Amazona vinacea,Amazona vinacea,Amazona vinacea,Amazona vinacea,Amazona vinacea,Brotogeris chiriri,Amazona vinacea,Amazona vinacea,Amazona vinacea,Amazona vinacea,Amazona,Psittacidae,7,Crítico
3152,Amazona vinacea,Amazona vinacea,Amazona aestiva,Amazona aestiva,Amazona aestiva,Amazona vinacea,Amazona vinacea,Amazona vinacea,Amazona aestiva,Amazona aestiva,Amazona aestiva,Amazona vinacea,Amazona,Psittacidae,7,Crítico
3153,Amazona vinacea,Amazona vinacea,Amazona aestiva,Amazona vinacea,Amazona vinacea,Amazona vinacea,Amazona vinacea,Amazona vinacea,Amazona aestiva,Amazona aestiva,Amazona aestiva,Amazona vinacea,Amazona,Psittacidae,7,Crítico
3154,Amazona vinacea,Amazona vinacea,Amazona aestiva,Amazona vinacea,Amazona vinacea,Amazona vinacea,Amazona vinacea,Amazona vinacea,Amazona aestiva,Amazona aestiva,Amazona aestiva,Amazona vinacea,Amazona,Psittacidae,7,Crítico
3155,Amazona vinacea,Amazona vinacea,Amazona vinacea,Amazona vinacea,Amazona vinacea,Amazona vinacea,Amazona vinacea,Amazona aestiva,Amazona vinacea,Amazona vinacea,Amazona vinacea,Amazona vinacea,Amazona,Psittacidae,7,Crítico
3157,Amazona vinacea,Amazona vinacea,Amazona vinacea,Amazona vinacea,Amazona vinacea,Amazona vinacea,Amazona vinacea,Amazona vinacea,Amazona vinacea,Amazona vinacea,Amazona vinacea,Amazona vinacea,Amazona,Psittacidae,7,Crítico
3160,Amazona vinacea,Amazona vinacea,Amazona vinacea,Amazona vinacea,Amazona vinacea,Amazona vinacea,Amazona vinacea,Amazona vinacea,Amazona vinacea,Amazona vinacea,Amazona vinacea,Amazona vinacea,Amazona,Psittacidae,7,Crítico
3161,Amazona vinacea,Amazona vinacea,Brotogeris chiriri,Amazona aestiva,Amazona vinacea,Amazona vinacea,Amazona vinacea,Amazona vinacea,Brotogeris chiriri,Brotogeris chiriri,Brotogeris chiriri,Amazona vinacea,Amazona,Psittacidae,7,Crítico
3163,Amazona vinacea,Brotogeris chiriri,Brotogeris chiriri,Brotogeris chiriri,Brotogeris chiriri,Brotogeris chiriri,Brotogeris chiriri,Brotogeris chiriri,Brotogeris chiriri,Brotogeris chiriri,Brotogeris chiriri,Brotogeris chiriri,Amazona,Psittacidae,7,Crítico
3164,Amazona vinacea,Amazona vinacea,Amazona vinacea,Amazona vinacea,Amazona vinacea,Amazona vinacea,Amazona vinacea,Amazona vinacea,Amazona vinacea,Amazona vinacea,Amazona vinacea,Amazona vinacea,Amazona,Psittacidae,7,Crítico
3165,Amazona vinacea,Amazona vinacea,Amazona vinacea,Amazona vinacea,Amazona vinacea,Amazona vinacea,Amazona vinacea,Amazona vinacea,Amazona vinacea,Amazona vinacea,Amazona vinacea,Amazona vinacea,Amazona,Psittacidae,7,Crítico
3166,Amazona vinacea,Brotogeris chiriri,Amazona vinacea,Amazona aestiva,Amazona vinacea,Amazona vinacea,Amazona vinacea,Amazona vinacea,Amazona vinacea,Amazona vinacea,Amazona vinacea,Brotogeris chiriri,Amazona,Psittacidae,7,Crítico
3167,Amazona vinacea,Amazona vinacea,Amazona vinacea,Amazona vinacea,Amazona vinacea,Amazona vinacea,Amazona vinacea,Amazona vinacea,Amazona vinacea,Amazona vinacea,Amazona vinacea,Amazona vinacea,Amazona,Psittacidae,7,Crítico
3168,Amazona vinacea,Amazona vinacea,Amazona vinacea,Amazona vinacea,Amazona vinacea,Amazona vinacea,Amazona vinacea,Amazona vinacea,Amazona vinacea,Amazona vinacea,Amazona vinacea,Amazona vinacea,Amazona,Psittacidae,7,Crítico
3171,Amazona vinacea,Amazona vinacea,Amazona vinacea,Amazona vinacea,Amazona vinacea,Amazona vinacea,Amazona vinacea,Amazona vinacea,Amazona vinacea,Amazona vinacea,Amazona vinacea,Amazona vinacea,Amazona,Psittacidae,7,Crítico
3173,Amazona vinacea,Amazona vinacea,Amazona vinacea,Amazona vinacea,Amazona vinacea,Amazona vinacea,Amazona vinacea,Amazona vinacea,Amazona vinacea,Amazona vinacea,Amazona vinacea,Amazona vinacea,Amazona,Psittacidae,7,Crítico
3174,Amazona vinacea,Amazona vinacea,Amazona vinacea,Amazona vinacea,Amazona vinacea,Amazona vinacea,Amazona vinacea,Amazona vinacea,Amazona vinacea,Amazona vinacea,Amazona vinacea,Amazona vinacea,Amazona,Psittacidae,7,Crítico
3175,Brotogeris chiriri,Brotogeris chiriri,Brotogeris chiriri,Brotogeris chiriri,Brotogeris chiriri,Brotogeris chiriri,Brotogeris chiriri,Brotogeris chiriri,Brotogeris chiriri,Brotogeris chiriri,Brotogeris chiriri,Brotogeris chiriri,Brotogeris,Psittacidae,1,Bajo
3176,Brotogeris chiriri,Amazona aestiva,Brotogeris chiriri,Brotogeris chiriri,Brotogeris chiriri,Amazona aestiva,Amazona aestiva,Amazona aestiva,Brotogeris chiriri,Brotogeris chiriri,Brotogeris chiriri,Amazona aestiva,Brotogeris,Psittacidae,1,Bajo
3177,Brotogeris chiriri,Brotogeris chiriri,Brotogeris chiriri,Brotogeris chiriri,Amazona aestiva,Brotogeris chiriri,Brotogeris chiriri,Brotogeris chiriri,Brotogeris chiriri,Brotogeris chiriri,Brotogeris chiriri,Brotogeris chiriri,Brotogeris,Psittacidae,1,Bajo
3178,Brotogeris chiriri,Brotogeris chiriri,Amazona aestiva,Brotogeris chiriri,Amazona vinacea,Brotogeris chiriri,Amazona vinacea,Brotogeris chiriri,Amazona aestiva,Amazona aestiva,Amazona aestiva,Brotogeris chiriri,Brotogeris,Psittacidae,1,Bajo
3179,Brotogeris chiriri,Brotogeris chiriri,Brotogeris chiriri,Brotogeris chiriri,Amazona aestiva,Brotogeris chiriri,Brotogeris chiriri,Amazona aestiva,Brotogeris chiriri,Brotogeris chiriri,Brotogeris chiriri,Brotogeris chiriri,Brotogeris,Psittacidae,1,Bajo
3180,Brotogeris chiriri,Brotogeris chiriri,Brotogeris chiriri,Brotogeris chiriri,Brotogeris chiriri,Brotogeris chiriri,Brotogeris chiriri,Brotogeris chiriri,Brotogeris chiriri,Brotogeris chiriri,Brotogeris chiriri,Brotogeris chiriri,Brotogeris,Psittacidae,1,Bajo
3182,Brotogeris chiriri,Amazona aestiva,Amazona aestiva,Brotogeris chiriri,Amazona aestiva,Amazona aestiva,Amazona aestiva,Amazona aestiva,Amazona aestiva,Amazona aestiva,Amazona aestiva,Amazona aestiva,Brotogeris,Psittacidae,1,Bajo
3183,Brotogeris chiriri,Brotogeris chiriri,Brotogeris chiriri,Amazona aestiva,Amazona aestiva,Brotogeris chiriri,Brotogeris chiriri,Brotogeris chiriri,Brotogeris chiriri,Brotogeris chiriri,Brotogeris chiriri,Brotogeris chiriri,Brotogeris,Psittacidae,1,Bajo
3186,Brotogeris chiriri,Brotogeris chiriri,Brotogeris chiriri,Brotogeris chiriri,Brotogeris chiriri,Brotogeris chiriri,Brotogeris chiriri,Amazona aestiva,Brotogeris chiriri,Brotogeris chiriri,Brotogeris chiriri,Brotogeris chiriri,Brotogeris,Psittacidae,1,Bajo
3187,Brotogeris chiriri,Brotogeris chiriri,Brotogeris chiriri,Brotogeris chiriri,Brotogeris chiriri,Brotogeris chiriri,Brotogeris chiriri,Brotogeris chiriri,Brotogeris chiriri,Brotogeris chiriri,Brotogeris chiriri,Brotogeris chiriri,Brotogeris,Psittacidae,1,Bajo
3188,Brotogeris chiriri,Brotogeris chiriri,Amazona aestiva,Brotogeris chiriri,Brotogeris chiriri,Brotogeris chiriri,Brotogeris chiriri,Amazona aestiva,Amazona aestiva,Amazona aestiva,Amazona aestiva,Brotogeris chiriri,Brotogeris,Psittacidae,1,Bajo
3189,Brotogeris chiriri,Brotogeris chiriri,Brotogeris chiriri,Brotogeris chiriri,Brotogeris chiriri,Brotogeris chiriri,Brotogeris chiriri,Brotogeris chiriri,Brotogeris chiriri,Brotogeris chiriri,Brotogeris chiriri,Brotogeris chiriri,Brotogeris,Psittacidae,1,Bajo
3190,Brotogeris chiriri,Brotogeris chiriri,Brotogeris chiriri,Brotogeris chiriri,Brotogeris chiriri,Brotogeris chiriri,Brotogeris chiriri,Brotogeris chiriri,Brotogeris chiriri,Brotogeris chiriri,Brotogeris chiriri,Brotogeris chiriri,Brotogeris,Psittacidae,1,Bajo
3191,Brotogeris chiriri,Brotogeris chiriri,Brotogeris chiriri,Brotogeris chiriri,Brotogeris chiriri,Brotogeris chiriri,Brotogeris chiriri,Brotogeris chiriri,Brotogeris chiriri,Brotogeris chiriri,Brotogeris chiriri,Brotogeris chiriri,Brotogeris,Psittacidae,1,Bajo
3192,Brotogeris chiriri,Amazona aestiva,Amazona aestiva,Amazona aestiva,Amazona aestiva,Amazona aestiva,Amazona aestiva,Amazona aestiva,Amazona aestiva,Amazona aestiva,Amazona aestiva,Amazona aestiva,Brotogeris,Psittacidae,1,Bajo
3193,Brotogeris chiriri,Brotogeris chiriri,Brotogeris chiriri,Brotogeris chiriri,Brotogeris chiriri,Brotogeris chiriri,Brotogeris chiriri,Brotogeris chiriri,Brotogeris chiriri,Brotogeris chiriri,Brotogeris chiriri,Brotogeris chiriri,Brotogeris,Psittacidae,1,Bajo
3195,Brotogeris chiriri,Amazona vinacea,Amazona aestiva,Amazona vinacea,Amazona vinacea,Amazona vinacea,Amazona vinacea,Amazona aestiva,Amazona aestiva,Amazona aestiva,Amazona aestiva,Amazona vinacea,Brotogeris,Psittacidae,1,Bajo
3196,Brotogeris chiriri,Brotogeris chiriri,Brotogeris chiriri,Brotogeris chiriri,Brotogeris chiriri,Brotogeris chiriri,Brotogeris chiriri,Brotogeris chiriri,Brotogeris chiriri,Brotogeris chiriri,Brotogeris chiriri,Brotogeris chiriri,Brotogeris,Psittacidae,1,Bajo
3197,Brotogeris chiriri,Brotogeris chiriri,Brotogeris chiriri,Brotogeris chiriri,Amazona vinacea,Brotogeris chiriri,Brotogeris chiriri,Brotogeris chiriri,Brotogeris chiriri,Brotogeris chiriri,Brotogeris chiriri,Brotogeris chiriri,Brotogeris,Psittacidae,1,Bajo
3200,Brotogeris chiriri,Brotogeris chiriri,Brotogeris chiriri,Brotogeris chiriri,Brotogeris chiriri,Brotogeris chiriri,Brotogeris chiriri,Brotogeris chiriri,Brotogeris chiriri,Brotogeris chiriri,Brotogeris chiriri,Brotogeris chiriri,Brotogeris,Psittacidae,1,Bajo
3201,Brotogeris chiriri,Amazona aestiva,Amazona aestiva,Amazona aestiva,Amazona aestiva,Amazona aestiva,Amazona aestiva,Amazona aestiva,Amazona aestiva,Amazona aestiva,Amazona aestiva,Amazona aestiva,Brotogeris,Psittacidae,1,Bajo
3202,Brotogeris chiriri,Amazona aestiva,Habia rubica,Didelphis albiventris,Alouatta guariba clamitans,Hypoedaleus guttatus,Amazona vinacea,Hypoedaleus guttatus,Habia rubica,Habia rubica,Habia rubica,Amazona aestiva,Brotogeris,Psittacidae,1,Bajo
3203,Brotogeris chiriri,Brotogeris chiriri,Brotogeris chiriri,Amazona aestiva,Alouatta caraya,Brotogeris chiriri,Brotogeris chiriri,Brotogeris chiriri,Brotogeris chiriri,Brotogeris chiriri,Brotogeris chiriri,Alouatta caraya,Brotogeris,Psittacidae,1,Bajo
3204,Brotogeris chiriri,Amazona aestiva,Amazona aestiva,Amazona aestiva,Amazona aestiva,Amazona aestiva,Amazona aestiva,Amazona aestiva,Amazona aestiva,Amazona aestiva,Amazona aestiva,Amazona aestiva,Brotogeris,Psittacidae,1,Bajo
3205,Brotogeris chiriri,Brotogeris chiriri,Brotogeris chiriri,Brotogeris chiriri,Brotogeris chiriri,Brotogeris chiriri,Brotogeris chiriri,Brotogeris chiriri,Brotogeris chiriri,Brotogeris chiriri,Brotogeris chiriri,Brotogeris chiriri,Brotogeris,Psittacidae,1,Bajo
3206,Brotogeris chiriri,Amazona vinacea,Amazona vinacea,Amazona vinacea,Amazona vinacea,Amazona vinacea,Amazona vinacea,Amazona aestiva,Amazona vinacea,Amazona vinacea,Amazona vinacea,Amazona vinacea,Brotogeris,Psittacidae,1,Bajo
3208,Brotogeris chiriri,Brotogeris chiriri,Brotogeris chiriri,Baryphthengus ruficapillus,Baryphthengus ruficapillus,Brotogeris chiriri,Brotogeris chiriri,Brotogeris chiriri,Brotogeris chiriri,Brotogeris chiriri,Brotogeris chiriri,Brotogeris chiriri,Brotogeris,Psittacidae,1,Bajo
3210,Brotogeris chiriri,Amazona aestiva,Brotogeris chiriri,Amazona aestiva,Amazona aestiva,Amazona aestiva,Amazona aestiva,Amazona aestiva,Brotogeris chiriri,Brotogeris chiriri,Brotogeris chiriri,Amazona aestiva,Brotogeris,Psittacidae,1,Bajo
3211,Brotogeris chiriri,Brotogeris chiriri,Brotogeris chiriri,Brotogeris chiriri,Brotogeris chiriri,Brotogeris chiriri,Brotogeris chiriri,Brotogeris chiriri,Brotogeris chiriri,Brotogeris chiriri,Brotogeris chiriri,Brotogeris chiriri,Brotogeris,Psittacidae,1,Bajo
3212,Brotogeris chiriri,Brotogeris chiriri,Brotogeris chiriri,Brotogeris chiriri,Amazona aestiva,Amazona aestiva,Amazona aestiva,Amazona aestiva,Brotogeris chiriri,Brotogeris chiriri,Brotogeris chiriri,Brotogeris chiriri,Brotogeris,Psittacidae,1,Bajo
3214,Brotogeris chiriri,Brotogeris chiriri,Brotogeris chiriri,Brotogeris chiriri,Brotogeris chiriri,Brotogeris chiriri,Brotogeris chiriri,Amazona aestiva,Brotogeris chiriri,Brotogeris chiriri,Brotogeris chiriri,Brotogeris chiriri,Brotogeris,Psittacidae,1,Bajo
3216,Brotogeris chiriri,Brotogeris chiriri,Brotogeris chiriri,Brotogeris chiriri,Brotogeris chiriri,Brotogeris chiriri,Brotogeris chiriri,Brotogeris chiriri,Brotogeris chiriri,Brotogeris chiriri,Brotogeris chiriri,Brotogeris chiriri,Brotogeris,Psittacidae,1,Bajo
3217,Brotogeris chiriri,Brotogeris chiriri,Brotogeris chiriri,Brotogeris chiriri,Brotogeris chiriri,Brotogeris chiriri,Brotogeris chiriri,Brotogeris chiriri,Brotogeris chiriri,Brotogeris chiriri,Brotogeris chiriri,Brotogeris chiriri,Brotogeris,Psittacidae,1,Bajo
3218,Brotogeris chiriri,Brotogeris chiriri,Brotogeris chiriri,Brotogeris chiriri,Brotogeris chiriri,Brotogeris chiriri,Brotogeris chiriri,Brotogeris chiriri,Brotogeris chiriri,Brotogeris chiriri,Brotogeris chiriri,Brotogeris chiriri,Brotogeris,Psittacidae,1,Bajo
3219,Brotogeris chiriri,Amazona vinacea,Brotogeris chiriri,Brotogeris chiriri,Amazona vinacea,Amazona vinacea,Amazona vinacea,Amazona aestiva,Brotogeris chiriri,Brotogeris chiriri,Brotogeris chiriri,Amazona vinacea,Brotogeris,Psittacidae,1,Bajo
3220,Brotogeris chiriri,Brotogeris chiriri,Brotogeris chiriri,Brotogeris chiriri,Brotogeris chiriri,Brotogeris chiriri,Brotogeris chiriri,Brotogeris chiriri,Brotogeris chiriri,Brotogeris chiriri,Brotogeris chiriri,Brotogeris chiriri,Brotogeris,Psittacidae,1,Bajo
3221,Brotogeris chiriri,Amazona aestiva,Amazona aestiva,Amazona aestiva,Amazona aestiva,Amazona aestiva,Amazona aestiva,Amazona aestiva,Amazona aestiva,Amazona aestiva,Amazona aestiva,Amazona aestiva,Brotogeris,Psittacidae,1,Bajo
3222,Brotogeris chiriri,Brotogeris chiriri,Brotogeris chiriri,Brotogeris chiriri,Amazona aestiva,Brotogeris chiriri,Brotogeris chiriri,Brotogeris chiriri,Brotogeris chiriri,Brotogeris chiriri,Brotogeris chiriri,Brotogeris chiriri,Brotogeris,Psittacidae,1,Bajo
3223,Brotogeris chiriri,Brotogeris chiriri,Amazona aestiva,Brotogeris chiriri,Brotogeris chiriri,Brotogeris chiriri,Brotogeris chiriri,Amazona aestiva,Amazona aestiva,Amazona aestiva,Amazona aestiva,Brotogeris chiriri,Brotogeris,Psittacidae,1,Bajo
3224,Brotogeris chiriri,Brotogeris chiriri,Brotogeris chiriri,Amazona aestiva,Amazona aestiva,Amazona aestiva,Amazona aestiva,Amazona aestiva,Brotogeris chiriri,Brotogeris chiriri,Brotogeris chiriri,Brotogeris chiriri,Brotogeris,Psittacidae,1,Bajo
3225,Brotogeris chiriri,Brotogeris chiriri,Brotogeris chiriri,Brotogeris chiriri,Amazona aestiva,Brotogeris chiriri,Brotogeris chiriri,Brotogeris chiriri,Brotogeris chiriri,Brotogeris chiriri,Brotogeris chiriri,Brotogeris chiriri,Brotogeris,Psittacidae,1,Bajo
3228,Brotogeris chiriri,Brotogeris chiriri,Brotogeris chiriri,Brotogeris chiriri,Brotogeris chiriri,Brotogeris chiriri,Amazona aestiva,Amazona aestiva,Brotogeris chiriri,Brotogeris chiriri,Brotogeris chiriri,Brotogeris chiriri,Brotogeris,Psittacidae,1,Bajo
3229,Brotogeris chiriri,Amazona aestiva,Amazona vinacea,Amazona aestiva,Amazona aestiva,Amazona aestiva,Amazona aestiva,Amazona aestiva,Amazona vinacea,Amazona vinacea,Amazona vinacea,Amazona aestiva,Brotogeris,Psittacidae,1,Bajo
3230,Brotogeris chiriri,Amazona aestiva,Amazona aestiva,Amazona aestiva,Amazona aestiva,Amazona aestiva,Amazona aestiva,Amazona aestiva,Amazona aestiva,Amazona aestiva,Amazona aestiva,Amazona aestiva,Brotogeris,Psittacidae,1,Bajo
3231,Brotogeris chiriri,Brotogeris chiriri,Brotogeris chiriri,Brotogeris chiriri,Brotogeris chiriri,Brotogeris chiriri,Brotogeris chiriri,Brotogeris chiriri,Brotogeris chiriri,Brotogeris chiriri,Brotogeris chiriri,Brotogeris chiriri,Brotogeris,Psittacidae,1,Bajo
3232,Brotogeris chiriri,Brotogeris chiriri,Brotogeris chiriri,Brotogeris chiriri,Brotogeris chiriri,Brotogeris chiriri,Brotogeris chiriri,Brotogeris chiriri,Brotogeris chiriri,Brotogeris chiriri,Brotogeris chiriri,Brotogeris chiriri,Brotogeris,Psittacidae,1,Bajo
3233,Brotogeris chiriri,Brotogeris chiriri,Brotogeris chiriri,Brotogeris chiriri,Brotogeris chiriri,Brotogeris chiriri,Brotogeris chiriri,Brotogeris chiriri,Brotogeris chiriri,Brotogeris chiriri,Brotogeris chiriri,Brotogeris chiriri,Brotogeris,Psittacidae,1,Bajo
3234,Brotogeris chiriri,Brotogeris chiriri,Brotogeris chiriri,Brotogeris chiriri,Brotogeris chiriri,Brotogeris chiriri,Brotogeris chiriri,Brotogeris chiriri,Brotogeris chiriri,Brotogeris chiriri,Brotogeris chiriri,Brotogeris chiriri,Brotogeris,Psittacidae,1,Bajo
3236,Brotogeris chiriri,Brotogeris chiriri,Brotogeris chiriri,Brotogeris chiriri,Brotogeris chiriri,Brotogeris chiriri,Brotogeris chiriri,Brotogeris chiriri,Brotogeris chiriri,Brotogeris chiriri,Brotogeris chiriri,Brotogeris chiriri,Brotogeris,Psittacidae,1,Bajo
3237,Brotogeris chiriri,Amazona vinacea,Amazona vinacea,Amazona vinacea,Amazona vinacea,Amazona vinacea,Amazona vinacea,Amazona vinacea,Amazona vinacea,Amazona vinacea,Amazona vinacea,Amazona vinacea,Brotogeris,Psittacidae,1,Bajo
3238,Brotogeris chiriri,Amazona aestiva,Brotogeris chiriri,Brotogeris chiriri,Brotogeris chiriri,Amazona aestiva,Amazona aestiva,Amazona aestiva,Brotogeris chiriri,Brotogeris chiriri,Brotogeris chiriri,Amazona aestiva,Brotogeris,Psittacidae,1,Bajo
3239,Brotogeris chiriri,Brotogeris chiriri,Amazona aestiva,Amazona aestiva,Brotogeris chiriri,Brotogeris chiriri,Brotogeris chiriri,Amazona aestiva,Amazona aestiva,Amazona aestiva,Amazona aestiva,Brotogeris chiriri,Brotogeris,Psittacidae,1,Bajo
3240,Brotogeris chiriri,Brotogeris chiriri,Brotogeris chiriri,Brotogeris chiriri,Brotogeris chiriri,Brotogeris chiriri,Brotogeris chiriri,Amazona aestiva,Brotogeris chiriri,Brotogeris chiriri,Brotogeris chiriri,Brotogeris chiriri,Brotogeris,Psittacidae,1,Bajo
3241,Brotogeris chiriri,Amazona vinacea,Habia rubica,Conopophaga lineata,Conopophaga lineata,Sporophila pileata,Amazona vinacea,Sporophila pileata,Habia rubica,Habia rubica,Habia rubica,Amazona vinacea,Brotogeris,Psittacidae,1,Bajo
3242,Brotogeris chiriri,Brotogeris chiriri,Brotogeris chiriri,Amazona aestiva,Amazona aestiva,Brotogeris chiriri,Amazona vinacea,Amazona vinacea,Brotogeris chiriri,Brotogeris chiriri,Brotogeris chiriri,Brotogeris chiriri,Brotogeris,Psittacidae,1,Bajo
3243,Brotogeris chiriri,Brotogeris chiriri,Brotogeris chiriri,Brotogeris chiriri,Brotogeris chiriri,Brotogeris chiriri,Brotogeris chiriri,Amazona vinacea,Brotogeris chiriri,Brotogeris chiriri,Brotogeris chiriri,Brotogeris chiriri,Brotogeris,Psittacidae,1,Bajo
3244,Aramides saracura,Aramides saracura,Aramides saracura,Aramides saracura,Aramides saracura,Aramides saracura,Aramides saracura,Aramides saracura,Aramides saracura,Aramides saracura,Aramides saracura,Aramides saracura,Aramides,Rallidae,3,Medio
3245,Aramides saracura,Aramides saracura,Aramides saracura,Aramides saracura,Aramides saracura,Aramides saracura,Aramides saracura,Aramides saracura,Aramides saracura,Aramides saracura,Aramides saracura,Aramides saracura,Aramides,Rallidae,3,Medio
3246,Aramides saracura,Aramides saracura,Aramides saracura,Aramides saracura,Aramides saracura,Aramides saracura,Aramides saracura,Aramides saracura,Aramides saracura,Aramides saracura,Aramides saracura,Aramides saracura,Aramides,Rallidae,3,Medio
3247,Aramides saracura,Aramides saracura,Aramides saracura,Aramides saracura,Aramides saracura,Aramides saracura,Aramides saracura,Aramides saracura,Aramides saracura,Aramides saracura,Aramides saracura,Aramides saracura,Aramides,Rallidae,3,Medio
3248,Aramides saracura,Crypturellus obsoletus,Penelope superciliaris,Crypturellus obsoletus,Crypturellus obsoletus,Aramides saracura,Aramides saracura,Crypturellus obsoletus,Penelope superciliaris,Penelope superciliaris,Penelope superciliaris,Crypturellus obsoletus,Aramides,Rallidae,3,Medio
3249,Aramides saracura,Aramides saracura,Aramides saracura,Aramides saracura,Aramides saracura,Aramides saracura,Aramides saracura,Aramides saracura,Aramides saracura,Aramides saracura,Aramides saracura,Aramides saracura,Aramides,Rallidae,3,Medio
3250,Aramides saracura,Aramides saracura,Aramides saracura,Aramides saracura,Aramides saracura,Aramides saracura,Aramides saracura,Aramides saracura,Aramides saracura,Aramides saracura,Aramides saracura,Aramides saracura,Aramides,Rallidae,3,Medio
3251,Aramides saracura,Aramides saracura,Aramides saracura,Aramides saracura,Aramides saracura,Aramides saracura,Aramides saracura,Crypturellus tataupa,Aramides saracura,Aramides saracura,Aramides saracura,Aramides saracura,Aramides,Rallidae,3,Medio
3252,Aramides saracura,Crypturellus obsoletus,Crypturellus obsoletus,Tinamus solitarius,Crypturellus obsoletus,Aramides saracura,Aramides saracura,Aramides saracura,Crypturellus obsoletus,Crypturellus obsoletus,Crypturellus obsoletus,Crypturellus obsoletus,Aramides,Rallidae,3,Medio
3253,Aramides saracura,Tinamus solitarius,Aramides saracura,Aramides saracura,Aramides saracura,Aramides saracura,Aramides saracura,Aramides saracura,Aramides saracura,Aramides saracura,Aramides saracura,Tinamus solitarius,Aramides,Rallidae,3,Medio
3254,Aramides saracura,Aramides saracura,Turdus rufiventris,Aramides saracura,Aramides saracura,Aramides saracura,Aramides saracura,Aramides saracura,Turdus rufiventris,Turdus rufiventris,Turdus rufiventris,Aramides saracura,Aramides,Rallidae,3,Medio
3256,Aramides saracura,Lontra longicaudis,Nothura maculosa,Myiothlypis leucoblephara,Habia rubica,Lontra longicaudis,Lontra longicaudis,Sporophila pileata,Nothura maculosa,Nothura maculosa,Nothura maculosa,Lontra longicaudis,Aramides,Rallidae,3,Medio
3257,Aramides saracura,Aramides saracura,Aramides saracura,Aramides saracura,Aramides saracura,Aramides saracura,Aramides saracura,Aramides saracura,Aramides saracura,Aramides saracura,Aramides saracura,Aramides saracura,Aramides,Rallidae,3,Medio
3258,Aramides saracura,Crypturellus tataupa,Nothura maculosa,Crypturellus obsoletus,Crypturellus obsoletus,Lontra longicaudis,Aramides saracura,Mackenziaena severa,Nothura maculosa,Nothura maculosa,Nothura maculosa,Crypturellus tataupa,Aramides,Rallidae,3,Medio
3259,Aramides saracura,Aramides saracura,Aramides saracura,Aramides saracura,Aramides saracura,Aramides saracura,Aramides saracura,Aramides saracura,Aramides saracura,Aramides saracura,Aramides saracura,Aramides saracura,Aramides,Rallidae,3,Medio
3260,Aramides saracura,Aramides saracura,Aramides saracura,Aramides saracura,Aramides saracura,Aramides saracura,Aramides saracura,Aramides saracura,Aramides saracura,Aramides saracura,Aramides saracura,Aramides saracura,Aramides,Rallidae,3,Medio
3261,Aramides saracura,Aramides saracura,Aramides saracura,Aramides saracura,Aramides saracura,Aramides saracura,Aramides saracura,Aramides saracura,Aramides saracura,Aramides saracura,Aramides saracura,Aramides saracura,Aramides,Rallidae,3,Medio
3262,Aramides saracura,Aramides saracura,Aramides saracura,Aramides saracura,Aramides saracura,Aramides saracura,Aramides saracura,Aramides saracura,Aramides saracura,Aramides saracura,Aramides saracura,Aramides saracura,Aramides,Rallidae,3,Medio
3264,Aramides saracura,Aramides saracura,Aramides saracura,Aramides saracura,Aramides saracura,Aramides saracura,Aramides saracura,Aramides saracura,Aramides saracura,Aramides saracura,Aramides saracura,Aramides saracura,Aramides,Rallidae,3,Medio
3265,Aramides saracura,Aramides saracura,Crypturellus obsoletus,Aramides saracura,Tinamus solitarius,Aramides saracura,Aramides saracura,Aramides saracura,Crypturellus obsoletus,Crypturellus obsoletus,Crypturellus obsoletus,Aramides saracura,Aramides,Rallidae,3,Medio
3266,Aramides saracura,Aramides saracura,Aramides saracura,Aramides saracura,Aramides saracura,Aramides saracura,Aramides saracura,Aramides saracura,Aramides saracura,Aramides saracura,Aramides saracura,Aramides saracura,Aramides,Rallidae,3,Medio
3268,Aramides saracura,Crypturellus obsoletus,Crypturellus tataupa,Crypturellus obsoletus,Crypturellus obsoletus,Aramides saracura,Aramides saracura,Nothura maculosa,Crypturellus tataupa,Crypturellus tataupa,Crypturellus tataupa,Crypturellus obsoletus,Aramides,Rallidae,3,Medio
3269,Aramides saracura,Aramides saracura,Aramides saracura,Aramides saracura,Aramides saracura,Aramides saracura,Aramides saracura,Aramides saracura,Aramides saracura,Aramides saracura,Aramides saracura,Aramides saracura,Aramides,Rallidae,3,Medio
3270,Aramides saracura,Aramides saracura,Crypturellus obsoletus,Crypturellus obsoletus,Tinamus solitarius,Aramides saracura,Aramides saracura,Aramides saracura,Crypturellus obsoletus,Crypturellus obsoletus,Crypturellus obsoletus,Aramides saracura,Aramides,Rallidae,3,Medio
3271,Aramides saracura,Aramides saracura,Aramides saracura,Aramides saracura,Aramides saracura,Aramides saracura,Aramides saracura,Aramides saracura,Aramides saracura,Aramides saracura,Aramides saracura,Aramides saracura,Aramides,Rallidae,3,Medio
3272,Aramides saracura,Aramides saracura,Aramides saracura,Aramides saracura,Aramides saracura,Aramides saracura,Aramides saracura,Aramides saracura,Aramides saracura,Aramides saracura,Aramides saracura,Aramides saracura,Aramides,Rallidae,3,Medio
3273,Aramides saracura,Aramides saracura,Aramides saracura,Aramides saracura,Aramides saracura,Aramides saracura,Aramides saracura,Aramides saracura,Aramides saracura,Aramides saracura,Aramides saracura,Aramides saracura,Aramides,Rallidae,3,Medio
3275,Aramides saracura,Penelope superciliaris,Leptotila verreauxi,Amazona vinacea,Leptotila verreauxi,Penelope superciliaris,Penelope superciliaris,Aramides saracura,Leptotila verreauxi,Leptotila verreauxi,Leptotila verreauxi,Penelope superciliaris,Aramides,Rallidae,3,Medio
3276,Aramides saracura,Aramides saracura,Aramides saracura,Aramides saracura,Aramides saracura,Aramides saracura,Aramides saracura,Aramides saracura,Aramides saracura,Aramides saracura,Aramides saracura,Aramides saracura,Aramides,Rallidae,3,Medio
3278,Aramides saracura,Aramides saracura,Aramides saracura,Aramides saracura,Aramides saracura,Aramides saracura,Aramides saracura,Aramides saracura,Aramides saracura,Aramides saracura,Aramides saracura,Aramides saracura,Aramides,Rallidae,3,Medio
3279,Aramides saracura,Crypturellus tataupa,Nothura maculosa,Crypturellus obsoletus,Crypturellus obsoletus,Aramides saracura,Dasyprocta azarae,Crypturellus obsoletus,Nothura maculosa,Nothura maculosa,Nothura maculosa,Crypturellus tataupa,Aramides,Rallidae,3,Medio
3280,Aramides saracura,Aramides saracura,Aramides saracura,Aramides saracura,Aramides saracura,Aramides saracura,Aramides saracura,Aramides saracura,Aramides saracura,Aramides saracura,Aramides saracura,Aramides saracura,Aramides,Rallidae,3,Medio
3281,Aramides saracura,Aramides saracura,Aramides saracura,Aramides saracura,Aramides saracura,Aramides saracura,Aramides saracura,Aramides saracura,Aramides saracura,Aramides saracura,Aramides saracura,Aramides saracura,Aramides,Rallidae,3,Medio
3282,Aramides saracura,Aramides saracura,Aramides saracura,Aramides saracura,Aramides saracura,Aramides saracura,Aramides saracura,Aramides saracura,Aramides saracura,Aramides saracura,Aramides saracura,Aramides saracura,Aramides,Rallidae,3,Medio
3283,Aramides saracura,Crypturellus obsoletus,Aramides saracura,Aramides saracura,Crypturellus tataupa,Aramides saracura,Aramides saracura,Crypturellus obsoletus,Aramides saracura,Aramides saracura,Aramides saracura,Crypturellus obsoletus,Aramides,Rallidae,3,Medio
3285,Aramides saracura,Aramides saracura,Aramides saracura,Aramides saracura,Aramides saracura,Aramides saracura,Aramides saracura,Aramides saracura,Aramides saracura,Aramides saracura,Aramides saracura,Aramides saracura,Aramides,Rallidae,3,Medio
3286,Aramides saracura,Aramides saracura,Aramides saracura,Aramides saracura,Aramides saracura,Aramides saracura,Aramides saracura,Salvator merianae,Aramides saracura,Aramides saracura,Aramides saracura,Aramides saracura,Aramides,Rallidae,3,Medio
3289,Aramides saracura,Aramides saracura,Crypturellus tataupa,Crypturellus tataupa,Aramides saracura,Aramides saracura,Aramides saracura,Leptotila rufaxilla,Crypturellus tataupa,Crypturellus tataupa,Crypturellus tataupa,Aramides saracura,Aramides,Rallidae,3,Medio
3292,Aramides saracura,Aramides saracura,Aramides saracura,Aramides saracura,Aramides saracura,Aramides saracura,Aramides saracura,Aramides saracura,Aramides saracura,Aramides saracura,Aramides saracura,Aramides saracura,Aramides,Rallidae,3,Medio
3293,Aramides saracura,Aramides saracura,Aramides saracura,Aramides saracura,Aramides saracura,Aramides saracura,Aramides saracura,Aramides saracura,Aramides saracura,Aramides saracura,Aramides saracura,Aramides saracura,Aramides,Rallidae,3,Medio
3294,Aramides saracura,Aramides saracura,Aramides saracura,Aramides saracura,Aramides saracura,Aramides saracura,Aramides saracura,Aramides saracura,Aramides saracura,Aramides saracura,Aramides saracura,Aramides saracura,Aramides,Rallidae,3,Medio
3297,Aramides saracura,Leptotila rufaxilla,Aramides saracura,Aramides saracura,Leptotila rufaxilla,Aramides saracura,Aramides saracura,Aramides saracura,Aramides saracura,Aramides saracura,Aramides saracura,Leptotila rufaxilla,Aramides,Rallidae,3,Medio
3298,Aramides saracura,Nyctidromus albicollis,Synallaxis ruficapilla,Aramides saracura,Aramides saracura,Synallaxis ruficapilla,Aramides saracura,Myrmecophaga tridactyla,Synallaxis ruficapilla,Synallaxis ruficapilla,Synallaxis ruficapilla,Nyctidromus albicollis,Aramides,Rallidae,3,Medio
3299,Aramides saracura,Herpailurus yagouaroundi,Aramides saracura,Aramides saracura,Aramides saracura,Nothura maculosa,Aramides saracura,Sus scrofa,Aramides saracura,Aramides saracura,Aramides saracura,Herpailurus yagouaroundi,Aramides,Rallidae,3,Medio
3300,Aramides saracura,Aramides saracura,Tinamus solitarius,Aramides saracura,Aramides saracura,Aramides saracura,Aramides saracura,Tinamus solitarius,Tinamus solitarius,Tinamus solitarius,Tinamus solitarius,Aramides saracura,Aramides,Rallidae,3,Medio
3301,Aramides saracura,Crypturellus obsoletus,Crypturellus tataupa,Crypturellus obsoletus,Crypturellus obsoletus,Crypturellus obsoletus,Aramides saracura,Aramides saracura,Crypturellus tataupa,Crypturellus tataupa,Crypturellus tataupa,Crypturellus obsoletus,Aramides,Rallidae,3,Medio
3302,Aramides saracura,Aramides saracura,Aramides saracura,Aramides saracura,Aramides saracura,Aramides saracura,Aramides saracura,Aramides saracura,Aramides saracura,Aramides saracura,Aramides saracura,Aramides saracura,Aramides,Rallidae,3,Medio
3303,Aramides saracura,Aramides saracura,Aramides saracura,Aramides saracura,Aramides saracura,Aramides saracura,Aramides saracura,Aramides saracura,Aramides saracura,Aramides saracura,Aramides saracura,Aramides saracura,Aramides,Rallidae,3,Medio
3304,Aramides saracura,Aramides saracura,Crypturellus obsoletus,Crypturellus obsoletus,Aramides saracura,Aramides saracura,Aramides saracura,Aramides saracura,Crypturellus obsoletus,Crypturellus obsoletus,Crypturellus obsoletus,Aramides saracura,Aramides,Rallidae,3,Medio
3305,Aramides saracura,Aramides saracura,Aramides saracura,Aramides saracura,Aramides saracura,Aramides saracura,Aramides saracura,Aramides saracura,Aramides saracura,Aramides saracura,Aramides saracura,Aramides saracura,Aramides,Rallidae,3,Medio
3306,Aramides saracura,Dasyprocta azarae,Crypturellus obsoletus,Crypturellus obsoletus,Crypturellus obsoletus,Dasyprocta azarae,Dasyprocta azarae,Dasyprocta azarae,Crypturellus obsoletus,Crypturellus obsoletus,Crypturellus obsoletus,Dasyprocta azarae,Aramides,Rallidae,3,Medio
3307,Aramides saracura,Aramides saracura,Aramides saracura,Aramides saracura,Aramides saracura,Aramides saracura,Aramides saracura,Aramides saracura,Aramides saracura,Aramides saracura,Aramides saracura,Aramides saracura,Aramides,Rallidae,3,Medio
3308,Aramides saracura,Crypturellus obsoletus,Crypturellus obsoletus,Crypturellus obsoletus,Leptotila rufaxilla,Leptotila rufaxilla,Leptotila rufaxilla,Aramides saracura,Crypturellus obsoletus,Crypturellus obsoletus,Crypturellus obsoletus,Crypturellus obsoletus,Aramides,Rallidae,3,Medio
3309,Aramides saracura,Aramides saracura,Aramides saracura,Aramides saracura,Aramides saracura,Aramides saracura,Aramides saracura,Aramides saracura,Aramides saracura,Aramides saracura,Aramides saracura,Aramides saracura,Aramides,Rallidae,3,Medio
3311,Aramides saracura,Aramides saracura,Aramides saracura,Aramides saracura,Aramides saracura,Aramides saracura,Aramides saracura,Aramides saracura,Aramides saracura,Aramides saracura,Aramides saracura,Aramides saracura,Aramides,Rallidae,3,Medio
3312,Aramides saracura,Crypturellus obsoletus,Crypturellus tataupa,Aramides saracura,Aramides saracura,Aramides saracura,Aramides saracura,Aramides saracura,Crypturellus tataupa,Crypturellus tataupa,Crypturellus tataupa,Aramides saracura,Aramides,Rallidae,3,Medio
3314,Selenidera maculirostris,Selenidera maculirostris,Amazona vinacea,Selenidera maculirostris,Selenidera maculirostris,Selenidera maculirostris,Selenidera maculirostris,Brotogeris chiriri,Amazona vinacea,Amazona vinacea,Amazona vinacea,Selenidera maculirostris,Selenidera,Ramphastidae,5,Crítico
3315,Selenidera maculirostris,Brotogeris chiriri,Brotogeris chiriri,Brotogeris chiriri,Amazona aestiva,Selenidera maculirostris,Brotogeris chiriri,Amazona aestiva,Brotogeris chiriri,Brotogeris chiriri,Brotogeris chiriri,Brotogeris chiriri,Selenidera,Ramphastidae,5,Crítico
3316,Selenidera maculirostris,Tachyphonus coronatus,Alouatta guariba clamitans,Alouatta guariba clamitans,Alouatta guariba clamitans,Tachyphonus coronatus,Tachyphonus coronatus,Cyanocorax chrysops,Alouatta guariba clamitans,Alouatta guariba clamitans,Alouatta guariba clamitans,Tachyphonus coronatus,Selenidera,Ramphastidae,5,Crítico
3317,Selenidera maculirostris,Lontra longicaudis,Phrynops williamsi,Aramides saracura,Aramides saracura,Selenidera maculirostris,Cyanocorax chrysops,Cyanocorax chrysops,Phrynops williamsi,Phrynops williamsi,Phrynops williamsi,Lontra longicaudis,Selenidera,Ramphastidae,5,Crítico
3318,Selenidera maculirostris,Selenidera maculirostris,Selenidera maculirostris,Selenidera maculirostris,Selenidera maculirostris,Selenidera maculirostris,Selenidera maculirostris,Selenidera maculirostris,Selenidera maculirostris,Selenidera maculirostris,Selenidera maculirostris,Selenidera maculirostris,Selenidera,Ramphastidae,5,Crítico
3320,Selenidera maculirostris,Selenidera maculirostris,Selenidera maculirostris,Selenidera maculirostris,Selenidera maculirostris,Selenidera maculirostris,Selenidera maculirostris,Selenidera maculirostris,Selenidera maculirostris,Selenidera maculirostris,Selenidera maculirostris,Selenidera maculirostris,Selenidera,Ramphastidae,5,Crítico
3321,Selenidera maculirostris,Selenidera maculirostris,Selenidera maculirostris,Selenidera maculirostris,Selenidera maculirostris,Selenidera maculirostris,Selenidera maculirostris,Selenidera maculirostris,Selenidera maculirostris,Selenidera maculirostris,Selenidera maculirostris,Selenidera maculirostris,Selenidera,Ramphastidae,5,Crítico
3324,Selenidera maculirostris,Baryphthengus ruficapillus,Biatas nigropectus,Baryphthengus ruficapillus,Baryphthengus ruficapillus,Baryphthengus ruficapillus,Baryphthengus ruficapillus,Baryphthengus ruficapillus,Biatas nigropectus,Biatas nigropectus,Biatas nigropectus,Baryphthengus ruficapillus,Selenidera,Ramphastidae,5,Crítico
3326,Selenidera maculirostris,Selenidera maculirostris,Selenidera maculirostris,Selenidera maculirostris,Selenidera maculirostris,Selenidera maculirostris,Selenidera maculirostris,Selenidera maculirostris,Selenidera maculirostris,Selenidera maculirostris,Selenidera maculirostris,Selenidera maculirostris,Selenidera,Ramphastidae,5,Crítico
3327,Selenidera maculirostris,Selenidera maculirostris,Selenidera maculirostris,Selenidera maculirostris,Selenidera maculirostris,Selenidera maculirostris,Selenidera maculirostris,Selenidera maculirostris,Selenidera maculirostris,Selenidera maculirostris,Selenidera maculirostris,Selenidera maculirostris,Selenidera,Ramphastidae,5,Crítico
3330,Selenidera maculirostris,Baryphthengus ruficapillus,Sapajus nigritus,Aramides saracura,Amazona aestiva,Baryphthengus ruficapillus,Baryphthengus ruficapillus,Sapajus nigritus,Sapajus nigritus,Sapajus nigritus,Sapajus nigritus,Baryphthengus ruficapillus,Selenidera,Ramphastidae,5,Crítico
3331,Selenidera maculirostris,Cyanocorax chrysops,Cyanocorax chrysops,Cyanocorax chrysops,Biatas nigropectus,Notharchus swainsoni,Cyanocorax chrysops,Cyanocorax chrysops,Cyanocorax chrysops,Cyanocorax chrysops,Cyanocorax chrysops,Cyanocorax chrysops,Selenidera,Ramphastidae,5,Crítico
3332,Selenidera maculirostris,Selenidera maculirostris,Biatas nigropectus,Biatas nigropectus,Selenidera maculirostris,Selenidera maculirostris,Selenidera maculirostris,Selenidera maculirostris,Biatas nigropectus,Biatas nigropectus,Biatas nigropectus,Selenidera maculirostris,Selenidera,Ramphastidae,5,Crítico
3333,Selenidera maculirostris,Habia rubica,Biatas nigropectus,Biatas nigropectus,Habia rubica,Habia rubica,Baryphthengus ruficapillus,Biatas nigropectus,Biatas nigropectus,Biatas nigropectus,Biatas nigropectus,Habia rubica,Selenidera,Ramphastidae,5,Crítico
3334,Selenidera maculirostris,Selenidera maculirostris,Selenidera maculirostris,Selenidera maculirostris,Selenidera maculirostris,Selenidera maculirostris,Selenidera maculirostris,Selenidera maculirostris,Selenidera maculirostris,Selenidera maculirostris,Selenidera maculirostris,Selenidera maculirostris,Selenidera,Ramphastidae,5,Crítico
3335,Selenidera maculirostris,Selenidera maculirostris,Selenidera maculirostris,Selenidera maculirostris,Selenidera maculirostris,Selenidera maculirostris,Selenidera maculirostris,Selenidera maculirostris,Selenidera maculirostris,Selenidera maculirostris,Selenidera maculirostris,Selenidera maculirostris,Selenidera,Ramphastidae,5,Crítico
3336,Selenidera maculirostris,Selenidera maculirostris,Selenidera maculirostris,Selenidera maculirostris,Selenidera maculirostris,Selenidera maculirostris,Selenidera maculirostris,Selenidera maculirostris,Selenidera maculirostris,Selenidera maculirostris,Selenidera maculirostris,Selenidera maculirostris,Selenidera,Ramphastidae,5,Crítico
3337,Selenidera maculirostris,Penelope superciliaris,Selenidera maculirostris,Alouatta guariba clamitans,Alouatta guariba clamitans,Selenidera maculirostris,Penelope superciliaris,Penelope superciliaris,Selenidera maculirostris,Selenidera maculirostris,Selenidera maculirostris,Penelope superciliaris,Selenidera,Ramphastidae,5,Crítico
3338,Selenidera maculirostris,Selenidera maculirostris,Selenidera maculirostris,Selenidera maculirostris,Selenidera maculirostris,Selenidera maculirostris,Selenidera maculirostris,Selenidera maculirostris,Selenidera maculirostris,Selenidera maculirostris,Selenidera maculirostris,Selenidera maculirostris,Selenidera,Ramphastidae,5,Crítico
3339,Selenidera maculirostris,Selenidera maculirostris,Selenidera maculirostris,Selenidera maculirostris,Selenidera maculirostris,Selenidera maculirostris,Selenidera maculirostris,Selenidera maculirostris,Selenidera maculirostris,Selenidera maculirostris,Selenidera maculirostris,Selenidera maculirostris,Selenidera,Ramphastidae,5,Crítico
3340,Selenidera maculirostris,Selenidera maculirostris,Selenidera maculirostris,Selenidera maculirostris,Biatas nigropectus,Selenidera maculirostris,Selenidera maculirostris,Selenidera maculirostris,Selenidera maculirostris,Selenidera maculirostris,Selenidera maculirostris,Selenidera maculirostris,Selenidera,Ramphastidae,5,Crítico
3341,Selenidera maculirostris,Baryphthengus ruficapillus,Conopophaga lineata,Tachyphonus coronatus,Conopophaga lineata,Baryphthengus ruficapillus,Tachyphonus coronatus,Amazona vinacea,Conopophaga lineata,Conopophaga lineata,Conopophaga lineata,Baryphthengus ruficapillus,Selenidera,Ramphastidae,5,Crítico
3342,Selenidera maculirostris,Amazona aestiva,Habia rubica,Alouatta guariba,Alouatta guariba,Habia rubica,Amazona aestiva,Penelope superciliaris,Habia rubica,Habia rubica,Habia rubica,Amazona aestiva,Selenidera,Ramphastidae,5,Crítico
3343,Selenidera maculirostris,Baryphthengus ruficapillus,Baryphthengus ruficapillus,Baryphthengus ruficapillus,Baryphthengus ruficapillus,Baryphthengus ruficapillus,Baryphthengus ruficapillus,Baryphthengus ruficapillus,Baryphthengus ruficapillus,Baryphthengus ruficapillus,Baryphthengus ruficapillus,Baryphthengus ruficapillus,Selenidera,Ramphastidae,5,Crítico
3344,Selenidera maculirostris,Baryphthengus ruficapillus,Habia rubica,Habia rubica,Habia rubica,Baryphthengus ruficapillus,Baryphthengus ruficapillus,Baryphthengus ruficapillus,Habia rubica,Habia rubica,Habia rubica,Baryphthengus ruficapillus,Selenidera,Ramphastidae,5,Crítico
3345,Selenidera maculirostris,Selenidera maculirostris,Cyanocorax chrysops,Selenidera maculirostris,Selenidera maculirostris,Selenidera maculirostris,Selenidera maculirostris,Selenidera maculirostris,Cyanocorax chrysops,Cyanocorax chrysops,Cyanocorax chrysops,Selenidera maculirostris,Selenidera,Ramphastidae,5,Crítico
3346,Selenidera maculirostris,Selenidera maculirostris,Selenidera maculirostris,Selenidera maculirostris,Selenidera maculirostris,Selenidera maculirostris,Selenidera maculirostris,Selenidera maculirostris,Selenidera maculirostris,Selenidera maculirostris,Selenidera maculirostris,Selenidera maculirostris,Selenidera,Ramphastidae,5,Crítico
3347,Selenidera maculirostris,Selenidera maculirostris,Selenidera maculirostris,Selenidera maculirostris,Selenidera maculirostris,Selenidera maculirostris,Selenidera maculirostris,Selenidera maculirostris,Selenidera maculirostris,Selenidera maculirostris,Selenidera maculirostris,Selenidera maculirostris,Selenidera,Ramphastidae,5,Crítico
3348,Selenidera maculirostris,Selenidera maculirostris,Selenidera maculirostris,Selenidera maculirostris,Selenidera maculirostris,Selenidera maculirostris,Selenidera maculirostris,Selenidera maculirostris,Selenidera maculirostris,Selenidera maculirostris,Selenidera maculirostris,Selenidera maculirostris,Selenidera,Ramphastidae,5,Crítico
3350,Selenidera maculirostris,Selenidera maculirostris,Selenidera maculirostris,Selenidera maculirostris,Selenidera maculirostris,Selenidera maculirostris,Selenidera maculirostris,Selenidera maculirostris,Selenidera maculirostris,Selenidera maculirostris,Selenidera maculirostris,Selenidera maculirostris,Selenidera,Ramphastidae,5,Crítico
3351,Selenidera maculirostris,Selenidera maculirostris,Selenidera maculirostris,Selenidera maculirostris,Selenidera maculirostris,Selenidera maculirostris,Selenidera maculirostris,Selenidera maculirostris,Selenidera maculirostris,Selenidera maculirostris,Selenidera maculirostris,Selenidera maculirostris,Selenidera,Ramphastidae,5,Crítico
3352,Selenidera maculirostris,Selenidera maculirostris,Selenidera maculirostris,Biatas nigropectus,Biatas nigropectus,Selenidera maculirostris,Selenidera maculirostris,Selenidera maculirostris,Selenidera maculirostris,Selenidera maculirostris,Selenidera maculirostris,Selenidera maculirostris,Selenidera,Ramphastidae,5,Crítico
3354,Selenidera maculirostris,Selenidera maculirostris,Selenidera maculirostris,Selenidera maculirostris,Selenidera maculirostris,Selenidera maculirostris,Selenidera maculirostris,Selenidera maculirostris,Selenidera maculirostris,Selenidera maculirostris,Selenidera maculirostris,Selenidera maculirostris,Selenidera,Ramphastidae,5,Crítico
3356,Selenidera maculirostris,Hypoedaleus guttatus,Leopardus pardalis,Alouatta guariba,Alouatta guariba,Hypoedaleus guttatus,Hypoedaleus guttatus,Hypoedaleus guttatus,Leopardus pardalis,Leopardus pardalis,Leopardus pardalis,Hypoedaleus guttatus,Selenidera,Ramphastidae,5,Crítico
3358,Selenidera maculirostris,Selenidera maculirostris,Baryphthengus ruficapillus,Baryphthengus ruficapillus,Baryphthengus ruficapillus,Selenidera maculirostris,Selenidera maculirostris,Selenidera maculirostris,Baryphthengus ruficapillus,Baryphthengus ruficapillus,Baryphthengus ruficapillus,Selenidera maculirostris,Selenidera,Ramphastidae,5,Crítico
3359,Selenidera maculirostris,Selenidera maculirostris,Selenidera maculirostris,Selenidera maculirostris,Selenidera maculirostris,Selenidera maculirostris,Selenidera maculirostris,Selenidera maculirostris,Selenidera maculirostris,Selenidera maculirostris,Selenidera maculirostris,Selenidera maculirostris,Selenidera,Ramphastidae,5,Crítico
3360,Selenidera maculirostris,Selenidera maculirostris,Synallaxis ruficapilla,Biatas nigropectus,Biatas nigropectus,Selenidera maculirostris,Selenidera maculirostris,Selenidera maculirostris,Synallaxis ruficapilla,Synallaxis ruficapilla,Synallaxis ruficapilla,Selenidera maculirostris,Selenidera,Ramphastidae,5,Crítico
3361,Selenidera maculirostris,Selenidera maculirostris,Selenidera maculirostris,Selenidera maculirostris,Selenidera maculirostris,Selenidera maculirostris,Selenidera maculirostris,Selenidera maculirostris,Selenidera maculirostris,Selenidera maculirostris,Selenidera maculirostris,Selenidera maculirostris,Selenidera,Ramphastidae,5,Crítico
3362,Selenidera maculirostris,Selenidera maculirostris,Selenidera maculirostris,Selenidera maculirostris,Selenidera maculirostris,Selenidera maculirostris,Selenidera maculirostris,Selenidera maculirostris,Selenidera maculirostris,Selenidera maculirostris,Selenidera maculirostris,Selenidera maculirostris,Selenidera,Ramphastidae,5,Crítico
3363,Selenidera maculirostris,Selenidera maculirostris,Selenidera maculirostris,Selenidera maculirostris,Selenidera maculirostris,Selenidera maculirostris,Selenidera maculirostris,Selenidera maculirostris,Selenidera maculirostris,Selenidera maculirostris,Selenidera maculirostris,Selenidera maculirostris,Selenidera,Ramphastidae,5,Crítico
3365,Selenidera maculirostris,Baryphthengus ruficapillus,Biatas nigropectus,Biatas nigropectus,Baryphthengus ruficapillus,Selenidera maculirostris,Baryphthengus ruficapillus,Penelope superciliaris,Biatas nigropectus,Biatas nigropectus,Biatas nigropectus,Baryphthengus ruficapillus,Selenidera,Ramphastidae,5,Crítico
3366,Selenidera maculirostris,Selenidera maculirostris,Selenidera maculirostris,Selenidera maculirostris,Selenidera maculirostris,Selenidera maculirostris,Selenidera maculirostris,Selenidera maculirostris,Selenidera maculirostris,Selenidera maculirostris,Selenidera maculirostris,Selenidera maculirostris,Selenidera,Ramphastidae,5,Crítico
3367,Selenidera maculirostris,Baryphthengus ruficapillus,Selenidera maculirostris,Selenidera maculirostris,Selenidera maculirostris,Selenidera maculirostris,Baryphthengus ruficapillus,Selenidera maculirostris,Selenidera maculirostris,Selenidera maculirostris,Selenidera maculirostris,Baryphthengus ruficapillus,Selenidera,Ramphastidae,5,Crítico
3368,Selenidera maculirostris,Selenidera maculirostris,Selenidera maculirostris,Selenidera maculirostris,Selenidera maculirostris,Selenidera maculirostris,Selenidera maculirostris,Selenidera maculirostris,Selenidera maculirostris,Selenidera maculirostris,Selenidera maculirostris,Selenidera maculirostris,Selenidera,Ramphastidae,5,Crítico
3369,Selenidera maculirostris,Selenidera maculirostris,Selenidera maculirostris,Biatas nigropectus,Biatas nigropectus,Selenidera maculirostris,Selenidera maculirostris,Selenidera maculirostris,Selenidera maculirostris,Selenidera maculirostris,Selenidera maculirostris,Selenidera maculirostris,Selenidera,Ramphastidae,5,Crítico
3371,Selenidera maculirostris,Baryphthengus ruficapillus,Baryphthengus ruficapillus,Baryphthengus ruficapillus,Baryphthengus ruficapillus,Baryphthengus ruficapillus,Baryphthengus ruficapillus,Selenidera maculirostris,Baryphthengus ruficapillus,Baryphthengus ruficapillus,Baryphthengus ruficapillus,Baryphthengus ruficapillus,Selenidera,Ramphastidae,5,Crítico
3372,Selenidera maculirostris,Amazona aestiva,Cyanocorax chrysops,Alouatta guariba clamitans,Sapajus nigritus,Baryphthengus ruficapillus,Hypoedaleus guttatus,Strix hylophila,Cyanocorax chrysops,Cyanocorax chrysops,Cyanocorax chrysops,Amazona aestiva,Selenidera,Ramphastidae,5,Crítico
3373,Selenidera maculirostris,Selenidera maculirostris,Selenidera maculirostris,Selenidera maculirostris,Selenidera maculirostris,Selenidera maculirostris,Baryphthengus ruficapillus,Selenidera maculirostris,Selenidera maculirostris,Selenidera maculirostris,Selenidera maculirostris,Selenidera maculirostris,Selenidera,Ramphastidae,5,Crítico
3374,Selenidera maculirostris,Baryphthengus ruficapillus,Selenidera maculirostris,Baryphthengus ruficapillus,Baryphthengus ruficapillus,Baryphthengus ruficapillus,Baryphthengus ruficapillus,Baryphthengus ruficapillus,Selenidera maculirostris,Selenidera maculirostris,Selenidera maculirostris,Baryphthengus ruficapillus,Selenidera,Ramphastidae,5,Crítico
3376,Selenidera maculirostris,Selenidera maculirostris,Selenidera maculirostris,Selenidera maculirostris,Selenidera maculirostris,Selenidera maculirostris,Selenidera maculirostris,Selenidera maculirostris,Selenidera maculirostris,Selenidera maculirostris,Selenidera maculirostris,Selenidera maculirostris,Selenidera,Ramphastidae,5,Crítico
3377,Selenidera maculirostris,Selenidera maculirostris,Selenidera maculirostris,Selenidera maculirostris,Selenidera maculirostris,Selenidera maculirostris,Selenidera maculirostris,Selenidera maculirostris,Selenidera maculirostris,Selenidera maculirostris,Selenidera maculirostris,Selenidera maculirostris,Selenidera,Ramphastidae,5,Crítico
3379,Selenidera maculirostris,Baryphthengus ruficapillus,Selenidera maculirostris,Baryphthengus ruficapillus,Baryphthengus ruficapillus,Selenidera maculirostris,Baryphthengus ruficapillus,Selenidera maculirostris,Selenidera maculirostris,Selenidera maculirostris,Selenidera maculirostris,Baryphthengus ruficapillus,Selenidera,Ramphastidae,5,Crítico
3380,Selenidera maculirostris,Selenidera maculirostris,Selenidera maculirostris,Selenidera maculirostris,Selenidera maculirostris,Selenidera maculirostris,Selenidera maculirostris,Selenidera maculirostris,Selenidera maculirostris,Selenidera maculirostris,Selenidera maculirostris,Selenidera maculirostris,Selenidera,Ramphastidae,5,Crítico
3381,Selenidera maculirostris,Selenidera maculirostris,Selenidera maculirostris,Selenidera maculirostris,Selenidera maculirostris,Selenidera maculirostris,Selenidera maculirostris,Selenidera maculirostris,Selenidera maculirostris,Selenidera maculirostris,Selenidera maculirostris,Selenidera maculirostris,Selenidera,Ramphastidae,5,Crítico
3382,Selenidera maculirostris,Selenidera maculirostris,Selenidera maculirostris,Selenidera maculirostris,Selenidera maculirostris,Selenidera maculirostris,Selenidera maculirostris,Selenidera maculirostris,Selenidera maculirostris,Selenidera maculirostris,Selenidera maculirostris,Selenidera maculirostris,Selenidera,Ramphastidae,5,Crítico
3383,Selenidera maculirostris,Selenidera maculirostris,Selenidera maculirostris,Selenidera maculirostris,Selenidera maculirostris,Selenidera maculirostris,Selenidera maculirostris,Selenidera maculirostris,Selenidera maculirostris,Selenidera maculirostris,Selenidera maculirostris,Selenidera maculirostris,Selenidera,Ramphastidae,5,Crítico
3384,Strix hylophila,Strix hylophila,Strix hylophila,Strix hylophila,Strix hylophila,Strix hylophila,Strix hylophila,Strix hylophila,Strix hylophila,Strix hylophila,Strix hylophila,Strix hylophila,Strix,Strigidae,6,Crítico
3386,Strix hylophila,Strix hylophila,Strix hylophila,Strix virgata,Strix hylophila,Strix hylophila,Strix hylophila,Strix hylophila,Strix hylophila,Strix hylophila,Strix hylophila,Strix hylophila,Strix,Strigidae,6,Crítico
3387,Strix hylophila,Strix hylophila,Strix hylophila,Strix hylophila,Strix hylophila,Strix hylophila,Strix hylophila,Strix hylophila,Strix hylophila,Strix hylophila,Strix hylophila,Strix hylophila,Strix,Strigidae,6,Crítico
3389,Strix hylophila,Strix hylophila,Strix hylophila,Strix hylophila,Strix hylophila,Strix hylophila,Strix hylophila,Strix hylophila,Strix hylophila,Strix hylophila,Strix hylophila,Strix hylophila,Strix,Strigidae,6,Crítico
3392,Strix hylophila,Strix hylophila,Strix virgata,Strix hylophila,Strix hylophila,Strix hylophila,Strix hylophila,Strix hylophila,Strix virgata,Strix virgata,Strix virgata,Strix hylophila,Strix,Strigidae,6,Crítico
3394,Strix hylophila,Strix hylophila,Strix hylophila,Strix hylophila,Strix hylophila,Strix hylophila,Strix hylophila,Strix hylophila,Strix hylophila,Strix hylophila,Strix hylophila,Strix hylophila,Strix,Strigidae,6,Crítico
3395,Strix hylophila,Strix hylophila,Strix hylophila,Strix hylophila,Strix hylophila,Strix hylophila,Strix hylophila,Strix hylophila,Strix hylophila,Strix hylophila,Strix hylophila,Strix hylophila,Strix,Strigidae,6,Crítico
3396,Strix hylophila,Strix hylophila,Strix hylophila,Strix hylophila,Strix hylophila,Strix hylophila,Strix hylophila,Strix hylophila,Strix hylophila,Strix hylophila,Strix hylophila,Strix hylophila,Strix,Strigidae,6,Crítico
3397,Strix hylophila,Strix hylophila,Strix hylophila,Strix hylophila,Strix hylophila,Strix hylophila,Strix hylophila,Strix hylophila,Strix hylophila,Strix hylophila,Strix hylophila,Strix hylophila,Strix,Strigidae,6,Crítico
3398,Strix hylophila,Strix hylophila,Strix hylophila,Strix hylophila,Strix hylophila,Strix hylophila,Strix hylophila,Strix hylophila,Strix hylophila,Strix hylophila,Strix hylophila,Strix hylophila,Strix,Strigidae,6,Crítico
3399,Strix hylophila,Strix hylophila,Strix hylophila,Strix hylophila,Strix hylophila,Strix hylophila,Strix hylophila,Strix hylophila,Strix hylophila,Strix hylophila,Strix hylophila,Strix hylophila,Strix,Strigidae,6,Crítico
3400,Strix hylophila,Strix hylophila,Strix hylophila,Strix hylophila,Strix hylophila,Strix hylophila,Strix hylophila,Strix hylophila,Strix hylophila,Strix hylophila,Strix hylophila,Strix hylophila,Strix,Strigidae,6,Crítico
3401,Strix hylophila,Strix hylophila,Strix hylophila,Strix hylophila,Strix hylophila,Strix hylophila,Strix hylophila,Strix hylophila,Strix hylophila,Strix hylophila,Strix hylophila,Strix hylophila,Strix,Strigidae,6,Crítico
3402,Strix hylophila,Strix hylophila,Strix hylophila,Strix hylophila,Strix hylophila,Strix hylophila,Strix hylophila,Strix hylophila,Strix hylophila,Strix hylophila,Strix hylophila,Strix hylophila,Strix,Strigidae,6,Crítico
3403,Strix hylophila,Strix hylophila,Strix hylophila,Strix hylophila,Strix hylophila,Strix hylophila,Strix hylophila,Strix hylophila,Strix hylophila,Strix hylophila,Strix hylophila,Strix hylophila,Strix,Strigidae,6,Crítico
3404,Strix hylophila,Strix hylophila,Strix hylophila,Strix hylophila,Strix hylophila,Strix hylophila,Strix hylophila,Strix hylophila,Strix hylophila,Strix hylophila,Strix hylophila,Strix hylophila,Strix,Strigidae,6,Crítico
3405,Strix hylophila,Strix hylophila,Strix virgata,Strix hylophila,Strix hylophila,Strix hylophila,Strix hylophila,Strix hylophila,Strix virgata,Strix virgata,Strix virgata,Strix hylophila,Strix,Strigidae,6,Crítico
3406,Strix hylophila,Strix hylophila,Strix hylophila,Strix hylophila,Strix hylophila,Strix hylophila,Strix hylophila,Strix hylophila,Strix hylophila,Strix hylophila,Strix hylophila,Strix hylophila,Strix,Strigidae,6,Crítico
3407,Strix hylophila,Strix hylophila,Strix hylophila,Strix hylophila,Strix hylophila,Strix hylophila,Strix hylophila,Strix hylophila,Strix hylophila,Strix hylophila,Strix hylophila,Strix hylophila,Strix,Strigidae,6,Crítico
3408,Strix hylophila,Strix hylophila,Strix hylophila,Strix hylophila,Strix hylophila,Strix hylophila,Strix hylophila,Strix hylophila,Strix hylophila,Strix hylophila,Strix hylophila,Strix hylophila,Strix,Strigidae,6,Crítico
3410,Strix hylophila,Strix hylophila,Strix virgata,Strix hylophila,Strix hylophila,Strix hylophila,Strix hylophila,Strix hylophila,Strix virgata,Strix virgata,Strix virgata,Strix hylophila,Strix,Strigidae,6,Crítico
3411,Strix hylophila,Strix hylophila,Strix hylophila,Strix hylophila,Strix hylophila,Strix hylophila,Strix hylophila,Strix hylophila,Strix hylophila,Strix hylophila,Strix hylophila,Strix hylophila,Strix,Strigidae,6,Crítico
3412,Strix hylophila,Strix hylophila,Strix hylophila,Strix hylophila,Strix hylophila,Strix hylophila,Strix hylophila,Strix hylophila,Strix hylophila,Strix hylophila,Strix hylophila,Strix hylophila,Strix,Strigidae,6,Crítico
3413,Strix hylophila,Strix hylophila,Strix hylophila,Strix hylophila,Strix hylophila,Strix hylophila,Strix hylophila,Strix hylophila,Strix hylophila,Strix hylophila,Strix hylophila,Strix hylophila,Strix,Strigidae,6,Crítico
3414,Strix hylophila,Strix hylophila,Strix hylophila,Strix hylophila,Strix hylophila,Strix hylophila,Strix hylophila,Strix hylophila,Strix hylophila,Strix hylophila,Strix hylophila,Strix hylophila,Strix,Strigidae,6,Crítico
3415,Strix hylophila,Didelphis albiventris,Didelphis albiventris,Didelphis albiventris,Didelphis albiventris,Didelphis albiventris,Didelphis albiventris,Didelphis albiventris,Didelphis albiventris,Didelphis albiventris,Didelphis albiventris,Didelphis albiventris,Strix,Strigidae,6,Crítico
3417,Strix hylophila,Strix hylophila,Strix virgata,Strix hylophila,Strix hylophila,Strix hylophila,Strix hylophila,Strix hylophila,Strix virgata,Strix virgata,Strix virgata,Strix hylophila,Strix,Strigidae,6,Crítico
3418,Strix hylophila,Strix hylophila,Strix hylophila,Strix virgata,Strix hylophila,Strix hylophila,Strix hylophila,Strix hylophila,Strix hylophila,Strix hylophila,Strix hylophila,Strix hylophila,Strix,Strigidae,6,Crítico
3419,Strix hylophila,Strix hylophila,Strix hylophila,Strix hylophila,Strix hylophila,Strix hylophila,Strix hylophila,Strix hylophila,Strix hylophila,Strix hylophila,Strix hylophila,Strix hylophila,Strix,Strigidae,6,Crítico
3420,Strix hylophila,Strix virgata,Strix virgata,Strix virgata,Strix hylophila,Strix hylophila,Strix hylophila,Strix hylophila,Strix virgata,Strix virgata,Strix virgata,Strix virgata,Strix,Strigidae,6,Crítico
3421,Strix hylophila,Strix hylophila,Strix hylophila,Strix hylophila,Strix hylophila,Strix hylophila,Strix hylophila,Strix hylophila,Strix hylophila,Strix hylophila,Strix hylophila,Strix hylophila,Strix,Strigidae,6,Crítico
3422,Strix hylophila,Strix hylophila,Strix hylophila,Strix hylophila,Strix hylophila,Strix hylophila,Strix hylophila,Strix hylophila,Strix hylophila,Strix hylophila,Strix hylophila,Strix hylophila,Strix,Strigidae,6,Crítico
3423,Strix hylophila,Strix hylophila,Strix hylophila,Strix hylophila,Strix hylophila,Strix hylophila,Strix hylophila,Strix hylophila,Strix hylophila,Strix hylophila,Strix hylophila,Strix hylophila,Strix,Strigidae,6,Crítico
3425,Strix hylophila,Strix hylophila,Strix hylophila,Strix hylophila,Strix hylophila,Strix hylophila,Strix hylophila,Strix hylophila,Strix hylophila,Strix hylophila,Strix hylophila,Strix hylophila,Strix,Strigidae,6,Crítico
3426,Strix hylophila,Strix hylophila,Strix hylophila,Strix hylophila,Strix hylophila,Strix hylophila,Strix hylophila,Strix hylophila,Strix hylophila,Strix hylophila,Strix hylophila,Strix hylophila,Strix,Strigidae,6,Crítico
3428,Strix hylophila,Strix virgata borelliana,Strix hylophila,Strix hylophila,Strix hylophila,Strix hylophila,Strix hylophila,Strix hylophila,Strix hylophila,Strix hylophila,Strix hylophila,Strix virgata borelliana,Strix,Strigidae,6,Crítico
3429,Strix hylophila,Strix hylophila,Strix hylophila,Strix hylophila,Strix hylophila,Strix hylophila,Strix hylophila,Strix hylophila,Strix hylophila,Strix hylophila,Strix hylophila,Strix hylophila,Strix,Strigidae,6,Crítico
3430,Strix virgata,Puma concolor,Didelphis aurita,Didelphis aurita,Didelphis aurita,Sus scrofa,Cerdocyon thous,Galictis cuja,Didelphis aurita,Didelphis aurita,Didelphis aurita,Puma concolor,Strix,Strigidae,1,Bajo
3431,Strix virgata,Strix virgata,Strix virgata,Strix virgata,Strix hylophila,Strix hylophila,Strix hylophila,Strix virgata,Strix virgata,Strix virgata,Strix virgata,Strix virgata,Strix,Strigidae,1,Bajo
3432,Strix virgata,Strix hylophila,Strix hylophila,Strix virgata,Strix hylophila,Strix hylophila,Strix hylophila,Strix hylophila,Strix hylophila,Strix hylophila,Strix hylophila,Strix hylophila,Strix,Strigidae,1,Bajo
3433,Strix virgata,Strix virgata,Strix virgata,Strix virgata,Strix virgata,Strix hylophila,Strix hylophila,Strix virgata,Strix virgata,Strix virgata,Strix virgata,Strix virgata,Strix,Strigidae,1,Bajo
3435,Strix virgata,Strix virgata,Strix virgata,Strix virgata,Strix virgata,Strix hylophila,Strix hylophila,Strix hylophila,Strix virgata,Strix virgata,Strix virgata,Strix virgata,Strix,Strigidae,1,Bajo
3436,Strix virgata,Strix virgata,Strix virgata borelliana,Strix virgata,Strix virgata,Strix hylophila,Strix hylophila,Strix hylophila,Strix virgata borelliana,Strix virgata borelliana,Strix virgata borelliana,Strix virgata,Strix,Strigidae,1,Bajo
3437,Strix virgata,Strix virgata borelliana,Strix virgata borelliana,Strix virgata,Strix virgata,Strix hylophila,Strix hylophila,Strix virgata,Strix virgata borelliana,Strix virgata borelliana,Strix virgata borelliana,Strix virgata borelliana,Strix,Strigidae,1,Bajo
3438,Strix virgata,Strix virgata borelliana,Strix virgata borelliana,Strix hylophila,Strix virgata,Strix hylophila,Strix hylophila,Strix hylophila,Strix virgata borelliana,Strix virgata borelliana,Strix virgata borelliana,Strix virgata borelliana,Strix,Strigidae,1,Bajo
3439,Strix virgata,Strix virgata,Strix virgata,Strix virgata,Strix virgata,Strix hylophila,Strix hylophila,Strix virgata,Strix virgata,Strix virgata,Strix virgata,Strix virgata,Strix,Strigidae,1,Bajo
3441,Strix virgata,Strix virgata,Strix virgata,Strix virgata,Strix virgata,Strix virgata,Strix hylophila,Strix virgata,Strix virgata,Strix virgata,Strix virgata,Strix virgata,Strix,Strigidae,1,Bajo
3442,Strix virgata,Strix virgata,Strix virgata,Strix hylophila,Strix hylophila,Strix hylophila,Strix hylophila,Strix hylophila,Strix virgata,Strix virgata,Strix virgata,Strix virgata,Strix,Strigidae,1,Bajo
3443,Strix virgata,Hydropsalis torquata,Strix virgata,Amazona vinacea,Amazona vinacea,Hydropsalis torquata,Hydropsalis torquata,Hydropsalis torquata,Strix virgata,Strix virgata,Strix virgata,Hydropsalis torquata,Strix,Strigidae,1,Bajo
3444,Strix virgata,Strix hylophila,Strix virgata,Strix hylophila,Strix hylophila,Strix hylophila,Strix hylophila,Strix hylophila,Strix virgata,Strix virgata,Strix virgata,Strix hylophila,Strix,Strigidae,1,Bajo
3447,Strix virgata,Strix hylophila,Strix hylophila,Strix hylophila,Strix hylophila,Strix hylophila,Strix hylophila,Nyctidromus albicollis,Strix hylophila,Strix hylophila,Strix hylophila,Strix hylophila,Strix,Strigidae,1,Bajo
3449,Strix virgata,Strix virgata borelliana,Strix virgata,Strix virgata,Strix hylophila,Strix hylophila,Strix hylophila,Strix virgata,Strix virgata,Strix virgata,Strix virgata,Strix virgata borelliana,Strix,Strigidae,1,Bajo
3450,Strix virgata,Didelphis albiventris,Didelphis albiventris,Didelphis albiventris,Didelphis albiventris,Didelphis albiventris,Didelphis albiventris,Hydropsalis torquata,Didelphis albiventris,Didelphis albiventris,Didelphis albiventris,Cuniculus paca,Strix,Strigidae,1,Bajo
3451,Strix virgata,Strix virgata,Strix virgata,Strix virgata,Strix virgata,Strix virgata,Strix hylophila,Strix virgata,Strix virgata,Strix virgata,Strix virgata,Strix virgata,Strix,Strigidae,1,Bajo
3452,Strix virgata,Strix virgata,Strix virgata,Strix virgata,Strix virgata,Strix hylophila,Strix hylophila,Strix virgata,Strix virgata,Strix virgata,Strix virgata,Strix virgata,Strix,Strigidae,1,Bajo
3453,Strix virgata,Strix virgata,Strix virgata,Strix virgata,Strix virgata,Strix hylophila,Strix hylophila,Strix virgata,Strix virgata,Strix virgata,Strix virgata,Strix virgata,Strix,Strigidae,1,Bajo
3454,Strix virgata,Strix virgata,Strix hylophila,Strix hylophila,Strix virgata,Nyctidromus albicollis,Strix hylophila,Nyctidromus albicollis,Strix hylophila,Strix hylophila,Strix hylophila,Strix virgata,Strix,Strigidae,1,Bajo
3455,Strix virgata,Strix virgata borelliana,Strix virgata,Strix virgata,Strix virgata,Strix virgata,Strix hylophila,Strix virgata,Strix virgata,Strix virgata,Strix virgata,Strix virgata borelliana,Strix,Strigidae,1,Bajo
3456,Strix virgata,Nyctidromus albicollis,Hydropsalis torquata,Hydropsalis torquata,Hydropsalis torquata,Nyctidromus albicollis,Hydropsalis torquata,Nyctidromus albicollis,Hydropsalis torquata,Hydropsalis torquata,Hydropsalis torquata,Nyctidromus albicollis,Strix,Strigidae,1,Bajo
3457,Strix virgata,Sapajus nigritus,Didelphis aurita,Alouatta caraya,Alouatta caraya,Sapajus nigritus,Sapajus nigritus,Alouatta caraya,Didelphis aurita,Didelphis aurita,Didelphis aurita,Sapajus nigritus,Strix,Strigidae,1,Bajo
3459,Strix virgata borelliana,Strix virgata,Strix virgata borelliana,Strix virgata,Strix virgata,Strix virgata,Strix hylophila,Manacus manacus,Strix virgata borelliana,Strix virgata borelliana,Strix virgata borelliana,Strix virgata,Strix,Strigidae,1,Bajo
3461,Sus scrofa,Sus scrofa domesticus,Sus scrofa domesticus,Pecari tajacu,Pecari tajacu,Pecari tajacu,Sus scrofa,Pecari tajacu,Sus scrofa domesticus,Sus scrofa domesticus,Sus scrofa domesticus,Sus scrofa domesticus,Sus,Suidae,0,Exótica/Invasora
3462,Sus scrofa,Sus scrofa,Sus scrofa,Sus scrofa,Sus scrofa,Sus scrofa,Sus scrofa,Sus scrofa,Sus scrofa,Sus scrofa,Sus scrofa,Sus scrofa,Sus,Suidae,0,Exótica/Invasora
3464,Sus scrofa,Cuniculus paca,Cerdocyon thous,Cerdocyon thous,Cabassous tatouay,Cerdocyon thous,Cerdocyon thous,Cuniculus paca,Cerdocyon thous,Cerdocyon thous,Cerdocyon thous,Cuniculus paca,Sus,Suidae,0,Exótica/Invasora
3466,Sus scrofa,Tamandua tetradactyla,Tamandua tetradactyla,Tamandua tetradactyla,Tamandua tetradactyla,Canis familiaris,Tamandua tetradactyla,Sus scrofa,Tamandua tetradactyla,Tamandua tetradactyla,Tamandua tetradactyla,Tamandua tetradactyla,Sus,Suidae,0,Exótica/Invasora
3467,Sus scrofa,Sus scrofa,Sus scrofa,Sus scrofa,Sus scrofa,Sus scrofa,Sus scrofa,Sus scrofa,Sus scrofa,Sus scrofa,Sus scrofa,Sus scrofa,Sus,Suidae,0,Exótica/Invasora
3468,Sus scrofa,Sus scrofa,Sus scrofa,Sus scrofa,Sus scrofa,Sus scrofa,Sus scrofa,Sus scrofa,Sus scrofa,Sus scrofa,Sus scrofa,Sus scrofa,Sus,Suidae,0,Exótica/Invasora
3469,Sus scrofa,Sus scrofa,Sus scrofa,Sus scrofa,Sus scrofa,Sus scrofa,Sus scrofa,Sus scrofa,Sus scrofa,Sus scrofa,Sus scrofa,Sus scrofa,Sus,Suidae,0,Exótica/Invasora
3471,Sus scrofa,Sus scrofa domesticus,Sus scrofa domesticus,Pecari tajacu,Sus scrofa,Sus scrofa,Sus scrofa,Sus scrofa,Sus scrofa domesticus,Sus scrofa domesticus,Sus scrofa domesticus,Sus scrofa domesticus,Sus,Suidae,0,Exótica/Invasora
3472,Sus scrofa,Sus scrofa,Sus scrofa,Sus scrofa,Sus scrofa,Sus scrofa,Sus scrofa,Sus scrofa,Sus scrofa,Sus scrofa,Sus scrofa,Sus scrofa,Sus,Suidae,0,Exótica/Invasora
3473,Sus scrofa,Sus scrofa domesticus,Sus scrofa domesticus,Pecari tajacu,Pecari tajacu,Pecari tajacu,Pecari tajacu,Pecari tajacu,Sus scrofa domesticus,Sus scrofa domesticus,Sus scrofa domesticus,Sus scrofa domesticus,Sus,Suidae,0,Exótica/Invasora
3474,Sus scrofa,Tamandua tetradactyla,Tamandua tetradactyla,Nothura maculosa,Sus scrofa,Tamandua tetradactyla,Tamandua tetradactyla,Tamandua tetradactyla,Tamandua tetradactyla,Tamandua tetradactyla,Tamandua tetradactyla,Tamandua tetradactyla,Sus,Suidae,0,Exótica/Invasora
3475,Sus scrofa,Sus scrofa,Sus scrofa,Sus scrofa,Sus scrofa,Sus scrofa,Sus scrofa,Lontra longicaudis,Sus scrofa,Sus scrofa,Sus scrofa,Sus scrofa,Sus,Suidae,0,Exótica/Invasora
3476,Sus scrofa,Sus scrofa,Sus scrofa,Cabassous tatouay,Cabassous tatouay,Sus scrofa,Sus scrofa,Sus scrofa,Sus scrofa,Sus scrofa,Sus scrofa,Sus scrofa,Sus,Suidae,0,Exótica/Invasora
3477,Sus scrofa,Sus scrofa,Didelphis aurita,Sus scrofa,Sus scrofa,Sus scrofa,Sus scrofa,Dasyprocta azarae,Didelphis aurita,Didelphis aurita,Didelphis aurita,Herpailurus yagouaroundi,Sus,Suidae,0,Exótica/Invasora
3478,Sus scrofa,Sus scrofa,Hydrochoerus hydrochaeris,Hydrochoerus hydrochaeris,Sus scrofa,Sus scrofa,Sus scrofa,Sus scrofa,Hydrochoerus hydrochaeris,Hydrochoerus hydrochaeris,Hydrochoerus hydrochaeris,Sus scrofa,Sus,Suidae,0,Exótica/Invasora
3479,Sus scrofa,Herpailurus yagouaroundi,Turdus rufiventris,Lontra longicaudis,Lontra longicaudis,Nothura maculosa,Sus scrofa,Leptotila verreauxi,Turdus rufiventris,Turdus rufiventris,Turdus rufiventris,Herpailurus yagouaroundi,Sus,Suidae,0,Exótica/Invasora
3480,Sus scrofa,Cabassous tatouay,Sus scrofa,Cerdocyon thous,Cabassous tatouay,Sus scrofa,Cerdocyon thous,Leopardus guttulus,Sus scrofa,Sus scrofa,Sus scrofa,Cabassous tatouay,Sus,Suidae,0,Exótica/Invasora
3481,Sus scrofa,Sus scrofa,Sus scrofa,Sus scrofa,Sus scrofa,Sus scrofa,Sus scrofa,Sus scrofa,Sus scrofa,Sus scrofa,Sus scrofa,Sus scrofa,Sus,Suidae,0,Exótica/Invasora
3482,Sus scrofa,Sus scrofa,Sus scrofa,Sus scrofa,Sus scrofa,Sus scrofa,Sus scrofa,Sus scrofa,Sus scrofa,Sus scrofa,Sus scrofa,Sus scrofa,Sus,Suidae,0,Exótica/Invasora
3483,Sus scrofa,Sus scrofa domesticus,Sus scrofa domesticus,Sus scrofa,Sus scrofa,Sus scrofa,Sus scrofa,Sus scrofa,Sus scrofa domesticus,Sus scrofa domesticus,Sus scrofa domesticus,Sus scrofa domesticus,Sus,Suidae,0,Exótica/Invasora
3485,Sus scrofa,Sus scrofa domesticus,Sus scrofa domesticus,Pecari tajacu,Pecari tajacu,Pecari tajacu,Pecari tajacu,Pecari tajacu,Sus scrofa domesticus,Sus scrofa domesticus,Sus scrofa domesticus,Sus scrofa domesticus,Sus,Suidae,0,Exótica/Invasora
3486,Sus scrofa,Sus scrofa,Sus scrofa,Sus scrofa,Sus scrofa,Sus scrofa,Sus scrofa,Sus scrofa,Sus scrofa,Sus scrofa,Sus scrofa,Sus scrofa,Sus,Suidae,0,Exótica/Invasora
3487,Sus scrofa,Sus scrofa,Sus scrofa,Sus scrofa,Sus scrofa,Sus scrofa,Sus scrofa,Sus scrofa,Sus scrofa,Sus scrofa,Sus scrofa,Sus scrofa,Sus,Suidae,0,Exótica/Invasora
3488,Sus scrofa,Sus scrofa,Sus scrofa,Sus scrofa,Sus scrofa,Sus scrofa,Sus scrofa,Sus scrofa,Sus scrofa,Sus scrofa,Sus scrofa,Sus scrofa,Sus,Suidae,0,Exótica/Invasora
3490,Sus scrofa,Sus scrofa,Sus scrofa,Sus scrofa,Sus scrofa,Sus scrofa,Sus scrofa,Pecari tajacu,Sus scrofa,Sus scrofa,Sus scrofa,Sus scrofa,Sus,Suidae,0,Exótica/Invasora
3491,Sus scrofa,Sus scrofa,Sus scrofa,Sus scrofa,Sus scrofa,Pecari tajacu,Sus scrofa,Pecari tajacu,Sus scrofa,Sus scrofa,Sus scrofa,Sus scrofa,Sus,Suidae,0,Exótica/Invasora
3492,Sus scrofa,Sus scrofa domesticus,Sus scrofa,Pecari tajacu,Sus scrofa,Pecari tajacu,Pecari tajacu,Pecari tajacu,Sus scrofa,Sus scrofa,Sus scrofa,Sus scrofa domesticus,Sus,Suidae,0,Exótica/Invasora
3493,Sus scrofa,Sus scrofa,Sus scrofa,Sus scrofa,Sus scrofa,Sus scrofa,Sus scrofa,Sus scrofa,Sus scrofa,Sus scrofa,Sus scrofa,Sus scrofa,Sus,Suidae,0,Exótica/Invasora
3496,Sus scrofa,Sus scrofa domesticus,Sus scrofa domesticus,Sus scrofa domesticus,Pecari tajacu,Pecari tajacu,Pecari tajacu,Pecari tajacu,Sus scrofa domesticus,Sus scrofa domesticus,Sus scrofa domesticus,Sus scrofa domesticus,Sus,Suidae,0,Exótica/Invasora
3499,Sus scrofa,Sus scrofa,Sus scrofa,Sus scrofa,Sus scrofa,Sus scrofa,Sus scrofa,Tamandua tetradactyla,Sus scrofa,Sus scrofa,Sus scrofa,Sus scrofa,Sus,Suidae,0,Exótica/Invasora
3500,Sus scrofa,Herpailurus yagouaroundi,Sus scrofa,Sus scrofa,Sus scrofa,Canis familiaris,Tamandua tetradactyla,Lontra longicaudis,Sus scrofa,Sus scrofa,Sus scrofa,Herpailurus yagouaroundi,Sus,Suidae,0,Exótica/Invasora
3501,Sus scrofa,Herpailurus yagouaroundi,Pecari tajacu,Herpailurus yagouaroundi,Herpailurus yagouaroundi,Herpailurus yagouaroundi,Cerdocyon thous,Sus scrofa,Pecari tajacu,Pecari tajacu,Pecari tajacu,Herpailurus yagouaroundi,Sus,Suidae,0,Exótica/Invasora
3503,Sus scrofa,Sus scrofa,Sus scrofa,Sus scrofa,Sus scrofa,Sus scrofa,Sus scrofa,Sus scrofa,Sus scrofa,Sus scrofa,Sus scrofa,Sus scrofa,Sus,Suidae,0,Exótica/Invasora
3504,Sus scrofa,Sus scrofa,Sus scrofa,Axis axis,Sus scrofa,Sus scrofa,Sus scrofa,Sus scrofa,Sus scrofa,Sus scrofa,Sus scrofa,Sus scrofa,Sus,Suidae,0,Exótica/Invasora
3505,Sus scrofa,Herpailurus yagouaroundi,Tayassu pecari,Herpailurus yagouaroundi,Sus scrofa,Sus scrofa,Myrmecophaga tridactyla,Tamandua tetradactyla,Tayassu pecari,Tayassu pecari,Tayassu pecari,Herpailurus yagouaroundi,Sus,Suidae,0,Exótica/Invasora
3507,Sus scrofa,Sus scrofa,Sus scrofa,Sus scrofa,Sus scrofa,Sus scrofa,Sus scrofa,Pecari tajacu,Sus scrofa,Sus scrofa,Sus scrofa,Sus scrofa,Sus,Suidae,0,Exótica/Invasora
3508,Sus scrofa,Sus scrofa,Sus scrofa,Sus scrofa,Sus scrofa,Sus scrofa,Sus scrofa,Sus scrofa,Sus scrofa,Sus scrofa,Sus scrofa,Sus scrofa,Sus,Suidae,0,Exótica/Invasora
3509,Sus scrofa,Lontra longicaudis,Sus scrofa,Hydrochoerus hydrochaeris,Sus scrofa,Sus scrofa,Lontra longicaudis,Hydrochoerus hydrochaeris,Sus scrofa,Sus scrofa,Sus scrofa,Lontra longicaudis,Sus,Suidae,0,Exótica/Invasora
3510,Sus scrofa,Panthera onca,Panthera onca,Panthera onca,Panthera onca,Panthera onca,Leopardus guttulus,Sus scrofa,Panthera onca,Panthera onca,Panthera onca,Panthera onca,Sus,Suidae,0,Exótica/Invasora
3512,Sus scrofa,Cerdocyon thous,Herpailurus yagouaroundi,Herpailurus yagouaroundi,Herpailurus yagouaroundi,Tamandua tetradactyla,Cerdocyon thous,Tamandua tetradactyla,Herpailurus yagouaroundi,Herpailurus yagouaroundi,Herpailurus yagouaroundi,Cerdocyon thous,Sus,Suidae,0,Exótica/Invasora
3513,Sus scrofa,Lontra longicaudis,Sus scrofa,Lepus europaeus,Hydrochoerus hydrochaeris,Lontra longicaudis,Lontra longicaudis,Euphractus sexcinctus,Sus scrofa,Sus scrofa,Sus scrofa,Lontra longicaudis,Sus,Suidae,0,Exótica/Invasora
3514,Sus scrofa,Herpailurus yagouaroundi,Herpailurus yagouaroundi,Herpailurus yagouaroundi,Herpailurus yagouaroundi,Lycalopex gymnocerca,Myrmecophaga tridactyla,Lycalopex gymnocerca,Herpailurus yagouaroundi,Herpailurus yagouaroundi,Herpailurus yagouaroundi,Herpailurus yagouaroundi,Sus,Suidae,0,Exótica/Invasora
3515,Sus scrofa,Sus scrofa,Sus scrofa,Sus scrofa,Sus scrofa,Sus scrofa,Sus scrofa,Dasyprocta azarae,Sus scrofa,Sus scrofa,Sus scrofa,Sus scrofa,Sus,Suidae,0,Exótica/Invasora
3516,Sus scrofa,Sus scrofa,Sus scrofa domesticus,Sus scrofa,Sus scrofa,Sus scrofa,Sus scrofa,Pecari tajacu,Sus scrofa domesticus,Sus scrofa domesticus,Sus scrofa domesticus,Sus scrofa,Sus,Suidae,0,Exótica/Invasora
3517,Sus scrofa,Sus scrofa,Sus scrofa,Sus scrofa,Sus scrofa,Sus scrofa,Sus scrofa,Lycalopex gymnocerca,Sus scrofa,Sus scrofa,Sus scrofa,Sus scrofa,Sus,Suidae,0,Exótica/Invasora
3518,Sus scrofa,Sus scrofa,Sus scrofa,Sus scrofa,Sus scrofa,Sus scrofa,Sus scrofa,Sus scrofa,Sus scrofa,Sus scrofa,Sus scrofa,Sus scrofa,Sus,Suidae,0,Exótica/Invasora
3519,Sus scrofa,Sus scrofa,Sus scrofa,Sus scrofa,Sus scrofa,Sus scrofa,Sus scrofa,Sus scrofa,Sus scrofa,Sus scrofa,Sus scrofa,Sus scrofa,Sus,Suidae,0,Exótica/Invasora
3520,Sus scrofa,Sus scrofa domesticus,Sus scrofa domesticus,Pecari tajacu,Sus scrofa,Sus scrofa,Sus scrofa,Sus scrofa,Sus scrofa domesticus,Sus scrofa domesticus,Sus scrofa domesticus,Sus scrofa domesticus,Sus,Suidae,0,Exótica/Invasora
3521,Sus scrofa domesticus,Sus scrofa,Sus scrofa,Sus scrofa,Sus scrofa,Sus scrofa,Sus scrofa,Sus scrofa,Sus scrofa,Sus scrofa,Sus scrofa,Sus scrofa,Sus,Suidae,0,Doméstica
3522,Sus scrofa domesticus,Sus scrofa,Sus scrofa domesticus,Pecari tajacu,Pecari tajacu,Sus scrofa,Sus scrofa,Pecari tajacu,Sus scrofa domesticus,Sus scrofa domesticus,Sus scrofa domesticus,Sus scrofa domesticus,Sus,Suidae,0,Doméstica
3523,Sus scrofa domesticus,Pecari tajacu,Sus scrofa domesticus,Pecari tajacu,Pecari tajacu,Pecari tajacu,Pecari tajacu,Pecari tajacu,Sus scrofa domesticus,Sus scrofa domesticus,Sus scrofa domesticus,Sus scrofa domesticus,Sus,Suidae,0,Doméstica
3524,Sus scrofa domesticus,Sus scrofa domesticus,Sus scrofa domesticus,Sus scrofa domesticus,Pecari tajacu,Sus scrofa,Sus scrofa,Pecari tajacu,Sus scrofa domesticus,Sus scrofa domesticus,Sus scrofa domesticus,Sus scrofa domesticus,Sus,Suidae,0,Doméstica
3525,Sus scrofa domesticus,Hydrochoerus hydrochaeris,Hydrochoerus hydrochaeris,Hydrochoerus hydrochaeris,Hydrochoerus hydrochaeris,Hydrochoerus hydrochaeris,Hydrochoerus hydrochaeris,Galictis cuja,Hydrochoerus hydrochaeris,Hydrochoerus hydrochaeris,Hydrochoerus hydrochaeris,Sus scrofa,Sus,Suidae,0,Doméstica
3527,Sus scrofa domesticus,Sus scrofa domesticus,Pecari tajacu,Pecari tajacu,Pecari tajacu,Sus scrofa,Sus scrofa,Sus scrofa,Pecari tajacu,Pecari tajacu,Pecari tajacu,Sus scrofa domesticus,Sus,Suidae,0,Doméstica
3528,Sus scrofa domesticus,Hydrochoerus hydrochaeris,Pecari tajacu,Hydrochoerus hydrochaeris,Dasyprocta azarae,Hydrochoerus hydrochaeris,Hydrochoerus hydrochaeris,Hydrochoerus hydrochaeris,Pecari tajacu,Pecari tajacu,Pecari tajacu,Hydrochoerus hydrochaeris,Sus,Suidae,0,Doméstica
3531,Tapirus terrestris,Tapirus terrestris,Tapirus terrestris,Pecari tajacu,Pecari tajacu,Tapirus terrestris,Pecari tajacu,Pecari tajacu,Tapirus terrestris,Tapirus terrestris,Tapirus terrestris,Tapirus terrestris,Tapirus,Tapiridae,4,Alto
3532,Tapirus terrestris,Sus scrofa,Nothura maculosa,Crypturellus obsoletus,Lepus europaeus,Lepus europaeus,Galictis cuja,Lepus europaeus,Nothura maculosa,Nothura maculosa,Nothura maculosa,Sus scrofa,Tapirus,Tapiridae,4,Alto
3533,Tapirus terrestris,Tapirus terrestris,Tapirus terrestris,Dasyprocta azarae,Myrmecophaga tridactyla,Hydrochoerus hydrochaeris,Hydrochoerus hydrochaeris,Dasyprocta azarae,Tapirus terrestris,Tapirus terrestris,Tapirus terrestris,Tapirus terrestris,Tapirus,Tapiridae,4,Alto
3534,Tapirus terrestris,Tapirus terrestris,Tapirus terrestris,Tapirus terrestris,Tapirus terrestris,Tapirus terrestris,Tapirus terrestris,Tapirus terrestris,Tapirus terrestris,Tapirus terrestris,Tapirus terrestris,Tapirus terrestris,Tapirus,Tapiridae,4,Alto
3535,Tapirus terrestris,Sus scrofa,Sus scrofa,Sus scrofa,Sus scrofa,Sus scrofa,Sus scrofa,Herpailurus yagouaroundi,Sus scrofa,Sus scrofa,Sus scrofa,Sus scrofa,Tapirus,Tapiridae,4,Alto
3536,Tapirus terrestris,Tapirus terrestris,Tapirus terrestris,Pecari tajacu,Pecari tajacu,Tapirus terrestris,Sus scrofa,Sus scrofa,Tapirus terrestris,Tapirus terrestris,Tapirus terrestris,Tapirus terrestris,Tapirus,Tapiridae,4,Alto
3537,Tapirus terrestris,Tayassu pecari,Sus scrofa,Pecari tajacu,Sus scrofa,Pecari tajacu,Sus scrofa,Pecari tajacu,Sus scrofa,Sus scrofa,Sus scrofa,Tayassu pecari,Tapirus,Tapiridae,4,Alto
3538,Tapirus terrestris,Tapirus terrestris,Tapirus terrestris terrestris,Hydrochoerus hydrochaeris,Hydrochoerus hydrochaeris,Hydrochoerus hydrochaeris,Hydrochoerus hydrochaeris,Hydrochoerus hydrochaeris,Tapirus terrestris terrestris,Tapirus terrestris terrestris,Tapirus terrestris terrestris,Tapirus terrestris,Tapirus,Tapiridae,4,Alto
3539,Tapirus terrestris,Tapirus terrestris,Tapirus terrestris,Tapirus terrestris,Tapirus terrestris,Tapirus terrestris,Pecari tajacu,Tapirus terrestris,Tapirus terrestris,Tapirus terrestris,Tapirus terrestris,Tapirus terrestris,Tapirus,Tapiridae,4,Alto
3540,Tapirus terrestris,Tapirus terrestris,Tapirus terrestris,Pecari tajacu,Tapirus terrestris,Tapirus terrestris,Pecari tajacu,Dasyprocta azarae,Tapirus terrestris,Tapirus terrestris,Tapirus terrestris,Tapirus terrestris,Tapirus,Tapiridae,4,Alto
3541,Tapirus terrestris,Herpailurus yagouaroundi,Tapirus terrestris,Herpailurus yagouaroundi,Sus scrofa,Herpailurus yagouaroundi,Sus scrofa,Pecari tajacu,Tapirus terrestris,Tapirus terrestris,Tapirus terrestris,Herpailurus yagouaroundi,Tapirus,Tapiridae,4,Alto
3542,Tapirus terrestris,Tapirus terrestris,Tapirus terrestris terrestris,Tapirus terrestris,Tapirus terrestris,Tapirus terrestris,Hydrochoerus hydrochaeris,Pecari tajacu,Tapirus terrestris terrestris,Tapirus terrestris terrestris,Tapirus terrestris terrestris,Tapirus terrestris,Tapirus,Tapiridae,4,Alto
3544,Tapirus terrestris,Herpailurus yagouaroundi,Sapajus nigritus,Dasyprocta azarae,Alouatta guariba,Subulo gouazoubira,Sapajus nigritus,Nasua nasua,Sapajus nigritus,Sapajus nigritus,Sapajus nigritus,Herpailurus yagouaroundi,Tapirus,Tapiridae,4,Alto
3545,Tapirus terrestris,Puma concolor,Didelphis aurita,Didelphis aurita,Didelphis aurita,Subulo gouazoubira,Didelphis albiventris,Nyctidromus albicollis,Didelphis aurita,Didelphis aurita,Didelphis aurita,Puma concolor,Tapirus,Tapiridae,4,Alto
3546,Tapirus terrestris,Sus scrofa,Pecari tajacu,Sus scrofa,Pecari tajacu,Sus scrofa,Sus scrofa,Sus scrofa,Pecari tajacu,Pecari tajacu,Pecari tajacu,Sus scrofa,Tapirus,Tapiridae,4,Alto
3547,Tapirus terrestris,Pecari tajacu,Pecari tajacu,Pecari tajacu,Pecari tajacu,Pecari tajacu,Pecari tajacu,Pecari tajacu,Pecari tajacu,Pecari tajacu,Pecari tajacu,Pecari tajacu,Tapirus,Tapiridae,4,Alto
3548,Tapirus terrestris,Sus scrofa,Sus scrofa,Sus scrofa,Sus scrofa,Sus scrofa,Sus scrofa,Sus scrofa,Sus scrofa,Sus scrofa,Sus scrofa,Sus scrofa,Tapirus,Tapiridae,4,Alto
3550,Tapirus terrestris,Hydrochoerus hydrochaeris,Pecari tajacu,Hydrochoerus hydrochaeris,Dasyprocta azarae,Hydrochoerus hydrochaeris,Hydrochoerus hydrochaeris,Dasyprocta azarae,Pecari tajacu,Pecari tajacu,Pecari tajacu,Hydrochoerus hydrochaeris,Tapirus,Tapiridae,4,Alto
3552,Tapirus terrestris,Puma concolor,Tapirus terrestris,Didelphis aurita,Alouatta guariba,Amazona vinacea,Didelphis albiventris,Amazona aestiva,Tapirus terrestris,Tapirus terrestris,Tapirus terrestris,Puma concolor,Tapirus,Tapiridae,4,Alto
3554,Tapirus terrestris,Tapirus terrestris,Tapirus terrestris,Tapirus terrestris,Tapirus terrestris,Tapirus terrestris,Nasua nasua,Nasua nasua,Tapirus terrestris,Tapirus terrestris,Tapirus terrestris,Tapirus terrestris,Tapirus,Tapiridae,4,Alto
3556,Tapirus terrestris terrestris,Tapirus terrestris,Tapirus terrestris,Tapirus terrestris,Tapirus terrestris,Tapirus terrestris,Pecari tajacu,Pecari tajacu,Tapirus terrestris,Tapirus terrestris,Tapirus terrestris,Tapirus terrestris,Tapirus,Tapiridae,4,Alto
3559,Pecari tajacu,Tayassu pecari,Dasyprocta azarae,Crypturellus obsoletus,Crypturellus obsoletus,Pecari tajacu,Dasyprocta azarae,Dasyprocta azarae,Dasyprocta azarae,Dasyprocta azarae,Dasyprocta azarae,Tayassu pecari,Pecari,Tayassuidae,3,Medio
3561,Pecari tajacu,Cuniculus paca,Dasyprocta azarae,Dasyprocta azarae,Dasyprocta azarae,Sus scrofa,Dasyprocta azarae,Galictis cuja,Dasyprocta azarae,Dasyprocta azarae,Dasyprocta azarae,Cuniculus paca,Pecari,Tayassuidae,3,Medio
3563,Pecari tajacu,Pecari tajacu,Pecari tajacu,Pecari tajacu,Pecari tajacu,Pecari tajacu,Pecari tajacu,Pecari tajacu,Pecari tajacu,Pecari tajacu,Pecari tajacu,Pecari tajacu,Pecari,Tayassuidae,3,Medio
3564,Pecari tajacu,Pecari tajacu,Pecari tajacu,Pecari tajacu,Pecari tajacu,Pecari tajacu,Pecari tajacu,Pecari tajacu,Pecari tajacu,Pecari tajacu,Pecari tajacu,Pecari tajacu,Pecari,Tayassuidae,3,Medio
3565,Pecari tajacu,Tayassu pecari,Tayassu pecari,Pecari tajacu,Pecari tajacu,Pecari tajacu,Pecari tajacu,Pecari tajacu,Tayassu pecari,Tayassu pecari,Tayassu pecari,Tayassu pecari,Pecari,Tayassuidae,3,Medio
3566,Pecari tajacu,Sus scrofa,Sus scrofa,Sus scrofa,Sus scrofa,Sus scrofa,Sus scrofa,Sus scrofa,Sus scrofa,Sus scrofa,Sus scrofa,Sus scrofa,Pecari,Tayassuidae,3,Medio
3567,Pecari tajacu,Pecari tajacu,Pecari tajacu,Pecari tajacu,Pecari tajacu,Pecari tajacu,Pecari tajacu,Sus scrofa,Pecari tajacu,Pecari tajacu,Pecari tajacu,Pecari tajacu,Pecari,Tayassuidae,3,Medio
3568,Pecari tajacu,Pecari tajacu,Pecari tajacu,Pecari tajacu,Pecari tajacu,Pecari tajacu,Pecari tajacu,Pecari tajacu,Pecari tajacu,Pecari tajacu,Pecari tajacu,Pecari tajacu,Pecari,Tayassuidae,3,Medio
3569,Pecari tajacu,Pecari tajacu,Pecari tajacu,Pecari tajacu,Pecari tajacu,Pecari tajacu,Pecari tajacu,Pecari tajacu,Pecari tajacu,Pecari tajacu,Pecari tajacu,Pecari tajacu,Pecari,Tayassuidae,3,Medio
3570,Pecari tajacu,Pecari tajacu,Pecari tajacu,Pecari tajacu,Pecari tajacu,Pecari tajacu,Pecari tajacu,Pecari tajacu,Pecari tajacu,Pecari tajacu,Pecari tajacu,Pecari tajacu,Pecari,Tayassuidae,3,Medio
3571,Pecari tajacu,Pecari tajacu,Sus scrofa,Pecari tajacu,Sus scrofa,Pecari tajacu,Pecari tajacu,Pecari tajacu,Sus scrofa,Sus scrofa,Sus scrofa,Pecari tajacu,Pecari,Tayassuidae,3,Medio
3572,Pecari tajacu,Pecari tajacu,Pecari tajacu,Pecari tajacu,Pecari tajacu,Pecari tajacu,Pecari tajacu,Pecari tajacu,Pecari tajacu,Pecari tajacu,Pecari tajacu,Pecari tajacu,Pecari,Tayassuidae,3,Medio
3573,Pecari tajacu,Sus scrofa domesticus,Sus scrofa domesticus,Pecari tajacu,Pecari tajacu,Pecari tajacu,Pecari tajacu,Sus scrofa,Sus scrofa domesticus,Sus scrofa domesticus,Sus scrofa domesticus,Sus scrofa domesticus,Pecari,Tayassuidae,3,Medio
3574,Pecari tajacu,Dasyprocta azarae,Sylvilagus brasiliensis,Dasyprocta azarae,Sylvilagus brasiliensis,Sylvilagus brasiliensis,Dasyprocta azarae,Pecari tajacu,Sylvilagus brasiliensis,Sylvilagus brasiliensis,Sylvilagus brasiliensis,Dasyprocta azarae,Pecari,Tayassuidae,3,Medio
3575,Pecari tajacu,Pecari tajacu,Pecari tajacu,Pecari tajacu,Pecari tajacu,Pecari tajacu,Pecari tajacu,Pecari tajacu,Pecari tajacu,Pecari tajacu,Pecari tajacu,Pecari tajacu,Pecari,Tayassuidae,3,Medio
3576,Pecari tajacu,Pecari tajacu,Pecari tajacu,Pecari tajacu,Pecari tajacu,Pecari tajacu,Pecari tajacu,Pecari tajacu,Pecari tajacu,Pecari tajacu,Pecari tajacu,Pecari tajacu,Pecari,Tayassuidae,3,Medio
3577,Pecari tajacu,Pecari tajacu,Pecari tajacu,Pecari tajacu,Pecari tajacu,Pecari tajacu,Pecari tajacu,Pecari tajacu,Pecari tajacu,Pecari tajacu,Pecari tajacu,Pecari tajacu,Pecari,Tayassuidae,3,Medio
3578,Pecari tajacu,Sus scrofa,Hydrochoerus hydrochaeris,Sus scrofa,Sus scrofa,Sus scrofa,Sus scrofa,Sus scrofa,Hydrochoerus hydrochaeris,Hydrochoerus hydrochaeris,Hydrochoerus hydrochaeris,Sus scrofa,Pecari,Tayassuidae,3,Medio
3579,Pecari tajacu,Sus scrofa,Lepus europaeus,Lepus europaeus,Didelphis aurita,Sus scrofa,Sus scrofa,Sus scrofa,Lepus europaeus,Lepus europaeus,Lepus europaeus,Sus scrofa,Pecari,Tayassuidae,3,Medio
3580,Pecari tajacu,Cuniculus paca,Cuniculus paca,Cuniculus paca,Cabassous tatouay,Cuniculus paca,Cerdocyon thous,Cerdocyon thous,Cuniculus paca,Cuniculus paca,Cuniculus paca,Cuniculus paca,Pecari,Tayassuidae,3,Medio
3581,Pecari tajacu,Pecari tajacu,Pecari tajacu,Pecari tajacu,Pecari tajacu,Pecari tajacu,Pecari tajacu,Pecari tajacu,Pecari tajacu,Pecari tajacu,Pecari tajacu,Pecari tajacu,Pecari,Tayassuidae,3,Medio
3582,Pecari tajacu,Pecari tajacu,Pecari tajacu,Pecari tajacu,Pecari tajacu,Pecari tajacu,Pecari tajacu,Pecari tajacu,Pecari tajacu,Pecari tajacu,Pecari tajacu,Pecari tajacu,Pecari,Tayassuidae,3,Medio
3586,Pecari tajacu,Pecari tajacu,Pecari tajacu,Pecari tajacu,Pecari tajacu,Pecari tajacu,Pecari tajacu,Pecari tajacu,Pecari tajacu,Pecari tajacu,Pecari tajacu,Pecari tajacu,Pecari,Tayassuidae,3,Medio
3587,Pecari tajacu,Pecari tajacu,Pecari tajacu,Pecari tajacu,Pecari tajacu,Pecari tajacu,Pecari tajacu,Pecari tajacu,Pecari tajacu,Pecari tajacu,Pecari tajacu,Pecari tajacu,Pecari,Tayassuidae,3,Medio
3589,Pecari tajacu,Pecari tajacu,Pecari tajacu,Pecari tajacu,Pecari tajacu,Pecari tajacu,Pecari tajacu,Pecari tajacu,Pecari tajacu,Pecari tajacu,Pecari tajacu,Pecari tajacu,Pecari,Tayassuidae,3,Medio
3590,Pecari tajacu,Pecari tajacu,Pecari tajacu,Pecari tajacu,Pecari tajacu,Pecari tajacu,Pecari tajacu,Pecari tajacu,Pecari tajacu,Pecari tajacu,Pecari tajacu,Pecari tajacu,Pecari,Tayassuidae,3,Medio
3591,Pecari tajacu,Pecari tajacu,Pecari tajacu,Pecari tajacu,Pecari tajacu,Pecari tajacu,Pecari tajacu,Pecari tajacu,Pecari tajacu,Pecari tajacu,Pecari tajacu,Pecari tajacu,Pecari,Tayassuidae,3,Medio
3592,Pecari tajacu,Pecari tajacu,Pecari tajacu,Pecari tajacu,Pecari tajacu,Pecari tajacu,Pecari tajacu,Pecari tajacu,Pecari tajacu,Pecari tajacu,Pecari tajacu,Pecari tajacu,Pecari,Tayassuidae,3,Medio
3593,Pecari tajacu,Tayassu pecari,Pecari tajacu,Crypturellus obsoletus,Crypturellus obsoletus,Pecari tajacu,Dasyprocta azarae,Eira barbara,Pecari tajacu,Pecari tajacu,Pecari tajacu,Tayassu pecari,Pecari,Tayassuidae,3,Medio
3594,Pecari tajacu,Pecari tajacu,Pecari tajacu,Pecari tajacu,Pecari tajacu,Pecari tajacu,Pecari tajacu,Pecari tajacu,Pecari tajacu,Pecari tajacu,Pecari tajacu,Pecari tajacu,Pecari,Tayassuidae,3,Medio
3595,Pecari tajacu,Sus scrofa,Sus scrofa,Sus scrofa,Sus scrofa,Sus scrofa,Sus scrofa,Pecari tajacu,Sus scrofa,Sus scrofa,Sus scrofa,Sus scrofa,Pecari,Tayassuidae,3,Medio
3596,Pecari tajacu,Pecari tajacu,Pecari tajacu,Pecari tajacu,Pecari tajacu,Pecari tajacu,Pecari tajacu,Pecari tajacu,Pecari tajacu,Pecari tajacu,Pecari tajacu,Pecari tajacu,Pecari,Tayassuidae,3,Medio
3597,Pecari tajacu,Pecari tajacu,Pecari tajacu,Pecari tajacu,Pecari tajacu,Pecari tajacu,Pecari tajacu,Pecari tajacu,Pecari tajacu,Pecari tajacu,Pecari tajacu,Pecari tajacu,Pecari,Tayassuidae,3,Medio
3598,Pecari tajacu,Pecari tajacu,Pecari tajacu,Pecari tajacu,Pecari tajacu,Pecari tajacu,Pecari tajacu,Pecari tajacu,Pecari tajacu,Pecari tajacu,Pecari tajacu,Pecari tajacu,Pecari,Tayassuidae,3,Medio
3600,Pecari tajacu,Cuniculus paca,Dasyprocta azarae,Crypturellus tataupa,Crypturellus tataupa,Pecari tajacu,Dasyprocta azarae,Leopardus guttulus,Dasyprocta azarae,Dasyprocta azarae,Dasyprocta azarae,Cuniculus paca,Pecari,Tayassuidae,3,Medio
3601,Pecari tajacu,Puma concolor,Puma concolor,Penelope superciliaris,Cyanocorax chrysops,Puma concolor,Dasyprocta azarae,Dasyprocta azarae,Puma concolor,Puma concolor,Puma concolor,Puma concolor,Pecari,Tayassuidae,3,Medio
3602,Pecari tajacu,Pecari tajacu,Pecari tajacu,Pecari tajacu,Pecari tajacu,Pecari tajacu,Pecari tajacu,Pecari tajacu,Pecari tajacu,Pecari tajacu,Pecari tajacu,Pecari tajacu,Pecari,Tayassuidae,3,Medio
3603,Pecari tajacu,Pecari tajacu,Pecari tajacu,Pecari tajacu,Pecari tajacu,Pecari tajacu,Pecari tajacu,Pecari tajacu,Pecari tajacu,Pecari tajacu,Pecari tajacu,Pecari tajacu,Pecari,Tayassuidae,3,Medio
3604,Pecari tajacu,Pecari tajacu,Pecari tajacu,Pecari tajacu,Pecari tajacu,Pecari tajacu,Pecari tajacu,Pecari tajacu,Pecari tajacu,Pecari tajacu,Pecari tajacu,Pecari tajacu,Pecari,Tayassuidae,3,Medio
3606,Pecari tajacu,Pecari tajacu,Pecari tajacu,Pecari tajacu,Pecari tajacu,Pecari tajacu,Pecari tajacu,Pecari tajacu,Pecari tajacu,Pecari tajacu,Pecari tajacu,Pecari tajacu,Pecari,Tayassuidae,3,Medio
3607,Pecari tajacu,Pecari tajacu,Pecari tajacu,Pecari tajacu,Pecari tajacu,Pecari tajacu,Pecari tajacu,Pecari tajacu,Pecari tajacu,Pecari tajacu,Pecari tajacu,Pecari tajacu,Pecari,Tayassuidae,3,Medio
3608,Pecari tajacu,Pecari tajacu,Pecari tajacu,Pecari tajacu,Pecari tajacu,Pecari tajacu,Pecari tajacu,Pecari tajacu,Pecari tajacu,Pecari tajacu,Pecari tajacu,Pecari tajacu,Pecari,Tayassuidae,3,Medio
3609,Pecari tajacu,Pecari tajacu,Pecari tajacu,Pecari tajacu,Pecari tajacu,Pecari tajacu,Pecari tajacu,Pecari tajacu,Pecari tajacu,Pecari tajacu,Pecari tajacu,Pecari tajacu,Pecari,Tayassuidae,3,Medio
3610,Pecari tajacu,Sus scrofa,Sus scrofa,Sus scrofa,Sus scrofa,Sus scrofa,Sus scrofa,Sus scrofa,Sus scrofa,Sus scrofa,Sus scrofa,Sus scrofa,Pecari,Tayassuidae,3,Medio
3611,Pecari tajacu,Pecari tajacu,Pecari tajacu,Pecari tajacu,Pecari tajacu,Pecari tajacu,Pecari tajacu,Pecari tajacu,Pecari tajacu,Pecari tajacu,Pecari tajacu,Pecari tajacu,Pecari,Tayassuidae,3,Medio
3612,Pecari tajacu,Hydrochoerus hydrochaeris,Pecari tajacu,Pecari tajacu,Pecari tajacu,Pecari tajacu,Hydrochoerus hydrochaeris,Hydrochoerus hydrochaeris,Pecari tajacu,Pecari tajacu,Pecari tajacu,Hydrochoerus hydrochaeris,Pecari,Tayassuidae,3,Medio
3613,Pecari tajacu,Pecari tajacu,Pecari tajacu,Pecari tajacu,Pecari tajacu,Pecari tajacu,Pecari tajacu,Pecari tajacu,Pecari tajacu,Pecari tajacu,Pecari tajacu,Pecari tajacu,Pecari,Tayassuidae,3,Medio
3614,Pecari tajacu,Pecari tajacu,Pecari tajacu,Pecari tajacu,Pecari tajacu,Pecari tajacu,Pecari tajacu,Pecari tajacu,Pecari tajacu,Pecari tajacu,Pecari tajacu,Pecari tajacu,Pecari,Tayassuidae,3,Medio
3615,Pecari tajacu,Pecari tajacu,Pecari tajacu,Pecari tajacu,Pecari tajacu,Pecari tajacu,Pecari tajacu,Pecari tajacu,Pecari tajacu,Pecari tajacu,Pecari tajacu,Pecari tajacu,Pecari,Tayassuidae,3,Medio
3616,Pecari tajacu,Tayassu pecari,Dasyprocta azarae,Aramides saracura,Aramides saracura,Dasyprocta azarae,Dasyprocta azarae,Dasyprocta azarae,Dasyprocta azarae,Dasyprocta azarae,Dasyprocta azarae,Tayassu pecari,Pecari,Tayassuidae,3,Medio
3617,Pecari tajacu,Tayassu pecari,Pecari tajacu,Pecari tajacu,Crypturellus tataupa,Pecari tajacu,Pecari tajacu,Pecari tajacu,Pecari tajacu,Pecari tajacu,Pecari tajacu,Tayassu pecari,Pecari,Tayassuidae,3,Medio
3619,Pecari tajacu,Sus scrofa,Pecari tajacu,Pecari tajacu,Pecari tajacu,Pecari tajacu,Sus scrofa,Pecari tajacu,Pecari tajacu,Pecari tajacu,Pecari tajacu,Sus scrofa,Pecari,Tayassuidae,3,Medio
3621,Pecari tajacu,Pecari tajacu,Pecari tajacu,Pecari tajacu,Pecari tajacu,Pecari tajacu,Pecari tajacu,Pecari tajacu,Pecari tajacu,Pecari tajacu,Pecari tajacu,Pecari tajacu,Pecari,Tayassuidae,3,Medio
3624,Pecari tajacu,Pecari tajacu,Pecari tajacu,Pecari tajacu,Pecari tajacu,Pecari tajacu,Pecari tajacu,Pecari tajacu,Pecari tajacu,Pecari tajacu,Pecari tajacu,Pecari tajacu,Pecari,Tayassuidae,3,Medio
3625,Pecari tajacu,Pecari tajacu,Pecari tajacu,Pecari tajacu,Pecari tajacu,Pecari tajacu,Pecari tajacu,Pecari tajacu,Pecari tajacu,Pecari tajacu,Pecari tajacu,Pecari tajacu,Pecari,Tayassuidae,3,Medio
3626,Tayassu pecari,Sus scrofa,Pecari tajacu,Sus scrofa,Sus scrofa,Pecari tajacu,Sus scrofa,Pecari tajacu,Pecari tajacu,Pecari tajacu,Pecari tajacu,Sus scrofa,Tayassu,Tayassuidae,4,Alto
3627,Tayassu pecari,Pecari tajacu,Pecari tajacu,Pecari tajacu,Pecari tajacu,Pecari tajacu,Pecari tajacu,Pecari tajacu,Pecari tajacu,Pecari tajacu,Pecari tajacu,Pecari tajacu,Tayassu,Tayassuidae,4,Alto
3628,Tayassu pecari,Pecari tajacu,Pecari tajacu,Pecari tajacu,Pecari tajacu,Pecari tajacu,Pecari tajacu,Pecari tajacu,Pecari tajacu,Pecari tajacu,Pecari tajacu,Pecari tajacu,Tayassu,Tayassuidae,4,Alto
3629,Tayassu pecari,Sus scrofa,Mazama nanus,Mazama nanus,Pecari tajacu,Subulo gouazoubira,Sus scrofa,Subulo gouazoubira,Mazama nanus,Mazama nanus,Mazama nanus,Sus scrofa,Tayassu,Tayassuidae,4,Alto
3630,Tayassu pecari,Pecari tajacu,Sus scrofa,Pecari tajacu,Pecari tajacu,Pecari tajacu,Pecari tajacu,Sus scrofa,Sus scrofa,Sus scrofa,Sus scrofa,Pecari tajacu,Tayassu,Tayassuidae,4,Alto
3631,Tayassu pecari,Tayassu pecari,Pecari tajacu,Eira barbara,Eira barbara,Pecari tajacu,Pecari tajacu,Sus scrofa,Pecari tajacu,Pecari tajacu,Pecari tajacu,Tayassu pecari,Tayassu,Tayassuidae,4,Alto
3632,Tayassu pecari,Procyon cancrivorus,Sus scrofa,Cuniculus paca,Procyon cancrivorus,Sus scrofa,Cerdocyon thous,Cerdocyon thous,Sus scrofa,Sus scrofa,Sus scrofa,Procyon cancrivorus,Tayassu,Tayassuidae,4,Alto
3633,Tayassu pecari,Tayassu pecari,Sus scrofa,Pecari tajacu,Pecari tajacu,Sus scrofa,Sus scrofa,Sus scrofa,Sus scrofa,Sus scrofa,Sus scrofa,Tayassu pecari,Tayassu,Tayassuidae,4,Alto
3634,Tayassu pecari,Pecari tajacu,Pecari tajacu,Pecari tajacu,Pecari tajacu,Pecari tajacu,Pecari tajacu,Pecari tajacu,Pecari tajacu,Pecari tajacu,Pecari tajacu,Pecari tajacu,Tayassu,Tayassuidae,4,Alto
3635,Tayassu pecari,Cuniculus paca,Pecari tajacu,Pecari tajacu,Cabassous tatouay,Pecari tajacu,Pecari tajacu,Pecari tajacu,Pecari tajacu,Pecari tajacu,Pecari tajacu,Cuniculus paca,Tayassu,Tayassuidae,4,Alto
3637,Tayassu pecari,Sus scrofa,Sus scrofa,Pecari tajacu,Sus scrofa,Sus scrofa,Sus scrofa,Sus scrofa,Sus scrofa,Sus scrofa,Sus scrofa,Sus scrofa,Tayassu,Tayassuidae,4,Alto
3639,Tayassu pecari,Tayassu pecari,Pecari tajacu,Pecari tajacu,Pecari tajacu,Pecari tajacu,Pecari tajacu,Sus scrofa,Pecari tajacu,Pecari tajacu,Pecari tajacu,Tayassu pecari,Tayassu,Tayassuidae,4,Alto
3641,Tayassu pecari,Tayassu pecari,Tayassu pecari,Pecari tajacu,Pecari tajacu,Pecari tajacu,Pecari tajacu,Tayassu pecari,Tayassu pecari,Tayassu pecari,Tayassu pecari,Tayassu pecari,Tayassu,Tayassuidae,4,Alto
3642,Tayassu pecari,Tayassu pecari,Tayassu pecari,Pecari tajacu,Pecari tajacu,Tayassu pecari,Pecari tajacu,Tayassu pecari,Tayassu pecari,Tayassu pecari,Tayassu pecari,Tayassu pecari,Tayassu,Tayassuidae,4,Alto
3643,Tayassu pecari,Tayassu pecari,Tayassu pecari,Pecari tajacu,Pecari tajacu,Pecari tajacu,Pecari tajacu,Pecari tajacu,Tayassu pecari,Tayassu pecari,Tayassu pecari,Tayassu pecari,Tayassu,Tayassuidae,4,Alto
3644,Salvator merianae,Salvator merianae,Salvator merianae,Salvator merianae,Salvator merianae,Salvator merianae,Salvator merianae,Salvator merianae,Salvator merianae,Salvator merianae,Salvator merianae,Salvator merianae,Salvator,Teiidae,1,Bajo
3645,Salvator merianae,Salvator merianae,Salvator merianae,Salvator merianae,Salvator merianae,Salvator merianae,Salvator merianae,Salvator merianae,Salvator merianae,Salvator merianae,Salvator merianae,Salvator merianae,Salvator,Teiidae,1,Bajo
3646,Salvator merianae,Salvator merianae,Salvator merianae,Salvator merianae,Salvator merianae,Salvator merianae,Salvator merianae,Salvator merianae,Salvator merianae,Salvator merianae,Salvator merianae,Salvator merianae,Salvator,Teiidae,1,Bajo
3647,Salvator merianae,Salvator merianae,Salvator merianae,Salvator merianae,Salvator merianae,Salvator merianae,Salvator merianae,Salvator merianae,Salvator merianae,Salvator merianae,Salvator merianae,Salvator merianae,Salvator,Teiidae,1,Bajo
3650,Salvator merianae,Salvator merianae,Salvator merianae,Salvator merianae,Salvator merianae,Salvator merianae,Salvator merianae,Salvator merianae,Salvator merianae,Salvator merianae,Salvator merianae,Salvator merianae,Salvator,Teiidae,1,Bajo
3651,Salvator merianae,Salvator merianae,Salvator merianae,Salvator merianae,Salvator merianae,Salvator merianae,Salvator merianae,Salvator merianae,Salvator merianae,Salvator merianae,Salvator merianae,Salvator merianae,Salvator,Teiidae,1,Bajo
3655,Salvator merianae,Salvator merianae,Salvator merianae,Salvator merianae,Salvator merianae,Salvator merianae,Salvator merianae,Salvator merianae,Salvator merianae,Salvator merianae,Salvator merianae,Salvator merianae,Salvator,Teiidae,1,Bajo
3656,Salvator merianae,Salvator merianae,Salvator merianae,Salvator merianae,Salvator merianae,Salvator merianae,Salvator merianae,Salvator merianae,Salvator merianae,Salvator merianae,Salvator merianae,Salvator merianae,Salvator,Teiidae,1,Bajo
3657,Salvator merianae,Salvator merianae,Turdus rufiventris,Amazona vinacea,Amazona vinacea,Salvator merianae,Salvator merianae,Didelphis albiventris,Turdus rufiventris,Turdus rufiventris,Turdus rufiventris,Salvator merianae,Salvator,Teiidae,1,Bajo
3658,Salvator merianae,Salvator merianae,Salvator merianae,Salvator merianae,Salvator merianae,Salvator merianae,Salvator merianae,Salvator merianae,Salvator merianae,Salvator merianae,Salvator merianae,Salvator merianae,Salvator,Teiidae,1,Bajo
3659,Salvator merianae,Salvator merianae,Salvator merianae,Salvator merianae,Salvator merianae,Salvator merianae,Salvator merianae,Salvator merianae,Salvator merianae,Salvator merianae,Salvator merianae,Salvator merianae,Salvator,Teiidae,1,Bajo
3660,Salvator merianae,Salvator merianae,Salvator merianae,Salvator merianae,Salvator merianae,Salvator merianae,Salvator merianae,Salvator merianae,Salvator merianae,Salvator merianae,Salvator merianae,Salvator merianae,Salvator,Teiidae,1,Bajo
3661,Salvator merianae,Salvator merianae,Salvator merianae,Salvator merianae,Salvator merianae,Salvator merianae,Salvator merianae,Salvator merianae,Salvator merianae,Salvator merianae,Salvator merianae,Salvator merianae,Salvator,Teiidae,1,Bajo
3662,Salvator merianae,Salvator merianae,Salvator merianae,Salvator merianae,Salvator merianae,Salvator merianae,Salvator merianae,Salvator merianae,Salvator merianae,Salvator merianae,Salvator merianae,Salvator merianae,Salvator,Teiidae,1,Bajo
3663,Salvator merianae,Salvator merianae,Salvator merianae,Salvator merianae,Salvator merianae,Salvator merianae,Salvator merianae,Salvator merianae,Salvator merianae,Salvator merianae,Salvator merianae,Salvator merianae,Salvator,Teiidae,1,Bajo
3664,Salvator merianae,Salvator merianae,Salvator merianae,Salvator merianae,Salvator merianae,Salvator merianae,Salvator merianae,Salvator merianae,Salvator merianae,Salvator merianae,Salvator merianae,Salvator merianae,Salvator,Teiidae,1,Bajo
3665,Salvator merianae,Salvator merianae,Salvator merianae,Salvator merianae,Salvator merianae,Salvator merianae,Salvator merianae,Salvator merianae,Salvator merianae,Salvator merianae,Salvator merianae,Salvator merianae,Salvator,Teiidae,1,Bajo
3666,Salvator merianae,Salvator merianae,Salvator merianae,Salvator merianae,Salvator merianae,Salvator merianae,Salvator merianae,Salvator merianae,Salvator merianae,Salvator merianae,Salvator merianae,Salvator merianae,Salvator,Teiidae,1,Bajo
3667,Salvator merianae,Salvator merianae,Salvator merianae,Salvator merianae,Salvator merianae,Salvator merianae,Salvator merianae,Salvator merianae,Salvator merianae,Salvator merianae,Salvator merianae,Salvator merianae,Salvator,Teiidae,1,Bajo
3668,Salvator merianae,Salvator merianae,Salvator merianae,Salvator merianae,Salvator merianae,Salvator merianae,Salvator merianae,Salvator merianae,Salvator merianae,Salvator merianae,Salvator merianae,Salvator merianae,Salvator,Teiidae,1,Bajo
3669,Salvator merianae,Salvator merianae,Salvator merianae,Salvator merianae,Salvator merianae,Salvator merianae,Salvator merianae,Salvator merianae,Salvator merianae,Salvator merianae,Salvator merianae,Salvator merianae,Salvator,Teiidae,1,Bajo
3670,Salvator merianae,Salvator merianae,Salvator merianae,Salvator merianae,Salvator merianae,Salvator merianae,Salvator merianae,Salvator merianae,Salvator merianae,Salvator merianae,Salvator merianae,Salvator merianae,Salvator,Teiidae,1,Bajo
3671,Salvator merianae,Salvator merianae,Salvator merianae,Salvator merianae,Salvator merianae,Salvator merianae,Salvator merianae,Salvator merianae,Salvator merianae,Salvator merianae,Salvator merianae,Salvator merianae,Salvator,Teiidae,1,Bajo
3672,Salvator merianae,Salvator merianae,Salvator merianae,Salvator merianae,Salvator merianae,Salvator merianae,Salvator merianae,Salvator merianae,Salvator merianae,Salvator merianae,Salvator merianae,Salvator merianae,Salvator,Teiidae,1,Bajo
3673,Salvator merianae,Salvator merianae,Salvator merianae,Salvator merianae,Salvator merianae,Salvator merianae,Salvator merianae,Salvator merianae,Salvator merianae,Salvator merianae,Salvator merianae,Salvator merianae,Salvator,Teiidae,1,Bajo
3674,Salvator merianae,Salvator merianae,Salvator merianae,Salvator merianae,Salvator merianae,Salvator merianae,Salvator merianae,Salvator merianae,Salvator merianae,Salvator merianae,Salvator merianae,Salvator merianae,Salvator,Teiidae,1,Bajo
3675,Salvator merianae,Salvator merianae,Salvator merianae,Salvator merianae,Salvator merianae,Salvator merianae,Salvator merianae,Salvator merianae,Salvator merianae,Salvator merianae,Salvator merianae,Salvator merianae,Salvator,Teiidae,1,Bajo
3676,Salvator merianae,Salvator merianae,Salvator merianae,Salvator merianae,Salvator merianae,Salvator merianae,Salvator merianae,Salvator merianae,Salvator merianae,Salvator merianae,Salvator merianae,Salvator merianae,Salvator,Teiidae,1,Bajo
3678,Salvator merianae,Dasypus novemcinctus,Salvator merianae,Salvator merianae,Salvator merianae,Dasypus novemcinctus,Salvator merianae,Salvator merianae,Salvator merianae,Salvator merianae,Salvator merianae,Dasypus novemcinctus,Salvator,Teiidae,1,Bajo
3679,Salvator merianae,Salvator merianae,Salvator merianae,Salvator merianae,Salvator merianae,Salvator merianae,Salvator merianae,Salvator merianae,Salvator merianae,Salvator merianae,Salvator merianae,Salvator merianae,Salvator,Teiidae,1,Bajo
3681,Salvator merianae,Salvator merianae,Salvator merianae,Salvator merianae,Salvator merianae,Salvator merianae,Salvator merianae,Salvator merianae,Salvator merianae,Salvator merianae,Salvator merianae,Salvator merianae,Salvator,Teiidae,1,Bajo
3682,Salvator merianae,Salvator merianae,Salvator merianae,Salvator merianae,Salvator merianae,Salvator merianae,Salvator merianae,Salvator merianae,Salvator merianae,Salvator merianae,Salvator merianae,Salvator merianae,Salvator,Teiidae,1,Bajo
3683,Salvator merianae,Salvator merianae,Salvator merianae,Salvator merianae,Salvator merianae,Salvator merianae,Salvator merianae,Salvator merianae,Salvator merianae,Salvator merianae,Salvator merianae,Salvator merianae,Salvator,Teiidae,1,Bajo
3684,Salvator merianae,Salvator merianae,Salvator merianae,Euphractus sexcinctus,Salvator merianae,Salvator merianae,Salvator merianae,Salvator merianae,Salvator merianae,Salvator merianae,Salvator merianae,Salvator merianae,Salvator,Teiidae,1,Bajo
3686,Salvator merianae,Salvator merianae,Salvator merianae,Salvator merianae,Salvator merianae,Salvator merianae,Salvator merianae,Salvator merianae,Salvator merianae,Salvator merianae,Salvator merianae,Salvator merianae,Salvator,Teiidae,1,Bajo
3687,Salvator merianae,Salvator merianae,Salvator merianae,Salvator merianae,Salvator merianae,Salvator merianae,Salvator merianae,Salvator merianae,Salvator merianae,Salvator merianae,Salvator merianae,Salvator merianae,Salvator,Teiidae,1,Bajo
3688,Salvator merianae,Salvator merianae,Salvator merianae,Salvator merianae,Salvator merianae,Salvator merianae,Salvator merianae,Salvator merianae,Salvator merianae,Salvator merianae,Salvator merianae,Salvator merianae,Salvator,Teiidae,1,Bajo
3690,Salvator merianae,Salvator merianae,Nyctidromus albicollis,Nyctidromus albicollis,Nyctidromus albicollis,Salvator merianae,Salvator merianae,Nyctidromus albicollis,Nyctidromus albicollis,Nyctidromus albicollis,Nyctidromus albicollis,Salvator merianae,Salvator,Teiidae,1,Bajo
3692,Salvator merianae,Salvator merianae,Salvator merianae,Salvator merianae,Salvator merianae,Salvator merianae,Salvator merianae,Salvator merianae,Salvator merianae,Salvator merianae,Salvator merianae,Salvator merianae,Salvator,Teiidae,1,Bajo
3694,Salvator merianae,Salvator merianae,Salvator merianae,Salvator merianae,Salvator merianae,Salvator merianae,Salvator merianae,Salvator merianae,Salvator merianae,Salvator merianae,Salvator merianae,Salvator merianae,Salvator,Teiidae,1,Bajo
3695,Salvator merianae,Hydrochoerus hydrochaeris,Salvator merianae,Pecari tajacu,Turdus rufiventris,Turdus rufiventris,Dasyprocta azarae,Salvator merianae,Salvator merianae,Salvator merianae,Salvator merianae,Hydrochoerus hydrochaeris,Salvator,Teiidae,1,Bajo
3696,Salvator merianae,Salvator merianae,Salvator merianae,Salvator merianae,Salvator merianae,Salvator merianae,Salvator merianae,Salvator merianae,Salvator merianae,Salvator merianae,Salvator merianae,Salvator merianae,Salvator,Teiidae,1,Bajo
3697,Salvator merianae,Salvator merianae,Tayassu pecari,Dasypus novemcinctus,Dasypus novemcinctus,Salvator merianae,Salvator merianae,Dasypus novemcinctus,Tayassu pecari,Tayassu pecari,Tayassu pecari,Salvator merianae,Salvator,Teiidae,1,Bajo
3698,Salvator merianae,Salvator merianae,Salvator merianae,Salvator merianae,Salvator merianae,Salvator merianae,Salvator merianae,Salvator merianae,Salvator merianae,Salvator merianae,Salvator merianae,Salvator merianae,Salvator,Teiidae,1,Bajo
3700,Salvator merianae,Salvator merianae,Salvator merianae,Salvator merianae,Salvator merianae,Salvator merianae,Salvator merianae,Salvator merianae,Salvator merianae,Salvator merianae,Salvator merianae,Salvator merianae,Salvator,Teiidae,1,Bajo
3701,Salvator merianae,Salvator merianae,Salvator merianae,Salvator merianae,Salvator merianae,Salvator merianae,Salvator merianae,Salvator merianae,Salvator merianae,Salvator merianae,Salvator merianae,Salvator merianae,Salvator,Teiidae,1,Bajo
3702,Salvator merianae,Salvator merianae,Salvator merianae,Salvator merianae,Salvator merianae,Salvator merianae,Salvator merianae,Salvator merianae,Salvator merianae,Salvator merianae,Salvator merianae,Salvator merianae,Salvator,Teiidae,1,Bajo
3703,Salvator merianae,Salvator merianae,Salvator merianae,Salvator merianae,Salvator merianae,Salvator merianae,Salvator merianae,Salvator merianae,Salvator merianae,Salvator merianae,Salvator merianae,Salvator merianae,Salvator,Teiidae,1,Bajo
3705,Salvator merianae,Salvator merianae,Salvator merianae,Salvator merianae,Salvator merianae,Salvator merianae,Salvator merianae,Salvator merianae,Salvator merianae,Salvator merianae,Salvator merianae,Salvator merianae,Salvator,Teiidae,1,Bajo
3706,Salvator merianae,Salvator merianae,Salvator merianae,Aramides saracura,Nyctidromus albicollis,Salvator merianae,Salvator merianae,Salvator merianae,Salvator merianae,Salvator merianae,Salvator merianae,Salvator merianae,Salvator,Teiidae,1,Bajo
3707,Salvator merianae,Salvator merianae,Salvator merianae,Salvator merianae,Salvator merianae,Salvator merianae,Salvator merianae,Salvator merianae,Salvator merianae,Salvator merianae,Salvator merianae,Salvator merianae,Salvator,Teiidae,1,Bajo
3708,Salvator merianae,Salvator merianae,Salvator merianae,Salvator merianae,Salvator merianae,Salvator merianae,Salvator merianae,Salvator merianae,Salvator merianae,Salvator merianae,Salvator merianae,Salvator merianae,Salvator,Teiidae,1,Bajo
3709,Salvator merianae,Salvator merianae,Salvator merianae,Salvator merianae,Salvator merianae,Salvator merianae,Salvator merianae,Salvator merianae,Salvator merianae,Salvator merianae,Salvator merianae,Salvator merianae,Salvator,Teiidae,1,Bajo
3710,Salvator merianae,Salvator merianae,Salvator merianae,Salvator merianae,Salvator merianae,Salvator merianae,Salvator merianae,Salvator merianae,Salvator merianae,Salvator merianae,Salvator merianae,Salvator merianae,Salvator,Teiidae,1,Bajo
3711,Salvator merianae,Salvator merianae,Galictis cuja,Galictis cuja,Salvator merianae,Salvator merianae,Salvator merianae,Salvator merianae,Galictis cuja,Galictis cuja,Galictis cuja,Salvator merianae,Salvator,Teiidae,1,Bajo
3712,Salvator merianae,Salvator merianae,Salvator merianae,Salvator merianae,Salvator merianae,Salvator merianae,Salvator merianae,Salvator merianae,Salvator merianae,Salvator merianae,Salvator merianae,Salvator merianae,Salvator,Teiidae,1,Bajo
3713,Biatas nigropectus,Biatas nigropectus,Biatas nigropectus,Biatas nigropectus,Biatas nigropectus,Biatas nigropectus,Biatas nigropectus,Gubernetes yetapa,Biatas nigropectus,Biatas nigropectus,Biatas nigropectus,Biatas nigropectus,Biatas,Thamnophilidae,6,Crítico
3714,Biatas nigropectus,Biatas nigropectus,Hypoedaleus guttatus,Biatas nigropectus,Biatas nigropectus,Hypoedaleus guttatus,Hypoedaleus guttatus,Biatas nigropectus,Hypoedaleus guttatus,Hypoedaleus guttatus,Hypoedaleus guttatus,Biatas nigropectus,Biatas,Thamnophilidae,6,Crítico
3715,Biatas nigropectus,Biatas nigropectus,Conopophaga lineata,Biatas nigropectus,Biatas nigropectus,Biatas nigropectus,Baryphthengus ruficapillus,Cyanocorax chrysops,Conopophaga lineata,Conopophaga lineata,Conopophaga lineata,Biatas nigropectus,Biatas,Thamnophilidae,6,Crítico
3717,Biatas nigropectus,Biatas nigropectus,Biatas nigropectus,Biatas nigropectus,Biatas nigropectus,Biatas nigropectus,Hypoedaleus guttatus,Biatas nigropectus,Biatas nigropectus,Biatas nigropectus,Biatas nigropectus,Biatas nigropectus,Biatas,Thamnophilidae,6,Crítico
3719,Biatas nigropectus,Biatas nigropectus,Biatas nigropectus,Biatas nigropectus,Biatas nigropectus,Biatas nigropectus,Synallaxis ruficapilla,Biatas nigropectus,Biatas nigropectus,Biatas nigropectus,Biatas nigropectus,Biatas nigropectus,Biatas,Thamnophilidae,6,Crítico
3720,Biatas nigropectus,Hypoedaleus guttatus,Turdus albicollis,Conopophaga lineata,Biatas nigropectus,Hypoedaleus guttatus,Hypoedaleus guttatus,Hypoedaleus guttatus,Turdus albicollis,Turdus albicollis,Turdus albicollis,Hypoedaleus guttatus,Biatas,Thamnophilidae,6,Crítico
3723,Biatas nigropectus,Hypoedaleus guttatus,Habia rubica,Habia rubica,Habia rubica,Conopophaga lineata,Hypoedaleus guttatus,Pogonotriccus eximius,Habia rubica,Habia rubica,Habia rubica,Hypoedaleus guttatus,Biatas,Thamnophilidae,6,Crítico
3725,Biatas nigropectus,Biatas nigropectus,Biatas nigropectus,Biatas nigropectus,Biatas nigropectus,Biatas nigropectus,Cyanocorax chrysops,Biatas nigropectus,Biatas nigropectus,Biatas nigropectus,Biatas nigropectus,Biatas nigropectus,Biatas,Thamnophilidae,6,Crítico
3727,Biatas nigropectus,Biatas nigropectus,Biatas nigropectus,Biatas nigropectus,Biatas nigropectus,Biatas nigropectus,Hypoedaleus guttatus,Synallaxis ruficapilla,Biatas nigropectus,Biatas nigropectus,Biatas nigropectus,Biatas nigropectus,Biatas,Thamnophilidae,6,Crítico
3728,Biatas nigropectus,Biatas nigropectus,Biatas nigropectus,Biatas nigropectus,Biatas nigropectus,Biatas nigropectus,Synallaxis ruficapilla,Biatas nigropectus,Biatas nigropectus,Biatas nigropectus,Biatas nigropectus,Biatas nigropectus,Biatas,Thamnophilidae,6,Crítico
3729,Biatas nigropectus,Biatas nigropectus,Biatas nigropectus,Biatas nigropectus,Biatas nigropectus,Biatas nigropectus,Synallaxis ruficapilla,Biatas nigropectus,Biatas nigropectus,Biatas nigropectus,Biatas nigropectus,Biatas nigropectus,Biatas,Thamnophilidae,6,Crítico
3730,Biatas nigropectus,Synallaxis ruficapilla,Habia rubica,Synallaxis ruficapilla,Synallaxis ruficapilla,Synallaxis ruficapilla,Conopophaga lineata,Habia rubica,Habia rubica,Habia rubica,Habia rubica,Synallaxis ruficapilla,Biatas,Thamnophilidae,6,Crítico
3731,Biatas nigropectus,Synallaxis ruficapilla,Synallaxis ruficapilla,Synallaxis ruficapilla,Synallaxis ruficapilla,Synallaxis ruficapilla,Conopophaga lineata,Synallaxis ruficapilla,Synallaxis ruficapilla,Synallaxis ruficapilla,Synallaxis ruficapilla,Synallaxis ruficapilla,Biatas,Thamnophilidae,6,Crítico
3732,Biatas nigropectus,Biatas nigropectus,Biatas nigropectus,Biatas nigropectus,Biatas nigropectus,Biatas nigropectus,Biatas nigropectus,Biatas nigropectus,Biatas nigropectus,Biatas nigropectus,Biatas nigropectus,Biatas nigropectus,Biatas,Thamnophilidae,6,Crítico
3733,Biatas nigropectus,Hypoedaleus guttatus,Hypoedaleus guttatus,Habia rubica,Biatas nigropectus,Hypoedaleus guttatus,Hypoedaleus guttatus,Hypoedaleus guttatus,Hypoedaleus guttatus,Hypoedaleus guttatus,Hypoedaleus guttatus,Hypoedaleus guttatus,Biatas,Thamnophilidae,6,Crítico
3734,Biatas nigropectus,Biatas nigropectus,Biatas nigropectus,Biatas nigropectus,Biatas nigropectus,Biatas nigropectus,Biatas nigropectus,Biatas nigropectus,Biatas nigropectus,Biatas nigropectus,Biatas nigropectus,Biatas nigropectus,Biatas,Thamnophilidae,6,Crítico
3735,Biatas nigropectus,Biatas nigropectus,Myiothlypis leucoblephara,Baryphthengus ruficapillus,Baryphthengus ruficapillus,Turdus albicollis,Turdus albicollis,Pyriglena leucoptera,Myiothlypis leucoblephara,Myiothlypis leucoblephara,Myiothlypis leucoblephara,Biatas nigropectus,Biatas,Thamnophilidae,6,Crítico
3736,Biatas nigropectus,Biatas nigropectus,Biatas nigropectus,Biatas nigropectus,Biatas nigropectus,Biatas nigropectus,Biatas nigropectus,Biatas nigropectus,Biatas nigropectus,Biatas nigropectus,Biatas nigropectus,Biatas nigropectus,Biatas,Thamnophilidae,6,Crítico
3737,Biatas nigropectus,Biatas nigropectus,Biatas nigropectus,Biatas nigropectus,Biatas nigropectus,Biatas nigropectus,Biatas nigropectus,Biatas nigropectus,Biatas nigropectus,Biatas nigropectus,Biatas nigropectus,Biatas nigropectus,Biatas,Thamnophilidae,6,Crítico
3738,Biatas nigropectus,Biatas nigropectus,Biatas nigropectus,Biatas nigropectus,Biatas nigropectus,Biatas nigropectus,Biatas nigropectus,Biatas nigropectus,Biatas nigropectus,Biatas nigropectus,Biatas nigropectus,Biatas nigropectus,Biatas,Thamnophilidae,6,Crítico
3739,Biatas nigropectus,Biatas nigropectus,Myiothlypis leucoblephara,Baryphthengus ruficapillus,Baryphthengus ruficapillus,Turdus albicollis,Turdus albicollis,Pyriglena leucoptera,Myiothlypis leucoblephara,Myiothlypis leucoblephara,Myiothlypis leucoblephara,Biatas nigropectus,Biatas,Thamnophilidae,6,Crítico
3740,Biatas nigropectus,Biatas nigropectus,Biatas nigropectus,Biatas nigropectus,Biatas nigropectus,Biatas nigropectus,Biatas nigropectus,Biatas nigropectus,Biatas nigropectus,Biatas nigropectus,Biatas nigropectus,Biatas nigropectus,Biatas,Thamnophilidae,6,Crítico
3741,Biatas nigropectus,Biatas nigropectus,Biatas nigropectus,Biatas nigropectus,Biatas nigropectus,Biatas nigropectus,Biatas nigropectus,Biatas nigropectus,Biatas nigropectus,Biatas nigropectus,Biatas nigropectus,Biatas nigropectus,Biatas,Thamnophilidae,6,Crítico
3742,Biatas nigropectus,Synallaxis ruficapilla,Synallaxis ruficapilla,Synallaxis ruficapilla,Synallaxis ruficapilla,Synallaxis ruficapilla,Synallaxis ruficapilla,Synallaxis ruficapilla,Synallaxis ruficapilla,Synallaxis ruficapilla,Synallaxis ruficapilla,Synallaxis ruficapilla,Biatas,Thamnophilidae,6,Crítico
3743,Biatas nigropectus,Biatas nigropectus,Biatas nigropectus,Biatas nigropectus,Biatas nigropectus,Biatas nigropectus,Biatas nigropectus,Biatas nigropectus,Biatas nigropectus,Biatas nigropectus,Biatas nigropectus,Biatas nigropectus,Biatas,Thamnophilidae,6,Crítico
3744,Biatas nigropectus,Biatas nigropectus,Biatas nigropectus,Biatas nigropectus,Biatas nigropectus,Biatas nigropectus,Biatas nigropectus,Biatas nigropectus,Biatas nigropectus,Biatas nigropectus,Biatas nigropectus,Biatas nigropectus,Biatas,Thamnophilidae,6,Crítico
3747,Biatas nigropectus,Biatas nigropectus,Habia rubica,Biatas nigropectus,Biatas nigropectus,Biatas nigropectus,Baryphthengus ruficapillus,Turdus albicollis,Habia rubica,Habia rubica,Habia rubica,Biatas nigropectus,Biatas,Thamnophilidae,6,Crítico
3748,Biatas nigropectus,Biatas nigropectus,Biatas nigropectus,Biatas nigropectus,Biatas nigropectus,Biatas nigropectus,Biatas nigropectus,Biatas nigropectus,Biatas nigropectus,Biatas nigropectus,Biatas nigropectus,Biatas nigropectus,Biatas,Thamnophilidae,6,Crítico
3749,Biatas nigropectus,Biatas nigropectus,Biatas nigropectus,Biatas nigropectus,Biatas nigropectus,Biatas nigropectus,Biatas nigropectus,Biatas nigropectus,Biatas nigropectus,Biatas nigropectus,Biatas nigropectus,Biatas nigropectus,Biatas,Thamnophilidae,6,Crítico
3750,Biatas nigropectus,Biatas nigropectus,Biatas nigropectus,Biatas nigropectus,Biatas nigropectus,Biatas nigropectus,Biatas nigropectus,Biatas nigropectus,Biatas nigropectus,Biatas nigropectus,Biatas nigropectus,Biatas nigropectus,Biatas,Thamnophilidae,6,Crítico
3751,Biatas nigropectus,Biatas nigropectus,Biatas nigropectus,Biatas nigropectus,Biatas nigropectus,Biatas nigropectus,Biatas nigropectus,Biatas nigropectus,Biatas nigropectus,Biatas nigropectus,Biatas nigropectus,Biatas nigropectus,Biatas,Thamnophilidae,6,Crítico
3752,Biatas nigropectus,Biatas nigropectus,Biatas nigropectus,Biatas nigropectus,Biatas nigropectus,Biatas nigropectus,Biatas nigropectus,Biatas nigropectus,Biatas nigropectus,Biatas nigropectus,Biatas nigropectus,Biatas nigropectus,Biatas,Thamnophilidae,6,Crítico
3753,Biatas nigropectus,Pyriglena leucoptera,Synallaxis ruficapilla,Conopophaga lineata,Conopophaga lineata,Conopophaga lineata,Hypoedaleus guttatus,Habia rubica,Synallaxis ruficapilla,Synallaxis ruficapilla,Synallaxis ruficapilla,Pyriglena leucoptera,Biatas,Thamnophilidae,6,Crítico
3755,Biatas nigropectus,Biatas nigropectus,Biatas nigropectus,Biatas nigropectus,Biatas nigropectus,Biatas nigropectus,Biatas nigropectus,Biatas nigropectus,Biatas nigropectus,Biatas nigropectus,Biatas nigropectus,Biatas nigropectus,Biatas,Thamnophilidae,6,Crítico
3756,Biatas nigropectus,Biatas nigropectus,Biatas nigropectus,Biatas nigropectus,Synallaxis ruficapilla,Synallaxis ruficapilla,Habia rubica,Synallaxis ruficapilla,Biatas nigropectus,Biatas nigropectus,Biatas nigropectus,Biatas nigropectus,Biatas,Thamnophilidae,6,Crítico
3757,Biatas nigropectus,Biatas nigropectus,Biatas nigropectus,Biatas nigropectus,Biatas nigropectus,Biatas nigropectus,Baryphthengus ruficapillus,Baryphthengus ruficapillus,Biatas nigropectus,Biatas nigropectus,Biatas nigropectus,Biatas nigropectus,Biatas,Thamnophilidae,6,Crítico
3758,Biatas nigropectus,Biatas nigropectus,Synallaxis ruficapilla,Habia rubica,Habia rubica,Biatas nigropectus,Hypoedaleus guttatus,Baryphthengus ruficapillus,Synallaxis ruficapilla,Synallaxis ruficapilla,Synallaxis ruficapilla,Biatas nigropectus,Biatas,Thamnophilidae,6,Crítico
3759,Biatas nigropectus,Baryphthengus ruficapillus,Biatas nigropectus,Biatas nigropectus,Biatas nigropectus,Baryphthengus ruficapillus,Baryphthengus ruficapillus,Baryphthengus ruficapillus,Biatas nigropectus,Biatas nigropectus,Biatas nigropectus,Baryphthengus ruficapillus,Biatas,Thamnophilidae,6,Crítico
3760,Biatas nigropectus,Turdus albicollis,Myiothlypis leucoblephara,Habia rubica,Conopophaga lineata,Turdus albicollis,Turdus albicollis,Pyriglena leucoptera,Myiothlypis leucoblephara,Myiothlypis leucoblephara,Myiothlypis leucoblephara,Turdus albicollis,Biatas,Thamnophilidae,6,Crítico
3761,Hypoedaleus guttatus,Hydropsalis torquata,Hypoedaleus guttatus,Hypoedaleus guttatus,Hypoedaleus guttatus,Hypoedaleus guttatus,Hydropsalis torquata,Hydropsalis torquata,Hypoedaleus guttatus,Hypoedaleus guttatus,Hypoedaleus guttatus,Hydropsalis torquata,Hypoedaleus,Thamnophilidae,3,Medio
3762,Hypoedaleus guttatus,Hypoedaleus guttatus,Hypoedaleus guttatus,Hypoedaleus guttatus,Hypoedaleus guttatus,Hypoedaleus guttatus,Hypoedaleus guttatus,Hypoedaleus guttatus,Hypoedaleus guttatus,Hypoedaleus guttatus,Hypoedaleus guttatus,Hypoedaleus guttatus,Hypoedaleus,Thamnophilidae,3,Medio
3763,Hypoedaleus guttatus,Hypoedaleus guttatus,Hypoedaleus guttatus,Hypoedaleus guttatus,Hypoedaleus guttatus,Hypoedaleus guttatus,Hypoedaleus guttatus,Hypoedaleus guttatus,Hypoedaleus guttatus,Hypoedaleus guttatus,Hypoedaleus guttatus,Hypoedaleus guttatus,Hypoedaleus,Thamnophilidae,3,Medio
3764,Hypoedaleus guttatus,Hypoedaleus guttatus,Hypoedaleus guttatus,Baryphthengus ruficapillus,Hypoedaleus guttatus,Hypoedaleus guttatus,Hypoedaleus guttatus,Hypoedaleus guttatus,Hypoedaleus guttatus,Hypoedaleus guttatus,Hypoedaleus guttatus,Hypoedaleus guttatus,Hypoedaleus,Thamnophilidae,3,Medio
3765,Hypoedaleus guttatus,Hypoedaleus guttatus,Habia rubica,Brotogeris chiriri,Brotogeris chiriri,Hypoedaleus guttatus,Hypoedaleus guttatus,Turdus albicollis,Habia rubica,Habia rubica,Habia rubica,Hypoedaleus guttatus,Hypoedaleus,Thamnophilidae,3,Medio
3767,Hypoedaleus guttatus,Hypoedaleus guttatus,Hypoedaleus guttatus,Hypoedaleus guttatus,Hypoedaleus guttatus,Hypoedaleus guttatus,Hypoedaleus guttatus,Hypoedaleus guttatus,Hypoedaleus guttatus,Hypoedaleus guttatus,Hypoedaleus guttatus,Hypoedaleus guttatus,Hypoedaleus,Thamnophilidae,3,Medio
3768,Hypoedaleus guttatus,Hypoedaleus guttatus,Hypoedaleus guttatus,Conopophaga lineata,Conopophaga lineata,Hypoedaleus guttatus,Hypoedaleus guttatus,Hypoedaleus guttatus,Hypoedaleus guttatus,Hypoedaleus guttatus,Hypoedaleus guttatus,Hypoedaleus guttatus,Hypoedaleus,Thamnophilidae,3,Medio
3769,Hypoedaleus guttatus,Hypoedaleus guttatus,Salvator merianae,Salvator merianae,Pyriglena leucoptera,Salvator merianae,Hypoedaleus guttatus,Leopardus wiedii,Salvator merianae,Salvator merianae,Salvator merianae,Hypoedaleus guttatus,Hypoedaleus,Thamnophilidae,3,Medio
3771,Hypoedaleus guttatus,Hypoedaleus guttatus,Hypoedaleus guttatus,Hypoedaleus guttatus,Hypoedaleus guttatus,Hypoedaleus guttatus,Hypoedaleus guttatus,Hypoedaleus guttatus,Hypoedaleus guttatus,Hypoedaleus guttatus,Hypoedaleus guttatus,Hypoedaleus guttatus,Hypoedaleus,Thamnophilidae,3,Medio
3772,Hypoedaleus guttatus,Hypoedaleus guttatus,Hypoedaleus guttatus,Hypoedaleus guttatus,Hypoedaleus guttatus,Hypoedaleus guttatus,Hypoedaleus guttatus,Hypoedaleus guttatus,Hypoedaleus guttatus,Hypoedaleus guttatus,Hypoedaleus guttatus,Hypoedaleus guttatus,Hypoedaleus,Thamnophilidae,3,Medio
3773,Hypoedaleus guttatus,Hypoedaleus guttatus,Hypoedaleus guttatus,Hypoedaleus guttatus,Hypoedaleus guttatus,Hypoedaleus guttatus,Hypoedaleus guttatus,Hypoedaleus guttatus,Hypoedaleus guttatus,Hypoedaleus guttatus,Hypoedaleus guttatus,Hypoedaleus guttatus,Hypoedaleus,Thamnophilidae,3,Medio
3774,Hypoedaleus guttatus,Hypoedaleus guttatus,Hypoedaleus guttatus,Hypoedaleus guttatus,Hypoedaleus guttatus,Hypoedaleus guttatus,Hypoedaleus guttatus,Hypoedaleus guttatus,Hypoedaleus guttatus,Hypoedaleus guttatus,Hypoedaleus guttatus,Hypoedaleus guttatus,Hypoedaleus,Thamnophilidae,3,Medio
3775,Hypoedaleus guttatus,Hypoedaleus guttatus,Myiothlypis leucoblephara,Conopophaga lineata,Conopophaga lineata,Hypoedaleus guttatus,Hypoedaleus guttatus,Hypoedaleus guttatus,Myiothlypis leucoblephara,Myiothlypis leucoblephara,Myiothlypis leucoblephara,Hypoedaleus guttatus,Hypoedaleus,Thamnophilidae,3,Medio
3776,Hypoedaleus guttatus,Hypoedaleus guttatus,Hypoedaleus guttatus,Hypoedaleus guttatus,Hypoedaleus guttatus,Hypoedaleus guttatus,Hypoedaleus guttatus,Hypoedaleus guttatus,Hypoedaleus guttatus,Hypoedaleus guttatus,Hypoedaleus guttatus,Hypoedaleus guttatus,Hypoedaleus,Thamnophilidae,3,Medio
3777,Hypoedaleus guttatus,Hypoedaleus guttatus,Hypoedaleus guttatus,Hypoedaleus guttatus,Hypoedaleus guttatus,Hypoedaleus guttatus,Hypoedaleus guttatus,Hypoedaleus guttatus,Hypoedaleus guttatus,Hypoedaleus guttatus,Hypoedaleus guttatus,Hypoedaleus guttatus,Hypoedaleus,Thamnophilidae,3,Medio
3778,Hypoedaleus guttatus,Hypoedaleus guttatus,Hypoedaleus guttatus,Hypoedaleus guttatus,Hypoedaleus guttatus,Hypoedaleus guttatus,Hypoedaleus guttatus,Hypoedaleus guttatus,Hypoedaleus guttatus,Hypoedaleus guttatus,Hypoedaleus guttatus,Hypoedaleus guttatus,Hypoedaleus,Thamnophilidae,3,Medio
3779,Hypoedaleus guttatus,Hypoedaleus guttatus,Hypoedaleus guttatus,Hypoedaleus guttatus,Hypoedaleus guttatus,Hypoedaleus guttatus,Hypoedaleus guttatus,Hypoedaleus guttatus,Hypoedaleus guttatus,Hypoedaleus guttatus,Hypoedaleus guttatus,Hypoedaleus guttatus,Hypoedaleus,Thamnophilidae,3,Medio
3780,Hypoedaleus guttatus,Hypoedaleus guttatus,Hypoedaleus guttatus,Hypoedaleus guttatus,Hypoedaleus guttatus,Hypoedaleus guttatus,Hypoedaleus guttatus,Hypoedaleus guttatus,Hypoedaleus guttatus,Hypoedaleus guttatus,Hypoedaleus guttatus,Hypoedaleus guttatus,Hypoedaleus,Thamnophilidae,3,Medio
3781,Hypoedaleus guttatus,Hypoedaleus guttatus,Hypoedaleus guttatus,Habia rubica,Habia rubica,Hypoedaleus guttatus,Hypoedaleus guttatus,Hypoedaleus guttatus,Hypoedaleus guttatus,Hypoedaleus guttatus,Hypoedaleus guttatus,Hypoedaleus guttatus,Hypoedaleus,Thamnophilidae,3,Medio
3782,Hypoedaleus guttatus,Hypoedaleus guttatus,Myiothlypis leucoblephara,Biatas nigropectus,Hypoedaleus guttatus,Hypoedaleus guttatus,Hypoedaleus guttatus,Hypoedaleus guttatus,Myiothlypis leucoblephara,Myiothlypis leucoblephara,Myiothlypis leucoblephara,Hypoedaleus guttatus,Hypoedaleus,Thamnophilidae,3,Medio
3783,Hypoedaleus guttatus,Hypoedaleus guttatus,Hypoedaleus guttatus,Hypoedaleus guttatus,Hypoedaleus guttatus,Hypoedaleus guttatus,Hypoedaleus guttatus,Hypoedaleus guttatus,Hypoedaleus guttatus,Hypoedaleus guttatus,Hypoedaleus guttatus,Hypoedaleus guttatus,Hypoedaleus,Thamnophilidae,3,Medio
3784,Hypoedaleus guttatus,Hypoedaleus guttatus,Hypoedaleus guttatus,Hypoedaleus guttatus,Hypoedaleus guttatus,Hypoedaleus guttatus,Hypoedaleus guttatus,Hypoedaleus guttatus,Hypoedaleus guttatus,Hypoedaleus guttatus,Hypoedaleus guttatus,Hypoedaleus guttatus,Hypoedaleus,Thamnophilidae,3,Medio
3788,Hypoedaleus guttatus,Hypoedaleus guttatus,Hypoedaleus guttatus,Hypoedaleus guttatus,Hypoedaleus guttatus,Hypoedaleus guttatus,Hypoedaleus guttatus,Hypoedaleus guttatus,Hypoedaleus guttatus,Hypoedaleus guttatus,Hypoedaleus guttatus,Hypoedaleus guttatus,Hypoedaleus,Thamnophilidae,3,Medio
3789,Hypoedaleus guttatus,Hypoedaleus guttatus,Hypoedaleus guttatus,Hypoedaleus guttatus,Hypoedaleus guttatus,Hypoedaleus guttatus,Hypoedaleus guttatus,Hypoedaleus guttatus,Hypoedaleus guttatus,Hypoedaleus guttatus,Hypoedaleus guttatus,Hypoedaleus guttatus,Hypoedaleus,Thamnophilidae,3,Medio
3790,Hypoedaleus guttatus,Hypoedaleus guttatus,Hypoedaleus guttatus,Hypoedaleus guttatus,Hypoedaleus guttatus,Hypoedaleus guttatus,Hypoedaleus guttatus,Hypoedaleus guttatus,Hypoedaleus guttatus,Hypoedaleus guttatus,Hypoedaleus guttatus,Hypoedaleus guttatus,Hypoedaleus,Thamnophilidae,3,Medio
3791,Hypoedaleus guttatus,Hypoedaleus guttatus,Penelope superciliaris,Habia rubica,Baryphthengus ruficapillus,Hypoedaleus guttatus,Hypoedaleus guttatus,Hypoedaleus guttatus,Penelope superciliaris,Penelope superciliaris,Penelope superciliaris,Hypoedaleus guttatus,Hypoedaleus,Thamnophilidae,3,Medio
3792,Hypoedaleus guttatus,Hypoedaleus guttatus,Hypoedaleus guttatus,Hypoedaleus guttatus,Hypoedaleus guttatus,Hypoedaleus guttatus,Hypoedaleus guttatus,Hypoedaleus guttatus,Hypoedaleus guttatus,Hypoedaleus guttatus,Hypoedaleus guttatus,Hypoedaleus guttatus,Hypoedaleus,Thamnophilidae,3,Medio
3793,Hypoedaleus guttatus,Hypoedaleus guttatus,Hypoedaleus guttatus,Hypoedaleus guttatus,Hypoedaleus guttatus,Hypoedaleus guttatus,Hypoedaleus guttatus,Hypoedaleus guttatus,Hypoedaleus guttatus,Hypoedaleus guttatus,Hypoedaleus guttatus,Hypoedaleus guttatus,Hypoedaleus,Thamnophilidae,3,Medio
3795,Hypoedaleus guttatus,Hypoedaleus guttatus,Notharchus swainsoni,Hypoedaleus guttatus,Hypoedaleus guttatus,Hypoedaleus guttatus,Hypoedaleus guttatus,Manacus manacus,Notharchus swainsoni,Notharchus swainsoni,Notharchus swainsoni,Hypoedaleus guttatus,Hypoedaleus,Thamnophilidae,3,Medio
3796,Hypoedaleus guttatus,Nyctidromus albicollis,Leopardus pardalis,Leopardus pardalis,Leopardus pardalis,Hypoedaleus guttatus,Nyctidromus albicollis,Nyctidromus albicollis,Leopardus pardalis,Leopardus pardalis,Leopardus pardalis,Nyctidromus albicollis,Hypoedaleus,Thamnophilidae,3,Medio
3797,Hypoedaleus guttatus,Hydropsalis torquata,Hydropsalis torquata,Hypoedaleus guttatus,Hypoedaleus guttatus,Mackenziaena leachii,Hydropsalis torquata,Nyctidromus albicollis,Hydropsalis torquata,Hydropsalis torquata,Hydropsalis torquata,Hydropsalis torquata,Hypoedaleus,Thamnophilidae,3,Medio
3799,Hypoedaleus guttatus,Hypoedaleus guttatus,Hypoedaleus guttatus,Hypoedaleus guttatus,Hypoedaleus guttatus,Hypoedaleus guttatus,Hypoedaleus guttatus,Hypoedaleus guttatus,Hypoedaleus guttatus,Hypoedaleus guttatus,Hypoedaleus guttatus,Hypoedaleus guttatus,Hypoedaleus,Thamnophilidae,3,Medio
3800,Hypoedaleus guttatus,Hypoedaleus guttatus,Hypoedaleus guttatus,Hypoedaleus guttatus,Hypoedaleus guttatus,Hypoedaleus guttatus,Hypoedaleus guttatus,Hypoedaleus guttatus,Hypoedaleus guttatus,Hypoedaleus guttatus,Hypoedaleus guttatus,Hypoedaleus guttatus,Hypoedaleus,Thamnophilidae,3,Medio
3801,Hypoedaleus guttatus,Hypoedaleus guttatus,Habia rubica,Conopophaga lineata,Conopophaga lineata,Hypoedaleus guttatus,Hypoedaleus guttatus,Habia rubica,Habia rubica,Habia rubica,Habia rubica,Hypoedaleus guttatus,Hypoedaleus,Thamnophilidae,3,Medio
3803,Hypoedaleus guttatus,Hydropsalis torquata,Hydropsalis torquata,Nyctidromus albicollis,Hydropsalis torquata,Nyctidromus albicollis,Hydropsalis torquata,Hydropsalis torquata,Hydropsalis torquata,Hydropsalis torquata,Hydropsalis torquata,Nyctidromus albicollis,Hypoedaleus,Thamnophilidae,3,Medio
3804,Hypoedaleus guttatus,Hypoedaleus guttatus,Hypoedaleus guttatus,Hypoedaleus guttatus,Hypoedaleus guttatus,Hypoedaleus guttatus,Hypoedaleus guttatus,Hypoedaleus guttatus,Hypoedaleus guttatus,Hypoedaleus guttatus,Hypoedaleus guttatus,Hypoedaleus guttatus,Hypoedaleus,Thamnophilidae,3,Medio
3805,Hypoedaleus guttatus,Hypoedaleus guttatus,Hypoedaleus guttatus,Hydropsalis torquata,Alouatta guariba clamitans,Hypoedaleus guttatus,Hypoedaleus guttatus,Hypoedaleus guttatus,Hypoedaleus guttatus,Hypoedaleus guttatus,Hypoedaleus guttatus,Hypoedaleus guttatus,Hypoedaleus,Thamnophilidae,3,Medio
3808,Hypoedaleus guttatus,Hypoedaleus guttatus,Hypoedaleus guttatus,Hypoedaleus guttatus,Hypoedaleus guttatus,Hypoedaleus guttatus,Hypoedaleus guttatus,Hypoedaleus guttatus,Hypoedaleus guttatus,Hypoedaleus guttatus,Hypoedaleus guttatus,Hypoedaleus guttatus,Hypoedaleus,Thamnophilidae,3,Medio
3809,Hypoedaleus guttatus,Cyanoloxia brissonii,Amazona vinacea,Amazona vinacea,Amazona vinacea,Cyanoloxia brissonii,Cyanoloxia brissonii,Gubernetes yetapa,Amazona vinacea,Amazona vinacea,Amazona vinacea,Cyanoloxia brissonii,Hypoedaleus,Thamnophilidae,3,Medio
3810,Hypoedaleus guttatus,Hypoedaleus guttatus,Hypoedaleus guttatus,Hypoedaleus guttatus,Hypoedaleus guttatus,Hypoedaleus guttatus,Hypoedaleus guttatus,Hypoedaleus guttatus,Hypoedaleus guttatus,Hypoedaleus guttatus,Hypoedaleus guttatus,Hypoedaleus guttatus,Hypoedaleus,Thamnophilidae,3,Medio
3811,Hypoedaleus guttatus,Hypoedaleus guttatus,Hypoedaleus guttatus,Hypoedaleus guttatus,Hypoedaleus guttatus,Hypoedaleus guttatus,Hypoedaleus guttatus,Hypoedaleus guttatus,Hypoedaleus guttatus,Hypoedaleus guttatus,Hypoedaleus guttatus,Hypoedaleus guttatus,Hypoedaleus,Thamnophilidae,3,Medio
3812,Hypoedaleus guttatus,Hypoedaleus guttatus,Hypoedaleus guttatus,Hypoedaleus guttatus,Hypoedaleus guttatus,Hypoedaleus guttatus,Hypoedaleus guttatus,Hypoedaleus guttatus,Hypoedaleus guttatus,Hypoedaleus guttatus,Hypoedaleus guttatus,Hypoedaleus guttatus,Hypoedaleus,Thamnophilidae,3,Medio
3813,Hypoedaleus guttatus,Hypoedaleus guttatus,Hypoedaleus guttatus,Hypoedaleus guttatus,Hypoedaleus guttatus,Hypoedaleus guttatus,Hypoedaleus guttatus,Hypoedaleus guttatus,Hypoedaleus guttatus,Hypoedaleus guttatus,Hypoedaleus guttatus,Hypoedaleus guttatus,Hypoedaleus,Thamnophilidae,3,Medio
3814,Hypoedaleus guttatus,Hypoedaleus guttatus,Hypoedaleus guttatus,Hypoedaleus guttatus,Hypoedaleus guttatus,Hypoedaleus guttatus,Hypoedaleus guttatus,Hypoedaleus guttatus,Hypoedaleus guttatus,Hypoedaleus guttatus,Hypoedaleus guttatus,Hypoedaleus guttatus,Hypoedaleus,Thamnophilidae,3,Medio
3815,Hypoedaleus guttatus,Hypoedaleus guttatus,Hypoedaleus guttatus,Habia rubica,Biatas nigropectus,Hypoedaleus guttatus,Hypoedaleus guttatus,Hypoedaleus guttatus,Hypoedaleus guttatus,Hypoedaleus guttatus,Hypoedaleus guttatus,Hypoedaleus guttatus,Hypoedaleus,Thamnophilidae,3,Medio
3818,Hypoedaleus guttatus,Hypoedaleus guttatus,Hypoedaleus guttatus,Hypoedaleus guttatus,Hypoedaleus guttatus,Hypoedaleus guttatus,Hypoedaleus guttatus,Hypoedaleus guttatus,Hypoedaleus guttatus,Hypoedaleus guttatus,Hypoedaleus guttatus,Hypoedaleus guttatus,Hypoedaleus,Thamnophilidae,3,Medio
3819,Hypoedaleus guttatus,Hypoedaleus guttatus,Hypoedaleus guttatus,Hypoedaleus guttatus,Hypoedaleus guttatus,Hypoedaleus guttatus,Hypoedaleus guttatus,Hypoedaleus guttatus,Hypoedaleus guttatus,Hypoedaleus guttatus,Hypoedaleus guttatus,Hypoedaleus guttatus,Hypoedaleus,Thamnophilidae,3,Medio
3820,Hypoedaleus guttatus,Hypoedaleus guttatus,Hypoedaleus guttatus,Hypoedaleus guttatus,Hypoedaleus guttatus,Hypoedaleus guttatus,Hypoedaleus guttatus,Hypoedaleus guttatus,Hypoedaleus guttatus,Hypoedaleus guttatus,Hypoedaleus guttatus,Hypoedaleus guttatus,Hypoedaleus,Thamnophilidae,3,Medio
3821,Hypoedaleus guttatus,Hypoedaleus guttatus,Biatas nigropectus,Biatas nigropectus,Biatas nigropectus,Hypoedaleus guttatus,Hypoedaleus guttatus,Baryphthengus ruficapillus,Biatas nigropectus,Biatas nigropectus,Biatas nigropectus,Hypoedaleus guttatus,Hypoedaleus,Thamnophilidae,3,Medio
3823,Hypoedaleus guttatus,Hypoedaleus guttatus,Hypoedaleus guttatus,Hypoedaleus guttatus,Hypoedaleus guttatus,Hypoedaleus guttatus,Hypoedaleus guttatus,Hypoedaleus guttatus,Hypoedaleus guttatus,Hypoedaleus guttatus,Hypoedaleus guttatus,Hypoedaleus guttatus,Hypoedaleus,Thamnophilidae,3,Medio
3824,Hypoedaleus guttatus,Hypoedaleus guttatus,Hypoedaleus guttatus,Hypoedaleus guttatus,Hypoedaleus guttatus,Hypoedaleus guttatus,Hypoedaleus guttatus,Hypoedaleus guttatus,Hypoedaleus guttatus,Hypoedaleus guttatus,Hypoedaleus guttatus,Hypoedaleus guttatus,Hypoedaleus,Thamnophilidae,3,Medio
3825,Hypoedaleus guttatus,Hypoedaleus guttatus,Hypoedaleus guttatus,Hypoedaleus guttatus,Hypoedaleus guttatus,Hypoedaleus guttatus,Hypoedaleus guttatus,Hypoedaleus guttatus,Hypoedaleus guttatus,Hypoedaleus guttatus,Hypoedaleus guttatus,Hypoedaleus guttatus,Hypoedaleus,Thamnophilidae,3,Medio
3826,Hypoedaleus guttatus,Hypoedaleus guttatus,Hypoedaleus guttatus,Hypoedaleus guttatus,Hypoedaleus guttatus,Hypoedaleus guttatus,Hypoedaleus guttatus,Hypoedaleus guttatus,Hypoedaleus guttatus,Hypoedaleus guttatus,Hypoedaleus guttatus,Hypoedaleus guttatus,Hypoedaleus,Thamnophilidae,3,Medio
3827,Hypoedaleus guttatus,Hypoedaleus guttatus,Hypoedaleus guttatus,Hypoedaleus guttatus,Hypoedaleus guttatus,Hypoedaleus guttatus,Hypoedaleus guttatus,Hypoedaleus guttatus,Hypoedaleus guttatus,Hypoedaleus guttatus,Hypoedaleus guttatus,Hypoedaleus guttatus,Hypoedaleus,Thamnophilidae,3,Medio
3829,Hypoedaleus guttatus,Hypoedaleus guttatus,Hypoedaleus guttatus,Habia rubica,Biatas nigropectus,Hypoedaleus guttatus,Hypoedaleus guttatus,Hypoedaleus guttatus,Hypoedaleus guttatus,Hypoedaleus guttatus,Hypoedaleus guttatus,Hypoedaleus guttatus,Hypoedaleus,Thamnophilidae,3,Medio
3830,Hypoedaleus guttatus,Hypoedaleus guttatus,Hypoedaleus guttatus,Hypoedaleus guttatus,Hypoedaleus guttatus,Hypoedaleus guttatus,Hypoedaleus guttatus,Hypoedaleus guttatus,Hypoedaleus guttatus,Hypoedaleus guttatus,Hypoedaleus guttatus,Hypoedaleus guttatus,Hypoedaleus,Thamnophilidae,3,Medio
3831,Mackenziaena leachii,Mackenziaena leachii,Mackenziaena leachii,Mackenziaena leachii,Mackenziaena leachii,Mackenziaena leachii,Hypoedaleus guttatus,Hypoedaleus guttatus,Mackenziaena leachii,Mackenziaena leachii,Mackenziaena leachii,Mackenziaena leachii,Mackenziaena,Thamnophilidae,3,Medio
3832,Mackenziaena leachii,Mackenziaena leachii,Mackenziaena leachii,Mackenziaena leachii,Mackenziaena leachii,Mackenziaena leachii,Mackenziaena leachii,Mackenziaena leachii,Mackenziaena leachii,Mackenziaena leachii,Mackenziaena leachii,Mackenziaena leachii,Mackenziaena,Thamnophilidae,3,Medio
3833,Mackenziaena leachii,Mackenziaena leachii,Mackenziaena leachii,Mackenziaena leachii,Mackenziaena leachii,Mackenziaena leachii,Mackenziaena leachii,Mackenziaena leachii,Mackenziaena leachii,Mackenziaena leachii,Mackenziaena leachii,Mackenziaena leachii,Mackenziaena,Thamnophilidae,3,Medio
3835,Mackenziaena leachii,Mackenziaena leachii,Mackenziaena leachii,Cyanoloxia brissonii,Mackenziaena leachii,Mackenziaena leachii,Hypoedaleus guttatus,Hydropsalis torquata,Mackenziaena leachii,Mackenziaena leachii,Mackenziaena leachii,Mackenziaena leachii,Mackenziaena,Thamnophilidae,3,Medio
3836,Mackenziaena leachii,Mackenziaena leachii,Mackenziaena leachii,Hypoedaleus guttatus,Mackenziaena leachii,Mackenziaena leachii,Mackenziaena severa,Mackenziaena leachii,Mackenziaena leachii,Mackenziaena leachii,Mackenziaena leachii,Mackenziaena leachii,Mackenziaena,Thamnophilidae,3,Medio
3837,Mackenziaena leachii,Mackenziaena leachii,Mackenziaena leachii,Mackenziaena leachii,Mackenziaena leachii,Mackenziaena leachii,Mackenziaena leachii,Mackenziaena leachii,Mackenziaena leachii,Mackenziaena leachii,Mackenziaena leachii,Mackenziaena leachii,Mackenziaena,Thamnophilidae,3,Medio
3838,Mackenziaena leachii,Mackenziaena leachii,Mackenziaena leachii,Mackenziaena leachii,Mackenziaena leachii,Mackenziaena leachii,Hypoedaleus guttatus,Mackenziaena leachii,Mackenziaena leachii,Mackenziaena leachii,Mackenziaena leachii,Mackenziaena leachii,Mackenziaena,Thamnophilidae,3,Medio
3839,Mackenziaena leachii,Mackenziaena leachii,Mackenziaena leachii,Mackenziaena leachii,Mackenziaena leachii,Mackenziaena leachii,Hypoedaleus guttatus,Hypoedaleus guttatus,Mackenziaena leachii,Mackenziaena leachii,Mackenziaena leachii,Mackenziaena leachii,Mackenziaena,Thamnophilidae,3,Medio
3840,Mackenziaena leachii,Mackenziaena leachii,Mackenziaena leachii,Mackenziaena leachii,Mackenziaena leachii,Mackenziaena leachii,Mackenziaena leachii,Mackenziaena leachii,Mackenziaena leachii,Mackenziaena leachii,Mackenziaena leachii,Mackenziaena leachii,Mackenziaena,Thamnophilidae,3,Medio
3841,Mackenziaena leachii,Mackenziaena leachii,Tachyphonus coronatus,Mackenziaena leachii,Mackenziaena leachii,Mackenziaena leachii,Hypoedaleus guttatus,Hypoedaleus guttatus,Tachyphonus coronatus,Tachyphonus coronatus,Tachyphonus coronatus,Mackenziaena leachii,Mackenziaena,Thamnophilidae,3,Medio
3842,Mackenziaena leachii,Mackenziaena leachii,Mackenziaena leachii,Mackenziaena leachii,Mackenziaena leachii,Mackenziaena leachii,Mackenziaena severa,Mackenziaena leachii,Mackenziaena leachii,Mackenziaena leachii,Mackenziaena leachii,Mackenziaena leachii,Mackenziaena,Thamnophilidae,3,Medio
3843,Mackenziaena leachii,Mackenziaena leachii,Mackenziaena leachii,Mackenziaena leachii,Mackenziaena leachii,Mackenziaena leachii,Mackenziaena leachii,Mackenziaena leachii,Mackenziaena leachii,Mackenziaena leachii,Mackenziaena leachii,Mackenziaena leachii,Mackenziaena,Thamnophilidae,3,Medio
3845,Mackenziaena leachii,Mackenziaena leachii,Mackenziaena leachii,Mackenziaena leachii,Mackenziaena leachii,Mackenziaena leachii,Hypoedaleus guttatus,Mackenziaena leachii,Mackenziaena leachii,Mackenziaena leachii,Mackenziaena leachii,Mackenziaena leachii,Mackenziaena,Thamnophilidae,3,Medio
3846,Mackenziaena leachii,Hydropsalis torquata,Salvator merianae,Leptotila rufaxilla,Crypturellus obsoletus,Hydropsalis torquata,Hydropsalis torquata,Mackenziaena leachii,Salvator merianae,Salvator merianae,Salvator merianae,Hydropsalis torquata,Mackenziaena,Thamnophilidae,3,Medio
3847,Mackenziaena leachii,Pyriglena leucoptera,Cyanoloxia brissonii,Biatas nigropectus,Biatas nigropectus,Cyanoloxia brissonii,Pyriglena leucoptera,Penelope superciliaris,Cyanoloxia brissonii,Cyanoloxia brissonii,Cyanoloxia brissonii,Pyriglena leucoptera,Mackenziaena,Thamnophilidae,3,Medio
3848,Mackenziaena leachii,Mackenziaena leachii,Mackenziaena leachii,Mackenziaena leachii,Mackenziaena leachii,Mackenziaena leachii,Hypoedaleus guttatus,Mackenziaena leachii,Mackenziaena leachii,Mackenziaena leachii,Mackenziaena leachii,Mackenziaena leachii,Mackenziaena,Thamnophilidae,3,Medio
3849,Mackenziaena leachii,Mackenziaena severa,Tachyphonus coronatus,Mackenziaena severa,Mackenziaena leachii,Mackenziaena severa,Mackenziaena severa,Mackenziaena severa,Tachyphonus coronatus,Tachyphonus coronatus,Tachyphonus coronatus,Mackenziaena severa,Mackenziaena,Thamnophilidae,3,Medio
3850,Mackenziaena leachii,Mackenziaena leachii,Mackenziaena leachii,Mackenziaena leachii,Mackenziaena leachii,Mackenziaena leachii,Hypoedaleus guttatus,Mackenziaena leachii,Mackenziaena leachii,Mackenziaena leachii,Mackenziaena leachii,Mackenziaena leachii,Mackenziaena,Thamnophilidae,3,Medio
3851,Mackenziaena leachii,Mackenziaena leachii,Mackenziaena leachii,Mackenziaena leachii,Mackenziaena leachii,Mackenziaena leachii,Mackenziaena leachii,Mackenziaena leachii,Mackenziaena leachii,Mackenziaena leachii,Mackenziaena leachii,Mackenziaena leachii,Mackenziaena,Thamnophilidae,3,Medio
3853,Mackenziaena leachii,Mackenziaena leachii,Mackenziaena leachii,Mackenziaena leachii,Mackenziaena leachii,Mackenziaena leachii,Mackenziaena leachii,Mackenziaena leachii,Mackenziaena leachii,Mackenziaena leachii,Mackenziaena leachii,Mackenziaena leachii,Mackenziaena,Thamnophilidae,3,Medio
3854,Mackenziaena leachii,Mackenziaena leachii,Mackenziaena leachii,Mackenziaena leachii,Mackenziaena leachii,Mackenziaena leachii,Cyanoloxia brissonii,Mackenziaena leachii,Mackenziaena leachii,Mackenziaena leachii,Mackenziaena leachii,Mackenziaena leachii,Mackenziaena,Thamnophilidae,3,Medio
3855,Mackenziaena leachii,Mackenziaena leachii,Mackenziaena leachii,Mackenziaena leachii,Mackenziaena leachii,Mackenziaena leachii,Mackenziaena severa,Mackenziaena leachii,Mackenziaena leachii,Mackenziaena leachii,Mackenziaena leachii,Mackenziaena leachii,Mackenziaena,Thamnophilidae,3,Medio
3856,Mackenziaena leachii,Mackenziaena leachii,Mackenziaena leachii,Mackenziaena leachii,Mackenziaena leachii,Mackenziaena leachii,Pyriglena leucoptera,Hypoedaleus guttatus,Mackenziaena leachii,Mackenziaena leachii,Mackenziaena leachii,Mackenziaena leachii,Mackenziaena,Thamnophilidae,3,Medio
3857,Mackenziaena leachii,Mackenziaena severa,Cyanoloxia brissonii,Cyanoloxia brissonii,Cyanoloxia brissonii,Mackenziaena leachii,Mackenziaena severa,Mackenziaena leachii,Cyanoloxia brissonii,Cyanoloxia brissonii,Cyanoloxia brissonii,Mackenziaena severa,Mackenziaena,Thamnophilidae,3,Medio
3858,Mackenziaena leachii,Mackenziaena leachii,Mackenziaena leachii,Mackenziaena leachii,Mackenziaena leachii,Mackenziaena leachii,Mackenziaena leachii,Mackenziaena leachii,Mackenziaena leachii,Mackenziaena leachii,Mackenziaena leachii,Mackenziaena leachii,Mackenziaena,Thamnophilidae,3,Medio
3859,Mackenziaena leachii,Mackenziaena severa,Mackenziaena severa,Mackenziaena severa,Mackenziaena severa,Mackenziaena severa,Hypoedaleus guttatus,Salvator merianae,Mackenziaena severa,Mackenziaena severa,Mackenziaena severa,Mackenziaena severa,Mackenziaena,Thamnophilidae,3,Medio
3863,Mackenziaena leachii,Mackenziaena leachii,Mackenziaena leachii,Mackenziaena leachii,Mackenziaena leachii,Mackenziaena leachii,Hypoedaleus guttatus,Mackenziaena leachii,Mackenziaena leachii,Mackenziaena leachii,Mackenziaena leachii,Mackenziaena leachii,Mackenziaena,Thamnophilidae,3,Medio
3864,Mackenziaena leachii,Mackenziaena leachii,Mackenziaena leachii,Mackenziaena leachii,Mackenziaena leachii,Mackenziaena leachii,Mackenziaena leachii,Mackenziaena leachii,Mackenziaena leachii,Mackenziaena leachii,Mackenziaena leachii,Mackenziaena leachii,Mackenziaena,Thamnophilidae,3,Medio
3865,Mackenziaena leachii,Mackenziaena leachii,Mackenziaena leachii,Mackenziaena leachii,Mackenziaena leachii,Mackenziaena leachii,Hypoedaleus guttatus,Mackenziaena leachii,Mackenziaena leachii,Mackenziaena leachii,Mackenziaena leachii,Mackenziaena leachii,Mackenziaena,Thamnophilidae,3,Medio
3867,Mackenziaena leachii,Mackenziaena leachii,Cyanoloxia brissonii,Cyanoloxia brissonii,Mackenziaena leachii,Mackenziaena leachii,Pyriglena leucoptera,Cyanoloxia brissonii,Cyanoloxia brissonii,Cyanoloxia brissonii,Cyanoloxia brissonii,Mackenziaena leachii,Mackenziaena,Thamnophilidae,3,Medio
3868,Mackenziaena leachii,Penelope superciliaris,Mackenziaena leachii,Mackenziaena leachii,Mackenziaena leachii,Mackenziaena leachii,Salvator merianae,Salvator merianae,Mackenziaena leachii,Mackenziaena leachii,Mackenziaena leachii,Penelope superciliaris,Mackenziaena,Thamnophilidae,3,Medio
3869,Mackenziaena severa,Mackenziaena severa,Mackenziaena severa,Mackenziaena severa,Mackenziaena severa,Hypoedaleus guttatus,Hypoedaleus guttatus,Mackenziaena severa,Mackenziaena severa,Mackenziaena severa,Mackenziaena severa,Mackenziaena severa,Mackenziaena,Thamnophilidae,3,Medio
3870,Mackenziaena severa,Mackenziaena severa,Mackenziaena severa,Mackenziaena severa,Mackenziaena severa,Mackenziaena severa,Mackenziaena severa,Mackenziaena severa,Mackenziaena severa,Mackenziaena severa,Mackenziaena severa,Mackenziaena severa,Mackenziaena,Thamnophilidae,3,Medio
3871,Mackenziaena severa,Mackenziaena severa,Hypoedaleus guttatus,Cyanoloxia brissonii,Biatas nigropectus,Mackenziaena severa,Hypoedaleus guttatus,Cyanoloxia brissonii,Hypoedaleus guttatus,Hypoedaleus guttatus,Hypoedaleus guttatus,Mackenziaena severa,Mackenziaena,Thamnophilidae,3,Medio
3873,Mackenziaena severa,Mackenziaena severa,Mackenziaena severa,Biatas nigropectus,Biatas nigropectus,Notharchus swainsoni,Hypoedaleus guttatus,Notharchus swainsoni,Mackenziaena severa,Mackenziaena severa,Mackenziaena severa,Biatas nigropectus,Mackenziaena,Thamnophilidae,3,Medio
3874,Mackenziaena severa,Mackenziaena severa,Mackenziaena severa,Mackenziaena severa,Mackenziaena severa,Mackenziaena severa,Mackenziaena severa,Mackenziaena severa,Mackenziaena severa,Mackenziaena severa,Mackenziaena severa,Mackenziaena severa,Mackenziaena,Thamnophilidae,3,Medio
3875,Mackenziaena severa,Mackenziaena severa,Mackenziaena severa,Hypoedaleus guttatus,Hypoedaleus guttatus,Mackenziaena severa,Hypoedaleus guttatus,Mackenziaena severa,Mackenziaena severa,Mackenziaena severa,Mackenziaena severa,Mackenziaena severa,Mackenziaena,Thamnophilidae,3,Medio
3876,Mackenziaena severa,Pyriglena leucoptera,Hypoedaleus guttatus,Hypoedaleus guttatus,Pyriglena leucoptera,Pyriglena leucoptera,Pyriglena leucoptera,Habia rubica,Hypoedaleus guttatus,Hypoedaleus guttatus,Hypoedaleus guttatus,Pyriglena leucoptera,Mackenziaena,Thamnophilidae,3,Medio
3877,Mackenziaena severa,Mackenziaena severa,Mackenziaena severa,Mackenziaena severa,Mackenziaena severa,Mackenziaena severa,Mackenziaena severa,Mackenziaena severa,Mackenziaena severa,Mackenziaena severa,Mackenziaena severa,Mackenziaena severa,Mackenziaena,Thamnophilidae,3,Medio
3878,Mackenziaena severa,Mackenziaena severa,Mackenziaena severa,Mackenziaena severa,Mackenziaena severa,Mackenziaena severa,Pyriglena leucoptera,Pyriglena leucoptera,Mackenziaena severa,Mackenziaena severa,Mackenziaena severa,Mackenziaena severa,Mackenziaena,Thamnophilidae,3,Medio
3879,Mackenziaena severa,Penelope superciliaris,Mackenziaena severa,Mackenziaena leachii,Mackenziaena severa,Penelope superciliaris,Penelope superciliaris,Penelope superciliaris,Mackenziaena severa,Mackenziaena severa,Mackenziaena severa,Penelope superciliaris,Mackenziaena,Thamnophilidae,3,Medio
3881,Mackenziaena severa,Mackenziaena severa,Pyriglena leucoptera,Mackenziaena severa,Mackenziaena severa,Mackenziaena severa,Mackenziaena severa,Penelope superciliaris,Pyriglena leucoptera,Pyriglena leucoptera,Pyriglena leucoptera,Mackenziaena severa,Mackenziaena,Thamnophilidae,3,Medio
3882,Mackenziaena severa,Mackenziaena severa,Mackenziaena severa,Mackenziaena severa,Mackenziaena severa,Mackenziaena severa,Pyriglena leucoptera,Mackenziaena severa,Mackenziaena severa,Mackenziaena severa,Mackenziaena severa,Mackenziaena severa,Mackenziaena,Thamnophilidae,3,Medio
3883,Mackenziaena severa,Pyriglena leucoptera,Conopophaga lineata,Conopophaga lineata,Conopophaga lineata,Turdus albicollis,Turdus albicollis,Turdus albicollis,Conopophaga lineata,Conopophaga lineata,Conopophaga lineata,Pyriglena leucoptera,Mackenziaena,Thamnophilidae,3,Medio
3886,Mackenziaena severa,Mackenziaena severa,Mackenziaena severa,Mackenziaena severa,Mackenziaena severa,Mackenziaena severa,Mackenziaena severa,Mackenziaena severa,Mackenziaena severa,Mackenziaena severa,Mackenziaena severa,Mackenziaena severa,Mackenziaena,Thamnophilidae,3,Medio
3887,Mackenziaena severa,Mackenziaena severa,Habia rubica,Habia rubica,Mackenziaena severa,Mackenziaena severa,Pyriglena leucoptera,Pyriglena leucoptera,Habia rubica,Habia rubica,Habia rubica,Mackenziaena severa,Mackenziaena,Thamnophilidae,3,Medio
3888,Mackenziaena severa,Sapajus nigritus,Penelope superciliaris,Habia rubica,Habia rubica,Salvator merianae,Sapajus nigritus,Salvator merianae,Penelope superciliaris,Penelope superciliaris,Penelope superciliaris,Sapajus nigritus,Mackenziaena,Thamnophilidae,3,Medio
3889,Mackenziaena severa,Nyctidromus albicollis,Synallaxis ruficapilla,Geotrygon montana,Geotrygon montana,Celeus galeatus,Hydropsalis torquata,Hypoedaleus guttatus,Synallaxis ruficapilla,Synallaxis ruficapilla,Synallaxis ruficapilla,Nyctidromus albicollis,Mackenziaena,Thamnophilidae,3,Medio
3890,Mackenziaena severa,Mackenziaena severa,Mackenziaena severa,Mackenziaena severa,Mackenziaena severa,Mackenziaena severa,Mackenziaena severa,Mackenziaena severa,Mackenziaena severa,Mackenziaena severa,Mackenziaena severa,Mackenziaena severa,Mackenziaena,Thamnophilidae,3,Medio
3891,Mackenziaena severa,Mackenziaena severa,Mackenziaena severa,Mackenziaena severa,Mackenziaena severa,Mackenziaena severa,Mackenziaena severa,Mackenziaena severa,Mackenziaena severa,Mackenziaena severa,Mackenziaena severa,Mackenziaena severa,Mackenziaena,Thamnophilidae,3,Medio
3892,Mackenziaena severa,Hypoedaleus guttatus,Synallaxis ruficapilla,Biatas nigropectus,Biatas nigropectus,Hypoedaleus guttatus,Hypoedaleus guttatus,Habia rubica,Synallaxis ruficapilla,Synallaxis ruficapilla,Synallaxis ruficapilla,Hypoedaleus guttatus,Mackenziaena,Thamnophilidae,3,Medio
3893,Mackenziaena severa,Sapajus nigritus,Cyanoloxia brissonii,Cyanoloxia brissonii,Cyanoloxia brissonii,Sapajus nigritus,Sapajus nigritus,Alouatta caraya,Cyanoloxia brissonii,Cyanoloxia brissonii,Cyanoloxia brissonii,Sapajus nigritus,Mackenziaena,Thamnophilidae,3,Medio
3894,Mackenziaena severa,Mackenziaena severa,Mackenziaena severa,Biatas nigropectus,Mackenziaena severa,Mackenziaena severa,Pyriglena leucoptera,Mackenziaena severa,Mackenziaena severa,Mackenziaena severa,Mackenziaena severa,Mackenziaena severa,Mackenziaena,Thamnophilidae,3,Medio
3895,Mackenziaena severa,Mackenziaena severa,Mackenziaena severa,Mackenziaena severa,Mackenziaena severa,Mackenziaena severa,Mackenziaena severa,Mackenziaena severa,Mackenziaena severa,Mackenziaena severa,Mackenziaena severa,Mackenziaena severa,Mackenziaena,Thamnophilidae,3,Medio
3896,Mackenziaena severa,Odontophorus capueira,Mackenziaena severa,Mackenziaena severa,Mackenziaena severa,Mackenziaena severa,Mackenziaena severa,Odontophorus capueira,Mackenziaena severa,Mackenziaena severa,Mackenziaena severa,Odontophorus capueira,Mackenziaena,Thamnophilidae,3,Medio
3897,Mackenziaena severa,Pyriglena leucoptera,Habia rubica,Habia rubica,Mackenziaena severa,Synallaxis ruficapilla,Pyriglena leucoptera,Baryphthengus ruficapillus,Habia rubica,Habia rubica,Habia rubica,Pyriglena leucoptera,Mackenziaena,Thamnophilidae,3,Medio
3899,Mackenziaena severa,Mackenziaena severa,Mackenziaena severa,Mackenziaena severa,Mackenziaena severa,Mackenziaena severa,Tachyphonus coronatus,Cyanoloxia brissonii,Mackenziaena severa,Mackenziaena severa,Mackenziaena severa,Tachyphonus coronatus,Mackenziaena,Thamnophilidae,3,Medio
3900,Mackenziaena severa,Mackenziaena severa,Mackenziaena severa,Mackenziaena severa,Mackenziaena severa,Celeus galeatus,Mackenziaena severa,Mackenziaena severa,Mackenziaena severa,Mackenziaena severa,Mackenziaena severa,Mackenziaena severa,Mackenziaena,Thamnophilidae,3,Medio
3901,Mackenziaena severa,Pyriglena leucoptera,Myiothlypis leucoblephara,Habia rubica,Brotogeris chiriri,Myiothlypis leucoblephara,Pyriglena leucoptera,Pyriglena leucoptera,Myiothlypis leucoblephara,Myiothlypis leucoblephara,Myiothlypis leucoblephara,Pyriglena leucoptera,Mackenziaena,Thamnophilidae,3,Medio
3902,Mackenziaena severa,Mackenziaena severa,Pyriglena leucoptera,Mackenziaena severa,Mackenziaena severa,Mackenziaena severa,Cyanocorax chrysops,Cyanocorax chrysops,Pyriglena leucoptera,Pyriglena leucoptera,Pyriglena leucoptera,Mackenziaena severa,Mackenziaena,Thamnophilidae,3,Medio
3903,Mackenziaena severa,Mackenziaena severa,Mackenziaena severa,Mackenziaena severa,Mackenziaena severa,Mackenziaena severa,Habia rubica,Mackenziaena severa,Mackenziaena severa,Mackenziaena severa,Mackenziaena severa,Mackenziaena severa,Mackenziaena,Thamnophilidae,3,Medio
3904,Mackenziaena severa,Hypoedaleus guttatus,Conopophaga lineata vulgaris,Conopophaga lineata vulgaris,Conopophaga lineata vulgaris,Hypoedaleus guttatus,Hypoedaleus guttatus,Hypoedaleus guttatus,Conopophaga lineata vulgaris,Conopophaga lineata vulgaris,Conopophaga lineata vulgaris,Hypoedaleus guttatus,Mackenziaena,Thamnophilidae,3,Medio
3908,Mackenziaena severa,Mackenziaena severa,Mackenziaena severa,Mackenziaena severa,Cyanoloxia brissonii,Mackenziaena severa,Pyriglena leucoptera,Mackenziaena severa,Mackenziaena severa,Mackenziaena severa,Mackenziaena severa,Mackenziaena severa,Mackenziaena,Thamnophilidae,3,Medio
3909,Mackenziaena severa,Mackenziaena severa,Mackenziaena severa,Mackenziaena severa,Mackenziaena severa,Mackenziaena severa,Mackenziaena severa,Mackenziaena severa,Mackenziaena severa,Mackenziaena severa,Mackenziaena severa,Mackenziaena severa,Mackenziaena,Thamnophilidae,3,Medio
3911,Mackenziaena severa,Mackenziaena severa,Mackenziaena severa,Mackenziaena severa,Mackenziaena severa,Mackenziaena severa,Mackenziaena severa,Conopophaga lineata,Mackenziaena severa,Mackenziaena severa,Mackenziaena severa,Mackenziaena severa,Mackenziaena,Thamnophilidae,3,Medio
3912,Mackenziaena severa,Mackenziaena severa,Synallaxis ruficapilla,Synallaxis ruficapilla,Synallaxis ruficapilla,Alouatta guariba clamitans,Hypoedaleus guttatus,Baryphthengus ruficapillus,Synallaxis ruficapilla,Synallaxis ruficapilla,Synallaxis ruficapilla,Mackenziaena severa,Mackenziaena,Thamnophilidae,3,Medio
3913,Mackenziaena severa,Mackenziaena severa,Mackenziaena severa,Mackenziaena severa,Mackenziaena severa,Mackenziaena severa,Pyriglena leucoptera,Cyanocorax chrysops,Mackenziaena severa,Mackenziaena severa,Mackenziaena severa,Mackenziaena severa,Mackenziaena,Thamnophilidae,3,Medio
3914,Mackenziaena severa,Pyriglena leucoptera,Tachyphonus coronatus,Mackenziaena severa,Pyriglena leucoptera,Pyriglena leucoptera,Pyriglena leucoptera,Pyriglena leucoptera,Tachyphonus coronatus,Tachyphonus coronatus,Tachyphonus coronatus,Pyriglena leucoptera,Mackenziaena,Thamnophilidae,3,Medio
3915,Mackenziaena severa,Mackenziaena severa,Mackenziaena severa,Mackenziaena severa,Mackenziaena severa,Mackenziaena severa,Mackenziaena severa,Mackenziaena severa,Mackenziaena severa,Mackenziaena severa,Mackenziaena severa,Mackenziaena severa,Mackenziaena,Thamnophilidae,3,Medio
3916,Mackenziaena severa,Mackenziaena severa,Mackenziaena severa,Mackenziaena severa,Mackenziaena severa,Mackenziaena severa,Pyriglena leucoptera,Mackenziaena severa,Mackenziaena severa,Mackenziaena severa,Mackenziaena severa,Mackenziaena severa,Mackenziaena,Thamnophilidae,3,Medio
3917,Mackenziaena severa,Mackenziaena severa,Tachyphonus coronatus,Mackenziaena severa,Mackenziaena leachii,Mackenziaena severa,Pyriglena leucoptera,Synallaxis ruficapilla,Tachyphonus coronatus,Tachyphonus coronatus,Tachyphonus coronatus,Mackenziaena severa,Mackenziaena,Thamnophilidae,3,Medio
3918,Mackenziaena severa,Mackenziaena severa,Cyanoloxia brissonii,Mackenziaena severa,Mackenziaena severa,Mackenziaena severa,Pyriglena leucoptera,Mackenziaena severa,Cyanoloxia brissonii,Cyanoloxia brissonii,Cyanoloxia brissonii,Mackenziaena severa,Mackenziaena,Thamnophilidae,3,Medio
3919,Mackenziaena severa,Mackenziaena severa,Mackenziaena severa,Mackenziaena severa,Mackenziaena severa,Mackenziaena severa,Pyriglena leucoptera,Mackenziaena severa,Mackenziaena severa,Mackenziaena severa,Mackenziaena severa,Mackenziaena severa,Mackenziaena,Thamnophilidae,3,Medio
3920,Mackenziaena severa,Herpailurus yagouaroundi,Didelphis aurita,Didelphis aurita,Conopophaga lineata,Sapajus nigritus,Sapajus nigritus,Sapajus nigritus,Didelphis aurita,Didelphis aurita,Didelphis aurita,Herpailurus yagouaroundi,Mackenziaena,Thamnophilidae,3,Medio
3921,Mackenziaena severa,Pyriglena leucoptera,Penelope superciliaris,Habia rubica,Synallaxis ruficapilla,Habia rubica,Pyriglena leucoptera,Habia rubica,Penelope superciliaris,Penelope superciliaris,Penelope superciliaris,Pyriglena leucoptera,Mackenziaena,Thamnophilidae,3,Medio
3923,Mackenziaena severa,Mackenziaena severa,Mackenziaena severa,Mackenziaena severa,Mackenziaena severa,Mackenziaena severa,Mackenziaena severa,Mackenziaena severa,Mackenziaena severa,Mackenziaena severa,Mackenziaena severa,Mackenziaena severa,Mackenziaena,Thamnophilidae,3,Medio
3925,Mackenziaena severa,Mackenziaena severa,Mackenziaena severa,Hypoedaleus guttatus,Mackenziaena severa,Mackenziaena severa,Mackenziaena severa,Penelope superciliaris,Mackenziaena severa,Mackenziaena severa,Mackenziaena severa,Mackenziaena severa,Mackenziaena,Thamnophilidae,3,Medio
3926,Pyriglena leucoptera,Tachyphonus coronatus,Pyriglena leucoptera,Pyriglena leucoptera,Mackenziaena severa,Tachyphonus coronatus,Tachyphonus coronatus,Tachyphonus coronatus,Pyriglena leucoptera,Pyriglena leucoptera,Pyriglena leucoptera,Tachyphonus coronatus,Pyriglena,Thamnophilidae,3,Medio
3927,Pyriglena leucoptera,Tachyphonus coronatus,Pyriglena leucoptera,Pyriglena leucoptera,Pyriglena leucoptera,Pyriglena leucoptera,Tachyphonus coronatus,Pyriglena leucoptera,Pyriglena leucoptera,Pyriglena leucoptera,Pyriglena leucoptera,Tachyphonus coronatus,Pyriglena,Thamnophilidae,3,Medio
3929,Pyriglena leucoptera,Pyriglena leucoptera,Mackenziaena severa,Pyriglena leucoptera,Pyriglena leucoptera,Pyriglena leucoptera,Pyriglena leucoptera,Pyriglena leucoptera,Mackenziaena severa,Mackenziaena severa,Mackenziaena severa,Pyriglena leucoptera,Pyriglena,Thamnophilidae,3,Medio
3930,Pyriglena leucoptera,Cyanocorax chrysops,Pyriglena leucoptera,Pyriglena leucoptera,Pyriglena leucoptera,Cyanocorax chrysops,Tachyphonus coronatus,Tachyphonus coronatus,Pyriglena leucoptera,Pyriglena leucoptera,Pyriglena leucoptera,Cyanocorax chrysops,Pyriglena,Thamnophilidae,3,Medio
3931,Pyriglena leucoptera,Pyriglena leucoptera,Conopophaga lineata,Biatas nigropectus,Biatas nigropectus,Hypoedaleus guttatus,Hypoedaleus guttatus,Hypoedaleus guttatus,Conopophaga lineata,Conopophaga lineata,Conopophaga lineata,Pyriglena leucoptera,Pyriglena,Thamnophilidae,3,Medio
3932,Pyriglena leucoptera,Tachyphonus coronatus,Pyriglena leucoptera,Pyriglena leucoptera,Pyriglena leucoptera,Pyriglena leucoptera,Tachyphonus coronatus,Cyanoloxia brissonii,Pyriglena leucoptera,Pyriglena leucoptera,Pyriglena leucoptera,Tachyphonus coronatus,Pyriglena,Thamnophilidae,3,Medio
3933,Pyriglena leucoptera,Conopophaga lineata,Conopophaga lineata,Conopophaga lineata,Conopophaga lineata,Conopophaga lineata,Conopophaga lineata,Conopophaga lineata,Conopophaga lineata,Conopophaga lineata,Conopophaga lineata,Conopophaga lineata,Pyriglena,Thamnophilidae,3,Medio
3936,Pyriglena leucoptera,Pyriglena leucoptera,Pyriglena leucoptera,Hypoedaleus guttatus,Hypoedaleus guttatus,Pyriglena leucoptera,Pyriglena leucoptera,Hypoedaleus guttatus,Pyriglena leucoptera,Pyriglena leucoptera,Pyriglena leucoptera,Pyriglena leucoptera,Pyriglena,Thamnophilidae,3,Medio
3937,Pyriglena leucoptera,Conopophaga lineata,Turdus albicollis,Synallaxis ruficapilla,Synallaxis ruficapilla,Conopophaga lineata,Conopophaga lineata,Conopophaga lineata,Turdus albicollis,Turdus albicollis,Turdus albicollis,Myiothlypis leucoblephara,Pyriglena,Thamnophilidae,3,Medio
3938,Pyriglena leucoptera,Habia rubica,Habia rubica,Conopophaga lineata,Conopophaga lineata,Habia rubica,Habia rubica,Pyriglena leucoptera,Habia rubica,Habia rubica,Habia rubica,Habia rubica,Pyriglena,Thamnophilidae,3,Medio
3939,Pyriglena leucoptera,Pyriglena leucoptera,Penelope superciliaris,Habia rubica,Baryphthengus ruficapillus,Turdus albicollis,Pyriglena leucoptera,Hypoedaleus guttatus,Penelope superciliaris,Penelope superciliaris,Penelope superciliaris,Pyriglena leucoptera,Pyriglena,Thamnophilidae,3,Medio
3940,Pyriglena leucoptera,Pyriglena leucoptera,Pyriglena leucoptera,Mackenziaena severa,Manacus manacus,Pyriglena leucoptera,Pyriglena leucoptera,Cyanoloxia brissonii,Pyriglena leucoptera,Pyriglena leucoptera,Pyriglena leucoptera,Pyriglena leucoptera,Pyriglena,Thamnophilidae,3,Medio
3941,Pyriglena leucoptera,Mackenziaena severa,Pyriglena leucoptera,Mackenziaena severa,Pyriglena leucoptera,Pyriglena leucoptera,Pyriglena leucoptera,Pyriglena leucoptera,Pyriglena leucoptera,Pyriglena leucoptera,Pyriglena leucoptera,Mackenziaena severa,Pyriglena,Thamnophilidae,3,Medio
3942,Pyriglena leucoptera,Tachyphonus coronatus,Pyriglena leucoptera,Pyriglena leucoptera,Cyanoloxia brissonii,Pyriglena leucoptera,Cyanoloxia brissonii,Pyriglena leucoptera,Pyriglena leucoptera,Pyriglena leucoptera,Pyriglena leucoptera,Tachyphonus coronatus,Pyriglena,Thamnophilidae,3,Medio
3943,Pyriglena leucoptera,Pyriglena leucoptera,Mackenziaena severa,Pyriglena leucoptera,Pyriglena leucoptera,Pyriglena leucoptera,Pyriglena leucoptera,Pyriglena leucoptera,Mackenziaena severa,Mackenziaena severa,Mackenziaena severa,Pyriglena leucoptera,Pyriglena,Thamnophilidae,3,Medio
3944,Pyriglena leucoptera,Mackenziaena severa,Pyriglena leucoptera,Mackenziaena severa,Mackenziaena severa,Mackenziaena severa,Tachyphonus coronatus,Pyriglena leucoptera,Pyriglena leucoptera,Pyriglena leucoptera,Pyriglena leucoptera,Mackenziaena severa,Pyriglena,Thamnophilidae,3,Medio
3945,Pyriglena leucoptera,Myiothlypis leucoblephara,Habia rubica,Habia rubica,Habia rubica,Myiothlypis leucoblephara,Hypoedaleus guttatus,Hypoedaleus guttatus,Habia rubica,Habia rubica,Habia rubica,Myiothlypis leucoblephara,Pyriglena,Thamnophilidae,3,Medio
3946,Pyriglena leucoptera,Salvator merianae,Chamaeza campanisona,Chamaeza campanisona,Chamaeza campanisona,Salvator merianae,Salvator merianae,Salvator merianae,Chamaeza campanisona,Chamaeza campanisona,Chamaeza campanisona,Salvator merianae,Pyriglena,Thamnophilidae,3,Medio
3947,Pyriglena leucoptera,Pyriglena leucoptera,Myiothlypis leucoblephara,Hypoedaleus guttatus,Biatas nigropectus,Pyriglena leucoptera,Pyriglena leucoptera,Turdus albicollis,Myiothlypis leucoblephara,Myiothlypis leucoblephara,Myiothlypis leucoblephara,Pyriglena leucoptera,Pyriglena,Thamnophilidae,3,Medio
3948,Pyriglena leucoptera,Conopophaga lineata,Conopophaga lineata,Pyriglena leucoptera,Pyriglena leucoptera,Pyriglena leucoptera,Conopophaga lineata,Pyriglena leucoptera,Conopophaga lineata,Conopophaga lineata,Conopophaga lineata,Conopophaga lineata,Pyriglena,Thamnophilidae,3,Medio
3949,Pyriglena leucoptera,Conopophaga lineata,Conopophaga lineata,Conopophaga lineata,Conopophaga lineata,Conopophaga lineata,Conopophaga lineata,Conopophaga lineata,Conopophaga lineata,Conopophaga lineata,Conopophaga lineata,Conopophaga lineata,Pyriglena,Thamnophilidae,3,Medio
3951,Pyriglena leucoptera,Pyriglena leucoptera,Tachyphonus coronatus,Myiothlypis leucoblephara,Mackenziaena severa,Pyriglena leucoptera,Pyriglena leucoptera,Pyriglena leucoptera,Tachyphonus coronatus,Tachyphonus coronatus,Tachyphonus coronatus,Pyriglena leucoptera,Pyriglena,Thamnophilidae,3,Medio
3952,Pyriglena leucoptera,Tachyphonus coronatus,Pyriglena leucoptera,Pyriglena leucoptera,Mackenziaena severa,Tachyphonus coronatus,Tachyphonus coronatus,Tachyphonus coronatus,Pyriglena leucoptera,Pyriglena leucoptera,Pyriglena leucoptera,Tachyphonus coronatus,Pyriglena,Thamnophilidae,3,Medio
3953,Pyriglena leucoptera,Pyriglena leucoptera,Mackenziaena severa,Mackenziaena severa,Mackenziaena severa,Pyriglena leucoptera,Tachyphonus coronatus,Biatas nigropectus,Mackenziaena severa,Mackenziaena severa,Mackenziaena severa,Pyriglena leucoptera,Pyriglena,Thamnophilidae,3,Medio
3954,Pyriglena leucoptera,Pyriglena leucoptera,Pyriglena leucoptera,Pyriglena leucoptera,Mackenziaena severa,Pyriglena leucoptera,Pyriglena leucoptera,Pyriglena leucoptera,Pyriglena leucoptera,Pyriglena leucoptera,Pyriglena leucoptera,Pyriglena leucoptera,Pyriglena,Thamnophilidae,3,Medio
3955,Pyriglena leucoptera,Tachyphonus coronatus,Mackenziaena severa,Mackenziaena severa,Mackenziaena severa,Tachyphonus coronatus,Tachyphonus coronatus,Tachyphonus coronatus,Mackenziaena severa,Mackenziaena severa,Mackenziaena severa,Tachyphonus coronatus,Pyriglena,Thamnophilidae,3,Medio
3958,Pyriglena leucoptera,Tachyphonus coronatus,Pyriglena leucoptera,Pyriglena leucoptera,Pyriglena leucoptera,Pyriglena leucoptera,Cyanoloxia brissonii,Pyriglena leucoptera,Pyriglena leucoptera,Pyriglena leucoptera,Pyriglena leucoptera,Tachyphonus coronatus,Pyriglena,Thamnophilidae,3,Medio
3959,Pyriglena leucoptera,Tachyphonus coronatus,Mackenziaena severa,Mackenziaena severa,Mackenziaena severa,Tachyphonus coronatus,Cyanoloxia brissonii,Tachyphonus coronatus,Mackenziaena severa,Mackenziaena severa,Mackenziaena severa,Tachyphonus coronatus,Pyriglena,Thamnophilidae,3,Medio
3960,Pyriglena leucoptera,Pyriglena leucoptera,Tachyphonus coronatus,Mackenziaena severa,Mackenziaena severa,Pyriglena leucoptera,Pyriglena leucoptera,Pyriglena leucoptera,Tachyphonus coronatus,Tachyphonus coronatus,Tachyphonus coronatus,Pyriglena leucoptera,Pyriglena,Thamnophilidae,3,Medio
3961,Pyriglena leucoptera,Pyriglena leucoptera,Pyriglena leucoptera,Pyriglena leucoptera,Pyriglena leucoptera,Pyriglena leucoptera,Pyriglena leucoptera,Pyriglena leucoptera,Pyriglena leucoptera,Pyriglena leucoptera,Pyriglena leucoptera,Pyriglena leucoptera,Pyriglena,Thamnophilidae,3,Medio
3965,Pyriglena leucoptera,Pyriglena leucoptera,Conopophaga lineata,Conopophaga lineata,Conopophaga lineata,Conopophaga lineata,Conopophaga lineata,Pyriglena leucoptera,Conopophaga lineata,Conopophaga lineata,Conopophaga lineata,Pyriglena leucoptera,Pyriglena,Thamnophilidae,3,Medio
3966,Pyriglena leucoptera,Tachyphonus coronatus,Mackenziaena severa,Mackenziaena severa,Mackenziaena severa,Tachyphonus coronatus,Cyanoloxia brissonii,Pyriglena leucoptera,Mackenziaena severa,Mackenziaena severa,Mackenziaena severa,Tachyphonus coronatus,Pyriglena,Thamnophilidae,3,Medio
3967,Pyriglena leucoptera,Pyriglena leucoptera,Turdus albicollis,Crypturellus obsoletus,Crypturellus obsoletus,Conopophaga lineata,Pyriglena leucoptera,Pyriglena leucoptera,Turdus albicollis,Turdus albicollis,Turdus albicollis,Pyriglena leucoptera,Pyriglena,Thamnophilidae,3,Medio
3968,Pyriglena leucoptera,Pyriglena leucoptera,Cyanoloxia brissonii,Cyanoloxia brissonii,Pyriglena leucoptera,Tachyphonus coronatus,Pyriglena leucoptera,Tachyphonus coronatus,Cyanoloxia brissonii,Cyanoloxia brissonii,Cyanoloxia brissonii,Pyriglena leucoptera,Pyriglena,Thamnophilidae,3,Medio
3969,Pyriglena leucoptera,Tachyphonus coronatus,Cyanoloxia brissonii,Pyriglena leucoptera,Pyriglena leucoptera,Tachyphonus coronatus,Tachyphonus coronatus,Pyriglena leucoptera,Cyanoloxia brissonii,Cyanoloxia brissonii,Cyanoloxia brissonii,Tachyphonus coronatus,Pyriglena,Thamnophilidae,3,Medio
3970,Pyriglena leucoptera,Crypturellus tataupa,Crypturellus tataupa,Aramides saracura,Aramides saracura,Myiothlypis leucoblephara,Myiothlypis leucoblephara,Mackenziaena severa,Crypturellus tataupa,Crypturellus tataupa,Crypturellus tataupa,Crypturellus tataupa,Pyriglena,Thamnophilidae,3,Medio
3971,Pyriglena leucoptera,Tachyphonus coronatus,Pyriglena leucoptera,Pyriglena leucoptera,Pyriglena leucoptera,Tachyphonus coronatus,Tachyphonus coronatus,Tachyphonus coronatus,Pyriglena leucoptera,Pyriglena leucoptera,Pyriglena leucoptera,Tachyphonus coronatus,Pyriglena,Thamnophilidae,3,Medio
3972,Pyriglena leucoptera,Mackenziaena severa,Pyriglena leucoptera,Cyanoloxia brissonii,Alouatta guariba clamitans,Mackenziaena severa,Pyriglena leucoptera,Cyanoloxia brissonii,Pyriglena leucoptera,Pyriglena leucoptera,Pyriglena leucoptera,Mackenziaena severa,Pyriglena,Thamnophilidae,3,Medio
3975,Pyriglena leucoptera,Synallaxis ruficapilla,Pyriglena leucoptera,Pyriglena leucoptera,Mackenziaena severa,Synallaxis ruficapilla,Synallaxis ruficapilla,Pyriglena leucoptera,Pyriglena leucoptera,Pyriglena leucoptera,Pyriglena leucoptera,Synallaxis ruficapilla,Pyriglena,Thamnophilidae,3,Medio
3976,Pyriglena leucoptera,Pyriglena leucoptera,Tachyphonus coronatus,Mackenziaena severa,Pyriglena leucoptera,Tachyphonus coronatus,Tachyphonus coronatus,Mackenziaena severa,Tachyphonus coronatus,Tachyphonus coronatus,Tachyphonus coronatus,Pyriglena leucoptera,Pyriglena,Thamnophilidae,3,Medio
3977,Pyriglena leucoptera,Conopophaga lineata,Conopophaga lineata,Pyriglena leucoptera,Conopophaga lineata,Pyriglena leucoptera,Conopophaga lineata,Conopophaga lineata,Conopophaga lineata,Conopophaga lineata,Conopophaga lineata,Conopophaga lineata,Pyriglena,Thamnophilidae,3,Medio
3979,Pyriglena leucoptera,Myiothlypis leucoblephara,Turdus albicollis,Crypturellus obsoletus,Crypturellus obsoletus,Conopophaga lineata,Pyriglena leucoptera,Myiothlypis leucoblephara,Turdus albicollis,Turdus albicollis,Turdus albicollis,Myiothlypis leucoblephara,Pyriglena,Thamnophilidae,3,Medio
3980,Pyriglena leucoptera,Pyriglena leucoptera,Odontophorus capueira,Odontophorus capueira,Tachyphonus coronatus,Pyriglena leucoptera,Pyriglena leucoptera,Cyanocorax chrysops,Odontophorus capueira,Odontophorus capueira,Odontophorus capueira,Pyriglena leucoptera,Pyriglena,Thamnophilidae,3,Medio
3981,Pyriglena leucoptera,Penelope superciliaris,Cyanoloxia brissonii,Alouatta guariba clamitans,Alouatta guariba clamitans,Pipile jacutinga,Penelope superciliaris,Pipile jacutinga,Cyanoloxia brissonii,Cyanoloxia brissonii,Cyanoloxia brissonii,Penelope superciliaris,Pyriglena,Thamnophilidae,3,Medio
3982,Pyriglena leucoptera,Pyriglena leucoptera,Conopophaga lineata,Conopophaga lineata,Pyriglena leucoptera,Turdus albicollis,Hypoedaleus guttatus,Turdus albicollis,Conopophaga lineata,Conopophaga lineata,Conopophaga lineata,Pyriglena leucoptera,Pyriglena,Thamnophilidae,3,Medio
3983,Pyriglena leucoptera,Cyanocorax chrysops,Pyriglena leucoptera,Pyriglena leucoptera,Pyriglena leucoptera,Cyanocorax chrysops,Cyanocorax chrysops,Cyanocorax chrysops,Pyriglena leucoptera,Pyriglena leucoptera,Pyriglena leucoptera,Cyanocorax chrysops,Pyriglena,Thamnophilidae,3,Medio
3984,Pyriglena leucoptera,Mackenziaena severa,Myiothlypis leucoblephara,Mackenziaena severa,Cyanoloxia brissonii,Mackenziaena severa,Pyriglena leucoptera,Mackenziaena severa,Myiothlypis leucoblephara,Myiothlypis leucoblephara,Myiothlypis leucoblephara,Mackenziaena severa,Pyriglena,Thamnophilidae,3,Medio
3985,Pyriglena leucoptera,Pyriglena leucoptera,Pyriglena leucoptera,Pyriglena leucoptera,Mackenziaena severa,Pyriglena leucoptera,Pyriglena leucoptera,Pyriglena leucoptera,Pyriglena leucoptera,Pyriglena leucoptera,Pyriglena leucoptera,Pyriglena leucoptera,Pyriglena,Thamnophilidae,3,Medio
3986,Pyriglena leucoptera,Conopophaga lineata,Conopophaga lineata,Conopophaga lineata,Conopophaga lineata,Pyriglena leucoptera,Conopophaga lineata,Synallaxis ruficapilla,Conopophaga lineata,Conopophaga lineata,Conopophaga lineata,Conopophaga lineata,Pyriglena,Thamnophilidae,3,Medio
3987,Sporophila pileata,Sporophila pileata,Sporophila pileata,Sporophila pileata,Sporophila pileata,Sporophila pileata,Sporophila pileata,Sporophila pileata,Sporophila pileata,Sporophila pileata,Sporophila pileata,Sporophila pileata,Sporophila,Thraupidae,4,Alto
3990,Sporophila pileata,Sporophila pileata,Sporophila pileata,Sporophila pileata,Sporophila pileata,Sporophila pileata,Sporophila pileata,Sporophila pileata,Sporophila pileata,Sporophila pileata,Sporophila pileata,Sporophila pileata,Sporophila,Thraupidae,4,Alto
3991,Sporophila pileata,Lepus europaeus,Sporophila pileata,Lontra longicaudis,Crypturellus obsoletus,Nothura maculosa,Salvator merianae,Lepus europaeus,Sporophila pileata,Sporophila pileata,Sporophila pileata,Lepus europaeus,Sporophila,Thraupidae,4,Alto
3995,Sporophila pileata,Sporophila pileata,Sporophila pileata,Sporophila pileata,Sporophila pileata,Sporophila pileata,Sporophila pileata,Sporophila pileata,Sporophila pileata,Sporophila pileata,Sporophila pileata,Sporophila pileata,Sporophila,Thraupidae,4,Alto
3996,Sporophila pileata,Sporophila pileata,Sporophila pileata,Sporophila pileata,Sporophila pileata,Sporophila pileata,Sporophila pileata,Sporophila pileata,Sporophila pileata,Sporophila pileata,Sporophila pileata,Sporophila pileata,Sporophila,Thraupidae,4,Alto
3997,Sporophila pileata,Sporophila pileata,Sporophila pileata,Sporophila pileata,Sporophila pileata,Sporophila pileata,Sporophila pileata,Gubernetes yetapa,Sporophila pileata,Sporophila pileata,Sporophila pileata,Sporophila pileata,Sporophila,Thraupidae,4,Alto
3998,Sporophila pileata,Sporophila pileata,Sporophila pileata,Sporophila pileata,Sporophila pileata,Sporophila pileata,Sporophila pileata,Gubernetes yetapa,Sporophila pileata,Sporophila pileata,Sporophila pileata,Sporophila pileata,Sporophila,Thraupidae,4,Alto
3999,Sporophila pileata,Sporophila pileata,Sporophila pileata,Sporophila pileata,Sporophila pileata,Sporophila pileata,Sporophila pileata,Cyanoloxia brissonii,Sporophila pileata,Sporophila pileata,Sporophila pileata,Sporophila pileata,Sporophila,Thraupidae,4,Alto
4000,Sporophila pileata,Sporophila pileata,Sporophila pileata,Sporophila pileata,Sporophila pileata,Sporophila pileata,Sporophila pileata,Crypturellus obsoletus,Sporophila pileata,Sporophila pileata,Sporophila pileata,Sporophila pileata,Sporophila,Thraupidae,4,Alto
4001,Sporophila pileata,Sporophila pileata,Sporophila pileata,Sporophila pileata,Sporophila pileata,Sporophila pileata,Sporophila pileata,Gubernetes yetapa,Sporophila pileata,Sporophila pileata,Sporophila pileata,Sporophila pileata,Sporophila,Thraupidae,4,Alto
4002,Sporophila pileata,Sporophila pileata,Sporophila pileata,Sporophila pileata,Sporophila pileata,Sporophila pileata,Sporophila pileata,Sporophila pileata,Sporophila pileata,Sporophila pileata,Sporophila pileata,Sporophila pileata,Sporophila,Thraupidae,4,Alto
4003,Sporophila pileata,Sporophila pileata,Sporophila pileata,Sporophila pileata,Sporophila pileata,Sporophila pileata,Sporophila pileata,Sporophila pileata,Sporophila pileata,Sporophila pileata,Sporophila pileata,Sporophila pileata,Sporophila,Thraupidae,4,Alto
4004,Sporophila pileata,Sporophila pileata,Sporophila pileata,Sporophila pileata,Sporophila pileata,Sporophila pileata,Sporophila pileata,Sporophila pileata,Sporophila pileata,Sporophila pileata,Sporophila pileata,Sporophila pileata,Sporophila,Thraupidae,4,Alto
4005,Sporophila pileata,Sporophila pileata,Gubernetes yetapa,Sporophila pileata,Sporophila pileata,Sporophila pileata,Sporophila pileata,Sporophila pileata,Gubernetes yetapa,Gubernetes yetapa,Gubernetes yetapa,Sporophila pileata,Sporophila,Thraupidae,4,Alto
4006,Sporophila pileata,Sporophila pileata,Sporophila pileata,Sporophila pileata,Sporophila pileata,Sporophila pileata,Sporophila pileata,Sporophila pileata,Sporophila pileata,Sporophila pileata,Sporophila pileata,Sporophila pileata,Sporophila,Thraupidae,4,Alto
4007,Sporophila pileata,Sporophila pileata,Gubernetes yetapa,Sporophila pileata,Sporophila pileata,Sporophila pileata,Sporophila pileata,Sporophila pileata,Gubernetes yetapa,Gubernetes yetapa,Gubernetes yetapa,Sporophila pileata,Sporophila,Thraupidae,4,Alto
4008,Sporophila pileata,Sporophila pileata,Sporophila pileata,Sporophila pileata,Sporophila pileata,Sporophila pileata,Sporophila pileata,Sporophila pileata,Sporophila pileata,Sporophila pileata,Sporophila pileata,Sporophila pileata,Sporophila,Thraupidae,4,Alto
4010,Sporophila pileata,Sporophila pileata,Sporophila pileata,Sporophila pileata,Sporophila pileata,Sporophila pileata,Sporophila pileata,Sporophila pileata,Sporophila pileata,Sporophila pileata,Sporophila pileata,Sporophila pileata,Sporophila,Thraupidae,4,Alto
4011,Sporophila pileata,Sporophila pileata,Sporophila pileata,Sporophila pileata,Sporophila pileata,Sporophila pileata,Sporophila pileata,Sporophila pileata,Sporophila pileata,Sporophila pileata,Sporophila pileata,Sporophila pileata,Sporophila,Thraupidae,4,Alto
4012,Sporophila pileata,Sporophila pileata,Sporophila pileata,Sporophila pileata,Sporophila pileata,Sporophila pileata,Sporophila pileata,Sporophila pileata,Sporophila pileata,Sporophila pileata,Sporophila pileata,Sporophila pileata,Sporophila,Thraupidae,4,Alto
4013,Sporophila pileata,Sporophila pileata,Notharchus swainsoni,Notharchus swainsoni,Notharchus swainsoni,Sporophila pileata,Sporophila pileata,Sporophila pileata,Notharchus swainsoni,Notharchus swainsoni,Notharchus swainsoni,Sporophila pileata,Sporophila,Thraupidae,4,Alto
4015,Sporophila pileata,Sporophila pileata,Sporophila pileata,Sporophila pileata,Sporophila pileata,Sporophila pileata,Sporophila pileata,Sporophila pileata,Sporophila pileata,Sporophila pileata,Sporophila pileata,Sporophila pileata,Sporophila,Thraupidae,4,Alto
4016,Sporophila pileata,Sporophila pileata,Sporophila pileata,Sporophila pileata,Sporophila pileata,Sporophila pileata,Sporophila pileata,Sporophila pileata,Sporophila pileata,Sporophila pileata,Sporophila pileata,Sporophila pileata,Sporophila,Thraupidae,4,Alto
4017,Sporophila pileata,Sporophila pileata,Sporophila pileata,Sporophila pileata,Sporophila pileata,Sporophila pileata,Sporophila pileata,Sporophila pileata,Sporophila pileata,Sporophila pileata,Sporophila pileata,Sporophila pileata,Sporophila,Thraupidae,4,Alto
4018,Sporophila pileata,Sporophila pileata,Sporophila pileata,Sporophila pileata,Sporophila pileata,Sporophila pileata,Sporophila pileata,Sporophila pileata,Sporophila pileata,Sporophila pileata,Sporophila pileata,Sporophila pileata,Sporophila,Thraupidae,4,Alto
4020,Sporophila pileata,Sporophila pileata,Sporophila pileata,Sporophila pileata,Sporophila pileata,Sporophila pileata,Sporophila pileata,Amazona vinacea,Sporophila pileata,Sporophila pileata,Sporophila pileata,Sporophila pileata,Sporophila,Thraupidae,4,Alto
4021,Sporophila pileata,Sporophila pileata,Sporophila pileata,Sporophila pileata,Sporophila pileata,Sporophila pileata,Sporophila pileata,Sporophila pileata,Sporophila pileata,Sporophila pileata,Sporophila pileata,Sporophila pileata,Sporophila,Thraupidae,4,Alto
4023,Sporophila pileata,Gubernetes yetapa,Sporophila pileata,Gubernetes yetapa,Gubernetes yetapa,Gubernetes yetapa,Gubernetes yetapa,Sporophila pileata,Sporophila pileata,Sporophila pileata,Sporophila pileata,Gubernetes yetapa,Sporophila,Thraupidae,4,Alto
4025,Sporophila pileata,Sporophila pileata,Sporophila pileata,Sporophila pileata,Sporophila pileata,Sporophila pileata,Sporophila pileata,Sporophila pileata,Sporophila pileata,Sporophila pileata,Sporophila pileata,Sporophila pileata,Sporophila,Thraupidae,4,Alto
4026,Sporophila pileata,Sporophila pileata,Sporophila pileata,Sporophila pileata,Sporophila pileata,Sporophila pileata,Sporophila pileata,Sporophila pileata,Sporophila pileata,Sporophila pileata,Sporophila pileata,Sporophila pileata,Sporophila,Thraupidae,4,Alto
4027,Sporophila pileata,Sporophila pileata,Sporophila pileata,Sporophila pileata,Sporophila pileata,Sporophila pileata,Sporophila pileata,Sporophila pileata,Sporophila pileata,Sporophila pileata,Sporophila pileata,Sporophila pileata,Sporophila,Thraupidae,4,Alto
4029,Sporophila pileata,Sporophila pileata,Sporophila pileata,Sporophila pileata,Sporophila pileata,Sporophila pileata,Sporophila pileata,Sporophila pileata,Sporophila pileata,Sporophila pileata,Sporophila pileata,Sporophila pileata,Sporophila,Thraupidae,4,Alto
4030,Sporophila pileata,Sporophila pileata,Sporophila pileata,Sporophila pileata,Sporophila pileata,Sporophila pileata,Sporophila pileata,Sporophila pileata,Sporophila pileata,Sporophila pileata,Sporophila pileata,Sporophila pileata,Sporophila,Thraupidae,4,Alto
4031,Sporophila pileata,Sporophila pileata,Sporophila pileata,Sporophila pileata,Sporophila pileata,Sporophila pileata,Sporophila pileata,Sporophila pileata,Sporophila pileata,Sporophila pileata,Sporophila pileata,Sporophila pileata,Sporophila,Thraupidae,4,Alto
4032,Sporophila pileata,Sporophila pileata,Sporophila pileata,Sporophila pileata,Sporophila pileata,Sporophila pileata,Sporophila pileata,Sporophila pileata,Sporophila pileata,Sporophila pileata,Sporophila pileata,Sporophila pileata,Sporophila,Thraupidae,4,Alto
4033,Sporophila pileata,Sporophila pileata,Sporophila pileata,Sporophila pileata,Sporophila pileata,Sporophila pileata,Gubernetes yetapa,Gubernetes yetapa,Sporophila pileata,Sporophila pileata,Sporophila pileata,Sporophila pileata,Sporophila,Thraupidae,4,Alto
4034,Sporophila pileata,Lepus europaeus,Lepus europaeus,Conopophaga lineata vulgaris,Conopophaga lineata vulgaris,Lepus europaeus,Myiothlypis leucoblephara,Lepus europaeus,Lepus europaeus,Lepus europaeus,Lepus europaeus,Lepus europaeus,Sporophila,Thraupidae,4,Alto
4035,Sporophila pileata,Sporophila pileata,Sporophila pileata,Sporophila pileata,Sporophila pileata,Sporophila pileata,Sporophila pileata,Sporophila pileata,Sporophila pileata,Sporophila pileata,Sporophila pileata,Sporophila pileata,Sporophila,Thraupidae,4,Alto
4036,Sporophila pileata,Sporophila pileata,Sporophila pileata,Sporophila pileata,Sporophila pileata,Sporophila pileata,Sporophila pileata,Sporophila pileata,Sporophila pileata,Sporophila pileata,Sporophila pileata,Sporophila pileata,Sporophila,Thraupidae,4,Alto
4037,Sporophila pileata,Sporophila pileata,Sporophila pileata,Sporophila pileata,Sporophila pileata,Sporophila pileata,Sporophila pileata,Sporophila pileata,Sporophila pileata,Sporophila pileata,Sporophila pileata,Sporophila pileata,Sporophila,Thraupidae,4,Alto
4038,Sporophila pileata,Sporophila pileata,Sporophila pileata,Sporophila pileata,Sporophila pileata,Sporophila pileata,Sporophila pileata,Sporophila pileata,Sporophila pileata,Sporophila pileata,Sporophila pileata,Sporophila pileata,Sporophila,Thraupidae,4,Alto
4039,Sporophila pileata,Sporophila pileata,Sporophila pileata,Sporophila pileata,Sporophila pileata,Sporophila pileata,Sporophila pileata,Gubernetes yetapa,Sporophila pileata,Sporophila pileata,Sporophila pileata,Sporophila pileata,Sporophila,Thraupidae,4,Alto
4040,Sporophila pileata,Sporophila pileata,Sporophila pileata,Sporophila pileata,Sporophila pileata,Sporophila pileata,Sporophila pileata,Sporophila pileata,Sporophila pileata,Sporophila pileata,Sporophila pileata,Sporophila pileata,Sporophila,Thraupidae,4,Alto
4041,Sporophila pileata,Sporophila pileata,Sporophila pileata,Sporophila pileata,Sporophila pileata,Sporophila pileata,Sporophila pileata,Sporophila pileata,Sporophila pileata,Sporophila pileata,Sporophila pileata,Sporophila pileata,Sporophila,Thraupidae,4,Alto
4042,Sporophila pileata,Gubernetes yetapa,Sporophila pileata,Sporophila pileata,Sporophila pileata,Sporophila pileata,Gubernetes yetapa,Gubernetes yetapa,Sporophila pileata,Sporophila pileata,Sporophila pileata,Gubernetes yetapa,Sporophila,Thraupidae,4,Alto
4043,Sporophila pileata,Sporophila pileata,Sporophila pileata,Sporophila pileata,Sporophila pileata,Sporophila pileata,Sporophila pileata,Sporophila pileata,Sporophila pileata,Sporophila pileata,Sporophila pileata,Sporophila pileata,Sporophila,Thraupidae,4,Alto
4044,Sporophila pileata,Sporophila pileata,Sporophila pileata,Sporophila pileata,Sporophila pileata,Sporophila pileata,Sporophila pileata,Sporophila pileata,Sporophila pileata,Sporophila pileata,Sporophila pileata,Sporophila pileata,Sporophila,Thraupidae,4,Alto
4045,Sporophila pileata,Sporophila pileata,Sporophila pileata,Sporophila pileata,Sporophila pileata,Sporophila pileata,Sporophila pileata,Sporophila pileata,Sporophila pileata,Sporophila pileata,Sporophila pileata,Sporophila pileata,Sporophila,Thraupidae,4,Alto
4046,Sporophila pileata,Sporophila pileata,Sporophila pileata,Sporophila pileata,Sporophila pileata,Sporophila pileata,Sporophila pileata,Sporophila pileata,Sporophila pileata,Sporophila pileata,Sporophila pileata,Sporophila pileata,Sporophila,Thraupidae,4,Alto
4048,Tachyphonus coronatus,Tachyphonus coronatus,Tachyphonus coronatus,Mackenziaena severa,Pyriglena leucoptera,Tachyphonus coronatus,Tachyphonus coronatus,Mackenziaena severa,Tachyphonus coronatus,Tachyphonus coronatus,Tachyphonus coronatus,Tachyphonus coronatus,Tachyphonus,Thraupidae,3,Medio
4049,Tachyphonus coronatus,Tachyphonus coronatus,Turdus rufiventris,Turdus rufiventris,Tachyphonus coronatus,Tachyphonus coronatus,Tachyphonus coronatus,Turdus rufiventris,Turdus rufiventris,Turdus rufiventris,Turdus rufiventris,Tachyphonus coronatus,Tachyphonus,Thraupidae,3,Medio
4050,Tachyphonus coronatus,Tachyphonus coronatus,Tachyphonus coronatus,Cyanoloxia brissonii,Mackenziaena severa,Cyanoloxia brissonii,Cyanoloxia brissonii,Cyanoloxia brissonii,Tachyphonus coronatus,Tachyphonus coronatus,Tachyphonus coronatus,Tachyphonus coronatus,Tachyphonus,Thraupidae,3,Medio
4051,Tachyphonus coronatus,Cyanoloxia brissonii,Tachyphonus coronatus,Cyanoloxia brissonii,Cyanoloxia brissonii,Cyanoloxia brissonii,Cyanoloxia brissonii,Cyanoloxia brissonii,Tachyphonus coronatus,Tachyphonus coronatus,Tachyphonus coronatus,Cyanoloxia brissonii,Tachyphonus,Thraupidae,3,Medio
4053,Tachyphonus coronatus,Synallaxis ruficapilla,Synallaxis ruficapilla,Habia rubica,Synallaxis ruficapilla,Synallaxis ruficapilla,Habia rubica,Habia rubica,Synallaxis ruficapilla,Synallaxis ruficapilla,Synallaxis ruficapilla,Synallaxis ruficapilla,Tachyphonus,Thraupidae,3,Medio
4054,Tachyphonus coronatus,Synallaxis ruficapilla,Habia rubica,Habia rubica,Habia rubica,Habia rubica,Conopophaga lineata,Habia rubica,Habia rubica,Habia rubica,Habia rubica,Habia rubica,Tachyphonus,Thraupidae,3,Medio
4055,Tachyphonus coronatus,Tachyphonus coronatus,Baryphthengus ruficapillus,Baryphthengus ruficapillus,Baryphthengus ruficapillus,Tachyphonus coronatus,Tachyphonus coronatus,Baryphthengus ruficapillus,Baryphthengus ruficapillus,Baryphthengus ruficapillus,Baryphthengus ruficapillus,Tachyphonus coronatus,Tachyphonus,Thraupidae,3,Medio
4056,Tachyphonus coronatus,Tachyphonus coronatus,Tachyphonus coronatus,Tachyphonus coronatus,Tachyphonus coronatus,Tachyphonus coronatus,Tachyphonus coronatus,Tachyphonus coronatus,Tachyphonus coronatus,Tachyphonus coronatus,Tachyphonus coronatus,Tachyphonus coronatus,Tachyphonus,Thraupidae,3,Medio
4057,Tachyphonus coronatus,Didelphis albiventris,Aramides saracura,Aramides saracura,Aramides saracura,Galictis cuja,Galictis cuja,Galictis cuja,Aramides saracura,Aramides saracura,Aramides saracura,Herpailurus yagouaroundi,Tachyphonus,Thraupidae,3,Medio
4059,Tachyphonus coronatus,Conopophaga lineata,Chamaeza campanisona,Chamaeza campanisona,Conopophaga lineata,Conopophaga lineata,Conopophaga lineata,Conopophaga lineata,Chamaeza campanisona,Chamaeza campanisona,Chamaeza campanisona,Conopophaga lineata,Tachyphonus,Thraupidae,3,Medio
4060,Tachyphonus coronatus,Mackenziaena severa,Tachyphonus coronatus,Mackenziaena severa,Mackenziaena severa,Mackenziaena severa,Pyriglena leucoptera,Cyanoloxia brissonii,Tachyphonus coronatus,Tachyphonus coronatus,Tachyphonus coronatus,Mackenziaena severa,Tachyphonus,Thraupidae,3,Medio
4061,Tachyphonus coronatus,Tachyphonus coronatus,Tachyphonus coronatus,Tachyphonus coronatus,Tachyphonus coronatus,Tachyphonus coronatus,Cyanoloxia brissonii,Tachyphonus coronatus,Tachyphonus coronatus,Tachyphonus coronatus,Tachyphonus coronatus,Cyanoloxia brissonii,Tachyphonus,Thraupidae,3,Medio
4062,Tachyphonus coronatus,Tachyphonus coronatus,Tachyphonus coronatus,Tachyphonus coronatus,Tachyphonus coronatus,Cyanoloxia brissonii,Cyanoloxia brissonii,Tachyphonus coronatus,Tachyphonus coronatus,Tachyphonus coronatus,Tachyphonus coronatus,Tachyphonus coronatus,Tachyphonus,Thraupidae,3,Medio
4063,Tachyphonus coronatus,Cyanocorax chrysops,Alouatta guariba clamitans,Alouatta guariba clamitans,Alouatta guariba clamitans,Cyanocorax chrysops,Cyanocorax chrysops,Tachyphonus coronatus,Alouatta guariba clamitans,Alouatta guariba clamitans,Alouatta guariba clamitans,Cyanocorax chrysops,Tachyphonus,Thraupidae,3,Medio
4064,Tachyphonus coronatus,Tachyphonus coronatus,Cyanoloxia brissonii,Crypturellus obsoletus,Tachyphonus coronatus,Tachyphonus coronatus,Tachyphonus coronatus,Amazona aestiva,Cyanoloxia brissonii,Cyanoloxia brissonii,Cyanoloxia brissonii,Tachyphonus coronatus,Tachyphonus,Thraupidae,3,Medio
4065,Tachyphonus coronatus,Tachyphonus coronatus,Mackenziaena severa,Cyanoloxia brissonii,Cyanoloxia brissonii,Tachyphonus coronatus,Tachyphonus coronatus,Cyanoloxia brissonii,Mackenziaena severa,Mackenziaena severa,Mackenziaena severa,Tachyphonus coronatus,Tachyphonus,Thraupidae,3,Medio
4066,Tachyphonus coronatus,Cyanocorax chrysops,Cyanocorax chrysops,Cyanocorax chrysops,Cyanocorax chrysops,Cyanocorax chrysops,Cyanocorax chrysops,Cyanocorax chrysops,Cyanocorax chrysops,Cyanocorax chrysops,Cyanocorax chrysops,Cyanocorax chrysops,Tachyphonus,Thraupidae,3,Medio
4067,Tachyphonus coronatus,Tachyphonus coronatus,Tachyphonus coronatus,Tachyphonus coronatus,Tachyphonus coronatus,Tachyphonus coronatus,Tachyphonus coronatus,Cyanocorax chrysops,Tachyphonus coronatus,Tachyphonus coronatus,Tachyphonus coronatus,Tachyphonus coronatus,Tachyphonus,Thraupidae,3,Medio
4068,Tachyphonus coronatus,Tachyphonus coronatus,Tachyphonus coronatus,Tachyphonus coronatus,Cyanoloxia brissonii,Tachyphonus coronatus,Cyanoloxia brissonii,Tachyphonus coronatus,Tachyphonus coronatus,Tachyphonus coronatus,Tachyphonus coronatus,Tachyphonus coronatus,Tachyphonus,Thraupidae,3,Medio
4069,Tachyphonus coronatus,Tachyphonus coronatus,Tachyphonus coronatus,Mackenziaena severa,Cyanoloxia brissonii,Tachyphonus coronatus,Tachyphonus coronatus,Tachyphonus coronatus,Tachyphonus coronatus,Tachyphonus coronatus,Tachyphonus coronatus,Tachyphonus coronatus,Tachyphonus,Thraupidae,3,Medio
4071,Tachyphonus coronatus,Tachyphonus coronatus,Tachyphonus coronatus,Tachyphonus coronatus,Tachyphonus coronatus,Tachyphonus coronatus,Tachyphonus coronatus,Cyanoloxia brissonii,Tachyphonus coronatus,Tachyphonus coronatus,Tachyphonus coronatus,Tachyphonus coronatus,Tachyphonus,Thraupidae,3,Medio
4072,Tachyphonus coronatus,Tachyphonus coronatus,Tachyphonus coronatus,Tachyphonus coronatus,Tachyphonus coronatus,Tachyphonus coronatus,Cyanoloxia brissonii,Cyanoloxia brissonii,Tachyphonus coronatus,Tachyphonus coronatus,Tachyphonus coronatus,Tachyphonus coronatus,Tachyphonus,Thraupidae,3,Medio
4073,Tachyphonus coronatus,Tachyphonus coronatus,Cyanoloxia brissonii,Cyanoloxia brissonii,Cyanoloxia brissonii,Tachyphonus coronatus,Tachyphonus coronatus,Turdus rufiventris,Cyanoloxia brissonii,Cyanoloxia brissonii,Cyanoloxia brissonii,Tachyphonus coronatus,Tachyphonus,Thraupidae,3,Medio
4075,Tachyphonus coronatus,Tachyphonus coronatus,Tachyphonus coronatus,Tachyphonus coronatus,Pyriglena leucoptera,Tachyphonus coronatus,Cyanoloxia brissonii,Tachyphonus coronatus,Tachyphonus coronatus,Tachyphonus coronatus,Tachyphonus coronatus,Tachyphonus coronatus,Tachyphonus,Thraupidae,3,Medio
4076,Tachyphonus coronatus,Cyanoloxia brissonii,Cyanoloxia brissonii,Tachyphonus coronatus,Cyanoloxia brissonii,Cyanoloxia brissonii,Cyanoloxia brissonii,Tachyphonus coronatus,Cyanoloxia brissonii,Cyanoloxia brissonii,Cyanoloxia brissonii,Cyanoloxia brissonii,Tachyphonus,Thraupidae,3,Medio
4077,Tachyphonus coronatus,Tachyphonus coronatus,Tachyphonus coronatus,Tachyphonus coronatus,Tachyphonus coronatus,Cyanoloxia brissonii,Cyanoloxia brissonii,Cyanoloxia brissonii,Tachyphonus coronatus,Tachyphonus coronatus,Tachyphonus coronatus,Tachyphonus coronatus,Tachyphonus,Thraupidae,3,Medio
4078,Tachyphonus coronatus,Cyanoloxia brissonii,Tachyphonus coronatus,Tachyphonus coronatus,Tachyphonus coronatus,Cyanoloxia brissonii,Cyanoloxia brissonii,Tachyphonus coronatus,Tachyphonus coronatus,Tachyphonus coronatus,Tachyphonus coronatus,Cyanoloxia brissonii,Tachyphonus,Thraupidae,3,Medio
4079,Tachyphonus coronatus,Cyanoloxia brissonii,Tachyphonus coronatus,Tachyphonus coronatus,Tachyphonus coronatus,Cyanoloxia brissonii,Cyanoloxia brissonii,Tachyphonus coronatus,Tachyphonus coronatus,Tachyphonus coronatus,Tachyphonus coronatus,Cyanoloxia brissonii,Tachyphonus,Thraupidae,3,Medio
4080,Tachyphonus coronatus,Pyriglena leucoptera,Mackenziaena severa,Cyanoloxia brissonii,Cyanoloxia brissonii,Cyanoloxia brissonii,Cyanoloxia brissonii,Cyanoloxia brissonii,Mackenziaena severa,Mackenziaena severa,Mackenziaena severa,Pyriglena leucoptera,Tachyphonus,Thraupidae,3,Medio
4081,Tachyphonus coronatus,Tachyphonus coronatus,Tachyphonus coronatus,Tachyphonus coronatus,Pyriglena leucoptera,Cyanoloxia brissonii,Cyanoloxia brissonii,Tachyphonus coronatus,Tachyphonus coronatus,Tachyphonus coronatus,Tachyphonus coronatus,Tachyphonus coronatus,Tachyphonus,Thraupidae,3,Medio
4082,Tachyphonus coronatus,Tachyphonus coronatus,Tachyphonus coronatus,Tachyphonus coronatus,Cyanoloxia brissonii,Tachyphonus coronatus,Cyanoloxia brissonii,Tachyphonus coronatus,Tachyphonus coronatus,Tachyphonus coronatus,Tachyphonus coronatus,Tachyphonus coronatus,Tachyphonus,Thraupidae,3,Medio
4083,Tachyphonus coronatus,Pyriglena leucoptera,Cyanoloxia brissonii,Pyriglena leucoptera,Pyriglena leucoptera,Mackenziaena severa,Pyriglena leucoptera,Pyriglena leucoptera,Cyanoloxia brissonii,Cyanoloxia brissonii,Cyanoloxia brissonii,Pyriglena leucoptera,Tachyphonus,Thraupidae,3,Medio
4084,Tachyphonus coronatus,Synallaxis ruficapilla,Conopophaga lineata,Conopophaga lineata,Synallaxis ruficapilla,Synallaxis ruficapilla,Habia rubica,Habia rubica,Conopophaga lineata,Conopophaga lineata,Conopophaga lineata,Synallaxis ruficapilla,Tachyphonus,Thraupidae,3,Medio
4085,Tachyphonus coronatus,Tachyphonus coronatus,Cyanoloxia brissonii,Cyanoloxia brissonii,Cyanoloxia brissonii,Cyanoloxia brissonii,Cyanoloxia brissonii,Cyanoloxia brissonii,Cyanoloxia brissonii,Cyanoloxia brissonii,Cyanoloxia brissonii,Tachyphonus coronatus,Tachyphonus,Thraupidae,3,Medio
4086,Tachyphonus coronatus,Turdus albicollis,Turdus albicollis,Turdus albicollis,Turdus albicollis,Sporophila pileata,Turdus albicollis,Gubernetes yetapa,Turdus albicollis,Turdus albicollis,Turdus albicollis,Sporophila pileata,Tachyphonus,Thraupidae,3,Medio
4087,Tachyphonus coronatus,Turdus rufiventris,Turdus rufiventris,Turdus rufiventris,Habia rubica,Turdus rufiventris,Turdus rufiventris,Tachyphonus coronatus,Turdus rufiventris,Turdus rufiventris,Turdus rufiventris,Turdus rufiventris,Tachyphonus,Thraupidae,3,Medio
4088,Tachyphonus coronatus,Tachyphonus coronatus,Tachyphonus coronatus,Cyanoloxia brissonii,Cyanoloxia brissonii,Tachyphonus coronatus,Cyanoloxia brissonii,Cyanoloxia brissonii,Tachyphonus coronatus,Tachyphonus coronatus,Tachyphonus coronatus,Tachyphonus coronatus,Tachyphonus,Thraupidae,3,Medio
4089,Tachyphonus coronatus,Tachyphonus coronatus,Tachyphonus coronatus,Tachyphonus coronatus,Tachyphonus coronatus,Tachyphonus coronatus,Cyanoloxia brissonii,Tachyphonus coronatus,Tachyphonus coronatus,Tachyphonus coronatus,Tachyphonus coronatus,Tachyphonus coronatus,Tachyphonus,Thraupidae,3,Medio
4091,Tachyphonus coronatus,Conopophaga lineata,Synallaxis ruficapilla,Conopophaga lineata,Conopophaga lineata,Conopophaga lineata,Conopophaga lineata,Synallaxis ruficapilla,Synallaxis ruficapilla,Synallaxis ruficapilla,Synallaxis ruficapilla,Conopophaga lineata,Tachyphonus,Thraupidae,3,Medio
4093,Tachyphonus coronatus,Tachyphonus coronatus,Tachyphonus coronatus,Mackenziaena severa,Tachyphonus coronatus,Tachyphonus coronatus,Tachyphonus coronatus,Tachyphonus coronatus,Tachyphonus coronatus,Tachyphonus coronatus,Tachyphonus coronatus,Tachyphonus coronatus,Tachyphonus,Thraupidae,3,Medio
4096,Tachyphonus coronatus,Tachyphonus coronatus,Tachyphonus coronatus,Cyanoloxia brissonii,Tachyphonus coronatus,Tachyphonus coronatus,Cyanoloxia brissonii,Tachyphonus coronatus,Tachyphonus coronatus,Tachyphonus coronatus,Tachyphonus coronatus,Tachyphonus coronatus,Tachyphonus,Thraupidae,3,Medio
4097,Tachyphonus coronatus,Tachyphonus coronatus,Mackenziaena severa,Tachyphonus coronatus,Tachyphonus coronatus,Tachyphonus coronatus,Cyanoloxia brissonii,Tachyphonus coronatus,Mackenziaena severa,Mackenziaena severa,Mackenziaena severa,Tachyphonus coronatus,Tachyphonus,Thraupidae,3,Medio
4098,Tachyphonus coronatus,Cyanoloxia brissonii,Tachyphonus coronatus,Cyanoloxia brissonii,Pyriglena leucoptera,Cyanoloxia brissonii,Cyanoloxia brissonii,Cyanoloxia brissonii,Tachyphonus coronatus,Tachyphonus coronatus,Tachyphonus coronatus,Cyanoloxia brissonii,Tachyphonus,Thraupidae,3,Medio
4100,Tachyphonus coronatus,Habia rubica,Habia rubica,Habia rubica,Habia rubica,Habia rubica,Conopophaga lineata,Habia rubica,Habia rubica,Habia rubica,Habia rubica,Habia rubica,Tachyphonus,Thraupidae,3,Medio
4101,Tachyphonus coronatus,Tachyphonus coronatus,Cyanoloxia brissonii,Cyanoloxia brissonii,Cyanoloxia brissonii,Cyanoloxia brissonii,Cyanoloxia brissonii,Cyanoloxia brissonii,Cyanoloxia brissonii,Cyanoloxia brissonii,Cyanoloxia brissonii,Tachyphonus coronatus,Tachyphonus,Thraupidae,3,Medio
4103,Tachyphonus coronatus,Tachyphonus coronatus,Tachyphonus coronatus,Tachyphonus coronatus,Tachyphonus coronatus,Cyanoloxia brissonii,Cyanoloxia brissonii,Tachyphonus coronatus,Tachyphonus coronatus,Tachyphonus coronatus,Tachyphonus coronatus,Tachyphonus coronatus,Tachyphonus,Thraupidae,3,Medio
4104,Tachyphonus coronatus,Cyanoloxia brissonii,Tachyphonus coronatus,Tachyphonus coronatus,Cyanoloxia brissonii,Cyanoloxia brissonii,Cyanoloxia brissonii,Cyanoloxia brissonii,Tachyphonus coronatus,Tachyphonus coronatus,Tachyphonus coronatus,Cyanoloxia brissonii,Tachyphonus,Thraupidae,3,Medio
4105,Tachyphonus coronatus,Tachyphonus coronatus,Tachyphonus coronatus,Tachyphonus coronatus,Tachyphonus coronatus,Tachyphonus coronatus,Tachyphonus coronatus,Cyanoloxia brissonii,Tachyphonus coronatus,Tachyphonus coronatus,Tachyphonus coronatus,Tachyphonus coronatus,Tachyphonus,Thraupidae,3,Medio
4106,Tachyphonus coronatus,Mackenziaena severa,Cyanoloxia brissonii,Cyanoloxia brissonii,Cyanoloxia brissonii,Cyanoloxia brissonii,Cyanoloxia brissonii,Cyanoloxia brissonii,Cyanoloxia brissonii,Cyanoloxia brissonii,Cyanoloxia brissonii,Mackenziaena severa,Tachyphonus,Thraupidae,3,Medio
4108,Tachyphonus coronatus,Chamaeza campanisona,Chamaeza campanisona,Chamaeza campanisona,Chamaeza campanisona,Chamaeza campanisona,Conopophaga lineata,Chamaeza campanisona,Chamaeza campanisona,Chamaeza campanisona,Chamaeza campanisona,Chamaeza campanisona,Tachyphonus,Thraupidae,3,Medio
4110,Tachyphonus coronatus,Tachyphonus coronatus,Pyriglena leucoptera,Cyanoloxia brissonii,Tachyphonus coronatus,Cyanoloxia brissonii,Cyanoloxia brissonii,Cyanocorax chrysops,Pyriglena leucoptera,Pyriglena leucoptera,Pyriglena leucoptera,Tachyphonus coronatus,Tachyphonus,Thraupidae,3,Medio
4111,Tachyphonus coronatus,Synallaxis ruficapilla,Synallaxis ruficapilla,Synallaxis ruficapilla,Habia rubica,Sporophila pileata,Habia rubica,Synallaxis ruficapilla,Synallaxis ruficapilla,Synallaxis ruficapilla,Synallaxis ruficapilla,Synallaxis ruficapilla,Tachyphonus,Thraupidae,3,Medio
4113,Tachyphonus coronatus,Conopophaga lineata,Conopophaga lineata,Conopophaga lineata,Conopophaga lineata,Turdus albicollis,Turdus albicollis,Synallaxis ruficapilla,Conopophaga lineata,Conopophaga lineata,Conopophaga lineata,Conopophaga lineata,Tachyphonus,Thraupidae,3,Medio
4114,Tachyphonus coronatus,Cyanocorax chrysops,Tachyphonus coronatus,Pyriglena leucoptera,Tachyphonus coronatus,Cyanocorax chrysops,Tachyphonus coronatus,Tachyphonus coronatus,Tachyphonus coronatus,Tachyphonus coronatus,Tachyphonus coronatus,Cyanocorax chrysops,Tachyphonus,Thraupidae,3,Medio
4115,Tachyphonus coronatus,Tachyphonus coronatus,Tachyphonus coronatus,Chamaeza campanisona,Cyanoloxia brissonii,Cyanoloxia brissonii,Tachyphonus coronatus,Cyanocorax chrysops,Tachyphonus coronatus,Tachyphonus coronatus,Tachyphonus coronatus,Tachyphonus coronatus,Tachyphonus,Thraupidae,3,Medio
4116,Crypturellus obsoletus,Crypturellus obsoletus,Crypturellus tataupa,Crypturellus tataupa,Crypturellus tataupa,Crypturellus obsoletus,Aramides saracura,Crypturellus obsoletus,Crypturellus tataupa,Crypturellus tataupa,Crypturellus tataupa,Crypturellus obsoletus,Crypturellus,Tinamidae,1,Bajo
4117,Crypturellus obsoletus,Tinamus solitarius,Aramides saracura,Aramides saracura,Tinamus solitarius,Tinamus solitarius,Penelope superciliaris,Penelope superciliaris,Aramides saracura,Aramides saracura,Aramides saracura,Tinamus solitarius,Crypturellus,Tinamidae,1,Bajo
4118,Crypturellus obsoletus,Leptotila rufaxilla,Leptotila rufaxilla,Crypturellus obsoletus,Crypturellus obsoletus,Leptotila rufaxilla,Leptotila rufaxilla,Leptotila rufaxilla,Leptotila rufaxilla,Leptotila rufaxilla,Leptotila rufaxilla,Leptotila rufaxilla,Crypturellus,Tinamidae,1,Bajo
4119,Crypturellus obsoletus,Crypturellus obsoletus,Leptotila rufaxilla,Crypturellus obsoletus,Crypturellus obsoletus,Crypturellus obsoletus,Aramides saracura,Crypturellus obsoletus,Leptotila rufaxilla,Leptotila rufaxilla,Leptotila rufaxilla,Crypturellus obsoletus,Crypturellus,Tinamidae,1,Bajo
4120,Crypturellus obsoletus,Leopardus wiedii,Crypturellus tataupa,Crypturellus tataupa,Crypturellus tataupa,Crypturellus tataupa,Leopardus guttulus,Crypturellus tataupa,Crypturellus tataupa,Crypturellus tataupa,Crypturellus tataupa,Leopardus wiedii,Crypturellus,Tinamidae,1,Bajo
4122,Crypturellus obsoletus,Tinamus solitarius,Tinamus solitarius,Tinamus solitarius,Crypturellus obsoletus,Tinamus solitarius,Tinamus solitarius,Tinamus solitarius,Tinamus solitarius,Tinamus solitarius,Tinamus solitarius,Tinamus solitarius,Crypturellus,Tinamidae,1,Bajo
4123,Crypturellus obsoletus,Crypturellus obsoletus,Crypturellus obsoletus,Crypturellus obsoletus,Crypturellus obsoletus,Crypturellus obsoletus,Aramides saracura,Crypturellus obsoletus,Crypturellus obsoletus,Crypturellus obsoletus,Crypturellus obsoletus,Crypturellus obsoletus,Crypturellus,Tinamidae,1,Bajo
4124,Crypturellus obsoletus,Crypturellus obsoletus,Tinamus solitarius,Crypturellus tataupa,Crypturellus obsoletus,Crypturellus obsoletus,Aramides saracura,Crypturellus tataupa,Tinamus solitarius,Tinamus solitarius,Tinamus solitarius,Crypturellus obsoletus,Crypturellus,Tinamidae,1,Bajo
4125,Crypturellus obsoletus,Crypturellus obsoletus,Crypturellus obsoletus,Crypturellus obsoletus,Crypturellus obsoletus,Leptotila rufaxilla,Leptotila rufaxilla,Tinamus solitarius,Crypturellus obsoletus,Crypturellus obsoletus,Crypturellus obsoletus,Crypturellus obsoletus,Crypturellus,Tinamidae,1,Bajo
4126,Crypturellus obsoletus,Tinamus solitarius,Tinamus solitarius,Tinamus solitarius,Tinamus solitarius,Tinamus solitarius,Tinamus solitarius,Tinamus solitarius,Tinamus solitarius,Tinamus solitarius,Tinamus solitarius,Tinamus solitarius,Crypturellus,Tinamidae,1,Bajo
4127,Crypturellus obsoletus,Tinamus solitarius,Tinamus solitarius,Tinamus solitarius,Tinamus solitarius,Tinamus solitarius,Tinamus solitarius,Tinamus solitarius,Tinamus solitarius,Tinamus solitarius,Tinamus solitarius,Tinamus solitarius,Crypturellus,Tinamidae,1,Bajo
4128,Crypturellus obsoletus,Leptotila rufaxilla,Leptotila rufaxilla,Leptotila rufaxilla,Leptotila rufaxilla,Leptotila rufaxilla,Leptotila rufaxilla,Leptotila rufaxilla,Leptotila rufaxilla,Leptotila rufaxilla,Leptotila rufaxilla,Leptotila rufaxilla,Crypturellus,Tinamidae,1,Bajo
4129,Crypturellus obsoletus,Crypturellus obsoletus,Leptotila rufaxilla,Crypturellus tataupa,Crypturellus obsoletus,Crypturellus obsoletus,Aramides saracura,Crypturellus obsoletus,Leptotila rufaxilla,Leptotila rufaxilla,Leptotila rufaxilla,Crypturellus obsoletus,Crypturellus,Tinamidae,1,Bajo
4130,Crypturellus obsoletus,Crypturellus obsoletus,Crypturellus obsoletus,Crypturellus obsoletus,Crypturellus obsoletus,Crypturellus obsoletus,Myiothlypis leucoblephara,Pyriglena leucoptera,Crypturellus obsoletus,Crypturellus obsoletus,Crypturellus obsoletus,Crypturellus obsoletus,Crypturellus,Tinamidae,1,Bajo
4131,Crypturellus obsoletus,Crypturellus obsoletus,Crypturellus obsoletus,Crypturellus obsoletus,Crypturellus obsoletus,Crypturellus obsoletus,Tinamus solitarius,Tinamus solitarius,Crypturellus obsoletus,Crypturellus obsoletus,Crypturellus obsoletus,Crypturellus obsoletus,Crypturellus,Tinamidae,1,Bajo
4132,Crypturellus obsoletus,Pyriglena leucoptera,Aramides saracura,Aramides saracura,Aramides saracura,Tinamus solitarius,Aramides saracura,Leptotila verreauxi,Aramides saracura,Aramides saracura,Aramides saracura,Pyriglena leucoptera,Crypturellus,Tinamidae,1,Bajo
4133,Crypturellus obsoletus,Tinamus solitarius,Crypturellus obsoletus,Crypturellus obsoletus,Tinamus solitarius,Tinamus solitarius,Tinamus solitarius,Tinamus solitarius,Crypturellus obsoletus,Crypturellus obsoletus,Crypturellus obsoletus,Tinamus solitarius,Crypturellus,Tinamidae,1,Bajo
4134,Crypturellus obsoletus,Tinamus solitarius,Crypturellus obsoletus,Crypturellus obsoletus,Crypturellus obsoletus,Tinamus solitarius,Tinamus solitarius,Crypturellus obsoletus,Crypturellus obsoletus,Crypturellus obsoletus,Crypturellus obsoletus,Tinamus solitarius,Crypturellus,Tinamidae,1,Bajo
4136,Crypturellus obsoletus,Dasyprocta azarae,Crypturellus obsoletus,Crypturellus obsoletus,Crypturellus obsoletus,Crypturellus obsoletus,Dasyprocta azarae,Dasyprocta azarae,Crypturellus obsoletus,Crypturellus obsoletus,Crypturellus obsoletus,Dasyprocta azarae,Crypturellus,Tinamidae,1,Bajo
4138,Crypturellus obsoletus,Crypturellus obsoletus,Crypturellus obsoletus,Crypturellus obsoletus,Tinamus solitarius,Aramides saracura,Aramides saracura,Aramides saracura,Crypturellus obsoletus,Crypturellus obsoletus,Crypturellus obsoletus,Crypturellus obsoletus,Crypturellus,Tinamidae,1,Bajo
4139,Crypturellus obsoletus,Odontophorus capueira capueira,Tinamus solitarius,Crypturellus obsoletus,Crypturellus obsoletus,Odontophorus capueira capueira,Tinamus solitarius,Crypturellus obsoletus,Tinamus solitarius,Tinamus solitarius,Tinamus solitarius,Odontophorus capueira capueira,Crypturellus,Tinamidae,1,Bajo
4140,Crypturellus obsoletus,Geotrygon montana,Tinamus solitarius,Tinamus solitarius,Tinamus solitarius,Geotrygon montana,Leptotila rufaxilla,Leptotila rufaxilla,Tinamus solitarius,Tinamus solitarius,Tinamus solitarius,Geotrygon montana,Crypturellus,Tinamidae,1,Bajo
4141,Crypturellus obsoletus,Tinamus solitarius,Tinamus solitarius,Tinamus solitarius,Crypturellus obsoletus,Tinamus solitarius,Tinamus solitarius,Tinamus solitarius,Tinamus solitarius,Tinamus solitarius,Tinamus solitarius,Tinamus solitarius,Crypturellus,Tinamidae,1,Bajo
4144,Crypturellus obsoletus,Leptotila verreauxi,Leptotila rufaxilla,Leptotila rufaxilla,Leptotila rufaxilla,Leptotila verreauxi,Leptotila rufaxilla,Leptotila rufaxilla,Leptotila rufaxilla,Leptotila rufaxilla,Leptotila rufaxilla,Leptotila verreauxi,Crypturellus,Tinamidae,1,Bajo
4145,Crypturellus obsoletus,Crypturellus obsoletus,Tinamus solitarius,Tinamus solitarius,Crypturellus obsoletus,Tinamus solitarius,Aramides saracura,Crypturellus obsoletus,Tinamus solitarius,Tinamus solitarius,Tinamus solitarius,Crypturellus obsoletus,Crypturellus,Tinamidae,1,Bajo
4146,Crypturellus obsoletus,Crypturellus obsoletus,Odontophorus capueira,Leptotila rufaxilla,Crypturellus obsoletus,Crypturellus obsoletus,Aramides saracura,Aramides saracura,Odontophorus capueira,Odontophorus capueira,Odontophorus capueira,Crypturellus obsoletus,Crypturellus,Tinamidae,1,Bajo
4147,Crypturellus obsoletus,Tinamus solitarius,Crypturellus obsoletus,Tinamus solitarius,Crypturellus obsoletus,Tinamus solitarius,Tinamus solitarius,Tinamus solitarius,Crypturellus obsoletus,Crypturellus obsoletus,Crypturellus obsoletus,Tinamus solitarius,Crypturellus,Tinamidae,1,Bajo
4148,Crypturellus obsoletus,Tinamus solitarius,Crypturellus obsoletus,Crypturellus obsoletus,Crypturellus obsoletus,Tinamus solitarius,Tinamus solitarius,Crypturellus obsoletus,Crypturellus obsoletus,Crypturellus obsoletus,Crypturellus obsoletus,Tinamus solitarius,Crypturellus,Tinamidae,1,Bajo
4149,Crypturellus obsoletus,Aramides saracura,Leptotila rufaxilla,Crypturellus tataupa,Crypturellus tataupa,Aramides saracura,Aramides saracura,Aramides saracura,Leptotila rufaxilla,Leptotila rufaxilla,Leptotila rufaxilla,Aramides saracura,Crypturellus,Tinamidae,1,Bajo
4150,Crypturellus obsoletus,Crypturellus obsoletus,Dasyprocta azarae,Crypturellus obsoletus,Crypturellus obsoletus,Crypturellus obsoletus,Dasyprocta azarae,Tinamus solitarius,Dasyprocta azarae,Dasyprocta azarae,Dasyprocta azarae,Crypturellus obsoletus,Crypturellus,Tinamidae,1,Bajo
4151,Crypturellus obsoletus,Crypturellus obsoletus,Crypturellus obsoletus,Crypturellus obsoletus,Crypturellus obsoletus,Aramides saracura,Aramides saracura,Crypturellus obsoletus,Crypturellus obsoletus,Crypturellus obsoletus,Crypturellus obsoletus,Crypturellus obsoletus,Crypturellus,Tinamidae,1,Bajo
4152,Crypturellus obsoletus,Geotrygon montana,Crypturellus tataupa,Crypturellus tataupa,Tinamus solitarius,Tinamus solitarius,Tinamus solitarius,Tinamus solitarius,Crypturellus tataupa,Crypturellus tataupa,Crypturellus tataupa,Geotrygon montana,Crypturellus,Tinamidae,1,Bajo
4154,Crypturellus obsoletus,Tinamus solitarius,Tinamus solitarius,Tinamus solitarius,Tinamus solitarius,Tinamus solitarius,Tinamus solitarius,Crypturellus obsoletus,Tinamus solitarius,Tinamus solitarius,Tinamus solitarius,Tinamus solitarius,Crypturellus,Tinamidae,1,Bajo
4155,Crypturellus obsoletus,Tinamus solitarius,Crypturellus obsoletus,Tinamus solitarius,Tinamus solitarius,Tinamus solitarius,Tinamus solitarius,Tinamus solitarius,Crypturellus obsoletus,Crypturellus obsoletus,Crypturellus obsoletus,Tinamus solitarius,Crypturellus,Tinamidae,1,Bajo
4156,Crypturellus obsoletus,Aramides saracura,Crypturellus obsoletus,Crypturellus obsoletus,Aramides saracura,Aramides saracura,Aramides saracura,Aramides saracura,Crypturellus obsoletus,Crypturellus obsoletus,Crypturellus obsoletus,Aramides saracura,Crypturellus,Tinamidae,1,Bajo
4158,Crypturellus obsoletus,Tinamus solitarius,Crypturellus obsoletus,Crypturellus obsoletus,Crypturellus obsoletus,Tinamus solitarius,Tinamus solitarius,Crypturellus obsoletus,Crypturellus obsoletus,Crypturellus obsoletus,Crypturellus obsoletus,Tinamus solitarius,Crypturellus,Tinamidae,1,Bajo
4159,Crypturellus obsoletus,Tinamus solitarius,Tinamus solitarius,Crypturellus obsoletus,Tinamus solitarius,Tinamus solitarius,Tinamus solitarius,Leptotila rufaxilla,Tinamus solitarius,Tinamus solitarius,Tinamus solitarius,Tinamus solitarius,Crypturellus,Tinamidae,1,Bajo
4162,Crypturellus tataupa,Crypturellus obsoletus,Crypturellus obsoletus,Crypturellus obsoletus,Crypturellus obsoletus,Crypturellus obsoletus,Aramides saracura,Crypturellus obsoletus,Crypturellus obsoletus,Crypturellus obsoletus,Crypturellus obsoletus,Crypturellus obsoletus,Crypturellus,Tinamidae,1,Bajo
4163,Crypturellus tataupa,Tinamus solitarius,Tinamus solitarius,Crypturellus obsoletus,Crypturellus obsoletus,Aramides saracura,Aramides saracura,Aramides saracura,Tinamus solitarius,Tinamus solitarius,Tinamus solitarius,Tinamus solitarius,Crypturellus,Tinamidae,1,Bajo
4165,Crypturellus tataupa,Crypturellus obsoletus,Crypturellus obsoletus,Crypturellus obsoletus,Crypturellus obsoletus,Crypturellus obsoletus,Aramides saracura,Crypturellus obsoletus,Crypturellus obsoletus,Crypturellus obsoletus,Crypturellus obsoletus,Crypturellus obsoletus,Crypturellus,Tinamidae,1,Bajo
4166,Crypturellus tataupa,Crypturellus obsoletus,Tinamus solitarius,Crypturellus obsoletus,Tinamus solitarius,Tinamus solitarius,Aramides saracura,Tinamus solitarius,Tinamus solitarius,Tinamus solitarius,Tinamus solitarius,Crypturellus obsoletus,Crypturellus,Tinamidae,1,Bajo
4167,Crypturellus tataupa,Crypturellus obsoletus,Salvator merianae,Aramides saracura,Crypturellus obsoletus,Crypturellus obsoletus,Myiothlypis leucoblephara,Pecari tajacu,Salvator merianae,Salvator merianae,Salvator merianae,Crypturellus obsoletus,Crypturellus,Tinamidae,1,Bajo
4169,Crypturellus tataupa,Crypturellus obsoletus,Leptotila rufaxilla,Crypturellus tataupa,Aramides saracura,Leptotila rufaxilla,Aramides saracura,Leptotila rufaxilla,Leptotila rufaxilla,Leptotila rufaxilla,Leptotila rufaxilla,Crypturellus obsoletus,Crypturellus,Tinamidae,1,Bajo
4171,Crypturellus tataupa,Tinamus solitarius,Crypturellus obsoletus,Crypturellus obsoletus,Crypturellus obsoletus,Aramides saracura,Aramides saracura,Aramides saracura,Crypturellus obsoletus,Crypturellus obsoletus,Crypturellus obsoletus,Tinamus solitarius,Crypturellus,Tinamidae,1,Bajo
4172,Crypturellus tataupa,Tinamus solitarius,Crypturellus tataupa,Aramides saracura,Aramides saracura,Aramides saracura,Aramides saracura,Aramides saracura,Crypturellus tataupa,Crypturellus tataupa,Crypturellus tataupa,Tinamus solitarius,Crypturellus,Tinamidae,1,Bajo
4173,Crypturellus tataupa,Crypturellus tataupa,Crypturellus obsoletus,Crypturellus tataupa,Crypturellus tataupa,Crypturellus tataupa,Aramides saracura,Aramides saracura,Crypturellus obsoletus,Crypturellus obsoletus,Crypturellus obsoletus,Crypturellus tataupa,Crypturellus,Tinamidae,1,Bajo
4175,Crypturellus tataupa,Crypturellus tataupa,Crypturellus obsoletus,Aramides saracura,Tinamus solitarius,Crypturellus tataupa,Aramides saracura,Aramides saracura,Crypturellus obsoletus,Crypturellus obsoletus,Crypturellus obsoletus,Crypturellus tataupa,Crypturellus,Tinamidae,1,Bajo
4177,Crypturellus tataupa,Tinamus solitarius,Crypturellus tataupa,Crypturellus tataupa,Crypturellus tataupa,Crypturellus tataupa,Tinamus solitarius,Crypturellus tataupa,Crypturellus tataupa,Crypturellus tataupa,Crypturellus tataupa,Tinamus solitarius,Crypturellus,Tinamidae,1,Bajo
4178,Crypturellus tataupa,Crypturellus obsoletus,Crypturellus obsoletus,Crypturellus tataupa,Crypturellus obsoletus,Crypturellus obsoletus,Aramides saracura,Aramides saracura,Crypturellus obsoletus,Crypturellus obsoletus,Crypturellus obsoletus,Crypturellus obsoletus,Crypturellus,Tinamidae,1,Bajo
4179,Crypturellus tataupa,Crypturellus obsoletus,Crypturellus obsoletus,Crypturellus obsoletus,Crypturellus obsoletus,Crypturellus obsoletus,Aramides saracura,Crypturellus obsoletus,Crypturellus obsoletus,Crypturellus obsoletus,Crypturellus obsoletus,Crypturellus obsoletus,Crypturellus,Tinamidae,1,Bajo
4180,Crypturellus tataupa,Crypturellus obsoletus,Crypturellus obsoletus,Crypturellus obsoletus,Crypturellus obsoletus,Crypturellus obsoletus,Aramides saracura,Crypturellus obsoletus,Crypturellus obsoletus,Crypturellus obsoletus,Crypturellus obsoletus,Crypturellus obsoletus,Crypturellus,Tinamidae,1,Bajo
4181,Crypturellus tataupa,Herpailurus yagouaroundi,Crypturellus obsoletus,Crypturellus obsoletus,Crypturellus obsoletus,Crypturellus obsoletus,Dasyprocta azarae,Crypturellus obsoletus,Crypturellus obsoletus,Crypturellus obsoletus,Crypturellus obsoletus,Herpailurus yagouaroundi,Crypturellus,Tinamidae,1,Bajo
4182,Crypturellus tataupa,Tinamus solitarius,Crypturellus obsoletus,Crypturellus obsoletus,Crypturellus obsoletus,Aramides saracura,Aramides saracura,Tinamus solitarius,Crypturellus obsoletus,Crypturellus obsoletus,Crypturellus obsoletus,Tinamus solitarius,Crypturellus,Tinamidae,1,Bajo
4183,Crypturellus tataupa,Crypturellus obsoletus,Crypturellus tataupa,Crypturellus obsoletus,Crypturellus obsoletus,Crypturellus obsoletus,Aramides saracura,Tinamus solitarius,Crypturellus tataupa,Crypturellus tataupa,Crypturellus tataupa,Crypturellus obsoletus,Crypturellus,Tinamidae,1,Bajo
4184,Crypturellus tataupa,Tinamus solitarius,Crypturellus obsoletus,Crypturellus obsoletus,Crypturellus obsoletus,Crypturellus tataupa,Aramides saracura,Aramides saracura,Crypturellus obsoletus,Crypturellus obsoletus,Crypturellus obsoletus,Tinamus solitarius,Crypturellus,Tinamidae,1,Bajo
4185,Crypturellus tataupa,Geotrygon montana,Geotrygon montana,Leptotila verreauxi,Leptotila verreauxi,Geotrygon montana,Leptotila verreauxi,Leptotila rufaxilla,Geotrygon montana,Geotrygon montana,Geotrygon montana,Geotrygon montana,Crypturellus,Tinamidae,1,Bajo
4186,Crypturellus tataupa,Tinamus solitarius,Tinamus solitarius,Tinamus solitarius,Tinamus solitarius,Tinamus solitarius,Tinamus solitarius,Tinamus solitarius,Tinamus solitarius,Tinamus solitarius,Tinamus solitarius,Tinamus solitarius,Crypturellus,Tinamidae,1,Bajo
4189,Crypturellus tataupa,Chamaeza campanisona,Chamaeza campanisona,Chamaeza campanisona,Chamaeza campanisona,Pyriglena leucoptera,Aramides saracura,Chamaeza campanisona,Chamaeza campanisona,Chamaeza campanisona,Chamaeza campanisona,Grallaria varia,Crypturellus,Tinamidae,1,Bajo
4190,Crypturellus tataupa,Geotrygon montana,Geotrygon montana,Aramides saracura,Aramides saracura,Aramides saracura,Aramides saracura,Aramides saracura,Geotrygon montana,Geotrygon montana,Geotrygon montana,Geotrygon montana,Crypturellus,Tinamidae,1,Bajo
4191,Crypturellus tataupa,Salvator merianae,Aramides saracura,Aramides saracura,Aramides saracura,Aramides saracura,Salvator merianae,Aramides saracura,Aramides saracura,Aramides saracura,Aramides saracura,Salvator merianae,Crypturellus,Tinamidae,1,Bajo
4192,Crypturellus tataupa,Tinamus solitarius,Geotrygon montana,Crypturellus tataupa,Crypturellus tataupa,Crypturellus tataupa,Tinamus solitarius,Crypturellus tataupa,Geotrygon montana,Geotrygon montana,Geotrygon montana,Tinamus solitarius,Crypturellus,Tinamidae,1,Bajo
4193,Crypturellus tataupa,Crypturellus obsoletus,Crypturellus tataupa,Crypturellus obsoletus,Crypturellus obsoletus,Crypturellus obsoletus,Aramides saracura,Aramides saracura,Crypturellus tataupa,Crypturellus tataupa,Crypturellus tataupa,Crypturellus obsoletus,Crypturellus,Tinamidae,1,Bajo
4194,Crypturellus tataupa,Crypturellus tataupa,Tinamus solitarius,Crypturellus tataupa,Crypturellus tataupa,Crypturellus tataupa,Tinamus solitarius,Crypturellus tataupa,Tinamus solitarius,Tinamus solitarius,Tinamus solitarius,Crypturellus tataupa,Crypturellus,Tinamidae,1,Bajo
4195,Crypturellus tataupa,Tinamus solitarius,Crypturellus tataupa,Tinamus solitarius,Tinamus solitarius,Tinamus solitarius,Tinamus solitarius,Tinamus solitarius,Crypturellus tataupa,Crypturellus tataupa,Crypturellus tataupa,Tinamus solitarius,Crypturellus,Tinamidae,1,Bajo
4196,Crypturellus tataupa,Tinamus solitarius,Aramides saracura,Crypturellus obsoletus,Crypturellus obsoletus,Tinamus solitarius,Aramides saracura,Aramides saracura,Aramides saracura,Aramides saracura,Aramides saracura,Tinamus solitarius,Crypturellus,Tinamidae,1,Bajo
4198,Crypturellus tataupa,Crypturellus tataupa,Crypturellus tataupa,Crypturellus tataupa,Crypturellus tataupa,Crypturellus tataupa,Leptotila rufaxilla,Leptotila verreauxi,Crypturellus tataupa,Crypturellus tataupa,Crypturellus tataupa,Crypturellus tataupa,Crypturellus,Tinamidae,1,Bajo
4199,Crypturellus tataupa,Crypturellus obsoletus,Crypturellus tataupa,Aramides saracura,Crypturellus obsoletus,Aramides saracura,Aramides saracura,Aramides saracura,Crypturellus tataupa,Crypturellus tataupa,Crypturellus tataupa,Crypturellus obsoletus,Crypturellus,Tinamidae,1,Bajo
4200,Crypturellus tataupa,Crypturellus tataupa,Crypturellus tataupa,Crypturellus obsoletus,Aramides saracura,Leptotila rufaxilla,Aramides saracura,Tinamus solitarius,Crypturellus tataupa,Crypturellus tataupa,Crypturellus tataupa,Crypturellus tataupa,Crypturellus,Tinamidae,1,Bajo
4201,Crypturellus tataupa,Aramides saracura,Crypturellus obsoletus,Crypturellus obsoletus,Crypturellus obsoletus,Aramides saracura,Aramides saracura,Aramides saracura,Crypturellus obsoletus,Crypturellus obsoletus,Crypturellus obsoletus,Crypturellus obsoletus,Crypturellus,Tinamidae,1,Bajo
4204,Nothura maculosa,Nothura maculosa,Nothura maculosa,Nothura maculosa,Nothura maculosa,Nothura maculosa,Nothura maculosa,Nothura maculosa,Nothura maculosa,Nothura maculosa,Nothura maculosa,Nothura maculosa,Nothura,Tinamidae,1,Bajo
4205,Nothura maculosa,Hydropsalis torquata,Crypturellus obsoletus,Crypturellus obsoletus,Nyctidromus albicollis,Lepus europaeus,Hydropsalis torquata,Lepus europaeus,Crypturellus obsoletus,Crypturellus obsoletus,Crypturellus obsoletus,Hydropsalis torquata,Nothura,Tinamidae,1,Bajo
4206,Nothura maculosa,Lepus europaeus,Lepus europaeus,Crypturellus obsoletus,Crypturellus obsoletus,Lepus europaeus,Lepus europaeus,Nothura maculosa,Lepus europaeus,Lepus europaeus,Lepus europaeus,Lepus europaeus,Nothura,Tinamidae,1,Bajo
4207,Nothura maculosa,Nothura maculosa,Nothura maculosa,Nothura maculosa,Nothura maculosa,Nothura maculosa,Nothura maculosa,Nothura maculosa,Nothura maculosa,Nothura maculosa,Nothura maculosa,Nothura maculosa,Nothura,Tinamidae,1,Bajo
4208,Nothura maculosa,Nothura maculosa,Nothura maculosa,Nothura maculosa,Nothura maculosa,Nothura maculosa,Nothura maculosa,Nothura maculosa,Nothura maculosa,Nothura maculosa,Nothura maculosa,Nothura maculosa,Nothura,Tinamidae,1,Bajo
4209,Nothura maculosa,Nothura maculosa,Nothura maculosa,Nothura maculosa,Nothura maculosa,Nothura maculosa,Nothura maculosa,Nothura maculosa,Nothura maculosa,Nothura maculosa,Nothura maculosa,Nothura maculosa,Nothura,Tinamidae,1,Bajo
4210,Nothura maculosa,Nothura maculosa,Nothura maculosa,Nothura maculosa,Nothura maculosa,Nothura maculosa,Nothura maculosa,Nothura maculosa,Nothura maculosa,Nothura maculosa,Nothura maculosa,Nothura maculosa,Nothura,Tinamidae,1,Bajo
4211,Nothura maculosa,Nothura maculosa,Nothura maculosa,Nothura maculosa,Nothura maculosa,Nothura maculosa,Nothura maculosa,Nothura maculosa,Nothura maculosa,Nothura maculosa,Nothura maculosa,Nothura maculosa,Nothura,Tinamidae,1,Bajo
4212,Nothura maculosa,Nothura maculosa,Nothura maculosa,Nothura maculosa,Nothura maculosa,Nothura maculosa,Nothura maculosa,Nothura maculosa,Nothura maculosa,Nothura maculosa,Nothura maculosa,Nothura maculosa,Nothura,Tinamidae,1,Bajo
4213,Nothura maculosa,Nothura maculosa,Nothura maculosa,Nothura maculosa,Nothura maculosa,Nothura maculosa,Nothura maculosa,Nothura maculosa,Nothura maculosa,Nothura maculosa,Nothura maculosa,Nothura maculosa,Nothura,Tinamidae,1,Bajo
4214,Nothura maculosa,Nothura maculosa,Nothura maculosa,Nothura maculosa,Nothura maculosa,Nothura maculosa,Nothura maculosa,Nothura maculosa,Nothura maculosa,Nothura maculosa,Nothura maculosa,Nothura maculosa,Nothura,Tinamidae,1,Bajo
4215,Nothura maculosa,Nothura maculosa,Nothura maculosa,Nothura maculosa,Nothura maculosa,Nothura maculosa,Nothura maculosa,Nothura maculosa,Nothura maculosa,Nothura maculosa,Nothura maculosa,Nothura maculosa,Nothura,Tinamidae,1,Bajo
4216,Nothura maculosa,Nothura maculosa,Lepus europaeus,Lepus europaeus,Nothura maculosa,Nothura maculosa,Nothura maculosa,Nothura maculosa,Lepus europaeus,Lepus europaeus,Lepus europaeus,Nothura maculosa,Nothura,Tinamidae,1,Bajo
4217,Nothura maculosa,Nothura maculosa,Nothura maculosa,Nothura maculosa,Nothura maculosa,Nothura maculosa,Nothura maculosa,Nothura maculosa,Nothura maculosa,Nothura maculosa,Nothura maculosa,Nothura maculosa,Nothura,Tinamidae,1,Bajo
4219,Nothura maculosa,Nothura maculosa,Nothura maculosa,Nothura maculosa,Nothura maculosa,Nothura maculosa,Nothura maculosa,Nothura maculosa,Nothura maculosa,Nothura maculosa,Nothura maculosa,Nothura maculosa,Nothura,Tinamidae,1,Bajo
4220,Nothura maculosa,Nothura maculosa,Nothura maculosa,Nothura maculosa,Nothura maculosa,Nothura maculosa,Nothura maculosa,Nothura maculosa,Nothura maculosa,Nothura maculosa,Nothura maculosa,Nothura maculosa,Nothura,Tinamidae,1,Bajo
4223,Nothura maculosa,Nothura maculosa,Nothura maculosa,Nothura maculosa,Nothura maculosa,Nothura maculosa,Nothura maculosa,Nothura maculosa,Nothura maculosa,Nothura maculosa,Nothura maculosa,Nothura maculosa,Nothura,Tinamidae,1,Bajo
4224,Nothura maculosa,Nothura maculosa,Nothura maculosa,Nothura maculosa,Nothura maculosa,Nothura maculosa,Nothura maculosa,Nothura maculosa,Nothura maculosa,Nothura maculosa,Nothura maculosa,Nothura maculosa,Nothura,Tinamidae,1,Bajo
4225,Nothura maculosa,Nothura maculosa,Nothura maculosa,Nothura maculosa,Nothura maculosa,Nothura maculosa,Nothura maculosa,Nothura maculosa,Nothura maculosa,Nothura maculosa,Nothura maculosa,Nothura maculosa,Nothura,Tinamidae,1,Bajo
4226,Nothura maculosa,Lepus europaeus,Lepus europaeus,Crypturellus obsoletus,Crypturellus obsoletus,Lepus europaeus,Lepus europaeus,Sylvilagus brasiliensis,Lepus europaeus,Lepus europaeus,Lepus europaeus,Lepus europaeus,Nothura,Tinamidae,1,Bajo
4227,Nothura maculosa,Nothura maculosa,Nothura maculosa,Nothura maculosa,Nothura maculosa,Nothura maculosa,Nothura maculosa,Nothura maculosa,Nothura maculosa,Nothura maculosa,Nothura maculosa,Nothura maculosa,Nothura,Tinamidae,1,Bajo
4228,Nothura maculosa,Nothura maculosa,Nothura maculosa,Nothura maculosa,Nothura maculosa,Nothura maculosa,Nothura maculosa,Nothura maculosa,Nothura maculosa,Nothura maculosa,Nothura maculosa,Nothura maculosa,Nothura,Tinamidae,1,Bajo
4229,Nothura maculosa,Nothura maculosa,Nothura maculosa,Nothura maculosa,Nothura maculosa,Nothura maculosa,Nothura maculosa,Nothura maculosa,Nothura maculosa,Nothura maculosa,Nothura maculosa,Nothura maculosa,Nothura,Tinamidae,1,Bajo
4230,Nothura maculosa,Chamaeza campanisona,Crypturellus obsoletus,Crypturellus obsoletus,Nyctidromus albicollis,Nothura maculosa,Hydropsalis torquata,Nyctidromus albicollis,Crypturellus obsoletus,Crypturellus obsoletus,Crypturellus obsoletus,Chamaeza campanisona,Nothura,Tinamidae,1,Bajo
4232,Nothura maculosa,Nothura maculosa,Nothura maculosa,Nothura maculosa,Nothura maculosa,Nothura maculosa,Nothura maculosa,Nothura maculosa,Nothura maculosa,Nothura maculosa,Nothura maculosa,Nothura maculosa,Nothura,Tinamidae,1,Bajo
4234,Nothura maculosa,Nothura maculosa,Nothura maculosa,Nothura maculosa,Nothura maculosa,Nothura maculosa,Nothura maculosa,Nothura maculosa,Nothura maculosa,Nothura maculosa,Nothura maculosa,Nothura maculosa,Nothura,Tinamidae,1,Bajo
4235,Nothura maculosa,Hydropsalis torquata,Dasypus novemcinctus,Dasypus novemcinctus,Nothura maculosa,Nothura maculosa,Hydropsalis torquata,Nothura maculosa,Dasypus novemcinctus,Dasypus novemcinctus,Dasypus novemcinctus,Nothura maculosa,Nothura,Tinamidae,1,Bajo
4236,Nothura maculosa,Nothura maculosa,Nothura maculosa,Nothura maculosa,Nothura maculosa,Nothura maculosa,Nothura maculosa,Nothura maculosa,Nothura maculosa,Nothura maculosa,Nothura maculosa,Nothura maculosa,Nothura,Tinamidae,1,Bajo
4237,Nothura maculosa,Nothura maculosa,Nothura maculosa,Nothura maculosa,Nothura maculosa,Nothura maculosa,Nothura maculosa,Nothura maculosa,Nothura maculosa,Nothura maculosa,Nothura maculosa,Nothura maculosa,Nothura,Tinamidae,1,Bajo
4238,Nothura maculosa,Hydropsalis torquata,Crypturellus obsoletus,Crypturellus obsoletus,Nyctidromus albicollis,Nothura maculosa,Hydropsalis torquata,Nyctidromus albicollis,Crypturellus obsoletus,Crypturellus obsoletus,Crypturellus obsoletus,Hydropsalis torquata,Nothura,Tinamidae,1,Bajo
4239,Nothura maculosa,Nothura maculosa,Nothura maculosa,Nothura maculosa,Nothura maculosa,Nothura maculosa,Nothura maculosa,Nothura maculosa,Nothura maculosa,Nothura maculosa,Nothura maculosa,Nothura maculosa,Nothura,Tinamidae,1,Bajo
4242,Nothura maculosa,Nothura maculosa,Nothura maculosa,Nothura maculosa,Nothura maculosa,Nothura maculosa,Nothura maculosa,Nothura maculosa,Nothura maculosa,Nothura maculosa,Nothura maculosa,Nothura maculosa,Nothura,Tinamidae,1,Bajo
4243,Nothura maculosa,Dasyprocta azarae,Sylvilagus brasiliensis,Dasyprocta azarae,Dasyprocta azarae,Dasyprocta azarae,Dasyprocta azarae,Dasyprocta azarae,Sylvilagus brasiliensis,Sylvilagus brasiliensis,Sylvilagus brasiliensis,Dasyprocta azarae,Nothura,Tinamidae,1,Bajo
4244,Nothura maculosa,Nothura maculosa,Nothura maculosa,Nothura maculosa,Nothura maculosa,Nothura maculosa,Nothura maculosa,Nothura maculosa,Nothura maculosa,Nothura maculosa,Nothura maculosa,Nothura maculosa,Nothura,Tinamidae,1,Bajo
4245,Nothura maculosa,Leopardus guttulus,Leopardus guttulus,Leopardus guttulus,Galictis cuja,Leopardus guttulus,Leopardus guttulus,Lepus europaeus,Leopardus guttulus,Leopardus guttulus,Leopardus guttulus,Leopardus guttulus,Nothura,Tinamidae,1,Bajo
4246,Nothura maculosa,Lepus europaeus,Hydropsalis torquata,Grallaria varia,Grallaria varia,Nothura maculosa,Galictis cuja,Salvator merianae,Hydropsalis torquata,Hydropsalis torquata,Hydropsalis torquata,Lepus europaeus,Nothura,Tinamidae,1,Bajo
4247,Nothura maculosa,Nothura maculosa,Nothura maculosa,Nothura maculosa,Nothura maculosa,Nothura maculosa,Nothura maculosa,Nothura maculosa,Nothura maculosa,Nothura maculosa,Nothura maculosa,Nothura maculosa,Nothura,Tinamidae,1,Bajo
4248,Nothura maculosa,Nothura maculosa,Nothura maculosa,Nothura maculosa,Nothura maculosa,Nothura maculosa,Nothura maculosa,Nothura maculosa,Nothura maculosa,Nothura maculosa,Nothura maculosa,Nothura maculosa,Nothura,Tinamidae,1,Bajo
4249,Nothura maculosa,Nothura maculosa,Nothura maculosa,Nothura maculosa,Nothura maculosa,Nothura maculosa,Nothura maculosa,Nothura maculosa,Nothura maculosa,Nothura maculosa,Nothura maculosa,Nothura maculosa,Nothura,Tinamidae,1,Bajo
4251,Nothura maculosa,Nothura maculosa,Nothura maculosa,Nothura maculosa,Nothura maculosa,Nothura maculosa,Nothura maculosa,Nothura maculosa,Nothura maculosa,Nothura maculosa,Nothura maculosa,Nothura maculosa,Nothura,Tinamidae,1,Bajo
4252,Nothura maculosa,Nothura maculosa,Nothura maculosa,Nothura maculosa,Nothura maculosa,Nothura maculosa,Nothura maculosa,Nothura maculosa,Nothura maculosa,Nothura maculosa,Nothura maculosa,Nothura maculosa,Nothura,Tinamidae,1,Bajo
4253,Nothura maculosa,Nothura maculosa,Nothura maculosa,Nothura maculosa,Nothura maculosa,Nothura maculosa,Nothura maculosa,Nothura maculosa,Nothura maculosa,Nothura maculosa,Nothura maculosa,Nothura maculosa,Nothura,Tinamidae,1,Bajo
4254,Nothura maculosa,Nyctidromus albicollis,Nothura maculosa,Nothura maculosa,Nothura maculosa,Nothura maculosa,Hydropsalis torquata,Nyctidromus albicollis,Nothura maculosa,Nothura maculosa,Nothura maculosa,Nyctidromus albicollis,Nothura,Tinamidae,1,Bajo
4255,Nothura maculosa,Nothura maculosa,Nothura maculosa,Nothura maculosa,Nothura maculosa,Nothura maculosa,Nothura maculosa,Nothura maculosa,Nothura maculosa,Nothura maculosa,Nothura maculosa,Nothura maculosa,Nothura,Tinamidae,1,Bajo
4256,Nothura maculosa,Nothura maculosa,Nothura maculosa,Nothura maculosa,Nothura maculosa,Nothura maculosa,Nothura maculosa,Nothura maculosa,Nothura maculosa,Nothura maculosa,Nothura maculosa,Nothura maculosa,Nothura,Tinamidae,1,Bajo
4257,Nothura maculosa,Nothura maculosa,Nothura maculosa,Nothura maculosa,Nothura maculosa,Nothura maculosa,Nothura maculosa,Nothura maculosa,Nothura maculosa,Nothura maculosa,Nothura maculosa,Nothura maculosa,Nothura,Tinamidae,1,Bajo
4258,Nothura maculosa,Nothura maculosa,Nothura maculosa,Nothura maculosa,Nothura maculosa,Nothura maculosa,Nothura maculosa,Nothura maculosa,Nothura maculosa,Nothura maculosa,Nothura maculosa,Nothura maculosa,Nothura,Tinamidae,1,Bajo
4259,Nothura maculosa,Nothura maculosa,Nothura maculosa,Nothura maculosa,Nothura maculosa,Nothura maculosa,Nothura maculosa,Nothura maculosa,Nothura maculosa,Nothura maculosa,Nothura maculosa,Nothura maculosa,Nothura,Tinamidae,1,Bajo
4261,Nothura maculosa,Nothura maculosa,Nothura maculosa,Nothura maculosa,Nothura maculosa,Nothura maculosa,Nothura maculosa,Nothura maculosa,Nothura maculosa,Nothura maculosa,Nothura maculosa,Nothura maculosa,Nothura,Tinamidae,1,Bajo
4262,Nothura maculosa,Nothura maculosa,Crypturellus obsoletus,Crypturellus obsoletus,Crypturellus obsoletus,Nothura maculosa,Nothura maculosa,Nothura maculosa,Crypturellus obsoletus,Crypturellus obsoletus,Crypturellus obsoletus,Nothura maculosa,Nothura,Tinamidae,1,Bajo
4263,Nothura maculosa,Nothura maculosa,Nothura maculosa,Nothura maculosa,Nothura maculosa,Nothura maculosa,Nothura maculosa,Nothura maculosa,Nothura maculosa,Nothura maculosa,Nothura maculosa,Nothura maculosa,Nothura,Tinamidae,1,Bajo
4264,Nothura maculosa,Nothura maculosa,Nothura maculosa,Nothura maculosa,Nothura maculosa,Nothura maculosa,Nothura maculosa,Nothura maculosa,Nothura maculosa,Nothura maculosa,Nothura maculosa,Nothura maculosa,Nothura,Tinamidae,1,Bajo
4265,Nothura maculosa,Nothura maculosa,Nothura maculosa,Nothura maculosa,Nothura maculosa,Nothura maculosa,Nothura maculosa,Nothura maculosa,Nothura maculosa,Nothura maculosa,Nothura maculosa,Nothura maculosa,Nothura,Tinamidae,1,Bajo
4266,Nothura maculosa,Nothura maculosa,Nothura maculosa,Nothura maculosa,Nothura maculosa,Nothura maculosa,Nothura maculosa,Nothura maculosa,Nothura maculosa,Nothura maculosa,Nothura maculosa,Nothura maculosa,Nothura,Tinamidae,1,Bajo
4267,Nothura maculosa,Nothura maculosa,Nothura maculosa,Nothura maculosa,Nothura maculosa,Nothura maculosa,Nothura maculosa,Nothura maculosa,Nothura maculosa,Nothura maculosa,Nothura maculosa,Nothura maculosa,Nothura,Tinamidae,1,Bajo
4268,Nothura maculosa,Hydropsalis torquata,Nothura maculosa,Nothura maculosa,Nothura maculosa,Nothura maculosa,Hydropsalis torquata,Nothura maculosa,Nothura maculosa,Nothura maculosa,Nothura maculosa,Hydropsalis torquata,Nothura,Tinamidae,1,Bajo
4271,Tinamus solitarius,Tinamus solitarius,Tinamus solitarius,Tinamus solitarius,Tinamus solitarius,Tinamus solitarius,Tinamus solitarius,Tinamus solitarius,Tinamus solitarius,Tinamus solitarius,Tinamus solitarius,Tinamus solitarius,Tinamus,Tinamidae,6,Crítico
4272,Tinamus solitarius,Tinamus solitarius,Tinamus solitarius,Tinamus solitarius,Tinamus solitarius,Tinamus solitarius,Tinamus solitarius,Tinamus solitarius,Tinamus solitarius,Tinamus solitarius,Tinamus solitarius,Tinamus solitarius,Tinamus,Tinamidae,6,Crítico
4273,Tinamus solitarius,Tayassu pecari,Sapajus nigritus,Crypturellus obsoletus,Crypturellus obsoletus,Sapajus nigritus,Sapajus nigritus,Eira barbara,Sapajus nigritus,Sapajus nigritus,Sapajus nigritus,Tayassu pecari,Tinamus,Tinamidae,6,Crítico
4274,Tinamus solitarius,Tinamus solitarius,Tinamus solitarius,Tinamus solitarius,Tinamus solitarius,Tinamus solitarius,Tinamus solitarius,Tinamus solitarius,Tinamus solitarius,Tinamus solitarius,Tinamus solitarius,Tinamus solitarius,Tinamus,Tinamidae,6,Crítico
4275,Tinamus solitarius,Tinamus solitarius,Tinamus solitarius,Tinamus solitarius,Tinamus solitarius,Tinamus solitarius,Tinamus solitarius,Tinamus solitarius,Tinamus solitarius,Tinamus solitarius,Tinamus solitarius,Tinamus solitarius,Tinamus,Tinamidae,6,Crítico
4276,Tinamus solitarius,Tinamus solitarius,Crypturellus obsoletus,Crypturellus obsoletus,Crypturellus obsoletus,Tinamus solitarius,Tinamus solitarius,Crypturellus obsoletus,Crypturellus obsoletus,Crypturellus obsoletus,Crypturellus obsoletus,Tinamus solitarius,Tinamus,Tinamidae,6,Crítico
4277,Tinamus solitarius,Dasyprocta azarae,Crypturellus obsoletus,Crypturellus obsoletus,Crypturellus obsoletus,Tinamus solitarius,Dasyprocta azarae,Tinamus solitarius,Crypturellus obsoletus,Crypturellus obsoletus,Crypturellus obsoletus,Dasyprocta azarae,Tinamus,Tinamidae,6,Crítico
4278,Tinamus solitarius,Aramides saracura,Crypturellus tataupa,Aramides saracura,Aramides saracura,Leptotila rufaxilla,Aramides saracura,Crypturellus obsoletus,Crypturellus tataupa,Crypturellus tataupa,Crypturellus tataupa,Aramides saracura,Tinamus,Tinamidae,6,Crítico
4279,Tinamus solitarius,Tinamus solitarius,Tinamus solitarius,Crypturellus obsoletus,Tinamus solitarius,Tinamus solitarius,Tinamus solitarius,Tinamus solitarius,Tinamus solitarius,Tinamus solitarius,Tinamus solitarius,Tinamus solitarius,Tinamus,Tinamidae,6,Crítico
4280,Tinamus solitarius,Tinamus solitarius,Tinamus solitarius,Tinamus solitarius,Tinamus solitarius,Tinamus solitarius,Tinamus solitarius,Tinamus solitarius,Tinamus solitarius,Tinamus solitarius,Tinamus solitarius,Tinamus solitarius,Tinamus,Tinamidae,6,Crítico
4281,Tinamus solitarius,Crypturellus obsoletus,Crypturellus obsoletus,Crypturellus obsoletus,Crypturellus obsoletus,Crypturellus obsoletus,Aramides saracura,Crypturellus obsoletus,Crypturellus obsoletus,Crypturellus obsoletus,Crypturellus obsoletus,Crypturellus obsoletus,Tinamus,Tinamidae,6,Crítico
4282,Tinamus solitarius,Tinamus solitarius,Tinamus solitarius,Tinamus solitarius,Tinamus solitarius,Tinamus solitarius,Tinamus solitarius,Tinamus solitarius,Tinamus solitarius,Tinamus solitarius,Tinamus solitarius,Tinamus solitarius,Tinamus,Tinamidae,6,Crítico
4285,Tinamus solitarius,Tinamus solitarius,Tinamus solitarius,Tinamus solitarius,Tinamus solitarius,Tinamus solitarius,Tinamus solitarius,Tinamus solitarius,Tinamus solitarius,Tinamus solitarius,Tinamus solitarius,Tinamus solitarius,Tinamus,Tinamidae,6,Crítico
4286,Tinamus solitarius,Tinamus solitarius,Tinamus solitarius,Tinamus solitarius,Tinamus solitarius,Tinamus solitarius,Tinamus solitarius,Tinamus solitarius,Tinamus solitarius,Tinamus solitarius,Tinamus solitarius,Tinamus solitarius,Tinamus,Tinamidae,6,Crítico
4287,Tinamus solitarius,Tinamus solitarius,Tinamus solitarius,Tinamus solitarius,Tinamus solitarius,Tinamus solitarius,Tinamus solitarius,Tinamus solitarius,Tinamus solitarius,Tinamus solitarius,Tinamus solitarius,Tinamus solitarius,Tinamus,Tinamidae,6,Crítico
4288,Tinamus solitarius,Tayassu pecari,Leptotila verreauxi,Crypturellus tataupa,Aramides saracura,Crypturellus tataupa,Dasyprocta azarae,Eira barbara,Leptotila verreauxi,Leptotila verreauxi,Leptotila verreauxi,Tayassu pecari,Tinamus,Tinamidae,6,Crítico
4289,Tinamus solitarius,Leptotila rufaxilla,Tinamus solitarius,Tinamus solitarius,Tinamus solitarius,Tinamus solitarius,Leptotila rufaxilla,Tinamus solitarius,Tinamus solitarius,Tinamus solitarius,Tinamus solitarius,Leptotila rufaxilla,Tinamus,Tinamidae,6,Crítico
4290,Tinamus solitarius,Crypturellus obsoletus,Crypturellus obsoletus,Crypturellus obsoletus,Crypturellus obsoletus,Pipile jacutinga,Aramides saracura,Tinamus solitarius,Crypturellus obsoletus,Crypturellus obsoletus,Crypturellus obsoletus,Crypturellus obsoletus,Tinamus,Tinamidae,6,Crítico
4291,Tinamus solitarius,Tinamus solitarius,Tinamus solitarius,Tinamus solitarius,Tinamus solitarius,Tinamus solitarius,Tinamus solitarius,Tinamus solitarius,Tinamus solitarius,Tinamus solitarius,Tinamus solitarius,Tinamus solitarius,Tinamus,Tinamidae,6,Crítico
4294,Tinamus solitarius,Tinamus solitarius,Tinamus solitarius,Tinamus solitarius,Tinamus solitarius,Tinamus solitarius,Tinamus solitarius,Tinamus solitarius,Tinamus solitarius,Tinamus solitarius,Tinamus solitarius,Tinamus solitarius,Tinamus,Tinamidae,6,Crítico
4295,Tinamus solitarius,Tinamus solitarius,Tinamus solitarius,Tinamus solitarius,Tinamus solitarius,Tinamus solitarius,Tinamus solitarius,Tinamus solitarius,Tinamus solitarius,Tinamus solitarius,Tinamus solitarius,Tinamus solitarius,Tinamus,Tinamidae,6,Crítico
4297,Tinamus solitarius,Puma concolor,Tinamus solitarius,Crypturellus tataupa,Cerdocyon thous,Tinamus solitarius,Leopardus guttulus,Tinamus solitarius,Tinamus solitarius,Tinamus solitarius,Tinamus solitarius,Puma concolor,Tinamus,Tinamidae,6,Crítico
4298,Tinamus solitarius,Penelope superciliaris,Penelope superciliaris,Pecari tajacu,Mackenziaena leachii,Tinamus solitarius,Penelope superciliaris,Penelope superciliaris,Penelope superciliaris,Penelope superciliaris,Penelope superciliaris,Penelope superciliaris,Tinamus,Tinamidae,6,Crítico
4301,Tinamus solitarius,Tinamus solitarius,Tinamus solitarius,Crypturellus obsoletus,Crypturellus obsoletus,Tinamus solitarius,Tinamus solitarius,Tinamus solitarius,Tinamus solitarius,Tinamus solitarius,Tinamus solitarius,Tinamus solitarius,Tinamus,Tinamidae,6,Crítico
4303,Tinamus solitarius,Crypturellus tataupa,Crypturellus obsoletus,Crypturellus obsoletus,Crypturellus obsoletus,Tinamus solitarius,Dasyprocta azarae,Dasyprocta azarae,Crypturellus obsoletus,Crypturellus obsoletus,Crypturellus obsoletus,Crypturellus tataupa,Tinamus,Tinamidae,6,Crítico
4304,Tinamus solitarius,Tinamus solitarius,Tinamus solitarius,Tinamus solitarius,Tinamus solitarius,Tinamus solitarius,Tinamus solitarius,Tinamus solitarius,Tinamus solitarius,Tinamus solitarius,Tinamus solitarius,Tinamus solitarius,Tinamus,Tinamidae,6,Crítico
4306,Tinamus solitarius,Myiothlypis leucoblephara,Penelope superciliaris,Hypoedaleus guttatus,Hypoedaleus guttatus,Myiothlypis leucoblephara,Myiothlypis leucoblephara,Hypoedaleus guttatus,Penelope superciliaris,Penelope superciliaris,Penelope superciliaris,Myiothlypis leucoblephara,Tinamus,Tinamidae,6,Crítico
4307,Tinamus solitarius,Aramides saracura,Tinamus solitarius,Tinamus solitarius,Tinamus solitarius,Tinamus solitarius,Aramides saracura,Tinamus solitarius,Tinamus solitarius,Tinamus solitarius,Tinamus solitarius,Aramides saracura,Tinamus,Tinamidae,6,Crítico
4308,Tinamus solitarius,Tinamus solitarius,Tinamus solitarius,Tinamus solitarius,Tinamus solitarius,Tinamus solitarius,Tinamus solitarius,Tinamus solitarius,Tinamus solitarius,Tinamus solitarius,Tinamus solitarius,Tinamus solitarius,Tinamus,Tinamidae,6,Crítico
4309,Tinamus solitarius,Tinamus solitarius,Tinamus solitarius,Tinamus solitarius,Tinamus solitarius,Tinamus solitarius,Tinamus solitarius,Tinamus solitarius,Tinamus solitarius,Tinamus solitarius,Tinamus solitarius,Tinamus solitarius,Tinamus,Tinamidae,6,Crítico
4310,Tinamus solitarius,Tinamus solitarius,Tinamus solitarius,Tinamus solitarius,Tinamus solitarius,Tinamus solitarius,Tinamus solitarius,Tinamus solitarius,Tinamus solitarius,Tinamus solitarius,Tinamus solitarius,Tinamus solitarius,Tinamus,Tinamidae,6,Crítico
4311,Tinamus solitarius,Tinamus solitarius,Tinamus solitarius,Tinamus solitarius,Tinamus solitarius,Tinamus solitarius,Tinamus solitarius,Tinamus solitarius,Tinamus solitarius,Tinamus solitarius,Tinamus solitarius,Tinamus solitarius,Tinamus,Tinamidae,6,Crítico
4312,Tinamus solitarius,Tinamus solitarius,Tinamus solitarius,Tinamus solitarius,Tinamus solitarius,Tinamus solitarius,Tinamus solitarius,Tinamus solitarius,Tinamus solitarius,Tinamus solitarius,Tinamus solitarius,Tinamus solitarius,Tinamus,Tinamidae,6,Crítico
4313,Tinamus solitarius,Tinamus solitarius,Tinamus solitarius,Tinamus solitarius,Tinamus solitarius,Tinamus solitarius,Tinamus solitarius,Tinamus solitarius,Tinamus solitarius,Tinamus solitarius,Tinamus solitarius,Tinamus solitarius,Tinamus,Tinamidae,6,Crítico
4315,Tinamus solitarius,Tinamus solitarius,Tinamus solitarius,Tinamus solitarius,Tinamus solitarius,Tinamus solitarius,Tinamus solitarius,Tinamus solitarius,Tinamus solitarius,Tinamus solitarius,Tinamus solitarius,Tinamus solitarius,Tinamus,Tinamidae,6,Crítico
4316,Tinamus solitarius,Crypturellus obsoletus,Tinamus solitarius,Crypturellus obsoletus,Crypturellus obsoletus,Tinamus solitarius,Aramides saracura,Tinamus solitarius,Tinamus solitarius,Tinamus solitarius,Tinamus solitarius,Crypturellus obsoletus,Tinamus,Tinamidae,6,Crítico
4317,Tinamus solitarius,Tinamus solitarius,Tinamus solitarius,Tinamus solitarius,Tinamus solitarius,Tinamus solitarius,Tinamus solitarius,Tinamus solitarius,Tinamus solitarius,Tinamus solitarius,Tinamus solitarius,Tinamus solitarius,Tinamus,Tinamidae,6,Crítico
4318,Tinamus solitarius,Tinamus solitarius,Tinamus solitarius,Tinamus solitarius,Tinamus solitarius,Tinamus solitarius,Tinamus solitarius,Tinamus solitarius,Tinamus solitarius,Tinamus solitarius,Tinamus solitarius,Tinamus solitarius,Tinamus,Tinamidae,6,Crítico
4319,Tinamus solitarius,Tinamus solitarius,Tinamus solitarius,Tinamus solitarius,Tinamus solitarius,Tinamus solitarius,Tinamus solitarius,Tinamus solitarius,Tinamus solitarius,Tinamus solitarius,Tinamus solitarius,Tinamus solitarius,Tinamus,Tinamidae,6,Crítico
4321,Tinamus solitarius,Tinamus solitarius,Tinamus solitarius,Tinamus solitarius,Tinamus solitarius,Tinamus solitarius,Tinamus solitarius,Tinamus solitarius,Tinamus solitarius,Tinamus solitarius,Tinamus solitarius,Tinamus solitarius,Tinamus,Tinamidae,6,Crítico
4322,Tinamus solitarius,Tinamus solitarius,Tinamus solitarius,Tinamus solitarius,Crypturellus obsoletus,Tinamus solitarius,Tinamus solitarius,Tinamus solitarius,Tinamus solitarius,Tinamus solitarius,Tinamus solitarius,Tinamus solitarius,Tinamus,Tinamidae,6,Crítico
4323,Tinamus solitarius,Tinamus solitarius,Tinamus solitarius,Tinamus solitarius,Tinamus solitarius,Tinamus solitarius,Tinamus solitarius,Tinamus solitarius,Tinamus solitarius,Tinamus solitarius,Tinamus solitarius,Tinamus solitarius,Tinamus,Tinamidae,6,Crítico
4324,Tinamus solitarius,Cuniculus paca,Leptotila verreauxi,Aramides saracura,Aramides saracura,Crypturellus tataupa,Dasyprocta azarae,Dasyprocta azarae,Leptotila verreauxi,Leptotila verreauxi,Leptotila verreauxi,Cuniculus paca,Tinamus,Tinamidae,6,Crítico
4325,Tinamus solitarius,Crypturellus tataupa,Aramides saracura,Aramides saracura,Dasyprocta azarae,Tinamus solitarius,Tinamus solitarius,Aramides saracura,Aramides saracura,Aramides saracura,Aramides saracura,Crypturellus tataupa,Tinamus,Tinamidae,6,Crítico
4326,Tinamus solitarius,Tinamus solitarius,Tinamus solitarius,Tinamus solitarius,Tinamus solitarius,Tinamus solitarius,Tinamus solitarius,Tinamus solitarius,Tinamus solitarius,Tinamus solitarius,Tinamus solitarius,Tinamus solitarius,Tinamus,Tinamidae,6,Crítico
4328,Tinamus solitarius,Tinamus solitarius,Tinamus solitarius,Tinamus solitarius,Crypturellus obsoletus,Tinamus solitarius,Tinamus solitarius,Tinamus solitarius,Tinamus solitarius,Tinamus solitarius,Tinamus solitarius,Tinamus solitarius,Tinamus,Tinamidae,6,Crítico
4329,Tinamus solitarius,Tinamus solitarius,Tinamus solitarius,Tinamus solitarius,Tinamus solitarius,Tinamus solitarius,Tinamus solitarius,Tinamus solitarius,Tinamus solitarius,Tinamus solitarius,Tinamus solitarius,Tinamus solitarius,Tinamus,Tinamidae,6,Crítico
4330,Tinamus solitarius,Leptotila rufaxilla,Crypturellus tataupa,Tinamus solitarius,Tinamus solitarius,Tinamus solitarius,Tinamus solitarius,Tinamus solitarius,Crypturellus tataupa,Crypturellus tataupa,Crypturellus tataupa,Leptotila rufaxilla,Tinamus,Tinamidae,6,Crítico
4331,Turdus albicollis,Turdus albicollis,Turdus albicollis,Turdus albicollis,Turdus albicollis,Turdus albicollis,Turdus albicollis,Turdus albicollis,Turdus albicollis,Turdus albicollis,Turdus albicollis,Turdus albicollis,Turdus,Turdidae,1,Bajo
4332,Turdus albicollis,Turdus albicollis,Turdus albicollis,Turdus albicollis,Turdus albicollis,Turdus albicollis,Turdus albicollis,Turdus albicollis,Turdus albicollis,Turdus albicollis,Turdus albicollis,Turdus albicollis,Turdus,Turdidae,1,Bajo
4333,Turdus albicollis,Turdus albicollis,Turdus albicollis,Turdus albicollis,Turdus albicollis,Turdus albicollis,Turdus albicollis,Turdus albicollis,Turdus albicollis,Turdus albicollis,Turdus albicollis,Turdus albicollis,Turdus,Turdidae,1,Bajo
4334,Turdus albicollis,Turdus albicollis,Turdus albicollis,Turdus albicollis,Turdus albicollis,Turdus albicollis,Turdus albicollis,Turdus albicollis,Turdus albicollis,Turdus albicollis,Turdus albicollis,Turdus albicollis,Turdus,Turdidae,1,Bajo
4335,Turdus albicollis,Turdus rufiventris,Conopophaga lineata,Conopophaga lineata,Conopophaga lineata,Turdus albicollis,Turdus albicollis,Turdus albicollis,Conopophaga lineata,Conopophaga lineata,Conopophaga lineata,Turdus rufiventris,Turdus,Turdidae,1,Bajo
4336,Turdus albicollis,Turdus albicollis,Turdus albicollis,Turdus albicollis,Turdus albicollis,Turdus albicollis,Turdus albicollis,Turdus albicollis,Turdus albicollis,Turdus albicollis,Turdus albicollis,Turdus albicollis,Turdus,Turdidae,1,Bajo
4337,Turdus albicollis,Turdus albicollis,Turdus albicollis,Turdus albicollis,Turdus albicollis,Turdus albicollis,Turdus albicollis,Turdus albicollis,Turdus albicollis,Turdus albicollis,Turdus albicollis,Turdus albicollis,Turdus,Turdidae,1,Bajo
4339,Turdus albicollis,Turdus albicollis,Turdus albicollis,Turdus albicollis,Turdus albicollis,Turdus albicollis,Turdus albicollis,Turdus albicollis,Turdus albicollis,Turdus albicollis,Turdus albicollis,Turdus albicollis,Turdus,Turdidae,1,Bajo
4340,Turdus albicollis,Turdus albicollis,Turdus albicollis,Turdus albicollis,Turdus albicollis,Turdus albicollis,Turdus albicollis,Conopophaga lineata,Turdus albicollis,Turdus albicollis,Turdus albicollis,Turdus albicollis,Turdus,Turdidae,1,Bajo
4341,Turdus albicollis,Turdus albicollis,Turdus albicollis,Conopophaga lineata,Conopophaga lineata,Turdus albicollis,Turdus albicollis,Turdus albicollis,Turdus albicollis,Turdus albicollis,Turdus albicollis,Turdus albicollis,Turdus,Turdidae,1,Bajo
4342,Turdus albicollis,Turdus albicollis,Conopophaga lineata,Turdus albicollis,Turdus albicollis,Turdus albicollis,Turdus albicollis,Turdus albicollis,Conopophaga lineata,Conopophaga lineata,Conopophaga lineata,Turdus albicollis,Turdus,Turdidae,1,Bajo
4343,Turdus albicollis,Conopophaga lineata,Turdus albicollis,Turdus albicollis,Turdus albicollis,Turdus albicollis,Turdus albicollis,Turdus albicollis,Turdus albicollis,Turdus albicollis,Turdus albicollis,Conopophaga lineata,Turdus,Turdidae,1,Bajo
4344,Turdus albicollis,Myiothlypis leucoblephara,Myiothlypis leucoblephara,Geotrygon montana,Crypturellus tataupa,Myiothlypis leucoblephara,Myiothlypis leucoblephara,Myiothlypis leucoblephara,Myiothlypis leucoblephara,Myiothlypis leucoblephara,Myiothlypis leucoblephara,Myiothlypis leucoblephara,Turdus,Turdidae,1,Bajo
4347,Turdus albicollis,Hypoedaleus guttatus,Conopophaga lineata,Conopophaga lineata,Biatas nigropectus,Turdus albicollis,Hypoedaleus guttatus,Conopophaga lineata,Conopophaga lineata,Conopophaga lineata,Conopophaga lineata,Hypoedaleus guttatus,Turdus,Turdidae,1,Bajo
4348,Turdus albicollis,Turdus albicollis,Turdus albicollis,Turdus albicollis,Turdus albicollis,Turdus albicollis,Turdus albicollis,Turdus albicollis,Turdus albicollis,Turdus albicollis,Turdus albicollis,Turdus albicollis,Turdus,Turdidae,1,Bajo
4349,Turdus albicollis,Turdus albicollis,Turdus albicollis,Turdus albicollis,Turdus albicollis,Turdus albicollis,Turdus albicollis,Turdus albicollis,Turdus albicollis,Turdus albicollis,Turdus albicollis,Turdus albicollis,Turdus,Turdidae,1,Bajo
4350,Turdus albicollis,Turdus albicollis,Turdus albicollis,Turdus albicollis,Turdus albicollis,Turdus albicollis,Turdus albicollis,Turdus albicollis,Turdus albicollis,Turdus albicollis,Turdus albicollis,Turdus albicollis,Turdus,Turdidae,1,Bajo
4351,Turdus albicollis,Turdus albicollis,Conopophaga lineata,Conopophaga lineata,Biatas nigropectus,Turdus albicollis,Turdus albicollis,Turdus albicollis,Conopophaga lineata,Conopophaga lineata,Conopophaga lineata,Turdus albicollis,Turdus,Turdidae,1,Bajo
4352,Turdus albicollis,Turdus albicollis,Turdus albicollis,Turdus albicollis,Turdus albicollis,Turdus albicollis,Turdus albicollis,Turdus albicollis,Turdus albicollis,Turdus albicollis,Turdus albicollis,Turdus albicollis,Turdus,Turdidae,1,Bajo
4353,Turdus albicollis,Turdus albicollis,Turdus albicollis,Turdus albicollis,Turdus albicollis,Turdus albicollis,Turdus albicollis,Turdus albicollis,Turdus albicollis,Turdus albicollis,Turdus albicollis,Turdus albicollis,Turdus,Turdidae,1,Bajo
4354,Turdus albicollis,Turdus albicollis,Conopophaga lineata,Conopophaga lineata,Turdus albicollis,Turdus albicollis,Turdus albicollis,Hypoedaleus guttatus,Conopophaga lineata,Conopophaga lineata,Conopophaga lineata,Turdus albicollis,Turdus,Turdidae,1,Bajo
4355,Turdus albicollis,Didelphis albiventris,Turdus rufiventris,Galictis cuja,Turdus rufiventris,Turdus rufiventris,Galictis cuja,Turdus rufiventris,Turdus rufiventris,Turdus rufiventris,Turdus rufiventris,Turdus rufiventris,Turdus,Turdidae,1,Bajo
4356,Turdus albicollis,Turdus albicollis,Turdus albicollis,Turdus albicollis,Turdus albicollis,Turdus albicollis,Turdus albicollis,Turdus albicollis,Turdus albicollis,Turdus albicollis,Turdus albicollis,Turdus albicollis,Turdus,Turdidae,1,Bajo
4357,Turdus albicollis,Turdus albicollis,Turdus albicollis,Conopophaga lineata,Conopophaga lineata,Turdus albicollis,Turdus albicollis,Turdus albicollis,Turdus albicollis,Turdus albicollis,Turdus albicollis,Turdus albicollis,Turdus,Turdidae,1,Bajo
4360,Turdus albicollis,Turdus albicollis,Turdus albicollis,Turdus albicollis,Turdus albicollis,Turdus albicollis,Turdus albicollis,Turdus albicollis,Turdus albicollis,Turdus albicollis,Turdus albicollis,Turdus albicollis,Turdus,Turdidae,1,Bajo
4361,Turdus albicollis,Turdus rufiventris,Turdus albicollis,Turdus rufiventris,Synallaxis ruficapilla,Turdus rufiventris,Turdus albicollis,Turdus rufiventris,Turdus albicollis,Turdus albicollis,Turdus albicollis,Turdus rufiventris,Turdus,Turdidae,1,Bajo
4365,Turdus albicollis,Turdus albicollis,Turdus albicollis,Turdus albicollis,Turdus albicollis,Turdus albicollis,Turdus albicollis,Synallaxis ruficapilla,Turdus albicollis,Turdus albicollis,Turdus albicollis,Turdus albicollis,Turdus,Turdidae,1,Bajo
4366,Turdus albicollis,Turdus albicollis,Turdus albicollis,Turdus albicollis,Turdus albicollis,Turdus albicollis,Turdus albicollis,Turdus albicollis,Turdus albicollis,Turdus albicollis,Turdus albicollis,Turdus albicollis,Turdus,Turdidae,1,Bajo
4368,Turdus albicollis,Hypoedaleus guttatus,Baryphthengus ruficapillus,Baryphthengus ruficapillus,Baryphthengus ruficapillus,Turdus albicollis,Hypoedaleus guttatus,Hypoedaleus guttatus,Baryphthengus ruficapillus,Baryphthengus ruficapillus,Baryphthengus ruficapillus,Hypoedaleus guttatus,Turdus,Turdidae,1,Bajo
4369,Turdus albicollis,Turdus albicollis,Turdus albicollis,Turdus albicollis,Turdus albicollis,Turdus albicollis,Turdus albicollis,Turdus albicollis,Turdus albicollis,Turdus albicollis,Turdus albicollis,Turdus albicollis,Turdus,Turdidae,1,Bajo
4370,Turdus albicollis,Turdus albicollis,Turdus albicollis,Turdus albicollis,Turdus albicollis,Turdus albicollis,Turdus albicollis,Turdus albicollis,Turdus albicollis,Turdus albicollis,Turdus albicollis,Turdus albicollis,Turdus,Turdidae,1,Bajo
4371,Turdus albicollis,Amazona vinacea,Hypoedaleus guttatus,Biatas nigropectus,Biatas nigropectus,Amazona vinacea,Amazona vinacea,Amazona aestiva,Hypoedaleus guttatus,Hypoedaleus guttatus,Hypoedaleus guttatus,Amazona vinacea,Turdus,Turdidae,1,Bajo
4373,Turdus albicollis,Turdus albicollis,Turdus albicollis,Turdus albicollis,Turdus albicollis,Turdus albicollis,Turdus albicollis,Turdus rufiventris,Turdus albicollis,Turdus albicollis,Turdus albicollis,Turdus albicollis,Turdus,Turdidae,1,Bajo
4374,Turdus albicollis,Nyctidromus albicollis,Myiothlypis leucoblephara,Hydropsalis torquata,Chamaeza campanisona,Dasyprocta azarae,Dasyprocta azarae,Phrynops williamsi,Myiothlypis leucoblephara,Myiothlypis leucoblephara,Myiothlypis leucoblephara,Nyctidromus albicollis,Turdus,Turdidae,1,Bajo
4375,Turdus albicollis,Amazona aestiva,Baryphthengus ruficapillus,Amazona vinacea,Amazona vinacea,Turdus albicollis,Amazona vinacea,Amazona vinacea,Baryphthengus ruficapillus,Baryphthengus ruficapillus,Baryphthengus ruficapillus,Amazona aestiva,Turdus,Turdidae,1,Bajo
4377,Turdus albicollis,Turdus albicollis,Turdus albicollis,Turdus albicollis,Turdus albicollis,Turdus albicollis,Turdus albicollis,Turdus albicollis,Turdus albicollis,Turdus albicollis,Turdus albicollis,Turdus albicollis,Turdus,Turdidae,1,Bajo
4378,Turdus albicollis,Turdus rufiventris,Synallaxis ruficapilla,Didelphis albiventris,Didelphis albiventris,Cerdocyon thous,Hydropsalis torquata,Turdus rufiventris,Synallaxis ruficapilla,Synallaxis ruficapilla,Synallaxis ruficapilla,Turdus rufiventris,Turdus,Turdidae,1,Bajo
4379,Turdus albicollis,Pyriglena leucoptera,Baryphthengus ruficapillus,Baryphthengus ruficapillus,Baryphthengus ruficapillus,Hypoedaleus guttatus,Hypoedaleus guttatus,Turdus albicollis,Baryphthengus ruficapillus,Baryphthengus ruficapillus,Baryphthengus ruficapillus,Pyriglena leucoptera,Turdus,Turdidae,1,Bajo
4380,Turdus albicollis,Turdus albicollis,Turdus albicollis,Turdus albicollis,Turdus albicollis,Turdus albicollis,Turdus albicollis,Turdus albicollis,Turdus albicollis,Turdus albicollis,Turdus albicollis,Turdus albicollis,Turdus,Turdidae,1,Bajo
4381,Turdus albicollis,Turdus albicollis,Turdus albicollis,Turdus albicollis,Turdus albicollis,Turdus albicollis,Turdus albicollis,Turdus albicollis,Turdus albicollis,Turdus albicollis,Turdus albicollis,Turdus albicollis,Turdus,Turdidae,1,Bajo
4382,Turdus albicollis,Turdus albicollis,Turdus albicollis,Turdus albicollis,Turdus albicollis,Turdus albicollis,Turdus albicollis,Turdus albicollis,Turdus albicollis,Turdus albicollis,Turdus albicollis,Turdus albicollis,Turdus,Turdidae,1,Bajo
4383,Turdus albicollis,Biatas nigropectus,Conopophaga lineata,Conopophaga lineata,Biatas nigropectus,Turdus albicollis,Turdus albicollis,Synallaxis ruficapilla,Conopophaga lineata,Conopophaga lineata,Conopophaga lineata,Biatas nigropectus,Turdus,Turdidae,1,Bajo
4384,Turdus albicollis,Turdus albicollis,Turdus albicollis,Conopophaga lineata,Conopophaga lineata,Turdus albicollis,Turdus albicollis,Turdus albicollis,Turdus albicollis,Turdus albicollis,Turdus albicollis,Turdus albicollis,Turdus,Turdidae,1,Bajo
4386,Turdus albicollis,Turdus albicollis,Turdus albicollis,Turdus albicollis,Turdus albicollis,Turdus albicollis,Turdus albicollis,Baryphthengus ruficapillus,Turdus albicollis,Turdus albicollis,Turdus albicollis,Turdus albicollis,Turdus,Turdidae,1,Bajo
4387,Turdus albicollis,Turdus albicollis,Turdus albicollis,Turdus albicollis,Turdus albicollis,Turdus albicollis,Turdus albicollis,Turdus albicollis,Turdus albicollis,Turdus albicollis,Turdus albicollis,Turdus albicollis,Turdus,Turdidae,1,Bajo
4388,Turdus albicollis,Crypturellus tataupa,Crypturellus tataupa,Conopophaga lineata vulgaris,Conopophaga lineata vulgaris,Turdus albicollis,Turdus albicollis,Turdus rufiventris,Crypturellus tataupa,Crypturellus tataupa,Crypturellus tataupa,Crypturellus tataupa,Turdus,Turdidae,1,Bajo
4389,Turdus albicollis,Pyriglena leucoptera,Myiothlypis leucoblephara,Habia rubica,Habia rubica,Amazona vinacea,Hypoedaleus guttatus,Amazona vinacea,Myiothlypis leucoblephara,Myiothlypis leucoblephara,Myiothlypis leucoblephara,Pyriglena leucoptera,Turdus,Turdidae,1,Bajo
4390,Turdus albicollis,Turdus albicollis,Turdus albicollis,Turdus albicollis,Turdus albicollis,Turdus albicollis,Turdus albicollis,Turdus albicollis,Turdus albicollis,Turdus albicollis,Turdus albicollis,Turdus albicollis,Turdus,Turdidae,1,Bajo
4392,Turdus albicollis,Turdus albicollis,Turdus albicollis,Turdus albicollis,Turdus albicollis,Turdus albicollis,Turdus albicollis,Turdus albicollis,Turdus albicollis,Turdus albicollis,Turdus albicollis,Turdus albicollis,Turdus,Turdidae,1,Bajo
4393,Turdus albicollis,Turdus albicollis,Turdus albicollis,Turdus albicollis,Turdus albicollis,Turdus albicollis,Turdus albicollis,Turdus albicollis,Turdus albicollis,Turdus albicollis,Turdus albicollis,Turdus albicollis,Turdus,Turdidae,1,Bajo
4395,Turdus albicollis,Turdus albicollis,Turdus albicollis,Conopophaga lineata,Conopophaga lineata,Turdus albicollis,Turdus albicollis,Turdus rufiventris,Turdus albicollis,Turdus albicollis,Turdus albicollis,Turdus albicollis,Turdus,Turdidae,1,Bajo
4396,Turdus albicollis,Myiothlypis leucoblephara,Conopophaga lineata,Chamaeza campanisona,Chamaeza campanisona,Conopophaga lineata,Turdus albicollis,Subulo gouazoubira,Conopophaga lineata,Conopophaga lineata,Conopophaga lineata,Turdus albicollis,Turdus,Turdidae,1,Bajo
4397,Turdus albicollis,Turdus albicollis,Turdus albicollis,Turdus albicollis,Turdus albicollis,Turdus albicollis,Turdus albicollis,Turdus albicollis,Turdus albicollis,Turdus albicollis,Turdus albicollis,Turdus albicollis,Turdus,Turdidae,1,Bajo
4398,Turdus albicollis,Turdus albicollis,Turdus albicollis,Turdus albicollis,Turdus albicollis,Turdus albicollis,Turdus albicollis,Turdus albicollis,Turdus albicollis,Turdus albicollis,Turdus albicollis,Turdus albicollis,Turdus,Turdidae,1,Bajo
4399,Turdus albicollis,Turdus albicollis,Biatas nigropectus,Baryphthengus ruficapillus,Baryphthengus ruficapillus,Turdus albicollis,Turdus albicollis,Habia rubica,Biatas nigropectus,Biatas nigropectus,Biatas nigropectus,Turdus albicollis,Turdus,Turdidae,1,Bajo
4400,Turdus albicollis,Chamaeza campanisona,Chamaeza campanisona,Chamaeza campanisona,Chamaeza campanisona,Chamaeza campanisona,Penelope superciliaris,Baryphthengus ruficapillus,Chamaeza campanisona,Chamaeza campanisona,Chamaeza campanisona,Chamaeza campanisona,Turdus,Turdidae,1,Bajo
4401,Turdus rufiventris,Turdus rufiventris,Turdus rufiventris,Turdus rufiventris,Turdus rufiventris,Turdus rufiventris,Turdus rufiventris,Turdus rufiventris,Turdus rufiventris,Turdus rufiventris,Turdus rufiventris,Turdus rufiventris,Turdus,Turdidae,1,Bajo
4402,Turdus rufiventris,Amazona vinacea,Habia rubica,Conopophaga lineata,Amazona vinacea,Gubernetes yetapa,Amazona vinacea,Amazona aestiva,Habia rubica,Habia rubica,Habia rubica,Amazona vinacea,Turdus,Turdidae,1,Bajo
4403,Turdus rufiventris,Habia rubica,Conopophaga lineata,Conopophaga lineata,Conopophaga lineata,Turdus rufiventris,Conopophaga lineata,Habia rubica,Conopophaga lineata,Conopophaga lineata,Conopophaga lineata,Habia rubica,Turdus,Turdidae,1,Bajo
4406,Turdus rufiventris,Didelphis albiventris,Galictis cuja,Galictis cuja,Dasyprocta azarae,Didelphis albiventris,Didelphis albiventris,Salvator merianae,Galictis cuja,Galictis cuja,Galictis cuja,Didelphis albiventris,Turdus,Turdidae,1,Bajo
4407,Turdus rufiventris,Turdus rufiventris,Turdus rufiventris,Turdus rufiventris,Turdus rufiventris,Turdus rufiventris,Turdus rufiventris,Turdus rufiventris,Turdus rufiventris,Turdus rufiventris,Turdus rufiventris,Turdus rufiventris,Turdus,Turdidae,1,Bajo
4409,Turdus rufiventris,Turdus rufiventris,Turdus albicollis,Turdus albicollis,Conopophaga lineata,Turdus rufiventris,Turdus albicollis,Turdus rufiventris,Turdus albicollis,Turdus albicollis,Turdus albicollis,Turdus rufiventris,Turdus,Turdidae,1,Bajo
4410,Turdus rufiventris,Turdus rufiventris,Turdus rufiventris,Turdus rufiventris,Turdus albicollis,Turdus rufiventris,Turdus albicollis,Turdus rufiventris,Turdus rufiventris,Turdus rufiventris,Turdus rufiventris,Turdus rufiventris,Turdus,Turdidae,1,Bajo
4412,Turdus rufiventris,Amazona aestiva,Didelphis albiventris,Alouatta guariba,Alouatta guariba,Didelphis albiventris,Brotogeris chiriri,Hypoedaleus guttatus,Didelphis albiventris,Didelphis albiventris,Didelphis albiventris,Amazona aestiva,Turdus,Turdidae,1,Bajo
4414,Turdus rufiventris,Turdus albicollis,Habia rubica,Conopophaga lineata,Alouatta guariba clamitans,Turdus albicollis,Hypoedaleus guttatus,Synallaxis ruficapilla,Habia rubica,Habia rubica,Habia rubica,Turdus albicollis,Turdus,Turdidae,1,Bajo
4415,Turdus rufiventris,Turdus rufiventris,Turdus rufiventris,Turdus rufiventris,Turdus albicollis,Turdus rufiventris,Turdus albicollis,Turdus albicollis,Turdus rufiventris,Turdus rufiventris,Turdus rufiventris,Turdus rufiventris,Turdus,Turdidae,1,Bajo
4416,Turdus rufiventris,Turdus rufiventris,Hypoedaleus guttatus,Alouatta guariba clamitans,Alouatta guariba clamitans,Turdus rufiventris,Tachyphonus coronatus,Tachyphonus coronatus,Hypoedaleus guttatus,Hypoedaleus guttatus,Hypoedaleus guttatus,Turdus rufiventris,Turdus,Turdidae,1,Bajo
4417,Turdus rufiventris,Turdus rufiventris,Turdus albicollis,Turdus albicollis,Turdus albicollis,Turdus rufiventris,Turdus albicollis,Turdus rufiventris,Turdus albicollis,Turdus albicollis,Turdus albicollis,Turdus rufiventris,Turdus,Turdidae,1,Bajo
4418,Turdus rufiventris,Leptotila verreauxi,Baryphthengus ruficapillus,Amazona vinacea,Amazona vinacea,Leptotila verreauxi,Leptotila verreauxi,Leptotila verreauxi,Baryphthengus ruficapillus,Baryphthengus ruficapillus,Baryphthengus ruficapillus,Leptotila verreauxi,Turdus,Turdidae,1,Bajo
4419,Turdus rufiventris,Turdus rufiventris,Turdus rufiventris,Turdus rufiventris,Turdus rufiventris,Turdus rufiventris,Turdus albicollis,Turdus albicollis,Turdus rufiventris,Turdus rufiventris,Turdus rufiventris,Turdus rufiventris,Turdus,Turdidae,1,Bajo
4421,Turdus rufiventris,Turdus albicollis,Myiothlypis leucoblephara,Baryphthengus ruficapillus,Baryphthengus ruficapillus,Turdus albicollis,Turdus albicollis,Habia rubica,Myiothlypis leucoblephara,Myiothlypis leucoblephara,Myiothlypis leucoblephara,Turdus albicollis,Turdus,Turdidae,1,Bajo
4422,Turdus rufiventris,Turdus albicollis,Habia rubica,Brotogeris chiriri,Brotogeris chiriri,Tachyphonus coronatus,Turdus albicollis,Baryphthengus ruficapillus,Habia rubica,Habia rubica,Habia rubica,Turdus albicollis,Turdus,Turdidae,1,Bajo
4423,Turdus rufiventris,Turdus albicollis,Turdus rufiventris,Turdus albicollis,Turdus albicollis,Turdus rufiventris,Turdus albicollis,Turdus albicollis,Turdus rufiventris,Turdus rufiventris,Turdus rufiventris,Turdus albicollis,Turdus,Turdidae,1,Bajo
4424,Turdus rufiventris,Turdus rufiventris,Turdus albicollis,Turdus rufiventris,Turdus rufiventris,Turdus rufiventris,Turdus albicollis,Turdus albicollis,Turdus albicollis,Turdus albicollis,Turdus albicollis,Turdus rufiventris,Turdus,Turdidae,1,Bajo
4425,Turdus rufiventris,Turdus rufiventris,Myiothlypis leucoblephara,Crypturellus tataupa,Turdus rufiventris,Turdus rufiventris,Turdus rufiventris,Nyctidromus albicollis,Myiothlypis leucoblephara,Myiothlypis leucoblephara,Myiothlypis leucoblephara,Turdus rufiventris,Turdus,Turdidae,1,Bajo
4426,Turdus rufiventris,Turdus rufiventris,Turdus rufiventris,Turdus rufiventris,Turdus rufiventris,Turdus rufiventris,Turdus rufiventris,Turdus rufiventris,Turdus rufiventris,Turdus rufiventris,Turdus rufiventris,Turdus rufiventris,Turdus,Turdidae,1,Bajo
4427,Turdus rufiventris,Turdus rufiventris,Synallaxis ruficapilla,Pyriglena leucoptera,Synallaxis ruficapilla,Turdus rufiventris,Turdus rufiventris,Synallaxis ruficapilla,Synallaxis ruficapilla,Synallaxis ruficapilla,Synallaxis ruficapilla,Turdus rufiventris,Turdus,Turdidae,1,Bajo
4428,Turdus rufiventris,Turdus rufiventris,Turdus rufiventris,Turdus rufiventris,Turdus albicollis,Turdus rufiventris,Turdus rufiventris,Turdus rufiventris,Turdus rufiventris,Turdus rufiventris,Turdus rufiventris,Turdus rufiventris,Turdus,Turdidae,1,Bajo
4429,Turdus rufiventris,Turdus rufiventris,Turdus albicollis,Turdus albicollis,Turdus albicollis,Turdus rufiventris,Turdus albicollis,Turdus albicollis,Turdus albicollis,Turdus albicollis,Turdus albicollis,Turdus rufiventris,Turdus,Turdidae,1,Bajo
4430,Turdus rufiventris,Turdus rufiventris,Turdus rufiventris,Turdus rufiventris,Turdus albicollis,Turdus rufiventris,Turdus rufiventris,Turdus rufiventris,Turdus rufiventris,Turdus rufiventris,Turdus rufiventris,Turdus rufiventris,Turdus,Turdidae,1,Bajo
4431,Turdus rufiventris,Turdus rufiventris,Turdus rufiventris,Turdus rufiventris,Tachyphonus coronatus,Turdus rufiventris,Turdus rufiventris,Tachyphonus coronatus,Turdus rufiventris,Turdus rufiventris,Turdus rufiventris,Turdus rufiventris,Turdus,Turdidae,1,Bajo
4432,Turdus rufiventris,Turdus albicollis,Turdus rufiventris,Turdus albicollis,Turdus albicollis,Turdus albicollis,Turdus albicollis,Turdus albicollis,Turdus rufiventris,Turdus rufiventris,Turdus rufiventris,Turdus albicollis,Turdus,Turdidae,1,Bajo
4433,Turdus rufiventris,Turdus rufiventris,Habia rubica,Habia rubica,Habia rubica,Turdus rufiventris,Turdus albicollis,Conopophaga lineata,Habia rubica,Habia rubica,Habia rubica,Turdus rufiventris,Turdus,Turdidae,1,Bajo
4434,Turdus rufiventris,Turdus rufiventris,Turdus rufiventris,Salvator merianae,Aramides saracura,Turdus rufiventris,Turdus rufiventris,Aramides saracura,Turdus rufiventris,Turdus rufiventris,Turdus rufiventris,Turdus rufiventris,Turdus,Turdidae,1,Bajo
4435,Turdus rufiventris,Turdus albicollis,Turdus albicollis,Turdus albicollis,Turdus albicollis,Turdus albicollis,Turdus albicollis,Turdus albicollis,Turdus albicollis,Turdus albicollis,Turdus albicollis,Turdus albicollis,Turdus,Turdidae,1,Bajo
4437,Turdus rufiventris,Turdus rufiventris,Turdus rufiventris,Crypturellus tataupa,Crypturellus tataupa,Turdus rufiventris,Turdus albicollis,Turdus albicollis,Turdus rufiventris,Turdus rufiventris,Turdus rufiventris,Turdus rufiventris,Turdus,Turdidae,1,Bajo
4438,Turdus rufiventris,Nyctidromus albicollis,Leptotila rufaxilla,Habia rubica,Conopophaga lineata,Brotogeris chiriri,Nyctidromus albicollis,Dasyprocta azarae,Leptotila rufaxilla,Leptotila rufaxilla,Leptotila rufaxilla,Nyctidromus albicollis,Turdus,Turdidae,1,Bajo
4439,Turdus rufiventris,Turdus albicollis,Turdus albicollis,Turdus albicollis,Turdus albicollis,Turdus albicollis,Turdus albicollis,Turdus albicollis,Turdus albicollis,Turdus albicollis,Turdus albicollis,Turdus albicollis,Turdus,Turdidae,1,Bajo
4440,Turdus rufiventris,Turdus rufiventris,Habia rubica,Conopophaga lineata,Alouatta guariba clamitans,Turdus rufiventris,Hypoedaleus guttatus,Turdus rufiventris,Habia rubica,Habia rubica,Habia rubica,Turdus rufiventris,Turdus,Turdidae,1,Bajo
4442,Turdus rufiventris,Didelphis albiventris,Leptotila verreauxi,Habia rubica,Alouatta guariba clamitans,Turdus rufiventris,Didelphis albiventris,Amazona aestiva,Leptotila verreauxi,Leptotila verreauxi,Leptotila verreauxi,Turdus rufiventris,Turdus,Turdidae,1,Bajo
4443,Turdus rufiventris,Turdus albicollis,Turdus albicollis,Turdus albicollis,Turdus albicollis,Turdus albicollis,Turdus albicollis,Baryphthengus ruficapillus,Turdus albicollis,Turdus albicollis,Turdus albicollis,Turdus albicollis,Turdus,Turdidae,1,Bajo
4445,Turdus rufiventris,Turdus rufiventris,Turdus rufiventris,Hypoedaleus guttatus,Turdus rufiventris,Turdus rufiventris,Turdus rufiventris,Turdus albicollis,Turdus rufiventris,Turdus rufiventris,Turdus rufiventris,Turdus rufiventris,Turdus,Turdidae,1,Bajo
4446,Turdus rufiventris,Turdus rufiventris,Leptotila rufaxilla,Habia rubica,Habia rubica,Habia rubica,Turdus rufiventris,Turdus rufiventris,Leptotila rufaxilla,Leptotila rufaxilla,Leptotila rufaxilla,Turdus rufiventris,Turdus,Turdidae,1,Bajo
4447,Turdus rufiventris,Turdus albicollis,Turdus albicollis,Biatas nigropectus,Turdus albicollis,Turdus albicollis,Turdus albicollis,Habia rubica,Turdus albicollis,Turdus albicollis,Turdus albicollis,Turdus albicollis,Turdus,Turdidae,1,Bajo
4448,Turdus rufiventris,Turdus rufiventris,Turdus rufiventris,Turdus rufiventris,Turdus rufiventris,Turdus rufiventris,Turdus rufiventris,Turdus rufiventris,Turdus rufiventris,Turdus rufiventris,Turdus rufiventris,Turdus rufiventris,Turdus,Turdidae,1,Bajo
4450,Turdus rufiventris,Chamaeza campanisona,Geotrygon montana,Geotrygon montana,Crypturellus tataupa,Mazama nanus,Aramides saracura,Crypturellus obsoletus,Geotrygon montana,Geotrygon montana,Geotrygon montana,Chamaeza campanisona,Turdus,Turdidae,1,Bajo
4451,Turdus rufiventris,Baryphthengus ruficapillus,Habia rubica,Alouatta guariba clamitans,Alouatta guariba clamitans,Baryphthengus ruficapillus,Baryphthengus ruficapillus,Alouatta guariba clamitans,Habia rubica,Habia rubica,Habia rubica,Baryphthengus ruficapillus,Turdus,Turdidae,1,Bajo
4452,Turdus rufiventris,Turdus rufiventris,Leptotila rufaxilla,Turdus rufiventris,Turdus rufiventris,Tachyphonus coronatus,Hydropsalis torquata,Turdus rufiventris,Leptotila rufaxilla,Leptotila rufaxilla,Leptotila rufaxilla,Turdus rufiventris,Turdus,Turdidae,1,Bajo
4453,Turdus rufiventris,Turdus rufiventris,Alouatta guariba clamitans,Turdus rufiventris,Turdus rufiventris,Turdus rufiventris,Turdus rufiventris,Turdus albicollis,Alouatta guariba clamitans,Alouatta guariba clamitans,Alouatta guariba clamitans,Turdus rufiventris,Turdus,Turdidae,1,Bajo
4454,Turdus rufiventris,Turdus rufiventris,Turdus albicollis,Alouatta guariba clamitans,Conopophaga lineata,Turdus rufiventris,Turdus albicollis,Turdus rufiventris,Turdus albicollis,Turdus albicollis,Turdus albicollis,Turdus rufiventris,Turdus,Turdidae,1,Bajo
4456,Turdus rufiventris,Hypoedaleus guttatus,Habia rubica,Habia rubica,Conopophaga lineata,Mackenziaena severa,Hypoedaleus guttatus,Myiothlypis leucoblephara,Habia rubica,Habia rubica,Habia rubica,Hypoedaleus guttatus,Turdus,Turdidae,1,Bajo
4457,Turdus rufiventris,Myiothlypis leucoblephara,Conopophaga lineata,Conopophaga lineata,Conopophaga lineata,Myiothlypis leucoblephara,Myiothlypis leucoblephara,Lycalopex gymnocerca,Conopophaga lineata,Conopophaga lineata,Conopophaga lineata,Myiothlypis leucoblephara,Turdus,Turdidae,1,Bajo
4458,Turdus rufiventris,Pyriglena leucoptera,Habia rubica,Habia rubica,Habia rubica,Habia rubica,Habia rubica,Habia rubica,Habia rubica,Habia rubica,Habia rubica,Pyriglena leucoptera,Turdus,Turdidae,1,Bajo
4459,Turdus rufiventris,Turdus rufiventris,Turdus albicollis,Conopophaga lineata,Conopophaga lineata,Turdus rufiventris,Turdus albicollis,Turdus rufiventris,Turdus albicollis,Turdus albicollis,Turdus albicollis,Turdus rufiventris,Turdus,Turdidae,1,Bajo
4460,Gubernetes yetapa,Gubernetes yetapa,Sporophila pileata,Sporophila pileata,Gubernetes yetapa,Sporophila pileata,Gubernetes yetapa,Gubernetes yetapa,Sporophila pileata,Sporophila pileata,Sporophila pileata,Gubernetes yetapa,Gubernetes,Tyrannidae,1,Bajo
4461,Gubernetes yetapa,Gubernetes yetapa,Sporophila pileata,Sporophila pileata,Gubernetes yetapa,Gubernetes yetapa,Gubernetes yetapa,Gubernetes yetapa,Sporophila pileata,Sporophila pileata,Sporophila pileata,Gubernetes yetapa,Gubernetes,Tyrannidae,1,Bajo
4462,Gubernetes yetapa,Gubernetes yetapa,Gubernetes yetapa,Gubernetes yetapa,Gubernetes yetapa,Gubernetes yetapa,Gubernetes yetapa,Gubernetes yetapa,Gubernetes yetapa,Gubernetes yetapa,Gubernetes yetapa,Gubernetes yetapa,Gubernetes,Tyrannidae,1,Bajo
4463,Gubernetes yetapa,Gubernetes yetapa,Gubernetes yetapa,Gubernetes yetapa,Gubernetes yetapa,Gubernetes yetapa,Gubernetes yetapa,Gubernetes yetapa,Gubernetes yetapa,Gubernetes yetapa,Gubernetes yetapa,Gubernetes yetapa,Gubernetes,Tyrannidae,1,Bajo
4464,Gubernetes yetapa,Gubernetes yetapa,Gubernetes yetapa,Gubernetes yetapa,Gubernetes yetapa,Gubernetes yetapa,Gubernetes yetapa,Gubernetes yetapa,Gubernetes yetapa,Gubernetes yetapa,Gubernetes yetapa,Gubernetes yetapa,Gubernetes,Tyrannidae,1,Bajo
4465,Gubernetes yetapa,Gubernetes yetapa,Sporophila pileata,Gubernetes yetapa,Sporophila pileata,Gubernetes yetapa,Gubernetes yetapa,Gubernetes yetapa,Sporophila pileata,Sporophila pileata,Sporophila pileata,Gubernetes yetapa,Gubernetes,Tyrannidae,1,Bajo
4466,Gubernetes yetapa,Gubernetes yetapa,Gubernetes yetapa,Gubernetes yetapa,Gubernetes yetapa,Gubernetes yetapa,Gubernetes yetapa,Gubernetes yetapa,Gubernetes yetapa,Gubernetes yetapa,Gubernetes yetapa,Gubernetes yetapa,Gubernetes,Tyrannidae,1,Bajo
4467,Gubernetes yetapa,Gubernetes yetapa,Gubernetes yetapa,Gubernetes yetapa,Gubernetes yetapa,Gubernetes yetapa,Gubernetes yetapa,Gubernetes yetapa,Gubernetes yetapa,Gubernetes yetapa,Gubernetes yetapa,Gubernetes yetapa,Gubernetes,Tyrannidae,1,Bajo
4470,Gubernetes yetapa,Gubernetes yetapa,Gubernetes yetapa,Gubernetes yetapa,Gubernetes yetapa,Gubernetes yetapa,Gubernetes yetapa,Gubernetes yetapa,Gubernetes yetapa,Gubernetes yetapa,Gubernetes yetapa,Gubernetes yetapa,Gubernetes,Tyrannidae,1,Bajo
4471,Gubernetes yetapa,Gubernetes yetapa,Gubernetes yetapa,Gubernetes yetapa,Gubernetes yetapa,Gubernetes yetapa,Gubernetes yetapa,Gubernetes yetapa,Gubernetes yetapa,Gubernetes yetapa,Gubernetes yetapa,Gubernetes yetapa,Gubernetes,Tyrannidae,1,Bajo
4472,Gubernetes yetapa,Gubernetes yetapa,Gubernetes yetapa,Sporophila pileata,Gubernetes yetapa,Gubernetes yetapa,Gubernetes yetapa,Sporophila pileata,Gubernetes yetapa,Gubernetes yetapa,Gubernetes yetapa,Gubernetes yetapa,Gubernetes,Tyrannidae,1,Bajo
4473,Gubernetes yetapa,Gubernetes yetapa,Gubernetes yetapa,Gubernetes yetapa,Gubernetes yetapa,Gubernetes yetapa,Gubernetes yetapa,Gubernetes yetapa,Gubernetes yetapa,Gubernetes yetapa,Gubernetes yetapa,Gubernetes yetapa,Gubernetes,Tyrannidae,1,Bajo
4474,Gubernetes yetapa,Gubernetes yetapa,Sporophila pileata,Sporophila pileata,Sporophila pileata,Gubernetes yetapa,Gubernetes yetapa,Gubernetes yetapa,Sporophila pileata,Sporophila pileata,Sporophila pileata,Gubernetes yetapa,Gubernetes,Tyrannidae,1,Bajo
4475,Gubernetes yetapa,Gubernetes yetapa,Gubernetes yetapa,Gubernetes yetapa,Gubernetes yetapa,Gubernetes yetapa,Gubernetes yetapa,Gubernetes yetapa,Gubernetes yetapa,Gubernetes yetapa,Gubernetes yetapa,Gubernetes yetapa,Gubernetes,Tyrannidae,1,Bajo
4476,Gubernetes yetapa,Gubernetes yetapa,Gubernetes yetapa,Gubernetes yetapa,Gubernetes yetapa,Gubernetes yetapa,Gubernetes yetapa,Gubernetes yetapa,Gubernetes yetapa,Gubernetes yetapa,Gubernetes yetapa,Gubernetes yetapa,Gubernetes,Tyrannidae,1,Bajo
4477,Gubernetes yetapa,Gubernetes yetapa,Gubernetes yetapa,Gubernetes yetapa,Sporophila pileata,Gubernetes yetapa,Gubernetes yetapa,Gubernetes yetapa,Gubernetes yetapa,Gubernetes yetapa,Gubernetes yetapa,Gubernetes yetapa,Gubernetes,Tyrannidae,1,Bajo
4478,Gubernetes yetapa,Gubernetes yetapa,Sporophila pileata,Sporophila pileata,Sporophila pileata,Gubernetes yetapa,Gubernetes yetapa,Gubernetes yetapa,Sporophila pileata,Sporophila pileata,Sporophila pileata,Gubernetes yetapa,Gubernetes,Tyrannidae,1,Bajo
4479,Gubernetes yetapa,Pipile jacutinga,Penelope superciliaris,Alouatta guariba clamitans,Alouatta caraya,Pipile jacutinga,Pipile jacutinga,Sapajus nigritus,Penelope superciliaris,Penelope superciliaris,Penelope superciliaris,Pipile jacutinga,Gubernetes,Tyrannidae,1,Bajo
4480,Gubernetes yetapa,Gubernetes yetapa,Sporophila pileata,Sporophila pileata,Sporophila pileata,Gubernetes yetapa,Gubernetes yetapa,Sporophila pileata,Sporophila pileata,Sporophila pileata,Sporophila pileata,Gubernetes yetapa,Gubernetes,Tyrannidae,1,Bajo
4481,Gubernetes yetapa,Hydropsalis torquata,Gubernetes yetapa,Gubernetes yetapa,Gubernetes yetapa,Gubernetes yetapa,Gubernetes yetapa,Lontra longicaudis,Gubernetes yetapa,Gubernetes yetapa,Gubernetes yetapa,Gubernetes yetapa,Gubernetes,Tyrannidae,1,Bajo
4482,Gubernetes yetapa,Gubernetes yetapa,Sporophila pileata,Gubernetes yetapa,Gubernetes yetapa,Gubernetes yetapa,Gubernetes yetapa,Gubernetes yetapa,Sporophila pileata,Sporophila pileata,Sporophila pileata,Gubernetes yetapa,Gubernetes,Tyrannidae,1,Bajo
4483,Gubernetes yetapa,Gubernetes yetapa,Gubernetes yetapa,Gubernetes yetapa,Gubernetes yetapa,Gubernetes yetapa,Gubernetes yetapa,Gubernetes yetapa,Gubernetes yetapa,Gubernetes yetapa,Gubernetes yetapa,Gubernetes yetapa,Gubernetes,Tyrannidae,1,Bajo
4484,Gubernetes yetapa,Gubernetes yetapa,Gubernetes yetapa,Gubernetes yetapa,Gubernetes yetapa,Gubernetes yetapa,Gubernetes yetapa,Gubernetes yetapa,Gubernetes yetapa,Gubernetes yetapa,Gubernetes yetapa,Gubernetes yetapa,Gubernetes,Tyrannidae,1,Bajo
4488,Gubernetes yetapa,Sporophila pileata,Sporophila pileata,Sporophila pileata,Sporophila pileata,Sporophila pileata,Sporophila pileata,Gubernetes yetapa,Sporophila pileata,Sporophila pileata,Sporophila pileata,Sporophila pileata,Gubernetes,Tyrannidae,1,Bajo
4489,Gubernetes yetapa,Gubernetes yetapa,Gubernetes yetapa,Gubernetes yetapa,Gubernetes yetapa,Gubernetes yetapa,Gubernetes yetapa,Gubernetes yetapa,Gubernetes yetapa,Gubernetes yetapa,Gubernetes yetapa,Gubernetes yetapa,Gubernetes,Tyrannidae,1,Bajo
4490,Gubernetes yetapa,Myiothlypis leucoblephara,Sporophila pileata,Sporophila pileata,Sporophila pileata,Gubernetes yetapa,Gubernetes yetapa,Sporophila pileata,Sporophila pileata,Sporophila pileata,Sporophila pileata,Myiothlypis leucoblephara,Gubernetes,Tyrannidae,1,Bajo
4491,Gubernetes yetapa,Gubernetes yetapa,Gubernetes yetapa,Gubernetes yetapa,Gubernetes yetapa,Gubernetes yetapa,Gubernetes yetapa,Gubernetes yetapa,Gubernetes yetapa,Gubernetes yetapa,Gubernetes yetapa,Gubernetes yetapa,Gubernetes,Tyrannidae,1,Bajo
4493,Gubernetes yetapa,Sporophila pileata,Sporophila pileata,Sporophila pileata,Sporophila pileata,Sporophila pileata,Gubernetes yetapa,Gubernetes yetapa,Sporophila pileata,Sporophila pileata,Sporophila pileata,Sporophila pileata,Gubernetes,Tyrannidae,1,Bajo
4494,Gubernetes yetapa,Gubernetes yetapa,Gubernetes yetapa,Gubernetes yetapa,Gubernetes yetapa,Gubernetes yetapa,Gubernetes yetapa,Gubernetes yetapa,Gubernetes yetapa,Gubernetes yetapa,Gubernetes yetapa,Gubernetes yetapa,Gubernetes,Tyrannidae,1,Bajo
4496,Gubernetes yetapa,Gubernetes yetapa,Gubernetes yetapa,Sporophila pileata,Sporophila pileata,Gubernetes yetapa,Gubernetes yetapa,Gubernetes yetapa,Gubernetes yetapa,Gubernetes yetapa,Gubernetes yetapa,Gubernetes yetapa,Gubernetes,Tyrannidae,1,Bajo
4498,Gubernetes yetapa,Gubernetes yetapa,Gubernetes yetapa,Gubernetes yetapa,Gubernetes yetapa,Gubernetes yetapa,Gubernetes yetapa,Gubernetes yetapa,Gubernetes yetapa,Gubernetes yetapa,Gubernetes yetapa,Gubernetes yetapa,Gubernetes,Tyrannidae,1,Bajo
4499,Gubernetes yetapa,Gubernetes yetapa,Gubernetes yetapa,Gubernetes yetapa,Gubernetes yetapa,Gubernetes yetapa,Gubernetes yetapa,Gubernetes yetapa,Gubernetes yetapa,Gubernetes yetapa,Gubernetes yetapa,Gubernetes yetapa,Gubernetes,Tyrannidae,1,Bajo
4500,Gubernetes yetapa,Amazona vinacea,Amazona vinacea,Amazona vinacea,Amazona vinacea,Amazona vinacea,Amazona vinacea,Amazona vinacea,Amazona vinacea,Amazona vinacea,Amazona vinacea,Amazona vinacea,Gubernetes,Tyrannidae,1,Bajo
4501,Gubernetes yetapa,Gubernetes yetapa,Sporophila pileata,Gubernetes yetapa,Gubernetes yetapa,Gubernetes yetapa,Gubernetes yetapa,Gubernetes yetapa,Sporophila pileata,Sporophila pileata,Sporophila pileata,Gubernetes yetapa,Gubernetes,Tyrannidae,1,Bajo
4502,Gubernetes yetapa,Sporophila pileata,Sporophila pileata,Sporophila pileata,Sporophila pileata,Sporophila pileata,Gubernetes yetapa,Gubernetes yetapa,Sporophila pileata,Sporophila pileata,Sporophila pileata,Sporophila pileata,Gubernetes,Tyrannidae,1,Bajo
4503,Gubernetes yetapa,Amazona vinacea,Sporophila pileata,Amazona vinacea,Amazona vinacea,Amazona vinacea,Amazona vinacea,Amazona vinacea,Sporophila pileata,Sporophila pileata,Sporophila pileata,Amazona vinacea,Gubernetes,Tyrannidae,1,Bajo
4504,Gubernetes yetapa,Gubernetes yetapa,Sporophila pileata,Sporophila pileata,Sporophila pileata,Gubernetes yetapa,Gubernetes yetapa,Sporophila pileata,Sporophila pileata,Sporophila pileata,Sporophila pileata,Gubernetes yetapa,Gubernetes,Tyrannidae,1,Bajo
4507,Gubernetes yetapa,Gubernetes yetapa,Gubernetes yetapa,Gubernetes yetapa,Gubernetes yetapa,Gubernetes yetapa,Gubernetes yetapa,Gubernetes yetapa,Gubernetes yetapa,Gubernetes yetapa,Gubernetes yetapa,Gubernetes yetapa,Gubernetes,Tyrannidae,1,Bajo
4508,Gubernetes yetapa,Gubernetes yetapa,Sporophila pileata,Sporophila pileata,Sporophila pileata,Gubernetes yetapa,Gubernetes yetapa,Gubernetes yetapa,Sporophila pileata,Sporophila pileata,Sporophila pileata,Gubernetes yetapa,Gubernetes,Tyrannidae,1,Bajo
4509,Gubernetes yetapa,Gubernetes yetapa,Gubernetes yetapa,Gubernetes yetapa,Gubernetes yetapa,Gubernetes yetapa,Gubernetes yetapa,Gubernetes yetapa,Gubernetes yetapa,Gubernetes yetapa,Gubernetes yetapa,Gubernetes yetapa,Gubernetes,Tyrannidae,1,Bajo
4510,Gubernetes yetapa,Sporophila pileata,Sporophila pileata,Sporophila pileata,Sporophila pileata,Sporophila pileata,Gubernetes yetapa,Sporophila pileata,Sporophila pileata,Sporophila pileata,Sporophila pileata,Sporophila pileata,Gubernetes,Tyrannidae,1,Bajo
4511,Gubernetes yetapa,Gubernetes yetapa,Gubernetes yetapa,Gubernetes yetapa,Gubernetes yetapa,Cyanocorax chrysops,Gubernetes yetapa,Gubernetes yetapa,Gubernetes yetapa,Gubernetes yetapa,Gubernetes yetapa,Gubernetes yetapa,Gubernetes,Tyrannidae,1,Bajo
4513,Gubernetes yetapa,Gubernetes yetapa,Gubernetes yetapa,Gubernetes yetapa,Gubernetes yetapa,Gubernetes yetapa,Gubernetes yetapa,Gubernetes yetapa,Gubernetes yetapa,Gubernetes yetapa,Gubernetes yetapa,Gubernetes yetapa,Gubernetes,Tyrannidae,1,Bajo
4514,Gubernetes yetapa,Gubernetes yetapa,Gubernetes yetapa,Gubernetes yetapa,Gubernetes yetapa,Gubernetes yetapa,Gubernetes yetapa,Gubernetes yetapa,Gubernetes yetapa,Gubernetes yetapa,Gubernetes yetapa,Gubernetes yetapa,Gubernetes,Tyrannidae,1,Bajo
4515,Gubernetes yetapa,Gubernetes yetapa,Gubernetes yetapa,Gubernetes yetapa,Gubernetes yetapa,Gubernetes yetapa,Gubernetes yetapa,Gubernetes yetapa,Gubernetes yetapa,Gubernetes yetapa,Gubernetes yetapa,Gubernetes yetapa,Gubernetes,Tyrannidae,1,Bajo
4516,Gubernetes yetapa,Gubernetes yetapa,Sporophila pileata,Sporophila pileata,Sporophila pileata,Gubernetes yetapa,Gubernetes yetapa,Gubernetes yetapa,Sporophila pileata,Sporophila pileata,Sporophila pileata,Gubernetes yetapa,Gubernetes,Tyrannidae,1,Bajo
4517,Gubernetes yetapa,Gubernetes yetapa,Gubernetes yetapa,Gubernetes yetapa,Gubernetes yetapa,Gubernetes yetapa,Gubernetes yetapa,Gubernetes yetapa,Gubernetes yetapa,Gubernetes yetapa,Gubernetes yetapa,Gubernetes yetapa,Gubernetes,Tyrannidae,1,Bajo
4518,Gubernetes yetapa,Sporophila pileata,Sporophila pileata,Sporophila pileata,Sporophila pileata,Sporophila pileata,Sporophila pileata,Sporophila pileata,Sporophila pileata,Sporophila pileata,Sporophila pileata,Sporophila pileata,Gubernetes,Tyrannidae,1,Bajo
4519,Gubernetes yetapa,Gubernetes yetapa,Sporophila pileata,Sporophila pileata,Sporophila pileata,Gubernetes yetapa,Gubernetes yetapa,Gubernetes yetapa,Sporophila pileata,Sporophila pileata,Sporophila pileata,Gubernetes yetapa,Gubernetes,Tyrannidae,1,Bajo
4520,Gubernetes yetapa,Gubernetes yetapa,Notharchus swainsoni,Gubernetes yetapa,Gubernetes yetapa,Gubernetes yetapa,Gubernetes yetapa,Gubernetes yetapa,Notharchus swainsoni,Notharchus swainsoni,Notharchus swainsoni,Gubernetes yetapa,Gubernetes,Tyrannidae,1,Bajo
4521,Gubernetes yetapa,Gubernetes yetapa,Gubernetes yetapa,Gubernetes yetapa,Gubernetes yetapa,Gubernetes yetapa,Gubernetes yetapa,Gubernetes yetapa,Gubernetes yetapa,Gubernetes yetapa,Gubernetes yetapa,Gubernetes yetapa,Gubernetes,Tyrannidae,1,Bajo
4523,Gubernetes yetapa,Gubernetes yetapa,Gubernetes yetapa,Gubernetes yetapa,Gubernetes yetapa,Gubernetes yetapa,Gubernetes yetapa,Gubernetes yetapa,Gubernetes yetapa,Gubernetes yetapa,Gubernetes yetapa,Gubernetes yetapa,Gubernetes,Tyrannidae,1,Bajo
4525,Gubernetes yetapa,Gubernetes yetapa,Gubernetes yetapa,Gubernetes yetapa,Gubernetes yetapa,Gubernetes yetapa,Gubernetes yetapa,Gubernetes yetapa,Gubernetes yetapa,Gubernetes yetapa,Gubernetes yetapa,Gubernetes yetapa,Gubernetes,Tyrannidae,1,Bajo
4526,Gubernetes yetapa,Gubernetes yetapa,Gubernetes yetapa,Gubernetes yetapa,Gubernetes yetapa,Gubernetes yetapa,Gubernetes yetapa,Gubernetes yetapa,Gubernetes yetapa,Gubernetes yetapa,Gubernetes yetapa,Gubernetes yetapa,Gubernetes,Tyrannidae,1,Bajo
4527,Gubernetes yetapa,Sporophila pileata,Sporophila pileata,Sporophila pileata,Sporophila pileata,Sporophila pileata,Sporophila pileata,Gubernetes yetapa,Sporophila pileata,Sporophila pileata,Sporophila pileata,Sporophila pileata,Gubernetes,Tyrannidae,1,Bajo
4528,Pogonotriccus eximius,Pogonotriccus eximius,Pogonotriccus eximius,Pogonotriccus eximius,Pogonotriccus eximius,Pogonotriccus eximius,Manacus manacus,Pogonotriccus eximius,Pogonotriccus eximius,Pogonotriccus eximius,Pogonotriccus eximius,Pogonotriccus eximius,Pogonotriccus,Tyrannidae,4,Alto
4529,Pogonotriccus eximius,Pogonotriccus eximius,Pogonotriccus eximius,Pogonotriccus eximius,Pogonotriccus eximius,Pogonotriccus eximius,Manacus manacus,Pogonotriccus eximius,Pogonotriccus eximius,Pogonotriccus eximius,Pogonotriccus eximius,Pogonotriccus eximius,Pogonotriccus,Tyrannidae,4,Alto
4530,Pogonotriccus eximius,Pogonotriccus eximius,Pogonotriccus eximius,Pogonotriccus eximius,Pogonotriccus eximius,Pogonotriccus eximius,Manacus manacus,Pogonotriccus eximius,Pogonotriccus eximius,Pogonotriccus eximius,Pogonotriccus eximius,Pogonotriccus eximius,Pogonotriccus,Tyrannidae,4,Alto
4531,Pogonotriccus eximius,Pogonotriccus eximius,Pogonotriccus eximius,Pogonotriccus eximius,Pogonotriccus eximius,Pogonotriccus eximius,Hypoedaleus guttatus,Habia rubica,Pogonotriccus eximius,Pogonotriccus eximius,Pogonotriccus eximius,Pogonotriccus eximius,Pogonotriccus,Tyrannidae,4,Alto
4532,Pogonotriccus eximius,Pogonotriccus eximius,Pogonotriccus eximius,Pogonotriccus eximius,Pogonotriccus eximius,Pogonotriccus eximius,Manacus manacus,Conopophaga lineata,Pogonotriccus eximius,Pogonotriccus eximius,Pogonotriccus eximius,Pogonotriccus eximius,Pogonotriccus,Tyrannidae,4,Alto
4533,Pogonotriccus eximius,Pogonotriccus eximius,Pogonotriccus eximius,Pogonotriccus eximius,Pogonotriccus eximius,Pogonotriccus eximius,Manacus manacus,Manacus manacus,Pogonotriccus eximius,Pogonotriccus eximius,Pogonotriccus eximius,Pogonotriccus eximius,Pogonotriccus,Tyrannidae,4,Alto
4534,Pogonotriccus eximius,Pogonotriccus eximius,Pogonotriccus eximius,Pogonotriccus eximius,Pogonotriccus eximius,Pogonotriccus eximius,Manacus manacus,Pogonotriccus eximius,Pogonotriccus eximius,Pogonotriccus eximius,Pogonotriccus eximius,Pogonotriccus eximius,Pogonotriccus,Tyrannidae,4,Alto
4535,Pogonotriccus eximius,Pogonotriccus eximius,Pogonotriccus eximius,Pogonotriccus eximius,Pogonotriccus eximius,Pogonotriccus eximius,Manacus manacus,Pogonotriccus eximius,Pogonotriccus eximius,Pogonotriccus eximius,Pogonotriccus eximius,Pogonotriccus eximius,Pogonotriccus,Tyrannidae,4,Alto
4536,Pogonotriccus eximius,Pogonotriccus eximius,Pogonotriccus eximius,Pogonotriccus eximius,Pogonotriccus eximius,Pogonotriccus eximius,Hypoedaleus guttatus,Pogonotriccus eximius,Pogonotriccus eximius,Pogonotriccus eximius,Pogonotriccus eximius,Pogonotriccus eximius,Pogonotriccus,Tyrannidae,4,Alto
4537,Pogonotriccus eximius,Pogonotriccus eximius,Pogonotriccus eximius,Pogonotriccus eximius,Pogonotriccus eximius,Pogonotriccus eximius,Manacus manacus,Pogonotriccus eximius,Pogonotriccus eximius,Pogonotriccus eximius,Pogonotriccus eximius,Pogonotriccus eximius,Pogonotriccus,Tyrannidae,4,Alto
4538,Pogonotriccus eximius,Pogonotriccus eximius,Pogonotriccus eximius,Pogonotriccus eximius,Pogonotriccus eximius,Pogonotriccus eximius,Manacus manacus,Habia rubica,Pogonotriccus eximius,Pogonotriccus eximius,Pogonotriccus eximius,Pogonotriccus eximius,Pogonotriccus,Tyrannidae,4,Alto
4539,Pogonotriccus eximius,Amazona aestiva,Brotogeris chiriri,Brotogeris chiriri,Brotogeris chiriri,Pogonotriccus eximius,Hypoedaleus guttatus,Baryphthengus ruficapillus,Brotogeris chiriri,Brotogeris chiriri,Brotogeris chiriri,Amazona aestiva,Pogonotriccus,Tyrannidae,4,Alto
4540,Pogonotriccus eximius,Biatas nigropectus,Biatas nigropectus,Biatas nigropectus,Biatas nigropectus,Cyanocorax chrysops,Notharchus swainsoni,Baryphthengus ruficapillus,Biatas nigropectus,Biatas nigropectus,Biatas nigropectus,Biatas nigropectus,Pogonotriccus,Tyrannidae,4,Alto
4541,Pogonotriccus eximius,Pogonotriccus eximius,Pogonotriccus eximius,Pogonotriccus eximius,Pogonotriccus eximius,Pogonotriccus eximius,Manacus manacus,Pogonotriccus eximius,Pogonotriccus eximius,Pogonotriccus eximius,Pogonotriccus eximius,Pogonotriccus eximius,Pogonotriccus,Tyrannidae,4,Alto
4542,Pogonotriccus eximius,Pogonotriccus eximius,Pogonotriccus eximius,Pogonotriccus eximius,Pogonotriccus eximius,Pogonotriccus eximius,Manacus manacus,Pogonotriccus eximius,Pogonotriccus eximius,Pogonotriccus eximius,Pogonotriccus eximius,Pogonotriccus eximius,Pogonotriccus,Tyrannidae,4,Alto
4543,Pogonotriccus eximius,Brotogeris chiriri,Brotogeris chiriri,Pogonotriccus eximius,Manacus manacus,Brotogeris chiriri,Brotogeris chiriri,Brotogeris chiriri,Brotogeris chiriri,Brotogeris chiriri,Brotogeris chiriri,Brotogeris chiriri,Pogonotriccus,Tyrannidae,4,Alto
4544,Pogonotriccus eximius,Pogonotriccus eximius,Pogonotriccus eximius,Pogonotriccus eximius,Pogonotriccus eximius,Pogonotriccus eximius,Manacus manacus,Pogonotriccus eximius,Pogonotriccus eximius,Pogonotriccus eximius,Pogonotriccus eximius,Pogonotriccus eximius,Pogonotriccus,Tyrannidae,4,Alto
4546,Pogonotriccus eximius,Pogonotriccus eximius,Pogonotriccus eximius,Pogonotriccus eximius,Pogonotriccus eximius,Pogonotriccus eximius,Manacus manacus,Pogonotriccus eximius,Pogonotriccus eximius,Pogonotriccus eximius,Pogonotriccus eximius,Pogonotriccus eximius,Pogonotriccus,Tyrannidae,4,Alto
4548,Pogonotriccus eximius,Pogonotriccus eximius,Pogonotriccus eximius,Pogonotriccus eximius,Pogonotriccus eximius,Pogonotriccus eximius,Habia rubica,Habia rubica,Pogonotriccus eximius,Pogonotriccus eximius,Pogonotriccus eximius,Pogonotriccus eximius,Pogonotriccus,Tyrannidae,4,Alto
4549,Pogonotriccus eximius,Pogonotriccus eximius,Pogonotriccus eximius,Pogonotriccus eximius,Pogonotriccus eximius,Pogonotriccus eximius,Manacus manacus,Pogonotriccus eximius,Pogonotriccus eximius,Pogonotriccus eximius,Pogonotriccus eximius,Pogonotriccus eximius,Pogonotriccus,Tyrannidae,4,Alto
4551,Pogonotriccus eximius,Pogonotriccus eximius,Pogonotriccus eximius,Pogonotriccus eximius,Pogonotriccus eximius,Pogonotriccus eximius,Manacus manacus,Pogonotriccus eximius,Pogonotriccus eximius,Pogonotriccus eximius,Pogonotriccus eximius,Pogonotriccus eximius,Pogonotriccus,Tyrannidae,4,Alto
4552,Pogonotriccus eximius,Hypoedaleus guttatus,Pyriglena leucoptera,Biatas nigropectus,Biatas nigropectus,Hypoedaleus guttatus,Hypoedaleus guttatus,Synallaxis ruficapilla,Pyriglena leucoptera,Pyriglena leucoptera,Pyriglena leucoptera,Biatas nigropectus,Pogonotriccus,Tyrannidae,4,Alto
4553,Pogonotriccus eximius,Pogonotriccus eximius,Manacus manacus,Biatas nigropectus,Pogonotriccus eximius,Pogonotriccus eximius,Manacus manacus,Myiothlypis leucoblephara,Manacus manacus,Manacus manacus,Manacus manacus,Pogonotriccus eximius,Pogonotriccus,Tyrannidae,4,Alto
4554,Pogonotriccus eximius,Pogonotriccus eximius,Pogonotriccus eximius,Pogonotriccus eximius,Pogonotriccus eximius,Pogonotriccus eximius,Manacus manacus,Pogonotriccus eximius,Pogonotriccus eximius,Pogonotriccus eximius,Pogonotriccus eximius,Pogonotriccus eximius,Pogonotriccus,Tyrannidae,4,Alto
4557,Pogonotriccus eximius,Pogonotriccus eximius,Pogonotriccus eximius,Pogonotriccus eximius,Pogonotriccus eximius,Pogonotriccus eximius,Manacus manacus,Pogonotriccus eximius,Pogonotriccus eximius,Pogonotriccus eximius,Pogonotriccus eximius,Pogonotriccus eximius,Pogonotriccus,Tyrannidae,4,Alto
4558,Pogonotriccus eximius,Pogonotriccus eximius,Pogonotriccus eximius,Pogonotriccus eximius,Pogonotriccus eximius,Pogonotriccus eximius,Manacus manacus,Pogonotriccus eximius,Pogonotriccus eximius,Pogonotriccus eximius,Pogonotriccus eximius,Pogonotriccus eximius,Pogonotriccus,Tyrannidae,4,Alto
4559,Pogonotriccus eximius,Pogonotriccus eximius,Pogonotriccus eximius,Pogonotriccus eximius,Pogonotriccus eximius,Pogonotriccus eximius,Manacus manacus,Pogonotriccus eximius,Pogonotriccus eximius,Pogonotriccus eximius,Pogonotriccus eximius,Pogonotriccus eximius,Pogonotriccus,Tyrannidae,4,Alto
4561,Pogonotriccus eximius,Myiothlypis leucoblephara,Brotogeris chiriri,Brotogeris chiriri,Brotogeris chiriri,Brotogeris chiriri,Brotogeris chiriri,Hypoedaleus guttatus,Brotogeris chiriri,Brotogeris chiriri,Brotogeris chiriri,Myiothlypis leucoblephara,Pogonotriccus,Tyrannidae,4,Alto
